frame,step,time_ps,molecule_id,box_nm,x_nm,y_nm,z_nm,dx_nonaffine_nm,dy_nonaffine_nm,dz_nonaffine_nm,vx_nm_ps,vy_nm_ps,vz_nm_ps,dipole_ux,dipole_uy,dipole_uz,theta_rad,phi_rad,dipole_debye
0,1100,0.550000,0,1.3149659,0.13060703,0.1108213,0.18702125,-0.0023136848,-0.012238097,0.0075701208,-0.0045798093,-0.15045108,0.17643226,0.47163333,-0.76181789,-0.44406701,2.030929,-1.0164587,0
0,1100,0.550000,1,1.3149659,0.14500607,0.47109741,0.51762636,-0.002517817,-0.010185896,0.0023756702,-0.077162838,-0.21867144,0.038695756,-0.95333116,0.18464519,-0.2388846,1.8120134,2.9502773,0
0,1100,0.550000,2,1.3149659,0.49668403,0.13830701,0.48532766,0.0061554859,0.0030211599,0.0065091156,0.11519329,0.02359767,0.12437239,-0.38206773,-0.47218592,0.79439581,0.65278411,-2.2510898,0
0,1100,0.550000,3,1.3149659,0.49220229,0.53580867,0.18481241,-0.0038271993,3.6115703e-05,-0.0023932473,-0.12332356,-0.0060698508,0.0087280017,0.6560017,0.41462384,-0.63067333,2.2532169,0.56365071,0
0,1100,0.550000,4,1.3149659,0.24632427,0.16326279,0.92214599,-0.0010480505,0.0095330557,0.00059309544,-0.073556837,0.18910269,-0.031077063,0.48862741,0.037488618,-0.87168679,2.6294302,0.076572291,0
0,1100,0.550000,5,1.3149659,0.15800011,0.42250611,1.2293124,0.0065521528,-0.0031318018,-0.0034851567,0.11743468,0.020330709,-0.15176569,-0.61322258,-0.44544777,0.65232994,0.86014188,-2.5133643,0
0,1100,0.550000,6,1.3149659,0.59257554,0.22163063,1.1015722,0.0076427812,0.0027872665,-0.0049394445,0.12430973,-0.0095624837,-0.043427384,0.17169043,-0.63427905,-0.7537987,2.4246204,-1.3064453,0
0,1100,0.550000,7,1.3149659,0.49137391,0.48584838,0.8286987,-0.0095796682,0.0052634839,0.0060468049,-0.19834118,0.10415848,0.083317062,0.44560926,-0.77652667,-0.44546461,2.0324895,-1.0498273,0
0,1100,0.550000,8,1.3149659,0.21581897,0.86239432,0.21346664,0.0028924369,-0.0054202453,-0.0033141398,0.056162896,-0.13160007,-0.028714368,-0.87258142,-0.41066175,0.26449687,1.3031142,-2.701717,0
0,1100,0.550000,9,1.3149659,0.14179723,1.172141,0.48472438,-0.0068142947,-0.00073366394,0.0067898333,-0.11995124,-0.13472535,0.17937369,-0.54360603,0.70831642,-0.45031137,2.0379104,2.2253799,0
0,1100,0.550000,10,1.3149659,0.48077487,0.83777751,0.5111528,-0.0028014206,-0.0085826414,-0.0044797575,-0.08022074,-0.22393058,-0.13986323,0.55831854,-0.40453381,-0.7243154,2.3808373,-0.62701801,0
0,1100,0.550000,11,1.3149659,0.47870876,1.2025415,0.12268909,-0.011122507,-0.0079119201,-0.0029887711,-0.20135566,-0.16835829,-0.039306283,-0.66909794,0.17296513,0.72276622,0.76299967,2.8886255,0
0,1100,0.550000,12,1.3149659,0.12140016,0.84583813,0.74984388,-0.0075505194,0.0013890098,0.0042143648,-0.17564449,0.037193039,0.050914401,0.43293453,-0.5988273,-0.6737756,2.3101028,-0.94481963,0
0,1100,0.550000,13,1.3149659,0.14416493,1.1279506,1.1481,-0.013023218,0.018525987,0.0094708132,-0.17636368,0.3502746,0.20498908,0.69327292,-0.52294889,0.49588014,1.0519483,-0.6462595,0
0,1100,0.550000,14,1.3149659,0.47031768,0.77404249,1.121226,-0.0037869876,-0.0020441536,0.0015488953,-0.11584589,-0.010293683,0.0044859146,-0.9013647,0.032330794,-0.43185229,2.0173418,3.1057393,0
0,1100,0.550000,15,1.3149659,0.50052692,1.1503948,0.8847679,0.0041710578,0.0059864512,0.010559637,0.040857964,0.085628594,0.16091298,0.080948415,-0.59011186,-0.80325298,2.5035329,-1.4344724,0
0,1100,0.550000,16,1.3149659,0.76872628,0.18217848,0.15880946,-0.0014007283,0.0031860287,0.0018186396,-0.064094026,0.1063954,0.081810439,0.83491547,-0.39577082,0.38246779,1.1783306,-0.44265253,0
0,1100,0.550000,17,1.3149659,0.82423857,0.48369583,0.46157983,0.0050182664,0.007170295,0.00095552836,0.11769895,0.11988234,0.052507106,-0.37822053,-0.51095128,-0.77193136,2.45267,-2.2080141,0
0,1100,0.550000,18,1.3149659,1.1478551,0.16440421,0.49548792,-0.0013859944,0.0090226033,-0.0010150882,0.029032444,0.20675896,-0.075051643,-0.19003959,0.73893349,-0.64642266,2.2736828,1.822522,0
0,1100,0.550000,19,1.3149659,1.120112,0.49322312,0.1606759,0.0015843639,0.010547583,-0.016729752,-0.011134418,0.21130913,-0.30372987,0.64121862,-0.60090439,0.47723432,1.0732915,-0.75295365,0
0,1100,0.550000,20,1.3149659,0.85018538,0.202002,0.74084655,0.0039114318,-0.0075293767,-0.0016726909,0.059606784,-0.16432284,0.03115482,0.40088965,0.73351127,0.54886128,0.98979494,1.0706172,0
0,1100,0.550000,21,1.3149659,0.90165546,0.49125847,1.1330758,0.01878392,0.0020482341,-0.000750184,0.33120628,0.18741709,-0.06626466,0.92672433,0.35620479,-0.11958325,1.6906664,0.36695983,0
0,1100,0.550000,22,1.3149659,1.0966192,0.19539749,1.2218264,-0.0061221601,0.013557963,0.0087599207,-0.062726132,0.14886093,0.16910039,0.61943406,0.40262397,-0.67394019,2.3103256,0.57636596,0
0,1100,0.550000,23,1.3149659,1.2312675,0.46167418,0.8414514,0.0018408693,-0.011010167,-0.010901142,0.049035336,-0.2324637,-0.2215188,-0.44664417,-0.80525915,-0.3899573,1.9713815,-2.0772094,0
0,1100,0.550000,24,1.3149659,0.77326225,0.83010368,0.094789146,-0.0041971065,-0.0087491704,-0.003962855,-0.03857968,-0.17607829,-0.036999121,0.39635968,0.079812772,-0.91461955,2.7253623,0.19870724,0
0,1100,0.550000,25,1.3149659,0.73623778,1.1176435,0.44755883,-0.0050128927,0.0020335295,-0.0076143451,-0.043245053,0.029699285,-0.11744889,-0.23947591,-0.23670911,0.94160506,0.3434306,-2.3620048,0
0,1100,0.550000,26,1.3149659,1.0970471,0.82435691,0.43241912,0.0054283205,-0.0073238561,-0.00091918373,0.17158745,-0.15334723,-0.059304226,0.38076974,0.44971203,-0.80794399,2.5114509,0.86822307,0
0,1100,0.550000,27,1.3149659,1.1393795,1.1321852,0.11851794,-0.0044182664,0.0058370416,-0.0096787674,-0.062016576,0.13907922,-0.15481339,-0.72889637,0.17235388,0.66257394,0.84654625,2.9093988,0
0,1100,0.550000,28,1.3149659,0.94760671,0.79950398,0.84030574,0.011975768,-0.0050538844,-0.0047837752,0.1658462,-0.10841281,-0.15749969,0.089131863,0.99453176,0.054424997,1.5163444,1.4814132,0
0,1100,0.550000,29,1.3149659,0.81244985,1.1213654,1.1273477,-0.0094482796,-0.0018925484,0.0039977948,-0.17700458,0.004326242,0.083967516,0.13114795,0.49048148,0.86152663,0.5325274,1.3095223,0
0,1100,0.550000,30,1.3149659,1.1545745,0.82414495,1.1553428,0.012338195,0.00578655,0.0077476886,0.25908774,0.095380422,0.23935524,0.66095442,-0.74030453,-0.12283507,1.6939424,-0.84196548,0
0,1100,0.550000,31,1.3149659,1.1325952,1.1943582,0.91683623,0.0081328954,-0.013872189,0.00062720852,0.17739086,-0.13710436,-0.079326322,0.15963581,-0.05127358,0.98584351,0.16846374,-0.31078292,0
1,1200,0.600000,0,1.3108259,0.12455153,0.10662877,0.19150139,-0.007966895,-0.016087786,0.012647072,-0.15860967,-0.020645179,0.021657103,0.56973463,-0.62036665,-0.53902474,2.1400751,-0.82791681,0
1,1200,0.600000,1,1.3108259,0.13896506,0.45978639,0.51541085,-0.0081111088,-0.020029253,0.0017889122,-0.1007944,-0.1812876,-0.086206052,-0.9325136,0.12264439,-0.33967151,1.9173639,3.010823,0
1,1200,0.600000,2,1.3108259,0.50120868,0.14004582,0.49330325,0.012253499,0.0051988495,0.016027703,0.1189478,0.076526169,0.25790448,-0.3334271,-0.62993705,0.70143117,0.79339282,-2.05761,0
1,1200,0.600000,3,1.3108259,0.48258772,0.53219578,0.18460747,-0.011904868,-0.0018928959,-0.0020157315,-0.19348909,-0.078157043,-0.0024382419,0.35121065,0.46408383,-0.81318957,2.520408,0.92296834,0
1,1200,0.600000,4,1.3108259,0.24224125,0.16923166,0.91398984,-0.0043607744,0.016026173,-0.0046680919,-0.084860097,0.07597553,-0.08572506,0.16194568,0.3483129,-0.92328312,2.747338,1.1355854,0
1,1200,0.600000,5,1.3108259,0.16491397,0.4208168,1.2159819,0.013975158,-0.0034914731,-0.012960339,0.15492413,-0.031944998,-0.2383191,-0.85436004,-0.4519348,0.2565616,1.3113333,-2.6550349,0
1,1200,0.600000,6,1.3108259,0.59529054,0.22184203,1.0939778,0.012230666,0.0036978705,-0.0090721574,0.036029497,0.033210821,-0.080976199,0.49554843,-0.45068378,-0.74250649,2.4076009,-0.73801965,0
1,1200,0.600000,7,1.3108259,0.48189148,0.48725353,0.82696648,-0.017527601,0.0082028993,0.0069250226,-0.14896557,0.020524901,-0.046977381,0.34864902,-0.6799494,-0.64506797,2.2719086,-1.096995,0
1,1200,0.600000,8,1.3108259,0.21545009,0.85256969,0.21145258,0.003203529,-0.012540962,-0.004658248,-0.016469535,-0.11764789,-0.0093147479,-0.92404421,-0.16669177,0.34402929,1.2195916,-2.9631184,0
1,1200,0.600000,9,1.3108259,0.13892776,1.15675,0.4986269,-0.0092411581,-0.012452842,0.022242807,-0.016176869,-0.28745121,0.36401143,-0.56053258,0.77530526,-0.29104121,1.8661113,2.1967812,0
1,1200,0.600000,10,1.3108259,0.47573476,0.82335733,0.50179088,-0.0063334512,-0.020383796,-0.012244623,-0.067466751,-0.25276948,-0.14908925,0.53918843,-0.42578961,-0.72662166,2.3841882,-0.66842026,0
1,1200,0.600000,11,1.3108259,0.47240865,1.188079,0.1194172,-0.015923037,-0.018605194,-0.005878944,-0.051691205,-0.2614435,-0.033089755,-0.68512603,0.13751925,0.71532565,0.77370632,2.9435038,0
1,1200,0.600000,12,1.3108259,0.11139494,0.84142532,0.75153529,-0.017188725,-0.00036354765,0.0082729635,-0.18715644,-0.06486565,0.099895458,0.58064366,-0.40139365,-0.70833331,2.3579306,-0.60485695,0
1,1200,0.600000,13,1.3108259,0.14060674,1.1380836,1.1601581,-0.016132423,0.032231811,0.025168312,0.051284841,0.2070844,0.40281944,0.7550722,-0.44465325,0.48181891,1.0680671,-0.53220914,0
1,1200,0.600000,14,1.3108259,0.46246072,0.77089704,1.1204955,-0.010173287,-0.0027537595,0.0043528986,-0.14701066,0.040421362,0.072836216,-0.91343174,0.15694012,-0.37551599,1.9557498,2.9714402,0
1,1200,0.600000,15,1.3108259,0.49803844,1.1500392,0.89049869,0.0032569808,0.0092578874,0.019089449,-0.06824738,0.045582261,0.091774497,0.43645168,-0.61549742,-0.6562567,2.2866433,-0.95398639,0
1,1200,0.600000,16,1.3108259,0.76208078,0.18927493,0.16406384,-0.0056326751,0.010868158,0.0075820925,-0.12088155,0.15359866,0.15924057,0.644781,-0.42455836,0.63561597,0.88199018,-0.58229505,0
1,1200,0.600000,17,1.3108259,0.82729127,0.48866836,0.46243446,0.010674887,0.013675937,0.0032670253,0.14449234,0.15633644,0.074415444,-0.18921236,-0.53634205,-0.82251802,2.5366206,-1.9099483,0
1,1200,0.600000,18,1.3108259,1.1459223,0.17640872,0.491593,0.00029771082,0.021564487,-0.0033537244,0.057784672,0.26420969,-0.023925386,-0.063218795,0.43715598,-0.8971611,2.6840961,1.7144145,0
1,1200,0.600000,19,1.3108259,1.1166059,0.5052218,0.14989731,0.0016047705,0.02412051,-0.027018694,0.035308637,0.29496422,-0.13386888,0.76349303,-0.64580052,-0.0044803233,1.5752767,-0.70207979,0
1,1200,0.600000,20,1.3108259,0.84950777,0.19524383,0.73965926,0.005913675,-0.013661233,-0.00052571897,0.0062416684,-0.12975996,0.042391159,0.25714092,0.80162073,0.53970618,1.0007083,1.2603894,0
1,1200,0.600000,21,1.3108259,0.91225829,0.50200011,1.120913,0.032246716,0.014355937,-0.0093591875,0.22150172,0.25607567,-0.28041804,0.75348122,0.60706854,-0.2524556,1.8260135,0.67819783,0
1,1200,0.600000,22,1.3108259,1.0885867,0.19614068,1.2231035,-0.010709344,0.014918477,0.013891813,-0.07523065,-0.072197404,0.094184525,0.19609379,0.19894054,-0.96019263,2.8584873,0.79260435,0
1,1200,0.600000,23,1.3108259,1.2296601,0.45097603,0.83127207,0.0041134727,-0.020269402,-0.018443164,0.042191538,-0.18735823,-0.10385142,-0.75273368,-0.40930271,-0.51561933,2.1125266,-2.6435567,0
1,1200,0.600000,24,1.3108259,0.77265857,0.82203182,0.095091189,-0.0023633792,-0.014216176,-0.0033614323,0.12037039,-0.068212138,0.02334713,0.19830626,-0.087353797,-0.9762397,2.9231665,-0.41492524,0
1,1200,0.600000,25,1.3108259,0.73247006,1.1166454,0.441301,-0.006464954,0.0045581665,-0.01247075,-0.014390173,0.1116128,-0.06665683,-0.11534523,-0.37867872,0.91831253,0.40699997,-1.8664672,0
1,1200,0.600000,26,1.3108259,1.1029471,0.81431107,0.42943108,0.014796949,-0.014786085,-0.0025483713,0.20665247,-0.13220721,-0.083974012,0.41450669,0.41575527,-0.80952564,2.51414,0.786902,0
1,1200,0.600000,27,1.3108259,1.1338854,1.1364962,0.10904223,-0.0063281534,0.013725098,-0.018795714,-0.046879615,0.19920795,-0.17335379,-0.89997306,-0.36740521,0.23465272,1.333935,-2.7540029,0
1,1200,0.600000,28,1.3108259,0.95121986,0.79229259,0.8289881,0.018582748,-0.0097555634,-0.01346952,0.14803265,-0.068867107,-0.14882431,-0.03973576,0.99920422,0.0034629689,1.5673334,1.6105428,0
1,1200,0.600000,29,1.3108259,0.80354187,1.1190501,1.1286769,-0.015808401,-0.00067548112,0.0088839201,-0.074601313,0.044314056,0.12333414,0.24831204,0.45135028,0.85710212,0.5411786,1.0678351,0
1,1200,0.600000,30,1.3108259,1.1687461,0.82667007,1.1635223,0.030172992,0.010914468,0.0195833,0.36565143,0.079025921,0.22354054,0.69464614,-0.7042564,-0.14659352,1.71792,-0.79226791,0
1,1200,0.600000,31,1.3108259,1.1298393,1.1831469,0.90446124,0.008944176,-0.021334942,-0.0088762303,-0.11254407,-0.1548886,-0.29597694,0.20488315,-0.33937764,0.91806629,0.40762158,-1.0276588,0
2,1300,0.650000,0,1.3109297,0.11756622,0.10829416,0.18712286,-0.014961799,-0.014430908,0.0082535447,-0.12811067,0.083993997,-0.12639705,0.59457388,-0.49874489,-0.6306627,2.2532032,-0.69797195,0
2,1300,0.650000,1,1.3109297,0.13284444,0.45477524,0.51069926,-0.01424249,-0.025076626,-0.002963324,-0.093361692,-0.011304944,-0.09369856,-0.90149307,0.08098793,-0.42514845,2.0099222,3.0519956,0
2,1300,0.650000,2,1.3109297,0.50745211,0.14134474,0.50551052,0.018456973,0.0064866206,0.028195403,0.12183534,-0.0089088843,0.25676508,-0.20535084,-0.75802305,0.61905742,0.90325441,-1.8353498,0
2,1300,0.650000,3,1.3109297,0.47117007,0.52675557,0.18387347,-0.023360297,-0.0073750457,-0.0027643357,-0.27479104,-0.11456193,-0.0005636315,0.13088942,0.37824041,-0.9164072,2.729806,1.2376463,0
2,1300,0.650000,4,1.3109297,0.23556678,0.17257891,0.91104093,-0.011054168,0.019359883,-0.0076892988,-0.18119646,0.051938269,-0.049126661,-0.19558066,0.5882341,-0.78468392,2.4729824,1.8917857,0
2,1300,0.650000,5,1.3109297,0.17275537,0.41950724,1.2061102,0.021803184,-0.004834314,-0.022927903,0.17412337,-0.053542416,-0.18817854,-0.88172389,-0.41019525,-0.23302971,1.8059883,-2.7061544,0
2,1300,0.650000,6,1.3109297,0.59562848,0.22185829,1.0916484,0.01252143,0.0036965574,-0.011488182,-0.037694172,-0.038047827,-0.010327282,0.81608363,-0.26912771,-0.51144676,2.1076639,-0.31854877,0
2,1300,0.650000,7,1.3109297,0.47447411,0.48585353,0.8226454,-0.024982852,0.0067643567,0.0025386015,-0.13914768,-0.056144372,-0.12958486,0.14162891,-0.48252047,-0.86435828,2.6146692,-1.285296,0
2,1300,0.650000,8,1.3109297,0.21336176,0.84617558,0.20854415,0.0010982072,-0.019002363,-0.0075833212,-0.019084695,-0.12203401,-0.1219111,-0.84756417,0.067658875,0.52636229,1.0164798,3.0619341,0
2,1300,0.650000,9,1.3109297,0.14032672,1.1468387,0.51570727,-0.0078532678,-0.022455326,0.039282993,0.041924575,-0.12418209,0.35550113,-0.61957636,0.78484793,0.011784301,1.5590118,2.239054,0
2,1300,0.650000,10,1.3109297,0.47588849,0.80853093,0.49603959,-0.006217411,-0.035274842,-0.018035439,0.045190501,-0.36067178,-0.10794983,0.55283568,-0.39940826,-0.73133149,2.3910685,-0.62564912,0
2,1300,0.650000,11,1.3109297,0.47102687,1.1738854,0.11608551,-0.017342191,-0.032892328,-0.0092199683,-0.0038109151,-0.26249088,-0.10703323,-0.59326204,0.090798273,0.79987238,0.64371378,2.989722,0
2,1300,0.650000,12,1.3109297,0.10232196,0.83808501,0.75966864,-0.026270171,-0.0037703847,0.016346455,-0.16885346,-0.069165928,0.17875021,0.69059827,-0.22719732,-0.6866261,2.3276344,-0.31783307,0
2,1300,0.650000,13,1.3109297,0.14505199,1.1452957,1.1793585,-0.01169849,0.039353479,0.044275968,0.030139926,0.088548699,0.38563851,0.74570622,-0.43070133,0.50834889,1.03753,-0.52376736,0
2,1300,0.650000,14,1.3109297,0.45597465,0.77516067,1.1223853,-0.016695738,0.0014486335,0.0061538704,-0.14052183,0.11913707,0.027333964,-0.93027728,0.30031521,-0.2107011,1.7830884,2.8293307,0
2,1300,0.650000,15,1.3109297,0.49312463,1.1523352,0.89195672,-0.0016960944,0.01146264,0.020476875,-0.03729163,0.039805975,-0.01087727,0.73451543,-0.45297924,-0.50526913,2.1004901,-0.55261203,0
2,1300,0.650000,16,1.3109297,0.75997377,0.19588424,0.17446642,-0.0077999693,0.017462206,0.017971264,-0.012440021,0.10338556,0.20518282,0.42648033,-0.44841762,0.7855165,0.66726602,-0.81046702,0
2,1300,0.650000,17,1.3109297,0.8349176,0.49700344,0.46579357,0.018235376,0.021971977,0.00658937,0.14674748,0.14166715,0.099240682,0.074153395,-0.46947638,-0.87982567,2.6462916,-1.4141414,0
2,1300,0.650000,18,1.3109297,1.1454372,0.19073367,0.49218607,-0.00027817504,0.035874897,-0.00279962,-0.044907727,0.30399629,0.029204791,-0.15672211,0.09990935,-0.98257636,2.9546463,2.5740595,0
2,1300,0.650000,19,1.3109297,1.116789,0.52251618,0.14512628,0.0016994483,0.041374185,-0.031801413,-0.01420725,0.37361925,-0.068640767,0.76171408,-0.49055811,-0.42325454,2.0078308,-0.57215894,0
2,1300,0.650000,20,1.3109297,0.8455384,0.19173044,0.74106408,0.0018771602,-0.017189949,0.0008204503,-0.13163487,-0.029978443,0.0015907555,0.13163653,0.89526316,0.42564739,1.1311191,1.4248057,0
2,1300,0.650000,21,1.3109297,0.9195387,0.51533576,1.1067927,0.039454567,0.027651288,-0.023567738,0.15741203,0.26237946,-0.27996464,0.71130604,0.63111922,-0.3094063,1.885365,0.72573625,0
2,1300,0.650000,22,1.3109297,1.0869386,0.18569685,1.2265816,-0.012443627,0.0044595202,0.017272962,-0.008403842,-0.28698495,0.0025270895,-0.23876206,-0.16958709,-0.95615527,2.8443758,-2.5240029,0
2,1300,0.650000,23,1.3109297,1.2302784,0.44230437,0.82836329,0.0046343399,-0.028976444,-0.021417682,0.0031569605,-0.17599656,-0.026090201,-0.9007244,0.029482869,-0.43338933,2.0190466,3.1088719,0
2,1300,0.650000,24,1.3109297,0.78178473,0.81905253,0.099102486,0.0067012102,-0.017260474,0.00064217269,0.2237606,-0.085938434,0.10597809,0.055354935,-0.34505552,-0.93694852,2.78459,-1.4117284,0
2,1300,0.650000,25,1.3109297,0.73073749,1.122913,0.4369184,-0.0082554844,0.010737074,-0.016888139,-0.0016734551,0.12193037,-0.14125711,0.021791868,-0.50170615,0.86476358,0.52611693,-1.5273881,0
2,1300,0.650000,26,1.3109297,1.1146097,0.81007332,0.4256623,0.026371709,-0.019088181,-0.0063510305,0.19788359,-0.020663202,-0.065568119,0.48773232,0.3061614,-0.81754656,2.5279339,0.56055593,0
2,1300,0.650000,27,1.3109297,1.1317267,1.143995,0.10696237,-0.0085766239,0.021133503,-0.020884131,-0.072771909,0.074712186,0.080012993,-0.69497476,-0.66110158,-0.28276275,1.8574695,-2.3811681,0
2,1300,0.650000,28,1.3109297,0.95722895,0.7925905,0.8196409,0.024516249,-0.0095204231,-0.022882026,0.084004722,0.033343599,-0.21209213,-0.13458386,0.99051688,-0.027631263,1.5984311,1.7058417,0
2,1300,0.650000,29,1.3109297,0.80416084,1.1217196,1.1363012,-0.015253114,0.0019053014,0.016418516,0.073172363,0.031550935,0.20486086,0.23063127,0.58974881,0.7739545,0.68573394,1.1980145,0
2,1300,0.650000,30,1.3109297,1.187748,0.82849695,1.1740822,0.049081473,0.012675787,0.030050594,0.36271744,-0.0051139524,0.16783023,0.80733412,-0.57962883,-0.11064379,1.6816671,-0.62267433,0
2,1300,0.650000,31,1.3109297,1.1237035,1.1778606,0.88744749,0.0027190719,-0.026714794,-0.025960959,-0.17974359,-0.023872096,-0.33927752,0.078823253,-0.60710469,0.79070272,0.65884032,-1.4416839,0
3,1400,0.700000,0,1.3136898,0.11515209,0.11385914,0.18198995,-0.017620656,-0.0090995382,0.0027324779,-0.016838666,0.20518425,-0.069680376,0.62978687,-0.34706796,-0.69491893,2.3391035,-0.50367811,0
3,1400,0.700000,1,1.3136898,0.13076223,0.45542341,0.50374994,-0.016601913,-0.025385611,-0.010979442,-0.0098692722,-0.006040453,-0.17045394,-0.86419444,0.0097933634,-0.50306268,2.0979352,3.1302608,0
3,1400,0.700000,2,1.3136898,0.51401836,0.14281076,0.51846324,0.023949062,0.007653827,0.040071331,0.10543579,-0.0017463335,0.2374394,-0.10406891,-0.86187693,0.49632431,1.0514367,-1.6909614,0
3,1400,0.700000,3,1.3136898,0.46041966,0.52023792,0.18401332,-0.035090379,-0.014993716,-0.0030113453,-0.19105387,-0.15263073,-0.019509449,-0.042028784,0.28466364,-0.95770569,2.8497165,1.717381,0
3,1400,0.700000,4,1.3136898,0.22800297,0.1734986,0.90807444,-0.019105476,0.01991564,-0.012568764,-0.1538962,-0.12016489,-0.14083302,-0.44513459,0.66655021,-0.59796823,2.2117601,2.159596,0
3,1400,0.700000,5,1.3136898,0.17992746,0.42060751,1.2012741,0.028604395,-0.004617504,-0.030295637,0.11239771,0.071293715,-0.095349335,-0.72971519,-0.26932507,-0.62847414,2.2503863,-2.78802,0
3,1400,0.700000,6,1.3136898,0.59256393,0.22052099,1.0946024,0.0082073833,0.0018940527,-0.010833236,-0.068596221,-0.041431672,0.052104602,0.99326457,-0.028632494,-0.11227501,1.6833086,-0.028818674,0
3,1400,0.700000,7,1.3136898,0.46504999,0.48300985,0.81821059,-0.035394989,0.0029018134,-0.0036217302,-0.24823748,-0.10045217,-0.1578669,-0.079026496,-0.14917691,-0.98564754,2.9719641,-2.0579599,0
3,1400,0.700000,8,1.3136898,0.21234422,0.84141102,0.20273768,-0.00036700142,-0.025541584,-0.013822295,-0.10877778,-0.12509044,-0.14351219,-0.68126287,0.26230036,0.68343209,0.81834257,2.7740657,0
3,1400,0.700000,9,1.3136898,0.14087086,1.1446149,0.53272231,-0.0076048343,-0.027088876,0.055195536,0.041969481,-0.071662292,0.29538504,-0.60819695,0.70030686,0.37372018,1.1877797,2.2859171,0
3,1400,0.700000,10,1.3136898,0.47917666,0.79572235,0.4955947,-0.0039335818,-0.049770455,-0.019523122,0.028143098,-0.24307538,0.048959141,0.59401103,-0.38091457,-0.70855838,2.3582495,-0.57020542,0
3,1400,0.700000,11,1.3136898,0.47205507,1.1628272,0.10939794,-0.017305727,-0.046407798,-0.016144658,-0.0013043184,-0.24461741,-0.11220051,-0.50639299,0.067805677,0.85963279,0.53624583,3.0084851,0
3,1400,0.700000,12,1.3136898,0.092730114,0.8358258,0.77217485,-0.03606714,-0.0077898725,0.0272418,-0.23153408,-0.069572587,0.30177839,0.72262679,-0.15608734,-0.67338493,2.3095742,-0.21273172,0
3,1400,0.700000,13,1.3136898,0.1451275,1.1511269,1.1981356,-0.011928131,0.042769784,0.060552987,-0.049916483,0.044648786,0.28415243,0.72617901,-0.393102,0.56403446,0.97153283,-0.49616191,0
3,1400,0.700000,14,1.3136898,0.45095166,0.78557885,1.1263719,-0.022672449,0.010225555,0.007775626,-0.1026114,0.17766444,-0.012358868,-0.90926419,0.41162096,-0.061699355,1.6325349,2.7164984,0
3,1400,0.700000,15,1.3136898,0.49518808,1.1537685,0.89214433,-0.00067193771,0.010470867,0.018788335,0.08274119,-0.024676961,-0.063586406,0.88271488,-0.16434707,-0.44023229,2.0266537,-0.184076,0
3,1400,0.700000,16,1.3136898,0.76335981,0.20202605,0.18617233,-0.0060158588,0.023185585,0.029297945,0.072097105,0.13826443,0.27515083,0.21155649,-0.50715057,0.83548917,0.58177394,-1.1755957,0
3,1400,0.700000,17,1.3136898,0.84340045,0.50565632,0.47428697,0.024953327,0.029570472,0.0140942,0.092219218,0.14798338,0.23139893,0.379316,-0.33526147,-0.86239151,2.6107712,-0.72382493,0
3,1400,0.700000,18,1.3136898,1.1440743,0.20232517,0.49362018,-0.0040486645,0.047053075,-0.0024021749,-0.039996802,0.16759916,-0.047470422,-0.40359558,-0.13698452,-0.9046247,2.7012947,-2.8143828,0
3,1400,0.700000,19,1.3136898,1.121035,0.54178918,0.14046114,0.003592126,0.059527992,-0.036766879,0.081484012,0.31831401,-0.14419846,0.68466189,-0.19869105,-0.70125599,2.3479541,-0.28244482,0
3,1400,0.700000,20,1.3136898,0.84160327,0.18813878,0.74418877,-0.0038321658,-0.021181084,0.0023832564,-0.13931837,-0.11285351,0.068253814,0.013383268,0.94977177,0.31265712,1.2528072,1.5567062,0
3,1400,0.700000,21,1.3136898,0.92565824,0.52838686,1.0973564,0.04363371,0.039604827,-0.035321981,0.044751433,0.25544073,-0.20750124,0.84239282,0.50062876,-0.19936195,1.7715031,0.53621314,0
3,1400,0.700000,22,1.3136898,1.0884966,0.17124471,1.2311413,-0.013173269,-0.010367988,0.019248135,0.0011377372,-0.36827428,0.048792282,-0.60044683,-0.51771015,-0.60945861,2.2261739,-2.4300537,0
3,1400,0.700000,23,1.3136898,1.2308419,0.43765094,0.83145172,0.0026097752,-0.034555227,-0.020074697,-0.11130715,-0.076338448,-0.01230221,-0.88017975,0.34226047,-0.32884856,1.9058804,2.7707326,0
3,1400,0.700000,24,1.3136898,0.79497702,0.81543712,0.10390532,0.018235395,-0.022594707,0.0052315346,0.21452966,-0.12529616,0.079694222,-0.078664654,-0.60496315,-0.79235816,2.4854612,-1.7001029,0
3,1400,0.700000,25,1.3136898,0.73598089,1.1325201,0.43176462,-0.0045544734,0.017972421,-0.02295542,0.16004977,0.10982328,-0.12619106,0.16554017,-0.59739794,0.78467328,0.66862742,-1.3004769,0
3,1400,0.700000,26,1.3136898,1.1264831,0.81027545,0.42667798,0.035888467,-0.020589994,-0.0062316625,0.17748684,0.0049920372,0.042595836,0.56617522,0.25781451,-0.78292866,2.4701559,0.42730376,0
3,1400,0.700000,27,1.3136898,1.1300628,1.1502396,0.11293722,-0.012619007,0.024965533,-0.015140519,-0.07500696,0.10480539,0.16583099,-0.2856383,-0.71458737,-0.63857314,2.263439,-1.9510655,0
3,1400,0.700000,28,1.3136898,0.96058566,0.79885025,0.8071049,0.025856198,-0.0049342221,-0.037128718,-0.0479536,0.10056325,-0.36506497,-0.25784078,0.96395874,0.065587175,1.505162,1.832159,0
3,1400,0.700000,29,1.3136898,0.80976206,1.1229089,1.1453402,-0.011349076,0.00073412056,0.023058184,0.073929621,-0.030884186,0.038566638,0.1310145,0.8065182,0.57650984,0.95634556,1.4097584,0
3,1400,0.700000,30,1.3136898,1.2103002,0.83016948,1.1816499,0.06911194,0.012604073,0.03514097,0.39405878,0.022852129,0.037809551,0.91280641,-0.406913,0.03473123,1.5360581,-0.41934101,0
3,1400,0.700000,31,1.3136898,1.1188999,1.1810046,0.8713851,-0.0044427999,-0.026051366,-0.043872948,-0.059591394,0.076899801,-0.32940853,-0.04817994,-0.81618098,0.57578407,0.95723352,-1.6297589,0
4,1500,0.750000,0,1.3151719,0.11500182,0.12368757,0.18182851,-0.017900685,0.00059496817,0.0023659139,0.021645225,0.20197887,0.026042398,0.66043669,-0.11527722,-0.74198015,2.4068155,-0.17280606,0
4,1500,0.750000,1,1.3151719,0.13227565,0.46068708,0.49600643,-0.01523679,-0.020638434,-0.019286603,0.082402854,0.19192301,-0.16525188,-0.73011683,0.081427493,-0.67845337,2.3164516,3.030525,0
4,1500,0.750000,2,1.3151719,0.51621417,0.14540693,0.53111267,0.025564029,0.010087501,0.052129029,-0.049429081,0.11340843,0.182365,-0.04305834,-0.94987501,0.30965052,1.2559709,-1.6160958,0
4,1500,0.750000,3,1.3151719,0.45551387,0.51150645,0.18604111,-0.040512558,-0.024306878,-0.0011921886,-0.010116217,-0.21586928,0.033648285,-0.12310012,0.35973356,-0.92489898,2.7515661,1.9005038,0
4,1500,0.750000,4,1.3151719,0.22256548,0.1625306,0.89917123,-0.024796985,0.0087581918,-0.022490875,-0.053677585,-0.31606837,-0.29107656,-0.50743558,0.65162634,-0.56381934,2.1697993,2.2324274,0
4,1500,0.750000,5,1.3151719,0.18538419,0.42470969,1.1957786,0.033855174,-0.00099190597,-0.037142547,0.010604799,0.048120522,-0.12288198,-0.49599221,-0.013290442,-0.86822525,2.6224105,-3.1148034,0
4,1500,0.750000,6,1.3151719,0.59171396,0.21619668,1.1025689,0.0066897309,-0.0026764711,-0.0041054208,-0.013434462,-0.11302366,0.2216317,0.97464852,0.11089229,0.19432747,1.3752245,0.11328952,0
4,1500,0.750000,7,1.3151719,0.45492563,0.4820457,0.81100678,-0.046038017,0.0013935825,-0.011744084,-0.2125423,0.014235978,-0.14584895,-0.23314175,0.13643896,-0.96282363,2.8680637,2.6121125,0
4,1500,0.750000,8,1.3151719,0.20756434,0.83763707,0.19776982,-0.0053836181,-0.030262166,-0.019015957,-0.12528767,-0.080511112,-0.10548556,-0.45611829,0.37030133,0.80921754,0.62797726,2.4596655,0
4,1500,0.750000,9,1.3151719,0.14197776,1.1459752,0.54740616,-0.0066573927,-0.027019951,0.06927042,0.0032531204,0.08053533,0.24328221,-0.49443812,0.50988396,0.70395262,0.78984892,2.3408163,0
4,1500,0.750000,10,1.3151719,0.47935732,0.78570921,0.49624011,-0.0042933277,-0.060675192,-0.019436898,-0.052020703,-0.17985891,-0.083342724,0.62298196,-0.28883122,-0.72695942,2.3846799,-0.43412813,0
4,1500,0.750000,11,1.3151719,0.47159144,1.1522278,0.10656591,-0.018301377,-0.058312424,-0.019098447,0.020725285,-0.22327387,-0.0085721012,-0.5006155,0.045694907,0.86446289,0.52671539,3.0505674,0
4,1500,0.750000,12,1.3151719,0.081218336,0.83196146,0.78992849,-0.047676992,-0.012594502,0.044114747,-0.25546968,-0.095382603,0.33771325,0.7162512,-0.18632897,-0.67250705,2.3083874,-0.25450361,0
4,1500,0.750000,13,1.3151719,0.14018442,1.1556155,1.212866,-0.017032069,0.045957786,0.073924055,-0.1538391,0.071548392,0.22951429,0.62362271,-0.41618605,0.66172796,0.84767517,-0.58848821,0
4,1500,0.750000,14,1.3151719,0.44832593,0.79500364,1.1260939,-0.025805181,0.018759233,0.00622779,-0.0028678073,0.21121963,-0.031834655,-0.85432961,0.5165127,0.057754164,1.51301,2.5978105,0
4,1500,0.750000,15,1.3151719,0.50229043,1.1524827,0.88755981,0.0058680437,0.0078848698,0.013200434,0.24670962,-0.089605134,-0.14612347,0.9103584,0.17853957,-0.37332453,1.9533864,0.1936621,0
4,1500,0.750000,16,1.3151719,0.77010283,0.20910032,0.1970696,-0.00013738897,0.03002807,0.039979143,0.094052539,0.14277095,0.21294941,0.014813694,-0.57024329,0.82134228,0.6070362,-1.5448243,0
4,1500,0.750000,17,1.3151719,0.84926622,0.51385038,0.4856511,0.029864787,0.037189754,0.024917127,0.12804282,0.14731774,0.17905757,0.5935233,-0.25752733,-0.76250231,2.4379683,-0.40938137,0
4,1500,0.750000,18,1.3151719,1.1418184,0.20731386,0.48917551,-0.0075932876,0.051810817,-0.0074009351,-0.12136157,0.013391977,-0.10908879,-0.62999155,-0.32106491,-0.70712656,2.3562225,-2.6702678,0
4,1500,0.750000,19,1.3151719,1.1265186,0.55294216,0.13322988,0.0078086142,0.070063773,-0.044152452,0.036984781,0.14208906,-0.14722185,0.59596938,0.22380347,-0.77118902,2.4515031,0.35923391,0
4,1500,0.750000,20,1.3151719,0.83489894,0.18262462,0.74724854,-0.011481688,-0.026904279,0.0046021775,-0.17396022,-0.1633176,0.045829205,-0.098194422,0.97903896,0.17843924,1.3913963,1.6707588,0
4,1500,0.750000,21,1.3151719,0.92937798,0.54059497,1.0891885,0.046307607,0.051210259,-0.044722616,0.057009287,0.23913779,-0.17084036,0.94782457,0.31611519,0.041228335,1.5295563,0.32191545,0
4,1500,0.750000,22,1.3151719,1.0887781,0.15498769,1.2327093,-0.014119244,-0.026808945,0.019427026,0.022673351,-0.27482898,-0.046414129,-0.77134079,-0.63565181,-0.031307537,1.602109,-2.4523362,0
4,1500,0.750000,23,1.3151719,1.2196025,0.43716711,0.83267957,-0.010011218,-0.035532275,-0.019785065,-0.3319903,-0.033369176,-0.012553948,-0.77742383,0.5159252,-0.3597685,1.9388161,2.5556923,0
4,1500,0.750000,24,1.3151719,0.80462806,0.80599421,0.1086742,0.026984597,-0.032951767,0.0098805616,0.15158565,-0.19587255,0.16405063,-0.18493683,-0.77523979,-0.60398811,2.2192919,-1.804974,0
4,1500,0.750000,25,1.3151719,0.74354321,1.1363225,0.4267264,0.0021737075,0.020495631,-0.028477654,0.15715359,-0.01441628,-0.074119476,0.21273351,-0.66351256,0.71728344,0.7709006,-1.2605337,0
4,1500,0.750000,26,1.3151719,1.137092,0.81325494,0.43009272,0.045221182,-0.018525837,-0.0032999559,0.21420275,0.097389657,0.046799064,0.63345736,0.27350452,-0.72382805,2.3801307,0.40758641,0
4,1500,0.750000,27,1.3151719,1.1249269,1.1580758,0.12540647,-0.019026258,0.031500357,-0.0028056434,-0.14139453,0.076136624,0.28620302,0.19260904,-0.52668447,-0.82795243,2.5462429,-1.220203,0
4,1500,0.750000,28,1.3151719,0.95909964,0.80203373,0.79014237,0.023287872,-0.0026533059,-0.054991766,-0.10079704,0.029436061,-0.28825914,-0.39707623,0.88429175,0.2456798,1.3225754,1.9928459,0
4,1500,0.750000,29,1.3151719,0.81334338,1.1233539,1.1486307,-0.0086828503,-8.7272623e-05,0.025055385,0.04616756,-0.020672736,0.05527641,-0.0086385312,0.96645409,0.25669412,1.3111962,1.5797345,0
4,1500,0.750000,30,1.3151719,1.2344461,0.83418463,1.1833376,0.091879549,0.015680875,0.035495361,0.4714743,0.080491385,-0.025736255,0.93834074,-0.21988387,0.26677282,1.3007534,-0.23017944,0
4,1500,0.750000,31,1.3151719,1.120011,1.1880386,0.8549518,-0.0045940373,-0.020352935,-0.061279545,0.091571507,0.13654628,-0.29812366,-0.050559008,-0.92650022,0.37288218,1.188683,-1.6253121,0
5,1600,0.800000,0,1.3137535,0.11679381,0.13584584,0.18545442,-0.015983634,0.012893265,0.0061899872,0.091057839,0.26614119,0.081651204,0.63321966,0.20928202,-0.74514018,2.4115413,0.31920255,0
5,1600,0.800000,1,1.3137535,0.13951547,0.47240318,0.4859358,-0.0078503297,-0.0084189058,-0.028827455,0.18454085,0.25512306,-0.20951657,-0.40673865,0.32525609,-0.85368152,2.5938102,2.4670539,0
5,1600,0.800000,2,1.3137535,0.50991987,0.15203483,0.53699269,0.019823361,0.016875878,0.058585318,-0.20689941,0.14113183,0.10995217,0.048047904,-0.99090332,0.12570604,1.4447568,-1.5223453,0
5,1600,0.800000,3,1.3137535,0.45607956,0.49934208,0.191318,-0.039455042,-0.035925874,0.0042883005,0.038994859,-0.20225203,0.081876269,-0.15083104,0.60258996,-0.78366788,2.471345,1.8160616,0
5,1600,0.800000,4,1.3137535,0.22128883,0.14618088,0.88127119,-0.025834163,-0.0074249748,-0.039430324,0.0011240207,-0.30358831,-0.3553509,-0.44893616,0.67075839,-0.59037235,2.2023164,2.1606173,0
5,1600,0.800000,5,1.3137535,0.18125712,0.42687473,1.1875446,0.029925915,0.0016325924,-0.04409071,-0.10883456,0.058803708,-0.10215034,-0.18377593,0.31442653,-0.93132291,2.7688249,2.0997257,0
5,1600,0.800000,6,1.3137535,0.59326079,0.21110046,1.1126753,0.0088758856,-0.0075421555,0.0071961343,0.090780904,-0.10693982,0.23428397,0.90628549,0.23624661,0.35047704,1.2127159,0.25500087,0
5,1600,0.800000,7,1.3137535,0.44235225,0.48389356,0.80605597,-0.058127302,0.0037625931,-0.015822442,-0.24603939,0.10002194,-0.014800052,-0.35100275,0.30778159,-0.88434584,2.6558872,2.4217081,0
5,1600,0.800000,8,1.3137535,0.20100766,0.83537622,0.19247018,-0.011719865,-0.031620377,-0.024105051,-0.096978677,-0.0188207,-0.090280024,-0.16769123,0.40649407,0.89813263,0.45529208,1.962058,0
5,1600,0.800000,9,1.3137535,0.14472854,1.148998,0.55803308,-0.0037519268,-0.022758902,0.080493762,0.13550794,0.14157867,0.21914478,-0.31626942,0.11690943,0.94143818,0.34392587,2.7875194,0
5,1600,0.800000,10,1.3137535,0.47408509,0.77864025,0.49015688,-0.0090511536,-0.066900142,-0.024987948,-0.11318646,-0.11713755,-0.13690582,0.66507411,-0.21238628,-0.71593889,2.3687643,-0.3091062,0
5,1600,0.800000,11,1.3137535,0.47075643,1.1408882,0.10752603,-0.018627967,-0.068414854,-0.018022821,0.01907623,-0.24475298,0.05731337,-0.54978276,-0.023456087,0.83497828,0.58270301,-3.0989542,0
5,1600,0.800000,12,1.3137535,0.072125133,0.82425937,0.80482976,-0.056687464,-0.019403007,0.059876433,-0.15610527,-0.18506393,0.31470541,0.75857534,-0.19553123,-0.6215553,2.2415229,-0.2522698,0
5,1600,0.800000,13,1.3137535,0.13481567,1.157522,1.2191975,-0.02225245,0.04911235,0.081567732,-0.06251502,0.039396595,0.066147152,0.39312849,-0.50550709,0.76805766,0.69499381,-0.90980702,0
5,1600,0.800000,14,1.3137535,0.44753982,0.80263515,1.125398,-0.026107951,0.027252716,0.0067465571,-0.018120903,0.16767609,0.023491605,-0.77315821,0.61104327,0.16986024,1.4001085,2.4727814,0
5,1600,0.800000,15,1.3137535,0.51640059,1.1454447,0.88156003,0.020527814,0.0020865834,0.0081551408,0.3061716,-0.079858639,-0.094414908,0.78015067,0.55082081,-0.29658283,1.8719088,0.61477093,0
5,1600,0.800000,16,1.3137535,0.77414784,0.21447648,0.20711993,0.0047407963,0.035632762,0.050247553,0.11382108,0.11790424,0.16221635,0.025630751,-0.62472793,0.78042173,0.6754563,-1.5297923,0
5,1600,0.800000,17,1.3137535,0.85477365,0.51952153,0.49349207,0.036291601,0.043418433,0.033286377,0.10703526,0.10911126,0.18521039,0.73760666,-0.21412761,-0.6403794,2.2657885,-0.28253462,0
5,1600,0.800000,18,1.3137535,1.1331307,0.20369867,0.48304437,-0.015053605,0.048417373,-0.013007538,-0.12639087,-0.10105092,-0.067422703,-0.74030997,-0.44943258,-0.4999515,2.0943391,-2.5959784,0
5,1600,0.800000,19,1.3137535,1.1269093,0.5576528,0.12646222,0.0094150717,0.075373612,-0.050779998,0.040734191,0.060766101,-0.097936113,0.4602688,0.56535176,-0.68449252,2.3247037,0.88749981,0
5,1600,0.800000,20,1.3137535,0.82684258,0.17506715,0.748802,-0.018641497,-0.034268768,0.0069627914,-0.16476341,-0.11006982,0.044395367,-0.2258079,0.97196123,-0.065590916,1.6364344,1.7990689,0
5,1600,0.800000,21,1.3137535,0.9267328,0.5502677,1.0797833,0.044663842,0.061471548,-0.052957583,-0.080716792,0.22187677,-0.17507271,0.93092073,0.14715439,0.33426363,1.2299725,0.1567768,0
5,1600,0.800000,22,1.3137535,1.0873995,0.14183027,1.2273678,-0.014323821,-0.039806223,0.015412772,-0.029360825,-0.21933755,-0.17037938,-0.75567145,-0.44028955,0.48487707,1.0645737,-2.6140306,0
5,1600,0.800000,23,1.3137535,1.1989647,0.43705321,0.82854554,-0.029344074,-0.035174504,-0.023022821,-0.42068645,-0.0075062781,-0.088967821,-0.56798972,0.6512191,-0.50329052,2.0981989,2.2880352,0
5,1600,0.800000,24,1.3137535,0.81241301,0.79284292,0.11419517,0.035641991,-0.045240449,0.015521776,0.15335122,-0.25347724,0.071991078,-0.28623798,-0.8408317,-0.45942342,2.0481423,-1.8989134,0
5,1600,0.800000,25,1.3137535,0.74972845,1.1336466,0.42376045,0.0091646186,0.019044473,-0.03098474,0.14741312,-0.12382451,-0.060391306,0.23727769,-0.65981222,0.71298467,0.77705064,-1.2255825,0
5,1600,0.800000,26,1.3137535,1.1464307,0.8217483,0.42995313,0.055791854,-0.0091503455,-0.0029755266,0.22464048,0.22847026,-0.03112337,0.75242478,0.3514833,-0.55706054,2.1616384,0.43701096,0
5,1600,0.800000,27,1.3137535,1.1159038,1.1567797,0.14209128,-0.026840341,0.031453196,0.014023493,-0.17053166,-0.10248949,0.42138028,0.57911671,-0.21268566,-0.78701248,2.4767478,-0.35196658,0
5,1600,0.800000,28,1.3137535,0.9480537,0.80268701,0.78037584,0.013270895,-0.0011342338,-0.06391096,-0.25960529,0.066102245,-0.04887758,-0.51690291,0.79997955,0.30470331,1.2611694,2.1444569,0
5,1600,0.800000,29,1.3137535,0.8142406,1.1205132,1.149451,-0.0069075043,-0.0017173515,0.027115586,0.043953904,-0.018443499,0.007597572,-0.073865504,0.98869105,-0.13051393,1.7016837,1.6453682,0
5,1600,0.800000,30,1.3137535,1.2565088,0.83851863,1.1820492,0.11528619,0.020917349,0.035483166,0.40450634,0.13354616,0.0043281615,0.88038486,-0.06745469,0.46943835,1.0821418,-0.076470141,0
5,1600,0.800000,31,1.3137535,1.1268204,1.1927506,0.83721636,0.0034275678,-0.014356453,-0.07810202,0.19913886,0.11616223,-0.34156855,0.02767711,-0.96666749,0.25453476,1.3134297,-1.5421727,0
6,1700,0.850000,0,1.3145065,0.12324237,0.14698795,0.19126329,-0.009603841,0.023954355,0.011890934,0.10871358,0.19582847,0.19899957,0.57231368,0.50362613,-0.64716132,2.2746513,0.72164509,0
6,1700,0.850000,1,1.3145065,0.14472858,0.4843665,0.47380227,-0.0027186484,0.0032703264,-0.04123593,0.09793061,0.2069133,-0.23446046,0.059123106,0.44971863,-0.89121132,2.670805,1.4400791,0
6,1700,0.850000,2,1.3145065,0.50022215,0.16111275,0.54270212,0.00983625,0.02586409,0.063985439,-0.20246803,0.23537203,0.063559322,0.19027824,-0.97868102,-0.077315297,1.6481889,-1.3787688,0
6,1700,0.850000,3,1.3145065,0.45867975,0.48687178,0.19515597,-0.037116911,-0.048678701,0.008015552,0.035455645,-0.27351895,0.066239267,-0.057644533,0.83849318,-0.54185449,2.1434384,1.6394361,0
6,1700,0.850000,4,1.3145065,0.22123099,0.13197753,0.86350804,-0.026018778,-0.021708015,-0.057693319,0.026041234,-0.25544014,-0.39061867,-0.33326721,0.7224027,-0.6058608,2.2216437,2.0030336,0
6,1700,0.850000,5,1.3145065,0.17546743,0.43045109,1.1812326,0.024034032,0.0049633432,-0.051081336,-0.14415372,0.13047093,-0.19615883,0.16077445,0.51519867,-0.84185623,2.5715097,1.2683096,0
6,1700,0.850000,6,1.3145065,0.59578611,0.20572384,1.1255733,0.011060571,-0.013038191,0.019452927,-4.4908946e-05,-0.14424658,0.24618143,0.86116762,0.4330212,0.26623856,1.3013077,0.46590931,0
6,1700,0.850000,7,1.3145065,0.43090596,0.48981178,0.80789798,-0.069823765,0.0094018669,-0.014442796,-0.22279151,0.12467487,0.017298105,-0.42132204,0.44981364,-0.78749948,2.4775375,2.3234999,0
6,1700,0.850000,8,1.3145065,0.20289746,0.83314902,0.19421113,-0.0099457768,-0.034325575,-0.022474877,0.11813648,-0.063705875,0.15353779,0.10533451,0.43738178,0.89308556,0.46663864,1.334467,0
6,1700,0.850000,9,1.3145065,0.14990947,1.1560296,0.56809048,0.0013445905,-0.016387675,0.090228548,0.076190542,0.10348859,0.20016718,-0.026806371,-0.2651834,0.96382529,0.26979601,-1.6715403,0
6,1700,0.850000,10,1.3145065,0.46851499,0.7735823,0.48328257,-0.01489129,-0.072402776,-0.032141125,-0.10189116,-0.11175454,-0.13012848,0.69516627,-0.069779071,-0.71545421,2.3680703,-0.10004243,0
6,1700,0.850000,11,1.3145065,0.4743427,1.1320258,0.10809709,-0.015312443,-0.077928364,-0.017513534,0.13797595,-0.20483501,-0.096104738,-0.57764828,-0.084310975,0.81192002,0.62336268,-2.9966605,0
6,1700,0.850000,12,1.3145065,0.068526768,0.81815212,0.81311785,-0.060326124,-0.025980779,0.067701014,0.006161711,-0.092013545,-0.0086803771,0.84057542,-0.16290913,-0.51661744,2.113692,-0.19143341,0
6,1700,0.850000,13,1.3145065,0.13167972,1.1670038,1.2233628,-0.025464746,0.057928163,0.085033263,-0.045394405,0.26512093,0.057856434,0.19527324,-0.49724433,0.84534989,0.56357653,-1.1965894,0
6,1700,0.850000,14,1.3145065,0.44653611,0.81125258,1.1285724,-0.027367788,0.035407808,0.00927531,-0.07517591,0.13097722,0.077820837,-0.70432772,0.66063435,0.25977821,1.3080038,2.3881942,0
6,1700,0.850000,15,1.3145065,0.52990436,1.142011,0.87682167,0.033731849,-0.002002433,0.0029130383,0.20214585,-0.094411297,-0.084275262,0.52695398,0.8072784,-0.26574628,1.8397743,0.99248771,0
6,1700,0.850000,16,1.3145065,0.78184795,0.22320387,0.21485176,0.011995141,0.044234762,0.057858493,0.20572336,0.16204171,0.16984503,0.073197875,-0.69630889,0.714,0.77560154,-1.4660583,0
6,1700,0.850000,17,1.3145065,0.85778032,0.52119635,0.50373492,0.038807662,0.044795105,0.043243538,0.032340792,-0.0069792392,0.18507718,0.82936233,-0.23774838,-0.50560245,2.1008764,-0.27917754,0
6,1700,0.850000,18,1.3145065,1.1262288,0.19580273,0.48089049,-0.022602794,0.040406989,-0.015437572,-0.16909622,-0.14984178,-0.041621187,-0.74360937,-0.5819833,-0.32915125,1.9062009,-2.477523,0
6,1700,0.850000,19,1.3145065,1.1283254,0.5576408,0.12240471,0.010185153,0.075042102,-0.054908804,0.054722502,-0.039981626,-0.073703082,0.23552091,0.85978297,-0.45310391,2.0410404,1.3034245,0
6,1700,0.850000,20,1.3145065,0.81849065,0.17145948,0.75383843,-0.027464785,-0.037975713,0.011568754,-0.14021938,-0.070349189,0.15955957,-0.29014787,0.88938203,-0.35328999,1.9318819,1.8861452,0
6,1700,0.850000,21,1.3145065,0.92370905,0.5589096,1.0752167,0.041109985,0.069795692,-0.058141507,-0.089411635,0.12223681,-0.046526875,0.80295671,-0.084937624,0.58995434,0.93979404,-0.10538915,0
6,1700,0.850000,22,1.3145065,1.0874884,0.13651048,1.2187458,-0.014857987,-0.045205749,0.0060900681,-0.038876864,0.015645454,-0.19163873,-0.62118949,0.02804722,0.78315833,0.67106748,3.0964725,0
6,1700,0.850000,23,1.3145065,1.1814026,0.43436237,0.8247177,-0.047588118,-0.038114994,-0.027324289,-0.31683492,-0.078683171,-0.099749273,-0.22033993,0.71772907,-0.66054167,2.2923363,1.868659,0
6,1700,0.850000,24,1.3145065,0.81857493,0.78244058,0.11886837,0.041336668,-0.056094074,0.020128212,0.052081419,-0.21711045,0.11381085,-0.37226514,-0.87807021,-0.30068484,1.876207,-1.9717843,0
6,1700,0.850000,25,1.3145065,0.75915139,1.1255285,0.41868584,0.018155295,0.010279111,-0.036300694,0.19059479,-0.17973606,-0.15535899,0.25378777,-0.60143779,0.75753835,0.71126247,-1.1714962,0
6,1700,0.850000,26,1.3145065,1.1560552,0.83703964,0.42719337,0.064756788,0.0056657896,-0.0059808437,0.1625187,0.26760738,-0.045302161,0.82631566,0.45886477,-0.32656631,1.9034648,0.506914,0
6,1700,0.850000,27,1.3145065,1.1078512,1.1494707,0.16611719,-0.035530043,0.023483481,0.037961116,-0.16339332,-0.15499241,0.48210613,0.84385585,0.056188041,-0.53361992,2.1336714,0.06648674,0
6,1700,0.850000,28,1.3145065,0.93548063,0.80789047,0.77910466,0.00015823345,0.0036078345,-0.065628897,-0.2557776,0.1549342,-0.0067396955,-0.61052159,0.77001858,0.18529648,1.3844228,2.2411721,0
6,1700,0.850000,29,1.3145065,0.81772624,1.1221397,1.1487774,-0.0038893907,-0.00073329623,0.025783568,0.085593375,0.060812255,-0.067474286,-0.19357808,0.89074839,-0.41121141,1.994579,1.7847896,0
6,1700,0.850000,30,1.3145065,1.2703542,0.84106985,1.1812448,0.12840767,0.022987404,0.034001693,0.091747745,-0.042066124,-0.051521354,0.83265895,-0.05173424,0.55136434,0.98679759,-0.062051604,0
6,1700,0.850000,31,1.3145065,1.1398843,1.1973685,0.82119429,0.015842164,-0.010423286,-0.094599185,0.27865914,0.052612927,-0.29816981,0.025477909,-0.98412292,0.17565011,1.3942302,-1.5449132,0
7,1800,0.900000,0,1.3143684,0.12911018,0.15298556,0.20244873,-0.0037227773,0.029967711,0.023097051,0.09840604,0.04158017,0.27084405,0.49959571,0.70705991,-0.50047019,2.0949381,0.95566665,0
7,1800,0.900000,1,1.3143684,0.14943143,0.49521818,0.46413598,0.0019996407,0.014173437,-0.050852976,0.13305625,0.19434437,-0.12694737,0.45092397,0.38335245,-0.80604496,2.5082352,0.70458042,0
7,1800,0.900000,2,1.3143684,0.48758757,0.17073814,0.54461337,-0.0027464631,0.035506907,0.065953782,-0.26229614,0.22503201,0.0051808734,0.32827998,-0.89572309,-0.29985397,1.8753359,-1.219501,0
7,1800,0.900000,3,1.3143684,0.46045825,0.470979,0.19768867,-0.035290152,-0.06452119,0.010568874,0.081848259,-0.3425673,0.034127747,0.088947942,0.96762385,-0.23620404,1.8092538,1.4791299,0
7,1800,0.900000,4,1.3143684,0.2211409,0.11974274,0.84518722,-0.026085641,-0.033929587,-0.075924433,0.0002355563,-0.24056,-0.3145005,-0.2909876,0.66756306,-0.68533625,2.3258617,1.9818591,0
7,1800,0.900000,5,1.3143684,0.16892916,0.43827039,1.1721509,0.017513841,0.012828256,-0.060039481,-0.11235319,0.19118471,-0.14404671,0.41485744,0.64310445,-0.64366915,2.2700794,0.99788361,0
7,1800,0.900000,6,1.3143684,0.59174644,0.19971641,1.1363263,0.0070832477,-0.01902433,0.03032472,-0.11616461,-0.050556224,0.20907664,0.75763655,0.645184,0.098612714,1.4720231,0.70540745,0
7,1800,0.900000,7,1.3143684,0.4194838,0.4950039,0.80782547,-0.081201277,0.014645693,-0.014430476,-0.26186604,0.11056752,-0.0036746705,-0.49484831,0.56054635,-0.66401275,2.296969,2.294025,0
7,1800,0.900000,8,1.3143684,0.21054213,0.83098217,0.20376762,-0.0022793996,-0.036405057,-0.012897497,0.10173901,0.01009721,0.20424698,0.15027187,0.53778629,0.82958078,0.59243984,1.2983193,0
7,1800,0.900000,9,1.3143684,0.15620906,1.162405,0.57592663,0.0076602527,-0.009890576,0.098124761,0.18189685,0.14329833,0.10469718,0.35060178,-0.51502601,0.78219345,0.67261766,-0.97310988,0
7,1800,0.900000,10,1.3143684,0.46539131,0.76773582,0.47840109,-0.017965937,-0.078168336,-0.036972111,0.035783014,-0.17705639,-0.038501846,0.74755621,0.067233749,-0.66078691,2.292663,0.089696723,0
7,1800,0.900000,11,1.3143684,0.48419365,1.1247286,0.10454601,-0.0054111693,-0.08510714,-0.021053445,0.23184924,-0.082828093,-0.06743661,-0.59067339,-0.15995798,0.7908972,0.65852258,-2.8771296,0
7,1800,0.900000,12,1.3143684,0.069849692,0.81345561,0.80916956,-0.058995935,-0.030591623,0.063837905,0.011894895,-0.069783987,-0.16336788,0.94588956,-0.15506712,-0.28503882,1.8598433,-0.16249246,0
7,1800,0.900000,13,1.3143684,0.13385703,1.1860325,1.2281659,-0.023273491,0.077080483,0.089965157,0.050265568,0.47853076,0.10422193,0.083584986,-0.41434128,0.90627527,0.43640926,-1.371738,0
7,1800,0.900000,14,1.3143684,0.44261223,0.81537445,1.1326238,-0.031244991,0.039615069,0.013445408,-0.081128829,0.035883107,0.082684903,-0.69170542,0.65902326,0.29535056,1.2709739,2.3803857,0
7,1800,0.900000,15,1.3143684,0.54168503,1.1377038,0.8692602,0.045568771,-0.006189856,-0.0045567583,0.23106765,-0.082532399,-0.19450016,0.25422873,0.94191732,-0.21945277,1.7920499,1.3071725,0
7,1800,0.900000,16,1.3143684,0.78919703,0.23284036,0.22137526,0.019426708,0.053895202,0.064404901,0.14584396,0.11250206,0.072426166,0.13646839,-0.74833112,0.64913551,0.86434892,-1.3904149,0
7,1800,0.900000,17,1.3143684,0.85856954,0.51647737,0.50944795,0.039686991,0.04013061,0.049009762,-0.045314595,-0.11174406,0.048991026,0.88809169,-0.26689353,-0.37424724,1.9543812,-0.29193815,0
7,1800,0.900000,18,1.3143684,1.117007,0.18857083,0.47907155,-0.03170678,0.033195267,-0.017206113,-0.20743801,-0.14625663,-0.015385939,-0.70130597,-0.70262887,-0.12034372,1.6914324,-2.3552522,0
7,1800,0.900000,19,1.3143684,1.1329574,0.5543899,0.12354405,0.014935848,0.071849584,-0.053756547,0.17530815,-0.095803904,0.054605336,0.026710363,0.99800764,-0.057160402,1.6279879,1.544039,0
7,1800,0.900000,20,1.3143684,0.81374633,0.16962649,0.76225515,-0.032123409,-0.039790792,0.020065067,-0.036764135,-0.0092498949,0.20276334,-0.24237809,0.79140567,-0.56118618,2.1666146,1.8679888,0
7,1800,0.900000,21,1.3143684,0.91593184,0.55899866,1.0749256,0.033429358,0.069943441,-0.05831978,-0.17813728,-0.083212487,0.068609286,0.64772246,-0.27533324,0.71038527,0.78075087,-0.40193759,0
7,1800,0.900000,22,1.3143684,1.0853217,0.13849732,1.20735,-0.016910521,-0.043204473,-0.0051784054,-0.017433142,0.031907133,-0.27930085,-0.39446529,0.48924101,0.77784341,0.6795694,2.2493549,0
7,1800,0.900000,23,1.3143684,1.1680785,0.42871591,0.82114783,-0.060788836,-0.043716137,-0.030807744,-0.19678746,-0.12904476,-0.037061789,0.15429259,0.69174517,-0.7054661,2.3538769,1.3513403,0
7,1800,0.900000,24,1.3143684,0.82016627,0.77407768,0.12626569,0.043014047,-0.064375254,0.0275384,-0.010828078,-0.13535671,0.15168987,-0.46796251,-0.87410559,-0.13019408,1.7013611,-2.0623314,0
7,1800,0.900000,25,1.3143684,0.76694207,1.1180999,0.41255973,0.026026094,0.0029683238,-0.042383168,0.14243112,-0.1544599,-0.082624109,0.35030651,-0.55412275,0.75513795,0.7149318,-1.007049,0
7,1800,0.900000,26,1.3143684,1.1640695,0.8483225,0.42653439,0.072892884,0.017037131,-0.0065950051,0.15109079,0.22344715,-0.014441068,0.78613545,0.61697695,-0.036476019,1.6072804,0.66541774,0
7,1800,0.900000,27,1.3143684,1.1001839,1.1421347,0.18645903,-0.043081435,0.016267754,0.05832146,-0.16646747,-0.11427011,0.31873147,0.96197787,0.27043376,-0.038264241,1.6090699,0.27404942,0
7,1800,0.900000,28,1.3143684,0.92116564,0.81885946,0.77779105,-0.014059285,0.014662233,-0.066860769,-0.28827227,0.26357596,-0.075751006,-0.68645591,0.72238202,0.083321673,1.4873779,2.3306995,0
7,1800,0.900000,29,1.3143684,0.82282273,1.1249054,1.1448425,0.0012932371,0.0021503416,0.021969075,0.10852897,0.072332193,-0.080751171,-0.35389933,0.72245676,-0.59397938,2.2067927,2.0262954,0
7,1800,0.900000,30,1.3143684,1.2688798,0.83716121,1.1788084,0.12706658,0.019166869,0.031689262,-0.10202052,-0.088231807,-0.011513403,0.90856248,-0.2172618,0.3568074,1.2059482,-0.23471934,0
7,1800,0.900000,31,1.3143684,1.1534854,1.1975746,0.80552275,0.029563634,-0.010091457,-0.11018533,0.25022408,-0.019580475,-0.28805578,0.044061951,-0.99682622,0.066302604,1.504445,-1.5266228,0
8,1900,0.950000,0,1.3232379,0.13420935,0.15618751,0.22018532,0.00049097424,0.032130026,0.039412635,0.080739829,0.099901235,0.28724996,0.39332347,0.83128014,-0.39277218,1.9744404,1.1288553,0
8,1900,0.950000,1,1.3232379,0.15596652,0.50773775,0.46129752,0.0075078328,0.023320469,-0.056803456,0.077667076,0.17024078,-0.11478688,0.72673351,0.2797287,-0.62738366,2.2489851,0.36743251,0
8,1900,0.950000,2,1.3232379,0.47955001,0.1842511,0.54331602,-0.014036346,0.047826282,0.060997994,-0.17169628,0.226473,-0.14542738,0.36982866,-0.75865621,-0.53634646,2.1368986,-1.1172159,0
8,1900,0.950000,3,1.3232379,0.46836231,0.45680912,0.20041373,-0.030509378,-0.081811138,0.011955254,0.086649195,-0.32433662,-0.025664444,0.35933307,0.93119821,0.061234283,1.5095237,1.2025192,0
8,1900,0.950000,4,1.3232379,0.22052072,0.11110212,0.8350687,-0.028191022,-0.043346583,-0.09169332,-0.046054752,-0.16760733,-0.24126954,-0.34609382,0.54475483,-0.76384635,2.4400483,2.1367826,0
8,1900,0.950000,5,1.3232379,0.16624977,0.45059018,1.168766,0.013707302,0.022159181,-0.071296264,-0.074967239,0.20643554,-0.25481492,0.64509895,0.6524153,-0.39774566,1.9798548,0.79103684,0
8,1900,0.950000,6,1.3232379,0.59062821,0.19590552,1.1553963,0.0019889919,-0.024165637,0.041688404,-0.098375349,-0.15614033,0.24374772,0.63726546,0.76983603,-0.03528764,1.6060913,0.87933622,0
8,1900,0.950000,7,1.3232379,0.40979711,0.50185894,0.8154884,-0.09367673,0.018148622,-0.012226239,-0.25892089,0.076811456,0.14752414,-0.5591893,0.61368322,-0.55740491,2.1620531,2.3097659,0
8,1900,0.950000,8,1.3232379,0.21602962,0.83583269,0.21288413,0.0017736973,-0.037159541,-0.0051819702,0.0065033304,-0.032463461,0.094722468,0.024885717,0.6904036,0.72299624,0.76266677,1.5347668,0
8,1900,0.950000,9,1.3232379,0.16807375,1.1725571,0.58548246,0.018434601,-0.0075901609,0.10377519,0.26422923,-0.050988698,0.056764486,0.69032295,-0.5871086,0.42279748,1.1342663,-0.70477497,0
8,1900,0.950000,10,1.3232379,0.47369186,0.76435153,0.48199085,-0.012823181,-0.086704666,-0.036611863,0.17344884,-0.17006305,0.062998741,0.76368406,0.17532448,-0.6213276,2.2412322,0.22566684,0
8,1900,0.950000,11,1.3232379,0.49850973,1.1296562,0.10257407,0.0056005026,-0.087760391,-0.023721902,0.27253628,-0.046693961,-0.062699889,-0.60199042,-0.17743537,0.7785398,0.67846054,-2.8549613,0
8,1900,0.950000,12,1.3232379,0.072121544,0.8147922,0.805306,-0.057201469,-0.034730394,0.054545241,0.036387411,-0.065925364,-0.20531316,0.98158936,-0.19009804,-0.018575824,1.5893732,-0.19129542,0
8,1900,0.950000,13,1.3232379,0.13642378,1.2167376,1.2421254,-0.021615602,0.099706004,0.095617805,0.03052589,0.38880535,0.1177119,0.016933551,-0.33355571,0.9425783,0.34052847,-1.5200731,0
8,1900,0.950000,14,1.3232379,0.44208011,0.82379337,1.1467799,-0.034752101,0.042522004,0.019936622,-0.069390435,0.028027745,0.14256038,-0.78386294,0.52596099,0.33003625,1.2344543,2.5506058,0
8,1900,0.950000,15,1.3232379,0.55628155,1.1420222,0.8661416,0.056473287,-0.0095376154,-0.013511089,0.16175106,-0.083224442,-0.21309116,0.0079433862,0.98540982,-0.17001291,1.7416391,1.5627355,0
8,1900,0.950000,16,1.3232379,0.80066752,0.23967437,0.22535049,0.025551032,0.059140342,0.066877957,0.11443563,0.081456094,0.010347753,0.037817676,-0.81287386,0.58121072,0.9505806,-1.5243064,0
8,1900,0.950000,17,1.3232379,0.86077926,0.51154081,0.5117537,0.036115017,0.031737035,0.047881504,-0.07069559,-0.13442636,-0.085125834,0.93466703,-0.27795512,-0.22167206,1.7943252,-0.28905517,0
8,1900,0.950000,18,1.3232379,1.1146665,0.18162709,0.4812254,-0.04155187,0.025006569,-0.018281465,-0.17998662,-0.1601077,0.0012005334,-0.58713728,-0.80720387,0.060759524,1.5099994,-2.1996574,0
8,1900,0.950000,19,1.3232379,1.1501606,0.55178511,0.12749899,0.024461696,0.065524991,-0.050645762,0.21205315,-0.18229422,0.043431618,-0.069725694,0.9448059,0.3201252,1.2449347,1.6444617,0
8,1900,0.950000,20,1.3232379,0.81783482,0.16980465,0.78106939,-0.033521443,-0.040754043,0.033689726,-0.032060953,-0.027190136,0.32915881,-0.2048126,0.65432474,-0.72794981,2.3861233,1.8741491,0
8,1900,0.950000,21,1.3232379,0.91222295,0.55906136,1.0894289,0.023572824,0.066246406,-0.051094409,-0.20198423,-0.059097161,0.21736496,0.52788421,-0.29161259,0.79768437,0.64735062,-0.50469753,0
8,1900,0.950000,22,1.3232379,1.0898016,0.13976639,1.2000299,-0.019744974,-0.042871114,-0.020593956,-0.053617335,-0.02705241,-0.3030569,-0.084329481,0.79998377,0.59406608,0.93469217,1.6758224,0
8,1900,0.950000,23,1.3232379,1.166746,0.42315238,0.82196982,-0.069972833,-0.052144337,-0.035511123,-0.10333658,-0.17232667,-0.12161385,0.48905665,0.57473816,-0.65612471,2.2864684,0.86576794,0
8,1900,0.950000,24,1.3232379,0.82512228,0.77481173,0.129765,0.042437436,-0.068849698,0.030176783,-0.078990361,-0.08780367,0.0021621002,-0.56139566,-0.82710038,-0.027200596,1.5980003,-2.1671188,0
8,1900,0.950000,25,1.3232379,0.77636835,1.1189496,0.41472058,0.030262736,-0.0037045027,-0.043004218,0.030516107,-0.11651857,0.0030572056,0.50335665,-0.48785565,0.71318227,0.77676879,-0.76976101,0
8,1900,0.950000,26,1.3232379,1.1769481,0.86528601,0.43101764,0.077899426,0.028238421,-0.0049954257,0.057081339,0.18230497,0.059150256,0.65492553,0.64786007,0.38903713,1.1712102,0.77997487,0
8,1900,0.950000,27,1.3232379,1.1004383,1.1470049,0.20120726,-0.050227158,0.013440237,0.071766245,-0.11993586,-0.011111319,0.22168168,0.7175291,0.43778659,0.54175169,0.99827661,0.54783532,0
8,1900,0.950000,28,1.3232379,0.91314418,0.8422829,0.77829001,-0.028249134,0.032499956,-0.071594495,-0.28190406,0.41192134,-0.084736494,-0.77542108,0.62474134,0.091762848,1.4789042,2.4633978,0
8,1900,0.950000,29,1.3232379,0.83527062,1.1354305,1.1532158,0.0081655352,0.0050747039,0.022614662,0.18666969,0.030496576,0.093400819,-0.48198647,0.58798556,-0.64958604,2.2778362,2.2574495,0
8,1900,0.950000,30,1.3232379,1.270975,0.84032124,1.1842563,0.12062093,0.016686002,0.029190835,-0.14291788,-0.021418227,-0.11599535,0.91669184,-0.399215,-0.017419851,1.5882171,-0.41072658,0
8,1900,0.950000,31,1.3232379,1.1729414,1.2074594,0.79811553,0.041196725,-0.0082940176,-0.12298524,0.19646319,0.1412416,-0.18869117,0.0061254549,-0.99727963,-0.073456269,1.6443188,-1.5646542,0
9,2000,1.000000,0,1.3251349,0.13696779,0.16360818,0.2343297,0.0030551692,0.039321638,0.053231452,0.067111616,0.1805246,0.25292916,0.21779059,0.91624421,-0.33624963,1.9137281,1.3374279,0
9,2000,1.000000,1,1.3251349,0.15750837,0.5152892,0.45589927,0.0088251474,0.030139134,-0.062858692,-0.073688641,0.11797525,-0.19142549,0.87933389,0.191545,-0.43598444,2.0219282,0.21447922,0
9,2000,1.000000,2,1.3251349,0.4732878,0.19571324,0.53394634,-0.020981064,0.059016269,0.050856674,-0.087642525,0.2274754,-0.22075005,0.35832738,-0.61722285,-0.70045517,2.3468314,-1.0448027,0
9,2000,1.000000,3,1.3251349,0.47337952,0.44201733,0.19596707,-0.026166726,-0.097246756,0.0072246662,0.14912418,-0.26392878,-0.15783969,0.60840378,0.74216761,0.28112646,1.2858286,0.88411861,0
9,2000,1.000000,4,1.3251349,0.21571129,0.10904973,0.83296659,-0.033312926,-0.045556659,-0.094990227,-0.090572077,0.13710507,0.039364325,-0.38555564,0.42820154,-0.81730673,2.5275176,2.3038362,0
9,2000,1.000000,5,1.3251349,0.16181741,0.46087123,1.1566223,0.009039946,0.031787366,-0.085105685,-0.14230068,0.15764559,-0.27207358,0.85933751,0.49983029,-0.10820686,1.6792155,0.52681463,0
9,2000,1.000000,6,1.3251349,0.58692643,0.18621371,1.1688949,-0.0025562673,-0.03413116,0.053522208,-0.040545942,-0.24958244,0.23642964,0.57174012,0.819017,-0.048211943,1.619027,0.96135951,0
9,2000,1.000000,7,1.3251349,0.39703507,0.50633031,0.82509612,-0.10701669,0.021897833,-0.0037936438,-0.30725275,0.05757765,0.16784972,-0.65862847,0.6225594,-0.42264444,2.0071575,2.3843399,0
9,2000,1.000000,8,1.3251349,0.21582607,0.83643634,0.21632126,0.0012608218,-0.03775372,-0.0020522758,-0.016439508,0.051604197,0.0083722993,-0.19995352,0.85887054,0.47155062,1.079748,1.7995318,0
9,2000,1.000000,9,1.3251349,0.18373003,1.1682843,0.58169091,0.033838893,-0.013539711,0.099147602,0.33655453,-0.20128364,-0.22170285,0.90350756,-0.42211129,0.07413604,1.4965922,-0.43705826,0
9,2000,1.000000,10,1.3251349,0.48800467,0.7612785,0.48830297,0.00080078398,-0.090870494,-0.030994748,0.34384998,-0.046999048,0.14471974,0.68529144,0.32869567,-0.64987291,2.2782135,0.44723029,0
9,2000,1.000000,11,1.3251349,0.5146261,1.1281784,0.097316237,0.020991176,-0.090855442,-0.029122914,0.28874792,-0.12086795,-0.16291334,-0.65024722,-0.21587667,0.72840635,0.75480326,-2.8210501,0
9,2000,1.000000,12,1.3251349,0.071843802,0.81642275,0.79769682,-0.057582332,-0.034268258,0.045787841,-0.051705128,0.040204837,-0.20506453,0.96231418,-0.20347553,0.18041375,1.3893892,-0.20837477,0
9,2000,1.000000,13,1.3251349,0.13619865,1.2357396,1.2489305,-0.022036007,0.11695135,0.10063866,-0.019564609,0.30869793,0.074004362,-0.072815688,-0.32579258,0.94263305,0.34036448,-1.7906857,0
9,2000,1.000000,14,1.3251349,0.44235129,0.82410434,1.1564417,-0.035114434,0.041652599,0.027948683,0.058923866,-0.011772369,0.21247568,-0.88844512,0.26481483,0.37488448,1.1865242,2.8519116,0
9,2000,1.000000,15,1.3251349,0.56081824,1.1394428,0.85650726,0.060209811,-0.013751137,-0.024379356,-0.046890297,-0.081905877,-0.28232376,-0.19980413,0.96767318,-0.15390555,1.725316,1.7744138,0
9,2000,1.000000,16,1.3251349,0.80900716,0.24303521,0.22478773,0.032737675,0.062155427,0.065992766,0.20736452,0.042103929,-0.050233909,-0.1287743,-0.88099021,0.45527291,1.0981176,-1.7159384,0
9,2000,1.000000,17,1.3251349,0.85737062,0.50508585,0.51008604,0.031475687,0.024553874,0.045481918,-0.10144008,-0.19629828,-0.073212685,0.96746196,-0.25272617,-0.01211797,1.5829146,-0.25551604,0
9,2000,1.000000,18,1.3251349,1.1078472,0.17120597,0.48080828,-0.049963181,0.014332713,-0.01938767,-0.15049651,-0.23298128,-0.018702031,-0.39472422,-0.89922099,0.18866478,1.380994,-1.9844336,0
9,2000,1.000000,19,1.3251349,1.1602679,0.54202016,0.13029987,0.032914055,0.054976554,-0.048029534,0.094515649,-0.29289646,0.025636715,-0.16197346,0.7845485,0.59853843,0.92912093,1.7743902,0
9,2000,1.000000,20,1.3251349,0.81958192,0.17263291,0.80004141,-0.032947207,-0.038171071,0.051529219,-0.0094468958,0.14837219,0.3644225,-0.1964039,0.49565223,-0.84602268,2.5792768,1.9480687,0
9,2000,1.000000,21,1.3251349,0.90166377,0.55684536,1.1024126,0.011714371,0.063231088,-0.039680729,-0.23905892,-0.060952207,0.22672851,0.40724596,-0.32812788,0.85233962,0.55035366,-0.67822152,0
9,2000,1.000000,22,1.3251349,1.0917101,0.13940722,1.1903702,-0.019399109,-0.043430257,-0.031965931,0.067442309,-0.017633065,-0.11043207,0.24057259,0.93876118,0.24668256,1.3215408,1.319929,0
9,2000,1.000000,23,1.3251349,1.1627452,0.41608429,0.81512343,-0.075642203,-0.059813567,-0.043530147,-0.15390619,-0.077190429,-0.169407,0.70624055,0.46703527,-0.53207362,2.1318441,0.58427643,0
9,2000,1.000000,24,1.3251349,0.82055666,0.77433909,0.13117546,0.036693039,-0.070431979,0.031400338,-0.10024657,0.0084986784,0.079779902,-0.62328149,-0.78108772,-0.037711427,1.6085167,-2.2442958,0
9,2000,1.000000,25,1.3251349,0.77952044,1.1141806,0.42011446,0.032300359,-0.010073111,-0.038208313,0.032726758,-0.1510901,0.17861567,0.63160021,-0.42196332,0.65040613,0.86267735,-0.58898464,0
9,2000,1.000000,26,1.3251349,1.1821552,0.87158201,0.43767897,0.081416695,0.033290325,0.001043671,0.097735451,0.040697661,0.18841962,0.42813431,0.49241801,0.75777669,0.71089728,0.85511665,0
9,2000,1.000000,27,1.3251349,1.0995718,1.154235,0.20764697,-0.052669484,0.019021976,0.077913093,0.022781751,0.19585169,0.057187447,0.16211067,0.46635948,0.86961427,0.51637581,1.2362533,0
9,2000,1.000000,28,1.3251349,0.90215445,0.86364825,0.77406451,-0.040539145,0.052643376,-0.076931928,-0.24743461,0.37984899,-0.13724788,-0.85998812,0.45768147,0.22571689,1.3431175,2.6525219,0
9,2000,1.000000,29,1.3251349,0.84642452,1.1369929,1.1605663,0.018114862,0.0050093603,0.028307919,0.23013977,-0.020569631,0.17074327,-0.58541342,0.50536146,-0.63395656,2.2574549,2.4294532,0
9,2000,1.000000,30,1.3251349,1.2655746,0.83715338,1.1802628,0.11340362,0.012316586,0.023503663,-0.16861993,-0.15298435,-0.066670157,0.81653876,-0.49626484,-0.29493333,1.8701821,-0.54611055,0
9,2000,1.000000,31,1.3251349,1.1807597,1.2150754,0.79002471,0.047329066,-0.0024132587,-0.13221363,0.082479606,0.10884913,-0.11739255,-0.15278081,-0.94477573,-0.28992558,1.8649454,-1.7311196,0
10,2100,1.050000,0,1.3316454,0.13634713,0.17358213,0.24755913,0.0017647394,0.04846935,0.065280076,-0.081209818,0.161823,0.21212665,0.043968475,0.93966361,-0.33926254,1.9169292,1.5240387,0
10,2100,1.050000,1,1.3316454,0.15306454,0.52283722,0.44865683,0.0036202171,0.035143238,-0.072317815,-0.16518606,0.13122478,-0.18767303,0.97819976,0.11040033,-0.17588919,1.7476053,0.11238516,0
10,2100,1.050000,2,1.3316454,0.47231232,0.20959446,0.52187532,-0.024273775,0.071904352,0.036198255,-0.074610725,0.23929383,-0.26065541,0.29929636,-0.48197337,-0.82348246,2.5383185,-1.0150922,0
10,2100,1.050000,3,1.3316454,0.48269344,0.42973401,0.18860498,-0.019195644,-0.1116664,-0.0010798743,0.17432543,-0.3403404,-0.20962808,0.72396316,0.53680707,0.43326149,1.1226879,0.63802853,0
10,2100,1.050000,4,1.3316454,0.21386912,0.11630774,0.84225776,-0.036207804,-0.038850849,-0.089804198,-0.088711306,0.12747171,0.16505902,-0.52107463,0.43962344,-0.73158217,2.3914361,2.4407756,0
10,2100,1.050000,5,1.3316454,0.15605819,0.46742772,1.1534913,0.0025017271,0.036069064,-0.093897714,-0.12077761,0.043194101,-0.15149663,0.86613041,0.42838005,0.25750464,1.3103575,0.45931082,0
10,2100,1.050000,6,1.3316454,0.58844022,0.17597362,1.1870135,-0.0039227383,-0.045258866,0.065867686,-0.032926407,-0.23117521,0.21748301,0.52942297,0.84817358,-0.017689099,1.5884863,1.0127784,0
10,2100,1.050000,7,1.3316454,0.38723157,0.51282787,0.83770398,-0.11874213,0.025897958,0.0047395398,-0.17524561,0.12088098,0.16453954,-0.79924133,0.54307322,-0.25745829,1.8311872,2.5447676,0
10,2100,1.050000,8,1.3316454,0.21812032,0.84195094,0.2119887,0.0024916868,-0.036352027,-0.0074344526,0.020856577,0.055770913,-0.14247862,-0.51411778,0.84445614,0.15025558,1.4199695,2.1176724,0
10,2100,1.050000,9,1.3316454,0.20410476,1.1611237,0.56981353,0.053263343,-0.026408639,0.084448354,0.43113836,-0.28454361,-0.37487417,0.98241996,-0.13508064,-0.12885748,1.7000131,-0.13664106,0
10,2100,1.050000,10,1.3316454,0.51069467,0.76626459,0.49818909,0.021043574,-0.089627665,-0.023525999,0.49064458,0.081346106,0.14793141,0.56010244,0.42516081,-0.71100178,2.3617181,0.64928504,0
10,2100,1.050000,11,1.3316454,0.52907187,1.1233335,0.08801517,0.032879422,-0.10121771,-0.038878197,0.14474626,-0.2519156,-0.16658486,-0.69456799,-0.30645092,0.65089411,0.86203474,-2.7260718,0
10,2100,1.050000,12,1.3316454,0.070337776,0.82162903,0.79358451,-0.059436788,-0.033076054,0.037776026,0.010325996,0.043229476,-0.12416967,0.97762794,-0.068186557,0.19898292,1.3704764,-0.06963417,0
10,2100,1.050000,13,1.3316454,0.13518318,1.2550113,1.2584258,-0.02371651,0.13011944,0.10398962,-0.028488298,0.2437057,0.044713645,-0.062625496,-0.38890278,0.9191478,0.40488476,-1.7304569,0
10,2100,1.050000,14,1.3316454,0.44618225,0.82643465,1.1742369,-0.033460832,0.03993822,0.040032548,0.0030467684,-0.077463879,0.28518288,-0.89395334,-0.047200869,0.44566748,1.1088766,-3.0888415,0
10,2100,1.050000,15,1.3316454,0.55960756,1.142755,0.84756554,0.056253484,-0.016031553,-0.037497013,-0.10607031,0.011901959,-0.25280393,-0.33990524,0.91983939,-0.19585691,1.7679275,1.9247599,0
10,2100,1.050000,16,1.3316454,0.82484809,0.24236704,0.2226493,0.044574889,0.06029776,0.062757862,0.23867424,-0.15471235,-0.063520835,-0.32688433,-0.88366391,0.33508913,1.2290965,-1.9251053,0
10,2100,1.050000,17,1.3316454,0.85251224,0.50015514,0.51178926,0.022427153,0.017159759,0.044681006,-0.194322,-0.1211762,0.045650601,0.9612415,-0.14914838,0.23188261,1.3367837,-0.15393473,0
10,2100,1.050000,18,1.3316454,1.1075282,0.15930965,0.48263992,-0.055710985,0.0016263827,-0.019916981,-0.077516104,-0.2148925,-0.028549674,-0.2202539,-0.94509536,0.24141868,1.3269688,-1.799759,0
10,2100,1.050000,19,1.3316454,1.1719071,0.53153268,0.13358516,0.03883832,0.041858234,-0.045390881,0.15520785,-0.24307815,0.047492737,-0.24876943,0.51283983,0.82165022,0.60649616,2.0224386,0
10,2100,1.050000,20,1.3316454,0.81973994,0.18025375,0.8235806,-0.036806406,-0.031414945,0.071089819,-0.13876654,0.11402295,0.38377953,-0.21407548,0.32148845,-0.92239735,2.7450384,2.15826,0
10,2100,1.050000,21,1.3316454,0.89671762,0.55583167,1.1179973,0.0023611938,0.059490746,-0.029537131,-0.16698486,-0.043608098,0.19710676,0.27658963,-0.36830989,0.8876069,0.47867305,-0.92667479,0
10,2100,1.050000,22,1.3316454,1.1017345,0.14470448,1.1912812,-0.014749751,-0.038829193,-0.036891166,0.099870085,0.18857658,-0.13398792,0.40024343,0.90923097,-0.11447376,1.6855216,1.1561219,0
10,2100,1.050000,23,1.3316454,1.1613924,0.4149815,0.80936857,-0.082690349,-0.062952924,-0.053265916,-0.10515433,-0.051660002,-0.17296809,0.87868166,0.30636564,-0.36614019,1.9456541,0.33548511,0
10,2100,1.050000,24,1.3316454,0.82026433,0.7782342,0.13614013,0.032379816,-0.070341474,0.035709967,-0.10433419,-0.071842641,0.10309447,-0.69620556,-0.71122981,-0.097211013,1.6681611,-2.34552,0
10,2100,1.050000,25,1.3316454,0.78515812,1.1105473,0.43480207,0.03410378,-0.019158201,-0.025615618,0.025935578,-0.16938827,0.2997835,0.70959894,-0.44021678,0.55016227,0.98823778,-0.55526588,0
10,2100,1.050000,26,1.3316454,1.1926332,0.88006039,0.44918288,0.086075238,0.037476296,0.010374361,0.087959951,0.10501588,0.13965368,0.14253161,0.35682066,0.92323548,0.39437866,1.1907651,0
10,2100,1.050000,27,1.3316454,1.1053099,1.1732068,0.20714605,-0.052334505,0.032290487,0.07639571,0.02447077,0.25865023,-0.07123524,-0.39307882,0.38053685,0.83706675,0.57889674,2.3724052,0
10,2100,1.050000,28,1.3316454,0.89418772,0.88515958,0.76870818,-0.052907925,0.069869316,-0.086068902,-0.21767606,0.29227246,-0.15976897,-0.91276289,0.23110787,0.33682795,1.2272504,2.8936083,0
10,2100,1.050000,29,1.3316454,0.85837631,1.1399813,1.1728412,0.025889055,0.0024179741,0.034864785,0.13935022,-0.043329586,0.063121014,-0.63136451,0.46359665,-0.62165666,2.2416523,2.5082302,0
10,2100,1.050000,30,1.3316454,1.2641518,0.835382,1.1823302,0.1057817,0.0064465897,0.019781444,-0.16182539,-0.039112273,-0.055396812,0.68026687,-0.56210163,-0.47040275,2.0605434,-0.69057056,0
10,2100,1.050000,31,1.3316454,1.1873507,1.2281541,0.79351415,0.048116951,0.0046783329,-0.13260468,-0.0094446921,0.15919362,0.042241861,-0.37800866,-0.77832506,-0.50131782,2.0959175,-2.0229139,0
11,2200,1.100000,0,1.3359071,0.13123064,0.17913854,0.25866846,-0.0037792446,0.05346227,0.075580687,-0.16513334,0.022829853,0.21073729,-0.18424442,0.93826391,-0.29277094,1.8679198,1.7646965,0
11,2200,1.100000,1,1.3359071,0.14603178,0.53290036,0.44436246,-0.0038903915,0.043519757,-0.07803889,-0.16378004,0.20843624,-0.085663487,0.99186266,-0.081076105,0.098158716,1.4724793,-0.081559933,0
11,2200,1.100000,2,1.3359071,0.46939918,0.22176953,0.51216272,-0.028691403,0.083390301,0.024833651,-0.098697509,0.17065347,-0.19783801,0.27194374,-0.38187436,-0.88329982,2.6536513,-0.95197651,0
11,2200,1.100000,3,1.3359071,0.49271567,0.41805875,0.17970184,-0.010731707,-0.12469613,-0.010571445,0.16613073,-0.16567045,-0.17568271,0.74578957,0.37060875,0.55357662,0.98414349,0.4611924,0
11,2200,1.100000,4,1.3359071,0.20960302,0.12047331,0.85246751,-0.041150462,-0.035063551,-0.082301915,-0.068687452,0.083921778,0.11143459,-0.69415712,0.48044543,-0.5360206,2.1365126,2.5361696,0
11,2200,1.100000,5,1.3359071,0.14955069,0.47043231,1.1503956,-0.0044940232,0.037575335,-0.10067403,-0.14363241,0.097718235,-0.11596248,0.67214093,0.32949444,0.66306861,0.84588561,0.45579006,0
11,2200,1.100000,6,1.3359071,0.58746113,0.16480515,1.1978277,-0.0067804534,-0.056971788,0.07287192,-0.007030489,-0.26208948,0.075365796,0.46925847,0.87370422,0.12820853,1.4422339,1.0779182,0
11,2200,1.100000,7,1.3359071,0.38236312,0.5200156,0.84717815,-0.1248401,0.031435626,0.011521963,-0.080181576,0.13742936,0.13315979,-0.90189341,0.4290036,-0.050440006,1.6212577,2.6975978,0
11,2200,1.100000,8,1.3359071,0.21990023,0.84416135,0.20470028,0.0035718109,-0.036835356,-0.015388595,0.024449775,-0.043001342,-0.17306627,-0.79774313,0.56271286,-0.21670289,1.7892322,2.5272644,0
11,2200,1.100000,9,1.3359071,0.22651693,1.1489143,0.54982309,0.074987616,-0.04230864,0.062669125,0.45293433,-0.35401277,-0.42264914,0.95764289,0.16179421,-0.23820734,1.811316,0.16736992,0
11,2200,1.100000,10,1.3359071,0.53594008,0.77330163,0.5082039,0.044616936,-0.085050222,-0.015118976,0.43365044,0.10240234,0.14511714,0.32053444,0.50096464,-0.80392295,2.5046586,1.0016006,0
11,2200,1.100000,11,1.3359071,0.53682521,1.1165427,0.08111999,0.038929899,-0.11158705,-0.046043605,0.11555153,-0.1699133,-0.10092879,-0.72935778,-0.42652312,0.53489743,1.00641,-2.61243,0
11,2200,1.100000,12,1.3359071,0.075321037,0.82618296,0.79069457,-0.054686219,-0.031154662,0.032355028,0.12370954,0.0320443,-0.061707693,0.99012646,0.13981528,0.010063438,1.5607327,0.14028201,0
11,2200,1.100000,13,1.3359071,0.13392787,1.2740084,1.2628076,-0.025401759,0.14507622,0.1043435,-0.052006384,0.33049093,0.0037474338,-0.039694226,-0.53679771,0.84277671,0.5683751,-1.6446083,0
11,2200,1.100000,14,1.3359071,0.44646796,0.82189121,1.1923707,-0.034601223,0.032761398,0.054385496,-0.0062619229,-0.17279338,0.19559628,-0.78455576,-0.34181513,0.51733421,1.0270634,-2.730711,0
11,2200,1.100000,15,1.3359071,0.55848224,1.1469912,0.84110374,0.053341899,-0.015453439,-0.046656649,-0.031266494,0.036615614,-0.096253121,-0.37595212,0.86628291,-0.32895885,1.9059972,1.980251,0
11,2200,1.100000,16,1.3359071,0.83836139,0.23677339,0.21683957,0.055431078,0.053938618,0.05624599,0.18658671,-0.1614792,-0.22593728,-0.56479851,-0.7552483,0.33256976,1.2317692,-2.2129082,0
11,2200,1.100000,17,1.3359071,0.84532879,0.49622358,0.51650727,0.012531203,0.01163637,0.047756221,-0.21804104,-0.049029563,0.073390077,0.85887701,-0.053186581,0.50941288,1.036294,-0.061846749,0
11,2200,1.100000,18,1.3359071,1.1117109,0.15089224,0.48491508,-0.055073784,-0.007286626,-0.019187592,0.09521311,-0.1697655,0.043380668,-0.11742612,-0.9311481,0.34521633,1.218327,-1.6962431,0
11,2200,1.100000,19,1.3359071,1.1826371,0.52164507,0.13343085,0.045806653,0.030288045,-0.045971777,0.073515811,-0.16620395,-0.054744732,-0.27062257,0.065680184,0.96044237,0.28220993,2.903496,0
11,2200,1.100000,20,1.3359071,0.81293985,0.18083898,0.84423294,-0.04621488,-0.031406599,0.089077701,-0.20865958,-0.084138651,0.36520682,-0.28206314,0.10316965,-0.95383248,2.8365445,2.7909403,0
11,2200,1.100000,21,1.3359071,0.88837556,0.55586333,1.1294545,-0.0088327549,0.057746355,-0.021670442,-0.23783691,-0.011587419,0.14319104,0.10503943,-0.40906525,0.90643937,0.43602085,-1.3194475,0
11,2200,1.100000,22,1.3359071,1.1089216,0.15571426,1.1873507,-0.011094326,-0.028299333,-0.044621786,0.015861795,0.21141329,-0.12564553,0.45351296,0.73567604,-0.50309716,2.0979751,1.0183636,0
11,2200,1.100000,23,1.3359071,1.1592521,0.4155418,0.80611979,-0.088538145,-0.06371947,-0.059095606,-0.14177156,-0.015033016,-0.12438857,0.97575262,0.16521494,-0.14356481,1.7148589,0.16772969,0
11,2200,1.100000,24,1.3359071,0.81662877,0.77769813,0.14279985,0.02612914,-0.073363309,0.04192407,-0.14507654,-0.063358298,0.12754698,-0.75430711,-0.62787892,-0.19180418,1.7637965,-2.4474104,0
11,2200,1.100000,25,1.3359071,0.78695507,1.106462,0.4505203,0.033389117,-0.026785389,-0.011311746,-0.0085307947,-0.15054102,0.22391272,0.81334728,-0.41364492,0.40910157,1.1493271,-0.47048095,0
11,2200,1.100000,26,1.3359071,1.2011968,0.88766464,0.45531396,0.090814456,0.042256442,0.015060435,0.10366816,0.083533347,0.09269571,-0.17719351,0.30976964,0.93415482,0.36491298,2.0903859,0
11,2200,1.100000,27,1.3359071,1.1137902,1.1890524,0.20216751,-0.047399385,0.044362136,0.070763236,0.11583655,0.19947682,-0.12823305,-0.81288573,0.16635571,0.55815998,0.97862979,2.9397316,0
11,2200,1.100000,28,1.3359071,0.88737985,0.89955832,0.76717663,-0.062562041,0.081416824,-0.090054192,-0.1447824,0.1672305,0.011301606,-0.91132824,-0.015169543,0.41140093,1.1468058,-3.1249487,0
11,2200,1.100000,29,1.3359071,0.86611089,1.1429679,1.1789486,0.030868604,0.0017573582,0.037214906,0.08708052,0.003083235,6.6540757e-05,-0.62593435,0.50930786,-0.59060282,2.202602,2.458568,0
11,2200,1.100000,30,1.3359071,1.260607,0.83814693,1.1851303,0.098203302,0.0065378939,0.018799309,-0.1421863,-0.0093560148,0.016122723,0.58182702,-0.56169693,-0.58819544,2.199622,-0.76779643,0
11,2200,1.100000,31,1.3359071,1.1934324,1.2402405,0.80018517,0.050395181,0.012821209,-0.12847974,0.072677179,0.16895624,0.094196888,-0.50204672,-0.53297418,-0.68109296,2.3200506,-2.3263224,0
12,2300,1.150000,0,1.341795,0.12471721,0.17881567,0.26954006,-0.010855498,0.052352301,0.085290882,-0.16484958,-0.044898653,0.19311164,-0.3800368,0.87567346,-0.29793963,1.8733299,1.98026,0
12,2300,1.150000,1,1.341795,0.13997711,0.54850408,0.4458703,-0.010573992,0.056745687,-0.07848854,-0.15815219,0.28929058,0.054510104,0.87859688,-0.37913995,0.2903798,1.2761726,-0.40738767,0
12,2300,1.150000,2,1.341795,0.46703277,0.2312297,0.5103555,-0.033116915,0.091854436,0.020778047,-0.031795651,0.16184869,0.022025284,0.17693712,-0.39770642,-0.90029043,2.6912326,-1.1521968,0
12,2300,1.150000,3,1.341795,0.50248929,0.4150014,0.17161916,-0.0031463545,-0.12958528,-0.019426668,0.093863982,-0.018774025,-0.17127796,0.72863748,0.29721943,0.61704784,0.90581068,0.38730777,0
12,2300,1.150000,4,1.341795,0.2087451,0.12391368,0.86269094,-0.042928277,-0.032160543,-0.075849844,0.0091766756,0.0657605,0.19741175,-0.78558006,0.56236939,-0.25807875,1.8318294,2.5202981,0
12,2300,1.150000,5,1.341795,0.14354654,0.47639823,1.1505212,-0.011142693,0.041459336,-0.1056079,-0.12577252,0.089176227,-0.049718989,0.45569766,0.1843908,0.87082701,0.51391419,0.38449486,0
12,2300,1.150000,6,1.341795,0.5902523,0.15290899,1.2052671,-0.0065789017,-0.069566618,0.075027256,0.0035892944,-0.25532475,0.052504704,0.49447738,0.83655878,0.23592695,1.332624,1.0369577,0
12,2300,1.150000,7,1.341795,0.38384336,0.53050579,0.85460886,-0.12504464,0.039615917,0.015210708,0.091870605,0.2111414,0.02554722,-0.939529,0.3402597,0.038840643,1.5319459,2.7941263,0
12,2300,1.150000,8,1.341795,0.22108247,0.84338197,0.1982651,0.0037843984,-0.04132542,-0.02270987,0.0043330439,-0.15287397,-0.13176268,-0.81749296,0.081112058,-0.57019829,2.1775435,3.0426958,0
12,2300,1.150000,9,1.341795,0.24954976,1.1357622,0.53326525,0.096973748,-0.060484507,0.043729644,0.39499916,-0.43250937,-0.37926179,0.80114898,0.48696429,-0.34788805,1.9261138,0.54615871,0
12,2300,1.150000,10,1.341795,0.55813232,0.78054148,0.51499673,0.064403572,-0.081227037,-0.010575994,0.36019728,0.03996315,0.086446535,0.067948795,0.51460263,-0.85473218,2.595831,1.4395145,0
12,2300,1.150000,11,1.341795,0.54159326,1.1140362,0.081741324,0.041326676,-0.11899829,-0.045780379,0.055733044,-0.11350153,0.10199526,-0.65614477,-0.59557616,0.46342538,1.0889395,-2.404545,0
12,2300,1.150000,12,1.341795,0.082137124,0.83221583,0.79287955,-0.048216328,-0.028768352,0.031057951,0.13650074,0.064452793,-0.036550782,0.89317074,0.30838235,-0.32733217,1.9042751,0.33245209,0
12,2300,1.150000,13,1.341795,0.13270876,1.2961738,1.2692522,-0.027207172,0.1615903,0.10522051,0.0064339854,0.33898031,0.060431532,0.013016565,-0.61964656,0.78477303,0.66846649,-1.549793,0
12,2300,1.150000,14,1.341795,0.44881323,0.8134934,1.2063566,-0.034224539,0.020767562,0.063097003,0.044414016,-0.290736,0.11751908,-0.63521592,-0.56526732,0.52628281,1.0165733,-2.4143957,0
12,2300,1.150000,15,1.341795,0.55452596,1.1545167,0.84180835,0.046938246,-0.012988648,-0.049652536,-0.18747419,0.035523379,-0.034267822,-0.30371715,0.77594619,-0.55286834,2.1565989,1.9438802,0
12,2300,1.150000,16,1.341795,0.85361747,0.22554108,0.20338259,0.066966793,0.041689688,0.041864935,0.24315114,-0.22988643,-0.34536749,-0.74779706,-0.55192815,0.3690188,1.1928432,-2.5057692,0
12,2300,1.150000,17,1.341795,0.83834378,0.49595156,0.52015875,0.0018439892,0.0091826886,0.049128225,-0.26509632,-0.024658248,-0.034416791,0.65951436,0.020181928,0.75142099,0.72058329,0.030591649,0
12,2300,1.150000,18,1.341795,1.1207642,0.14457745,0.48599061,-0.050929374,-0.014251147,-0.020246945,0.091953747,-0.093877102,-0.046985889,-0.16187818,-0.91728291,0.36385097,1.1983974,-1.7454735,0
12,2300,1.150000,19,1.341795,1.1904324,0.51586604,0.13041242,0.048383937,0.022227636,-0.049570379,0.07137507,-0.16675444,-0.1231191,-0.33131822,-0.35681537,0.87344778,0.50855752,-2.3191588,0
12,2300,1.150000,20,1.341795,0.80594221,0.17923429,0.86496296,-0.056772259,-0.033803048,0.10604953,-0.22673855,-0.031455335,0.30266285,-0.33907056,-0.19860319,-0.91955855,2.7377519,-2.6117332,0
12,2300,1.150000,21,1.341795,0.87694207,0.55705742,1.1402632,-0.024148001,0.056493285,-0.015852437,-0.35176185,-0.0044258542,0.089524145,0.039431818,-0.46151289,0.88625672,0.48159615,-1.485563,0
12,2300,1.150000,22,1.341795,1.1130875,0.16839893,1.1840369,-0.011814317,-0.016327284,-0.053149954,-0.075168736,0.27123945,-0.23460661,0.39621504,0.37217701,-0.83934374,2.5668712,0.75412481,0
12,2300,1.150000,23,1.341795,1.1626841,0.41916639,0.80080885,-0.090211713,-0.061930267,-0.067939994,0.055319238,0.10514761,-0.13648899,0.99780754,0.060883369,0.025948542,1.5448449,0.060941591,0
12,2300,1.150000,24,1.341795,0.81567922,0.77696659,0.14864677,0.021590367,-0.077513354,0.047130171,-0.059387916,-0.092511408,0.030445978,-0.74752378,-0.60794906,-0.26759323,1.8416906,-2.4588041,0
12,2300,1.150000,25,1.341795,0.78860213,1.1097573,0.45974412,0.031571746,-0.028363299,-0.0040894272,-0.082914975,0.039521055,0.036007944,0.91201181,-0.37004092,0.17692985,1.3929301,-0.38544601,0
12,2300,1.150000,26,1.341795,1.2061643,0.89661979,0.46103009,0.090488545,0.047288233,0.01876167,-0.03018297,-0.0043433821,0.094312485,-0.47879328,0.3039551,0.82363116,0.60301202,2.5759517,0
12,2300,1.150000,27,1.341795,1.1237864,1.2063726,0.19720673,-0.042323232,0.056415224,0.064924265,0.067722503,0.24758059,-0.094459498,-0.98770296,-0.11594674,0.10487711,1.465726,-3.0247372,0
12,2300,1.150000,28,1.341795,0.88397891,0.90959924,0.7740181,-0.069857985,0.087479701,-0.086601568,-0.11725429,0.051481986,0.18595819,-0.86665533,-0.26265025,0.42417377,1.132747,-2.8473291,0
12,2300,1.150000,29,1.341795,0.87753975,1.1456437,1.1856524,0.038463471,-0.00059915047,0.038719362,0.19787466,-0.040605005,0.029442515,-0.51044283,0.624951,-0.59066435,2.2026782,2.2556811,0
12,2300,1.150000,30,1.341795,1.2589784,0.8393764,1.1919801,0.091034444,0.0040787272,0.020422136,-0.1319819,-0.012370218,-0.01344551,0.46337151,-0.49589764,-0.73441975,2.3956077,-0.81929238,0
12,2300,1.150000,31,1.341795,1.2037539,1.2515285,0.81157959,0.055445615,0.018630228,-0.12062933,0.083963147,0.039511705,0.17041292,-0.48424109,-0.31786942,-0.81515005,2.5237845,-2.5607119,0
13,2400,1.200000,0,1.3474123,0.11453035,0.18004781,0.2792471,-0.02154216,0.052834831,0.093851626,-0.19832675,-0.0028330519,0.13645487,-0.48229972,0.8079918,-0.33843201,1.9160464,2.1089419,0
13,2400,1.200000,1,1.3474123,0.13429825,0.56337413,0.45461141,-0.016825794,0.069293254,-0.071628371,-0.13672764,0.20611308,0.15271659,0.66814669,-0.63376023,0.38977938,1.1704043,-0.75899193,0
13,2400,1.200000,2,1.3474123,0.46970543,0.23862184,0.51459226,-0.032400949,0.098265155,0.022873855,0.010501377,0.13064976,0.070590306,0.14647843,-0.52282947,-0.83975795,2.5676336,-1.2976348,0
13,2400,1.200000,3,1.3474123,0.50863984,0.41814266,0.15830065,0.00089211663,-0.12818433,-0.033434396,0.078647359,0.089070501,-0.34891953,0.76108368,0.26725076,0.59104032,0.9384484,0.33769453,0
13,2400,1.200000,4,1.3474123,0.21546787,0.13189974,0.8778705,-0.037091596,-0.024708803,-0.064305994,0.14131835,0.18943413,0.23369671,-0.75571901,0.65484754,-0.0079675609,1.578764,2.4275843,0
13,2400,1.200000,5,1.3474123,0.13777783,0.48457615,1.1569793,-0.017499067,0.047629951,-0.10396983,-0.16861616,0.13944087,0.073936489,0.35559756,0.053900973,0.93308363,0.36790293,0.15043343,0
13,2400,1.200000,6,1.3474123,0.59246108,0.14129574,1.2127628,-0.0068406367,-0.081794477,0.077472084,-0.024281671,-0.29637286,0.0053034358,0.56842212,0.76482955,0.303203,1.2627442,0.93166077,0
13,2400,1.200000,7,1.3474123,0.39229876,0.54423041,0.85427807,-0.11821045,0.051095626,0.011310295,0.17341867,0.20161846,-0.19436463,-0.96650533,0.25571017,0.021903511,1.5488911,2.882947,0
13,2400,1.200000,8,1.3474123,0.22326888,0.83800412,0.19274764,0.0050426272,-0.050215462,-0.029044128,-0.012622365,-0.14020029,-0.14500618,-0.56884094,-0.42296677,-0.70535034,2.3537136,-2.5022266,0
13,2400,1.200000,9,1.3474123,0.26844898,1.1197263,0.51508112,0.11479102,-0.081231834,0.023355585,0.3425138,-0.39370068,-0.3815504,0.42983992,0.79621549,-0.42576817,2.010607,1.0757763,0
13,2400,1.200000,10,1.3474123,0.57665058,0.78674403,0.52261857,0.080551515,-0.078298288,-0.0051215524,0.25420377,0.045803978,0.094485605,-0.12208552,0.51898812,-0.846018,2.579268,1.8018334,0
13,2400,1.200000,11,1.3474123,0.54694981,1.1138526,0.087104468,0.044409434,-0.12383562,-0.040769905,0.067689555,-0.028124401,0.13119316,-0.52134581,-0.72977234,0.4423018,1.1126328,-2.1911183,0
13,2400,1.200000,12,1.3474123,0.088626125,0.83822837,0.79747207,-0.042083999,-0.026245103,0.032328476,0.154045,0.011172572,0.099101077,0.74375771,0.35697026,-0.56515193,2.1714137,0.44748343,0
13,2400,1.200000,13,1.3474123,0.13228621,1.3184721,1.2777793,-0.028183262,0.17842706,0.10842726,-0.044317855,0.31914721,0.077660156,-0.014358712,-0.74087884,0.6714852,0.83458508,-1.5901745,0
13,2400,1.200000,14,1.3474123,0.45574121,0.79927375,1.2126112,-0.029186012,0.0031790082,0.064298763,0.16540108,-0.37061589,-0.066189698,-0.4754121,-0.71705197,0.50972524,1.0359309,-2.1562626,0
13,2400,1.200000,15,1.3474123,0.54439052,1.1589956,0.84387473,0.034507287,-0.013342271,-0.051107292,-0.24865847,0.025308873,-0.032534929,-0.12414961,0.60272416,-0.78823249,2.4787278,1.773936,0
13,2400,1.200000,16,1.3474123,0.86745824,0.21399284,0.18738221,0.07721255,0.029223277,0.025048225,0.17706517,-0.25421336,-0.30796675,-0.81845963,-0.4078918,0.40465803,1.1541915,-2.6792537,0
13,2400,1.200000,17,1.3474123,0.82860271,0.49717906,0.51975817,-0.011379135,0.0083356877,0.046555404,-0.22720829,-0.034752051,-0.045230243,0.34565044,0.13595128,0.92846272,0.38054399,0.37473465,0
13,2400,1.200000,18,1.3474123,1.1302404,0.14220039,0.48421941,-0.046155125,-0.01722726,-0.02404478,0.07044967,-0.0014100154,-0.036941084,-0.31192198,-0.91427956,0.25845226,1.3093766,-1.8995805,0
13,2400,1.200000,19,1.3474123,1.197165,0.51053213,0.12606874,0.050129227,0.014749705,-0.054449836,0.074383967,-0.13308612,-0.070020163,-0.29655443,-0.69509953,0.65489855,0.85674795,-1.9740518,0
13,2400,1.200000,20,1.3474123,0.79866891,0.1788647,0.88308719,-0.067397398,-0.034920657,0.12052242,-0.23192236,-0.049796703,0.25785647,-0.39160041,-0.44728356,-0.80410604,2.5049665,-2.2899141,0
13,2400,1.200000,21,1.3474123,0.86275871,0.55913445,1.1499403,-0.041965402,0.056238762,-0.010959195,-0.36104294,-0.025659317,0.12095462,-0.025209181,-0.59407889,0.80401167,0.63678486,-1.6132049,0
13,2400,1.200000,22,1.3474123,1.1162087,0.18308152,1.1758191,-0.013349845,-0.002378823,-0.066297255,0.04749856,0.30381597,-0.27559223,0.18875031,-0.041288728,-0.98115675,2.9471564,-0.21535567,0
13,2400,1.200000,23,1.3474123,1.1725924,0.42368666,0.79974478,-0.085181415,-0.059170577,-0.072347399,0.11805097,0.010217927,-0.013840565,0.9851147,-0.080072899,0.15210972,1.4180938,-0.081104516,0
13,2400,1.200000,24,1.3474123,0.81310433,0.77113509,0.15100934,0.015613167,-0.086578638,0.048866808,-0.14740613,-0.22915497,0.046046849,-0.75403384,-0.55102296,-0.35750059,1.9363866,-2.5105148,0
13,2400,1.200000,25,1.3474123,0.78871525,1.1187025,0.46367218,0.028390082,-0.024073003,-0.0020902364,-0.033011321,0.11977507,0.035206471,0.92381862,-0.27458258,-0.26676499,1.8408311,-0.28890957,0
13,2400,1.200000,26,1.3474123,1.2093918,0.90130543,0.46675304,0.088670356,0.048218292,0.022546643,-0.019537285,0.034397845,0.054348361,-0.73404731,0.35745502,0.5774084,0.95524542,2.6884277,0
13,2400,1.200000,27,1.3474123,1.1280915,1.2234491,0.19452642,-0.042721997,0.068416226,0.061425667,-0.030636232,0.14774232,-0.10380396,-0.89558008,-0.32859068,-0.2999408,1.8754269,-2.7899399,0
13,2400,1.200000,28,1.3474123,0.88159648,0.91534983,0.78706714,-0.075928456,0.089418265,-0.076813359,-0.16786416,0.080846403,0.23971766,-0.7974538,-0.46071901,0.38962216,1.170575,-2.6177035,0
13,2400,1.200000,29,1.3474123,0.89299455,1.1457285,1.1913858,0.050219942,-0.0053007267,0.039487502,0.27799586,-0.037322807,-0.033821013,-0.29053611,0.75953744,-0.5819722,2.1919481,1.936141,0
13,2400,1.200000,30,1.3474123,1.2559658,0.842745,1.1967212,0.082768526,0.0039336298,0.020173604,-0.16552946,0.0058064198,0.056127799,0.35084336,-0.40412502,-0.84474369,2.5768824,-0.85585603,0
13,2400,1.200000,31,1.3474123,1.2141914,1.2563734,0.82373468,0.060832421,0.018236474,-0.11189012,0.11548832,-0.051506452,0.1801283,-0.37629456,-0.17212729,-0.91037059,2.7149751,-2.7125796,0
14,2500,1.250000,0,1.3452116,0.10917048,0.17933805,0.2869659,-0.0267192,0.052418798,0.1020332,-0.023730638,-0.079123287,0.1368677,-0.50401111,0.74752477,-0.43264248,2.018218,2.1640237,0
14,2500,1.250000,1,1.3452116,0.12875926,0.56938355,0.46352146,-0.022149791,0.076228482,-0.061967922,-0.058652874,0.044265441,0.24384014,0.4072605,-0.78062523,0.47409191,1.0768639,-1.0899314,0
14,2500,1.250000,2,1.3452116,0.4724944,0.2454541,0.51785521,-0.028841918,0.10549305,0.026980627,0.048868112,0.19602333,0.11841135,0.14662561,-0.61323648,-0.77617134,2.459367,-1.3361013,0
14,2500,1.250000,3,1.3452116,0.51143884,0.4238445,0.141681,0.0045248265,-0.12179432,-0.04980888,0.043716688,0.12192472,-0.29865066,0.84684858,0.3338349,0.41400694,1.1439447,0.37550374,0
14,2500,1.250000,4,1.3452116,0.22274133,0.13521637,0.8879584,-0.02945998,-0.02117386,-0.052774878,0.16516484,0.0032594399,0.28342079,-0.6183576,0.73975348,0.26532748,1.3022528,2.2670456,0
14,2500,1.250000,5,1.3452116,0.12871811,0.48903866,1.1610046,-0.02634099,0.052888202,-0.098049952,-0.21222755,0.049994023,0.15746235,0.33797022,-0.028109675,0.94073693,0.34599956,-0.082981057,0
14,2500,1.250000,6,1.3452116,0.58831592,0.12913112,1.2101921,-0.01002075,-0.093738076,0.076881667,-0.092120353,-0.20462783,-0.061998544,0.59555147,0.68466452,0.42018203,1.1371504,0.85489389,0
14,2500,1.250000,7,1.3452116,0.40308245,0.55231437,0.84083336,-0.10677669,0.060075802,-0.0007490041,0.27313484,0.17658323,-0.27678748,-0.96867491,0.20080096,-0.14610916,1.7174304,2.9371931,0
14,2500,1.250000,8,1.3452116,0.22273228,0.83142847,0.18472514,0.004870547,-0.055426691,-0.036758122,0.047892563,-0.064955469,-0.18359547,-0.23660092,-0.79415581,-0.55976473,2.1648982,-1.8603507,0
14,2500,1.250000,9,1.3452116,0.28557698,1.1020834,0.49588838,0.13237184,-0.097058811,0.0049890965,0.34642708,-0.1933662,-0.30917013,-0.086473881,0.85915043,-0.50436376,2.0994413,1.671109,0
14,2500,1.250000,10,1.3452116,0.58389055,0.78751419,0.52448337,0.088739998,-0.076241486,-0.002400955,0.054450244,0.068254751,0.025753929,-0.28142038,0.45142509,-0.84676913,2.5806784,2.1282474,0
14,2500,1.250000,11,1.3452116,0.55094869,1.1120801,0.093252111,0.049305633,-0.1237888,-0.034474853,0.1176397,0.029436252,0.15163575,-0.37673301,-0.85442278,0.35781831,1.2048659,-1.9860746,0
14,2500,1.250000,12,1.3452116,0.095014735,0.83671146,0.80060911,-0.035545295,-0.02639309,0.03677163,0.13908567,0.027714096,0.10319544,0.59580209,0.34912673,-0.72327754,2.3793331,0.53004517,0
14,2500,1.250000,13,1.3452116,0.13063702,1.3329615,1.2777573,-0.029617568,0.1950835,0.11049382,-0.020270774,0.32493503,0.049560688,-0.035727701,-0.83774167,0.54489671,0.9945304,-1.6134181,0
14,2500,1.250000,14,1.3452116,0.46454385,0.7790649,1.2059323,-0.019631214,-0.01573988,0.059596568,0.20686027,-0.37426693,-0.12130947,-0.38080076,-0.82939888,0.40876433,1.1496966,-2.0012156,0
14,2500,1.250000,15,1.3452116,0.52974157,1.1601261,0.84122032,0.020736209,-0.010316311,-0.052384477,-0.25582679,0.064376466,-0.07287435,0.099471043,0.32777377,-0.93950512,2.791979,1.2761548,0
14,2500,1.250000,16,1.3452116,0.87038025,0.19857869,0.17444898,0.081554898,0.014146308,0.012410718,0.044368648,-0.29549473,-0.21097911,-0.81925816,-0.31144197,0.48147685,1.0684574,-2.7783135,0
14,2500,1.250000,17,1.3452116,0.81691203,0.49323436,0.51602608,-0.021724934,0.0052004562,0.043669859,-0.17897945,-0.11725475,-0.061968131,-0.12333939,0.11703966,0.98543854,0.17086216,2.382396,0
14,2500,1.250000,18,1.3452116,1.1278307,0.14260007,0.48118513,-0.04671924,-0.016594811,-0.026290035,-0.11733502,0.050174354,-0.034354559,-0.50684313,-0.85894409,0.072973197,1.4977582,-2.1038875,0
14,2500,1.250000,19,1.3452116,1.198972,0.50603363,0.12159314,0.053894584,0.011082043,-0.058723016,0.078558162,-0.06670809,-0.14427768,-0.20273732,-0.90499717,0.37400228,1.1874756,-1.7911776,0
14,2500,1.250000,20,1.3452116,0.78595064,0.18001738,0.89229452,-0.078820558,-0.033474661,0.13118078,-0.24081342,0.062572099,0.15610166,-0.47858095,-0.62930371,-0.61232109,2.2297894,-2.2209791,0
14,2500,1.250000,21,1.3452116,0.84182396,0.55661109,1.1539864,-0.061507005,0.054627299,-0.0050300889,-0.42341349,-0.051941386,0.093731483,-0.12913556,-0.74038256,0.65966482,0.85042363,-1.7434766,0
14,2500,1.250000,22,1.3452116,1.1172073,0.19775416,1.1603449,-0.010525795,0.012605091,-0.079862082,0.053300418,0.29585083,-0.24448782,-0.075614524,-0.45133826,-0.88914353,2.6662665,-1.7367888,0
14,2500,1.250000,23,1.3452116,1.1766785,0.42462528,0.79717394,-0.079175326,-0.057538633,-0.073613074,0.14247664,0.024061146,-0.026319561,0.94557351,-0.18834403,0.2653625,1.3022164,-0.19661176,0
14,2500,1.250000,24,1.3452116,0.80308589,0.76052088,0.15372277,0.0069156314,-0.095941037,0.051829303,-0.21353858,-0.18079857,0.10155637,-0.76175106,-0.4227325,-0.49095067,2.083977,-2.6349583,0
14,2500,1.250000,25,1.3452116,0.78630256,1.12194,0.46535628,0.027264657,-0.019004188,0.00035316716,0.042632229,0.10150413,0.013885052,0.70844683,-0.12405229,-0.69477631,2.3389052,-0.17334714,0
14,2500,1.250000,26,1.3452116,1.2055326,0.90254255,0.46962723,0.086784857,0.050929696,0.026186147,-0.095907021,0.10051742,0.061093157,-0.88889652,0.35894605,0.28464136,1.282164,2.7578054,0
14,2500,1.250000,27,1.3452116,1.1250866,1.2282375,0.18560786,-0.043885367,0.07520836,0.052817786,0.041178222,0.12284995,-0.23422194,-0.70143257,-0.39417516,-0.59381671,2.2065905,-2.6296155,0
14,2500,1.250000,28,1.3452116,0.87091934,0.91717715,0.79790212,-0.085173271,0.092743308,-0.06468297,-0.15202002,0.048561027,0.31274029,-0.65881416,-0.67631299,0.32949149,1.2350314,-2.3430888,0
14,2500,1.250000,29,1.3452116,0.90626389,1.1398505,1.187379,0.064959827,-0.0093107294,0.037424858,0.28601299,-0.098949233,-0.067897106,0.018144776,0.85216233,-0.52296284,2.1211196,1.5495069,0
14,2500,1.250000,30,1.3452116,1.2445901,0.8399269,1.1989267,0.073436453,0.0024907765,0.02433714,-0.18130603,-0.039150288,0.10933455,0.22027588,-0.35193018,-0.90973825,2.7134495,-1.0115444,0
14,2500,1.250000,31,1.3452116,1.2186721,1.2484349,0.83415336,0.067301485,0.012345142,-0.10011644,0.08690471,-0.14807785,0.21140365,-0.23469448,-0.17358127,-0.95644553,2.8453685,-2.5047774,0
15,2600,1.300000,0,1.3504492,0.11409907,0.17852485,0.29246953,-0.022224397,0.050910278,0.10641102,0.16814808,-0.036964633,0.070971833,-0.47499009,0.59891256,-0.64473883,2.2714779,2.2413081,0
15,2600,1.300000,1,1.3504492,0.12947102,0.57200326,0.47826192,-0.021939769,0.076630514,-0.049057268,0.034027598,-0.016157207,0.24012554,0.17051668,-0.8411471,0.51322083,1.031863,-1.3707875,0
15,2600,1.300000,2,1.3504492,0.47693831,0.2548056,0.52763867,-0.026242714,0.1138726,0.034732757,0.051197942,0.1449608,0.18377485,0.16931271,-0.6044645,-0.77843168,2.4629599,-1.2976915,0
15,2600,1.300000,3,1.3504492,0.51121562,0.42862702,0.12809725,0.0023146103,-0.11866813,-0.06391686,-0.081054151,0.0020917774,-0.23805069,0.90575191,0.35404828,0.23294482,1.3356916,0.3726273,0
15,2600,1.300000,4,1.3504492,0.23052246,0.13360856,0.90914547,-0.0225595,-0.023303994,-0.035079464,0.10965019,-0.034945065,0.44699651,-0.39187854,0.77743654,0.49195898,1.0564579,2.0376906,0
15,2600,1.300000,5,1.3504492,0.11745048,0.49204895,1.1717903,-0.038086961,0.05399227,-0.09179684,-0.25736794,0.071610363,0.14575742,0.40628781,-0.12418876,0.90526646,0.43878982,-0.2966477,0
15,2600,1.300000,6,1.3504492,0.58673584,0.11950062,1.2107366,-0.013883932,-0.1038517,0.072722325,-0.084057779,-0.18972419,-0.093116526,0.64943899,0.54297393,0.53236106,1.009409,0.6963489,0
15,2600,1.300000,7,1.3504492,0.41740566,0.5633917,0.83057265,-0.09404761,0.068985376,-0.014257253,0.27052396,0.1419761,-0.31039101,-0.91622363,0.10826731,-0.38576216,1.9668301,3.0239712,0
15,2600,1.300000,8,1.3504492,0.22626612,0.83121368,0.17234589,0.0075320124,-0.058871954,-0.049831194,0.022967626,-0.084151101,-0.31020073,0.039462229,-0.95257928,-0.3017208,1.8772934,-1.5293933,0
15,2600,1.300000,9,1.3504492,0.30274832,1.0979416,0.48278917,0.14840014,-0.10547532,-0.010011706,0.27405287,-0.13920095,-0.31300057,-0.56021817,0.68465988,-0.46625793,2.0558524,2.2565625,0
15,2600,1.300000,10,1.3504492,0.58532789,0.79722348,0.52805949,0.087905582,-0.069611265,-0.00086988989,-0.060895265,0.13718289,-0.013061368,-0.35517923,0.22808314,-0.90654608,2.7058245,2.5707461,0
15,2600,1.300000,11,1.3504492,0.55787883,1.119464,0.099906086,0.054081377,-0.12074076,-0.028196154,0.07176591,0.091259803,0.12082082,-0.13449494,-0.93344181,0.33256203,1.2317774,-1.7138964,0
15,2600,1.300000,12,1.3504492,0.10188502,0.83871314,0.8097616,-0.029057555,-0.027646712,0.042795243,0.072733829,-0.048452887,0.17633128,0.32456668,0.35648042,-0.87611539,2.6385409,0.83222372,0
15,2600,1.300000,13,1.3504492,0.13052172,0.0026510982,1.2853743,-0.030240289,0.21000342,0.11313076,0.01711602,0.27080523,0.041673426,0.0051248987,-0.92095911,0.38962552,1.1705714,-1.5652316,0
15,2600,1.300000,14,1.3504492,0.47729067,0.76586752,1.2035742,-0.0087143152,-0.031939071,0.05255682,0.26513739,-0.3032199,-0.15475381,-0.30535495,-0.90768304,0.28787124,1.2787931,-1.8953146,0
15,2600,1.300000,15,1.3504492,0.51864066,1.1659077,0.84211365,0.0075982791,-0.0090541585,-0.05476182,-0.24685333,0.049527882,0.012694315,0.28659984,0.055672851,-0.95643142,2.8453202,0.19186345,0
15,2600,1.300000,16,1.3504492,0.87533898,0.1849081,0.16701556,0.083121749,-0.00026944079,0.0043138103,0.017757641,-0.28033892,-0.12931851,-0.79837066,-0.24378424,0.55061197,0.98769916,-2.8452328,0
15,2600,1.300000,17,1.3504492,0.81776391,0.48806225,0.51465063,-0.024049194,-0.0018783141,0.040291827,-0.018926973,-0.19586224,-0.10185695,-0.4427273,-0.11323459,0.88947764,0.47459552,-2.8911946,0
15,2600,1.300000,18,1.3504492,1.1245182,0.15085244,0.48693872,-0.05440804,-0.0089125755,-0.022417464,-0.19296026,0.25497332,0.14930054,-0.61024165,-0.78243511,-0.12409847,1.6952155,-2.2331767,0
15,2600,1.300000,19,1.3504492,1.2045286,0.50513081,0.11649907,0.054781228,0.0082145465,-0.064279714,-0.057979927,-0.048938545,-0.045499809,-0.077839679,-0.99466823,0.067646919,1.5030977,-1.6488941,0
15,2600,1.300000,20,1.3504492,0.77925244,0.18206331,0.90068327,-0.088559939,-0.032132232,0.13608585,-0.12959645,0.022468171,0.010517327,-0.47178112,-0.81749403,-0.33034237,1.9074626,-2.0942123,0
15,2600,1.300000,21,1.3504492,0.82405691,0.55450047,1.1598481,-0.082510892,0.050357805,-0.0036641626,-0.45395153,-0.084611293,-0.014119547,-0.3405427,-0.80249217,0.4899357,1.0587803,-1.9721217,0
15,2600,1.300000,22,1.3504492,1.1268352,0.21431384,1.1510514,-0.0052579712,0.028364194,-0.093646593,0.11255329,0.35198542,-0.32024501,-0.30956507,-0.73724932,-0.60052719,2.2149566,-1.9683325,0
15,2600,1.300000,23,1.3504492,1.1878807,0.42740833,0.79705258,-0.072567329,-0.056411055,-0.076831984,0.1066518,-0.030491028,-0.089341726,0.89243292,-0.19543703,0.40665447,1.1520073,-0.21559009,0
15,2600,1.300000,24,1.3504492,0.79283152,0.75725886,0.15912603,-0.0064396038,-0.10215207,0.056624726,-0.26953011,-0.089292009,0.091059983,-0.7536621,-0.27014454,-0.59917891,2.2132715,-2.7974165,0
15,2600,1.300000,25,1.3504492,0.79374503,1.1350102,0.46835153,0.031637152,-0.010319109,0.0015342466,0.13706369,0.24829484,0.0091598777,0.37214597,-0.0052773195,-0.92815921,2.7602324,-0.014179828,0
15,2600,1.300000,26,1.3504492,1.2046467,0.91286521,0.47885356,0.08121605,0.057725099,0.03356963,-0.060416232,0.12762438,0.13301393,-0.97942877,0.19880177,0.034599642,1.5361898,2.941336,0
15,2600,1.300000,27,1.3504492,1.1362996,1.2356347,0.17336991,-0.037066145,0.077818341,0.039882299,0.206329,0.051642778,-0.27604209,-0.60834803,-0.31645894,-0.72785055,2.3859785,-2.6619207,0
15,2600,1.300000,28,1.3504492,0.86500854,0.92208793,0.81957594,-0.09445696,0.094080457,-0.04615179,-0.20399525,0.030658583,0.43448628,-0.49308998,-0.8276704,0.26799995,1.2994799,-2.1080897,0
15,2600,1.300000,29,1.3504492,0.92461397,1.1376586,1.1847929,0.079752621,-0.015927751,0.030229687,0.32262765,-0.16357244,-0.24735808,0.36870885,0.81728323,-0.44283394,2.0295533,1.1469951,0
15,2600,1.300000,30,1.3504492,1.2395515,0.8429984,1.2101164,0.063571275,0.0022924078,0.030846128,-0.17290783,-0.01201102,0.15412184,0.1267494,-0.32948314,-0.93561501,2.7807935,-1.2035561,0
15,2600,1.300000,31,1.3504492,1.2265131,1.2449393,0.84689468,0.070391582,0.0040049836,-0.090641307,0.040491657,-0.19293683,0.23232347,-0.045844131,-0.087837607,-0.99507933,3.0423484,-2.0518251,0
16,2700,1.350000,0,1.3519646,0.12244977,0.17634472,0.30011596,-0.014006343,0.048531142,0.11372514,0.12517786,-0.047969922,0.17548213,-0.37927751,0.35585305,-0.85411778,2.5946485,2.3880481,0
16,2700,1.350000,1,1.3519646,0.12935209,0.57041549,0.49388012,-0.022203831,0.074402098,-0.033984223,-0.036030889,-0.06035207,0.29882289,-0.08146586,-0.83995427,0.53650735,1.0045034,-1.6674824,0
16,2700,1.350000,2,1.3519646,0.47823454,0.25872885,0.53553919,-0.025482128,0.11750787,0.042037074,0.007720026,0.0016621271,0.10003016,0.22146825,-0.57286259,-0.78916428,2.4802434,-1.2018954,0
16,2700,1.350000,3,1.3519646,0.50685294,0.42825973,0.1176008,-0.0026189687,-0.11951593,-0.074551091,-0.14905451,-0.081559225,-0.18304689,0.94288529,0.33123375,0.035377083,1.5354119,0.33783073,0
16,2700,1.350000,4,1.3519646,0.2364407,0.13357959,0.92858763,-0.01690312,-0.023482801,-0.016667841,0.11564178,-0.022374219,0.35657372,-0.066283489,0.81034027,0.58219854,0.94936617,1.6524117,0
16,2700,1.350000,5,1.3519646,0.10550913,0.49834454,1.1812859,-0.05015335,0.059732473,-0.083620777,-0.21098583,0.1365257,0.11700176,0.48123493,-0.24874536,0.84055856,0.57248284,-0.47706786,0
16,2700,1.350000,6,1.3519646,0.58095224,0.10908818,1.2086027,-0.020322345,-0.11439233,0.069231717,-0.1817763,-0.20880523,-0.026373515,0.71446828,0.46106705,0.52626253,1.0165971,0.5730845,0
16,2700,1.350000,7,1.3519646,0.42923928,0.56797494,0.81549478,-0.082688764,0.07293418,-0.030258198,0.23765174,0.091332047,-0.3298398,-0.8120122,0.12498164,-0.57010155,2.1774258,2.9888751,0
16,2700,1.350000,8,1.3519646,0.2309551,0.82591212,0.15540285,0.01196459,-0.065102792,-0.066958037,0.092418712,-0.11197832,-0.3987778,0.30156564,-0.9530845,0.02623156,1.5445618,-1.2643531,0
16,2700,1.350000,9,1.3519646,0.31208325,1.0948498,0.46668059,0.1573903,-0.10979677,-0.02665273,0.12322421,-0.026807695,-0.32457222,-0.92162704,0.31166154,-0.2312373,1.8041456,2.8155004,0
16,2700,1.350000,10,1.3519646,0.58316784,0.80432156,0.52361143,0.08509027,-0.063411285,-0.0059076937,-0.031140907,0.10908409,-0.18230466,-0.24360851,-0.17069225,-0.95473507,2.8395642,-2.5304087,0
16,2700,1.350000,11,1.3519646,0.5607377,1.1255598,0.10467666,0.056312956,-0.11590395,-0.023540307,0.061375487,0.097073119,0.051780802,0.14008899,-0.9423907,0.30376776,1.2621515,-1.4232242,0
16,2700,1.350000,12,1.3519646,0.10752007,0.8374951,0.81971296,-0.023539931,-0.029804727,0.051832836,0.14396288,-0.012070036,0.21520569,0.036075634,0.34279144,-0.93871858,2.78969,1.4659415,0
16,2700,1.350000,13,1.3519646,0.12967882,0.015568072,1.2899907,-0.031229104,0.22291018,0.11630297,-0.012165183,0.24481994,0.067289171,0.010283049,-0.98070438,0.19522597,1.3743085,-1.5603113,0
16,2700,1.350000,14,1.3519646,0.48863095,0.75236616,1.1981322,0.0020843039,-0.046291819,0.045768013,0.14886445,-0.23251494,-0.13401195,-0.16665361,-0.96739157,0.19073573,1.3788847,-1.741393,0
16,2700,1.350000,15,1.3519646,0.51038097,1.1698169,0.84404041,-0.0012384658,-0.0064547493,-0.053780611,-0.10439293,0.094588443,0.024739561,0.43814873,-0.16180094,-0.88422064,2.6556191,-0.35374924,0
16,2700,1.350000,16,1.3519646,0.87653318,0.16995012,0.16156508,0.083333544,-0.01542642,-0.0013209294,0.016679394,-0.34876317,-0.099559333,-0.69488062,-0.23967391,0.67800984,0.82574459,-2.8094562,0
16,2700,1.350000,17,1.3519646,0.81842239,0.47973556,0.5123598,-0.02430824,-0.010747722,0.037425072,0.027094305,-0.10915879,-0.049000566,-0.60850192,-0.2680069,0.74692551,0.72737028,-2.7267195,0
16,2700,1.350000,18,1.3519646,1.1187371,0.16262332,0.49603394,-0.061447115,0.0026825171,-0.01387347,-0.11084942,0.22397643,0.13913028,-0.68504087,-0.70090705,-0.19861599,1.7707419,-2.3447471,0
16,2700,1.350000,19,1.3519646,1.2016861,0.50624562,0.11732681,0.050589397,0.0087622053,-0.063583098,-0.13075571,0.016093076,0.089033334,0.029407437,-0.9743907,-0.2229304,1.7956158,-1.5406252,0
16,2700,1.350000,20,1.3519646,0.7739893,0.18325958,0.90016448,-0.094694099,-0.031140827,0.13455719,-0.081192711,-0.023041572,-0.073571962,-0.25642018,-0.96595022,-0.03447988,1.605283,-1.8302709,0
16,2700,1.350000,21,1.3519646,0.80383613,0.5501446,1.1577678,-0.10364456,0.045382484,-0.0070440878,-0.37674149,-0.12222108,-0.095290044,-0.55313087,-0.7733216,0.30987084,1.2557391,-2.1916948,0
16,2700,1.350000,22,1.3519646,1.1327485,0.23185778,1.1343369,-0.00061184803,0.045657939,-0.11164272,0.083601277,0.3059324,-0.30794148,-0.44046922,-0.87945955,-0.18038226,1.7521714,-2.0351163,0
16,2700,1.350000,23,1.3519646,1.1936075,0.42598193,0.79653179,-0.068175958,-0.058316017,-0.078246413,0.056595115,-0.019003951,0.065105264,0.83780542,-0.15308925,0.52406657,1.0191776,-0.18073261,0
16,2700,1.350000,24,1.3519646,0.78543704,0.75563988,0.16388254,-0.014719137,-0.10461945,0.061200103,-0.12358645,0.012956159,0.099051203,-0.71605186,-0.14618443,-0.68256857,2.3220678,-2.9402066,0
16,2700,1.350000,25,1.3519646,0.80161496,1.1501216,0.4685187,0.038612449,0.0035108408,0.0011760511,0.13630142,0.28642655,-0.0046542731,0.063172942,0.18070885,-0.98150573,2.9489709,1.2344921,0
16,2700,1.350000,26,1.3519646,1.2008487,0.91932039,0.48340503,0.076069097,0.063152845,0.037581492,-0.079356362,0.081493475,0.062598822,-0.95378642,-0.1201696,-0.2754101,1.8498126,-3.0162609,0
16,2700,1.350000,27,1.3519646,1.1493904,1.2405035,0.16247169,-0.025257131,0.081298652,0.028795743,0.26054627,0.07765384,-0.16234641,-0.63311233,-0.2034503,-0.74684453,2.4141006,-2.8306661,0
16,2700,1.350000,28,1.3519646,0.85585412,0.92406341,0.84347397,-0.10457639,0.09502066,-0.023186351,-0.1750741,0.020850507,0.47440634,-0.34280807,-0.92404085,0.16920738,1.4007709,-1.926045,0
16,2700,1.350000,29,1.3519646,0.94079373,1.1304422,1.1715853,0.094886315,-0.024416048,0.015700695,0.26524245,-0.16272978,-0.30489953,0.65011576,0.70906945,-0.27307509,1.8473845,0.82874528,0
16,2700,1.350000,30,1.3519646,1.2323349,0.8453736,1.2182053,0.054968471,0.0037208132,0.037573311,-0.21402379,0.028680804,0.1181036,0.072727844,-0.26967416,-0.96020128,2.8585183,-1.3073755,0
16,2700,1.350000,31,1.3519646,1.2341671,1.2360575,0.86072276,0.076665775,-0.0062680708,-0.077770813,0.17258165,-0.20214648,0.24352868,0.16647168,0.090099542,-0.9819212,2.9511535,0.49608542,0
17,2800,1.400000,0,1.3480372,0.12838708,0.17371195,0.31160216,-0.0077041555,0.046407572,0.12610118,0.14791073,-0.040471957,0.28077656,-0.37023945,0.17701876,-0.91191398,2.7187204,2.695602,0
17,2800,1.400000,1,1.3480372,0.12777371,0.56682517,0.50622595,-0.023408203,0.072466025,-0.020183592,-0.0062363853,-0.023649221,0.30270728,-0.32903224,-0.74875041,0.57542211,0.95767615,-1.9848355,0
17,2800,1.400000,2,1.3480372,0.47650355,0.25585511,0.53757961,-0.025824339,0.11538264,0.045638479,0.025005071,-0.12523209,0.012625203,0.30269691,-0.55822754,-0.77250023,2.4535654,-1.0739254,0
17,2800,1.400000,3,1.3480372,0.49522782,0.42345398,0.11001172,-0.012786467,-0.12308277,-0.081809099,-0.2459981,-0.1180343,-0.10959832,0.95414652,0.28854313,-0.07966979,1.6505506,0.29366602,0
17,2800,1.400000,4,1.3480372,0.24269475,0.13240227,0.94165063,-0.0099521013,-0.024273217,-0.00088433127,0.14096513,0.029349617,0.30231893,0.29324411,0.8431045,0.45075792,1.1031821,1.2360697,0
17,2800,1.400000,5,1.3480372,0.097161186,0.50435025,1.1863633,-0.058206498,0.067196741,-0.075099294,-0.094307067,0.15199764,0.20061291,0.55408861,-0.3863424,0.73737735,0.74161687,-0.60888294,0
17,2800,1.400000,6,1.3480372,0.56907139,0.097617806,1.2078613,-0.030530368,-0.12556205,0.072005371,-0.23549363,-0.25953731,0.077038942,0.77352451,0.28186358,0.56763787,0.9671625,0.3494353,0
17,2800,1.400000,7,1.3480372,0.44072732,0.57134089,0.79634067,-0.069935227,0.077957412,-0.047067746,0.25963922,0.1179778,-0.32788338,-0.6794196,0.17843457,-0.71172334,2.3627448,2.8847646,0
17,2800,1.400000,8,1.3480372,0.23290729,0.818638,0.13609177,0.014591529,-0.069984726,-0.085845137,0.017879103,-0.066169929,-0.36507258,0.46926862,-0.79908747,0.37582732,1.1855069,-1.0398004,0
17,2800,1.400000,9,1.3480372,0.31459813,1.0921916,0.44894388,0.16081676,-0.10927359,-0.043057588,0.040679066,0.026464229,-0.29582917,-0.97913137,-0.14748319,0.13982298,1.4305137,-2.99209,0
17,2800,1.400000,10,1.3480372,0.5825893,0.80464496,0.51348551,0.086207463,-0.060747449,-0.014525052,0.075328333,0.020401202,-0.12597685,-0.069119944,-0.66039181,-0.7477333,2.4154381,-1.6750817,0
17,2800,1.400000,11,1.3480372,0.56238457,1.1251742,0.10529344,0.059593542,-0.11301558,-0.022618096,0.042921832,0.096768106,-0.0042612747,0.41022654,-0.87204713,0.2669232,1.3005973,-1.1310932,0
17,2800,1.400000,12,1.3480372,0.11579544,0.83789805,0.82711863,-0.014939708,-0.026964708,0.061634039,0.15211167,0.12872758,0.1823396,-0.27638336,0.35140177,-0.89449932,2.6781064,2.2372615,0
17,2800,1.400000,13,1.3480372,0.12703563,0.027998934,1.2893938,-0.033498876,0.23540444,0.11945807,-0.048785257,0.20619723,0.056066286,0.0045806759,-0.99860394,-0.052623136,1.6234438,-1.5662093,0
17,2800,1.400000,14,1.3480372,0.48732231,0.74205706,1.185718,0.0021953047,-0.054427127,0.03682138,-0.18198034,-0.062750409,-0.18772146,-0.14200711,-0.97860919,0.14885575,1.4213853,-1.7149016,0
17,2800,1.400000,15,1.3480372,0.50593247,1.1687308,0.84616411,-0.0042086172,-0.0041392129,-0.0491983,-0.014971962,0.047308555,0.11567609,0.55784304,-0.28237479,-0.78043297,2.4661543,-0.46858765,0
17,2800,1.400000,16,1.3480372,0.87540002,0.15293985,0.1545349,0.084748787,-0.031967038,-0.0078913155,0.013569287,-0.29417494,-0.11887678,-0.41872044,-0.37875963,0.8253571,0.59996196,-2.4062615,0
17,2800,1.400000,17,1.3480372,0.8166386,0.47261495,0.50811944,-0.023713648,-0.016483038,0.034669117,0.0027482505,-0.0037520797,-0.076807222,-0.72594493,-0.33136643,0.60266098,0.92396483,-2.7133778,0
17,2800,1.400000,18,1.3480372,1.1098981,0.17115665,0.49960047,-0.06704428,0.011701389,-0.0088586585,-0.10058062,0.090652064,0.061115648,-0.7964313,-0.5852867,-0.15210741,1.7234965,-2.5078345,0
17,2800,1.400000,19,1.3480372,1.1907744,0.50375085,0.12441992,0.04315786,0.0077365894,-0.056138326,-0.15345912,-0.032685966,0.16850413,0.082075281,-0.92442645,-0.37242366,1.9524155,-1.4822434,0
17,2800,1.400000,20,1.3480372,0.77031907,0.17764167,0.8890034,-0.096117951,-0.036233775,0.12599864,-0.0047811019,-0.12564544,-0.23388727,0.042357087,-0.98821028,0.14712689,1.4231334,-1.5279601,0
17,2800,1.400000,21,1.3480372,0.7882039,0.53879483,1.1471541,-0.11696101,0.035616681,-0.014305069,-0.080002023,-0.29465998,-0.14681673,-0.71733873,-0.67001033,0.19107929,1.3785347,-2.3902955,0
17,2800,1.400000,22,1.3480372,1.12879,0.239574,1.1197052,-0.0012806089,0.054059929,-0.12299562,-0.090842522,0.040815338,-0.1115242,-0.48868963,-0.85679863,0.1645556,1.4054889,-2.0891418,0
17,2800,1.400000,23,1.3480372,1.1905248,0.42759226,0.79620006,-0.067790719,-0.055464056,-0.076261315,0.0037121383,0.12078796,-0.03577665,0.86164968,-0.15007253,0.48480724,1.0646536,-0.1724391,0
17,2800,1.400000,24,1.3480372,0.78136542,0.75620577,0.16651208,-0.016511665,-0.1018544,0.064310242,0.039661354,0.076927592,-0.010647393,-0.63843511,0.045722966,-0.76831636,2.4470029,3.0700975,0
17,2800,1.400000,25,1.3480372,0.80404645,1.1628906,0.46751293,0.043379575,0.019644372,0.0015318516,0.033711994,0.35126122,-0.01390869,-0.30864894,0.35406135,-0.88282297,2.6526351,2.2877762,0
17,2800,1.400000,26,1.3480372,1.191635,0.92060273,0.48513052,0.070335539,0.067111569,0.04071584,-0.15223535,0.064283992,0.067357249,-0.77906526,-0.40487108,-0.47868228,2.0699496,-2.6623188,0
17,2800,1.400000,27,1.3480372,1.1627906,1.2407312,0.15788042,-0.0084935721,0.085135597,0.024670459,0.38054314,0.041712402,-0.018648665,-0.65698496,-0.14969058,-0.73889342,2.402223,-2.9175722,0
17,2800,1.400000,28,1.3480372,0.84589031,0.92149969,0.86032322,-0.11206483,0.095141538,-0.0038586883,-0.15376715,-0.011676875,0.27453181,-0.093340654,-0.98438917,0.14921623,1.4210207,-1.6653346,0
17,2800,1.400000,29,1.3480372,0.94695079,1.1222395,1.157385,0.10378935,-0.029342027,0.0048881323,0.092178705,-0.085427527,-0.10487076,0.83190538,0.53109784,-0.16083695,1.7323349,0.56818536,0
17,2800,1.400000,30,1.3480372,1.2202771,0.84550341,1.2169567,0.046478291,0.0063102045,0.039866956,-0.14223583,0.067211635,0.0077711049,-0.029926454,-0.20296319,-0.97872895,2.9349679,-1.7171892,0
17,2800,1.400000,31,1.3480372,1.2397016,1.2244412,0.86867572,0.085798779,-0.014305352,-0.067302215,0.2254629,-0.13520259,0.17678328,0.44840758,0.28953835,-0.84563478,2.5785496,0.5733489,0
18,2900,1.450000,0,1.3521073,0.13459101,0.17298281,0.33061425,-0.0018966075,0.045155839,0.14414526,0.080100062,-0.01745794,0.38444143,-0.4840853,0.054778819,-0.87330447,2.6327409,3.0289125,0
18,2900,1.450000,1,1.3521073,0.12685925,0.56614834,0.52045253,-0.024706482,0.070081401,-0.0075045533,0.020612455,-0.032659522,0.23957917,-0.50548162,-0.58875158,0.63076137,0.88826233,-2.280242,0
18,2900,1.450000,2,1.3521073,0.47616221,0.24708618,0.53799318,-0.027601683,0.10585559,0.044430773,-0.07202497,-0.21396576,-0.023701596,0.4266407,-0.45115681,-0.7838592,2.4716531,-0.81332001,0
18,2900,1.450000,3,1.3521073,0.48682575,0.41702371,0.10578221,-0.022668863,-0.13077995,-0.086363893,-0.13246479,-0.2051818,-0.056575993,0.93541889,0.32440387,-0.14054762,1.7118108,0.33382178,0
18,2900,1.450000,4,1.3521073,0.24928893,0.13689875,0.95552903,-0.0040994947,-0.020182664,0.010134369,0.1165606,0.089533424,0.092704454,0.55864059,0.81129925,0.17237815,1.3975529,0.9677792,0
18,2900,1.450000,5,1.3521073,0.09848397,0.51101466,1.1966173,-0.057178618,0.072330643,-0.068437347,0.068877169,0.10332216,0.080833516,0.58921702,-0.50493761,0.63076248,0.88826089,-0.70852299,0
18,2900,1.450000,6,1.3521073,0.55922457,0.087258047,1.2140003,-0.04207796,-0.13620051,0.074493767,-0.18324467,-0.19315004,0.0078142237,0.77150374,0.13396197,0.62196156,0.89955108,0.17192333,0
18,2900,1.450000,7,1.3521073,0.4553035,0.57650063,0.78717257,-0.056709657,0.081386953,-0.058622785,0.28282907,0.081528054,-0.13082342,-0.58764646,0.25406087,-0.76819575,2.4468145,2.7335246,0
18,2900,1.450000,8,1.3521073,0.2340546,0.81571901,0.11999981,0.015034966,-0.075367288,-0.10232316,0.032317065,-0.066599529,-0.24704409,0.49341639,-0.48432055,0.72247759,0.76341722,-0.77609548,0
18,2900,1.450000,9,1.3521073,0.31760885,1.1015064,0.43985946,0.16287453,-0.10326551,-0.053481772,0.0447422,0.18875654,-0.1653523,-0.7006175,-0.56986986,0.42939896,1.1269692,-2.4587449,0
18,2900,1.450000,10,1.3521073,0.5882953,0.80948522,0.5109793,0.090148529,-0.058340253,-0.018575505,0.031013606,0.045277602,-0.090093177,-0.062013169,-0.94795909,-0.31229462,1.8884038,-1.6361208,0
18,2900,1.450000,11,1.3521073,0.56549051,1.131238,0.10716489,0.060999379,-0.1103529,-0.021066896,0.029885502,0.014149187,0.11487516,0.68450726,-0.70066151,0.20130392,1.3681074,-0.79705993,0
18,2900,1.450000,12,1.3521073,0.12321308,0.8503625,0.83871162,-0.0078823201,-0.01704505,0.07071605,0.12922249,0.24329684,0.17413195,-0.6157297,0.28081267,-0.73622087,2.3982653,2.7137067,0
18,2900,1.450000,13,1.3521073,0.12580941,0.036422626,1.2939539,-0.035106227,0.24373105,0.12012422,-0.070895422,0.13108127,0.01297373,-0.045599891,-0.99224063,-0.11566842,1.6867242,-1.6167205,0
18,2900,1.450000,14,1.3521073,0.47203724,0.74285046,1.1808536,-0.014535898,-0.055872009,0.028389682,-0.43135638,-0.067164215,-0.16979514,-0.40879277,-0.9005142,0.14819801,1.4220504,-1.9969342,0
18,2900,1.450000,15,1.3521073,0.50735296,1.1754714,0.85471557,-0.0043155091,-0.00093206547,-0.043210658,0.0050762491,0.10451497,0.15750514,0.58872274,-0.35467925,-0.72636642,2.3838167,-0.54222306,0
18,2900,1.450000,16,1.3521073,0.87587424,0.1423902,0.15147961,0.082583205,-0.042961888,-0.011407889,-0.026718472,-0.17917146,-0.027240585,-0.061414935,-0.56706308,0.82138156,0.60696734,-1.6786794,0
18,2900,1.450000,17,1.3521073,0.82082497,0.47373882,0.50425599,-0.021995505,-0.016785659,0.029279648,0.036066129,-0.074393695,-0.097258535,-0.7943986,-0.3407535,0.50281002,1.0439498,-2.7363851,0
18,2900,1.450000,18,1.3521073,1.107514,0.1722208,0.50285319,-0.072770888,0.01224795,-0.0071169867,-0.14144181,-0.029420338,0.037179806,-0.90526444,-0.42471494,0.010654461,1.5601417,-2.702919,0
18,2900,1.450000,19,1.3521073,1.1880326,0.50560085,0.13212478,0.036830358,0.0080651421,-0.048820153,-0.14458579,0.050239121,0.161762,0.087808592,-0.86970551,-0.48569742,2.0779572,-1.4701737,0
18,2900,1.450000,20,1.3521073,0.772213,0.17077958,0.88076479,-0.096549168,-0.043621075,0.11509233,0.0021635293,-0.17982723,-0.23782158,0.35898367,-0.90688206,0.2206709,1.348294,-1.193878,0
18,2900,1.450000,21,1.3521073,0.79183146,0.52426837,1.1390632,-0.11571512,0.019487769,-0.02584211,0.10636062,-0.34678572,-0.22208642,-0.76158367,-0.64324084,0.078940033,1.4917741,-2.4402364,0
18,2900,1.450000,22,1.3521073,1.1274006,0.23822286,1.1247419,-0.0060709191,0.05198857,-0.12134214,-0.089129238,-0.051110665,0.15188982,-0.49821206,-0.81836525,0.28646651,1.2802596,-2.1176535,0
18,2900,1.450000,23,1.3521073,1.193314,0.4410359,0.79168471,-0.068594773,-0.043329719,-0.083170191,-0.086952583,0.33423923,-0.20414097,0.96848185,-0.12959259,0.21271733,1.3564412,-0.13301988,0
18,2900,1.450000,24,1.3521073,0.78861279,0.7613894,0.16450879,-0.011630794,-0.098958321,0.061807978,0.12663708,0.052679232,-0.031736013,-0.51208481,0.21330352,-0.8320281,2.55355,2.7469099,0
18,2900,1.450000,25,1.3521073,0.80614112,1.1835166,0.46868222,0.043047117,0.036733623,0.0012899566,-0.013978465,0.32516252,-0.039442081,-0.60236442,0.4025959,-0.68925587,2.3312578,2.5524191,0
18,2900,1.450000,26,1.3521073,1.1830395,0.92375386,0.49131953,0.058160562,0.067482607,0.045432997,-0.27293857,0.021037896,0.091620653,-0.54718423,-0.61891789,-0.56349806,2.1694104,-2.2947562,0
18,2900,1.450000,27,1.3521073,1.186925,1.2467853,0.15640904,0.012099046,0.087440169,0.02272533,0.44572479,0.017671149,-0.11126102,-0.61084665,-0.16796659,-0.77372708,2.4554997,-2.8732512,0
18,2900,1.450000,28,1.3521073,0.84391814,0.92051931,0.87092609,-0.11658415,0.091384564,0.0041345978,-0.091166359,-0.13358509,0.070642329,0.15802706,-0.94936048,0.27155502,1.2957879,-1.4058523,0
18,2900,1.450000,29,1.3521073,0.95303781,1.1243047,1.160822,0.10701241,-0.030663147,0.0048307579,0.036501878,0.055123615,0.079229236,0.894929,0.38670494,-0.22262382,1.7953013,0.40787477,0
18,2900,1.450000,30,1.3521073,1.2167778,0.85176856,1.2222623,0.039305413,0.010016976,0.041495786,-0.19343528,0.09029125,0.0057048779,-0.23948605,-0.080664374,-0.96754312,2.8861167,-2.8167048,0
18,2900,1.450000,31,1.3521073,1.2583821,1.2238993,0.87779897,0.10071382,-0.01853775,-0.060811511,0.34168247,-0.13536282,0.046890888,0.6776657,0.44201802,-0.58769829,2.1990074,0.57796626,0
19,3000,1.500000,0,1.3521073,0.13778774,0.17292583,0.34858391,0.0013001209,0.045098854,0.16211493,-0.035718809,-0.015691868,0.31495901,-0.60235334,0.058081056,-0.79611371,2.4916421,3.0454663,0
19,3000,1.500000,1,1.3521073,0.13257132,0.56429362,0.52783902,-0.018994417,0.068226681,-0.00011805413,0.19626596,-0.040178184,-0.0026013407,-0.59702824,-0.41584449,0.68602525,0.81478444,-2.5332034,0
19,3000,1.500000,2,1.3521073,0.47442817,0.2344864,0.53645403,-0.029335723,0.093255803,0.042891627,0.023659692,-0.24822967,0.010531854,0.63734219,-0.30471098,-0.7077755,2.3571406,-0.44597166,0
19,3000,1.500000,3,1.3521073,0.47864017,0.40865015,0.10606834,-0.030854451,-0.13915352,-0.086077763,-0.12001736,-0.11092814,-0.0084193164,0.9003169,0.39931702,-0.17313401,1.7448072,0.41745997,0
19,3000,1.500000,4,1.3521073,0.25320165,0.14536521,0.95228371,-0.00018677809,-0.011716204,0.0068890471,0.044351536,0.2682296,-0.23541744,0.66691207,0.69943504,-0.25694147,1.8306524,0.80919653,0
19,3000,1.500000,5,1.3521073,0.10267242,0.51720979,1.2012378,-0.052990164,0.078525772,-0.063816846,0.090408126,0.12414219,0.11264181,0.60552221,-0.61807657,0.50132246,1.0456698,-0.795658,0
19,3000,1.500000,6,1.3521073,0.5519087,0.080809567,1.2144514,-0.04939383,-0.14264899,0.074944863,-0.11786482,-0.11624403,0.036200354,0.74302079,0.19141407,0.64131175,0.87458967,0.25213376,0
19,3000,1.500000,7,1.3521073,0.46704172,0.57721329,0.78328535,-0.044971437,0.082099613,-0.062510008,0.19277539,-0.072203599,-0.034310053,-0.67020924,0.26773631,-0.69219711,2.3353253,2.7615332,0
19,3000,1.500000,8,1.3521073,0.23220389,0.81297924,0.11087394,0.01318425,-0.078107062,-0.11144903,-0.062242631,-0.076799874,-0.14479438,0.50497534,-0.11939144,0.85483658,0.5455605,-0.23216692,0
19,3000,1.500000,9,1.3521073,0.31658873,1.1106599,0.4309904,0.16185441,-0.094111975,-0.062350836,-0.076827068,0.22341411,-0.1420021,-0.20601727,-0.82858951,0.52057306,1.0232743,-1.8144909,0
19,3000,1.500000,10,1.3521073,0.59088596,0.81535454,0.50208473,0.09273919,-0.052470939,-0.027470074,0.12498093,0.2331407,-0.29799907,-0.12582288,-0.98901141,0.077621053,1.4930971,-1.6973374,0
19,3000,1.500000,11,1.3521073,0.56719042,1.1288582,0.11456172,0.062699286,-0.11273272,-0.013670062,0.064807438,-0.039487239,0.11873227,0.91274435,-0.40020806,0.082044242,1.4886598,-0.4132216,0
19,3000,1.500000,12,1.3521073,0.12995601,0.86204967,0.84870333,-0.0011393861,-0.005357874,0.080707762,0.17665208,0.20350547,0.20562425,-0.84671726,0.13681298,-0.51415182,2.1108148,2.9813967,0
19,3000,1.500000,13,1.3521073,0.1251756,0.044323894,1.2965685,-0.03574004,0.25163232,0.12273884,0.01099621,0.2022207,0.088604097,-0.11011387,-0.98751878,-0.11261262,1.6836483,-1.6818432,0
19,3000,1.500000,14,1.3521073,0.45328474,0.7372468,1.1732599,-0.033288396,-0.061475671,0.020795938,-0.26899502,-0.16749961,-0.21870737,-0.67899544,-0.72939704,0.083337587,1.487362,-2.3204231,0
19,3000,1.500000,15,1.3521073,0.50970667,1.1826107,0.85963217,-0.0019618033,0.0062071919,-0.038294059,0.04918939,0.15667983,0.034773665,0.58940906,-0.32051458,-0.74153042,2.4061449,-0.49806273,0
19,3000,1.500000,16,1.3521073,0.87405044,0.13779285,0.15189575,0.080759404,-0.047559236,-0.010991752,-0.062114799,-0.036943588,-0.011214516,0.22812067,-0.70778624,0.66858029,0.83849832,-1.2590069,0
19,3000,1.500000,17,1.3521073,0.82561321,0.46795695,0.49662538,-0.017207272,-0.022567531,0.021649037,0.1207002,-0.10060751,-0.14461983,-0.82995031,-0.37540895,0.41261436,1.1454741,-2.7168053,0
19,3000,1.500000,18,1.3521073,1.0973394,0.16958228,0.50432281,-0.082945466,0.0096094281,-0.0056473717,-0.23466205,-0.080064487,0.0011720875,-0.93043346,-0.25648799,0.26173936,1.3059724,-2.8726083,0
19,3000,1.500000,19,1.3521073,1.1828969,0.50838427,0.14060139,0.031694647,0.010848563,-0.040343546,-0.092466888,0.095892214,0.18752166,0.065410216,-0.84653798,-0.52829438,2.1273868,-1.4936816,0
19,3000,1.500000,20,1.3521073,0.77273079,0.16192353,0.86929896,-0.096031383,-0.052477128,0.10362651,0.019781631,-0.17822751,-0.18354271,0.63240139,-0.6942696,0.34359598,1.220053,-0.83199858,0
19,3000,1.500000,21,1.3521073,0.79474455,0.50423011,1.1262122,-0.11280203,-0.00055049103,-0.038693144,-0.018279755,-0.45436033,-0.25873869,-0.81101551,-0.58407355,0.033345682,1.5374445,-2.517454,0
19,3000,1.500000,22,1.3521073,1.1241737,0.2356917,1.1326673,-0.0092978273,0.049457414,-0.11341669,-0.075087194,-0.0016390754,0.17829734,-0.57916815,-0.7205393,0.38129696,1.1795975,-2.2478489,0
19,3000,1.500000,23,1.3521073,1.1841259,0.45781725,0.78486853,-0.077782908,-0.026548368,-0.089986373,-0.30743199,0.26994629,-0.031187325,0.9916156,-0.10854641,-0.070115411,1.6409693,-0.10903011,0
19,3000,1.500000,24,1.3521073,0.79758547,0.76429914,0.16142975,-0.0026581192,-0.09604858,0.058728947,0.23593885,0.027051852,-0.0050598513,-0.38155343,0.37455076,-0.84506136,2.5774762,2.3654557,0
19,3000,1.500000,25,1.3521073,0.80574322,1.1993045,0.46754714,0.042649217,0.052521483,0.00015488351,-0.026461016,0.29058412,0.052708847,-0.84694778,0.32055941,-0.4241711,2.0088427,2.7797677,0
19,3000,1.500000,26,1.3521073,1.1719612,0.92632396,0.49664723,0.047082226,0.070052708,0.050760701,-0.16799234,0.071583973,0.10235142,-0.33769201,-0.79013081,-0.5115246,2.1077545,-1.9746874,0
19,3000,1.500000,27,1.3521073,1.2072717,1.2455095,0.15437719,0.032445779,0.086164364,0.020693476,0.3584437,-0.099581874,0.02272293,-0.55385157,-0.21161599,-0.80527455,2.5069347,-2.7766287,0
19,3000,1.500000,28,1.3521073,0.83988102,0.9098207,0.87111418,-0.12062128,0.080685957,0.0043226858,-0.068327902,-0.28377893,-0.047390087,0.34798116,-0.80835053,0.4748458,1.0760075,-1.1642907,0
19,3000,1.500000,29,1.3521073,0.95099598,1.129628,1.1681013,0.10497058,-0.025339823,0.012110046,-0.073014051,0.16136248,0.20019782,0.83969272,0.3156348,-0.4419172,2.0285311,0.35955354,0
19,3000,1.500000,30,1.3521073,1.2057979,0.85335322,1.2243063,0.028325568,0.011601634,0.043539801,-0.23579265,-0.079289898,0.10888924,-0.35297346,0.093062501,-0.93099361,2.7679218,2.883806,0
19,3000,1.500000,31,1.3521073,1.2761424,1.2154368,0.87704466,0.11847413,-0.027000302,-0.061565821,0.37164532,-0.17345806,-0.028979453,0.8013618,0.54848041,-0.23872264,1.8118466,0.60020339,0
20,3100,1.550000,0,1.3552828,0.13196479,0.16989674,0.36214785,-0.0048392381,0.041667662,0.17484526,-0.18907264,-0.099143337,0.18739918,-0.57473029,0.21338361,-0.79003324,2.4816595,2.7860908,0
20,3100,1.550000,1,1.3552828,0.14488674,0.56391826,0.52565046,-0.0070044089,0.066528026,-0.0035422667,0.24328423,-0.021659168,-0.09466848,-0.61649319,-0.32581491,0.71678504,0.77161563,-2.6554081,0
20,3100,1.550000,2,1.3552828,0.48052311,0.22077494,0.53801235,-0.024360848,0.079010349,0.043189693,0.15807666,-0.30135947,0.09313753,0.68235886,-0.20395898,-0.70198798,2.3489814,-0.29044989,0
20,3100,1.550000,3,1.3552828,0.47342959,0.40307277,0.10640638,-0.037181726,-0.14568298,-0.085988934,-0.083135393,-0.10997672,-0.0083347515,0.90727317,0.41798816,-0.046274071,1.6170869,0.43172307,0
20,3100,1.550000,4,1.3552828,0.25781354,0.16062351,0.93883661,0.003825742,0.0031832227,-0.0087761812,0.10196143,0.3134096,-0.34909573,0.5827735,0.53607916,-0.61073249,2.2277816,0.74368824,0
20,3100,1.550000,5,1.3552828,0.10422628,0.52082288,1.2083324,-0.051678977,0.080921354,-0.059548352,-0.053490134,0.024628992,0.026403164,0.61917611,-0.71307458,0.32885496,1.2357055,-0.85576289,0
20,3100,1.550000,6,1.3552828,0.5484316,0.077447318,1.2209353,-0.054161535,-0.14619686,0.078572284,-0.076474764,-0.04777902,0.1260671,0.76295149,0.2941735,0.57564484,0.95740379,0.36800778,0
20,3100,1.550000,7,1.3552828,0.4736673,0.57064062,0.78489629,-0.03944921,0.074180603,-0.062738393,0.095288623,-0.19355298,0.031298257,-0.84670281,0.13092229,-0.51570699,2.112629,2.9881816,0
20,3100,1.550000,8,1.3552828,0.22691669,0.81497555,0.10683256,0.0073585369,-0.078020189,-0.11574577,-0.10317429,-0.01321601,-0.066648959,0.62144437,0.22021716,0.75187186,0.7198997,0.34055677,0
20,3100,1.550000,9,1.3552828,0.31260948,1.1278574,0.42848351,0.15713716,-0.079540012,-0.065865813,-0.14707098,0.35032303,-0.046527213,0.30391422,-0.8357296,0.45737531,1.0957549,-1.2220121,0
20,3100,1.550000,10,1.3552828,0.60114411,0.82569064,0.48832456,0.10159921,-0.044059614,-0.042391928,0.20668571,0.09471956,-0.25151552,-0.23388758,-0.94941446,0.20954423,1.3596875,-1.8123361,0
20,3100,1.550000,11,1.3552828,0.57532392,1.1308116,0.11800364,0.069492739,-0.11342974,-0.010500918,0.15864092,-0.064464255,0.070558269,0.99953371,0.028091729,-0.011967569,1.5827642,0.028097437,0
20,3100,1.550000,12,1.3552828,0.13988519,0.87370469,0.86120822,0.0084733051,0.0042612829,0.091207097,0.20648232,0.22534313,0.22321997,-0.93159804,-0.080100259,-0.35455469,1.9332341,-3.055822,0
20,3100,1.550000,13,1.3552828,0.12596523,0.056879098,1.3025727,-0.035244971,0.26406883,0.12569443,0.056878564,0.27055246,0.035253333,-0.017463186,-0.96781565,-0.25105358,1.8245649,-1.5888383,0
20,3100,1.550000,14,1.3552828,0.44719704,0.73022348,1.162099,-0.040432293,-0.070220212,0.0068959271,-0.039729819,-0.14789899,-0.29848948,-0.86401326,-0.49649972,-0.083481189,1.6543748,-2.6200262,0
20,3100,1.550000,15,1.3552828,0.51392655,1.191766,0.86240871,0.0010574581,0.012577541,-0.037537306,0.06039953,0.1070554,0.018987101,0.54764391,-0.1686012,-0.81954853,2.531419,-0.29865802,0
20,3100,1.550000,16,1.3552828,0.87201132,0.14132641,0.15448626,0.076672313,-0.04435305,-0.0087605949,-0.078720719,0.099956192,0.081665173,0.44030417,-0.81696556,0.37242382,1.189177,-1.0764758,0
20,3100,1.550000,17,1.3552828,0.83113155,0.46210657,0.49133325,-0.013632128,-0.029508791,0.015198112,0.072459629,-0.1334588,-0.1588844,-0.77136316,-0.4621564,0.43750467,1.1179745,-2.601804,0
20,3100,1.550000,18,1.3552828,1.0884947,0.16521576,0.50525712,-0.094353966,0.0048502134,-0.0058972008,-0.23278966,-0.092649081,-0.0030334211,-0.82165517,-0.074893148,0.56504319,0.97031073,-3.0506947,0
20,3100,1.550000,19,1.3552828,1.1835577,0.51155202,0.15216396,0.029579735,0.01282003,-0.029124346,-0.019547638,0.04782601,0.27571654,0.038425566,-0.7950535,-0.60532092,2.2209653,-1.5225031,0
20,3100,1.550000,20,1.3552828,0.77652507,0.15397331,0.86155029,-0.094054225,-0.060797878,0.093847701,0.039864157,-0.1547629,-0.19534612,0.76608477,-0.42392974,0.4831125,1.0665902,-0.50542827,0
20,3100,1.550000,21,1.3552828,0.79739702,0.48340448,1.1161817,-0.11201699,-0.022534556,-0.051353706,0.070848251,-0.44531208,-0.23281011,-0.80965702,-0.58662031,-0.018224274,1.5890216,-2.514593,0
20,3100,1.550000,22,1.3552828,1.1232275,0.23677014,1.1426793,-0.012880057,0.049981695,-0.10607352,-0.058801045,0.012752008,0.12421251,-0.6288706,-0.62016852,0.46894859,1.0826963,-2.3631614,0
20,3100,1.550000,23,1.3552828,1.1659895,0.47312641,0.78809392,-0.098675769,-0.012331091,-0.088605919,-0.46511953,0.27387416,0.066648352,0.96732491,-0.12241369,-0.22203021,1.7946925,-0.12587955,0
20,3100,1.550000,24,1.3552828,0.81272586,0.76857559,0.16286173,0.010593543,-0.093570041,0.059780559,0.28736827,0.057717503,0.038389972,-0.29624863,0.51153596,-0.80657778,2.5091361,2.095733,0
20,3100,1.550000,25,1.3552828,0.8068904,1.2175124,0.47178453,0.041904933,0.067894667,0.0032905253,-0.0083184286,0.28981639,0.063895946,-0.96239066,0.21268617,-0.16902308,1.7406347,2.9240909,0
20,3100,1.550000,26,1.3552828,1.1645601,0.93236569,0.50302653,0.036940576,0.073914375,0.055967484,-0.26933242,0.084947806,0.074447226,-0.23255272,-0.86435191,-0.44588676,2.032961,-1.8336212,0
20,3100,1.550000,27,1.3552828,1.2216899,1.2402949,0.16039341,0.04401508,0.07803405,0.026340511,0.1398679,-0.17217481,0.14468021,-0.437818,-0.23381772,-0.86812711,2.6222127,-2.6510757,0
20,3100,1.550000,28,1.3552828,0.83827797,0.89946986,0.86785556,-0.12419266,0.068212971,-0.00097559302,-0.09044028,-0.26419576,-0.12169283,0.49041531,-0.5335074,0.68910281,0.81054608,-0.82745863,0
20,3100,1.550000,29,1.3552828,0.94962863,1.1443729,1.1829941,0.10137397,-0.013262091,0.024245203,-0.078869205,0.25929204,0.17607883,0.59658607,0.35598742,-0.71927604,2.373556,0.53799507,0
20,3100,1.550000,30,1.3552828,1.1977021,0.85029039,1.2308443,0.017410696,0.0065405806,0.047198108,-0.21853009,-0.088292133,0.014437871,-0.248062,0.17503893,-0.95279936,2.8331232,2.527101,0
20,3100,1.550000,31,1.3552828,1.2975134,1.2101767,0.87802094,0.13682646,-0.035105383,-0.062648065,0.36760597,-0.13954576,-0.036563095,0.84227372,0.53541809,0.062469496,1.5082861,0.56624377,0
21,3200,1.600000,0,1.361058,0.12196248,0.16712458,0.36983135,-0.015381463,0.038178944,0.18097253,-0.20279781,-0.069402114,0.092032443,-0.37511207,0.49390034,-0.78444463,2.4725965,2.220343,0
21,3200,1.600000,1,1.361058,0.15766613,0.56576874,0.52183011,0.0051317796,0.065976686,-0.0095896848,0.25481746,0.042813738,-0.12762113,-0.62405462,-0.29488578,0.72360086,0.76179119,-2.7001599,0
21,3200,1.600000,2,1.361058,0.49363707,0.20882684,0.54561689,-0.013317995,0.066148815,0.048490366,0.26250851,-0.22556573,0.13105525,0.57347345,-0.25171857,-0.77959346,2.4648128,-0.41361572,0
21,3200,1.600000,3,1.361058,0.47195172,0.40088982,0.10503046,-0.040669579,-0.14957524,-0.087814398,-0.01275954,-0.049364073,-0.075598829,0.91358765,0.39354737,0.10236247,1.4682542,0.40674884,0
21,3200,1.600000,4,1.361058,0.26360519,0.17841477,0.92277808,0.0085088292,0.02025373,-0.02879277,0.061304508,0.3410188,-0.43232789,0.47661181,0.31392541,-0.82115286,2.5342245,0.58243942,0
21,3200,1.600000,5,1.361058,0.1005687,0.51708674,1.2169834,-0.05577199,0.074978493,-0.056053865,-0.17708797,-0.19929856,0.14440317,0.55941225,-0.80800127,0.18491049,1.3848155,-0.96522928,0
21,3200,1.600000,6,1.361058,0.54699307,0.075342866,1.2356424,-0.05792905,-0.14862617,0.088056523,-0.029424434,-0.044834602,0.23282045,0.7736992,0.38689179,0.5017014,1.0452318,0.46369123,0
21,3200,1.600000,7,1.361058,0.48142341,0.56268449,0.78870429,-0.03372369,0.063814875,-0.062276014,0.11584979,-0.15542185,-0.012706727,-0.96873053,-0.0072035216,-0.24801061,1.8214225,-3.1341567,0
21,3200,1.600000,8,1.361058,0.22211069,0.82022075,0.10627459,0.0015978431,-0.076251555,-0.11675683,-0.13498986,0.088656834,0.020747841,0.76001782,0.469164,0.44973109,1.1043321,0.55304783,0
21,3200,1.600000,9,1.361058,0.30297469,1.1477345,0.43033128,0.14619354,-0.064500961,-0.065843968,-0.27255978,0.22845266,0.025239871,0.6773626,-0.68137881,0.27731359,1.2897994,-0.78835399,0
21,3200,1.600000,10,1.361058,0.6134934,0.83350184,0.47791004,0.11136611,-0.039775991,-0.054860808,0.18034325,0.07059238,-0.23840805,-0.46119901,-0.87674229,0.13644935,1.43392,-2.055056,0
21,3200,1.600000,11,1.361058,0.58632329,1.1337347,0.12389789,0.078022372,-0.11532123,-0.0051209482,0.19833432,-0.0014362423,0.09082905,0.87740108,0.47975177,-0.0023615678,1.5731579,0.5003733,0
21,3200,1.600000,12,1.361058,0.14946227,0.88739901,0.87479021,0.017435247,0.014211368,0.10109824,0.16292109,0.16475405,0.14205461,-0.89510497,-0.37485144,-0.24139905,1.8146036,-2.7450028,0
21,3200,1.600000,13,1.361058,0.13018498,0.069844339,1.3104908,-0.031569808,0.27676471,0.12805694,0.048668972,0.26580066,0.054133294,0.20908313,-0.87561645,-0.43540794,2.0212877,-1.3364015,0
21,3200,1.600000,14,1.361058,0.45328268,0.72977757,1.1522595,-0.036261137,-0.073770232,-0.0078642029,0.19321689,-0.057703334,-0.29652771,-0.89253519,-0.21594829,-0.39591321,1.9778584,-2.9042053,0
21,3200,1.600000,15,1.361058,0.51483865,1.1979739,0.86607613,-0.00021770516,0.013704634,-0.037544807,-0.093025824,-0.012937098,-0.044075849,0.52028276,0.064132576,-0.85158256,2.5897931,0.12264617,0
21,3200,1.600000,16,1.361058,0.87216167,0.14820535,0.15791732,0.07311437,-0.038089659,-0.005993724,-0.09409193,0.12211952,0.029940897,0.59024498,-0.8062158,0.040335522,1.5304499,-0.93883836,0
21,3200,1.600000,17,1.361058,0.837695,0.46002523,0.48508576,-0.010616747,-0.033550693,0.0068746303,0.080816763,-0.04981605,-0.12162219,-0.70540104,-0.54476023,0.45348171,1.1001284,-2.4839903,0
21,3200,1.600000,18,1.361058,1.0818458,0.15832061,0.50867164,-0.10561722,-0.002732835,-0.0046383818,-0.22563571,-0.1660463,0.074790729,-0.55933773,0.093235152,0.82367986,0.60292614,2.9764228,0
21,3200,1.600000,19,1.361058,1.187471,0.51638308,0.16688245,0.028452061,0.015465608,-0.015084109,0.0013992952,0.030203992,0.2996947,0.0068845215,-0.73406638,-0.67904282,2.3172543,-1.561418,0
21,3200,1.600000,20,1.361058,0.77938398,0.14745207,0.85708164,-0.09450333,-0.067960005,0.085725039,-0.0010256776,-0.12357272,-0.19850946,0.7702857,-0.16067918,0.61712409,0.90571377,-0.20564794,0
21,3200,1.600000,21,1.361058,0.80403508,0.46575054,1.1088707,-0.10878371,-0.042206577,-0.063395429,0.09509132,-0.30273489,-0.22631428,-0.77889093,-0.61784396,-0.10769287,1.6786985,-2.47099,0
21,3200,1.600000,22,1.361058,1.1251025,0.24015888,1.1535063,-0.015785202,0.052356459,-0.10012835,-0.025196976,0.08859687,0.1300432,-0.70434188,-0.42879564,0.56571797,0.96949265,-2.5947356,0
21,3200,1.600000,23,1.361058,1.1459941,0.48484472,0.79499503,-0.12358682,-0.0026494738,-0.085070589,-0.52011225,0.15306803,0.016832702,0.95563079,-0.092076758,-0.27980649,1.8543889,-0.096055296,0
21,3200,1.600000,24,1.361058,0.83351903,0.77559418,0.16109357,0.027886724,-0.089834489,0.05732363,0.37826258,0.057525093,-0.10004886,-0.19336628,0.62492534,-0.75635825,2.4285243,1.8708755,0
21,3200,1.600000,25,1.361058,0.81148538,1.2353736,0.47699079,0.043059093,0.080540916,0.0064796147,0.022337208,0.20602717,0.031796505,-0.97530061,0.13009941,0.1785017,1.3913328,3.0089814,0
21,3200,1.600000,26,1.361058,1.1574828,0.94049136,0.50881886,0.024926351,0.078058188,0.059608549,-0.21232124,0.057606776,0.02177435,-0.17138321,-0.89144829,-0.41946126,2.0036481,-1.7607314,0
21,3200,1.600000,27,1.361058,1.2329541,1.235458,0.17260212,0.050060446,0.067933446,0.037841296,0.12407248,-0.23292241,0.28403066,-0.30788489,-0.20016223,-0.93013008,2.7655632,-2.5651328,0
21,3200,1.600000,28,1.361058,0.83893939,0.88885204,0.86177128,-0.12709717,0.053792946,-0.01073726,0.0069785368,-0.29904426,-0.19457017,0.56808602,-0.25987105,0.7808619,0.674752,-0.42903219,0
21,3200,1.600000,29,1.361058,0.94997573,1.1627969,1.195715,0.097682322,0.00025663313,0.031908846,-0.12369903,0.27496267,0.12216149,0.22506867,0.42704763,-0.87577076,2.6378265,1.0857561,0
21,3200,1.600000,30,1.361058,1.190291,0.85001384,1.2380721,0.004922437,0.0026490023,0.049176792,-0.27005033,-0.082423922,0.10700862,-0.029296229,0.089356557,-0.99556875,3.047417,1.8876107,0
21,3200,1.600000,31,1.361058,1.3188464,1.2102568,0.8806794,0.15259696,-0.04017136,-0.063728772,0.25383808,-0.099515044,0.0010904091,0.87766592,0.36331383,0.31257894,1.2528895,0.392478,0
22,3300,1.650000,0,1.3627722,0.11028312,0.16704853,0.37453567,-0.027206989,0.037892587,0.18520841,-0.25509021,0.082483933,0.083252465,-0.070816272,0.71086888,-0.69975031,2.3458442,1.6700881,0
22,3300,1.650000,1,1.3627722,0.1695898,0.56767052,0.51483148,0.016849503,0.067165159,-0.017240722,0.19449367,0.043062699,-0.16653316,-0.63402231,-0.29955464,0.7129395,0.77711506,-2.700213,0
22,3300,1.650000,2,1.3627722,0.50908637,0.19732418,0.54725772,0.0015002665,0.054390541,0.04944341,0.28606513,-0.25732997,-0.12230391,0.45290215,-0.37472723,-0.80898649,2.5132222,-0.69122116,0
22,3300,1.650000,3,1.3627722,0.47247645,0.40053544,0.10175859,-0.040739207,-0.15043399,-0.091216415,0.054832005,-0.00095175316,-0.061837049,0.9232072,0.32023182,0.21246186,1.3567027,0.33388266,0
22,3300,1.650000,4,1.3627722,0.26415265,0.19457312,0.90259369,0.0087241502,0.036177361,-0.050125937,-0.057527818,0.24528283,-0.37626534,0.35889489,0.048808398,-0.93210096,2.7709671,0.13516712,0
22,3300,1.650000,5,1.3627722,0.090524229,0.50749887,1.2267329,-0.065936727,0.064745814,-0.047842265,-0.25891478,-0.19831108,0.16201066,0.51421317,-0.847053,0.13448431,1.4359033,-1.0252008,0
22,3300,1.650000,6,1.3627722,0.54728918,0.074611277,1.2499944,-0.058321616,-0.14945213,0.10084417,0.091783736,0.01022181,0.28625654,0.83113387,0.43474257,0.3467209,1.2167235,0.48193412,0
22,3300,1.650000,7,1.3627722,0.48495105,0.55287344,0.78963334,-0.030804219,0.05330176,-0.062340274,0.086860977,-0.24448717,-0.01070841,-0.99275767,-0.082568213,0.08726226,1.4834229,-3.0586131,0
22,3300,1.650000,8,1.3627722,0.21808751,0.82653881,0.11036723,-0.0027023693,-0.070969861,-0.11280053,-0.10795524,0.1096574,0.10793986,0.80968068,0.58685917,0.0036742386,1.5671221,0.6271792,0
22,3300,1.650000,9,1.3627722,0.29109668,1.1586869,0.43240344,0.13394165,-0.055000113,-0.064314749,-0.24404594,0.13452684,0.058079046,0.92246404,-0.38126377,0.060811463,1.5099473,-0.39192774,0
22,3300,1.650000,10,1.3627722,0.62269322,0.83887225,0.46725929,0.11978796,-0.035458071,-0.066106392,0.18758733,0.068946874,-0.24197443,-0.69103662,-0.71602565,0.098871935,1.4717626,-2.3384366,0
22,3300,1.650000,11,1.3627722,0.59845051,1.1345287,0.12991405,0.089403983,-0.1159548,0.00073548611,0.25388189,-0.012404226,0.090020107,0.59159847,0.80443553,0.053802679,1.5169677,0.93669151,0
22,3300,1.650000,12,1.3627722,0.15707369,0.89401951,0.88290632,0.024853758,0.019710766,0.10810817,0.1478784,0.048162066,0.15440488,-0.7095622,-0.7007534,-0.073933516,1.6447974,-2.3624404,0
22,3300,1.650000,13,1.3627722,0.13164107,0.082468765,1.3142877,-0.030278491,0.28929328,0.13020196,0.017658955,0.26057437,0.05344055,0.38415884,-0.74029762,-0.55170772,2.1552067,-1.0921237,0
22,3300,1.650000,14,1.3627722,0.46328798,0.72628714,1.139918,-0.026832656,-0.078177016,-0.021648279,0.14182463,-0.10621712,-0.23255661,-0.71303132,0.23175293,-0.66172269,2.2939105,2.8273382,0
22,3300,1.650000,15,1.3627722,0.5096908,1.197545,0.86296112,-0.0060103254,0.011768143,-0.041747969,-0.14421644,-0.098602801,-0.12806984,0.47663779,0.28978385,-0.8299649,2.5498411,0.54626283,0
22,3300,1.650000,16,1.3627722,0.86819286,0.15465503,0.16154937,0.068050298,-0.031830573,-0.0025627257,-0.073628315,0.15421965,0.086207129,0.71432199,-0.6426368,-0.27705963,1.8515289,-0.73261939,0
22,3300,1.650000,17,1.3627722,0.84381877,0.45996201,0.47702143,-0.0055512113,-0.034192896,-0.0017951982,0.097339777,0.014596072,-0.19092621,-0.68344076,-0.58086648,0.44215705,1.1127942,-2.437148,0
22,3300,1.650000,18,1.3627722,1.0778651,0.15387165,0.51289738,-0.11095717,-0.0073782791,-0.0010555493,0.0075329508,-0.0010230132,0.078871881,-0.20348962,0.23116626,0.95139589,0.31305917,2.2926055,0
22,3300,1.650000,19,1.3627722,1.1901371,0.51745916,0.18202608,0.029621788,0.015891061,-0.00016006154,-0.047132347,0.030320527,0.32367465,0.052150212,-0.67858506,-0.73266819,2.3930305,-1.4940957,0
22,3300,1.650000,20,1.3627722,0.78487269,0.14218286,0.8471774,-0.08999906,-0.073411499,0.074748248,0.13009283,-0.13299005,-0.21142233,0.65477076,-0.037854806,0.75487897,0.71532676,-0.057749546,0
22,3300,1.650000,21,1.3627722,0.80823289,0.45503381,1.1020484,-0.10560056,-0.053502785,-0.071609133,0.027131403,-0.1628653,-0.086728139,-0.76525852,-0.60551881,-0.21846365,1.7910361,-2.4722035,0
22,3300,1.650000,22,1.3627722,1.1258949,0.24409688,1.1623018,-0.016409468,0.055989702,-0.092790263,0.0097260794,0.023522911,0.15736809,-0.71924091,-0.24876305,0.64869828,0.86492358,-2.8086028,0
22,3300,1.650000,23,1.3627722,1.1218673,0.49508977,0.79670108,-0.14914086,0.00697887,-0.08436625,-0.48802713,0.23685707,-0.010261184,0.95684767,-0.061710917,-0.28396181,1.8587198,-0.064404785,0
22,3300,1.650000,24,1.3627722,0.85215959,0.7785138,0.15372897,0.045466434,-0.087892918,0.049760897,0.36104874,0.022217463,-0.17450994,-0.073491113,0.78126378,-0.61985963,2.2393601,1.6645873,0
22,3300,1.650000,25,1.3627722,0.81206367,1.2435732,0.47955917,0.042615635,0.087180397,0.0084460075,-0.084389807,0.06295367,0.010453695,-0.84528902,0.079343192,0.5283854,1.0140986,3.0480017,0
22,3300,1.650000,26,1.3627722,1.1478251,0.94538772,0.5105084,0.013817826,0.0817677,0.060656599,-0.1908874,0.086647349,0.0051027251,-0.17574181,-0.91089463,-0.37334407,1.9534075,-1.7613877,0
22,3300,1.650000,27,1.3627722,1.2398785,1.2235353,0.18500186,0.055428662,0.054463218,0.050015981,0.12740227,-0.26756579,0.25562906,-0.19577382,-0.15667924,-0.96805177,2.8881373,-2.4666643,0
22,3300,1.650000,28,1.3627722,0.84271015,0.87474853,0.85570766,-0.12438473,0.038579534,-0.017881758,0.074239603,-0.31929571,-0.086559935,0.62673497,-0.079675156,0.77514847,0.68384626,-0.12644907,0
22,3300,1.650000,29,1.3627722,0.94327507,1.1765499,1.2016284,0.089790171,0.012537437,0.036313435,-0.15747259,0.19670707,0.034102594,-0.22555768,0.47384407,-0.85123177,2.5891243,2.0150739,0
22,3300,1.650000,30,1.3627722,1.1782087,0.84675161,1.2457155,-0.0086504512,-0.0016810561,0.055257032,-0.25026664,-0.1094356,0.13368053,0.2076314,-0.0080123098,-0.97817432,2.9322817,-0.038569966,0
22,3300,1.650000,31,1.3627722,1.3276201,1.20948,0.88380602,0.15970516,-0.042470997,-0.0617126,0.03804702,0.077057078,0.091563833,0.7863445,0.1890147,0.58816305,0.94201073,0.23589609,0
23,3400,1.700000,0,1.3678843,0.098533331,0.17292114,0.38364275,-0.039347755,0.043128748,0.19289609,-0.25132472,0.10219496,0.17933744,0.23099425,0.79461484,-0.56145251,2.1669364,1.2878937,0
23,3400,1.700000,1,1.3678843,0.1793981,0.57127702,0.50657946,0.026004483,0.068639389,-0.027405008,0.18445764,0.050660991,-0.20863568,-0.66541012,-0.30065078,0.6832558,0.81858404,-2.7172198,0
23,3400,1.700000,2,1.3678843,0.52182986,0.1865005,0.53972903,0.012313775,0.042848255,0.039879701,0.19165573,-0.21174663,-0.19097801,0.34335942,-0.5183188,-0.78323044,2.4706412,-0.9857198,0
23,3400,1.700000,3,1.3678843,0.47816956,0.40112922,0.097445933,-0.036825826,-0.15134104,-0.095902023,0.069655538,-0.042523945,-0.14374418,0.93371892,0.15560739,0.32242103,1.2425103,0.16513572,0
23,3400,1.700000,4,1.3678843,0.25572107,0.20870435,0.88945958,-0.00068073939,0.049553642,-0.066615074,-0.23578406,0.25722164,-0.22919181,0.14963782,-0.32059669,-0.93532149,2.779963,-1.1341025,0
23,3400,1.700000,5,1.3678843,0.080429854,0.50011472,1.2358613,-0.076351189,0.055475241,-0.043324164,-0.14632056,-0.12430502,0.06936156,0.44681079,-0.87872753,0.16792277,1.4020742,-1.1003919,0
23,3400,1.700000,6,1.3678843,0.55489432,0.077114678,1.2671379,-0.052779893,-0.14723278,0.11327531,0.13429747,0.14275837,0.27290685,0.89180404,0.43844318,0.11159357,1.4589698,0.45693423,0
23,3400,1.700000,7,1.3678843,0.49522576,0.54362139,0.78997276,-0.022364506,0.041996883,-0.064958101,0.16532283,-0.27321615,-0.086169487,-0.91598939,-0.18073594,0.35818704,1.204471,-2.9467828,0
23,3400,1.700000,8,1.3678843,0.21724447,0.83948894,0.11179506,-0.0043604244,-0.061138732,-0.11178861,-0.043354017,0.27763356,-0.028814218,0.74899983,0.52707615,-0.40148473,1.9839337,0.61320931,0
23,3400,1.700000,9,1.3678843,0.28051585,1.1670444,0.43471642,0.12229064,-0.050996656,-0.063625135,-0.21489732,0.013196796,-0.071350129,0.98846959,-0.034234659,-0.14749864,1.7188351,-0.034620165,0
23,3400,1.700000,10,1.3678843,0.63387559,0.84515764,0.45979385,0.12861789,-0.032325405,-0.07530743,0.15877453,0.031775955,-0.12788748,-0.88106675,-0.4721366,0.028432731,1.5423598,-2.6496631,0
23,3400,1.700000,11,1.3678843,0.61468625,1.1326957,0.13341121,0.10336861,-0.12203233,0.003739676,0.30417986,-0.18147853,0.058579972,0.27326709,0.95049057,0.14796207,1.422289,1.2908455,0
23,3400,1.700000,12,1.3678843,0.16692475,0.89533193,0.89388663,0.034098281,0.017673266,0.1157621,0.20139233,-0.10296609,0.11942028,-0.4197841,-0.89391614,0.15714719,1.412995,-2.0098305,0
23,3400,1.700000,13,1.3678843,0.13395803,0.094702544,1.3219854,-0.028458767,0.30119541,0.13296419,0.040207888,0.21963866,-0.011498739,0.56947368,-0.55787356,-0.60371916,2.2189545,-0.77510878,0
23,3400,1.700000,14,1.3678843,0.47009864,0.72278687,1.1340977,-0.021769413,-0.08439018,-0.031725844,0.1033068,-0.073540538,-0.1271238,-0.33316981,0.64739504,-0.68547614,2.3260538,2.0460804,0
23,3400,1.700000,15,1.3678843,0.50407631,1.1956173,0.85999891,-0.013522753,0.0053600944,-0.047935815,-0.1919335,-0.19966066,-0.10142767,0.4031045,0.41300853,-0.81665826,2.526393,0.79753318,0
23,3400,1.700000,16,1.3678843,0.86464119,0.16358239,0.16585934,0.06125449,-0.023498971,0.0011343024,-0.19667151,0.19271074,0.06981235,0.74567437,-0.34379155,-0.57076886,2.1782382,-0.43200323,0
23,3400,1.700000,17,1.3678843,0.85165239,0.4622684,0.47069566,-0.00089173215,-0.033613039,-0.0098952474,0.13901334,0.028242714,-0.085338958,-0.64993552,-0.53343073,0.54132751,0.99878118,-2.4543302,0
23,3400,1.700000,18,1.3678843,1.0854845,0.15365236,0.52261609,-0.1073878,-0.0081732905,0.0067245544,0.099685204,-0.035282065,0.16403049,0.16643601,0.34374129,0.92419748,0.39186741,1.1198767,0
23,3400,1.700000,19,1.3678843,1.1932012,0.5195457,0.19979104,0.028223982,0.016036182,0.01689015,0.031802949,-0.03770716,0.33433594,0.1286624,-0.65808425,-0.74187,2.4066512,-1.3777213,0
23,3400,1.700000,20,1.3678843,0.79673604,0.13650294,0.84147624,-0.081096671,-0.079613182,0.065885658,0.22992408,-0.17214623,-0.12073675,0.58353538,0.11413152,0.80402765,0.636758,0.19314802,0
23,3400,1.700000,21,1.3678843,0.80901707,0.45289241,1.1050127,-0.1078441,-0.057343972,-0.072776766,-0.14274621,-0.052603278,0.02477916,-0.77678316,-0.54203661,-0.32063101,1.8971919,-2.532347,0
23,3400,1.700000,22,1.3678843,1.1303576,0.24481404,1.1751536,-0.01617076,0.055791551,-0.084314534,-0.047951098,-0.030846824,0.20318455,-0.65104234,-0.15234455,0.743596,0.73236376,-2.9117276,0
23,3400,1.700000,23,1.3678843,1.0996406,0.50954394,0.79789114,-0.17552667,0.019552273,-0.086161488,-0.5385228,0.26791283,-0.061547157,0.95942533,-0.081036783,-0.27006679,1.8442587,-0.084263873,0
23,3400,1.700000,24,1.3678843,0.87295874,0.78365774,0.14562467,0.063035982,-0.085673575,0.041096132,0.27349067,0.055797406,-0.17107907,-0.014812502,0.90528056,-0.42455589,2.0092676,1.5871572,0
23,3400,1.700000,25,1.3678843,0.81032197,1.2471853,0.48408546,0.037836578,0.086129467,0.011168233,-0.096657374,-0.050559315,0.040432199,-0.58555029,0.044509688,0.80941321,0.62764413,3.0657251,0
23,3400,1.700000,26,1.3678843,1.142236,0.95226549,0.51153964,0.0039414027,0.085092815,0.059774417,-0.18875429,0.063139356,-0.073739274,-0.19718586,-0.94319906,-0.26738228,1.8414717,-1.7768887,0
23,3400,1.700000,27,1.3678843,1.2507565,1.2159266,0.20034005,0.061643835,0.042287466,0.064632813,0.15591154,-0.25806759,0.27836017,-0.10812802,-0.1950744,-0.97480988,2.9166634,-2.0769281,0
23,3400,1.700000,28,1.3678843,0.84963765,0.86501058,0.85395281,-0.12062553,0.025584467,-0.022837349,0.11762335,-0.23744339,-0.098909983,0.71025365,0.11824067,0.69394444,0.80384346,0.16496382,0
23,3400,1.700000,29,1.3678843,0.93764759,1.1901849,1.2078282,0.080641309,0.021741645,0.038002469,-0.19589344,0.1909211,0.025082301,-0.61436264,0.41699503,-0.6698311,2.3047776,2.5452753,0
23,3400,1.700000,30,1.3678843,1.1750856,0.84584177,1.2553139,-0.016179287,-0.0057596816,0.060173211,-0.048337379,-0.099509277,0.056171067,0.46900642,-0.044995229,-0.88204785,2.6509874,-0.095644623,0
23,3400,1.700000,31,1.3678843,1.3317682,1.2213951,0.88981068,0.15887451,-0.035106865,-0.059028392,-0.049373434,0.27863057,0.027514545,0.50146827,0.1478323,0.85245245,0.55013787,0.28667835,0
24,3500,1.750000,0,1.3748491,0.086081343,0.18275263,0.39582939,-0.052268628,0.052057114,0.20310345,-0.25404953,0.20316842,0.21721199,0.49592134,0.75574443,-0.42768257,2.0127238,0.99007321,0
24,3500,1.750000,1,1.3748491,0.18785434,0.57533875,0.49793588,0.03352818,0.069789467,-0.038599475,0.15929801,0.04486732,-0.20041221,-0.67870128,-0.27735749,0.68002749,0.8229962,-2.7536438,0
24,3500,1.750000,2,1.3748491,0.53030877,0.17899016,0.52932145,0.018120972,0.034409751,0.02675734,0.11063285,-0.090946467,-0.32937704,0.2223632,-0.66699278,-0.71110846,2.3618699,-1.2490022,0
24,3500,1.750000,3,1.3748491,0.48566683,0.40163699,0.093621148,-0.031776048,-0.15287179,-0.10021202,0.14290846,0.0091976629,-0.010355116,0.93658355,-0.044013526,0.34766948,1.2157119,-0.046959152,0
24,3500,1.750000,4,1.3748491,0.24721842,0.2201005,0.88546863,-0.010460583,0.059860973,-0.075113242,-0.17499935,0.17726146,-0.14623605,-0.19345325,-0.63891897,-0.74455247,2.4106605,-1.8648036,0
24,3500,1.750000,5,1.3748491,0.076264554,0.50140564,1.2430392,-0.080914421,0.054222933,-0.042441081,-0.088596697,0.10540554,-0.049889471,0.35343118,-0.9137793,0.20023433,1.3691992,-1.2017386,0
24,3500,1.750000,6,1.3748491,0.56711061,0.084961851,1.2843162,-0.043412705,-0.13979712,0.12397466,0.17055638,0.13591495,0.17069158,0.89756647,0.37661937,-0.22919921,1.8020512,0.39728838,0
24,3500,1.750000,7,1.3748491,0.50354979,0.53472088,0.78595893,-0.016576676,0.030358006,-0.072973827,0.047423378,-0.24112124,-0.21475941,-0.7918721,-0.2876295,0.53870944,1.0018918,-2.7931831,0
24,3500,1.750000,8,1.3748491,0.21332877,0.8556668,0.1093203,-0.0093695289,-0.049265388,-0.11482488,-0.16399122,0.17808176,-0.11902924,0.65043911,0.36160531,-0.66796001,2.3022605,0.50739246,0
24,3500,1.750000,9,1.3748491,0.27298515,1.1738371,0.43481325,0.11335434,-0.050148273,-0.065736368,-0.15086136,-0.0063819191,-0.0091716244,0.91022252,0.27367036,-0.31080461,1.8868358,0.29206507,0
24,3500,1.750000,10,1.3748491,0.64382187,0.85142657,0.4541343,0.13531969,-0.030364684,-0.083287824,0.11893033,0.041278021,-0.15129576,-0.96951161,-0.22662712,-0.093206134,1.6641379,-2.9119619,0
24,3500,1.750000,11,1.3748491,0.63190444,1.1275019,0.13675885,0.11742136,-0.1329657,0.0064012731,0.23602336,-0.22759848,0.07651726,-0.1101498,0.96462954,0.23949295,1.3289528,1.6844926,0
24,3500,1.750000,12,1.3748491,0.17901612,0.89457434,0.90186659,0.045311257,0.012370438,0.11918204,0.24182569,-0.1178629,0.08119775,-0.20289127,-0.91708301,0.34321114,1.2204628,-1.7885247,0
24,3500,1.750000,13,1.3748491,0.13228877,0.10355948,1.3282479,-0.030804129,0.30954895,0.13249681,-0.1210352,0.11730555,-0.024044817,0.70729711,-0.28523729,-0.64681566,2.2741979,-0.38332895,0
24,3500,1.750000,14,1.3748491,0.47800793,0.71988356,1.1358297,-0.016267662,-0.090956973,-0.03575804,0.13775664,-0.15725841,-0.016903184,0.17899737,0.88599291,-0.42775753,2.0128067,1.3714494,0
24,3500,1.750000,15,1.3748491,0.49657869,1.19162,0.85774376,-0.023561451,-0.0046992654,-0.054552957,-0.21832612,-0.1976544,-0.16512933,0.28292364,0.5081108,-0.81349716,2.5209367,1.062736,0
24,3500,1.750000,16,1.3748491,0.85815574,0.17681844,0.17090159,0.050394194,-0.011127236,0.0053214328,-0.25429503,0.31020257,0.070265612,0.63343142,-0.0083334767,-0.77375396,2.4555421,-0.013155325,0
24,3500,1.750000,17,1.3748491,0.86154349,0.46600168,0.46892552,0.0046489974,-0.032236957,-0.014051441,0.11182653,0.020642881,-0.063649912,-0.60946757,-0.40596201,0.68098761,0.82168589,-2.5539874,0
24,3500,1.750000,18,1.3748491,1.0980584,0.15632275,0.53328058,-0.10035863,-0.0062900271,0.014707811,0.15979117,0.036427298,0.12589744,0.41100496,0.4110202,0.8137182,0.62027575,0.7854167,0
24,3500,1.750000,19,1.3748491,1.2056923,0.51889201,0.21853991,0.034623461,0.012745511,0.034576847,0.17891371,-0.072209955,0.3499357,0.14835674,-0.64220262,-0.75204127,2.4219499,-1.3437667,0
24,3500,1.750000,20,1.3748491,0.81290749,0.1276463,0.84441002,-0.06901259,-0.089140648,0.06453838,0.24918834,-0.12901069,0.052726704,0.58546128,0.2063003,0.78401229,0.66969297,0.3387866,0
24,3500,1.750000,21,1.3748491,0.8051431,0.45404201,1.1147724,-0.11581705,-0.058497403,-0.068653915,-0.14419516,-0.013973281,0.12166372,-0.77599216,-0.49550289,-0.39027304,1.9717245,-2.5733151,0
24,3500,1.750000,22,1.3748491,1.1343069,0.24227482,1.1895304,-0.017972287,0.052015414,-0.075942359,-0.019467855,-0.1113588,0.16336311,-0.5879763,-0.11350747,0.80087447,0.64204223,-2.9508909,0
24,3500,1.750000,23,1.3748491,1.0769518,0.52517601,0.80157712,-0.20374269,0.03255691,-0.086537123,-0.53202315,0.28914486,0.0048359102,0.97859558,-0.14049638,-0.15037107,1.7217399,-0.142595,0
24,3500,1.750000,24,1.3748491,0.88739011,0.78805681,0.13869387,0.072997273,-0.085265631,0.033443306,0.12338012,-0.038200919,-0.16875852,-0.052924963,0.98866673,-0.14048857,1.7117512,1.6242769,0
24,3500,1.750000,25,1.3748491,0.80839181,1.2500959,0.48992563,0.0317959,0.082698573,0.014535059,-0.13578329,-0.15706813,0.086391573,-0.15807124,0.058728876,0.98567966,0.16943816,2.7858639,0
24,3500,1.750000,26,1.3748491,1.1385485,0.95907502,0.51192252,-0.0055378796,0.087048787,0.057558351,-0.14764455,0.02691716,-0.024501408,-0.21397098,-0.95918596,-0.18487489,1.7567409,-1.7902783,0
24,3500,1.750000,27,1.3748491,1.2682511,1.2097751,0.21208011,0.072741851,0.029976144,0.075325661,0.27396461,-0.28219385,0.18207101,-0.041454098,-0.33757375,-0.94038584,2.7945593,-1.6929847,0
24,3500,1.750000,28,1.3748491,0.86065381,0.85838981,0.85505866,-0.11395235,0.014587314,-0.026071295,0.15104104,-0.18545221,-0.038382859,0.75621451,0.39174772,0.52409287,1.0191467,0.47797352,0
24,3500,1.750000,29,1.3748491,0.93461134,1.2070395,1.2163589,0.072850689,0.032508854,0.040377273,-0.15787322,0.20043258,0.040597149,-0.89465302,0.25700097,-0.3654401,1.9449019,2.8618615,0
24,3500,1.750000,30,1.3748491,1.1813194,0.84472289,1.2588792,-0.015929241,-0.011171533,0.057354019,0.099731214,-0.12258443,-0.12759745,0.56434738,0.032068973,-0.82491431,2.5408469,0.056763837,0
24,3500,1.750000,31,1.3748491,1.3342484,1.2406694,0.89884894,0.15458473,-0.02208448,-0.054532131,-0.13133956,0.27611082,0.1050146,0.057735465,0.16331994,0.98488233,0.1741029,1.2309967,0
25,3600,1.800000,0,1.3798931,0.07846123,0.19478154,0.40781634,-0.060190049,0.063394791,0.21361894,-0.0082139646,0.19626833,0.1316648,0.68980925,0.6704046,-0.2733512,1.8476715,0.77113325,0
25,3600,1.800000,1,1.3798931,0.19637682,0.5806771,0.49220906,0.041347149,0.073011136,-0.0461393,0.15218749,0.083857279,-0.16396381,-0.75637598,-0.29301477,0.58483991,0.94611364,-2.7720014,0
25,3600,1.800000,2,1.3798931,0.53582043,0.17454897,0.51341777,0.021680536,0.029321207,0.008944323,0.068364301,-0.11954199,-0.35964256,0.068691946,-0.73703338,-0.67235647,2.308184,-1.4778642,0
25,3600,1.800000,3,1.3798931,0.49379693,0.40864374,0.092755377,-0.025439341,-0.14734867,-0.10141906,0.09721078,0.15037251,-0.041256161,0.91422388,-0.24831137,0.32021268,1.2448424,-0.26521084,0
25,3600,1.800000,4,1.3798931,0.23679309,0.22483709,0.88119077,-0.021772188,0.063782888,-0.082625926,-0.2734043,-0.0068416697,-0.13253976,-0.41838842,-0.7937576,-0.44147481,2.028038,-2.055887,0
25,3600,1.800000,5,1.3798931,0.072182294,0.51004881,1.245796,-0.085268505,0.061014139,-0.044241387,-0.065403531,0.15313732,-0.034939378,0.29803827,-0.92558009,0.23339812,1.3352255,-1.2592788,0
25,3600,1.800000,6,1.3798931,0.57903974,0.088160188,1.2941461,-0.033582177,-0.13691577,0.12908339,0.2162811,-0.056480445,0.064222902,0.74717297,0.25583457,-0.61341767,2.2311772,0.32989129,0
25,3600,1.800000,7,1.3798931,0.50884319,0.52682933,0.77468354,-0.013136986,0.020522697,-0.087106836,0.16241495,-0.13330046,-0.27399516,-0.66326603,-0.36217583,0.65490979,0.85673308,-2.6417878,0
25,3600,1.800000,8,1.3798931,0.20775153,0.8683511,0.10298149,-0.015717803,-0.039737768,-0.12155244,-0.079140564,0.17761013,-0.12295899,0.57801765,0.19408246,-0.7926081,2.485871,0.32394424,0
25,3600,1.800000,9,1.3798931,0.26693933,1.1772989,0.43651238,0.10631989,-0.050991459,-0.065632655,-0.083704638,-0.0278817,-0.039805215,0.73086654,0.56027837,-0.38977205,1.9711804,0.65403736,0
25,3600,1.800000,10,1.3798931,0.65343457,0.85353599,0.4480128,0.14255711,-0.031377093,-0.091061194,0.13943307,-0.01195863,-0.13639997,-0.95433663,-0.010910841,-0.29853401,1.8739526,-3.1301602,0
25,3600,1.800000,11,1.3798931,0.64199959,1.1206399,0.13849097,0.12518398,-0.14394406,0.0076294091,0.067758389,-0.15755619,-0.024999882,-0.4683302,0.80335104,0.36782323,1.1941293,2.0986002,0
25,3600,1.800000,12,1.3798931,0.188737,0.88890313,0.90918578,0.054358803,0.0034336159,0.12318517,0.12763472,-0.19920234,0.10771265,-0.02687851,-0.85656209,0.51534351,1.0293879,-1.6021656,0
25,3600,1.800000,13,1.3798931,0.12599798,0.10883548,1.3310698,-0.037567873,0.31443606,0.13044944,-0.1313373,0.1138108,-0.076267304,0.70307811,-0.0071322126,-0.71107686,2.3618249,-0.01014392,0
25,3600,1.800000,14,1.3798931,0.4849924,0.71426308,1.1414717,-0.011046452,-0.09920344,-0.034285832,0.085060872,-0.1668712,0.03196543,0.64021058,0.76667051,0.048443131,1.5223342,0.87504397,0
25,3600,1.800000,15,1.3798931,0.48991169,1.1901049,0.85239808,-0.032034766,-0.010575431,-0.063029981,-0.19243476,-0.068676676,-0.1976074,0.11721724,0.63003636,-0.7676681,2.4459907,1.3868511,0
25,3600,1.800000,16,1.3798931,0.84927586,0.18920171,0.17657703,0.038387927,0.00058587915,0.010360647,-0.22286558,0.17357734,0.1301196,0.50656875,0.31864145,-0.80115899,2.5000257,0.56148428,0
25,3600,1.800000,17,1.3798931,0.86527072,0.46646672,0.46841198,0.005214391,-0.033479295,-0.016281283,-0.064283753,-0.022103315,-0.053863376,-0.63187651,-0.18518545,0.75262104,0.71876266,-2.8565037,0
25,3600,1.800000,18,1.3798931,1.1038513,0.15709774,0.54220026,-0.098597496,-0.0060889195,0.02165828,-0.10699602,0.0044180386,0.198946,0.53170097,0.48250649,0.6960471,0.80091909,0.73693081,0
25,3600,1.800000,19,1.3798931,1.2185806,0.51600214,0.23469356,0.043072891,0.0079607103,0.049900667,0.19519956,-0.11274594,0.28213225,0.09964095,-0.67782876,-0.72843658,2.3868335,-1.4248415,0
25,3600,1.800000,20,1.3798931,0.83122079,0.12241352,0.85055664,-0.053709673,-0.094831307,0.067581479,0.32880691,-0.14858594,0.092095293,0.58545948,0.24984552,0.77124212,0.69000611,0.40335297,0
25,3600,1.800000,21,1.3798931,0.79889157,0.45784481,1.1264976,-0.12500563,-0.056364277,-0.061032496,-0.17487901,0.086747852,0.12979355,-0.75808454,-0.46196213,-0.46032469,2.0491572,-2.5943041,0
25,3600,1.800000,22,1.3798931,1.1366324,0.23963657,1.2006723,-0.019804895,0.048494756,-0.069177032,-0.054355411,-0.094674696,0.15499519,-0.48651116,-0.16622884,0.85771491,0.53998789,-2.8123532,0
25,3600,1.800000,23,1.3798931,1.05834,0.53926201,0.80530131,-0.22626435,0.04469394,-0.085755167,-0.39780744,0.15014911,0.045278118,0.99601756,-0.087398387,0.017621963,1.5531735,-0.087523662,0
25,3600,1.800000,24,1.3798931,0.89334474,0.78656642,0.13329556,0.075691349,-0.089639212,0.027546955,0.016820227,-0.13777259,-0.073273421,-0.071283215,0.96259501,0.2613992,1.3063248,1.6447146,0
25,3600,1.800000,25,1.3798931,0.80839407,1.2448044,0.49613902,0.028837781,0.07283884,0.018942962,0.022699841,-0.2355186,0.12450256,0.31338393,0.0031061008,0.94962143,0.31877059,0.0099111625,0
25,3600,1.800000,26,1.3798931,1.1347507,0.96424119,0.5163528,-0.013498201,0.08869333,0.060105844,-0.13010227,-0.00506278,0.070029212,-0.22474546,-0.96005223,-0.16670092,1.7382791,-1.8007525,0
25,3600,1.800000,27,1.3798931,1.2874071,1.1995082,0.22294013,0.087218455,0.015297825,0.085389185,0.22301445,-0.28203309,0.24487894,-0.047534095,-0.54777049,-0.8352772,2.5594331,-1.6573569,0
25,3600,1.800000,28,1.3798931,0.86919007,0.8580965,0.85525672,-0.10858346,0.011151068,-0.029004868,0.01449409,0.069610793,-0.094055689,0.68744118,0.67293891,0.27308946,1.2941932,0.77473811,0
25,3600,1.800000,29,1.3798931,0.93010465,1.2227729,1.2236358,0.064929635,0.043793341,0.0431865,-0.18604292,0.25511164,0.076658688,-0.99933398,0.019368728,-0.030926386,1.6017276,3.1222134,0
25,3600,1.800000,30,1.3798931,1.19609,0.84470217,1.2545218,-0.0055117404,-0.014285645,0.048394541,0.25481362,0.041620611,-0.24692487,0.60769912,0.24134543,-0.756607,2.4289046,0.37804383,0
25,3600,1.800000,31,1.3798931,1.3363664,1.2595542,0.90943874,0.15181272,-0.0077776181,-0.047253331,-0.014975458,0.28568446,0.17281129,-0.36872206,0.084384384,0.92570153,0.38791028,2.9166107,0
26,3700,1.850000,0,1.3828821,0.083610172,0.20260619,0.41176512,-0.055216441,0.070789528,0.21668104,0.17223426,0.11240294,-0.025138065,0.8001492,0.59388101,-0.084063074,1.6549587,0.63849867,0
26,3700,1.850000,1,1.3828821,0.20458165,0.5894579,0.48439101,0.049118204,0.080526018,-0.055013912,0.18847802,0.20895118,-0.15462899,-0.85794664,-0.16616419,0.4861245,1.0631468,-2.9502846,0
26,3700,1.850000,2,1.3828821,0.53949778,0.16922495,0.49853653,0.024194542,0.023625257,-0.0070317363,0.013341248,-0.085225707,-0.29361065,-0.16800976,-0.80425949,-0.57003456,2.1773442,-1.7767347,0
26,3700,1.850000,3,1.3828821,0.50142184,0.41923329,0.094226095,-0.018891118,-0.13765476,-0.10015063,0.12435155,0.19696719,0.050879929,0.88310115,-0.3469971,0.31579324,1.2495038,-0.37439689,0
26,3700,1.850000,4,1.3828821,0.22171045,0.22296158,0.87857372,-0.037350886,0.061422912,-0.08714681,-0.26530222,-0.067890682,-0.051629999,-0.53341698,-0.80844798,-0.24875326,1.8221892,-2.1540326,0
26,3700,1.850000,5,1.3828821,0.069467303,0.51857727,1.2438641,-0.088136745,0.068429763,-0.048866787,-0.07565215,0.13593868,-0.11151567,0.23747791,-0.9324946,0.2721361,1.2951841,-1.3214277,0
26,3700,1.850000,6,1.3828821,0.5888938,0.085596192,1.3002947,-0.024991653,-0.13966775,0.13242515,0.15564326,-0.086634706,0.06430248,0.43189692,0.12172382,-0.89367128,2.6762576,0.27470981,0
26,3700,1.850000,7,1.3828821,0.51810256,0.52503477,0.76150709,-0.0049886189,0.017590161,-0.10194526,0.1100447,-0.013173852,-0.32992104,-0.55880082,-0.42922905,0.7095802,0.78189407,-2.4865919,0
26,3700,1.850000,8,1.3828821,0.20295681,0.88092142,0.09757592,-0.020956856,-0.029059919,-0.12717499,-0.11551703,0.22313835,-0.11969917,0.55620324,0.053712497,-0.8293087,2.5486657,0.096271383,0
26,3700,1.850000,9,1.3828821,0.26341124,1.176875,0.43339598,0.10221803,-0.053962264,-0.069690184,-0.099793181,-0.075071624,-0.12829855,0.39504228,0.76831614,-0.50361881,2.0985788,1.09588,0
26,3700,1.850000,10,1.3828821,0.66098234,0.85515336,0.44339208,0.14868286,-0.031608302,-0.096646311,0.14159296,0.0014492894,-0.030792846,-0.85110725,0.22722687,-0.4732699,2.0637953,2.8806997,0
26,3700,1.850000,11,1.3828821,0.64169836,1.1170366,0.13583024,0.12349396,-0.14996828,0.0046718978,-0.16033973,-0.097086758,-0.10486986,-0.78258213,0.43793068,0.44247252,1.1124424,2.6314111,0
26,3700,1.850000,12,1.3828821,0.19092383,0.87843744,0.9155658,0.056134884,-0.0089441233,0.12759105,-0.07174752,-0.21104135,0.0050615999,0.23904172,-0.72343045,0.64769394,0.86624252,-1.2516628,0
26,3700,1.850000,13,1.3828821,0.11868838,0.11395269,1.3329975,-0.045142198,0.31931226,0.12949501,-0.13114878,0.048524602,-0.046442357,0.61150511,0.23318099,-0.75610061,2.4281305,0.3643026,0
26,3700,1.850000,14,1.3828821,0.49281807,0.71058479,1.1448225,-0.0042786305,-0.10442323,-0.033408453,0.21604218,-0.098578964,0.050767552,0.80502519,0.37704411,0.45800894,1.0950422,0.43801933,0
26,3700,1.850000,15,1.3828821,0.4814732,1.1879312,0.84348485,-0.041524179,-0.015321822,-0.073777946,-0.14085349,-0.12435613,-0.19452236,-0.071571219,0.72660777,-0.6833145,2.323089,1.6689801,0
26,3700,1.850000,16,1.3828821,0.84215619,0.19731211,0.18471126,0.029438333,0.0082781388,0.018104015,-0.15079808,0.13005358,0.18324806,0.32324887,0.63909148,-0.69790562,2.3432653,1.102524,0
26,3700,1.850000,17,1.3828821,0.86301778,0.4661236,0.46522011,0.0010916654,-0.034831352,-0.02048322,-0.10072065,0.010187378,-0.089927215,-0.7378138,-0.042420623,0.67367001,0.83163274,-3.0841609,0
26,3700,1.850000,18,1.3828821,1.0955412,0.16138237,0.55471611,-0.10928702,-0.0021488338,0.032987423,-0.31704271,0.14470035,0.25777413,0.4920541,0.62495304,0.60606638,0.91969048,0.90381917,0
26,3700,1.850000,19,1.3828821,1.2310052,0.5141018,0.24773103,0.052847374,0.0049459295,0.062416231,0.18833437,-0.0043016533,0.25600432,0.017884269,-0.72642729,-0.68701059,2.3281634,-1.5461818,0
26,3700,1.850000,20,1.3828821,0.84972627,0.11727663,0.85881341,-0.037022737,-0.10022752,0.073988945,0.33387324,-0.088138392,0.11564064,0.57239036,0.22308364,0.78905194,0.66153211,0.37163071,0
26,3700,1.850000,21,1.3828821,0.79286647,0.46269676,1.1347805,-0.1327528,-0.052508232,-0.055195987,-0.14872327,0.084903853,0.10752698,-0.68588592,-0.36461894,-0.6297726,2.2520568,-2.6529835,0
26,3700,1.850000,22,1.3828821,1.1387057,0.23675549,1.2082528,-0.020193241,0.045098288,-0.064202685,0.049467866,-0.076860891,0.063369106,-0.43947662,-0.1920855,0.87747562,0.50022302,-2.7295366,0
26,3700,1.850000,23,1.3828821,1.0466801,0.538697,0.81034407,-0.24020169,0.042962712,-0.08246031,-0.17465704,-0.19494412,0.11761517,0.98407186,0.16141484,0.074483756,1.4962435,0.16257974,0
26,3700,1.850000,24,1.3828821,0.89735586,0.78027275,0.13186838,0.077765165,-0.097628008,0.025832901,0.023710156,-0.23300271,0.0015883048,0.023048078,0.77749513,0.62846647,0.89121622,1.541161,0
26,3700,1.850000,25,1.3828821,0.81280456,1.2322779,0.50577622,0.031494347,0.057632383,0.027496236,0.024677673,-0.31127125,0.19580642,0.6017525,-0.13653608,0.78692556,0.66498579,-0.22311969,0
26,3700,1.850000,26,1.3828821,1.1343519,0.9629137,0.52105731,-0.016351856,0.08528091,0.06368802,-0.023809647,-0.096214145,0.049497634,-0.23006738,-0.95267042,-0.19871608,1.770844,-1.8077566,0
26,3700,1.850000,27,1.3828821,1.3010369,1.1863927,0.23926677,0.098047873,-0.00039898077,0.1012158,0.20645565,-0.32091794,0.33721607,-0.10377681,-0.74856338,-0.65489178,2.2848357,-1.7085529,0
26,3700,1.850000,28,1.3828821,0.86649036,0.86936494,0.85422547,-0.11316095,0.020550627,-0.031885555,-0.15789059,0.2975905,-0.007680136,0.63067245,0.77585232,0.017476826,1.5533186,0.88825277,0
26,3700,1.850000,29,1.3828821,0.92447552,1.2374847,1.2302725,0.057294083,0.055843418,0.047168401,-0.13065181,0.22724321,0.043406678,-0.95785204,-0.15621587,0.24107276,1.3273253,-2.9799262,0
26,3700,1.850000,30,1.3828821,1.2127765,0.85042657,1.240575,0.0085686949,-0.010395146,0.031748333,0.31290844,0.12301817,-0.37009917,0.57493262,0.44625388,-0.68579148,2.326487,0.66004976,0
26,3700,1.850000,31,1.3828821,1.3373865,1.2764582,0.91860808,0.14994019,0.0063827762,-0.040061688,-0.021700815,0.21777326,0.13700272,-0.70572745,-0.11011109,0.6998745,0.79557455,-2.9868156,0
27,3800,1.900000,0,1.3842744,0.093212656,0.20642811,0.41060322,-0.045702929,0.074405626,0.21510534,0.17380869,0.0078763329,-0.032870479,0.8726569,0.4748971,0.11376589,1.4567836,0.49837687,0
27,3800,1.900000,1,1.3842744,0.21470764,0.6002201,0.47703964,0.059033223,0.090689584,-0.062849059,0.15525858,0.22580734,-0.10321458,-0.88727071,0.055964971,0.45784124,1.0952309,3.0786007,0
27,3800,1.900000,2,1.3842744,0.5409091,0.16467069,0.48564162,0.025062211,0.018902981,-0.020421878,0.069758352,-0.12148903,-0.27700971,-0.482194,-0.76620562,-0.42475628,2.009489,-2.1325012,0
27,3800,1.900000,3,1.3842744,0.50496961,0.43257492,0.098151496,-0.015849757,-0.12474174,-0.096322026,0.035610754,0.29273354,0.051800241,0.86275963,-0.38370822,0.32926253,1.2352739,-0.41847546,0
27,3800,1.900000,4,1.3842744,0.21009223,0.22049528,0.87670028,-0.049186387,0.058733471,-0.089903484,-0.15484822,-0.025374239,-0.082879079,-0.53112442,-0.8234898,-0.19942766,1.7715701,-2.1436259,0
27,3800,1.900000,5,1.3842744,0.068744565,0.52961968,1.2392159,-0.08892903,0.078944736,-0.054764379,0.0038869951,0.14462731,-0.14674164,0.14328397,-0.9118628,0.38467641,1.1759391,-1.4149375,0
27,3800,1.900000,6,1.3842744,0.59435385,0.079896065,1.3033136,-0.02012699,-0.14545115,0.13413388,0.067346786,-0.14080467,-0.015246291,0.064026679,0.14584396,-0.98723357,2.9816321,1.1571208,0
27,3800,1.900000,7,1.3842744,0.52637537,0.52759653,0.74659655,0.0027586229,0.019622246,-0.11761466,0.14806488,0.09557605,-0.30124118,-0.3805487,-0.50163204,0.7768835,0.68109535,-2.2197922,0
27,3800,1.900000,8,1.3842744,0.19957155,0.89031568,0.090118802,-0.024544661,-0.020556921,-0.13472656,-0.066644256,0.12305464,-0.17583392,0.46848588,-0.11855389,-0.87548041,2.6372254,-0.24785428,0
27,3800,1.900000,9,1.3842744,0.26128777,1.1773626,0.4299913,0.099830537,-0.054659315,-0.073529309,-0.0035649676,0.00042869958,-0.005082489,-0.041415134,0.83925023,-0.54216588,2.1438089,1.6201041,0
27,3800,1.900000,10,1.3842744,0.66735316,0.85708022,0.44535887,0.15438528,-0.03054301,-0.095126721,0.13243852,0.015551346,0.063807685,-0.6904152,0.39691279,-0.60480335,2.2203152,2.619841,0
27,3800,1.900000,11,1.3842744,0.63180074,1.1137161,0.13352571,0.11295553,-0.15441124,0.0022318324,-0.27528932,-0.096373018,-0.0042515225,-0.94453293,0.0095374786,0.32827822,1.2363161,3.1314954,0
27,3800,1.900000,12,1.3842744,0.18322178,0.87277089,0.91487029,0.048244576,-0.015491861,0.12597449,-0.20532274,-0.073314463,-0.077758785,0.39514465,-0.48317986,0.78127967,0.67408297,-0.88529537,0
27,3800,1.900000,13,1.3842744,0.11367515,0.11399378,1.3327164,-0.050272356,0.31923864,0.12787256,-0.10622957,-0.037805823,-0.04875699,0.49365784,0.34791236,-0.79703132,2.4931599,0.61391625,0
27,3800,1.900000,14,1.3842744,0.50509685,0.70619936,1.1528651,0.0074980163,-0.10952158,-0.026522078,0.2127872,-0.057986472,0.21374836,0.71561807,0.043870623,0.69711272,0.79943386,0.061227895,0
27,3800,1.900000,15,1.3842744,0.47252253,1.1815598,0.83297455,-0.050954894,-0.022885504,-0.085131815,-0.2249393,-0.14680703,-0.25894619,-0.25106433,0.76461115,-0.59357939,2.2062956,1.8880602,0
27,3800,1.900000,16,1.3842744,0.84040655,0.20055418,0.19320364,0.026842052,0.01132,0.026406241,0.015252382,-0.014593385,0.21164797,0.20703966,0.85973035,-0.46690289,2.0565816,1.3344768,0
27,3800,1.900000,17,1.3842744,0.85946142,0.47127902,0.46083917,-0.0033314233,-0.030147616,-0.025330145,-0.057825564,0.15139461,-0.076047177,-0.87093783,-0.015805879,0.49113895,1.0573995,-3.1234465,0
27,3800,1.900000,18,1.3842744,1.0805713,0.17055958,0.5674633,-0.12535193,0.0068613452,0.045169958,-0.27372985,0.18337715,0.22014048,0.40057768,0.72589446,0.55911963,0.97747276,1.0665415,0
27,3800,1.900000,19,1.3842744,1.2391455,0.51341871,0.2596447,0.059744744,0.0037458079,0.074074602,0.11935286,0.0093757195,0.28382785,-0.066153478,-0.78564505,-0.61513053,2.2333478,-1.6548009,0
27,3800,1.900000,20,1.3842744,0.86693909,0.11304159,0.86640227,-0.020673713,-0.10457845,0.080709705,0.27860824,-0.060414278,0.18623497,0.53998668,0.16645053,0.82505067,0.60050447,0.29900769,0
27,3800,1.900000,21,1.3842744,0.78630123,0.46483828,1.1417447,-0.14011266,-0.050833426,-0.049377253,-0.1311196,-0.0047970143,0.12102839,-0.61054883,-0.31589171,-0.7262524,2.3836508,-2.6641302,0
27,3800,1.900000,22,1.3842744,1.1423104,0.23217945,1.2076937,-0.017736287,0.040286277,-0.06597744,0.065641342,-0.10618899,-0.0880921,-0.3778866,-0.13038452,0.91662511,0.41124183,-2.8093468,0
27,3800,1.900000,23,1.3842744,1.0413162,0.5252382,0.82015424,-0.24661616,0.028968555,-0.073470585,-0.090409309,-0.2936601,0.20682725,0.83776444,0.5373224,0.097135921,1.473507,0.57028908,0
27,3800,1.900000,24,1.3842744,0.90201229,0.76754089,0.13309143,0.081516187,-0.1111387,0.026922627,0.078037658,-0.27452447,0.036191414,0.24946884,0.55813991,0.79135652,0.65777163,1.1504694,0
27,3800,1.900000,25,1.3842744,0.81277834,1.2161915,0.5158352,0.030650158,0.040313988,0.037041158,-0.073398636,-0.32423036,0.16503498,0.82936069,-0.23222476,0.50816583,1.0377425,-0.27301291,0
27,3800,1.900000,26,1.3842744,1.1371504,0.95791252,0.52562075,-0.014696312,0.079313194,0.067724783,0.054706997,-0.10508467,0.11282392,-0.31863729,-0.88117003,-0.34929882,1.927619,-1.9177738,0
27,3800,1.900000,27,1.3842744,1.3110485,1.1740823,0.25358795,0.10674515,-0.013897144,0.11528899,0.14465072,-0.22337611,0.18420038,-0.18708145,-0.90856548,-0.37350942,1.9535857,-1.7738667,0
27,3800,1.900000,28,1.3842744,0.85620957,0.88568974,0.8519527,-0.12430858,0.035992317,-0.035016852,-0.25481305,0.2700999,-0.099927214,0.66873545,0.69544032,-0.26297464,1.8369004,0.80497149,0
27,3800,1.900000,29,1.3842744,0.92076355,1.2511623,1.2306594,0.052653614,0.068268755,0.046316979,0.0022372581,0.25371188,-0.053794146,-0.86119922,-0.30242044,0.40850677,1.1499788,-2.803883,0
27,3800,1.900000,30,1.3842744,1.2302538,0.8594965,1.2250592,0.024816719,-0.0021856183,0.014991888,0.33858213,0.17830307,-0.32646812,0.49505067,0.68050297,-0.54022269,2.141498,0.94186605,0
27,3800,1.900000,31,1.3842744,1.3344691,1.2868584,0.9260443,0.14567838,0.015493106,-0.033553664,-0.15050638,0.13896657,0.15110804,-0.89785742,-0.23002948,0.37541775,1.1859489,-2.8907889,0
28,3900,1.950000,0,1.3815391,0.10198827,0.20804876,0.40545932,-0.03673426,0.076436186,0.2107685,0.18617102,0.022707476,-0.054031126,0.9097627,0.30104891,0.28583453,1.2809191,0.31956731,0
28,3900,1.950000,1,1.3815391,0.22013443,0.6102316,0.47155748,0.064890069,0.10189821,-0.067393079,0.031098311,0.20329589,-0.071256423,-0.87074592,0.23087548,0.43416362,1.1216867,2.8824098,0
28,3900,1.950000,2,1.3815391,0.53915345,0.15877712,0.47052375,0.024374726,0.013329296,-0.034594134,-0.076112147,-0.068443538,-0.23445951,-0.77057987,-0.59514787,-0.22804755,1.8008683,-2.483948,0
28,3900,1.950000,3,1.3815391,0.50329025,0.44618405,0.10032198,-0.016531966,-0.11026352,-0.093955249,-0.068628261,0.29577904,0.05903998,0.89476344,-0.35419737,0.27192392,1.2954046,-0.37692877,0
28,3900,1.950000,4,1.3815391,0.20506584,0.22344486,0.87030175,-0.0538022,0.062122104,-0.094574266,-0.016904112,0.17433951,-0.079104161,-0.53163246,-0.81512669,-0.23007698,1.8029531,-2.1487224,0
28,3900,1.950000,5,1.3815391,0.069863939,0.53429322,1.2305174,-0.087672573,0.084670478,-0.061020368,0.070437202,0.030823401,-0.088859606,-0.049829086,-0.8091007,0.58555368,0.94523341,-1.6323044,0
28,3900,1.950000,6,1.3815391,0.59455466,0.074470334,1.297514,-0.018750373,-0.15072422,0.13090646,-0.015979342,-0.1034127,-0.12234782,-0.25603055,0.22411604,-0.94032992,2.7943949,2.4225651,0
28,3900,1.950000,7,1.3815391,0.53434817,0.53067068,0.73251496,0.011780462,0.023743011,-0.13023345,0.17306216,0.097350768,-0.24587777,-0.13470071,-0.51360864,0.84738532,0.55975482,-1.8272832,0
28,3900,1.950000,8,1.3815391,0.19748984,0.89893513,0.081533986,-0.026233693,-0.010167931,-0.14314162,0.0012813324,0.1728191,-0.16218791,0.38647827,-0.21607766,-0.8966298,2.6828947,-0.50979831,0
28,3900,1.950000,9,1.3815391,0.26325908,1.1758684,0.43016386,0.10232061,-0.053826244,-0.072506072,0.088230743,0.026950727,0.053478156,-0.32390108,0.84010491,-0.43509979,2.0209454,1.9387827,0
28,3900,1.950000,10,1.3815391,0.67121031,0.85423219,0.45078989,0.15956625,-0.031698588,-0.088809421,0.12140439,-0.049821805,0.19393204,-0.54181549,0.51725312,-0.66248411,2.2949265,2.3793828,0
28,3900,1.950000,11,1.3815391,0.6142537,1.1082599,0.13441,0.096640801,-0.15766998,0.0033811003,-0.3440474,-0.11552349,0.062096554,-0.9412064,-0.33781753,-0.0031361222,1.5739325,-2.7969937,0
28,3900,1.950000,12,1.3815391,0.17034156,0.86759064,0.90852168,0.035714006,-0.018950929,0.12142918,-0.26874862,-0.045561852,-0.13438971,0.44048653,-0.26028041,0.85920063,0.53709108,-0.53369627,0
28,3900,1.950000,13,1.3815391,0.11023518,0.11205616,1.3286857,-0.053490881,0.31752458,0.1264739,0.023855889,-0.0021688904,-0.03039339,0.42784162,0.38546658,-0.81753719,2.5279176,0.73334317,0
28,3900,1.950000,14,1.3815391,0.51208928,0.7054469,1.1633692,0.01549643,-0.10887794,-0.013727205,0.081745326,0.11350108,0.30509008,0.40129641,-0.020900618,0.91570975,0.41352569,-0.052035725,0
28,3900,1.950000,15,1.3815391,0.45932357,1.1756341,0.81647828,-0.063232285,-0.026479945,-0.099996829,-0.24999845,-0.074374638,-0.30041769,-0.43832587,0.73762205,-0.5135992,2.1101706,2.1069711,0
28,3900,1.950000,16,1.3815391,0.84282546,0.19448009,0.20441235,0.030925652,0.0056365867,0.038008194,0.1810093,-0.1995849,0.18803307,0.14929523,0.95529492,-0.25519119,1.8288418,1.4157685,0
28,3900,1.950000,17,1.3815391,0.85532008,0.47854578,0.45722514,-0.0057768735,-0.021941491,-0.028036228,-0.024998516,0.22500201,-0.060199295,-0.95108905,-0.14490369,0.27282328,1.2944699,-2.9903998,0
28,3900,1.950000,18,1.3815391,1.0693602,0.17565854,0.57203864,-0.13443677,0.012302719,0.050872248,-0.088697428,0.050038542,0.060206039,0.38199743,0.75701472,0.53010064,1.0120771,1.1034673,0
28,3900,1.950000,19,1.3815391,1.2457177,0.51352015,0.27065099,0.068774428,0.0048628757,0.085605352,0.18067564,0.062176725,0.16753916,-0.10623323,-0.80966116,-0.57720301,2.1860957,-1.7012581,0
28,3900,1.950000,20,1.3815391,0.87647172,0.10753036,0.87889602,-0.0094168801,-0.10987155,0.09492953,0.19262366,-0.17881343,0.33974172,0.58243505,0.010302013,0.81281196,0.62183316,0.017685988,0
28,3900,1.950000,21,1.3815391,0.78365246,0.45621412,1.1453498,-0.14120878,-0.058546694,-0.043510328,0.057798123,-0.24292856,0.045325619,-0.53491479,-0.29929119,-0.79012085,2.4818025,-2.631476,0
28,3900,1.950000,22,1.3815391,1.1431975,0.22679603,1.20033,-0.014588873,0.03535677,-0.070959593,0.024707098,-0.083552649,-0.12603638,-0.28811557,-0.02073845,0.95737105,0.29303688,-3.069737,0
28,3900,1.950000,23,1.3815391,1.0350399,0.51119838,0.82864812,-0.25083902,0.015953737,-0.063346067,-0.10454655,-0.23285925,0.16931804,0.61145314,0.78611909,0.09023212,1.4804413,0.90973161,0
28,3900,1.950000,24,1.3815391,0.90364823,0.75164805,0.13430818,0.084937886,-0.12552911,0.028403826,0.061859266,-0.29042931,0.043248546,0.55446925,0.3289446,0.76443398,0.70063342,0.53544911,0
28,3900,1.950000,25,1.3815391,0.80766954,1.197841,0.52212931,0.027143942,0.024350914,0.044361801,-0.032589467,-0.25622711,0.13938998,0.93469304,-0.25405301,0.2486081,1.3195534,-0.26539219,0
28,3900,1.950000,26,1.3815391,1.1366837,0.94740595,0.53030372,-0.012914305,0.070690941,0.073452053,0.038510086,-0.21002409,0.12537842,-0.41969308,-0.70160711,-0.5758517,2.1844419,-2.1098825,0
28,3900,1.950000,27,1.3815391,1.3119915,1.1652258,0.25683963,0.11028228,-0.020440093,0.11904546,-0.027806673,-0.060558617,-0.011657875,-0.19795988,-0.97974066,-0.030333632,1.6011346,-1.7701655,0
28,3900,1.950000,28,1.3815391,0.84380317,0.8987264,0.8432378,-0.13503371,0.050793736,-0.042055254,-0.18919023,0.30257266,-0.17053981,0.6721239,0.56159084,-0.48256108,2.0743728,0.69604305,0
28,3900,1.950000,29,1.3815391,0.92198555,1.2579381,1.2255646,0.055698054,0.077526019,0.043651351,0.11749708,0.099835143,-0.041762797,-0.71151325,-0.4534021,0.53681974,1.0041332,-2.5742425,0
28,3900,1.950000,30,1.3815391,1.2437735,0.86983857,1.2072207,0.040783237,0.0098667424,-0.00044114352,0.26517361,0.32797149,-0.31150041,0.37071943,0.81546418,-0.44450566,2.0314187,1.1441141,0
28,3900,1.950000,31,1.3815391,1.3174136,1.286802,0.93501263,0.13124545,0.017982073,-0.022744774,-0.38564607,0.015617418,0.2686774,-0.99181991,-0.12742681,0.007461471,1.5633348,-3.0138149,0
29,4000,2.000000,0,1.3884209,0.10970058,0.20917456,0.40668667,-0.029547828,0.076525423,0.20997812,0.11008833,0.022090256,0.03321547,0.89465983,0.12830742,0.42792639,1.1285991,0.14244347,0
29,4000,2.000000,1,1.3884209,0.22159651,0.62202226,0.4711922,0.06525469,0.11062746,-0.070100586,-0.025077315,0.1470163,-0.013826884,-0.81829031,0.41540742,0.39728786,1.1622368,2.6718415,0
29,4000,2.000000,2,1.3884209,0.53724788,0.15825566,0.46140812,0.019794866,0.012020178,-0.046025169,-0.075184132,-0.026096804,-0.18906693,-0.89262848,-0.44637705,-0.062943872,1.6337818,-2.6778888,0
29,4000,2.000000,3,1.3884209,0.50308569,0.4662005,0.10286329,-0.019236826,-0.092513727,-0.091918729,-0.05107727,0.36901033,0.0092960501,0.95223565,-0.27320704,0.13640079,1.433969,-0.27940585,0
29,4000,2.000000,4,1.3884209,0.20794162,0.23486196,0.87189986,-0.051952506,0.07240063,-0.097304569,0.086393201,0.22238311,-0.024235381,-0.5011758,-0.82214138,-0.27001181,1.8442016,-2.1182434,0
29,4000,2.000000,5,1.3884209,0.078526888,0.53905408,1.2335144,-0.079378241,0.086764677,-0.064145103,0.21745657,0.049714635,-0.045958777,-0.30351074,-0.57021114,0.76337441,0.70227532,-2.0599315,0
29,4000,2.000000,6,1.3884209,0.59467579,0.073874825,1.2950571,-0.021583839,-0.15168829,0.12200843,-0.10082889,0.028243578,-0.24329654,-0.52207326,0.19145782,-0.83113381,2.5519399,2.7900956,0
29,4000,2.000000,7,1.3884209,0.54537499,0.53548362,0.7240764,0.02012483,0.025907162,-0.1422909,0.14294063,0.0042816143,-0.18505947,-0.02906117,-0.52208581,0.85239771,0.55024257,-1.6264025,0
29,4000,2.000000,8,1.3884209,0.20105258,0.90862635,0.072934548,-0.023661088,-0.0049674626,-0.15212488,0.077516565,0.071285568,-0.21511892,0.21626667,-0.2854626,-0.93367009,2.7753238,-0.92244848,0
29,4000,2.000000,9,1.3884209,0.27096067,1.1833436,0.43496862,0.108695,-0.052212358,-0.069850663,0.14469431,0.023754344,0.054073158,-0.37414215,0.86956526,-0.32229474,1.8989489,1.9771167,0
29,4000,2.000000,10,1.3884209,0.67872097,0.8516189,0.46167598,0.16372311,-0.03855001,-0.080190254,0.024708227,-0.18602508,0.16201944,-0.54710769,0.50530574,-0.66733746,2.3014243,2.3958937,0
29,4000,2.000000,11,1.3884209,0.60063887,1.1081346,0.13749103,0.080007535,-0.16330178,0.0057866214,-0.31892565,-0.1032404,0.0038414539,-0.75230685,-0.49615587,-0.43343253,2.0190945,-2.5585592,0
29,4000,2.000000,12,1.3884209,0.15796947,0.86628328,0.90686468,0.02252617,-0.024566031,0.11526192,-0.24815588,-0.14937559,-0.16138978,0.46129779,-0.089981672,0.88267075,0.48928156,-0.19264301,0
29,4000,2.000000,13,1.3884209,0.11253654,0.11092893,1.3313668,-0.051742979,0.31584335,0.12254628,0.071075506,-0.079372548,-0.088410265,0.3474333,0.33725593,-0.87495631,2.6361419,0.77053504,0
29,4000,2.000000,14,1.3884209,0.51825785,0.71840905,1.1844742,0.019105179,-0.099453225,0.0015447672,0.025689632,0.28846113,0.26479486,-0.058602835,0.10404815,0.99284424,0.1197022,2.0837387,0
29,4000,2.000000,15,1.3884209,0.44943796,1.1762555,0.80786318,-0.075375734,-0.03170176,-0.11264759,-0.25499263,-0.11994586,-0.20922446,-0.51609746,0.7183854,-0.46643953,2.0560577,2.1937735,0
29,4000,2.000000,16,1.3884209,0.85619726,0.18253675,0.21421524,0.040076384,-0.0072435064,0.046771083,0.22629699,-0.32214457,0.12940484,0.019768348,0.98507494,-0.17098706,1.7426277,1.5507312,0
29,4000,2.000000,17,1.3884209,0.85915916,0.49368445,0.45777161,-0.0061973304,-0.0092181987,-0.029763022,0.0093209209,0.2822686,-0.019881415,-0.92900761,-0.35597979,0.10111014,1.4695131,-2.7756673,0
29,4000,2.000000,18,1.3884209,1.074408,0.17840606,0.57623051,-0.13471507,0.014170597,0.052211309,0.075820005,0.0085667403,-0.041593739,0.4308232,0.74813055,0.50467023,1.0417964,1.0483112,0
29,4000,2.000000,19,1.3884209,1.2584646,0.51955671,0.28005691,0.075299929,0.0083328288,0.093643113,0.061423801,0.061278988,0.23839896,-0.15072921,-0.80543089,-0.57320309,2.1812059,-1.7557975,0
29,4000,2.000000,20,1.3884209,0.88817898,0.09785442,0.90039833,-0.0020937475,-0.12005782,0.11201139,0.08995759,-0.18077328,0.24531941,0.75573251,-0.14223895,0.63924678,0.87727794,-0.18603698,0
29,4000,2.000000,21,1.3884209,0.78897602,0.4446403,1.1529306,-0.13979232,-0.07235872,-0.04163946,0.0030044802,-0.28090185,0.043448197,-0.47536205,-0.22755642,-0.84985234,2.5865014,-2.6951287,0
29,4000,2.000000,22,1.3884209,1.1496359,0.22651095,1.2019244,-0.013846924,0.033945474,-0.075333524,0.00051918861,0.027125145,-0.077466931,-0.24595475,0.091370276,0.96496515,0.26548582,2.7859008,0
29,4000,2.000000,23,1.3884209,1.0339713,0.50385554,0.84116415,-0.25704805,0.0060889951,-0.054978537,-0.10549041,-0.12210321,0.18093836,0.34376675,0.93863365,0.028130146,1.5426625,1.2197262,0
29,4000,2.000000,24,1.3884209,0.9097099,0.73959427,0.13477998,0.086494384,-0.1412879,0.028207093,0.0054496167,-0.33454713,-0.014783518,0.82188834,0.029975556,0.5688594,0.96567799,0.036455409,0
29,4000,2.000000,25,1.3884209,0.80938911,1.1949026,0.53298842,0.024846012,0.015467775,0.052599579,-0.030428209,-0.066290136,0.16206416,0.97116189,-0.2357446,-0.035623867,1.6064277,-0.23813877,0
29,4000,2.000000,26,1.3884209,1.1481926,0.94136908,0.5404175,-0.0070819422,0.059961453,0.080905733,0.18399169,-0.21166015,0.185049,-0.43666185,-0.45271118,-0.77741817,2.4613469,-2.3381508,0
29,4000,2.000000,27,1.3884209,1.313274,1.1734337,0.25536686,0.10504245,-0.018042475,0.11630014,-0.11335535,0.073527604,-0.085876774,-0.13317636,-0.977567,0.16317725,1.4068861,-1.7061953,0
29,4000,2.000000,28,1.3884209,0.83907908,0.91691476,0.84097079,-0.14393888,0.064471325,-0.048506618,-0.19022962,0.22831718,-0.033259512,0.66708445,0.47313745,-0.57544704,2.183947,0.61691487,0
29,4000,2.000000,29,1.3884209,0.93529881,1.2659287,1.2306219,0.064397052,0.079246274,0.042606381,0.22155862,-0.092977913,0.026752204,-0.48759306,-0.68413853,0.54240897,0.99749444,-2.1900023,0
29,4000,2.000000,30,1.3884209,1.2626064,0.89292786,1.1976684,0.053389211,0.028576658,-0.015968349,0.22524383,0.42344113,-0.30528398,0.32155735,0.8135809,-0.48444504,2.076525,1.1944026,0
29,4000,2.000000,31,1.3884209,1.3010769,1.2921133,0.95320931,0.10840311,0.016886194,-0.009239194,-0.53236276,-0.031313012,0.24622465,-0.92965684,0.029431157,-0.3672492,1.9468462,3.1099451,0
30,4100,2.050000,0,1.3914553,0.11611907,0.20807655,0.40945951,-0.02337583,0.074971961,0.21186011,0.065473942,-0.06691628,0.022577259,0.8302577,0.0030727077,0.55737124,0.97958008,0.0037008915,0
30,4100,2.050000,1,1.3914553,0.2194103,0.63204307,0.4715271,0.062587102,0.11927942,-0.070794702,-0.081220487,0.203799,-0.0055767654,-0.63370421,0.67368196,0.38022571,1.180756,2.3256256,0
30,4100,2.050000,2,1.3914553,0.53268319,0.15501097,0.45440117,0.014062299,0.0084335348,-0.054031775,-0.10522243,-0.12881983,-0.11264563,-0.91634042,-0.38918013,0.094122594,1.4765342,-2.7399666,0
30,4100,2.050000,3,1.3914553,0.50174281,0.48227878,0.10688334,-0.021676523,-0.077470738,-0.088127628,-0.036430293,0.26267483,0.10653195,0.99330899,-0.05830259,-0.099689846,1.670652,-0.058628055,0
30,4100,2.050000,4,1.3914553,0.20917901,0.24928381,0.86836864,-0.051170413,0.086294032,-0.10273538,-0.054589817,0.27741033,-0.14812522,-0.46240619,-0.84777281,-0.25973407,1.8335431,-2.0701291,0
30,4100,2.050000,5,1.3914553,0.089228725,0.54056409,1.2342989,-0.068859505,0.087096235,-0.066054361,0.20014449,-0.01752483,-0.037772705,-0.57712585,-0.24511915,0.77900087,0.67772555,-2.7399559,0
30,4100,2.050000,6,1.3914553,0.58838461,0.078099586,1.2879043,-0.029166387,-0.14762941,0.11203617,-0.16933658,0.10548024,-0.16801741,-0.67870383,0.12023955,-0.72450229,2.3811084,2.9662514,0
30,4100,2.050000,7,1.3914553,0.55761357,0.53657759,0.72008114,0.031159458,0.025830929,-0.14786253,0.21749435,-0.013538153,-0.099088334,0.14499852,-0.54474586,0.82597057,0.59887455,-1.3106517,0
30,4100,2.050000,8,1.3914553,0.20572145,0.91419939,0.063539058,-0.01943623,-0.0013841037,-0.16166935,0.047912954,0.092034878,-0.15427352,0.021340473,-0.27370729,-0.96157626,2.8634835,-1.4929855,0
30,4100,2.050000,9,1.3914553,0.27876138,1.1843829,0.43799631,0.11589567,-0.053757463,-0.067775852,0.11794532,-0.097050602,-0.020859465,-0.32026756,0.93633001,-0.14392638,1.7152243,1.9003673,0
30,4100,2.050000,10,1.3914553,0.67818748,0.84380613,0.46858509,0.16170849,-0.048213417,-0.074296553,-0.07600877,-0.15391719,0.10528978,-0.69695326,0.40942286,-0.58875214,2.2003105,2.6104547,0
30,4100,2.050000,11,1.3914553,0.58812859,1.105881,0.13854951,0.066199648,-0.16797214,0.0065437947,-0.24702168,-0.11749465,0.064106463,-0.39982309,-0.52359853,-0.75232046,2.4223736,-2.2229487,0
30,4100,2.050000,12,1.3914553,0.14651933,0.86042637,0.9003119,0.010743651,-0.032307732,0.10673651,-0.25556649,-0.16831838,-0.20264878,0.43757163,0.1911909,0.87862228,0.497827,0.41193716,0
30,4100,2.050000,13,1.3914553,0.11450635,0.11028302,1.3290815,-0.05002099,0.31495597,0.11735696,0.022134021,0.0032555893,-0.1318311,0.29338506,0.24871465,-0.92307433,2.7467948,0.70318135,0
30,4100,2.050000,14,1.3914553,0.52289877,0.73517503,1.1966777,0.022609639,-0.084273876,0.011149132,0.10410205,0.33920608,0.14940765,-0.5117611,0.19373917,0.83699803,0.57902233,2.7796928,0
30,4100,2.050000,15,1.3914553,0.43738353,1.172563,0.79931967,-0.088398188,-0.037958102,-0.12294541,-0.1826936,-0.081350029,-0.13981567,-0.57054547,0.69197534,-0.44232115,2.0289814,2.2603089,0
30,4100,2.050000,16,1.3914553,0.87328292,0.16226293,0.2187487,0.055274259,-0.027893712,0.050831949,0.3589533,-0.49043338,0.02943741,-0.21926408,0.9380827,-0.26818671,1.8423066,1.8004105,0
30,4100,2.050000,17,1.3914553,0.86402803,0.50807046,0.4582247,-0.0032093797,0.0040743736,-0.030309783,0.12157412,0.19359289,-0.01910908,-0.79833364,-0.59471097,-0.094774772,1.6657136,-2.5013376,0
30,4100,2.050000,18,1.3914553,1.0835401,0.17610139,0.57324532,-0.1279385,0.01147896,0.04797142,0.15343828,-0.11561347,-0.055687451,0.57916886,0.68231706,0.44610185,1.1083913,0.86698388,0
30,4100,2.050000,19,1.3914553,1.2631605,0.52689425,0.29224618,0.077243368,0.014528139,0.10520771,0.024482028,0.20338409,0.20795539,-0.17865285,-0.75012727,-0.6367042,2.2610129,-1.804604,0
30,4100,2.050000,20,1.3914553,0.89097169,0.092515468,0.9065977,-0.0012430494,-0.12560457,0.11623835,-0.0089055288,-0.12478951,-0.024708357,0.94333069,-0.24677093,0.22188132,1.3470529,-0.25586182,0
30,4100,2.050000,21,1.3914553,0.79185072,0.43537327,1.1575805,-0.13864316,-0.082586335,-0.039511537,0.050620844,-0.18210914,0.036304887,-0.41270972,-0.11327375,-0.90379187,2.6993447,-2.8737253,0
30,4100,2.050000,22,1.3914553,1.1536492,0.23157229,1.2028546,-0.012347736,0.038506796,-0.077028279,0.052827032,0.17587653,-0.036073456,-0.26982487,0.13070841,0.95399678,0.30450068,2.690487,0
30,4100,2.050000,23,1.3914553,1.0315318,0.49904101,0.8520884,-0.26174212,0.00017974908,-0.045902534,-0.034284944,-0.10435054,0.14883171,0.06775427,0.99706341,-0.035691859,1.6064958,1.5029468,0
30,4100,2.050000,24,1.3914553,0.91428252,0.72584056,0.13286305,0.089076041,-0.15664121,0.02599802,0.048072052,-0.23617452,-0.095952159,0.93930187,-0.22302207,0.26071661,1.3070319,-0.23311719,0
30,4100,2.050000,25,1.3914553,0.80997516,1.1938744,0.54394122,0.023664457,0.011832138,0.062376876,-0.026084381,0.0023627967,0.20361736,0.92126613,-0.16955121,-0.35003014,1.9283996,-0.18200484,0
30,4100,2.050000,26,1.3914553,1.1584831,0.93332989,0.55300385,0.00069068888,0.049875933,0.092298582,0.11562102,-0.1704836,0.22393869,-0.41178113,-0.18076482,-0.89317433,2.6751514,-2.7279383,0
30,4100,2.050000,27,1.3914553,1.3098922,1.1820041,0.25088172,0.098797324,-0.012043134,0.1112624,-0.15797084,0.14571894,-0.12639005,-0.024724543,-0.94721267,0.31965115,1.245435,-1.5968928,0
30,4100,2.050000,28,1.3914553,0.83239377,0.93440255,0.8444777,-0.15244868,0.079938346,-0.04683945,-0.10988516,0.28503823,0.10513621,0.68440285,0.39948674,-0.60992056,2.2267567,0.52834884,0
30,4100,2.050000,29,1.3914553,0.94957534,1.2587158,1.2384572,0.076616181,0.069277593,0.047746643,0.22238919,-0.30342233,0.23969013,-0.31202243,-0.86445706,0.39415224,1.1656511,-1.9171892,0
30,4100,2.050000,30,1.3914553,1.270196,0.91398756,1.1838737,0.058214231,0.047664057,-0.032362642,0.054452478,0.3594845,-0.34335981,0.36967228,0.77390418,-0.51421272,2.1108858,1.1251702,0
30,4100,2.050000,31,1.3914553,1.2807376,1.2896704,0.96743526,0.085245621,0.011625176,0.0028903018,-0.41675716,-0.12442208,0.21462105,-0.72642879,0.1720482,-0.66535752,2.298769,2.9090367,0
31,4200,2.100000,0,1.3922001,0.11758462,0.20643391,0.40751739,-0.021972804,0.073218416,0.20969938,0.026080428,0.013065056,-0.12358774,0.69071798,-0.06147031,0.72050682,0.76626341,-0.088760965,0
31,4200,2.100000,1,1.3922001,0.21726817,0.64214364,0.47308594,0.060328127,0.12903906,-0.069488617,-0.0062610097,0.20217532,0.049624097,-0.3033763,0.87984559,0.36583405,1.1962675,1.9028368,0
31,4200,2.100000,2,1.3922001,0.53170552,0.14940288,0.45044215,0.012799831,0.0027439937,-0.058232901,0.056289943,-0.11253564,-0.032625464,-0.88465066,-0.38266756,0.26638083,1.3011601,-2.7333332,0
31,4200,2.100000,3,1.3922001,0.50077477,0.49434499,0.1109071,-0.022912808,-0.065665838,-0.084162135,-0.022396129,0.20725498,0.020249403,0.89027378,0.25311691,-0.37860855,1.9590888,0.27700417,0
31,4200,2.100000,4,1.3922001,0.20686151,0.264068,0.86330386,-0.053599238,0.10094086,-0.1082635,-0.057476342,0.31346854,-0.042696376,-0.39680124,-0.87183666,-0.28714042,1.8620365,-1.9979103,0
31,4200,2.100000,5,1.3922001,0.099606683,0.54045132,1.2333135,-0.058532072,0.086694224,-0.067700063,0.22963232,-0.043559715,-0.041540376,-0.77057065,0.040381276,0.63607408,0.88139664,3.0892362,0
31,4200,2.100000,6,1.3922001,0.58352266,0.083687097,1.279182,-0.034341908,-0.14208519,0.10262707,-0.090450992,0.080222165,-0.2492096,-0.77916737,-0.083820355,-0.62118625,2.2410518,-3.034428,0
31,4200,2.100000,7,1.3922001,0.56252746,0.53662458,0.7170841,0.035773632,0.025590768,-0.15124411,0.033572643,-0.0036783486,-0.09277582,0.40256407,-0.65556202,0.63889014,0.87774162,-1.020092,0
31,4200,2.100000,8,1.3922001,0.207487,0.92041148,0.058236495,-0.017781238,0.0043370942,-0.1670045,-0.017433952,0.13648582,-0.12684807,-0.26443009,-0.27569969,-0.92415713,2.7496196,-2.3353329,0
31,4200,2.100000,9,1.3922001,0.28244339,1.1799456,0.43450243,0.11942752,-0.058827415,-0.071503189,0.015782333,-0.1387047,-0.11003231,-0.22219841,0.97499435,0.0037266299,1.5670697,1.7948666,0
31,4200,2.100000,10,1.3922001,0.67414813,0.84208916,0.4733339,0.1573073,-0.050381486,-0.069799774,-0.10603053,0.060616478,0.048005172,-0.83923308,0.01585299,-0.54354073,2.145446,3.122705,0
31,4200,2.100000,11,1.3922001,0.57476658,1.1003246,0.14199417,0.052526481,-0.17411879,0.0099133868,-0.31671982,-0.065518414,0.077006956,0.021709696,-0.48166193,-0.87608816,2.6384844,-1.5257543,0
31,4200,2.100000,12,1.3922001,0.14010539,0.85258417,0.88850596,0.0042530159,-0.040608283,0.094451939,-0.086222936,-0.184066,-0.25080577,0.43398554,0.48857537,0.75693504,0.71218617,0.84450132,0
31,4200,2.100000,13,1.3922001,0.11418472,0.10836086,1.3241152,-0.050403813,0.31297531,0.11168071,-0.0036544078,-0.036298151,-0.12894363,0.2179064,0.18743088,-0.95780294,2.8500546,0.71035378,0
31,4200,2.100000,14,1.3922001,0.52841154,0.75294308,1.2047272,0.02784111,-0.066904,0.018556069,0.12030151,0.319395,0.15084967,-0.84447506,0.20565281,0.49453897,1.053492,2.9027151,0
31,4200,2.100000,15,1.3922001,0.43033753,1.1699397,0.79708009,-0.095676361,-0.041208202,-0.12561215,-0.13321287,-0.029034545,-0.025491925,-0.56715775,0.74939258,-0.34167652,1.9194965,2.21865,0
31,4200,2.100000,16,1.3922001,0.89194468,0.1370939,0.21869167,0.073463698,-0.05314285,0.050657869,0.34072844,-0.53926086,-0.023119142,-0.45431904,0.79137573,-0.40904605,1.9922047,2.0919447,0
31,4200,2.100000,17,1.3922001,0.87082417,0.51431433,0.45846201,0.0031225578,0.010044678,-0.030317749,0.13596779,0.10365968,0.0035462635,-0.63634929,-0.68145209,-0.36150052,1.9406731,-2.3219821,0
31,4200,2.100000,18,1.3922001,1.090947,0.17314356,0.57241049,-0.12111342,0.0084276834,0.046830043,0.15359718,0.0029775605,-0.036504455,0.75905578,0.54721063,0.35269654,1.2103451,0.62462187,0
31,4200,2.100000,19,1.3922001,1.2624857,0.53669514,0.30142886,0.075892799,0.024044443,0.11423154,-0.053970142,0.24578241,0.16655617,-0.12577703,-0.67791227,-0.72430318,2.3808195,-1.7542462,0
31,4200,2.100000,20,1.3922001,0.88942956,0.085299663,0.90530673,-0.0032615636,-0.13286796,0.11446257,-0.069635871,-0.12354271,-0.0093630612,0.88558204,-0.25586959,-0.38765345,1.9688809,-0.28126844,0
31,4200,2.100000,21,1.3922001,0.79521049,0.4251024,1.1590458,-0.13570804,-0.09308744,-0.038666058,0.057802492,-0.24057189,0.043246263,-0.38406271,0.012882308,-0.92321713,2.7471662,3.108063,0
31,4200,2.100000,22,1.3922001,1.1573767,0.24133847,1.2036693,-0.0092385912,0.048146437,-0.076857409,0.073707246,0.1836105,0.027637601,-0.36909937,0.16593498,0.9144568,0.41663273,2.7190987,0
31,4200,2.100000,23,1.3922001,1.0322472,0.49632358,0.8573281,-0.26157888,-0.0028040087,-0.041120222,-0.01379568,0.024197173,0.059803112,-0.19857844,0.97925627,-0.040295894,1.6111031,1.7708683,0
31,4200,2.100000,24,1.3922001,0.91834275,0.71412596,0.12812903,0.092645918,-0.1687411,0.021194168,0.087740357,-0.29582812,-0.042342893,0.93505565,-0.33004091,-0.12939836,1.7005585,-0.33931284,0
31,4200,2.100000,25,1.3922001,0.80905537,1.1960122,0.55271985,0.022311462,0.013330468,0.07086207,-0.010349668,0.10744002,0.11694524,0.77415721,-0.1975883,-0.60136468,2.2160044,-0.24989512,0
31,4200,2.100000,26,1.3922001,1.1654688,0.92313912,0.56570637,0.0070545373,0.039188432,0.10470176,0.14966291,-0.26096594,0.28537357,-0.36831984,0.051937484,-0.92824727,2.760469,3.0015044,0
31,4200,2.100000,27,1.3922001,1.300965,1.1912943,0.2438363,0.089171515,-0.003387899,0.1040846,-0.22338203,0.15511258,-0.062391206,0.12553819,-0.86247444,0.4902836,1.0583812,-1.4262556,0
31,4200,2.100000,28,1.3922001,0.83117585,0.94470129,0.8510359,-0.15411173,0.089734292,-0.040734919,-0.034552527,0.032744541,0.1350255,0.73932511,0.30372354,-0.6009579,2.2154953,0.38979208,0
31,4200,2.100000,29,1.3922001,0.95871169,1.2454882,1.2518458,0.085241924,0.055379913,0.060468873,0.19809609,-0.24447268,0.27213612,-0.211461,-0.9669891,0.14218409,1.4281287,-1.786087,0
31,4200,2.100000,30,1.3922001,1.2692389,0.93093299,1.1708252,0.056577598,0.064115837,-0.046041221,-0.032481005,0.23639886,-0.20595917,0.39575779,0.80273605,-0.44608364,2.033181,1.1127554,0
31,4200,2.100000,31,1.3922001,1.260916,1.2847052,0.97763276,0.064743976,0.0059711306,0.012567362,-0.40368995,-0.074638156,0.15115521,-0.44792583,0.21517705,-0.86779104,2.621536,2.6937595,0
32,4300,2.150000,0,1.4005501,0.11861441,0.21035017,0.40301454,-0.021649223,0.075888557,0.20277308,-0.05955334,0.074909278,-0.16746875,0.42759792,-0.058485956,0.90207506,0.44624265,-0.13593442,0
32,4300,2.150000,1,1.4005501,0.21815834,0.65603615,0.47670318,0.059916425,0.13905024,-0.068711126,-0.023826102,0.1959758,-0.0080082809,0.030829654,0.96858286,0.24677273,1.3214478,1.5389774,0
32,4300,2.150000,2,1.4005501,0.54020644,0.14524135,0.45156406,0.018095901,-0.0022985329,-0.059807904,0.10415994,-0.12287458,0.0015055521,-0.83207509,-0.41120429,0.37223926,1.1893758,-2.6826028,0
32,4300,2.150000,3,1.4005501,0.50202938,0.50394202,0.11489202,-0.024656484,-0.059053514,-0.0808523,-0.035095118,0.092447676,0.045375145,0.65410353,0.51871737,-0.5505278,2.1537927,0.6704705,0
32,4300,2.150000,4,1.4005501,0.20463496,0.27920682,0.86410381,-0.057056151,0.11445547,-0.11262835,-0.055145517,0.21852048,-0.028548713,-0.30780788,-0.870552,-0.38391865,1.9648328,-1.910655,0
32,4300,2.150000,5,1.4005501,0.10814122,0.54074264,1.236453,-0.050618604,0.083752863,-0.071944892,0.093116035,-0.05680489,-0.13866825,-0.82079604,0.28490058,0.49510153,1.0528446,2.8075012,0
32,4300,2.150000,6,1.4005501,0.58478102,0.08715018,1.2745525,-0.036576663,-0.13913287,0.090362072,-0.033177611,0.011426805,-0.23553276,-0.82142913,-0.32113385,-0.47130376,2.0615648,-2.7689163,0
32,4300,2.150000,7,1.4005501,0.56708722,0.54127521,0.71897323,0.036955989,0.027018612,-0.15364865,0.014939586,0.012368111,-0.017056151,0.59358419,-0.71954377,0.36043665,1.2020604,-0.88102888,0
32,4300,2.150000,8,1.4005501,0.20851907,0.93136527,0.051866727,-0.01799298,0.009754332,-0.17370352,-0.029676571,0.099550378,-0.15000892,-0.49603676,-0.34129853,-0.7984127,2.4954507,-2.5389313,0
32,4300,2.150000,9,1.4005501,0.28128593,1.1773171,0.4309723,0.11658456,-0.068503996,-0.07762104,-0.1387065,-0.14844293,-0.12030384,-0.075273401,0.97572128,0.20567427,1.3636437,1.6477902,0
32,4300,2.150000,10,1.4005501,0.67170039,0.85321927,0.47717133,0.15083556,-0.044320097,-0.068804236,-0.10509228,0.15958018,0.0054700905,-0.7882071,-0.48145711,-0.38331268,1.9641766,-2.5932511,0
32,4300,2.150000,11,1.4005501,0.56393519,1.1030482,0.14440279,0.038290372,-0.17798312,0.011465727,-0.20265182,-0.050666872,-0.0092360111,0.35404312,-0.37002868,-0.85891341,2.6039405,-0.8074719,0
32,4300,2.150000,12,1.4005501,0.13686022,0.84941001,0.88239121,0.00017971158,-0.048871284,0.083042299,0.0060681842,-0.1370589,-0.25111766,0.51992578,0.72223222,0.45613354,1.0971508,0.94684752,0
32,4300,2.150000,13,1.4005501,0.11567629,0.10692766,1.3248654,-0.04959949,0.3108984,0.10451075,0.010907195,-0.031904413,-0.17946404,0.19652367,0.21213014,-0.957277,2.8482303,0.82356957,0
32,4300,2.150000,14,1.4005501,0.53830878,0.7748921,1.2203485,0.034549037,-0.049522877,0.026926784,0.14790478,0.37247352,0.19459524,-0.98640512,0.16127772,0.031534574,1.5392565,2.9795262,0
32,4300,2.150000,15,1.4005501,0.4254935,1.1753521,0.80148401,-0.10307929,-0.042807939,-0.12598776,-0.11816,0.00079513793,0.03399102,-0.53622613,0.82958529,-0.15572339,1.7271561,2.1446215,0
32,4300,2.150000,16,1.4005501,0.9132976,0.1109567,0.21686151,0.089419288,-0.080021929,0.047525433,0.29616917,-0.55797973,-0.087913806,-0.59223586,0.6011815,-0.53650489,2.1370863,2.3486988,0
32,4300,2.150000,17,1.4005501,0.88385478,0.5212363,0.46333571,0.010906948,0.013870511,-0.028200102,0.12675451,0.070000184,0.054291996,-0.46908655,-0.61704203,-0.63183616,2.2547162,-2.220805,0
32,4300,2.150000,18,1.4005501,1.1081412,0.1758542,0.57467183,-0.11049416,0.010094872,0.045661727,0.24713204,0.058960006,0.041437652,0.88637557,0.3892244,0.25068449,1.3174091,0.41376857,0
32,4300,2.150000,19,1.4005501,1.2656297,0.55199238,0.30938174,0.071477891,0.036086732,0.12035822,-0.090662464,0.25159459,0.08365944,-0.078520839,-0.55755718,-0.82641664,2.5435099,-1.7107063,0
32,4300,2.150000,20,1.4005501,0.8924497,0.078530632,0.9115833,-0.0055690641,-0.14012689,0.11530685,-0.054480506,-0.19176083,0.077898062,0.56307565,-0.13405729,-0.81545966,2.5243192,-0.23372916,0
32,4300,2.150000,21,1.4005501,0.80052808,0.41727207,1.170992,-0.13516153,-0.10343647,-0.033686382,-0.060140495,-0.16617199,0.14553439,-0.26523854,0.11222788,-0.95762906,2.8494503,2.741315,0
32,4300,2.150000,22,1.4005501,1.1679204,0.25122289,1.2125573,-0.0056471868,0.056558232,-0.075193654,0.091843528,0.13754898,-0.039275331,-0.43114771,0.14840412,0.88999318,0.47346611,2.8100878,0
32,4300,2.150000,23,1.4005501,1.0392019,0.49893175,0.86385431,-0.26081755,-0.0031715471,-0.039740135,0.019862676,-0.0043998141,-0.03595288,-0.42637338,0.90190376,-0.069103849,1.6399553,2.0124058,0
32,4300,2.150000,24,1.4005501,0.92734955,0.70658223,0.12671463,0.096134334,-0.18053269,0.019017791,0.016956975,-0.23104475,-0.030675412,0.82152017,-0.35596981,-0.44541005,2.0324285,-0.40888501,0
32,4300,2.150000,25,1.4005501,0.81373028,1.2120636,0.55943816,0.022134429,0.022182109,0.074255182,-0.030550066,0.26840068,0.064319332,0.57518573,-0.11961857,-0.80922974,2.5136362,-0.20504246,0
32,4300,2.150000,26,1.4005501,1.1812241,0.91703673,0.58369516,0.015793568,0.027584019,0.1192541,0.19638208,-0.2171284,0.25645124,-0.33276361,0.1726798,-0.9270653,2.7573039,2.6629189,0
32,4300,2.150000,27,1.4005501,1.2993801,1.2058344,0.24325468,0.079811794,0.0039851365,0.10204661,-0.11056279,0.1009689,-0.057819238,0.28403836,-0.67902634,0.67693829,0.8272014,-1.1746122,0
32,4300,2.150000,28,1.4005501,0.83247806,0.95303635,0.86341596,-0.15778369,0.092395358,-0.033480806,-0.084233526,0.034257268,0.12884713,0.81666075,0.080168131,-0.57152279,2.1791567,0.097852255,0
32,4300,2.150000,29,1.4005501,0.97289214,1.240247,1.2725667,0.093647175,0.042706554,0.073642208,0.12157289,-0.26800906,0.33174843,-0.15157476,-0.96439297,-0.2167286,1.7892585,-1.7266921,0
32,4300,2.150000,30,1.4005501,1.2759332,0.93924978,1.1744503,0.055662128,0.066841012,-0.049428282,0.024105695,-0.12743587,0.02935241,0.42663962,0.87363714,-0.23395893,1.806944,1.1165131,0
32,4300,2.150000,31,1.4005501,1.2502696,1.2931745,0.98836605,0.046589295,0.0067328695,0.01742258,-0.31623716,0.1043765,0.076157151,-0.1430302,0.030253827,-0.98925582,2.994872,2.9331446,0
33,4400,2.200000,0,1.3990598,0.1148521,0.21496308,0.39613541,-0.025287254,0.080727873,0.19631934,-0.080161552,0.094009808,-0.14275604,0.13639401,-0.057747672,0.98897011,0.1486622,-0.40050501,0
33,4400,2.200000,1,1.3990598,0.21753986,0.66348987,0.47889637,0.059529872,0.14720637,-0.066009258,0.016190433,0.14397768,0.05804779,0.28564233,0.95831978,-0.0056274242,1.5764238,1.281115,0
33,4400,2.200000,2,1.3990598,0.54684826,0.13937398,0.45027412,0.025316376,-0.0080143984,-0.060617779,0.20909728,-0.079073981,0.031461241,-0.7544361,-0.469466,0.45872415,1.0942375,-2.584956,0
33,4400,2.200000,3,1.3990598,0.4989546,0.50710015,0.11598398,-0.027198424,-0.055357192,-0.079637443,-0.056996447,0.067991496,-0.007619745,0.40734767,0.68588845,-0.60301319,2.2180693,1.0348758,0
33,4400,2.200000,4,1.3990598,0.20018008,0.28855888,0.86171536,-0.061295541,0.12410976,-0.11409811,-0.07175592,0.20706865,-0.061415724,-0.28419902,-0.82881764,-0.48196705,2.0736947,-1.9011293,0
33,4400,2.200000,5,1.3990598,0.11133567,0.53629729,1.229985,-0.047307323,0.079880839,-0.0771,0.051260336,-0.011659769,-0.052452267,-0.76837673,0.52768296,0.36214347,1.2002299,2.5398146,0
33,4400,2.200000,6,1.3990598,0.57917655,0.083706878,1.2616167,-0.041561544,-0.14248522,0.078776273,-0.18849023,-0.15756359,-0.27561219,-0.81583924,-0.48977482,-0.30745236,1.8833109,-2.6009287,0
33,4400,2.200000,7,1.3990598,0.56812361,0.53942806,0.71654876,0.038596672,0.025746734,-0.15530897,0.0031847138,-0.073620595,0.0064170704,0.75323178,-0.65596483,0.048497638,1.5222797,-0.71648448,0
33,4400,2.200000,8,1.3990598,0.20325528,0.93310066,0.041739385,-0.023037582,0.012482209,-0.18378104,-0.16474902,0.0046504241,-0.27046671,-0.72920821,-0.37596857,-0.57175434,2.1794389,-2.6655552,0
33,4400,2.200000,9,1.3990598,0.27265774,1.1684575,0.42723547,0.10825124,-0.076114895,-0.080901034,-0.21755097,-0.18635449,-0.035972212,0.15030726,0.909726,0.38704823,1.1733682,1.4070531,0
33,4400,2.200000,10,1.3990598,0.6635225,0.85920165,0.47486625,0.14336843,-0.037426164,-0.07060253,-0.17986696,0.11616172,-0.023410828,-0.60685783,-0.76745641,-0.20672258,1.7790203,-2.2398648,0
33,4400,2.200000,11,1.3990598,0.55888292,1.1005381,0.14242803,0.033835798,-0.17932015,0.0096436506,0.073224277,0.0011201774,-0.09699684,0.52968371,-0.32937171,-0.78163255,2.4680752,-0.55631445,0
33,4400,2.200000,12,1.3990598,0.13943397,0.84183571,0.87007448,0.002900545,-0.055545311,0.071658435,0.048873786,-0.11267637,-0.17649934,0.51703436,0.85525271,0.034903825,1.5358854,1.0270454,0
33,4400,2.200000,13,1.3990598,0.11709336,0.10584013,1.3121919,-0.048058519,0.30992414,0.093240961,0.022962271,-0.019416133,-0.21388416,0.22410495,0.20093149,-0.9536265,2.8358594,0.73093097,0
33,4400,2.200000,14,1.3990598,0.54267227,0.7941217,1.2255135,0.039487952,-0.029458059,0.033393789,0.086490896,0.49607071,0.087410816,-0.86939733,0.052039448,-0.49136562,2.0844534,3.0818071,0
33,4400,2.200000,15,1.3990598,0.41980152,1.1739406,0.80092463,-0.10832131,-0.042968922,-0.12569415,-0.10220803,0.030373732,0.013933088,-0.47977287,0.87152975,0.10126148,1.469361,2.0740196,0
33,4400,2.200000,16,1.3990598,0.92532507,0.08414042,0.20943685,0.10242549,-0.10673436,0.040327694,0.23887008,-0.51149293,-0.17930911,-0.67278652,0.4236788,-0.60651016,2.2224602,2.579594,0
33,4400,2.200000,17,1.3990598,0.89161533,0.52164614,0.46507934,0.019612618,0.014835489,-0.025962265,0.14597451,-0.014721413,0.064913441,-0.39500681,-0.49168847,-0.77602324,2.4591322,-2.2475876,0
33,4400,2.200000,18,1.3990598,1.1235091,0.18118331,0.57733361,-0.093938329,0.015614041,0.04893674,0.39488528,0.10862558,0.11625908,0.97356574,0.17526612,0.14646343,1.4238041,0.1781171,0
33,4400,2.200000,19,1.3990598,1.2571595,0.56308157,0.31212507,0.064350614,0.047769505,0.12343239,-0.12333089,0.23265492,-0.00083729982,0.0507222,-0.42056805,-0.90584202,2.7041596,-1.450772,0
33,4400,2.200000,20,1.3990598,0.88651378,0.067898903,0.92103985,-0.010558011,-0.15068067,0.12573894,-0.11579237,-0.28232982,0.32437409,0.14409389,-0.034532061,-0.98896132,2.9928711,-0.23521376,0
33,4400,2.200000,21,1.3990598,0.79435448,0.41014283,1.1759602,-0.14048614,-0.11012527,-0.027468937,-0.084131529,-0.10685228,0.11898742,-0.1340807,0.10670999,-0.98520827,2.9693815,2.4693788,0
33,4400,2.200000,22,1.3990598,1.1687572,0.25712721,1.2115025,-0.0035665703,0.062733161,-0.074958157,0.020870443,0.12559598,0.065260056,-0.46823271,0.048242027,0.88228728,0.49009684,3.0389249,0
33,4400,2.200000,23,1.3990598,1.040087,0.49846056,0.86105834,-0.25882562,-0.0031118099,-0.041617912,0.027054263,0.036550791,0.016913127,-0.61575097,0.78176755,-0.098438972,1.669395,2.2379548,0
33,4400,2.200000,24,1.3990598,0.92728284,0.69670369,0.12385909,0.09705488,-0.18966424,0.016295632,0.032479462,-0.17731336,-0.10670721,0.61755517,-0.41799519,-0.66626244,2.2999818,-0.59502281,0
33,4400,2.200000,25,1.3990598,0.81509584,1.233621,0.56180627,0.024367038,0.04504139,0.077220155,0.054162184,0.55714013,0.018191758,0.38428634,-0.0095442933,-0.92316462,2.7470296,-0.024831306,0
33,4400,2.200000,26,1.3990598,1.1911279,0.90412623,0.59620082,0.02696022,0.015642946,0.13238784,0.22310991,-0.28076566,0.28324089,-0.32594541,0.32872621,-0.88639645,2.6602982,2.3519469,0
33,4400,2.200000,27,1.3990598,1.2928768,1.2100595,0.24338646,0.074688399,0.0094961973,0.10243744,-0.11544268,0.079785114,0.028056826,0.42946004,-0.37984253,0.81931906,0.61057399,-0.72416582,0
33,4400,2.200000,28,1.3990598,0.83007897,0.95234765,0.86949032,-0.15929777,0.092720924,-0.026483989,-0.009120184,-0.029402016,0.15434392,0.80694997,-0.16326346,-0.56760619,2.1743917,-0.19962693,0
33,4400,2.200000,29,1.3990598,0.97664292,1.2256141,1.288029,0.098435724,0.029386245,0.090467505,0.058588113,-0.25563248,0.32334234,-0.20118184,-0.7819088,-0.59003771,2.2019019,-1.8226297,0
33,4400,2.200000,30,1.3990598,1.2752266,0.93095223,1.1762695,0.056313546,0.059539002,-0.046357668,0.016752849,-0.17063372,0.055263666,0.45245054,0.89168538,0.013626738,1.5571692,1.1012379,0
33,4400,2.200000,31,1.3990598,1.2358405,1.2993373,0.98635923,0.033483542,0.014275691,0.016466943,-0.2306272,0.19295167,-0.078422472,0.2767433,-0.28223418,-0.91856247,2.7352245,-0.79522093,0
34,4500,2.250000,0,1.4020812,0.10754404,0.2173595,0.39087519,-0.032835203,0.082657974,0.19021022,-0.16450937,0.02317413,-0.12964819,-0.051403756,-0.052961611,0.99727264,0.073872851,-2.3412687,0
34,4500,2.250000,1,1.4020812,0.21982009,0.67399381,0.48140424,0.061338356,0.15626768,-0.064537196,0.094614904,0.17241789,0.027819553,0.4806405,0.82564477,-0.29545799,1.8707312,1.043613,0
34,4500,2.250000,2,1.4020812,0.55944439,0.13427069,0.45292046,0.036719248,-0.013412856,-0.058945648,0.26818958,-0.099225784,0.023046772,-0.62240829,-0.52879791,0.57704478,0.95569071,-2.437331,0
34,4500,2.250000,3,1.4020812,0.49647495,0.51080125,0.12017249,-0.030751772,-0.052754026,-0.075703652,-0.11806663,0.10567546,0.12647968,0.18558667,0.78597878,-0.58974142,2.2015349,1.3389216,0
34,4500,2.250000,4,1.4020812,0.19719831,0.29876961,0.85928397,-0.064705932,0.133687,-0.11838582,-0.11197534,0.20176523,-0.080711252,-0.26185406,-0.82414844,-0.50220693,2.0969453,-1.8784359,0
34,4500,2.250000,5,1.4020812,0.1152823,0.53703071,1.2287477,-0.043605122,0.079456542,-0.080989318,0.1051406,0.002911135,-0.073478989,-0.60721416,0.76527427,0.21364986,1.3554868,2.2415364,0
34,4500,2.250000,6,1.4020812,0.57035201,0.072408179,1.2517994,-0.051626002,-0.15395232,0.066247925,-0.27254829,-0.28785891,-0.26462495,-0.78551743,-0.60821591,-0.11417434,1.6852202,-2.4827282,0
34,4500,2.250000,7,1.4020812,0.56632297,0.53623235,0.72061838,0.035572386,0.02139079,-0.15278951,-0.12842599,-0.14789524,0.10852631,0.82453967,-0.52228323,-0.21761101,1.7901625,-0.56463411,0
34,4500,2.250000,8,1.4020812,0.1962425,0.93271763,0.02896724,-0.030481274,0.010086651,-0.19662947,-0.098544812,-0.056299377,-0.16194237,-0.91114838,-0.26131149,-0.31862978,1.8950799,-2.8622955,0
34,4500,2.250000,9,1.4020812,0.25980886,1.1627335,0.4268438,0.094828005,-0.084353347,-0.082213936,-0.23477924,-0.19119046,-0.0049425418,0.36130852,0.77390955,0.52011552,1.0238101,1.1340092,0
34,4500,2.250000,10,1.4020812,0.65551355,0.86623033,0.47432772,0.13393673,-0.032258576,-0.072164888,-0.21381411,0.05295332,-0.017847143,-0.39154979,-0.91868817,-0.051969274,1.622789,-1.9736875,0
34,4500,2.250000,11,1.4020812,0.56761555,1.1074784,0.13762207,0.041353368,-0.17476153,0.0045356218,0.19570406,0.13754096,-0.059921627,0.63066847,-0.42464205,-0.64956632,2.2778102,-0.59259501,0
34,4500,2.250000,12,1.4020812,0.14161308,0.83832662,0.86061898,0.0047765103,-0.060866668,0.060336156,0.0059172273,-0.162714,-0.23295352,0.41943113,0.82835304,-0.3713607,1.9512704,1.1020868,0
34,4500,2.250000,13,1.4020812,0.12221997,0.10141925,1.3045384,-0.043190031,0.30527969,0.08276503,0.12354805,-0.075778129,-0.22453488,0.29902486,0.13814745,-0.94419247,2.8059307,0.43278259,0
34,4500,2.250000,14,1.4020812,0.54691661,0.82064415,1.2309573,0.04255704,-0.004677304,0.036187957,0.060990178,0.4981353,-0.015006631,-0.52506548,-0.099913017,-0.84517669,2.577692,-2.9535539,0
34,4500,2.250000,15,1.4020812,0.41595672,1.1785328,0.80409811,-0.11306759,-0.040914159,-0.12425188,-0.084653211,0.02250315,-0.0051477472,-0.40947112,0.84611495,0.34120799,1.2225946,2.0215157,0
34,4500,2.250000,16,1.4020812,0.93762177,0.062466813,0.19879302,0.11271278,-0.12856613,0.029243526,0.15238935,-0.35552227,-0.20884214,-0.7777178,0.24350378,-0.5795351,2.1889544,2.8381609,0
34,4500,2.250000,17,1.4020812,0.90244374,0.52147313,0.47202516,0.028505912,0.013537348,-0.020027218,0.14819405,-0.043950937,0.13381188,-0.35203308,-0.5025764,-0.78961362,2.4809754,-2.1818288,0
34,4500,2.250000,18,1.4020812,1.142876,0.18680115,0.58677593,-0.077015915,0.020834971,0.05712343,0.32153824,0.14300914,0.22353742,0.99864244,-0.040873339,0.03228993,1.5385008,-0.040906071,0
34,4500,2.250000,19,1.4020812,1.2547765,0.57518955,0.31062275,0.059258253,0.058649729,0.12125836,-0.073184225,0.23112928,-0.10096408,0.20441753,-0.30634535,-0.92971286,2.7644287,-0.98237057,0
34,4500,2.250000,20,1.4020812,0.88267382,0.055370415,0.94289999,-0.01630627,-0.16334214,0.14558861,-0.16914485,-0.14341232,0.38859464,-0.25972113,0.06671175,-0.9633766,2.8701183,2.8901688,0
34,4500,2.250000,21,1.4020812,0.79288972,0.40646582,1.1824278,-0.14366295,-0.1146831,-0.023545141,-0.0867173,-0.048253537,0.025488785,0.041626698,0.021410767,-0.9989038,3.0947653,0.47506302,0
34,4500,2.250000,22,1.4020812,1.1720943,0.26444495,1.2189734,-0.0027543502,0.069488324,-0.070108818,-0.0067144597,0.12468191,0.15594999,-0.48340934,-0.085434418,0.87121545,0.51312345,-2.9666659,0
34,4500,2.250000,23,1.4020812,1.0447739,0.50199004,0.86252846,-0.25638753,-0.00066143593,-0.04200689,0.11211467,0.047639687,-0.011574959,-0.6295512,0.74905844,-0.20634129,1.7786306,2.2697239,0
34,4500,2.250000,24,1.4020812,0.93136306,0.69161145,0.11444138,0.099130318,-0.19625396,0.0066208812,0.10518091,-0.12010003,-0.30417356,0.32364906,-0.54293198,-0.77490396,2.4573595,-1.0332395,0
34,4500,2.250000,25,1.4020812,0.82090636,1.2640967,0.56168993,0.028412924,0.072822988,0.075891976,0.06322153,0.52006518,-0.073289838,0.20178535,-0.0031169611,-0.97942481,2.9383877,-0.015445686,0
34,4500,2.250000,26,1.4020812,1.2040424,0.89180764,0.61288332,0.037291318,0.0013871996,0.14776622,0.20365789,-0.26565017,0.37849517,-0.27924294,0.43206614,-0.85752098,2.6012277,2.1445638,0
34,4500,2.250000,27,1.4020812,1.2906971,1.2147757,0.24712304,0.069722007,0.011596941,0.10564495,-0.068891827,-0.0088454293,0.070337706,0.48653744,-0.032097376,0.87306991,0.50933303,-0.065875574,0
34,4500,2.250000,28,1.4020812,0.83009451,0.9564051,0.87950372,-0.16107294,0.094719545,-0.01835709,-0.040341741,0.079894344,0.20103676,0.73530209,-0.3889122,-0.55504787,2.1592168,-0.48651102,0
34,4500,2.250000,29,1.4020812,0.9805115,1.2149718,1.3067763,0.10019327,0.016111523,0.10641601,0.0012255905,-0.32059775,0.25992267,-0.27277799,-0.54699077,-0.7914501,2.4839741,-2.0333942,0
34,4500,2.250000,30,1.4020812,1.2765494,0.9261293,1.1781538,0.054883951,0.052712965,-0.047012948,-0.043090267,-0.10892866,-0.047697523,0.43258284,0.88475467,0.17343949,1.3964753,1.1160441,0
34,4500,2.250000,31,1.4020812,1.2314102,1.3086282,0.98390373,0.026392007,0.02075359,0.011886259,0.0020846724,0.033980315,-0.089757091,0.52153072,-0.56676018,-0.63779982,2.2624346,-0.82693435,0
35,4600,2.300000,0,1.4095667,0.10530509,0.22286072,0.38570219,-0.035640847,0.086987233,0.18296969,0.044260134,0.12370304,-0.15893306,-0.1043535,-0.074185383,0.99176957,0.12838806,-2.5235856,0
35,4600,2.300000,1,1.4095667,0.22644293,0.68645765,0.48329721,0.06677315,0.16510965,-0.065212554,0.14553394,0.13888716,-0.059597715,0.62222628,0.54547917,-0.56150417,2.1669988,0.71976784,0
35,4600,2.300000,2,1.4095667,0.57402567,0.12944323,0.45852033,0.048282972,-0.018942443,-0.055772284,0.15864522,-0.052218038,0.058939011,-0.38735641,-0.5672702,0.72674585,0.75722372,-2.1699144,0
35,4600,2.300000,3,1.4095667,0.49335757,0.51817191,0.12866348,-0.03650442,-0.048122764,-0.067875081,-0.14740313,0.099375675,0.12646326,-0.038951564,0.82630545,-0.56187372,2.1674455,1.6179009,0
35,4600,2.300000,4,1.4095667,0.19269656,0.30851501,0.85776445,-0.070245744,0.14181568,-0.12447669,-0.12192181,0.1320577,-0.096387244,-0.22185603,-0.7885642,-0.57353849,2.1816152,-1.8450488,0
35,4600,2.300000,5,1.4095667,0.12154694,0.54002167,1.2336801,-0.037970961,0.079580064,-0.082612691,0.13896313,0.072136956,-0.023217522,-0.32144073,0.94670689,0.020540527,1.5502544,1.8981185,0
35,4600,2.300000,6,1.4095667,0.55998529,0.055933429,1.2439996,-0.065002118,-0.17076887,0.051803521,-0.24772218,-0.3587559,-0.28463531,-0.75117058,-0.65955461,0.027027252,1.5437658,-2.4210459,0
35,4600,2.300000,7,1.4095667,0.56195627,0.52928918,0.73273258,0.028201807,0.011610812,-0.14454451,-0.13674153,-0.25485441,0.18161328,0.82910837,-0.37722097,-0.4126544,1.9961625,-0.42698082,0
35,4600,2.300000,8,1.4095667,0.19650801,0.93793066,0.023241253,-0.03126139,0.010319456,-0.20249449,0.030787126,0.057475898,-0.066508305,-0.98616254,-0.15493039,0.058991672,1.5117704,-2.9857621,0
35,4600,2.300000,9,1.4095667,0.24931873,1.1607599,0.42953875,0.082982343,-0.09251291,-0.081798936,-0.214846,-0.16264144,0.0072758246,0.35728588,0.73528339,0.57593848,0.95704465,1.1184794,0
35,4600,2.300000,10,1.4095667,0.64392268,0.87347501,0.47593945,0.11888626,-0.029645502,-0.073083066,-0.3405645,0.0073928017,-0.077085214,-0.2202311,-0.97353044,0.061128955,1.5096292,-1.7932707,0
35,4600,2.300000,11,1.4095667,0.58075944,1.1220969,0.13774328,0.051440011,-0.16607874,0.0039237243,0.19523067,0.19822636,0.069108469,0.70311336,-0.53895788,-0.46384912,2.0531314,-0.653997,0
35,4600,2.300000,12,1.4095667,0.14641886,0.83395627,0.85433732,0.0088154888,-0.069689203,0.049488683,0.11804368,-0.16903093,-0.16396335,0.26638912,0.65515037,-0.70697584,2.3560093,1.1846068,0
35,4600,2.300000,13,1.4095667,0.12811233,0.0965268,1.3013356,-0.037964088,0.29986021,0.072624534,0.079231971,-0.14622258,-0.18772695,0.34944402,-0.00057644023,-0.93695707,2.7846145,-0.001649591,0
35,4600,2.300000,14,1.4095667,0.55196179,0.84759164,1.2287413,0.044676686,0.017829001,0.027423415,0.0070577914,0.34274454,-0.25875711,-0.08610949,-0.15294431,-0.9844761,2.9651601,-2.0835747,0
35,4600,2.300000,15,1.4095667,0.41136046,1.187837,0.80663685,-0.11986647,-0.037909861,-0.12600142,-0.14647893,0.068756469,-0.069968195,-0.37229391,0.75055824,0.54594833,0.99327572,2.031257,0
35,4600,2.300000,16,1.4095667,0.94688352,0.0534894,0.19237816,0.11695745,-0.13785232,0.0217872,0.0034738806,-0.055001137,-0.031413703,-0.87613902,0.043174632,-0.48012121,2.0715892,3.0923542,0
35,4600,2.300000,17,1.4095667,0.90950061,0.51853173,0.48341554,0.030738857,0.0078270991,-0.011180446,-0.025653671,-0.11710112,0.15985208,-0.28217774,-0.59970521,-0.74881866,2.4170742,-2.0105891,0
35,4600,2.300000,18,1.4095667,1.1577282,0.19504002,0.60220904,-0.068288572,0.02805732,0.06939119,0.062185839,0.14969672,0.25705114,0.97327046,-0.22807229,-0.026974701,1.5977743,-0.23018261,0
35,4600,2.300000,19,1.4095667,1.2610041,0.59293796,0.30533544,0.058788017,0.07328833,0.11433113,0.081682808,0.36036344,-0.176268,0.29458716,-0.24829795,-0.92280363,2.7460916,-0.70033869,0
35,4600,2.300000,20,1.4095667,0.87406541,0.053561839,0.96848612,-0.029591738,-0.16544074,0.16608621,-0.31168351,-0.020073052,0.45332684,-0.44939927,0.11827268,-0.88546703,2.6582944,2.8842487,0
35,4600,2.300000,21,1.4095667,0.79302858,0.40778191,1.1897706,-0.14774631,-0.11553478,-0.022517797,-0.12233272,-0.0035941179,-0.010706337,0.20943049,-0.094744193,-0.97322269,2.9096544,-0.4248394,0
35,4600,2.300000,22,1.4095667,1.1778159,0.26956807,1.2333856,-0.0032889253,0.07318977,-0.062225421,-0.035545638,0.011209903,0.14665024,-0.50325171,-0.16525549,0.84819122,0.55823522,-2.8243108,0
35,4600,2.300000,23,1.4095667,1.0569163,0.50587344,0.86683245,-0.24984041,0.00053873641,-0.04230698,0.16744069,0.020157025,-0.015267299,-0.62586271,0.74061584,-0.24450777,1.8178083,2.2724138,0
35,4600,2.300000,24,1.4095667,0.9424378,0.69262757,0.098342486,0.10521648,-0.19892312,-0.01004463,0.11279626,-0.016809535,-0.34399486,0.01747422,-0.60640739,-0.79496209,2.4897414,-1.5419883,0
35,4600,2.300000,25,1.4095667,0.83035212,1.2963103,0.56226638,0.033462574,0.098220217,0.073476104,0.21140742,0.41115474,-0.0088141231,0.052561754,-0.068112953,-0.99629207,3.0554506,-0.91356055,0
35,4600,2.300000,26,1.4095667,1.2190177,0.88636051,0.63420987,0.045815694,-0.0087940206,0.16577276,0.14070078,-0.15300716,0.33697517,-0.2569952,0.56649378,-0.7829676,2.4702185,1.9966892,0
35,4600,2.300000,27,1.4095667,1.2938374,1.2216497,0.2505208,0.06598149,0.011984471,0.10771785,-0.10145574,0.031761256,0.0064873907,0.38905818,0.370869,0.84326148,0.56747386,0.76146732,0
35,4600,2.300000,28,1.4095667,0.83511638,0.96416479,0.89478321,-0.16048436,0.097366124,-0.0078012155,0.028292869,0.030020503,0.2439687,0.67862693,-0.52024008,-0.51847444,2.1158622,-0.65404508,0
35,4600,2.300000,29,1.4095667,0.9854334,1.1992753,1.3196096,0.099881235,-0.0060126507,0.11225715,0.020035819,-0.54751774,0.0043986473,-0.43897589,-0.24588842,-0.8641985,2.6143516,-2.630997,0
35,4600,2.300000,30,1.4095667,1.2784511,0.92303506,1.1820142,0.049983451,0.044695647,-0.049436077,-0.16392916,-0.17213902,-0.043198312,0.34332786,0.89224876,0.29328847,1.2731316,1.2034709,0
35,4600,2.300000,31,1.4095667,1.2484831,1.3128004,0.98762028,0.036862738,0.017946782,0.010354016,0.34764754,-0.087058777,0.050241808,0.51996259,-0.74504633,-0.41778567,2.0018031,-0.96148588,0
36,4700,2.350000,0,1.4102637,0.10922808,0.22929164,0.37691781,-0.031770886,0.093306376,0.17399679,0.086881861,0.071394818,-0.21969263,-0.073734442,-0.014386485,0.99717414,0.075195666,-2.9489013,0
36,4700,2.350000,1,1.4102637,0.23587631,0.69391484,0.47974834,0.076092239,0.17222561,-0.068999485,0.20462354,0.076101039,-0.14141344,0.67320091,0.25243815,-0.69503634,2.3392668,0.35875479,0
36,4700,2.350000,2,1.4102637,0.58134037,0.13057048,0.46187078,0.05531206,-0.017879467,-0.052649349,0.090056683,0.14974293,0.024351833,-0.2176605,-0.46421244,0.85856317,0.5383357,-2.0092405,0
36,4700,2.350000,3,1.4102637,0.48477267,0.52147498,0.13645583,-0.04533112,-0.0450767,-0.060148268,-0.16144648,0.032789677,0.20905345,-0.2832911,0.79135463,-0.54176009,2.143326,1.9145647,0
36,4700,2.350000,4,1.4102637,0.18740955,0.31548932,0.85335486,-0.075626711,0.14863574,-0.12930926,-0.10743954,0.17158893,-0.071797344,-0.18769011,-0.7313511,-0.65566607,2.2858608,-1.8220096,0
36,4700,2.350000,5,1.4102637,0.13078485,0.5417509,1.2346362,-0.02879542,0.081041875,-0.082266745,0.18561849,-0.083503624,0.040387383,0.022156787,0.97465154,-0.2226285,1.7953061,1.5480672,0
36,4700,2.350000,6,1.4102637,0.54456612,0.037617803,1.2326549,-0.080694336,-0.18910763,0.039846527,-0.31260685,-0.34231603,-0.1669956,-0.66946078,-0.73469142,0.10977603,1.4607986,-2.3097723,0
36,4700,2.350000,7,1.4102637,0.5527683,0.51614351,0.74068999,0.018738275,-0.0017932984,-0.13695134,-0.19743083,-0.20979043,0.11023286,0.77927959,-0.28506373,-0.5580878,2.1628759,-0.35068431,0
36,4700,2.350000,8,1.4102637,0.19524059,0.93981981,0.021753529,-0.032625656,0.011744428,-0.20399334,-0.082471597,0.0041390814,0.033638278,-0.85074403,-0.046983218,0.52347605,1.0198708,-3.0864227,0
36,4700,2.350000,9,1.4102637,0.23874005,1.1555766,0.42848275,0.072283008,-0.09826879,-0.083067034,-0.19855767,-0.027312169,-0.097832863,0.26619103,0.83600395,0.47983302,1.070332,1.2625374,0
36,4700,2.350000,10,1.4102637,0.6286213,0.87492041,0.47238986,0.1032703,-0.028632306,-0.076867082,-0.31758926,-0.022852489,-0.054550094,-0.031782784,-0.98144043,0.18911513,1.3805354,-1.6031688,0
36,4700,2.350000,11,1.4102637,0.58934892,1.1337518,0.14318566,0.059740239,-0.15498146,0.0092966571,0.1325041,0.24303649,0.11282495,0.75722377,-0.56692501,-0.32435812,1.9011294,-0.64266146,0
36,4700,2.350000,12,1.4102637,0.15663771,0.82885767,0.84785614,0.018959422,-0.075198852,0.04258672,0.2538145,-0.055744146,-0.076374757,0.11850861,0.49110746,-0.8630001,2.6119746,1.3340141,0
36,4700,2.350000,13,1.4102637,0.13044933,0.088563708,1.2899425,-0.035691009,0.29185136,0.060590787,0.00036956829,-0.16266531,-0.27589356,0.34472672,-0.19575971,-0.91806406,2.7339655,-0.51645883,0
36,4700,2.350000,14,1.4102637,0.55558096,0.86246765,1.2122707,0.048022074,0.032282275,0.010349358,0.069824435,0.21496152,-0.45056666,0.37625148,0.025797495,-0.92615836,2.7548919,0.068457361,0
36,4700,2.350000,15,1.4102637,0.40541268,1.1941443,0.80954039,-0.12601615,-0.032191372,-0.1234974,-0.12429148,0.13409205,0.099745103,-0.40631525,0.60293919,0.68656554,0.81404158,2.1637837,0
36,4700,2.350000,16,1.4102637,0.94769304,0.0531222,0.19214859,0.11729862,-0.13824587,0.02146257,0.040913647,0.022206276,-0.021812393,-0.92498981,-0.20093345,-0.32252071,1.8991876,-2.9276882,0
36,4700,2.350000,17,1.4102637,0.90651792,0.51544383,0.48874801,0.027307251,0.0044836011,-0.0060883033,-0.11532363,-0.069466444,0.015648604,-0.1694819,-0.70255505,-0.69115286,2.3338794,-1.8075101,0
36,4700,2.350000,18,1.4102637,1.1616393,0.20488507,0.61727786,-0.064950845,0.037803505,0.084158552,0.059487559,0.26486716,0.30203456,0.92687197,-0.36598279,-0.083456281,1.6543498,-0.37606575,0
36,4700,2.350000,19,1.4102637,1.2674742,0.61208337,0.29800578,0.064633067,0.092135862,0.10685232,0.13432147,0.37897694,-0.13460366,0.30607219,-0.2438876,-0.92023837,2.7394855,-0.67280521,0
36,4700,2.350000,20,1.4102637,0.85943634,0.05343512,0.99105645,-0.044649339,-0.16559391,0.18817213,-0.26568554,-0.033167012,0.42780008,-0.54831705,0.12059711,-0.8275293,2.5454889,2.9250991,0
36,4700,2.350000,21,1.4102637,0.78450262,0.40844639,1.1878572,-0.15666223,-0.11507207,-0.025018962,-0.15940982,0.015929158,-0.033344716,0.43576588,-0.2461976,-0.8657337,2.6174108,-0.51426893,0
36,4700,2.350000,22,1.4102637,1.1779851,0.27186877,1.2401679,-0.0037021209,0.075356627,-0.056054581,-0.024808194,0.091694015,0.11266523,-0.51051526,-0.26021503,0.81955006,0.61017097,-2.6702068,0
36,4700,2.350000,23,1.4102637,1.0667855,0.50953355,0.87013023,-0.24049625,0.0039478344,-0.039438587,0.23150076,0.10106445,0.1399201,-0.5961632,0.78932765,-0.14680358,1.7181324,2.2176679,0
36,4700,2.350000,24,1.4102637,0.94838091,0.69108057,0.079288511,0.11069218,-0.20081218,-0.029142517,0.13572175,-0.035543856,-0.41611433,-0.19347246,-0.56626283,-0.80119586,2.5000873,-1.900027,0
36,4700,2.350000,25,1.4102637,0.8456261,1.3111033,0.56293675,0.048322255,0.11236865,0.07386832,0.38811658,0.17100579,0.019886238,-0.092765655,-0.20031244,-0.97533044,2.9190093,-2.0044946,0
36,4700,2.350000,26,1.4102637,1.224308,0.87894587,0.65055585,0.050502033,-0.016645045,0.18180114,0.0489701,-0.15391358,0.30757765,-0.25395685,0.73756186,-0.62570633,2.246833,1.9024015,0
36,4700,2.350000,27,1.4102637,1.2856482,1.2224074,0.24741985,0.057154562,0.012137985,0.10449381,-0.19781016,-0.026811966,-0.083215015,0.14736125,0.68018983,0.71807134,0.76976917,1.3574462,0
36,4700,2.350000,28,1.4102637,0.83905156,0.96315903,0.90682264,-0.15696304,0.095883926,0.0037928553,0.091364513,-0.091279124,0.2158594,0.57253454,-0.62080414,-0.53554311,2.135947,-0.82582533,0
36,4700,2.350000,29,1.4102637,0.98532074,1.1701066,1.319894,0.099281404,-0.035767096,0.11188902,-0.042011726,-0.61583037,0.00031228642,-0.6468871,0.20964204,-0.73320345,2.3938173,2.8281947,0
36,4700,2.350000,30,1.4102637,1.2719238,0.91559016,1.1776166,0.042825699,0.036796228,-0.05441694,-0.12115465,-0.16205031,-0.077094088,0.18137742,0.90267803,0.39022378,1.1699217,1.3725042,0
36,4700,2.350000,31,1.4102637,1.2657652,1.3087974,0.99263118,0.053523305,0.013295719,0.014875393,0.29809687,-0.14546618,0.13069816,0.3320799,-0.92140221,-0.20184378,1.7740364,-1.2248804,0
37,4800,2.400000,0,1.4096056,0.11566257,0.23345118,0.36508728,-0.025283908,0.097573922,0.16233944,0.10284938,0.11438378,-0.20297994,-0.027880032,0.090775558,0.99548104,0.095103808,1.8687829,0
37,4800,2.400000,1,1.4096056,0.24523827,0.69521498,0.46898511,0.085566493,0.17384996,-0.079541294,0.15163048,-0.045947376,-0.26739282,0.80651873,0.11283429,-0.58034124,2.189944,0.13900068,0
37,4800,2.400000,2,1.4096056,0.58251838,0.14002028,0.46172733,0.056761709,-0.0083665143,-0.052577244,-0.089997897,0.23818672,-0.025680283,-0.20592191,-0.31278797,0.92723236,0.38384292,-2.1530145,0
37,4800,2.400000,3,1.4096056,0.47926205,0.52142176,0.14722149,-0.050616737,-0.044886511,-0.049316407,-0.03843577,-0.011229017,0.18302401,-0.50982083,0.69223433,-0.51077819,2.106886,2.2055922,0
37,4800,2.400000,4,1.4096056,0.18096714,0.32258382,0.8498646,-0.081983153,0.15587916,-0.132402,-0.16521936,0.16607486,-0.071514243,-0.17888301,-0.63528126,-0.75127797,2.4207926,-1.8452703,0
37,4800,2.400000,5,1.4096056,0.13842324,0.5372676,1.2364458,-0.021094207,0.076810413,-0.079880442,0.1567416,-0.10177884,-0.012469269,0.31790122,0.82896009,-0.46017821,2.0489922,1.2045997,0
37,4800,2.400000,6,1.4096056,0.52915404,0.01984479,1.2274285,-0.095855814,-0.20686723,0.03519435,-0.35046217,-0.34658361,-0.055557488,-0.42715218,-0.89794259,0.10601945,1.4645773,-2.0148165,0
37,4800,2.400000,7,1.4096056,0.5429478,0.50668381,0.74395256,0.009173511,-0.011014275,-0.13334225,-0.19536322,-0.15261103,0.045128932,0.66549114,-0.25772198,-0.70050047,2.3468949,-0.36948068,0
37,4800,2.400000,8,1.4096056,0.18821122,0.9408508,0.025923847,-0.039565524,0.013214352,-0.19981189,-0.14894697,0.068543824,0.11345082,-0.47731997,0.10821621,0.87204065,0.51143995,2.9186452,0
37,4800,2.400000,9,1.4096056,0.22902551,1.1560973,0.42233349,0.06267765,-0.097208568,-0.089017726,-0.18770532,0.059035045,-0.11924737,0.070084377,0.95820413,0.27736804,1.2897427,1.497785,0
37,4800,2.400000,10,1.4096056,0.61592286,0.87395165,0.47078477,0.09086233,-0.029192892,-0.078252036,-0.24714501,-0.037794507,0.021837114,0.186098,-0.93827304,0.29156685,1.2749319,-1.3749965,0
37,4800,2.400000,11,1.4096056,0.59526212,1.1438273,0.14715546,0.065929916,-0.14437439,0.013334222,0.13561761,0.073306987,0.043227203,0.83515377,-0.50236471,-0.22393722,1.7966488,-0.54153904,0
37,4800,2.400000,12,1.4096056,0.17002485,0.82487062,0.84867404,0.032422807,-0.078799935,0.043800583,0.25894754,-0.069775425,0.11998602,0.036344005,0.44085052,-0.89684443,2.6833797,1.4885417,0
37,4800,2.400000,13,1.4096056,0.13023098,0.082619403,1.2742954,-0.035848522,0.28594701,0.045542168,-0.0035805221,-0.081245662,-0.30352635,0.16479528,-0.39227037,-0.90496766,2.7021,-1.1730779,0
37,4800,2.400000,14,1.4096056,0.55924491,0.87064436,1.1923085,0.051946215,0.04086349,-0.0090515713,0.00080445544,0.099511158,-0.32693169,0.67513423,0.17222716,-0.71730856,2.3707281,0.24977346,0
37,4800,2.400000,15,1.4096056,0.39950306,1.1998388,0.81410222,-0.13173791,-0.025938146,-0.11855662,-0.12316585,0.16356732,0.12869197,-0.51589106,0.3819087,0.76681299,0.6969352,2.5043353,0
37,4800,2.400000,16,1.4096056,0.94833902,0.055282615,0.19303371,0.11838713,-0.13606016,0.02243759,0.050241366,0.095165976,0.01249569,-0.83995343,-0.52895998,-0.12115931,1.692254,-2.5795855,0
37,4800,2.400000,17,1.4096056,0.90234161,0.51000545,0.48684532,0.023553112,-0.00071544798,-0.0077632913,-0.021727179,-0.095198413,-0.086308198,-0.0092851384,-0.8036903,-0.59497537,2.2080313,-1.5823489,0
37,4800,2.400000,18,1.4096056,1.16225,0.21400534,0.63226981,-0.063797719,0.047021538,0.099442142,0.082974285,-0.00016046538,0.33038701,0.87920568,-0.47218741,-0.063532785,1.6343719,-0.49285528,0
37,4800,2.400000,19,1.4096056,1.2745399,0.63041198,0.29372511,0.07229206,0.11075446,0.10270975,0.17885721,0.33547598,-0.10527185,0.31608084,-0.29244203,-0.90253563,2.6964184,-0.74657147,0
37,4800,2.400000,20,1.4096056,0.84704908,0.051045671,1.0104103,-0.056638319,-0.16795897,0.20799313,-0.21276948,-0.027330122,0.37241811,-0.70397495,0.14700693,-0.69484403,2.3389993,2.935727,0
37,4800,2.400000,21,1.4096056,0.77550004,0.41160725,1.1844522,-0.16530072,-0.11171982,-0.027870255,-0.13964356,0.097718387,-0.11397614,0.70363109,-0.25291903,-0.66402956,2.2969915,-0.34506713,0
37,4800,2.400000,22,1.4096056,1.1754127,0.27683082,1.2445597,-0.0057251974,0.080446735,-0.05108287,-0.051935974,0.092766272,0.1018575,-0.57562054,-0.45829327,0.67722099,0.82681724,-2.4691899,0
37,4800,2.400000,23,1.4096056,1.0778866,0.51337476,0.88045332,-0.22889459,0.0080277844,-0.028706919,0.20542268,0.10534245,0.34207548,-0.44822931,0.88906593,-0.093017538,1.6639485,2.0377644,0
37,4800,2.400000,24,1.4096056,0.95091492,0.69130257,0.05716414,0.11366947,-0.20026754,-0.051235042,-0.0077501617,0.12413608,-0.4383851,-0.31650981,-0.49635837,-0.80836249,2.5121615,-2.1384505,0
37,4800,2.400000,25,1.4096056,0.86600488,1.316553,0.56261918,0.069100521,0.11843168,0.073813444,0.42952543,0.077850664,0.0075853195,-0.18276156,-0.47206374,-0.86241176,2.6108112,-1.9401801,0
37,4800,2.400000,26,1.4096056,1.2238371,0.87483687,0.66365362,0.050602476,-0.020344721,0.19520564,0.0080971012,-0.080394437,0.2766716,-0.14690855,0.91840014,-0.36736775,1.9469736,1.7294139,0
37,4800,2.400000,27,1.4096056,1.274633,1.217462,0.24400899,0.046736916,0.0077619851,0.10119764,-0.20018007,-0.10356087,-0.021376258,-0.10141603,0.83530623,0.54035016,0.99994313,1.6916168,0
37,4800,2.400000,28,1.4096056,0.84509587,0.95970697,0.9170265,-0.15052566,0.092880647,0.014422391,0.22661859,-0.056602421,0.12083055,0.47712924,-0.72476157,-0.49705971,2.0910033,-0.98859042,0
37,4800,2.400000,29,1.4096056,0.98226501,1.1412314,1.3175854,0.096684896,-0.064102817,0.11019606,-0.12213988,-0.50475217,-0.010968022,-0.64385483,0.62688439,-0.43871052,2.0249596,2.3695485,0
37,4800,2.400000,30,1.4096056,1.2659499,0.90629394,1.1717308,0.037444135,0.027925226,-0.059754392,-0.068468552,-0.17422979,-0.12503742,0.098325025,0.87254814,0.47853102,1.0718153,1.4585825,0
37,4800,2.400000,31,1.4096056,1.2807723,1.305236,0.99794078,0.069124758,0.010344398,0.020649574,0.3534575,-0.029356289,0.087464042,0.10158424,-0.98977587,0.1001218,1.4705065,-1.4685209,0
38,4900,2.450000,0,1.4091161,0.12130275,0.23744912,0.35629496,-0.01960258,0.10165364,0.1536724,0.1359916,0.038746649,-0.14635233,0.01346719,0.25447369,0.96698592,0.25767168,1.5179239,0
38,4900,2.450000,1,1.4091161,0.25216317,0.69240873,0.45447321,0.092577778,0.1712847,-0.093892813,0.13769237,-0.10656364,-0.3126041,0.93483723,-0.020652299,-0.35447545,1.9331494,-0.022088273,0
38,4900,2.450000,2,1.4091161,0.57797875,0.15418622,0.46000027,0.052423625,0.0058505226,-0.054144224,-0.10045191,0.29541312,-0.020029665,-0.2420182,-0.086804026,0.96638101,0.26003489,-2.7972173,0
38,4900,2.450000,3,1.4091161,0.47844061,0.51911717,0.15702975,-0.051271859,-0.047010387,-0.039455303,0.0080540794,-0.065994132,0.17179283,-0.70783775,0.56438778,-0.42477306,2.0095075,2.4684754,0
38,4900,2.450000,4,1.4091161,0.17387023,0.33050102,0.84608318,-0.089018436,0.16390979,-0.13588889,-0.16481634,0.11384398,-0.075449087,-0.1458683,-0.48845805,-0.86030876,2.6066714,-1.8609959,0
38,4900,2.450000,5,1.4091161,0.14363771,0.53532394,1.2352104,-0.015830749,0.07505303,-0.08068657,0.10962788,0.0041997673,-0.051455718,0.52372443,0.51926237,-0.67533644,2.3122171,0.78112004,0
38,4900,2.450000,6,1.4091161,0.50865321,0.0020655817,1.2247452,-0.11617641,-0.22464263,0.032936888,-0.47053648,-0.33114321,0.011056804,0.010852271,-0.99982703,-0.015104523,1.5859014,-1.5599426,0
38,4900,2.450000,7,1.4091161,0.53315107,0.50044683,0.74570991,-0.00043633143,-0.01707634,-0.13132619,-0.17825231,-0.051028705,0.060196591,0.51042814,-0.30435865,-0.80425676,2.5052201,-0.53768052,0
38,4900,2.450000,8,1.4091161,0.18042702,0.94508457,0.029668636,-0.047285703,0.01777566,-0.19605745,-0.15937764,0.12624162,0.059874867,0.031641676,0.19092661,0.9810942,0.19475971,1.4065622,0
38,4900,2.450000,9,1.4091161,0.21706333,1.1571487,0.41850714,0.050792939,-0.095755435,-0.092698037,-0.26736132,0.022447108,-0.055520687,-0.16496995,0.98610474,0.019553729,1.5512414,1.7365559,0
38,4900,2.450000,10,1.4091161,0.60382311,0.87453336,0.47253804,0.07897442,-0.028307513,-0.07633494,-0.16869899,0.099597704,0.030726926,0.35792423,-0.831489,0.42487209,1.1319757,-1.1643086,0
38,4900,2.450000,11,1.4091161,0.60218269,1.1454847,0.15020237,0.073058452,-0.14231942,0.016432773,0.17866189,0.02719274,0.081879181,0.87974202,-0.4378191,-0.18538719,1.7572622,-0.46177995,0
38,4900,2.450000,12,1.4091161,0.18247164,0.82078827,0.85779894,0.044930812,-0.082596478,0.053221847,0.22846693,-0.097120626,0.25281474,0.010631324,0.56262839,-0.82664156,2.5439095,1.5519028,0
38,4900,2.450000,13,1.4091161,0.13215537,0.077385465,1.2585867,-0.033878559,0.28074086,0.030273377,0.01930581,-0.066109021,-0.28148303,-0.080952577,-0.58050047,-0.81022582,2.5153336,-1.7093558,0
38,4900,2.450000,14,1.4091161,0.55629406,0.87153675,1.1806336,0.049189099,0.042058445,-0.020314373,-0.091284007,-0.051901453,-0.16320996,0.79086891,0.28127768,-0.54351563,2.1454161,0.34170512,0
38,4900,2.450000,15,1.4091161,0.39433763,1.2093899,0.8191375,-0.13676547,-0.01596868,-0.11323769,-0.079534812,0.20185073,0.085988821,-0.5944442,0.19123254,0.78106735,0.67442306,2.8303486,0
38,4900,2.450000,16,1.4091161,0.9512877,0.062342775,0.19448348,0.12166572,-0.12897957,0.023954657,0.054095743,0.15692399,0.038774326,-0.63692838,-0.76256032,0.11324305,1.4573098,-2.2666646,0
38,4900,2.450000,17,1.4091161,0.901916,0.50562361,0.48113966,0.023440849,-0.0049209052,-0.013300842,-0.016293085,-0.11431937,-0.176504,0.14837926,-0.82708421,-0.54213956,2.1437776,-1.3932842,0
38,4900,2.450000,18,1.4091161,1.1681672,0.21088602,0.64496345,-0.057475807,0.043976012,0.1123576,0.13283319,-0.032721051,0.25793992,0.82144548,-0.56765554,0.054722108,1.5160469,-0.60469037,0
38,4900,2.450000,19,1.4091161,1.2829692,0.64793892,0.28950363,0.081165507,0.12850341,0.098589567,0.16066607,0.36641198,-0.093092109,0.26177732,-0.43109249,-0.8634998,2.6129646,-1.0250691,0
38,4900,2.450000,20,1.4091161,0.83864098,0.048548737,1.0218354,-0.064753663,-0.17043861,0.21977112,-0.092738259,-0.0513007,0.13907568,-0.78282733,0.17730538,-0.59644293,2.2098585,2.918857,0
38,4900,2.450000,21,1.4091161,0.76766718,0.41710476,1.1793297,-0.17286557,-0.10607839,-0.032582232,-0.15169979,0.098201345,-0.017737375,0.91458864,-0.15911783,-0.37176489,1.9517058,-0.17225336,0
38,4900,2.450000,22,1.4091161,1.1712827,0.28119658,1.2477513,-0.0094476406,0.084909413,-0.047458453,-0.036963984,0.079736872,0.06325345,-0.56508813,-0.61983669,0.54449783,0.99500604,-2.3100231,0
38,4900,2.450000,23,1.4091161,1.087635,0.52230077,0.89775565,-0.21877004,0.017133669,-0.011095764,0.18999746,0.21352842,0.31659151,-0.37700824,0.89287868,-0.24623659,1.8195917,1.9703261,0
38,4900,2.450000,24,1.4091161,0.94789622,0.70096908,0.035797773,0.11098054,-0.19035923,-0.072585265,-0.12510575,0.29152116,-0.4029087,-0.45729979,-0.44322144,-0.77099394,2.4511967,-2.3718268,0
38,4900,2.450000,25,1.4091161,0.8876095,1.3174031,0.56462691,0.091009692,0.11973915,0.076016953,0.44389822,-0.01530029,0.070547768,-0.31822384,-0.68536786,-0.65498434,2.2849582,-2.0054873,0
38,4900,2.450000,26,1.4091161,1.2229561,0.86876126,0.67820028,0.050146424,-0.026117516,0.20998534,-0.0019135537,-0.13367661,0.29268741,0.013454322,0.99990715,-0.0021593699,1.5729557,1.5573416,0
38,4900,2.450000,27,1.4091161,1.2681272,1.211272,0.24119199,0.04067276,0.0019938091,0.098464908,-0.071097072,-0.12250384,-0.09265833,-0.29840874,0.89132103,0.34131958,1.2224759,1.8938607,0
38,4900,2.450000,28,1.4091161,0.85928379,0.95605476,0.91970033,-0.13604174,0.089561152,0.01741521,0.32915669,-0.083970418,0.025773956,0.28628368,-0.89167643,-0.35064911,1.9290605,-1.2601301,0
38,4900,2.450000,29,1.4091161,0.96800394,1.1180219,1.3173416,0.082762528,-0.086919914,0.11040981,-0.38713861,-0.39762787,0.01914075,-0.4967188,0.85156926,-0.16763123,1.7392227,2.0988446,0
38,4900,2.450000,30,1.4091161,1.2684659,0.89206136,1.1641798,0.04040022,0.014004967,-0.066899716,0.14228854,-0.32694829,-0.11759529,0.21906965,0.79036186,0.57213339,0.96169164,1.3004079,0
38,4900,2.450000,31,1.4091161,1.2966637,1.3037335,1.001573,0.085463806,0.0092950185,0.024629084,0.30893918,-0.069912409,0.023747561,-0.21483227,-0.8937728,0.39372233,1.1661188,-1.806687,0
39,5000,2.500000,0,1.4082396,0.12859952,0.23673308,0.35140436,-0.012228066,0.10108511,0.14900195,0.14724069,-0.073636903,-0.0369916,0.052372961,0.43778787,0.89755159,0.45661168,1.4517313,0
39,5000,2.500000,1,1.4082396,0.25549626,0.68479598,0.44069156,0.096068786,0.16410036,-0.107396,0.051068845,-0.16902203,-0.20554429,0.9552927,-0.26473728,-0.13164358,1.7028231,-0.27034247,0
39,5000,2.500000,2,1.4082396,0.57343807,0.16738089,0.45777358,0.048241123,0.019145224,-0.05608542,-0.063769024,0.27661608,-0.13601794,-0.32405264,0.20184493,0.92425565,0.39171506,2.5845214,0
39,5000,2.500000,3,1.4082396,0.47652614,0.51488351,0.16241682,-0.052889261,-0.050922401,-0.033968857,-0.015169768,-0.10990539,0.022884249,-0.85774437,0.36806314,-0.35889291,1.9378778,2.7362494,0
39,5000,2.500000,4,1.4082396,0.16645035,0.33751213,0.8392329,-0.096332452,0.17112869,-0.14221491,-0.13511937,0.14484124,-0.15999853,-0.065510028,-0.34499068,-0.93631718,2.7827878,-1.7584514,0
39,5000,2.500000,5,1.4082396,0.14842523,0.53515267,1.2333951,-0.010952369,0.075214759,-0.081733887,0.10156036,-0.061749305,0.015493102,0.63334338,0.15966047,-0.7572217,2.4298452,0.24694614,0
39,5000,2.500000,6,1.4082396,0.48771742,1.3945688,1.2242054,-0.13680225,-0.24038265,0.03315888,-0.28964832,-0.32871373,-0.032325765,0.41081392,-0.90171679,-0.13468015,1.705887,-1.1433028,0
39,5000,2.500000,7,1.4082396,0.52291559,0.49848783,0.74587375,-0.010343296,-0.018724606,-0.13069836,-0.21528871,-0.016313676,0.029266286,0.2786739,-0.35362536,-0.89291095,2.674566,-0.90338555,0
39,5000,2.500000,8,1.4082396,0.17562457,0.95141964,0.037437628,-0.051977394,0.024700687,-0.18826758,-0.1039287,0.13788214,0.2021402,0.5384993,0.21397816,0.8150042,0.61805988,0.37822857,0
39,5000,2.500000,9,1.4082396,0.20585449,1.1580067,0.41541977,0.039715655,-0.094177212,-0.095526,-0.22352378,0.099325613,-0.063203152,-0.35517691,0.88238302,-0.3086253,1.8845438,1.9534733,0
39,5000,2.500000,10,1.4082396,0.59863534,0.8810944,0.47466238,0.074160708,-0.02120034,-0.073915955,0.020177694,0.1373613,0.05577112,0.53698848,-0.70288202,0.4664764,1.0854933,-0.91840728,0
39,5000,2.500000,11,1.4082396,0.60975836,1.1457298,0.15694621,0.08101113,-0.14136158,0.023272162,0.10020607,0.033823851,0.16798684,0.92292378,-0.28793811,-0.25554517,1.8292079,-0.30241535,0
39,5000,2.500000,12,1.4082396,0.19525656,0.81815456,0.86871029,0.057833234,-0.084720356,0.064670272,0.23989528,-0.0012408407,0.22235008,0.014539727,0.7146585,-0.6993224,2.3452454,1.5504541,0
39,5000,2.500000,13,1.4082396,0.13103316,0.080147623,1.2456065,-0.034918896,0.28355202,0.018072174,-0.0018825305,0.11163565,-0.16716881,-0.25965372,-0.72888892,-0.63348314,2.2568429,-1.9130124,0
39,5000,2.500000,14,1.4082396,0.54811962,0.86738126,1.1721208,0.041358221,0.038443883,-0.02809526,-0.25093945,-0.079222559,-0.16702566,0.87468455,0.37150218,-0.31130865,1.8873661,0.40163942,0
39,5000,2.500000,15,1.4082396,0.39024593,1.2194559,0.82287463,-0.14061311,-0.0051471224,-0.10898978,-0.040922701,0.2159906,0.11634766,-0.62596431,-0.010484086,0.77978123,0.67648003,-3.1248455,0
39,5000,2.500000,16,1.4082396,0.95370094,0.073216884,0.19353203,0.12467155,-0.11806329,0.023123911,-0.03792738,0.28267397,-0.079127823,-0.44580037,-0.86381354,0.23470875,1.3338774,-2.0472282,0
39,5000,2.500000,17,1.4082396,0.90050077,0.49951233,0.4727111,0.022586305,-0.010719509,-0.021432679,-0.073055628,-0.13407516,-0.12880551,0.20452274,-0.82910935,-0.52033463,2.1180391,-1.328947,0
39,5000,2.500000,18,1.4082396,1.1753129,0.20721176,0.65717531,-0.049601155,0.040431813,0.12497453,0.18819455,-0.089702331,0.21951632,0.75661394,-0.62927269,0.17762665,1.3922221,-0.69377112,0
39,5000,2.500000,19,1.4082396,1.28787,0.66275375,0.28711213,0.086866086,0.14372597,0.096377439,0.059412833,0.2466813,-0.017767275,0.15584187,-0.59925739,-0.7852413,2.4738821,-1.3163736,0
39,5000,2.500000,20,1.4082396,0.8312846,0.044808937,1.0275733,-0.071590571,-0.17414937,0.22614658,-0.1619937,-0.076203545,0.12637385,-0.81180284,0.21351404,-0.54349601,2.1453927,2.8844052,0
39,5000,2.500000,21,1.4082396,0.75872031,0.42051195,1.1782833,-0.18133763,-0.10241064,-0.032895303,-0.18762171,0.044123096,-0.044561279,0.99837374,-0.056838213,-0.0043914884,1.5751878,-0.05686941,0
39,5000,2.500000,22,1.4082396,1.1706439,0.28364666,1.2521621,-0.0093579709,0.087535204,-0.042270021,0.083631293,0.037118659,0.16112462,-0.52141273,-0.77070825,0.36624795,1.1958227,-2.1656012,0
39,5000,2.500000,23,1.4082396,1.0957503,0.53444155,0.91442672,-0.20997555,0.029603175,0.0061390287,0.19001717,0.23607386,0.35782483,-0.34606667,0.85878652,-0.37778774,1.9582021,1.9538619,0
39,5000,2.500000,24,1.4082396,0.9421415,0.71505578,0.014803374,0.10581376,-0.17583204,-0.093563925,-0.064478511,0.29267574,-0.44843313,-0.61069625,-0.33430178,-0.71783871,2.3714893,-2.6407394,0
39,5000,2.500000,25,1.4082396,0.91014785,1.3140447,0.56881376,0.11410728,0.11719936,0.080556384,0.39668884,-0.13409588,0.14197911,-0.46158803,-0.82509756,-0.32580747,1.902662,-2.080854,0
39,5000,2.500000,26,1.4082396,1.2223243,0.86084724,0.69156824,0.05027528,-0.033493506,0.22377941,0.003894815,-0.1123251,0.29638057,0.19965475,0.91557145,0.34909439,1.2141918,1.3560917,0
39,5000,2.500000,27,1.4082396,1.2630731,1.2037299,0.2376801,0.036406071,-0.0047970163,0.095101988,-0.087663027,-0.075584896,-0.05257384,-0.47727854,0.87393615,0.091873799,1.4787928,2.0706598,0
39,5000,2.500000,28,1.4082396,0.87584134,0.95026232,0.91601047,-0.11894443,0.084361722,0.014296391,0.39893501,-0.13186904,-0.038616639,0.019032934,-0.9874246,-0.1569408,1.7283886,-1.5515234,0
39,5000,2.500000,29,1.4082396,0.94781715,1.0999944,1.3152442,0.063171696,-0.10425747,0.10913134,-0.33079832,-0.2850273,-0.076312447,-0.29205702,0.95237927,0.087615222,1.4830686,1.8683523,0
39,5000,2.500000,30,1.4082396,1.274422,0.87531089,1.1572383,0.047147343,-0.0021957144,-0.073119129,0.12772715,-0.34678879,-0.17179974,0.45623952,0.67123318,0.58420161,0.94690033,0.97382247,0
39,5000,2.500000,31,1.4082396,1.3088984,1.2959128,0.99887727,0.098509076,0.0022829607,0.02255561,0.19974924,-0.17129323,-0.10398881,-0.45189707,-0.6175932,0.64371397,0.87145473,-2.2024865,0
