frame,step,time_ps,molecule_id,box_nm,x_nm,y_nm,z_nm,dx_nonaffine_nm,dy_nonaffine_nm,dz_nonaffine_nm,vx_nm_ps,vy_nm_ps,vz_nm_ps,dipole_ux,dipole_uy,dipole_uz,theta_rad,phi_rad,dipole_debye
0,11100,5.550000,0,1.5339709,0.12895367,0.23907208,0.15992347,-0.0019303957,0.0072407551,-0.0024227602,0.069721623,0.22464708,0.026535858,-0.88068343,0.18824943,0.43469397,1.1210979,2.9310079,3.96
0,11100,5.550000,1,1.5339709,0.18005744,0.55750961,0.56453431,0.0096760293,0.015392513,-0.0051540558,0.32901813,0.40740467,-0.10385836,0.17856102,0.65609933,0.73324596,0.74771286,1.3050766,3.96
0,11100,5.550000,2,1.5339709,0.5269899,0.19770399,0.53834282,-0.010501771,0.013879701,0.0003242024,-0.13522337,0.30370587,0.02847056,-0.26728519,0.88765018,-0.37501439,1.9552086,1.8632762,3.96
0,11100,5.550000,3,1.5339709,0.58100294,0.58167378,0.17160415,-0.0055336941,0.010296402,-0.0061610826,-0.11181603,0.15271639,-0.074099419,-0.82140627,0.49829607,-0.27747572,1.851962,2.5963067,3.96
0,11100,5.550000,4,1.5339709,0.23849167,0.17765171,0.94691677,0.013497533,-0.013401951,-0.01393624,0.29666508,-0.14292521,-0.20336565,0.52721015,0.5351153,-0.66007657,2.291717,0.79283939,3.96
0,11100,5.550000,5,1.5339709,0.24903585,0.55288981,1.3236551,-0.00012001963,-0.007213829,-0.0036073511,-0.056537976,-0.08673038,-0.049211951,-0.22596618,-0.84178787,-0.49023715,2.0831581,-1.8330499,3.96
0,11100,5.550000,6,1.5339709,0.5577016,0.17586018,1.3617858,0.018621005,0.0021113612,-0.0024369238,0.42285452,0.027873618,-0.078022909,0.34087765,0.37921765,0.86023043,0.53507491,0.8385909,3.96
0,11100,5.550000,7,1.5339709,0.61883285,0.55248358,0.89655115,-0.0052465937,-0.0091186727,0.018462663,-0.21114798,-0.22136804,0.50416013,0.72410888,0.15356336,0.67237238,0.83338719,0.20897603,3.96
0,11100,5.550000,8,1.5339709,0.2207551,0.98511226,0.23927054,0.0047697119,0.0049955107,0.019800495,0.090656501,0.053220343,0.34163656,0.24326306,0.86464637,0.4395563,1.1156917,1.2965418,3.96
0,11100,5.550000,9,1.5339709,0.19374692,1.3622212,0.63679154,-0.0043491924,-0.0047612693,0.009963704,-0.05912797,-0.31258375,0.16660031,-0.30468906,0.45060254,0.83911973,0.57513342,2.1653572,3.96
0,11100,5.550000,10,1.5339709,0.56890034,0.92137151,0.57956303,-0.0073010112,-0.0029157052,0.0073137472,-0.13871311,-0.069467598,0.14489706,0.055097024,0.72546427,0.68605096,0.8147491,1.4949946,3.96
0,11100,5.550000,11,1.5339709,0.54792123,1.3619596,0.20333521,0.0099072351,-0.0042561915,-0.00057801909,0.17479944,-0.19841292,-0.1667538,-0.57390493,0.54010511,0.61556447,0.90769431,2.3865259,3.96
0,11100,5.550000,12,1.5339709,0.2355915,0.98278962,0.96910445,0.011311596,0.0078400389,0.00069410718,0.2018347,0.21582342,0.02386719,-0.71244715,0.48821585,0.50404795,1.042517,2.5408238,3.96
0,11100,5.550000,13,1.5339709,0.16153843,1.3738607,1.3869943,-0.001937205,1.0917416e-05,0.0076838649,0.041384181,-0.11681781,0.094507776,-0.45433319,0.87217807,-0.1813471,1.7531524,2.0510379,3.96
0,11100,5.550000,14,1.5339709,0.59449418,0.96052411,1.3225036,0.012507391,0.0097168588,-0.0042800788,0.2918887,0.14601617,-0.11680847,-0.78233137,0.55603846,0.28067572,1.2862983,2.5236913,3.96
0,11100,5.550000,15,1.5339709,0.57382783,1.3268198,0.95953816,-0.0024462996,0.0039436454,0.0062615933,-0.11425672,0.08852498,0.1570921,-0.28346783,0.035324919,0.95833091,0.28969546,3.0176148,3.96
0,11100,5.550000,16,1.5339709,0.94170508,0.17206752,0.22168259,2.4380749e-05,-0.0060106439,0.0021595782,-0.0024664861,-0.13150104,0.075654977,0.30158112,0.88052635,-0.36568042,1.9451601,1.2408177,3.96
0,11100,5.550000,17,1.5339709,0.97546367,0.55027634,0.56146693,-0.011055753,-0.0072318736,-0.0052155421,-0.20581512,-0.099024406,-0.13489677,-0.076626442,0.81230386,0.57817888,0.95430141,1.6648502,3.96
0,11100,5.550000,18,1.5339709,1.3435105,0.12030501,0.60540501,0.0094471308,-0.0082240748,-0.011922002,0.097056913,0.013397652,-0.37745502,-0.94869818,0.10052203,-0.29977839,1.8752567,3.0360287,3.96
0,11100,5.550000,19,1.5339709,1.3018601,0.5894168,0.2185799,-0.015097591,-0.02513409,-0.0074384923,-0.14232967,-0.50400686,-0.19795898,0.8801199,0.29938354,0.36845415,1.1934507,0.32788391,3.96
0,11100,5.550000,20,1.5339709,0.93659598,0.19079769,0.90015094,-0.012870898,0.0085326634,-0.0030176476,-0.33532259,0.19988623,0.035145513,-0.65221172,-0.66783132,0.35863798,1.2039879,-2.3443624,3.96
0,11100,5.550000,21,1.5339709,0.95838177,0.52372929,1.3435726,-0.0027604127,-0.012131522,0.005962692,-0.11462397,-0.26775416,0.055269933,0.14016818,0.83074825,0.53871164,1.0018892,1.4036454,3.96
0,11100,5.550000,22,1.5339709,1.359708,0.25947108,1.34015,0.013851236,0.011525137,-0.0066424253,0.22238415,0.2260737,-0.13727838,-0.75584617,-0.5655492,0.32992524,1.2345719,-2.4992233,3.96
0,11100,5.550000,23,1.5339709,1.362978,0.54057912,0.88881822,0.00065996421,0.0090821237,-9.4378283e-06,-0.036499168,0.17802678,0.041673317,0.25231138,-0.86804975,-0.4275846,2.0126154,-1.2879259,3.96
0,11100,5.550000,24,1.5339709,0.92799289,0.94093658,0.20455475,-0.0094107751,0.0040655986,0.0052582111,-0.11668972,0.072133974,0.043765491,-0.52507726,0.42688417,0.73624981,0.74328461,2.4589792,3.96
0,11100,5.550000,25,1.5339709,0.98501936,1.3022431,0.58535588,0.0061326188,-0.0038485994,0.00529465,0.059687656,-0.014429891,0.04829715,-0.98250017,0.099599954,0.15739524,1.4127439,3.0405638,3.96
0,11100,5.550000,26,1.5339709,1.3740119,0.94785652,0.57410954,0.016423161,-0.0030475552,-0.016897775,0.35611919,-0.11631861,-0.35835506,-0.65744028,-0.13471812,0.74136584,0.73569303,-2.9394775,3.96
0,11100,5.550000,27,1.5339709,1.3990096,1.3691534,0.22307114,0.0075561971,-0.013696002,0.0068005245,-0.01534219,-0.31587397,0.16752311,0.050337842,-0.8099656,0.58431312,0.94676292,-1.508728,3.96
0,11100,5.550000,28,1.5339709,0.93527684,0.95163502,0.91900699,-0.018565633,0.011539151,-0.0028652277,-0.38385864,0.30730812,-0.0027669776,0.029883509,0.2715151,0.96197013,0.2766709,1.4611755,3.96
0,11100,5.550000,29,1.5339709,0.92342637,1.4151005,1.371073,-0.013228621,0.00061525897,-0.0020601665,-0.20634126,-0.045695975,-0.061415551,0.017680703,-0.4383593,0.89862591,0.45416901,-1.5304844,3.96
0,11100,5.550000,30,1.5339709,1.3606914,0.98368971,1.334841,-0.0021549952,-0.012616188,-0.0010708458,-0.077186831,-0.20962005,0.012337655,0.18674813,-0.25731184,0.94811168,0.32355331,-0.94298636,3.96
0,11100,5.550000,31,1.5339709,1.2803866,1.375177,0.9910987,-0.0097943633,0.01270464,-0.00022443125,-0.15047533,0.18173906,0.072680985,-0.92104363,0.3182578,0.22447853,1.3443885,2.8088962,3.96
1,11200,5.600000,0,1.5326609,0.14112529,0.24438571,0.16535158,0.010356592,0.012760899,0.0031442874,0.35573632,-0.060030566,0.1944694,-0.77365189,0.12287222,0.62158279,0.90003469,2.9840871,3.96
1,11200,5.600000,1,1.5326609,0.19435758,0.58390951,0.56133267,0.024136101,0.04227998,-0.0078747735,0.27378266,0.5820423,0.087241943,0.19326781,0.76551767,0.61370209,0.9100553,1.3234973,3.96
1,11200,5.600000,2,1.5326609,0.52567159,0.20982184,0.53868507,-0.011370433,0.02617163,0.0011265132,0.059490634,0.16500583,-0.050060379,-0.1004944,0.91449174,-0.39192567,1.9735201,1.6802481,3.96
1,11200,5.600000,3,1.5326609,0.5752762,0.58475476,0.16811342,-0.01076653,0.01387562,-0.0095067079,-0.046759469,-0.021260648,-0.034687134,-0.64150299,0.72904395,-0.23868144,1.8118042,2.2924081,3.96
1,11200,5.600000,4,1.5326609,0.25115243,0.17040134,0.93930143,0.026367452,-0.020503658,-0.020745887,0.17173304,-0.15314859,-0.11297049,0.16796872,0.65979096,-0.73243593,2.3926893,1.321513,3.96
1,11200,5.600000,5,1.5326609,0.24469297,0.54615011,1.3182542,-0.0042520048,-0.013484065,-0.0078797579,-0.018099305,-0.11299025,-0.14545032,-0.078328856,-0.8339114,-0.54631161,2.1487506,-1.664451,3.96
1,11200,5.600000,6,1.5326609,0.57706285,0.17875235,1.3588055,0.038466976,0.0051549998,-0.0042550866,0.34131997,0.066966367,-0.068846649,0.58377635,-0.077440874,0.80821289,0.62968526,-0.13188503,3.96
1,11200,5.600000,7,1.5326609,0.60665262,0.54510578,0.92495157,-0.016903353,-0.016027633,0.047641148,-0.20357561,-0.03030916,0.62560286,0.80777583,0.17298682,0.56353684,0.97213533,0.2109655,3.96
1,11200,5.600000,8,1.5326609,0.22237005,0.9874301,0.25147343,0.0065739519,0.0081559234,0.032213007,-0.022670422,0.11781475,0.077576892,0.14793915,0.97827124,0.14525631,1.4250243,1.4207085,3.96
1,11200,5.600000,9,1.5326609,0.19239344,1.3396682,0.64207011,-0.0055377236,-0.026160166,0.015788534,-0.014293778,-0.50338874,0.040706392,-0.32983679,0.19213947,0.92427816,0.39165611,2.6141186,3.96
1,11200,5.600000,10,1.5326609,0.55818634,0.91825402,0.58744315,-0.017533576,-0.0052473881,0.015692361,-0.25345961,-0.058341704,0.15059137,0.19348783,0.77474503,0.6019407,0.92486714,1.3260587,3.96
1,11200,5.600000,11,1.5326609,0.56061259,1.3530334,0.19295423,0.023072101,-0.012022703,-0.010789728,0.29053943,-0.14542282,-0.21996123,-0.76874679,0.36902699,0.52234802,1.0211942,2.6940425,3.96
1,11200,5.600000,12,1.5326609,0.23893308,0.98872328,0.97455976,0.014855869,0.014615836,0.0069796556,0.018687843,0.10362773,0.13177895,-0.4171031,0.79696352,0.43689146,1.1186564,2.052961,3.96
1,11200,5.600000,13,1.5326609,0.16527786,1.3660879,1.3866062,0.001941819,-0.0065915374,0.0084805415,0.19803788,-0.1764834,-0.068170582,-0.30187575,0.871297,-0.38692708,1.9680931,1.9043203,3.96
1,11200,5.600000,14,1.5326609,0.60393602,0.96532035,1.319691,0.022461142,0.015335724,-0.0059640982,0.13401767,0.030088616,0.0079117263,-0.63100777,0.77058559,0.08959374,1.4810823,2.2569366,3.96
1,11200,5.600000,15,1.5326609,0.56935014,1.3301117,0.96823819,-0.0064356853,0.0083704347,0.015785072,0.0063883056,0.068626828,0.21712368,-0.49124241,0.042676242,0.8699768,0.51564106,3.0549361,3.96
1,11200,5.600000,16,1.5326609,0.9385584,0.16623621,0.22469582,-0.002319147,-0.011697445,0.0053634759,-0.031192905,-0.02905933,0.070225539,0.18166234,0.80720668,-0.56161924,2.1671379,1.3494337,3.96
1,11200,5.600000,17,1.5326609,0.96290538,0.54957799,0.55398486,-0.022786067,-0.0074604141,-0.012221148,-0.2518342,0.058238213,-0.035573064,-0.09837489,0.91026075,0.40217876,1.156901,1.6784518,3.96
1,11200,5.600000,18,1.5326609,1.3420998,0.12775821,0.58487877,0.0091836237,-0.00066490429,-0.031939807,-0.027465199,0.27355695,-0.36313674,-0.97164516,-0.22230613,-0.080533701,1.6514173,-2.9166704,3.96
1,11200,5.600000,19,1.5326609,1.2980308,0.56691391,0.20330989,-0.01781634,-0.047143052,-0.022528287,-0.0089016043,-0.41488971,-0.36460943,0.91433657,0.38240998,0.13323381,1.4371652,0.39612896,3.96
1,11200,5.600000,20,1.5326609,0.92160012,0.19790517,0.89908804,-0.027073028,0.015806177,-0.0033119995,-0.24426593,0.12358972,-0.06050872,-0.91216592,-0.40094318,-0.084840423,1.6557389,-2.7274623,3.96
1,11200,5.600000,21,1.5326609,0.94762477,0.51360112,1.3491292,-0.012703265,-0.021816592,0.012669518,-0.32701702,-0.13876389,0.18488194,0.24367679,0.81894397,0.51956943,1.0244494,1.2815887,3.96
1,11200,5.600000,22,1.5326609,1.3664964,0.27117881,1.3285617,0.021804132,0.023459545,-0.01709083,0.056549129,0.26414931,-0.16143431,-0.55493955,-0.7932298,0.2506563,1.3174382,-2.1812504,3.96
1,11200,5.600000,23,1.5326609,1.3588367,0.55053744,0.88980711,-0.0023187393,0.019506519,0.0017391884,-0.056592488,0.17327081,0.026508041,0.20810218,-0.97487249,-0.079480318,1.6503606,-1.3604868,3.96
1,11200,5.600000,24,1.5326609,0.92374068,0.94375797,0.20294435,-0.012872013,0.0076920454,0.0038218691,-0.098818301,0.0077667067,-0.079477068,-0.61302557,0.3660624,0.7001414,0.79520081,2.6032784,3.96
1,11200,5.600000,25,1.5326609,0.9848707,1.3009024,0.58559536,0.0068254045,-0.0040773333,0.0060343042,-0.0018506627,0.01887562,0.091980678,-0.9955555,0.0083759233,-0.093803513,1.664738,3.1331795,3.96
1,11200,5.600000,26,1.5326609,1.3884996,0.94069265,0.55935269,0.032090912,-0.0094047293,-0.031170469,0.22311253,-0.085550324,-0.24267119,-0.53460599,-0.056405103,0.84321699,0.56755661,-3.0364738,3.96
1,11200,5.600000,27,1.5326609,1.3913641,1.3501242,0.23077276,0.0011026566,-0.031563615,0.014696009,-0.22951024,-0.2809369,0.19618815,-0.016671383,-0.82589797,0.56357308,0.97209146,-1.5909794,3.96
1,11200,5.600000,28,1.5326609,0.91802096,0.96461138,0.91854877,-0.035029877,0.025334047,-0.002538539,-0.32110119,0.26150781,0.070838493,0.044937287,0.34513686,0.93747597,0.35549025,1.4413233,3.96
1,11200,5.600000,29,1.5326609,0.91808912,1.4083115,1.3640046,-0.017779262,-0.0049676862,-0.0079602879,0.030921497,-0.19120684,-0.13334683,-0.26717736,-0.40151322,0.87601563,0.50325864,-2.1579396,3.96
1,11200,5.600000,30,1.5326609,1.3592072,0.97394127,1.3347914,-0.0024773579,-0.021528422,1.9860064e-05,0.06747792,-0.16277687,-0.025433537,0.2985167,-0.42110451,0.85648046,0.54238417,-0.95412892,3.96
1,11200,5.600000,31,1.5326609,1.2757015,1.3830761,0.9949911,-0.013387592,0.021781856,0.004516325,-0.069099604,0.22220191,-0.010688172,-0.83914634,0.43336267,0.3286795,1.2358913,2.6648854,3.96
2,11300,5.650000,0,1.5236198,0.15707853,0.24126344,0.17323972,0.027192132,0.011075275,0.012034132,0.34687225,-0.050221703,0.13505268,-0.59805275,0.0084701339,0.80141198,0.6411441,3.1274307,3.96
2,11300,5.650000,1,1.5236198,0.19937655,0.60402393,0.56497449,0.030319879,0.065908771,-0.00090102715,-0.070379943,0.33303988,0.19577836,0.23832883,0.83665171,0.49316659,1.0550703,1.2932864,3.96
2,11300,5.650000,2,1.5236198,0.53001393,0.21184407,0.5334035,-0.0039050728,0.029441269,-0.00098359538,0.26149637,-0.045192921,-0.065669789,0.19725746,0.90037075,-0.38784276,1.9690863,1.3551192,3.96
2,11300,5.650000,3,1.5236198,0.56640832,0.58173266,0.16383696,-0.016257099,0.014304256,-0.012801209,-0.1306923,0.066549419,-0.047909315,-0.50181455,0.850764,-0.15614987,1.7275878,2.1037117,3.96
2,11300,5.650000,4,1.5236198,0.24928457,0.16106441,0.92807242,0.025979992,-0.028860105,-0.026450833,-0.1380162,-0.12004957,-0.14392806,-0.13639063,0.68153374,-0.71896408,2.3731071,1.7683102,3.96
2,11300,5.650000,5,1.5236198,0.24637873,0.54404876,1.3002604,-0.0011135179,-0.012360356,-0.018127444,0.051086527,0.15644521,-0.36580831,0.2296982,-0.85942771,-0.4567524,2.0451374,-1.3096319,3.96
2,11300,5.650000,6,1.5236198,0.58846227,0.18318788,1.3489742,0.053314403,0.010661277,-0.0060761903,0.24672248,0.13330008,-0.0021315718,0.52863536,-0.33441297,0.78020037,0.67581025,-0.56404345,3.96
2,11300,5.650000,7,1.5236198,0.59082203,0.5429722,0.9491556,-0.029191653,-0.014942423,0.077389457,-0.31574466,0.066485627,0.52447873,0.78298881,0.28393873,0.55345039,0.98429506,0.34788583,3.96
2,11300,5.650000,8,1.5236198,0.22184957,0.98081687,0.24295542,0.0073675793,0.0073652056,0.025157569,0.091454544,-0.11625898,-0.3161597,-0.085193565,0.99609104,-0.023338762,1.5941372,1.6561166,3.96
2,11300,5.650000,9,1.5236198,0.18979057,1.3069551,0.63677047,-0.0070100229,-0.051044101,0.014271978,-0.039069929,-0.41530979,-0.12823402,-0.39722132,0.061839248,0.91563701,0.41370669,2.9871528,3.96
2,11300,5.650000,10,1.5236198,0.54612858,0.91116445,0.58861341,-0.026324602,-0.0069251479,0.0203417,-0.075546909,0.054937195,0.1156626,0.015707707,0.74592924,0.66583995,0.84217728,1.5497415,3.96
2,11300,5.650000,11,1.5236198,0.56930037,1.3395601,0.18436915,0.035102526,-0.017530758,-0.018258665,0.16992765,-0.12787267,-0.029470169,-0.73157546,0.51824676,0.4429646,1.1118936,2.5252525,3.96
2,11300,5.650000,12,1.5236198,0.23231212,0.98383463,0.97966047,0.0096289113,0.015562464,0.01786148,-0.15135531,-0.060699483,0.28879473,-0.32056841,0.8783706,0.35454334,1.2083707,1.9207341,3.96
2,11300,5.650000,13,1.5236198,0.173545,1.3456665,1.3702603,0.011211352,-0.018991057,0.000289929,0.093123538,-0.34161834,-0.19438744,-0.1070881,0.84642676,-0.52162619,2.1195522,1.6966455,3.96
2,11300,5.650000,14,1.5236198,0.60625643,0.9618736,1.3111178,0.028361633,0.017590066,-0.0067547176,0.082067492,0.035578621,-0.037131664,-0.51044721,0.85287384,0.10977186,1.4608028,2.1101141,3.96
2,11300,5.650000,15,1.5236198,0.57355465,1.3323992,0.97400686,0.0011498624,0.018534378,0.027299437,0.21057399,0.28753525,0.25372386,-0.58560501,0.20033297,0.78545112,0.66737165,2.8119768,3.96
2,11300,5.650000,16,1.5236198,0.93554781,0.16043929,0.23065874,0.00021431569,-0.01652803,0.012673503,0.049061688,-0.11356516,0.15584729,0.046276117,0.78192113,-0.62165735,2.2416531,1.5116827,3.96
2,11300,5.650000,17,1.5236198,0.94453258,0.55027206,0.55532781,-0.035516345,-0.0035127071,-0.0075965654,-0.31639937,0.12591705,0.1134631,-0.056585379,0.99654434,0.060806835,1.509952,1.627517,3.96
2,11300,5.650000,18,1.5236198,1.3338829,0.1441023,0.56437692,0.0088828429,0.016483558,-0.049042056,-0.037366276,0.38022322,-0.18862105,-0.93050661,-0.35498722,0.090230379,1.4804431,-2.7771366,3.96
2,11300,5.650000,19,1.5236198,1.2889986,0.54487454,0.18470102,-0.019195554,-0.065893674,-0.039989494,-0.077641731,-0.35781203,-0.25271626,0.8032526,0.58748639,0.098208963,1.4724288,0.63148026,3.96
2,11300,5.650000,20,1.5236198,0.90564135,0.1964058,0.89149531,-0.037626498,0.015473258,-0.0056078061,-0.1583785,-0.14203744,-0.025539924,-0.83773249,0.021341425,-0.54566365,2.1479772,3.1161229,3.96
2,11300,5.650000,21,1.5236198,0.92559093,0.50687612,1.3533661,-0.029195855,-0.025522831,0.024901074,-0.31478525,0.076225064,0.26851643,0.30876146,0.80836408,0.5012124,1.045797,1.2059391,3.96
2,11300,5.650000,22,1.5236198,1.362848,0.27797844,1.3142941,0.026229754,0.031883776,-0.023540319,0.14302461,0.068261396,-0.099494516,-0.28303991,-0.9271455,0.24553947,1.3227202,-1.867091,3.96
2,11300,5.650000,23,1.5236198,1.3486424,0.55891612,0.88988997,-0.0045037161,0.031167316,0.0070868421,0.026065804,0.23426684,0.098152993,0.14749808,-0.92328555,0.3546662,1.2082393,-1.4123814,3.96
2,11300,5.650000,24,1.5236198,0.91470389,0.93521438,0.19593443,-0.016470311,0.0047068401,-0.0020081295,-0.031416004,-0.065777673,-0.16659891,-0.7098791,0.25592341,0.65618204,0.85504833,2.7955796,3.96
2,11300,5.650000,25,1.5236198,0.97621195,1.294034,0.5824941,0.0039679436,-0.0032692875,0.006388517,-0.045795867,0.02815763,-0.05329552,-0.93575513,0.11082534,-0.33478362,1.9121719,3.0237077,3.96
2,11300,5.650000,26,1.5236198,1.3856269,0.93553357,0.55011788,0.037424768,-0.0090135013,-0.037123269,0.014039643,0.067566131,-0.011445715,-0.33202938,-0.021140629,0.94303211,0.33916706,-3.0780075,3.96
2,11300,5.650000,27,1.5236198,1.3691937,1.3321699,0.23717958,-0.01290149,-0.041583149,0.022487202,-0.32110912,-0.15394481,0.090279841,-0.0319724,-0.75874658,0.65060079,0.86242104,-1.6129099,3.96
2,11300,5.650000,28,1.5236198,0.9013484,0.97038474,0.92070021,-0.046320434,0.036831651,0.0050538779,-0.084926671,0.17475317,0.1840429,0.092667671,0.42388561,0.90096265,0.44881328,1.3555676,3.96
2,11300,5.650000,29,1.5236198,0.92073584,1.3873341,1.3462866,-0.0096928163,-0.017675085,-0.017660695,0.27319916,-0.35856362,-0.19293457,-0.31907868,-0.48907979,0.81178184,0.62359935,-2.1488612,3.96
2,11300,5.650000,30,1.5236198,1.3523895,0.9645353,1.3250141,-0.0012735421,-0.025199984,-0.0018891553,0.029970984,0.0057857584,-0.052362024,0.42513836,-0.58862022,0.68759263,0.812628,-0.94528476,3.96
2,11300,5.650000,31,1.5236198,1.2715991,1.3848046,0.98612089,-0.0099545179,0.031698479,0.0015066626,0.21439514,0.1800699,-0.13346115,-0.84481904,0.44709004,0.29392395,1.2724668,2.6548479,3.96
3,11400,5.700000,0,1.5292081,0.17732924,0.23843259,0.18088233,0.046830771,0.0073663207,0.019028535,0.45206901,-0.10430374,0.098261547,-0.36385353,-0.0036615876,0.93144898,0.37242145,-3.1315296,3.96
3,11400,5.700000,1,1.5292081,0.19088554,0.61278531,0.58230099,0.021114453,0.072442777,0.014325406,-0.24033677,0.020383008,0.36499732,0.13659825,0.89722833,0.41990742,1.137453,1.4197118,3.96
3,11400,5.700000,2,1.5292081,0.54673789,0.21148991,0.53345443,0.010847915,0.02831218,-0.0028855929,0.24796201,0.015839946,0.0015682194,0.4247306,0.84851815,-0.31562772,1.8919144,1.1067043,3.96
3,11400,5.700000,3,1.5292081,0.56168979,0.58389747,0.16158543,-0.023040658,0.014335355,-0.015648439,-0.11551013,-0.054821204,-0.083105814,-0.62216978,0.7694553,-0.1443721,1.7156747,2.25075,3.96
3,11400,5.700000,4,1.5292081,0.23139669,0.15943755,0.92269414,0.0072121513,-0.031073662,-0.035217021,-0.53252974,-0.0016698364,-0.24602527,-0.25989175,0.67059315,-0.69481012,2.3389522,1.9405285,3.96
3,11400,5.700000,5,1.5292081,0.24689239,0.56002698,1.2927053,-0.0015028003,0.0015968704,-0.030429137,-0.15747969,0.29712517,-0.064569884,0.39684761,-0.84882967,-0.34928523,1.9276045,-1.133466,3.96
3,11400,5.700000,6,1.5292081,0.59359115,0.18366036,1.3516089,0.056279519,0.010462237,-0.0083849732,-0.019672905,-0.063260555,-0.060117769,0.43797855,-0.32422801,0.83848136,0.57630596,-0.63725308,3.96
3,11400,5.700000,7,1.5292081,0.57905612,0.55102262,0.97476684,-0.043099105,-0.0088945723,0.099478984,-0.1944017,0.22939195,0.3301923,0.69471018,0.38561772,0.60718757,0.91828016,0.50673283,3.96
3,11400,5.700000,8,1.5292081,0.22547216,0.97883252,0.22232359,0.010171335,0.0017936454,0.0036739622,-0.041488075,-0.037428739,-0.52529812,-0.32534064,0.94317153,-0.06768257,1.6385307,1.9029591,3.96
3,11400,5.700000,9,1.5292081,0.18289076,1.297321,0.62691891,-0.014592066,-0.065445501,0.0021071678,-0.16727805,-0.12867229,-0.32866459,-0.53487886,0.08119902,0.84101803,0.57163412,2.9909347,3.96
3,11400,5.700000,10,1.5292081,0.55430909,0.91839489,0.59644029,-0.020158452,-0.0030437573,0.025999322,0.24502961,0.19236697,0.071564915,-0.5221619,0.50227464,0.68925114,0.81034137,2.3756049,3.96
3,11400,5.700000,11,1.5292081,0.57868423,1.3386609,0.18507593,0.042384997,-0.023332567,-0.018228164,0.10620837,-0.10502519,0.0065260298,-0.50858155,0.7653643,0.39441386,1.1653664,2.1572947,3.96
3,11400,5.700000,12,1.5292081,0.22274715,0.98024383,0.9993293,-0.00076908218,0.0083763426,0.033907774,-0.23811472,-0.17720483,0.37918298,-0.41898775,0.75059149,0.51094196,1.0345161,2.079921,3.96
3,11400,5.700000,13,1.5292081,0.18149854,1.3376039,1.3674869,0.018515003,-0.031965455,-0.0074950205,0.2223407,-0.26927747,-0.13672404,-0.054969985,0.8077153,-0.58700451,2.1981501,1.6387477,3.96
3,11400,5.700000,14,1.5292081,0.61125835,0.96400775,1.3168107,0.031134867,0.016198833,-0.0058723306,-0.015579821,-0.050831015,0.097489816,-0.53370438,0.808734,0.24720225,1.3210045,2.1541176,3.96
3,11400,5.700000,15,1.5292081,0.58959056,1.3513268,0.98885564,0.015056647,0.032549338,0.038555192,0.24644611,0.27116017,0.13770237,-0.39115519,0.53610935,0.74805373,0.72567185,2.201125,3.96
3,11400,5.700000,16,1.5292081,0.94387935,0.15473544,0.23679,0.0051055301,-0.022808839,0.017949098,0.095816763,-0.1443957,0.077621406,0.0085469109,0.85607032,-0.5167887,2.113892,1.5608128,3.96
3,11400,5.700000,17,1.5292081,0.93189891,0.55860289,0.56126807,-0.051584926,0.0027883162,-0.0037002468,-0.22321982,0.10568419,0.037107301,-0.074406122,0.98196228,-0.17382121,1.745505,1.6464247,3.96
3,11400,5.700000,18,1.5292081,1.3370005,0.16793416,0.56327231,0.007111371,0.039744302,-0.052210867,-0.023741083,0.49377901,0.06802681,-0.93221032,-0.34126427,0.12050979,1.4499929,-2.7906644,3.96
3,11400,5.700000,19,1.5292081,1.2946065,0.53351574,0.17543255,-0.018317011,-0.079226542,-0.04991723,0.066053035,-0.23433717,-0.14189621,0.66578006,0.74401873,0.056329817,1.5144367,0.84083763,3.96
3,11400,5.700000,20,1.5292081,0.90253402,0.19177458,0.89510513,-0.044043761,0.010131447,-0.0052684011,-0.17850899,-0.13262125,0.059315542,-0.55136488,0.29173123,-0.78159431,2.4680139,2.6549312,3.96
3,11400,5.700000,21,1.5292081,0.91804601,0.51768936,1.3670859,-0.040115639,-0.01658505,0.03364112,-0.063362381,0.26492998,0.073958805,0.18379423,0.83082454,0.52530968,1.0177173,1.3530835,3.96
3,11400,5.700000,22,1.5292081,1.3726175,0.27650214,1.3172819,0.030991977,0.029392473,-0.025369663,0.074444233,-0.16741519,0.062693498,-0.07647895,-0.94311596,0.32354793,1.2413196,-1.6517111,3.96
3,11400,5.700000,23,1.5292081,1.3486721,0.56394407,0.90077723,-0.0094115305,0.034139849,0.014696263,-0.090749118,-0.053394537,0.15440312,0.08183026,-0.78648911,0.61215904,0.91200818,-1.4671243,3.96
3,11400,5.700000,24,1.5292081,0.92114137,0.93623881,0.18551397,-0.013393379,0.0023055229,-0.013126872,0.13886788,-0.12483505,-0.25289921,-0.71968203,0.094852909,0.68779408,0.81235052,3.0105496,3.96
3,11400,5.700000,25,1.5292081,0.97473289,1.2989776,0.58100342,-0.0010823836,-0.0030722763,0.0027680139,-0.21698562,0.0013052606,-0.11774179,-0.8567163,0.31363193,-0.40947795,1.9926781,2.7906597,3.96
3,11400,5.700000,26,1.5292081,1.3888774,0.94520272,0.55597513,0.035596424,-0.0027870695,-0.033290745,-0.10841799,0.1211309,0.1636048,0.030391528,0.04125138,0.99868648,0.051260335,0.93583599,3.96
3,11400,5.700000,27,1.5292081,1.3566374,1.3338571,0.23729865,-0.03044756,-0.044776191,0.021737723,-0.31123735,0.056922836,-0.13433845,-0.075142931,-0.51313434,0.85501269,0.54522103,-1.7162019,3.96
3,11400,5.700000,28,1.5292081,0.9055905,0.9817761,0.93429775,-0.045385982,0.044649557,0.015255833,0.12612408,0.10188612,0.13945333,0.28230494,0.51981147,0.80628776,0.63294705,1.073273,3.96
3,11400,5.700000,29,1.5292081,0.94258548,1.370804,1.3452661,0.0087460326,-0.03925407,-0.023608137,0.43988848,-0.53411337,-0.016760883,-0.04257781,-0.62281437,0.78121021,0.67419425,-1.6390537,3.96
3,11400,5.700000,30,1.5292081,1.3602354,0.97049974,1.3236579,0.0016067769,-0.02277767,-0.008093855,0.052286182,0.12968102,-0.09792873,0.53630151,-0.73991412,0.40608839,1.1526268,-0.94360883,3.96
3,11400,5.700000,31,1.5292081,1.2944403,1.3964895,0.98389192,0.0081896055,0.038292195,-0.0043284858,0.43050957,0.12236861,-0.13699293,-0.9250761,0.32063958,0.20353002,1.3658343,2.8079421,3.96
4,11500,5.750000,0,1.5260735,0.20089695,0.23502131,0.18658561,0.07078654,0.0044407714,0.025108823,0.46798929,-0.05281579,0.13306803,-0.20427617,0.034113188,0.97831873,0.20861482,2.9761241,3.96
4,11500,5.750000,1,1.5260735,0.18034421,0.60958985,0.5985416,0.010953974,0.070501396,0.031777506,-0.059010822,-0.075755818,0.27996372,-0.032653634,0.91261417,0.40751578,1.1510643,1.6065614,3.96
4,11500,5.750000,2,1.5260735,0.55470699,0.21054698,0.5279461,0.01994703,0.027802231,-0.0073049892,0.19335125,0.061915951,-0.090754118,0.39688277,0.90441617,-0.15657411,1.7280173,1.1572721,3.96
4,11500,5.750000,3,1.5260735,0.55623595,0.57919552,0.15898161,-0.027347587,0.010826656,-0.017923386,-0.07915899,-0.059220629,-0.038608753,-0.74466812,0.65092241,-0.14754459,1.7188816,2.4232665,3.96
4,11500,5.750000,4,1.5260735,0.20077873,0.16189564,0.90567054,-0.022962455,-0.028285905,-0.050364851,-0.67364043,0.09817101,-0.27990911,-0.18960539,0.71556528,-0.67232145,2.3081367,1.8298167,3.96
4,11500,5.750000,5,1.5260735,0.23514173,0.57332802,1.2879546,-0.012758942,0.016060679,-0.032532169,-0.29323742,0.2692156,0.037124759,0.33848126,-0.90463067,-0.25898606,1.8327686,-1.2127578,3.96
4,11500,5.750000,6,1.5260735,0.59269577,0.17486829,1.3495583,0.056601189,0.0020379775,-0.0076643913,-0.089592499,-0.17821943,0.12854561,0.46177243,-0.15507702,0.8733369,0.5087852,-0.32399583,3.96
4,11500,5.750000,7,1.5260735,0.57059257,0.56106167,0.98250722,-0.050383195,0.0022854195,0.10922741,-0.13889363,0.1950906,0.075206204,0.58839938,0.41800438,0.69214053,0.80634578,0.61767795,3.96
4,11500,5.750000,8,1.5260735,0.22271492,0.97511907,0.20057385,0.0078739114,8.4826937e-05,-0.01764193,-0.06333396,0.012123506,-0.37188926,-0.46025148,0.88645771,-0.048593217,1.6194087,2.049688,3.96
4,11500,5.750000,9,1.5260735,0.17718621,1.2907142,0.60838596,-0.019927202,-0.069397085,-0.015158464,-0.12315729,0.010449046,-0.36520256,-0.62723698,0.29612028,0.7203378,0.76650712,2.7005109,3.96
4,11500,5.750000,10,1.5260735,0.5666207,0.93215799,0.5977408,-0.0066968327,0.012617918,0.028524991,0.24439435,0.43825234,0.079129191,-0.84502719,0.10498861,0.52431521,1.0188856,3.0179832,3.96
4,11500,5.750000,11,1.5260735,0.58115243,1.3305025,0.18675711,0.046043121,-0.02875251,-0.016165509,0.031434771,-0.10685129,0.09146532,-0.28856657,0.85773767,0.42545908,1.1313272,1.8953291,3.96
4,11500,5.750000,12,1.5260735,0.21292851,0.97033028,1.0174476,-0.010140756,0.00046395092,0.054095169,-0.13961857,-0.1355045,0.34783144,-0.50973164,0.45073306,0.73281196,0.74835091,2.4175445,3.96
4,11500,5.750000,13,1.5260735,0.19149686,1.3214182,1.3589495,0.028896007,-0.04542317,-0.013235247,0.24844094,-0.23092951,-0.080868533,-0.17347518,0.83240516,-0.52631551,2.1250578,1.7762578,3.96
4,11500,5.750000,14,1.5260735,0.60877853,0.96144923,1.3159673,0.029906728,0.015615715,-0.0040146865,-0.047109947,-0.022553541,0.0069261118,-0.61113651,0.67111766,0.41965849,1.1377273,2.3094507,3.96
4,11500,5.750000,15,1.5260735,0.60107128,1.3594688,0.99527655,0.027758928,0.043472459,0.047011705,0.17237386,0.1034808,0.15368823,0.062879551,0.79875054,0.59836756,0.92933421,1.492236,3.96
4,11500,5.750000,16,1.5260735,0.94343125,0.14719904,0.23644637,0.0065936964,-0.03003548,0.018090983,0.021069916,-0.19728356,-0.036600844,0.048977455,0.94694668,-0.31763688,1.8940326,1.5191209,3.96
4,11500,5.750000,17,1.5260735,0.92115666,0.5684218,0.55999599,-0.060426072,0.013763494,-0.0038219857,-0.069699977,0.23375354,-0.11480244,-0.14162393,0.96950889,-0.19998792,1.7721419,1.7158484,3.96
4,11500,5.750000,18,1.5260735,1.3355405,0.19290847,0.56397065,0.0083932071,0.065088843,-0.050356043,0.069148621,0.43879303,0.078364306,-0.96259789,-0.27093318,0.00071620527,1.5700801,-2.8672302,3.96
4,11500,5.750000,19,1.5260735,1.2944297,0.522387,0.16988102,-0.015837601,-0.089272003,-0.055114492,0.068084834,-0.1277767,-0.03982011,0.596571,0.80180897,-0.03471909,1.6055224,0.93112612,3.96
4,11500,5.750000,20,1.5260735,0.89273412,0.18022998,0.89971137,-0.052001843,-0.001031513,0.0011792107,-0.096029539,-0.20290062,0.17180822,-0.31474462,0.41116184,-0.85550088,2.5973137,2.2241442,3.96
4,11500,5.750000,21,1.5260735,0.91611067,0.52712564,1.3652677,-0.040169254,-0.0060768517,0.034626056,0.072977759,0.17192071,0.048309689,-0.050558119,0.80881515,0.5858856,0.9448239,1.633224,3.96
4,11500,5.750000,22,1.5260735,1.3763133,0.26311465,1.3238369,0.037507952,0.016558582,-0.01610503,0.16054668,-0.29612082,0.22685903,0.15479402,-0.86341117,0.4801666,1.0699517,-1.393399,3.96
4,11500,5.750000,23,1.5260735,1.3352267,0.55929322,0.9005845,-0.020103472,0.030641362,0.01635162,-0.29119484,-0.12553713,-0.12430923,-0.042883183,-0.72236116,0.69018504,0.8090516,-1.630092,3.96
4,11500,5.750000,24,1.5260735,0.92536217,0.9312383,0.16861351,-0.0072781773,-0.00077907349,-0.029664039,0.19975364,-0.06050762,-0.40382303,-0.65883364,-0.005492397,0.75226861,0.71929772,-3.1332563,3.96
4,11500,5.750000,25,1.5260735,0.95977188,1.2965465,0.57583989,-0.01405873,-0.0028405016,-0.0012086735,-0.32037702,-0.08310908,-0.038541771,-0.89660605,0.35717927,-0.26176431,1.8356461,2.7624939,3.96
4,11500,5.750000,26,1.5260735,1.3764359,0.94845907,0.56159619,0.025991934,0.0024120608,-0.026523116,-0.20669685,0.11947708,0.046421928,0.26296646,0.2297712,0.93704527,0.35672566,0.71813077,3.96
4,11500,5.750000,27,1.5260735,1.3355921,1.3352255,0.22751537,-0.048730899,-0.040669509,0.012431311,-0.40117112,0.16692789,-0.27934368,-0.24040677,-0.15324396,0.95849928,0.28910548,-2.5741004,3.96
4,11500,5.750000,28,1.5260735,0.91572852,0.98158475,0.94135159,-0.033379395,0.046472492,0.024233977,0.27968961,-0.026418703,0.22059267,0.43547578,0.63912657,0.63393854,0.88416106,0.97268975,3.96
4,11500,5.750000,29,1.5260735,0.96271768,1.3376473,1.3476106,0.030832973,-0.069632138,-0.018500893,0.41921549,-0.65387128,0.1845216,0.43516723,-0.69704961,0.56986957,0.9644492,-1.0127014,3.96
4,11500,5.750000,30,1.5260735,1.3582135,0.97960419,1.3171422,0.0023738502,-0.011672516,-0.011900246,-0.066850567,0.29520075,-0.038888846,0.55727523,-0.80910965,0.18650975,1.383188,-0.96765987,3.96
4,11500,5.750000,31,1.5260735,1.3154763,1.3978525,0.97868454,0.03190319,0.042522036,-0.0075223925,0.43819629,0.062727426,-0.012241432,-0.97926448,0.14842355,0.13788232,1.4324733,2.9911712,3.96
5,11600,5.800000,0,1.5444186,0.22360402,0.23651091,0.19451344,0.090958093,0.0031130909,0.030759925,0.35268903,-0.042923802,0.11823852,-0.22782172,0.12244269,0.96597363,0.26161463,2.6484361,3.96
5,11600,5.800000,1,1.5444186,0.18259214,0.61203349,0.6173839,0.0110335,0.065646107,0.043355506,0.10388908,-0.12385866,0.18318689,-0.28741052,0.82959858,0.47870804,1.0716137,1.9043009,3.96
5,11600,5.800000,2,1.5444186,0.5687543,0.22143472,0.53227907,0.027282337,0.036109339,-0.0093065527,0.10761555,0.18790264,0.019171366,0.09408518,0.99553911,-0.007061185,1.5778576,1.4765694,3.96
5,11600,5.800000,3,1.5444186,0.56313251,0.57877279,0.16414802,-0.027138828,0.0034852318,-0.014687441,0.11965462,-0.24151582,0.11868214,-0.83238662,0.52470325,-0.17837887,1.750135,2.5791482,3.96
5,11600,5.800000,4,1.5444186,0.17621051,0.17032101,0.90474537,-0.049784012,-0.021845173,-0.062107013,-0.3857375,0.19333566,-0.11896868,-0.072440876,0.6941273,-0.71619802,2.3691355,1.6747824,3.96
5,11600,5.800000,5,1.5444186,0.22415624,0.58945678,1.310901,-0.026489059,0.025242551,-0.025112777,-0.18620367,0.14833565,0.19590976,0.12802728,-0.98517091,-0.11422472,1.6852709,-1.4415662,3.96
5,11600,5.800000,6,1.5444186,0.59705925,0.17165177,1.3765393,0.053856223,-0.0032490599,0.0030295343,-0.03865375,-0.06463545,0.19876466,0.57559349,-0.033824144,0.81703615,0.61454454,-0.058696443,3.96
5,11600,5.800000,7,1.5444186,0.57084299,0.57265719,0.98849527,-0.056952669,0.0071075518,0.10343925,-0.12086892,0.055103039,-0.29106051,0.51606321,0.47722953,0.71128809,0.77946728,0.74632216,3.96
5,11600,5.800000,8,1.5444186,0.22544869,0.98439471,0.18799561,0.0079300641,-0.0023469978,-0.032542268,0.023310845,-0.054998084,-0.17649126,-0.54631959,0.83735555,0.019250594,1.5515445,2.148881,3.96
5,11600,5.800000,9,1.5444186,0.17248318,1.305391,0.59507056,-0.026719623,-0.070231126,-0.035664807,-0.20997511,0.061425842,-0.4234664,-0.56788237,0.64614305,0.50991055,1.0357155,2.2918198,3.96
5,11600,5.800000,10,1.5444186,0.58512338,0.96733545,0.60621228,0.0049250144,0.03644745,0.02980334,0.21156206,0.534787,-0.032867263,-0.83507859,-0.28070952,0.47312357,1.0779634,-2.8173116,3.96
5,11600,5.800000,11,1.5444186,0.58824799,1.338865,0.19205626,0.046151943,-0.036338763,-0.013129521,0.011422623,-0.1727272,0.002448881,-0.21809688,0.80951908,0.54508037,0.99431135,1.8339632,3.96
5,11600,5.800000,12,1.5444186,0.21130297,0.98150244,1.0391417,-0.014301079,-2.5391522e-05,0.063502239,-0.029747811,0.085962733,0.039568173,-0.45879884,0.18883471,0.86824252,0.51914737,2.7511393,3.96
5,11600,5.800000,13,1.5444186,0.20647631,1.3292374,1.3674361,0.041498161,-0.053441037,-0.02103806,0.19644922,-0.083563384,-0.21597893,-0.26782283,0.89520248,-0.35620703,1.9350018,1.8614967,3.96
5,11600,5.800000,14,1.5444186,0.6103407,0.97007422,1.3362296,0.024184901,0.012700453,0.00040189474,-0.12504459,-0.059706683,0.13120927,-0.70659359,0.53782719,0.45985586,1.0929635,2.4909905,3.96
5,11600,5.800000,15,1.5444186,0.60710004,1.3686058,1.0127637,0.026569267,0.036309994,0.052501728,-0.20250263,-0.35758328,0.10017193,0.4896151,0.82930564,0.26931248,1.2981173,1.0374718,3.96
5,11600,5.800000,16,1.5444186,0.95692766,0.13976354,0.23277239,0.008736236,-0.039185804,0.011613364,0.031787018,-0.14697715,-0.1609123,0.067587556,0.9706117,-0.23096503,1.8038657,1.5012746,3.96
5,11600,5.800000,17,1.5444186,0.93260695,0.58683409,0.5599437,-0.060051323,0.025273963,-0.010565736,0.10686618,0.24411241,-0.084355041,-0.17221793,0.98390631,-0.047637814,1.6184522,1.7440758,3.96
5,11600,5.800000,18,1.5444186,1.3553817,0.21590576,0.58008118,0.012157234,0.08564435,-0.041080474,0.073093983,0.33945635,0.24526365,-0.99057009,0.021573514,-0.13529774,1.7065103,3.1198172,3.96
5,11600,5.800000,19,1.5444186,1.3116686,0.52275744,0.17408669,-0.01416918,-0.095146123,-0.052963829,-0.088417231,-0.071048245,0.13074996,0.59807289,0.7881857,-0.14516237,1.7164734,0.92168891,3.96
5,11600,5.800000,20,1.5444186,0.90604379,0.175954,0.91987465,-0.049439115,-0.0074357827,0.010471473,0.19071289,-0.053993838,0.19823991,-0.32613159,0.50465065,-0.79935343,2.4970147,2.1445324,3.96
5,11600,5.800000,21,1.5444186,0.93764603,0.54415716,1.3782411,-0.029709036,0.004554527,0.031207884,0.24329751,0.16145015,-0.10285566,-0.31295315,0.74697692,0.58658828,0.94395654,1.9675396,3.96
5,11600,5.800000,22,1.5444186,1.40119,0.2481649,1.3476895,0.045790439,-0.0014465184,-0.008213566,0.21047361,-0.426264,0.046960472,0.28965528,-0.71525717,0.63600864,0.88148144,-1.1860157,3.96
5,11600,5.800000,23,1.5444186,1.3323376,0.56433154,0.90492541,-0.038930926,0.028966384,0.0099050373,-0.43513284,0.064714696,-0.1459551,-0.32970561,-0.69202268,0.64218286,0.87345381,-2.0154169,3.96
5,11600,5.800000,24,1.5444186,0.94449818,0.94239824,0.15663448,0.00068639019,-0.00081342803,-0.04358681,0.13097669,0.025333418,-0.23509668,-0.57927035,0.08010453,0.81118994,0.62461223,3.0041789,3.96
5,11600,5.800000,25,1.5444186,0.95313014,1.3106836,0.58065579,-0.03213,-0.0042807294,-0.0033024905,-0.39308034,-0.021741748,0.017970463,-0.99658804,0.081571969,0.012581132,1.5582149,3.0599235,3.96
5,11600,5.800000,26,1.5444186,1.3833481,0.97131188,0.57172955,0.016415112,0.01379535,-0.023160845,-0.19537676,0.24205202,0.1054291,0.31134453,0.34303367,0.88622372,0.4816674,0.8337867,3.96
5,11600,5.800000,27,1.5444186,1.3326632,1.3562624,0.21558024,-0.067602252,-0.035713036,-0.0021516817,-0.38663228,0.069015017,-0.30777096,-0.46775472,0.12904969,0.87438647,0.50662636,2.8723975,3.96
5,11600,5.800000,28,1.5444186,0.93835778,0.99005214,0.96097194,-0.021827204,0.043159964,0.032488943,0.26419387,-0.072100182,0.12144793,0.45603084,0.75214924,0.47571777,1.0750165,1.0257547,3.96
5,11600,5.800000,29,1.5444186,0.99206416,1.3237536,1.3773067,0.048500981,-0.099427781,-0.0050847711,0.19861265,-0.49000215,0.43416418,0.73255071,-0.59651705,0.32792815,1.2366867,-0.68340066,3.96
5,11600,5.800000,30,1.5444186,1.3682383,1.0048415,1.3370944,-0.0038911055,0.0017088951,-0.0078059912,-0.17087583,0.2107882,0.10942631,0.50129053,-0.83915272,0.21102255,1.3581754,-1.0323077,3.96
5,11600,5.800000,31,1.5444186,1.352157,1.4135986,0.98684303,0.052646474,0.041470707,-0.011107331,0.37421826,-0.10500457,-0.13845152,-0.97683272,0.041806906,0.20988095,1.3593431,3.0988203,3.96
6,11700,5.850000,0,1.5554205,0.23623232,0.2360243,0.20159559,0.10195448,0.00094933271,0.036436279,0.15681225,-0.028463924,0.041110221,-0.36474809,0.27295241,0.89019987,0.47301262,2.4991604,3.96
6,11700,5.850000,1,1.5554205,0.19187756,0.61188207,0.62989524,0.018989955,0.061150724,0.051440117,0.21282249,-0.053362557,0.13520445,-0.52389163,0.70245621,0.48176014,1.0681341,2.2116038,3.96
6,11700,5.850000,2,1.5554205,0.58183196,0.22889845,0.53886416,0.036276458,0.041974823,-0.0065231158,0.20145323,0.016596142,0.17304777,-0.27105577,0.95487637,0.12140794,1.4490881,1.8473852,3.96
6,11700,5.850000,3,1.5554205,0.57734169,0.57264663,0.16935322,-0.016977288,-0.0067276689,-0.010665851,0.29226365,-0.23008602,0.039107047,-0.85916151,0.38803172,-0.3335759,1.9108905,2.7173757,3.96
6,11700,5.850000,4,1.5554205,0.17098557,0.18497777,0.91171662,-0.0562413,-0.0084492682,-0.061582731,0.1157288,0.29764976,0.16385633,0.04308769,0.61869119,-0.78445183,2.4726081,1.5012653,3.96
6,11700,5.850000,5,1.5554205,0.21709529,0.59695962,1.3366094,-0.035116199,0.028534614,-0.0088006185,-0.17239356,-0.016932495,0.34071382,0.019808239,-0.98411046,-0.17644898,1.748174,-1.550671,3.96
6,11700,5.850000,6,1.5554205,0.60042598,0.16476308,1.392282,0.052972833,-0.011331852,0.0089453031,0.016544451,-0.15010465,0.049257531,0.72155616,-0.036202787,0.69140876,0.80735915,-0.05013117,3.96
6,11700,5.850000,7,1.5554205,0.57161174,0.57804176,0.97916129,-0.060238755,0.0084080884,0.08712146,-0.024562645,0.12351924,-0.29744257,0.50870833,0.58052896,0.63576879,0.88179221,0.85123948,3.96
6,11700,5.850000,8,1.5554205,0.2213785,0.99338632,0.17927748,0.0022739347,-0.00037489563,-0.042564043,-0.19392926,0.10300001,-0.23962242,-0.5212881,0.84509807,0.11860847,1.451908,2.1235044,3.96
6,11700,5.850000,9,1.5554205,0.16737401,1.3187976,0.57603493,-0.033035087,-0.066138225,-0.058857203,-0.051759193,0.11479511,-0.47265101,-0.30373818,0.895309,0.32582957,1.2389073,1.897867,3.96
6,11700,5.850000,10,1.5554205,0.59540082,0.99929458,0.60958986,0.011012628,0.061426943,0.028865794,-0.12654555,0.31767872,-0.029738496,-0.57899422,-0.48668722,0.65414161,0.85774914,-2.4425967,3.96
6,11700,5.850000,11,1.5554205,0.59038239,1.3405241,0.19212185,0.044103128,-0.044189453,-0.014427469,-0.017978805,-0.12866405,-0.052299927,-0.30458674,0.77190924,0.55801707,0.97880202,1.9466292,3.96
6,11700,5.850000,12,1.5554205,0.21000079,0.99278187,1.0389616,-0.017098578,0.0042469713,0.055946453,-0.053943204,0.025513887,-0.30982163,-0.24352322,0.065774667,0.9676622,0.25500434,2.8777913,3.96
6,11700,5.850000,13,1.5554205,0.21676437,1.3417737,1.3708406,0.05028417,-0.05038462,-0.027352324,0.11793261,0.24758086,-0.047280407,-0.3002315,0.91649011,-0.26439918,1.8383772,1.8873675,3.96
6,11700,5.850000,14,1.5554205,0.60593914,0.97018371,1.355719,0.01546642,0.0059235036,0.010337179,-0.16723558,-0.17841494,0.2676692,-0.78447601,0.44901098,0.42776925,1.1287729,2.6217367,3.96
6,11700,5.850000,15,1.5554205,0.5973919,1.3514479,1.0257181,0.012585978,0.0094977331,0.058221211,-0.29601646,-0.61247317,0.13646005,0.65679543,0.74242203,0.13202005,1.4383897,0.84651801,3.96
6,11700,5.850000,16,1.5554205,0.96026735,0.13748388,0.22677882,0.0052713846,-0.04244951,0.0039886558,-0.14791717,0.031893137,-0.15033271,-0.064285692,0.98302672,-0.17183076,1.7434841,1.636099,3.96
6,11700,5.850000,17,1.5554205,0.94890639,0.60487058,0.56544076,-0.050429622,0.039081036,-0.0090628733,0.22339649,0.28512344,0.073646302,-0.080083339,0.97851806,0.18997124,1.3796635,1.6524558,3.96
6,11700,5.850000,18,1.5554205,1.3633926,0.22924229,0.59145242,0.010518668,0.097401116,-0.033867144,-0.20615398,0.13351056,0.05020547,-0.90352274,0.42635218,-0.043248988,1.6140588,2.700695,3.96
6,11700,5.850000,19,1.5554205,1.3206197,0.52202859,0.18171558,-0.014560502,-0.099583176,-0.046597668,-0.029506856,-0.069345233,0.040870166,0.55860917,0.78955352,-0.25408862,1.8277016,0.95505448,3.96
6,11700,5.850000,20,1.5554205,0.92979346,0.18045927,0.93546167,-0.032204968,-0.0041954493,0.019473655,0.36435834,0.1270872,0.20647291,-0.50580845,0.65065488,-0.56639742,2.1729242,2.2315939,3.96
6,11700,5.850000,21,1.5554205,0.95669572,0.5575888,1.3814134,-0.017382571,0.014075984,0.024585568,0.26544806,0.15895401,-0.10984322,-0.46310348,0.71754261,0.52025741,1.023644,2.1439325,3.96
6,11700,5.850000,22,1.5554205,1.4184705,0.23183549,1.3583706,0.053063478,-0.019479763,-0.0071368093,0.079773456,-0.32013604,0.0057868505,0.21123662,-0.5419228,0.81344869,0.62073927,-1.1991217,3.96
6,11700,5.850000,23,1.5554205,1.3187467,0.57046444,0.90615472,-0.061931323,0.031071702,0.0047064049,-0.4530401,-0.029290093,-0.074221158,-0.55978176,-0.68038622,0.47298941,1.0781157,-2.2592508,3.96
6,11700,5.850000,24,1.5554205,0.95975514,0.9534371,0.14597213,0.009184895,0.003496803,-0.05532331,0.2553583,0.15998848,-0.2341309,-0.56295708,0.32987894,0.75779892,0.71086321,2.6115493,3.96
6,11700,5.850000,25,1.5554205,0.93867844,1.3229924,0.58979387,-0.053296363,-0.0013192937,0.0016815011,-0.25797804,0.20326341,0.11577328,-0.95651066,-0.18166924,0.22821843,1.3405489,-2.9538991,3.96
6,11700,5.850000,26,1.5554205,1.3789379,0.98994348,0.5788025,0.0022008718,0.025466223,-0.02017131,-0.3835112,0.18484397,0.036321482,0.25411482,0.45857445,0.85154867,0.55186416,1.0647795,3.96
6,11700,5.850000,27,1.5554205,1.3275198,1.3661782,0.20203206,-0.082187322,-0.035459724,-0.01718223,-0.22561204,-0.044533743,-0.24636662,-0.60029131,0.33416447,0.72662538,0.75739909,2.6336426,3.96
6,11700,5.850000,28,1.5554205,0.96233041,0.99116985,0.97055135,-0.0046002718,0.03724586,0.035213035,0.36153286,-0.17614547,0.041218296,0.31595075,0.83321247,0.45379742,1.0997741,1.2083522,3.96
6,11700,5.850000,29,1.5554205,0.99825799,1.3190388,1.4070142,0.047630763,-0.11352254,0.014740908,-0.1647883,-0.050847584,0.32301227,0.84932175,-0.36219492,0.38401484,1.1766557,-0.40309982,3.96
6,11700,5.850000,30,1.5554205,1.3748716,1.013595,1.3514625,-0.0069937259,0.0032986546,-0.0029800261,0.028145058,-0.085981209,0.10374261,0.18617522,-0.81620719,0.54694114,0.99209027,-1.3465351,3.96
6,11700,5.850000,31,1.5554205,1.3779947,1.4121982,0.98637516,0.068794615,0.030040823,-0.018578628,0.29411338,-0.35018577,-0.13733741,-0.90737046,0.13078668,0.39946677,1.1598612,2.9984405,3.96
7,11800,5.900000,0,1.5397811,0.23978799,0.23096841,0.20575709,0.10791555,-0.0017469996,0.042656219,0.10123117,-0.033072906,0.15082749,-0.52681819,0.44096241,0.72664623,0.75736874,2.444677,3.96
7,11800,5.900000,1,1.5397811,0.20420517,0.60411212,0.62654628,0.033319255,0.05952492,0.054439794,0.3172681,0.0026883435,-0.054352983,-0.65967573,0.61109501,0.43748236,1.1179994,2.3944052,3.96
7,11800,5.900000,2,1.5397811,0.58649473,0.22596685,0.54485458,0.046842833,0.041341553,0.0049434226,0.2165345,-0.097747852,0.36138614,-0.51496545,0.81233023,0.27373378,1.2935234,2.1357958,3.96
7,11800,5.900000,3,1.5397811,0.58733695,0.55695361,0.17096137,-0.0010967251,-0.016713286,-0.0073380693,0.33309745,-0.095455198,0.057180251,-0.80108255,0.33958975,-0.49289507,2.0862103,2.7406426,3.96
7,11800,5.900000,4,1.5397811,0.1828282,0.19764372,0.91655093,-0.042610559,0.0061503643,-0.047510171,0.35541107,0.26895835,0.30789173,0.20532526,0.4724176,-0.85712493,2.6004583,1.1608002,3.96
7,11800,5.900000,5,1.5397811,0.20468361,0.58593071,1.3401866,-0.045396973,0.023482491,0.008302337,-0.1478947,-0.14982872,0.26027592,-0.048294477,-0.92037989,-0.38803157,1.9692912,-1.6232206,3.96
7,11800,5.900000,6,1.5397811,0.5968958,0.15603857,1.3786116,0.055492566,-0.018435587,0.0092756686,0.065964069,-0.089844044,-0.072568079,0.81560608,-0.069806448,0.57438121,0.9589483,-0.085380359,3.96
7,11800,5.900000,7,1.5397811,0.56504587,0.57908222,0.95292902,-0.061061331,0.015295454,0.070651262,-0.01040666,0.076319398,-0.36417916,0.46953614,0.65712994,0.58967453,0.94014053,0.95038804,3.96
7,11800,5.900000,8,1.5397811,0.21082356,0.9893458,0.16697418,-0.0060973892,0.0056031111,-0.053118071,-0.17089171,0.094805034,-0.17309479,-0.37301774,0.90294588,0.21341628,1.3557259,1.9625548,3.96
7,11800,5.900000,9,1.5397811,0.162619,1.3149721,0.54495361,-0.036122784,-0.056655558,-0.084275029,-0.054542609,0.27849859,-0.49635981,-0.10114082,0.95070943,0.29312474,1.2733028,1.6767823,3.96
7,11800,5.900000,10,1.5397811,0.57101286,0.99668575,0.59606415,-0.0074821395,0.068903616,0.021431839,-0.55072581,0.058898327,-0.17874439,-0.11775677,-0.32589602,0.93804324,0.3538568,-1.9175309,3.96
7,11800,5.900000,11,1.5397811,0.58337723,1.3213385,0.18599567,0.043028732,-0.049925331,-0.018643196,-0.056440844,-0.093216557,-0.12128999,-0.44520267,0.76092565,0.4720029,1.079235,2.1001733,3.96
7,11800,5.900000,12,1.5397811,0.20208078,0.98058727,1.0089813,-0.022936564,0.0020233809,0.036313524,-0.25277716,-0.082384627,-0.45467584,0.060253587,0.03493126,0.99757171,0.069703308,0.5253873,3.96
7,11800,5.900000,13,1.5397811,0.22013299,1.3456495,1.3555202,0.055860492,-0.032929315,-0.028897002,0.1266163,0.38901403,-0.0028984233,-0.304064,0.88244811,-0.35892954,1.9379171,1.9026244,3.96
7,11800,5.900000,14,1.5397811,0.59470293,0.9481111,1.3535293,0.010296691,-0.0064566384,0.021837098,-0.080933982,-0.21091462,0.22294459,-0.80174851,0.42037092,0.42483835,1.132013,2.6586807,3.96
7,11800,5.900000,15,1.5397811,0.5783402,1.3099161,1.0254814,-0.00052530265,-0.01858742,0.068349181,-0.21460505,-0.47838427,0.21973382,0.70596479,0.69192597,0.15116932,1.4190453,0.77535564,3.96
7,11800,5.900000,16,1.5397811,0.94079872,0.14196563,0.21920941,-0.0045917717,-0.0365556,-0.0013273861,-0.10854841,0.20815128,0.0019225319,-0.187517,0.98197393,-0.023760988,1.5945596,1.7594839,3.96
7,11800,5.900000,17,1.5397811,0.9494316,0.61451337,0.56675814,-0.040312204,0.054885548,-0.0020245205,0.18906155,0.26916902,0.18565998,0.12216622,0.92499097,0.35981539,1.2027263,1.4394834,3.96
7,11800,5.900000,18,1.5397811,1.3349603,0.23190626,0.58359338,-0.0042797524,0.10239531,-0.035788944,-0.26705544,0.0105887,-0.081815204,-0.78424887,0.59851089,0.16351892,1.4065398,2.4897194,3.96
7,11800,5.900000,19,1.5397811,1.3057321,0.51455944,0.17668367,-0.016177775,-0.1018147,-0.049818737,0.024300009,0.05249073,-0.10466281,0.44455828,0.84125162,-0.30767457,1.8835444,1.0846497,3.96
7,11800,5.900000,20,1.5397811,0.93842167,0.18886271,0.93702667,-0.014136565,0.0060743635,0.030500273,0.24484773,0.21101521,0.1851415,-0.64771755,0.74911674,-0.1388744,1.710121,2.2837295,3.96
7,11800,5.900000,21,1.5397811,0.95916064,0.55271901,1.3616741,-0.0052368845,0.014816391,0.018706433,0.15079922,-0.12916797,-0.21467233,-0.52982531,0.69954414,0.47950301,1.070708,2.2190081,3.96
7,11800,5.900000,22,1.5397811,1.4061894,0.21449537,1.3440288,0.055054928,-0.034565044,-0.00782382,0.0043977655,-0.30331172,-0.013406357,0.036291394,-0.35420936,0.9344617,0.36405209,-1.4686951,3.96
7,11800,5.900000,23,1.5397811,1.2813249,0.56568398,0.89651484,-0.086216115,0.032032011,0.0041750622,-0.49646014,0.10096023,0.078644678,-0.71581842,-0.54002412,0.44269395,1.1121955,-2.495272,3.96
7,11800,5.900000,24,1.5397811,0.96280869,0.95122167,0.1349703,0.021953115,0.010905437,-0.064905839,0.31527286,0.11797439,-0.12465292,-0.58458247,0.58631224,0.56080415,0.97543959,2.3547172,3.96
7,11800,5.900000,25,1.5397811,0.92623514,1.3266664,0.5916204,-0.056316678,0.015743385,0.0094777006,0.061979634,0.44310231,0.12576808,-0.91923819,-0.026668609,0.39279757,1.1671246,-3.1125891,3.96
7,11800,5.900000,26,1.5397811,1.3450271,0.99014383,0.57764395,-0.017946746,0.035671846,-0.015486443,-0.35400562,0.10688764,0.095321621,0.16060644,0.50693345,0.84689081,0.56068544,1.263981,3.96
7,11800,5.900000,27,1.5397811,1.311886,1.3455697,0.19791243,-0.084484845,-0.04236648,-0.019281069,0.12352074,-0.20069355,0.077510406,-0.67279386,0.34315087,0.65543565,0.85603702,2.6699464,3.96
7,11800,5.900000,28,1.5397811,0.96993431,0.97464968,0.96594153,0.012767447,0.030658438,0.040388077,0.3449126,-0.084273213,0.19009316,0.074065517,0.89959534,0.43039811,1.1258625,1.4886496,3.96
7,11800,5.900000,29,1.5397811,0.9764064,1.3046852,1.3988816,0.035756474,-0.11461893,0.020786149,-0.30631874,-0.0291887,-0.081606448,0.80215442,-0.026951277,0.59650811,0.93165298,-0.033585981,3.96
7,11800,5.900000,30,1.5397811,1.3619799,0.99759258,1.339765,-0.0060566016,-0.0025417817,-0.0010792493,-0.002135507,-0.11419312,0.065294075,-0.19606704,-0.51214731,0.83621938,0.58044376,-1.9364168,3.96
7,11800,5.900000,31,1.5397811,1.3763745,1.3760229,0.97011825,0.081091995,0.0079532688,-0.024949909,0.11572697,-0.44385704,-0.086829541,-0.68666632,0.45696697,0.56539415,0.96988529,2.5544077,3.96
8,11900,5.950000,0,1.5287028,0.23879289,0.22555619,0.21363165,0.10864828,-0.0055110733,0.052045028,-0.12328717,-0.16381729,0.14693115,-0.63698373,0.51333402,0.57509991,0.95807005,2.4632751,3.96
8,11900,5.950000,1,1.5287028,0.21589696,0.6065619,0.61555093,0.046527929,0.066345707,0.047928733,0.18853897,0.27158156,-0.22308543,-0.76534556,0.52581012,0.37117367,1.1905237,2.5396292,3.96
8,11900,5.950000,2,1.5287028,0.59401858,0.22048121,0.56073934,0.058628873,0.037467689,0.024819994,0.2669874,-0.10000852,0.4813671,-0.60568833,0.74053088,0.29112826,1.2753904,2.2563636,3.96
8,11900,5.950000,3,1.5287028,0.60134483,0.55068945,0.17240769,0.017202919,-0.018978524,-0.0046520448,0.32857142,0.013032258,-0.068149762,-0.77225274,0.41233779,-0.48332521,2.0752454,2.651162,3.96
8,11900,5.950000,4,1.5287028,0.20009788,0.20995111,0.92456698,-0.023958158,0.019929484,-0.032846901,0.41513999,0.29892583,0.20140086,0.22364117,0.35382722,-0.90818001,2.7097116,1.007134,3.96
8,11900,5.950000,5,1.5287028,0.1980331,0.56818069,1.3395225,-0.050593612,0.0098990078,0.017312974,-0.057212487,-0.31808352,0.091166375,-0.13013194,-0.79290801,-0.5952836,2.2084149,-1.733466,3.96
8,11900,5.950000,6,1.5287028,0.59661192,0.153668,1.366909,0.059517682,-0.019688038,0.0074852263,0.021686616,0.021089559,-0.087150827,0.80439434,-0.15578521,0.57330683,0.96026018,-0.19129947,3.96
8,11900,5.950000,7,1.5287028,0.56843574,0.5798715,0.93354995,-0.053579124,0.020268999,0.058082821,0.35470508,0.14677359,-0.16206417,0.30408443,0.74660921,0.5916987,0.93763196,1.1840236,3.96
8,11900,5.950000,8,1.5287028,0.19855722,0.98339363,0.15471407,-0.016885867,0.0067731886,-0.064216924,-0.30832205,-0.088780326,-0.28057849,-0.18002024,0.96965584,0.16540936,1.4046233,1.7543601,3.96
8,11900,5.950000,9,1.5287028,0.1558665,1.322998,0.51826405,-0.041725525,-0.039105508,-0.10712633,-0.2030178,0.32794058,-0.36653141,0.0052657851,0.94663959,0.32225108,1.2426899,1.5652338,3.96
8,11900,5.950000,10,1.5287028,0.53839092,0.98814849,0.58245652,-0.03609914,0.067532235,0.012078929,-0.63195675,-0.068246421,-0.21898805,0.16568077,-0.050009565,0.98491062,0.17393955,-0.29314667,3.96
8,11900,5.950000,11,1.5287028,0.57793177,1.3080748,0.18321298,0.04177595,-0.053696022,-0.020092944,-0.060990796,-0.04901364,0.039596237,-0.60498693,0.6468718,0.46427115,1.0879848,2.3227488,3.96
8,11900,5.950000,12,1.5287028,0.1856861,0.96550908,0.97741508,-0.03793148,-0.0060288773,0.011918534,-0.35360655,-0.19574263,-0.40049454,0.30159253,0.050591748,0.9520937,0.31078533,0.16620126,3.96
8,11900,5.950000,13,1.5287028,0.22652448,1.3557434,1.3463842,0.063864666,-0.013082265,-0.028278273,0.21494411,0.35343447,0.046863471,-0.24122598,0.80149279,-0.54719222,2.1498023,1.8631436,3.96
8,11900,5.950000,14,1.5287028,0.58853886,0.93233313,1.3563211,0.0084044809,-0.015445713,0.034412508,-0.052098811,-0.14523024,0.23094268,-0.70092354,0.48376387,0.524098,1.0191407,2.5374873,3.96
8,11900,5.950000,15,1.5287028,0.57083512,1.280102,1.0292058,-0.0038815408,-0.039050907,0.079491735,0.029414204,-0.3427461,0.1801616,0.66282577,0.69124844,0.2878152,1.2788516,0.80638556,3.96
8,11900,5.950000,16,1.5287028,0.93042845,0.15397001,0.21656354,-0.0082063482,-0.023482632,-0.0023999928,0.049681388,0.30762929,-0.019412486,-0.19675266,0.93922997,0.28131025,1.2856371,1.7772933,3.96
8,11900,5.950000,17,1.5287028,0.95038744,0.62154248,0.57241929,-0.032497307,0.066377376,0.0077495587,0.085020889,0.1804532,0.10397941,0.21251022,0.96187586,0.17214597,1.3977886,1.3533562,3.96
8,11900,5.950000,18,1.5287028,1.3103473,0.22459886,0.57181573,-0.019342557,0.096735963,-0.043395296,-0.2670151,-0.20924422,-0.24468694,-0.80848221,0.54573581,0.22029285,1.3486816,2.5478342,3.96
8,11900,5.950000,19,1.5287028,1.3001355,0.51566713,0.16707991,-0.012366219,-0.0969875,-0.058181512,0.17418452,0.14371606,-0.062526811,0.26313923,0.91749275,-0.29826968,1.8736756,1.2914909,3.96
8,11900,5.950000,20,1.5287028,0.94050497,0.19352808,0.93746317,-0.0052696144,0.012120369,0.037704376,0.13237723,0.035698615,0.088785054,-0.57724171,0.71926737,0.38658306,1.1738726,2.2470849,3.96
8,11900,5.950000,21,1.5287028,0.96176443,0.53555945,1.3376444,0.0043021896,0.0015856949,0.0044220131,0.25457189,-0.33413878,-0.29619387,-0.50460563,0.7206122,0.4754905,1.0752748,2.1816872,3.96
8,11900,5.950000,22,1.5287028,1.3911357,0.19837086,1.3348262,0.05010042,-0.049199171,-0.0073549628,-0.18487968,-0.31255255,0.093018743,-0.089606711,-0.24576365,0.96517919,0.26466881,-1.9204228,3.96
8,11900,5.950000,23,1.5287028,1.2474308,0.56962294,0.90155361,-0.11098089,0.040069891,0.01570559,-0.35891501,0.14052058,0.34700405,-0.68334944,-0.25248793,0.68504262,0.81613413,-2.7876651,3.96
8,11900,5.950000,24,1.5287028,0.97037775,0.94689453,0.13672218,0.036501794,0.013431145,-0.062173028,0.29014508,-0.072696408,0.24843219,-0.69225606,0.65563675,0.30153273,1.2644965,2.3833556,3.96
8,11900,5.950000,25,1.5287028,0.92174028,1.3385629,0.59503765,-0.054139731,0.037262407,0.017179268,-0.022539197,0.39233443,0.19978541,-0.85736098,0.37254297,0.35516741,1.2077032,2.7316838,3.96
8,11900,5.950000,26,1.5287028,1.313528,0.98388843,0.57978131,-0.039847893,0.036543346,-0.0091703139,-0.43430752,-0.010917535,0.15280829,0.10174769,0.48908224,0.86628284,0.52308366,1.365684,3.96
8,11900,5.950000,27,1.5287028,1.3127933,1.329404,0.20056425,-0.074101389,-0.048874778,-0.015190569,0.21659664,-0.1339308,0.086470641,-0.55508399,0.22032568,0.80208376,0.64002009,2.7637416,3.96
8,11900,5.950000,28,1.5287028,0.97822955,0.96125921,0.96794394,0.028096388,0.024257131,0.049372562,0.20298917,-0.12773243,0.12347399,-0.042308899,0.88855388,0.4568172,1.0963824,1.6183758,3.96
8,11900,5.950000,29,1.5287028,0.95123848,1.2993606,1.3763595,0.017547736,-0.11054203,0.008283356,-0.2763,0.17730245,-0.34823995,0.50907868,0.35148252,0.78568373,0.66699573,0.60427333,3.96
8,11900,5.950000,30,1.5287028,1.3499502,0.98796617,1.3314116,-0.0082953372,-0.0049997141,0.00021127263,-0.085353015,0.11671338,0.048181182,-0.21937184,-0.11913267,0.96834054,0.25230116,-2.6440912,3.96
8,11900,5.950000,31,1.5287028,1.3743836,1.3459433,0.95699822,0.08903228,-0.012299362,-0.031112512,0.16374888,-0.27130003,-0.17990542,-0.30297909,0.7285021,0.61440082,0.90917001,1.9649282,3.96
9,12000,6.000000,0,1.5169907,0.22873132,0.21844834,0.21874938,0.10038444,-0.010911597,0.05882556,-0.19866771,-0.068043338,0.12491461,-0.72654079,0.623285,0.2892305,1.2773734,2.4325414,3.96
9,12000,6.000000,1,1.5169907,0.22195649,0.61872136,0.59767381,0.054271316,0.083217204,0.034716823,0.10820922,0.30255472,-0.34968004,-0.71386337,0.59671985,0.36650308,1.1955485,2.4453403,3.96
9,12000,6.000000,2,1.5169907,0.59774538,0.20983606,0.57400698,0.066938678,0.028477174,0.042451517,0.023063946,-0.15472988,0.21166986,-0.53101876,0.8211742,0.20902633,1.3602171,2.1448185,3.96
9,12000,6.000000,3,1.5169907,0.61168002,0.54760395,0.1682057,0.032202976,-0.017840564,-0.0075442525,0.15945697,0.032070846,-0.054328405,-0.85217838,0.41149506,-0.32320864,1.8999145,2.6917392,3.96
9,12000,6.000000,4,1.5169907,0.21961018,0.22180944,0.92567996,-0.002831566,0.033448333,-0.024618743,0.44087795,0.22003359,0.18133471,0.12758922,0.31818284,-0.93940442,2.7916851,1.1894339,3.96
9,12000,6.000000,5,1.5169907,0.19751621,0.54530394,1.3328197,-0.049589418,-0.0086961533,0.02088659,0.068929336,-0.39347391,-0.01005928,-0.27891651,-0.57503497,-0.76911662,2.4482541,-2.0224066,3.96
9,12000,6.000000,6,1.5169907,0.596752,0.1586427,1.3504307,0.064246871,-0.013512264,0.0014562894,0.10711476,0.25662718,-0.10766127,0.71745636,-0.34120968,0.60731567,0.91811892,-0.44392349,3.96
9,12000,6.000000,7,1.5169907,0.58363475,0.58756169,0.91976383,-0.033949582,0.03244869,0.051423462,0.43422018,0.23492801,-0.102248,0.080934793,0.87386269,0.47938874,1.0708383,1.4784425,3.96
9,12000,6.000000,8,1.5169907,0.18174179,0.96767028,0.13794727,-0.032239103,-0.0014475449,-0.079858541,-0.33886711,-0.18801509,-0.21304463,-0.053589475,0.986945,0.15188065,1.4183256,1.6250414,3.96
9,12000,6.000000,9,1.5169907,0.14248202,1.3334255,0.50458993,-0.053962898,-0.018462495,-0.11686725,-0.18378167,0.49443346,-0.052179792,0.0047454277,0.95015076,0.31175472,1.2537571,1.565802,3.96
9,12000,6.000000,10,1.5169907,0.50293678,0.97832926,0.56507098,-0.067549357,0.065274985,-0.00089403363,-0.56724916,-0.016258508,-0.26752103,0.17181107,0.15245335,0.97326201,0.23176714,0.7257716,3.96
9,12000,6.000000,11,1.5169907,0.56838198,1.2911844,0.18690521,0.036634194,-0.060591247,-0.014977359,-0.11601819,-0.20224204,0.14116091,-0.78588236,0.42097453,0.45295625,1.1007179,2.649817,3.96
9,12000,6.000000,12,1.5169907,0.16847246,0.94832772,0.95281299,-0.053783452,-0.015850788,-0.0052611867,-0.30137742,-0.1935771,-0.26358198,0.30491466,0.038535894,0.95159972,0.31239662,0.12571605,3.96
9,12000,6.000000,13,1.5169907,0.23268103,1.3628661,1.3367627,0.071787184,0.0044950225,-0.027581775,0.012243006,0.34809556,-0.042431474,-0.14477566,0.75758172,-0.63648247,2.2607254,1.759622,3.96
9,12000,6.000000,14,1.5169907,0.58031807,0.91613905,1.3543012,0.0046784343,-0.02453169,0.042816332,-0.10839098,-0.25018826,0.11709119,-0.5817892,0.5887814,0.5611219,0.97505576,2.3502212,3.96
9,12000,6.000000,15,1.5169907,0.56592563,1.2578287,1.0275631,-0.0044196585,-0.051564861,0.085758411,0.020635319,-0.1822752,0.030569348,0.44222588,0.73010143,0.5209493,1.0228336,1.0261927,3.96
9,12000,6.000000,16,1.5169907,0.93107835,0.16739009,0.21730378,-0.00039798485,-0.0088265595,8.7020944e-06,0.27950608,0.27768425,0.14136609,-0.12654117,0.77414836,0.62022709,0.90176416,1.732822,3.96
9,12000,6.000000,17,1.5169907,0.94295735,0.62503048,0.56802918,-0.032646604,0.074659141,0.0077449953,-0.172796,0.11696083,-0.065143382,0.20951879,0.93836774,-0.27489609,1.849278,1.3511196,3.96
9,12000,6.000000,18,1.5169907,1.2906281,0.20705279,0.55466522,-0.029059934,0.080849561,-0.056214152,-0.17745667,-0.39329124,-0.29367416,-0.90080181,0.40818865,0.14811527,1.4221341,2.7161312,3.96
9,12000,6.000000,19,1.5169907,1.3002808,0.52163782,0.16256979,-0.0022210255,-0.087027743,-0.06142402,0.24045979,0.28964404,-0.02493446,0.12753765,0.98279504,-0.13359665,1.7047936,1.4417472,3.96
9,12000,6.000000,20,1.5169907,0.93621034,0.19026605,0.9336689,-0.0023473622,0.010334171,0.041105525,-0.017986637,0.0073662021,-0.0063654551,-0.3458553,0.6366712,0.68922702,0.81037466,2.0684226,3.96
9,12000,6.000000,21,1.5169907,0.96211424,0.51626362,1.3198329,0.012050318,-0.013665617,-0.0031703954,0.069400767,-0.28180466,-0.028407689,-0.37916408,0.79067778,0.48069039,1.0693545,2.0179449,3.96
9,12000,6.000000,22,1.5169907,1.3671628,0.17974025,1.3300863,0.036734213,-0.066376016,-0.0018469721,-0.27652747,-0.41689473,0.055920234,-0.15415133,-0.27491891,0.94902948,0.32065402,-2.0818293,3.96
9,12000,6.000000,23,1.5169907,1.2329124,0.56666953,0.91451573,-0.11596128,0.041486081,0.035651642,0.21585774,-0.029840126,0.36965156,-0.42708058,0.089404465,0.89978276,0.45152493,2.935234,3.96
9,12000,6.000000,24,1.5169907,0.97640687,0.93437622,0.15249689,0.050017405,0.0081471129,-0.04528588,0.24710249,-0.072640761,0.37064213,-0.82756555,0.50604688,0.2430058,1.325333,2.5927685,3.96
9,12000,6.000000,25,1.5169907,0.9193888,1.345834,0.60100005,-0.049411145,0.054856542,0.027741139,0.29031022,0.23317558,0.19532979,-0.67054253,0.72406283,0.16157269,1.4085122,2.3178367,3.96
9,12000,6.000000,26,1.5169907,1.2862737,0.96944516,0.57995451,-0.057105065,0.029611451,-0.0045373286,-0.27627656,-0.30731171,0.028815696,0.17384402,0.45138662,0.87523047,0.50488424,1.2031714,3.96
9,12000,6.000000,27,1.5169907,1.3094147,1.3148314,0.20553102,-0.067396314,-0.05327908,-0.0086620833,0.0065729989,-0.073632014,0.16447211,-0.16217057,-0.017131906,0.98661401,0.16380452,-3.0363418,3.96
9,12000,6.000000,28,1.5169907,0.97896208,0.95296804,0.96808003,0.03635535,0.02332704,0.056953669,-0.024858733,0.058333659,0.12955148,0.14311055,0.87852836,0.45574915,1.0975827,1.4093166,3.96
9,12000,6.000000,29,1.5169907,0.9308722,1.2990775,1.3497467,0.0044188505,-0.10083286,-0.0078465539,-0.10757662,0.25737703,-0.23764218,0.10410027,0.66880309,0.73611518,0.74348354,1.4163838,3.96
9,12000,6.000000,30,1.5169907,1.3378352,0.98841531,1.3195819,-0.010074597,0.0030496447,-0.001424222,-0.0077473579,0.13575293,-0.072569781,0.0051262359,0.26311118,0.9647519,0.26629736,1.5513156,3.96
9,12000,6.000000,31,1.5169907,1.3695185,1.3273062,0.94138273,0.094718885,-0.020656702,-0.039427967,0.079818882,-0.020783988,-0.089673445,0.10147178,0.76641469,0.63428069,0.88371858,1.4391639,3.96
10,12100,6.050000,0,1.5214931,0.21973818,0.2198936,0.22146685,0.090726755,-0.010115857,0.060890736,-0.23630033,0.043991509,-0.036366098,-0.63339757,0.75737937,-0.15869468,1.7301648,2.2672838,3.96
10,12100,6.050000,1,1.5214931,0.22750252,0.62398934,0.57765874,0.059151357,0.086643771,0.012960129,0.033435026,-0.13289524,-0.53645831,-0.64616032,0.72545547,0.23704684,1.3314714,2.2984473,3.96
10,12100,6.050000,2,1.5214931,0.59187506,0.20288409,0.58298643,0.05930559,0.020913631,0.049716577,-0.31325841,-0.1059084,0.073896698,-0.083407111,0.98762574,0.13281056,1.4375922,1.6550485,3.96
10,12100,6.050000,3,1.5214931,0.61871074,0.55522848,0.1605609,0.037410544,-0.011850168,-0.015676236,0.025258929,0.16269754,-0.147614,-0.9783379,0.20162094,-0.046946281,1.6177599,2.9383529,3.96
10,12100,6.050000,4,1.5214931,0.23986203,0.23178688,0.93356911,0.01673949,0.042753671,-0.019484569,0.38362352,0.24410969,-0.012844174,-0.050012854,0.3462204,-0.93681917,2.7842201,1.7142578,3.96
10,12100,6.050000,5,1.5214931,0.20209635,0.52759776,1.3337788,-0.045601405,-0.027992169,0.017894438,0.094264764,-0.37721472,-0.082546603,-0.47727957,-0.32893828,-0.8148643,2.5232914,-2.5381558,3.96
10,12100,6.050000,6,1.5214931,0.60022629,0.17510235,1.3514803,0.065947513,0.0024528795,-0.0014976697,0.067015352,0.36175495,0.0089487179,0.54607255,-0.42187686,0.72375733,0.76156446,-0.65778736,3.96
10,12100,6.050000,7,1.5214931,0.6069431,0.59932231,0.92017606,-0.012405353,0.042450638,0.049109307,0.42421036,0.18837106,-0.019841802,-0.056936709,0.95632397,0.2867101,1.2800053,1.6302632,3.96
10,12100,6.050000,8,1.5214931,0.16313845,0.95620264,0.1359273,-0.051353519,-0.015765962,-0.082284334,-0.39129752,-0.27753031,0.078454448,-0.013297444,0.98632674,0.16426422,1.4057843,1.5842773,3.96
10,12100,6.050000,9,1.5214931,0.13704783,1.3610565,0.51322518,-0.059811299,0.0051759221,-0.10974015,-0.01448001,0.44246647,0.27203888,-0.06083845,0.94283596,0.3276569,1.2369738,1.6352341,3.96
10,12100,6.050000,10,1.5214931,0.48428562,0.98656208,0.55145552,-0.087663411,0.070596287,-0.016163966,-0.28255974,0.18563212,-0.25764834,0.093452509,0.30081643,0.94909225,0.32045481,1.269586,3.96
10,12100,6.050000,11,1.5214931,0.56534912,1.2888889,0.1943802,0.031921392,-0.06670978,-0.0080673379,-0.11559929,-0.021409429,0.13734614,-0.89083929,0.12343077,0.43723015,1.1182798,3.0039136,3.96
10,12100,6.050000,12,1.5214931,0.15531724,0.94626365,0.94927401,-0.067418486,-0.020722232,-0.011618647,-0.19504165,0.01976152,-0.067986023,0.228657,-0.07772152,0.97039958,0.24391645,-0.32765281,3.96
10,12100,6.050000,13,1.5214931,0.23207128,1.3829612,1.3384691,0.07048878,0.020521513,-0.029839487,-0.030344361,0.31089919,0.021428638,-0.18009951,0.73046478,-0.65877566,2.2899865,1.8125297,3.96
10,12100,6.050000,14,1.5214931,0.57554869,0.9066956,1.3608301,-0.0018036923,-0.0366762,0.045321959,-0.14218814,-0.21266183,-0.0043316209,-0.45132414,0.6210668,0.64076716,0.87529923,2.1992125,3.96
10,12100,6.050000,15,1.5214931,0.57225313,1.2508749,1.0285741,0.00022132089,-0.062236029,0.083722692,0.11659083,-0.20947744,-0.10359002,0.1628648,0.72944212,0.66437132,0.84414398,1.3511262,3.96
10,12100,6.050000,16,1.5214931,0.94803486,0.17972366,0.22267436,0.013774132,0.0029926929,0.004727347,0.2032748,0.1976216,0.055032983,-0.16330998,0.63280594,0.75689265,0.71225104,1.8233583,3.96
10,12100,6.050000,17,1.5214931,0.93097325,0.62523497,0.56496049,-0.047407483,0.073011018,0.0029974592,-0.31439775,-0.16665062,-0.16047203,0.15200993,0.77075747,-0.61872926,2.2379205,1.3760738,3.96
10,12100,6.050000,18,1.5214931,1.2871481,0.19149095,0.54585849,-0.036359598,0.064697134,-0.066651633,-0.13646827,-0.22551709,-0.084873068,-0.93136253,0.32036234,0.17300809,1.3969133,2.8102983,3.96
10,12100,6.050000,19,1.5214931,1.3160814,0.54000263,0.1664143,0.0097027964,-0.070236005,-0.058066981,0.21509539,0.38211572,0.10194145,0.046816455,0.99543762,0.083139422,1.4875608,1.5237999,3.96
10,12100,6.050000,20,1.5214931,0.93560381,0.19267158,0.93363408,-0.0057275067,0.012172281,0.038303774,-0.056776456,0.071082555,-0.076976679,-0.18087065,0.5597281,0.80869664,0.62886334,1.8833452,3.96
10,12100,6.050000,21,1.5214931,0.96455367,0.50392095,1.3350674,0.011634858,-0.027520003,0.008130179,-0.10615106,-0.26907655,0.35110379,-0.24571961,0.92993006,0.27359086,1.293672,1.8291267,3.96
10,12100,6.050000,22,1.5214931,1.3505046,0.15968369,1.3360898,0.016049,-0.086935572,0.00020589317,-0.51900975,-0.41012508,0.070473249,-0.24440036,-0.20933852,0.94680824,0.32762821,-2.4333144,3.96
10,12100,6.050000,23,1.5214931,1.2592392,0.56432851,0.93352181,-0.093327247,0.037469165,0.051919371,0.56939765,-0.13923002,0.34547741,-0.12703143,0.35199326,0.92734231,0.38354922,1.917141,3.96
10,12100,6.050000,24,1.5214931,0.99347188,0.93674749,0.16819577,0.064163523,0.007745803,-0.030062164,0.30337344,0.029548472,0.17039774,-0.89194123,0.28375957,0.35202464,1.211063,2.8335805,3.96
10,12100,6.050000,25,1.5214931,0.94045152,1.3472299,0.6114526,-0.031104245,0.052261974,0.036397126,0.44600232,-0.22320722,0.075988095,-0.49040179,0.86682049,-0.090157261,1.6610762,2.0856495,3.96
10,12100,6.050000,26,1.5214931,1.2860679,0.95832938,0.57971525,-0.061122459,0.01563911,-0.0064949587,0.063532413,-0.27688128,-0.11057349,0.21344346,0.35333002,0.91082369,0.42552125,1.0273742,3.96
10,12100,6.050000,27,1.5214931,1.3066121,1.31921,0.21185434,-0.074075337,-0.052803526,-0.0029572129,-0.23704503,0.036156877,0.028416246,0.063060274,-0.27887396,0.95825504,0.28996096,-1.3484117,3.96
10,12100,6.050000,28,1.5214931,0.97642364,0.95748058,0.97533664,0.030919455,0.025008734,0.061330585,-0.168086,0.066098711,0.079132558,0.48012598,0.82170191,0.30705865,1.2586955,1.0419959,3.96
10,12100,6.050000,29,1.5214931,0.93647179,1.3138926,1.3446633,0.0072514603,-0.089889515,-0.016922456,0.1535804,0.14784378,-0.16697496,-0.18219862,0.78702733,0.58939939,0.94048116,1.798291,3.96
10,12100,6.050000,30,1.5214931,1.3441091,0.99915839,1.3181554,-0.0077747549,0.010847601,-0.0067591999,0.10400797,0.096240669,-0.069829283,0.26947308,0.58087712,0.76809246,0.69493947,1.1364375,3.96
10,12100,6.050000,31,1.5214931,1.3768146,1.3377517,0.94228681,0.097945575,-0.014160184,-0.041315062,0.0059534264,0.16795731,0.025845582,0.35457444,0.64227957,0.67952478,0.82368164,1.0663758,3.96
11,12200,6.100000,0,1.5244654,0.21234033,0.21849253,0.21637013,0.082907264,-0.011944716,0.055366762,-0.13786483,-0.19646021,-0.1200411,-0.48956508,0.75402773,-0.43791349,2.0240728,2.1466559,3.96
11,12200,6.100000,1,1.5244654,0.22456719,0.61296459,0.551407,0.055774897,0.074411972,-0.014393387,-0.1726913,-0.33254379,-0.56877478,-0.69180813,0.72206777,-0.0044319306,1.5752283,2.3347958,3.96
11,12200,6.100000,2,1.5244654,0.57431307,0.19635648,0.58594132,0.040605606,0.013996431,0.051530822,-0.30777078,-0.11798035,0.0096030643,0.47652511,0.87736383,-0.056183016,1.6270089,1.0732407,3.96
11,12200,6.100000,3,1.5244654,0.62100735,0.5637463,0.15878275,0.038497428,-0.004424246,-0.017765999,-0.028935685,0.12914352,0.022466881,-0.97053843,-0.18826982,0.15036502,1.4198588,-2.9499875,3.96
11,12200,6.100000,4,1.5244654,0.25289876,0.24246034,0.93257394,0.02929539,0.052964358,-0.022300743,0.11135453,0.13696715,-0.074837626,-0.24470338,0.53976889,-0.80546248,2.5072517,1.9964313,3.96
11,12200,6.100000,5,1.5244654,0.20487537,0.50878241,1.3320762,-0.043219508,-0.047818848,0.013590431,0.062578616,-0.37997184,-0.13504181,-0.65769872,-0.17586214,-0.73246495,2.3927319,-2.880315,3.96
11,12200,6.100000,6,1.5244654,0.60156453,0.1972962,1.3545773,0.06611303,0.024283367,-0.0010413525,-0.084493621,0.46114981,0.0057264904,0.28974965,-0.31691735,0.90311048,0.44383747,-0.83015016,3.96
11,12200,6.100000,7,1.5244654,0.62555533,0.6051085,0.92229641,0.0050042091,0.047061534,0.04943175,0.2838683,0.085093965,0.094616705,-0.074378696,0.99720978,0.0063615026,1.5644348,1.6452453,3.96
11,12200,6.100000,8,1.5244654,0.14750899,0.94275525,0.13990664,-0.067286128,-0.031066386,-0.078574154,-0.24118304,-0.29466077,0.14685793,0.08310614,0.97015122,0.22781567,1.3409626,1.4853419,3.96
11,12200,6.100000,9,1.5244654,0.14046473,1.3789817,0.5335581,-0.056665191,0.020427393,-0.090428674,0.12245117,0.1576476,0.42067416,0.067775839,0.92683573,0.36929928,1.1925414,1.4978002,3.96
11,12200,6.100000,10,1.5244654,0.47859424,0.9990394,0.54276327,-0.094294386,0.081136052,-0.025923976,-0.028337096,0.23384327,-0.042042089,-0.036813554,0.48936377,0.87130239,0.51294632,1.6458823,3.96
11,12200,6.100000,11,1.5244654,0.56169473,1.2980122,0.20218341,0.027167212,-0.060110839,-0.0006510893,-0.083182128,0.24002674,0.16449649,-0.86858995,0.036659923,0.4941736,1.0539123,3.0994114,3.96
11,12200,6.100000,12,1.5244654,0.14836522,0.94756625,0.95126927,-0.074666847,-0.021267656,-0.011477963,-0.077278474,-0.025883378,-0.064255677,0.17289481,-0.16303735,0.97135277,0.23993774,-0.75606298,3.96
11,12200,6.100000,13,1.5244654,0.2271998,1.4038595,1.3426448,0.065169126,0.038700336,-0.028280034,-0.086205081,0.38070521,0.047122394,-0.26384166,0.76585306,-0.58639293,2.1973949,1.9025692,3.96
11,12200,6.100000,14,1.5244654,0.5713755,0.89890573,1.3620277,-0.0070960673,-0.046228002,0.043862633,-0.12695612,-0.10441851,-0.018431007,-0.20587721,0.62553441,0.75254321,0.71888085,1.888752,3.96
11,12200,6.100000,15,1.5244654,0.57988168,1.2376878,1.0217929,0.0067256137,-0.07785152,0.074940689,0.13496991,-0.43202841,-0.23293715,0.11095989,0.74342171,0.65955445,0.85057048,1.4226344,3.96
11,12200,6.100000,16,1.5244654,0.95641436,0.18717199,0.2229985,0.020295261,0.010083009,0.0046165939,-0.0059147108,0.10598333,-0.014277445,-0.18169139,0.67937183,0.71094455,0.7799559,1.8321208,3.96
11,12200,6.100000,17,1.5244654,0.92098477,0.61771976,0.55994407,-0.059203131,0.064282916,-0.0031166592,-0.16081149,-0.24226964,-0.13356565,0.099205638,0.76623173,-0.63485996,2.2586236,1.4420405,3.96
11,12200,6.100000,18,1.5244654,1.2863516,0.18016265,0.54785019,-0.039667339,0.053006158,-0.06572719,0.063784497,-0.26045297,0.078650835,-0.85822138,0.30918601,0.40970731,1.1486631,2.7958036,3.96
11,12200,6.100000,19,1.5244654,1.3263339,0.56121197,0.17018475,0.01737673,-0.050101223,-0.054624984,0.19556776,0.35670638,0.058133392,-0.098392144,0.97460012,0.20118052,1.3682334,1.6714118,3.96
11,12200,6.100000,20,1.5244654,0.93450263,0.20042076,0.93338115,-0.0086535532,0.019537881,0.036228989,-0.061975899,0.19130455,-0.034995789,-0.18281974,0.52588611,0.83067487,0.59047759,1.9053683,3.96
11,12200,6.100000,21,1.5244654,0.96247526,0.49297097,1.3543937,0.0076760346,-0.039442775,0.024832015,-0.043230267,-0.11162319,0.33724981,-0.18031582,0.98319876,0.028397331,1.5423952,1.7521778,3.96
11,12200,6.100000,22,1.5244654,1.3289961,0.14447105,1.3435679,-0.0080741651,-0.10244503,0.0050691715,-0.43657609,-0.20908302,0.12242583,-0.41220849,0.016769065,0.91093521,0.425251,3.100934,3.96
11,12200,6.100000,23,1.5244654,1.2910459,0.56317281,0.95351095,-0.064009162,0.035213231,0.070067144,0.57655827,0.072365859,0.25432215,0.082760072,0.55176052,0.8298862,0.59189265,1.4219135,3.96
11,12200,6.100000,24,1.5244654,1.0070106,0.94634692,0.16989913,0.075750198,0.015507696,-0.028688719,0.19992904,0.26994297,-0.18559532,-0.8495092,0.16307765,0.50173679,1.0451909,2.951933,3.96
11,12200,6.100000,25,1.5244654,0.96016055,1.3325099,0.613602,-0.013249836,0.034927059,0.037351106,0.15796201,-0.4418168,-0.048655534,-0.3669868,0.84987511,-0.37819703,1.9586442,1.9784231,3.96
11,12200,6.100000,26,1.5244654,1.2948014,0.942647,0.57784758,-0.054907415,-0.0018982767,-0.0094921942,0.21671679,-0.33049102,0.037261061,0.13878012,0.18004367,0.97381947,0.2293276,0.91410699,3.96
11,12200,6.100000,27,1.5244654,1.2975854,1.3267073,0.21046758,-0.085643205,-0.047888181,-0.0047560818,-0.27436367,0.1129238,-0.061316584,0.068136129,-0.44424518,0.89331052,0.46613836,-1.4186072,3.96
11,12200,6.100000,28,1.5244654,0.9723078,0.96214079,0.98118735,0.024902019,0.027795759,0.065272099,-0.053997877,0.096021388,0.082964132,0.70607523,0.70553344,0.060665819,1.5100932,0.78501435,3.96
11,12200,6.100000,29,1.5244654,0.94982934,1.3248794,1.3444423,0.018768355,-0.08147767,-0.01976752,0.27123172,0.19140103,0.030447266,-0.29401055,0.79457171,0.53123779,1.0107354,1.9251973,3.96
11,12200,6.100000,30,1.5244654,1.352815,1.0079844,1.3133196,-0.0017005595,0.017715005,-0.014162871,0.089488271,0.15933068,-0.24567426,0.28029951,0.80738545,0.51919257,1.0248904,1.2366454,3.96
11,12200,6.100000,31,1.5244654,1.3782434,1.3471267,0.94447108,0.096685933,-0.0074051483,-0.040971914,-0.062144285,0.092293576,0.018629619,0.5261441,0.50093118,0.68719745,0.81317211,0.76085482,3.96
12,12300,6.150000,0,1.5335577,0.20748455,0.21115123,0.20923269,0.076803179,-0.020563538,0.046963817,-0.12572399,-0.10736055,-0.28332164,-0.58661397,0.74482736,-0.31798783,1.8944027,2.2379204,3.96
12,12300,6.150000,1,1.5335577,0.21905354,0.598728,0.52668449,0.048942185,0.056572546,-0.0423216,-0.13454241,-0.30515506,-0.50027605,-0.78187286,0.52020529,-0.34360047,1.9215444,2.5545144,3.96
12,12300,6.150000,2,1.5335577,0.5642782,0.1916817,0.58660408,0.027185274,0.0081678522,0.04870726,-0.21155797,-0.14859824,-0.11085705,0.77441318,0.6319532,-0.030321197,1.6011222,0.68444602,3.96
12,12300,6.150000,3,1.5335577,0.62172009,0.57431953,0.16750175,0.035515176,0.002765267,-0.010017064,-0.13368998,0.1443121,0.26496277,-0.83916548,-0.53070376,0.11897402,1.4515398,-2.5776765,3.96
12,12300,6.150000,4,1.5335577,0.25568426,0.25146828,0.93481173,0.030568752,0.060503785,-0.025615219,-0.029566022,0.18028674,-0.089102984,-0.37183562,0.76779052,-0.52176239,2.1197119,2.0217996,3.96
12,12300,6.150000,5,1.5335577,0.20851767,0.49256162,1.3298428,-0.040806314,-0.067017074,0.0034423462,0.032786717,-0.3570648,-0.23461621,-0.83257536,-0.10518141,-0.54383374,2.1457951,-3.0159258,3.96
12,12300,6.150000,6,1.5335577,0.60041343,0.21890354,1.3617077,0.061388086,0.044653413,-0.0019871772,-0.14182124,0.28973197,-0.041714202,-0.00090901471,0.067836233,0.99769606,0.067894473,1.5841957,3.96
12,12300,6.150000,7,1.5335577,0.63378097,0.6106438,0.92927076,0.0094855469,0.04898209,0.050900908,-0.052495201,-0.029248974,0.035795288,-0.070673597,0.9554619,-0.28652713,1.8613963,1.6446299,3.96
12,12300,6.150000,8,1.5335577,0.1366003,0.93493964,0.15121625,-0.079039658,-0.044465006,-0.068130032,-0.22668007,-0.1586213,0.24272504,0.11615455,0.9308691,0.34639693,1.2170688,1.4466572,3.96
12,12300,6.150000,9,1.5335577,0.14861084,1.3918736,0.55858392,-0.049378523,0.025080807,-0.068649897,0.14351797,0.052080851,0.42514534,0.17331909,0.86366432,0.47333333,1.0777253,1.3727482,3.96
12,12300,6.150000,10,1.5335577,0.48200518,1.0126049,0.54886476,-0.093739554,0.088720506,-0.023068165,0.0026401086,0.076538936,0.062253964,-0.21634337,0.62284289,0.75183927,0.71994913,1.9051068,3.96
12,12300,6.150000,11,1.5335577,0.55897806,1.3214006,0.20740538,0.021118429,-0.044510478,0.0033530963,-0.064775414,0.36659496,0.021451881,-0.80695341,0.034842133,0.58958648,0.94024955,3.0984421,3.96
12,12300,6.150000,12,1.5335577,0.14682297,0.95183769,0.95333688,-0.077086797,-0.022643657,-0.015073291,0.022522507,-0.046600951,-0.060898412,0.22685389,-0.21091341,0.95081694,0.31493364,-0.74900111,3.96
12,12300,6.150000,13,1.5335577,0.22611912,1.433384,1.3590895,0.062740592,0.05978917,-0.019868203,-0.045226721,0.44579276,0.28865577,-0.25206512,0.87998431,-0.40260501,1.9851572,1.8497693,3.96
12,12300,6.150000,14,1.5335577,0.56442172,0.89845472,1.36758,-0.017426965,-0.052023104,0.04129906,-0.22342,-0.11756065,-0.0030337901,0.24279108,0.5323189,0.81098032,0.6249706,1.1428806,3.96
12,12300,6.150000,15,1.5335577,0.5884226,1.2263268,1.0143103,0.011792895,-0.096538839,0.061404044,0.093595778,-0.31813806,-0.28985037,0.32834635,0.71015745,0.62278814,0.89849504,1.1377139,3.96
12,12300,6.150000,16,1.5335577,0.95878729,0.19576144,0.21941744,0.016973753,0.017533964,-0.00027992823,-0.12114328,0.19083864,-0.16029814,-0.18421116,0.86553145,0.46574838,1.0863162,1.7804975,3.96
12,12300,6.150000,17,1.5335577,0.92157817,0.60682666,0.55563426,-0.064088207,0.04974878,-0.010743447,-0.040929137,-0.26341172,-0.19544906,-0.08941641,0.9078484,-0.40965351,1.9928705,1.6689723,3.96
12,12300,6.150000,18,1.5335577,1.3028284,0.17122705,0.5618601,-0.030888807,0.04302569,-0.055016651,0.28199845,-0.1653603,0.25413052,-0.61900255,0.34637548,0.70488288,0.78853831,2.6314315,3.96
12,12300,6.150000,19,1.5335577,1.3430918,0.58094318,0.1768761,0.0261978,-0.033765798,-0.048965488,0.15802025,0.26672839,0.049472342,-0.21933644,0.93528486,0.27772966,1.2893663,1.8011467,3.96
12,12300,6.150000,20,1.5335577,0.93881652,0.20533212,0.93521135,-0.0099095561,0.023242869,0.03250333,0.039694322,-0.012004644,-0.022931673,-0.22140234,0.54650167,0.80766139,0.63062117,1.9557143,3.96
12,12300,6.150000,21,1.5335577,0.97153243,0.49683979,1.3742137,0.010982914,-0.038516918,0.036539306,0.12860804,0.12634384,0.23696238,-0.21889971,0.96946286,-0.11056532,1.6815882,1.7928672,3.96
12,12300,6.150000,22,1.5335577,1.3153003,0.13705815,1.3612842,-0.029632395,-0.11069506,0.014743331,-0.4570498,-0.11771001,0.22943604,-0.55828173,0.26067522,0.78763566,0.66383413,2.7047541,3.96
12,12300,6.150000,23,1.5335577,1.3261665,0.57435047,0.97161563,-0.036669936,0.0430088,0.082448021,0.47519756,0.23839233,0.20481367,0.1719964,0.6732664,0.71911723,0.76826522,1.3206802,3.96
12,12300,6.150000,24,1.5335577,1.0153911,0.96759764,0.15821932,0.078117552,0.031067883,-0.041344222,-0.082840997,0.27093155,-0.24132844,-0.71010614,0.27523605,0.64806974,0.86574918,2.7718228,3.96
12,12300,6.150000,25,1.5335577,0.96764763,1.3165889,0.61085173,-0.011494634,0.011129288,0.030960154,-0.023665709,-0.43814866,-0.2542173,-0.18284564,0.84699848,-0.49916034,2.0934258,1.7834085,3.96
12,12300,6.150000,26,1.5335577,1.3190099,0.93157105,0.58336476,-0.038470347,-0.018546926,-0.0074275913,0.369481,-0.3510575,0.013891622,-0.023690171,0.1792606,0.98351635,0.18181932,1.7021899,3.96
12,12300,6.150000,27,1.5335577,1.2905799,1.3360557,0.21071768,-0.10034411,-0.04645683,-0.0057582921,-0.21652246,-0.048784066,-0.0059532296,-0.08955687,-0.51789106,0.8507458,0.55339365,-1.742029,3.96
12,12300,6.150000,28,1.5335577,0.98250627,0.97409971,0.99298795,0.02928834,0.033997772,0.071203004,0.18756971,0.024577366,0.19504854,0.69818368,0.69925899,-0.15354614,1.7249523,0.78616764,3.96
12,12300,6.150000,29,1.5335577,0.97067543,1.3414463,1.3563313,0.033904402,-0.072838408,-0.015908628,0.33638427,0.23199866,0.068268615,-0.343016,0.76567318,0.54413656,0.99543669,1.9919797,3.96
12,12300,6.150000,30,1.5335577,1.3635059,1.0223905,1.310741,0.00091406232,0.026084368,-0.024543631,0.070293963,0.13078313,-0.10083219,0.042182008,0.96523892,0.25794282,1.309904,1.527123,3.96
12,12300,6.150000,31,1.5335577,1.3871004,1.3567413,0.95119233,0.097320799,-0.0058298776,-0.039886964,0.027453725,-0.02462017,0.026637141,0.68308905,0.34717797,0.64253934,0.87298868,0.47022343,3.96
13,12400,6.200000,0,1.5524461,0.20322301,0.20656722,0.19566923,0.070027581,-0.027704529,0.03092149,-0.099231628,-0.14040841,-0.37978049,-0.81216886,0.572623,0.11173473,1.4588278,2.5274827,3.96
13,12400,6.200000,1,1.5524461,0.21592604,0.59157761,0.51057338,0.043152095,0.042136142,-0.064782268,-0.032989341,-0.31800793,-0.3490263,-0.72294852,0.22320761,-0.65385304,2.2834621,2.8421313,3.96
13,12400,6.200000,2,1.5524461,0.56365778,0.18371464,0.59036846,0.019660849,-0.0020972661,0.045267648,-0.045739813,-0.22762388,-0.081787544,0.81262582,0.54363738,0.20999446,1.359227,0.58960835,3.96
13,12400,6.200000,3,1.5524461,0.61942101,0.59509373,0.18565365,0.025619107,0.016382387,0.0059738819,-0.19820352,0.37337265,0.35030882,-0.73185867,-0.67878189,0.060316037,1.5104437,-2.3938028,3.96
13,12400,6.200000,4,1.5524461,0.25442909,0.25674192,0.94090999,0.026191176,0.062666921,-0.030997845,-0.079752211,-0.10331671,-0.15665482,-0.25866088,0.91967617,-0.29544932,1.8707221,1.8449657,3.96
13,12400,6.200000,5,1.5524461,0.21128668,0.4823383,1.3369193,-0.040606788,-0.083208045,-0.0058038588,-0.12448971,-0.21045658,-0.12739648,-0.96110188,-0.040745446,-0.27317207,1.8474853,-3.0992235,3.96
13,12400,6.200000,6,1.5524461,0.60451039,0.22621108,1.3741157,0.058109978,0.049236722,-0.0063244347,0.13906622,-0.1413104,-0.11136103,-0.18128163,0.40504727,0.89614378,0.45979433,1.9916166,3.96
13,12400,6.200000,7,1.5524461,0.63383102,0.61624615,0.94421489,0.0017766618,0.047074979,0.054378171,-0.21331248,0.070428555,0.089330602,-0.025758745,0.86454723,-0.501891,2.09658,1.600582,3.96
13,12400,6.200000,8,1.5524461,0.13240081,0.94412238,0.16552168,-0.084885836,-0.04678348,-0.055762793,-0.032937383,0.065112278,0.14421701,-0.072907636,0.91589914,0.39473185,1.1650203,1.6502311,3.96
13,12400,6.200000,9,1.5524461,0.15418865,1.4098268,0.58688201,-0.045653907,0.025885723,-0.047362032,0.03714793,-0.019284272,0.4034364,0.25701179,0.81031083,0.52663204,1.0161625,1.2636564,3.96
13,12400,6.200000,10,1.5524461,0.48681618,1.026094,0.56105638,-0.094858443,0.089731357,-0.01766981,0.0088394347,-0.085531133,0.076346196,-0.42725182,0.62725461,0.65115861,0.86168627,2.168756,3.96
13,12400,6.200000,11,1.5524461,0.56274923,1.3546866,0.20965999,0.018023756,-0.027603302,0.0030549784,-0.073199762,0.32447766,-0.095849187,-0.81083181,0.17222189,0.55936696,0.97717442,2.9323015,3.96
13,12400,6.200000,12,1.5524461,0.15382719,0.96032518,0.96425497,-0.071922566,-0.025860016,-0.015892186,0.15937654,-0.097489948,0.082273051,0.42332857,-0.20924534,0.88148132,0.49180632,-0.45906589,3.96
13,12400,6.200000,13,1.5524461,0.22885295,1.4693643,1.3875525,0.062689683,0.07800334,-0.0082160859,-0.086468443,0.31344814,0.15862801,-0.15323721,0.97106825,-0.18315244,1.7549885,1.7273084,3.96
13,12400,6.200000,14,1.5524461,0.56371211,0.9076382,1.3833105,-0.025041804,-0.053894195,0.040192207,-0.1241441,0.038035193,-0.060719232,0.67250731,0.40218186,0.62127584,0.90042648,0.53897225,3.96
13,12400,6.200000,15,1.5524461,0.59962334,1.2295725,1.0145689,0.015722144,-0.10832536,0.049244073,0.052555893,-0.12934302,-0.11996233,0.6260305,0.58891374,0.51114227,1.0342831,0.75485749,3.96
13,12400,6.200000,16,1.5524461,0.97019503,0.21057901,0.22194896,0.016574807,0.02986492,-0.00044987716,0.14311684,0.20835529,0.043822564,0.00088767428,0.99137373,0.13106235,1.4393558,1.5699009,3.96
13,12400,6.200000,17,1.5524461,0.93228895,0.60204804,0.55222977,-0.064724375,0.037570577,-0.020929193,0.057678099,-0.21284703,-0.14129327,-0.29241165,0.95563745,0.03539044,1.5353985,1.8677357,3.96
13,12400,6.200000,18,1.5524461,1.3292777,0.17117266,0.58207,-0.020549343,0.040875507,-0.041807882,0.17575226,0.060536316,0.32181099,-0.22966313,0.24165148,0.94279341,0.33988381,2.330764,3.96
13,12400,6.200000,19,1.5524461,1.3624608,0.59463555,0.17823441,0.029007169,-0.027268528,-0.049780731,-0.068991398,0.015191206,-0.053235521,-0.38266769,0.9022485,0.19877896,1.3706845,1.9719271,3.96
13,12400,6.200000,20,1.5524461,0.94720356,0.20532567,0.94285326,-0.01306635,0.020722816,0.028650076,-0.10643935,-0.10756587,-0.053676578,-0.21499025,0.59115536,0.7773767,0.68031168,1.9196042,3.96
13,12400,6.200000,21,1.5524461,0.98628991,0.51633935,1.3970685,0.013757302,-0.025218197,0.042432138,-0.042812754,0.42508282,-0.0020544076,-0.35279852,0.91851941,-0.17848055,1.7502383,1.9375166,3.96
13,12400,6.200000,22,1.5524461,1.3149537,0.13536096,1.3847654,-0.046078532,-0.11405976,0.021417109,-0.20068528,-0.05587431,0.082622374,-0.55746889,0.33138808,0.76119011,0.7056501,2.6052631,3.96
13,12400,6.200000,23,1.5524461,1.3652538,0.59345249,0.99181621,-0.014055153,0.054963525,0.090631373,0.41375152,0.25653621,0.090689066,-0.048438817,0.75738797,0.65116598,0.86167656,1.6346644,3.96
13,12400,6.200000,24,1.5524461,1.0185437,0.99084595,0.14935494,0.068820762,0.042329614,-0.052091567,-0.31822408,0.15613577,-0.21374119,-0.54438121,0.48218041,0.68640451,0.81426304,2.4167119,3.96
13,12400,6.200000,25,1.5524461,0.97469008,1.310704,0.60068688,-0.016340782,-0.010837217,0.01337921,-0.15242724,-0.42652256,-0.42216702,0.078484212,0.91658709,-0.39205656,1.9736624,1.4853781,3.96
13,12400,6.200000,26,1.5524461,1.3548348,0.92730526,0.59039479,-0.019010464,-0.034190883,-0.0075817734,0.33756178,-0.33774492,-0.023785909,-0.18202804,0.22164177,0.95798785,0.29089401,2.2583737,3.96
13,12400,6.200000,27,1.5524461,1.3016715,1.3526935,0.21668413,-0.10511912,-0.046275964,-0.0024077007,-0.0069863866,0.059747669,0.13664951,-0.20441836,-0.50879846,0.83626387,0.58036262,-1.9528249,3.96
13,12400,6.200000,28,1.5524461,1.0061667,0.98417345,1.0166244,0.040777179,0.032085483,0.082539668,0.32251429,-0.056660031,0.28517544,0.53440651,0.81420082,-0.22690683,1.7996968,0.9899651,3.96
13,12400,6.200000,29,1.5524461,0.99226504,1.3659496,1.37992,0.043479845,-0.064905907,-0.0090673361,0.050497801,0.043249438,0.16197261,-0.43801461,0.66891682,0.60057762,0.92657299,2.1505467,3.96
13,12400,6.200000,30,1.5524461,1.38843,1.0424867,1.3193233,0.0089947439,0.033542408,-0.032059348,0.091443792,0.16923413,-0.075055934,-0.26990386,0.93496368,0.23020606,1.3385069,1.8518343,3.96
13,12400,6.200000,31,1.5524461,1.4066369,1.3741328,0.96353091,0.099757895,-0.0051531559,-0.039267767,0.0127897,0.084535373,0.016189981,0.79699875,0.31246553,0.51687357,1.0276015,0.37363656,3.96
14,12500,6.250000,0,1.5529115,0.20114101,0.20239479,0.18627912,0.067884979,-0.031938252,0.02147414,-0.045208044,0.051477714,0.045035524,-0.91622608,0.080880137,0.39241327,1.1675425,3.0535456,3.96
14,12500,6.250000,1,1.5529115,0.21205484,0.57807625,0.49903107,0.039216757,0.028459491,-0.076475885,-0.11407119,-0.29472843,-0.15079572,-0.60191791,0.036891724,-0.79770536,2.4942768,3.0803789,3.96
14,12500,6.250000,2,1.5529115,0.56451159,0.17527386,0.58494747,0.020345586,-0.010591845,0.039670526,0.062561723,-0.066418636,-0.17503221,0.66154859,0.53394743,0.52654877,1.0162605,0.67906582,3.96
14,12500,6.250000,3,1.5529115,0.60772214,0.61390731,0.20409587,0.01373634,0.035014782,0.024357693,-0.25068383,0.34164848,0.36075316,-0.7810463,-0.62168773,0.058915582,1.5118466,-2.4693152,3.96
14,12500,6.250000,4,1.5529115,0.2516979,0.25068323,0.92873538,0.023384133,0.056532183,-0.043452631,-0.089777887,-0.064729784,-0.34814889,0.029267881,0.98242566,-0.18434536,1.7562021,1.5410137,3.96
14,12500,6.250000,5,1.5529115,0.19973955,0.47314596,1.3349868,-0.052215514,-0.092543576,-0.0081368383,-0.26013442,-0.23367524,0.048510849,-0.99836336,0.027901463,0.049921002,1.5208546,3.1136527,3.96
14,12500,6.250000,6,1.5529115,0.61796806,0.21347324,1.3689012,0.071384451,0.036432986,-0.011950013,0.35597978,-0.30159578,-0.15321704,-0.1731727,0.57151303,0.80211226,0.63997237,1.86501,3.96
14,12500,6.250000,7,1.5529115,0.62108359,0.61855633,0.94689285,-0.011158821,0.049200108,0.056772734,-0.27370634,0.067202971,0.040402483,-0.11200825,0.7862511,-0.60767044,2.2239204,1.7123028,3.96
14,12500,6.250000,8,1.5529115,0.13199476,0.95172905,0.16757984,-0.085331504,-0.039460917,-0.053754555,0.028130864,0.19501296,0.0094980604,-0.35649017,0.87868283,0.31753935,1.2476629,1.9562152,3.96
14,12500,6.250000,9,1.5529115,0.15431551,1.4104538,0.60176809,-0.045573283,0.026090076,-0.032654083,-0.056073928,-0.016753543,0.17124521,0.33442763,0.77078884,0.54225706,0.99767524,1.1614308,3.96
14,12500,6.250000,10,1.5529115,0.48940055,1.0189592,0.56353581,-0.09242036,0.082290092,-0.01535891,0.12800546,-0.20516835,0.071170647,-0.67033446,0.50039484,0.54795686,0.99087652,2.5003447,3.96
14,12500,6.250000,11,1.5529115,0.55833188,1.3747552,0.20109171,0.013438403,-0.0079437914,-0.0055748572,-0.041211291,0.3656818,-0.23468647,-0.83208409,0.41656808,0.36620635,1.1958674,2.6774394,3.96
14,12500,6.250000,12,1.5529115,0.16643788,0.95634765,0.97338533,-0.059359865,-0.030124782,-0.0070521939,0.25460357,-0.091248309,0.24776129,0.69039008,-0.10315183,0.71604556,0.77267555,-0.1483138,3.96
14,12500,6.250000,13,1.5529115,0.22615697,1.4814937,1.389045,0.059925512,0.089690574,-0.0071396607,-0.052220603,0.11019703,-0.10372315,-0.019803802,0.9913148,-0.13001069,1.7011761,1.590771,3.96
14,12500,6.250000,14,1.5529115,0.55697915,0.90972307,1.3773185,-0.031942709,-0.052081679,0.033786439,-0.15428298,0.013917619,-0.15478429,0.91206581,0.25094666,0.32428648,1.240539,0.26849726,3.96
14,12500,6.250000,15,1.5529115,0.60777474,1.2287084,1.0143453,0.023692602,-0.10955789,0.048716458,0.19716898,0.059383996,0.035349153,0.82509481,0.44129204,0.35281709,1.2102162,0.49112803,3.96
14,12500,6.250000,16,1.5529115,0.9807781,0.21723103,0.22550215,0.026865503,0.036452832,0.0030362609,0.2428599,-0.018977569,0.11355806,0.38985442,0.90033872,-0.19340043,1.7654232,1.1621619,3.96
14,12500,6.250000,17,1.5529115,0.93353748,0.59174836,0.54636159,-0.06375545,0.027091993,-0.026962008,0.042430536,-0.1471695,-0.090360515,-0.36410849,0.84666391,0.38805313,1.1722781,1.9769373,3.96
14,12500,6.250000,18,1.5529115,1.3354276,0.17954094,0.59996623,-0.014798847,0.049191224,-0.024088789,0.12823617,0.18967659,0.40146522,0.10074022,0.15865411,0.98218139,0.18905967,1.0050614,3.96
14,12500,6.250000,19,1.5529115,1.3571698,0.58993201,0.17400145,0.023308545,-0.032149584,-0.054066476,-0.20782875,-0.18490051,-0.11520383,-0.57861599,0.81552739,0.010890699,1.5599054,2.1878692,3.96
14,12500,6.250000,20,1.5529115,0.94349382,0.19856781,0.94100511,-0.017059435,0.013904436,0.026519609,-0.053743918,-0.11738457,0.036772058,-0.11743041,0.59017449,0.79868903,0.64568289,1.7672068,3.96
14,12500,6.250000,21,1.5529115,0.98494287,0.5426631,1.3923588,0.012114853,0.00094685508,0.037304514,-0.054715335,0.57029705,-0.13497296,-0.52966677,0.83442994,-0.15224912,1.7236399,2.1363867,3.96
14,12500,6.250000,22,1.5529115,1.3109491,0.13359768,1.3923626,-0.050476658,-0.11586335,0.028598104,0.065438837,-0.013421679,0.10737926,-0.49487351,0.25876857,0.82954146,0.59251024,2.6597946,3.96
14,12500,6.250000,23,1.5529115,1.3834877,0.59969751,0.99775178,0.0037668678,0.061029741,0.096268793,0.30463132,0.034482287,0.056526251,-0.43441016,0.72961027,0.52816348,1.01436,2.1078268,3.96
14,12500,6.250000,24,1.5529115,0.99545443,0.99887662,0.13864323,0.045429664,0.050062108,-0.062846439,-0.61714935,0.085148252,-0.1929758,-0.47139147,0.60812535,0.63872815,0.87795217,2.2302033,3.96
14,12500,6.250000,25,1.5529115,0.96692484,1.291761,0.5832278,-0.024396986,-0.030170257,-0.0042572953,-0.18025903,-0.3784032,-0.25570886,0.1719828,0.97645513,-0.13022018,1.7013874,1.3964547,3.96
14,12500,6.250000,26,1.5529115,1.3662583,0.9104955,0.59299191,-0.0079947041,-0.05127605,-0.0051619858,0.17331285,-0.24149325,0.063249471,-0.27792595,0.28725787,0.91664611,0.41118931,2.3396847,3.96
14,12500,6.250000,27,1.5529115,1.3056085,1.3561487,0.22223148,-0.10157278,-0.043226708,0.0030738711,0.1962162,0.073788277,0.045701422,-0.17951309,-0.4341471,0.8827748,0.48906013,-1.9628729,3.96
14,12500,6.250000,28,1.5529115,1.0243984,0.97808319,1.0286014,0.058704556,0.02570116,0.094210169,0.33689797,-0.092092132,0.19080663,0.26147781,0.93188722,-0.25142707,1.8249507,1.297241,3.96
14,12500,6.250000,29,1.5529115,0.9862974,1.3667411,1.3871046,0.0372157,-0.064523906,-0.0022973732,-0.23019918,-0.0096961862,0.096883253,-0.5375362,0.47317004,0.69797203,0.79823462,2.4197929,3.96
14,12500,6.250000,30,1.5529115,1.3968233,1.0509352,1.3185626,0.016970665,0.041677183,-0.03321531,0.21034319,0.14548818,0.019727372,-0.40074055,0.81476502,0.41900475,1.1384474,2.0279011,3.96
14,12500,6.250000,31,1.5529115,1.4082656,1.3806873,0.96356531,0.10096468,0.00098858488,-0.039522153,-0.021593015,0.12407252,0.00069553851,0.84737058,0.35018614,0.3991651,1.1601903,0.39188668,3.96
15,12600,6.300000,0,1.5394083,0.19795262,0.2059389,0.19778795,0.066439283,-0.026610968,0.034660321,-0.076193617,0.20086157,0.4053011,-0.71374656,-0.63538615,0.29470373,1.2716509,-2.4142114,3.96
15,12600,6.300000,1,1.5394083,0.20631427,0.56404727,0.48744905,0.035303007,0.019417646,-0.083750381,-0.079254137,-0.10289174,-0.064489982,-0.53758271,0.00095214015,-0.84321049,2.5740239,3.1398215,3.96
15,12600,6.300000,2,1.5394083,0.56278065,0.17139702,0.56602048,0.023537253,-0.01295492,0.025769203,0.071933363,-0.090283168,-0.31854548,0.4353758,0.49978586,0.74877367,0.72458634,0.85416542,3.96
15,12600,6.300000,3,1.5394083,0.59071114,0.62685586,0.21289029,0.0019583106,0.053381719,0.034973172,-0.23790516,0.38229218,0.12013102,-0.91463137,-0.37189225,0.15857367,1.4115505,-2.7554067,3.96
15,12600,6.300000,4,1.5394083,0.24103048,0.24875722,0.90580997,0.01486815,0.056787083,-0.058367425,-0.15776365,0.093156799,-0.29114732,0.39183404,0.91584757,-0.087688726,1.6585978,1.1665247,3.96
15,12600,6.300000,5,1.5394083,0.18376898,0.46230757,1.3273229,-0.066511692,-0.099297254,-0.0041751644,-0.3535266,-0.058326723,0.18738633,-0.93902107,0.056890822,0.33912073,1.2248142,3.0810814,3.96
15,12600,6.300000,6,1.5394083,0.63489473,0.19968615,1.3529091,0.093782414,0.024449814,-0.016056877,0.46113587,-0.21616703,-0.039489606,-0.12619634,0.67877164,0.72342487,0.76204613,1.7546162,3.96
15,12600,6.300000,7,1.5394083,0.60512524,0.61799841,0.93852604,-0.021762892,0.054041946,0.056638979,-0.14056879,0.21916564,-0.073140997,-0.39059666,0.6801891,-0.62030399,2.2399265,2.0920646,3.96
15,12600,6.300000,8,1.5394083,0.13328684,0.95473299,0.16962001,-0.082880975,-0.028131823,-0.050241863,0.11425782,0.21343153,0.091086066,-0.53884628,0.80257233,0.25597332,1.3119419,2.162068,3.96
15,12600,6.300000,9,1.5394083,0.14780353,1.3962521,0.6020029,-0.050766098,0.02414444,-0.027162658,-0.064838397,-0.071940544,-0.024905933,0.48200334,0.68612361,0.54489189,0.99453614,0.95839301,3.96
15,12600,6.300000,10,1.5394083,0.49288974,0.99584703,0.55964902,-0.084641663,0.067975726,-0.014341071,0.18436976,-0.31028759,-0.045124184,-0.90108207,0.32288851,0.28947213,1.277121,2.7975125,3.96
15,12600,6.300000,11,1.5394083,0.55634395,1.3789334,0.19170166,0.016317975,0.0082593173,-0.013249848,0.15072686,0.19484419,-0.17719697,-0.83734551,0.50971749,0.1975869,1.3719006,2.5947786,3.96
15,12600,6.300000,12,1.5394083,0.17810091,0.94162533,0.97096513,-0.046192089,-0.036559349,-0.00098189523,0.26206309,-0.13061921,-0.016983169,0.87417711,-0.068633723,0.48073257,1.0693064,-0.078351649,3.96
15,12600,6.300000,13,1.5394083,0.22201733,1.4704783,1.3649457,0.057742879,0.091565542,-0.019213345,-0.034124448,-0.015938793,-0.37086741,0.14592792,0.89551794,-0.42041963,2.0047041,1.4092625,3.96
15,12600,6.300000,14,1.5394083,0.54689819,0.90695965,1.3581037,-0.03720347,-0.046912098,0.026516279,-0.097028805,0.1424882,-0.16908683,0.98628733,0.13144816,0.099793247,1.4708367,0.13249494,3.96
15,12600,6.300000,15,1.5394083,0.61455981,1.2219768,1.0068535,0.035815471,-0.10558805,0.050050602,0.27784202,0.092468318,0.023514715,0.8875872,0.3549085,0.29364761,1.2727559,0.38038362,3.96
15,12600,6.300000,16,1.5394083,0.97424306,0.20771154,0.23027459,0.02886749,0.028788791,0.0097990688,-0.075667502,-0.30972325,0.1450947,0.65162294,0.7102749,-0.26626512,1.8403125,0.82843791,3.96
15,12600,6.300000,17,1.5394083,0.929389,0.58031348,0.54112746,-0.059769025,0.020775035,-0.027447408,0.08681759,-0.061955978,0.1097012,-0.38764253,0.77908918,0.49270002,1.0556065,2.0324889,3.96
15,12600,6.300000,18,1.5394083,1.334703,0.1869963,0.61360354,-0.0038635173,0.058247322,-0.0051518183,0.28649566,0.13739875,0.3334546,0.29571856,0.090224683,0.95100475,0.31432673,0.29613204,3.96
15,12600,6.300000,19,1.5394083,1.3346849,0.57587843,0.16481577,0.012577988,-0.041112588,-0.061772786,-0.20125499,-0.16627168,-0.17992555,-0.67628092,0.71989131,-0.15620699,1.7276457,2.324969,3.96
15,12600,6.300000,20,1.5394083,0.93053779,0.18902692,0.93845773,-0.021832221,0.006055904,0.032179391,-0.10254879,-0.23006516,0.20055759,0.027779322,0.66885351,0.74287501,0.73344142,1.5292874,3.96
15,12600,6.300000,21,1.5394083,0.97150622,0.56528617,1.3718474,0.0072213271,0.028408521,0.028863404,-0.10197925,0.42470522,-0.22747275,-0.65464601,0.7539367,-0.054936833,1.6257608,2.2858211,3.96
15,12600,6.300000,22,1.5394083,1.3073709,0.13731395,1.3789043,-0.042621307,-0.110964,0.027241074,0.22160781,0.11482608,-0.15638311,-0.4220844,0.080203614,0.90300174,0.44409063,2.9538134,3.96
15,12600,6.300000,23,1.5394083,1.383594,0.59145436,0.9920446,0.015956406,0.057987935,0.099250514,0.19642301,-0.14786066,0.071017188,-0.71334747,0.57676788,0.39808817,1.1613645,2.4616678,3.96
15,12600,6.300000,24,1.5394083,0.95529156,0.99248671,0.12645378,0.013784508,0.052367928,-0.073878503,-0.67756811,0.063387774,-0.19928988,-0.59668324,0.61059717,0.52071124,1.0231125,2.34467,3.96
15,12600,6.300000,25,1.5394083,0.94810915,1.2620147,0.56955842,-0.034850508,-0.048765325,-0.012892968,-0.22748915,-0.34384103,-0.083234464,0.15892336,0.98222279,0.099908699,1.4707207,1.4103868,3.96
15,12600,6.300000,26,1.5394083,1.3616887,0.88902278,0.58994678,-0.00065203688,-0.064891083,-0.0030415453,0.12755244,-0.23332501,0.079681672,-0.34868791,0.33844048,0.8739993,0.5074237,2.3711068,3.96
15,12600,6.300000,27,1.5394083,1.3037474,1.3465181,0.2253495,-0.092039411,-0.041055598,0.0081464348,0.14998356,0.03106306,0.16870294,-0.070769737,-0.36755106,0.92730678,0.38364416,-1.7610124,3.96
15,12600,6.300000,28,1.5394083,1.029788,0.96193962,1.0264875,0.073064511,0.018028944,0.10107037,0.15602431,-0.18555981,0.11807986,0.11636718,0.96411213,-0.2386346,1.8117559,1.4506786,3.96
15,12600,6.300000,29,1.5394083,0.96324745,1.3573216,1.3757869,0.022678553,-0.062048208,-0.0015503574,-0.33146398,0.17646186,-0.040059077,-0.56038578,0.38441709,0.73361521,0.74716965,2.5403338,3.96
15,12600,6.300000,30,1.5394083,1.393335,1.0498716,1.3153755,0.025666269,0.049787279,-0.024900677,0.19213234,0.19439444,0.25921714,-0.33119441,0.76453024,0.55299527,0.98484139,1.9795918,3.96
15,12600,6.300000,31,1.5394083,1.3953039,1.3712641,0.95744686,0.10024537,0.0035823714,-0.037252087,-0.080191417,-0.011184181,0.10641154,0.8315545,0.34826391,0.43270008,1.1233107,0.39661659,3.96
16,12700,6.350000,0,1.5450326,0.19063494,0.20955684,0.21252063,0.058413011,-0.023750651,0.048644877,-0.34035685,-0.15771854,0.18445628,-0.30913649,-0.93426687,0.17770775,1.3921397,-1.8903433,3.96
16,12700,6.350000,1,1.5450326,0.20312373,0.56724048,0.49772663,0.031365867,0.020548014,-0.075269192,-0.16771676,0.11067545,0.41117711,-0.70671583,0.19256634,-0.680787,2.3196329,2.8755702,3.96
16,12700,6.350000,2,1.5450326,0.57004279,0.16840364,0.55623758,0.028733768,-0.01656793,0.013939873,0.13265635,0.010962987,-0.14436897,0.46877706,0.5130229,0.71906576,0.76833929,0.83043374,3.96
16,12700,6.350000,3,1.5450326,0.58986745,0.64468297,0.21426621,-0.0010381216,0.06889029,0.035570196,0.046144388,0.25900213,-0.065721599,-0.96595057,-0.04941012,0.25396484,1.314019,-3.0904854,3.96
16,12700,6.350000,4,1.5450326,0.23384982,0.25352327,0.89977349,0.0068215456,0.060637263,-0.067696334,-0.14777328,0.039312145,-0.14108196,0.623147,0.78068135,0.047164051,1.5236148,0.89714832,3.96
16,12700,6.350000,5,1.5450326,0.16169239,0.46127853,1.3436926,-0.089218284,-0.10201041,0.007324171,-0.45804992,-0.12468761,0.22263922,-0.86577914,0.11087153,0.48798974,1.0610112,3.014226,3.96
16,12700,6.350000,6,1.5450326,0.6587739,0.18750551,1.3592512,0.11530272,0.011563108,-0.014660269,0.31169509,-0.2561961,0.10059704,-0.16389334,0.76633607,0.62118275,0.90054528,1.7814885,3.96
16,12700,6.350000,7,1.5450326,0.60242558,0.63125814,0.93819442,-0.026664485,0.06502375,0.052885234,-0.1118276,0.21497134,-0.011294438,-0.62658888,0.53015229,-0.57124857,2.1788226,2.4393713,3.96
16,12700,6.350000,8,1.5450326,0.13691846,0.96866854,0.17385899,-0.079742043,-0.017703465,-0.04662919,0.037676913,0.20978349,0.073178857,-0.69309671,0.70499647,0.15032276,1.4199016,2.3476833,3.96
16,12700,6.350000,9,1.5450326,0.14758961,1.3970144,0.59794515,-0.051518656,0.019813292,-0.033408479,0.017422416,-0.092757899,-0.19635799,0.64458364,0.50105134,0.57745951,0.95518282,0.66076134,3.96
16,12700,6.350000,10,1.5450326,0.50545949,0.98571907,0.55932653,-0.073892313,0.054234422,-0.016703968,0.19359806,-0.23530448,-0.065798402,-0.97793929,0.18627373,-0.09453484,1.6654725,2.9533716,3.96
16,12700,6.350000,11,1.5450326,0.56663336,1.393168,0.18172478,0.024559723,0.017439146,-0.023907691,0.17688668,0.12021902,-0.28948895,-0.8397938,0.5404397,0.051684669,1.5190886,2.5697732,3.96
16,12700,6.350000,12,1.5450326,0.18819713,0.94296409,0.97452218,-0.036763761,-0.038657054,-0.00097234394,0.10615574,0.027183027,0.069904286,0.87029641,-0.16470306,0.46417352,1.088095,-0.18703739,3.96
16,12700,6.350000,13,1.5450326,0.2214591,1.4735356,1.3499992,0.056375986,0.089254637,-0.039110551,0.061839503,0.03548393,-0.47524773,0.30498597,0.52518015,-0.79446168,2.488917,1.0446692,3.96
16,12700,6.350000,14,1.5450326,0.54380655,0.91624746,1.3559512,-0.042283978,-0.040948789,0.019414799,-0.12429143,0.12134237,-0.15726233,0.99975102,0.0051000077,0.021723045,1.5490716,0.0051012335,3.96
16,12700,6.350000,15,1.5450326,0.62803459,1.2304872,1.0088058,0.047024474,-0.10154959,0.048327438,0.15433467,0.11663722,-0.079086172,0.86941131,0.40277141,0.28618031,1.2805583,0.43383357,3.96
16,12700,6.350000,16,1.5450326,0.97151703,0.18987513,0.23505856,0.022593442,0.010227337,0.013734536,-0.081494557,-0.47084639,0.075904271,0.71649965,0.66499794,-0.21072732,1.7831153,0.74813579,3.96
16,12700,6.350000,17,1.5450326,0.93986428,0.58466978,0.54983082,-0.052702209,0.023007045,-0.020733337,0.17319211,0.10497626,0.076495318,-0.50878371,0.75277322,0.41769799,1.1398861,2.1651497,3.96
16,12700,6.350000,18,1.5450326,1.3542787,0.19565532,0.63110064,0.010809,0.066208614,0.010075669,0.27197986,0.17742902,0.30404864,0.36255714,0.17631636,0.91513106,0.41496343,0.45263841,3.96
16,12700,6.350000,19,1.5450326,1.3315287,0.56934139,0.15206398,0.0045600898,-0.049737913,-0.075102436,-0.12210393,-0.10685182,-0.21677122,-0.65285127,0.71697789,-0.24439297,1.81769,2.3094151,3.96
16,12700,6.350000,20,1.5450326,0.92824128,0.17835184,0.95353695,-0.027518149,-0.0052891152,0.043808684,-0.075186511,-0.262375,0.17362945,0.12282872,0.77424416,0.62085351,0.90096533,1.4134641,3.96
16,12700,6.350000,21,1.5450326,0.9686873,0.58387775,1.3627477,0.00086453747,0.044904713,0.014777232,-0.081593362,0.24237435,-0.2881142,-0.75109238,0.64592845,0.13651621,1.4338525,2.4313301,3.96
16,12700,6.350000,22,1.5450326,1.3259316,0.14711962,1.373783,-0.028862202,-0.10167695,0.017100311,0.29505577,0.26243251,-0.17921072,-0.29066053,-0.038723577,0.95604233,0.29760223,-3.0091465,3.96
16,12700,6.350000,23,1.5450326,1.3984566,0.58216238,1.0028586,0.025746131,0.046555881,0.10642697,0.12735215,-0.34539104,0.11998388,-0.76617156,0.44927161,0.45949556,1.0933692,2.6112442,3.96
16,12700,6.350000,24,1.5450326,0.92870108,0.99896375,0.12260262,-0.016241449,0.055213662,-0.078183814,-0.54080424,0.013099534,-0.04007674,-0.80202054,0.43164541,0.41285022,1.1452151,2.647856,3.96
16,12700,6.350000,25,1.5450326,0.94138371,1.252746,0.56750517,-0.045021375,-0.062619635,-0.01701961,-0.18249555,-0.23339633,-0.038053624,0.058966554,0.9496037,0.30785672,1.2578568,1.50878,3.96
16,12700,6.350000,26,1.5450326,1.3730559,0.8811035,0.59403796,0.005728509,-0.076038139,-0.0011092976,0.11381419,-0.17374484,0.0045088661,-0.33917979,0.2907014,0.89467858,0.46308516,2.4330074,3.96
16,12700,6.350000,27,1.5450326,1.3158716,1.3556953,0.23488305,-0.084691967,-0.03680569,0.016840811,0.1864291,0.061834809,0.098813402,0.00090002661,-0.36853553,0.92961323,0.37743436,-1.5683542,3.96
16,12700,6.350000,28,1.5450326,1.0429489,0.95841116,1.0337834,0.082445843,0.010998786,0.10460948,0.16354627,-0.036042441,0.072866817,0.33787874,0.92145111,-0.19174413,1.7637353,1.2193388,3.96
16,12700,6.350000,29,1.5450326,0.95069851,1.3724711,1.3771762,0.0066395677,-0.051876287,-0.0051810112,-0.1932153,0.19979445,-0.13712219,-0.50898275,0.4104439,0.75661903,0.71266961,2.4629612,3.96
16,12700,6.350000,30,1.5450326,1.4043499,1.0627421,1.3380448,0.031579823,0.058805602,-0.0070697038,0.1035213,0.21699698,0.3641431,-0.098874616,0.83322286,0.54402525,0.99556936,1.6889093,3.96
16,12700,6.350000,31,1.5450326,1.3969654,1.3736912,0.96731241,0.096815227,0.0010041448,-0.030896218,-0.056783128,-0.061898667,0.14653093,0.75650696,0.25341276,0.60289235,0.92367485,0.32322951,3.96
17,12800,6.400000,0,1.5548959,0.16957659,0.19892563,0.22107421,0.036208315,-0.035681695,0.05581891,-0.50441156,-0.2700812,0.094878668,-0.17278153,-0.94529996,0.27668488,1.2904537,-1.7515803,3.96
17,12800,6.400000,1,1.5548959,0.19622521,0.57194725,0.52442275,0.023196612,0.021630125,-0.051825112,-0.086262722,-0.02843596,0.47445076,-0.86784963,0.37267431,-0.32855879,1.9055736,2.7359819,3.96
17,12800,6.400000,2,1.5548959,0.57855092,0.17297191,0.55455136,0.033587347,-0.013085809,0.0087192867,0.0028859147,0.13158103,-0.051207475,0.73970456,0.52019292,0.42689166,1.1297436,0.61289994,3.96
17,12800,6.400000,3,1.5548959,0.59938524,0.65556462,0.20979879,0.0046957644,0.075634881,0.029753421,0.094133714,0.032663665,-0.19022057,-0.89301306,0.34127497,0.29335827,1.2730585,2.7765585,3.96
17,12800,6.400000,4,1.5548959,0.23381728,0.25573964,0.9041457,0.0053009588,0.061233267,-0.069063852,0.059142185,-0.025658773,0.01504142,0.61575612,0.75851261,0.21331437,1.3558302,0.88890507,3.96
17,12800,6.400000,5,1.5548959,0.14221179,0.45864545,1.359997,-0.10966606,-0.10757057,0.01502604,-0.22697501,-0.032354529,0.13382857,-0.82190679,0.24998992,0.51183423,1.0334778,2.8463251,3.96
17,12800,6.400000,6,1.5548959,0.66789728,0.18361119,1.3734799,0.12020494,0.0064879142,-0.0091264436,-0.11383694,0.066832425,0.11893093,-0.012245443,0.79662995,0.60434325,0.92185503,1.5861667,3.96
17,12800,6.400000,7,1.5548959,0.60402959,0.64456098,0.94475659,-0.028899199,0.074267283,0.053456232,-0.030350685,0.17068304,0.011829274,-0.79941709,0.36409971,-0.47787418,2.0690294,2.7142104,3.96
17,12800,6.400000,8,1.5548959,0.14301917,0.9868232,0.18012229,-0.074531995,-0.0057706716,-0.041492139,0.069869515,0.20547264,0.23105758,-0.78746837,0.61632741,-0.0058390221,1.5766354,2.4775088,3.96
17,12800,6.400000,9,1.5548959,0.15417728,1.3971456,0.59051349,-0.045891092,0.011053907,-0.044621692,0.18429495,-0.258751,-0.28070887,0.73494247,0.30544615,0.60544382,0.92047294,0.39388661,3.96
17,12800,6.400000,10,1.5548959,0.51418099,0.98055541,0.55891313,-0.068415054,0.042814352,-0.020675421,0.11501968,-0.20256309,-0.12742237,-0.87961946,0.1877456,-0.43705971,2.0231233,2.9313085,3.96
17,12800,6.400000,11,1.5548959,0.57966417,1.407667,0.16700858,0.033943328,0.023026455,-0.039733649,0.13199792,0.056233266,-0.32841423,-0.71170202,0.68696906,-0.14681193,1.7181408,2.3738758,3.96
17,12800,6.400000,12,1.5548959,0.18927008,0.95460311,0.98742306,-0.036891839,-0.033055658,0.0056860799,-0.13292808,0.12977086,0.073943438,0.71617302,-0.29712461,0.63151657,0.88728873,-0.39326629,3.96
17,12800,6.400000,13,1.5548959,0.23113577,1.4854841,1.3349387,0.064612666,0.091788056,-0.062714178,0.19277951,0.057231177,-0.45959665,0.34318824,0.074618509,-0.93629798,2.7827331,0.2140951,3.96
17,12800,6.400000,14,1.5548959,0.54137007,0.92540551,1.3491939,-0.048173334,-0.037650488,0.004050106,-0.080753577,0.081334826,-0.33388952,0.99531323,-0.089634579,-0.036293348,1.6070976,-0.089814372,3.96
17,12800,6.400000,15,1.5548959,0.63890686,1.2452223,1.0074681,0.053865654,-0.094691634,0.040574358,0.13158746,0.21445719,-0.21635501,0.86747875,0.43680431,0.23808109,1.3304067,0.46647014,3.96
17,12800,6.400000,16,1.5548959,0.9718526,0.16722655,0.24625039,0.01674553,-0.013557708,0.023395032,-0.13593878,-0.49361574,0.23703096,0.7205993,0.68950609,0.072924618,1.4978069,0.76335146,3.96
17,12800,6.400000,17,1.5548959,0.95649717,0.5952514,0.55692475,-0.042103061,0.029834459,-0.017160849,0.29430544,0.16248773,0.080479407,-0.59418845,0.76703787,0.24205989,1.326308,2.2298898,3.96
17,12800,6.400000,18,1.5548959,1.3704421,0.20541915,0.64412278,0.018302919,0.074696394,0.019040394,0.029486062,0.09038829,0.10811402,0.24382386,0.42137635,0.87349408,0.50846244,1.0462332,3.96
17,12800,6.400000,19,1.5548959,1.3353583,0.57092211,0.14486736,-9.5883879e-05,-0.051785306,-0.083243916,-0.19024777,-0.0030479658,-0.024674968,-0.56040946,0.80332543,-0.20151797,1.7737038,2.1799178,3.96
17,12800,6.400000,20,1.5548959,0.93158398,0.16649065,0.96961582,-0.030093071,-0.018247659,0.05376856,0.024511941,-0.28322696,0.16548344,0.18573385,0.86857781,0.45942957,1.0934435,1.3601323,3.96
17,12800,6.400000,21,1.5548959,0.97151069,0.5953251,1.3575872,-0.0024854349,0.052600153,0.00096096634,-0.0036186495,0.082227455,-0.27763149,-0.71113564,0.63545977,0.30079393,1.2652713,2.4123334,3.96
17,12800,6.400000,22,1.5548959,1.347651,0.16024431,1.3745122,-0.01564948,-0.089530109,0.0090849239,0.21471988,0.29325315,-0.10745472,-0.087100411,-0.14463307,0.98564436,0.16964742,-2.112844,3.96
17,12800,6.400000,23,1.5548959,1.413422,0.57164079,1.0162382,0.031764688,0.032362971,0.11338225,0.096738163,-0.24137574,0.1784526,-0.64682995,0.43631252,0.62549373,0.89503216,2.5481592,3.96
17,12800,6.400000,24,1.5548959,0.91386286,1.0071628,0.12302143,-0.036942553,0.057029657,-0.078546543,-0.30195229,0.089058339,0.060908497,-0.8980702,0.080321688,0.43245617,1.1235813,3.0523919,3.96
17,12800,6.400000,25,1.5548959,0.9411905,1.250962,0.57008608,-0.051204633,-0.072370036,-0.018058302,3.0682154e-05,-0.10484311,0.01516439,-0.18836989,0.90820544,0.37373742,1.1877611,1.7753056,3.96
17,12800,6.400000,26,1.5548959,1.3820894,0.88077171,0.59758214,0.0059956843,-0.081975933,-0.0013566226,-0.11436813,-0.1256209,-0.056151982,-0.30071013,0.12991147,0.94482614,0.33373289,2.7337948,3.96
17,12800,6.400000,27,1.5548959,1.3286909,1.3664235,0.24072708,-0.080287103,-0.034738701,0.021171587,0.054214634,0.062903325,0.098269864,-0.018112037,-0.40062603,0.91606263,0.41264666,-1.6159749,3.96
17,12800,6.400000,28,1.5548959,1.0533866,0.9662345,1.0404739,0.086213459,0.012698299,0.10470007,0.010040526,0.04738346,-0.064152247,0.6773455,0.72351597,-0.13314542,1.7043383,0.81834486,3.96
17,12800,6.400000,29,1.5548959,0.96269745,1.3850228,1.3803807,0.012550516,-0.048098408,-0.010750503,0.3658853,-0.12063099,-0.058955295,-0.38459915,0.37636418,0.84287217,0.56819772,2.3670158,3.96
17,12800,6.400000,30,1.5548959,1.4163709,1.0824004,1.3655629,0.034625822,0.071638591,0.011846205,0.064404217,0.24812277,0.30285502,0.061512503,0.89914326,0.43331006,1.122634,1.5024904,3.96
17,12800,6.400000,31,1.5548959,1.398784,1.3795587,0.98203273,0.089738241,-0.001888714,-0.022378247,-0.18600432,0.011797944,0.1772076,0.65809363,0.26769182,0.70374276,0.79014437,0.38632772,3.96
18,12900,6.450000,0,1.5396093,0.14213715,0.18447844,0.22363555,0.010308088,-0.0482352,0.060577211,-0.4741522,-0.16398938,0.078896058,-0.26829019,-0.85766769,0.43866445,1.1166844,-1.8739669,3.96
18,12900,6.450000,1,1.5396093,0.19204012,0.56652761,0.54237757,0.020929476,0.021834494,-0.028599786,0.029093084,0.068018774,0.36069583,-0.98964811,0.1411149,-0.026138306,1.5969376,2.9999564,3.96
18,12900,6.450000,2,1.5396093,0.57321848,0.18064057,0.54584758,0.033944592,-0.0036700957,0.0054513395,0.077346581,0.26915332,-0.012487367,0.93119328,0.36397308,0.020066583,1.5507284,0.37260872,3.96
18,12900,6.450000,3,1.5396093,0.59449643,0.64424949,0.19736216,0.0057046898,0.07074064,0.01932789,-0.02540971,-0.31180224,-0.1928232,-0.74926994,0.60647094,0.26605931,1.3014937,2.4611367,3.96
18,12900,6.450000,4,1.5396093,0.2407813,0.24686157,0.8971095,0.014609701,0.054837862,-0.0672019,0.28614426,-0.22782773,0.034957486,0.31634527,0.890215,0.32778487,1.2368384,1.229356,3.96
18,12900,6.450000,5,1.5396093,0.14258845,0.45317428,1.3554328,-0.10788245,-0.10853742,0.023876072,0.31079262,0.068128608,0.25375571,-0.71220746,0.41400731,0.5668849,0.96807681,2.6150355,3.96
18,12900,6.450000,6,1.5396093,0.64947874,0.18871489,1.3651525,0.10829387,0.013431055,-0.0039250988,-0.33485567,0.18468492,0.13774932,0.3403192,0.734384,0.58725036,0.9431388,1.1368487,3.96
18,12900,6.450000,7,1.5396093,0.59912974,0.64553241,0.93434454,-0.02785548,0.081611875,0.052326813,0.11711026,0.072353953,-0.068589156,-0.88687369,0.30635671,-0.34583323,1.923923,2.8089909,3.96
18,12900,6.450000,8,1.5396093,0.14607388,0.9865642,0.19408257,-0.070049065,0.003718986,-0.025682919,0.10661281,0.16318307,0.3313201,-0.86296845,0.50216246,-0.05584196,1.6266674,2.6145873,3.96
18,12900,6.450000,9,1.5396093,0.16015313,1.3645757,0.57547553,-0.038362277,-0.0078736125,-0.05389996,0.1975896,-0.48893755,-0.11853846,0.63352573,0.18279915,0.75181755,0.71998208,0.28091255,3.96
18,12900,6.450000,10,1.5396093,0.512245,0.96055924,0.54822869,-0.065280483,0.032406929,-0.025890775,-0.041795706,-0.16989613,-0.078637116,-0.71645255,0.41846458,-0.55819633,2.1630067,2.6129624,3.96
18,12900,6.450000,11,1.5396093,0.57938202,1.3960277,0.15573364,0.039386939,0.025237286,-0.049414499,0.059067989,0.00057420858,-0.044850517,-0.47140567,0.84500379,-0.2524783,1.826037,2.0796648,3.96
18,12900,6.450000,12,1.5396093,0.17904559,0.95166777,0.97944758,-0.045297076,-0.026573968,0.0074268718,-0.24822997,0.17860607,0.010983882,0.33786377,-0.49037068,0.80335837,0.63788276,-0.96749337,3.96
18,12900,6.450000,13,1.5396093,0.23970215,1.4706939,1.2991618,0.075505226,0.091601281,-0.085479364,0.2174624,-0.093667881,-0.43463804,0.41171449,-0.16555091,-0.89614958,2.6818114,-0.38231648,3.96
18,12900,6.450000,14,1.5396093,0.53356375,0.92043075,1.3241336,-0.0506696,-0.033506819,-0.0078044177,-0.0023988715,0.081216154,-0.19726547,0.96758429,0.028301385,-0.25095751,1.8244656,0.029241192,3.96
18,12900,6.450000,15,1.5396093,0.63484376,1.2435971,0.9850066,0.056094872,-0.084021876,0.027955227,-0.046091957,0.22387688,-0.37577382,0.89882722,0.40607218,0.16496972,1.405069,0.4243332,3.96
18,12900,6.450000,16,1.5396093,0.96174965,0.14606962,0.25123981,0.016194452,-0.033167457,0.030842204,0.17694231,-0.2882089,0.09537549,0.66495054,0.56428641,0.48930729,1.059501,0.70368893,3.96
18,12900,6.450000,17,1.5396093,0.95919532,0.59975649,0.55443886,-0.029941202,0.040243075,-0.014156596,0.17639408,0.22750487,0.063786833,-0.58422476,0.8111404,0.027068142,1.5437249,2.1949847,3.96
18,12900,6.450000,18,1.5396093,1.3564267,0.20574797,0.63747781,0.017758103,0.077056415,0.018726445,-0.043753544,0.052266905,-0.036202863,0.020406472,0.54296163,0.83950953,0.57441642,1.5332304,3.96
18,12900,6.450000,19,1.5396093,1.308221,0.56793156,0.14811823,-0.014174391,-0.049149919,-0.078545597,-0.34881354,0.076867395,0.22533653,-0.47265703,0.88013323,-0.044281198,1.615092,2.0636264,3.96
18,12900,6.450000,20,1.5396093,0.92055853,0.14890339,0.96343728,-0.031969082,-0.034277277,0.057139279,-0.056183456,-0.40199537,-0.083938387,0.34379449,0.8682486,0.35770059,1.2049919,1.1937748,3.96
18,12900,6.450000,21,1.5396093,0.96412282,0.59215541,1.3315983,-0.00031131971,0.055296619,-0.011743799,0.092215564,0.035979195,-0.19162403,-0.60803083,0.70238231,0.37007783,1.1917035,2.2843172,3.96
18,12900,6.450000,22,1.5396093,1.3408153,0.16974373,1.3575312,-0.009204213,-0.07840029,0.0055999425,-0.024948215,0.16030593,-0.073765104,0.23478074,-0.22812364,0.94490085,0.33350475,-0.771018,3.96
18,12900,6.450000,23,1.5396093,1.4029999,0.55811952,1.0052671,0.035255648,0.024422469,0.11239718,-0.024923984,-0.025940124,-0.10292907,-0.45746934,0.33929376,0.82194984,0.60597029,2.5034406,3.96
18,12900,6.450000,24,1.5396093,0.89786476,1.0011561,0.13247262,-0.043990992,0.060944018,-0.067832965,-0.047655028,0.082460476,0.33399594,-0.84355317,-0.091876528,0.52912829,1.0132234,-3.0331042,3.96
18,12900,6.450000,25,1.5396093,0.93383884,1.2334737,0.56815688,-0.0492937,-0.077585409,-0.014364555,0.017311986,-0.078601688,0.15893342,-0.42688996,0.83837285,0.33896302,1.2249819,2.0417678,3.96
18,12900,6.450000,26,1.5396093,1.3563397,0.87054844,0.58710458,-0.0062266963,-0.083547809,-0.0059820083,-0.35252985,0.020069498,-0.11125659,-0.20442754,-0.14474123,0.96812156,0.25317688,-2.5254964,3.96
18,12900,6.450000,27,1.5396093,1.310312,1.3579084,0.24147788,-0.085629592,-0.029795695,0.024304521,-0.20645191,0.055406395,0.028975593,-0.1775234,-0.34950458,0.91996304,0.40281015,-2.0407667,3.96
18,12900,6.450000,28,1.5396093,1.044902,0.95924727,1.0229325,0.088094382,0.015222914,0.097351603,0.0048209426,0.0037345954,-0.20133355,0.90661201,0.42056087,-0.034397927,1.605201,0.43433793,3.96
18,12900,6.450000,29,1.5396093,0.97662345,1.3648214,1.3639229,0.036057233,-0.054715867,-0.013651673,0.56964084,-0.1687132,-0.057959563,-0.12585247,0.22821383,0.9654427,0.26365959,2.0747654,3.96
18,12900,6.450000,30,1.5396093,1.4034055,1.0855049,1.3706395,0.035589978,0.085452754,0.030439966,-0.03881946,0.3064931,0.35668205,0.060656076,0.97364047,0.21987515,1.3491098,1.5085785,3.96
18,12900,6.450000,31,1.5396093,1.3779205,1.3659717,0.97490451,0.08259137,-0.0019129523,-0.019839239,-0.13115776,0.097772359,-0.05905579,0.59501736,0.44205843,0.67122179,0.8349405,0.6389633,3.96
19,13000,6.500000,0,1.5322221,0.12186976,0.17856273,0.22719865,-0.009324532,-0.053277892,0.065224498,-0.35402892,-0.044367855,0.15703824,-0.47189449,-0.67265419,0.56995784,0.96434178,-2.1825558,3.96
19,13000,6.500000,1,1.5322221,0.19251998,0.56271489,0.55818383,0.022334131,0.020737367,-0.010146797,0.041324535,-0.029945202,0.30392922,-0.92101331,-0.3804835,0.083467326,1.4872318,-2.7498325,3.96
19,13000,6.500000,2,1.5322221,0.57276178,0.193402,0.53961884,0.036243755,0.0099909126,0.0018329115,-0.036604084,0.29124511,-0.12163804,0.95936776,0.16713741,-0.22732926,1.8001306,0.17248506,3.96
19,13000,6.500000,3,1.5322221,0.59274593,0.62534359,0.18269692,0.0068092759,0.054887765,0.0055765401,0.054003795,-0.36102367,-0.34575974,-0.69999822,0.64814237,0.29985657,1.266254,2.3946403,3.96
19,13000,6.500000,4,1.5322221,0.25298678,0.22907975,0.90208545,0.028002674,0.038200495,-0.057899198,0.1826212,-0.39354625,0.23803182,0.079491884,0.94869885,0.30602538,1.259781,1.4872012,3.96
19,13000,6.500000,5,1.5322221,0.16638315,0.45820773,1.3653469,-0.083344597,-0.10131224,0.040333214,0.6554174,0.26154222,0.28420244,-0.36824632,0.60626994,0.70486269,0.78856677,2.1166368,3.96
19,13000,6.500000,6,1.5322221,0.63231826,0.19993724,1.3635937,0.094215774,0.025588108,0.0010782333,-0.19478451,0.34719432,0.013250329,0.5389838,0.63324195,0.55542876,0.98191785,0.86563509,3.96
19,13000,6.500000,7,1.5322221,0.60540796,0.64687408,0.92853852,-0.018680539,0.086061554,0.051000637,0.25079991,0.052731654,-0.017287397,-0.90570208,0.33820801,-0.25557596,1.8292397,2.7842072,3.96
19,13000,6.500000,8,1.5322221,0.15174014,0.98688442,0.21053996,-0.063666589,0.0087849814,-0.0082523873,0.079921902,-0.039928705,0.39528512,-0.90043756,0.43106122,0.058295994,1.5124673,2.6951101,3.96
19,13000,6.500000,9,1.5322221,0.17420033,1.3307409,0.56794341,-0.023510948,-0.035226879,-0.058682416,0.35193315,-0.53734605,-0.049764525,0.35150991,0.19179102,0.91632799,0.41198447,0.49947464,3.96
19,13000,6.500000,10,1.5322221,0.51409642,0.95174089,0.54266574,-0.060960896,0.028187252,-0.02883036,0.24684157,-0.029059437,-0.048808168,-0.56771046,0.7393513,-0.36202831,1.9412392,2.2256235,3.96
19,13000,6.500000,11,1.5322221,0.57543471,1.3897989,0.15638514,0.03821673,0.025707846,-0.048012403,-0.16034546,-0.091705074,0.12789656,-0.21710456,0.94559524,-0.24231232,1.8155448,1.7964807,3.96
19,13000,6.500000,12,1.5322221,0.16264621,0.95913656,0.97168431,-0.060874851,-0.014510014,0.0043556669,-0.34082416,0.2737723,-0.04149229,-0.10326793,-0.50743824,0.85547774,0.54432362,-1.771563,3.96
19,13000,6.500000,13,1.5322221,0.24570061,1.4584293,1.2707029,0.082671024,0.086380594,-0.10775842,0.11381195,-0.13794153,-0.41052366,0.62370083,-0.19428345,-0.75713355,2.4297103,-0.30197451,3.96
19,13000,6.500000,14,1.5322221,0.53068516,0.91855759,1.3108916,-0.050988884,-0.03095756,-0.014709715,0.025395101,0.019341244,-0.11587016,0.79658558,0.32159863,-0.51188449,2.1081734,0.38371034,3.96
19,13000,6.500000,15,1.5322221,0.62444298,1.2481703,0.96060848,0.04872238,-0.073456408,0.0082358042,-0.23290109,0.21416048,-0.41449029,0.92878544,0.32062128,0.18590214,1.3838064,0.33239664,3.96
19,13000,6.500000,16,1.5322221,0.96985296,0.13175226,0.25582229,0.028942961,-0.046816783,0.036644109,0.28726606,-0.24040203,0.18224079,0.58881298,0.32061494,0.74196047,0.73480655,0.49861896,3.96
19,13000,6.500000,17,1.5322221,0.95807228,0.61065753,0.55677394,-0.026453571,0.054055001,-0.0091492436,-0.032501056,0.22176829,0.082702263,-0.64936212,0.74867076,-0.13349502,1.7046911,2.2852791,3.96
19,13000,6.500000,18,1.5322221,1.3454371,0.20400975,0.62583463,0.013265873,0.076303574,0.010121229,-0.14535499,-0.063524962,-0.18107075,-0.23321749,0.55082227,0.80137658,0.64120328,1.97131,3.96
19,13000,6.500000,19,1.5322221,1.2796126,0.56932254,0.15973226,-0.036559697,-0.045024052,-0.066191176,-0.45591397,0.078271512,0.24119374,-0.31279918,0.92811087,0.20190809,1.3674906,1.8958682,3.96
19,13000,6.500000,20,1.5322221,0.91538387,0.13340706,0.95370184,-0.032728679,-0.049094795,0.05201414,0.013051505,-0.18857011,-0.10214754,0.48811498,0.72780012,0.48171647,1.068184,0.9800261,3.96
19,13000,6.500000,21,1.5322221,0.96554377,0.59231424,1.3177367,0.0057501201,0.058303872,-0.019234259,0.16112614,0.083022613,-0.065268931,-0.51694479,0.75578117,0.40194888,1.1571521,2.1706945,3.96
19,13000,6.500000,22,1.5322221,1.3269493,0.17574168,1.3453993,-0.01665478,-0.071571478,-3.1973789e-05,-0.13902237,0.16133947,-0.14188516,0.4813761,-0.31039916,0.819713,0.60988655,-0.5727225,3.96
19,13000,6.500000,23,1.5322221,1.3917967,0.55761314,0.99902898,0.030773371,0.026599216,0.11097903,-0.099153617,0.11749524,-0.018438249,-0.32465688,0.025010696,0.94550112,0.33166616,3.0647072,3.96
19,13000,6.500000,24,1.5322221,0.89628954,0.99697943,0.14135753,-0.041251608,0.061572458,-0.058289488,0.15372539,-0.055093271,0.12496078,-0.69748267,0.11603904,0.70714416,0.7853453,2.9767343,3.96
19,13000,6.500000,25,1.5322221,0.92901792,1.222822,0.57299546,-0.04963483,-0.08233027,-0.0067816898,-0.019604041,-0.11550146,0.14948932,-0.60126834,0.76900215,0.21705317,1.3520017,2.2343912,3.96
19,13000,6.500000,26,1.5322221,1.3322886,0.86819846,0.57873613,-0.023812269,-0.081716445,-0.011546877,-0.36039771,0.12345401,-0.10323666,-0.014165512,-0.32130571,0.94686957,0.32743759,-1.6148551,3.96
19,13000,6.500000,27,1.5322221,1.2940792,1.3503386,0.24301483,-0.095599411,-0.030852717,0.027006602,-0.15126025,-0.084436936,0.1537036,-0.31035156,-0.30399133,0.90070593,0.44940457,-2.366547,3.96
19,13000,6.500000,28,1.5322221,1.0372235,0.95291292,1.0089049,0.085422903,0.013486914,0.088210177,-0.088454058,-0.035567993,-0.17829904,0.98262437,0.14144556,0.12017696,1.4503282,0.14296468,3.96
19,13000,6.500000,29,1.5322221,1.0006865,1.3537376,1.3526939,0.06487551,-0.059262061,-0.01834784,0.45738353,-0.016382242,-0.15686902,0.051186794,0.1394156,0.98891011,0.14906677,1.2189233,3.96
19,13000,6.500000,30,1.5322221,1.3951867,1.0896189,1.3791847,0.034101264,0.094797565,0.04559803,0.0060560833,0.015177963,0.19364068,-0.050435092,0.99778775,-0.043311703,1.6141216,1.6213003,3.96
19,13000,6.500000,31,1.5322221,1.3626225,1.3662724,0.96552426,0.073883755,0.0049583554,-0.024553171,-0.17850479,0.14193884,-0.10618031,0.45343699,0.75593551,0.4721826,1.0790312,1.0304978,3.96
20,13100,6.550000,0,1.5304502,0.10914282,0.17365312,0.23584239,-0.021917819,-0.057983725,0.074136136,-0.14197619,-0.17693012,0.17534198,-0.60029415,-0.47502571,0.64342638,0.87183048,-2.4721659,3.96
20,13100,6.550000,1,1.5304502,0.1921307,0.56121072,0.5682775,0.022167395,0.019883448,0.00059859164,-0.095257835,-0.017932462,0.18014933,-0.64265586,-0.76296636,-0.069826772,1.64068,-2.2708102,3.96
20,13100,6.550000,2,1.5304502,0.57005159,0.20732028,0.53212768,0.034194738,0.024141031,-0.0050381902,-0.028619693,0.22548981,-0.23098067,0.97230718,0.1116878,-0.20529148,1.7775578,0.11436758,3.96
20,13100,6.550000,3,1.5304502,0.59299699,0.60679488,0.16659271,0.0077463436,0.037051904,-0.010325591,-0.0021800046,-0.33694481,-0.21111628,-0.76608491,0.56235266,0.31124491,1.2542936,2.5083711,3.96
20,13100,6.550000,4,1.5304502,0.25678276,0.20972051,0.91648883,0.032093578,0.019095117,-0.042443667,0.029967101,-0.33035029,0.27898469,0.21744817,0.93845539,0.26836129,1.2991048,1.3431058,3.96
20,13100,6.550000,5,1.5304502,0.20151215,0.47353645,1.3737225,-0.048002736,-0.085444448,0.050293503,0.74834446,0.32387052,0.13449907,0.13178948,0.5826966,0.8019328,0.64027283,1.3483669,3.96
20,13100,6.550000,6,1.5304502,0.62753601,0.22193597,1.3611267,0.090162418,0.047830921,0.00018765572,-0.014281584,0.55856947,-0.05174515,0.4718466,0.66819323,0.57522047,0.95792268,0.95595281,3.96
20,13100,6.550000,7,1.5304502,0.61429079,0.64940998,0.92659951,-0.0090920433,0.089347422,0.050134923,0.053047784,0.059383791,0.02781187,-0.84056049,0.50751671,-0.189433,1.761381,2.5983957,3.96
20,13100,6.550000,8,1.5304502,0.15387376,0.98114407,0.2215688,-0.061356149,0.0041832353,0.0030264489,0.015279194,-0.13089589,0.051043679,-0.80476835,0.47752256,0.35259058,1.2104583,2.606065,3.96
20,13100,6.550000,9,1.5304502,0.19062999,1.3075405,0.57446198,-0.0068702037,-0.056900895,-0.051502898,0.34338546,-0.27909776,0.29785687,-0.004054852,0.19780573,0.98023286,0.1991613,1.5912926,3.96
20,13100,6.550000,10,1.5304502,0.5312163,0.95185378,0.5419266,-0.043236237,0.029401474,-0.028942007,0.48588185,0.079383906,0.084011886,-0.44332409,0.8920986,0.087314543,1.4833705,2.0319971,3.96
20,13100,6.550000,11,1.5304502,0.56552389,1.3802318,0.16298038,0.028966009,0.017743356,-0.041232393,-0.26824413,-0.19977964,0.11934649,-0.20386885,0.9444907,-0.25763309,1.8313681,1.7833853,3.96
20,13100,6.550000,12,1.5304502,0.14481811,0.97265453,0.96781124,-0.078525067,0.00012560633,0.0016047015,-0.34043133,0.26985132,-0.046642425,-0.47403569,-0.36416931,0.80166756,0.64071667,-2.4865249,3.96
20,13100,6.550000,13,1.5304502,0.24601525,1.4445925,1.2485819,0.083270146,0.074223275,-0.12842186,-0.022968333,-0.33198304,-0.38650807,0.88163101,-0.11010719,-0.45891521,2.0475702,-0.12424702,3.96
20,13100,6.550000,14,1.5304502,0.52798493,0.91686398,1.3043858,-0.053076627,-0.031589288,-0.019702437,-0.054698554,0.018295121,-0.11988785,0.41738523,0.66880031,-0.61522006,2.2334614,1.0128585,3.96
20,13100,6.550000,15,1.5304502,0.60987931,1.2576945,0.94047051,0.034872826,-0.062482494,-0.0108023,-0.25233673,0.21956107,-0.41493931,0.91932141,0.20517179,0.33578667,1.2283561,0.21957902,3.96
20,13100,6.550000,16,1.5304502,0.98381738,0.12465094,0.2582878,0.044037678,-0.053769771,0.039407057,0.30742065,-0.12365713,-0.044994563,0.54279573,0.20980238,0.81323782,0.62110173,0.36883351,3.96
20,13100,6.550000,17,1.5304502,0.95364559,0.62030274,0.5631951,-0.029774241,0.064412391,-0.0020801149,-0.12537116,0.1296907,0.22147062,-0.60616663,0.77250642,-0.18919791,1.7611416,2.2361228,3.96
20,13100,6.550000,18,1.5304502,1.3307583,0.19958568,0.62153945,0.00013546515,0.072113006,0.0065477177,-0.30908156,-0.088284279,0.11753554,-0.42735805,0.5579171,0.71140256,0.7793044,2.2244518,3.96
20,13100,6.550000,19,1.5304502,1.2563897,0.5707836,0.16999552,-0.058315382,-0.04290338,-0.055737156,-0.39642331,-0.0091596924,0.15238372,-0.090182967,0.92379055,0.37212639,1.1894974,1.6681107,3.96
20,13100,6.550000,20,1.5304502,0.91591942,0.12693454,0.94691804,-0.031133621,-0.05541669,0.046329951,0.072127883,-0.0042861842,-0.15307906,0.41075954,0.51161061,0.7546729,0.7156409,0.89430459,3.96
20,13100,6.550000,21,1.5304502,0.97188048,0.59560067,1.312871,0.01320773,0.062277579,-0.022578086,0.11214741,0.062081526,-0.10627386,-0.49532944,0.71634804,0.49142063,1.0570761,2.175771,3.96
20,13100,6.550000,22,1.5304502,1.3187633,0.18174039,1.3375584,-0.02331006,-0.065365952,-0.0063205878,-0.10709883,0.046284078,-0.094256787,0.6031054,-0.31151247,0.73431863,0.74613397,-0.47677148,3.96
20,13100,6.550000,23,1.5304502,1.3835329,0.56045464,0.99368672,0.024115218,0.03008757,0.10678966,-0.11690087,0.07589301,-0.071177271,-0.23685996,-0.42767082,0.87235029,0.51080694,-2.0765807,3.96
20,13100,6.550000,24,1.5304502,0.90154565,0.98787769,0.14636551,-0.034955356,0.053619064,-0.053115049,0.13613493,-0.2382483,0.10755839,-0.52799796,0.38284501,0.75805531,0.71047018,2.5142267,3.96
20,13100,6.550000,25,1.5304502,0.92846738,1.2184798,0.58328178,-0.049110713,-0.085260023,0.0041736049,0.01318582,-0.0058579945,0.20799118,-0.65512798,0.75550378,-0.0046227027,1.575419,2.2851576,3.96
20,13100,6.550000,26,1.5304502,1.3182388,0.87858567,0.57403314,-0.036328583,-0.070318623,-0.015582932,-0.14201279,0.24788167,-0.11740636,0.19203111,-0.38916365,0.90093047,0.44888744,-1.1124059,3.96
20,13100,6.550000,27,1.5304502,1.2932752,1.3398117,0.25295759,-0.094906506,-0.039823181,0.037236305,0.060543083,-0.27032603,0.17325774,-0.3022081,-0.39391687,0.86804364,0.51954808,-2.225207,3.96
20,13100,6.550000,28,1.5304502,1.0305917,0.94995658,1.0027707,0.079987502,0.011631484,0.083239843,-0.15219299,0.059359324,-0.050334026,0.92421909,-0.11554212,0.36396303,1.1982771,-0.12437069,3.96
20,13100,6.550000,29,1.5304502,1.0160736,1.3532964,1.3397156,0.081429437,-0.058137117,-0.029768398,0.26793218,0.0059622701,-0.2359055,0.032444664,0.1392564,0.98972471,0.14347778,1.3418947,3.96
20,13100,6.550000,30,1.5304502,1.3954307,1.0834948,1.381269,0.035959738,0.089930715,0.049279427,0.10592594,-0.16917718,0.029185225,0.034648286,0.96763212,-0.24997514,1.8234509,1.5350043,3.96
20,13100,6.550000,31,1.5304502,1.354942,1.377174,0.95932134,0.067775541,0.017447183,-0.029642469,-0.12191554,0.28573113,-0.03211207,0.15779017,0.96799869,0.19514302,1.3743931,1.4092109,3.96
21,13200,6.600000,0,1.5304502,0.11116933,0.16237494,0.24215325,-0.019891311,-0.069261907,0.080446999,0.19683824,-0.23844668,0.0090431203,-0.68441161,-0.388056,0.61724654,0.90555815,-2.6257973,3.96
21,13200,6.600000,1,1.5304502,0.18853018,0.56206962,0.57850301,0.018566872,0.02074235,0.01082411,-0.052436283,0.082616194,0.21333507,-0.13339935,-0.91732485,-0.37512628,1.9553293,-1.7152062,3.96
21,13200,6.600000,2,1.5304502,0.56488424,0.2213896,0.51892829,0.029027395,0.038210359,-0.018237582,-0.069348071,0.29149827,-0.29470497,0.97042594,0.24117389,-0.010423523,1.58122,0.24358876,3.96
21,13200,6.600000,3,1.5304502,0.59489314,0.59453651,0.16154239,0.0096425009,0.02479354,-0.015375919,0.062293466,-0.13125661,0.11287565,-0.82583985,0.51402893,0.23186806,1.3367987,2.5848423,3.96
21,13200,6.600000,4,1.5304502,0.25806537,0.20327343,0.92338215,0.033376194,0.012648031,-0.035550353,-0.014747812,0.087301039,0.0076444718,0.60372969,0.69016788,0.39897212,1.1604007,0.85210356,3.96
21,13200,6.600000,5,1.5304502,0.23519187,0.48778913,1.3773846,-0.014323023,-0.071191767,0.053955655,0.60895746,0.20013333,-0.04104884,0.63921483,0.22652824,0.73490772,0.74526572,0.34057606,3.96
21,13200,6.600000,6,1.5304502,0.62663741,0.24673325,1.3554788,0.089263819,0.0726282,-0.0054602084,-0.0050834478,0.39303677,-0.24909862,0.36498189,0.78418688,0.50183579,1.0450765,1.1351875,3.96
21,13200,6.600000,7,1.5304502,0.61789403,0.64737804,0.92542738,-0.005488806,0.087315477,0.048962791,0.03893301,-0.051087597,-0.02030506,-0.72379401,0.66307951,-0.19091305,1.7628885,2.3999445,3.96
21,13200,6.600000,8,1.5304502,0.15932786,0.97019746,0.21889201,-0.055902054,-0.0067633749,0.0003496546,0.24482015,-0.28838629,-0.072425247,-0.57340069,0.39366815,0.71849637,0.76915827,2.5399508,3.96
21,13200,6.600000,9,1.5304502,0.20503886,1.3049848,0.59114983,0.0075386628,-0.059456635,-0.034815055,0.25967855,0.11894928,0.35126473,-0.33234095,0.064382161,0.94095932,0.34534324,2.9502397,3.96
21,13200,6.600000,10,1.5304502,0.55486959,0.95319626,0.5442117,-0.019582952,0.030743947,-0.026656901,0.39182116,0.0082869493,-0.083834129,-0.35291582,0.78059199,0.51587457,1.0287681,1.9954061,3.96
21,13200,6.600000,11,1.5304502,0.54381609,1.3703401,0.16986527,0.0072582094,0.0078516511,-0.0343475,-0.53912388,-0.21036041,0.19685034,-0.4762862,0.81955975,-0.31854871,1.8949944,2.0972393,3.96
21,13200,6.600000,12,1.5304502,0.13166275,0.98144834,0.96772454,-0.09168043,0.008919416,0.0015179924,-0.14874608,0.14667581,0.037366736,-0.77449278,0.047889842,0.63076739,0.88825457,3.0798375,3.96
21,13200,6.600000,13,1.5304502,0.24254627,1.4206238,1.2382753,0.079801171,0.050254643,-0.13872847,-0.094365518,-0.59105171,-0.067861263,0.99443128,-0.02040713,-0.10339235,1.6743738,-0.020518528,3.96
21,13200,6.600000,14,1.5304502,0.52502988,0.9189341,1.3013347,-0.056031669,-0.029519173,-0.022753554,0.005444298,0.03616957,-0.031956802,-0.13927276,0.87087077,-0.47136737,2.0616369,1.7293771,3.96
21,13200,6.600000,15,1.5304502,0.59901075,1.268683,0.92863218,0.024004267,-0.051493942,-0.022640626,-0.12837552,0.19391237,-0.13236413,0.85884623,0.093325262,0.50366016,1.042966,0.10823884,3.96
21,13200,6.600000,16,1.5304502,0.99041649,0.11995364,0.25355888,0.050636787,-0.058467068,0.034678135,-0.14185484,-0.043259202,-0.14502539,0.5308824,0.27149087,0.80278053,0.63885246,0.47272239,3.96
21,13200,6.600000,17,1.5304502,0.94588035,0.62269714,0.57275601,-0.037539481,0.066806794,0.0074807958,-0.17042131,-0.04471006,0.1637296,-0.53348129,0.84295584,-0.06944904,1.6403013,2.1350348,3.96
21,13200,6.600000,18,1.5304502,1.3149693,0.19924888,0.63480924,-0.015653578,0.071776201,0.019817515,-0.35706505,0.092478058,0.34159049,-0.57073975,0.68531438,0.45232769,1.1014228,2.2652283,3.96
21,13200,6.600000,19,1.5304502,1.2401187,0.56917955,0.17518817,-0.074586398,-0.044507428,-0.050544498,-0.31991839,-0.080394093,0.054638327,0.053726226,0.95624383,0.2875956,1.2790809,1.5146707,3.96
21,13200,6.600000,20,1.5304502,0.92022043,0.13062933,0.93873856,-0.026832612,-0.051721908,0.038150474,0.069494265,0.1128973,-0.23252603,0.11707155,0.30904975,0.94381275,0.33681285,1.2086884,3.96
21,13200,6.600000,21,1.5304502,0.97448896,0.60098583,1.3056072,0.015816209,0.067662735,-0.029841835,0.042131109,0.16259092,-0.10594001,-0.43104148,0.71803802,0.54646559,0.99265821,2.1114397,3.96
21,13200,6.600000,22,1.5304502,1.3149797,0.18545027,1.3323457,-0.027093658,-0.061656068,-0.011533275,-0.095424527,0.10039915,-0.064363463,0.67022751,-0.15941262,0.72483288,0.76000455,-0.23350969,3.96
21,13200,6.600000,23,1.5304502,1.3809654,0.56420354,0.99027973,0.021547787,0.033836472,0.10338267,-0.02498673,0.08817442,-0.054409756,-0.16802955,-0.71936579,0.67400217,0.8311832,-1.8002623,3.96
21,13200,6.600000,24,1.5304502,0.91147107,0.97610899,0.15209591,-0.02502994,0.041850355,-0.047384641,0.28727316,-0.22331889,0.14807865,-0.41789945,0.5354706,0.73391504,0.74672834,2.2334924,3.96
21,13200,6.600000,25,1.5304502,0.92476892,1.2194486,0.59640726,-0.052809172,-0.08429121,0.017299078,-0.12592943,0.076031993,0.21479408,-0.60694454,0.76972732,-0.1978337,1.7699438,2.2384973,3.96
21,13200,6.600000,26,1.5304502,1.3169703,0.89320567,0.56449218,-0.037597051,-0.05569863,-0.025123887,0.043279664,0.31381924,-0.20747619,0.23941986,-0.38959822,0.88932073,0.47493876,-1.0197613,3.96
21,13200,6.600000,27,1.5304502,1.3011946,1.3191744,0.25772591,-0.086987061,-0.060460491,0.042004627,0.17805008,-0.56138477,0.065339379,-0.12282006,-0.57626426,0.80798189,0.63007742,-1.7807858,3.96
21,13200,6.600000,28,1.5304502,1.0226393,0.95545963,0.99804299,0.072035048,0.017134529,0.078512103,-0.20500738,0.085171192,-0.11019285,0.80528068,-0.30106306,0.51076811,1.0347183,-0.35777175,3.96
21,13200,6.600000,29,1.5304502,1.0224827,1.3515295,1.3279243,0.08783844,-0.059904031,-0.041559689,0.059356118,-0.11857814,-0.18003202,0.0073646871,0.18256059,0.98316702,0.18374121,1.5304771,3.96
21,13200,6.600000,30,1.5304502,1.3985088,1.0735507,1.3842344,0.039037895,0.079986612,0.05224477,0.08750681,-0.24265961,0.10014746,0.30554088,0.89274858,-0.33112649,1.9082935,1.2410447,3.96
21,13200,6.600000,31,1.5304502,1.3489759,1.3902474,0.95978243,0.061809467,0.030520553,-0.029181382,-0.085590137,0.19526109,0.058774948,-0.14423591,0.98817051,0.052106157,1.5186666,1.7157354,3.96
22,13300,6.650000,0,1.5361829,0.11900754,0.15259968,0.24298532,-0.012483362,-0.079626018,0.080372162,0.018043531,-0.14832749,0.014557704,-0.70038742,-0.34727336,0.62358534,0.89747569,-2.6812863,3.96
22,13300,6.650000,1,1.5361829,0.18699925,0.56613077,0.5900761,0.016333928,0.022694462,0.020212708,-0.0008301108,0.036345405,0.1680757,0.32339964,-0.78676336,-0.52575287,2.1243963,-1.1807999,3.96
22,13300,6.650000,2,1.5361829,0.56315153,0.23772448,0.50643541,0.025185937,0.053687025,-0.032647311,-0.10841346,0.3804869,-0.29082774,0.89716763,0.38005907,0.2250452,1.3438069,0.40070206,3.96
22,13300,6.650000,3,1.5361829,0.60593246,0.59710006,0.18198788,0.018437048,0.025129459,0.0044274516,0.2796486,0.043479631,0.61839843,-0.80229116,0.58859964,0.099394997,1.4712369,2.508639,3.96
22,13300,6.650000,4,1.5361829,0.25576348,0.21683979,0.92180214,0.030113742,0.02542909,-0.040579731,-0.12385729,0.35860724,-0.16753429,0.88182117,0.12241578,0.45541827,1.0979543,0.13793996,3.96
22,13300,6.650000,5,1.5361829,0.25272037,0.50303236,1.3720763,0.0022934381,-0.057800724,0.043507508,0.05936952,0.29930124,-0.32868179,0.83822423,-0.075177027,0.54011902,1.0002178,-0.089446746,3.96
22,13300,6.650000,6,1.5361829,0.63891981,0.25657377,1.34234,0.099180443,0.081527873,-0.0236424,0.37782886,0.0075044047,-0.43383172,0.5252932,0.79806956,0.29521523,1.2711155,0.98867485,3.96
22,13300,6.650000,7,1.5361829,0.61467225,0.64204624,0.92945032,-0.011014737,0.079573223,0.049518258,-0.16200676,-0.28928115,0.021492931,-0.53403577,0.80156283,-0.26889185,1.8430387,2.1585057,3.96
22,13300,6.650000,8,1.5361829,0.17376934,0.9538646,0.21438765,-0.042083209,-0.026693115,-0.0049646862,0.31232601,-0.41782346,-0.14227781,-0.23899992,0.21353111,0.9472505,0.32625111,2.412416,3.96
22,13300,6.650000,9,1.5361829,0.21478567,1.3222713,0.6091527,0.01650069,-0.047081406,-0.019055953,0.070435667,0.31832315,0.30130601,-0.54399307,-0.035101322,0.83835519,0.57653745,-3.0771567,3.96
22,13300,6.650000,10,1.5361829,0.56592577,0.95663181,0.53552364,-0.010621933,0.030609303,-0.037363439,0.072523329,0.022116668,-0.29071897,-0.34820332,0.43310139,0.83137094,0.58922621,2.2479572,3.96
22,13300,6.650000,11,1.5361829,0.52090894,1.35987,0.18150733,-0.017639406,-0.0077223066,-0.023362253,-0.4327951,-0.35404204,0.23246066,-0.74791139,0.62117208,-0.23403804,1.8070253,2.4485038,3.96
22,13300,6.650000,12,1.5361829,0.13171021,0.99072836,0.97016319,-0.092125315,0.014512701,0.00033399285,0.086991166,0.011342726,-0.025427101,-0.87149908,0.427744,0.2398425,1.3285927,2.6853208,3.96
22,13300,6.650000,13,1.5361829,0.23711224,1.3969041,1.247003,0.073470449,0.02126781,-0.13464664,-0.13927873,-0.46562146,0.13745689,0.9897542,0.028654597,0.13987685,1.4304593,0.028943141,3.96
22,13300,6.650000,14,1.5361829,0.52739969,0.92322633,1.3080302,-0.055629257,-0.028670638,-0.020935941,-0.047100301,-0.011017083,0.10606304,-0.62680144,0.76940332,-0.12303852,1.6941474,2.2544121,3.96
22,13300,6.650000,15,1.5361829,0.60175493,1.2867691,0.92809128,0.024503753,-0.03818498,-0.02665247,0.12862335,0.24584518,0.059922168,0.84608867,-0.0070326035,0.53299579,1.0086591,-0.0083117075,3.96
22,13300,6.650000,16,1.5361829,0.9828135,0.11940773,0.24795256,0.039345035,-0.05946044,0.02813428,-0.29805809,-0.028780684,-0.086424598,0.53342674,0.46949248,0.70358562,0.79036553,0.72173615,3.96
22,13300,6.650000,17,1.5361829,0.94377233,0.61927984,0.58433998,-0.04318,0.061067741,0.016901733,-0.036235647,-0.14727857,0.16673501,-0.43159589,0.89949582,0.068060657,1.502683,2.0181698,3.96
22,13300,6.650000,18,1.5361829,1.3031932,0.20820168,0.65151944,-0.032324087,0.079967355,0.034123121,-0.2507923,0.22633913,0.1592822,-0.5364715,0.81984043,0.20014997,1.3692853,2.1502311,3.96
22,13300,6.650000,19,1.5361829,1.2323632,0.56925797,0.17727226,-0.086963937,-0.046557185,-0.049119286,-0.13620297,0.011321795,-0.029244836,0.15670568,0.97717974,-0.14339832,1.7146907,1.4117849,3.96
22,13300,6.650000,20,1.5361829,0.92555533,0.13947662,0.92908103,-0.02494817,-0.043379519,0.025001223,-0.078048113,0.19068025,-0.31611315,-0.1445164,0.17273861,0.97430816,0.22716785,2.2674706,3.96
22,13300,6.650000,21,1.5361829,0.9790877,0.60964666,1.3031495,0.016762971,0.074060456,-0.037176404,-0.013661955,0.10868918,-0.18898147,-0.36440451,0.63956349,0.676881,0.82727923,2.0886917,3.96
22,13300,6.650000,22,1.5361829,1.3197098,0.1939209,1.3389062,-0.027288852,-0.053894603,-0.0099663868,0.020911146,0.17772102,0.10363752,0.63761691,0.087494272,0.76536882,0.69918213,0.13636909,3.96
22,13300,6.650000,23,1.5361829,1.383169,0.56990899,0.99432215,0.01858406,0.037421842,0.1037151,-0.11144516,0.055375267,-0.021535289,0.023077145,-0.8662406,0.49909384,1.0482436,-1.5441621,3.96
22,13300,6.650000,24,1.5361829,0.93012372,0.96748304,0.16046128,-0.0098198831,0.029591045,-0.039603538,0.30461941,-0.21773417,0.14211272,-0.3594821,0.61590409,0.70102409,0.79396381,2.0991187,3.96
22,13300,6.650000,25,1.5361829,0.92427456,1.2369121,0.60165549,-0.056760116,-0.071419602,0.020307684,0.016501387,0.38865033,-0.082452143,-0.52433205,0.82381481,-0.21541836,1.7879166,2.1376001,3.96
22,13300,6.650000,26,1.5361829,1.3269074,0.90600912,0.56009865,-0.032602421,-0.046258569,-0.031619731,0.1370692,0.079367978,0.037573571,0.11398887,-0.32223725,0.93977109,0.34883636,-1.2307917,3.96
22,13300,6.650000,27,1.5361829,1.3167829,1.3026295,0.25423899,-0.076292722,-0.081906607,0.037560636,0.23380009,-0.26825843,-0.15748384,0.10211861,-0.68056778,0.72553379,0.7589866,-1.4218583,3.96
22,13300,6.650000,28,1.5361829,1.0157101,0.95637291,1.0018299,0.061295388,0.01447385,0.078560514,-0.20762649,-0.11759128,0.11266044,0.80521223,-0.34385593,0.48311113,1.0665918,-0.40359528,3.96
22,13300,6.650000,29,1.5361829,1.0246271,1.3529607,1.327551,0.086156034,-0.063528556,-0.04689716,-0.14410554,-0.088827618,-0.048820473,0.040351622,0.20252486,0.97844541,0.20800225,1.3741289,3.96
22,13300,6.650000,30,1.5361829,1.4098221,1.0636932,1.4005749,0.045101361,0.066133701,0.063379425,0.13823511,-0.40106126,0.24279816,0.63045966,0.7239094,-0.28013533,1.8547314,0.8542877,3.96
22,13300,6.650000,31,1.5361829,1.3508647,1.3991028,0.96454688,0.058651185,0.034161637,-0.028014237,-0.0090633728,-0.039600015,0.074489488,-0.26800645,0.95619954,0.11770717,1.4528156,1.8440674,3.96
23,13400,6.700000,0,1.5401995,0.12058919,0.15036109,0.24284808,-0.011214533,-0.082260163,0.0796006,-0.016766088,0.036447544,-0.073711177,-0.55311266,-0.37483919,0.74401745,0.73173322,-2.545997,3.96
23,13400,6.700000,1,1.5401995,0.18894082,0.57012457,0.59782849,0.017784665,0.025204747,0.026414151,0.022160941,0.060116727,0.037725859,0.59543553,-0.6448494,-0.47919285,2.0705312,-0.82521784,3.96
23,13400,6.700000,2,1.5401995,0.56027811,0.25421345,0.49606399,0.020845733,0.069533742,-0.044327635,-0.055482877,0.11302565,-0.18305714,0.73716958,0.48321535,0.47231762,1.078878,0.58023259,3.96
23,13400,6.700000,3,1.5401995,0.62301375,0.59886543,0.20991774,0.033913821,0.025333348,0.03184568,0.40504441,0.11397108,0.38953224,-0.70140974,0.71275323,-0.0026847192,1.573481,2.3481733,3.96
23,13400,6.700000,4,1.5401995,0.24712888,0.22743304,0.91825982,0.020822538,0.035442299,-0.046524489,-0.15753145,0.083628648,-0.12668189,0.84141504,-0.39134277,0.37265476,1.1889281,-0.43534051,3.96
23,13400,6.700000,5,1.5401995,0.24671067,0.52354121,1.3564829,-0.0043683384,-0.038632153,0.024351623,-0.30602988,0.42522712,-0.40799763,0.8898474,-0.15998217,0.42729067,1.1293023,-0.17788572,3.96
23,13400,6.700000,6,1.5401995,0.65980004,0.24981111,1.3286987,0.11836506,0.074104057,-0.040771098,0.29673326,-0.29587616,-0.29050562,0.75356164,0.64833336,0.10866788,1.4619134,0.7104772,3.96
23,13400,6.700000,7,1.5401995,0.60413334,0.62538636,0.93504419,-0.023144969,0.061258529,0.052677809,-0.27490801,-0.45331617,0.079025256,-0.33706655,0.89440264,-0.29398988,1.8691948,1.9311986,3.96
23,13400,6.700000,8,1.5401995,0.19157132,0.9336884,0.21146733,-0.024758196,-0.049333785,-0.0084410154,0.35756436,-0.43333833,0.023998841,0.022571823,0.057019306,0.99811788,0.061362954,1.1938616,3.96
23,13400,6.700000,9,1.5401995,0.22028168,1.3445045,0.622271,0.021428676,-0.02832999,-0.0075454024,0.095506049,0.42640302,0.22334712,-0.59728839,0.034838616,0.80126952,0.64138224,3.0833307,3.96
23,13400,6.700000,10,1.5401995,0.56534244,0.96153247,0.52841041,-0.012682274,0.033005568,-0.045865781,-0.10660566,0.081094041,-0.03107031,-0.33291715,0.082658026,0.93932626,0.35013544,2.8982296,3.96
23,13400,6.700000,11,1.5401995,0.50101346,1.3446752,0.19435615,-0.038869168,-0.026448197,-0.011004151,-0.41100993,-0.35052126,0.2435261,-0.87752798,0.47481892,-0.067019624,1.6378662,2.6456182,3.96
23,13400,6.700000,12,1.5401995,0.14234671,0.99218003,0.97093361,-0.081846611,0.01337544,-0.0014299317,0.31536914,-0.087781087,-0.029777966,-0.81029965,0.54667648,-0.21109073,1.783487,2.5480768,3.96
23,13400,6.700000,13,1.5401995,0.23590653,1.3814344,1.2626049,0.071647156,0.0021706077,-0.12232137,0.060301459,-0.32499099,0.30663271,0.88862536,0.1000825,0.44758068,1.1067383,0.11215359,3.96
23,13400,6.700000,14,1.5401995,0.52761225,0.92495392,1.3220768,-0.05679415,-0.029356078,-0.01032322,-0.019302315,-0.045220144,0.22976876,-0.86984161,0.4798117,0.11470092,1.4558424,2.6375156,3.96
23,13400,6.700000,15,1.5401995,0.615858,1.3011615,0.94063606,0.037017105,-0.027171347,-0.016547532,0.33865613,0.25170196,0.27601434,0.8642967,-0.047604214,0.50072453,1.0463607,-0.055022961,3.96
23,13400,6.700000,16,1.5401995,0.96441746,0.11561798,0.24066154,0.018406618,-0.063557049,0.020205294,-0.52603412,-0.11173839,-0.15647414,0.57082013,0.64251149,0.51121753,1.0341955,0.84441592,3.96
23,13400,6.700000,17,1.5401995,0.94257023,0.61359076,0.58750962,-0.046844966,0.053768985,0.018541391,-0.12917803,-0.11160068,-0.035925233,-0.25571785,0.96357649,0.078286225,1.4924299,1.8302009,3.96
23,13400,6.700000,18,1.5401995,1.303911,0.22628262,0.65245408,-0.035010213,0.097481047,0.033355258,0.099336629,0.40314486,-0.17491492,-0.41743437,0.90208602,0.10949596,1.4610804,2.004197,3.96
23,13400,6.700000,19,1.5401995,1.2359771,0.57002958,0.17547467,-0.086572796,-0.047273058,-0.051377437,0.16492837,-0.10650113,0.042611808,0.15177301,0.79961029,-0.58102353,2.190782,1.383219,3.96
23,13400,6.700000,20,1.5401995,0.92017753,0.15222527,0.91808569,-0.032735805,-0.031011702,0.011594156,-0.22632166,0.3116035,-0.17014327,-0.11900901,0.19925642,0.97269406,0.2342269,2.1092028,3.96
23,13400,6.700000,21,1.5401995,0.98004319,0.61179031,1.2960136,0.015160575,0.074609371,-0.047705764,-0.11640832,-0.10138361,-0.14478972,-0.24490672,0.61002553,0.75358446,0.71729827,1.952569,3.96
23,13400,6.700000,22,1.5401995,1.3290408,0.20304792,1.3478681,-0.021416068,-0.045285859,-0.0045124003,0.18493599,0.15346217,0.23265588,0.52938781,0.27930344,0.8010856,0.64168959,0.48548071,3.96
23,13400,6.700000,23,1.5401995,1.3773342,0.57371054,0.99439065,0.0091450731,0.039730265,0.10118709,-0.20705903,0.084670033,-0.033373951,0.29919953,-0.90884794,0.29064593,1.2758945,-1.2527636,3.96
23,13400,6.700000,24,1.5401995,0.94541409,0.96625118,0.16694682,0.0030217665,0.025834451,-0.033545455,0.227195,0.063030653,0.16491612,-0.33247411,0.69908502,0.63304115,0.88532086,2.0147216,3.96
23,13400,6.700000,25,1.5401995,0.92928784,1.2627231,0.59153202,-0.054166889,-0.048872142,0.0086263403,0.10659555,0.47936486,-0.39310903,-0.43183781,0.89615074,-0.10212718,1.6731019,2.0198438,3.96
23,13400,6.700000,26,1.5401995,1.339129,0.90614467,0.56628671,-0.023861646,-0.048489008,-0.026902304,0.20468498,-0.14178253,0.10846784,-0.062721293,-0.14242145,0.98781687,0.15625586,-1.9856317,3.96
23,13400,6.700000,27,1.5401995,1.3290883,1.3008311,0.24306658,-0.067441852,-0.08710421,0.025738913,0.2172577,0.03572152,-0.23574637,0.28819884,-0.76761837,0.5724539,0.96130079,-1.2116352,3.96
23,13400,6.700000,28,1.5401995,1.0088846,0.9567472,1.0088953,0.051826492,0.01235032,0.083000619,-0.24948578,0.08157996,-0.038473563,0.94718426,-0.16875913,0.2726946,1.2946037,-0.1763191,3.96
23,13400,6.700000,29,1.5401995,1.0192595,1.3508794,1.3324551,0.078119934,-0.069140106,-0.045465988,-0.15528334,-0.17066006,0.11236218,0.20772199,0.2061698,0.9562142,0.29701556,0.78164796,3.96
23,13400,6.700000,30,1.5401995,1.4130519,1.0471348,1.4132799,0.04464557,0.046819363,0.072410651,-0.084136858,-0.39219876,0.067351344,0.81463506,0.57386293,-0.08397062,1.6548659,0.61370078,3.96
23,13400,6.700000,31,1.5401995,1.3554968,1.3999635,0.9698755,0.0597498,0.03136779,-0.025211236,-0.0015406978,-0.073566823,-0.011198183,-0.26935885,0.89737571,0.34951773,1.21374,1.8624025,3.96
24,13500,6.750000,0,1.5344067,0.11934288,0.15562602,0.23940307,-0.012008793,-0.0764187,0.077064193,0.029783198,0.19511299,-0.028859276,-0.22389469,-0.29693584,0.92827812,0.38104068,-2.2168634,3.96
24,13500,6.750000,1,1.5344067,0.19248444,0.5787373,0.59775218,0.022046942,0.035982087,0.028590435,0.10186977,0.43163772,0.052335923,0.6626788,-0.63248916,-0.40101655,1.9834226,-0.76209295,3.96
24,13500,6.750000,2,1.5344067,0.55506839,0.24977744,0.49414661,0.017737425,0.066047287,-0.044379359,-0.019325171,-0.31825152,0.15836471,0.59622772,0.45489487,0.66150069,0.84797826,0.65174084,3.96
24,13500,6.750000,3,1.5344067,0.64164706,0.60252961,0.21857595,0.054929944,0.031261097,0.041311249,0.36295741,0.19592363,-0.067526128,-0.67188369,0.73778764,-0.065128473,1.6359709,2.3094772,3.96
24,13500,6.750000,4,1.5344067,0.23642683,0.23349541,0.91359525,0.011031521,0.042373129,-0.04773768,-0.22007619,0.10525667,-0.01398132,0.69225358,-0.70226204,0.16617163,1.4038503,-0.79257506,3.96
24,13500,6.750000,5,1.5344067,0.22983589,0.54110648,1.3331245,-0.020345312,-0.019060915,0.0060605898,-0.31759767,0.32255147,-0.3170569,0.89937586,-0.26115648,0.35059999,1.2125846,-0.28260351,3.96
24,13500,6.750000,6,1.5344067,0.66758433,0.22545168,1.3102484,0.12865031,0.050639978,-0.054249439,0.078048993,-0.55490495,-0.22354124,0.87413248,0.42820125,0.22920756,1.3395328,0.45550156,3.96
24,13500,6.750000,7,1.5344067,0.58327295,0.59978017,0.9373996,-0.041768238,0.03796058,0.058561103,-0.32146261,-0.41308434,0.19748588,-0.16503562,0.98291858,-0.081451319,1.652338,1.7371483,3.96
24,13500,6.750000,8,1.5344067,0.20642628,0.91134875,0.2100302,-0.0091533151,-0.068197276,-0.0090840084,0.23811559,-0.43331209,-0.029947107,0.10224672,-0.028364717,0.99435459,0.10630833,-0.2706095,3.96
24,13500,6.750000,9,1.5344067,0.22548736,1.3547373,0.63174317,0.027474257,-0.013011537,0.0042894849,0.068124284,0.17227116,0.33142248,-0.53336095,0.40498555,0.74263908,0.73379379,2.4921606,3.96
24,13500,6.750000,10,1.5344067,0.55372306,0.96808868,0.52984985,-0.022193261,0.043197403,-0.042432464,-0.16383083,0.28184615,0.16570972,-0.36089784,-0.11980039,0.9248787,0.39007983,-2.8210867,3.96
24,13500,6.750000,11,1.5344067,0.4792871,1.3180861,0.20264652,-0.058748624,-0.048020498,-0.0019657557,-0.33944949,-0.48875794,0.14969673,-0.88159637,0.4185501,0.21818261,1.3508445,2.698337,3.96
24,13500,6.750000,12,1.5344067,0.16417687,0.97771411,0.97184616,-0.059438858,0.0026209524,0.0031430115,0.41421318,-0.25943808,0.11069138,-0.73507214,0.462408,-0.49583041,2.0895871,2.5800757,3.96
24,13500,6.750000,13,1.5344067,0.24031377,1.36262,1.2736875,0.076951653,-0.011473819,-0.10646006,0.14933376,-0.24867822,0.29848501,0.69581848,0.26659022,0.66690801,0.84074482,0.36588083,3.96
24,13500,6.750000,14,1.5344067,0.52463872,0.9203397,1.3325179,-0.057785134,-0.030493591,0.0051194662,0.010326916,-0.0080649019,0.40938526,-0.96756117,0.20556228,0.14686567,1.4233975,2.9322512,3.96
24,13500,6.750000,15,1.5344067,0.62794907,1.3066903,0.9537427,0.051451674,-0.016729146,0.00012836312,0.27690061,0.1319433,0.39842894,0.83281608,-0.19328263,0.51870916,1.0254559,-0.22804603,3.96
24,13500,6.750000,16,1.5344067,0.93558469,0.11182347,0.23262728,-0.0068464568,-0.066923051,0.013062733,-0.49924676,0.012260594,-0.15285208,0.54305907,0.75738827,0.36256014,1.1997828,0.94874166,3.96
24,13500,6.750000,17,1.5344067,0.93079964,0.60817035,0.58760021,-0.055085972,0.050650477,0.020846002,-0.19653296,-0.069776372,0.1526847,0.0010798107,0.99918869,0.040259191,1.5305263,1.5697156,3.96
24,13500,6.750000,18,1.5344067,1.3058516,0.24325359,0.63500363,-0.028152512,0.11533673,0.018330454,0.1616447,0.3632695,-0.40257847,-0.31041481,0.9453984,0.099320248,1.4713121,1.8880487,3.96
24,13500,6.750000,19,1.5344067,1.2442256,0.56002311,0.1776522,-0.073651351,-0.055150429,-0.048534576,0.32849016,-0.21422848,0.068589436,0.21942172,0.57753906,-0.78632229,2.4756298,1.2077146,3.96
24,13500,6.750000,20,1.5344067,0.90387973,0.16901773,0.90132868,-0.045596956,-0.013613925,-0.0017349445,-0.098171938,0.40502901,-0.30882821,0.15730249,0.39229024,0.90629151,0.43637083,1.1894411,3.96
24,13500,6.750000,21,1.5344067,0.97216265,0.60709513,1.2828802,0.010958165,0.072210681,-0.055980361,-0.059773759,-0.0093021329,-0.13726184,-0.22453133,0.66859957,0.70891488,0.78283785,1.8947862,3.96
24,13500,6.750000,22,1.5344067,1.3366475,0.208486,1.3558081,-0.0087869015,-0.039072382,0.0085216567,0.25849423,0.13028996,0.24460837,0.46857599,0.4135641,0.78064158,0.6751046,0.72311697,3.96
24,13500,6.750000,23,1.5344067,1.3636484,0.57933435,0.98765304,0.00062352702,0.047526546,0.098183831,-0.17600117,0.22782495,-0.12923923,0.55447771,-0.82771768,0.08624336,1.4844457,-0.98056725,3.96
24,13500,6.750000,24,1.5344067,0.9523812,0.96768833,0.17258718,0.013564536,0.03091535,-0.027265359,0.20662826,0.19959565,0.092258256,-0.32215007,0.77648581,0.54156174,0.99850257,1.9640659,3.96
24,13500,6.750000,25,1.5344067,0.93623384,1.2833603,0.56828806,-0.043706027,-0.023437792,-0.012432478,0.21511982,0.54399136,-0.4128897,-0.39536565,0.91667772,-0.058206115,1.6290354,1.9779934,3.96
24,13500,6.750000,26,1.5344067,1.3445671,0.89325431,0.56890579,-0.013367153,-0.057989164,-0.022144393,0.22062277,-0.22235218,0.081107085,-0.24274456,0.10782749,0.964079,0.26884248,2.7235712,3.96
24,13500,6.750000,27,1.5344067,1.3336042,1.3010151,0.23143832,-0.057909142,-0.082018082,0.015004628,0.17533844,0.17508146,-0.18450552,0.35830156,-0.8269505,0.43332767,1.1226145,-1.1619329,3.96
24,13500,6.750000,28,1.5344067,0.99296152,0.95667573,0.99831647,0.03967504,0.015883939,0.076203561,-0.25674473,-0.029244048,-0.17811709,0.96994184,0.19365508,0.14734498,1.4229129,0.19706514,3.96
24,13500,6.750000,29,1.5344067,1.0069321,1.3384793,1.3333868,0.069610038,-0.076473229,-0.039511589,-0.19067827,-0.15678557,0.08214216,0.3739916,0.048165494,0.92618053,0.38664197,0.1280826,3.96
24,13500,6.750000,30,1.5344067,1.3991108,1.0247383,1.4054367,0.036002749,0.028326424,0.069878202,-0.22013163,-0.4499473,-0.19791431,0.89836133,0.4374045,0.040301518,1.5304839,0.45310593,3.96
24,13500,6.750000,31,1.5344067,1.3447522,1.389544,0.96103217,0.05409266,0.026203952,-0.030416571,-0.21770493,-0.12488477,-0.22394369,-0.2191959,0.81111913,0.54225355,0.99767942,1.8347308,3.96
25,13600,6.800000,0,1.5565746,0.12426164,0.16722128,0.23972865,-0.0088369592,-0.06713836,0.073953364,0.082165815,0.18623578,-0.090575466,0.030558545,-0.048199173,0.99837018,0.057101025,-1.0057473,3.96
25,13600,6.800000,1,1.5565746,0.20675237,0.61261449,0.60657705,0.033452206,0.061316424,0.028778091,0.326124,0.46936086,-0.0251218,0.50554096,-0.76658157,-0.39595585,1.9779049,-0.98778949,3.96
25,13600,6.800000,2,1.5565746,0.56173343,0.23586675,0.51511795,0.016392905,0.048652751,-0.030645577,-0.09688802,-0.31325776,0.41727063,0.70183643,0.30805713,0.64228221,0.8733242,0.41361015,3.96
25,13600,6.800000,3,1.5565746,0.66756938,0.62268938,0.20965333,0.071463665,0.042634409,0.02931683,0.37835493,0.23347066,-0.3703201,-0.66645347,0.74434302,0.042346595,1.5284371,2.3010409,3.96
25,13600,6.800000,4,1.5565746,0.23311526,0.24443522,0.93044289,0.0043521458,0.049885697,-0.044114947,0.081631441,0.18393282,0.13256267,0.69215787,-0.71676923,0.084612948,1.4860821,-0.80286454,3.96
25,13600,6.800000,5,1.5565746,0.21833881,0.5615931,1.338736,-0.035057377,-0.0064820069,-0.0074907284,-0.32613513,0.17591351,-0.25013822,0.87652845,-0.45660902,0.15233544,1.4178655,-0.48025022,3.96
25,13600,6.800000,6,1.5565746,0.67472596,0.20050325,1.3266142,0.12616502,0.022635238,-0.056794809,-0.066964485,-0.60484126,0.10020465,0.8219829,0.072396528,0.56489189,0.9704941,0.087848779,3.96
25,13600,6.800000,7,1.5565746,0.5766556,0.5906933,0.96081239,-0.056705152,0.020334959,0.068360781,-0.28590849,-0.31441815,0.14209768,0.017795613,0.95802175,0.2861427,1.2805976,1.5522231,3.96
25,13600,6.800000,8,1.5565746,0.21441809,0.90126667,0.21178359,-0.0041794676,-0.091280277,-0.010355852,0.019875014,-0.39116337,-0.043533128,-0.10206958,-0.11539194,0.98806199,0.15467279,-2.2950079,3.96
25,13600,6.800000,9,1.5565746,0.23043565,1.3835832,0.65522418,0.029152836,-0.0038038728,0.018541338,-0.045219968,0.17588315,0.26856408,-0.3696273,0.73994259,0.56201478,0.97397666,2.034072,3.96
25,13600,6.800000,10,1.5565746,0.55613497,0.99473758,0.55706596,-0.027741328,0.055769929,-0.023010509,-0.027674943,0.20708798,0.57736791,-0.37888462,-0.059980249,0.92349814,0.39369451,-2.9845882,3.96
25,13600,6.800000,11,1.5565746,0.47010041,1.3157745,0.20880581,-0.074744966,-0.069222765,0.0012428454,-0.28917988,-0.35797025,0.008354436,-0.6913384,0.46057718,0.55670448,0.98038293,2.5539056,3.96
25,13600,6.800000,12,1.5565746,0.18659799,0.97419473,0.99093155,-0.039532397,-0.014898053,0.0081519888,0.31116464,-0.39710011,0.016117255,-0.70124022,0.3500618,-0.6210627,2.2408942,2.6785822,3.96
25,13600,6.800000,13,1.5565746,0.25023914,1.3678805,1.3037727,0.083359205,-0.025796697,-0.094859287,0.071383154,-0.25502397,0.14989067,0.48796206,0.48135148,0.72814406,0.75518601,0.77857841,3.96
25,13600,6.800000,14,1.5565746,0.53764652,0.93609595,1.3735708,-0.052395575,-0.028051222,0.026765835,0.20402838,0.059378013,0.49798148,-0.98399005,0.10292969,0.14549588,1.4247822,3.0373673,3.96
25,13600,6.800000,15,1.5565746,0.64144109,1.3310935,0.98839472,0.055840091,-0.011243357,0.020852803,-0.073180359,0.049930972,0.37092176,0.73141524,-0.40538188,0.54835871,0.99039605,-0.50609506,3.96
25,13600,6.800000,16,1.5565746,0.92708944,0.11592675,0.22292175,-0.028701578,-0.064453024,8.9425823e-05,-0.35930007,0.1278413,-0.32818951,0.40768459,0.85886592,0.31006873,1.255531,1.1276109,3.96
25,13600,6.800000,17,1.5565746,0.9356853,0.61215559,0.6064179,-0.063586831,0.045883519,0.031100951,-0.13991576,-0.079382269,0.21599358,0.19571535,0.9781982,-0.069453471,1.6403058,1.3733263,3.96
25,13600,6.800000,18,1.5565746,1.3337816,0.26382411,0.62208455,-0.019153002,0.13227146,-0.0036053558,0.15339397,0.3222753,-0.46525697,-0.2202367,0.97421003,0.049098019,1.5216786,1.7931261,3.96
25,13600,6.800000,19,1.5565746,1.2803985,0.55722015,0.18236429,-0.055583634,-0.065966602,-0.046404346,0.29976137,-0.20954306,0.061613245,0.18429,0.58513996,-0.78971414,2.4811392,1.2656807,3.96
25,13600,6.800000,20,1.5565746,0.91432596,0.19207373,0.89511417,-0.048190685,0.0068534436,-0.020834191,-0.12028143,0.36705607,-0.40132964,0.4807553,0.63191879,0.6079087,0.91737226,0.92042751,3.96
25,13600,6.800000,21,1.5565746,0.9847737,0.61443304,1.2990616,0.0095343566,0.070787945,-0.058316286,0.055237148,-0.10605731,0.023236575,-0.23017078,0.88265255,0.40981202,1.1485484,1.8258871,3.96
25,13600,6.800000,22,1.5565746,1.3660908,0.21905939,1.385295,0.0012733678,-0.031564882,0.018350393,0.12118892,0.12532072,0.13385141,0.5010527,0.45333074,0.73718209,0.7419059,0.73543686,3.96
25,13600,6.800000,23,1.5565746,1.3783203,0.6044739,0.99411123,-0.0043696634,0.064176899,0.090428785,-0.041562753,0.35529628,-0.21835125,0.717014,-0.68456569,0.13138015,1.4390353,-0.76225106,3.96
25,13600,6.800000,24,1.5565746,0.9763068,0.9911144,0.17917731,0.023658469,0.040293741,-0.023197814,0.15407469,0.20722662,0.1010749,-0.36135276,0.8293349,0.42617814,1.1305325,1.9817066,3.96
25,13600,6.800000,25,1.5565746,0.96291421,1.3249132,0.55818819,-0.030645325,-0.00058975003,-0.030612162,0.28112154,0.33630635,-0.31521012,-0.44424575,0.89533598,-0.031924949,1.6027267,2.0313814,3.96
25,13600,6.800000,26,1.5565746,1.3696261,0.90151349,0.58091878,-0.0077735276,-0.062601952,-0.018377536,0.026504992,0.034941035,0.017190979,-0.50237809,0.26371884,0.82344923,0.60333275,2.6581919,3.96
25,13600,6.800000,27,1.5565746,1.3569233,1.3271878,0.23056107,-0.053885779,-0.074693978,0.010813784,0.020486376,0.10980425,-0.019953356,0.23493708,-0.89513921,0.37885402,1.1822386,-1.3141266,3.96
25,13600,6.800000,28,1.5565746,0.9963058,0.97190602,1.0029067,0.028752107,0.017282873,0.066440905,-0.17257491,0.12816572,-0.19968779,0.85010816,0.4790804,0.21862774,1.3503884,0.51318846,3.96
25,13600,6.800000,29,1.5565746,1.0130118,1.3494743,1.3580144,0.06120256,-0.084756126,-0.034185972,-0.13062997,-0.14663793,0.13580595,0.44223753,-0.36111978,0.82098628,0.60766001,-0.6847658,3.96
25,13600,6.800000,30,1.5565746,1.4076028,1.0147805,1.4117692,0.024364995,0.0037403488,0.05600552,-0.23068522,-0.4884502,-0.38913686,0.96273263,0.248452,0.10685267,1.4637393,0.25255902,3.96
25,13600,6.800000,31,1.5565746,1.3523234,1.4026066,0.95868953,0.042320405,0.019241445,-0.046527926,-0.22690579,-0.19363317,-0.32898381,-0.24122199,0.70085978,0.67127306,0.83487133,1.902277,3.96
26,13700,6.850000,0,1.5537427,0.12677539,0.17431422,0.23590135,-0.0060946394,-0.059734455,0.070559112,0.042421871,0.061480645,0.0031100891,0.084109256,0.18691283,0.97876924,0.20642825,1.1479491,3.96
26,13700,6.850000,1,1.5537427,0.22957996,0.62827186,0.6060463,0.056677081,0.078103609,0.029351417,0.54320187,0.18013366,0.094278666,0.11312082,-0.89772765,-0.42578016,2.0106203,-1.445449,3.96
26,13700,6.850000,2,1.5537427,0.55691337,0.21982365,0.53230796,0.012591342,0.033024535,-0.012501892,-0.056786847,-0.291848,0.19852231,0.91213299,0.13058001,0.38853863,1.1717512,0.14219283,3.96
26,13700,6.850000,3,1.5537427,0.6898939,0.6326736,0.18902498,0.095024146,0.053761622,0.0090514543,0.55637033,0.22886283,-0.4572899,-0.60973068,0.72124355,0.32868867,1.2358816,2.2726068,3.96
26,13700,6.850000,4,1.5537427,0.23707486,0.25251308,0.93602123,0.0087398459,0.058416026,-0.036837224,0.088315784,0.13831253,0.15982084,0.85202713,-0.5109546,0.11390859,1.45664,-0.54019364,3.96
26,13700,6.850000,5,1.5537427,0.19685264,0.56712661,1.3290784,-0.056165544,7.9190283e-05,-0.014719301,-0.49083012,0.077979485,-0.088541933,0.70726176,-0.68916478,-0.15758395,1.7290399,-0.7724394,3.96
26,13700,6.850000,6,1.5537427,0.6680474,0.17285491,1.3302017,0.12070902,-0.004673181,-0.05078832,-0.12506152,-0.47502497,0.1201592,0.62559536,-0.23988169,0.74235249,0.73422163,-0.36615426,3.96
26,13700,6.850000,7,1.5537427,0.56456311,0.57230842,0.96504781,-0.067758594,0.0030089461,0.074349652,-0.17626529,-0.24659081,0.11817592,0.18667695,0.72164725,0.66661605,0.84113658,1.3176635,3.96
26,13700,6.850000,8,1.5537427,0.20935424,0.88184355,0.21049854,-0.0088574929,-0.10907993,-0.011256426,-0.13808292,-0.25330627,-0.029343858,-0.27879932,-0.061343823,0.95838816,0.28949498,-2.9250151,3.96
26,13700,6.850000,9,1.5537427,0.22676936,1.3855594,0.66991267,0.025902816,0.00069353611,0.034436354,-0.15043431,0.072432089,0.34285016,-0.21307323,0.92611087,0.31131728,1.2542174,1.7969342,3.96
26,13700,6.850000,10,1.5537427,0.55343501,1.0010422,0.58472964,-0.02943105,0.063891622,0.0056927724,0.033406857,0.13417835,0.59871906,-0.39238265,0.1826524,0.90148431,0.44760951,2.7059275,3.96
26,13700,6.850000,11,1.5537427,0.45734308,1.29555,0.21053112,-0.086657881,-0.087069741,0.0033499454,-0.23507782,-0.31310573,0.080038412,-0.28563931,0.4786973,0.83021628,0.59130076,2.1087868,3.96
26,13700,6.850000,12,1.5537427,0.20109875,0.95266718,0.99030723,-0.024678643,-0.034671251,0.0093315447,0.30471464,-0.41026755,0.042605136,-0.67738257,0.37839002,-0.63085168,2.2534467,2.6321661,3.96
26,13700,6.850000,13,1.5537427,0.24968193,1.356656,1.3113484,0.083257157,-0.034540528,-0.084902627,-0.050606341,-0.084876553,0.19648804,0.39187953,0.58398335,0.7109106,0.78000418,0.97976819,3.96
26,13700,6.850000,14,1.5537427,0.54933455,0.9386974,1.3927121,-0.039717854,-0.023742808,0.048425822,0.34959806,0.10563353,0.27175128,-0.98450621,0.16354563,0.063248353,1.5075057,2.9769764,3.96
26,13700,6.850000,15,1.5537427,0.62953586,1.3308729,1.0037323,0.045092051,-0.0090402106,0.038004146,-0.3495575,-0.010767275,0.31578339,0.64325986,-0.47035665,0.60413688,0.92211402,-0.63136524,3.96
26,13700,6.850000,16,1.5537427,0.91157389,0.11994813,0.20463419,-0.042543085,-0.060216881,-0.017808873,-0.21277556,0.11102178,-0.44421286,0.42923854,0.88686268,0.17096451,1.3989878,1.1200332,3.96
26,13700,6.850000,17,1.5537427,0.92803843,0.61051716,0.60822761,-0.06953682,0.045358306,0.034016567,-0.065238766,0.036296352,-0.087159647,0.36142099,0.92123159,-0.14390007,1.7151977,1.1969249,3.96
26,13700,6.850000,18,1.5537427,1.3377592,0.27754746,0.60299399,-0.01274306,0.14648773,-0.021580519,0.14066315,0.22275997,-0.23937272,-0.18958423,0.97592945,-0.10779388,1.6788001,1.7626668,3.96
26,13700,6.850000,19,1.5537427,1.2895039,0.55026443,0.18605798,-0.044138334,-0.071913989,-0.042375207,0.21583119,-8.9311696e-05,0.056657717,0.018051937,0.67735731,-0.73543266,2.3971013,1.5441521,3.96
26,13700,6.850000,20,1.5537427,0.91082062,0.21395506,0.87897436,-0.050034271,0.029104478,-0.035358746,0.003787388,0.41577346,-0.10848973,0.48448277,0.82553263,0.2894345,1.2771603,1.040085,3.96
26,13700,6.850000,21,1.5537427,0.99294297,0.6017986,1.3009527,0.019504304,0.059260843,-0.054057939,0.25227884,-0.27904985,0.12020629,-0.20211278,0.97839703,0.043470512,1.5273121,1.7745063,3.96
26,13700,6.850000,22,1.5537427,1.3681355,0.22222147,1.3854731,0.0058075194,-0.02800103,0.021051181,0.023254748,0.055043746,-0.0050194047,0.60095644,0.45151624,0.6595335,0.85059835,0.64435139,3.96
26,13700,6.850000,23,1.5537427,1.3751261,0.62458518,0.98095961,-0.0050569396,0.085407232,0.079075416,-0.023468346,0.45267055,-0.26157654,0.8230267,-0.47860303,0.3058859,1.2599275,-0.52671729,3.96
26,13700,6.850000,24,1.5537427,0.98001694,0.99757957,0.18044331,0.029149807,0.04856958,-0.021604378,0.11110563,0.072644745,0.025120489,-0.58547898,0.77872343,0.22539785,1.343445,2.2154769,3.96
26,13700,6.850000,25,1.5537427,0.97669044,1.3368082,0.54480949,-0.015103109,0.013728698,-0.042986623,0.30439348,0.21439989,-0.097661443,-0.53529106,0.84216078,0.065028453,1.505722,2.1369934,3.96
26,13700,6.850000,26,1.5537427,1.3623598,0.90547484,0.58063692,-0.012552375,-0.056995383,-0.017601818,-0.22842872,0.20108522,0.031247266,-0.69382246,0.35922804,0.62415192,0.89675074,2.6638444,3.96
26,13700,6.850000,27,1.5537427,1.3540145,1.3289772,0.22766123,-0.054326401,-0.070486131,0.0083311415,-0.080772143,0.10422025,-0.082744964,0.1089317,-0.91984785,0.37684721,1.1844061,-1.4529217,3.96
26,13700,6.850000,28,1.5537427,0.98705951,0.97771819,0.99027289,0.021311626,0.02487014,0.055621826,-0.18295904,0.17976124,-0.2830238,0.74992662,0.54398538,0.37641729,1.1848702,0.62756038,3.96
26,13700,6.850000,29,1.5537427,1.0072527,1.343185,1.3663906,0.057282893,-0.088593848,-0.023329233,-0.052364474,-0.027243461,0.32151071,0.35673509,-0.72648222,0.58733607,0.94303291,-1.1143388,3.96
26,13700,6.850000,30,1.5537427,1.3933816,0.99193386,1.3838748,0.012693953,-0.01727929,0.030656417,-0.14321353,-0.4650454,-0.53229519,0.98868419,-0.033105009,0.14631347,1.4239557,-0.033471402,3.96
26,13700,6.850000,31,1.5537427,1.3394846,1.392273,0.9399168,0.031932425,0.01145247,-0.063572035,-0.2172838,-0.17726026,-0.40240353,-0.28386961,0.67163564,0.68434173,0.81709578,1.9706784,3.96
27,13800,6.900000,0,1.5752728,0.13309274,0.17695945,0.23686148,-0.0015651785,-0.05950626,0.068266149,0.13618639,-0.040385209,-0.063180134,-0.028193307,0.38732071,0.92151387,0.39883545,1.6434588,3.96
27,13800,6.900000,1,1.5752728,0.2574967,0.64020479,0.62310731,0.081243512,0.081308556,0.037955268,0.3531528,-0.096723713,0.16430836,-0.26594526,-0.923821,-0.27536862,1.8497694,-1.8510928,3.96
27,13800,6.900000,2,1.5752728,0.55473447,0.2081963,0.54873473,0.0027629545,0.018451377,-0.0035131279,-0.18793969,-0.33081761,0.1829493,0.99429128,0.090563855,-0.056418373,1.6272447,0.090833189,3.96
27,13800,6.900000,3,1.5752728,0.73131377,0.65271044,0.16946549,0.12666647,0.064954526,-0.012975787,0.55822702,0.14553391,-0.39128374,-0.50171317,0.62728729,0.59564633,0.93272627,2.2454239,3.96
27,13800,6.900000,4,1.5752728,0.24102054,0.25768189,0.95556138,0.0093958761,0.060074361,-0.030312361,-0.046490257,-0.05433013,0.15954619,0.93186504,-0.26088758,0.25212145,1.3159244,-0.27297424,3.96
27,13800,6.900000,5,1.5752728,0.17699797,0.57833062,1.3440147,-0.078593666,0.0034016962,-0.018176149,-0.43825625,0.07440862,-0.084486007,0.52902153,-0.73342108,-0.42688376,2.0118403,-0.94591324,3.96
27,13800,6.900000,6,1.5752728,0.66700631,0.15020108,1.3430482,0.11048121,-0.029551076,-0.056336194,-0.29159798,-0.4573387,-0.30738781,0.55761433,-0.49591377,0.66568446,0.84238567,-0.72689934,3.96
27,13800,6.900000,7,1.5752728,0.57274827,0.57627757,0.98779794,-0.067399027,-0.00092528058,0.083663087,0.23936227,0.11415938,0.28768856,0.23604256,0.23501855,0.94289458,0.3395802,0.78322434,3.96
27,13800,6.900000,8,1.5752728,0.20708385,0.87963087,0.21299948,-0.013993552,-0.12341364,-0.011669512,-0.1318415,-0.27965431,0.07118833,-0.46955306,0.22819093,0.85290611,0.54926952,2.6892281,3.96
27,13800,6.900000,9,1.5752728,0.21709341,1.4059503,0.69334609,0.013172137,0.0018767103,0.048490128,-0.33080923,-0.077468756,0.14390921,-0.053607877,0.9904716,0.12685508,1.4435985,1.6248672,3.96
27,13800,6.900000,10,1.5752728,0.56848553,1.0204565,0.6211367,-0.022099892,0.06939666,0.033803841,0.2263556,0.14040149,0.58421754,-0.40548021,0.43122582,0.80599633,0.63343956,2.325434,3.96
27,13800,6.900000,11,1.5752728,0.45158931,1.3015693,0.22033576,-0.098666409,-0.098921232,0.010190205,-0.21313924,-0.17796734,0.12485122,0.14538436,0.37263959,0.91651684,0.41151259,1.1988123,3.96
27,13800,6.900000,12,1.5752728,0.21436596,0.94983587,1.0059338,-0.014269669,-0.050594055,0.011222478,0.19212353,-0.20506021,0.040967957,-0.6189673,0.54927929,-0.56140158,2.1668748,2.4157757,3.96
27,13800,6.900000,13,1.5752728,0.25163883,1.3734569,1.3385722,0.081764507,-0.036525145,-0.07591199,-0.11707766,0.052417569,0.14774639,0.34264234,0.64935622,0.67892026,0.8245053,1.0852627,3.96
27,13800,6.900000,14,1.5752728,0.57877323,0.95804958,1.4200638,-0.018040431,-0.017441467,0.056423758,0.42927964,0.23323552,0.096959422,-0.97490616,0.21997053,-0.034218945,1.605022,2.9196763,3.96
27,13800,6.900000,15,1.5752728,0.61728142,1.3484947,1.0317585,0.024257527,-0.0098547186,0.052025215,-0.43768837,0.029511304,0.19995474,0.58918848,-0.47496358,0.65365628,0.85839062,-0.67846869,3.96
27,13800,6.900000,16,1.5752728,0.91481196,0.12575284,0.18771125,-0.051872443,-0.056102599,-0.03743239,-0.044359514,0.044605453,-0.27320645,0.60753606,0.78352935,-0.13031379,1.7014818,0.91124644,3.96
27,13800,6.900000,17,1.5752728,0.93642713,0.62658178,0.6078127,-0.073977344,0.05291106,0.025233912,-0.063527517,0.23114794,-0.33893977,0.45622144,0.88817855,-0.054780153,1.6256039,1.0962808,3.96
27,13800,6.900000,18,1.5752728,1.3660142,0.29272375,0.60798013,-0.0030916396,0.15774063,-0.024927016,0.22759631,0.19684085,0.094288792,-0.22495496,0.94767005,-0.22653198,1.7993119,1.8038596,3.96
27,13800,6.900000,19,1.5752728,1.3184594,0.56386523,0.18733862,-0.033127204,-0.065979012,-0.043663899,0.24366157,0.27827189,-0.092127806,-0.27071398,0.80338282,-0.53036778,2.1298307,1.8958141,3.96
27,13800,6.900000,20,1.5752728,0.92831473,0.23197385,0.89427338,-0.045194653,0.044055632,-0.032260942,0.12883296,0.13572632,0.20952627,0.28762149,0.94233694,0.17109929,1.398851,1.2745561,3.96
27,13800,6.900000,21,1.5752728,1.0202235,0.5944625,1.3273608,0.032933265,0.043692774,-0.045734282,0.31808212,-0.34319744,0.14848928,-0.17819352,0.96318357,-0.20130692,1.7734883,1.7537327,3.96
27,13800,6.900000,22,1.5752728,1.3883643,0.22448919,1.4019319,0.0070694874,-0.028807069,0.018330289,0.040916917,-0.08586633,-0.095903031,0.64029662,0.39606163,0.65814545,0.85244347,0.55395462,3.96
27,13800,6.900000,23,1.5752728,1.3899545,0.65407963,0.9777974,-0.0092546821,0.10610443,0.062434598,-0.11252806,0.37824172,-0.36274508,0.83948617,-0.2551753,0.47973799,1.0704403,-0.29509139,3.96
27,13800,6.900000,24,1.5752728,0.99700286,1.0125194,0.18831138,0.032532414,0.049678408,-0.016273384,0.10345037,0.005012341,0.14613358,-0.83254739,0.55357317,0.020532775,1.5502621,2.5548038,3.96
27,13800,6.900000,25,1.5752728,1.0043666,1.3600359,0.55127676,-0.0010575438,0.018400179,-0.044061351,0.2198992,0.052581984,0.065249434,-0.54717352,0.7954365,0.26054157,1.3072132,2.1733491,3.96
27,13800,6.900000,26,1.5752728,1.3650695,0.93148819,0.5914427,-0.028610401,-0.043621166,-0.01486076,-0.36580799,0.27219488,0.025196696,-0.72009771,0.51148519,0.46887331,1.0827816,2.5239875,3.96
27,13800,6.900000,27,1.5752728,1.3685821,1.3501163,0.23119652,-0.058492623,-0.067781202,0.0087091486,-0.10682521,0.023167571,0.08018087,0.030948928,-0.90612163,0.42188357,1.1352745,-1.5366542,3.96
27,13800,6.900000,28,1.5752728,0.99758828,1.0084371,0.98771527,0.01818428,0.04192356,0.039453303,-0.0052158507,0.41716879,-0.35272921,0.78545967,0.40525861,0.46778047,1.0840184,0.47632674,3.96
27,13800,6.900000,29,1.5752728,1.0212554,1.362326,1.4000878,0.05732783,-0.088068867,-0.008666903,0.064454807,0.062780328,0.30872599,0.31604879,-0.8626767,0.39484437,1.1648979,-1.2196234,3.96
27,13800,6.900000,30,1.5752728,1.4069968,0.98156242,1.374886,0.0070400392,-0.041231096,0.0026838272,-0.13307841,-0.59086053,-0.55469298,0.95376282,-0.29104834,0.075015667,1.4957101,-0.29618215,3.96
27,13800,6.900000,31,1.5752728,1.3406059,1.4035432,0.93427278,0.014611659,0.0034848474,-0.082112851,-0.4585382,-0.18915825,-0.39722916,-0.34216127,0.71152301,0.61372688,0.91002391,2.0190359,3.96
28,13900,6.950000,0,1.5729632,0.14265188,0.17181628,0.23347396,0.0081962675,-0.064393559,0.06522368,0.26088173,-0.13910106,-0.090029421,-0.33641609,0.49910754,0.79857115,0.64587876,2.1638829,3.96
28,13900,6.950000,1,1.5729632,0.26979037,0.6318217,0.62767049,0.093924022,0.073858671,0.043436066,0.13058283,-0.20117171,0.028762195,-0.3954445,-0.9179216,0.032304491,1.5384862,-1.9775729,3.96
28,13900,6.950000,2,1.5729632,0.54621468,0.19015568,0.55546913,-0.0049491512,0.00070298885,0.0040313489,-0.13581427,-0.32775271,0.070486995,0.89745929,0.15567993,-0.41271126,1.996225,0.17175822,3.96
28,13900,6.950000,3,1.5729632,0.74931743,0.65181243,0.15392662,0.14575638,0.065013557,-0.028277405,0.20259591,-0.22165441,-0.22556226,-0.54215256,0.45759081,0.70475616,0.78871694,2.4405771,3.96
28,13900,6.950000,4,1.5729632,0.23439353,0.24734649,0.96514272,0.0031176476,0.050109463,-0.019321921,-0.22223875,-0.28634169,0.29013774,0.90566107,-0.27850095,0.31971119,1.2453717,-0.29833351,3.96
28,13900,6.950000,5,1.5729632,0.15672818,0.57842943,1.3377909,-0.098618634,0.0043491455,-0.022432563,-0.32152113,-0.092164561,-0.039137502,0.51470978,-0.62248304,-0.58956654,2.2013184,-0.87988727,3.96
28,13900,6.950000,6,1.5729632,0.64866671,0.13422691,1.3225944,0.093106816,-0.045316593,-0.074834405,-0.47731434,-0.1640678,-0.32222123,0.58582168,-0.61140455,0.53197503,1.009865,-0.80676337,3.96
28,13900,6.950000,7,1.5729632,0.59411422,0.58338982,1.0016581,-0.045177018,0.0070377519,0.098982755,0.57026737,0.17169076,0.31697669,0.035552035,-0.22596213,0.97348712,0.23078507,-1.4147394,3.96
28,13900,6.950000,8,1.5729632,0.19894167,0.86683604,0.21300188,-0.02183786,-0.13492721,-0.011354582,-0.22404906,-0.24126756,-0.016550525,-0.52726021,0.6124966,0.58893513,0.94105573,2.2815487,3.96
28,13900,6.950000,9,1.5729632,0.19716166,1.4010201,0.69434129,-0.006455718,-0.00099419725,0.050503381,-0.42409958,-0.095280384,-0.025822686,0.085048665,0.99518743,0.048669253,1.5221078,1.4855435,3.96
28,13900,6.950000,10,1.5729632,0.58945305,1.0265076,0.64679744,-0.00028286033,0.076949559,0.060394788,0.60310639,0.16747426,0.41909846,-0.36651459,0.55126944,0.74951255,0.7234709,2.1575441,3.96
28,13900,6.950000,11,1.5729632,0.44045455,1.2873537,0.23058277,-0.10914674,-0.11123753,0.02076803,-0.18339027,-0.23311613,0.2814734,0.3861622,0.27400955,0.88079369,0.49326051,0.61712071,3.96
28,13900,6.950000,12,1.5729632,0.22311194,0.94311711,1.00702,-0.0052027274,-0.055924084,0.013785474,0.32094099,-0.0064765956,0.076728125,-0.3944481,0.74437025,-0.53881687,2.1398284,2.0580834,3.96
28,13900,6.950000,13,1.5729632,0.23868887,1.3724484,1.341638,0.069174255,-0.035519076,-0.070879815,-0.33359987,-0.062638895,0.10795041,0.13757286,0.81019306,0.56979024,0.96454575,1.4025981,3.96
28,13900,6.950000,14,1.5729632,0.59938102,0.97258053,1.4230419,0.003431702,-0.001494131,0.061487702,0.45192424,0.41926333,0.047612182,-0.98358176,0.16168284,-0.080159681,1.6510421,2.978668,3.96
28,13900,6.950000,15,1.5729632,0.59568334,1.3479232,1.0377544,0.0035493069,-0.008447995,0.059539374,-0.34887354,0.072108773,0.078962645,0.47259373,-0.52187288,0.71014355,0.78109425,-0.83491101,3.96
28,13900,6.950000,16,1.5729632,0.9130244,0.12904246,0.17899735,-0.052319041,-0.052626049,-0.045877271,-0.011460813,0.10672211,-0.089638505,0.69448329,0.51043026,-0.50710346,2.1026171,0.63381781,3.96
28,13900,6.950000,17,1.5729632,0.92903371,0.63772785,0.59159911,-0.080002204,0.064984675,0.0099002447,-0.14335419,0.22282666,-0.235805,0.45740957,0.87043864,0.18196995,1.3878069,1.0869628,3.96
28,13900,6.950000,18,1.5729632,1.3741745,0.29764386,0.61065302,0.0070789346,0.16309385,-0.021360091,0.15270361,0.06558535,0.025938759,-0.24790198,0.9420618,-0.22597382,1.7987389,1.8281111,3.96
28,13900,6.950000,19,1.5729632,1.3270409,0.58341504,0.18095459,-0.02260489,-0.045587503,-0.049777741,0.20952331,0.49579402,-0.10525934,-0.4808997,0.85593506,-0.19002805,1.761987,2.0826853,3.96
28,13900,6.950000,20,1.5729632,0.93786944,0.23211881,0.90604257,-0.034270847,0.044541067,-0.019170971,0.20712886,-0.088250032,0.23646541,0.19216128,0.93908625,0.28494045,1.281852,1.3689569,3.96
28,13900,6.950000,21,1.5729632,1.0341166,0.57614119,1.3266532,0.048333551,0.026230255,-0.044494823,0.3215558,-0.38951164,-0.056690261,-0.1209245,0.94179752,-0.31367928,1.8898617,1.6984952,3.96
28,13900,6.950000,22,1.5729632,1.3811847,0.21747777,1.3933367,0.0019216316,-0.035494251,0.011785753,-0.14622133,-0.11326388,-0.16884417,0.55754436,0.36639523,0.74491531,0.73038844,0.58139137,3.96
28,13900,6.950000,23,1.5729632,1.3845617,0.66862981,0.96385747,-0.012611978,0.121625,0.049919129,-0.054475149,0.20878684,-0.18597421,0.83046317,-0.16037496,0.53348927,1.0080757,-0.19076676,3.96
28,13900,6.950000,24,1.5729632,0.99989762,1.0164922,0.19844522,0.03689217,0.055139688,-0.0058558037,0.14459406,0.2098592,0.2076756,-0.95282072,0.29418731,-0.074742956,1.6456091,2.842124,3.96
28,13900,6.950000,25,1.5729632,1.0114099,1.3634527,0.56041356,0.0074645746,0.023815074,-0.034108971,0.08223883,0.20558175,0.31047698,-0.42780283,0.82741271,0.36383093,1.1984189,2.0479803,3.96
28,13900,6.950000,26,1.5729632,1.3456797,0.94825526,0.58847827,-0.046011473,-0.02547504,-0.016959561,-0.25212347,0.38564552,-0.081675843,-0.6019064,0.72680366,0.33085514,1.2335867,2.262471,3.96
28,13900,6.950000,27,1.5729632,1.3638885,1.3500923,0.23301302,-0.061181593,-0.06582425,0.010866204,-0.015733167,0.058510484,-0.073751472,0.068492137,-0.89277468,0.44526644,1.1093245,-1.494228,3.96
28,13900,6.950000,28,1.5729632,0.992207,1.0302295,0.97269467,0.01426278,0.065211619,0.02587092,-0.14478448,0.46278822,-0.2210475,0.8471601,0.22406876,0.48178102,1.0681103,0.25857287,3.96
28,13900,6.950000,29,1.5729632,1.0315154,1.3624578,1.4133419,0.069093832,-0.085938044,0.0066512442,0.27961888,0.0078714476,0.31854042,0.35696083,-0.88343851,0.30350512,1.2624272,-1.1867962,3.96
28,13900,6.950000,30,1.5729632,1.4007972,0.95170054,1.3473608,0.0029003588,-0.069674683,-0.022844279,-0.13031473,-0.38969457,-0.41695753,0.94613788,-0.32278722,0.025129977,1.5456637,-0.32878061,3.96
28,13900,6.950000,31,1.5729632,1.3165583,1.3933665,0.90942271,-0.0074865451,-0.0046399102,-0.10561033,-0.37769443,-0.15249104,-0.45457478,-0.24053344,0.86070873,0.4486916,1.1054956,1.843304,3.96
29,14000,7.000000,0,1.5867961,0.15729422,0.15978791,0.23246781,0.021525742,-0.077873895,0.06217765,0.23442769,-0.27645642,-0.035115919,-0.72760828,0.42937083,0.53500176,1.0062865,2.608475,3.96
29,14000,7.000000,1,1.5867961,0.27614412,0.62777646,0.63574029,0.097887831,0.064298914,0.045974892,0.080259747,-0.18296507,0.13236432,-0.30638502,-0.86532489,0.39666239,1.1629182,-1.9110918,3.96
29,14000,7.000000,2,1.5867961,0.54169216,0.17647282,0.56048137,-0.014234541,-0.014585211,0.004158137,-0.2176268,-0.24567942,-0.026982436,0.73606235,0.30903189,-0.60225535,2.2171196,0.39749598,3.96
29,14000,7.000000,3,1.5867961,0.76169244,0.6328642,0.14601572,0.15151653,0.04044073,-0.03750159,0.021247571,-0.57858844,-0.19863789,-0.74211026,0.18108132,0.6453541,0.86930958,2.9022608,3.96
29,14000,7.000000,4,1.5867961,0.22480773,0.23732822,0.98652606,-0.0084786888,0.037969125,-0.0064824507,-0.25679823,-0.22892692,0.20651261,0.88201533,-0.41533916,0.22258108,1.3463352,-0.44009607,3.96
29,14000,7.000000,5,1.5867961,0.14804958,0.57281931,1.3534384,-0.1086317,-0.0063011742,-0.018566742,-0.074729797,-0.32211195,0.083122502,0.61776762,-0.37770896,-0.68970945,2.331884,-0.54876659,3.96
29,14000,7.000000,6,1.5867961,0.62705485,0.13394174,1.3206055,0.065909521,-0.046775788,-0.088395076,-0.58741782,0.064020785,-0.19215715,0.72316301,-0.58299735,0.3703368,1.1914248,-0.67849604,3.96
29,14000,7.000000,7,1.5867961,0.62873321,0.60192849,1.0308574,-0.015910902,0.020387535,0.1192844,0.56176451,0.26813249,0.46445094,-0.19783917,-0.5345826,0.82163319,0.60652603,-1.925248,3.96
29,14000,7.000000,8,1.5867961,0.19030632,0.86365915,0.21567854,-0.032177473,-0.14568015,-0.010554606,-0.13052178,-0.1589251,0.010020847,-0.55655128,0.78471672,0.27289255,1.2943979,2.1876957,3.96
29,14000,7.000000,9,1.5867961,0.1766961,1.4075233,0.69969199,-0.028558387,-0.0067865317,0.04975121,-0.39946963,-0.10954588,-0.040828647,0.1047679,0.99433902,-0.017708903,1.5885062,1.4658193,3.96
29,14000,7.000000,10,1.5867961,0.62611465,1.0405289,0.66477376,0.031057771,0.081921705,0.072629487,0.6251953,0.0480425,0.056376172,-0.41301227,0.45877449,0.78673174,0.66529983,2.3037502,3.96
29,14000,7.000000,11,1.5867961,0.43505267,1.2912697,0.24644814,-0.11838163,-0.11861045,0.034545293,-0.2306879,-0.046241455,0.25442151,0.49146142,0.25373488,0.83311721,0.58607641,0.47659173,3.96
29,14000,7.000000,12,1.5867961,0.24288737,0.95636982,1.0142717,0.012532964,-0.050986951,0.012188229,0.32320146,0.15718138,-0.071844473,-0.10769575,0.86431896,-0.49127829,2.0843531,1.6947593,3.96
29,14000,7.000000,13,1.5867961,0.22003749,1.3835551,1.3612639,0.048514244,-0.036477826,-0.063086685,-0.44372934,-0.014383852,0.11851602,-0.13205386,0.92727782,0.35031074,1.2128935,1.7122554,3.96
29,14000,7.000000,14,1.5867961,0.62774807,1.0035187,1.4327642,0.026427011,0.02079341,0.058707594,0.40389862,0.43986477,-0.10923999,-0.99971376,0.019695872,-0.013582009,1.5843788,3.1218937,3.96
29,14000,7.000000,15,1.5867961,0.58345519,1.3620603,1.0490224,-0.013841267,-0.0061746958,0.061671901,-0.3740702,0.0024620428,-0.02698945,0.32807131,-0.68229886,0.65332801,0.85882431,-1.1226001,3.96
29,14000,7.000000,16,1.5867961,0.92249575,0.13751243,0.17918634,-0.050883293,-0.045322875,-0.047256372,0.063411949,0.1365366,-0.032311637,0.67863947,0.26868088,-0.6835635,2.3234301,0.37697647,3.96
29,14000,7.000000,17,1.5867961,0.93133579,0.6544256,0.58775429,-0.085844655,0.076025782,0.00089222002,-0.059836831,0.18933798,-0.057031005,0.27974571,0.83015347,0.48227332,1.0675484,1.2457667,3.96
29,14000,7.000000,18,1.5867961,1.3926031,0.30540885,0.62048294,0.01339515,0.16821887,-0.016919811,0.089188261,0.1768238,0.069533624,-0.31724261,0.94151185,-0.11363345,1.6846758,1.8957985,3.96
29,14000,7.000000,19,1.5867961,1.3540268,0.61431385,0.17488955,-0.0073560357,-0.019931681,-0.057400758,0.34148183,0.51538753,-0.16955559,-0.68373472,0.72899321,0.032798413,1.537992,2.3241692,3.96
29,14000,7.000000,20,1.5867961,0.95954943,0.2280902,0.92952263,-0.020897212,0.038497613,-0.0037264421,0.28589277,-0.15827378,0.30636505,0.15341292,0.89212657,0.42494077,1.1318999,1.4004988,3.96
29,14000,7.000000,21,1.5867961,1.0583998,0.56333274,1.3354501,0.063456307,0.0084330184,-0.0473523,0.3126492,-0.3298591,-0.066874082,-0.11711148,0.93913326,-0.32297619,1.8996689,1.6948576,3.96
29,14000,7.000000,22,1.5867961,1.3881425,0.20997344,1.3947598,-0.0032443128,-0.044870077,0.0010027916,-0.034841715,-0.30323837,-0.24969886,0.32302164,0.42434862,0.84592274,0.56250331,0.92015452,3.96
29,14000,7.000000,23,1.5867961,1.3906411,0.67913249,0.95593074,-0.018682123,0.12622747,0.033587542,-0.12803795,-0.016239214,-0.34675133,0.9251649,-0.17386489,0.33740319,1.2266394,-0.18576191,3.96
29,14000,7.000000,24,1.5867961,1.0184225,1.0367086,0.21003364,0.046581383,0.066367786,0.0039445452,0.17137211,0.19827599,0.19189781,-0.98456012,0.17068067,0.038852049,1.5319345,2.9699413,3.96
29,14000,7.000000,25,1.5867961,1.0190695,1.3855265,0.58074525,0.0062350953,0.033854412,-0.018772806,-0.22671267,0.25870677,0.26162966,-0.16746323,0.90711917,0.38612289,1.1743715,1.7533509,3.96
29,14000,7.000000,26,1.5867961,1.3465815,0.97622591,0.58506552,-0.056896178,-0.0059291074,-0.025510068,-0.087857443,0.36049566,-0.20793641,-0.38551469,0.84469149,0.37131485,1.1903716,1.9989573,3.96
29,14000,7.000000,27,1.5867961,1.3716881,1.3683744,0.22806539,-0.065358033,-0.059443047,0.0038999125,-0.050530272,0.20758926,-0.13799028,0.2466466,-0.84844282,0.46830572,1.0834241,-1.2878887,3.96
29,14000,7.000000,28,1.5867961,0.99379931,1.0564555,0.97337912,0.0071605219,0.082302677,0.018035599,-0.1339335,0.21616483,-0.0171691,0.90318104,0.075807446,0.42251301,1.1345801,0.083737559,3.96
29,14000,7.000000,29,1.5867961,1.0540467,1.3715499,1.4416701,0.082495162,-0.088815062,0.022480913,0.22835953,-0.11652532,0.27752909,0.4955257,-0.82388417,0.27508028,1.2921231,-1.0293108,3.96
29,14000,7.000000,30,1.5867961,1.4028248,0.94391183,1.344263,-0.0073460145,-0.085762399,-0.03772582,-0.26379835,-0.15806142,-0.20937,0.99254009,-0.083255988,0.089065205,1.4816129,-0.08368583,3.96
29,14000,7.000000,31,1.5867961,1.317535,1.4039326,0.89735155,-0.018041655,-0.0063200735,-0.12559166,0.014510057,0.051847921,-0.22863825,0.020685945,0.96792146,0.25039994,1.317703,1.5494281,3.96
30,14100,7.050000,0,1.5941843,0.16802829,0.15009179,0.23269439,0.031504267,-0.088289813,0.061323831,0.19787604,-0.14212501,-0.049108543,-0.95060182,0.29434198,0.098584904,1.472051,2.8413177,3.96
30,14100,7.050000,1,1.5941843,0.27988375,0.62246699,0.6462977,0.10033603,0.056085565,0.053554662,0.041463671,-0.10308918,0.23429853,-0.058203784,-0.75566627,0.65236555,0.86009489,-1.6476677,3.96
30,14100,7.050000,2,1.5941843,0.53524024,0.16580577,0.5574678,-0.023187811,-0.026047303,-0.0014520293,-0.12701865,-0.15886086,-0.10443823,0.54539516,0.43543032,-0.71620148,2.3691405,0.67374981,3.96
30,14100,7.050000,3,1.5941843,0.76370904,0.60721526,0.13813788,0.14999019,0.011911413,-0.046039459,-0.040436505,-0.51195748,-0.081437487,-0.90912124,-0.18471904,0.3733329,1.1881972,-2.9411373,3.96
30,14100,7.050000,4,1.5941843,0.21128876,0.22469265,0.99926587,-0.023010631,0.024260384,0.0016451713,-0.30184849,-0.27917852,0.11129776,0.77069231,-0.6193648,0.14973511,1.420496,-0.67696096,3.96
30,14100,7.050000,5,1.5941843,0.1429469,0.55716949,1.3646999,-0.11441028,-0.024575624,-0.013618439,-0.11393331,-0.35762282,0.14499612,0.74968103,-0.018089901,-0.66155204,2.2936829,-0.024125449,3.96
30,14100,7.050000,6,1.5941843,0.60447892,0.14741876,1.322132,0.040473077,-0.033952192,-0.093006684,-0.42810068,0.38716468,0.019941754,0.88157142,-0.44018507,0.17049616,1.3994631,-0.4631024,3.96
30,14100,7.050000,7,1.5941843,0.65877211,0.62072915,1.0614569,0.01113776,0.036348508,0.14502446,0.47739414,0.37233022,0.48479692,-0.33889935,-0.74569195,0.57366432,0.9598238,-1.9973665,3.96
30,14100,7.050000,8,1.5941843,0.1907364,0.8555375,0.21472761,-0.032632411,-0.15779491,-0.012505207,0.10064769,-0.25026833,-0.05353435,-0.6530113,0.74497985,0.13631313,1.4340575,2.2905029,3.96
30,14100,7.050000,9,1.5941843,0.15771011,1.4058382,0.69844367,-0.048321189,-0.015005987,0.045255529,-0.36358798,-0.26011598,-0.12024389,0.11649346,0.98830485,-0.098401251,1.6693571,1.4534657,3.96
30,14100,7.050000,10,1.5941843,0.65290783,1.0508486,0.66016556,0.054880394,0.087384039,0.06494392,0.26403252,0.15323141,-0.35119849,-0.55368019,0.15924834,0.81736052,0.61398174,2.8615339,3.96
30,14100,7.050000,11,1.5941843,0.42794626,1.2976418,0.26304184,-0.12749251,-0.11825145,0.049955733,-0.15831901,-0.0034246426,0.36870485,0.57845156,0.33096392,0.74555796,0.72942465,0.51969351,3.96
30,14100,7.050000,12,1.5941843,0.25795769,0.97096842,1.0136704,0.026440084,-0.04086476,0.0068767032,0.20588726,0.20171449,-0.10460757,0.12186869,0.89785749,-0.42308385,2.0076424,1.435888,3.96
30,14100,7.050000,13,1.5941843,0.20246754,1.3908116,1.3725559,0.029962876,-0.035665067,-0.058144249,-0.32462887,0.014582643,0.078791446,-0.28064665,0.95554311,0.090414739,1.4802579,1.8564668,3.96
30,14100,7.050000,14,1.5941843,0.64860663,1.0290441,1.4435557,0.044321182,0.041598068,0.062818556,0.3745742,0.3859169,0.19393873,-0.94847105,-0.23782834,0.20938086,1.3598546,-2.895909,3.96
30,14100,7.050000,15,1.5941843,0.56609661,1.3661551,1.0475403,-0.033869926,-0.0084165146,0.055320202,-0.3840684,-0.021301742,-0.2332111,0.35809262,-0.74118847,0.56781099,0.9669522,-1.1207331,3.96
30,14100,7.050000,16,1.5941843,0.9317956,0.14750729,0.17678156,-0.045890231,-0.035989955,-0.050487952,0.15898116,0.20291598,-0.13074029,0.67537172,0.12837633,-0.72621798,2.3836008,0.18784154,3.96
30,14100,7.050000,17,1.5941843,0.93538049,0.66411768,0.59127716,-0.086135618,0.082655432,0.0016766563,0.16633948,0.047353442,0.037778,0.027053785,0.82750547,0.56080548,0.97543798,1.5381148,3.96
30,14100,7.050000,18,1.5941843,1.400712,0.31535845,0.62546011,0.015016231,0.17672671,-0.014836481,-0.037591344,0.14116,-0.060132662,-0.45667004,0.88963597,-0.00056963538,1.571366,2.0450449,3.96
30,14100,7.050000,19,1.5941843,1.3767304,0.63794638,0.1683916,0.0090051707,0.00079244189,-0.064696053,0.23137147,0.25973409,-0.11633845,-0.8019172,0.59352516,0.068239957,1.5025033,2.5044366,3.96
30,14100,7.050000,20,1.5941843,0.97575375,0.22108917,0.94903823,-0.0091877905,0.030453262,0.011426065,0.26875674,-0.11710744,0.21071978,0.18597961,0.80578077,0.56225344,0.97368809,1.3439619,3.96
30,14100,7.050000,21,1.5941843,1.0780167,0.54879056,1.3349792,0.078111234,-0.0086922959,-0.054025565,0.20408076,-0.38137837,-0.16737143,0.029109353,0.95925473,-0.28103916,1.8556731,1.5404598,3.96
30,14100,7.050000,22,1.5941843,1.392859,0.19318035,1.3914359,-0.0049870268,-0.062599635,-0.0087923805,-0.035671853,-0.4928275,-0.16914919,-0.12024893,0.4504078,0.88468809,0.48497182,1.8316893,3.96
30,14100,7.050000,23,1.5941843,1.3896166,0.67518622,0.94555282,-0.02616418,0.1191356,0.018793121,-0.19853914,-0.21050178,-0.28081165,0.9896894,-0.14291614,-0.0094796192,1.5802761,-0.14341366,3.96
30,14100,7.050000,24,1.5941843,1.0295881,1.0481927,0.2181831,0.052990223,0.073009434,0.01109946,0.0689896,0.075803308,0.12349102,-0.97736058,0.096178934,0.18845666,1.3812059,3.0435017,3.96
30,14100,7.050000,25,1.5941843,1.0052612,1.4041688,0.5901257,-0.012275047,0.046017405,-0.012111805,-0.51830679,0.21214881,-0.0051507911,0.058207742,0.94875122,0.31061709,1.2549542,1.5095212,3.96
30,14100,7.050000,26,1.5941843,1.3486172,0.99492065,0.57344962,-0.061120456,0.0081874948,-0.039816837,-0.079981258,0.17134796,-0.26132324,-0.16701883,0.81183162,0.55949452,0.97702052,1.7736962,3.96
30,14100,7.050000,27,1.5941843,1.376615,1.3930437,0.22311165,-0.066814375,-0.04118741,-0.0021017741,0.00061115178,0.50841721,-0.010930304,0.44717205,-0.78485453,0.42899944,1.1274115,-1.0529154,3.96
30,14100,7.050000,28,1.5941843,0.99509408,1.067574,0.98386034,0.0038358318,0.088487978,0.023970931,-0.013547487,0.056046224,0.19886048,0.94874955,-0.1489117,0.27874649,1.2883077,-0.1556856,3.96
30,14100,7.050000,29,1.5941843,1.0705587,1.3712881,1.4595623,0.094072562,-0.095447534,0.03363478,0.16718597,-0.14195701,0.17843062,0.72443774,-0.68694044,0.057469925,1.5132947,-0.75883655,3.96
30,14100,7.050000,30,1.5941843,1.3997501,0.94166773,1.3425163,-0.016930095,-0.092386014,-0.045712968,-0.13880587,-0.054823963,-0.14411666,0.95627348,0.24754523,0.15576391,1.4143956,0.25330414,3.96
30,14100,7.050000,31,1.5941843,1.3320169,1.4182835,0.89708665,-0.0097136258,0.0014759865,-0.13002437,0.31504064,0.2902102,0.065936744,0.036466857,0.99675124,-0.07181317,1.6426714,1.5342269,3.96
31,14200,7.100000,0,1.6180146,0.17881841,0.14872266,0.2336749,0.039721694,-0.091875946,0.058844361,0.060386155,-0.077057654,-0.1211498,-0.94874104,0.2123304,-0.23410733,1.8070966,2.9214185,3.96
31,14200,7.100000,1,1.6180146,0.28713945,0.62934766,0.67194367,0.10338534,0.053679276,0.069421888,-0.025252862,-0.024874359,0.42668328,0.2048288,-0.6501465,0.73167936,0.75001395,-1.2655898,3.96
31,14200,7.100000,2,1.6180146,0.53892576,0.16199799,0.56150168,-0.027471423,-0.032287292,-0.0057196702,-0.12221334,-0.12657705,-0.059998537,0.31934479,0.38218637,-0.86715193,2.6202514,0.87473746,3.96
31,14200,7.100000,3,1.6180146,0.77359538,0.59441647,0.1346785,0.14847167,-0.0098031032,-0.051523073,-0.076447236,-0.38654182,-0.12498569,-0.83965129,-0.52312455,0.14603569,1.4242365,-2.5844141,3.96
31,14200,7.100000,4,1.6180146,0.1975868,0.20926379,1.0170122,-0.039746829,0.005611114,0.0044334984,-0.35136053,-0.46929695,0.018020952,0.59367862,-0.79820019,0.10208899,1.4685292,-0.93129333,3.96
31,14200,7.100000,5,1.6180146,0.14072266,0.54896857,1.3894536,-0.11873921,-0.040983534,-0.0092966717,-0.10353316,-0.26355237,0.016999912,0.80932963,0.27433668,-0.5193505,2.1168871,0.32681297,3.96
31,14200,7.100000,6,1.6180146,0.59574635,0.17099563,1.3433719,0.022835445,-0.012736375,-0.091541178,-0.29200355,0.49918865,0.017242443,0.94783767,-0.30986684,-0.074741464,1.6456076,-0.31596725,3.96
31,14200,7.100000,7,1.6180146,0.68863301,0.64815242,1.1011518,0.031003779,0.054359339,0.1686769,0.31775951,0.30441906,0.45000865,-0.37309752,-0.81324981,0.44656801,1.1078704,-2.0009224,3.96
31,14200,7.100000,8,1.6180146,0.20438014,0.8596267,0.21065493,-0.021919328,-0.16643044,-0.019734071,0.3048181,-0.065582941,-0.27177219,-0.79753015,0.56723905,0.20539115,1.363933,2.5233597,3.96
31,14200,7.100000,9,1.6180146,0.14263067,1.4110253,0.69848638,-0.065629712,-0.030717175,0.034934284,-0.25180865,-0.39993454,-0.29819101,0.14705474,0.9846093,-0.094442748,1.66538,1.4225388,3.96
31,14200,7.100000,10,1.6180146,0.66847102,1.0719125,0.64562298,0.060641015,0.092700099,0.040712766,0.013381595,0.0051005892,-0.49231884,-0.5209229,-0.22268719,0.82404475,0.60228237,-2.7376183,3.96
31,14200,7.100000,11,1.6180146,0.42734438,1.3212454,0.28597056,-0.1344399,-0.11407633,0.068812533,-0.16427379,0.15520788,0.39485381,0.63454481,0.43116039,0.64144649,0.87441404,0.59682087,3.96
31,14200,7.100000,12,1.6180146,0.26776833,0.99109084,1.0258906,0.032350858,-0.035297938,0.0039658823,0.095455783,-0.0073133485,-0.0095296659,0.24901493,0.8969682,-0.36529388,1.9447448,1.2999974,3.96
31,14200,7.100000,13,1.6180146,0.1883987,1.4083782,1.4005393,0.012993388,-0.038864961,-0.05073323,-0.3056449,-0.13384297,0.18717061,-0.2705505,0.96079444,-0.060633839,1.6314674,1.8452792,3.96
31,14200,7.100000,14,1.6180146,0.67773098,1.0631883,1.477024,0.063606915,0.060221653,0.07462067,0.41938805,0.36882821,0.27653051,-0.77849307,-0.4051151,0.47940619,1.0708184,-2.6617714,3.96
31,14200,7.100000,15,1.6180146,0.55886415,1.3860638,1.0548446,-0.049448975,-0.0089257185,0.047027102,-0.2708412,0.026059697,-0.082811591,0.51318194,-0.69892461,0.49814525,1.0493379,-0.93745486,3.96
31,14200,7.100000,16,1.6180146,0.95343161,0.16143135,0.17391061,-0.038239701,-0.024357172,-0.055960875,0.10049994,0.23485008,-0.057747099,0.67993873,0.042323203,-0.7320465,2.3921175,0.06216541,3.96
31,14200,7.100000,17,1.6180146,0.96398382,0.67516317,0.60443439,-0.071622279,0.083765279,0.0059635185,0.38310417,0.033958408,0.086490778,-0.2139421,0.87529329,0.43369395,1.122208,1.8105195,3.96
31,14200,7.100000,18,1.6180146,1.4170804,0.32296014,0.6275583,0.010480096,0.17959307,-0.022034433,-0.15517393,0.0061097084,-0.19629184,-0.63409175,0.77325486,-0.0021392943,1.5729356,2.2576316,3.96
31,14200,7.100000,19,1.6180146,1.4077417,0.65801403,0.16857567,0.019359918,0.011246341,-0.067011968,0.15095745,0.172854,0.02374993,-0.86840584,0.49207231,-0.061123936,1.6319584,2.6260649,3.96
31,14200,7.100000,20,1.6180146,1.0052965,0.21852712,0.96729871,0.0056590298,0.024629519,0.01547007,0.3365292,-0.052221196,0.053445874,0.26161034,0.70457344,0.65964861,0.85044519,1.2152707,3.96
31,14200,7.100000,21,1.6180146,1.0987196,0.54031246,1.3476653,0.082665815,-0.02525102,-0.0612416,0.027478277,-0.29062193,-0.18677978,0.27086239,0.95686645,-0.10507213,1.6760628,1.294941,3.96
31,14200,7.100000,22,1.6180146,1.4133843,0.16430307,1.4048153,-0.005280401,-0.094130702,-0.016157945,0.079214736,-0.74935928,-0.14351882,-0.53367895,0.51402866,0.67153653,0.83451581,2.3749478,3.96
31,14200,7.100000,23,1.6180146,1.3991645,0.67925933,0.94766753,-0.037305979,0.11316017,0.0068619732,-0.17165968,-0.0035567736,-0.18872518,0.97552579,0.071080874,-0.20807917,1.7804071,0.072735626,3.96
31,14200,7.100000,24,1.6180146,1.0465728,1.063376,0.22208578,0.054572599,0.07252768,0.011735958,-0.032759844,-0.07675012,-0.1119891,-0.87546109,0.11301668,0.4698884,1.081632,3.0132088,3.96
31,14200,7.100000,25,1.6180146,0.9958402,1.4347702,0.59591273,-0.03654297,0.055558139,-0.015123789,-0.35189548,0.15211184,-0.10720179,-0.0034153683,0.98202608,0.18871437,1.3809435,1.5742742,3.96
31,14200,7.100000,26,1.6180146,1.3624553,1.0199476,0.57270815,-0.067395301,0.018267322,-0.049061792,-0.12019538,0.17284444,-0.13057494,-0.0089347881,0.73969254,0.67288566,0.83269355,1.5828748,3.96
31,14200,7.100000,27,1.6180146,1.3995173,1.4425975,0.22936892,-0.064507216,-0.012668785,0.00079884531,0.050259517,0.61356348,0.14638141,0.47175991,-0.80698678,0.35526739,1.2075962,-1.0417815,3.96
31,14200,7.100000,28,1.6180146,1.0120849,1.0863222,1.0102019,0.0059361918,0.091257238,0.035519815,0.03707646,0.11415591,0.2213654,0.8614219,-0.50465029,0.057274741,1.5134902,-0.52993825,3.96
31,14200,7.100000,29,1.6180146,1.0931141,1.38401,1.4822311,0.10057673,-0.10316667,0.034479384,0.070180483,-0.077512163,-0.036851446,0.75054823,-0.59556853,-0.28631359,1.8611735,-0.6707719,3.96
31,14200,7.100000,30,1.6180146,1.4124053,0.95298492,1.3623122,-0.02513788,-0.095124813,-0.045983309,-0.13336987,-0.056174503,0.027277233,0.92072743,0.31830708,0.22570244,1.3431323,0.33285022,3.96
31,14200,7.100000,31,1.6180146,1.3710299,1.4577898,0.91946588,0.0092473123,0.0196466,-0.12112109,0.38811879,0.32633022,0.23403704,-0.03491931,0.95988691,-0.27820454,1.8527207,1.6071589,3.96
32,14300,7.150000,0,1.6105259,0.17842748,0.14567353,0.22679408,0.040159407,-0.094242222,0.053031584,-0.11609149,0.04887591,-0.17110908,-0.85241477,0.23843475,-0.46533636,2.0548109,2.8688466,3.96
32,14300,7.150000,1,1.6105259,0.28162945,0.62416259,0.69245583,0.099194592,0.051401763,0.093098956,-0.14197098,-0.059910681,0.41759438,0.436416,-0.6604964,0.61097102,0.91350975,-0.98690845,3.96
32,14300,7.150000,2,1.6105259,0.53584866,0.15839459,0.56162684,-0.028055541,-0.035147546,-0.0029893594,0.16077241,-0.0030460378,0.15493708,0.22294419,0.22856181,-0.94765784,2.8166149,0.79783947,3.96
32,14300,7.150000,3,1.6105259,0.7692036,0.57917856,0.12913553,0.14765847,-0.022318884,-0.056454144,0.032795933,-0.075775837,-0.033902607,-0.62444219,-0.78006372,0.039655328,1.5311306,-2.245843,3.96
32,14300,7.150000,4,1.6105259,0.1818146,0.18430862,1.0118665,-0.054639072,-0.018431284,0.0039938332,-0.18887699,-0.47624091,-0.079667168,0.36759363,-0.92515385,0.094685197,1.4759691,-1.1925917,3.96
32,14300,7.150000,5,1.6105259,0.13389875,0.53853388,1.3839568,-0.12492616,-0.048895763,-0.0083604712,-0.15872541,-0.048011937,0.056912161,0.85445551,0.46901714,-0.22344731,1.7961461,0.50200415,3.96
32,14300,7.150000,6,1.6105259,0.58047867,0.19219901,1.3377052,0.01029599,0.0093095725,-0.090989102,-0.20551141,0.38553195,0.0088880591,0.91211966,-0.26361268,-0.31392051,1.8901158,-0.28134497,3.96
32,14300,7.150000,7,1.6105259,0.70027272,0.65817381,1.117147,0.045865192,0.067410873,0.18981766,0.2509545,0.23607888,0.35975258,-0.4040931,-0.81947873,0.40640297,1.1522825,-2.0289167,3.96
32,14300,7.150000,8,1.6105259,0.22632643,0.85407472,0.19643147,0.0010261247,-0.16800744,-0.033013349,0.56903794,0.035021876,-0.30044284,-0.78005356,0.36550294,0.50786223,1.038095,2.7034108,3.96
32,14300,7.150000,9,1.6105259,0.1355705,1.3857848,0.67854823,-0.072044617,-0.049470476,0.018190134,-0.069497583,-0.31630574,-0.37502146,0.17896683,0.97635411,-0.12125813,1.6923536,1.3895077,3.96
32,14300,7.150000,10,1.6105259,0.65982585,1.0651586,0.62137053,0.055076844,0.090903213,0.019399048,-0.16116191,-0.10292566,-0.27672417,-0.33266386,-0.43564301,0.83639101,0.5801307,-2.2229547,3.96
32,14300,7.150000,11,1.6105259,0.41080348,1.3262854,0.30393224,-0.14903676,-0.1028952,0.088142619,-0.4162252,0.28067077,0.35820483,0.61724766,0.52177414,0.58886083,0.94114766,0.70177302,3.96
32,14300,7.150000,12,1.6105259,0.2690975,0.98356779,1.0224369,0.034925319,-0.038240708,0.0052634512,-0.019324296,-0.18603762,0.12506342,0.28826582,0.92131338,-0.26093001,1.8347818,1.2675601,3.96
32,14300,7.150000,13,1.6105259,0.1711583,1.3934984,1.3972998,-0.0034130956,-0.047245719,-0.047483044,-0.24250878,-0.20812264,0.035729004,-0.19419283,0.97674175,-0.090910354,1.6618324,1.7670541,3.96
32,14300,7.150000,14,1.6105259,0.69116918,1.0780893,1.487076,0.080220419,0.080089538,0.091548034,0.20697816,0.35209853,0.41199158,-0.51226466,-0.42714821,0.74507001,0.73015653,-2.4465538,3.96
32,14300,7.150000,15,1.6105259,0.5473601,1.3865023,1.046243,-0.058387136,-0.0020561168,0.043299025,-0.18995143,0.21302611,-0.015905836,0.75194629,-0.5556178,0.35477547,1.2081224,-0.6363632,3.96
32,14300,7.150000,16,1.6105259,0.95234231,0.16894722,0.1706043,-0.034908465,-0.016074931,-0.058468082,0.10409958,0.038782185,-0.025387337,0.69786163,-0.02664738,-0.71573672,2.3684748,-0.03816579,3.96
32,14300,7.150000,17,1.6105259,0.98120284,0.6683268,0.60536075,-0.04989121,0.080045158,0.0096960662,0.4099911,-0.04680638,0.034252139,-0.3608383,0.90676272,0.21812173,1.3509069,1.9495267,3.96
32,14300,7.150000,18,1.6105259,1.3992822,0.3183889,0.61597919,-0.00078557723,0.17650945,-0.030729152,-0.20372856,-0.1471913,-0.16668464,-0.78623815,0.59025913,-0.18282159,1.754652,2.4976192,3.96
32,14300,7.150000,19,1.6105259,1.4017674,0.65822251,0.16752742,0.019902419,0.014507904,-0.067280612,-0.031554573,-0.0067219962,-0.03206872,-0.82686154,0.51408275,-0.22807657,1.8008981,2.5853499,3.96
32,14300,7.150000,20,1.6105259,1.0178126,0.21283487,0.95963406,0.022867817,0.019937803,0.012274997,0.2600843,-0.16512906,-0.18421259,0.41601664,0.64439183,0.64163021,0.87417455,0.99752346,3.96
32,14300,7.150000,21,1.6105259,1.0923682,0.52440681,1.3376402,0.081396707,-0.038687079,-0.065038025,-0.046463059,-0.24022581,0.017582658,0.46539111,0.87833224,0.10928671,1.4612909,1.0835488,3.96
32,14300,7.150000,22,1.6105259,1.4076103,0.12078437,1.3907702,-0.0045109992,-0.13698837,-0.023718591,-0.094559372,-0.83418466,-0.21995456,-0.67910697,0.6244964,0.38576932,1.1747548,2.398062,3.96
32,14300,7.150000,23,1.6105259,1.3888169,0.67870014,0.93143957,-0.041186782,0.11575084,-0.0050073948,-0.0034720402,0.093499204,-0.3040615,0.95600234,0.22932981,-0.18294088,1.7547733,0.23543543,3.96
32,14300,7.150000,24,1.6105259,1.0421545,1.0542467,0.21247439,0.054999211,0.068310271,0.0031324997,0.014620693,-0.084692737,-0.24006268,-0.69968254,0.093609748,0.70829482,0.7837166,3.0085936,3.96
32,14300,7.150000,25,1.6105259,0.98364298,1.4425718,0.58878634,-0.044148745,0.070033878,-0.019502244,-0.028452138,0.30736965,-0.071665565,-0.32491864,0.94398059,0.057693383,1.5130709,1.9022953,3.96
32,14300,7.150000,26,1.6105259,1.3546544,1.0205722,0.56531492,-0.068893745,0.023624977,-0.053815367,0.065770375,0.045744091,0.0080963166,0.032412155,0.76070516,0.64828783,0.86546278,1.528214,3.96
32,14300,7.150000,27,1.6105259,1.3952933,1.4648402,0.23481074,-0.0622485,0.016318019,0.0073173882,0.050868579,0.47491329,0.097387676,0.29557095,-0.89012329,0.34686934,1.2165652,-1.2501956,3.96
32,14300,7.150000,28,1.6105259,1.012435,1.0853646,1.018441,0.010982185,0.095336966,0.048464542,0.17123853,0.037206658,0.21634851,0.62912387,-0.76188153,-0.15407689,1.7254894,-0.88055003,3.96
32,14300,7.150000,29,1.6105259,1.0899492,1.3769447,1.4734677,0.10247549,-0.10382786,0.032571825,-0.0065402989,0.026788987,-0.0070925354,0.60570049,-0.55166117,-0.57340811,2.1814561,-0.73874023,3.96
32,14300,7.150000,30,1.6105259,1.4031545,0.94969442,1.3537065,-0.027857895,-0.094001968,-0.048289135,-0.011407198,0.067451659,-0.10166777,0.89646568,0.26273056,0.35682199,1.2059326,0.28509039,3.96
32,14300,7.150000,31,1.6105259,1.3736541,1.4680912,0.92819135,0.018238046,0.036734773,-0.10810984,0.039963654,0.34583475,0.25302003,-0.15232406,0.91494514,-0.3737282,1.9538216,1.7357676,3.96
33,14400,7.200000,0,1.6044543,0.1688502,0.14685639,0.21518522,0.03123794,-0.092506907,0.042257376,-0.15675039,0.044203764,-0.29803806,-0.69592156,0.34352939,-0.63061933,2.2531473,2.6830521,3.96
33,14400,7.200000,1,1.6044543,0.27524655,0.61611846,0.70908033,0.093863358,0.045699926,0.11237037,-0.092205185,-0.11072924,0.36968073,0.58965427,-0.70139844,0.40043484,1.158805,-0.87173575,3.96
33,14400,7.200000,2,1.6044543,0.54474471,0.1571802,0.57102854,-0.017118723,-0.035765967,0.008551439,0.27339762,-0.041032,0.30003416,0.24949286,0.14793946,-0.95700953,2.8473068,0.53522746,3.96
33,14400,7.200000,3,1.6044543,0.76345691,0.58166304,0.1293472,0.14480625,-0.0176421,-0.055754323,-0.076353122,0.17764626,0.031048166,-0.53058397,-0.84760034,0.0073698449,1.5634264,-2.1301027,3.96
33,14400,7.200000,4,1.6044543,0.17074036,0.16117261,1.0065316,-0.06504754,-0.04091492,0.0024707855,-0.25877376,-0.36992417,0.027515733,0.12646618,-0.98181324,0.14159475,1.4287241,-1.4426929,3.96
33,14400,7.200000,5,1.6044543,0.12435697,0.53639842,1.3830222,-0.13398025,-0.049001186,-0.0040695128,-0.30837954,0.038603279,0.1260076,0.85418054,0.51063981,0.098094748,1.4725436,0.5388095,3.96
33,14400,7.200000,6,1.6044543,0.57246388,0.20952381,1.3315371,0.0044585486,0.027393105,-0.09211624,-0.13668477,0.37144722,-0.016796612,0.79394103,-0.35286341,-0.49512126,2.0887707,-0.41822509,3.96
33,14400,7.200000,7,1.6044543,0.70639386,0.6717812,1.12585,0.054642898,0.083529989,0.20275663,0.13531326,0.42724565,0.082649396,-0.52919261,-0.68894578,0.49528669,1.0526315,-2.2257933,3.96
33,14400,7.200000,8,1.6044543,0.25937339,0.84825582,0.18127066,0.034990461,-0.17061143,-0.047460903,0.72212281,-0.072250544,-0.23159154,-0.47861433,0.21098486,0.85229908,0.55043117,2.7263953,3.96
33,14400,7.200000,9,1.6044543,0.13140947,1.3662027,0.65513875,-0.075701464,-0.063855392,-0.0027007145,-0.10793108,-0.21828822,-0.34430272,0.14788629,0.97420792,-0.17043641,1.7420689,1.4201449,3.96
33,14400,7.200000,10,1.6044543,0.64199642,1.0532549,0.61103279,0.039705894,0.083000134,0.011388714,-0.3594183,-0.19521316,-0.093651201,-0.30426044,-0.46800433,0.82969725,0.59223121,-2.1472581,3.96
33,14400,7.200000,11,1.6044543,0.38740429,1.3333483,0.31602238,-0.17092859,-0.090809397,0.10140362,-0.37370143,0.21341217,0.15107732,0.61520509,0.56522239,0.54958743,0.988926,0.74308056,3.96
33,14400,7.200000,12,1.6044543,0.26501898,0.96951377,1.0311438,0.031855488,-0.048606307,0.01784856,-0.10859927,-0.2484476,0.29930521,0.20973111,0.9509112,-0.22755384,1.8003612,1.3537138,3.96
33,14400,7.200000,13,1.6044543,0.16639599,1.372305,1.3923109,-0.0075379357,-0.063215932,-0.047203663,-0.0024872616,-0.46388966,-0.03334329,0.071263111,0.99311298,0.092995574,1.4776662,1.4991618,3.96
33,14400,7.200000,14,1.6044543,0.69464209,1.0877775,1.5029693,0.0863105,0.093868126,0.11308822,-0.042237039,0.26294885,0.29292242,-0.13036847,-0.31123316,0.94134902,0.34419018,-1.9674695,3.96
33,14400,7.200000,15,1.6044543,0.53228753,1.3922122,1.0412947,-0.071420812,0.0089014713,0.042293098,-0.3003655,0.16604152,-0.022047202,0.88682065,-0.38601962,0.25404329,1.3139379,-0.41054969,3.96
33,14400,7.200000,16,1.6044543,0.95580102,0.1673427,0.16812493,-0.027846148,-0.017044367,-0.060307762,0.16715023,-0.074164889,0.0068865082,0.60752885,0.047386737,-0.79288283,2.4863217,0.07784155,3.96
33,14400,7.200000,17,1.6044543,0.99576655,0.66487307,0.60661185,-0.031593859,0.07910922,0.013236022,0.33031551,-0.073110501,0.13174323,-0.28629176,0.95775697,0.027177411,1.5436156,1.8612611,3.96
33,14400,7.200000,18,1.6044543,1.3828617,0.30550814,0.60348907,-0.01195193,0.1648069,-0.040916308,-0.18841591,-0.29628427,-0.20298627,-0.74200578,0.49283481,-0.45446813,2.0425714,2.5553048,3.96
33,14400,7.200000,19,1.6044543,1.3939597,0.65706907,0.16326144,0.017374543,0.015838434,-0.070921904,-0.084210617,0.03581122,-0.019455406,-0.77665316,0.55276061,-0.30210194,1.8776932,2.5230433,3.96
33,14400,7.200000,20,1.6044543,1.0294969,0.20547794,0.94473656,0.038418624,0.013370845,0.00097392043,0.29740447,-0.10733672,-0.22647986,0.58007998,0.66121844,0.47570726,1.0750284,0.8506711,3.96
33,14400,7.200000,21,1.6044543,1.0884624,0.5128422,1.3363976,0.081609523,-0.048292847,-0.061230578,-0.062137213,-0.21056439,0.087807385,0.58887983,0.80477508,0.074549471,1.4961776,0.93908949,3.96
33,14400,7.200000,22,1.6044543,1.3939231,0.083931982,1.3709654,-0.012907441,-0.17345427,-0.038307799,-0.24193539,-0.56578649,-0.38232936,-0.66996173,0.70468383,0.23360648,1.3350112,2.3309409,3.96
33,14400,7.200000,23,1.6044543,1.3830033,0.68469807,0.91310313,-0.041765693,0.12432362,-0.019860407,0.031682063,0.16200637,-0.24543062,0.95432029,0.29582579,-0.041951046,1.6127597,0.30059277,3.96
33,14400,7.200000,24,1.6044543,1.0373908,1.0450995,0.19936247,0.054162767,0.063127729,-0.0092016933,0.11116917,-0.042029354,-0.18905279,-0.55918427,0.15657339,0.8141239,0.61957745,2.868581,3.96
33,14400,7.200000,25,1.6044543,0.98015755,1.4481034,0.58222625,-0.043925477,0.081024699,-0.023850859,0.085878761,0.14434768,-0.10864106,-0.71513986,0.69621242,-0.062155015,1.6329914,2.3696045,3.96
33,14400,7.200000,26,1.6044543,1.3548439,1.0200538,0.56722689,-0.063587285,0.026960392,-0.049764536,0.11223652,0.078511411,0.10850545,0.072892231,0.78589435,0.6140495,0.9096152,1.4783103,3.96
33,14400,7.200000,27,1.6044543,1.3928221,1.4815196,0.24048006,-0.059454197,0.038561791,0.013884333,0.10562735,0.46970246,0.14713541,0.031833527,-0.95746536,0.28678686,1.2799252,-1.5375609,3.96
33,14400,7.200000,28,1.6044543,1.0174499,1.0839931,1.0251261,0.019830693,0.098062357,0.059008999,0.20019103,0.11988894,0.20066436,0.45145982,-0.86956902,-0.20008433,1.7722403,-1.0919255,3.96
33,14400,7.200000,29,1.6044543,1.0860991,1.374061,1.4645837,0.10273491,-0.10151621,0.029236387,-0.076379733,-0.029439908,-0.14039037,0.34144298,-0.56832117,-0.74861722,2.4167703,-1.0297945,3.96
33,14400,7.200000,30,1.6044543,1.4042371,0.94800332,1.3421309,-0.021473456,-0.092109194,-0.054773601,0.26857356,0.079614483,-0.1663654,0.86043335,0.16273862,0.48287741,1.0668587,0.18692758,3.96
33,14400,7.200000,31,1.6044543,1.370816,1.4832175,0.94054114,0.020582923,0.057434805,-0.092230828,0.070451694,0.37113732,0.32922464,-0.23849517,0.87748764,-0.41609554,1.9999436,1.8361788,3.96
34,14500,7.250000,0,1.603893,0.16548271,0.15266532,0.20177225,0.027928937,-0.086645575,0.02891735,0.061468439,0.22463629,-0.29196319,-0.47450438,0.35659303,-0.80479004,2.506118,2.4971282,3.96
34,14500,7.250000,1,1.603893,0.27151264,0.60590165,0.72323029,0.090225095,0.035696895,0.1267709,-0.049453418,-0.25715877,0.18840679,0.58342,-0.7637226,0.27631304,1.2908407,-0.91844823,3.96
34,14500,7.250000,2,1.603893,0.55939607,0.1594481,0.59004899,-0.0022742012,-0.033442675,0.02777501,0.27853658,0.12189394,0.41222617,0.31605684,0.28180572,-0.90592142,2.704347,0.72817144,3.96
34,14500,7.250000,3,1.603893,0.76052329,0.59515101,0.13099755,0.14213924,-0.0039482496,-0.054058423,-0.061844958,0.37331942,0.10795093,-0.59522323,-0.80054398,-0.069560428,1.640413,-2.2101395,3.96
34,14500,7.250000,4,1.603893,0.15990395,0.14662336,1.0064168,-0.075826106,-0.055410321,0.0027080909,-0.20736516,-0.25508918,-0.0079648126,-0.15827025,-0.95917107,0.23439578,1.3341993,-1.7343301,3.96
34,14500,7.250000,5,1.603893,0.10529511,0.53542525,1.3892922,-0.15300194,-0.049786842,0.002685551,-0.43872919,-0.042091519,0.10751162,0.78370988,0.45903832,0.41842878,1.1390816,0.5298569,3.96
34,14500,7.250000,6,1.603893,0.56957084,0.22881399,1.329694,0.0017652976,0.046759972,-0.093493783,-0.0070060412,0.40589584,0.011495805,0.55548412,-0.48084616,-0.67839838,2.3163768,-0.71350091,3.96
34,14500,7.250000,7,1.603893,0.70635649,0.6965786,1.1289535,0.054852673,0.10856677,0.20625467,0.0069331144,0.51817466,-0.0089362281,-0.55876158,-0.45553863,0.6930152,0.80513322,-2.457613,3.96
34,14500,7.250000,8,1.603893,0.2953536,0.84173356,0.16910059,0.07106772,-0.17683804,-0.059569679,0.72232331,-0.16900894,-0.2229459,-0.10007641,0.0087174625,0.99494156,0.1006251,3.0547039,3.96
34,14500,7.250000,9,1.603893,0.11684458,1.355399,0.6481099,-0.090222918,-0.074182946,-0.0095015751,-0.44501184,-0.23263901,0.04979411,-0.018789524,0.98685739,-0.16049747,1.731991,1.5898338,3.96
34,14500,7.250000,10,1.603893,0.62571078,1.0424543,0.60937479,0.023642035,0.072566174,0.0099442138,-0.32381477,-0.23145359,0.026051438,-0.45583508,-0.41483288,0.7874821,0.66408331,-2.4032525,3.96
34,14500,7.250000,11,1.603893,0.37669633,1.3382688,0.30828082,-0.18150288,-0.085421546,0.093771268,-0.097959507,0.090703216,-0.40061973,0.65014411,0.56790565,0.50477303,1.0416773,0.71798397,3.96
34,14500,7.250000,12,1.603893,0.25496763,0.95821799,1.0472415,0.021895108,-0.059564837,0.034309862,-0.22207412,-0.20080272,0.37983352,-0.013171504,0.94304509,-0.33240408,1.9096478,1.5847624,3.96
34,14500,7.250000,13,1.603893,0.16475792,1.3466272,1.3922121,-0.0091180734,-0.088418066,-0.046815249,-0.019157766,-0.56090249,0.020522627,0.47436223,0.79477355,0.3785703,1.1825452,1.0326947,3.96
34,14500,7.250000,14,1.603893,0.68563632,1.0966547,1.5114825,0.077546194,0.10312744,0.12212884,-0.36575915,0.10788632,0.08683887,0.10015464,-0.17378209,0.97967792,0.20194694,-1.0479682,3.96
34,14500,7.250000,15,1.603893,0.52122238,1.402252,1.0373905,-0.082301655,0.019430154,0.038752626,-0.13685652,0.25098595,-0.081699638,0.93111193,-0.22288942,0.28870553,1.2779218,-0.23495851,3.96
34,14500,7.250000,16,1.603893,0.96258079,0.16264333,0.17222425,-0.020730762,-0.021686006,-0.056148894,0.13710067,-0.1870883,0.15433491,0.5706432,0.160128,-0.80543489,2.5072052,0.27357397,3.96
34,14500,7.250000,17,1.603893,1.0068641,0.65857538,0.60832553,-0.020145994,0.073043055,0.015162248,0.1426061,-0.15810824,-0.087572232,-0.059336303,0.99281286,-0.10393189,1.6749162,1.6304912,3.96
34,14500,7.250000,18,1.603893,1.3784983,0.29037356,0.59168291,-0.015832197,0.14977656,-0.052513381,-0.024962923,-0.22849426,-0.29420389,-0.55580698,0.41565663,-0.71993622,2.3745067,2.4994731,3.96
34,14500,7.250000,19,1.603893,1.3933185,0.65602031,0.16260931,0.017220901,0.015019391,-0.071517029,0.023797984,-0.079161682,-0.09041548,-0.74693499,0.60071819,-0.28500136,1.8598042,2.4642691,3.96
34,14500,7.250000,20,1.603893,1.0396151,0.20488743,0.9340667,0.048898781,0.012852132,-0.0093672543,0.095061989,0.085325036,-0.16486782,0.66576686,0.72787905,0.16415413,1.4058959,0.82993682,3.96
34,14500,7.250000,21,1.603893,1.0854945,0.50222607,1.3442975,0.079021923,-0.058731399,-0.052861728,-0.026918896,-0.21805139,0.19403364,0.69604764,0.70776279,-0.12078707,1.691879,0.79374322,3.96
34,14500,7.250000,22,1.603893,1.3799483,0.06510365,1.3558642,-0.026396992,-0.19225653,-0.052931985,-0.21656441,-0.13060769,-0.091680826,-0.60057484,0.79177099,0.11139375,1.4591709,2.2197285,3.96
34,14500,7.250000,23,1.603893,1.3834631,0.69172782,0.90137839,-0.040821898,0.13159417,-0.031267719,0.044246006,0.12412473,-0.20450718,0.97474759,0.21098766,-0.073152838,1.6440146,0.21316516,3.96
34,14500,7.250000,24,1.603893,1.0507747,1.0435771,0.19273803,0.067912037,0.061970676,-0.01575754,0.43649882,-0.029469437,-0.041487346,-0.51788647,0.3551333,0.77825057,0.67892126,2.5405043,3.96
34,14500,7.250000,25,1.603893,0.9876059,1.4533992,0.57926783,-0.03613288,0.08682808,-0.026606083,0.20454708,0.05634284,-0.066525223,-0.92126043,0.36407059,-0.13686427,1.7080915,2.7652419,3.96
34,14500,7.250000,26,1.603893,1.3609364,1.0268506,0.56975597,-0.057019655,0.034115269,-0.047036552,0.08734259,0.22930793,0.019638504,0.15051288,0.70947243,0.68847276,0.81141516,1.3617481,3.96
34,14500,7.250000,27,1.603893,1.3888043,1.4980537,0.24612787,-0.062985361,0.055617129,0.019617264,-0.1719411,0.24675249,0.075752822,-0.21216854,-0.95038332,0.22749956,1.3412872,-1.7904399,3.96
34,14500,7.250000,28,1.603893,1.0268667,1.0901486,1.0360473,0.029605107,0.10459816,0.070290781,0.17426263,0.17579899,0.20188852,0.41979068,-0.89668644,-0.14046073,1.7117231,-1.1329455,3.96
34,14500,7.250000,29,1.603893,1.0826317,1.368792,1.4606683,0.099646914,-0.10630533,0.025832718,-0.062503925,-0.13233216,0.017428365,0.059657792,-0.6546097,-0.75360937,2.4243323,-1.4799125,3.96
34,14500,7.250000,30,1.603893,1.4203956,0.95069477,1.3327388,-0.0048208118,-0.089085577,-0.063697691,0.37543301,0.002149182,-0.18744882,0.82672791,0.17013591,0.53625994,1.0047966,0.20296077,3.96
34,14500,7.250000,31,1.603893,1.3758684,1.4950594,0.95064493,0.026115836,0.069797753,-0.081796194,0.10360908,0.066703888,0.12916185,-0.1859246,0.84345156,-0.50400546,2.0990264,1.7877597,3.96
35,14600,7.300000,0,1.6072943,0.17126588,0.16643432,0.1906671,0.033355435,-0.073214553,0.017396518,0.18601742,0.32745491,-0.14694477,-0.32615866,0.32110005,-0.88910927,2.6661917,2.3640098,3.96
35,14600,7.300000,1,1.6072943,0.27032692,0.5919531,0.73464771,0.088465457,0.020479563,0.13664415,0.010621105,-0.33843994,0.19266079,0.42753829,-0.84389647,0.32411379,1.2407215,-1.1018635,3.96
35,14600,7.300000,2,1.6072943,0.57231852,0.16791109,0.6096491,0.0094495562,-0.02532641,0.046104433,0.1566736,0.14686723,0.3556853,0.31626316,0.59080405,-0.74224537,2.4072112,1.0793015,3.96
35,14600,7.300000,3,1.6072943,0.75506628,0.61370977,0.14152942,0.13507691,0.013330104,-0.043815205,-0.16298617,0.31698931,0.26047627,-0.69097761,-0.65969464,-0.29555529,1.870833,-2.3793514,3.96
35,14600,7.300000,4,1.6072943,0.15538996,0.14131079,1.011131,-0.080674055,-0.061027879,0.0052854002,-0.014774041,-0.021642863,0.10726659,-0.39461245,-0.85057352,0.34757115,1.2158168,-2.0051796,3.96
35,14600,7.300000,5,1.6072943,0.082971101,0.534374,1.400631,-0.17552538,-0.051971225,0.011069199,-0.35553815,-0.0065373936,0.13465337,0.68565278,0.42625573,0.59007314,0.9396469,0.5562074,3.96
35,14600,7.300000,6,1.6072943,0.56836163,0.24620262,1.3300307,-0.00064920879,0.063645476,-0.095974243,-0.12065662,0.31679207,-0.079252263,0.30126232,-0.48166361,-0.82294664,2.5373747,-1.0118648,3.96
35,14600,7.300000,7,1.6072943,0.70949381,0.72404846,1.1290405,0.056490337,0.13453193,0.20394995,0.041189301,0.48877086,-0.056149144,-0.43949951,-0.065938043,0.89581938,0.46052483,-2.9926735,3.96
35,14600,7.300000,8,1.6072943,0.33026891,0.83699173,0.16109783,0.10532041,-0.18335798,-0.067922196,0.72235418,-0.12060064,-0.10580938,0.15148179,-0.1403204,0.97844951,0.20798239,-0.74716692,3.96
35,14600,7.300000,9,1.6072943,0.093098442,1.3488872,0.65633107,-0.11419146,-0.083559188,-0.0026620466,-0.40719597,-0.071602456,0.18108344,-0.32911204,0.93286068,-0.14647939,1.7178047,1.9099622,3.96
35,14600,7.300000,10,1.6072943,0.61252317,1.0365269,0.60852376,0.0091428748,0.064436757,0.0078031864,-0.26420715,-0.11581505,-0.11628677,-0.68198537,-0.20541698,0.70192579,0.7926986,-2.8490313,3.96
35,14600,7.300000,11,1.6072943,0.38306743,1.3433654,0.28169733,-0.17593651,-0.083165334,0.066562848,0.21142656,0.056924516,-0.57713544,0.72323198,0.49631989,0.48021045,1.0699017,0.60143987,3.96
35,14600,7.300000,12,1.6072943,0.2393788,0.94666531,1.067397,0.0057826488,-0.073135184,0.052225612,-0.37911763,-0.28146288,0.40405597,-0.18696821,0.85217291,-0.48871691,2.0814148,1.7867759,3.96
35,14600,7.300000,13,1.6072943,0.16414567,1.3264237,1.3959853,-0.010078699,-0.11145283,-0.045995378,1.8746688e-05,-0.4356132,-0.0047088169,0.70487722,0.33233933,0.62665675,0.89354065,0.44057685,3.96
35,14600,7.300000,14,1.6072943,0.66420836,1.1080555,1.5159083,0.054688459,0.11219302,0.12334805,-0.50487935,0.23134186,0.018079666,0.16849277,-0.10974237,0.9795748,0.2024604,-0.57730118,3.96
35,14600,7.300000,15,1.6072943,0.51872226,1.4175758,1.0366511,-0.08590328,0.031767232,0.035816369,-0.020916938,0.17059705,-0.054164816,0.91894769,-0.09300211,0.38325677,1.1774766,-0.10086159,3.96
35,14600,7.300000,16,1.6072943,0.97121167,0.15607543,0.18067355,-0.014148147,-0.028591498,-0.048073374,0.13316609,-0.070194141,0.15695264,0.55842641,0.22455257,-0.7985838,2.4957349,0.38232976,3.96
35,14600,7.300000,17,1.6072943,1.0114983,0.65038549,0.59993803,-0.017649567,0.063466714,0.0054949555,0.0043774431,-0.20426995,-0.30174484,0.21869346,0.96830675,-0.12064493,1.6917359,1.3486716,3.96
35,14600,7.300000,18,1.6072943,1.3796477,0.28185725,0.57667889,-0.017604313,0.14065413,-0.068754948,0.010247576,-0.1279419,-0.35668949,-0.30996987,0.4125782,-0.85656168,2.5993659,2.2151287,3.96
35,14600,7.300000,19,1.6072943,1.3942407,0.6551291,0.15844974,0.015190545,0.012739421,-0.07601667,-0.0978548,-0.060284182,-0.10207833,-0.71458756,0.67048654,-0.1995305,1.7716751,2.3880239,3.96
35,14600,7.300000,20,1.6072943,1.0392399,0.21623482,0.92773626,0.046321684,0.023753484,-0.017669717,-0.23924452,0.28965424,-0.12348841,0.56222862,0.80386631,-0.19415955,1.766197,0.96046938,3.96
35,14600,7.300000,21,1.6072943,1.0888116,0.49517493,1.3546248,0.080035994,-0.066838987,-0.045393137,0.11836008,-0.025582578,0.096195787,0.72344079,0.60192095,-0.3381192,1.915714,0.69396575,3.96
35,14600,7.300000,22,1.6072943,1.38181,0.065265968,1.3632039,-0.027460469,-0.1922323,-0.048472267,0.086910573,0.10843523,0.17068979,-0.6149288,0.76048782,-0.20861651,1.7809565,2.2507579,3.96
35,14600,7.300000,23,1.6072943,1.3943619,0.69325668,0.89488931,-0.032865342,0.13165605,-0.039659406,0.14714327,-0.090270123,-0.20077591,0.98304951,-0.033678819,-0.18022043,1.7520069,-0.034246141,3.96
35,14600,7.300000,24,1.6072943,1.0721827,1.042702,0.19155609,0.087071389,0.058885824,-0.017346529,0.26320285,-0.020895725,0.049002444,-0.47572674,0.49877291,0.72450649,0.7604782,2.3325497,3.96
35,14600,7.300000,25,1.6072943,1.0038383,1.4542556,0.57633065,-0.022009825,0.084604698,-0.030767265,0.35160973,-0.077720726,-0.032989268,-0.99837967,0.027547996,-0.04979101,1.6206079,3.1140069,3.96
35,14600,7.300000,26,1.6072943,1.3704032,1.0409952,0.57089979,-0.050445835,0.046069662,-0.047100907,0.10422538,0.19715751,-0.017704768,0.12826289,0.60712256,0.784188,0.66940985,1.3625942,3.96
35,14600,7.300000,27,1.6072943,1.3795479,1.5107738,0.25402473,-0.075174079,0.06515035,0.026984381,-0.32657402,0.12363896,0.18076591,-0.20338826,-0.96952566,0.13657675,1.4337914,-1.777579,3.96
35,14600,7.300000,28,1.6072943,1.0418386,1.1024188,1.0452446,0.042385893,0.11454603,0.077283566,0.24372805,0.15232956,0.069970962,0.51018623,-0.85869528,-0.04850186,1.6193172,-1.0346959,3.96
35,14600,7.300000,29,1.6072943,1.081391,1.3610629,1.4675161,0.09611407,-0.11692595,0.02957902,-0.14528822,-0.24241422,0.1281827,-0.02577391,-0.5949223,-0.80336988,2.5037292,-1.6140924,3.96
35,14600,7.300000,30,1.6072943,1.442937,0.95171474,1.3316364,0.014687808,-0.090080639,-0.067622266,0.3778588,-0.099743661,-0.057345064,0.79190189,0.3027488,0.53031553,1.0118236,0.36516044,3.96
35,14600,7.300000,31,1.6072943,1.3737722,1.4872085,0.95227524,0.021107216,0.058787985,-0.082181448,-0.22289292,-0.44943965,-0.21206574,-0.13567632,0.81294804,-0.56631036,2.1728186,1.7361664,3.96
36,14700,7.350000,0,1.6095695,0.18414836,0.18240571,0.18216842,0.045986546,-0.05748988,0.0086341359,0.27153514,0.34449424,-0.098727758,-0.40584492,0.14837676,-0.90181719,2.6947529,2.7910887,3.96
36,14700,7.350000,1,1.6095695,0.27554182,0.57481319,0.73871415,0.093294275,0.0025144216,0.13966851,0.12244071,-0.38657103,-0.031411007,0.2658301,-0.85487043,0.44556806,1.1089876,-1.2693155,3.96
36,14700,7.350000,2,1.6095695,0.58376674,0.17388168,0.63103091,0.020080106,-0.019597567,0.066608744,0.28915127,0.043949968,0.39300658,0.20389853,0.87515386,-0.43878367,2.025041,1.3418939,3.96
36,14700,7.350000,3,1.6095695,0.75135491,0.62897678,0.15389041,0.13030008,0.02771819,-0.031663145,-0.010757819,0.18841393,0.12955798,-0.59541311,-0.48244448,-0.64244108,2.2684758,-2.4606217,3.96
36,14700,7.350000,4,1.6095695,0.1564567,0.14267574,1.0197596,-0.079827878,-0.059863784,0.012477576,0.073083099,0.090693956,0.16172579,-0.32447306,-0.71937604,0.61417859,0.90945163,-1.9945214,3.96
36,14700,7.350000,5,1.6095695,0.0636043,0.53359351,1.4070229,-0.19499586,-0.05350707,0.015475367,-0.40738182,-0.12231647,-0.023028612,0.62962265,0.47362527,0.61583636,0.90734926,0.64493106,3.96
36,14700,7.350000,6,1.6095695,0.56261313,0.26337752,1.3271301,-0.007197623,0.08045997,-0.10075416,-0.14826411,0.37742736,-0.053690631,-0.0078700114,-0.33801689,-0.94110714,2.7966864,-1.594075,3.96
36,14700,7.350000,7,1.6095695,0.71356337,0.74885432,1.128309,0.059553398,0.15829605,0.20162192,0.11084721,0.41705786,-0.057738819,-0.23552625,0.2936485,0.92644371,0.38594342,2.2467974,3.96
36,14700,7.350000,8,1.6095695,0.35799072,0.83175459,0.15685284,0.13255544,-0.1897754,-0.072392064,0.30103769,-0.094370065,-0.026594491,0.21843378,-0.19204516,0.95676817,0.29511681,-0.72119914,3.96
36,14700,7.350000,9,1.6095695,0.083999588,1.3516727,0.65982267,-0.12341557,-0.082683743,-0.00010133857,0.041415802,0.033532024,-0.12339611,-0.57030606,0.72496824,-0.38622797,1.967335,2.2373522,3.96
36,14700,7.350000,10,1.6095695,0.60016978,1.0324533,0.60326561,-0.0040682406,0.058899795,0.0016879545,-0.24924066,-0.14311565,-0.19121118,-0.7974355,-0.007641257,0.60335581,0.92309383,-3.1320107,3.96
36,14700,7.350000,11,1.6095695,0.39533517,1.351569,0.25841046,-0.16421931,-0.076867801,0.042893956,0.23142224,0.12447796,-0.35690859,0.70097406,0.46739507,0.53868099,1.0019256,0.58808066,3.96
36,14700,7.350000,12,1.6095695,0.22385994,0.93790653,1.0860017,-0.01006386,-0.083226887,0.069307216,-0.13656243,-0.19804443,0.27189767,-0.36814534,0.65355147,-0.66131649,2.2933688,2.0837931,3.96
36,14700,7.350000,13,1.6095695,0.16832395,1.3056201,1.3951526,-0.0061355619,-0.13411808,-0.04880217,0.10486683,-0.45666676,-0.10940145,0.61025775,-0.30208905,0.73234396,0.74903844,-0.4596547,3.96
36,14700,7.350000,14,1.6095695,0.6396244,1.1197007,1.5199231,0.029182308,0.12226257,0.12521566,-0.43003479,0.17969741,0.030500752,0.21298502,-0.12816483,0.96861301,0.25120737,-0.54170905,3.96
36,14700,7.350000,15,1.6095695,0.5225766,1.4258627,1.036743,-0.082785429,0.03804302,0.034441786,0.10078976,0.0042155244,-0.046324321,0.91137232,0.032563373,0.41029273,1.1480213,0.035714851,3.96
36,14700,7.350000,16,1.6095695,0.97685607,0.15811137,0.18969994,-0.0098815687,-0.026777779,-0.039308943,0.022632463,0.21863448,0.16006271,0.61647595,0.19334782,-0.76326537,2.4391485,0.30391765,3.96
36,14700,7.350000,17,1.6095695,1.0128483,0.63743163,0.58917843,-0.017731343,0.049601991,-0.0061056962,-0.016957364,-0.3047749,-0.17880541,0.38437913,0.921534,-0.055025081,1.6258492,1.1756293,3.96
36,14700,7.350000,18,1.6095695,1.3822024,0.27961478,0.56642968,-0.017002986,0.13801455,-0.079812663,0.052647619,0.01072745,-0.047599481,-0.11315327,0.38795831,-0.9147047,2.7255729,1.8545875,3.96
36,14700,7.350000,19,1.6095695,1.3920519,0.64963495,0.15383037,0.011031022,0.0063224318,-0.080856905,0.0049546931,-0.22763167,-0.11401438,-0.67785022,0.71766843,-0.15959668,1.7310784,2.3276693,3.96
36,14700,7.350000,20,1.6095695,1.0289314,0.23309649,0.92507008,0.034550389,0.040297361,-0.021646356,-0.27096784,0.40129604,-0.035512877,0.27165242,0.76388572,-0.5853918,2.1961596,1.2291243,3.96
36,14700,7.350000,21,1.6095695,1.0939094,0.49396229,1.3580093,0.083590049,-0.06875123,-0.043927243,-0.0035933656,-0.023310591,-0.049828256,0.65905281,0.6001693,-0.45326174,2.0412175,0.73867039,3.96
36,14700,7.350000,22,1.6095695,1.3946193,0.074905599,1.3742405,-0.016614914,-0.18269181,-0.039371861,0.26394073,0.20054064,0.18463488,-0.68816921,0.46523035,-0.55676194,2.1612789,2.5471284,3.96
36,14700,7.350000,23,1.6095695,1.404166,0.68842108,0.88973382,-0.025040581,0.12584322,-0.046077122,0.12547462,-0.078974132,-0.065301251,0.89700733,-0.35770216,-0.25966714,1.8334738,-0.37944803,3.96
36,14700,7.350000,24,1.6095695,1.0811637,1.048049,0.19523768,0.094529423,0.062754083,-0.013938504,0.071151715,0.14279913,0.14989123,-0.41606453,0.64414565,0.64184631,0.87389277,2.1442958,3.96
36,14700,7.350000,25,1.6095695,1.0232091,1.4533563,0.5811857,-0.0040726689,0.081648841,-0.026730905,0.31911362,0.0051234118,0.14617434,-0.97171778,-0.19648386,0.13099106,1.4394277,-2.9420801,3.96
36,14700,7.350000,26,1.6095695,1.3701025,1.0476345,0.57435589,-0.052684864,0.051231691,-0.044454821,-0.15258379,0.067135817,0.134963,-0.16814805,0.50826123,0.84462818,0.56492608,1.8902922,3.96
36,14700,7.350000,27,1.6095695,1.3671369,1.5160041,0.25823621,-0.089527692,0.068239808,0.030833548,-0.27579072,0.067003498,-0.023248128,-0.1581505,-0.98731953,-0.013731566,1.5845283,-1.7296287,3.96
36,14700,7.350000,28,1.6095695,1.0492872,1.1101364,1.0468818,0.048355389,0.12069874,0.077441073,-0.0091434069,0.067908008,-0.058473688,0.63613303,-0.76193972,0.12158382,1.4489109,-0.87514225,3.96
36,14700,7.350000,29,1.6095695,1.0762037,1.3484306,1.4753288,0.089400783,-0.13147463,0.035310342,-0.1562275,-0.32731689,0.10991071,0.30916472,-0.41533893,-0.85551783,2.5973464,-0.9309099,3.96
36,14700,7.350000,30,1.6095695,1.4567994,0.94616566,1.3311831,0.026499338,-0.096972058,-0.069958887,0.062520722,-0.096698633,0.033562226,0.69478164,0.51968983,0.49719308,1.0504357,0.64221357,3.96
36,14700,7.350000,31,1.6095695,1.3613135,1.4612692,0.9400443,0.0067140504,0.030763302,-0.095750791,-0.33800589,-0.58383799,-0.26858004,-0.22429616,0.84210435,-0.49046049,2.0834144,1.8311049,3.96
37,14800,7.400000,0,1.6409477,0.19788164,0.20421746,0.17957807,0.056032922,-0.039408631,0.0025511791,0.1560707,0.38316474,-0.11477359,-0.55754345,-0.11284207,-0.82244268,2.5364882,-2.9418986,3.96
37,14800,7.400000,1,1.6409477,0.28701901,0.56954476,0.74646197,0.099341481,-0.013802339,0.1330789,0.17908354,-0.25456177,-0.17358911,0.11023858,-0.77158395,0.62650272,0.89373829,-1.4288837,3.96
37,14800,7.400000,2,1.6409477,0.61084875,0.17917816,0.66244127,0.035631609,-0.017709099,0.085534616,0.31980557,-0.014717125,0.35738009,0.11770547,0.97641513,-0.18099422,1.7527936,1.4508266,3.96
37,14800,7.400000,3,1.6409477,0.77564775,0.64197985,0.1583064,0.13985323,0.02845244,-0.030260751,0.31282158,-0.098055883,-0.025467454,-0.218747,-0.46613271,-0.85724561,2.6006927,-2.0095677,3.96
37,14800,7.400000,4,1.6409477,0.16098004,0.15265475,1.049353,-0.078368713,-0.052735014,0.022098165,0.0027259296,0.11035406,0.2349134,-0.034216392,-0.65454731,0.75524635,0.71476643,-1.6230237,3.96
37,14800,7.400000,5,1.6409477,0.049303442,0.53884876,1.42534,-0.21038808,-0.05860488,0.0064500497,-0.22176765,-0.061241211,-0.27809478,0.65794335,0.54384679,0.52090423,1.0228864,0.69074303,3.96
37,14800,7.400000,6,1.6409477,0.56754344,0.29037678,1.348338,-0.013177587,0.1021157,-0.10537379,-0.081676284,0.50184363,-0.1256585,-0.23587831,-0.068882751,-0.96933822,2.8933196,-2.8574668,3.96
37,14800,7.400000,7,1.6409477,0.73626855,0.78598411,1.1460433,0.068263757,0.1806117,0.19740088,0.23648462,0.41310885,-0.068830026,-0.14633101,0.59991995,0.78656423,0.66557113,1.8100422,3.96
37,14800,7.400000,8,1.6409477,0.37127236,0.84559785,0.16377965,0.13879789,-0.19212431,-0.068560056,-0.054361755,-0.0091977085,0.13721468,0.21399469,-0.097495473,0.97195726,0.2373807,-0.42749916,3.96
37,14800,7.400000,9,1.6409477,0.095160689,1.3813132,0.66392561,-0.11398308,-0.079425194,-0.0087777219,0.26998982,0.056881994,-0.25549089,-0.55372551,0.53269394,-0.6400197,2.2653202,2.3755507,3.96
37,14800,7.400000,10,1.6409477,0.60288907,1.0479434,0.60139146,-0.012963239,0.054306841,-0.011816337,-0.20290387,-0.11879419,-0.32908174,-0.86896662,0.019357551,0.49449195,1.0535461,3.1193198,3.96
37,14800,7.400000,11,1.6409477,0.41201507,1.3860112,0.25271279,-0.15533216,-0.068851462,0.032261278,0.08721869,0.19129943,-0.079331031,0.5971258,0.55007478,0.58383089,0.94735702,0.74440737,3.96
37,14800,7.400000,12,1.6409477,0.22687275,0.94851148,1.1144641,-0.011402227,-0.090832767,0.076528588,0.048340277,-0.22970006,0.063948976,-0.48856033,0.4390139,-0.75403953,2.4249869,2.4095588,3.96
37,14800,7.400000,13,1.6409477,0.18046553,1.3111927,1.4228799,0.002639869,-0.1538081,-0.048278083,0.28544205,-0.35134957,-0.010691024,0.24691659,-0.81274068,0.52771657,1.0148862,-1.2758502,3.96
37,14800,7.400000,14,1.6409477,0.63712186,1.1531807,1.5496794,0.014353608,0.13380289,0.12534022,-0.1731541,0.26533331,-0.03576449,0.18980952,-0.068048552,0.97945992,0.20303094,-0.34423563,3.96
37,14800,7.400000,15,1.6409477,0.54027331,1.4522545,1.0561528,-0.075348016,0.036651435,0.033648207,0.17069787,-0.036808048,0.020830828,0.89152637,0.16524027,0.42175394,1.1354175,0.18326567,3.96
37,14800,7.400000,16,1.6409477,0.99134611,0.17256488,0.20348781,-0.014391556,-0.015515325,-0.029315691,-0.13338031,0.26750915,0.23434917,0.64043101,0.23102941,-0.73244353,2.3927004,0.34621098,3.96
37,14800,7.400000,17,1.6409477,1.0327331,0.63493074,0.59662718,-0.017593127,0.034817264,-0.010104223,0.0047071809,-0.28051789,-0.01555307,0.41213752,0.9110784,-0.008877995,1.5796744,1.1459796,3.96
37,14800,7.400000,18,1.6409477,1.4090428,0.2873562,0.582046,-0.017107206,0.14028306,-0.075282469,-0.050234412,0.026024249,0.19357912,0.056025915,0.30257022,-0.95147904,2.8288036,1.3877034,3.96
37,14800,7.400000,19,1.6409477,1.4202139,0.64469924,0.15376559,0.012045536,-0.011109476,-0.083891283,0.0010847818,-0.41993133,-0.058682268,-0.68649968,0.6900033,-0.22937663,1.8022335,2.3536492,3.96
37,14800,7.400000,20,1.6409477,1.0340458,0.25377227,0.94000341,0.019748972,0.056274746,-0.024717386,-0.28495316,0.24019646,-0.098955189,-0.24533963,0.50117435,-0.82983898,2.5496154,2.0260325,3.96
37,14800,7.400000,21,1.6409477,1.118165,0.50311659,1.3784154,0.086492146,-0.069222048,-0.049937107,0.093602145,0.011821617,-0.12148677,0.65389521,0.55387547,-0.51540568,2.1122773,0.70277318,3.96
37,14800,7.400000,22,1.6409477,1.4341845,0.086759939,1.4095141,-0.0043557847,-0.17239711,-0.030969826,0.2495332,0.16563074,0.14151539,-0.64174898,0.10337095,-0.75991624,2.4339806,2.9818875,3.96
37,14800,7.400000,23,1.6409477,1.4365128,0.69562614,0.90559724,-0.020115225,0.11968711,-0.04754467,0.0099186446,-0.060486606,-0.018505397,0.77753976,-0.59073413,-0.21555768,1.7880592,-0.64971058,3.96
37,14800,7.400000,24,1.6409477,1.10201,1.0734708,0.20752069,0.094300908,0.067696747,-0.0055426482,0.0080942708,-0.023007226,0.2234089,-0.37290116,0.68583625,0.62495869,0.89571771,2.0688033,3.96
37,14800,7.400000,25,1.6409477,1.0518112,1.4801116,0.6079623,0.0044994631,0.08008641,-0.011432056,0.037387412,-0.031382842,0.363908,-0.88226025,-0.29805519,0.36438984,1.1978188,-2.8157993,3.96
37,14800,7.400000,26,1.6409477,1.3861943,1.0664604,0.5948989,-0.063201313,0.049649571,-0.035198095,-0.24539356,-0.018774085,0.15985501,-0.49249601,0.29009377,0.82054451,0.60843333,2.6092801,3.96
37,14800,7.400000,27,1.6409477,1.3839487,1.5443704,0.25609284,-0.099273838,0.067063422,0.023724551,-0.096669485,-0.04482694,-0.26921344,-0.20406886,-0.96540076,-0.16234923,1.7338673,-1.7791123,3.96
37,14800,7.400000,28,1.6409477,1.0669961,1.1334796,1.0577763,0.04563501,0.12238388,0.068017783,-0.099838308,-0.012111376,-0.2842115,0.70878091,-0.64318485,0.28972896,1.2768527,-0.73691715,3.96
37,14800,7.400000,29,1.6409477,1.0898753,1.3635706,1.5055609,0.082161972,-0.14251533,0.036767154,-0.17726813,-0.098142878,-0.019131197,0.62189599,-0.22153759,-0.75111016,2.4205384,-0.34221352,3.96
37,14800,7.400000,30,1.6409477,1.4781059,0.96133872,1.3626891,0.019473713,-0.10021297,-0.064457105,-0.30250288,-0.037761755,0.20089009,0.54502247,0.66169491,0.51488868,1.0299185,0.88178437,3.96
37,14800,7.400000,31,1.6409477,1.36893,1.463013,0.95210936,-0.012027031,0.0042756946,-0.1019518,-0.38466278,-0.47434376,0.032927552,-0.34486926,0.87475332,-0.34039951,1.9181381,1.9463338,3.96
38,14900,7.450000,0,1.6456447,0.20486375,0.22033138,0.17713841,0.062439453,-0.023901416,-0.00039828458,0.15501056,0.25103009,-0.013055651,-0.71802173,-0.33052156,-0.61253596,2.2300612,-2.7101878,3.96
38,14900,7.450000,1,1.6456447,0.29248752,0.5591117,0.74020227,0.1039818,-0.025848437,0.12469453,0.048285317,-0.1812656,-0.13257479,0.027696286,-0.66236933,0.74866534,0.72474977,-1.5290067,3.96
38,14900,7.450000,2,1.6456447,0.6295314,0.17877165,0.68019451,0.052541604,-0.018627172,0.10136906,0.34885373,-0.016953855,0.15145977,0.058649648,0.99279678,-0.10447381,1.6754611,1.5117897,3.96
38,14900,7.450000,3,1.6456447,0.79563986,0.6385896,0.15523393,0.15759977,0.023232054,-0.033781323,0.32219003,-0.15114606,-0.13428536,0.17629074,-0.49133035,-0.85294552,2.5923986,-1.2263009,3.96
38,14900,7.450000,4,1.6456447,0.16304205,0.14961005,1.0638127,-0.076769766,-0.056211701,0.033537827,0.054842921,-0.099519832,0.25016688,0.19657586,-0.67538935,0.71077926,0.78019091,-1.2875655,3.96
38,14900,7.450000,5,1.6456447,0.043749984,0.53525473,1.413315,-0.21607454,-0.063733971,-0.0096318559,0.01051751,-0.078346382,-0.31700278,0.72726472,0.55738683,0.40050711,1.1587261,0.65392441,3.96
38,14900,7.450000,6,1.6456447,0.56536994,0.31616906,1.3465432,-0.016970192,0.12704119,-0.11101997,-0.08394641,0.51874126,-0.083789678,-0.34935435,0.28613759,-0.89223137,2.6730589,2.4553452,3.96
38,14900,7.450000,7,1.6456447,0.74387052,0.80675145,1.1515798,0.073750399,0.19910282,0.19965373,0.032837585,0.33498624,0.11464835,-0.22429148,0.80347844,0.55146688,0.98667467,1.8430172,3.96
38,14900,7.450000,8,1.6456447,0.36312554,0.84885755,0.1721849,0.12960148,-0.19128623,-0.060634934,-0.27136091,0.0085750442,0.112369,0.093875398,-0.016583139,0.99544583,0.095473835,-0.17484671,3.96
38,14900,7.450000,9,1.6456447,0.11032838,1.3918265,0.64683385,-0.099109033,-0.072875119,-0.027742789,0.31938301,0.17104545,-0.41277621,-0.40099307,0.49390421,-0.77153301,2.4520436,2.2527419,3.96
38,14900,7.450000,10,1.6456447,0.59176396,1.0463881,0.58456496,-0.025795715,0.04975839,-0.03033779,-0.37056322,-0.056869053,-0.39114713,-0.8983557,-0.068548369,0.43388726,1.1219935,-3.065436,3.96
38,14900,7.450000,11,1.6456447,0.41474162,1.4036747,0.25821157,-0.15378717,-0.055174845,0.037029887,-0.025236371,0.23582995,0.16935009,0.5211673,0.74024733,0.42475703,1.1321028,0.95736088,3.96
38,14900,7.450000,12,1.6456447,0.22515909,0.9386012,1.1191526,-0.013761907,-0.10344003,0.078025001,-0.10808883,-0.30576207,-0.056449804,-0.48857704,0.29071872,-0.82266342,2.5368763,2.6048345,3.96
38,14900,7.450000,13,1.6456447,0.19869715,1.3031295,1.4265726,0.020329653,-0.16560764,-0.048657617,0.34200851,-0.18085546,0.023155789,0.071475296,-0.95614772,0.2840296,1.2828021,-1.4961817,3.96
38,14900,7.450000,14,1.6456447,0.63740945,1.1676548,1.5450865,0.012819695,0.14496023,0.11632443,0.067007451,0.17540589,-0.31974673,0.1696789,-0.072202917,0.98285086,0.18546365,-0.40231675,3.96
38,14900,7.450000,15,1.6456447,0.55709136,1.4536891,1.0639985,-0.060098227,0.033933052,0.038463945,0.40559123,-0.098779967,0.14666165,0.81635648,0.2081026,0.53875357,1.0018394,0.24960042,3.96
38,14900,7.450000,16,1.6456447,0.98667499,0.1867867,0.21827365,-0.021889578,-0.0018070445,-0.015132583,-0.15471642,0.23914036,0.35153957,0.67259271,0.35797474,-0.64766746,2.2753154,0.48909878,3.96
38,14900,7.450000,17,1.6456447,1.0372777,0.6236284,0.59498054,-0.01600684,0.021716226,-0.013453858,0.091784265,-0.29150858,-0.098360936,0.35583842,0.93453959,0.0038432281,1.5669531,1.2069825,3.96
38,14900,7.450000,18,1.6456447,1.4128311,0.29140305,0.59422524,-0.017351781,0.14350278,-0.064784278,0.029059818,0.11998698,0.17806245,0.18683576,0.21558854,-0.95844352,2.8522916,0.85672587,3.96
38,14900,7.450000,19,1.6456447,1.4234928,0.62623365,0.1487338,0.011260368,-0.03139146,-0.0893554,-0.05883666,-0.39496777,-0.10805198,-0.6055596,0.60472755,-0.51730277,2.1144926,2.356882,3.96
38,14900,7.450000,20,1.6456447,1.0279488,0.26271081,0.93621619,0.010705048,0.064475172,-0.031186014,-0.06062104,0.11399102,-0.15890511,-0.65043621,0.11368027,-0.75100568,2.4203802,2.9685649,3.96
38,14900,7.450000,21,1.6456447,1.1264166,0.50895617,1.3761837,0.091535871,-0.064828863,-0.0561056,0.079123693,0.16900831,-0.067287887,0.65178045,0.40962334,-0.63827186,2.2630476,0.56108947,3.96
38,14900,7.450000,22,1.6456447,1.451241,0.090874197,1.4199814,0.0085770339,-0.16853671,-0.024546269,0.23605202,0.0035195826,0.088197839,-0.52807806,-0.12337285,-0.84018611,2.5684226,-2.912083,3.96
38,14900,7.450000,23,1.6456447,1.4360777,0.69321154,0.90766623,-0.024655717,0.11528765,-0.048067104,-0.12120698,-0.058812712,0.059760814,0.6088287,-0.79083224,-0.062545816,1.633383,-0.91470662,3.96
38,14900,7.450000,24,1.6456447,1.1054493,1.0785212,0.22170007,0.094585402,0.069671583,0.008023333,-0.04607198,0.033246446,0.30776557,-0.41922035,0.65133952,0.63246433,0.88606577,2.1426791,3.96
38,14900,7.450000,25,1.6456447,1.0514164,1.4794341,0.62812013,0.0010988008,0.075179348,0.0069592653,-0.16051118,-0.023719457,0.25605823,-0.81039241,-0.23507893,0.53665821,1.0043246,-2.8592611,3.96
38,14900,7.450000,26,1.6456447,1.379114,1.0686284,0.6032803,-0.074233659,0.04876621,-0.028529049,-0.1760603,0.036482851,0.12325743,-0.68874023,0.077253886,0.72088053,0.76572435,3.0298926,3.96
38,14900,7.450000,27,1.6456447,1.3893573,1.5479928,0.24273445,-0.097828704,0.066266386,0.0096532402,0.11259096,-0.036068517,-0.25754379,-0.3642457,-0.88710639,-0.28349131,1.8582292,-1.9604069,3.96
38,14900,7.450000,28,1.6456447,1.0566109,1.1357717,1.0480969,0.032214843,0.12143285,0.055328806,-0.42505083,-0.10186611,-0.206226,0.71817521,-0.5715359,0.39695225,1.1626024,-0.67218501,3.96
38,14900,7.450000,29,1.6456447,1.0840653,1.3700121,1.5070601,0.073245004,-0.13998055,0.033960931,-0.096381215,0.15881548,-0.064751753,0.82485288,-0.11218309,-0.55410529,2.1580841,-0.13517438,3.96
38,14900,7.450000,30,1.6456447,1.4637954,0.9635213,1.3800794,0.00095871245,-0.1007813,-0.050986556,-0.45529707,0.038189861,0.37005384,0.33903495,0.75404423,0.56255897,0.97331858,1.1482567,3.96
38,14900,7.450000,31,1.6456447,1.362115,1.4424908,0.9581627,-0.022745047,-0.020398917,-0.09862851,-0.05057695,-0.46770536,0.16166041,-0.39117896,0.87712076,-0.27863631,1.8531702,1.9903028,3.96
39,15000,7.500000,0,1.6406694,0.21412912,0.23136144,0.17308422,0.072339182,-0.012187489,-0.0039222628,0.21529325,0.26835189,-0.15345371,-0.84345852,-0.41119343,-0.34568437,1.9237643,-2.6879879,3.96
39,15000,7.500000,1,1.6406694,0.29659544,0.55446465,0.72985256,0.10898157,-0.028809597,0.11657039,0.15655751,-0.015372974,-0.17962297,-0.22156622,-0.55038309,0.80497632,0.63516078,-1.9535139,3.96
39,15000,7.500000,2,1.6406694,0.63916871,0.1775241,0.68330159,0.064099698,-0.01933531,0.10654043,0.10487855,-0.010884951,0.0044636807,-0.031657572,0.94357895,-0.32963095,1.906709,1.6043343,3.96
39,15000,7.500000,3,1.6406694,0.80625414,0.63019778,0.14370441,0.17063928,0.016761103,-0.044858294,0.2228319,-0.099526254,-0.27431304,0.43377056,-0.51402467,-0.74001469,2.4038885,-0.86987119,3.96
39,15000,7.500000,4,1.6406694,0.16179996,0.14408031,1.0729525,-0.077520065,-0.06129682,0.045912672,-0.059505344,-0.14094762,0.26549801,0.38592728,-0.71408595,0.5840731,0.94705866,-1.0753152,3.96
39,15000,7.500000,5,1.6406694,0.051436143,0.53046568,1.3946081,-0.20824425,-0.06690957,-0.024087735,0.21852805,-0.046805584,-0.23270559,0.74647038,0.56081002,0.35815374,1.2045066,0.64432131,3.96
39,15000,7.500000,6,1.6406694,0.5564188,0.33629424,1.3392138,-0.024223016,0.14815422,-0.11428328,-0.17527175,0.31983981,-0.068009994,-0.47377111,0.65725122,-0.58614143,2.1970845,2.1953705,3.96
39,15000,7.500000,7,1.6406694,0.73685726,0.81613327,1.1503142,0.068978885,0.21094165,0.20187307,-0.2007152,0.066526496,0.023066257,-0.38881942,0.89723244,0.20926876,1.3599692,1.9797217,3.96
39,15000,7.500000,8,1.6406694,0.35093977,0.84448797,0.17356742,0.11849675,-0.19309217,-0.058728958,-0.26350059,-0.028713148,-0.022391526,0.0051588385,0.013406637,0.99989682,0.014365435,1.203464,3.96
39,15000,7.500000,9,1.6406694,0.12651972,1.3920879,0.62731487,-0.082559077,-0.068398958,-0.045332803,0.32734889,0.005877914,-0.29230316,-0.34083945,0.39063129,-0.85512319,2.5965847,2.2882285,3.96
39,15000,7.500000,10,1.6406694,0.57412657,1.0431725,0.56322066,-0.041668032,0.049706332,-0.049944429,-0.2129566,0.073416081,-0.3696196,-0.8820844,-0.20643317,0.42345302,1.1335428,-2.9117012,3.96
39,15000,7.500000,11,1.6406694,0.41102875,1.4135577,0.26684946,-0.15624986,-0.041026601,0.046462714,-0.051688408,0.27859595,0.15179975,0.37137973,0.90843585,0.19188903,1.3777097,1.1827163,3.96
39,15000,7.500000,12,1.6406694,0.22084467,0.92126105,1.1109309,-0.017401107,-0.11796446,0.073179454,-0.066915328,-0.30850063,-0.11919451,-0.47139222,0.2590801,-0.8430106,2.5736522,2.6390518,3.96
39,15000,7.500000,13,1.6406694,0.211336,1.2956815,1.4267667,0.033589305,-0.16912113,-0.044143706,0.16791502,-0.048124971,0.13763239,0.14859621,-0.98341062,0.1040323,1.4665755,-1.4208279,3.96
39,15000,7.500000,14,1.6406694,0.63955864,1.1716544,1.5244097,0.016902165,0.15250147,0.10029465,0.12054019,0.13899636,-0.30272468,0.12399815,-0.12019669,0.98497574,0.17356284,-0.76983213,3.96
39,15000,7.500000,15,1.6406694,0.57954779,1.4422377,1.0665814,-0.035920925,0.026865895,0.044272446,0.57252313,-0.1834252,0.066200524,0.75051008,0.19150398,0.63250363,0.88601503,0.249834,3.96
39,15000,7.500000,16,1.6406694,0.97816191,0.19992928,0.23770625,-0.027427991,0.011921036,0.0049903953,-0.045338822,0.2068083,0.47395503,0.74528848,0.44260678,-0.49864247,2.0928283,0.53590225,3.96
39,15000,7.500000,17,1.6406694,1.038087,0.60921863,0.58734495,-0.012055525,0.0091729068,-0.019299472,0.090603896,-0.19659183,-0.13127231,0.28902028,0.95732072,-0.0020767539,1.5728731,1.2775924,3.96
39,15000,7.500000,18,1.6406694,1.4111509,0.29260933,0.6021684,-0.014756624,0.14559323,-0.055029811,0.026653542,0.021846033,0.15923583,0.2906142,0.072988263,-0.95405246,2.8372778,0.24606237,3.96
39,15000,7.500000,19,1.6406694,1.4182158,0.60901014,0.14403846,0.010285556,-0.046744895,-0.093607506,-0.022987339,-0.18817633,-0.065371432,-0.331289,0.46145705,-0.82298541,2.5374429,2.1934478,3.96
39,15000,7.500000,20,1.6406694,1.0261328,0.26067937,0.92894653,0.011998784,0.063236121,-0.035631916,0.16075682,-0.084196601,0.1010366,-0.79036051,-0.2140316,-0.57403897,2.1822263,-2.877133,3.96
39,15000,7.500000,21,1.6406694,1.1291657,0.51710829,1.3688304,0.097699796,-0.055123303,-0.059303032,0.1735931,0.166876,-0.1401163,0.61452468,0.10350002,-0.78207875,2.4687909,0.16685694,3.96
39,15000,7.500000,22,1.6406694,1.4557386,0.086466944,1.4205429,0.017475685,-0.17267548,-0.019684381,0.079311196,-0.11304084,0.092661791,-0.37083337,-0.08729417,-0.92458766,2.7507481,-2.9104017,3.96
39,15000,7.500000,23,1.6406694,1.4239321,0.68551617,0.90981284,-0.032471352,0.10967959,-0.043168907,-0.21182809,-0.10974679,0.13698775,0.39626116,-0.91751898,-0.03370471,1.6045074,-1.1631099,3.96
39,15000,7.500000,24,1.6406694,1.0973805,1.0736649,0.23387126,0.089851553,0.068073658,0.020884269,-0.15314474,-0.025466011,0.20400718,-0.55110051,0.55512399,0.62299726,0.89822773,2.3525574,3.96
39,15000,7.500000,25,1.6406694,1.0333218,1.4687246,0.63356523,-0.013839626,0.068933217,0.014314514,-0.42690587,-0.18429688,0.07722637,-0.71697356,-0.18415013,0.67233745,0.83343438,-2.8901833,3.96
39,15000,7.500000,26,1.6406694,1.3618186,1.0685136,0.61100086,-0.087379498,0.051886915,-0.018970109,-0.25643083,0.085177949,0.23443919,-0.73458096,-0.10103442,0.67095667,0.8352981,-3.00491,3.96
39,15000,7.500000,27,1.6406694,1.3928761,1.5460894,0.23423359,-0.090097695,0.069047294,0.0018744628,0.16456788,0.10737876,-0.13414512,-0.58772143,-0.7217797,-0.36553741,1.9450064,-2.2541764,3.96
39,15000,7.500000,28,1.6406694,1.0332973,1.1233133,1.0355274,0.012065232,0.11239462,0.04591376,-0.40112957,-0.145032,-0.168288,0.638817,-0.63996648,0.42703131,1.1295892,-0.78629705,3.96
39,15000,7.500000,29,1.6406694,1.0778406,1.3757521,1.4939057,0.070293347,-0.13008355,0.025349855,0.066572477,0.21224801,-0.22132896,0.88660367,-0.11332536,-0.44843205,2.0358067,-0.12713029,3.96
39,15000,7.500000,30,1.6406694,1.4350082,0.96338511,1.3971377,-0.023439897,-0.098000237,-0.02972365,-0.52631062,0.055414583,0.44557718,0.13713619,0.73120806,0.66822783,0.83897218,1.3854026,3.96
39,15000,7.500000,31,1.6406694,1.3623197,1.4243742,0.96537383,-0.018415673,-0.034175264,-0.088505211,0.21541266,-0.15132666,0.26860611,-0.46570603,0.85141665,-0.24126247,1.8144629,2.0713163,3.96
