frame,step,time_ps,molecule_id,box_nm,x_nm,y_nm,z_nm,dx_nonaffine_nm,dy_nonaffine_nm,dz_nonaffine_nm,vx_nm_ps,vy_nm_ps,vz_nm_ps,dipole_ux,dipole_uy,dipole_uz,theta_rad,phi_rad,dipole_debye
0,11100,5.550000,0,1.682396,0.23240797,0.23703002,0.22655876,-0.018608568,0.018620569,-0.0010284522,-0.46975329,0.41671688,0.03621925,0.59193357,0.79390204,0.13904745,1.4312969,0.930117,1.7
0,11100,5.550000,1,1.682396,0.2019396,0.63225657,0.65668848,-0.0027639591,0.0045256483,-0.00081066112,-0.021122699,0.087677988,-0.071760404,-0.45816437,0.010952249,0.88880001,0.47607622,3.1176926,1.7
0,11100,5.550000,2,1.682396,0.63924348,0.21755198,0.55919006,0.003134136,-0.0014293361,-0.018542158,0.080657546,0.045162282,-0.35237754,-0.59209775,-0.35509761,0.7234127,0.76206376,-2.6013732,1.7
0,11100,5.550000,3,1.682396,0.61654105,0.64103362,0.18743399,0.0048456136,-0.0052912381,0.012076586,0.13997228,-0.0827772,0.20253375,0.26312897,-0.9639013,-0.040711619,1.6115192,-1.304306,1.7
0,11100,5.550000,4,1.682396,0.20513934,0.16065621,1.0878865,0.0060267304,-0.013547413,-0.013589977,0.067382715,-0.21536747,-0.26721889,0.23818792,-0.95679547,0.16676015,1.4032534,-1.3268124,1.7
0,11100,5.550000,5,1.682396,0.19394133,0.70628727,1.4953408,-0.0049651705,-0.015129221,0.0032220949,-0.01381859,-0.49636536,0.1808238,0.40906496,-0.66967551,0.61983915,0.90225862,-1.0224439,1.7
0,11100,5.550000,6,1.682396,0.59808462,0.16054924,1.5122081,-0.003538866,-0.0052394358,-0.002814957,-0.024511749,-0.054840078,-0.090211079,0.4721886,-0.77078311,-0.42770472,2.0127483,-1.0211571,1.7
0,11100,5.550000,7,1.682396,0.59416199,0.60337409,1.0666425,-0.0041018773,-0.0025964619,0.0016245674,-0.1253844,0.0040375708,-0.055808949,0.10048404,-0.95694605,0.27231821,1.2949949,-1.4661748,1.7
0,11100,5.550000,8,1.682396,0.2325055,1.0731289,0.23144551,-0.0019697783,0.010432256,-0.0084788152,-0.063003531,0.11772361,-0.18174914,-0.42033066,0.72110388,-0.55075525,2.1540651,2.0985466,1.7
0,11100,5.550000,9,1.682396,0.21497213,1.526437,0.60932654,-0.011131553,0.00033631216,-0.003553712,-0.20492306,-0.070734127,-0.097006254,-0.23707758,0.45162841,0.86013139,0.53526913,2.0541959,1.7
0,11100,5.550000,10,1.682396,0.65705331,1.055413,0.64251794,0.0087910898,0.027493463,0.011047068,0.11244066,0.50729024,0.18369211,0.058614507,0.67373422,0.73664546,0.74269975,1.4840154,1.7
0,11100,5.550000,11,1.682396,0.57911249,1.4199025,0.19559434,-0.01166883,-0.00066859764,0.0092129915,-0.13628761,0.052613192,0.16020066,0.56377335,-0.82530126,0.032209219,1.5385815,-0.97149461,1.7
0,11100,5.550000,12,1.682396,0.19482988,1.0943776,0.99600439,0.0080329604,-0.0043066945,-0.0022819076,0.078287131,-0.11757115,-0.033405706,0.60606863,0.0870661,-0.79063285,2.4826382,0.14268099,1.7
0,11100,5.550000,13,1.682396,0.17461057,1.466505,1.4648612,0.0028894384,-0.011100778,-0.016703713,0.088005673,-0.1724018,-0.25454451,0.21139455,-0.70600235,-0.67592383,2.3130139,-1.2798674,1.7
0,11100,5.550000,14,1.682396,0.66012689,1.0270696,1.4340055,0.0008900119,-0.010569017,0.016109725,0.014479763,-0.2376887,0.36986707,-0.91868916,-0.15084475,-0.36504259,1.9444749,-2.9788492,1.7
0,11100,5.550000,15,1.682396,0.60751482,1.4345945,1.0408438,0.00035960357,-0.004015692,2.3117856e-05,0.012887939,-0.050412902,0.029795184,0.89843081,-0.13869722,-0.41663554,2.0005375,-0.15316804,1.7
0,11100,5.550000,16,1.682396,1.0863234,0.16542671,0.20740542,-0.011469505,-0.0079258749,-0.0021334952,-0.29774785,-0.25980946,0.028043021,0.78969297,0.58485536,0.18528149,1.384438,0.63746507,1.7
0,11100,5.550000,17,1.682396,1.0566344,0.69781721,0.68367242,0.0075243892,0.00090900402,-0.0055150652,0.18257717,-0.068424068,-0.15310109,-0.53636217,-0.23500146,0.81061084,0.62560184,-2.7286456,1.7
0,11100,5.550000,18,1.682396,1.4967204,0.2420912,0.69029904,0.0066543509,0.0015255962,-0.00087961659,0.16152611,0.069823582,-0.079911966,0.52500026,-0.55570436,-0.64464517,2.2713554,-0.81380171,1.7
0,11100,5.550000,19,1.682396,1.5226154,0.59174667,0.21974074,-0.012931595,0.0019745752,0.0078940814,-0.23954693,0.053933856,0.19010253,0.1581191,0.82523714,0.54220108,0.99774187,1.3814863,1.7
0,11100,5.550000,20,1.682396,0.96932657,0.19362409,1.0430867,0.014877309,0.0019939775,-0.0050689778,0.33320236,0.075011288,-0.07516049,0.98812095,-0.060715572,0.14117579,1.4291473,-0.061368331,1.7
0,11100,5.550000,21,1.682396,1.0687,0.54316678,1.5386081,0.0030027144,0.0024217197,-0.0028610927,0.042886357,0.025267561,-0.087871332,-0.64546337,-0.75158638,-0.13599614,1.7072152,-2.2803779,1.7
0,11100,5.550000,22,1.682396,1.4816435,0.19561776,1.4469077,-0.0088186824,-0.001870151,0.0058014336,-0.22035187,-0.0090586653,0.088864165,0.14438623,-0.80335091,0.57773691,0.954843,-1.392965,1.7
0,11100,5.550000,23,1.682396,1.4709286,0.66888684,1.0907814,0.001376209,-0.011499232,0.013017916,-0.025825686,-0.255177,0.27267263,-0.77515788,0.2155274,0.59386715,0.93493944,2.8703994,1.7
0,11100,5.550000,24,1.682396,1.0711445,1.0338602,0.18745316,0.011993737,0.0094148613,-0.0021292572,0.28578689,0.10476179,-0.11871394,-0.60747381,-0.6752186,0.41839624,1.1391175,-2.303429,1.7
0,11100,5.550000,25,1.682396,1.0869639,1.4229826,0.62979505,-0.0080065583,0.0093062155,0.0051313775,-0.13193,0.25354702,0.098661109,-0.0017457135,-0.74818448,-0.66348846,2.2962681,-1.5731296,1.7
0,11100,5.550000,26,1.682396,1.5064236,1.0385563,0.61521337,-0.0047362971,0.004341142,0.00027453622,-0.071492293,0.12536295,-0.074327113,0.20857455,0.97292948,0.099523322,1.471108,1.3596149,1.7
0,11100,5.550000,27,1.682396,1.4877286,1.4540822,0.20903255,0.012129086,0.0016562705,-0.00256258,0.22079089,-0.057357659,-0.05458361,-0.084827895,0.90091211,-0.42563083,2.0104552,1.6646773,1.7
0,11100,5.550000,28,1.682396,1.0868054,1.0959689,1.0494827,2.7904131e-05,0.008478522,0.016784411,0.035550403,0.18154414,0.37619729,-0.57296706,0.51334339,0.63889538,0.87773481,2.4110259,1.7
0,11100,5.550000,29,1.682396,1.0238497,1.4635144,1.4722896,0.012616326,-0.007946089,-0.0057327541,0.18400824,-0.11271392,-0.11253667,0.59177247,0.5469884,0.59212248,0.93710618,0.74609139,1.7
0,11100,5.550000,30,1.682396,1.4767766,1.1221633,1.4068989,0.0030004811,0.0051900319,-0.0097378676,-0.014391154,0.15592284,-0.15367683,-0.58780289,0.78643402,-0.18976116,1.7617152,2.2126494,1.7
0,11100,5.550000,31,1.682396,1.4235608,1.5319721,1.0216207,-0.0035714985,-0.0055214894,0.0021725408,-0.0092962652,-0.035934461,0.088643178,-0.48995719,0.84690643,0.20661911,1.3626781,2.0952763,1.7
1,11200,5.600000,0,1.6699121,0.20363304,0.25180682,0.23136356,-0.045760068,0.035218018,0.0054817219,-0.56061095,0.23589034,0.19506354,0.58174047,0.80790211,-0.094192363,1.6651285,0.94673174,1.7
1,11200,5.600000,1,1.6699121,0.19970188,0.63407969,0.64778042,-0.0035059931,0.01106465,-0.0048609811,-0.051114336,0.22165121,-0.06891438,-0.50921863,-0.033460541,0.8599865,0.53555311,-3.0759774,1.7
1,11200,5.600000,2,1.6699121,0.63885855,0.21682048,0.54139804,0.007508875,-0.00054323394,-0.03223582,0.083859835,0.0023070021,-0.15998784,-0.59943781,-0.14666335,0.78686986,0.66507605,-2.9016385,1.7
1,11200,5.600000,3,1.6699121,0.62141325,0.63553077,0.19540926,0.014328048,-0.0060402233,0.021477682,0.23663806,0.079089085,0.18095938,0.056424412,-0.99815334,-0.022498908,1.5932971,-1.5143276,1.7
1,11200,5.600000,4,1.6699121,0.20619269,0.15102719,1.0694637,0.0086119011,-0.022015848,-0.023979005,-0.0057876979,-0.11735882,-0.10946117,0.37369487,-0.92748777,0.010889576,1.5599065,-1.1877831,1.7
1,11200,5.600000,5,1.6699121,0.19294725,0.67530758,1.4943584,-0.0045184798,-0.040964262,0.013373372,-0.016992646,-0.52450788,0.18192121,0.48734482,-0.40306344,0.77461919,0.68468359,-0.69102458,1.7
1,11200,5.600000,6,1.6699121,0.59003518,0.15869861,1.4940706,-0.0071638375,-0.0059012044,-0.0097572514,-0.1110994,0.00024692002,-0.15010354,0.27776606,-0.8312378,-0.48154931,2.073218,-1.2483024,1.7
1,11200,5.600000,7,1.6699121,0.58234679,0.60052536,1.0555807,-0.011535902,-0.00096188681,-0.0015341899,-0.18664328,0.097256304,-0.077661453,0.054675714,-0.91700288,0.39511554,1.1646027,-1.5112425,1.7
1,11200,5.600000,8,1.6699121,0.22869961,1.0637186,0.21747341,-0.0040581884,0.0089794699,-0.020779334,-0.080370668,-0.14236133,-0.2512863,-0.48136577,0.80978965,-0.33545151,1.9128808,2.1071125,1.7
1,11200,5.600000,9,1.6699121,0.20033545,1.510934,0.60208539,-0.024221821,-0.0038556858,-0.0062836395,-0.30621043,-0.10229692,-0.062701054,-0.31679611,0.44218767,0.8391128,0.57514617,2.1924636,1.7
1,11200,5.600000,10,1.6699121,0.65630876,1.0693094,0.64643752,0.012937507,0.049302506,0.019766795,0.073463623,0.36135891,0.14689395,-0.15569288,0.61198301,0.77539443,0.68345685,1.8199186,1.7
1,11200,5.600000,11,1.6699121,0.57374656,1.416799,0.19931981,-0.012741574,0.0067917355,0.014409176,0.071363293,0.23418817,0.086733837,0.64510503,-0.75531391,0.11550062,1.4550373,-0.86393338,1.7
1,11200,5.600000,12,1.6699121,0.19862902,1.0822662,0.98561444,0.013297405,-0.0083123809,-0.0052924241,0.079829243,-0.10382142,-0.10773578,0.69910542,0.30706296,-0.64572746,2.2727719,0.41385545,1.7
1,11200,5.600000,13,1.6699121,0.17790458,1.4460618,1.4402337,0.0074962678,-0.020697784,-0.030512973,0.19691384,-0.24604906,-0.32550084,0.4402399,-0.70153279,-0.56039323,2.1656568,-1.0103726,1.7
1,11200,5.600000,14,1.6699121,0.65490448,1.0092465,1.4408732,0.00056472304,-0.020809179,0.033683587,-0.044835085,-0.22600591,0.23936349,-0.881286,-0.32160943,-0.34626921,1.9243877,-2.7916778,1.7
1,11200,5.600000,15,1.6699121,0.60550295,1.4261709,1.0362012,0.0028650032,-0.0017859221,0.0031153574,0.12555339,0.14272539,0.11850244,0.8792241,0.05143196,-0.47362405,2.0641974,0.058430399,1.7
1,11200,5.600000,16,1.6699121,1.0645492,0.14771088,0.20991959,-0.025234156,-0.024475824,0.0019348305,-0.26707929,-0.42274333,0.079707358,0.71539727,0.68281982,0.148202,1.4220464,0.7621031,1.7
1,11200,5.600000,17,1.6699121,1.0582037,0.68707842,0.6737898,0.016969381,-0.0046725642,-0.010342615,0.20793062,-0.17501212,-0.051304799,-0.46774074,-0.16278046,0.86874687,0.51812992,-2.8066879,1.7
1,11200,5.600000,18,1.6699121,1.4946924,0.24505967,0.6801178,0.015766402,0.0063082641,-0.0059575424,0.18411255,0.21294535,-0.15321393,0.63810613,-0.25209287,-0.72750928,2.385481,-0.37624413,1.7
1,11200,5.600000,19,1.6699121,1.4993847,0.58998066,0.22935448,-0.024908585,0.004609316,0.019180391,-0.25057693,0.086986042,0.2772897,0.32438472,0.70298945,0.6329142,0.88548484,1.1384729,1.7
1,11200,5.600000,20,1.6699121,0.97386899,0.19586213,1.0312326,0.026656285,0.0056824998,-0.0091984463,0.18251919,0.083299931,-0.14217043,0.92059558,-0.31695834,0.22812539,1.3406445,-0.33158523,1.7
1,11200,5.600000,21,1.6699121,1.0590343,0.54162844,1.522328,0.0012605733,0.0049231576,-0.0077425247,-0.10657673,0.07211593,-0.1621892,-0.43369841,-0.85634846,-0.28030877,1.8549121,-2.0395913,1.7
1,11200,5.600000,22,1.6699121,1.4603428,0.1928961,1.4379841,-0.019163593,-0.0031450207,0.0076210458,-0.12835856,-0.047929695,0.050097293,0.1151533,-0.7843079,0.60959071,0.91525215,-1.4250163,1.7
1,11200,5.600000,23,1.6699121,1.4633303,0.65238632,1.096104,0.0047050819,-0.023079538,0.026484551,0.062077454,-0.18739087,0.25687821,-0.81831637,0.42666541,0.38511679,1.175462,2.6609765,1.7
1,11200,5.600000,24,1.6699121,1.0787207,1.0317868,0.18003432,0.027576156,0.015033901,-0.0081796687,0.37506916,0.029359389,-0.12807441,-0.63108164,-0.53847472,0.55837347,0.97837247,-2.4352109,1.7
1,11200,5.600000,25,1.6699121,1.0703504,1.4242646,0.62807774,-0.016586368,0.021191426,0.0080983817,-0.18522921,0.21952122,0.036974521,-0.054650279,-0.54919424,-0.83390589,2.5569437,-1.6699797,1.7
1,11200,5.600000,26,1.6699121,1.4927734,1.0382261,0.60367441,-0.0072175884,0.01174488,-0.006725428,-0.058392495,0.17497956,-0.21176664,0.36203249,0.92700342,0.097964982,1.472674,1.1984711,1.7
1,11200,5.600000,27,1.6699121,1.4880397,1.4415157,0.20456002,0.02352202,-0.00012709998,-0.0054949558,0.24532073,-0.031635933,-0.031091242,-0.016984082,0.95735141,-0.28842644,1.8633794,1.5885352,1.7
1,11200,5.600000,28,1.6699121,1.0787146,1.0929163,1.0532613,1.4167412e-06,0.013577345,0.028393734,-0.012261517,-0.0055373828,0.13617173,-0.58989347,0.50496209,0.63011029,0.88910109,2.4336126,1.7
1,11200,5.600000,29,1.6699121,1.0247961,1.4498358,1.4598695,0.021191859,-0.010775517,-0.0072335599,0.18421693,0.081917957,0.038940264,0.46074412,0.50267362,0.73146025,0.75033534,0.82889234,1.7
1,11200,5.600000,30,1.6699121,1.4666801,1.1228281,1.3933959,0.0038653296,0.014215167,-0.012812641,0.025688794,0.16445715,0.084235839,-0.68821968,0.70235438,-0.1818021,1.7536151,2.3460302,1.7
1,11200,5.600000,31,1.6699121,1.4139044,1.5155465,1.0177711,-0.0026612924,-0.010598321,0.0059176313,0.034936278,-0.14603194,0.076551481,-0.56245166,0.7465084,0.35549027,1.2073578,2.2164974,1.7
2,11300,5.650000,0,1.6790293,0.17917356,0.26058559,0.24395163,-0.071261901,0.042601898,0.016775872,-0.5009189,0.056707144,0.22838164,0.54102371,0.76954132,-0.33926318,1.9169298,0.95802833,1.7
2,11300,5.650000,1,1.6790293,0.20031526,0.65010289,0.6481815,-0.0039816295,0.023591875,-0.0079880574,0.075117837,0.30454996,-0.027707964,-0.60741344,-0.063424546,0.79184988,0.65696421,-3.0375523,1.7
2,11300,5.650000,2,1.6790293,0.64447863,0.22108279,0.54240514,0.0096351954,0.002526943,-0.03417929,-0.0075410487,0.024097041,0.016138178,-0.66017702,0.012816553,0.75100069,0.72122004,3.1221813,1.7
2,11300,5.650000,3,1.6790293,0.63326144,0.64623252,0.20403085,0.022760562,0.0011721032,0.029011886,0.099512219,0.25424766,0.1338744,-0.14379011,-0.98950522,-0.01427666,1.5850735,-1.7151014,1.7
2,11300,5.650000,4,1.6790293,0.20455219,0.14585103,1.0701406,0.005853166,-0.028000274,-0.029127076,-0.009387725,-0.10651872,-0.067076032,0.42510886,-0.89947856,-0.10109782,1.6720672,-1.1292941,1.7
2,11300,5.650000,5,1.6790293,0.19269664,0.65301691,1.5087022,-0.0058189848,-0.066871367,0.019541598,-0.023582188,-0.52535437,0.016708696,0.47199396,-0.15205808,0.86838934,0.51885137,-0.31166205,1.7
2,11300,5.650000,6,1.6790293,0.58612203,0.15958911,1.4947722,-0.014279028,-0.0058772157,-0.017192609,-0.14900695,-0.0036699769,-0.11187861,0.089441621,-0.88570946,-0.45554248,2.0437778,-1.4701545,1.7
2,11300,5.650000,7,1.6790293,0.57086393,0.60963652,1.0574409,-0.026158391,0.0048547638,-0.0054265603,-0.31722843,0.10259668,-0.086225247,0.0081531862,-0.81307006,0.58210875,0.9494766,-1.560769,1.7
2,11300,5.650000,8,1.6790293,0.22456687,1.0600356,0.20582213,-0.0094249485,-0.00048537599,-0.033583096,-0.09489862,-0.25090517,-0.27600518,-0.52963645,0.82194859,-0.20948927,1.7818489,2.1432013,1.7
2,11300,5.650000,9,1.6790293,0.18607098,1.5151594,0.6028311,-0.039538363,-0.0078684882,-0.0088182311,-0.3175175,-0.033161238,-0.069039913,-0.45340435,0.49543112,0.74092679,0.73634702,2.3119304,1.7
2,11300,5.650000,10,1.6790293,0.66618011,1.0863987,0.65392371,0.019208546,0.06052317,0.023712896,0.16116514,0.094702181,0.0018249697,-0.3281419,0.498621,0.80230916,0.63964257,2.1528439,1.7
2,11300,5.650000,11,1.6790293,0.58430788,1.4357521,0.20592405,-0.0053328912,0.017979166,0.019910217,0.25470104,0.25520654,0.1093781,0.72770783,-0.67505426,0.12142097,1.449075,-0.74788014,1.7
2,11300,5.650000,12,1.6790293,0.19964817,1.081207,0.98544365,0.013232284,-0.015261549,-0.010829277,-0.081826242,-0.14391165,-0.078633573,0.68847845,0.52467075,-0.50071751,2.0952238,0.65118307,1.7
2,11300,5.650000,13,1.6790293,0.19237057,1.4405226,1.4354114,0.020954311,-0.03409556,-0.043164069,0.3362122,-0.22962586,-0.1955869,0.62174645,-0.6772661,-0.39337257,1.9750934,-0.82811206,1.7
2,11300,5.650000,14,1.6790293,0.65855,1.0034608,1.4587324,0.00063448482,-0.032074376,0.043648955,0.10140242,-0.23946047,0.14885374,-0.86672288,-0.37710774,-0.32646777,1.9033605,-2.7312017,1.7
2,11300,5.650000,15,1.6790293,0.62040765,1.4422906,1.0524333,0.014432355,0.0065246961,0.013661416,0.30505429,0.1761184,0.27199484,0.77970324,0.3926235,-0.48775983,2.0803181,0.4664876,1.7
2,11300,5.650000,16,1.6790293,1.0626213,0.1269938,0.21743481,-0.032953149,-0.045940925,0.0082866651,-0.1180564,-0.36357334,0.16257587,0.59229674,0.78574063,0.17831499,1.3915226,0.92486322,1.7
2,11300,5.650000,17,1.6790293,1.0727872,0.68108658,0.67622386,0.025751565,-0.014389179,-0.01158385,0.12356838,-0.20219141,0.04836866,-0.29984067,-0.10850291,0.94779887,0.32453574,-2.7943839,1.7
2,11300,5.650000,18,1.6790293,1.5139391,0.25702434,0.67619544,0.026822481,0.016906137,-0.013572399,0.21117454,0.21882415,-0.12961801,0.62938986,0.082616562,-0.77268552,2.4538572,0.13051831,1.7
2,11300,5.650000,19,1.6790293,1.4943256,0.59921347,0.24459507,-0.038117933,0.010604691,0.033130804,-0.30366269,0.18342432,0.19342699,0.52438483,0.60052309,0.60364938,0.92272565,0.85297908,1.7
2,11300,5.650000,20,1.6790293,0.98382281,0.20193168,1.0310061,0.031280504,0.010669131,-0.015039201,-0.0015437175,0.066628661,-0.084449133,0.80183022,-0.47045791,0.36842591,1.1934811,-0.53060507,1.7
2,11300,5.650000,21,1.6790293,1.0571213,0.5476312,1.5261592,-0.0064135433,0.0079605305,-0.012210541,-0.18181786,0.025543651,-0.047131806,-0.21068563,-0.8781245,-0.42954503,2.0147852,-1.8062721,1.7
2,11300,5.650000,22,1.6790293,1.461644,0.19221681,1.4488224,-0.025817311,-0.0048727578,0.010600328,-0.1389326,-0.033846254,0.09399323,0.029273588,-0.67242436,0.73958673,0.73834018,-1.5272894,1.7
2,11300,5.650000,23,1.6790293,1.4737109,0.64828458,1.111891,0.0070898743,-0.030722298,0.036260588,0.022150507,-0.093947576,0.16483846,-0.80225792,0.58648181,0.111451,1.4591133,2.5103374,1.7
2,11300,5.650000,24,1.6790293,1.1035198,1.0425876,0.17280833,0.046434428,0.020187479,-0.016366307,0.38143818,0.086381123,-0.17966018,-0.67878081,-0.40303373,0.613857,0.90985907,-2.6057731,1.7
2,11300,5.650000,25,1.6790293,1.0656666,1.4443261,0.63309162,-0.027085338,0.03344355,0.0096788513,-0.26228056,0.25546468,-0.00058480597,-0.03773277,-0.31335299,-0.94888679,2.8204862,-1.6906355,1.7
2,11300,5.650000,26,1.6790293,1.496854,1.0527404,0.59334184,-0.011276047,0.020566749,-0.020316869,-0.11290419,0.18830221,-0.25712459,0.54182199,0.82388994,0.16623567,1.4037853,0.98906986,1.7
2,11300,5.650000,27,1.6790293,1.5064057,1.4471111,0.20102499,0.033735971,-0.0023957462,-0.010134185,0.1453048,-0.015708792,-0.19316776,0.14615241,0.97922991,-0.14052852,1.7117915,1.4226376,1.7
2,11300,5.650000,28,1.6790293,1.0839008,1.092902,1.0575344,-0.00069989422,0.0076122933,0.026920423,0.00082582656,-0.18768679,-0.054467947,-0.65490949,0.46543206,0.59537094,0.93306908,2.5237338,1.7
2,11300,5.650000,29,1.6790293,1.0365379,1.4666942,1.4726937,0.027321896,-0.0018570394,-0.0023929777,0.080703902,0.23670273,0.11748108,0.38795479,0.25041956,0.88700684,0.4799742,0.5731957,1.7
2,11300,5.650000,30,1.6790293,1.4777624,1.135637,1.406641,0.0069316233,0.020875638,-0.00719041,0.012851501,0.058013932,0.11134137,-0.72511901,0.68105183,-0.10183727,1.6728105,2.3875227,1.7
2,11300,5.650000,31,1.6790293,1.4301811,1.5164074,1.025458,0.0058727041,-0.017991738,0.0080420755,0.27257105,-0.17525588,0.053805791,-0.64383615,0.59555626,0.48040374,1.0696813,2.3951293,1.7
3,11400,5.700000,0,1.6861113,0.15648826,0.26256296,0.25302283,-0.094653709,0.043478295,0.024801222,-0.39082815,-0.08164256,0.11577026,0.47462496,0.72851579,-0.49395941,2.087434,0.99337031,1.7
3,11400,5.700000,1,1.6861113,0.20590365,0.67317123,0.651106,0.00075188622,0.043875457,-0.0077979229,0.078921488,0.42671277,0.015217938,-0.70082918,-0.089337209,0.70771274,0.78454084,-3.0148029,1.7
3,11400,5.700000,2,1.6861113,0.64496538,0.22290281,0.54831101,0.0074082841,0.0034125957,-0.030568833,-0.11437355,-0.0016840755,0.079715201,-0.66710594,0.19110762,0.72003302,0.76694643,2.862592,1.7
3,11400,5.700000,3,1.6861113,0.64481128,0.66072926,0.20799405,0.031620715,0.012918376,0.032107988,0.2382064,0.21315126,-0.02810543,-0.34475786,-0.93297821,-0.10341025,1.6743918,-1.9247575,1.7
3,11400,5.700000,4,1.6861113,0.20752558,0.14333057,1.0723872,0.0079593423,-0.031129341,-0.031389426,0.027080281,-0.018060503,0.0087026018,0.4025273,-0.87446397,-0.27071118,1.8449281,-1.1393991,1.7
3,11400,5.700000,5,1.6861113,0.19240936,0.6310986,1.5183666,-0.0069167281,-0.09149222,0.022835549,0.0095270334,-0.42909883,0.08889479,0.40101262,0.066864604,0.91362903,0.4186735,0.16521945,1.7
3,11400,5.700000,6,1.6861113,0.57759683,0.16136208,1.4941139,-0.025253337,-0.0047796865,-0.024141056,-0.28551139,0.006433327,-0.21669318,-0.044518662,-0.88595425,-0.46163097,2.0506292,-1.6210035,1.7
3,11400,5.700000,7,1.6861113,0.55631167,0.6171203,1.057536,-0.043082881,0.0097568386,-0.0097825066,-0.37123209,0.04920922,-0.083346181,-0.021712585,-0.71473116,0.69906218,0.7967112,-1.6011657,1.7
3,11400,5.700000,8,1.6861113,0.22157981,1.0506643,0.19149856,-0.013350948,-0.014298775,-0.048742896,-0.079062322,-0.23965811,-0.31628871,-0.61078189,0.78092604,-0.13076699,1.7019389,2.2345425,1.7
3,11400,5.700000,9,1.6861113,0.17481514,1.5202794,0.60030736,-0.051553749,-0.0091366915,-0.013874012,-0.16009246,-0.036309743,-0.088010031,-0.62095601,0.51633797,0.58975311,0.94004323,2.4479249,1.7
3,11400,5.700000,10,1.6861113,0.68119381,1.0920335,0.65498022,0.031386733,0.061573501,0.022014797,0.26035112,-0.0043517516,-0.030872667,-0.49224504,0.42189643,0.76137916,0.70535853,2.432999,1.7
3,11400,5.700000,11,1.6861113,0.60223111,1.4541098,0.21433975,0.010093325,0.030255147,0.027441504,0.33066418,0.26143294,0.1687302,0.78205046,-0.6194091,0.068770972,1.501971,-0.66986357,1.7
3,11400,5.700000,12,1.6861113,0.19622488,1.0738497,0.98080422,0.0089758527,-0.027154184,-0.01960674,-0.10476085,-0.21537069,-0.22598365,0.62676361,0.63789699,-0.44749839,2.0347624,0.79420139,1.7
3,11400,5.700000,13,1.6861113,0.20747041,1.4340159,1.4376104,0.035212743,-0.046651825,-0.047011332,0.26979875,-0.16980639,-0.018385893,0.71365174,-0.67850418,-0.17416451,1.7458536,-0.76015667,1.7
3,11400,5.700000,14,1.6861113,0.66658299,0.99586598,1.4715086,0.0058787373,-0.043876822,0.050258516,0.13871338,-0.20211488,0.17594459,-0.86539136,-0.38755426,-0.31764681,1.8940431,-2.7205389,1.7
3,11400,5.700000,15,1.6861113,0.63597616,1.4565975,1.0731404,0.02735685,0.01473087,0.029895356,0.21992459,0.13585071,0.3485248,0.50108699,0.74674411,-0.43736147,2.0234589,0.97977969,1.7
3,11400,5.700000,16,1.6861113,1.064289,0.11221118,0.22825863,-0.035761529,-0.061227018,0.01817256,0.028765859,-0.21875899,0.22634831,0.43454563,0.88124242,0.18596207,1.3837454,1.1126794,1.7
3,11400,5.700000,17,1.6861113,1.0834184,0.67117147,0.68106465,0.031844982,-0.027150193,-0.0095994857,0.16415572,-0.20903011,-0.004212241,-0.10837094,-0.00073095174,0.99411026,0.10858667,-3.1348479,1.7
3,11400,5.700000,18,1.6861113,1.5225573,0.27007715,0.67798265,0.029050342,0.028849704,-0.014635078,-0.10366048,0.22653101,0.10231912,0.50995659,0.34365502,-0.78857181,2.4792794,0.59298722,1.7
3,11400,5.700000,19,1.6861113,1.4849989,0.6126262,0.25047497,-0.053714675,0.021467137,0.037968842,-0.28189933,0.26973403,0.058060057,0.71485601,0.49970627,0.48915696,1.0596734,0.61007511,1.7
3,11400,5.700000,20,1.6861113,0.99048225,0.20928359,1.0309186,0.033785,0.017155666,-0.019466077,0.11259966,0.20093206,-0.13676585,0.67878711,-0.5767108,0.45459071,1.0988837,-0.70427316,1.7
3,11400,5.700000,21,1.6861113,1.0504113,0.55027985,1.5287362,-0.01755892,0.008298615,-0.016062658,-0.2073292,0.0016859588,-0.058291584,0.061881795,-0.8599912,-0.50654296,2.1019669,-1.4989638,1.7
3,11400,5.700000,22,1.6861113,1.4598,0.18890315,1.460867,-0.033809608,-0.0089885056,0.016521469,-0.21048683,-0.12277889,0.12123795,-0.061320447,-0.50908352,0.85853001,0.53840037,-1.6906714,1.7
3,11400,5.700000,23,1.6861113,1.4798144,0.64333447,1.1195649,0.006977596,-0.038390666,0.039238389,-0.041443973,-0.17918494,-0.011422491,-0.68638714,0.72077792,-0.096705112,1.6676528,2.3317596,1.7
3,11400,5.700000,24,1.6861113,1.1289343,1.0502639,0.16371057,0.067150832,0.023459373,-0.026172316,0.3722955,0.0072100816,-0.1718901,-0.71263193,-0.2234641,0.66499588,0.84330802,-2.837728,1.7
3,11400,5.700000,25,1.6861113,1.0561797,1.4637057,0.63462691,-0.041037779,0.04670316,0.0085462064,-0.25106864,0.23710368,0.019609049,0.081900777,-0.060100012,-0.99482674,3.0398309,-0.63306193,1.7
3,11400,5.700000,26,1.6861113,1.4985805,1.070935,0.58728707,-0.015853464,0.034292093,-0.028856317,-0.173241,0.28863685,-0.11360645,0.71934676,0.65204033,0.23954883,1.3288952,0.73635842,1.7
3,11400,5.700000,27,1.6861113,1.5182008,1.4582522,0.19251899,0.039165831,0.0026310189,-0.019468448,0.051500191,0.13300282,-0.19284573,0.39465195,0.91883003,0.0010980136,1.5696983,1.165107,1.7
3,11400,5.700000,28,1.6861113,1.0872141,1.0880955,1.0589223,-0.0019557742,-0.0017842056,0.023854109,-0.039322536,-0.13626827,-0.0502717,-0.71235331,0.34328586,0.61213363,0.91204032,2.6925264,1.7
3,11400,5.700000,29,1.6861113,1.0449565,1.4850679,1.484519,0.031360031,0.010304686,0.0032088597,0.13387015,0.17035978,0.13971731,0.3084131,-0.12096959,0.94352939,0.33766921,-0.37379222,1.7
3,11400,5.700000,30,1.6861113,1.483517,1.1430566,1.418434,0.0064541925,0.023499792,-0.0013427262,-0.041590803,0.0063727579,0.092283417,-0.7296366,0.67950753,-0.076811094,1.6476832,2.3917536,1.7
3,11400,5.700000,31,1.6861113,1.4523869,1.5099436,1.0335718,0.022012172,-0.030824552,0.011822567,0.37756606,-0.3384168,0.06598407,-0.7441283,0.38843666,0.54349796,0.99619765,2.6604986,1.7
4,11500,5.750000,0,1.6896416,0.14247537,0.25570161,0.25660763,-0.10897926,0.036074946,0.027853064,-0.18175944,-0.2122869,0.044375852,0.42355935,0.75346535,-0.50287915,2.0977229,1.058674,1.7
4,11500,5.750000,1,1.6896416,0.21210935,0.69299536,0.65016233,0.0065204455,0.062270889,-0.010102442,0.17258438,0.32870914,-0.1078985,-0.77652113,-0.13875005,0.61462457,0.90888639,-2.964777,1.7
4,11500,5.750000,2,1.6896416,0.64011399,0.22664857,0.55614317,0.0012129791,0.0066882274,-0.023891682,-0.12258524,0.096682057,0.17451834,-0.63935247,0.33780111,0.69073789,0.80828732,2.655524,1.7
4,11500,5.750000,3,1.6896416,0.65725847,0.67089067,0.20824651,0.042706233,0.021687203,0.031925144,0.14718295,0.14486125,-0.0061952392,-0.5230165,-0.81619489,-0.24551912,1.8188515,-2.1406758,1.7
4,11500,5.750000,4,1.6896416,0.20901074,0.14663734,1.077075,0.0090089031,-0.028125805,-0.028949545,-0.035924306,0.088837911,0.053135323,0.3891507,-0.79079267,-0.47244966,2.0628645,-1.113487,1.7
4,11500,5.750000,5,1.6896416,0.19124405,0.61266963,1.5265498,-0.008483253,-0.11122193,0.027834363,-0.019844043,-0.36130852,0.079517412,0.30630537,0.313126,0.89896003,0.45340683,0.79640883,1.7
4,11500,5.750000,6,1.6896416,0.56745747,0.1633661,1.4847019,-0.036590181,-0.0031152658,-0.036668299,-0.2270768,0.021447528,-0.24744345,-0.15585329,-0.87166265,-0.46466544,2.0540531,-1.7477267,1.7
4,11500,5.750000,7,1.6896416,0.53909895,0.62095012,1.0560605,-0.06144118,0.012291902,-0.013468372,-0.36088327,0.029999301,-0.05204746,-0.10738764,-0.58776312,0.80187431,0.64037072,-1.7515088,1.7
4,11500,5.750000,8,1.6896416,0.21973744,1.0390614,0.17883506,-0.015654838,-0.02808702,-0.0617937,-0.06224175,-0.26526679,-0.21543193,-0.67385911,0.7284718,-0.12346149,1.6945736,2.3172699,1.7
4,11500,5.750000,9,1.6896416,0.16906448,1.5199163,0.59712609,-0.057664038,-0.012679133,-0.018307538,-0.10463782,-0.12694006,-0.072944714,-0.79479078,0.47678691,0.3754755,1.1858866,2.6012542,1.7
4,11500,5.750000,10,1.6896416,0.69526936,1.0937823,0.65597913,0.044022821,0.061036385,0.021642723,0.23086736,0.014198528,-0.056189159,-0.67223343,0.32816027,0.66363624,0.84512707,2.6874585,1.7
4,11500,5.750000,11,1.6896416,0.62056509,1.4720114,0.22183668,0.027148537,0.045096689,0.0344823,0.36829476,0.30257118,0.08004413,0.82867119,-0.55587994,-0.065586261,1.6364297,-0.59086476,1.7
4,11500,5.750000,12,1.6896416,0.18916946,1.068077,0.97532078,0.0015173845,-0.035166935,-0.027135871,-0.23066237,-0.075362922,-0.059209738,0.52689815,0.73970723,-0.41858279,2.0026806,0.95185873,1.7
4,11500,5.750000,13,1.6896416,0.22441224,1.4310318,1.4384197,0.051702939,-0.052632109,-0.049209785,0.37108351,-0.080465122,-0.045933535,0.72560846,-0.68630356,0.049797551,1.5209782,-0.75756728,1.7
4,11500,5.750000,14,1.6896416,0.67239998,0.9887635,1.4869193,0.010295445,-0.053054795,0.062575335,0.058323103,-0.11971832,0.28798239,-0.87599525,-0.4255118,-0.22709475,1.7998898,-2.6894126,1.7
4,11500,5.750000,15,1.6896416,0.64916931,1.4657626,1.0905854,0.039206027,0.020839847,0.045077556,0.21247958,0.068302894,0.30231768,0.091180714,0.94822145,-0.30424031,1.8799372,1.4749314,1.7
4,11500,5.750000,16,1.6896416,1.0695732,0.10622443,0.2357043,-0.032708873,-0.067442211,0.025133038,0.15589696,-0.075196356,0.036045252,0.30296825,0.91180717,0.27716046,1.2899588,1.250001,1.7
4,11500,5.750000,17,1.6896416,1.0925706,0.659804,0.68018362,0.038721605,-0.039909588,-0.011904085,0.11368882,-0.2981039,-0.075684952,0.13352774,0.15770246,0.97841723,0.20813868,0.86821729,1.7
4,11500,5.750000,18,1.6896416,1.5164823,0.28011714,0.68932788,0.019797128,0.038314327,-0.0047197479,-0.23681846,0.18693602,0.31365026,0.34893339,0.569071,-0.74458289,2.4107061,1.0207542,1.7
4,11500,5.750000,19,1.6896416,1.4710858,0.62833148,0.25293572,-0.070719311,0.03587466,0.039903142,-0.33999049,0.4068199,-0.019351544,0.85214894,0.43797693,0.28638852,1.280341,0.47475914,1.7
4,11500,5.750000,20,1.6896416,0.99667202,0.21839227,1.0268279,0.037896647,0.0258171,-0.025708779,0.1090782,0.16524285,-0.13798075,0.5704235,-0.65911118,0.49009129,1.0586018,-0.85740455,1.7
4,11500,5.750000,21,1.6896416,1.0429475,0.55107731,1.5237472,-0.027211923,0.0079442921,-0.024243885,-0.13994155,-0.019128889,-0.24098226,0.34181202,-0.79103256,-0.50737761,2.1029352,-1.16292,1.7
4,11500,5.750000,22,1.6896416,1.4527441,0.18045893,1.4736694,-0.04391141,-0.017819008,0.02625493,-0.18116232,-0.16746436,0.29110536,-0.20969058,-0.29991233,0.93063551,0.37465068,-2.180967,1.7
4,11500,5.750000,23,1.6896416,1.4815828,0.63835906,1.1203543,0.0056490121,-0.044706461,0.037685222,-0.016109797,-0.080297959,-0.095631364,-0.49683737,0.82561585,-0.26741559,1.8415063,2.1125221,1.7
4,11500,5.750000,24,1.6896416,1.1520532,1.0500613,0.15629331,0.087884342,0.021060313,-0.033924239,0.35435878,-0.10940581,-0.14803023,-0.66338723,-0.036709951,0.74737525,0.72669362,-3.0863119,1.7
4,11500,5.750000,25,1.6896416,1.045116,1.4751372,0.63905297,-0.054298988,0.055061261,0.011640276,-0.20869502,0.093527943,0.14210887,0.19408755,0.10744205,-0.97508268,2.9178898,0.50558391,1.7
4,11500,5.750000,26,1.6896416,1.4933437,1.0876564,0.58040397,-0.024219207,0.048756156,-0.036960577,-0.16990445,0.2615566,-0.22053941,0.84322387,0.43240887,0.31936824,1.2457336,0.47383854,1.7
4,11500,5.750000,27,1.6896416,1.522601,1.4675615,0.18123907,0.040386032,0.0088804834,-0.031139246,0.046721725,0.06784648,-0.21972501,0.57828998,0.81216291,0.077279365,1.4934398,0.95203749,1.7
4,11500,5.750000,28,1.6896416,1.0886806,1.0864933,1.0560176,-0.0027648281,-0.0056605756,0.018737712,-0.021279225,-0.032869588,-0.16290437,-0.75336337,0.18200249,0.63191671,0.88677255,2.904548,1.7
4,11500,5.750000,29,1.6896416,1.049383,1.4946927,1.4948814,0.03359631,0.01681327,0.010455414,-0.033076828,0.13030902,0.17234261,0.17721812,-0.53356332,0.82698484,0.5970729,-1.2501195,1.7
4,11500,5.750000,30,1.6896416,1.4869465,1.1457087,1.4274861,0.0067772044,0.023758322,0.0047331196,0.051794122,-0.011284251,0.13120885,-0.72972661,0.67928474,-0.077918689,1.6487941,2.3919787,1.7
4,11500,5.750000,31,1.6896416,1.473986,1.4952056,1.0363616,0.040550922,-0.048705288,0.012447716,0.30768353,-0.37023045,0.0084037815,-0.79346841,0.1911987,0.57779836,0.95476771,2.9051347,1.7
5,11600,5.800000,0,1.694544,0.13544037,0.24681079,0.25829201,-0.11641687,0.026456158,0.028791549,-0.10373393,-0.17479057,0.041372887,0.38312467,0.82408757,-0.41724713,2.0012104,1.1356145,1.7
5,11600,5.800000,1,1.694544,0.22016963,0.70843452,0.6411868,0.01395453,0.075679938,-0.020948673,0.0978666,0.21540075,-0.27382977,-0.85356363,-0.21510923,0.47450727,1.0763921,-2.8947202,1.7
5,11600,5.800000,2,1.694544,0.63393248,0.23523053,0.56757361,-0.0068141646,0.014601115,-0.014089058,-0.14504865,0.16141631,0.22078474,-0.6096618,0.4836419,0.62801514,0.89179633,2.4709533,1.7
5,11600,5.800000,3,1.694544,0.66616712,0.67877063,0.21301236,0.049697758,0.027612031,0.03608076,0.143935,0.07697149,0.17959144,-0.64257781,-0.65532641,-0.39704037,1.9790862,-2.3463724,1.7
5,11600,5.800000,4,1.694544,0.20749842,0.15529197,1.0838259,0.0068932116,-0.019908544,-0.025328887,-0.022016577,0.21961973,0.044465222,0.40606206,-0.70967961,-0.57573297,2.1842966,-1.0510865,1.7
5,11600,5.800000,5,1.694544,0.19576295,0.59718217,1.5355426,-0.0045249733,-0.12846204,0.032391401,0.10691441,-0.39370176,0.079892595,0.19357633,0.55732889,0.80741112,0.6310455,1.2365033,1.7
5,11600,5.800000,6,1.694544,0.55748171,0.16644957,1.4781606,-0.048195583,-0.00050956305,-0.047501648,-0.22530494,0.17489445,-0.13577165,-0.22978103,-0.88618851,-0.40233147,1.9848584,-1.8245005,1.7
5,11600,5.800000,7,1.694544,0.52400519,0.62292974,1.0599671,-0.078075011,0.012469611,-0.012627103,-0.30299435,-0.055114948,0.041424303,-0.35460562,-0.453268,0.81780375,0.61321199,-2.2346703,1.7
5,11600,5.800000,8,1.694544,0.21679125,1.0324513,0.17029951,-0.019233401,-0.037697964,-0.070835027,-0.073621843,-0.14582787,-0.21058953,-0.70780532,0.6791332,-0.19439578,1.7664378,2.3768645,1.7
5,11600,5.800000,9,1.694544,0.16570544,1.516041,0.59635066,-0.061508036,-0.020952407,-0.020811878,-0.031887476,-0.14687836,-0.0034566642,-0.89221574,0.44070779,0.098629238,1.4720065,2.6827987,1.7
5,11600,5.800000,10,1.694544,0.70737637,1.0951536,0.65304974,0.054097947,0.059236687,0.016817038,0.17421653,-0.037618247,-0.10555594,-0.80931901,0.20877913,0.54901186,0.9896148,2.889128,1.7
5,11600,5.800000,11,1.694544,0.63877788,1.4890626,0.22839732,0.043537055,0.057858414,0.040390725,0.31189786,0.1524581,0.10803363,0.82797506,-0.51773909,-0.21541482,1.7879129,-0.55882047,1.7
5,11600,5.800000,12,1.694544,0.17471359,1.0701236,0.97361033,-0.013465643,-0.036217789,-0.031669594,-0.3218796,0.056556339,-0.08468549,0.41993777,0.79180702,-0.44350188,2.0302984,1.0831617,1.7
5,11600,5.800000,13,1.694544,0.2448242,1.4323271,1.4423092,0.07143519,-0.055484743,-0.049493358,0.41059571,-0.052684267,0.040709634,0.67449192,-0.67985193,0.2878576,1.2788073,-0.78935579,1.7
5,11600,5.800000,14,1.694544,0.68034271,0.98780808,1.5033851,0.016278572,-0.056873531,0.074709262,0.14092295,-0.074762,0.19224707,-0.87988245,-0.45741307,-0.12876397,1.6999188,-2.6621859,1.7
5,11600,5.800000,15,1.694544,0.66062625,1.4722151,1.1074593,0.048765588,0.023036323,0.058767369,0.17744627,0.012677359,0.23901302,-0.25882796,0.93945257,-0.22458173,1.7973101,1.839636,1.7
5,11600,5.800000,16,1.694544,1.0836384,0.10865732,0.23854176,-0.021762828,-0.0653206,0.027283495,0.27023345,0.15482965,0.057331391,0.17989023,0.92089883,0.34581044,1.217694,1.3778836,1.7
5,11600,5.800000,17,1.694544,1.1021827,0.64766115,0.67660759,0.045154379,-0.053946493,-0.017445609,0.11146379,-0.27253875,-0.13203761,0.37834066,0.33380995,0.86338246,0.52886072,0.72294956,1.7
5,11600,5.800000,18,1.694544,1.5044046,0.29121369,0.70872758,0.003343301,0.048583257,0.012654737,-0.37925686,0.1498983,0.35730798,0.24944758,0.73399776,-0.63168283,2.2545184,1.2431942,1.7
5,11600,5.800000,19,1.694544,1.4587048,0.65038469,0.25217588,-0.087344473,0.056075539,0.038411583,-0.31225015,0.44036401,0.014216695,0.87412981,0.45962872,0.15696659,1.4131779,0.48408403,1.7
5,11600,5.800000,20,1.694544,1.0056214,0.22803969,1.0228873,0.043945497,0.034817828,-0.032618646,0.11193163,0.18009231,-0.1705804,0.52434052,-0.67769384,0.51555609,1.0291398,-0.91229083,1.7
5,11600,5.800000,21,1.694544,1.0406026,0.55066376,1.5135357,-0.032575029,0.0059347297,-0.038855324,-0.093640348,-0.060545665,-0.3367762,0.55780627,-0.66987289,-0.49002293,2.0829124,-0.87642919,1.7
5,11600,5.800000,22,1.694544,1.449839,0.17353856,1.4927121,-0.05102125,-0.025252202,0.041000486,-0.10793241,-0.12275321,0.30403216,-0.31424218,0.081186247,0.94586502,0.33054677,2.8887654,1.7
5,11600,5.800000,23,1.694544,1.4839638,0.63605856,1.1201149,0.003734052,-0.048853116,0.034200276,-0.11440069,-0.066767296,-0.057730962,-0.28912032,0.87136732,-0.3963943,1.9783824,1.8911669,1.7
5,11600,5.800000,24,1.694544,1.1688659,1.0460945,0.15197957,0.10133493,0.01405691,-0.038684558,0.11994625,-0.22562524,-0.08989989,-0.5235338,0.19013887,0.83051765,0.59075992,2.7932216,1.7
5,11600,5.800000,25,1.694544,1.0385675,1.47966,0.65203016,-0.063865991,0.055303731,0.022747203,-0.15362541,-0.017825189,0.27606126,0.32580803,0.058234379,-0.94364076,2.8042598,0.17687058,1.7
5,11600,5.800000,26,1.694544,1.4901858,1.1020509,0.5722681,-0.031699135,0.059978564,-0.046766256,-0.069537366,0.21321187,-0.17295273,0.91258393,0.23708308,0.3331399,1.2311646,0.25417432,1.7
5,11600,5.800000,27,1.694544,1.5259965,1.4718015,0.16958449,0.039365236,0.0088625159,-0.043302064,-0.06035341,-0.053050758,-0.30583648,0.74726928,0.65556756,0.10871888,1.4618621,0.72012226,1.7
5,11600,5.800000,28,1.694544,1.0895002,1.089817,1.0516051,-0.0051005524,-0.0054894635,0.011271981,-0.014447015,-0.007272719,-0.1237419,-0.76175153,-0.022790053,0.64746831,0.86653862,-3.1116836,1.7
5,11600,5.800000,29,1.694544,1.0509635,1.5033326,1.5061392,0.032134228,0.021110202,0.017365896,-0.039960239,0.13979727,0.093931158,0.082328771,-0.8587703,0.50570302,1.0405997,-1.4752202,1.7
5,11600,5.800000,30,1.694544,1.4980533,1.1446798,1.4342978,0.013559935,0.019411501,0.0073992173,0.19412355,-0.1401529,0.010473052,-0.73774866,0.67446629,-0.02867305,1.5994733,2.4009753,1.7
5,11600,5.800000,31,1.694544,1.4919938,1.482123,1.0376555,0.054262149,-0.06610094,0.010737119,0.22661654,-0.28856205,-0.10646199,-0.81472485,0.074547781,0.5750357,0.95814855,3.0503462,1.7
6,11700,5.850000,0,1.6941492,0.13243029,0.24116348,0.26333028,-0.11939575,0.020865688,0.033890583,-0.097771596,-0.038025614,0.12057932,0.44310726,0.84573745,-0.29729467,1.8726543,1.0881885,1.7
6,11700,5.850000,1,1.6941492,0.2237556,0.71824338,0.62357767,0.017592216,0.085654987,-0.038410473,0.051244636,0.13393992,-0.4203657,-0.88799269,-0.3515886,0.29640248,1.2698727,-2.7645943,1.7
6,11700,5.850000,2,1.6941492,0.62896102,0.24534765,0.57864482,-0.011638513,0.024774212,-0.0028843258,-0.069475701,0.17928281,0.22899493,-0.64432678,0.57241618,0.50713186,1.0389426,2.4152267,1.7
6,11700,5.850000,3,1.6941492,0.67246447,0.68105746,0.22223666,0.056151043,0.030057267,0.045355769,0.13118525,-0.023318113,0.16612288,-0.73921147,-0.39036442,-0.54880053,2.151725,-2.6557325,1.7
6,11700,5.850000,4,1.6941492,0.20408754,0.16632411,1.081897,0.0035302794,-0.0088389384,-0.027005598,-0.074446018,0.22918942,-0.11889416,0.41425277,-0.61061083,-0.67494374,2.3116848,-0.97469844,1.7
6,11700,5.850000,5,1.6941492,0.20017637,0.57862867,1.5338274,-6.5427309e-05,-0.14687857,0.031033704,0.075995703,-0.30901671,-0.072962027,0.095060641,0.80234923,0.5892361,0.94068328,1.4528682,1.7
6,11700,5.850000,6,1.6941492,0.54597761,0.17794318,1.4786576,-0.059571144,0.011024165,-0.04666024,-0.20523807,0.24893318,0.11512219,-0.24113509,-0.94154457,-0.23526091,1.8082833,-1.8215134,1.7
6,11700,5.850000,7,1.6941492,0.50981499,0.61681538,1.0622628,-0.092144779,0.0064996661,-0.010084184,-0.25477707,-0.10761557,0.016341956,-0.61798483,-0.30533813,0.72447455,0.76052453,-2.6826868,1.7
6,11700,5.850000,8,1.6941492,0.21294361,1.0269136,0.16085541,-0.023030981,-0.042995823,-0.080240558,-0.022349553,-0.089338317,-0.17634906,-0.80880353,0.53153854,-0.25160211,1.8251316,2.5601787,1.7
6,11700,5.850000,9,1.6941492,0.1686389,1.5079995,0.59859012,-0.05853563,-0.028641665,-0.018433213,0.097998551,-0.1336807,0.13550597,-0.90281581,0.40288228,-0.15036446,1.7217332,2.7218609,1.7
6,11700,5.850000,10,1.6941492,0.71083675,1.0902218,0.64862659,0.057723533,0.05455953,0.012545515,0.014422714,-0.10059094,-0.078195905,-0.8965935,0.099405844,0.43155366,1.124582,3.031173,1.7
6,11700,5.850000,11,1.6941492,0.65328991,1.4916527,0.23345162,0.058199597,0.060795715,0.045498828,0.28403216,-0.018914894,0.11213682,0.79672271,-0.50905286,-0.32572704,1.9025769,-0.56855626,1.7
6,11700,5.850000,12,1.6941492,0.159928,1.0751786,0.97302159,-0.02821225,-0.030912876,-0.032031574,-0.27369994,0.15118537,0.10027765,0.33765468,0.81609135,-0.46902476,2.0589825,1.1784962,1.7
6,11700,5.850000,13,1.6941492,0.26317471,1.4275216,1.4456627,0.089844885,-0.059957154,-0.045803468,0.36869808,-0.19402567,0.071912932,0.63088603,-0.61182694,0.47712746,1.0734131,-0.77006269,1.7
6,11700,5.850000,14,1.6941492,0.68195776,0.99058066,1.5102197,0.01805232,-0.053870496,0.081894939,-0.058627354,0.15980355,0.12999561,-0.88470479,-0.45301737,-0.10987583,1.6808945,-2.6683477,1.7
6,11700,5.850000,15,1.6941492,0.66753347,1.4701214,1.1201259,0.055827532,0.021285373,0.071693428,0.1283123,-0.15778945,0.1924769,-0.4962222,0.83966977,-0.22072201,1.793351,2.1045519,1.7
6,11700,5.850000,16,1.6941492,1.1001865,0.12066783,0.24271921,-0.0049603885,-0.053283383,0.031517012,0.36030342,0.30952547,0.21785223,0.059715064,0.91327154,0.40295062,1.1560578,1.5055034,1.7
6,11700,5.850000,17,1.6941492,1.1069775,0.63497252,0.66848903,0.050206455,-0.066485709,-0.025407474,0.10395664,-0.17872998,-0.17533314,0.64581462,0.47179969,0.60027371,0.92695304,0.63093628,1.7
6,11700,5.850000,18,1.6941492,1.486537,0.29340108,0.72733438,-0.014175976,0.050838743,0.031428821,-0.2775899,-0.0098398769,0.40633053,0.18552802,0.84109549,-0.50807256,2.1037418,1.3536938,1.7
6,11700,5.850000,19,1.6941492,1.4449334,0.66622176,0.25127625,-0.10077765,0.07206598,0.037570592,-0.12931435,0.1809117,-0.0080924171,0.82496483,0.55734673,0.093795766,1.4768625,0.59416216,1.7
6,11700,5.850000,20,1.6941492,1.0148843,0.23428768,1.0141134,0.053443748,0.041119675,-0.041155268,0.21501657,0.13401667,-0.15501181,0.50331775,-0.70566852,0.49870149,1.0486963,-0.9512333,1.7
6,11700,5.850000,21,1.6941492,1.037657,0.5484843,1.4969957,-0.035278605,0.0038833097,-0.055044614,-0.025102404,-0.042847672,-0.29225856,0.72023769,-0.4632949,-0.51634824,2.1133776,-0.57161738,1.7
6,11700,5.850000,22,1.6941492,1.4489335,0.16988075,1.50902,-0.051589065,-0.02887001,0.057658076,0.076405676,-0.04431413,0.33001943,-0.2361803,0.55360579,0.79858593,0.6458542,1.9740398,1.7
6,11700,5.850000,23,1.6941492,1.4770862,0.63301161,1.1191638,-0.0027986221,-0.051752228,0.033510069,-0.14172897,-0.08845325,0.015996215,-0.023576333,0.87504585,-0.48346552,2.0754057,1.5977328,1.7
6,11700,5.850000,24,1.6941492,1.1677917,1.0310242,0.14309385,0.10053293,-0.00077139989,-0.04753591,-0.19797868,-0.25984949,-0.23743977,-0.39445824,0.42181817,0.81637744,0.61568603,2.3226891,1.7
6,11700,5.850000,25,1.6941492,1.0286564,1.4820318,0.66695793,-0.073536236,0.058020492,0.037828615,-0.28773248,0.082412697,0.27870593,0.47135886,-0.15077957,-0.86895705,2.6238873,-0.30959658,1.7
6,11700,5.850000,26,1.6941492,1.4905034,1.1141968,0.56320885,-0.031034355,0.072382626,-0.055693237,0.085932787,0.30377111,-0.19071823,0.97288584,0.022170468,0.23022077,1.3384918,0.022784411,1.7
6,11700,5.850000,27,1.6941492,1.5234095,1.4714699,0.15220908,0.037133443,0.0088737245,-0.060639987,-0.040113822,-0.026341071,-0.35883056,0.9138707,0.40434085,0.036726273,1.5340618,0.4165565,1.7
6,11700,5.850000,28,1.6941492,1.0867515,1.0876208,1.0450106,-0.0075957415,-0.007432037,0.0049217865,-0.12024355,-0.037212518,-0.14294095,-0.68654647,-0.33038544,0.64768774,0.86625065,-2.693075,1.7
6,11700,5.850000,29,1.6941492,1.0471792,1.5113277,1.5057388,0.028594314,0.029456439,0.017316353,-0.12722138,0.15727451,-0.080912373,0.060252349,-0.99337251,0.097881143,1.4727582,-1.5102162,1.7
6,11700,5.850000,30,1.6941492,1.5095946,1.1331408,1.4324756,0.025451604,0.0081378629,0.005910939,0.27630007,-0.25528817,-0.018440853,-0.75856617,0.65025154,0.041836647,1.5289475,2.4329269,1.7
6,11700,5.850000,31,1.6941492,1.4993095,1.4682988,1.0343496,0.061926331,-0.079581436,0.0076726256,0.085928631,-0.21338232,-0.11285434,-0.80005988,0.044082514,0.59829835,0.92942059,3.0865493,1.7
7,11800,5.900000,0,1.6965313,0.12822397,0.24123597,0.26861629,-0.12378519,0.020599272,0.038802874,-0.0583188,0.076110124,0.086506467,0.55246544,0.81851915,-0.15750663,1.7289616,0.97707603,1.7
7,11800,5.900000,1,1.6965313,0.2262537,0.72608779,0.60138276,0.01977416,0.092484694,-0.061465984,0.066101124,0.12735788,-0.45460372,-0.85656671,-0.50489499,0.10665144,1.4639417,-2.6089738,1.7
7,11800,5.900000,2,1.6965313,0.62733828,0.25462707,0.59142788,-0.014143863,0.03370238,0.0090767071,-0.10993334,0.14503118,0.24554847,-0.67322978,0.60899048,0.41939512,1.1380174,2.4062527,1.7
7,11800,5.900000,3,1.6965313,0.68370974,0.68014343,0.23461985,0.066443547,0.028186924,0.057417998,0.27647468,-0.096397014,0.28519846,-0.77461456,-0.10296543,-0.62399551,2.2446417,-3.0094426,1.7
7,11800,5.900000,4,1.6965313,0.20062404,0.17532628,1.0740941,-0.00021755323,-7.6790734e-05,-0.036323125,-0.13736909,0.1369189,-0.2647427,0.45199581,-0.49371506,-0.74293016,2.4082336,-0.82948376,1.7
7,11800,5.900000,5,1.6965313,0.19784001,0.56576287,1.5337645,-0.002681414,-0.16054837,0.028815711,-0.1046158,-0.22428298,-0.049377304,-0.0088677944,0.96135607,0.27516518,1.2920348,1.5800203,1.7
7,11800,5.900000,6,1.6965313,0.54288632,0.19253899,1.4886487,-0.063427404,0.0253597,-0.038753797,0.013009419,0.24470227,0.18935117,-0.22745407,-0.97378498,-0.0027308544,1.5735272,-1.8002596,1.7
7,11800,5.900000,7,1.6965313,0.49979199,0.61304235,1.0632237,-0.10287708,0.0018626068,-0.01061646,-0.19663489,-0.089470038,-0.047216891,-0.79216764,-0.13248563,0.59574994,0.93259728,-2.9758819,1.7
7,11800,5.900000,8,1.6965313,0.21261485,1.0245575,0.15257498,-0.023658723,-0.046793116,-0.088741191,-0.0044942866,-0.022779312,-0.19644934,-0.89482597,0.3209743,-0.31026116,1.8862641,2.7971882,1.7
7,11800,5.900000,9,1.6965313,0.17474735,1.5040857,0.6091047,-0.052668428,-0.034671611,-0.008767095,0.14526544,-0.095179303,0.2258552,-0.84905814,0.31165344,-0.42658224,2.0115069,2.7898031,1.7
7,11800,5.900000,10,1.6965313,0.71316875,1.083611,0.6430121,0.059055102,0.046421471,0.0060235861,-0.023658259,-0.25961929,-0.17480063,-0.92446137,0.040415603,0.37912761,1.181943,3.0979025,1.7
7,11800,5.900000,11,1.6965313,0.66590868,1.4896995,0.23949222,0.069891575,0.056747969,0.051207166,0.2006182,-0.10012905,0.14511814,0.7946331,-0.45460764,-0.40235573,1.9848849,-0.51965027,1.7
7,11800,5.900000,12,1.6965313,0.15149406,1.0817095,0.98346387,-0.036864985,-0.025897246,-0.022963813,-0.067723337,0.012934991,0.24831664,0.24120392,0.85548582,-0.45821903,2.0467868,1.2959806,1.7
7,11800,5.900000,13,1.6965313,0.27722231,1.4152743,1.4519783,0.10351283,-0.07420161,-0.041523544,0.19026727,-0.31224244,0.10624241,0.63978361,-0.38654801,0.66427221,0.84427658,-0.54349142,1.7
7,11800,5.900000,14,1.6965313,0.67825205,0.9998587,1.5179576,0.013391,-0.045990819,0.08750545,-0.10918415,0.13832665,0.10753608,-0.87247009,-0.44445411,-0.20311692,1.7753365,-2.6704371,1.7
7,11800,5.900000,15,1.6965313,0.67504599,1.4642625,1.1297898,0.062396823,0.013364986,0.079776644,0.11653764,-0.16602991,0.07799632,-0.70871968,0.63512033,-0.30714586,1.8829888,2.4109078,1.7
7,11800,5.900000,16,1.6965313,1.1208415,0.13913928,0.25742387,0.014134279,-0.034994445,0.045870302,0.37594332,0.40977649,0.35338236,-0.041948229,0.9133309,0.40505186,1.1537608,1.6166929,1.7
7,11800,5.900000,17,1.6965313,1.1146492,0.63164112,0.65817249,0.056317393,-0.070706966,-0.03665606,0.055134719,-0.019752588,-0.22385038,0.72217601,0.65952664,0.20853401,1.3607206,0.74008705,1.7
7,11800,5.900000,18,1.6965313,1.4747585,0.29121834,0.74966959,-0.02803491,0.048245283,0.05272638,-0.24387236,-0.14637002,0.4016208,0.12977568,0.89795681,-0.42051378,2.0048079,1.4272668,1.7
7,11800,5.900000,19,1.6965313,1.4446053,0.66448788,0.25588107,-0.10313572,0.069397208,0.041819112,0.064672658,-0.20490617,0.1356413,0.71803902,0.68609906,0.11699591,1.4535318,0.76265506,1.7
7,11800,5.900000,20,1.6965313,1.0272615,0.24176461,1.0070809,0.064386257,0.04826216,-0.049607804,0.21368941,0.15865954,-0.099761472,0.53068027,-0.72354109,0.44143713,1.1135967,-0.93797247,1.7
7,11800,5.900000,21,1.6965313,1.0379965,0.54651171,1.4853936,-0.036397329,0.0011414275,-0.068741965,-0.0012895993,-0.066699436,-0.30785086,0.79990209,-0.17007123,-0.57552795,2.1840459,-0.20949548,1.7
7,11800,5.900000,22,1.6965313,1.4590298,0.16945559,1.5252854,-0.043535776,-0.029533561,0.071791735,0.24975212,0.021405986,0.18196712,-0.010568068,0.88822958,0.45927827,1.0936138,1.5826937,1.7
7,11800,5.900000,23,1.6965313,1.4734771,0.6304777,1.1244884,-0.0084806433,-0.055173805,0.037258404,-0.087794218,-0.0043335434,0.14591527,0.15744843,0.85391951,-0.49601559,2.0898004,1.388461,1.7
7,11800,5.900000,24,1.6965313,1.1531817,1.0297483,0.12943054,0.084292296,-0.0034950546,-0.061390679,-0.47206351,0.053862198,-0.30963922,-0.25779421,0.55661733,0.78975901,0.6603803,2.0045272,1.7
7,11800,5.900000,25,1.6965313,1.0184506,1.494244,0.67697528,-0.085180304,0.068141773,0.046901797,-0.20328405,0.26839431,0.15605924,0.49897213,-0.42213761,-0.75685312,2.4292811,-0.70217566,1.7
7,11800,5.900000,26,1.6965313,1.495792,1.1313148,0.55519052,-0.027843706,0.087923055,-0.064497304,0.096025202,0.35290343,-0.21181381,0.95227693,-0.30490327,0.014235159,1.5565607,-0.3098693,1.7
7,11800,5.900000,27,1.6965313,1.5235132,1.4718566,0.13370158,0.03509655,0.0071926374,-0.079348359,0.023076292,-0.045784531,-0.37404848,0.9889354,0.11063149,-0.098830445,1.6697884,0.11140608,1.7
7,11800,5.900000,28,1.6965313,1.0787182,1.0856237,1.0412226,-0.017150363,-0.010955974,-0.00033189981,-0.25290805,-0.096611839,-0.083372759,-0.54388306,-0.58512246,0.60151719,0.92539738,-2.3196835,1.7
7,11800,5.900000,29,1.6965313,1.0393196,1.5201169,1.4991381,0.019268809,0.036115923,0.0086045596,-0.21675734,0.13943488,-0.17537594,0.10999548,-0.95858186,-0.26272002,1.8366365,-1.4565479,1.7
7,11800,5.900000,30,1.6965313,1.5242537,1.1206651,1.4348504,0.037979244,-0.0059212988,0.0062712713,0.20918455,-0.3319734,-0.023751875,-0.76989176,0.63389821,0.073754616,1.4969747,2.4527691,1.7
7,11800,5.900000,31,1.6965313,1.5035931,1.4637011,1.0281312,0.064100269,-0.086239049,5.2158438e-06,-0.026637422,-0.010424099,-0.12269474,-0.75519091,0.14518136,0.63922537,0.87730578,2.9516652,1.7
8,11900,5.950000,0,1.6982561,0.12419674,0.24746915,0.27401614,-0.12794067,0.026584157,0.043927035,-0.085946895,0.13900763,0.16630015,0.73276223,0.67973711,0.031889945,1.538901,0.74787585,1.7
8,11900,5.950000,1,1.6982561,0.23059532,0.73057096,0.57992418,0.023883671,0.096227779,-0.083524755,0.080104415,0.070877187,-0.47150486,-0.75335722,-0.6573844,-0.017281811,1.588079,-2.4241199,1.7
8,11900,5.950000,2,1.6982561,0.62309035,0.25806285,0.60493984,-0.019027096,0.036877682,0.021980834,-0.17276363,0.00014386243,0.22025148,-0.61999385,0.70214815,0.35013655,1.2130794,2.294137,1.7
8,11900,5.950000,3,1.6982561,0.69513498,0.67682424,0.24818058,0.077168235,0.024178302,0.070733433,0.25982179,-0.060575407,0.23205146,-0.7505326,0.038776704,-0.65969477,2.2912089,3.089973,1.7
8,11900,5.950000,4,1.6982561,0.19466786,0.17871834,1.0597355,-0.006374577,0.0031353971,-0.051765925,-0.10357006,0.0023092326,-0.31680777,0.53536706,-0.34807061,-0.76956414,2.4489546,-0.57648291,1.7
8,11900,5.950000,5,1.6982561,0.18491006,0.56132106,1.5330937,-0.015805836,-0.16556282,0.026586787,-0.38596464,-0.029001248,-0.078143198,-0.053864408,0.98516245,-0.1629527,1.7344789,1.6254176,1.7
8,11900,5.950000,6,1.6982561,0.55360768,0.20157692,1.5002374,-0.053263141,0.034197394,-0.028683676,0.38452952,0.11645529,0.20795896,-0.28911951,-0.93235337,0.21708775,1.3519662,-1.87149,1.7
8,11900,5.950000,7,1.6982561,0.49341028,0.61331501,1.0593127,-0.10976341,0.001512193,-0.015605866,-0.12110255,0.098323183,-0.093470054,-0.86722438,0.039852293,0.49632012,1.0514415,3.0956711,1.7
8,11900,5.950000,8,1.6982561,0.21388853,1.0269311,0.14445456,-0.022601736,-0.045461896,-0.097012524,0.054050218,0.080229124,-0.17601046,-0.93538455,-0.0028351885,-0.35362084,1.9322356,-3.1385616,1.7
8,11900,5.950000,9,1.6982561,0.18356591,1.501057,0.61823523,-0.044031911,-0.039227139,-0.00026013274,0.17135339,-0.05849385,0.13903144,-0.74048222,0.23026509,-0.6313985,2.2541517,2.8401056,1.7
8,11900,5.950000,10,1.6982561,0.71253998,1.0724653,0.63534006,0.057701967,0.034180278,-0.0022979428,0.050099528,-0.2301512,-0.13126163,-0.91737201,0.028679856,0.39699629,1.1625545,3.1103398,1.7
8,11900,5.950000,11,1.6982561,0.6742751,1.4889204,0.24716204,0.077577087,0.054455558,0.058629735,0.13936265,-0.059118335,0.15093513,0.79460324,-0.33661087,-0.50527103,2.1004923,-0.40070231,1.7
8,11900,5.950000,12,1.6982561,0.15422714,1.0793671,0.99770738,-0.034287234,-0.029337655,-0.0097268747,0.15863424,-0.14573232,0.25361083,0.19423901,0.87107108,-0.45111681,2.0388126,1.3513971,1.7
8,11900,5.950000,13,1.6982561,0.28730184,1.4013495,1.4593193,0.11330554,-0.089557459,-0.035661712,0.16966824,-0.33684794,0.11733504,0.63162751,-0.058195232,0.77308474,0.68710629,-0.091875977,1.7
8,11900,5.950000,14,1.6982561,0.67152633,1.0084475,1.522987,0.0059794969,-0.038422347,0.090989853,-0.1759419,0.23204187,0.038347909,-0.81593911,-0.43512206,-0.3806733,1.9613206,-2.6516787,1.7
8,11900,5.950000,15,1.6982561,0.67682873,1.460291,1.1335265,0.063492724,0.0079075448,0.08236343,-0.053839802,-0.075130618,0.016972905,-0.82494361,0.40428551,-0.39499528,1.976859,2.6859153,1.7
8,11900,5.950000,16,1.6982561,1.1378814,0.16075321,0.27921443,0.030026564,-0.013532881,0.067388216,0.24635451,0.39149149,0.48269472,-0.13671888,0.90615787,0.40023225,1.1590261,1.7205444,1.7
8,11900,5.950000,17,1.6982561,1.1132631,0.63491629,0.6472759,0.053799315,-0.068075299,-0.048215919,-0.12413361,0.16958737,-0.26300687,0.60522698,0.7824115,-0.1467397,1.7180678,0.91239874,1.7
8,11900,5.950000,18,1.6982561,1.4698596,0.28171319,0.7657104,-0.034429881,0.038449039,0.067997274,-0.026589511,-0.25511341,0.17202782,0.14653349,0.91497257,-0.37596959,1.9562392,1.4119941,1.7
8,11900,5.950000,19,1.6982561,1.4508284,0.65220788,0.26416911,-0.098383768,0.056448232,0.049842931,0.13436067,-0.3574552,0.19148005,0.57629633,0.79504968,0.18915217,1.3804977,0.94358269,1.7
8,11900,5.950000,20,1.6982561,1.0371727,0.24874634,1.008864,0.073248531,0.054994673,-0.048848867,0.080331463,0.11073331,0.1041932,0.57870743,-0.7508029,0.31842224,1.2467317,-0.91412514,1.7
8,11900,5.950000,21,1.6982561,1.039263,0.5413392,1.4756379,-0.036186194,-0.0045837799,-0.080002082,-0.023927518,-0.12770141,-0.066608888,0.76560409,0.14937826,-0.62572879,2.2468618,0.19269081,1.7
8,11900,5.950000,22,1.6982561,1.474411,0.17596954,1.5306363,-0.029644922,-0.023195114,0.075590052,0.27371004,0.25571909,-0.073484851,0.22249509,0.96994635,0.098488599,1.4721478,1.3453083,1.7
8,11900,5.950000,23,1.6982561,1.466566,0.63416447,1.1342303,-0.016885486,-0.052129564,0.04585266,-0.16338518,0.1047307,0.1828352,0.26073365,0.86832763,-0.42193019,2.0063696,1.2790909,1.7
8,11900,5.950000,24,1.6982561,1.1286652,1.0343216,0.11266835,0.058616502,2.9503708e-05,-0.078275879,-0.51002298,0.090921772,-0.34478702,-0.11206154,0.56748444,0.81572276,0.61681873,1.7657587,1.7
8,11900,5.950000,25,1.6982561,1.0096913,1.5122576,0.68254171,-0.094969982,0.084627882,0.051777503,-0.20782935,0.36037792,0.038974853,0.47900324,-0.64654878,-0.59374286,2.2064987,-0.93316942,1.7
8,11900,5.950000,26,1.6982561,1.505823,1.1465288,0.54706664,-0.019337778,0.10197983,-0.073181207,0.19027061,0.27312884,-0.078415305,0.76007928,-0.60030301,-0.24882884,1.8222672,-0.66848425,1.7
8,11900,5.950000,27,1.6982561,1.5292783,1.4683141,0.11727111,0.039310647,0.0021562873,-0.095906346,0.14355881,-0.1572967,-0.27769605,0.95158955,-0.1078349,-0.28783495,1.8627617,-0.11283944,1.7
8,11900,5.950000,28,1.6982561,1.0684828,1.077719,1.038369,-0.028476734,-0.019959773,-0.0042421339,-0.22958538,-0.26373243,-0.046536217,-0.44169806,-0.77444933,0.45291396,1.1007653,-2.0891201,1.7
8,11900,5.950000,29,1.6982561,1.0303907,1.5265142,1.4934677,0.0092884069,0.040965323,0.0014136898,-0.084696167,0.11773526,-0.050951612,0.2601967,-0.8212203,-0.50783353,2.1034644,-1.2639611,1.7
8,11900,5.950000,30,1.6982561,1.536406,1.0996504,1.4337387,0.048576557,-0.028064058,0.0037021829,0.077177531,-0.55866972,-0.076612568,-0.7766907,0.62774422,0.051853151,1.5189199,2.4618539,1.7
8,11900,5.950000,31,1.6982561,1.5004492,1.4695925,1.0235828,0.059430098,-0.081837998,-0.0055855791,-0.19850884,0.14791611,-0.091983131,-0.73409658,0.23915464,0.63553699,0.88209248,2.8266546,1.7
9,12000,6.000000,0,1.7194079,0.12008237,0.25757108,0.28992096,-0.13356709,0.033560678,0.056342143,-0.11308991,0.13238602,0.27503203,0.9233658,0.36824103,0.10860089,1.4619808,0.37947403,1.7
9,12000,6.000000,1,1.7194079,0.23957511,0.74309825,0.56788334,0.029953828,0.099634719,-0.10267007,0.057047942,0.077699576,-0.30594072,-0.59258475,-0.8049114,-0.030999306,1.6018006,-2.205414,1.7
9,12000,6.000000,2,1.7194079,0.62101565,0.26469663,0.62352961,-0.028801895,0.040276259,0.032968069,-0.21627127,0.10003635,0.22457117,-0.50609013,0.80525497,0.30892915,1.2567294,2.1318973,1.7
9,12000,6.000000,3,1.7194079,0.71602652,0.68282879,0.26124695,0.089326624,0.02176792,0.080647354,0.17911756,-0.058307534,0.12426728,-0.73441719,0.14089085,-0.66391352,2.2968363,2.9520551,1.7
9,12000,6.000000,4,1.7194079,0.1917074,0.17899519,1.0590729,-0.011726499,0.0011982945,-0.065542207,-0.099487655,-0.030192207,-0.22137047,0.57777665,-0.18205723,-0.79563139,2.4908455,-0.30525148,1.7
9,12000,6.000000,5,1.7194079,0.16795104,0.57055907,1.5469546,-0.034949435,-0.16332988,0.02138516,-0.38828242,0.070253826,-0.11759135,-0.0070100526,0.80214381,-0.59708975,2.2106646,1.5795353,1.7
9,12000,6.000000,6,1.7194079,0.5836145,0.20908837,1.5292636,-0.030293662,0.039167441,-0.018406513,0.47360646,0.066548086,0.19710053,-0.36424193,-0.81027813,0.45910475,1.0938091,-1.9932569,1.7
9,12000,6.000000,7,1.7194079,0.49588316,0.62716236,1.0672827,-0.11341337,0.0076825103,-0.020797511,-0.069482213,0.18544075,-0.12829117,-0.87744406,0.20450967,0.43389827,1.1219812,2.9126064,1.7
9,12000,6.000000,8,1.7194079,0.2184548,1.0439254,0.1366699,-0.020711146,-0.041283831,-0.10653742,0.050896287,0.11233721,-0.16462492,-0.85325101,-0.35872512,-0.37852213,1.9589954,-2.7436064,1.7
9,12000,6.000000,9,1.7194079,0.19510703,1.5185292,0.6304136,-0.034834026,-0.040443028,0.004190566,0.21048112,-0.034482839,0.061455701,-0.64211905,0.21528812,-0.73575414,2.3975759,2.8180933,1.7
9,12000,6.000000,10,1.7194079,0.71644705,1.0776151,0.63681926,0.052764911,0.026023069,-0.0086923298,-0.14271712,-0.12682382,-0.0043185049,-0.88838659,0.067513108,0.45410488,1.099429,3.0657433,1.7
9,12000,6.000000,11,1.7194079,0.6861359,1.5033321,0.25680676,0.081018489,0.05034819,0.065155666,-0.0051466851,-0.056104772,0.046997615,0.79313807,-0.20617933,-0.57308122,2.1810572,-0.25432487,1.7
9,12000,6.000000,12,1.7194079,0.16868782,1.0816349,1.0206883,-0.021824588,-0.040444609,0.00076265189,0.34772323,-0.28370191,0.13734693,0.14751949,0.88564086,-0.4403161,2.026747,1.4057436,1.7
9,12000,6.000000,13,1.7194079,0.29879745,1.4053607,1.4855487,0.12117411,-0.10291738,-0.027657678,0.1111108,-0.1792631,0.20943199,0.54608906,0.17471007,0.81930649,0.61059591,0.3096391,1.7
9,12000,6.000000,14,1.7194079,0.66753154,1.0270063,1.5395976,-0.0063031404,-0.032460705,0.088646164,-0.30810659,0.063683005,-0.12518332,-0.6978101,-0.47684846,-0.53448723,2.1346973,-2.5421289,1.7
9,12000,6.000000,15,1.7194079,0.67925793,1.473937,1.1412921,0.057528928,0.0033936122,0.076050059,-0.14026034,-0.085159117,-0.18519458,-0.81990899,0.3147987,-0.47817468,2.0693715,2.7750043,1.7
9,12000,6.000000,16,1.7194079,1.165663,0.18234774,0.30901008,0.043552117,0.005938966,0.093544371,0.25458142,0.35568486,0.52088294,-0.17746537,0.86101676,0.47660904,1.0740029,1.7740613,1.7
9,12000,6.000000,17,1.7194079,1.1226211,0.65431569,0.64105053,0.049319376,-0.056654464,-0.06241523,-0.084295855,0.30781878,-0.26366708,0.43010103,0.83203872,-0.35032082,1.9287099,1.0937011,1.7
9,12000,6.000000,18,1.7194079,1.4929037,0.26926971,0.77538866,-0.029722014,0.022594947,0.068137736,0.16952069,-0.31798845,-0.13023948,0.1632617,0.92733004,-0.33675603,1.9142659,1.3965266,1.7
9,12000,6.000000,19,1.7194079,1.4824125,0.64210489,0.2742757,-0.084952809,0.038334099,0.056617376,0.34053401,-0.38599078,0.12561242,0.41600987,0.85681707,0.30463141,1.2612449,1.1187921,1.7
9,12000,6.000000,20,1.7194079,1.0502513,0.25527696,1.0342939,0.073408199,0.058406045,-0.036063524,-0.11575991,0.01209243,0.37390482,0.6269602,-0.75441263,0.19437719,1.3751738,-0.87740272,1.7
9,12000,6.000000,21,1.7194079,1.0478773,0.54284414,1.4902411,-0.040489301,-0.0097890086,-0.08375469,-0.071587757,-0.064756407,0.0052296606,0.58849451,0.48995344,-0.64313283,2.2693788,0.69427814,1.7
9,12000,6.000000,22,1.7194079,1.5036894,0.1942858,1.5463657,-0.018797411,-0.0071697383,0.072275871,0.13070814,0.34687222,-0.064440017,0.42311502,0.88828318,-0.17868033,1.7504414,1.1262642,1.7
9,12000,6.000000,23,1.7194079,1.4799012,0.64577839,1.1574171,-0.021786013,-0.048437011,0.054856952,-0.0046971632,0.058509593,0.094322854,0.22303059,0.89765338,-0.38009967,1.9607004,1.327268,1.7
9,12000,6.000000,24,1.7194079,1.1211443,1.0512755,0.097384093,0.037170826,0.0040759189,-0.094860779,-0.35534718,0.085894331,-0.2443679,-0.027034313,0.57793264,0.81563657,0.61696773,1.6175399,1.7
9,12000,6.000000,25,1.7194079,1.0126516,1.5457111,0.68966834,-0.10452629,0.099156285,0.050411526,-0.14977767,0.23077777,-0.060892171,0.44168881,-0.78342805,-0.43720875,2.0232891,-1.0574276,1.7
9,12000,6.000000,26,1.7194079,1.5329696,1.1741641,0.54993602,-0.010997849,0.11525295,-0.077101282,0.14222932,0.25331763,-0.10869142,0.44345056,-0.79576884,-0.41243612,1.9959229,-1.0623959,1.7
9,12000,6.000000,27,1.7194079,1.558821,1.47448,0.10923436,0.049741558,-0.0098910927,-0.10534529,0.26620402,-0.37423024,-0.14360128,0.84749089,-0.22083494,-0.48269155,2.0745217,-0.25490657,1.7
9,12000,6.000000,28,1.7194079,1.0682663,1.0791714,1.0470842,-0.041918016,-0.031856705,-0.0084338132,-0.21421262,-0.21888975,-0.07473833,-0.42740374,-0.84217259,0.32874212,1.235825,-2.040427,1.7
9,12000,6.000000,29,1.7194079,1.0433872,1.5501044,1.5166243,0.0094503022,0.045514645,0.0059411587,0.072595306,0.06857104,0.15353715,0.49619843,-0.59759823,-0.62981225,2.2521078,-0.87783839,1.7
9,12000,6.000000,30,1.7194079,1.5559047,1.0847918,1.445485,0.048937109,-0.056443156,-0.0023712006,-0.014691013,-0.56325444,-0.15061426,-0.80965805,0.58643815,0.023326804,1.5474674,2.5147412,1.7
9,12000,6.000000,31,1.7194079,1.5059859,1.4985988,1.0348161,0.046359621,-0.071201237,-0.0070917253,-0.30092431,0.26044566,-0.02315894,-0.76333571,0.25977537,0.59146881,0.9379171,2.8135709,1.7
10,12100,6.050000,0,1.7359932,0.11649938,0.26306191,0.30576117,-0.13828574,0.036552633,0.069323485,-0.042561409,-0.090036503,0.17948015,0.98465247,0.076269355,0.15697928,1.4131651,0.077303791,1.7
10,12100,6.050000,1,1.7359932,0.24703887,0.75222916,0.56156688,0.035082055,0.10158838,-0.11440795,0.16254195,-0.016804462,-0.22038397,-0.42580852,-0.90446697,-0.025032056,1.595831,-2.0107991,1.7
10,12100,6.050000,2,1.7359932,0.61518543,0.27103785,0.64078654,-0.040565925,0.044046136,0.044156778,-0.21397887,0.1360922,0.2369079,-0.30582624,0.91540259,0.26174113,1.3059705,1.8932271,1.7
10,12100,6.050000,3,1.7359932,0.72879033,0.6875333,0.26903406,0.095155706,0.019894903,0.085889333,0.093655377,-0.056732548,0.087311668,-0.7198116,0.27176091,-0.6387623,2.2636849,2.7805931,1.7
10,12100,6.050000,4,1.7359932,0.1893644,0.18115083,1.0629933,-0.01589867,0.0016253143,-0.071807474,-0.084002752,-0.0068877302,-0.064978422,0.57170696,-0.04231186,-0.81936613,2.5311008,-0.073875013,1.7
10,12100,6.050000,5,1.7359932,0.15332684,0.58306305,1.5550757,-0.051116074,-0.15636292,0.014616956,-0.27273911,0.19058147,-0.13310657,0.054299952,0.45572147,-0.88846466,2.6647852,1.4522038,1.7
10,12100,6.050000,6,1.7359932,0.61077908,0.21346804,1.5518012,-0.0088614576,0.041518973,-0.010657286,0.37626323,0.022146864,0.078165674,-0.33148332,-0.67689613,0.65721415,0.85367977,-2.0261787,1.7
10,12100,6.050000,7,1.7359932,0.49814331,0.63959764,1.0719126,-0.11592442,0.01403772,-0.02643544,-0.0075642003,0.098271275,-0.064109639,-0.86542635,0.29970394,0.40151562,1.1576252,2.8082108,1.7
10,12100,6.050000,8,1.7359932,0.22325135,1.0614187,0.13214665,-0.018034642,-0.033895693,-0.11235107,0.10534633,0.15385676,-0.097618721,-0.5901045,-0.67737348,-0.43925146,2.0255616,-2.2874505,1.7
10,12100,6.050000,9,1.7359932,0.21127353,1.534658,0.6400666,-0.020617757,-0.038968924,0.0077455769,0.36786614,0.054021129,0.00096124002,-0.58002144,0.30563044,-0.75509282,2.426592,2.6566342,1.7
10,12100,6.050000,10,1.7359932,0.71683959,1.0852324,0.64525371,0.046277791,0.023259033,-0.0064115432,-0.12045324,0.055853903,0.083427769,-0.80556998,0.091141191,0.58544879,0.9453628,3.028933,1.7
10,12100,6.050000,11,1.7359932,0.68926439,1.5181578,0.26161543,0.077545231,0.050671301,0.067476052,-0.087965856,0.013378981,0.1170469,0.76921371,-0.017257373,-0.63875853,2.26368,-0.02243132,1.7
10,12100,6.050000,12,1.7359932,0.18723802,1.0796621,1.0348763,-0.0049823746,-0.052791585,0.0050844109,0.29728869,-0.19346374,0.04746652,0.129845,0.90141038,-0.41303704,1.9965827,1.4277339,1.7
10,12100,6.050000,13,1.7359932,0.30952606,1.4121374,1.5108341,0.12898307,-0.10966439,-0.016754082,0.19938317,-0.058347952,0.19678334,0.51043869,0.39654524,0.76302308,0.70281904,0.66047821,1.7
10,12100,6.050000,14,1.7359932,0.65994904,1.0394457,1.5440661,-0.020257625,-0.029939796,0.078313373,-0.29080609,0.038779152,-0.29658884,-0.4540794,-0.59269485,-0.66522531,2.2985919,-2.2245389,1.7
10,12100,6.050000,15,1.7359932,0.68006731,1.4820089,1.1391901,0.051813663,-0.0027226578,0.063001872,-0.10858997,-0.2163593,-0.30922955,-0.71859657,0.37008794,-0.58877321,2.2003366,2.6660054,1.7
10,12100,6.050000,16,1.7359932,1.1869057,0.20011157,0.33650463,0.053503133,0.021867428,0.11794114,0.17124151,0.23691225,0.49306269,-0.32945748,0.74608574,0.57863101,0.95374717,1.9866272,1.7
10,12100,6.050000,17,1.7359932,1.1266193,0.67576872,0.63486092,0.042521523,-0.041585243,-0.074729263,-0.16079852,0.38163599,-0.18680525,0.10596334,0.90705491,-0.40745939,1.9904666,1.4545021,1.7
10,12100,6.050000,18,1.7359932,1.5158179,0.25826132,0.77008262,-0.021248919,0.0090541873,0.055413423,0.19827912,-0.21052632,-0.31651741,0.15438568,0.95704852,-0.24540414,1.8187329,1.4108598,1.7
10,12100,6.050000,19,1.7359932,1.5088499,0.63201525,0.28364506,-0.072872681,0.022128546,0.06330897,0.16339089,-0.19829466,0.15395834,0.28463813,0.8449632,0.4527895,1.1009049,1.2458711,1.7
10,12100,6.050000,20,1.7359932,1.0507242,0.2580709,1.0662821,0.063796604,0.058736014,-0.014157249,-0.28390265,-0.0083975539,0.45942042,0.6474619,-0.75297205,0.11758476,1.4529389,-0.86059713,1.7
10,12100,6.050000,21,1.7359932,1.0563394,0.54511051,1.5077327,-0.042127065,-0.012744694,-0.080652792,0.0020924238,-0.067982294,0.067379833,0.26619697,0.80230665,-0.53426886,2.1344389,1.2504358,1.7
10,12100,6.050000,22,1.7359932,1.5235768,0.20919108,1.5570391,-0.013440299,0.0057992268,0.068053402,0.03419113,0.15679504,-0.040787374,0.51961846,0.76745557,-0.37551112,1.9557445,0.97562835,1.7
10,12100,6.050000,23,1.7359932,1.4948235,0.65488963,1.1721529,-0.021141873,-0.045568677,0.058411257,-0.026737038,0.067431125,-0.00070555848,0.063341749,0.91611705,-0.39587545,1.9778173,1.5017646,1.7
10,12100,6.050000,24,1.7359932,1.118665,1.0637285,0.08967796,0.023940509,0.0063772946,-0.10346497,-0.17460014,0.010269364,-0.1066285,-0.10301749,0.60353122,0.79065635,0.65891606,1.7398582,1.7
10,12100,6.050000,25,1.7359932,1.0147829,1.5682458,0.69108866,-0.11212644,0.10674476,0.045204341,-0.20780263,0.1331751,-0.075584057,0.44007171,-0.84536002,-0.30282558,1.8784524,-1.090826,1.7
10,12100,6.050000,26,1.7359932,1.5559878,1.1957002,0.54557795,-0.0028058541,0.12541435,-0.086717838,0.16486935,0.098001846,-0.21211645,0.23895973,-0.86863763,-0.43401257,2.0197383,-1.3023398,1.7
10,12100,6.050000,27,1.7359932,1.5857677,1.4704009,0.10532853,0.061595133,-0.028105471,-0.1102811,0.16304735,-0.30157543,-0.066467982,0.72803593,-0.22622507,-0.6471367,2.274619,-0.30127462,1.7
10,12100,6.050000,28,1.7359932,1.0659712,1.0776505,1.0501521,-0.054457354,-0.043730304,-0.01543251,-0.29064621,-0.27897233,-0.16416366,-0.45153679,-0.87116015,0.19285883,1.3767215,-2.0489896,1.7
10,12100,6.050000,29,1.7359932,1.0598936,1.5647675,1.5405548,0.015861523,0.045226899,0.015198001,0.18695498,-0.0077346581,0.20654457,0.68541235,-0.32676812,-0.65071691,2.2793245,-0.44487257,1.7
10,12100,6.050000,30,1.7359932,1.5703158,1.0709725,1.4529111,0.048342824,-0.080610279,-0.0088569669,-0.021488317,-0.37305745,-0.1015569,-0.87607256,0.47545736,-0.080231932,1.6511146,2.64436,1.7
10,12100,6.050000,31,1.7359932,1.504645,1.526521,1.0462102,0.030567828,-0.057798774,-0.0056861271,-0.36768119,0.2400216,0.082848345,-0.77998236,0.29308226,0.55292884,0.98492112,2.7821602,1.7
11,12200,6.100000,0,1.747262,0.11728989,0.25505224,0.31840418,-0.13825157,0.02686669,0.079947351,0.066749221,-0.27012342,0.20635026,0.97979148,-0.10393138,0.17090036,1.3990529,-0.10567982,1.7
11,12200,6.100000,1,1.747262,0.25944378,0.75594883,0.55638139,0.04584853,0.10042887,-0.12321025,0.24129784,-0.016379196,-0.12006583,-0.28259371,-0.94989782,-0.1335475,1.704744,-1.8599571,1.7
11,12200,6.100000,2,1.747262,0.61175984,0.27947999,0.65229788,-0.047960928,0.050707345,0.051484888,-0.13031403,0.17183232,0.05020297,0.030021981,0.97680031,0.21203733,1.3571371,1.540071,1.7
11,12200,6.100000,3,1.747262,0.73556593,0.68889256,0.26975479,0.097193933,0.016801206,0.084866996,-0.0072568054,-0.044466506,-0.094889562,-0.6998726,0.45613411,-0.54965445,2.1527469,2.5639961,1.7
11,12200,6.100000,4,1.747262,0.18871865,0.17984685,1.0689449,-0.017767593,-0.00084657029,-0.072752986,0.013048018,-0.11430227,0.01665008,0.61000597,0.070778345,-0.78922946,2.4803496,0.11551242,1.7
11,12200,6.100000,5,1.747262,0.14804192,0.59736649,1.558456,-0.057376034,-0.14587821,0.0079244358,0.00017939289,0.17400309,-0.12919069,0.057150364,-0.070318283,-0.99588613,3.0508546,-0.88833623,1.7
11,12200,6.100000,6,1.747262,0.62790332,0.21778238,1.5678961,0.0042556015,0.044438186,-0.0046550385,0.15446609,0.030712938,0.10719865,-0.18082971,-0.50929942,0.84137668,0.57097084,-1.9119681,1.7
11,12200,6.100000,7,1.747262,0.50125553,0.642447,1.0740816,-0.1160454,0.012739478,-0.031209156,-0.010354536,-0.13143145,-0.087453104,-0.86916037,0.27467425,0.41123509,1.1469877,2.8355019,1.7
11,12200,6.100000,8,1.747262,0.23048309,1.0756122,0.12917484,-0.012270734,-0.026615709,-0.11616833,0.14042164,0.055857055,-0.027940037,-0.21552581,-0.85879767,-0.46477435,2.0541761,-1.8166804,1.7
11,12200,6.100000,9,1.747262,0.23155367,1.5503536,0.64555777,-0.0017700269,-0.033253742,0.0090775916,0.36461755,0.15655801,0.067578598,-0.49418859,0.4154216,-0.76367698,2.4397859,2.4425732,1.7
11,12200,6.100000,10,1.747262,0.71315902,1.0974743,0.65224872,0.037970881,0.0284396,-0.0036141115,-0.15933518,0.17212556,0.032305765,-0.70201705,0.099280563,0.70520595,0.78808274,3.0011024,1.7
11,12200,6.100000,11,1.747262,0.68715157,1.5300691,0.27248222,0.070979445,0.052721129,0.076615056,-0.14936329,-0.0088732164,0.25722729,0.72626421,0.16974391,-0.66612859,2.2998023,0.22960049,1.7
11,12200,6.100000,12,1.747262,0.20200637,1.0788872,1.0438842,0.0085268596,-0.060549699,0.0073673031,0.23481532,-0.11778375,0.04444411,0.19260313,0.88302712,-0.4279803,2.0130532,1.3560429,1.7
11,12200,6.100000,13,1.747262,0.32080768,1.4203373,1.5306386,0.13822556,-0.11062791,-0.0067890678,0.19081405,0.062392871,0.20165995,0.49583284,0.56936039,0.65572749,0.85565055,0.85431628,1.7
11,12200,6.100000,14,1.747262,0.65093688,1.0465967,1.5378826,-0.033510828,-0.029537414,0.062159127,-0.22621011,-0.0089541356,-0.29639821,-0.14197578,-0.70740472,-0.69240265,2.3356101,-1.7688644,1.7
11,12200,6.100000,15,1.747262,0.67994692,1.4820461,1.1329725,0.047293391,-0.012274722,0.049433387,-0.15824853,-0.13546932,-0.26501502,-0.59685624,0.41349114,-0.6875956,2.3289687,2.5357276,1.7
11,12200,6.100000,16,1.747262,1.2046212,0.20942851,0.36280836,0.063481877,0.029859527,0.14198274,0.20242792,0.094392504,0.45621141,-0.55932976,0.56544677,0.60615194,0.91958291,2.3507561,1.7
11,12200,6.100000,17,1.747262,1.1295627,0.7030705,0.63192732,0.03816577,-0.018743959,-0.081761177,0.015745445,0.46059712,-0.14679732,-0.28153015,0.86858152,-0.40780745,1.9908478,1.8842378,1.7
11,12200,6.100000,18,1.747262,1.5370722,0.25168894,0.7585763,-0.009871035,0.00083196375,0.038961507,0.23005592,-0.11941225,-0.33437386,0.18162537,0.98063207,-0.073300581,1.6441627,1.387659,1.7
11,12200,6.100000,19,1.747262,1.5214852,0.63189005,0.28916342,-0.070040912,0.017914396,0.066974251,-0.077624642,0.071318785,0.068564105,0.22571807,0.71860764,0.65776471,0.85294906,1.2664501,1.7
11,12200,6.100000,20,1.747262,1.0417443,0.2571448,1.0946069,0.048047069,0.056143098,0.0071770242,-0.3257124,-0.072770141,0.39915966,0.67403165,-0.73139634,0.1036375,1.4669724,-0.82619205,1.7
11,12200,6.100000,21,1.747262,1.0648682,0.54706396,1.5199759,-0.040460659,-0.014324591,-0.078204665,0.042600152,-0.0028231421,0.07701783,-0.12520307,0.93198327,-0.34019314,1.9179186,1.7043373,1.7
11,12200,6.100000,22,1.747262,1.5324522,0.21293742,1.5655613,-0.014451534,0.0081799504,0.066473522,-0.068385875,-0.033989379,-0.027653687,0.6367889,0.53359335,-0.55657707,2.1610563,0.69745308,1.7
11,12200,6.100000,23,1.747262,1.502694,0.6574896,1.1734416,-0.022968786,-0.047214455,0.052111557,-0.097000475,-0.11274395,-0.20024206,-0.13673248,0.88676757,-0.44152861,2.0280979,1.7237835,1.7
11,12200,6.100000,24,1.747262,1.1142765,1.0705284,0.085650075,0.012328016,0.0062726053,-0.10806012,-0.29105478,0.063640334,-0.026784074,-0.24105051,0.66490604,0.70696153,0.78560356,1.9185927,1.7
11,12200,6.100000,25,1.747262,1.0136863,1.5831611,0.69218309,-0.11978553,0.11146479,0.041823657,-0.098293672,0.065390755,-0.097675308,0.46323486,-0.86564097,-0.18994518,1.7619026,-1.0794373,1.7
11,12200,6.100000,26,1.747262,1.5743171,1.2096753,0.5424087,0.0053965852,0.1316078,-0.093406947,0.15043263,0.13060295,-0.11778306,0.16990979,-0.89199037,-0.41890791,2.0030386,-1.3825674,1.7
11,12200,6.100000,27,1.747262,1.6040123,1.4660041,0.099791985,0.069520456,-0.042002145,-0.1164813,0.15051917,-0.29583845,-0.17052775,0.6553311,-0.17895894,-0.73383571,2.3947475,-0.26658193,1.7
11,12200,6.100000,28,1.747262,1.0590342,1.0724622,1.0505706,-0.068269138,-0.055874643,-0.021810181,-0.26378024,-0.19336193,-0.10780472,-0.45538062,-0.88888882,0.050051586,1.5207238,-2.044238,1.7
11,12200,6.100000,29,1.747262,1.0759631,1.5756501,1.5620667,0.025021386,0.04594986,0.026672605,0.24324542,0.015293412,0.2729697,0.82544958,-0.024287558,-0.5639531,2.1699613,-0.029414943,1.7
11,12200,6.100000,30,1.747262,1.5807114,1.0636401,1.4596888,0.048544507,-0.094848669,-0.011501945,0.015304808,-0.16570116,-0.054095308,-0.89814928,0.37631814,-0.2274039,1.8002072,2.7448211,1.7
11,12200,6.100000,31,1.747262,1.4939839,1.5454773,1.0576578,0.01020552,-0.048780739,-0.0010447564,-0.39554482,0.12064074,0.088851932,-0.77834399,0.41437094,0.47167506,1.0796069,2.6523817,1.7
12,12300,6.150000,0,1.7322518,0.12114295,0.2331074,0.32334157,-0.13336985,0.0070273467,0.08765329,0.089073364,-0.42974681,0.11771454,0.97412662,-0.13477872,0.1814167,1.3883695,-0.13748566,1.7
12,12300,6.150000,1,1.7322518,0.27088165,0.75055294,0.54693014,0.059574418,0.10153186,-0.12790204,0.27959154,0.032225428,-0.093171425,-0.090246031,-0.95114634,-0.29525632,1.8705201,-1.6653945,1.7
12,12300,6.150000,2,1.7322518,0.59902217,0.28447121,0.64882985,-0.055475575,0.058131515,0.053629797,-0.13292921,0.18809673,-0.061982974,0.46782611,0.87177245,0.14543563,1.4248431,1.0782698,1.7
12,12300,6.150000,3,1.7322518,0.72766426,0.68148086,0.26314592,0.095604424,0.015301091,0.080556912,-0.069189474,-0.03507397,-0.12595863,-0.63547216,0.6744438,-0.37589985,1.956164,2.326452,1.7
12,12300,6.150000,4,1.7322518,0.18784911,0.17249591,1.0591611,-0.017012647,-0.006677662,-0.07335643,0.00010734942,-0.14944518,0.00069478814,0.67271406,0.1099617,-0.73168587,2.3915883,0.16202686,1.7
12,12300,6.150000,5,1.7322518,0.14567459,0.60258095,1.5420922,-0.058476324,-0.13548714,0.0049359529,-0.018012326,0.20767869,-0.040862219,0.064595001,-0.58841697,-0.80597329,2.5081142,-1.4614565,1.7
12,12300,6.150000,6,1.7322518,0.62883435,0.21680951,1.5600308,0.01060816,0.045340114,0.0009733287,0.11400903,-0.003512843,0.095107842,0.069931765,-0.39066998,0.91787064,0.40811483,-1.3936676,1.7
12,12300,6.150000,7,1.7322518,0.49633182,0.62919653,1.0618702,-0.11666565,0.0049745716,-0.034206399,-0.015715359,-0.1641436,-0.040449584,-0.84911586,0.10707718,0.51723952,1.027174,3.0161505,1.7
12,12300,6.150000,8,1.7322518,0.23639054,1.0669481,0.13076794,-0.0043491016,-0.026037017,-0.11345382,0.17997191,-0.005315693,0.16799163,0.13578707,-0.83850649,-0.52770138,2.1266885,-1.4102508,1.7
12,12300,6.150000,9,1.7322518,0.24894106,1.5440191,0.64401882,0.017690522,-0.026239344,0.013101786,0.35276487,0.14362823,0.075491358,-0.37696012,0.49881557,-0.7804384,2.466163,2.2179421,1.7
12,12300,6.150000,10,1.7322518,0.70092339,1.099179,0.64712065,0.031835315,0.039620586,-0.0031368537,-0.10978563,0.27651812,-0.023459127,-0.58734718,0.095804723,0.80364466,0.63740183,2.9799023,1.7
12,12300,6.150000,11,1.7322518,0.67471865,1.5138009,0.27883382,0.064421342,0.049583733,0.085345132,-0.15762264,-0.11714537,0.15256518,0.6948125,0.33718465,-0.63524964,2.259128,0.45180946,1.7
12,12300,6.150000,12,1.7322518,0.20709756,1.0670561,1.0352021,0.015382996,-0.063123509,0.0076541163,0.043796342,0.01422897,-0.021325341,0.29796699,0.85303866,-0.42841652,2.0135359,1.2347446,1.7
12,12300,6.150000,13,1.7322518,0.32529507,1.4142442,1.5240155,0.14550029,-0.10449282,-0.00023466112,0.10287164,0.18614715,0.028495579,0.47542853,0.71299499,0.51536963,1.0293574,0.98269806,1.7
12,12300,6.150000,14,1.7322518,0.64415185,1.0355894,1.5109924,-0.034709024,-0.031562468,0.04842121,0.081475691,-0.020443812,-0.23095364,0.085837278,-0.72888627,-0.67923248,2.3175127,-1.4535713,1.7
12,12300,6.150000,15,1.7322518,0.66952702,1.4653715,1.112304,0.042694866,-0.016234565,0.03845051,-0.045457792,-0.029302617,-0.17852966,-0.45103689,0.46762425,-0.76019293,2.4344063,2.3381404,1.7
12,12300,6.150000,16,1.7322518,1.2011531,0.21217857,0.37902845,0.070392067,0.034428432,0.16140338,0.036930291,0.11668786,0.33560574,-0.81153589,0.31073055,0.4948293,1.0531579,2.775921,1.7
12,12300,6.150000,17,1.7322518,1.1222068,0.7219217,0.62720877,0.040523775,0.0062549364,-0.081047957,0.14092727,0.53367995,0.15507066,-0.55325023,0.70913553,-0.43708235,2.0231485,2.2333318,1.7
12,12300,6.150000,18,1.7322518,1.5319511,0.24279049,0.73476606,-0.0017525959,-0.005933489,0.021593042,0.10555059,-0.15588054,-0.40185323,0.22166509,0.96816965,0.11624163,1.4542913,1.3457228,1.7
12,12300,6.150000,19,1.7322518,1.5055211,0.63231555,0.28647416,-0.072946872,0.023793622,0.066768219,-0.043845529,0.08954472,-0.088952873,0.29706749,0.39909001,0.86745494,0.52073258,0.93091323,1.7
12,12300,6.150000,20,1.7322518,1.0144377,0.25383737,1.1032766,0.029610255,0.055039958,0.025328522,-0.36645404,-0.022110436,0.3413143,0.72952582,-0.67627042,0.10222724,1.4683902,-0.74753354,1.7
12,12300,6.150000,21,1.7322518,1.0580644,0.54402913,1.5160311,-0.038106328,-0.012652555,-0.069052338,0.064984771,0.10997293,0.25412996,-0.48938781,0.86341026,-0.12256551,1.6936708,2.0864523,1.7
12,12300,6.150000,22,1.7322518,1.5150598,0.20804555,1.5519125,-0.01869743,0.0051040861,0.066273088,-0.081137094,-0.13945373,0.085799759,0.6562401,0.21028012,-0.72465937,2.3813363,0.31009448,1.7
12,12300,6.150000,23,1.7322518,1.4821131,0.64123704,1.1476263,-0.030673669,-0.057864666,0.036308755,-0.13632271,-0.30618074,-0.37344954,-0.38587951,0.7847893,-0.48497706,2.0771333,2.0277805,1.7
12,12300,6.150000,24,1.7322518,1.0942728,1.0641781,0.083665553,0.0018515605,0.0091312177,-0.10931426,-0.18340157,0.010271367,-0.024758133,-0.31984008,0.73723016,0.59514201,0.93335397,1.9801308,1.7
12,12300,6.150000,25,1.7322518,0.99853966,1.5721231,0.68360174,-0.12625179,0.11403833,0.039177223,-0.14740122,0.0094343753,0.026295139,0.48730901,-0.87151017,-0.0547718,1.6255955,-1.0609517,1.7
12,12300,6.150000,26,1.7322518,1.568346,1.1991105,0.53174151,0.012982628,0.13143415,-0.099440499,0.19073907,-0.13191743,-0.069425106,0.18006676,-0.88152828,-0.43644456,2.0224395,-1.3693017,1.7
12,12300,6.150000,27,1.7322518,1.596076,1.4410074,0.090241569,0.075389052,-0.054458522,-0.1252121,0.076039011,-0.20570859,-0.14335524,0.65791796,-0.14633358,-0.7387357,2.4019889,-0.21885664,1.7
12,12300,6.150000,28,1.7322518,1.039092,1.0541993,1.0343221,-0.079160519,-0.064963505,-0.029064868,-0.16803555,-0.14939297,-0.14568538,-0.43296268,-0.90085628,-0.031642882,1.6024445,-2.0188139,1.7
12,12300,6.150000,29,1.7322518,1.0774442,1.5633013,1.5594869,0.035792182,0.047142161,0.037558992,0.25100898,-0.018868739,0.15458277,0.89629189,0.28217739,-0.34210636,1.9199539,0.30500395,1.7
12,12300,6.150000,30,1.7322518,1.5684706,1.0499761,1.4459513,0.049888887,-0.099394855,-0.012704887,0.0082277498,-0.027394726,-0.026281013,-0.90306538,0.25271619,-0.34728584,1.9254716,2.8687299,1.7
12,12300,6.150000,31,1.7322518,1.459064,1.5381675,1.0529044,-0.011975654,-0.042787906,0.0033066148,-0.46474689,0.13772864,0.09977704,-0.77207412,0.54306451,0.33012496,1.2343604,2.5285992,1.7
13,12400,6.200000,0,1.7231174,0.12625754,0.21093334,0.32772337,-0.12760121,-0.013973024,0.093756252,0.13732011,-0.37363264,0.029438569,0.9782725,-0.1027095,0.18009354,1.3897148,-0.10460744,1.7
13,12400,6.200000,1,1.7231174,0.2811646,0.75074648,0.54239128,0.07131681,0.10569418,-0.12956124,0.20096386,0.10242084,0.000165149,0.10617897,-0.9034012,-0.4154423,1.9992253,-1.4538006,1.7
13,12400,6.200000,2,1.7231174,0.59258735,0.29513211,0.64209145,-0.058760337,0.070324715,0.050303986,0.021227687,0.24169478,-0.071722984,0.82848262,0.55960005,0.021548209,1.5492464,0.59405996,1.7
13,12400,6.200000,3,1.7231174,0.7174809,0.67320604,0.25173748,0.089241333,0.010607422,0.070509523,-0.16021561,-0.098557502,-0.20355784,-0.38431687,0.90167854,-0.19818265,1.7702998,1.9737031,1.7
13,12400,6.200000,4,1.7231174,0.18585303,0.1616566,1.0517189,-0.018020843,-0.016633689,-0.075218451,0.0077500431,-0.2465624,-0.075148644,0.69957308,0.15890567,-0.69666814,2.3415389,0.2233567,1.7
13,12400,6.200000,5,1.7231174,0.14096942,0.60584681,1.5333063,-0.062423765,-0.1290267,0.0042800646,-0.071454452,0.041411609,0.028961356,0.14271518,-0.88112098,-0.45084165,2.0385044,-1.4102208,1.7
13,12400,6.200000,6,1.7231174,0.63150333,0.21652434,1.5579949,0.016608953,0.046200482,0.0071800635,0.11052459,0.0012957203,0.15286853,0.3030295,-0.26118503,0.91649086,0.41157753,-0.71136958,1.7
13,12400,6.200000,7,1.7231174,0.49566368,0.62002594,1.0568991,-0.11471139,-0.00089368178,-0.033576411,0.041646047,-0.12771551,0.042427825,-0.74669302,-0.13435792,0.65145797,0.86129177,-2.9635605,1.7
13,12400,6.200000,8,1.7231174,0.24523657,1.0586625,0.14242804,0.0057702049,-0.028703512,-0.10107143,0.22935373,-0.046690005,0.32090069,0.43827018,-0.66826115,-0.60112086,2.2156992,-0.99032892,1.7
13,12400,6.200000,9,1.7231174,0.26426498,1.541619,0.649367,0.034371242,-0.02048244,0.021869154,0.34858955,0.012146559,0.29166235,-0.36667701,0.50498282,-0.78137079,2.4676557,2.1988368,1.7
13,12400,6.200000,10,1.7231174,0.69141527,1.1088788,0.64096698,0.02600787,0.055157657,-0.0058854182,-0.1325168,0.298176,-0.15300574,-0.53737003,0.095160668,0.83796056,0.57726098,2.9663238,1.7
13,12400,6.200000,11,1.7231174,0.66402936,1.5019213,0.28668789,0.057271048,0.045676368,0.09469425,-0.18199545,-0.05647966,0.16022614,0.70027139,0.49778194,-0.51169632,2.1079543,0.61796512,1.7
13,12400,6.200000,12,1.7231174,0.20782894,1.0662519,1.0283749,0.017211272,-0.058288231,0.0062820303,0.066879416,0.14628357,-0.053867666,0.45856873,0.79058439,-0.40582145,1.9886738,1.0451843,1.7
13,12400,6.200000,13,1.7231174,0.3248721,1.4213143,1.5123292,0.14679608,-0.089926693,-0.0038942327,0.034077054,0.42738513,-0.14699975,0.51556429,0.76623772,0.38350127,1.1772119,0.97852405,1.7
13,12400,6.200000,14,1.7231174,0.6493692,1.0239035,1.49311,-0.026072134,-0.037804132,0.038480183,0.24004742,-0.16999125,-0.21438541,0.16828199,-0.68331626,-0.71046468,2.3609546,-1.329329,1.7
13,12400,6.200000,15,1.7231174,0.66017882,1.4569023,1.097052,0.036861764,-0.016978548,0.029038962,-0.10940281,-0.032055519,-0.21419763,-0.29634183,0.51202601,-0.80623252,2.5085522,2.0954542,1.7
13,12400,6.200000,16,1.7231174,1.1912854,0.21502726,0.38576413,0.06684885,0.038406492,0.17016089,-0.18954191,0.12457774,0.032927064,-0.95175216,0.090477668,0.29322621,1.2731967,3.0468132,1.7
13,12400,6.200000,17,1.7231174,1.123244,0.7427478,0.62836156,0.047496991,0.030953142,-0.076575973,0.10146184,0.41406037,0.062325765,-0.74443385,0.44995918,-0.49331022,2.0866875,2.5979212,1.7
13,12400,6.200000,18,1.7231174,1.5350837,0.23238282,0.71552945,0.0094879779,-0.015085082,0.0061902441,0.24756842,-0.1629158,-0.20179346,0.25330687,0.94781233,0.19361669,1.3759491,1.3096454,1.7
13,12400,6.200000,19,1.7231174,1.4986488,0.6331609,0.27739485,-0.071877549,0.027984354,0.059179471,0.03936662,-0.0097958388,-0.24665521,0.36969878,-0.078677632,0.92581458,0.38761128,-0.20968725,1.7
13,12400,6.200000,20,1.7231174,0.98830255,0.25082808,1.1105512,0.0087692937,0.053364759,0.03845548,-0.43492165,-0.059974887,0.22778876,0.78755559,-0.59558306,0.15823085,1.4118977,-0.64748439,1.7
13,12400,6.200000,21,1.7231174,1.0577342,0.5507131,1.5233646,-0.032843337,-0.0030745104,-0.053683862,0.12883815,0.23840428,0.37935105,-0.79621522,0.60285112,0.051106223,1.5196678,2.4935338,1.7
13,12400,6.200000,22,1.7231174,1.5019028,0.19956495,1.5448436,-0.023878966,-0.0022990233,0.067390635,-0.13597004,-0.16407721,0.0025988012,0.58123826,-0.20020891,-0.78871952,2.4795196,-0.3317241,1.7
13,12400,6.200000,23,1.7231174,1.466244,0.61924681,1.1220163,-0.038748731,-0.076522871,0.016698595,-0.20055202,-0.42262268,-0.37416912,-0.60790301,0.64943111,-0.45682947,2.0452241,2.3231778,1.7
13,12400,6.200000,24,1.7231174,1.0840971,1.0597426,0.080152506,-0.0025655859,0.010310378,-0.11239426,-0.029490461,0.087718752,-0.045321996,-0.40322195,0.780981,0.47694941,1.0736157,2.0474002,1.7
13,12400,6.200000,25,1.7231174,0.98457935,1.5658435,0.68432376,-0.13496968,0.11605419,0.043515449,-0.18866204,0.036349591,0.15786902,0.56524785,-0.82477863,0.015332268,1.5554635,-0.96998209,1.7
13,12400,6.200000,26,1.7231174,1.5729348,1.1847099,0.52800916,0.025875703,0.12333528,-0.10037135,0.26746658,-0.13930315,0.071283738,0.24035162,-0.80101683,-0.54827287,2.151094,-1.2792862,1.7
13,12400,6.200000,27,1.7231174,1.5878437,1.4295101,0.079673079,0.075573581,-0.05836753,-0.13533148,-0.066899197,0.068909186,-0.23897733,0.6937121,-0.070806805,-0.71676351,2.3699461,-0.10171718,1.7
13,12400,6.200000,28,1.7231174,1.0251781,1.040489,1.0251148,-0.087617473,-0.073136418,-0.032827955,-0.1209093,-0.15006558,-0.019238258,-0.53161641,-0.84644801,0.030162029,1.5406297,-2.1315899,1.7
13,12400,6.200000,29,1.7231174,1.0830596,1.5528581,1.5630664,0.047119088,0.044936659,0.049393158,0.12785178,-0.10659927,0.23047471,0.83405575,0.54757392,-0.067184926,1.6380319,0.58094475,1.7
13,12400,6.200000,30,1.7231174,1.5605869,1.04479,1.4373121,0.050276989,-0.099043306,-0.013722069,0.0077487336,0.050893841,-0.0065322402,-0.90105721,0.076949185,-0.42681932,2.011769,3.0564006,1.7
13,12400,6.200000,31,1.7231174,1.4308106,1.5339907,1.0511165,-0.032589705,-0.038843322,0.0070807677,-0.37526392,0.0075976067,0.083655727,-0.7505312,0.64340112,0.15079099,1.419428,2.4328983,1.7
14,12500,6.250000,0,1.7236182,0.13288777,0.19663714,0.3215357,-0.12100863,-0.028328442,0.087474246,0.098718431,-0.22910516,-0.3046437,0.98851502,0.019499122,0.14985942,1.4203702,0.019723113,1.7
14,12500,6.250000,1,1.7236182,0.29014163,0.75571092,0.54490568,0.080210825,0.11043973,-0.12720483,0.14370603,0.056906898,0.10689404,0.19357649,-0.83704975,-0.51173807,2.1080029,-1.3435312,1.7
14,12500,6.250000,2,1.7236182,0.59687149,0.30616893,0.64146425,-0.054649039,0.081274157,0.049490279,0.13109482,0.22484703,0.016843105,0.99418602,0.036432105,-0.10132547,1.672296,0.036628769,1.7
14,12500,6.250000,3,1.7236182,0.71290133,0.66953378,0.23653721,0.084453921,0.0067400496,0.055238302,-0.040132465,-0.041106774,-0.38749773,-0.011758502,0.99980037,0.016154244,1.5546414,1.5825566,1.7
14,12500,6.250000,4,1.7236182,0.18927801,0.15050787,1.05131,-0.014650367,-0.027827778,-0.075932984,0.1394651,-0.21935323,0.061828248,0.68305615,0.18579039,-0.70634002,2.3551107,0.2655738,1.7
14,12500,6.250000,5,1.7236182,0.13905376,0.60139754,1.5348599,-0.064380114,-0.13365139,0.0053877968,-0.067382183,-0.18377399,0.00024477149,0.17810832,-0.98184297,-0.0652825,1.6361253,-1.3913457,1.7
14,12500,6.250000,6,1.7236182,0.63757713,0.21891392,1.5652605,0.022498346,0.048526799,0.013991846,0.10830726,0.045864786,0.1511638,0.51183308,-0.13251146,0.84880364,0.55707796,-0.25333354,1.7
14,12500,6.250000,7,1.7236182,0.49429984,0.61453593,1.0603965,-0.11621908,-0.0065630785,-0.030386594,-0.038736359,-0.12001661,0.052653119,-0.60684799,-0.44239845,0.66031744,0.84955494,-2.5116608,1.7
14,12500,6.250000,8,1.7236182,0.25940432,1.0540031,0.15994778,0.01986462,-0.033669816,-0.083595622,0.30107692,-0.10055674,0.29065482,0.66083093,-0.43711927,-0.61010591,2.2269906,-0.58439569,1.7
14,12500,6.250000,9,1.7236182,0.27999082,1.539475,0.66703629,0.050017997,-0.023074151,0.039347168,0.28229516,-0.14204527,0.3631204,-0.43603907,0.4282599,-0.7914944,2.4840466,2.3651948,1.7
14,12500,6.250000,10,1.7236182,0.68824504,1.1215407,0.63521194,0.022637168,0.067495405,-0.011825896,-0.02589409,0.25730684,-0.12807719,-0.57765854,0.13189498,0.80555218,0.63418953,2.9171139,1.7
14,12500,6.250000,11,1.7236182,0.65613264,1.5040555,0.28924289,0.049182501,0.047373801,0.097165567,-0.11374209,0.068124574,-0.077902189,0.70947421,0.61241845,-0.34869757,1.9269774,0.71210785,1.7
14,12500,6.250000,12,1.7236182,0.20787474,1.0728055,1.027034,0.017196664,-0.052045473,0.0046424917,-0.079347582,0.096141192,-0.034568322,0.64982809,0.66139499,-0.37453988,1.9546968,0.79421939,1.7
14,12500,6.250000,13,1.7236182,0.32624489,1.443373,1.5049836,0.14807426,-0.068284333,-0.011678346,0.012314057,0.4141443,-0.10404274,0.57530612,0.74714333,0.33286591,1.2314552,0.91461277,1.7
14,12500,6.250000,14,1.7236182,0.66467848,1.01581,1.4815468,-0.010953791,-0.046193935,0.026484727,0.27844264,-0.18348878,-0.16913611,0.15017629,-0.60696587,-0.78040984,2.4661173,-1.3282461,1.7
14,12500,6.250000,15,1.7236182,0.65615418,1.4571785,1.0895545,0.032645855,-0.017125834,0.021223691,-0.063265625,-0.00091838193,-0.11129916,-0.2383149,0.60314496,-0.76119785,2.4359545,1.9470891,1.7
14,12500,6.250000,16,1.7236182,1.1754346,0.22506265,0.37945324,0.050654228,0.048377934,0.16373881,-0.37032798,0.3074879,-0.29571464,-0.9729327,0.016658502,0.23048743,1.3382178,3.1244724,1.7
14,12500,6.250000,17,1.7236182,1.1297845,0.76229472,0.62661198,0.053710095,0.050281365,-0.078507905,0.1902222,0.35920673,-0.064466215,-0.82206201,0.17472695,-0.5419267,2.1435243,2.9321621,1.7
14,12500,6.250000,18,1.7236182,1.5492896,0.22628345,0.7176001,0.023245623,-0.021251103,0.008052656,0.26676058,-0.13299159,0.18242199,0.14049899,0.9803091,0.13875918,1.431588,1.4284446,1.7
14,12500,6.250000,19,1.7236182,1.503705,0.63478312,0.26342348,-0.067257588,0.02942233,0.045129516,0.13883727,0.07397128,-0.31559642,0.35806126,-0.53998064,0.76171716,0.70483701,-0.98526689,1.7
14,12500,6.250000,20,1.7236182,0.96754819,0.24882587,1.1207634,-0.012269269,0.05128995,0.048343515,-0.43527089,-0.053986133,0.21599142,0.87698204,-0.44093139,0.19100262,1.3786129,-0.46587128,1.7
14,12500,6.250000,21,1.7236182,1.0636219,0.5626172,1.5427324,-0.027263872,0.0086678101,-0.034761583,0.11201357,0.29494489,0.44480605,-0.97733376,0.20742783,0.042336947,1.5284467,2.9324575,1.7
14,12500,6.250000,22,1.7236182,1.4992899,0.18996916,1.5456011,-0.026928003,-0.011951417,0.067699107,-0.0075318691,-0.16639562,-0.028021141,0.36794123,-0.62241607,-0.6908093,2.3334041,-1.0369096,1.7
14,12500,6.250000,23,1.7236182,1.4566879,0.60100138,1.1017983,-0.04872957,-0.094945611,-0.0038426038,-0.20412533,-0.40380317,-0.41955186,-0.7952635,0.46728075,-0.3862702,1.9673808,2.6103557,1.7
14,12500,6.250000,24,1.7236182,1.0823889,1.0636251,0.07960702,-0.0045886039,0.013884317,-0.11296296,-0.011139726,0.046878926,-0.012476641,-0.49750151,0.77130125,0.39697183,1.1625811,2.1436598,1.7
14,12500,6.250000,25,1.7236182,0.9751376,1.5692382,0.69295693,-0.1446962,0.11899329,0.051948498,-0.14091047,0.075558077,0.17309628,0.71148648,-0.70269951,0.00062693397,1.5701694,-0.77918479,1.7
14,12500,6.250000,26,1.7236182,1.5861721,1.1735985,0.53539307,0.038653943,0.11188119,-0.093141959,0.28363465,-0.25995791,0.25675087,0.28298526,-0.69074087,-0.66542948,2.2988654,-1.1819699,1.7
14,12500,6.250000,27,1.7236182,1.5816434,1.4353032,0.067308151,0.068912707,-0.052990713,-0.14771777,-0.18623932,0.096703761,-0.25534492,0.77433232,0.032415054,-0.63194835,2.2548609,0.041837514,1.7
14,12500,6.250000,28,1.7236182,1.0196752,1.0340599,1.0281933,-0.093417483,-0.079866997,-0.030047779,-0.072366672,-0.10517784,0.13138493,-0.62441424,-0.76795026,0.14268588,1.4276218,-2.2534694,1.7
14,12500,6.250000,29,1.7236182,1.0826056,1.5492429,1.5705511,0.046350385,0.040870696,0.056422576,-0.10193342,-0.081071491,0.085958454,0.67649118,0.6905632,0.25589482,1.3120231,0.79569148,1.7
14,12500,6.250000,30,1.7236182,1.5606402,1.0486072,1.4376094,0.049876783,-0.095530302,-0.013842577,-0.098551024,0.10444868,0.010554532,-0.93763118,-0.021390313,-0.34697295,1.9251379,-3.1187835,1.7
14,12500,6.250000,31,1.7236182,1.4129246,1.5308281,1.0584352,-0.050888897,-0.042451226,0.014092977,-0.39678224,-0.10536935,0.15219688,-0.71047568,0.70310336,-0.029495194,1.6002958,2.3614098,1.7
15,12600,6.300000,0,1.7225851,0.13990206,0.18642619,0.30069492,-0.11391256,-0.038424559,0.066819997,0.17377478,-0.20496959,-0.52823607,0.9759629,0.18254871,0.11904784,1.4514655,0.1849081,1.7
15,12600,6.300000,1,1.7225851,0.29285326,0.75790637,0.55147967,0.083097219,0.11308893,-0.12030217,0.044620663,0.00087645167,0.1865077,0.22247487,-0.71657508,-0.66107873,2.2930519,-1.2697622,1.7
15,12600,6.300000,2,1.7225851,0.60584484,0.31725342,0.6427503,-0.045315137,0.092545539,0.051161305,0.20698991,0.24244176,0.084628715,0.86969408,-0.46949409,-0.15234006,1.7237319,-0.49500799,1.7
15,12600,6.300000,3,1.7225851,0.71044368,0.66806503,0.21659152,0.082422952,0.005672283,0.035428453,-0.090824321,-0.052809329,-0.41195166,0.3258299,0.93609289,0.13253293,1.4378723,1.2358381,1.7
15,12600,6.300000,4,1.7225851,0.1964353,0.14116301,1.0573693,-0.0073774519,-0.037085209,-0.069241552,0.12008107,-0.13215773,0.3119652,0.66530197,0.22121041,-0.71304926,2.3646341,0.32099699,1.7
15,12600,6.300000,5,1.7225851,0.13613301,0.59168707,1.5333199,-0.067218372,-0.1430042,0.0047675872,-0.021466875,-0.15053445,0.058039989,0.16233957,-0.94589702,0.28093537,1.2860277,-1.4008272,1.7
15,12600,6.300000,6,1.7225851,0.63901819,0.21752334,1.5702197,0.024322097,0.047267044,0.019890967,-0.069818204,-0.06574855,0.13443108,0.66942861,-0.090861451,0.7372988,0.74173316,-0.13490545,1.7
15,12600,6.300000,7,1.7225851,0.49203583,0.61147616,1.0645082,-0.11818741,-0.0092553206,-0.025637971,-0.073901234,0.025608714,0.12843448,-0.4105664,-0.71454746,0.56644256,0.96861366,-2.0923167,1.7
15,12600,6.300000,8,1.7225851,0.27467901,1.0468904,0.16770123,0.035299425,-0.040152742,-0.075743948,0.29551154,-0.095980522,-0.025257559,0.82116513,-0.27830696,-0.49822993,2.0923524,-0.32676756,1.7
15,12600,6.300000,9,1.7225851,0.29106334,1.5270744,0.68419626,0.061261711,-0.034555385,0.056912202,0.13253287,-0.27270392,0.28380974,-0.59527929,0.28708805,-0.75048186,2.4195872,2.6922257,1.7
15,12600,6.300000,10,1.7225851,0.68794313,1.1306758,0.63091157,0.022747808,0.077305676,-0.015746715,0.018937532,0.15083557,-0.072306795,-0.66989653,0.21525356,0.71056635,0.78049354,2.8306895,1.7
15,12600,6.300000,11,1.7225851,0.65015861,1.5113639,0.27844799,0.04360006,0.055586077,0.08654084,-0.0682803,0.21895925,-0.34150359,0.69476237,0.71922055,-0.005200603,1.575997,0.8026938,1.7
15,12600,6.300000,12,1.7225851,0.19995312,1.0786773,1.0251034,0.0093973019,-0.045528672,0.0033270908,-0.23109387,0.19043977,0.047634274,0.83713354,0.43317612,-0.33401479,1.9113561,0.47751125,1.7
15,12600,6.300000,13,1.7225851,0.3276547,1.4627129,1.5013926,0.14968009,-0.048073167,-0.014368092,0.077027069,0.37723191,-0.025642285,0.61724005,0.6601212,0.42808261,1.1284262,0.81895567,1.7
15,12600,6.300000,14,1.7225851,0.67933524,1.0028559,1.4731402,0.0041058769,-0.058542893,0.018963904,0.31156833,-0.27064135,-0.19242748,0.002404079,-0.42761902,-0.90395586,2.699728,-1.5651744,1.7
15,12600,6.300000,15,1.7225851,0.65069095,1.4577898,1.088445,0.027574386,-0.015640648,0.020767104,-0.11834745,0.036722015,0.21234722,-0.18062938,0.73295642,-0.65585663,2.2861132,1.8124211,1.7
15,12600,6.300000,16,1.7225851,1.1557773,0.2375683,0.36310234,0.031695716,0.061022272,0.14761051,-0.36042433,0.22649381,-0.3735003,-0.9674817,0.067952603,0.24364238,1.3246767,3.0714712,1.7
15,12600,6.300000,17,1.7225851,1.1412291,0.77658844,0.61948866,0.065835504,0.065036409,-0.085257678,0.29405528,0.25780303,-0.1951475,-0.81963254,-0.07198007,-0.56834969,2.175295,-3.0539975,1.7
15,12600,6.300000,18,1.7225851,1.5602501,0.21823727,0.72425811,0.035138298,-0.029164027,0.015142903,0.2172829,-0.19019691,0.029510222,0.074768512,0.99596085,0.049715791,1.52106,1.4958651,1.7
15,12600,6.300000,19,1.7225851,1.5090025,0.63797759,0.24896942,-0.061056945,0.032998349,0.030829057,0.20735345,0.078163886,-0.27054037,0.20758269,-0.86015058,0.46588669,1.0861599,-1.3339914,1.7
15,12600,6.300000,20,1.7225851,0.94818245,0.24445451,1.1311386,-0.031060712,0.047066462,0.059393756,-0.3422819,-0.14756987,0.22269956,0.94339844,-0.21539315,0.25220067,1.3158426,-0.2244686,1.7
15,12600,6.300000,21,1.7225851,1.0702917,0.57721543,1.5642082,-0.019954393,0.023607743,-0.012354407,0.20393116,0.3282665,0.40277209,-0.98779755,-0.15095864,-0.038307815,1.6091135,-2.9899425,1.7
15,12600,6.300000,22,1.7225851,1.5022398,0.1822373,1.5415562,-0.023078258,-0.019571699,0.064579623,0.12865152,-0.17321051,-0.097739043,0.058640502,-0.84810372,-0.52657513,2.1253632,-1.5017631,1.7
15,12600,6.300000,23,1.7225851,1.445234,0.58199723,1.0830133,-0.059313537,-0.11359513,-0.021972611,-0.24694697,-0.36876822,-0.30988968,-0.90438939,0.29607058,-0.30728171,1.8831315,2.825218,1.7
15,12600,6.300000,24,1.7225851,1.0830329,1.0675993,0.080753933,-0.0032954823,0.01849748,-0.11176798,0.050665232,0.11342857,0.0061851972,-0.62387022,0.64866184,0.43591716,1.1197392,2.3367148,1.7
15,12600,6.300000,25,1.7225851,0.97256009,1.5706289,0.70253973,-0.14668983,0.12132523,0.061949634,0.10366395,0.034601895,0.17614045,0.784095,-0.62020737,-0.02319163,1.59399,-0.66921976,1.7
15,12600,6.300000,26,1.7225851,1.5979025,1.1628523,0.55209238,0.051338826,0.10183537,-0.07611665,0.15926998,-0.18793587,0.43466502,0.24173571,-0.60451351,-0.75903047,2.432619,-1.1903893,1.7
15,12600,6.300000,27,1.7225851,1.5688542,1.4405235,0.057188692,0.057067937,-0.046908318,-0.15779991,-0.24063995,0.11485283,-0.13495221,0.89941697,0.14987518,-0.41059291,1.9939005,0.16511877,1.7
15,12600,6.300000,28,1.7225851,1.0163223,1.0316156,1.0342894,-0.096160006,-0.081692111,-0.023333399,0.019756586,0.045654568,0.14945419,-0.64684479,-0.71830878,0.25617242,1.3117359,-2.3038935,1.7
15,12600,6.300000,29,1.7225851,1.0718112,1.5438017,1.5694992,0.036201835,0.036356685,0.056311994,-0.3233213,-0.10869195,-0.067881848,0.42443529,0.68608999,0.59087664,0.9386513,1.0167914,1.7
15,12600,6.300000,30,1.7225851,1.5529256,1.0535953,1.4348303,0.043095554,-0.08991197,-0.015760575,-0.18313835,0.13132762,-0.035500067,-0.95271042,-0.10273593,-0.28598635,1.8608319,-3.0341723,1.7
15,12600,6.300000,31,1.7225851,1.391997,1.5239262,1.0690476,-0.070975637,-0.048437398,0.025343189,-0.42765636,-0.12621515,0.24497863,-0.61615742,0.77509976,-0.13989425,1.7111509,2.242444,1.7
16,12700,6.350000,0,1.7299757,0.14817398,0.1777201,0.26853734,-0.10625727,-0.047910184,0.033443752,0.20141091,-0.16448804,-0.74270606,0.93785506,0.32873715,0.11117455,1.4593915,0.33713818,1.7
16,12700,6.350000,1,1.7299757,0.29330647,0.75881904,0.56245403,0.082295691,0.11075487,-0.11171227,-0.087456578,-0.064593096,0.1278882,0.13672425,-0.5855623,-0.79901394,2.4964499,-1.3414137,1.7
16,12700,6.350000,2,1.7299757,0.6219212,0.32962947,0.64914217,-0.031866883,0.10353692,0.054787756,0.29559063,0.20348659,0.072163648,0.61401368,-0.77378271,-0.15571616,1.7271487,-0.90001782,1.7
16,12700,6.350000,3,1.7299757,0.70557479,0.67040027,0.19967735,0.074522881,0.0051423853,0.017623133,-0.16721489,-0.038291189,-0.27403215,0.5517235,0.80978549,0.19962124,1.369825,0.97271721,1.7
16,12700,6.350000,4,1.7299757,0.20405676,0.1350655,1.0790851,-0.0006132578,-0.043774047,-0.052098956,0.14485756,-0.13788616,0.43559318,0.71122555,0.22924323,-0.66453425,2.2976667,0.31180732,1.7
16,12700,6.350000,5,1.7299757,0.13691374,0.58586667,1.5473237,-0.067022134,-0.15134532,0.012176923,0.02040515,-0.22771005,0.21171844,0.18180402,-0.80958316,0.55814193,0.97865154,-1.349896,1.7
16,12700,6.350000,6,1.7299757,0.63844402,0.21358563,1.5843672,0.021013363,0.042406478,0.027285821,-0.029081332,-0.063793096,0.19040297,0.8015807,-0.1271987,0.58419935,0.94690312,-0.15737266,1.7
16,12700,6.350000,7,1.7299757,0.48946532,0.62046592,1.078056,-0.12285895,-0.0029026383,-0.016676457,-0.10646784,0.18367753,0.22958099,-0.28083264,-0.85712728,0.43181692,1.1242901,-1.8874178,1.7
16,12700,6.350000,8,1.7299757,0.293524,1.0484539,0.16053207,0.052928192,-0.043074643,-0.083615764,0.37649833,-0.065437431,-0.22517988,0.93884485,-0.15209137,-0.30893134,1.8848655,-0.16060318,1.7
16,12700,6.350000,9,1.7299757,0.29485644,1.5197626,0.69600877,0.063800599,-0.048389341,0.065770274,-0.0016489829,-0.28265232,0.090584085,-0.77227698,0.087217695,-0.62927048,2.2514105,3.0291334,1.7
16,12700,6.350000,10,1.7299757,0.68956321,1.1388019,0.62953073,0.021419172,0.080573749,-0.019825687,-0.014570002,-0.018172319,-0.10067984,-0.74012777,0.34788922,0.57548586,0.9575982,2.7021995,1.7
16,12700,6.350000,11,1.7299757,0.65115772,1.5314617,0.26159274,0.041813547,0.069170504,0.068529493,-0.01117492,0.33978478,-0.37409151,0.51598164,0.78275871,0.34792491,1.2154395,0.98799227,1.7
16,12700,6.350000,12,1.7299757,0.18930771,1.0933945,1.0312385,-0.0020814182,-0.035460951,0.0050603304,-0.25637093,0.19930246,0.017639495,0.94204272,0.24262879,-0.23170409,1.8046254,0.25207749,1.7
16,12700,6.350000,13,1.7299757,0.33524549,1.4862301,1.5044992,0.1558519,-0.030868511,-0.017695956,0.11459189,0.30145372,-0.11923396,0.61792132,0.51279761,0.59599652,0.93229024,0.69269397,1.7
16,12700,6.350000,14,1.7299757,0.69680214,0.99583877,1.471168,0.018627068,-0.069838528,0.010689083,0.26019572,-0.19040245,-0.13079495,-0.16218397,-0.19576347,-0.96714685,2.8845532,-2.262657,1.7
16,12700,6.350000,15,1.7299757,0.64951352,1.465884,1.1082724,0.023613708,-0.013804899,0.0358923,-0.068440347,0.075170866,0.37337718,-0.070492096,0.91503638,-0.39716406,1.979221,1.6476819,1.7
16,12700,6.350000,16,1.7299757,1.1423543,0.24981331,0.34835953,0.013353293,0.072224039,0.13134466,-0.40148991,0.19451013,-0.34334951,-0.92912206,0.24695246,0.27522114,1.2919766,2.8818078,1.7
16,12700,6.350000,17,1.7299757,1.160972,0.7921496,0.61340758,0.080650338,0.077239569,-0.09397795,0.28747398,0.17796698,-0.15118063,-0.74296549,-0.37839287,-0.55210608,2.1556844,-2.6705322,1.7
16,12700,6.350000,18,1.7299757,1.5765355,0.20841718,0.72557587,0.044709145,-0.039897459,0.01335712,0.13561421,-0.2265804,-0.079778353,0.043117969,0.99819881,-0.041712913,1.6125213,1.5276274,1.7
16,12700,6.350000,19,1.7299757,1.5272245,0.64760004,0.23778738,-0.049334264,0.039868909,0.018605008,0.23647261,0.20268743,-0.1678518,0.04767395,-0.99365189,0.10189757,1.4687216,-1.5228546,1.7
16,12700,6.350000,20,1.7299757,0.93559264,0.23753954,1.1456802,-0.047683027,0.039119695,0.069061627,-0.30216432,-0.13498953,0.15285501,0.90978333,-0.009596886,0.41497252,1.1428837,-0.010548149,1.7
16,12700,6.350000,21,1.7299757,1.0865996,0.59563561,1.5898419,-0.0082634431,0.039517376,0.0065277464,0.18220671,0.24796863,0.31370439,-0.87727835,-0.44274659,-0.18535953,1.7572341,-2.6742065,1.7
16,12700,6.350000,22,1.7299757,1.5095697,0.17397967,1.543247,-0.02219554,-0.028591887,0.059667028,-0.081365254,-0.2162741,-0.12721118,-0.22805572,-0.87471044,-0.42763562,2.0126719,-1.82584,1.7
16,12700,6.350000,23,1.7299757,1.4422405,0.56899024,1.0730847,-0.068488074,-0.12906601,-0.036516703,-0.15126064,-0.25301141,-0.25835208,-0.95158618,0.14976936,-0.26842669,1.8425557,2.9854841,1.7
16,12700,6.350000,24,1.7299757,1.0930052,1.0758686,0.086115569,0.0020188114,0.022178412,-0.10676352,0.18913736,0.085321763,0.22375226,-0.72360294,0.45079549,0.52266836,1.0208185,2.5844419,1.7
16,12700,6.350000,25,1.7299757,0.98777677,1.5801982,0.71262965,-0.13566942,0.12414985,0.069010261,0.24769455,0.063215325,0.05428824,0.79759787,-0.60000536,-0.061896808,1.6327327,-0.64494945,1.7
16,12700,6.350000,26,1.7299757,1.6113649,1.1585653,0.57502384,0.057931482,0.092579134,-0.055597814,0.10888834,-0.16464818,0.3335148,0.12603968,-0.54064064,-0.8317582,2.5530637,-1.341757,1.7
16,12700,6.350000,27,1.7299757,1.5652372,1.4487731,0.05530029,0.046741999,-0.044843526,-0.15992911,-0.14527326,0.0040832937,0.084858887,0.94633907,0.26725958,-0.18169944,1.7535107,0.27524598,1.7
16,12700,6.350000,28,1.7299757,1.0216382,1.0384801,1.0431944,-0.095206621,-0.079258843,-0.018875459,0.066739489,0.06551984,0.03567881,-0.5537206,-0.75608369,0.34889964,1.2143996,-2.2029077,1.7
16,12700,6.350000,29,1.7299757,1.0553872,1.5477087,1.5728253,0.015224223,0.033645942,0.052911528,-0.47438585,0.0096769336,-0.12827983,0.063318321,0.44744258,0.89206834,0.46889464,1.4302181,1.7
16,12700,6.350000,30,1.7299757,1.5480704,1.0627331,1.438432,0.031602281,-0.085304441,-0.018309352,-0.28683628,0.022904986,-0.020280091,-0.92385554,-0.24256177,-0.29606541,1.8713671,-2.884834,1.7
16,12700,6.350000,31,1.7299757,1.3785867,1.5207061,1.0886001,-0.090316772,-0.058174932,0.040277061,-0.30918848,-0.19817783,0.34426102,-0.51257838,0.82670378,-0.23200056,1.8049302,2.1258113,1.7
17,12800,6.400000,0,1.7145983,0.15788598,0.16780015,0.23176682,-0.095178714,-0.056287812,-0.0010939695,0.16318285,-0.15679675,-0.60866797,0.92703037,0.36169759,0.098942134,1.471692,0.3720019,1.7
17,12800,6.400000,1,1.7145983,0.28818621,0.74874068,0.5657906,0.079771316,0.10740658,-0.10333875,-0.03161738,-0.1313291,0.18545275,0.026221443,-0.45265399,-0.89130063,2.671002,-1.5129328,1.7
17,12800,6.400000,2,1.7145983,0.63114724,0.33653602,0.64633374,-0.017046533,0.1134176,0.057762718,0.31635099,0.17745537,0.066738372,0.20312499,-0.97174697,-0.12020008,1.6912877,-1.3647326,1.7
17,12800,6.400000,3,1.7145983,0.69119267,0.65975441,0.18693307,0.066376139,0.00043458679,0.0066045569,-0.14545832,-0.15643667,-0.16752463,0.68984843,0.69442822,0.20464258,1.3646978,0.78870659,1.7
17,12800,6.400000,4,1.7145983,0.20974734,0.12685635,1.0930703,0.0069248028,-0.05081405,-0.02841616,0.1783585,-0.11460767,0.43065047,0.76045522,0.21515375,-0.61271259,2.2302847,0.27572138,1.7
17,12800,6.400000,5,1.7145983,0.14031406,0.57262133,1.5460732,-0.062384097,-0.15941903,0.024736442,0.14713645,-0.10210018,0.2653056,0.2818594,-0.58635079,0.75943929,0.70834551,-1.1227068,1.7
17,12800,6.400000,6,1.7145983,0.62837338,0.21080517,1.5798403,0.016598039,0.041520592,0.036884891,-0.10476601,0.051132019,0.22616646,0.87763883,-0.14946793,0.45542224,1.0979499,-0.1686884,1.7
17,12800,6.400000,7,1.7145983,0.48399251,0.62408127,1.0798397,-0.12398602,0.0062688782,-0.0052591343,0.045950162,0.20102519,0.26371255,-0.22013652,-0.92218867,0.3179748,1.2472037,-1.8051221,1.7
17,12800,6.400000,8,1.7145983,0.31157279,1.042199,0.14596011,0.0736787,-0.039996212,-0.096819731,0.35964643,0.18114903,-0.24905215,0.99039007,-0.10981546,-0.084071816,1.6549675,-0.11042993,1.7
17,12800,6.400000,9,1.7145983,0.28796249,1.4950746,0.69022182,0.059508418,-0.059618618,0.066171825,-0.15102223,-0.16450928,-0.083946757,-0.90771677,-0.12054474,-0.40189455,1.9843812,-3.0095652,1.7
17,12800,6.400000,10,1.7145983,0.68257812,1.1258222,0.61817538,0.020559663,0.077703828,-0.02561107,-0.021777866,-0.085894833,-0.10129101,-0.77830416,0.42988689,0.45764604,1.0954504,2.6369563,1.7
17,12800,6.400000,11,1.7145983,0.6450598,1.5360441,0.24105596,0.041502282,0.087447355,0.050236305,-0.021023984,0.38697614,-0.34310435,0.24019844,0.69673184,0.67592119,0.82858238,1.238806,1.7
17,12800,6.400000,12,1.7145983,0.17634334,1.0940625,1.0229065,-0.013413656,-0.025027395,0.005898613,-0.159874,0.2368601,0.0061785623,0.98054437,0.18908067,-0.052737423,1.6235582,0.19049418,1.7
17,12800,6.400000,13,1.7145983,0.33629676,1.4841727,1.4902191,0.1599012,-0.019664975,-0.018606844,-0.093784719,0.13536197,0.025327009,0.53588621,0.380008,0.75393626,0.71676293,0.61682104,1.7
17,12800,6.400000,14,1.7145983,0.69923975,0.97485271,1.4509474,0.027297142,-0.08202715,0.0035133884,0.076721181,-0.29798749,-0.19066555,-0.35474783,0.038401115,-0.93417307,2.7767308,3.0337635,1.7
17,12800,6.400000,15,1.7145983,0.64493875,1.4562848,1.1138423,0.024817733,-0.010358708,0.051382575,0.11467649,0.037701786,0.23461974,0.012616571,0.99806946,-0.060812562,1.6316464,1.558156,1.7
17,12800,6.400000,16,1.7145983,1.1110856,0.25630239,0.32902269,-0.0078559453,0.080972721,0.1150315,-0.43470826,0.15775005,-0.26815384,-0.865285,0.41078316,0.28729612,1.2793936,2.6983586,1.7
17,12800,6.400000,17,1.7145983,1.1644867,0.78885265,0.59938851,0.094546768,0.081000697,-0.10258295,0.28220332,-0.05055306,-0.17073054,-0.63907918,-0.62447871,-0.4490035,2.0364461,-2.367749,1.7
17,12800,6.400000,18,1.7145983,1.5676413,0.1958678,0.71506039,0.049851447,-0.050642225,0.0092729368,0.053535761,-0.21138322,-0.10968522,0.0073338712,0.98481669,-0.1734425,1.7451204,1.5633495,1.7
17,12800,6.400000,19,1.7145983,1.5259689,0.65309958,0.2263215,-0.036959354,0.051175335,0.0092108363,0.3036372,0.23958854,-0.17307116,-0.098273356,-0.96946249,-0.2246883,1.7974195,-1.6718202,1.7
17,12800,6.400000,20,1.7145983,0.91431305,0.22951821,1.1418704,-0.060704423,0.03318332,0.075464231,-0.200356,-0.12255935,0.099469947,0.81477146,0.14217957,0.56207867,0.97389941,0.17276281,1.7
17,12800,6.400000,21,1.7145983,1.0874378,0.60011404,1.5905706,0.0022803852,0.049334137,0.021454983,0.29734208,0.089722741,0.22419052,-0.6991095,-0.63405988,-0.33047538,1.9076035,-2.404949,1.7
17,12800,6.400000,22,1.7145983,1.4898194,0.16147082,1.5223499,-0.028555853,-0.039603422,0.052455472,-0.20854106,-0.16519331,-0.15770933,-0.40905377,-0.81824402,-0.40392046,1.9865948,-2.0343772,1.7
17,12800,6.400000,23,1.7145983,1.4216772,0.55357792,1.0526068,-0.076266217,-0.1394671,-0.047505087,-0.12212931,-0.18197243,-0.19487554,-0.94825008,0.030095599,-0.31609498,1.8924069,3.1098653,1.7
17,12800,6.400000,24,1.7145983,1.0953535,1.0725808,0.099871513,0.014136758,0.028482037,-0.092176993,0.27647469,0.1418509,0.27640729,-0.78157247,0.18995797,0.59418889,0.93453949,2.9031697,1.7
17,12800,6.400000,25,1.7145983,0.99002603,1.5705094,0.70595963,-0.12459051,0.12852674,0.068673187,0.17835181,0.10268472,-0.015027452,0.79953289,-0.58828385,-0.12111672,1.6922111,-0.63434089,1.7
17,12800,6.400000,26,1.7145983,1.5985321,1.1407884,0.58461549,0.059428578,0.085067004,-0.040828938,-0.031629847,-0.13679556,0.25086888,0.049582403,-0.46718474,-0.88276837,2.6525189,-1.4650619,1.7
17,12800,6.400000,27,1.7145983,1.543564,1.4340393,0.060425189,0.038947199,-0.046707758,-0.15428747,-0.15326601,-0.10271402,0.16221468,0.90746469,0.41935597,0.025463796,1.5453298,0.43288562,1.7
17,12800,6.400000,28,1.7145983,1.0122902,1.0315584,1.0309003,-0.095474604,-0.076939325,-0.021910356,-0.072928653,0.1031731,-0.11769042,-0.40633834,-0.83449653,0.37216218,1.1894589,-2.0239304,1.7
17,12800,6.400000,29,1.7145983,1.0225037,1.5367307,1.5517295,-0.0083834928,0.036437787,0.045764396,-0.48506592,0.10247208,-0.11498873,-0.20724342,0.049065525,0.97705821,0.21461619,2.90912,1.7
17,12800,6.400000,30,1.7145983,1.5219832,1.0526779,1.4251707,0.019220357,-0.085915882,-0.018786833,-0.19265279,-0.059487443,-0.010632131,-0.85203593,-0.36137437,-0.37873914,1.9592299,-2.7404588,1.7
17,12800,6.400000,31,1.7145983,1.3523002,1.4989984,1.0958275,-0.10441219,-0.066402069,0.057256606,-0.16154271,-0.1249656,0.37378633,-0.37665203,0.88618342,-0.26983736,1.8440204,1.97269,1.7
18,12900,6.450000,0,1.7271435,0.16639172,0.16406435,0.20471373,-0.087854881,-0.061233338,-0.029738429,0.20558071,-0.0059297336,-0.52113551,0.93495149,0.34444199,0.085002566,1.4856911,0.35297737,1.7
18,12900,6.450000,1,1.7271435,0.28872469,0.74845015,0.57917117,0.078206915,0.10165866,-0.094131488,-0.011959901,-0.11687818,0.13386196,-0.068703321,-0.30003986,-0.95144939,2.8287072,-1.7958964,1.7
18,12900,6.450000,2,1.7271435,0.65043791,0.351169,0.65687633,-0.0024270933,0.12554403,0.063555144,0.265172,0.34505394,0.11156836,-0.37166212,-0.92516113,-0.077098296,1.6479712,-1.9527905,1.7
18,12900,6.450000,3,1.7271435,0.68794747,0.65536174,0.18523325,0.058103805,-0.0087518436,0.0035481374,-0.16118463,-0.22507571,0.010439644,0.81308644,0.52475023,0.2520469,1.3160015,0.573121,1.7
18,12900,6.450000,4,1.7271435,0.22097389,0.12106836,1.123686,0.016581486,-0.057505825,-0.0058803755,0.14676193,-0.071149206,0.45798058,0.80353451,0.21434601,-0.555327,2.1595524,0.26068389,1.7
18,12900,6.450000,5,1.7271435,0.14933625,0.57709099,1.572641,-0.054417589,-0.15914011,0.039936636,0.20232021,0.095403548,0.34108872,0.40893355,-0.42045123,0.80993464,0.62675566,-0.79928429,1.7
18,12900,6.450000,6,1.7271435,0.62512614,0.21682398,1.6004232,0.0087816382,0.045980735,0.045875777,-0.18770922,0.16974146,0.1128922,0.93652069,-0.12437302,0.32781146,1.2368102,-0.1320307,1.7
18,12900,6.450000,7,1.7271435,0.49113038,0.63512328,1.1018139,-0.12040246,0.012721127,0.0087630196,0.068023734,0.10453871,0.29463344,-0.24395258,-0.92767702,0.28267029,1.2842195,-1.8279457,1.7
18,12900,6.450000,8,1.7271435,0.32965895,1.0587796,0.13065846,0.089427756,-0.031073606,-0.11312988,0.28292172,0.19355771,-0.33161694,0.96431802,-0.035842409,0.26230913,1.305382,-0.037151559,1.7
18,12900,6.450000,9,1.7271435,0.2816577,1.5022815,0.69144822,0.051127229,-0.063337233,0.062361932,-0.18526814,0.014375286,-0.037598507,-0.9366195,-0.31869833,-0.14551731,1.7168322,-2.8136171,1.7
18,12900,6.450000,10,1.7271435,0.69087845,1.1287692,0.61664584,0.023853736,0.07243268,-0.031641661,0.065508762,-0.16481194,-0.12933667,-0.78079006,0.41652526,0.46569688,1.0863744,2.6515317,1.7
18,12900,6.450000,11,1.7271435,0.64862752,1.5642891,0.23248063,0.040354445,0.10439179,0.039934783,-0.07686565,0.28750841,-0.054924037,-0.11259284,0.52161778,0.84571729,0.56288841,1.7833878,1.7
18,12900,6.450000,12,1.7271435,0.16981657,1.1108855,1.0351914,-0.02120229,-0.016241389,0.01068171,-0.09994322,0.1664815,0.16497495,0.9935713,0.10652574,0.038318903,1.532468,0.10680699,1.7
18,12900,6.450000,13,1.7271435,0.33029468,1.4992147,1.5060204,0.15146925,-0.015497522,-0.013726866,-0.2211238,-0.026894617,0.098768011,0.45097801,0.23830373,0.86013381,0.53526438,0.48612067,1.7
18,12900,6.450000,14,1.7271435,0.70646182,0.97073455,1.4539616,0.029395408,-0.093237195,-0.0040610666,0.037313829,-0.18386057,-0.1153946,-0.63310362,0.22473973,-0.74072388,2.4049436,2.8004874,1.7
18,12900,6.450000,15,1.7271435,0.65855537,1.4648203,1.1283285,0.03368319,-0.012470783,0.057696043,0.26955047,-0.085285529,0.074125414,0.0756998,0.96857848,0.23690774,1.3316146,1.4927993,1.7
18,12900,6.450000,16,1.7271435,1.0999165,0.26894144,0.31650978,-0.027084473,0.09169738,0.1001654,-0.39791746,0.18849877,-0.25804151,-0.79828866,0.51962345,0.30451056,1.2613718,2.5645697,1.7
18,12900,6.450000,17,1.7271435,1.1831645,0.79268539,0.59014915,0.10466748,0.079068647,-0.1161584,0.18200899,-0.048009774,-0.36979998,-0.54740781,-0.76857469,-0.33111574,1.9082821,-2.1896883,1.7
18,12900,6.450000,18,1.7271435,1.5843895,0.18731352,0.71014613,0.055110487,-0.060593349,-0.00083638887,0.17133172,-0.17766284,-0.23367479,-0.0097217966,0.92862885,-0.37088267,1.9507556,1.5812649,1.7
18,12900,6.450000,19,1.7271435,1.5541901,0.67017102,0.22083679,-0.019965275,0.063423567,0.0020961247,0.32994852,0.19663194,-0.17032541,-0.24488376,-0.82409459,-0.51078377,2.1068925,-1.8596409,1.7
18,12900,6.450000,20,1.7271435,0.91073237,0.22437489,1.1542892,-0.070937589,0.026385445,0.079513418,-0.20019754,-0.1143365,0.05162528,0.60246919,0.29678935,0.74090954,0.73637269,0.4577275,1.7
18,12900,6.450000,21,1.7271435,1.1076782,0.6023786,1.6072379,0.014519645,0.047215537,0.02646621,0.20467492,-0.16835737,0.030300936,-0.48755731,-0.72218104,-0.49065509,2.0836377,-2.164627,1.7
18,12900,6.450000,22,1.7271435,1.4884566,0.15295643,1.5272601,-0.040774801,-0.04926404,0.046249675,-0.23701934,-0.19410833,-0.12441289,-0.4882175,-0.75146546,-0.44378299,2.0306121,-2.1469516,1.7
18,12900,6.450000,23,1.7271435,1.4284603,0.54944427,1.055041,-0.079872015,-0.14762141,-0.052753427,-0.054955068,-0.17355092,-0.07578115,-0.91483436,-0.026586226,-0.40295317,1.9855376,-3.1125396,1.7
18,12900,6.450000,24,1.7271435,1.1176256,1.0925011,0.11583068,0.02834264,0.040510643,-0.077003864,0.24408019,0.31574935,0.32402579,-0.80089502,-0.095133218,0.59119949,0.93825106,-3.023363,1.7
18,12900,6.450000,25,1.7271435,1.0058338,1.5891058,0.70989691,-0.11605762,0.13560633,0.067449603,0.18625446,0.14188984,-0.022605508,0.79223193,-0.56938633,-0.21947159,1.7920692,-0.62317406,1.7
18,12900,6.450000,26,1.7271435,1.6020982,1.1443545,0.59699495,0.051328152,0.080303535,-0.032756378,-0.28158504,-0.090334282,0.17845242,0.09324063,-0.37960069,-0.92043984,2.7400006,-1.3299365,1.7
18,12900,6.450000,27,1.7271435,1.5499281,1.4394702,0.072896142,0.034035362,-0.051750992,-0.14230232,-0.041982426,-0.090311341,0.23584444,0.89653429,0.42101743,0.13773376,1.4326233,0.43903772,1.7
18,12900,6.450000,28,1.7271435,1.0137411,1.0423482,1.0311239,-0.10140878,-0.07370893,-0.029202973,-0.17389809,0.074477263,-0.14802788,-0.21203297,-0.90124923,0.37787809,1.1832929,-1.80186,1.7
18,12900,6.450000,29,1.7271435,1.0088652,1.5517073,1.5547604,-0.029426704,0.040156959,0.037471997,-0.37926115,0.097835142,-0.23090091,-0.38179094,-0.28147278,0.88034582,0.49420556,-2.506306,1.7
18,12900,6.450000,30,1.7271435,1.5262873,1.0513556,1.4326797,0.012413273,-0.094907564,-0.021694818,-0.1185953,-0.30332275,-0.094390213,-0.75480207,-0.46780359,-0.45981912,2.0485878,-2.5867632,1.7
18,12900,6.450000,31,1.7271435,1.3571077,1.5049952,1.1202601,-0.10948066,-0.071354948,0.073611716,-0.059560063,-0.098165704,0.30980221,-0.20579665,0.93134293,-0.30041319,1.8759222,1.7882694,1.7
19,13000,6.500000,0,1.7273105,0.17345959,0.16306499,0.1829616,-0.080803439,-0.062248517,-0.051509297,0.036213007,-0.0041439289,-0.33968437,0.95678874,0.28959587,0.026258939,1.5445344,0.29390896,1.7
19,13000,6.500000,1,1.7273105,0.28898671,0.74161759,0.58875908,0.078441,0.094754055,-0.084600044,0.022112892,-0.19611796,0.21005113,-0.20723774,-0.24571532,-0.94693004,2.8143431,-2.2714497,1.7
19,13000,6.500000,2,1.7273105,0.66312318,0.37100632,0.66136044,0.010194673,0.14534644,0.067975518,0.18404299,0.3748389,0.12813671,-0.86234849,-0.50303638,0.057528131,1.5132364,-2.6135184,1.7
19,13000,6.500000,3,1.7273105,0.67594867,0.64323116,0.18653386,0.046039067,-0.020945205,0.0048307711,-0.32443568,-0.2301826,0.086809847,0.86535277,0.37840947,0.32858919,1.2359869,0.41223354,1.7
19,13000,6.500000,4,1.7273105,0.22418543,0.11859894,1.1432901,0.019771502,-0.059986822,0.013614145,0.026780677,-0.022437876,0.33557722,0.84154819,0.1863349,-0.50702658,2.1025279,0.21790355,1.7
19,13000,6.500000,5,1.7273105,0.16288012,0.58372943,1.5828371,-0.040888819,-0.15255779,0.049980173,0.28706011,0.14302895,0.081563189,0.57829129,-0.27108411,0.76947553,0.69277677,-0.43835083,1.7
19,13000,6.500000,6,1.7273105,0.61702425,0.22430796,1.6072444,0.00061970035,0.053443395,0.052541907,-0.13308723,0.14798154,0.054488323,0.97534819,-0.10986478,0.19137826,1.3782302,-0.11216879,1.7
19,13000,6.500000,7,1.7273105,0.49577152,0.63678293,1.1124451,-0.11580903,0.014319283,0.019287123,0.060372616,-0.0252219,0.14924181,-0.3192785,-0.89464112,0.3125356,1.2529351,-1.9135861,1.7
19,13000,6.500000,8,1.7273105,0.34246678,1.0677739,0.11349422,0.10220309,-0.022182193,-0.13030593,0.24261407,0.16888865,-0.35117282,0.79665101,0.099062206,0.59626659,0.93195385,0.12371328,1.7
19,13000,6.500000,9,1.7273105,0.26805542,1.5070839,0.69274813,0.03749837,-0.058680339,0.06359493,-0.28045126,0.15643498,0.096367991,-0.87679303,-0.46820904,0.10960963,1.460966,-2.6511151,1.7
19,13000,6.500000,10,1.7273105,0.69322816,1.1187635,0.60753977,0.026136533,0.062318341,-0.040806913,-0.0045007456,-0.1834937,-0.2673821,-0.77126996,0.3295301,0.5445664,0.99492428,2.7378123,1.7
19,13000,6.500000,11,1.7273105,0.64413162,1.5780659,0.23447168,0.035796043,0.11801667,0.041903249,-0.11807282,0.29123847,0.12243218,-0.42255759,0.3343675,0.84240338,0.5690683,2.4721825,1.7
19,13000,6.500000,12,1.7273105,0.16732385,1.1171132,1.0484421,-0.023711307,-0.010121447,0.023831701,0.03281462,0.11126688,0.37179363,0.99915273,-0.011522221,0.039510153,1.5312759,-0.01153148,1.7
19,13000,6.500000,13,1.7273105,0.31815933,1.495541,1.514117,0.13930255,-0.019315947,-0.0057762936,-0.24863372,-0.1282331,0.24860927,0.32801801,0.17177573,0.92892265,0.3793038,0.48240989,1.7
19,13000,6.500000,14,1.7273105,0.7085422,0.96474151,1.4522416,0.031407375,-0.099323804,-0.0059215558,-0.0051740207,-0.096202058,0.081101037,-0.83770696,0.35663591,-0.41359143,1.9971915,2.7391049,1.7
19,13000,6.500000,15,1.7273105,0.67149562,1.457223,1.1324975,0.046559138,-0.020209334,0.061755834,0.15908416,-0.19489065,0.039285502,0.15734784,0.84168622,0.51653264,1.0279997,1.385986,1.7
19,13000,6.500000,16,1.7273105,1.0803507,0.27550216,0.30723391,-0.046755683,0.098231782,0.090859386,-0.38184051,0.062958698,-0.17478951,-0.75318708,0.58324209,0.30420041,1.2616974,2.4826791,1.7
19,13000,6.500000,17,1.7273105,1.1902584,0.78813841,0.57319071,0.11164655,0.074445238,-0.13317308,0.084923759,-0.14417399,-0.32895935,-0.46698303,-0.8501141,-0.24337804,1.8166434,-2.0731158,1.7
19,13000,6.500000,18,1.7273105,1.5929132,0.17569217,0.69526432,0.063480558,-0.072232245,-0.015786139,0.20805633,-0.25368887,-0.30416729,-0.0094351286,0.80103368,-0.59854492,2.2124798,1.5825745,1.7
19,13000,6.500000,19,1.7273105,1.5701009,0.68006369,0.21330572,-0.0042054993,0.073250958,-0.0054559355,0.30645519,0.20237688,-0.070650843,-0.42748676,-0.5988111,-0.67725943,2.3148277,-2.1907854,1.7
19,13000,6.500000,20,1.7273105,0.90650576,0.21914163,1.1597473,-0.075252054,0.02113075,0.084859648,-0.012204008,-0.0095769081,0.096813467,0.38962285,0.39207601,0.83334893,0.58565733,0.7885364,1.7
19,13000,6.500000,21,1.7273105,1.1208173,0.59069415,1.6043214,0.027551094,0.035473414,0.023394455,0.33891767,-0.29087548,-0.066826918,-0.22197197,-0.72163822,-0.65571847,2.2859302,-1.8692059,1.7
19,13000,6.500000,22,1.7273105,1.4757327,0.14779895,1.5204738,-0.053641943,-0.054436058,0.039315962,-0.28970356,-0.014360217,-0.18312229,-0.51019678,-0.67103258,-0.5379726,2.1388265,-2.220867,1.7
19,13000,6.500000,23,1.7273105,1.4229612,0.54382241,1.0511318,-0.085508973,-0.15329613,-0.056764433,-0.098293795,-0.066038885,-0.073694732,-0.85286496,-0.084549059,-0.51524054,2.1120846,-3.0427802,1.7
19,13000,6.500000,24,1.7273105,1.1282306,1.1064806,0.13101258,0.038839078,0.054383814,-0.061833898,0.13376069,0.26493882,0.34366438,-0.78236609,-0.26646276,0.56293951,0.97285823,-2.8133292,1.7
19,13000,6.500000,25,1.7273105,1.0148028,1.5966876,0.70267331,-0.10718627,0.14303412,0.060157707,0.15661364,0.15448164,-0.26946411,0.80632616,-0.51148422,-0.29702192,1.8723686,-0.56528691,1.7
19,13000,6.500000,26,1.7273105,1.5865497,1.142604,0.60727678,0.035625473,0.078442535,-0.022532777,-0.27771349,0.052706388,0.1692805,0.30419956,-0.27567867,-0.91184642,2.7185558,-0.7362535,1.7
19,13000,6.500000,27,1.7273105,1.5519897,1.4411246,0.083573941,0.035946914,-0.050235858,-0.13163209,0.11090239,0.18328123,0.12785284,0.92886308,0.32566801,0.1765042,1.3933626,0.3372175,1.7
19,13000,6.500000,28,1.7273105,1.0065019,1.0460864,1.0263243,-0.1087457,-0.07007167,-0.034102073,-0.074801786,0.013910659,-0.069110243,-0.0049857869,-0.94515322,0.32658924,1.2381037,-1.5760714,1.7
19,13000,6.500000,29,1.7273105,0.99603748,1.5591213,1.539688,-0.042351362,0.047420526,0.022249979,-0.12355747,0.13783613,-0.35949264,-0.4295178,-0.56758623,0.70239613,0.79203803,-2.2186,1.7
19,13000,6.500000,30,1.7273105,1.5231992,1.032398,1.4298082,0.0091777241,-0.11396591,-0.024704741,-0.0090229381,-0.51895006,-0.065164051,-0.65895518,-0.52406781,-0.53956557,2.1407174,-2.4697234,1.7
19,13000,6.500000,31,1.7273105,1.3553973,1.5017169,1.1318738,-0.11132219,-0.074778603,0.085116573,0.0026948269,-0.059361779,0.13790186,-0.033580371,0.96079691,-0.27521201,1.8496065,1.6057326,1.7
20,13100,6.550000,0,1.7654645,0.17766757,0.1664412,0.17814608,-0.080431016,-0.062471749,-0.060270487,-0.088511948,-0.001192465,-0.0801468,0.97483375,0.22141681,0.025956866,1.5448365,0.22334363,1.7
20,13100,6.550000,1,1.7654645,0.29743466,0.74920881,0.6114783,0.080483311,0.086058918,-0.074990695,-0.025070298,-0.15896227,0.14974397,-0.27353727,-0.27813004,-0.92077198,2.7408511,-2.3478694,1.7
20,13100,6.550000,2,1.7654645,0.68615907,0.39566769,0.68312617,0.01849242,0.16163483,0.07505534,0.11352112,0.31920383,0.11941077,-0.98435978,0.12472469,0.12441693,1.4460562,3.0155579,1.7
20,13100,6.550000,3,1.7654645,0.67559972,0.64637941,0.20211699,0.030924424,-0.031885567,0.016169759,-0.30443515,-0.18470249,0.27344527,0.92049513,0.256999,0.29434712,1.272024,0.27226345,1.7
20,13100,6.550000,4,1.7654645,0.23056195,0.12144151,1.1822545,0.021180679,-0.059766353,0.027176632,0.049847408,0.0053843295,0.22950163,0.89224703,0.10009279,-0.44031428,2.026745,0.11171353,1.7
20,13100,6.550000,5,1.7654645,0.18215333,0.60659535,1.6181543,-0.025382795,-0.14269343,0.050330779,0.33423616,0.15092733,-0.088776231,0.69257623,-0.13751552,0.70811556,0.78397051,-0.1960072,1.7
20,13100,6.550000,6,1.7654645,0.62517213,0.2366534,1.637607,-0.0048024362,0.060754304,0.0474581,-0.078050159,0.13147613,-0.19447866,0.97580429,-0.12263456,0.18101591,1.388777,-0.12501991,1.7
20,13100,6.550000,7,1.7654645,0.51195664,0.65208366,1.1426955,-0.1106314,0.015540984,0.024903822,0.11977573,0.059529718,0.07707974,-0.41074379,-0.78863779,0.45753686,1.0955732,-2.0509663,1.7
20,13100,6.550000,8,1.7654645,0.35970128,1.0995212,0.096099612,0.11176847,-0.014108698,-0.14999242,0.092738647,0.17115181,-0.40866503,0.58627989,0.29111704,0.75599389,0.71362517,0.46088348,1.7
20,13100,6.550000,9,1.7654645,0.25760325,1.5480941,0.71390333,0.021302138,-0.051042999,0.06938499,-0.39313264,0.15951874,0.1587652,-0.81140913,-0.52336332,0.26020386,1.307563,-2.5687365,1.7
20,13100,6.550000,10,1.7654645,0.70886303,1.138692,0.60397316,0.026455431,0.057586601,-0.057609718,-0.056987353,-0.087410042,-0.332994,-0.7047069,0.31008656,0.63814929,0.87870426,2.7270673,1.7
20,13100,6.550000,11,1.7654645,0.65145496,1.6255005,0.24964952,0.028965989,0.13045795,0.051793887,-0.092007615,0.21756705,0.24990876,-0.61773597,0.13747434,0.77427584,0.68522632,2.9226157,1.7
20,13100,6.550000,12,1.7654645,0.17261044,1.1444672,1.0887094,-0.022137868,-0.0074718547,0.040755441,0.023070276,0.10661389,0.3288111,0.98269841,-0.17811148,0.050795054,1.5199794,-0.17930088,1.7
20,13100,6.550000,13,1.7654645,0.31371641,1.5220915,1.5600125,0.12795587,-0.025729874,0.0065398898,-0.19689907,-0.12008457,0.28535618,0.22191071,0.20203663,0.9539061,0.30480299,0.73855381,1.7
20,13100,6.550000,14,1.7654645,0.71859023,0.98395343,1.4877564,0.025865198,-0.10139907,-0.0025218898,-0.068944803,-0.0035928303,0.068961099,-0.89378911,0.44845938,-0.0050219422,1.5758183,2.6765454,1.7
20,13100,6.550000,15,1.7654645,0.69071669,1.4807232,1.1608801,0.05090034,-0.028803426,0.06508669,0.035771818,-0.11785901,0.091344097,0.25676981,0.67070742,0.69585977,0.80117997,1.205175,1.7
20,13100,6.550000,16,1.7654645,1.0883574,0.27819897,0.30338906,-0.062441168,0.094879737,0.080343025,-0.22340899,-0.13679835,-0.2862007,-0.71058532,0.64749803,0.27534488,1.2918479,2.4026143,1.7
20,13100,6.550000,17,1.7654645,1.2182161,0.79948859,0.57452174,0.11329505,0.068451965,-0.14438064,-0.060161884,-0.14541424,-0.18025565,-0.37089949,-0.90454929,-0.21029538,1.7826734,-1.959926,1.7
20,13100,6.550000,18,1.7654645,1.6399056,0.16466206,0.69447446,0.07516006,-0.086982038,-0.031758979,0.23478008,-0.25596057,-0.2810147,-0.017284546,0.64309578,-0.76559066,2.4427553,1.597667,1.7
20,13100,6.550000,19,1.7654645,1.6191848,0.70441967,0.21463542,0.010041374,0.082484378,-0.0088013246,0.18875787,0.21281571,-0.078885247,-0.5807382,-0.32908644,-0.74461081,2.4107479,-2.6260417,1.7
20,13100,6.550000,20,1.7654645,0.92785788,0.22702124,1.1931533,-0.073937802,0.024136975,0.092564246,0.094233197,0.13124764,0.17449518,0.22214973,0.46837183,0.85514754,0.54496093,1.1279176,1.7
20,13100,6.550000,21,1.7654645,1.1619494,0.58801544,1.6398697,0.043748807,0.019916992,0.023504165,0.43258129,-0.20077667,0.058282524,0.019761964,-0.63803989,-0.76974968,2.4492452,-1.5398333,1.7
20,13100,6.550000,22,1.7654645,1.4972555,0.15283399,1.5461143,-0.064596484,-0.052684828,0.031457076,-0.12762167,0.082037202,-0.091643615,-0.46989129,-0.61918205,-0.62913891,2.2512412,-2.219963,1.7
20,13100,6.550000,23,1.7654645,1.4476976,0.5562971,1.0724901,-0.092131594,-0.15283875,-0.058604197,-0.14174885,0.027704069,-0.035872665,-0.800493,-0.18908157,-0.56873467,2.175763,-2.9096377,1.7
20,13100,6.550000,24,1.7654645,1.1517679,1.1419235,0.14795321,0.037470273,0.065267213,-0.04793895,-0.098133163,0.17912174,0.20592846,-0.72503497,-0.25948429,0.63795939,0.87895087,-2.7979044,1.7
20,13100,6.550000,25,1.7654645,1.0426474,1.6384819,0.70637458,-0.10181597,0.14948924,0.048465579,0.065263527,0.043529796,-0.20028026,0.82100883,-0.42785553,-0.37800018,1.9584316,-0.48041143,1.7
20,13100,6.550000,26,1.7654645,1.6067155,1.1683281,0.62760891,0.020907302,0.078922748,-0.015689329,-0.28507416,0.00040631365,0.12564038,0.51808351,-0.14084815,-0.84365353,2.5748486,-0.26544818,1.7
20,13100,6.550000,27,1.7654645,1.592842,1.4871575,0.09174161,0.042446873,-0.036188959,-0.12537877,0.10856525,0.34421452,0.15355757,0.96015167,0.1435507,0.23979568,1.3286409,0.14840909,1.7
20,13100,6.550000,28,1.7654645,1.0284548,1.0688195,1.0451283,-0.10902202,-0.070441214,-0.037926384,0.096355016,-0.090889108,-0.049946695,0.1336542,-0.95890243,0.25028521,1.3178215,-1.4323061,1.7
20,13100,6.550000,29,1.7654645,1.0207314,1.5971652,1.5563356,-0.039687677,0.050986537,0.0050755373,0.16015104,-0.0086341169,-0.27575127,-0.31521993,-0.83632863,0.44854299,1.1056619,-1.9312397,1.7
20,13100,6.550000,30,1.7654645,1.5581218,1.026553,1.4555562,0.010441068,-0.14230564,-0.030476256,0.061115719,-0.67266567,-0.12108306,-0.59850099,-0.54253445,-0.58945138,2.2011759,-2.4052041,1.7
20,13100,6.550000,31,1.7654645,1.3858198,1.529374,1.1623983,-0.11084389,-0.080232892,0.090579822,-0.030614104,-0.20074262,0.0019958017,0.12774925,0.97255277,-0.19447683,1.7665204,1.4401895,1.7
21,13200,6.600000,0,1.7655164,0.17147131,0.1669087,0.17529272,-0.086632404,-0.062009151,-0.063129038,-0.17454438,0.0012761547,-0.004220924,0.98376941,0.17398316,0.043904586,1.5268776,0.17504362,1.7
21,13200,6.600000,1,1.7655164,0.29505843,0.74512462,0.61722144,0.078098383,0.081952784,-0.069265596,-0.058161569,-0.0057638067,0.20224956,-0.29681706,-0.36988921,-0.88038719,2.6474743,-2.2470285,1.7
21,13200,6.600000,2,1.7655164,0.6957841,0.40920872,0.6899382,0.028097154,0.17516405,0.081847218,0.22192147,0.24089932,0.16856072,-0.8202338,0.56887841,0.059948897,1.5108115,2.5352043,1.7
21,13200,6.600000,3,1.7655164,0.66044948,0.64016573,0.21520452,0.015754566,-0.038118139,0.029251163,-0.35297911,-0.035153026,0.28539809,0.96809522,0.14996459,0.20075425,1.3686685,0.15368534,1.7
21,13200,6.600000,4,1.7655164,0.23115337,0.12136044,1.1928896,0.021765313,-0.059850996,0.037776878,0.026055685,-0.014131791,0.23187599,0.91478595,-0.069542965,-0.39790759,1.9800313,-0.075875084,1.7
21,13200,6.600000,5,1.7655164,0.19692291,0.61668439,1.6132919,-0.010618783,-0.13262235,0.045420876,0.31954159,0.18043306,-0.12985068,0.72128491,0.041993842,0.6913643,0.80742068,0.05815523,1.7
21,13200,6.600000,6,1.7655164,0.62341247,0.24287827,1.6233061,-0.0065804234,0.066972138,0.033109342,-0.021234111,0.1016731,-0.38271965,0.95152293,-0.1558974,0.26514168,1.3024455,-0.16239703,1.7
21,13200,6.600000,7,1.7655164,0.52083111,0.65363203,1.1459067,-0.10177209,0.017070179,0.028081376,0.22148517,0.037669709,0.05435907,-0.4618879,-0.64263033,0.61129848,0.91309604,-2.1939929,1.7
21,13200,6.600000,8,1.7655164,0.36185166,1.1042854,0.082137477,0.11390825,-0.0093768715,-0.16395717,-0.0085531007,0.053536537,-0.16927468,0.41961095,0.47492527,0.7735455,0.68637956,0.84715528,1.7
21,13200,6.600000,9,1.7655164,0.23532162,1.5568385,0.72412367,-0.00098672818,-0.042344211,0.079584217,-0.42291133,0.15704402,0.23295713,-0.7697181,-0.52748773,0.35957021,1.2029891,-2.5408008,1.7
21,13200,6.600000,10,1.7655164,0.7055339,1.1389031,0.58649464,0.023105541,0.057764236,-0.07510571,-0.083080282,0.016906322,-0.37198655,-0.58410757,0.31722019,0.74712094,0.7270763,2.6440738,1.7
21,13200,6.600000,11,1.7655164,0.64813917,1.6343602,0.26076683,0.025631117,0.13926983,0.062903702,0.033342151,0.17097777,0.169864,-0.72320184,-0.021439131,0.69030389,0.80888734,-3.1119566,1.7
21,13200,6.600000,12,1.7655164,0.17607277,1.154507,1.1066623,-0.018680659,0.0025341095,0.058676164,0.048368357,0.22700561,0.38019316,0.95842827,-0.28257286,0.039595743,1.5311902,-0.28670643,1.7
21,13200,6.600000,13,1.7655164,0.3027864,1.5192989,1.5749441,0.1170168,-0.028567143,0.02142541,-0.221238,0.0092478325,0.27406788,0.12034366,0.41473205,0.90195052,0.44653114,1.2883802,1.7
21,13200,6.600000,14,1.7655164,0.7205985,0.98095884,1.4894835,0.027852335,-0.10442251,-0.00083850756,0.10185236,-0.13249693,0.011694563,-0.83962709,0.48359857,0.24730297,1.3209006,2.619031,1.7
21,13200,6.600000,15,1.7655164,0.68641842,1.4745007,1.160017,0.046581847,-0.035069258,0.064189485,-0.17670124,-0.12865753,-0.069864102,0.34022961,0.51864113,0.78438204,0.66909709,0.99021335,1.7
21,13200,6.600000,16,1.7655164,1.0780957,0.26939509,0.2901382,-0.07273467,0.086067811,0.067083448,-0.17669102,-0.22352168,-0.24332015,-0.66197219,0.70553717,0.25300221,1.3150142,2.3243481,1.7
21,13200,6.600000,17,1.7655164,1.2124309,0.79090815,0.5671533,0.10747419,0.059848168,-0.15176584,-0.17341581,-0.24047575,-0.12213201,-0.24166857,-0.94653222,-0.21371256,1.7861701,-1.8207757,1.7
21,13200,6.600000,18,1.7655164,1.6540851,0.15029958,0.68287954,0.089291185,-0.10134914,-0.043374124,0.32290198,-0.24871964,-0.20086957,-0.052310066,0.47919581,-0.87614784,2.6386082,1.679528,1.7
21,13200,6.600000,19,1.7655164,1.6305822,0.7175383,0.21008188,0.021391063,0.095582131,-0.013361101,0.16360621,0.2589963,-0.12794496,-0.68531226,-0.0220932,-0.72791415,2.3860713,-3.1093657,1.7
21,13200,6.600000,20,1.7655164,0.93498053,0.23516539,1.1995832,-0.066842501,0.032274337,0.098959024,0.13532746,0.15651779,0.07068253,0.0879452,0.58810102,0.80399181,0.63681827,1.4223553,1.7
21,13200,6.600000,21,1.7655164,1.1803322,0.58262422,1.6433058,0.062097259,0.014508576,0.026892096,0.28101857,-0.01133306,0.03703916,0.28090465,-0.54455634,-0.79028537,2.4820709,-1.0945561,1.7
21,13200,6.600000,22,1.7655164,1.491982,0.15910038,1.5467845,-0.069913882,-0.046423024,0.032081844,-0.1139916,0.18552464,0.031664871,-0.38447211,-0.62292725,-0.68128029,2.3203065,-2.1237686,1.7
21,13200,6.600000,23,1.7655164,1.4414585,0.55696676,1.0728841,-0.098413095,-0.15218543,-0.058241666,-0.076272765,0.020080954,-0.039193521,-0.73699499,-0.28345741,-0.61358804,2.2313929,-2.7744214,1.7
21,13200,6.600000,24,1.7655164,1.1449751,1.1480107,0.15682369,0.03064368,0.071320734,-0.039072941,-0.18161415,0.10281419,0.15813537,-0.6875092,-0.23217581,0.68805923,0.81198519,-2.8159121,1.7
21,13200,6.600000,25,1.7655164,1.0458975,1.6420039,0.69808044,-0.098596529,0.15296306,0.040150817,0.028665414,0.058925876,-0.16920528,0.87153803,-0.33513303,-0.35792082,1.9368366,-0.36709997,1.7
21,13200,6.600000,26,1.7655164,1.5938246,1.1679984,0.63225234,0.0079693533,0.07855878,-0.011064404,-0.20184535,-0.031687925,0.075234478,0.71963683,-0.06437117,-0.69136039,2.3341666,-0.089212092,1.7
21,13200,6.600000,27,1.7655164,1.5974998,1.4999704,0.098128171,0.047057791,-0.02341989,-0.11899499,0.032859639,0.14240391,0.11620401,0.94387457,-0.078501444,0.32084003,1.2441801,-0.082978388,1.7
21,13200,6.600000,28,1.7655164,1.034387,1.0633479,1.0407497,-0.10312015,-0.075944053,-0.042335617,0.10382108,-0.12954101,-0.079477304,0.2515943,-0.95705501,0.14403478,1.4262588,-1.3137289,1.7
21,13200,6.600000,29,1.7655164,1.0297622,1.5948635,1.5455553,-0.030686951,0.048637967,-0.0057503628,0.25876674,-0.086822111,-0.077266603,-0.15256608,-0.98578925,0.070307538,1.5004307,-1.7243435,1.7
21,13200,6.600000,30,1.7655164,1.5610349,0.99309729,1.4516089,0.01330842,-0.17579102,-0.034466233,0.10198621,-0.58481069,-0.050510149,-0.54897017,-0.52291587,-0.65206652,2.2811033,-2.3804967,1.7
21,13200,6.600000,31,1.7655164,1.3851173,1.5163151,1.1556466,-0.11158702,-0.093336478,0.08379406,0.035061157,-0.24261507,-0.27251659,0.22192072,0.95927372,-0.17477164,1.7464702,1.3434533,1.7
22,13300,6.650000,0,1.7709411,0.16080758,0.17004437,0.17703227,-0.097805859,-0.059390336,-0.061929927,-0.26110807,0.10802206,0.075757608,0.99102751,0.10974767,0.076288398,1.4944337,0.1102919,1.7
22,13300,6.650000,1,1.7709411,0.29256303,0.75153372,0.62899519,0.074701599,0.086066123,-0.05940344,-0.17166949,0.14737869,0.19458913,-0.35030511,-0.48822198,-0.79932824,2.4969728,-2.1931789,1.7
22,13300,6.650000,2,1.7709411,0.71282564,0.42133316,0.70352549,0.042978015,0.18601452,0.093297051,0.36119312,0.16370588,0.21266904,-0.53050483,0.84358725,-0.083217663,1.6541103,2.1321721,1.7
22,13300,6.650000,3,1.7709411,0.64851354,0.64372874,0.228869,0.001810728,-0.036524533,0.04223449,-0.23666249,0.033206703,0.13363276,0.99286999,0.085077728,0.083492252,1.4872068,0.085479883,1.7
22,13300,6.650000,4,1.7709411,0.23289932,0.12200993,1.2052655,0.022799443,-0.059574819,0.046474132,0.01708225,0.032829455,0.14927705,0.95157225,-0.21247927,-0.22217743,1.7948435,-0.21968895,1.7
22,13300,6.650000,5,1.7709411,0.20952788,0.62628779,1.6109603,0.0013627545,-0.12492557,0.038143465,0.18203391,0.081782301,-0.1955083,0.69118221,0.24995342,0.67807849,0.82565119,0.34699935,1.7
22,13300,6.650000,6,1.7709411,0.62401921,0.24709657,1.6086328,-0.0078871727,0.070438859,0.01347842,-0.091184509,0.065613181,-0.33372408,0.8847147,-0.12361298,0.4494438,1.1046537,-0.13882203,1.7
22,13300,6.650000,7,1.7709411,0.53140653,0.65596809,1.1552947,-0.092810716,0.017397399,0.033939522,0.17754627,-0.087589296,0.15347953,-0.50304492,-0.48976488,0.71209281,0.77832176,-2.3695699,1.7
22,13300,6.650000,8,1.7709411,0.35926953,1.1074703,0.081867484,0.11021996,-0.0095847254,-0.16447874,-0.18938389,0.03613085,0.15351269,0.33828536,0.63104283,0.69810312,0.79805155,1.0787081,1.7
22,13300,6.650000,9,1.7709411,0.21569526,1.5654275,0.73972138,-0.021304973,-0.038544545,0.092936519,-0.33365303,-0.021947991,0.32996394,-0.74655671,-0.49915131,0.43988754,1.1153229,-2.5522495,1.7
22,13300,6.650000,10,1.7709411,0.70161965,1.1419733,0.57174989,0.017032787,0.057335686,-0.091627174,-0.16658273,0.009895464,-0.30100706,-0.39271586,0.33361973,0.85701349,0.54135063,2.4373777,1.7
22,13300,6.650000,11,1.7709411,0.6550677,1.6489674,0.26857011,0.030560623,0.14884064,0.069895031,0.15449997,0.20988303,0.15169713,-0.77592282,-0.17754611,0.60532731,0.92061931,-2.9166459,1.7
22,13300,6.650000,12,1.7709411,0.17892636,1.1662416,1.1238645,-0.016371605,0.010708856,0.072456861,0.022249807,0.10066212,0.21280991,0.93617208,-0.34698754,0.056404629,1.5143617,-0.35494717,1.7
22,13300,6.650000,13,1.7709411,0.29070048,1.5251717,1.5919069,0.10402048,-0.027364379,0.03353047,-0.27055018,0.025169831,0.17489712,0.064712718,0.68098247,0.72943481,0.75330098,1.4760524,1.7
22,13300,6.650000,14,1.7709411,0.72943043,0.97801157,1.4909544,0.034460028,-0.11037474,-0.0039394328,0.14139642,-0.079627764,-0.13180672,-0.76390278,0.54308581,0.34858333,1.2147371,2.5235649,1.7
22,13300,6.650000,15,1.7709411,0.67713975,1.4722939,1.1589493,0.035211544,-0.04179632,0.059564607,-0.27849639,-0.14011652,-0.11030373,0.40143318,0.35401943,0.8447021,0.56478798,0.72271834,1.7
22,13300,6.650000,16,1.7709411,1.0728913,0.25594416,0.27995244,-0.081238557,0.071811011,0.056023177,-0.15878092,-0.39260066,-0.21936055,-0.66410654,0.71371555,0.22264909,1.3462654,2.3202047,1.7
22,13300,6.650000,17,1.7709411,1.2028639,0.78295658,0.56204914,0.094202213,0.049482367,-0.15860215,-0.34102966,-0.18452284,-0.12909218,-0.10816368,-0.97246837,-0.20641195,1.7787028,-1.6815669,1.7
22,13300,6.650000,18,1.7709411,1.6691451,0.14405248,0.67503261,0.099253555,-0.10804777,-0.053304028,0.10980632,0.014061213,-0.13279929,-0.010531498,0.2788465,-0.96027794,2.8587929,1.6085465,1.7
22,13300,6.650000,19,1.7709411,1.6453074,0.73353994,0.2072719,0.031091215,0.10935794,-0.016811286,0.20586155,0.24421783,0.0051888465,-0.69305843,0.31047931,-0.65059405,2.2791627,2.7204162,1.7
22,13300,6.650000,20,1.7709411,0.94573736,0.24234149,1.2059451,-0.058970551,0.038717989,0.10163098,0.24050541,0.094561054,0.043597829,0.0051688842,0.7264478,0.6872022,0.81316556,1.5636812,1.7
22,13300,6.650000,21,1.7709411,1.1971483,0.5874058,1.6524996,0.075266509,0.017495417,0.031030366,0.19285398,0.15529055,0.067010529,0.52610722,-0.44975359,-0.72175682,2.3771335,-0.7073149,1.7
22,13300,6.650000,22,1.7709411,1.4910907,0.16907115,1.5533458,-0.075381018,-0.036955623,0.033887761,-0.066855125,0.14799009,-0.020574631,-0.29028049,-0.56499139,-0.77234835,2.4533262,-2.045406,1.7
22,13300,6.650000,23,1.7709411,1.4455602,0.55458472,1.0756673,-0.098739831,-0.15627253,-0.058754259,0.010913747,-0.12186305,-0.014197025,-0.69099866,-0.32234599,-0.6470038,2.2744447,-2.7051082,1.7
22,13300,6.650000,24,1.7709411,1.142086,1.1562588,0.16049361,0.024246397,0.076034308,-0.035889756,-0.09730631,0.11724212,-0.031517373,-0.72188763,-0.13089103,0.6795188,0.82368979,-2.9622236,1.7
22,13300,6.650000,25,1.7709411,1.0519653,1.6474447,0.68986574,-0.095746793,0.15335798,0.029807078,0.082274684,-0.0079821721,-0.25096863,0.91344663,-0.20947652,-0.34890521,1.927199,-0.2254276,1.7
22,13300,6.650000,26,1.7709411,1.590772,1.1708232,0.63727919,3.1813361e-05,0.077795958,-0.0079849264,-0.1214223,0.025535029,0.091639587,0.82940298,-0.068016182,-0.55449482,2.1585521,-0.081823102,1.7
22,13300,6.650000,27,1.7709411,1.6045719,1.5111293,0.10387813,0.049218111,-0.016879836,-0.11355488,0.0062783902,0.10118674,0.070196295,0.82621259,-0.32201572,0.46225386,1.0902611,-0.37163839,1.7
22,13300,6.650000,28,1.7709411,1.0440674,1.0584033,1.0424757,-0.09662794,-0.084143357,-0.043805163,0.1708504,-0.17006637,-0.012742102,0.37820702,-0.92523047,0.030133513,1.5406583,-1.182752,1.7
22,13300,6.650000,29,1.7709411,1.0512092,1.5964368,1.5479607,-0.012432011,0.045316076,-0.0080901548,0.45534808,-0.11989032,-0.0049401289,0.094067617,-0.95622789,-0.27709114,1.8515617,-1.4727382,1.7
22,13300,6.650000,30,1.7709411,1.5703859,0.96759787,1.4515251,0.017856014,-0.20429808,-0.039003264,0.1692133,-0.55204328,-0.067936964,-0.4771329,-0.50130582,-0.7218287,2.3772374,-2.3314939,1.7
22,13300,6.650000,31,1.7709411,1.3896732,1.5126224,1.144798,-0.11128746,-0.10167539,0.06941663,0.052660207,-0.087906202,-0.27362257,0.29518655,0.91967797,-0.25895429,1.8327357,1.2602162,1.7
23,13400,6.700000,0,1.7558756,0.14849645,0.17941635,0.17564633,-0.10879594,-0.048525367,-0.061809334,-0.16557548,0.27481325,-0.12441962,0.99710265,0.063065563,0.042532714,1.5282508,0.063164678,1.7
23,13400,6.700000,1,1.7558756,0.28027506,0.75468314,0.63483279,0.064860439,0.095649821,-0.048166942,-0.27377836,0.219876,0.27476517,-0.40761153,-0.56917973,-0.71406391,2.3660824,-2.1922716,1.7
23,13400,6.700000,2,1.7558756,0.72815694,0.42519536,0.70785076,0.064465147,0.19349296,0.10365148,0.49075907,0.1643319,0.22590181,-0.1505762,0.96582437,-0.21097415,1.7833678,1.7254556,1.7
23,13400,6.700000,3,1.7558756,0.63309335,0.63931688,0.23254719,-0.0081350041,-0.035455595,0.047883814,-0.19178927,0.018791687,0.053655369,0.99190025,0.12195781,-0.035499063,1.6063029,0.12233968,1.7
23,13400,6.700000,4,1.7558756,0.23101119,0.12152052,1.2012565,0.022893003,-0.059023924,0.052745255,-0.035965376,0.034751807,0.069684936,0.93901243,-0.3273271,-0.10541645,1.676409,-0.33541507,1.7
23,13400,6.700000,5,1.7558756,0.21652399,0.62155638,1.5853633,0.010178986,-0.12432656,0.026200012,0.21619557,-0.057890875,-0.24508137,0.68770452,0.38565933,0.61508486,0.90830274,0.51109119,1.7
23,13400,6.700000,6,1.7558756,0.61788685,0.24911436,1.5783037,-0.0087144933,0.074576388,-0.003237334,0.023099323,0.079079557,-0.25994238,0.79427457,-0.046525004,0.60577498,0.92005678,-0.058508613,1.7
23,13400,6.700000,7,1.7558756,0.53665808,0.64333128,1.1536575,-0.082996537,0.010310677,0.042165597,0.11889016,-0.18872916,0.11651387,-0.58256451,-0.41104292,0.70118636,0.79373624,-2.5271349,1.7
23,13400,6.700000,8,1.7558756,0.34585525,1.099448,0.093096113,0.099817573,-0.0081797164,-0.1525025,-0.24079333,0.058603664,0.3807466,0.35007077,0.72498129,0.59317163,0.93580364,1.1209474,1.7
23,13400,6.700000,9,1.7558756,0.20112637,1.5486021,0.7540876,-0.034093561,-0.042067776,0.11368422,-0.19006771,-0.18431697,0.4830955,-0.7178333,-0.46197246,0.52086159,1.0229364,-2.5697544,1.7
23,13400,6.700000,10,1.7558756,0.68665973,1.134228,0.55213625,0.0080030123,0.059313714,-0.10644018,-0.16985761,0.071417496,-0.29080443,-0.16644584,0.42760712,0.88850882,0.4767112,1.9420008,1.7
23,13400,6.700000,11,1.7558756,0.65992009,1.6409629,0.27631904,0.041030439,0.15488985,0.079971743,0.21734605,0.11962182,0.25358979,-0.7668527,-0.32090107,0.5558412,0.98142178,-2.7452701,1.7
23,13400,6.700000,12,1.7558756,0.17416844,1.1615476,1.1282697,-0.019621279,0.015958629,0.086482761,-0.12392448,0.041080279,0.28673889,0.91068277,-0.39559213,0.11901155,1.451502,-0.4097977,1.7
23,13400,6.700000,13,1.7558756,0.27770857,1.5177757,1.5860272,0.093456446,-0.021761758,0.041226159,-0.15740237,0.14588838,0.108908,0.015423226,0.85653362,0.51586072,1.0287843,1.5527917,1.7
23,13400,6.700000,14,1.7558756,0.73120523,0.96502582,1.469706,0.04247437,-0.11506049,-0.012540951,0.21826303,-0.15005169,-0.21944502,-0.69631968,0.63638588,0.33189143,1.2324884,2.4011357,1.7
23,13400,6.700000,15,1.7558756,0.65572022,1.4518777,1.1415503,0.019485298,-0.04972147,0.051992471,-0.35493701,-0.13767037,-0.18182341,0.40680529,0.13907848,0.90286579,0.44440696,0.32942248,1.7
23,13400,6.700000,16,1.7558756,1.0575296,0.23411714,0.26629906,-0.087499891,0.052077023,0.044703015,-0.1031044,-0.35776589,-0.25319732,-0.73010429,0.6492159,0.21322861,1.3559179,2.4147711,1.7
23,13400,6.700000,17,1.7558756,1.1764469,0.76850974,0.54680785,0.077948692,0.041662786,-0.16910692,-0.20930621,-0.14603623,-0.22180091,0.059785638,-0.96362114,-0.26049946,1.8343358,-1.5088331,1.7
23,13400,6.700000,18,1.7558756,1.6524986,0.1489451,0.66093928,0.096796104,-0.10190345,-0.061690639,-0.23762535,0.16307031,-0.18583233,0.086927248,-0.057626473,-0.99454655,3.037109,-0.58540956,1.7
23,13400,6.700000,19,1.7558756,1.6411408,0.74162073,0.20698689,0.040963491,0.12374044,-0.015326676,0.1863909,0.27616425,0.004628729,-0.57144407,0.67984357,-0.45963506,2.0483806,2.2697799,1.7
23,13400,6.700000,20,1.7558756,0.94964286,0.24350286,1.192797,-0.04696834,0.041954797,0.09872952,0.25796544,0.061736125,-0.15140641,-0.0011087726,0.88485919,0.46585726,1.0861932,1.5720494,1.7
23,13400,6.700000,21,1.7558756,1.1940789,0.59570529,1.6396704,0.082411851,0.03084904,0.032264359,0.042094789,0.4132543,-0.031157258,0.68371258,-0.35849581,-0.63562399,2.2596129,-0.48292712,1.7
23,13400,6.700000,22,1.7558756,1.4779631,0.17590141,1.5371996,-0.075825707,-0.028651595,0.030943382,0.065407136,0.15436739,-0.088309422,-0.2856074,-0.45063219,-0.845789,2.5788386,-2.1356935,1.7
23,13400,6.700000,23,1.7558756,1.4331491,0.54243648,1.0657591,-0.098854029,-0.16373476,-0.059514897,0.027405433,-0.16941785,0.014392235,-0.68612559,-0.25051784,-0.68298791,2.3226418,-2.7915123,1.7
23,13400,6.700000,24,1.7558756,1.1241446,1.1496715,0.15689723,0.015985541,0.079297299,-0.038130383,-0.19744699,0.031335977,-0.10227419,-0.78754957,0.053393002,0.61393392,0.90976164,3.0738999,1.7
23,13400,6.700000,25,1.7558756,1.0461311,1.6327504,0.67304359,-0.092618507,0.15267577,0.018806665,0.063069031,-0.064217636,-0.19350797,0.9438543,-0.042301982,-0.32764249,1.9046036,-0.044788367,1.7
23,13400,6.700000,26,1.7558756,1.5704546,1.1610891,0.63834116,-0.0067819559,0.078023041,-0.0014737658,-0.12370903,-0.0005719829,0.18098131,0.89676081,-0.1422057,-0.41904366,2.0031881,-0.15726755,1.7
23,13400,6.700000,27,1.7558756,1.5913293,1.5008749,0.10951331,0.049627504,-0.014267752,-0.10700804,-0.061453253,0.015435033,0.11793623,0.56234629,-0.56973964,0.59930242,0.92816691,-0.7919288,1.7
23,13400,6.700000,28,1.7558756,1.044667,1.0414947,1.032826,-0.087105743,-0.092081985,-0.044589804,0.21434057,-0.14473063,0.010822714,0.50353391,-0.86343864,-0.030452057,1.6012531,-1.0428417,1.7
23,13400,6.700000,29,1.7558756,1.0650693,1.575906,1.5390702,0.010468575,0.038336461,-0.0037937691,0.44858831,-0.19899555,0.18479893,0.24744535,-0.76239518,-0.59793343,2.2117167,-1.2569596,1.7
23,13400,6.700000,30,1.7558756,1.5644892,0.93310454,1.4386709,0.025350668,-0.23067267,-0.039511454,0.21042102,-0.49084795,0.0014277453,-0.4035878,-0.43721831,-0.80371452,2.5043082,-2.3162179,1.7
23,13400,6.700000,31,1.7558756,1.3805951,1.4938897,1.1197079,-0.10853178,-0.10756533,0.053999548,0.02447221,-0.14014784,-0.2689271,0.3664418,0.83260838,-0.41531157,1.9990816,1.1561948,1.7
24,13500,6.750000,0,1.7625023,0.14308672,0.19593538,0.16737735,-0.11475487,-0.032713238,-0.070724417,-0.11395689,0.3136532,-0.19735922,0.99766154,0.068054739,0.0063242798,1.564472,0.068108745,1.7
24,13500,6.750000,1,1.7625023,0.269428,0.76889246,0.64986481,0.05297799,0.10698958,-0.035554567,-0.232068,0.23851688,0.25458362,-0.47912331,-0.64333535,-0.59712686,2.2107108,-2.2109283,1.7
24,13500,6.750000,2,1.7625023,0.75692529,0.43379412,0.72269433,0.090436489,0.20047387,0.1158007,0.47627465,0.15544704,0.22259039,0.26675815,0.94198063,-0.20374637,1.7759794,1.2948333,1.7
24,13500,6.750000,3,1.7625023,0.62805826,0.64277923,0.23589985,-0.015545456,-0.034408025,0.050354176,-0.074831579,0.04673378,0.049582209,0.93432124,0.31966404,-0.15766647,1.7291234,0.32965107,1.7
24,13500,6.750000,4,1.7625023,0.22574306,0.12498965,1.2054455,0.016764565,-0.056019082,0.052401307,-0.23629091,0.093083936,-0.069712745,0.8905678,-0.45404303,-0.027090999,1.5978906,-0.47148497,1.7
24,13500,6.750000,5,1.7625023,0.22703095,0.61758146,1.5812177,0.019850561,-0.13063538,0.016090243,0.17508245,-0.17264778,-0.17683635,0.69338078,0.45386546,0.55966886,0.97681016,0.57958037,1.7
24,13500,6.750000,6,1.7625023,0.62515141,0.25584081,1.5735848,-0.0037911396,0.080351789,-0.013892799,0.18270297,0.1509989,-0.21714099,0.70087692,0.1261656,0.70203546,0.79254462,0.17810365,1.7
24,13500,6.750000,7,1.7625023,0.54334432,0.63446059,1.1586541,-0.07834443,-0.00096673452,0.042807047,0.054529804,-0.21657713,-0.10468312,-0.70214668,-0.418257,0.57623877,0.95667726,-2.6043533,1.7
24,13500,6.750000,8,1.7625023,0.33662287,1.1089455,0.11879591,0.08929973,-0.0028415741,-0.1272017,-0.24516326,0.092368473,0.52886777,0.43650209,0.74864998,0.49898811,1.0483656,1.0429316,1.7
24,13500,6.750000,9,1.7625023,0.19530055,1.5436693,0.77897063,-0.040666056,-0.052824855,0.13567986,-0.11376927,-0.15411679,0.38473102,-0.66921004,-0.37244439,0.64299541,0.87239333,-2.6337396,1.7
24,13500,6.750000,10,1.7625023,0.6810969,1.1424884,0.53860492,-0.00013596836,0.063285997,-0.12202595,-0.12134299,0.060428854,-0.28057711,0.054027618,0.53421895,0.84361788,0.56681043,1.4700052,1.7
24,13500,6.750000,11,1.7625023,0.66595822,1.6530578,0.288704,0.044571329,0.16078052,0.091292542,-0.03275109,0.11693256,0.25524673,-0.6743583,-0.39048275,0.62670894,0.89347367,-2.6167249,1.7
24,13500,6.750000,12,1.7625023,0.16956853,1.1686123,1.1492657,-0.024868624,0.018634549,0.10318913,-0.11669295,0.04488486,0.38421244,0.88922894,-0.43417093,0.14410929,1.4261835,-0.45420795,1.7
24,13500,6.750000,13,1.7625023,0.27310227,1.5299751,1.5957224,0.087812688,-0.015302676,0.044928643,-0.017104695,0.064346429,0.010285384,-0.026828143,0.93759258,0.3466993,1.2167465,1.5994024,1.7
24,13500,6.750000,14,1.7625023,0.74189485,0.96703468,1.4677989,0.050389482,-0.11669061,-0.019980837,0.16395332,0.017021577,0.027202447,-0.67474827,0.72376698,0.14448575,1.4258031,2.3211583,1.7
24,13500,6.750000,15,1.7625023,0.64237177,1.4491079,1.1401959,0.0036918832,-0.057955211,0.04634045,-0.26503298,-0.17136973,-0.092274934,0.35985241,-0.052928952,0.93150672,0.37226273,-0.14603804,1.7
24,13500,6.750000,16,1.7625023,1.0598985,0.21917138,0.25562706,-0.089119072,0.036277459,0.033047939,0.046681077,-0.29153235,-0.26751533,-0.75451417,0.58053533,0.30608348,1.25972,2.4857806,1.7
24,13500,6.750000,17,1.7625023,1.1753959,0.76343802,0.53706046,0.072467954,0.033705662,-0.18089579,-0.071531743,-0.14672821,-0.25995108,0.2620248,-0.90841009,-0.3257823,1.9026354,-1.2899754,1.7
24,13500,6.750000,18,1.7625023,1.6415791,0.15853728,0.6549086,0.079672259,-0.092890369,-0.070199711,-0.38133531,0.17238849,-0.19464279,0.17932879,-0.40789831,-0.89524307,2.6797728,-1.1565903,1.7
24,13500,6.750000,19,1.7625023,1.6540316,0.75890783,0.21226666,0.047648032,0.13820138,-0.010836543,0.12261218,0.25239975,0.12644806,-0.35085962,0.92990501,-0.11033674,1.6813582,1.931588,1.7
24,13500,6.750000,20,1.7625023,0.9663044,0.24571217,1.1880464,-0.033915378,0.04324269,0.089494636,0.23900463,-0.02292236,-0.19417083,-0.018769347,0.97384326,0.22644429,1.3423707,1.5900674,1.7
24,13500,6.750000,21,1.7625023,1.1959952,0.62075098,1.6484229,0.07982645,0.053603659,0.034823795,-0.12813466,0.45589583,0.096551791,0.7429935,-0.24554265,-0.62263108,2.2428969,-0.31917812,1.7
24,13500,6.750000,22,1.7625023,1.4877284,0.18244924,1.5397908,-0.071646158,-0.022778682,0.027739141,0.081377928,0.062698207,-0.15958541,-0.29033533,-0.30040712,-0.90854882,2.7105936,-2.3391468,1.7
24,13500,6.750000,23,1.7625023,1.4418245,0.53322907,1.0641129,-0.095593462,-0.1749682,-0.065172647,0.064877909,-0.25595427,-0.17825675,-0.71077978,-0.1151657,-0.69392288,2.3377192,-2.9809614,1.7
24,13500,6.750000,24,1.7625023,1.1196435,1.156738,0.15127462,0.0072582646,0.082019752,-0.044333447,-0.11395621,0.091513755,-0.16170501,-0.83545811,0.25388649,0.48739246,1.0616953,2.8465718,1.7
24,13500,6.750000,25,1.7625023,1.0535175,1.6347949,0.66627456,-0.089186709,0.14856586,0.0095150388,0.12273102,-0.11579587,-0.20462842,0.9577863,0.1257696,-0.25850999,1.8322758,0.13056576,1.7
24,13500,6.750000,26,1.7625023,1.5688607,1.1617304,0.64948297,-0.014288697,0.074289387,0.007242493,-0.16229746,-0.148542,0.20084895,0.91903227,-0.28527771,-0.27202264,1.8462906,-0.30098057,1.7
24,13500,6.750000,27,1.7625023,1.5938008,1.5036343,0.11800786,0.046099861,-0.01716729,-0.098941989,-0.087141108,-0.12761476,0.26812684,0.18794867,-0.72107625,0.66687655,0.84078704,-1.3158193,1.7
24,13500,6.750000,28,1.7625023,1.0577829,1.0395948,1.0354302,-0.077949679,-0.097901567,-0.045881154,0.18764915,-0.044105693,-0.035615095,0.58303882,-0.81052656,-0.055789102,1.6266144,-0.94721243,1.7
24,13500,6.750000,29,1.7625023,1.0902671,1.5720203,1.5563321,0.031607005,0.028521656,0.0076380881,0.38724877,-0.17430166,0.28361252,0.35933502,-0.44725555,-0.81904873,2.5305473,-0.89397219,1.7
24,13500,6.750000,30,1.7625023,1.5795354,0.91777503,1.4445474,0.034475209,-0.24948832,-0.039065378,0.11507474,-0.2864169,0.041344429,-0.30338041,-0.34506319,-0.88819577,2.6641997,-2.2920015,1.7
24,13500,6.750000,31,1.7625023,1.3890669,1.4934267,1.106946,-0.1052765,-0.11365482,0.037043782,0.14465531,-0.1202215,-0.35711621,0.38730783,0.75436791,-0.53002048,2.129421,1.0964702,1.7
25,13600,6.800000,0,1.7571259,0.13643368,0.21417539,0.15914354,-0.12098095,-0.013846723,-0.078459472,-0.086965284,0.42560509,-0.1698076,0.99315404,0.073352067,-0.090909447,1.6618315,0.073723835,1.7
25,13600,6.800000,1,1.7571259,0.26029705,0.77560863,0.66080511,0.044656198,0.11606506,-0.022612127,-0.17180936,0.13754666,0.25759493,-0.50069435,-0.70670738,-0.49986983,2.0942448,-2.1871969,1.7
25,13600,6.800000,2,1.7571259,0.77575606,0.43682225,0.73248322,0.11160855,0.20483192,0.12781247,0.42302055,0.028559238,0.19806456,0.6095215,0.78437374,-0.11507122,1.686123,0.91018779,1.7
25,13600,6.800000,3,1.7571259,0.62455787,0.64419534,0.23711533,-0.017132425,-0.031025999,0.052292212,0.0058101102,0.10868282,-0.00014719663,0.81666528,0.51507521,-0.26029858,1.8341278,0.56269157,1.7
25,13600,6.800000,4,1.7571259,0.21383692,0.12849527,1.1976652,0.0055298791,-0.05212624,0.048291785,-0.22787088,0.05235243,-0.16260306,0.84808654,-0.52676714,0.057145405,1.5136198,-0.55580742,1.7
25,13600,6.800000,5,1.7571259,0.23433563,0.60500374,1.5711962,0.027860014,-0.14134557,0.010884167,0.14505168,-0.20091456,-0.016923739,0.69888421,0.51871677,0.49243657,1.0559092,0.63849492,1.7
25,13600,6.800000,6,1.7571259,0.63393425,0.26367152,1.5616204,0.0069150342,0.088976093,-0.021067969,0.16751422,0.18389455,-0.062622044,0.6289423,0.32113046,0.70803024,0.78409135,0.47208217,1.7
25,13600,6.800000,7,1.7571259,0.54451674,0.62218866,1.1461604,-0.075510243,-0.0113191,0.033834023,0.082958374,-0.20060066,-0.22726845,-0.81958845,-0.42070665,0.38894817,1.1713067,-2.6673503,1.7
25,13600,6.800000,8,1.7571259,0.32208404,1.1074995,0.14240554,0.07576708,-0.00090182911,-0.10319302,-0.35721455,0.0088903461,0.38136953,0.55267406,0.73754746,0.38804012,1.1722922,0.92771754,1.7
25,13600,6.800000,9,1.7571259,0.18886571,1.5331621,0.79354162,-0.046514082,-0.058632035,0.15265297,-0.17027282,-0.041587346,0.32762231,-0.58494875,-0.17767526,0.79136999,0.6577496,-2.8467036,1.7
25,13600,6.800000,10,1.7571259,0.67644395,1.1408192,0.52627312,-0.002715226,0.065104589,-0.13273113,0.035184159,0.013387102,-0.11330474,0.23539983,0.61416147,0.75325468,0.71779981,1.2047806,1.7
25,13600,6.800000,11,1.7571259,0.65541575,1.6534527,0.30104225,0.036047297,0.16622628,0.10453168,-0.26449626,0.099746046,0.27289165,-0.50318069,-0.40654854,0.76257949,0.70350503,-2.4620185,1.7
25,13600,6.800000,12,1.7571259,0.16081615,1.1649195,1.1655411,-0.03311634,0.018506283,0.12300055,-0.10928939,-0.039852536,0.40514443,0.86446451,-0.49068388,0.10922661,1.4613514,-0.51626729,1.7
25,13600,6.800000,13,1.7571259,0.27372409,1.5291941,1.5898916,0.089269814,-0.011410623,0.043963931,0.064423297,0.083445907,-0.022609174,-0.069529835,0.96295522,0.26054335,1.3072114,1.6428759,1.7
25,13600,6.800000,14,1.7571259,0.7471378,0.96749934,1.4682924,0.057907015,-0.11327087,-0.015002251,0.065038773,0.10989578,0.12695136,-0.71716684,0.69493271,-0.052347397,1.6231677,2.3719386,1.7
25,13600,6.800000,15,1.7571259,0.62740385,1.4352943,1.1356378,-0.0093364306,-0.067362808,0.045258825,-0.24930223,-0.15384985,0.0433667,0.26087064,-0.14373621,0.95461323,0.30243782,-0.5036003,1.7
25,13600,6.800000,16,1.7571259,1.0654195,0.20637205,0.24174046,-0.080351516,0.024128135,0.019921067,0.3011387,-0.20458409,-0.29809049,-0.74746206,0.49980782,0.4375987,1.11787,2.5522022,1.7
25,13600,6.800000,17,1.7571259,1.1702739,0.75095942,0.52161875,0.070929147,0.023540349,-0.19472035,0.021899988,-0.22153586,-0.28173855,0.47996229,-0.79699999,-0.36664317,1.9461947,-1.0287526,1.7
25,13600,6.800000,18,1.7571259,1.6199692,0.16552039,0.64547676,0.063044519,-0.085412225,-0.077645172,-0.28303879,0.088613558,-0.10325522,0.29091096,-0.68440015,-0.66855609,2.3030618,-1.1688751,1.7
25,13600,6.800000,19,1.7571259,1.6535196,0.77062666,0.21709167,0.05218843,0.15225668,-0.0053556565,0.048342902,0.25660571,0.10776068,-0.079751544,0.97343583,0.21462147,1.3544921,1.6525416,1.7
25,13600,6.800000,20,1.7571259,0.97377164,0.24017229,1.1749139,-0.023484562,0.038445011,0.079971715,0.20516151,-0.18842077,-0.16141763,-0.051149794,0.99830101,0.027906815,1.5428859,1.6219884,1.7
25,13600,6.800000,21,1.7571259,1.1855715,0.64260923,1.6481732,0.073040727,0.077391798,0.039609835,-0.1708747,0.45872836,0.056726297,0.75787481,-0.14300122,-0.63653471,2.2607931,-0.18649451,1.7
25,13600,6.800000,22,1.7571259,1.4840605,0.18643539,1.5255933,-0.070774558,-0.018229031,0.018224171,0.05689612,0.083402145,-0.17942954,-0.21711757,-0.18899927,-0.95767387,2.8496059,-2.4253211,1.7
25,13600,6.800000,23,1.7571259,1.4373958,0.51959915,1.0475257,-0.09562408,-0.1869899,-0.078534323,-0.045294805,-0.20785234,-0.33912005,-0.72530706,0.031315496,-0.68771288,2.3291303,3.098444,1.7
25,13600,6.800000,24,1.7571259,1.1109189,1.1572619,0.1420997,0.0019409395,0.086078332,-0.053060245,-0.087451412,0.080648726,-0.17014215,-0.83971954,0.41510575,0.3500833,1.2131363,2.6824844,1.7
25,13600,6.800000,25,1.7571259,1.0595634,1.627486,0.65755906,-0.079912953,0.14624027,0.0028217416,0.15196783,-0.030454414,-0.093481922,0.9149564,0.29637034,-0.2738967,1.8482387,0.31325245,1.7
25,13600,6.800000,26,1.7571259,1.556112,1.1525675,0.65756272,-0.02226387,0.068661662,0.017318842,-0.14583185,-0.088796306,0.26747786,0.90290492,-0.42886558,-0.02893148,1.5997318,-0.44343545,1.7
25,13600,6.800000,27,1.7571259,1.582145,1.4879008,0.12693882,0.039295462,-0.028331091,-0.089636843,-0.15096464,-0.33043113,0.197644,-0.23163862,-0.66825758,0.70694792,0.78562281,-1.9044664,1.7
25,13600,6.800000,28,1.7571259,1.0627094,1.0321496,1.0306757,-0.069783948,-0.10218209,-0.047479515,0.11706713,-0.10069787,-0.044256844,0.69888446,-0.71516504,0.009973858,1.5608223,-0.79691109,1.7
25,13600,6.800000,29,1.7571259,1.1023643,1.5599526,1.5674024,0.047053554,0.021238157,0.023480043,0.29649246,-0.074223704,0.33433624,0.42972555,-0.13913984,-0.8921749,2.6729339,-0.313135,1.7
25,13600,6.800000,30,1.7571259,1.5813793,0.90676675,1.4396924,0.041147558,-0.25770954,-0.039514599,0.12709891,-0.098599907,0.017824726,-0.22246105,-0.23148151,-0.94706251,2.8147555,-2.3363257,1.7
25,13600,6.800000,31,1.7571259,1.3931795,1.4846109,1.0824378,-0.096913883,-0.11792156,0.015879902,0.2025061,-0.067369915,-0.50742645,0.29870445,0.71934049,-0.62715621,2.2486931,1.1772149,1.7
26,13700,6.850000,0,1.7506161,0.13290642,0.2330836,0.15297694,-0.12400836,0.0058915922,-0.08404684,0.032319572,0.35963559,-0.03890116,0.98211634,0.06083469,-0.17817587,1.7499287,0.061863408,1.7
26,13700,6.850000,1,1.7506161,0.24996846,0.77900579,0.67043173,0.035274547,0.12234736,-0.010514891,-0.26170992,0.13491794,0.25221004,-0.45218472,-0.78079576,-0.43114611,2.016559,-2.0957312,1.7
26,13700,6.850000,2,1.7506161,0.79548861,0.43680537,0.73784778,0.13425716,0.20643636,0.13590577,0.45542806,0.043422378,0.097274297,0.83020633,0.55709016,0.020199235,1.5505957,0.59101464,1.7
26,13700,6.850000,3,1.7506161,0.62679719,0.64732206,0.23550272,-0.012570774,-0.025502406,0.051556704,0.10391137,0.11576509,0.0026945351,0.61225864,0.74869342,-0.25416042,1.8277758,0.88531385,1.7
26,13700,6.850000,4,1.7506161,0.19928547,0.13438985,1.182773,-0.0082549306,-0.045743764,0.037817348,-0.27687202,0.23008541,-0.22518978,0.84306433,-0.51871646,0.14204146,1.4282728,-0.55157552,1.7
26,13700,6.850000,5,1.7506161,0.23716801,0.59338333,1.5616718,0.031567447,-0.15074199,0.0071738891,0.034863553,-0.20568636,-0.088834462,0.70444352,0.57425558,0.41712091,1.1405211,0.68393498,1.7
26,13700,6.850000,6,1.7506161,0.64047043,0.26896006,1.5544641,0.015816337,0.095253135,-0.022441303,0.14473158,0.048341734,-0.0096743592,0.55781234,0.48074917,0.67655423,0.82772306,0.71133206,1.7
26,13700,6.850000,7,1.7506161,0.54461437,0.61484997,1.1310071,-0.073391353,-0.016362055,0.022906736,0.056341951,0.022802185,-0.17561462,-0.92094866,-0.38952126,0.011258495,1.5595376,-2.7414541,1.7
26,13700,6.850000,8,1.7506161,0.30292422,1.1021711,0.15552681,0.057767108,-0.0021294364,-0.089518788,-0.33979285,0.012422323,0.20281214,0.59843975,0.76480875,0.23861567,1.3298562,0.90683631,1.7
26,13700,6.850000,9,1.7506161,0.18131097,1.5304382,0.80352755,-0.053381855,-0.055670334,0.16560286,-0.087028597,0.073469234,0.19537883,-0.48685711,0.058804623,0.87149996,0.5125436,3.0213908,1.7
26,13700,6.850000,10,1.7506161,0.68165635,1.1370324,0.52644821,0.0050176241,0.0655452,-0.13060234,0.26344941,0.036839104,0.19082714,0.26403394,0.70897247,0.65394504,0.858009,1.2142915,1.7
26,13700,6.850000,11,1.7506161,0.63749964,1.6529518,0.31090353,0.020530581,0.17186162,0.11552868,-0.33766287,0.10944431,0.20052099,-0.21553755,-0.37226779,0.90275149,0.44467273,-2.0956204,1.7
26,13700,6.850000,12,1.7506161,0.15565172,1.1571973,1.1787646,-0.037693477,0.015093578,0.14057476,-0.00025693131,-0.062381844,0.3128761,0.81629037,-0.57731047,0.019561678,1.5512334,-0.61556629,1.7
26,13700,6.850000,13,1.7506161,0.27817907,1.5266202,1.5830481,0.094749063,-0.0083133829,0.043008924,0.17078055,0.034166519,-0.013480248,-0.10944114,0.95315584,0.28198684,1.284932,1.6851155,1.7
26,13700,6.850000,14,1.7506161,0.74710426,0.96743737,1.471784,0.060646567,-0.10974187,-0.0060542769,0.07520685,0.11487256,0.13287394,-0.81502776,0.52800192,-0.23862884,1.81175,2.5667423,1.7
26,13700,6.850000,15,1.7506161,0.61212462,1.4243298,1.1335996,-0.022315337,-0.073020301,0.047431959,-0.25232908,-0.11267121,0.035556872,0.14563544,-0.14218693,0.97906751,0.20496793,-0.77341737,1.7
26,13700,6.850000,16,1.7506161,1.0753025,0.1977453,0.22202135,-0.066495645,0.01625134,0.0010625581,0.22329908,-0.10865209,-0.40314308,-0.65960945,0.49839798,0.56259651,0.97327318,2.49452,1.7
26,13700,6.850000,17,1.7506161,1.1657315,0.73831129,0.50417163,0.07072195,0.013656041,-0.21026382,0.051476056,-0.22417376,-0.32473897,0.64770383,-0.66159137,-0.37785792,1.9582779,-0.79600465,1.7
26,13700,6.850000,18,1.7506161,1.6010384,0.16643233,0.6370949,0.050091334,-0.08388423,-0.083646799,-0.23930583,0.055608711,-0.14093688,0.344504,-0.84482642,-0.40937186,1.9925618,-1.1836004,1.7
26,13700,6.850000,19,1.7506161,1.644298,0.78066214,0.22352495,0.049087103,0.16517115,0.0018953668,-0.16043462,0.23778972,0.11868672,0.20900536,0.83517775,0.50871887,1.0371003,1.32558,1.7
26,13700,6.850000,20,1.7506161,0.98134496,0.22904232,1.1661717,-0.01228281,0.028185794,0.075574112,0.27583445,-0.28040802,-0.038768243,-0.082147241,0.99378619,-0.075105527,1.6459726,1.6532697,1.7
26,13700,6.850000,21,1.7506161,1.1695574,0.65913092,1.6471094,0.061397376,0.096329388,0.044661603,-0.25878223,0.292282,0.14048525,0.72973494,-0.046029115,-0.68217904,2.321535,-0.062993031,1.7
26,13700,6.850000,22,1.7506161,1.4793869,0.18886002,1.5084578,-0.069948471,-0.015107904,0.0067194146,-0.047444496,0.051245747,-0.23650225,-0.15722168,-0.12883906,-0.97912299,2.9368975,-2.4550897,1.7
26,13700,6.850000,23,1.7506161,1.4300127,0.5087413,1.0261632,-0.097685668,-0.19593934,-0.096048415,-0.025475977,-0.13724409,-0.38203602,-0.6599208,0.18061297,-0.72930343,2.3880996,2.8744458,1.7
26,13700,6.850000,24,1.7506161,1.1050624,1.1539453,0.13563124,0.00019697314,0.087051038,-0.059013303,-0.016295574,-0.12842917,-0.086578236,-0.82420449,0.52262574,0.218058,1.3509722,2.5764783,1.7
26,13700,6.850000,25,1.7506161,1.0646227,1.6195952,0.65218012,-0.070911467,0.14437552,-0.0001265392,0.17816331,-0.064374267,-0.0618149,0.83696756,0.39310165,-0.3807314,1.9613835,0.43909359,1.7
26,13700,6.850000,26,1.7506161,1.5439218,1.1411215,0.6694722,-0.028700921,0.061472369,0.031691139,-0.16571754,-0.20271844,0.26222975,0.83702466,-0.49051108,0.24246359,1.3258919,-0.53007478,1.7
26,13700,6.850000,27,1.7506161,1.5649749,1.4669673,0.1364832,0.027965918,-0.043780869,-0.079603554,-0.34152654,-0.28512242,0.21392651,-0.59241974,-0.41733532,0.68910818,0.81053867,-2.5278804,1.7
26,13700,6.850000,28,1.7506161,1.0677072,1.0213838,1.0256073,-0.060832481,-0.10913687,-0.04873186,0.17117715,-0.13344,-0.0022574051,0.78353064,-0.60115313,0.1571453,1.412997,-0.65444137,1.7
26,13700,6.850000,29,1.7506161,1.1105993,1.5511301,1.578105,0.059395502,0.01818935,0.040020267,0.21028508,0.020878041,0.28863122,0.48930029,0.050504818,-0.87065176,2.6273221,0.10285421,1.7
26,13700,6.850000,30,1.7506161,1.5827742,0.90052001,1.4357748,0.048414677,-0.26060225,-0.038095779,0.15716249,-0.10334872,0.094067511,-0.055546594,-0.18679932,-0.98082648,2.9454544,-1.8598291,1.7
26,13700,6.850000,31,1.7506161,1.4002428,1.4792305,1.0529214,-0.08466639,-0.1178016,-0.0096737046,0.28312365,0.070390965,-0.50924227,0.17549471,0.67561966,-0.71605843,2.3689355,1.316659,1.7
27,13800,6.900000,0,1.7579223,0.13606967,0.24719187,0.15284685,-0.12140522,0.0189998,-0.084813786,0.079918883,0.20258561,-0.030753345,0.97166929,-0.036365039,-0.23353022,1.806503,-0.037407866,1.7
27,13800,6.900000,1,1.7579223,0.24090694,0.78639837,0.6846928,0.025190794,0.12648017,0.00092431333,-0.15558581,0.069936291,0.22138566,-0.30858808,-0.87626016,-0.37005611,1.9498657,-1.9093985,1.7
27,13800,6.900000,2,1.7579223,0.81824749,0.44310432,0.74103231,0.15365568,0.21090301,0.13601068,0.35806059,0.10992835,-0.11826052,0.94935467,0.26375161,0.1707653,1.39919,0.2709879,1.7
27,13800,6.900000,3,1.7579223,0.63429258,0.65396018,0.24001649,-0.0077014469,-0.021574055,0.055080274,0.084133657,0.084802733,0.071255975,0.39841745,0.89359972,-0.20674396,1.7790422,1.1513933,1.7
27,13800,6.900000,4,1.7579223,0.18547013,0.14651382,1.1792594,-0.022871547,-0.0342047,0.029384946,-0.26563444,0.22754279,-0.11746975,0.87068417,-0.43716502,0.22537928,1.343464,-0.46532115,1.7
27,13800,6.900000,5,1.7579223,0.23689917,0.58539059,1.5640727,0.030311404,-0.16118946,0.0030657214,-0.079866173,-0.16317272,-0.12873157,0.70633301,0.5761464,0.41127729,1.1469414,0.68423304,1.7
27,13800,6.900000,6,1.7579223,0.65351588,0.26946265,1.5670332,0.026167245,0.094634513,-0.016372405,0.26804394,-0.054078382,0.2073169,0.5032989,0.63355427,0.58762165,0.94268001,0.89947608,1.7
27,13800,6.900000,7,1.7579223,0.54893848,0.61868416,1.1260719,-0.071344447,-0.01509657,0.013271376,-0.0099193886,-0.0040833433,-0.18065682,-0.86143456,-0.31276467,-0.40013593,1.9824615,-2.7933182,1.7
27,13800,6.900000,8,1.7579223,0.29168224,1.1109549,0.16659068,0.045286867,0.0020457049,-0.079125652,-0.17096532,0.11893693,0.22712568,0.5499856,0.8322362,0.069990994,1.5007481,0.98682954,1.7
27,13800,6.900000,9,1.7579223,0.17363426,1.5368027,0.81190625,-0.061797732,-0.055693041,0.17061761,-0.29121405,-0.11232925,0.010094925,-0.30228632,0.27544013,0.9125545,0.42130876,2.4026298,1.7
27,13800,6.900000,10,1.7579223,0.69816147,1.1430778,0.54100918,0.018649475,0.066842497,-0.11826418,0.28991128,0.06400276,0.32508641,0.30891317,0.77794827,0.54714636,0.99184511,1.1928037,1.7
27,13800,6.900000,11,1.7579223,0.62318241,1.6633481,0.31988022,0.0035880325,0.17535208,0.12319186,-0.31447021,0.083305783,0.086014232,0.054449217,-0.26505688,0.96269421,0.27400761,-1.3681902,1.7
27,13800,6.900000,12,1.7579223,0.16215581,1.1578001,1.1938757,-0.031851164,0.010875646,0.15074513,0.23154276,-0.10547873,0.12021198,0.71610284,-0.69051896,-0.10188371,1.6728571,-0.767212,1.7
27,13800,6.900000,13,1.7579223,0.29069916,1.5371091,1.5855241,0.10608457,-0.0042044076,0.038886744,0.24771207,0.089161101,-0.10692455,-0.18454376,0.91481335,0.35924941,1.2033328,1.7698532,1.7
27,13800,6.900000,14,1.7579223,0.75305582,0.97928049,1.4839927,0.063474208,-0.10195257,-7.2175059e-07,0.044797344,0.1519662,0.12795678,-0.86892206,0.30296463,-0.39139095,1.972939,2.8061057,1.7
27,13800,6.900000,15,1.7579223,0.60420995,1.4253054,1.1382265,-0.032762941,-0.07797879,0.047328012,-0.21817987,-0.035536278,-0.070362688,0.10608544,-0.1096938,0.98828799,0.15319885,-0.80211904,1.7
27,13800,6.900000,16,1.7579223,1.0922109,0.19774038,0.20593731,-0.054100773,0.015422856,-0.015912732,0.23927931,0.043582451,-0.25175624,-0.52625657,0.54521981,0.65252539,0.85988398,2.3384981,1.7
27,13800,6.900000,17,1.7579223,1.1734252,0.73317155,0.49534883,0.073544675,0.0054520455,-0.22116806,0.042126678,-0.064472684,-0.06358561,0.81331877,-0.50075541,-0.2962374,1.8715471,-0.55187929,1.7
27,13800,6.900000,18,1.7579223,1.5937616,0.16692741,0.62909872,0.036161607,-0.08408334,-0.094279745,-0.28550885,-0.039041072,-0.25080739,0.34247508,-0.92528569,-0.16296384,1.7344902,-1.2163029,1.7
27,13800,6.900000,19,1.7579223,1.6376683,0.7961396,0.23063236,0.035622962,0.17736514,0.0080570591,-0.33675317,0.18716525,0.1329802,0.28998374,0.60155664,0.74433799,0.73125336,1.121607,1.7
27,13800,6.900000,20,1.7579223,0.99843985,0.21751523,1.1705379,0.00068944063,0.015728741,0.075074376,0.28386901,-0.22660907,0.026146425,-0.13483248,0.98421507,-0.11463372,1.6856826,1.7069438,1.7
27,13800,6.900000,21,1.7579223,1.1587356,0.6716438,1.662592,0.045726984,0.1060711,0.053252128,-0.33597881,0.11006805,0.19266697,0.67434937,0.083748488,-0.73364782,2.394471,0.1235589,1.7
27,13800,6.900000,22,1.7579223,1.4852739,0.19603652,1.5019185,-0.070235068,-0.0087328815,-0.006088777,0.021749127,0.15900435,-0.17866797,-0.065330665,-0.096548913,-0.99318186,3.0247517,-2.1656847,1.7
27,13800,6.900000,23,1.7579223,1.4347689,0.50645724,1.0132998,-0.098895124,-0.20033747,-0.11315885,-0.016114478,-0.008379673,-0.34864505,-0.55224663,0.347018,-0.75802518,2.4310763,2.58057,1.7
27,13800,6.900000,24,1.7579223,1.1065231,1.1485647,0.13780029,-0.0029477923,0.076875628,-0.057413639,-0.097729117,-0.26282834,0.13531561,-0.85113462,0.50508496,0.14303513,1.4272689,2.6060214,1.7
27,13800,6.900000,25,1.7579223,1.0799715,1.6238594,0.65039633,-0.060028458,0.14188555,-0.0046228332,0.21813248,0.0057620362,-0.1407773,0.75825605,0.41044669,-0.50653853,2.1019618,0.49614196,1.7
27,13800,6.900000,26,1.7579223,1.5397364,1.1373994,0.68425838,-0.039307671,0.053005445,0.043658369,-0.30419056,-0.21024498,0.21935458,0.67056169,-0.51223345,0.53662269,1.0043667,-0.65232979,1.7
27,13800,6.900000,27,1.7579223,1.5534866,1.4582574,0.14736363,0.0099836389,-0.058582324,-0.069314161,-0.385643,-0.27270215,0.19858665,-0.77612872,-0.074502272,0.62615783,0.89418071,-3.0458937,1.7
27,13800,6.900000,28,1.7579223,1.0794348,1.0157423,1.0289295,-0.053575968,-0.11902052,-0.049688013,0.083229418,-0.25116719,-0.029014481,0.81614108,-0.46164234,0.34756308,1.2158254,-0.51477182,1.7
27,13800,6.900000,29,1.7579223,1.1263756,1.5636899,1.5950231,0.07051357,0.024262864,0.050330725,0.28014529,0.18408419,0.12926732,0.55645872,0.10249377,-0.82452939,2.5401663,0.18214783,1.7
27,13800,6.900000,30,1.7579223,1.5981123,0.8990889,1.4445591,0.057128937,-0.26578089,-0.035309427,0.16334666,-0.14968637,0.055199903,0.091123597,-0.23215112,-0.96840196,2.8895376,-1.1967562,1.7
27,13800,6.900000,31,1.7579223,1.4175586,1.4890027,1.0343058,-0.073218317,-0.1142104,-0.03263586,0.29426175,0.060419431,-0.40175912,0.091472199,0.64608667,-0.75776306,2.4306745,1.4301522,1.7
28,13900,6.950000,0,1.7709149,0.14172549,0.25649154,0.15469006,-0.11677213,0.02644509,-0.084102858,0.083087608,0.11048209,0.012673679,0.96145574,-0.14611411,-0.23292385,1.8058795,-0.15081775,1.7
28,13900,6.950000,1,1.7709149,0.23705947,0.79489705,0.69948565,0.019583449,0.12915682,0.010620982,-0.096709164,0.10325588,0.16033319,-0.1680921,-0.94372619,-0.28482613,1.8596214,-1.7470631,1.7
28,13900,6.950000,2,1.7709149,0.83688262,0.45301929,0.73922071,0.16619707,0.21751869,0.12874894,0.19346198,0.1279104,-0.16724826,0.94517175,-0.077252381,0.31730496,1.2479101,-0.081552418,1.7
28,13900,6.950000,3,1.7709149,0.64625898,0.66337603,0.2424055,-0.00044972635,-0.017008358,0.055693093,0.13603856,0.094587395,-0.024228917,0.21227632,0.94959189,-0.2306816,1.8035744,1.3508674,1.7
28,13900,6.950000,4,1.7709149,0.17609915,0.15965601,1.1811289,-0.033573912,-0.022189617,0.022563848,-0.16103666,0.292455,-0.1229658,0.89758596,-0.32593416,0.29682716,1.269428,-0.34831757,1.7
28,13900,6.950000,5,1.7709149,0.23533815,0.58506088,1.5664056,0.027011644,-0.16582863,-0.0061274413,-0.10140801,-0.025329759,-0.17232947,0.65476714,0.62153191,0.43009078,1.126203,0.75936374,1.7
28,13900,6.950000,6,1.7709149,0.66863414,0.26971564,1.5881946,0.036417701,0.092902314,-0.006827913,0.13773756,-0.034781886,0.16282408,0.43278948,0.75912159,0.4862383,1.0630166,1.0526381,1.7
28,13900,6.950000,7,1.7709149,0.54873322,0.62018078,1.1290603,-0.075591209,-0.018161286,0.0079566357,-0.084795393,-0.088984283,-0.044730289,-0.66490731,-0.11667333,-0.73775714,2.4005382,-2.967888,1.7
28,13900,6.950000,8,1.7709149,0.28701827,1.1260728,0.17941019,0.038492128,0.0089273242,-0.0675799,-0.15322479,0.13122172,0.23741158,0.33607714,0.9401863,-0.055694501,1.6265197,1.2274929,1.7
28,13900,6.950000,9,1.7709149,0.16406951,1.5402628,0.81998114,-0.072606001,-0.063562358,0.17268419,-0.16385068,-0.2225139,0.072336445,-0.096088468,0.5019716,0.85952983,0.53644732,1.7599305,1.7
28,13900,6.950000,10,1.7709149,0.71708301,1.1526031,0.55994943,0.032360513,0.067915471,-0.10337728,0.25607788,-0.0042988789,0.30958064,0.3600527,0.80449062,0.47239484,1.0787904,1.1499787,1.7
28,13900,6.950000,11,1.7709149,0.61148013,1.680187,0.32426578,-0.012660285,0.17988066,0.12520581,-0.31993748,0.050892093,0.081864974,0.20546089,-0.11349698,0.97206186,0.23693547,-0.50468539,1.7
28,13900,6.950000,12,1.7709149,0.17834993,1.1644257,1.2064083,-0.01691052,0.0089511413,0.15444033,0.32730369,-0.011356725,0.02589803,0.53856969,-0.81058583,-0.22998542,1.802859,-0.9843505,1.7
28,13900,6.950000,13,1.7709149,0.30204938,1.5578354,1.5912135,0.11525252,0.0051269419,0.032879856,0.10615967,0.20126616,-0.045043525,-0.32162663,0.85222689,0.41263258,1.1454541,1.9316655,1.7
28,13900,6.950000,14,1.7709149,0.76095221,0.99546442,1.5016426,0.065796304,-0.093039196,0.0066566402,0.07439176,0.23230814,0.054283017,-0.86254718,0.085264943,-0.49874066,2.0929416,3.0430603,1.7
28,13900,6.950000,15,1.7709149,0.5987943,1.4339034,1.1426132,-0.042607984,-0.079907942,0.043317032,-0.16337891,-0.051980421,-0.13157681,0.084662395,-0.061969067,0.99448083,0.10511192,-0.63185196,1.7
28,13900,6.950000,16,1.7709149,1.1113095,0.20499687,0.19654776,-0.043115013,0.021196609,-0.026784318,0.21679062,0.17581083,-0.17172345,-0.41318485,0.55339202,0.72321196,0.76235446,2.2121438,1.7
28,13900,6.950000,17,1.7709149,1.1841519,0.73734001,0.49415661,0.075591181,0.004206311,-0.22600355,-0.057227727,0.049189305,-0.1360857,0.88334379,-0.4290144,-0.1888131,1.7607497,-0.45211878,1.7
28,13900,6.950000,18,1.7709149,1.5892476,0.16528891,0.61893961,0.019928036,-0.086945048,-0.10903413,-0.32046081,-0.093348911,-0.27140652,0.33491004,-0.93705,0.098856284,1.4717783,-1.2275364,1.7
28,13900,6.950000,19,1.7709149,1.6293268,0.80687623,0.24164469,0.015252644,0.1821998,0.017330676,-0.43601821,0.080209371,0.27762554,0.13491157,0.35378621,0.92554535,0.38832297,1.206482,1.7
28,13900,6.950000,20,1.7709149,1.0209952,0.20924407,1.183298,0.015809749,0.0058861889,0.079168117,0.38862475,-0.15978617,0.11654961,-0.18812863,0.97409899,-0.1254543,1.6965821,1.7615784,1.7
28,13900,6.950000,21,1.7709149,1.1544345,0.67501309,1.6851545,0.032909084,0.1044822,0.063488929,-0.17575596,-0.12660381,0.20835249,0.61756421,0.20414006,-0.75956651,2.4334427,0.31924961,1.7
28,13900,6.950000,22,1.7709149,1.496119,0.20575041,1.502573,-0.07036693,-0.00049819535,-0.016496497,-0.01746151,0.2050072,-0.26145697,0.014009034,-0.14564182,-0.9892382,2.9947515,-1.4749031,1.7
28,13900,6.950000,23,1.7709149,1.4441618,0.5120663,1.0013585,-0.10010203,-0.19847842,-0.13251802,0.0070981719,0.02243276,-0.42457073,-0.43661295,0.50479789,-0.74467995,2.4108515,2.2838923,1.7
28,13900,6.950000,24,1.7709149,1.108615,1.1407323,0.14759802,-0.0090117082,0.060614197,-0.048666577,-0.081884526,-0.37536119,0.20720754,-0.91848644,0.36375932,0.15511876,1.4150487,2.7645029,1.7
28,13900,6.950000,25,1.7709149,1.0978493,1.6369338,0.64844753,-0.050168893,0.14295431,-0.011353854,0.15555644,-0.020839366,-0.15254398,0.69104691,0.3876223,-0.61008452,2.2269636,0.51118871,1.7
28,13900,6.950000,26,1.7709149,1.5386558,1.1353258,0.70104664,-0.051722647,0.042563963,0.055346326,-0.21397177,-0.21610259,0.2409529,0.43514327,-0.44094167,0.78499731,0.66810454,-0.79201661,1.7
28,13900,6.950000,27,1.7709149,1.547757,1.4583909,0.16193837,-0.0071644435,-0.069187594,-0.055878042,-0.33014232,-0.093365268,0.29989945,-0.79216906,0.27744117,0.54359413,0.99608308,2.8047132,1.7
28,13900,6.950000,28,1.7709149,1.0942808,1.0111919,1.0349393,-0.046733201,-0.13103394,-0.051277034,0.18245801,-0.21579772,-0.054060483,0.77435402,-0.34003485,0.53362173,1.0079191,-0.41376993,1.7
28,13900,6.950000,29,1.7709149,1.1463805,1.5808796,1.6098254,0.082150721,0.029874922,0.053333372,0.18290301,0.03761341,0.008115092,0.67816362,0.15339881,-0.71872311,2.3727604,0.2224538,1.7
28,13900,6.950000,30,1.7709149,1.617432,0.89823857,1.4610351,0.06460964,-0.27324878,-0.029531288,0.11481861,-0.14303995,0.12327228,0.15846507,-0.42789508,-0.88982842,2.6677653,-1.2161207,1.7
28,13900,6.950000,31,1.7709149,1.4433926,1.5021676,1.0212895,-0.057917713,-0.11205841,-0.053220713,0.31807957,0.0016593419,-0.38816004,0.042630104,0.6858612,-0.72648269,2.3839859,1.5087206,1.7
29,14000,7.000000,0,1.7845047,0.1464546,0.26326025,0.1599915,-0.11314447,0.031227233,-0.08000416,0.094154164,0.10533276,0.11385387,0.92992598,-0.25659973,-0.26342789,1.8373702,-0.26923587,1.7
29,14000,7.000000,1,1.7845047,0.23627897,0.80422138,0.71043539,0.016993683,0.13236891,0.016181683,-0.040340499,0.058732054,0.073587512,-0.068787505,-0.97973892,-0.18809552,1.760019,-1.6408913,1.7
29,14000,7.000000,2,1.7845047,0.85177869,0.46439758,0.73291589,0.17463873,0.22539047,0.11681702,0.11919324,0.1154673,-0.26310103,0.77645928,-0.46169307,0.42889451,1.1275277,-0.53644933,1.7
29,14000,7.000000,3,1.7845047,0.65420979,0.67217229,0.23933627,0.0025303625,-0.01331688,0.05078244,0.04030903,0.067994611,-0.13586621,0.033858682,0.96207644,-0.27067048,1.8448858,1.5356175,1.7
29,14000,7.000000,4,1.7845047,0.17218005,0.1763927,1.1855634,-0.038824303,-0.0067371752,0.017952065,-0.06393105,0.35971431,-0.18115637,0.89743768,-0.14554542,0.41643984,1.1412704,-0.16077901,1.7
29,14000,7.000000,5,1.7845047,0.23254155,0.58827639,1.5709396,0.022426606,-0.16709797,-0.013585369,-0.056801174,-0.04195091,-0.11413316,0.53787299,0.66863377,0.51344087,1.0316066,0.89335644,1.7
29,14000,7.000000,6,1.7845047,0.67989935,0.26865683,1.6123068,0.042528524,0.089785649,0.0050512491,0.18979214,-0.063109185,0.20845724,0.41443725,0.84613082,0.33511849,1.2290653,1.1153397,1.7
29,14000,7.000000,7,1.7845047,0.54885235,0.61874621,1.1403229,-0.07966742,-0.024331477,0.010545056,-0.10081709,-0.14881922,0.13102471,-0.37127267,0.039829623,-0.92766923,2.758918,3.0347228,1.7
29,14000,7.000000,8,1.7845047,0.28267105,1.1431835,0.18981615,0.031967295,0.01736449,-0.058585092,-0.14573435,0.15100956,0.17246427,0.057623958,0.98458652,-0.16513285,1.736689,1.512337,1.7
29,14000,7.000000,9,1.7845047,0.15608303,1.5362948,0.82751471,-0.081816335,-0.079290004,0.17392058,-0.15709309,-0.34702167,-0.06635384,0.15064322,0.65107844,0.74391094,0.73189261,1.3434225,1.7
29,14000,7.000000,10,1.7845047,0.73353505,1.1613806,0.57898312,0.043268032,0.067848321,-0.0886967,0.15983336,0.043362,0.30532363,0.37325429,0.80642141,0.45865645,1.0943137,1.1373057,1.7
29,14000,7.000000,11,1.7845047,0.59888205,1.6961467,0.33264887,-0.029884967,0.1829351,0.13107807,-0.35972704,0.10669485,0.16183756,0.32247083,0.10599942,0.94062569,0.34632744,0.31758388,1.7
29,14000,7.000000,12,1.7845047,0.1931022,1.171172,1.2129955,-0.0035778492,0.0067700761,0.1517799,0.21347787,-0.092586766,-0.082639748,0.37801233,-0.88700723,-0.26518834,1.8391956,-1.1679385,1.7
29,14000,7.000000,13,1.7845047,0.31029791,1.5814329,1.6045684,0.12116057,0.016725475,0.034019518,0.097925359,0.25064833,0.059915872,-0.45785526,0.7971981,0.3935019,1.1663586,2.0921274,1.7
29,14000,7.000000,14,1.7845047,0.7719001,1.0149406,1.5126817,0.070885277,-0.081247224,0.0061741815,0.035738775,0.23881553,-0.079372034,-0.79789843,-0.18365844,-0.5741321,2.1823401,-2.9153555,1.7
29,14000,7.000000,15,1.7845047,0.60422225,1.4412024,1.1442082,-0.041778297,-0.083598425,0.036171016,0.10824814,-0.082172982,-0.1592149,0.12520973,6.3010019e-05,0.99213029,0.12553924,0.00050323576,1.7
29,14000,7.000000,16,1.7845047,1.1290942,0.22097292,0.19480482,-0.033893712,0.035544693,-0.030023164,0.15200961,0.3401466,-0.038320566,-0.32724885,0.53396422,0.77960913,0.67675488,2.1206229,1.7
29,14000,7.000000,17,1.7845047,1.1859234,0.74430066,0.49259966,0.06830344,0.0055037284,-0.23133223,-0.17342599,-0.01313427,0.019847439,0.8609263,-0.50024646,-0.092516898,1.6634457,-0.52637367,1.7
29,14000,7.000000,18,1.7845047,1.5855807,0.1635585,0.60706067,0.0041259118,-0.089932446,-0.12559943,-0.36795423,-0.044715141,-0.30725795,0.40337356,-0.85327427,0.33047358,1.233991,-1.1291967,1.7
29,14000,7.000000,19,1.7845047,1.6226975,0.81942032,0.25711649,-0.0038070868,0.18852781,0.030896267,-0.24445101,0.20014386,0.26121583,-0.033396981,0.1490097,0.9882716,0.15330623,1.7912789,1.7
29,14000,7.000000,20,1.7845047,1.0480388,0.20333481,1.1989509,0.034945263,-0.0016001787,0.085715495,0.40151253,-0.095524632,0.14069814,-0.25983706,0.96414886,-0.053867171,1.6246896,1.8340411,1.7
29,14000,7.000000,21,1.7845047,1.1503723,0.66858563,1.7088181,0.020037072,0.092918959,0.074179891,-0.29183501,-0.29247391,0.17031217,0.56506001,0.33439374,-0.75424665,2.4253023,0.53435678,1.7
29,14000,7.000000,22,1.7845047,1.509079,0.21526255,1.4994021,-0.068893687,0.0074048305,-0.031141942,0.038652932,0.12749981,-0.2433746,0.097601412,-0.25543473,-0.96188724,2.8646185,-1.2058162,1.7
29,14000,7.000000,23,1.7845047,1.4538034,0.51876271,0.98865053,-0.10153725,-0.19572209,-0.15283269,0.015451198,0.14706511,-0.38445029,-0.27971546,0.64184389,-0.71399978,2.3659908,1.9817789,1.7
29,14000,7.000000,24,1.7845047,1.1155144,1.1308305,0.15822302,-0.010613586,0.042029618,-0.039210375,-0.0060643516,-0.39175691,0.23914627,-0.96097142,0.21599737,0.17285561,1.3970681,2.9204973,1.7
29,14000,7.000000,25,1.7845047,1.1129834,1.6471608,0.64607592,-0.043485111,0.14062849,-0.018673602,0.088568804,-0.060567572,-0.14636637,0.64833391,0.30822207,-0.69617692,2.3408544,0.44377984,1.7
29,14000,7.000000,26,1.7845047,1.5397343,1.1291336,0.71439884,-0.0624108,0.0277161,0.063288403,-0.2691334,-0.33942631,0.10695518,0.13506542,-0.39092886,0.910457,0.42640867,-1.2381372,1.7
29,14000,7.000000,27,1.7845047,1.5455407,1.4636865,0.17928986,-0.021204379,-0.075061064,-0.039830585,-0.2206624,-0.14088178,0.32412516,-0.67357112,0.60774858,0.42064666,1.1366383,2.4075203,1.7
29,14000,7.000000,28,1.7845047,1.1108166,1.0124838,1.0387417,-0.038625765,-0.13747719,-0.055400855,0.18251854,-0.1102185,-0.1031213,0.69333904,-0.18628349,0.6961174,0.80082117,-0.26247729,1.7
29,14000,7.000000,29,1.7845047,1.1660232,1.5924156,1.6177112,0.092954925,0.029281676,0.048882512,0.21835297,-0.1128297,-0.098731784,0.80146133,0.204953,-0.56183094,2.1673937,0.25035878,1.7
29,14000,7.000000,30,1.7845047,1.6349877,0.90139848,1.4782598,0.069733747,-0.27696764,-0.023541322,0.07979908,-0.02561147,0.024346728,0.090352979,-0.69205182,-0.7161708,2.3690965,-1.4409725,1.7
29,14000,7.000000,31,1.7845047,1.4690389,1.5179038,1.0178946,-0.043403323,-0.10786574,-0.064410203,0.26720376,0.14336632,-0.084602357,-0.050252282,0.7328353,-0.67854781,2.3165802,1.6392616,1.7
30,14100,7.050000,0,1.770751,0.15069757,0.26339172,0.16680519,-0.10775188,0.033396124,-0.071926119,0.10848156,0.062462223,0.20478328,0.8635976,-0.37912587,-0.33235937,1.9096004,-0.4136751,1.7
30,14100,7.050000,1,1.770751,0.23072626,0.80200732,0.7047216,0.013247553,0.1363687,0.015942515,-0.10766546,0.10133676,-0.025516624,0.088169223,-0.98891254,-0.11949131,1.6905738,-1.4818737,1.7
30,14100,7.050000,2,1.770751,0.85083443,0.46185664,0.71383516,0.18028121,0.22643282,0.10333293,0.036521708,-0.15989005,-0.27979038,0.50574022,-0.73606897,0.44992144,1.104119,-0.96879243,1.7
30,14100,7.050000,3,1.770751,0.65047496,0.67175351,0.23056434,0.0038428112,-0.0085365268,0.043828248,0.0033882744,0.12936378,-0.15312084,-0.14217701,0.93648768,-0.32058777,1.8971463,1.7214652,1.7
30,14100,7.050000,4,1.770751,0.17330605,0.1920441,1.1684553,-0.036361738,0.0103398,0.0099505609,0.15280509,0.34852401,-0.18023056,0.84271148,0.09018283,0.53075835,1.0113012,0.10660934,1.7
30,14100,7.050000,5,1.770751,0.22779532,0.58252363,1.5552405,0.019461167,-0.16832143,-0.017190712,-0.0075805762,0.0062852938,-0.0056236296,0.40607941,0.70133993,0.58585136,0.94486615,1.0459573,1.7
30,14100,7.050000,6,1.770751,0.68180717,0.26224464,1.6101089,0.0497043,0.085427214,0.015319608,0.062774842,-0.081185773,0.18306136,0.43630957,0.88608166,0.15650318,1.4136471,1.1132445,1.7
30,14100,7.050000,7,1.770751,0.54148964,0.6071391,1.1382298,-0.082812119,-0.03119627,0.017266788,-0.0039469388,-0.14098734,0.15525375,-0.042060606,0.25723269,-0.96543371,2.8778986,1.7328739,1.7
30,14100,7.050000,8,1.770751,0.27543616,1.1379937,0.19855404,0.026891404,0.02099963,-0.04834462,-0.023440147,0.024238473,0.21781183,-0.24807505,0.95108609,-0.1841033,1.7559558,1.8259449,1.7
30,14100,7.050000,9,1.770751,0.14883685,1.5055761,0.81480078,-0.087882997,-0.098241377,0.16755995,-0.075676846,-0.36276078,-0.20503088,0.3959754,0.69479753,0.60038311,0.92681625,1.0527921,1.7
30,14100,7.050000,10,1.770751,0.7335457,1.1575006,0.5881099,0.048954261,0.072939051,-0.075054741,0.078587244,0.11073371,0.19690632,0.46246495,0.76499376,0.44823065,1.1060113,1.0270495,1.7
30,14100,7.050000,11,1.770751,0.57899032,1.6926464,0.33792006,-0.04522025,0.19254474,0.13894352,-0.29456583,0.21090673,0.096619785,0.34997696,0.32040124,0.88026085,0.49438465,0.74130878,1.7
30,14100,7.050000,12,1.770751,0.19939198,1.1563514,1.2014861,0.0042304305,0.00095353591,0.14961105,0.16265205,-0.16655433,-0.03084666,0.25268375,-0.91904441,-0.30250338,1.8781143,-1.3024842,1.7
30,14100,7.050000,13,1.770751,0.31160745,1.5825503,1.5946079,0.12487604,0.030083095,0.036435262,0.031152658,0.23408865,0.013404728,-0.62157277,0.69781182,0.35595779,1.2068575,2.2984749,1.7
30,14100,7.050000,14,1.770751,0.76582617,1.0191446,1.4942135,0.070760131,-0.069174031,-0.00066174003,0.024583032,0.20701902,-0.17205127,-0.68616221,-0.44502646,-0.57544145,2.1839401,-2.5662211,1.7
30,14100,7.050000,15,1.770751,0.60958548,1.4252558,1.1286355,-0.031719228,-0.088456081,0.029390911,0.28387587,-0.1010022,-0.16060673,0.24984719,0.043668905,0.96730006,0.25643605,0.17303458,1.7
30,14100,7.050000,16,1.770751,1.1267284,0.23182029,0.19344009,-0.027532558,0.048143907,-0.029885944,0.1167568,0.18316912,0.092617305,-0.30945316,0.55158291,0.77459346,0.68472427,2.0820665,1.7
30,14100,7.050000,17,1.770751,1.1644024,0.73554217,0.49421221,0.055874606,0.0024700615,-0.22590206,-0.28944428,-0.11599192,0.16674724,0.72325667,-0.68872699,-0.050546249,1.6213641,-0.76094831,1.7
30,14100,7.050000,18,1.770751,1.555456,0.1629473,0.58396386,-0.013847806,-0.089280523,-0.14408896,-0.27316594,0.039106443,-0.37523169,0.47740344,-0.667506,0.57142077,0.96256026,-0.94993857,1.7
30,14100,7.050000,19,1.770751,1.606846,0.82273424,0.26424169,-0.0071649314,0.19819466,0.040038513,0.10468917,0.17996374,0.10173983,0.061660444,0.015374378,0.99797877,0.063591114,0.24435683,1.7
30,14100,7.050000,20,1.770751,1.0586031,0.1965172,1.1975784,0.053659514,-0.0068710156,0.093614218,0.29770205,-0.10614788,0.16071293,-0.34935251,0.92722914,0.13490345,1.4354803,1.9311182,1.7
30,14100,7.050000,21,1.770751,1.1299644,0.65080993,1.6992518,0.0084505867,0.080247242,0.077798039,-0.25163265,-0.21337566,0.001255019,0.51452786,0.40166711,-0.75757813,2.4303911,0.66283143,1.7
30,14100,7.050000,22,1.770751,1.4984046,0.22388557,1.4774706,-0.067933411,0.017726871,-0.041557415,-0.04016198,0.25509624,-0.14730371,0.19063942,-0.39843789,-0.89716434,2.6841035,-1.124523,1.7
30,14100,7.050000,23,1.770751,1.443802,0.52290094,0.96457517,-0.10032906,-0.18755399,-0.16935213,0.034969913,0.2597029,-0.31809978,-0.11836961,0.7500334,-0.65072155,2.2793306,1.7273244,1.7
30,14100,7.050000,24,1.770751,1.110663,1.1021006,0.16701413,-0.0068528674,0.021937572,-0.029160908,0.078111764,-0.40423559,0.12575201,-0.97592086,0.076540454,0.20425481,1.3650939,3.0633239,1.7
30,14100,7.050000,25,1.770751,1.106311,1.6314627,0.63474811,-0.041572082,0.13761393,-0.025046564,-0.086881627,-0.047757691,-0.09984045,0.63529288,0.15744603,-0.75605139,2.4280553,0.24293734,1.7
30,14100,7.050000,26,1.770751,1.5179648,1.1047959,0.7137169,-0.072351544,0.01202029,0.068131298,-0.12733403,-0.30082884,0.1737993,-0.095501595,-0.4104144,0.90688448,0.43496573,-1.7994233,1.7
30,14100,7.050000,27,1.770751,1.5194472,1.4452784,0.19293964,-0.035441081,-0.082215752,-0.024740591,-0.31858227,-0.10987925,0.31473231,-0.45696848,0.84941229,0.26396698,1.3036636,2.0643658,1.7
30,14100,7.050000,28,1.770751,1.1121354,0.99841292,1.0294466,-0.028707222,-0.14376886,-0.056695048,0.19289017,-0.12826981,-0.0063299364,0.53168273,0.014644595,0.84681699,0.56082426,0.027536899,1.7
30,14100,7.050000,29,1.770751,1.1653874,1.5712068,1.5977785,0.10133848,0.020311373,0.041389054,0.15989567,-0.20713737,-0.15967295,0.90879834,0.29353059,-0.29652213,1.8718453,0.31241067,1.7
30,14100,7.050000,30,1.770751,1.6214063,0.89682708,1.4643897,0.068749959,-0.27458246,-0.026027589,-0.12182044,0.10068256,-0.071584468,0.026193768,-0.89627347,-0.44272764,2.0294347,-1.5415794,1.7
30,14100,7.050000,31,1.770751,1.4641853,1.5140811,1.0120018,-0.036909406,-0.099958918,-0.062450121,0.05919282,0.1712879,0.1606717,-0.17323991,0.76528138,-0.61994543,2.2394695,1.7934183,1.7
31,14200,7.100000,0,1.7985309,0.15639323,0.27083709,0.18103707,-0.10444612,0.036683763,-0.060400812,0.09357571,0.07099638,0.2754462,0.76767378,-0.48848552,-0.41479978,1.9985191,-0.56669755,1.7
31,14200,7.100000,1,1.7985309,0.23012602,0.82246035,0.71326897,0.0090602246,0.14417889,0.01345345,-0.094068394,0.10867994,-0.047225992,0.32233508,-0.94638201,-0.021475118,1.5922731,-1.2425226,1.7
31,14200,7.100000,2,1.7985309,0.85755479,0.45561961,0.71482523,0.1737047,0.21305422,0.093203059,-0.33372456,-0.37751156,-0.083361054,0.2300935,-0.89317848,0.38637959,1.1740932,-1.3186664,1.7
31,14200,7.100000,3,1.7985309,0.66395746,0.69055931,0.2255606,0.0070952105,-0.00033317742,0.035273947,0.11261589,0.19791256,-0.17857639,-0.31657692,0.87391383,-0.36885454,1.9485727,1.918344,1.7
31,14200,7.100000,4,1.7985309,0.1836544,0.20963955,1.1763419,-0.028791173,0.024809813,-0.00041313824,0.070601664,0.20760171,-0.26677884,0.69544454,0.20174126,0.68967917,0.80975043,0.28234011,1.7
31,14200,7.100000,5,1.7985309,0.23303498,0.5928175,1.5831384,0.021114272,-0.16717523,-0.01371871,0.03365564,0.015473956,0.17710349,0.29665409,0.73378427,0.61119309,0.91322919,1.186606,1.7
31,14200,7.100000,6,1.7985309,0.6954571,0.26267101,1.6451312,0.052635088,0.081767922,0.025006789,0.06001181,-0.053403039,0.26133666,0.43985033,0.89711946,0.041332228,1.5294523,1.1149454,1.7
31,14200,7.100000,7,1.7985309,0.55384872,0.61157523,1.1626987,-0.078977879,-0.036245766,0.0238279,0.18055092,-0.093002777,0.1488575,0.16741148,0.44006279,-0.88222341,2.6513601,1.2072768,1.7
31,14200,7.100000,8,1.7985309,0.27652111,1.1576763,0.20963316,0.023680247,0.022815,-0.040441959,-0.024175707,-0.0058529553,0.067466452,-0.52744447,0.82721198,-0.1937077,1.7657364,2.1384172,1.7
31,14200,7.100000,9,1.7985309,0.14973782,1.5097005,0.81399494,-0.089305942,-0.11758616,0.1540763,-0.0050676068,-0.37385808,-0.36481933,0.53271071,0.68922772,0.49110533,1.0574381,0.91279358,1.7
31,14200,7.100000,10,1.7985309,0.74708241,1.177861,0.60738603,0.050967298,0.075123351,-0.06508261,-0.027213996,0.057536208,0.21182025,0.63721718,0.65827194,0.40078962,1.1584178,0.8016491,1.7
31,14200,7.100000,11,1.7985309,0.57403641,1.725614,0.34923118,-0.059149064,0.19890822,0.14490687,-0.27586309,0.084924108,0.17768046,0.3393959,0.49661691,0.79886298,0.64539375,0.97128755,1.7
31,14200,7.100000,12,1.7985309,0.21029973,1.1648476,1.218749,0.011949998,-0.0086167793,0.14803698,0.11115954,-0.24650571,0.02145803,0.22252246,-0.91485665,-0.33692886,1.9144494,-1.3321976,1.7
31,14200,7.100000,13,1.7985309,0.32048905,1.6178667,1.6206226,0.12883825,0.040491133,0.037425744,0.11242339,0.22179416,-0.038109341,-0.80532192,0.52441086,0.27649567,1.2906506,2.5643872,1.7
31,14200,7.100000,14,1.7985309,0.77915868,1.0453349,1.5059717,0.072068024,-0.059051022,-0.012254825,0.054677097,0.25474647,-0.23976506,-0.55609377,-0.67940083,-0.47872146,2.0699942,-2.2567201,1.7
31,14200,7.100000,15,1.7985309,0.63526664,1.4412944,1.1368727,-0.015725839,-0.094728324,0.019994922,0.41764857,-0.062460471,-0.24066791,0.36616943,0.063641416,0.92836939,0.3807952,0.17208419,1.7
31,14200,7.100000,16,1.7985309,1.1522034,0.2385054,0.20300714,-0.019794194,0.05116864,-0.023404067,0.15241153,-0.071316834,0.17277246,-0.32279082,0.50884246,0.79805103,0.6467424,2.1361003,1.7
31,14200,7.100000,17,1.7985309,1.175189,0.74280696,0.51195831,0.048451682,-0.0017714665,-0.21598643,0.046064752,-0.014686241,0.18790375,0.50103889,-0.864744,-0.034319648,1.6051227,-1.0456562,1.7
31,14200,7.100000,18,1.7985309,1.5666162,0.16510704,0.57599525,-0.026987652,-0.08967407,-0.16108662,-0.27422338,-0.068060962,-0.33108542,0.53608621,-0.44426491,0.71780239,0.77015554,-0.69200896,1.7
31,14200,7.100000,19,1.7985309,1.6433105,0.84463095,0.26976108,0.0040041445,0.20711473,0.041401815,0.23836307,0.15208814,-0.051784128,0.24420564,-0.11153384,0.96328802,0.27180447,-0.42842903,1.7
31,14200,7.100000,20,1.7985309,1.0865845,0.19936357,1.2232408,0.064945478,-0.0071058125,0.10043572,0.12644287,0.064429321,0.15148422,-0.36742266,0.83720689,0.40507434,1.1537362,1.9843538,1.7
31,14200,7.100000,21,1.7985309,1.1346079,0.65371607,1.7247841,-0.0045319625,0.072999752,0.076680854,-0.23814584,-0.060284989,-0.030912043,0.51417367,0.3813601,-0.76823819,2.4468808,0.63816476,1.7
31,14200,7.100000,22,1.7985309,1.5200738,0.23952396,1.4957099,-0.069757264,0.029759251,-0.046458843,-0.015106242,0.24565174,-0.020980525,0.25495121,-0.6107835,-0.74962884,2.4182974,-1.1753663,1.7
31,14200,7.100000,23,1.7985309,1.4712578,0.54443879,0.96254752,-0.095561003,-0.1743225,-0.1863797,0.1594935,0.23661558,-0.35691603,0.086833177,0.86791883,-0.48905716,2.0818048,1.4710806,1.7
31,14200,7.100000,24,1.7985309,1.1296861,1.1060171,0.174127,-0.0052664093,0.0086674118,-0.024702885,-0.00017572735,-0.18665034,0.031492294,-0.96797917,-0.095066824,0.23233299,1.3363207,-3.043695,1.7
31,14200,7.100000,25,1.7985309,1.1169109,1.6553737,0.63707468,-0.04827602,0.13594324,-0.032619111,-0.10146202,-0.0476184,-0.22854583,0.58455095,-0.10981317,-0.80389132,2.5046054,-0.18569476,1.7
31,14200,7.100000,26,1.7985309,1.5368801,1.1095735,0.73482433,-0.077212506,-0.00043736956,0.077965256,-0.057124712,-0.19329774,0.13410766,-0.1984679,-0.50007255,0.84293413,0.56808258,-1.9486086,1.7
31,14200,7.100000,27,1.7985309,1.5290816,1.4636137,0.21427686,-0.049534304,-0.086520766,-0.0065716604,-0.21665237,-0.030451917,0.34047963,-0.18004982,0.97509993,0.12946889,1.440963,1.7533873,1.7
31,14200,7.100000,28,1.7985309,1.1351893,1.0078258,1.0473002,-0.02314397,-0.14997101,-0.055004852,-0.014535171,-0.15653862,0.13392998,0.31726857,0.2208319,0.92226565,0.39689512,0.6080639,1.7
31,14200,7.100000,29,1.7985309,1.1897441,1.5846595,1.6162407,0.10736542,0.0092011469,0.034835967,0.089431743,-0.24021792,-0.11651418,0.93031603,0.36669213,-0.0069972525,1.5777936,0.37546063,1.7
31,14200,7.100000,30,1.7985309,1.6360629,0.91718805,1.4843273,0.058052809,-0.26833968,-0.02904022,-0.32340303,0.13926294,-0.07203458,-0.13071366,-0.9821272,-0.1354256,1.7066393,-1.7031111,1.7
31,14200,7.100000,31,1.7985309,1.4865644,1.5471413,1.0378264,-0.037496201,-0.09072374,-0.052578911,-0.09268482,0.22741365,0.17202607,-0.29778143,0.80053564,-0.52006626,2.1177248,1.9269147,1.7
32,14300,7.150000,0,1.81788,0.16322803,0.27758121,0.19754685,-0.099321264,0.040493749,-0.045916185,0.092914831,0.097121604,0.31619154,0.64538331,-0.60375085,-0.46793728,2.0577516,-0.75208144,1.7
32,14300,7.150000,1,1.81788,0.22705562,0.83778085,0.71896901,0.0035435747,0.15061667,0.011490418,-0.16200623,0.15822495,0.011000836,0.52090819,-0.85361271,8.7898994e-05,1.5707084,-1.0228818,1.7
32,14300,7.150000,2,1.81788,0.84356803,0.43522175,0.72338088,0.15061563,0.1878893,0.094063793,-0.55376485,-0.6027929,0.14161597,0.17043388,-0.94081168,0.2929602,1.2734749,-1.3915837,1.7
32,14300,7.150000,3,1.81788,0.67504468,0.70586025,0.21872711,0.011018384,0.0074966111,0.02606308,0.12400465,0.16978851,-0.1680844,-0.41967242,0.78321297,-0.45875103,2.0473854,2.0626988,1.7
32,14300,7.150000,4,1.81788,0.18988652,0.21951735,1.1777524,-0.024557513,0.03239168,-0.01159828,0.040449317,0.11510148,-0.18736478,0.53393569,0.18086164,0.82595505,0.59890208,0.32660236,1.7
32,14300,7.150000,5,1.81788,0.23948579,0.6005658,1.6101134,0.025037028,-0.16581194,-0.0038285593,0.090119714,0.073342747,0.25407677,0.26696037,0.74664291,0.60930824,0.91560844,1.2274135,1.7
32,14300,7.150000,6,1.81788,0.70668317,0.2627505,1.6760291,0.056359295,0.079036129,0.038135645,0.11775219,-0.040638992,0.2802769,0.44111134,0.88815335,-0.12885809,1.7000137,1.1098233,1.7
32,14300,7.150000,7,1.81788,0.56810924,0.6184256,1.1813165,-0.070720019,-0.035976349,0.02990449,0.26766221,0.016746328,0.084351773,0.24740011,0.57818599,-0.77749221,2.4614646,1.1664802,1.7
32,14300,7.150000,8,1.81788,0.27589985,1.171893,0.21394551,0.020103233,0.024567633,-0.038395859,-0.074426341,0.047180299,0.021481862,-0.73479437,0.6535089,-0.18166823,1.753479,2.414678,1.7
32,14300,7.150000,9,1.81788,0.15315797,1.5086921,0.80410368,-0.08750634,-0.13474458,0.13552707,0.052776465,-0.36686215,-0.389927,0.59853161,0.65088657,0.46701882,1.08488,0.82727714,1.7
32,14300,7.150000,10,1.81788,0.75245665,1.1947508,0.62780149,0.048318361,0.079318914,-0.051275473,0.0035120822,0.093220316,0.31157229,0.83285869,0.44815784,0.32480909,1.2399865,0.49365787,1.7
32,14300,7.150000,11,1.81788,0.56538931,1.7517805,0.36272163,-0.073892946,0.20646961,0.15458838,-0.31567354,0.14420022,0.16269568,0.3640308,0.62783403,0.68797239,0.81210485,1.0453472,1.7
32,14300,7.150000,12,1.81788,0.21749539,1.1627776,1.2312416,0.016856933,-0.023140885,0.14742123,0.085397814,-0.29306253,-0.079696853,0.26352531,-0.88240498,-0.38976386,1.9711715,-1.2805837,1.7
32,14300,7.150000,13,1.81788,0.33166268,1.6427423,1.6347819,0.13652284,0.047921478,0.034167358,0.13179711,0.083007609,-0.060380598,-0.92199025,0.29274549,0.25344439,1.3145571,2.8341457,1.7
32,14300,7.150000,14,1.81788,0.79345102,1.0688563,1.5114503,0.077946486,-0.046841041,-0.022920848,0.22179994,0.22272071,-0.13561016,-0.39129109,-0.85867477,-0.33101197,1.9081721,-1.9983735,1.7
32,14300,7.150000,15,1.81788,0.66534841,1.4563931,1.1370735,0.00739782,-0.095133389,0.0080289509,0.50606154,0.037983398,-0.23371971,0.4329661,0.095115105,0.89637797,0.45926632,0.21624751,1.7
32,14300,7.150000,16,1.81788,1.1696497,0.23365079,0.214279,-0.014770522,0.043787601,-0.01436459,0.087452786,-0.14920704,0.14334828,-0.35003147,0.45250403,0.82019392,0.60904641,2.2291957,1.7
32,14300,7.150000,17,1.81788,1.1986841,0.75231346,0.52579227,0.059245932,-0.00026437902,-0.20770459,0.32739157,0.012753984,0.13068373,0.31005048,-0.94847246,-0.065335168,1.6361781,-1.2548518,1.7
32,14300,7.150000,18,1.81788,1.5705476,0.16382439,0.56555118,-0.039841597,-0.092716719,-0.17763886,-0.20534439,-0.10716363,-0.32543683,0.57618417,-0.23940296,0.78147171,0.67377525,-0.39379431,1.7
32,14300,7.150000,19,1.81788,1.6732493,0.86026163,0.27038584,0.016198401,0.21362377,0.039136515,0.15775041,0.10197552,-0.058352088,0.51429648,-0.25035987,0.82025549,0.60893879,-0.4530325,1.7
32,14300,7.150000,20,1.81788,1.1033155,0.20191803,1.2445883,0.069959765,-0.0066983547,0.10857957,0.059022143,0.030390208,0.14002166,-0.35364721,0.65401484,0.66872882,0.83829856,2.0664967,1.7
32,14300,7.150000,21,1.81788,1.1326395,0.65728012,1.7391033,-0.018631396,0.069549381,0.072466796,-0.33832922,0.0036490995,-0.081895515,0.62143639,0.1773582,-0.76312573,2.4389324,0.27800945,1.7
32,14300,7.150000,22,1.81788,1.5389448,0.25515993,1.511407,-0.067253037,0.042748853,-0.04685098,0.13868067,0.22640613,0.018160926,0.25619128,-0.81708574,-0.5164658,2.1135149,-1.2669618,1.7
32,14300,7.150000,23,1.81788,1.493033,0.56294294,0.95774527,-0.089645705,-0.1617429,-0.20145667,0.10205725,0.2393427,-0.24022238,0.23224904,0.92468484,-0.30169243,1.8772636,1.3247209,1.7
32,14300,7.150000,24,1.81788,1.1389883,1.1150184,0.17185118,-0.0081025473,0.0057852529,-0.028829937,-0.15592104,0.0417649,-0.26134492,-0.9239211,-0.27688511,0.26401598,1.3036128,-2.8504251,1.7
32,14300,7.150000,25,1.81788,1.1250695,1.6702872,0.6272576,-0.052112959,0.13306309,-0.049201315,-0.078341863,-0.094958461,-0.38636097,0.44258171,-0.37238697,-0.8157508,2.5248224,-0.69947839,1.7
32,14300,7.150000,26,1.81788,1.5508429,1.1142404,0.74865371,-0.079770262,-0.0076689858,0.083857634,-0.065662842,-0.072946475,0.1051964,-0.15791476,-0.63418127,0.75688641,0.71226058,-1.814839,1.7
32,14300,7.150000,27,1.81788,1.5323712,1.4795915,0.23435295,-0.062625019,-0.086290214,0.011104599,-0.27478825,0.068730213,0.40275702,0.02733299,0.99904624,-0.034051711,1.6048546,1.5434441,1.7
32,14300,7.150000,28,1.81788,1.1435502,1.0092904,1.0675541,-0.0269753,-0.15929898,-0.046065945,-0.16542209,-0.20415753,0.19367023,0.099099667,0.41409074,0.90482491,0.43982801,1.3358956,1.7
32,14300,7.150000,29,1.81788,1.2086335,1.5898076,1.6281601,0.11342276,-0.0026356873,0.029396479,0.094425874,-0.23280601,-0.10774013,0.84106026,0.41761073,0.34382979,1.219804,0.46086688,1.7
32,14300,7.150000,30,1.81788,1.6362068,0.93330531,1.4967783,0.040688339,-0.26212308,-0.032539285,-0.36420569,0.09308248,-0.13613594,-0.30816518,-0.92305246,0.2302355,1.3384766,-1.8930158,1.7
32,14300,7.150000,31,1.81788,1.5023781,1.5709586,1.0567396,-0.037674504,-0.083589263,-0.044872137,0.017798432,0.09661552,0.11465955,-0.45325733,0.80736689,-0.37777838,1.958192,2.0823513,1.7
33,14400,7.200000,0,1.8170402,0.16814981,0.28401236,0.21076299,-0.094322914,0.047054657,-0.03260571,0.030169703,0.15932414,0.21084435,0.52379417,-0.66492164,-0.53246491,2.1323063,-0.90356766,1.7
33,14400,7.200000,1,1.8170402,0.21794696,0.8474936,0.71882674,-0.0054622673,0.1607188,0.011680352,-0.23201307,0.18456636,0.015506786,0.68643873,-0.72710981,0.010639335,1.5601568,-0.81416255,1.7
33,14400,7.200000,2,1.8170402,0.81211312,0.40792138,0.73263671,0.11954326,0.16078374,0.10365604,-0.6297241,-0.48678816,0.27301415,0.20846593,-0.96645277,0.15003664,1.420191,-1.3583491,1.7
33,14400,7.200000,3,1.8170402,0.67681869,0.71443522,0.2117726,0.013104742,0.016399745,0.019208043,0.041683399,0.15446042,-0.14092909,-0.48271827,0.69213516,-0.53659295,2.1371907,2.1797978,1.7
33,14400,7.200000,4,1.8170402,0.19422413,0.22297675,1.165371,-0.020131149,0.035953314,-0.023438307,0.11694405,0.04626806,-0.23953943,0.39563227,0.069097837,0.91580598,0.41328615,0.17290767,1.7
33,14400,7.200000,5,1.8170402,0.24563966,0.6037724,1.6205715,0.03130299,-0.16232708,0.0073760309,0.14619027,0.080196974,0.20242119,0.29861006,0.75438113,0.5845863,0.94642627,1.1938861,1.7
33,14400,7.200000,6,1.8170402,0.70625561,0.25924454,1.6904015,0.056258194,0.075650784,0.053285832,-0.056027881,-0.11171129,0.31142871,0.42911045,0.82602374,-0.36544356,1.9449056,1.0916792,1.7
33,14400,7.200000,7,1.8170402,0.58387328,0.62061529,1.1844845,-0.054689814,-0.033500373,0.033619066,0.41484618,0.1423063,0.079703409,0.29598506,0.71319419,-0.6354108,2.2593367,1.1774148,1.7
33,14400,7.200000,8,1.8170402,0.27088725,1.1784117,0.21452016,0.015216967,0.03162943,-0.037722209,-0.1119774,0.25968165,0.052255351,-0.84687447,0.52486414,-0.085564341,1.6564654,2.5867659,1.7
33,14400,7.200000,9,1.8170402,0.15458047,1.4881325,0.78058998,-0.086012743,-0.15461182,0.11237952,0.081642519,-0.40254099,-0.51518016,0.67314461,0.52696645,0.51882819,1.0253167,0.66419137,1.7
33,14400,7.200000,10,1.8170402,0.75242,1.1988471,0.64020711,0.048629418,0.083968243,-0.038576871,-0.11672315,0.083069997,0.22926984,0.94047888,0.25782398,0.22141875,1.3475272,0.26756759,1.7
33,14400,7.200000,11,1.8170402,0.55307759,1.7582394,0.37071757,-0.085946244,0.21373953,0.16275378,-0.18075294,0.18952074,0.14296599,0.44293445,0.73456238,0.51403034,1.0309195,1.0281805,1.7
33,14400,7.200000,12,1.8170402,0.22661617,1.1482131,1.2277873,0.026080328,-0.037171418,0.14453506,0.2532316,-0.23821073,-0.11367464,0.27122913,-0.82477295,-0.49616968,2.0899778,-1.2530834,1.7
33,14400,7.200000,13,1.8170402,0.33743581,1.6412908,1.6314427,0.14245057,0.047228776,0.031582815,0.10979182,-0.11290527,-0.013644972,-0.95500132,0.079067488,0.28586852,1.2808837,3.058988,1.7
33,14400,7.200000,14,1.8170402,0.80361813,1.0769154,1.5050741,0.088482596,-0.038286108,-0.02860013,0.25641561,0.13471219,-0.14073612,-0.12115311,-0.9758296,-0.18187502,1.7536893,-1.6943182,1.7
33,14400,7.200000,15,1.8170402,0.68589143,1.4572853,1.1258405,0.028253041,-0.093568,-0.0026811908,0.38969944,0.040310812,-0.20553975,0.43408581,0.19198527,0.88017678,0.49456181,0.41641121,1.7
33,14400,7.200000,16,1.8170402,1.1705286,0.22477501,0.22493045,-0.013350847,0.035017746,-0.0036116605,-0.12096191,-0.18467716,0.20269324,-0.4039298,0.43915703,0.80248478,0.6393483,2.3144352,1.7
33,14400,7.200000,17,1.8170402,1.2144708,0.74577165,0.53035622,0.075590173,-0.0064600518,-0.20289662,0.29350334,-0.2164874,0.09309282,0.10619418,-0.98115694,-0.16141207,1.7329176,-1.4629824,1.7
33,14400,7.200000,18,1.8170402,1.562176,0.15955404,0.55009844,-0.047489387,-0.096912354,-0.19283383,-0.087494081,-0.094630364,-0.3158603,0.58524077,-0.091472127,0.80568362,0.63396768,-0.15504387,1.7
33,14400,7.200000,19,1.8170402,1.6796726,0.86413931,0.26493949,0.023396435,0.21789988,0.033813861,0.10912172,0.093230608,-0.1243042,0.78119738,-0.30347754,0.54555663,0.99374318,-0.37053382,1.7
33,14400,7.200000,20,1.8170402,1.1019313,0.20538098,1.2520325,0.069085145,-0.0031412949,0.11660062,-0.079641564,0.073594325,0.18271879,-0.28655663,0.40240351,0.86945771,0.51669281,2.1896054,1.7
33,14400,7.200000,21,1.8170402,1.1178532,0.65523722,1.7320164,-0.032897743,0.067809738,0.066181913,-0.25267766,-0.081580232,-0.13232398,0.68445269,-0.10385051,-0.72162288,2.37694,-0.15057931,1.7
33,14400,7.200000,22,1.8170402,1.5465509,0.26801249,1.5126283,-0.058934031,0.055722294,-0.044930905,0.16879616,0.28143955,0.098333288,0.32869665,-0.92473298,-0.19190475,1.7638989,-1.2292742,1.7
33,14400,7.200000,23,1.8170402,1.5000134,0.5761759,0.94850418,-0.081973751,-0.14824674,-0.21025731,0.19962459,0.2427609,-0.1310285,0.45056394,0.88764219,-0.09530723,1.6662484,1.1010901,1.7
33,14400,7.200000,24,1.8170402,1.1261952,1.1171764,0.15592537,-0.020372284,0.008458967,-0.044680021,-0.30842485,0.05876701,-0.34728767,-0.85152523,-0.33756706,0.40118981,1.1579809,-2.7641708,1.7
33,14400,7.200000,25,1.8170402,1.1196446,1.6656466,0.60704142,-0.057019229,0.12919325,-0.069132308,-0.11970889,-0.12703648,-0.46696231,0.26394435,-0.65786763,-0.70536767,2.353738,-1.1892456,1.7
33,14400,7.200000,26,1.8170402,1.5487685,1.1095468,0.75389521,-0.081128454,-0.01184875,0.0894463,-0.021548133,-0.051406198,0.11567652,-0.026126637,-0.74384089,0.66784589,0.83948546,-1.6059059,1.7
33,14400,7.200000,27,1.8170402,1.5249198,1.4844417,0.25557536,-0.069370013,-0.080755144,0.032440209,0.017866364,0.16948093,0.43260458,0.11124144,0.98299651,-0.14609316,1.7174142,1.4581101,1.7
33,14400,7.200000,28,1.8170402,1.1331713,0.99916273,1.077399,-0.036828151,-0.16896262,-0.035725414,-0.28272493,-0.18465312,0.24625764,-0.037720118,0.61053186,0.79109294,0.65820265,1.6325003,1.7
33,14400,7.200000,29,1.8170402,1.2142804,1.5776083,1.6237322,0.11962946,-0.0141031,0.025719888,0.14121678,-0.21620711,-0.087698542,0.60352546,0.47880546,0.63757537,0.87944946,0.6706714,1.7
33,14400,7.200000,30,1.8170402,1.6186279,0.93538302,1.4916355,0.023861511,-0.2596136,-0.03699166,-0.29154163,0.038733012,0.016762319,-0.37571573,-0.76606308,0.52152186,1.0221627,-2.0267749,1.7
33,14400,7.200000,31,1.8170402,1.5041452,1.5762966,1.0621262,-0.035212757,-0.077524077,-0.038995986,0.11803294,0.080954487,0.093096588,-0.58527339,0.76772703,-0.26086447,1.8347139,2.222152,1.7
34,14500,7.250000,0,1.7918506,0.16800124,0.28728961,0.21843768,-0.092125089,0.05431986,-0.021934732,0.078910745,0.13925481,0.25969366,0.37792685,-0.68677549,-0.6208951,2.2406804,-1.0677292,1.7
34,14500,7.250000,1,1.7918506,0.20778232,0.84509124,0.70820789,-0.012655732,0.17013091,0.011021973,-0.030060602,0.1718798,-0.054994817,0.81913403,-0.57289284,-0.028517333,1.5993175,-0.61031537,1.7
34,14500,7.250000,2,1.7918506,0.7723059,0.37455847,0.73451734,0.090793663,0.13288106,0.11577778,-0.54114966,-0.56383484,0.16927408,0.25468211,-0.96572955,0.050034609,1.5207408,-1.3129471,1.7
34,14500,7.250000,3,1.7918506,0.66613609,0.71194353,0.20470116,0.011795718,0.023864342,0.015043329,-0.051736708,0.15982007,-0.12082635,-0.51427406,0.5819804,-0.6299373,2.2522688,2.2945113,1.7
34,14500,7.250000,4,1.7918506,0.19637102,0.22231008,1.138698,-0.015257725,0.038394803,-0.034029704,0.057765099,0.053988971,-0.13643168,0.27103329,-0.027391447,0.96218016,0.27590093,-0.10072105,1.7
34,14500,7.250000,5,1.7918506,0.24998038,0.59796924,1.6072627,0.039103449,-0.15974213,0.016597442,0.042683991,0.068803751,0.1873065,0.34449992,0.79394402,0.50097175,1.0460751,1.1614034,1.7
34,14500,7.250000,6,1.7918506,0.69510537,0.25054924,1.6804945,0.054889194,0.07051352,0.0669079,-0.024091082,-0.00097617334,0.23017206,0.31349913,0.71506407,-0.62482132,2.245699,1.1576131,1.7
34,14500,7.250000,7,1.7918506,0.59428191,0.6224348,1.1724061,-0.036056917,-0.023004039,0.037991694,0.31573788,0.27622363,0.11292817,0.24736479,0.82376436,-0.51012051,2.1061212,1.2790773,1.7
34,14500,7.250000,8,1.7918506,0.26097738,1.1753709,0.21429082,0.0090191362,0.045018374,-0.034958376,-0.11004484,0.28515746,0.046907851,-0.91092682,0.41229951,0.014881105,1.5559147,2.7165659,1.7
34,14500,7.250000,9,1.7918506,0.15784145,1.4490758,0.74753054,-0.080570828,-0.17316805,0.089985051,0.14431463,-0.33448447,-0.40818389,0.68734986,0.41590277,0.59546206,0.93295566,0.54414761,1.7
34,14500,7.250000,10,1.7918506,0.73871745,1.1816303,0.64367911,0.045334634,0.083366888,-0.026142928,-0.0057711804,-0.10743154,0.32639123,0.98688976,0.070274347,0.14529318,1.424987,0.07108791,1.7
34,14500,7.250000,11,1.7918506,0.53714802,1.7428841,0.37135981,-0.094266595,0.222822,0.1685759,-0.12968525,0.13684256,0.12632886,0.56476657,0.78285934,0.2610938,1.3066412,0.94584191,1.7
34,14500,7.250000,12,1.7918506,0.23611113,1.1172427,1.2074542,0.038805679,-0.05233003,0.14119952,0.27280181,-0.31401149,-0.06444051,0.18723117,-0.7153771,-0.67318653,2.3093059,-1.3148144,1.7
34,14500,7.250000,13,1.7918506,0.33721004,1.6137259,1.6065315,0.14693394,0.0423832,0.029272099,0.065330487,-0.13046384,-0.067696081,-0.94296858,-0.17158723,0.2852509,1.2815281,-2.9615971,1.7
34,14500,7.250000,14,1.7918506,0.8036763,1.0675014,1.4825099,0.099760004,-0.032732116,-0.030311443,0.219025,0.074118647,0.050302624,0.11610843,-0.99294119,-0.02422034,1.595019,-1.4543911,1.7
34,14500,7.250000,15,1.7918506,0.69575662,1.4377326,1.0975998,0.047762894,-0.092913858,-0.015403198,0.40142858,0.008899982,-0.2852117,0.35958005,0.24827893,0.89947749,0.45222405,0.60430073,1.7
34,14500,7.250000,16,1.7918506,1.1417648,0.21767109,0.22424155,-0.025975853,0.031001836,-0.0011652767,-0.41181151,-0.057151152,-0.060310795,-0.50631066,0.42675043,0.74935544,0.72370819,2.4412567,1.7
34,14500,7.250000,17,1.7918506,1.2085659,0.72514731,0.52325425,0.086598289,-0.016818096,-0.20264453,0.087862194,-0.25172833,-0.082814326,-0.071153398,-0.94582558,-0.31678253,1.8931317,-1.6458838,1.7
34,14500,7.250000,18,1.7918506,1.542253,0.15276507,0.53476794,-0.045743858,-0.1015216,-0.2005925,0.15258939,-0.090290841,0.0045865286,0.48335172,0.072438,0.87242413,0.5106559,0.14875892,1.7
34,14500,7.250000,19,1.7918506,1.6615363,0.85572865,0.2525102,0.028581531,0.22149383,0.024995867,0.067448339,0.05826014,-0.22876973,0.88521219,-0.391045,0.25195871,1.3160926,-0.41597446,1.7
34,14500,7.250000,20,1.7918506,1.0819395,0.20988576,1.246602,0.064336247,0.0042623491,0.12861086,-0.038625478,0.16536202,0.26377367,-0.21300157,0.12196633,0.96940938,0.24798335,2.6215582,1.7
34,14500,7.250000,21,1.7918506,1.0909667,0.63648935,1.6983996,-0.044367571,0.058077458,0.056508451,-0.14085714,-0.2489471,-0.2328503,0.74698481,-0.32703085,-0.57884758,2.188111,-0.41266323,1.7
34,14500,7.250000,22,1.7918506,1.5356732,0.28298986,1.4947215,-0.048297815,0.074546501,-0.041846728,0.26057642,0.38607441,0.045196992,0.32158719,-0.91124165,0.25733311,1.310535,-1.2315306,1.7
34,14500,7.250000,23,1.7918506,1.4888135,0.57461603,0.92893374,-0.072311673,-0.14177393,-0.21672382,0.16494157,-0.021391584,-0.12708284,0.68932052,0.71503541,0.11645421,1.4540773,0.80370692,1.7
34,14500,7.250000,24,1.7918506,1.0932848,1.1051315,0.13541145,-0.03779188,0.011925698,-0.063161352,-0.35235238,-0.028165994,-0.3356362,-0.7421757,-0.26856368,0.61404298,0.90962347,-2.7943915,1.7
34,14500,7.250000,25,1.7918506,1.0973914,1.6377805,0.57775397,-0.063798179,0.12438443,-0.090151081,-0.15012177,-0.035732889,-0.33074562,0.079307149,-0.88237473,-0.46381592,2.0530939,-1.481158,1.7
34,14500,7.250000,26,1.7918506,1.5253236,1.0952629,0.747856,-0.083116712,-0.010743369,0.093889318,-0.1519344,0.082610031,0.0084763995,0.11015364,-0.82963587,0.54733034,0.9916253,-1.4387949,1.7
34,14500,7.250000,27,1.7918506,1.5080375,1.4747552,0.2745935,-0.065082528,-0.069786329,0.055159965,0.13219683,0.25727116,0.45139417,0.14272179,0.96681514,-0.21189381,1.7843087,1.4242343,1.7
34,14500,7.250000,28,1.7918506,1.1035376,0.97518157,1.0737623,-0.050850648,-0.17916363,-0.024346762,-0.25645957,-0.17168229,0.22628585,-0.10514634,0.85017286,0.51589763,1.0287412,1.6938479,1.7
34,14500,7.250000,29,1.7918506,1.2046562,1.5453117,1.5973519,0.12688946,-0.024602764,0.021822122,0.16143277,-0.12869083,-0.11738849,0.24623944,0.50337592,0.82823838,0.59483962,1.1158453,1.7
34,14500,7.250000,30,1.7918506,1.5810484,0.92344845,1.4740105,0.008614536,-0.25857374,-0.03391676,-0.31535514,0.032064667,0.076818215,-0.33828642,-0.56087928,0.75563002,0.71418087,-2.1135184,1.7
34,14500,7.250000,31,1.7918506,1.4872168,1.5595207,1.0508666,-0.031261612,-0.072412185,-0.035507052,0.099235618,0.13537289,0.025851641,-0.70032155,0.65838846,-0.27581579,1.8502346,2.3870471,1.7
35,14600,7.300000,0,1.7815309,0.17133909,0.29481858,0.22587423,-0.08780721,0.063529995,-0.01321497,0.081295951,0.16332669,0.10182427,0.18363176,-0.71400781,-0.67562728,2.3126115,-1.3190673,1.7
35,14600,7.300000,1,1.7815309,0.21048518,0.84331689,0.70099393,-0.0087449071,0.1732326,0.0078776625,0.15304991,-0.063335099,-0.10950206,0.93786929,-0.33786322,-0.079054621,1.6499335,-0.34577292,1.7
35,14600,7.300000,2,1.7815309,0.742045,0.34739435,0.73841154,0.064905892,0.10780169,0.12392577,-0.49485352,-0.47432218,0.07895809,0.26047874,-0.96497665,0.031158983,1.5396323,-1.3071472,1.7
35,14600,7.300000,3,1.7815309,0.6563208,0.71317429,0.19999893,0.0057995408,0.029210793,0.011509816,-0.089125012,0.062776968,-0.053057613,-0.48941845,0.53949134,-0.68514136,2.3255941,2.3075669,1.7
35,14600,7.300000,4,1.7815309,0.19873787,0.22114592,1.1245125,-0.011749794,0.038511311,-0.041679325,0.044011918,0.0031467309,-0.11536721,0.21574671,-0.1254586,0.96835608,0.25223891,-0.526712,1.7
35,14600,7.300000,5,1.7815309,0.24979106,0.59900927,1.6080695,0.040357439,-0.15524527,0.026690029,0.043671923,0.1727027,0.17555517,0.41051571,0.7964072,0.44408606,1.1106424,1.0948577,1.7
35,14600,7.300000,6,1.7815309,0.68925679,0.25388905,1.6799497,0.053038536,0.075310153,0.076067944,-0.038367013,0.16536524,0.18303949,0.05898557,0.5875865,-0.80700856,2.5098652,1.4707453,1.7
35,14600,7.300000,7,1.7815309,0.60468207,0.62908557,1.1721439,-0.022194116,-0.012738875,0.044500397,0.26643955,0.14817794,0.13953086,0.090292625,0.90248127,-0.42115888,2.005519,1.4710789,1.7
35,14600,7.300000,8,1.7815309,0.25742764,1.1866235,0.2169299,0.0069664982,0.063092396,-0.031073923,-0.0095172342,0.38919728,0.10493388,-0.93463191,0.35062137,0.059395683,1.5113657,2.7826959,1.7
35,14600,7.300000,9,1.7815309,0.16325117,1.4290793,0.72288825,-0.074233766,-0.18485279,0.069589065,0.13476116,-0.20012104,-0.43996048,0.63971724,0.2608544,0.72299159,0.7626735,0.38718251,1.7
35,14600,7.300000,10,1.7815309,0.73468808,1.166294,0.6503149,0.045560359,0.074811125,-0.015770083,-0.046368079,-0.18632567,0.08854982,0.98768443,-0.13807385,0.073587281,1.4971425,-0.13889538,1.7
35,14600,7.300000,11,1.7815309,0.52644249,1.7372734,0.37548428,-0.10190062,0.22726176,0.17485726,-0.082342649,0.049343165,0.12249545,0.66199414,0.74822001,-0.043938416,1.6147489,0.84646595,1.7
35,14600,7.300000,12,1.7815309,0.24755575,1.0949644,1.1989935,0.0516472,-0.068219706,0.13968846,0.27647745,-0.33548515,0.0055150572,0.054462549,-0.54973217,-0.83356366,2.5563239,-1.4720475,1.7
35,14600,7.300000,13,1.7815309,0.33668466,1.5972146,1.59402,0.14835474,0.035144854,0.026003542,0.049337152,-0.17335116,-0.062932602,-0.87632561,-0.40031307,0.26796058,1.2995208,-2.7130911,1.7
35,14600,7.300000,14,1.7815309,0.80644857,1.0664496,1.4798703,0.10718227,-0.027621145,-0.024395857,0.086247165,0.11131311,0.091302589,0.31322845,-0.94297517,0.11263114,1.4579257,-1.2500928,1.7
35,14600,7.300000,15,1.7815309,0.70906452,1.4342609,1.0788555,0.065127966,-0.088091317,-0.027862185,0.30445845,0.17315412,-0.16967852,0.36374758,0.23926021,0.90024566,0.45046289,0.58181414,1.7
35,14600,7.300000,16,1.7815309,1.1122762,0.21431483,0.21155989,-0.048955119,0.028893106,-0.01258847,-0.47863244,-0.0010457146,-0.30284758,-0.58195885,0.44978056,0.67751114,0.82642283,2.4836125,1.7
35,14600,7.300000,17,1.7815309,1.2011881,0.70692504,0.51391985,0.086179648,-0.030904752,-0.20898369,-0.080964564,-0.27565838,-0.20624832,-0.20136597,-0.84074433,-0.50259399,2.097393,-1.8058771,1.7
35,14600,7.300000,18,1.7815309,1.5426793,0.14835398,0.53464435,-0.036408368,-0.10506311,-0.19762767,0.18224534,0.030467198,0.16420666,0.293716,0.1676382,0.94107829,0.34499161,0.51863391,1.7
35,14600,7.300000,19,1.7815309,1.6514194,0.85165587,0.24103939,0.0280322,0.22235187,0.014950304,-0.17694196,0.013272604,-0.13979948,0.82199595,-0.56905755,0.022274679,1.5485198,-0.60553104,1.7
35,14600,7.300000,20,1.7815309,1.0744291,0.21346883,1.251954,0.063053246,0.0090680753,0.14117863,-0.079129986,0.13595925,0.2395901,-0.13524157,-0.21248578,0.96776005,0.25461615,-2.1376037,1.7
35,14600,7.300000,21,1.7815309,1.082788,0.62167917,1.6760451,-0.046268554,0.046900697,0.043899009,0.03864405,-0.18756138,-0.25721766,0.80486592,-0.44158997,-0.39647087,1.9784658,-0.50180642,1.7
35,14600,7.300000,22,1.7815309,1.5418521,0.29964913,1.4874745,-0.033231073,0.09288854,-0.040481295,0.36733776,0.34434308,-0.035214213,0.14480268,-0.64062807,0.75407418,0.71655297,-1.3484995,1.7
35,14600,7.300000,23,1.7815309,1.4904929,0.56329201,0.91958516,-0.062028095,-0.14981181,-0.22073404,0.19941924,-0.2433357,0.011273364,0.81868643,0.44245337,0.36604309,1.1960429,0.4954762,1.7
35,14600,7.300000,24,1.7815309,1.0706223,1.0966993,0.12368904,-0.054205287,0.0098522042,-0.074135583,-0.22321536,-0.026761609,-0.11107531,-0.5811747,-0.069578547,0.81079886,0.62528068,-3.0224392,1.7
35,14600,7.300000,25,1.7815309,1.0827233,1.6254297,0.56493648,-0.072170298,0.12145746,-0.09966863,-0.26974556,-0.13484919,-0.10576048,-0.070689518,-0.97466736,-0.21219454,1.7846164,-1.6431964,1.7
35,14600,7.300000,26,1.7815309,1.5046245,1.0983979,0.74129061,-0.095065618,-0.001273124,0.091624462,-0.2740748,0.22297582,-0.039267242,0.2790098,-0.85798793,0.43128905,1.1248753,-1.2563918,1.7
35,14600,7.300000,27,1.7815309,1.5086006,1.4762572,0.29487072,-0.055807524,-0.05976195,0.077081944,0.22627394,0.063948006,0.39245854,0.21178514,0.91896433,-0.33264337,1.9099015,1.3442905,1.7
35,14600,7.300000,28,1.7815309,1.0865861,0.96352829,1.0779561,-0.06147733,-0.1852181,-0.013938833,-0.18949818,-0.045901124,0.24046843,-0.0042388502,0.99525625,0.097195863,1.4734468,1.5750554,1.7
35,14600,7.300000,29,1.7815309,1.2061802,1.5358666,1.5803935,0.13537585,-0.025149618,0.014040784,0.13324295,0.054958394,-0.17359001,-0.20502715,0.39089788,0.89730859,0.45716249,2.0538537,1.7
35,14600,7.300000,30,1.7815309,1.5590191,0.91907026,1.4716364,-0.0043465026,-0.25763086,-0.027783961,-0.23676442,-0.015490075,0.086282176,-0.22008738,-0.34599989,0.91205571,0.42252677,-2.1373314,1.7
35,14600,7.300000,31,1.7815309,1.4844674,1.555304,1.0471412,-0.025428958,-0.067633455,-0.033173499,0.18429441,0.12836645,0.037964744,-0.78142505,0.49442178,-0.38068621,1.9613346,2.5774625,1.7
36,14700,7.350000,0,1.822473,0.18073644,0.30777804,0.23706416,-0.082408809,0.069644649,-0.0072833346,0.090449437,0.060885598,0.06650702,-0.045448138,-0.73574673,-0.67573014,2.3127511,-1.6324894,1.7
36,14700,7.350000,1,1.822473,0.22525334,0.85765028,0.70785973,0.0010744566,0.16824205,-0.0012625438,0.24189846,-0.13456108,-0.21987026,0.98848847,-0.034238743,-0.14737116,1.7187062,-0.034623631,1.7
36,14700,7.350000,2,1.822473,0.73408605,0.33147489,0.75911381,0.040174643,0.084167106,0.12761637,-0.51969425,-0.52298147,0.051047573,0.30820409,-0.9465223,0.095424128,1.4752268,-1.2560061,1.7
36,14700,7.350000,3,1.822473,0.6678698,0.73305573,0.20569519,0.0023050502,0.032663245,0.012597459,-0.026798121,0.062992062,0.04797736,-0.38215418,0.54845404,-0.74374482,2.4094515,2.1793609,1.7
36,14700,7.350000,4,1.822473,0.20546855,0.2267702,1.1438823,-0.0096106979,0.039047258,-0.048079702,0.042976363,-0.0058677945,-0.1368886,0.1933635,-0.24341505,0.95045235,0.31610854,-0.89949299,1.7
36,14700,7.350000,5,1.822473,0.25466333,0.620403,1.6520915,0.039498907,-0.1477033,0.033676901,-0.055021928,0.16471691,0.064903374,0.41449964,0.81328643,0.40835675,1.1501432,1.0994505,1.7
36,14700,7.350000,6,1.822473,0.70002637,0.2708891,1.7260333,0.04802497,0.086350055,0.083459921,-0.23832831,0.31967513,0.059068945,-0.16932787,0.43659233,-0.8835809,2.6542512,1.940776,1.7
36,14700,7.350000,7,1.822473,0.63214004,0.65624778,1.2032724,-0.0087849306,-0.00017666105,0.048644286,0.28959706,0.29755542,0.074859018,-0.11823354,0.91516425,-0.38535078,1.9663843,1.6992784,1.7
36,14700,7.350000,8,1.822473,0.26844521,1.234993,0.2270713,0.012010704,0.083954522,-0.025975797,0.10855044,0.44148982,0.077716288,-0.93631804,0.34869953,0.041438755,1.5293457,2.7850896,1.7
36,14700,7.350000,9,1.822473,0.17430448,1.4512798,0.71636561,-0.067014221,-0.19537502,0.046713293,0.19647918,-0.18775435,-0.37143884,0.56229467,0.05725392,0.82495254,0.60067811,0.1014722,1.7
36,14700,7.350000,10,1.822473,0.74614774,1.1788469,0.66819121,0.040196776,0.06072099,-0.012871858,-0.1234141,-0.37004177,0.0033900425,0.9372841,-0.34235118,-0.065530059,1.6363734,-0.35020313,1.7
36,14700,7.350000,11,1.822473,0.53372046,1.7768835,0.38908096,-0.10666689,0.2269504,0.17976898,-0.096682937,-0.084795641,0.087258129,0.75107625,0.61382674,-0.24310739,1.8163644,0.68517881,1.7
36,14700,7.350000,12,1.822473,0.26838598,1.1067265,1.2247576,0.066618179,-0.081470992,0.13791805,0.28247621,-0.22824735,-0.024646029,-0.043202238,-0.37200951,-0.927223,2.7577247,-1.6864105,1.7
36,14700,7.350000,13,1.822473,0.34680522,1.6248811,1.6262665,0.15071104,0.026206596,0.021666468,0.081505609,-0.18240251,-0.11064593,-0.77706528,-0.52901061,0.34105325,1.2227592,-2.5438827,1.7
36,14700,7.350000,14,1.822473,0.82390678,1.1013011,1.5152202,0.10611922,-0.017394419,-0.023070561,-0.12044136,0.24984596,-0.025319995,0.41073651,-0.89157892,0.19074211,1.3788782,-1.1390929,1.7
36,14700,7.350000,15,1.822473,0.74023458,1.4776198,1.0997193,0.079835629,-0.077810635,-0.03174785,0.27347704,0.23061575,0.035825712,0.44449912,0.2771444,0.85182833,0.5513305,0.55751864,1.7
36,14700,7.350000,16,1.822473,1.1166387,0.22046707,0.19920181,-0.069916136,0.030106307,-0.029615074,-0.37282654,0.041341952,-0.31772745,-0.61760191,0.49973599,0.60731526,0.91811944,2.461294,1.7
36,14700,7.350000,17,1.822473,1.2194233,0.71331102,0.51166489,0.076915162,-0.040654168,-0.22289126,-0.22438945,-0.11851461,-0.31614253,-0.32744384,-0.64981277,-0.68594744,2.3267013,-2.037563,1.7
36,14700,7.350000,18,1.822473,1.5874313,0.15830624,0.55957242,-0.027213809,-0.098593731,-0.18512848,0.16927042,0.17368396,0.29564499,0.086382138,0.041108521,0.99541359,0.09581148,0.44417543,1.7
36,14700,7.350000,19,1.822473,1.6826709,0.87161765,0.24350214,0.021406966,0.22273701,0.01190819,-0.15071983,-0.011358091,0.00048169559,0.64579647,-0.74614549,-0.16190686,1.733419,-0.85736647,1.7
36,14700,7.350000,20,1.822473,1.0962424,0.22330907,1.2925547,0.060206943,0.013947079,0.15287475,0.035156546,0.1208642,0.24444007,-0.11395323,-0.54973922,0.82752731,0.59610735,-1.7751877,1.7
36,14700,7.350000,21,1.822473,1.1121882,0.62496881,1.6985515,-0.041803107,0.03602679,0.02806739,0.11335409,-0.23676698,-0.29206612,0.82208678,-0.51649406,-0.23959803,1.8127481,-0.56094871,1.7
36,14700,7.350000,22,1.822473,1.5954267,0.31943436,1.5214885,-0.015294193,0.10564252,-0.040649716,0.31307242,0.19500273,0.027927263,-0.081580992,-0.14898287,0.98546875,0.17068442,-2.0717846,1.7
36,14700,7.350000,23,1.822473,1.5364693,0.56470317,0.94330792,-0.050437065,-0.16121635,-0.21817373,0.27004544,-0.18056324,0.071517936,0.82632507,0.18369686,0.53239303,1.0093713,0.2187486,1.7
36,14700,7.350000,24,1.822473,1.0880295,1.1221222,0.12760253,-0.061321671,0.010068872,-0.073076671,-0.086768864,0.080234084,0.10261873,-0.35663072,0.14128579,0.92350033,0.39368881,2.7643938,1.7
36,14700,7.350000,25,1.822473,1.0938414,1.6538119,0.57489359,-0.085780107,0.11258581,-0.10266058,-0.31948986,-0.21365646,-0.079454574,-0.1810578,-0.98336636,-0.0144455,1.5852423,-1.7528775,1.7
36,14700,7.350000,26,1.822473,1.5224245,1.134448,0.76033879,-0.11165564,0.0094127983,0.093614123,-0.31297988,0.26683846,0.13638446,0.4277805,-0.81299067,0.39503167,1.164694,-1.0864237,1.7
36,14700,7.350000,27,1.822473,1.5564862,1.5073327,0.31854762,-0.042740137,-0.062580904,0.093792454,0.19489727,-0.16850449,0.27328689,0.39161232,0.78558707,-0.47905401,2.070373,1.1083523,1.7
36,14700,7.350000,28,1.822473,1.1021492,0.98122127,1.1177505,-0.070779783,-0.18961838,0.00091385931,-0.10106292,-0.097410751,0.27662723,0.1195818,0.9474606,-0.29667928,1.8720098,1.4452472,1.7
36,14700,7.350000,29,1.822473,1.2406526,1.5731457,1.6077076,0.1420527,-0.023189184,0.0051363751,0.11698269,0.028625407,-0.1724976,-0.5621263,0.20763346,0.80056378,0.64256089,2.7877656,1.7
36,14700,7.350000,30,1.822473,1.5791555,0.93751002,1.5071636,-0.019862333,-0.26028251,-0.02609622,-0.3433819,-0.10112423,-0.000183769,-0.1032013,-0.14369425,0.98422632,0.17785006,-2.1936333,1.7
36,14700,7.350000,31,1.822473,1.5276215,1.5965251,1.074902,-0.016491627,-0.062216959,-0.029519024,0.19769369,0.15164102,0.075987952,-0.81740711,0.26924492,-0.50926692,2.1051291,2.8233962,1.7
37,14800,7.400000,0,1.8171879,0.18665872,0.30943396,0.23683069,-0.075953025,0.072196821,-0.0068286685,0.17630688,0.043002767,-0.0038685589,-0.249881,-0.73622285,-0.62891605,2.2509546,-1.8980054,1.7
37,14800,7.400000,1,1.8171879,0.23637193,0.84617092,0.69435661,0.012863394,0.15923678,-0.012729532,0.25635595,-0.19206375,-0.29844851,0.93419761,0.2400075,-0.26395306,1.8379147,0.25147435,1.7
37,14800,7.400000,2,1.8171879,0.7077882,0.30608341,0.75860486,0.015970479,0.059701367,0.12931129,-0.45879772,-0.49871545,-0.010552775,0.33736261,-0.91309505,0.22900634,1.3397396,-1.2168813,1.7
37,14800,7.400000,3,1.8171879,0.66455146,0.7346451,0.21011567,0.00092150539,0.036383864,0.017621749,-0.020995146,0.059899506,0.10852942,-0.24923813,0.56426649,-0.78707286,2.4768456,1.986729,1.7
37,14800,7.400000,4,1.8171879,0.20677572,0.22526661,1.1296648,-0.0077049044,0.038200069,-0.058995786,0.083797143,-0.013243636,-0.23897093,0.14072448,-0.34548978,0.9278111,0.38229454,-1.1839966,1.7
37,14800,7.400000,5,1.8171879,0.25028234,0.62873773,1.647545,0.03585114,-0.13755468,0.033921839,-0.084017767,0.20503498,-0.022068277,0.42724812,0.83481167,0.34720099,1.2162116,1.0977614,1.7
37,14800,7.400000,6,1.8171879,0.681145,0.28416518,1.7198922,0.031149161,0.10043216,0.08232255,-0.44324877,0.23897542,-0.12619256,-0.25163351,0.28164696,-0.92593497,2.7543,2.299973,1.7
37,14800,7.400000,7,1.8171879,0.64599445,0.66746195,1.2051155,0.0069254838,0.012959683,0.053984689,0.27183055,0.27028555,0.082786963,-0.24902977,0.90400463,-0.34750511,1.9257054,1.8396032,1.7
37,14800,7.400000,8,1.8171879,0.27094401,1.2532792,0.22794947,0.015292755,0.10585404,-0.02443689,0.012017905,0.48639587,-0.041774434,-0.93172739,0.36315816,-0.00046310204,1.5712594,2.7699374,1.7
37,14800,7.400000,9,1.8171879,0.1833874,1.4388282,0.69915108,-0.057411873,-0.20362996,0.031554192,0.1686099,-0.11071108,-0.23749615,0.46817672,-0.13033273,0.87397021,0.50748356,-0.27150921,1.7
37,14800,7.400000,10,1.8171879,0.73931136,1.1518762,0.66367891,0.035517415,0.037134691,-0.015450158,-0.10121399,-0.51489833,-0.061824841,0.87441617,-0.4689029,-0.12460508,1.6957261,-0.49222288,1.7
37,14800,7.400000,11,1.8171879,0.53025563,1.767047,0.39227474,-0.10858674,0.22226004,0.18409737,-0.039194557,-0.12844138,0.057091875,0.82454606,0.47390351,-0.30909426,1.8850368,0.52164242,1.7
37,14800,7.400000,12,1.8171879,0.28232693,1.09385,1.2231539,0.081358849,-0.091152032,0.13986898,0.34650596,-0.16594471,0.091274002,-0.13116613,-0.18135894,-0.97463038,2.91586,-2.1969503,1.7
37,14800,7.400000,13,1.8171879,0.35466179,1.6129244,1.6165348,0.15958623,0.01895146,0.016643643,0.1909155,-0.11739298,-0.084001171,-0.59123549,-0.65395988,0.47199267,1.0792466,-2.3058639,1.7
37,14800,7.400000,14,1.8171879,0.80778724,1.1102491,1.5046723,0.092369026,-0.0052350014,-0.029233338,-0.38136496,0.24002318,-0.11252678,0.40325992,-0.88892235,0.21725214,1.3517978,-1.1449109,1.7
37,14800,7.400000,15,1.8171879,0.75284078,1.4864214,1.1011656,0.094609949,-0.064704916,-0.027105667,0.34596547,0.27506714,0.13703374,0.5902184,0.32396877,0.7393825,0.73864358,0.50199555,1.7
37,14800,7.400000,16,1.8171879,1.0965284,0.2231375,0.18694374,-0.086812814,0.0334209,-0.041312445,-0.25508662,0.10331432,-0.088043698,-0.56939763,0.54816337,0.61262,0.91142511,2.3751927,1.7
37,14800,7.400000,17,1.8171879,1.20427,0.70484492,0.49355713,0.065281198,-0.047060976,-0.23953938,-0.26289281,-0.094991783,-0.35618867,-0.3876212,-0.4168698,-0.82217357,2.5360153,-2.3198538,1.7
37,14800,7.400000,18,1.8171879,1.5879144,0.16916656,0.57362484,-0.022119825,-0.087257868,-0.16943052,0.054549435,0.17392313,0.37799916,-0.13276464,-0.19979983,0.97080048,0.24225084,-2.1572893,1.7
37,14800,7.400000,19,1.8171879,1.6732401,0.86718756,0.24550943,0.016849326,0.22083182,0.014625577,-0.0066283675,-0.10712971,0.093547011,0.40614121,-0.84530457,-0.34714477,1.9253211,-1.1228966,1.7
37,14800,7.400000,20,1.8171879,1.094737,0.22772986,1.2988848,0.061883117,0.019022832,0.16296792,0.035703224,0.077225675,0.22459578,-0.082173958,-0.78069802,0.61948207,0.90271356,-1.6756672,1.7
37,14800,7.400000,21,1.8171879,1.1154403,0.61223219,1.6762705,-0.035316331,0.025086678,0.01068687,0.16010166,-0.20114924,-0.39876153,0.85552185,-0.50884984,-0.095677557,1.6666205,-0.53657463,1.7
37,14800,7.400000,22,1.8171879,1.6075952,0.3252623,1.5215027,0.001525461,0.11240663,-0.036216738,0.32354227,0.12892447,0.090225143,-0.24244023,0.35059228,0.90460366,0.44034734,2.1758057,1.7
37,14800,7.400000,23,1.8171879,1.5488417,0.5539435,0.94701706,-0.033584436,-0.17035166,-0.21171966,0.32618752,-0.19286556,0.15725085,0.76567907,-0.10780464,0.63412438,0.88392076,-0.13987667,1.7
37,14800,7.400000,24,1.8171879,1.0831233,1.1257777,0.13964859,-0.063075149,0.016988625,-0.060642517,0.037573292,0.14589801,0.32530226,-0.22280531,0.33431091,0.91574779,0.41343103,2.1586568,1.7
37,14800,7.400000,25,1.8171879,1.0763907,1.6403297,0.57131787,-0.10007947,0.10388699,-0.1045719,-0.21046823,-0.15501625,-0.058431309,-0.24921462,-0.96490712,0.082742477,1.4879591,-1.8235511,1.7
37,14800,7.400000,26,1.8171879,1.5020189,1.1434921,0.76555331,-0.12766948,0.021764762,0.1010444,-0.33942523,0.21006338,0.17355925,0.58498205,-0.70346444,0.40365057,1.1552929,-0.87709782,1.7
37,14800,7.400000,27,1.8171879,1.5592495,1.4938754,0.32876819,-0.035452459,-0.071680186,0.10495302,0.082990211,-0.18600615,0.18747783,0.59561383,0.59821513,-0.53608099,2.1365841,0.78757711,1.7
37,14800,7.400000,28,1.8171879,1.0957461,0.97258892,1.1248153,-0.073991375,-0.19541363,0.011235058,-0.0098841998,-0.073249324,0.12526395,0.18679809,0.75695231,-0.62620258,2.2474693,1.3288538,1.7
37,14800,7.400000,29,1.8171879,1.2421349,1.57044,1.5947095,0.14714022,-0.021330081,-0.0032115289,0.085281962,0.033333194,-0.14538887,-0.78743781,-0.044246531,0.61480399,0.90865892,-3.0854612,1.7
37,14800,7.400000,30,1.8171879,1.556579,0.92709437,1.5035234,-0.03788552,-0.2679906,-0.025364641,-0.34615135,-0.15635276,0.0071301446,-0.0070093374,0.13863665,0.99031851,0.13926345,1.6213124,1.7
37,14800,7.400000,31,1.8171879,1.5296073,1.6008121,1.0734603,-0.010066395,-0.053287149,-0.02784105,0.063590559,0.20721431,0.052551704,-0.8256455,0.06802589,-0.56007319,2.1652705,3.0593872,1.7
38,14900,7.450000,0,1.7864473,0.19394661,0.30810634,0.2331972,-0.065417635,0.076137378,-0.0064525802,0.21260249,0.092034849,-0.011395571,-0.4081777,-0.7184489,-0.56322477,2.1690796,-2.0874579,1.7
38,14900,7.450000,1,1.7864473,0.24585098,0.82232257,0.66470892,0.026457004,0.14962071,-0.030785113,0.19864039,-0.20847926,-0.40144352,0.82886572,0.41141211,-0.37910644,1.9596268,0.46072782,1.7
38,14900,7.450000,2,1.7864473,0.67632287,0.27883865,0.74577395,-0.0036892008,0.037444627,0.12931339,-0.36709757,-0.41084954,0.027225792,0.42901367,-0.8280204,0.36101176,1.2014437,-1.0927583,1.7
38,14900,7.450000,3,1.7864473,0.6516661,0.72718049,0.21608511,-0.00073605449,0.041389632,0.027227567,0.0065471146,0.14617993,0.28017714,-0.083936728,0.59490279,-0.79940308,2.4970973,1.7109643,1.7
38,14900,7.450000,4,1.7864473,0.20696431,0.22264232,1.0983744,-0.0039866584,0.039396725,-0.071280932,0.098005895,0.037891979,-0.2385949,0.12975039,-0.40379858,0.9056001,0.43800385,-1.2598923,1.7
38,14900,7.450000,5,1.7864473,0.24340144,0.63228857,1.6158984,0.033181382,-0.12324569,0.030113569,-0.015568882,0.28882543,-0.10986029,0.46344501,0.8483292,0.25603962,1.3118733,1.0707957,1.7
38,14900,7.450000,6,1.7864473,0.64448633,0.29056549,1.6812651,0.0057968546,0.111736,0.072708179,-0.53973184,0.2187318,-0.20537219,-0.21015957,0.16106008,-0.96430939,2.8736189,2.4876965,1.7
38,14900,7.450000,7,1.7864473,0.64587408,0.66595852,1.1879636,0.01782611,0.022831641,0.057247018,0.15680981,0.10357383,0.047477302,-0.33531229,0.89551237,-0.29261454,1.8677562,1.9290727,1.7
38,14900,7.450000,8,1.7864473,0.27147874,1.2551963,0.21759392,0.020454966,0.12917118,-0.030992239,0.17881131,0.35319414,-0.22716176,-0.93865824,0.31926208,-0.13035504,1.7015234,2.8137412,1.7
38,14900,7.450000,9,1.7864473,0.18842064,1.4077833,0.68449729,-0.049206352,-0.21039242,0.02870333,0.081139809,-0.22226364,0.106286,0.4542168,-0.24729633,0.85588061,0.54354514,-0.49856879,1.7
38,14900,7.450000,10,1.7864473,0.72402703,1.1071488,0.64766893,0.032715801,0.011675922,-0.020274117,0.023417314,-0.48922802,-0.14539177,0.7974433,-0.60016118,-0.062375869,1.6332127,-0.64516732,1.7
38,14900,7.450000,11,1.7864473,0.52032531,1.7335311,0.38626447,-0.10955521,0.21860528,0.18472842,-0.054500849,-0.051577261,0.03237211,0.8780461,0.28421274,-0.38504305,1.9660508,0.31304453,1.7
38,14900,7.450000,12,1.7864473,0.29360735,1.0664749,1.2096949,0.09755342,-0.10009926,0.14716378,0.33130013,-0.21402509,0.12820289,-0.21016136,0.0090597441,-0.97762473,2.929653,3.0985108,1.7
38,14900,7.450000,13,1.7864473,0.36328149,1.5795435,1.5844712,0.17433137,0.012803307,0.011885635,0.32787757,-0.14014235,-0.10855981,-0.32126165,-0.75183616,0.57578931,0.9572271,-1.9746158,1.7
38,14900,7.450000,14,1.7864473,0.77114282,1.103841,1.475832,0.069191886,0.007244972,-0.032648884,-0.44490289,0.26497305,-0.017879185,0.30701535,-0.92297243,0.23208505,1.3365756,-1.249672,1.7
38,14900,7.450000,15,1.7864473,0.75762103,1.4763788,1.0881946,0.11227638,-0.049472384,-0.021400091,0.43423453,0.30066166,0.066916202,0.75627705,0.34694197,0.55468576,0.98281107,0.43010643,1.7
38,14900,7.450000,16,1.7864473,1.0690209,0.22424712,0.18079584,-0.095847825,0.038347258,-0.044323584,-0.2009953,0.094475373,-0.037490277,-0.43383773,0.59737065,0.67448731,0.83052628,2.1989204,1.7
38,14900,7.450000,17,1.7864473,1.1683143,0.69134245,0.46760182,0.049563559,-0.048653471,-0.25729688,-0.31421933,0.046272137,-0.38167884,-0.3230482,-0.16170718,-0.93246482,2.771973,-2.6774918,1.7
38,14900,7.450000,18,1.7864473,1.5623505,0.17325108,0.58052721,-0.020810474,-0.080251859,-0.1526815,0.025812816,0.13635058,0.3643811,-0.27369001,-0.41827035,0.86610836,0.52343283,-2.1502148,1.7
38,14900,7.450000,19,1.7864473,1.6460967,0.84456159,0.24573581,0.018021419,0.21280724,0.019042814,0.058835572,-0.18089059,0.10542764,0.10685471,-0.84325682,-0.5267827,2.1256074,-1.4447514,1.7
38,14900,7.450000,20,1.7864473,1.0760118,0.22195973,1.29151,0.061675329,0.017088602,0.17769141,-0.043940736,-0.10526528,0.30590059,0.011532011,-0.92583936,0.3777413,1.1834407,-1.5583412,1.7
38,14900,7.450000,21,1.7864473,1.1016116,0.59381924,1.6256363,-0.030232222,0.016961291,-0.011782281,0.11181389,-0.12538929,-0.43876853,0.90388254,-0.42660116,-0.031745976,1.6025476,-0.44096936,1.7
38,14900,7.450000,22,1.7864473,1.592941,0.32449948,1.5006293,0.014174141,0.11718692,-0.031309667,0.23208105,0.054490804,0.11617178,-0.32667171,0.74802486,0.57770616,0.95488068,1.9825455,1.7
38,14900,7.450000,23,1.7864473,1.5366648,0.53947146,0.93963651,-0.019439549,-0.17549677,-0.20300558,0.22693189,-0.051128017,0.12423108,0.63021525,-0.41664796,0.65515892,0.85640337,-0.58415282,1.7
38,14900,7.450000,24,1.7864473,1.0666765,1.1128615,0.15449606,-0.061183031,0.023169469,-0.043284603,0.055744489,0.11958905,0.42620384,-0.14010403,0.5235474,0.84039811,0.57277896,1.8322748,1.7
38,14900,7.450000,25,1.7864473,1.0458063,1.6053383,0.56188485,-0.11256149,0.09658206,-0.10433819,-0.26673766,-0.07090519,0.058246179,-0.33050196,-0.93498149,0.12875585,1.441682,-1.9105725,1.7
38,14900,7.450000,26,1.7864473,1.4594497,1.1352939,0.76025015,-0.14497734,0.033006437,0.10875758,-0.34010597,0.32038102,0.15856635,0.72942345,-0.55580618,0.39877426,1.1606165,-0.65112441,1.7
38,14900,7.450000,27,1.7864473,1.5337013,1.4614631,0.33306107,-0.034616403,-0.078882738,0.11489231,-0.04688788,-0.10064457,0.17681896,0.77665247,0.46041439,-0.42991805,2.0151983,0.53512267,1.7
38,14900,7.450000,28,1.7864473,1.0798555,0.94918509,1.1086356,-0.071322918,-0.20242439,0.01410788,0.11778685,-0.16067471,-0.043746328,0.19439458,0.60679915,-0.77071755,2.4507628,1.2607663,1.7
38,14900,7.450000,29,1.7864473,1.2243896,1.540331,1.5613952,0.15043569,-0.024903067,-0.0096033179,0.023570079,-0.1183936,-0.10949408,-0.89824808,-0.29406613,0.32661215,1.2380794,-2.825212,1.7
38,14900,7.450000,30,1.7864473,1.5125407,0.90537341,1.4804275,-0.055744139,-0.27408025,-0.02300595,-0.34635258,-0.096998076,0.021211267,0.0096769637,0.47346773,0.88075801,0.49333587,1.5503607,1.7
38,14900,7.450000,31,1.7864473,1.5086789,1.581725,1.0542752,-0.0050765019,-0.045225196,-0.028875712,0.11924168,0.15028594,-0.074659543,-0.82728929,-0.10967184,-0.55096689,2.1543187,-3.0097935,1.7
39,15000,7.500000,0,1.7908527,0.20489935,0.31727642,0.23310083,-0.054956044,0.084537329,-0.0071231839,0.19192544,0.23382583,-0.040022586,-0.53973935,-0.67356882,-0.50496186,2.1001341,-2.2463373,1.7
39,15000,7.500000,1,1.7908527,0.25381616,0.81425532,0.64555529,0.033806866,0.13953805,-0.051552321,0.10666084,-0.23642592,-0.47430339,0.6749583,0.50659665,-0.53646167,2.1370351,0.64385936,1.7
39,15000,7.500000,2,1.7908527,0.65993956,0.26003403,0.75186855,-0.021718105,0.017976377,0.13356369,-0.28168909,-0.34773466,0.061376017,0.53200337,-0.72309818,0.44056944,1.1145634,-0.93649223,1.7
39,15000,7.500000,3,1.7908527,0.65461144,0.73652518,0.23050726,0.00060064033,0.048931831,0.041099775,0.049592668,0.11489429,0.2570446,0.05286122,0.6418768,-0.76498357,2.4418122,1.4886276,1.7
39,15000,7.500000,4,1.7908527,0.2145425,0.22492413,1.091488,0.0030724652,0.041127373,-0.08086412,0.17705388,0.026404909,-0.14705107,0.14480478,-0.34386477,0.92778694,0.38235931,-1.1722254,1.7
39,15000,7.500000,5,1.7908527,0.24526784,0.65232489,1.6124927,0.034446004,-0.1047913,0.02273216,0.059475136,0.44062944,-0.17928587,0.53765857,0.81399961,0.21983605,1.3491499,0.987065,1.7
39,15000,7.500000,6,1.7908527,0.62089811,0.29849872,1.6767563,-0.019349679,0.11894382,0.064064062,-0.46377444,0.085321347,-0.17483363,-0.026706875,0.084149223,-0.9960952,3.053192,1.8781165,1.7
39,15000,7.500000,7,1.7908527,0.65658508,0.66625468,1.1943649,0.026933189,0.021487215,0.060714502,0.24216666,-0.13182228,0.10628165,-0.42382191,0.86223863,-0.27734373,1.8518246,2.0276504,1.7
39,15000,7.500000,8,1.7908527,0.28343396,1.2688584,0.20748421,0.031726847,0.13972507,-0.041625438,0.1497819,0.086219825,-0.21021926,-0.89316361,0.31551332,-0.32048419,1.8970369,2.8020222,1.7
39,15000,7.500000,9,1.7908527,0.19362246,1.401285,0.69607304,-0.044474995,-0.22035008,0.038578961,0.085341567,-0.14302676,0.26948198,0.52368316,-0.38421761,0.76035043,0.70694386,-0.6329764,1.7
39,15000,7.500000,10,1.7908527,0.72548183,1.0852063,0.63769391,0.032385571,-0.012966495,-0.03183204,0.031718415,-0.48701869,-0.30151696,0.70714367,-0.70140907,0.08929254,1.4813847,-0.78132691,1.7
39,15000,7.500000,11,1.7908527,0.51781407,1.7346043,0.38645432,-0.1133449,0.21540758,0.18396669,-0.074584796,-0.071450554,-0.050824669,0.89489565,0.11274564,-0.43179878,2.0172824,0.12532715,1.7
39,15000,7.500000,12,1.7908527,0.30892452,1.05976,1.2214983,0.11212861,-0.10943257,0.1559732,0.29555332,-0.13680416,0.19434809,-0.25915266,0.20306275,-0.9442486,2.8061011,2.4769542,1.7
39,15000,7.500000,13,1.7908527,0.38126692,1.577875,1.5786527,0.19139994,0.0072464684,0.0021718743,0.33298371,-0.039119318,-0.1907918,0.032894422,-0.79355645,0.60760688,0.91775233,-1.5293681,1.7
39,15000,7.500000,14,1.7908527,0.75154839,1.1232057,1.4824094,0.047722272,0.023867189,-0.029714439,-0.44165569,0.34991935,0.13192121,0.13070661,-0.94935862,0.28571663,1.2810422,-1.4339776,1.7
39,15000,7.500000,15,1.7908527,0.78119827,1.4940998,1.0919381,0.13395865,-0.035409439,-0.020341299,0.43249453,0.34435817,-0.017490974,0.8950203,0.28260102,0.34507293,1.2184798,0.30584131,1.7
39,15000,7.500000,16,1.7908527,1.0619902,0.22693925,0.17795531,-0.10550286,0.040483775,-0.047605909,-0.20609986,-0.038581066,-0.0061960711,-0.29757539,0.61851135,0.72725002,0.75648947,2.0192225,1.7
39,15000,7.500000,17,1.7908527,1.1553734,0.69849599,0.45306072,0.033761152,-0.043211474,-0.27297177,-0.27896683,0.1190959,-0.31501033,-0.21159294,0.11625484,-0.97041911,2.8977571,2.6391896,1.7
39,15000,7.500000,18,1.7908527,1.5638712,0.17948195,0.59868903,-0.023139643,-0.07445536,-0.13597183,-0.076579968,0.14495347,0.2672486,-0.34941122,-0.62046281,0.70209522,0.7924607,-2.0836765,1.7
39,15000,7.500000,19,1.7908527,1.6499722,0.83918971,0.25278518,0.017837871,0.20536187,0.025478275,-0.027822816,-0.11579142,0.14149604,-0.10664821,-0.72781063,-0.67743476,2.315066,-1.7162938,1.7
39,15000,7.500000,20,1.7908527,1.073104,0.21448869,1.3059474,0.056120889,0.0090800818,0.18893014,-0.1371145,-0.26876148,0.1500009,0.14666133,-0.96258272,0.22787051,1.3409062,-1.4195969,1.7
39,15000,7.500000,21,1.7908527,1.111242,0.59228236,1.6118653,-0.023326854,0.013963753,-0.029540112,0.083125012,-0.029661601,-0.26289134,0.95026174,-0.31133846,-0.0084253609,1.5792218,-0.3166128,1.7
39,15000,7.500000,22,1.7908527,1.608915,0.32781978,1.5116034,0.026205188,0.11970391,-0.024045016,0.20927465,-0.0045284051,0.1500338,-0.3265047,0.93458409,0.14123476,1.4290878,1.9068994,1.7
39,15000,7.500000,23,1.7908527,1.5525059,0.53736589,0.94728242,-0.0074027003,-0.17892843,-0.19768335,0.22958971,-0.089477157,0.13672149,0.42025914,-0.69252342,0.58633912,0.94426415,-1.0253539,1.7
39,15000,7.500000,24,1.7908527,1.0701529,1.1199759,0.17451895,-0.060338085,0.027534112,-0.023666853,-0.043712529,0.10166845,0.34807292,-0.12100778,0.68137987,0.72185774,0.76431333,1.7465561,1.7
39,15000,7.500000,25,1.7908527,1.031503,1.6048952,0.56833577,-0.12942294,0.092185618,-0.099279091,-0.35855276,-0.094311932,0.11869433,-0.39501356,-0.91111686,0.11760252,1.452921,-1.9798855,1.7
39,15000,7.500000,26,1.7908527,1.4453567,1.1504963,0.76933087,-0.16264749,0.045393914,0.11595468,-0.33436091,0.18374212,0.10472049,0.87321021,-0.32170657,0.36607214,1.1960117,-0.35298792,1.7
39,15000,7.500000,27,1.7908527,1.5359855,1.4646231,0.33983925,-0.036112426,-0.079326079,0.12084185,-0.012718602,0.031348399,0.056295848,0.88282559,0.38049195,-0.27539944,1.8498015,0.40693608,1.7
39,15000,7.500000,28,1.7908527,1.0899151,0.94578284,1.1077647,-0.06393535,-0.20816025,0.010507618,0.13155471,-0.080516625,-0.044062227,0.062746698,0.52603039,-0.84814791,2.5832757,1.4520739,1.7
39,15000,7.500000,29,1.7908527,1.2300729,1.5391998,1.5601432,0.15309643,-0.029826601,-0.014699398,0.10520051,-0.036160626,-0.027055946,-0.87738889,-0.47972677,0.0071387985,1.5636575,-2.6412354,1.7
39,15000,7.500000,30,1.7908527,1.4979252,0.90265379,1.4849943,-0.074067053,-0.27902641,-0.02209098,-0.36175038,-0.068626958,-0.016148048,0.020115791,0.71375684,0.70010466,0.79525227,1.5426208,1.7
39,15000,7.500000,31,1.7908527,1.5212449,1.5945057,1.0519975,0.0037582721,-0.036355928,-0.033747298,0.21627237,0.1667877,0.020874529,-0.87232952,-0.18437903,-0.45281959,2.0407215,-2.9332945,1.7
