frame,step,time_ps,molecule_id,box_nm,x_nm,y_nm,z_nm,dx_nonaffine_nm,dy_nonaffine_nm,dz_nonaffine_nm,vx_nm_ps,vy_nm_ps,vz_nm_ps,dipole_ux,dipole_uy,dipole_uz,theta_rad,phi_rad,dipole_debye
0,11100,5.550000,0,1.9003662,0.22270148,0.29038749,1.8418142,-0.0027485645,0.0026537332,-0.018351099,-0.038496231,-0.066336866,-0.34271924,0.13462767,-0.91983354,-0.36848562,1.9481758,-1.4254673,2.3
0,11100,5.550000,1,1.9003662,0.2022422,0.59448488,0.79523534,-0.0064786567,0.018903022,0.020678868,-0.081394436,0.2958995,0.38247969,-0.66937571,-0.28968917,0.6841172,0.81740367,-2.7331549,2.3
0,11100,5.550000,2,1.9003662,0.61802248,0.27669838,0.5620232,0.013967086,0.00022577295,-0.018671215,0.30629534,-0.087745429,-0.43024857,0.64756825,0.25549307,-0.71789878,2.3715756,0.37579264,2.3
0,11100,5.550000,3,1.9003662,0.61423285,0.67238227,0.16621,0.005106793,0.0017308472,-0.00010478874,0.11926955,0.014961101,-0.014782696,-0.42040092,0.85956438,0.29053767,1.2760076,2.0256747,2.3
0,11100,5.550000,4,1.9003662,0.52213125,0.075563027,1.2284323,-0.0068323956,-0.0049123678,0.017093539,-0.11564365,-0.14088592,0.35844404,0.035541881,0.55864974,0.82864181,0.59411932,1.5072609,2.3
0,11100,5.550000,5,1.9003662,0.32451341,0.77732791,1.6888703,0.006013378,0.0070088328,-0.0031988963,0.10452548,0.23662821,-0.081662941,-0.25437761,-0.61575109,0.74574971,0.72913688,-1.9625596,2.3
0,11100,5.550000,6,1.9003662,0.75200431,0.038456022,1.8296291,-0.017268913,-0.012949128,-0.0029239426,-0.42668961,-0.25544719,-0.10006154,0.38439384,0.29710673,0.87405318,0.50731281,0.65801097,2.3
0,11100,5.550000,7,1.9003662,0.63425076,0.59342498,1.3397924,-0.011490748,-0.0027966949,-0.0079634453,-0.25323808,0.020840795,-0.11377986,0.19154649,0.92377179,-0.33159556,1.9087906,1.3663411,2.3
0,11100,5.550000,8,1.9003662,0.25173904,1.2380194,0.36975346,-0.018589654,0.014053363,-0.0023815512,-0.38292773,0.22110876,-0.089605204,0.74913363,-0.56964003,-0.33809619,1.9156896,-0.65012295,2.3
0,11100,5.550000,9,1.9003662,0.048122772,0.11291352,0.62301103,0.0047608908,0.017673964,-0.012827746,0.033437672,0.35544991,-0.27693751,-0.53861573,0.25536574,-0.80292057,2.5029751,2.6988667,2.3
0,11100,5.550000,10,1.9003662,0.6933571,1.1241839,0.65311885,-0.0078093795,-0.013005563,-0.003697765,-0.1109125,-0.15512222,-0.072733037,0.081890429,0.35413724,0.93160119,0.37200292,1.3435513,2.3
0,11100,5.550000,11,1.9003662,0.74232301,1.6974512,0.40724743,0.006171113,0.0052318855,0.0051805746,0.062155887,0.033388164,0.099869459,-0.54589297,-0.72432275,0.42113824,1.1360964,-2.2166356,2.3
0,11100,5.550000,12,1.9003662,0.17088089,1.5265344,1.2947337,0.0075505785,0.0082215935,0.0067928899,0.068607672,0.153757,0.17300291,-0.53991996,-0.8171652,0.2018105,1.3675902,-2.1546729,2.3
0,11100,5.550000,13,1.9003662,0.31180958,1.6456293,1.8762882,-0.00030233778,0.0030455101,0.012480997,-0.050691019,0.086787324,0.25533336,0.74496747,0.012979371,0.66697452,0.84065557,0.017420973,2.3
0,11100,5.550000,14,1.9003662,0.85255008,1.0323286,1.600951,0.015515644,0.0049710107,0.0091639621,0.28686164,0.089830079,0.19428977,0.40394464,-0.45222454,-0.79518657,2.4901115,-0.84172911,2.3
0,11100,5.550000,15,1.9003662,0.69708525,1.333701,1.1274919,-0.0023973991,-0.016731503,-0.0045526732,-0.093895308,-0.27855099,-0.056821928,-0.57776823,0.66541837,-0.47265448,2.0630969,2.2858066,2.3
0,11100,5.550000,16,1.9003662,1.1621721,0.13759027,0.43080893,0.007480534,-0.0036667424,0.00013344758,0.21019307,-0.08148171,0.07462346,-0.52654455,-0.8494268,-0.034999276,1.6058028,-2.125707,2.3
0,11100,5.550000,17,1.9003662,1.0580325,0.60027753,0.75384732,-0.009585551,0.0058713231,-0.0024735945,-0.11527797,0.13093632,-0.08463881,-0.40133592,-0.29471588,-0.86722087,2.6203898,-2.5081914,2.3
0,11100,5.550000,18,1.9003662,1.5444154,0.45550477,0.6572012,-0.013466777,0.011420102,-0.0072532121,-0.341709,0.29139516,-0.088456212,-0.38515755,0.32683352,0.86303737,0.52954426,2.4379288,2.3
0,11100,5.550000,19,1.9003662,1.3846644,0.67102194,0.18216528,0.0054261205,0.00031835496,-0.0046848106,0.14256668,0.0065556789,-0.16434492,0.76495479,0.57279893,-0.29452598,1.8697558,0.64273332,2.3
0,11100,5.550000,20,1.9003662,1.109128,0.22981346,1.0699641,0.019964207,-0.01316994,0.010415651,0.3388023,-0.32437776,0.17971638,-0.4152392,0.65496099,0.63134975,0.88750385,2.1358348,2.3
0,11100,5.550000,21,1.9003662,1.2786862,0.6970825,1.451566,-0.0064834802,-0.003005024,9.9941221e-05,-0.07172631,-0.026471431,2.3243607e-05,0.36607981,-0.83682948,-0.4070651,1.9900349,-1.1584191,2.3
0,11100,5.550000,22,1.9003662,1.5957154,0.15611914,1.5868955,0.0071084372,-0.0036496015,-0.006482241,0.20280521,-0.059901987,-0.140062,-0.38229157,0.92110723,0.073584198,1.4971456,1.9641962,2.3
0,11100,5.550000,23,1.9003662,1.7406913,0.80750236,1.0539505,-0.018306146,-0.0056482369,-0.0027374946,-0.35069467,-0.13465832,-0.054477405,0.27825303,0.19504137,0.94049674,0.34670713,0.61136304,2.3
0,11100,5.550000,24,1.9003662,1.1295874,1.2627363,0.28268111,0.0047654431,0.001674763,0.020910077,0.077457362,-0.0070863491,0.46505161,-0.99568051,-0.061028743,-0.069970027,1.6408236,-3.0803757,2.3
0,11100,5.550000,25,1.9003662,1.3052735,1.6051156,0.85775291,0.022533989,-0.008960192,-0.01930751,0.39099996,-0.14969625,-0.4061556,0.81038385,0.54293047,0.22023741,1.3487385,0.590284,2.3
0,11100,5.550000,26,1.9003662,1.7576525,1.3643612,0.8739636,0.014384377,0.0022994575,0.007631805,0.30718129,0.038729084,0.13526137,0.29160839,0.68378113,-0.66888557,2.3035049,1.1676859,2.3
0,11100,5.550000,27,1.9003662,1.7102901,1.7068796,0.16275769,-0.018651202,0.01053414,0.015978331,-0.3125496,0.20148689,0.31416867,0.62456129,-0.4872543,0.61033306,0.91431535,-0.66252234,2.3
0,11100,5.550000,28,1.9003662,1.2840768,1.0279137,0.87288935,-1.0399705e-05,0.0018369041,-0.014101883,-0.035569228,0.13907351,-0.22964557,-0.53537821,-0.21839497,0.81588835,0.61653241,-2.7542718,2.3
0,11100,5.550000,29,1.9003662,1.0471903,1.5983574,1.6509902,-0.0075119458,-0.017549687,-0.018666399,-0.10267471,-0.4341347,-0.3510872,0.15506096,-0.71600238,0.68065901,0.82213452,-1.3575249,2.3
0,11100,5.550000,30,1.9003662,1.8750144,1.2181958,1.859917,0.0062168401,-0.0094459604,0.0084349941,0.1472585,-0.22096052,0.13377289,0.43856035,0.88946154,0.12854177,1.4418979,1.1127139,2.3
0,11100,5.550000,31,1.9003662,1.7653274,0.03797367,1.1561036,0.00097950086,-0.0019991443,0.015333305,0.0047335349,0.033158853,0.3191781,0.19329213,-0.81329913,0.54880113,0.9898669,-1.3374611,2.3
1,11200,5.600000,0,1.9099037,0.22366291,0.2872045,1.8383542,-0.0029044263,-0.0019750442,-0.031022989,-0.004438502,-0.11532934,-0.17937787,0.0039242775,-0.94784286,-0.31871385,1.8951686,-1.5666561,2.3
1,11200,5.600000,1,1.9099037,0.20256597,0.61223785,0.81949304,-0.0071681671,0.033635557,0.040894893,0.083739061,0.32066806,0.38218119,-0.57141898,-0.32764703,0.75241463,0.71907607,-2.6209677,2.3
1,11200,5.600000,2,1.9099037,0.63688202,0.27605504,0.54223218,0.02968559,-0.0018011602,-0.041226417,0.29895511,-0.084565565,-0.44444565,0.69273825,0.39970675,-0.60029013,2.2146601,0.52333255,2.3
1,11200,5.600000,3,1.9099037,0.62819625,0.67752911,0.16769129,0.015960351,0.0034987666,0.00054072443,0.1723427,0.026714975,-0.018899206,-0.48988659,0.74803369,0.44772393,1.1065781,2.1506079,2.3
1,11200,5.600000,4,1.9099037,0.51782613,0.06945312,1.2569428,-0.013740662,-0.011385303,0.03938309,-0.18735975,-0.11414198,0.53440162,-0.33192103,0.24476302,0.91099917,0.42509593,2.5061957,2.3
1,11200,5.600000,5,1.9099037,0.3252251,0.79804932,1.6925827,0.0050987124,0.023787058,-0.0079505446,-0.15075992,0.36116506,-0.15323531,-0.51369262,-0.35141488,0.78270523,0.67179581,-2.5416207,2.3
1,11200,5.600000,6,1.9099037,0.73095816,0.029158647,1.8291452,-0.042027197,-0.022415807,-0.012566122,-0.54707935,-0.18314112,-0.23971231,0.42762032,-0.18303652,0.88523358,0.48380039,-0.40443863,2.3
1,11200,5.600000,7,1.9099037,0.62272785,0.59538523,1.3373364,-0.026160063,-0.0038121388,-0.017120502,-0.2937588,-0.045912411,-0.18699072,0.33590694,0.93150197,-0.13953714,1.7107903,1.2247027,2.3
1,11200,5.600000,8,1.9099037,0.23545955,1.253511,0.36875337,-0.03608875,0.023308524,-0.0052302047,-0.30670976,0.16407927,0.12137788,0.78347507,-0.61390751,0.096355464,1.4742911,-0.66464201,2.3
1,11200,5.600000,9,1.9099037,0.0498843,0.13393538,0.61255062,0.0062771084,0.038078068,-0.026380956,0.0071795645,0.43715536,-0.33572978,-0.5930422,0.071710188,-0.80197169,2.5013849,3.0212577,2.3
1,11200,5.600000,10,1.9099037,0.69445187,1.1243312,0.65010803,-0.010188422,-0.01848643,-0.0099707022,0.04012143,-0.13259697,-0.14282169,0.12219712,0.38263223,0.91578406,0.41334074,1.2616748,2.3
1,11200,5.600000,11,1.9099037,0.74778064,1.7046639,0.41580122,0.0078989019,0.0039287742,0.011674242,0.00073067622,-0.063365659,0.16154427,-0.48368172,-0.8421064,0.23855568,1.329918,-2.092158,2.3
1,11200,5.600000,12,1.9099037,0.17826044,1.5427959,1.3082772,0.014056238,0.016800338,0.013820902,0.15090439,0.16795422,0.077974,-0.77890498,-0.53382412,0.32914866,1.2353945,-2.5407653,2.3
1,11200,5.600000,13,1.9099037,0.31468804,1.6589771,1.9003814,0.0010079578,0.0081216434,0.027120982,0.086983872,0.02793461,0.31461755,0.44251367,-0.071913591,0.89387364,0.46488386,-0.16110317,2.3
1,11200,5.600000,14,1.9099037,0.87027232,1.0407358,1.6202251,0.028925601,0.0081891737,0.020375306,0.2445896,0.06818008,0.27152825,0.45081191,-0.34788396,-0.82203733,2.535776,-0.65723452,2.3
1,11200,5.600000,15,1.9099037,0.69645117,1.3267641,1.1321671,-0.0065196348,-0.030327851,-0.0055336595,-0.14022111,-0.27934516,0.062012615,-0.65378503,0.73778896,-0.16802552,1.7396227,2.2959015,2.3
1,11200,5.600000,16,1.9099037,1.1797402,0.13650676,0.43514474,0.019186707,-0.0054363462,0.0023017234,0.31337521,-0.042049579,0.014099556,-0.30056026,-0.937468,-0.1755485,1.7472592,-1.8810512,2.3
1,11200,5.600000,17,1.9099037,1.0553899,0.60949679,0.75372164,-0.017518244,0.012062465,-0.0063728723,-0.18430298,0.11070665,-0.1550808,-0.40545104,-0.10899951,-0.90759493,2.708316,-2.8789668,2.3
1,11200,5.600000,18,1.9099037,1.5345022,0.47390113,0.65274438,-0.031086905,0.027490185,-0.014988983,-0.31212539,0.32109581,-0.21620474,-0.050758137,0.42322345,0.90460241,0.44035027,1.6901585,2.3
1,11200,5.600000,19,1.9099037,1.4011638,0.6763642,0.17611308,0.014952416,0.0022880076,-0.011633849,0.13256608,0.041130067,-0.15272968,0.74283591,0.65049901,-0.15825879,1.7297233,0.71922449,2.3
1,11200,5.600000,20,1.9099037,1.1280065,0.21562878,1.08514,0.033243016,-0.028469695,0.020197254,0.17698699,-0.26270414,0.25108752,-0.52248705,0.36426276,0.77092148,0.69050969,2.5327679,2.3
1,11200,5.600000,21,1.9099037,1.2837768,0.69929306,1.4549281,-0.0078070015,-0.0042897122,-0.0038131935,0.039478643,-0.11389973,-0.12447983,0.35406236,-0.70627518,-0.61303769,2.2306961,-1.1061018,2.3
1,11200,5.600000,22,1.9099037,1.6141968,0.15588006,1.5921731,0.017555209,-0.0046696533,-0.0091622071,0.20434625,0.045279791,0.14599057,-0.14728038,0.89560206,0.41976831,1.1376063,1.733786,2.3
1,11200,5.600000,23,1.9099037,1.7302568,0.8048492,1.0590018,-0.037428853,-0.012337287,-0.0029751095,-0.39044676,-0.14569505,0.040635307,0.39267503,0.25416537,0.88385875,0.48674782,0.57445116,2.3
1,11200,5.600000,24,1.9099037,1.1410224,1.2682323,0.30171285,0.010516937,0.00083553784,0.038479136,0.084832608,0.0072272637,0.27638673,-0.97349079,-0.092059837,-0.20938162,1.7817388,-3.0473063,2.3
1,11200,5.600000,25,1.9099037,1.3277556,1.603366,0.8433512,0.038425497,-0.018740996,-0.037967335,0.22174238,-0.14646437,-0.38968244,0.58253869,0.75866381,0.29168116,1.2748124,0.91596984,2.3
1,11200,5.600000,26,1.9099037,1.7797472,1.37159,0.88516526,0.027624754,0.0026798689,0.014430262,0.26960082,0.051830529,0.11322015,0.46061643,0.63624229,-0.61889276,2.2381286,0.94416762,2.3
1,11200,5.600000,27,1.9099037,1.7014796,1.7234704,0.17802632,-0.036001741,0.018538502,0.030394035,-0.29951716,0.059502616,0.2572968,0.41056517,-0.49985663,0.76261366,0.70345221,-0.88316252,2.3
1,11200,5.600000,28,1.9099037,1.2867405,1.0362374,0.86655877,-0.0037816811,0.0049938195,-0.024786512,-0.076937987,0.060488078,-0.2123215,-0.22663816,-0.705798,0.67118129,0.83499513,-1.881505,2.3
1,11200,5.600000,29,1.9099037,1.0478053,1.5840434,1.6459738,-0.012140917,-0.039829641,-0.031935454,-0.089348238,-0.34410717,-0.23576929,-0.0039561086,-0.73403369,0.67910154,0.82425838,-1.5761858,2.3
1,11200,5.600000,30,1.9099037,1.8943043,1.2136988,1.8755429,0.016071949,-0.020030253,0.01471083,0.25741763,-0.18483055,0.093662774,0.47081734,0.87598831,0.10476408,1.4658396,1.077624,2.3
1,11200,5.600000,31,1.9099037,1.7774756,0.036147442,1.172745,0.0042598227,-0.0040109159,0.02614541,0.24642454,-0.12198654,0.10304795,0.11656416,-0.78777988,0.60482697,0.92124776,-1.4238968,2.3
2,11300,5.650000,0,1.9250455,0.22243861,0.28208329,1.8487926,-0.0058901413,-0.0093441331,-0.035142832,-0.11507553,-0.12979775,0.0083876687,-0.10042062,-0.94006125,-0.32588425,1.9027432,-1.6772162,2.3
2,11300,5.650000,1,1.9250455,0.20844282,0.63112366,0.83982001,-0.0029140619,0.047612321,0.054670485,0.12075771,0.32784093,0.23021367,-0.32085449,-0.47519807,0.81929188,0.6106214,-2.1646845,2.3
2,11300,5.650000,2,1.9250455,0.6537394,0.27266848,0.52666708,0.041447291,-0.0073543808,-0.06101225,0.18944823,-0.10363164,-0.35607867,0.81619638,0.45180502,-0.36013289,1.9392067,0.50556419,2.3
2,11300,5.650000,3,1.9250455,0.64176802,0.68488602,0.16709806,0.024517959,0.0054763687,-0.0013744185,0.1969769,0.022280007,-0.0094881684,-0.49572705,0.62734925,0.60057273,0.92657911,2.2395288,2.3
2,11300,5.650000,4,1.9250455,0.51380705,0.063788494,1.2905999,-0.021833141,-0.017576114,0.062981893,-0.068701302,-0.1033182,0.50407886,-0.54171892,-0.11065737,0.833244,0.58584714,-2.9400939,2.3
2,11300,5.650000,5,1.9250455,0.31927858,0.82065013,1.698071,-0.0033926834,0.039996876,-0.015849951,-0.16172079,0.25909823,-0.21181897,-0.66727523,-0.082760574,0.74019893,0.73743016,-3.0181952,2.3
2,11300,5.650000,6,1.9250455,0.71074761,0.023811113,1.8316683,-0.067930556,-0.027972572,-0.02449751,-0.46702174,-0.043360754,-0.26327203,0.46144174,-0.58230163,0.66932527,0.83749606,-0.90067939,2.3
2,11300,5.650000,7,1.9250455,0.61533693,0.59734386,1.3380438,-0.038439529,-0.0065628929,-0.026976729,-0.24632792,-0.1084418,-0.23848979,0.37682132,0.92057358,0.10271305,1.4679018,1.1822701,2.3
2,11300,5.650000,8,1.9250455,0.22575205,1.2743759,0.38064646,-0.047617465,0.034192526,0.0037041113,-0.17428435,0.22423422,0.25870177,0.69054837,-0.59007563,0.41827467,1.1392513,-0.70710246,2.3
2,11300,5.650000,9,1.9250455,0.050302127,0.15427906,0.60218875,0.0062993619,0.057284065,-0.041539314,-0.025073266,0.32529718,-0.23516677,-0.67749822,-0.16399692,-0.71700849,2.3702975,-2.9040984,2.3
2,11300,5.650000,10,1.9250455,0.69824468,1.1296079,0.64725355,-0.011894532,-0.022109265,-0.017947781,-0.099193341,0.0042850976,-0.18185869,0.19126829,0.40956332,0.89200579,0.46903305,1.133891,2.3
2,11300,5.650000,11,1.9250455,0.75167259,1.7135878,0.43060215,0.0058704117,-0.00064395222,0.023133429,-0.080326294,-0.076368704,0.21801286,-0.47093054,-0.88183461,0.024334026,1.5464599,-2.0612998,2.3
2,11300,5.650000,12,1.9250455,0.18422028,1.562708,1.3219388,0.018584946,0.024450877,0.017097476,0.032781831,0.1077489,0.07968333,-0.90638725,-0.11147881,0.40747348,1.1511106,-3.0192148,2.3
2,11300,5.650000,13,1.9250455,0.31764396,1.6722658,0.0098755866,0.0014671922,0.0082573888,0.046517754,0.0084943039,0.0015484177,0.47163528,0.048398079,-0.15184675,0.98721841,0.16005568,-1.262246,2.3
2,11300,5.650000,14,1.9250455,0.89188174,1.0525374,1.6474572,0.043577601,0.011725845,0.034705581,0.34062757,0.09755139,0.39728753,0.51450768,-0.22506898,-0.82742117,2.5452963,-0.41236455,2.3
2,11300,5.650000,15,1.9250455,0.69871234,1.3243129,1.1431108,-0.009767155,-0.043246701,-0.0035735614,-0.045759758,-0.27571999,-0.0071961711,-0.65214806,0.71290987,0.25780306,1.3100486,2.3117116,2.3
2,11300,5.650000,16,1.9250455,1.2037245,0.13373561,0.43600211,0.033760437,-0.0092745762,-0.00028056653,0.28352802,-0.17727206,-0.00441235,0.046119116,-0.95413678,-0.29579729,1.8710864,-1.522498,2.3
2,11300,5.650000,17,1.9250455,1.0545191,0.61994828,0.7517593,-0.026719873,0.017659721,-0.01427954,-0.23757877,0.055476655,-0.19225727,-0.38501281,0.068954418,-0.92033169,2.739724,2.9643751,2.3
2,11300,5.650000,18,1.9250455,1.5302374,0.49451314,0.64738544,-0.047452694,0.04427879,-0.025481491,-0.29219219,0.41962744,-0.2559913,0.28445288,0.43424537,0.85470318,0.54581754,0.99087849,2.3
2,11300,5.650000,19,1.9250455,1.4175642,0.68141625,0.16659101,0.020223488,0.0019790213,-0.022509219,0.10627552,-0.0062562604,-0.25782434,0.68393945,0.72890687,-0.030357928,1.6011589,0.81721496,2.3
2,11300,5.650000,20,1.9250455,1.1478971,0.20522061,1.1059372,0.04414773,-0.040539727,0.03234342,0.25925773,-0.25628709,0.25476364,-0.55449706,0.018560266,0.83197868,0.58813169,3.1081329,2.3
2,11300,5.650000,21,1.9250455,1.2944712,0.69791447,1.4588443,-0.0072924293,-0.01118511,-0.011401804,-0.0096052156,-0.21638285,-0.17375145,0.28465008,-0.52018756,-0.80521999,2.5068427,-1.0701003,2.3
2,11300,5.650000,22,1.9250455,1.6380754,0.15772618,1.6195307,0.028592794,-0.0040617575,0.0055146905,0.22952215,0.022591032,0.44458372,0.16775536,0.77386211,0.61073363,0.91380957,1.3573225,2.3
2,11300,5.650000,23,1.9250455,1.7219933,0.80670222,1.0716495,-0.05932345,-0.016847352,0.0012600864,-0.46654734,-0.064413031,0.11243616,0.53116478,0.33111571,0.77988869,0.67630837,0.5574311,2.3
2,11300,5.650000,24,1.9250455,1.1548357,1.2815803,0.31768609,0.015265389,0.0041159219,0.05200697,0.00046848259,0.13552155,0.25595457,-0.92924547,-0.26312054,-0.25936544,1.8331614,-2.8656607,2.3
2,11300,5.650000,25,1.9250455,1.3519823,1.6142221,0.82841264,0.052071806,-0.020589198,-0.059506986,0.20657872,-0.0084035964,-0.51537752,0.2284502,0.91517141,0.33207198,1.232297,1.3261701,2.3
2,11300,5.650000,26,1.9250455,1.8066619,1.3894114,0.89722008,0.040379217,0.0095999509,0.019447632,0.32798298,0.12637031,0.10757264,0.52880359,0.56864858,-0.63008377,2.2524574,0.82168904,2.3
2,11300,5.650000,27,1.9250455,1.7013255,1.7394895,0.19226419,-0.049591658,0.020884608,0.043170065,-0.21943779,0.057571455,0.24390908,0.14121367,-0.61054188,0.77929283,0.67725978,-1.3435009,2.3
2,11300,5.650000,28,1.9250455,1.2952506,1.0479903,0.86191303,-0.0054662897,0.0085174298,-0.036257089,-0.034734599,0.12163388,-0.33481203,0.13379916,-0.91385049,0.38337327,1.1773505,-1.4254167,2.3
2,11300,5.650000,29,1.9250455,1.0532097,1.5805045,1.6472578,-0.015032158,-0.055863554,-0.043654553,-0.034362529,-0.27858111,-0.17671004,-0.13263207,-0.75972881,0.63656961,0.88075428,-1.7436327,2.3
2,11300,5.650000,30,1.9250455,1.919577,1.2134667,1.8918102,0.026286162,-0.029845843,0.016103181,0.15741349,-0.24383694,-0.086433265,0.39662414,0.91734488,0.034171014,1.5366187,1.1627074,2.3
2,11300,5.650000,31,1.9250455,1.8056997,0.027339007,1.1842134,0.018336343,-0.013070161,0.028307669,0.3235513,-0.18011022,-0.086639917,0.13788256,-0.77642985,0.61493503,0.90849275,-1.3950433,2.3
3,11400,5.700000,0,1.9389746,0.21691506,0.27863629,1.8612501,-0.012997578,-0.014812494,-0.036059474,-0.21118257,-0.021605634,-0.0001350648,-0.13426863,-0.931633,-0.33768609,1.9152538,-1.7139325,2.3
3,11400,5.700000,1,1.9389746,0.21637073,0.65109171,0.85182824,0.0034825477,0.062958414,0.060580698,0.046705641,0.190049,0.019809748,-0.013427841,-0.62681993,0.77904844,0.67764968,-1.5922152,2.3
3,11400,5.700000,2,1.9389746,0.66506796,0.26999787,0.51429997,0.048021871,-0.011981264,-0.077132075,0.079682769,-0.031183661,-0.31665094,0.9334541,0.34148936,-0.1097655,1.6807834,0.35071072,2.3
3,11400,5.700000,3,1.9389746,0.65835727,0.69146338,0.17120138,0.036420644,0.0070922618,0.0015094339,0.26345542,0.013583458,0.097416768,-0.45932598,0.56410133,0.68615548,0.81460543,2.254173,2.3
3,11400,5.700000,4,1.9389746,0.51636182,0.056199343,1.328288,-0.022991965,-0.025597904,0.091229765,0.093714166,-0.17619956,0.648974,-0.65566606,-0.2336804,0.71798015,0.76990019,-2.7992263,2.3
3,11400,5.700000,5,1.9389746,0.31314702,0.84091974,1.7026263,-0.011804135,0.054277009,-0.02355366,-0.17247756,0.28462462,-0.13624777,-0.73474068,0.097826492,0.67125711,0.83489284,3.0092269,2.3
3,11400,5.700000,6,1.9389746,0.69919242,0.024641844,1.8324317,-0.084568545,-0.027316497,-0.036942677,-0.20256112,-0.031015135,-0.21014315,0.4653654,-0.81267672,0.35070157,1.2124762,-1.0507428,2.3
3,11400,5.700000,7,1.9389746,0.60960966,0.59583848,1.3365185,-0.048582642,-0.01236956,-0.038143513,-0.15668903,-0.18603047,-0.30761882,0.41771652,0.82482801,0.38101399,1.1799036,1.102019,2.3
3,11400,5.700000,8,1.9389746,0.22119817,1.2961674,0.40221474,-0.053782606,0.046717852,0.02245056,-0.11506068,0.25712299,0.3434968,0.51781935,-0.64211403,0.56528992,0.97001165,-0.89214757,2.3
3,11400,5.700000,9,1.9389746,0.049573514,0.17121094,0.5931789,0.0052107006,0.073042815,-0.054858424,0.025793982,0.29407739,-0.28842751,-0.79520998,-0.34544675,-0.49830476,2.0924387,-2.7317792,2.3
3,11400,5.700000,10,1.9389746,0.69656857,1.1369635,0.64104419,-0.018598785,-0.022924245,-0.028801371,-0.20741544,-0.0061856253,-0.2622113,0.37484163,0.37967186,0.84577954,0.56277175,0.79179985,2.3
3,11400,5.700000,11,1.9389746,0.75283104,1.7205318,0.44570963,0.001605337,-0.0060793702,0.035082113,-0.036446597,-0.13020255,0.20796776,-0.44735424,-0.88256059,-0.14477911,1.7160861,-2.0399345,2.3
3,11400,5.700000,12,1.9389746,0.18842487,1.5744061,1.3356341,0.021446247,0.024840199,0.021212752,0.083943759,-0.093262311,0.13411064,-0.85435492,0.24683416,0.45732983,1.095806,2.8603383,2.3
3,11400,5.700000,13,1.9389746,0.32143648,1.6865275,0.033573391,0.002955958,0.01041122,0.070059239,0.014904804,0.042837404,0.47231234,-0.32871721,-0.11529942,0.93736388,0.35581217,-2.8042448,2.3
3,11400,5.700000,14,1.9389746,0.90873962,1.066133,1.6801218,0.053944696,0.017684104,0.05537514,0.17931061,0.084499051,0.34883754,0.63772946,-0.12656118,-0.75979168,2.433789,-0.19591042,2.3
3,11400,5.700000,15,1.9389746,0.70270471,1.3201187,1.1516542,-0.01082666,-0.056973711,-0.0033023511,-0.069740214,-0.22015153,0.011719561,-0.54220314,0.56880702,0.61844509,0.90403385,2.3322534,2.3
3,11400,5.700000,16,1.9389746,1.2200445,0.12777768,0.43582036,0.041343204,-0.0161753,-0.0036051237,0.077006686,-0.12782237,-0.15149382,0.54820185,-0.78586712,-0.28616009,1.8610133,-0.96169922,2.3
3,11400,5.700000,17,1.9389746,1.0526936,0.62508521,0.74554461,-0.036141674,0.018308534,-0.025891899,-0.18274847,0.051809517,-0.25810408,-0.33446136,0.1374896,-0.93232624,2.7715896,2.7515732,2.3
3,11400,5.700000,18,1.9389746,1.5277732,0.51896738,0.63804893,-0.060940634,0.065079884,-0.039451942,-0.31018825,0.42691409,-0.30058332,0.43770594,0.35132349,0.8276384,0.59590946,0.67635306,2.3
3,11400,5.700000,19,1.9389746,1.4295462,0.68172516,0.15199168,0.021942171,-0.0026260056,-0.038257189,0.055431489,-0.12807962,-0.36968997,0.70112172,0.7059254,0.10048717,1.4701393,0.78881217,2.3
3,11400,5.700000,20,1.9389746,1.1674203,0.1889551,1.1265554,0.055324705,-0.058226397,0.04491402,0.21854107,-0.36721129,0.25413872,-0.57072196,-0.31749918,0.75727849,0.71166046,-2.6339167,2.3
3,11400,5.700000,21,1.9389746,1.3037748,0.69165568,1.4602332,-0.0073551176,-0.022453204,-0.020535747,0.019722774,-0.16508197,-0.17831919,0.27855726,-0.40772158,-0.86957976,2.625147,-0.97143161,2.3
3,11400,5.700000,22,1.9389746,1.6590752,0.16232365,1.6557963,0.037707043,-0.00061796702,0.029973587,0.095376537,0.087861866,0.52237588,0.41975967,0.56492558,0.7103949,0.78073719,0.93176753,2.3
3,11400,5.700000,23,1.9389746,1.7133741,0.81302475,1.0871335,-0.08032689,-0.016363648,0.0089621303,-0.39177015,0.02975669,0.18138932,0.64579264,0.34762124,0.67978771,0.82332318,0.4938054,2.3
3,11400,5.700000,24,1.9389746,1.1633043,1.2946952,0.33324255,0.015377561,0.0079438579,0.065217116,0.053882266,0.081975807,0.32384972,-0.78991863,-0.57829205,-0.2039776,1.7762156,-2.5096524,2.3
3,11400,5.700000,25,1.9389746,1.371067,1.6290883,0.80931822,0.061340492,-0.017414528,-0.084505459,0.19413705,0.095362241,-0.46629387,-0.18322437,0.9059639,0.38165199,1.1792134,1.7703472,2.3
3,11400,5.700000,26,1.9389746,1.8381942,1.4026834,0.90890079,0.058772678,0.012806981,0.024617654,0.35534253,-0.018432499,0.10227413,0.57924092,0.52415895,-0.62428948,2.245018,0.73551934,2.3
3,11400,5.700000,27,1.9389746,1.702926,1.7575224,0.20525431,-0.060263042,0.026311397,0.054727344,-0.22831163,0.23254407,0.23798337,-0.1517896,-0.72254673,0.67445247,0.83057346,-1.7778611,2.3
3,11400,5.700000,28,1.9389746,1.303348,1.0628905,0.85060975,-0.0067364099,0.015808442,-0.053733939,-0.029824131,0.12962024,-0.33326621,0.58085365,-0.8120131,0.056954062,1.5138114,-0.94985869,2.3
3,11400,5.700000,29,1.9389746,1.06311,1.5778274,1.6486027,-0.012760881,-0.069926116,-0.054190766,0.075714422,-0.32126562,-0.22486689,-0.21844306,-0.79110786,0.57134139,0.96265697,-1.8402063,2.3
3,11400,5.700000,30,1.9389746,0.0012494626,1.2109606,1.9001748,0.033019401,-0.041091772,0.010798262,0.12798993,-0.18961562,-0.050902295,0.19606829,0.97067481,-0.13909582,1.7103446,1.3714864,2.3
3,11400,5.700000,31,1.9389746,1.831572,0.020135128,1.1865227,0.031097084,-0.020445272,0.022070891,0.24731414,-0.14604447,-0.12324441,0.12515178,-0.78703792,0.60407644,0.92218987,-1.4131005,2.3
4,11500,5.750000,0,1.9410176,0.20846373,0.27917623,1.8629324,-0.021672893,-0.014566265,-0.036338069,-0.20428206,0.01776578,0.036748555,-0.16107521,-0.9508676,-0.26439664,1.8383746,-1.7386015,2.3
4,11500,5.750000,1,1.9410176,0.22003458,0.65949968,0.85307506,0.0069166154,0.070676305,0.060929823,0.046822062,0.086116419,0.026331239,0.32262142,-0.7284164,0.60442118,0.92175722,-1.1538558,2.3
4,11500,5.750000,2,1.9410176,0.66543823,0.27253457,0.50226197,0.047691584,-0.0097302252,-0.089705328,-0.00046918067,0.12284726,-0.25390781,0.98036752,0.1665486,0.1055514,1.4650479,0.16827726,2.3
4,11500,5.750000,3,1.9410176,0.67109869,0.69446993,0.17499288,0.048462054,0.0093690661,0.0051186501,0.17027943,0.048010837,0.076745453,-0.45004042,0.47021268,0.75918618,0.70873448,2.3342777,2.3
4,11500,5.750000,4,1.9410176,0.52510103,0.050237746,1.3607694,-0.014801119,-0.031615546,0.12229527,0.20423671,-0.11267444,0.53929017,-0.75527085,-0.23328536,0.61248991,0.91158969,-2.8420124,2.3
4,11500,5.750000,5,1.9410176,0.30439414,0.85691825,1.6954548,-0.020882179,0.069381546,-0.032514404,-0.15575671,0.24767536,-0.25501627,-0.74073268,0.20931613,0.63835871,0.87843222,2.8661933,2.3
4,11500,5.750000,6,1.9410176,0.69199898,0.022524439,1.8218153,-0.092494496,-0.029458737,-0.049483174,-0.089985283,0.0046832813,-0.27835007,0.39760172,-0.91741784,-0.016043344,1.5868404,-1.161839,2.3
4,11500,5.750000,7,1.9410176,0.59833447,0.59100729,1.3234496,-0.060493865,-0.017825672,-0.052613002,-0.23965842,-0.015092141,-0.31553459,0.4632598,0.58096918,0.66922729,0.83762793,0.89764804,2.3
4,11500,5.750000,8,1.9410176,0.22045399,1.3090783,0.42008305,-0.054759324,0.058257001,0.039885903,0.024901033,0.22657324,0.39641826,0.30841373,-0.74911731,0.58626293,0.94435821,-1.1802422,2.3
4,11500,5.750000,9,1.9410176,0.050888194,0.18344186,0.5805033,0.0064724851,0.085087001,-0.068152012,0.046321113,0.22065954,-0.20670135,-0.87633482,-0.43703672,-0.2025739,1.7747819,-2.6789778,2.3
4,11500,5.750000,10,1.9410176,0.69105289,1.1362788,0.631316,-0.024845099,-0.024805919,-0.039199505,-0.14458296,-0.14037792,-0.11241679,0.59613667,0.28649675,0.75002713,0.72269324,0.44799861,2.3
4,11500,5.750000,11,1.9410176,0.75188578,1.718522,0.45678832,-0.00013220649,-0.0098999608,0.045685609,0.01411612,-0.027673469,0.22687374,-0.36499945,-0.8780598,-0.30949376,1.8854569,-1.9647538,2.3
4,11500,5.750000,12,1.9410176,0.1941406,1.5669616,1.3447703,0.026960545,0.015741688,0.028937621,0.10474904,-0.17214427,0.13375917,-0.62303882,0.50121235,0.60050713,0.92666116,2.4641356,2.3
4,11500,5.750000,13,1.9410176,0.32146194,1.6888024,0.058222899,0.0026429169,0.010908874,0.09466042,-0.038663727,-0.0080633333,0.44648391,-0.60275441,0.052527565,0.79619594,0.64981467,3.0546664,2.3
4,11500,5.750000,14,1.9410176,0.91796345,1.0724914,1.7007609,0.062206701,0.022916451,0.074234067,0.18767302,0.10781499,0.38101656,0.75643182,-0.081422541,-0.6489848,2.2770456,-0.10722743,2.3
4,11500,5.750000,15,1.9410176,0.70222334,1.3104963,1.1557744,-0.012047768,-0.067981252,-0.00039713985,0.0071023855,-0.18849628,0.07002524,-0.39397564,0.37851866,0.83756004,0.57799448,2.376201,2.3
4,11500,5.750000,16,1.9410176,1.2216289,0.12246616,0.43448,0.041642011,-0.021618584,-0.0054037298,-0.052723262,-0.11902942,0.043252292,0.92516845,-0.34397586,-0.16044922,1.7319421,-0.35596056,2.3
4,11500,5.750000,17,1.9410176,1.0443858,0.62631476,0.7339173,-0.045553595,0.018879179,-0.038298198,-0.23719006,0.0090656221,-0.25691387,-0.21643024,0.21145133,-0.95312449,2.8341959,2.3678302,2.3
4,11500,5.750000,18,1.9410176,1.5158038,0.53585236,0.623998,-0.074512597,0.081409469,-0.054167394,-0.31504117,0.26946237,-0.32307293,0.50056476,0.30375806,0.81065774,0.62552175,0.54542693,2.3
4,11500,5.750000,19,1.9410176,1.4323067,0.67729379,0.13432965,0.023195807,-0.0077729569,-0.056069982,0.013549357,-0.094505049,-0.38898699,0.73587075,0.65168134,0.18386317,1.3858811,0.72479768,2.3
4,11500,5.750000,20,1.9410176,1.1768256,0.16699952,1.1386573,0.063495738,-0.08036941,0.055823221,0.20120927,-0.43555106,0.27429061,-0.57701549,-0.55161041,0.60231145,0.92440277,-2.3787004,2.3
4,11500,5.750000,21,1.9410176,1.3064483,0.68688584,1.4520493,-0.0060559826,-0.027948894,-0.030253074,-0.028753893,-0.11800234,-0.23765524,0.26108902,-0.41485625,-0.8716231,2.6293002,-1.0090764,2.3
4,11500,5.750000,22,1.9410176,1.6637942,0.16689033,1.6821775,0.040676433,0.0037753771,0.054597238,-0.0057271692,0.074653071,0.42629442,0.63655681,0.34775613,0.6883757,0.81154898,0.50000431,2.3
4,11500,5.750000,23,1.9410176,1.6941031,0.81261607,1.098385,-0.10139197,-0.017628281,0.019062873,-0.424187,-0.13207752,0.14288561,0.75340992,0.2963279,0.58699513,0.9434541,0.37473074,2.3
4,11500,5.750000,24,1.9410176,1.1668722,1.3045629,0.34687545,0.017718485,0.016442984,0.078491911,-0.022111557,0.19738552,0.20850459,-0.54346292,-0.78839177,-0.28824724,1.8631922,-2.174326,2.3
4,11500,5.750000,25,1.9410176,1.3837552,1.6370118,0.79126881,0.072578232,-0.011210726,-0.10339764,0.15955316,0.14295729,-0.32036908,-0.61043988,0.71783834,0.33477048,1.2294347,2.2755146,2.3
4,11500,5.750000,26,1.9410176,1.8563279,1.404153,0.91431629,0.074961083,0.012798649,0.029073172,0.39295549,0.072218995,0.078368562,0.59166476,0.39284185,-0.70399438,2.3518025,0.58612655,2.3
4,11500,5.750000,27,1.9410176,1.6975983,1.7739729,0.21408273,-0.067381227,0.040902435,0.063334971,-0.11490946,0.25453665,0.19849447,-0.44157245,-0.75019245,0.49216365,1.0562228,-2.1028004,2.3
4,11500,5.750000,28,1.9410176,1.2992546,1.0659593,0.83192865,-0.012200182,0.017756292,-0.07330097,-0.14368816,0.024435355,-0.4194923,0.83560476,-0.46563612,-0.29145787,1.8665468,-0.50838815,2.3
4,11500,5.750000,29,1.9410176,1.0722732,1.561069,1.6371742,-0.0047219361,-0.088337225,-0.067349343,0.23095721,-0.34619377,-0.27620117,-0.22222417,-0.89902662,0.37731625,1.1838997,-1.813122,2.3
4,11500,5.750000,30,1.9410176,0.0067665845,1.2024661,1.9030141,0.038532304,-0.050857034,0.011635086,0.10597374,-0.23691305,0.10758788,-0.067798438,0.96354914,-0.25879805,1.832574,1.6410438,2.3
4,11500,5.750000,31,1.9410176,1.8423309,0.017770249,1.1784644,0.039921611,-0.02283011,0.01276732,0.1745605,0.0082372194,-0.25322487,0.041996097,-0.77091516,0.63555185,0.88207324,-1.5163745,2.3
5,11600,5.800000,0,1.9392939,0.19380467,0.27931081,1.8645482,-0.036153268,-0.014183612,-0.033066475,-0.20003733,-0.010988906,0.036518347,-0.13418966,-0.97793137,-0.16013549,1.7316242,-1.7071626,2.3
5,11600,5.800000,1,1.9392939,0.2208816,0.66425818,0.85414177,0.0079594909,0.076022824,0.062754877,-0.038386173,0.086768904,0.091099287,0.58808876,-0.73856265,0.32966168,1.2348511,-0.89833932,2.3
5,11600,5.800000,2,1.9392939,0.66277257,0.27910783,0.49069085,0.045615915,-0.0029119315,-0.10083539,-0.078250465,0.16319363,-0.21403196,0.93722103,-0.039013809,0.34654676,1.2169091,-0.041603097,2.3
5,11600,5.800000,3,1.9392939,0.67528315,0.69846091,0.17949226,0.053244575,0.013978777,0.0097754936,0.073843947,0.049923379,0.076470841,-0.4029296,0.30627516,0.86246349,0.53067925,2.4916456,2.3
5,11600,5.800000,4,1.9392939,0.53410483,0.04546685,1.3838707,-0.0053268227,-0.036343931,0.14661573,0.10607737,-0.054541093,0.41583514,-0.88854396,-0.16235407,0.42910464,1.127295,-2.9608671,2.3
5,11600,5.800000,5,1.9392939,0.29815968,0.86357075,1.6787575,-0.026848983,0.07679829,-0.0477128,-0.021957014,0.022961948,-0.38668662,-0.71906521,0.14934351,0.67870594,0.82479718,2.9368128,2.3
5,11600,5.800000,6,1.9392939,0.68870684,0.023714494,1.8082704,-0.095173327,-0.028248142,-0.061415538,-0.095560665,0.059422792,-0.19575685,0.3370872,-0.87807848,-0.33963275,1.9173227,-1.2042529,2.3
5,11600,5.800000,7,1.9392939,0.58960309,0.58605584,1.3070912,-0.068697562,-0.022254275,-0.067802852,-0.18270416,-0.18211098,-0.27897889,0.44599521,0.084031363,0.89108193,0.47107278,0.18622994,2.3
5,11600,5.800000,8,1.9392939,0.21956409,1.3191695,0.44078137,-0.055453773,0.069515629,0.060966622,0.06168789,0.19598345,0.43626632,0.04231173,-0.83291067,0.55178758,0.98629019,-1.5200401,2.3
5,11600,5.800000,9,1.9392939,0.051444247,0.19168587,0.57389403,0.0070739939,0.093497646,-0.074248501,0.027966432,0.16605272,-0.039702469,-0.90590973,-0.41362651,0.090778099,1.4798931,-2.7132746,2.3
5,11600,5.800000,10,1.9392939,0.68456794,1.1253359,0.62201352,-0.030719004,-0.034744134,-0.047945259,-0.099277969,-0.16860843,-0.24934667,0.7090813,0.18016783,0.68172081,0.82068418,0.24882087,2.3
5,11600,5.800000,11,1.9392939,0.75175024,1.7132057,0.46507368,0.00040016282,-0.013691921,0.054380468,-0.038034575,-0.14701411,0.16868844,-0.24460788,-0.82085368,-0.51610679,2.1130957,-1.86041,2.3
5,11600,5.800000,12,1.9392939,0.19966127,1.5595977,1.3491225,0.032656143,0.0097665296,0.034486381,0.17003896,-0.099190559,0.083604982,-0.28147965,0.59284905,0.75451919,0.71587515,2.0140745,2.3
5,11600,5.800000,13,1.9392939,0.3223202,1.6851685,0.079573408,0.0037871386,0.0087736994,0.11607214,0.031043824,-0.040602326,0.45038079,-0.73627866,0.1801909,0.6522461,0.8602525,2.9015783,2.3
5,11600,5.800000,14,1.9392939,0.92628572,1.0764915,1.7129214,0.07134818,0.027871045,0.087910945,0.13823534,0.032340391,0.25291723,0.82031826,-0.15609981,-0.55019161,2.15339,-0.18804353,2.3
5,11600,5.800000,15,1.9392939,0.70318847,1.3048404,1.1583657,-0.010458365,-0.072475457,0.0032220918,-0.004823892,-0.040979158,0.041903318,-0.27824076,0.23153694,0.93218707,0.37038773,2.4475555,2.3
5,11600,5.800000,16,1.9392939,1.220912,0.11745157,0.44141282,0.042010057,-0.02652661,0.0019181598,0.090871746,-0.06761571,0.16277689,0.98192083,0.18819405,-0.020358827,1.5911566,0.18936274,2.3
5,11600,5.800000,17,1.9392939,1.0284177,0.6259385,0.72085944,-0.060600973,0.019059171,-0.050709854,-0.27340826,0.059908732,-0.31395349,-0.059402881,0.22850924,-0.97172775,2.903238,1.8251254,2.3
5,11600,5.800000,18,1.9392939,1.4975978,0.54882975,0.60913357,-0.091380072,0.094868668,-0.068484068,-0.31958274,0.27170432,-0.2323385,0.45135267,0.37270065,0.81078665,0.62530154,0.69024112,2.3
5,11600,5.800000,19,1.9392939,1.4339173,0.67201189,0.11429931,0.026079533,-0.012455493,-0.075989883,0.12086038,-0.034100187,-0.3650112,0.74632975,0.5961242,0.29602002,1.2702731,0.67397281,2.3
5,11600,5.800000,20,1.9392939,1.1845286,0.14500112,1.1535468,0.072247592,-0.10222922,0.071730864,0.12173011,-0.35586056,0.32238101,-0.6973634,-0.60179119,0.38927066,1.1709567,-2.4296271,2.3
5,11600,5.800000,21,1.9392939,1.3076261,0.68180972,1.4408086,-0.0037170472,-0.032417053,-0.040208799,0.12539828,-0.12630472,-0.18682269,0.19090836,-0.50123933,-0.84398645,2.575469,-1.206887,2.3
5,11600,5.800000,22,1.9392939,1.6638945,0.1724564,1.7025782,0.042254974,0.0094921769,0.076501441,-0.056194864,0.14461049,0.42332319,0.77018683,0.12744843,0.62495531,0.89572204,0.16399123,2.3
5,11600,5.800000,23,1.9392939,1.6771639,0.80486775,1.1021875,-0.11683369,-0.024658118,0.023842829,-0.24985324,-0.16996507,0.099432525,0.84675973,0.30883098,0.43315283,1.1228085,0.34972855,2.3
5,11600,5.800000,24,1.9392939,1.1655703,1.3118689,0.35892614,0.017452665,0.024911204,0.090856124,0.005133809,0.10949809,0.26899413,-0.18944031,-0.94050252,-0.28207689,1.8567545,-1.7695613,2.3
5,11600,5.800000,25,1.9392939,1.3887406,1.6444908,0.77705492,0.078795209,-0.0022740871,-0.11691489,0.071387322,0.25422675,-0.27008773,-0.94510844,0.3010683,0.12699572,1.4434567,2.8332017,2.3
5,11600,5.800000,26,1.9392939,1.8746568,1.4033314,0.91710964,0.094947257,0.013224164,0.032680039,0.4193004,-0.0010053019,0.09307386,0.50798796,0.23983491,-0.82730131,2.5450829,0.44110174,2.3
5,11600,5.800000,27,1.9392939,1.6888855,1.7809676,0.2218007,-0.074589782,0.049476252,0.071246569,-0.21530788,0.16426837,0.16304116,-0.71609732,-0.59960745,0.35731714,1.2054025,-2.4445022,2.3
5,11600,5.800000,28,1.9392939,1.2940729,1.0689247,0.80715095,-0.016229851,0.021669999,-0.09735059,-0.052344239,0.044674086,-0.51610712,0.80965864,0.12441633,-0.57356208,2.181644,0.15247252,2.3
5,11600,5.800000,29,1.9392939,1.0857979,1.5482548,1.6250913,0.0097613055,-0.099770343,-0.077983181,0.2711874,-0.16463833,-0.17436551,-0.2427871,-0.94551476,0.21692455,1.3521334,-1.8221438,2.3
5,11600,5.800000,30,1.9392939,0.0088402505,1.1899967,1.9069315,0.040612903,-0.062263682,0.017244838,0.0033639661,-0.19422724,0.12426942,-0.20453104,0.91636084,-0.34416546,1.9221461,1.7903961,2.3
5,11600,5.800000,31,1.9392939,1.8467571,0.019084427,1.1630522,0.045986431,-0.02149956,-0.0016047962,0.031999429,0.085225026,-0.33200819,0.00046816985,-0.75629566,0.65422982,0.85763252,-1.5701773,2.3
6,11700,5.850000,0,1.943568,0.18938796,0.27800431,1.8748479,-0.040991777,-0.016103573,-0.026882963,-0.068643852,-0.05319298,0.22031953,0.072893047,-0.99603441,0.051010324,1.5197639,-1.4977433,2.3
6,11700,5.850000,1,1.943568,0.21450341,0.66726394,0.86229512,0.0011020474,0.077562909,0.069018873,-0.20946479,-0.013130373,0.18228372,0.71899722,-0.69495279,0.0091438132,1.5616524,-0.76839465,2.3
6,11700,5.850000,2,1.943568,0.66329839,0.28669867,0.47958553,0.04468206,0.0040561154,-0.11300875,-0.066522573,0.16964915,-0.22719227,0.80400458,-0.22152238,0.55181924,0.98625223,-0.2688531,2.3
6,11700,5.850000,3,1.943568,0.67909822,0.70024951,0.1863855,0.055568825,0.01422776,0.016266002,-0.020807161,-0.043731133,0.15356513,-0.35267957,0.13843325,0.92544765,0.3885809,2.7675525,2.3
6,11700,5.850000,4,1.943568,0.54025242,0.044049586,1.4005135,-0.00036181808,-0.037859732,0.16019368,0.12169054,0.015171485,0.088437409,-0.98428213,0.0076105215,0.17643915,1.3934287,3.1338608,2.3
6,11700,5.850000,5,1.943568,0.3012713,0.86607501,1.6643191,-0.024397184,0.077398646,-0.065831105,0.14063057,-0.036552272,-0.38412338,-0.66156863,-0.10591303,0.74236741,0.73419936,-2.9828459,2.3
6,11700,5.850000,6,1.943568,0.68882562,0.025714534,1.8084691,-0.096570867,-0.02630251,-0.065198013,0.10804525,-0.013610148,0.1453178,0.35498302,-0.81578451,-0.45659904,2.044965,-1.1603658,2.3
6,11700,5.850000,7,1.943568,0.57787325,0.5783401,1.2952721,-0.081712515,-0.03125173,-0.082486537,-0.35014034,-0.12301007,-0.29428577,0.26540817,-0.49786279,0.8256459,0.59945026,-1.0810246,2.3
6,11700,5.850000,8,1.943568,0.22216839,1.3243299,0.45925509,-0.053335706,0.071766221,0.078449649,-0.0047654132,-0.065176418,0.30750255,-0.25534789,-0.85948332,0.44281586,1.1120595,-1.8595855,2.3
6,11700,5.850000,9,1.943568,0.055971418,0.20232619,0.57512198,0.011482932,0.10370428,-0.074285328,0.098691975,0.2197276,0.061467242,-0.86539162,-0.40136389,0.30000727,1.2660961,-2.7073266,2.3
6,11700,5.850000,10,1.943568,0.68463222,1.1185795,0.61259151,-0.032161863,-0.043970613,-0.058726279,-0.039465842,-0.18531471,-0.16232981,0.75673594,0.087849625,0.64779098,0.86611515,0.11557286,2.3
6,11700,5.850000,11,1.943568,0.7523401,1.7082408,0.47671158,-0.00066560226,-0.022422998,0.06498171,-0.11586734,-0.15300431,0.20392496,-0.15866907,-0.74245566,-0.65083309,2.2794775,-1.7813377,2.3
6,11700,5.850000,12,1.943568,0.21231293,1.5581164,1.3493497,0.04485434,0.0048534569,0.031743273,0.31034085,-0.10594623,-0.14301458,0.057421969,0.56876078,0.82049613,0.60851796,1.4701775,2.3
6,11700,5.850000,13,1.943568,0.32259532,1.6908383,0.10102741,0.0033523684,0.010727321,0.13732737,-0.012949662,0.11842109,0.38968627,-0.79466304,0.31653414,0.51799303,1.0262933,2.7625311,2.3
6,11700,5.850000,14,1.943568,0.9360088,1.0770547,1.731116,0.079021353,0.026063801,0.1023145,0.11708524,-0.092267728,0.25570201,0.83939332,-0.36205738,-0.40538046,1.9881913,-0.40722184,2.3
6,11700,5.850000,15,1.943568,0.70285294,1.3101599,1.1667866,-0.012341592,-0.07003444,0.0090836116,0.0074537699,0.1391271,0.10440847,-0.21005757,0.13113042,0.96885532,0.2502307,2.583526,2.3
6,11700,5.850000,16,1.943568,1.2269278,0.11083838,0.45303198,0.045331396,-0.033391093,0.012552782,0.10699428,-0.19453708,0.31450486,0.7801979,0.6189936,0.090211698,1.4804618,0.67069145,2.3
6,11700,5.850000,17,1.943568,1.0123308,0.63251626,0.70957602,-0.078934239,0.024251689,-0.063567833,-0.36060209,0.10437314,-0.27469052,0.066633197,0.24036261,-0.96839343,2.8895034,1.3003679,2.3
6,11700,5.850000,18,1.943568,1.4904053,0.56198159,0.59883563,-0.10186163,0.10679781,-0.080111696,-0.16922995,0.17627754,-0.18467358,0.3685911,0.48247263,0.79458213,0.6524773,0.91841881,2.3
6,11700,5.850000,19,1.943568,1.4386396,0.67345902,0.095879319,0.027639943,-0.012489392,-0.094641251,0.020042637,-0.015595319,-0.39208052,0.7835201,0.45172208,0.42666546,1.1299937,0.52298262,2.3
6,11700,5.850000,20,1.943568,1.1969856,0.12667766,1.1646619,0.082083186,-0.12085175,0.080294256,0.24130256,-0.34417429,0.10133907,-0.79006476,-0.59370712,0.1526746,1.4175223,-2.4971537,2.3
6,11700,5.850000,21,1.943568,1.3174165,0.67553047,1.4320584,0.0031839073,-0.040190398,-0.052121304,0.065660283,-0.1720803,-0.19651398,0.12139488,-0.62638726,-0.77000148,2.4496398,-1.3793678,2.3
6,11700,5.850000,22,1.943568,1.6627138,0.18162822,1.721303,0.037412484,0.018274258,0.091457469,-0.11622777,0.18337754,0.1793559,0.77336572,-0.053572437,0.63169253,0.88706176,-0.069161317,2.3
6,11700,5.850000,23,1.943568,1.6727196,0.79756584,1.1098215,-0.12496541,-0.033723915,0.029041953,-0.049159031,-0.1428433,0.10943145,0.93230501,0.32628771,0.15602469,1.4141316,0.33665663,2.3
6,11700,5.850000,24,1.943568,1.1687543,1.3187752,0.37368844,0.018067205,0.028921799,0.10481202,0.092228438,0.15733254,0.24903202,0.13147777,-0.97799704,-0.1619734,1.7334865,-1.4371618,2.3
6,11700,5.850000,25,1.943568,1.394714,1.6610744,0.77065192,0.081704709,0.010670954,-0.12502153,0.0595698,0.25986356,-0.088578569,-0.96653975,-0.19308804,-0.1688725,1.740482,-2.9444159,2.3
6,11700,5.850000,26,1.943568,1.8984256,1.4047058,0.92497469,0.11456287,0.011507568,0.03851742,0.30087724,0.045984788,0.13662169,0.36068699,0.1171581,-0.92529935,2.7526205,0.31406846,2.3
6,11700,5.850000,27,1.943568,1.6816945,1.7943553,0.22819133,-0.085490886,0.058928486,0.077141874,-0.1879688,0.17472739,0.073272385,-0.88505071,-0.36074015,0.29419684,1.2721813,-2.7545581,2.3
6,11700,5.850000,28,1.943568,1.2905049,1.0757268,0.78409434,-0.022642847,0.026111357,-0.12215879,-0.1557224,0.10886498,-0.46856662,0.45495889,0.71720345,-0.52785567,2.1268702,1.0055008,2.3
6,11700,5.850000,29,1.943568,1.100723,1.5484386,1.6207324,0.022279611,-0.10299517,-0.085914919,0.27002101,-0.01717287,-0.14779402,-0.32940613,-0.91948904,0.21454956,1.3545657,-1.914801,2.3
6,11700,5.850000,30,1.943568,0.0058496786,1.1869861,1.9200458,0.037606157,-0.06789073,0.026146662,-0.090615438,-0.070420572,0.14658465,-0.2107425,0.85471622,-0.47439201,2.0650696,1.8125388,2.3
6,11700,5.850000,31,1.943568,1.8513731,0.024385159,1.1476501,0.046531735,-0.016246671,-0.019550443,-0.019933051,0.065102577,-0.34318979,-0.17206341,-0.75663964,0.63078573,0.88823094,-1.7943984,2.3
7,11800,5.900000,0,1.9367525,0.18699299,0.27627927,1.8826968,-0.042725675,-0.016855064,-0.012434149,0.00151372,0.029733006,0.33207606,0.42119229,-0.85938691,0.28991583,1.2766574,-1.1150937,2.3
7,11800,5.900000,1,1.9367525,0.20460099,0.66013336,0.87323888,-0.0080642837,0.072763776,0.083010995,-0.14596724,-0.14128408,0.2375411,0.7378027,-0.60837688,-0.29244614,1.8675801,-0.6895497,2.3
7,11800,5.900000,2,1.9367525,0.66092311,0.29348854,0.46649566,0.044632664,0.011865056,-0.12443694,-0.017450951,0.137254,-0.24750263,0.67343967,-0.37882781,0.63479799,0.88304927,-0.51240976,2.3
7,11800,5.900000,3,1.9367525,0.67442528,0.69918583,0.19185762,0.05327322,0.015622064,0.022402496,-0.078272913,0.14973298,0.13867267,-0.30316577,0.060175318,0.95103599,0.31422569,2.9456496,2.3
7,11800,5.900000,4,1.9367525,0.54016786,0.04527078,1.3904745,0.0014512837,-0.03648165,0.15505677,-0.011459343,0.044009895,-0.35141373,-0.98525167,0.16693847,0.037559214,1.5332283,2.9737494,2.3
7,11800,5.900000,5,1.9367525,0.30882616,0.85928342,1.6372737,-0.015770718,0.073637483,-0.08707761,0.14582866,-0.14683926,-0.47720963,-0.56115718,-0.40167164,0.72371439,0.76162669,-2.5203467,2.3
7,11800,5.900000,6,1.9367525,0.69450037,0.023585511,1.8151094,-0.088466399,-0.028344948,-0.052193154,0.23582447,-0.10995167,0.39002675,0.51268784,-0.79125385,-0.33326946,1.9105655,-0.99586811,2.3
7,11800,5.900000,7,1.9367525,0.56148257,0.57180929,1.2754805,-0.096102059,-0.035762416,-0.097762916,-0.2725677,-0.06905514,-0.2694017,0.038987577,-0.86163884,0.50602221,1.0402296,-1.525579,2.3
7,11800,5.900000,8,1.9367525,0.22259179,1.3171656,0.47450844,-0.052131124,0.069241524,0.095343126,0.0029066061,-0.063543834,0.32598723,-0.45335576,-0.86187385,0.2272488,1.3415447,-2.0550361,2.3
7,11800,5.900000,9,1.9367525,0.061361314,0.20966864,0.57202852,0.01707893,0.11177038,-0.075363917,0.059145436,0.14679747,0.016557733,-0.78542059,-0.31878256,0.53055837,1.0115372,-2.7560319,2.3
7,11800,5.900000,10,1.9367525,0.6835647,1.1075515,0.60270025,-0.030826258,-0.051088634,-0.066483009,0.051137825,-0.12466086,-0.10264904,0.81458438,0.028108795,0.5793636,0.95284864,0.03449323,2.3
7,11800,5.900000,11,1.9367525,0.74027516,1.6910762,0.48438282,-0.010108921,-0.033617034,0.07434106,-0.17545559,-0.22565419,0.17039474,-0.16560007,-0.67853063,-0.71566249,2.3683685,-1.8101737,2.3
7,11800,5.900000,12,1.9367525,0.2274502,1.5511281,1.3432432,0.060764065,0.0033262459,0.030366076,0.34639901,0.064921294,0.094810554,0.28969103,0.54751606,0.78505113,0.66801766,1.0841402,2.3
7,11800,5.900000,13,1.9367525,0.31700379,1.6858569,0.11723725,-0.0011157781,0.011676841,0.15392063,-0.18576714,0.0060610375,0.32395342,-0.81505797,0.43300633,0.38494939,1.1756433,2.6532522,2.3
7,11800,5.900000,14,1.9367525,0.93759177,1.0674331,1.7399277,0.083895161,0.020208747,0.11722281,0.049841462,-0.12965551,0.28208202,0.7288258,-0.66576151,-0.15992049,1.7314064,-0.74020819,2.3
7,11800,5.900000,15,1.9367525,0.69772249,1.3130072,1.1623189,-0.01501206,-0.06257973,0.0087067463,-0.032613305,0.15530711,-0.11138434,-0.17277763,0.1340811,0.97579206,0.2204824,2.4816377,2.3
7,11800,5.900000,16,1.9367525,1.2300365,0.096867326,0.46809936,0.052755601,-0.046997375,0.0292381,0.17010665,-0.29946806,0.27423762,0.33324129,0.91355693,0.23316086,1.3354695,1.2210214,2.3
7,11800,5.900000,17,1.9367525,0.99290601,0.63294177,0.69600203,-0.094837092,0.026899882,-0.074673088,-0.35180811,0.021746861,-0.16591344,0.13037553,0.32940995,-0.9351424,2.7794571,1.1939288,2.3
7,11800,5.900000,18,1.9367525,1.4748888,0.57248102,0.58651482,-0.11216986,0.11928986,-0.090350572,-0.19032129,0.27179534,-0.19078267,0.31428572,0.54980835,0.77390908,0.68580565,1.0515001,2.3
7,11800,5.900000,19,1.9367525,1.4346696,0.67530211,0.074348718,0.028716611,-0.0082773017,-0.11587293,0.072839703,0.10561305,-0.40910079,0.86848603,0.20450771,0.45156242,1.1022806,0.2312631,2.3
7,11800,5.900000,20,1.9367525,1.2044882,0.11114119,1.1658436,0.093803838,-0.13597056,0.085569347,0.27766653,-0.27335452,0.13483559,-0.81993124,-0.56112968,-0.1133413,1.6843817,-2.5414394,2.3
7,11800,5.900000,21,1.9367525,1.3114696,0.66721586,1.4188535,0.0018543835,-0.046146611,-0.060318826,-0.054286622,-0.08133542,-0.13945269,-0.068605085,-0.7438636,-0.66480094,2.2980236,-1.6627642,2.3
7,11800,5.900000,22,1.9367525,1.6471552,0.1846295,1.7215163,0.027667293,0.021918849,0.097717805,-0.19915446,-0.021759751,0.080131345,0.73682738,-0.15618103,0.65779397,0.85291022,-0.20887269,2.3
7,11800,5.900000,23,1.9367525,1.6640977,0.78895888,1.1066877,-0.12772642,-0.039544306,0.029801352,-0.081318651,-0.10665217,-0.057110987,0.91558536,0.37968387,-0.13245233,1.703639,0.39310547,2.3
7,11800,5.900000,24,1.9367525,1.1671577,1.3237237,0.38103796,0.020573369,0.038511649,0.11348717,0.0032492896,0.26377914,0.066832259,0.43723495,-0.89832373,-0.042896114,1.6137056,-1.1178265,2.3
7,11800,5.900000,25,1.9367525,1.3953589,1.6618753,0.76080068,0.087250101,0.017308317,-0.13218294,0.20782759,0.025689517,-0.083464835,-0.69919839,-0.58710633,-0.4079556,1.9910101,-2.4431176,2.3
7,11800,5.900000,26,1.9367525,1.9044684,1.3999836,0.92937816,0.12728511,0.011711567,0.046177927,0.22457666,-0.032272992,0.18682155,0.30072011,0.06953344,-0.95117428,2.8278147,0.22722974,2.3
7,11800,5.900000,27,1.9367525,1.666044,1.7976358,0.23393398,-0.095261458,0.068517995,0.083696231,-0.22344562,0.24341494,0.13590138,-0.98480478,-0.0025370462,0.1736465,1.3962651,-3.1390165,2.3
7,11800,5.900000,28,1.9367525,1.2787283,1.0768078,0.76489295,-0.029906816,0.030973108,-0.13863957,-0.018199573,0.056328897,-0.17817167,0.053773007,0.99282837,-0.10677214,1.6777724,1.5166878,2.3
7,11800,5.900000,29,1.9367525,1.1128216,1.5472927,1.6109102,0.038266158,-0.098703719,-0.090061045,0.3136817,0.15546432,-0.048663234,-0.38603371,-0.85040473,0.35747696,1.2052314,-1.9969229,2.3
7,11800,5.900000,30,1.9367525,0.0030498196,1.1798452,1.9176194,0.034821921,-0.070874548,0.030460772,-0.074689982,-0.074616886,0.03189654,-0.1272155,0.81608918,-0.56375054,2.169716,1.7254361,2.3
7,11800,5.900000,31,1.9367525,1.8445917,0.026678366,1.1244708,0.046242032,-0.013863768,-0.038739003,-0.041799286,0.0068240881,-0.40426754,-0.39368262,-0.72101614,0.57021901,0.9640239,-2.0705717,2.3
8,11900,5.950000,0,1.9308441,0.18785087,0.27633897,1.8943676,-0.041295145,-0.015951131,0.0050068343,0.09291912,0.10177757,0.41626759,0.67826635,-0.540725,0.49756531,1.0500066,-0.67304126,2.3
8,11900,5.950000,1,1.9308441,0.19728004,0.65099925,0.88345363,-0.0147713,0.065632653,0.095909451,-0.17237769,-0.141234,0.34418115,0.66246123,-0.50208619,-0.55592677,2.1602738,-0.64854451,2.3
8,11900,5.950000,2,1.9308441,0.65877894,0.29522987,0.45650559,0.044504582,0.014505766,-0.13301697,-0.0016737328,-0.061770314,-0.11287539,0.54075326,-0.5001037,0.67637431,0.82796737,-0.74636407,2.3
8,11900,5.950000,3,1.9308441,0.66905323,0.71071669,0.1962973,0.049953583,0.029306847,0.027435163,-0.10989374,0.37410668,0.027468015,-0.2694158,0.051432646,0.96164953,0.27784218,2.952958,2.3
8,11900,5.950000,4,1.9308441,0.53819937,0.046740217,1.3690416,0.0011302042,-0.034871645,0.13783956,-0.0086153772,0.0052531791,-0.33673273,-0.93783885,0.34224062,-0.057703067,1.6285315,2.7916842,2.3
8,11900,5.950000,5,1.9308441,0.31432291,0.8514275,1.6118161,-0.0093219719,0.068394984,-0.10757167,0.10941381,-0.067286737,-0.35392123,-0.4018994,-0.6406357,0.65426506,0.85758592,-2.1310799,2.3
8,11900,5.950000,6,1.9308441,0.71038553,0.014820156,1.8320774,-0.070434973,-0.037051651,-0.029653397,0.4463528,-0.17153336,0.40710651,0.62018108,-0.76946345,-0.15264807,1.7240435,-0.89241263,2.3
8,11900,5.950000,7,1.9308441,0.54271793,0.57415645,1.2556096,-0.11317987,-0.031664569,-0.11376713,-0.43192656,0.15089893,-0.37235949,-0.14718839,-0.98837338,0.038126695,1.5326604,-1.7186297,2.3
8,11900,5.950000,8,1.9308441,0.22249944,1.302202,0.48915863,-0.051543509,0.058279494,0.11146554,0.020542133,-0.29608863,0.23002453,-0.53234841,-0.839367,-0.10985541,1.6808739,-2.1360026,2.3
8,11900,5.950000,9,1.9308441,0.062486867,0.21732307,0.57386319,0.018393688,0.12007713,-0.071778682,-0.020248735,0.077045175,0.066085888,-0.59616248,-0.24990658,0.76297903,0.70288718,-2.7446516,2.3
8,11900,5.950000,10,1.9308441,0.68684819,1.0942172,0.60158525,-0.025449199,-0.06105925,-0.065758235,0.16145807,-0.29263617,0.057067617,0.81898953,0.048552947,0.57175061,0.96215828,0.059214659,2.3
8,11900,5.950000,11,1.9308441,0.72782206,1.6755407,0.49023851,-0.020319246,-0.044009438,0.081685678,-0.23458351,-0.18665833,0.11917019,-0.22120614,-0.62442223,-0.74910928,2.4175128,-1.9112588,2.3
8,11900,5.950000,12,1.9308441,0.24782821,1.5487526,1.3516065,0.081868199,0.0056864276,0.042846268,0.50199239,0.03193726,0.37134406,0.38713858,0.52404238,0.75861934,0.70960492,0.93453138,2.3
8,11900,5.950000,13,1.9308441,0.30581103,1.6806291,0.13260702,-0.011357093,0.011591944,0.16967212,-0.19264662,0.0050776322,0.2991418,-0.81078633,0.52210008,0.2646451,1.3029604,2.5694873,2.3
8,11900,5.950000,14,1.9308441,0.93957759,1.0564905,1.7471968,0.088748719,0.01251084,0.12981918,0.1163871,-0.1703671,0.20555047,0.43234256,-0.88853154,0.15359558,1.4165903,-1.1179414,2.3
8,11900,5.950000,15,1.9308441,0.69301772,1.316555,1.1547625,-0.017592215,-0.055014754,0.0046901613,-0.024530592,0.16887677,-0.074123678,-0.15883453,0.12835624,0.97892608,0.20566166,2.4619243,2.3
8,11900,5.950000,16,1.9308441,1.2361754,0.086022117,0.4794986,0.06266209,-0.05756321,0.042084996,0.1977361,-0.20479503,0.29068377,-0.16516504,0.91110018,0.37764663,1.1835429,1.7501297,2.3
8,11900,5.950000,17,1.9308441,0.97066965,0.63342798,0.6850487,-0.11407377,0.02932071,-0.083516619,-0.42136762,0.03918638,-0.13974756,0.24859864,0.38779155,-0.88759024,2.6628834,1.0007297,2.3
8,11900,5.950000,18,1.9308441,1.4613348,0.58387795,0.57645499,-0.12123828,0.13245338,-0.098633762,-0.1747442,0.25702852,-0.19105847,0.26955934,0.57010843,0.776089,0.68235619,1.1291272,2.3
8,11900,5.950000,19,1.9308441,1.433236,0.67747131,0.053373411,0.031664274,-0.0040414753,-0.13665316,0.036483748,0.054764635,-0.38156358,0.94804119,-0.0097694058,0.31799757,1.2471797,-0.010304468,2.3
8,11900,5.950000,20,1.9308441,1.2151426,0.096223397,1.164478,0.10815469,-0.1505716,0.087763683,0.30190231,-0.21370755,0.029776878,-0.75369736,-0.56678656,-0.33270599,1.9099679,-2.4968076,2.3
8,11900,5.950000,21,1.9308441,1.3016308,0.66060688,1.4106651,-0.0039924435,-0.050727097,-0.064184615,-0.22014847,-0.11901422,0.00056094633,-0.29409837,-0.80471582,-0.51569234,2.1126119,-1.9211846,2.3
8,11900,5.950000,22,1.9308441,1.6312225,0.18010283,1.7185342,0.016742942,0.017949362,0.099991041,-0.24692041,-0.11955136,0.029699264,0.6592364,-0.29874993,0.69004047,0.80925137,-0.42549172,2.3
8,11900,5.950000,23,1.9308441,1.6517391,0.7818626,1.0954529,-0.13501956,-0.044240862,0.021930633,-0.10917898,-0.067028519,-0.24212727,0.81274829,0.52642511,-0.24963337,1.8230979,0.57476362,2.3
8,11900,5.950000,24,1.9308441,1.1624364,1.3334956,0.37673633,0.019410991,0.052343044,0.11034318,-0.0033288066,0.30651018,-0.16175051,0.67296636,-0.73210803,-0.1055183,1.6765114,-0.82746481,2.3
8,11900,5.950000,25,1.9308441,1.4013723,1.6573009,0.75498562,0.097536067,0.01780459,-0.13568235,0.22892844,-0.00089740618,-0.094993248,-0.38060034,-0.71781016,-0.58300254,2.1932157,-2.0583299,2.3
8,11900,5.950000,26,1.9308441,1.9047154,1.3963386,0.93194808,0.13335143,0.012338516,0.051591384,0.071723147,0.022496965,0.083397409,0.38397493,0.063628435,-0.92114856,2.7418176,0.1642176,2.3
8,11900,5.950000,27,1.9308441,1.6520528,1.8066531,0.23735249,-0.10418359,0.083041563,0.087834731,-0.10189044,0.31775162,-0.0045448332,-0.93193847,0.36017239,0.042030223,1.5287537,2.7727985,2.3
8,11900,5.950000,28,1.9308441,1.2727619,1.0730962,0.75864647,-0.031975364,0.0305459,-0.14255857,-0.087024302,-0.047367343,0.03564833,-0.35975417,0.782542,0.50813872,1.037774,2.0017081,2.3
8,11900,5.950000,29,1.9308441,1.1259535,1.5532952,1.6010175,0.054818263,-0.087964377,-0.095046942,0.3382977,0.26712351,-0.12264817,-0.45373488,-0.78904239,0.41416997,1.1437656,-2.0926644,2.3
8,11900,5.950000,30,1.9308441,0.0043893682,1.1720641,1.9118778,0.036172837,-0.075062665,0.030569407,0.034623584,-0.058583702,-0.058884289,0.014274463,0.75589548,-0.65453668,2.2843659,1.5519144,2.3
8,11900,5.950000,31,1.9308441,1.8336232,0.028634629,1.099067,0.040892673,-0.011822999,-0.060745995,-0.1030163,0.070128658,-0.41468344,-0.64875641,-0.58215418,0.4901139,1.0585759,-2.4102499,2.3
9,12000,6.000000,0,1.9398045,0.1939311,0.28409354,1.9218921,-0.036098702,-0.009493919,0.023696897,0.12549167,0.16817018,0.32531849,0.7121546,-0.097030596,0.69528476,0.80198031,-0.13541551,2.3
9,12000,6.000000,1,1.9398045,0.18682205,0.64211377,0.90288145,-0.026118535,0.053753586,0.11120203,-0.30464767,-0.18273899,0.22649506,0.4809747,-0.3544288,-0.80189997,2.5012649,-0.63506229,2.3
9,12000,6.000000,2,1.9398045,0.65951475,0.29261157,0.45680816,0.042188566,0.010526604,-0.13482871,-0.065107329,-0.16507466,0.0075527688,0.37211144,-0.54393901,0.752106,0.7195445,-0.97081794,2.3
9,12000,6.000000,3,1.9398045,0.6672007,0.7383197,0.19879088,0.045007629,0.053555506,0.029014129,-0.087654444,0.57688087,0.0077481045,-0.28340727,0.04193026,0.95808255,0.29056364,2.9947077,2.3
9,12000,6.000000,4,1.9398045,0.54415065,0.043715266,1.357477,0.0045758937,-0.038106015,0.11996302,0.11806956,-0.14614605,-0.35590155,-0.81936367,0.54021508,-0.19186152,1.7638549,2.5587001,2.3
9,12000,6.000000,5,1.9398045,0.31561005,0.85475438,1.6048122,-0.0094931109,0.0677721,-0.12202206,-0.036807959,0.030954949,-0.22016828,-0.12856198,-0.8803634,0.45654364,1.0966899,-1.7158042,2.3
9,12000,6.000000,6,1.9398045,0.73692859,0.0036327361,1.8638431,-0.047242287,-0.048281849,-0.0064434512,0.44986786,-0.20851885,0.49150576,0.63912183,-0.76387567,0.089539065,1.4811372,-0.87408442,2.3
9,12000,6.000000,7,1.9398045,0.52420144,0.58373392,1.2422074,-0.13416636,-0.024767554,-0.1329518,-0.41326917,0.1220413,-0.38253093,-0.3708827,-0.81992528,-0.4360832,2.0220379,-1.9955922,2.3
9,12000,6.000000,8,1.9398045,0.22344313,1.2940652,0.50066833,-0.051632166,0.0441323,0.12068386,-0.0073559032,-0.28020436,0.10450555,-0.52804108,-0.71426671,-0.45934266,2.0480514,-2.2073994,2.3
9,12000,6.000000,9,1.9398045,0.058943332,0.2229964,0.57608738,0.014569025,0.12473117,-0.072216599,-0.0026558585,0.15042618,0.0042087398,-0.42348455,-0.17809957,0.88822372,0.47733216,-2.7434909,2.3
9,12000,6.000000,10,1.9398045,0.69707895,1.0859948,0.60886906,-0.018422159,-0.074328925,-0.061276573,0.086870115,-0.30687733,0.065354351,0.78465652,0.16412896,0.59780919,0.93003093,0.2062,2.3
9,12000,6.000000,11,1.9398045,0.71835331,1.6733055,0.49814845,-0.033135927,-0.053997099,0.087307557,-0.25097794,-0.19362465,0.11082645,-0.24456994,-0.6191439,-0.7462214,2.4131641,-1.9469963,2.3
9,12000,6.000000,12,1.9398045,0.27499522,1.5564306,1.3820762,0.10782502,0.0061759595,0.066987736,0.54536768,-0.019607945,0.50847463,0.44264567,0.55286739,0.70597624,0.78699571,0.89566755,2.3
9,12000,6.000000,13,1.9398045,0.29472927,1.6875975,0.14651303,-0.023829157,0.010763036,0.18293205,-0.30273573,-0.079256965,0.2585386,-0.78226705,0.57803525,0.23223589,1.3364205,2.5052185,2.3
9,12000,6.000000,14,1.9398045,0.95194747,1.0546142,1.7641752,0.096739808,0.0057473741,0.13866898,0.19683348,-0.15012,0.18288356,-0.075406289,-0.88536546,0.45873946,1.0942203,-1.655761,2.3
9,12000,6.000000,15,1.9398045,0.69754586,1.3289838,1.1572131,-0.016283189,-0.048710304,0.0017885959,0.076742685,0.048192401,-0.022306734,-0.25607299,0.070863561,0.96405652,0.26892708,2.871617,2.3
9,12000,6.000000,16,1.9398045,1.2470518,0.07977403,0.4963802,0.067789893,-0.064195147,0.056707542,0.035245165,-0.049848418,0.27683317,-0.49449221,0.70662618,0.50611945,1.0401169,2.1813835,2.3
9,12000,6.000000,17,1.9398045,0.95390113,0.63626363,0.68388206,-0.13529774,0.029217051,-0.087852324,-0.37980031,-0.0031199527,-0.022563464,0.37837453,0.47988054,-0.79154746,2.4841334,0.90312152,2.3
9,12000,6.000000,18,1.9398045,1.4638969,0.59879093,0.56687077,-0.12544805,0.14462857,-0.11086482,-0.022820101,0.21979092,-0.27350115,0.16634451,0.59629845,0.7853392,0.66755247,1.2987506,2.3
9,12000,6.000000,19,1.9398045,1.4443045,0.68209929,0.03783556,0.036071405,-0.002560862,-0.15240224,0.10273829,0.042548774,-0.29591989,0.98220975,-0.17928817,0.055854843,1.5149124,-0.18054779,2.3
9,12000,6.000000,20,1.9398045,1.2369149,0.084529413,1.175336,0.12425064,-0.16268409,0.093205095,0.38232253,-0.31939082,0.17240484,-0.5875935,-0.62640214,-0.51220527,2.1085468,-2.3242377,2.3
9,12000,6.000000,21,1.9398045,1.2937926,0.65861183,1.4180444,-0.017838992,-0.055776131,-0.063353701,-0.31060381,0.0065001046,0.024573143,-0.49110087,-0.8223995,-0.28719159,1.8620899,-2.1091221,2.3
9,12000,6.000000,22,1.9398045,1.6240384,0.17857735,1.7267589,0.0020229291,0.015593537,0.10023988,-0.35061027,0.014169072,-0.063411527,0.47241837,-0.51862388,0.71263606,0.77754768,-0.83198758,2.3
9,12000,6.000000,23,1.9398045,1.6567539,0.78097398,1.0824321,-0.13766381,-0.048747435,0.003868014,0.016460801,-0.1494028,-0.40279979,0.70919385,0.67501302,-0.2034736,1.7757008,0.76070974,2.3
9,12000,6.000000,24,1.9398045,1.1687011,1.3539969,0.36812634,0.020279198,0.066622852,0.1000088,-0.048472776,0.2620985,-0.25109985,0.83122344,-0.53965647,-0.13356082,1.7047575,-0.57583481,2.3
9,12000,6.000000,25,1.9398045,1.4199541,1.6682595,0.75820977,0.1095866,0.021064622,-0.13596121,0.29538901,0.059296483,0.080028798,-0.087197621,-0.7204985,-0.68795239,2.3294602,-1.6912346,2.3
9,12000,6.000000,26,1.9398045,1.9167405,1.4018971,0.94019412,0.13652993,0.01141913,0.055503488,0.083236977,-0.0075481077,0.13632807,0.54878347,0.051790227,-0.83435872,2.5577647,0.09409411,2.3
9,12000,6.000000,27,1.9398045,1.6599611,1.8311256,0.24037243,-0.10394252,0.099092739,0.089748752,0.073741802,0.3278916,0.070303916,-0.68774702,0.70990492,-0.15178616,1.7231714,2.3403422,2.3
9,12000,6.000000,28,1.9398045,1.2750465,1.0763466,0.76180931,-0.035588934,0.028820405,-0.14291555,-0.046967527,-0.0098572404,-0.034555498,-0.52871002,0.036337655,0.84802435,0.55855018,3.0729717,2.3
9,12000,6.000000,29,1.9398045,1.144921,1.5725445,1.5994505,0.06852887,-0.075951333,-0.10402293,0.21489242,0.28522916,-0.24574113,-0.55274848,-0.72846808,0.4047263,1.1541168,-2.2198943,2.3
9,12000,6.000000,30,1.9398045,0.0074515227,1.1754637,1.9185142,0.039207597,-0.077097495,0.02833857,0.019038575,-0.083246352,-0.071730554,0.21776907,0.65781986,-0.72100601,2.3760494,1.2511052,2.3
9,12000,6.000000,31,1.9398045,1.8387403,0.03185956,1.0820725,0.037508287,-0.0087380944,-0.08278989,-0.11541666,0.018209309,-0.44216006,-0.84747265,-0.33597626,0.41098669,1.1472602,-2.7641547,2.3
10,12100,6.050000,0,1.938889,0.19608389,0.29027897,1.9361359,-0.033853851,-0.0031729087,0.038851307,0.012632292,0.059339666,0.24930825,0.56349498,0.35881524,0.74412703,0.73156921,0.56701656,2.3
10,12100,6.050000,1,1.938889,0.16771635,0.6355762,0.90764188,-0.045140554,0.047517597,0.11638982,-0.44187948,-0.086371723,-0.045614645,0.17624137,-0.12715826,-0.97609925,2.9225193,-0.62501065,2.3
10,12100,6.050000,2,1.938889,0.65398591,0.28020815,0.45571483,0.036969767,-0.0017416004,-0.13570665,-0.13240369,-0.27467089,0.0041217979,0.24906938,-0.48202891,0.84000748,0.57349931,-1.0938699,2.3
10,12100,6.050000,3,1.938889,0.66369212,0.76959068,0.19860537,0.041813191,0.08518242,0.028922421,-0.077850067,0.61349595,-0.01404572,-0.26725952,0.095548411,0.95887583,0.28778177,2.7982416,2.3
10,12100,6.050000,4,1.938889,0.55381549,0.038183024,1.3400944,0.014499894,-0.043618926,0.10321715,0.19752892,-0.052372328,-0.32742705,-0.64389776,0.65767964,-0.39096439,1.9724755,2.3456063,2.3
10,12100,6.050000,5,1.938889,0.3135907,0.85326836,1.5975161,-0.011363943,0.066689241,-0.12856235,-0.075680631,-0.016063852,-0.055062211,0.16367269,-0.98106277,0.10357165,1.4670386,-1.4054868,2.3
10,12100,6.050000,6,1.938889,0.75749849,1.9302649,1.887955,-0.026319631,-0.060539827,0.018554023,0.40704259,-0.230521,0.49246862,0.50532746,-0.8210028,0.2657039,1.3018623,-1.0190575,2.3
10,12100,6.050000,7,1.938889,0.50713924,0.58934339,1.2253704,-0.15098513,-0.018881178,-0.14920635,-0.14296417,0.050799465,-0.21138452,-0.50279075,-0.45026408,-0.73787784,2.400717,-2.4112528,2.3
10,12100,6.050000,8,1.938889,0.22205954,1.2793757,0.50416338,-0.052910597,0.030050231,0.12441609,-0.036870765,-0.29595608,0.016375926,-0.43986707,-0.41822074,-0.79473792,2.489372,-2.3814154,2.3
10,12100,6.050000,9,1.938889,0.057418643,0.23127203,0.57824322,0.013071802,0.13311402,-0.069788287,-0.054734041,0.16321672,0.0081483901,-0.26419178,-0.074778072,0.96156692,0.27814319,-2.8657629,2.3
10,12100,6.050000,10,1.938889,0.70382498,1.0735041,0.61146158,-0.011345447,-0.086309865,-0.058396003,0.18324363,-0.14864062,0.04827325,0.69558562,0.35447791,0.62490484,0.89578668,0.47130662,2.3
10,12100,6.050000,11,1.938889,0.70009808,1.6655054,0.50606838,-0.051056341,-0.061009177,0.095464528,-0.39666836,-0.08490702,0.20788578,-0.25488943,-0.67924682,-0.68822608,2.3298374,-1.9297888,2.3
10,12100,6.050000,12,1.938889,0.297939,1.5550082,1.406954,0.13090404,0.0054879667,0.092523849,0.36443964,0.009652437,0.428614,0.50774437,0.47348643,0.71972651,0.76738802,0.75049911,2.3
10,12100,6.050000,13,1.938889,0.28049932,1.6848012,0.15741469,-0.037923324,0.0087627534,0.19390544,-0.30209743,-0.036537547,0.13971239,-0.76816378,0.58494421,0.2603165,1.3074463,2.4907824,2.3
10,12100,6.050000,14,1.938889,0.95995401,1.0449229,1.7728685,0.10519764,-0.0034483669,0.14819711,0.21272801,-0.14877659,0.15440246,-0.51864117,-0.64878518,0.55685647,0.98019996,-2.2451735,2.3
10,12100,6.050000,15,1.938889,0.70312751,1.3284757,1.1579642,-0.010370922,-0.048591044,0.0030862017,0.12805124,-0.10464575,0.037346908,-0.38909228,0.038498485,0.92039397,0.40170941,3.0429693,2.3
10,12100,6.050000,16,1.938889,1.2429885,0.081384374,0.50977329,0.064314373,-0.062546763,0.070338124,-0.11493456,0.13140538,0.25557889,-0.63766047,0.45355749,0.62263531,0.89869036,2.5233338,2.3
10,12100,6.050000,17,1.938889,0.93804591,0.63742688,0.68150303,-0.15070638,0.030680947,-0.089909065,-0.24613,0.079570922,-0.028549891,0.48987654,0.55709931,-0.67056792,2.3057704,0.84951677,2.3
10,12100,6.050000,18,1.938889,1.4639738,0.60799435,0.55408778,-0.12468004,0.15411684,-0.12338321,0.08149388,0.15981606,-0.19220629,-0.054588911,0.60852796,0.79165256,0.65728725,1.6602633,2.3
10,12100,6.050000,19,1.938889,1.4467012,0.68095558,0.020270931,0.039150433,-0.0033828348,-0.16995316,0.010354303,-0.046317935,-0.37197295,0.89477703,-0.40371073,-0.19076614,1.7627389,-0.42383964,2.3
10,12100,6.050000,20,1.938889,1.257001,0.067641954,1.1832251,0.14492533,-0.17953563,0.10165093,0.39896431,-0.33304604,0.16480898,-0.3431866,-0.63661474,-0.69061178,2.3331309,-2.0652174,2.3
10,12100,6.050000,21,1.938889,1.2759391,0.6594823,1.4181905,-0.035085991,-0.054594536,-0.062538147,-0.38693322,0.067555571,0.077740797,-0.52628299,-0.85028479,-0.0064800675,1.5772764,-2.1250326,2.3
10,12100,6.050000,22,1.938889,1.6048126,0.17917489,1.7227071,-0.016440736,0.016275516,0.097002321,-0.36782712,0.012048296,-0.02281497,0.23824663,-0.72795548,0.64289919,0.87251896,-1.2545019,2.3
10,12100,6.050000,23,1.938889,1.6576605,0.77378197,1.0596076,-0.13597485,-0.055572461,-0.018450879,0.019102154,-0.09190811,-0.42749552,0.57880488,0.81512921,0.023436781,1.5473574,0.95333894,2.3
10,12100,6.050000,24,1.938889,1.164556,1.3722775,0.35114279,0.016684846,0.085547005,0.083195018,-0.076515647,0.45308776,-0.389051,0.85914009,-0.44958401,-0.24444328,1.8177418,-0.48210974,2.3
10,12100,6.050000,25,1.938889,1.4377573,1.6659788,0.7600888,0.12806435,0.01957096,-0.1337238,0.41701112,-0.15629941,0.058929767,0.24079454,-0.56269392,-0.79081827,2.4829411,-1.1664452,2.3
10,12100,6.050000,26,1.938889,1.9174933,1.3993485,0.94914696,0.13818782,0.0095317654,0.064902291,-0.030342666,-0.05626849,0.22922745,0.75826639,0.097516932,-0.64461037,2.2713099,0.12790305,2.3
10,12100,6.050000,27,1.938889,1.664361,1.8412532,0.24591879,-0.098757928,0.11008725,0.095409899,0.071287805,0.11202965,0.086923153,-0.31204772,0.9127596,-0.26362119,1.8375706,1.9002127,2.3
10,12100,6.050000,28,1.938889,1.2774674,1.0775408,0.76620094,-0.032565543,0.030523023,-0.13816324,0.074724213,0.022148514,0.19010297,-0.39445042,-0.70503429,0.58935177,0.9405401,-2.0808864,2.3
10,12100,6.050000,29,1.938889,1.1567188,1.5868276,1.5829699,0.080869868,-0.060922423,-0.11975233,0.26062961,0.24814228,-0.38075718,-0.62627255,-0.65380481,0.42464334,1.1322284,-2.3346895,2.3
10,12100,6.050000,30,1.938889,0.0079118724,1.1694064,1.9127848,0.039671573,-0.082601277,0.023513485,0.081448129,-0.028646902,-0.17231135,0.32459004,0.59195652,-0.73771864,2.4004812,1.0692329,2.3
10,12100,6.050000,31,1.938889,1.8319688,0.033761617,1.0623541,0.031603286,-0.0068205477,-0.10200217,-0.08485732,0.012992286,-0.22720757,-0.9409501,-0.10665832,0.32130501,1.2436891,-3.0287227,2.3
11,12200,6.100000,0,1.9502848,0.19988659,0.2936077,0.0095424459,-0.031211385,-0.0015550472,0.05112708,0.080345451,0.060685853,0.20572496,0.33960814,0.72807484,0.59546061,0.93295746,1.1343498,2.3
11,12200,6.100000,1,1.9502848,0.13905087,0.63584409,0.90227362,-0.074705161,0.044060013,0.10571814,-0.70830297,-0.1156859,-0.41803294,-0.056491838,0.12470574,-0.99058425,3.0042568,1.9961432,2.3
11,12200,6.100000,2,1.9502848,0.6527681,0.26937888,0.45858403,0.031922926,-0.014181356,-0.13551649,-0.0872002,-0.13948326,0.071221668,0.12143031,-0.4306754,0.8943005,0.46393082,-1.2959773,2.3
11,12200,6.100000,3,1.9502848,0.66302362,0.79782191,0.19598629,0.037257173,0.1088211,0.025147103,-0.117965,0.33076429,-0.15487331,-0.22110127,0.17145836,0.96006055,0.28357778,2.4819863,2.3
11,12200,6.100000,4,1.9502848,0.56910342,0.034819102,1.3313543,0.026497604,-0.047196787,0.086649173,0.32449455,0.0059153774,-0.30312763,-0.40447905,0.70274823,-0.58527056,2.19601,2.093057,2.3
11,12200,6.100000,5,1.9502848,0.30987539,0.86097616,1.6066251,-0.016906148,0.069374066,-0.12884189,-0.093382893,0.17614016,0.079370339,0.39432666,-0.88742764,-0.23870206,1.8118254,-1.1526526,2.3
11,12200,6.100000,6,1.9502848,0.776276,1.9300846,1.9255162,-0.012036196,-0.072031648,0.04494141,0.29101346,-0.21506194,0.52912144,0.32996688,-0.8841813,0.330674,1.2337787,-1.2136142,2.3
11,12200,6.100000,7,1.9502848,0.51257372,0.59136639,1.2307087,-0.14853854,-0.020317855,-0.15106476,0.19555346,-0.084056249,0.067031852,-0.48426106,-0.20283676,-0.85108664,2.5888479,-2.7449356,2.3
11,12200,6.100000,8,1.9502848,0.2215965,1.2689779,0.50655606,-0.054673635,0.012185185,0.12384721,-0.046449919,-0.36464309,-0.10354077,-0.23043706,-0.12873373,-0.96453428,2.8744696,-2.6321324,2.3
11,12200,6.100000,9,1.9502848,0.058198097,0.23643201,0.57789906,0.013512485,0.1369036,-0.07352015,0.073996858,-0.0078498192,-0.21035243,-0.07604329,0.012914482,0.99702088,0.077208819,2.9733671,2.3
11,12200,6.100000,10,1.9502848,0.7176694,1.0749808,0.62411159,-0.001666142,-0.091128591,-0.049366326,0.15731687,-0.051824985,0.36049539,0.57801068,0.56597183,0.58786013,0.94238524,0.77487492,2.3
11,12200,6.100000,11,1.9502848,0.68486024,1.6680199,0.51863812,-0.070352486,-0.068262453,0.10503181,-0.35126234,-0.1595483,0.20263653,-0.22598632,-0.75255413,-0.6185406,2.2376803,-1.8625214,2.3
11,12200,6.100000,12,1.9502848,0.31629894,1.5674731,1.4356815,0.14746432,0.0088036417,0.11292216,0.29469238,0.13245012,0.46667821,0.56380628,0.36419769,0.74127088,0.73583451,0.57353164,2.3
11,12200,6.100000,13,1.9502848,0.26582194,1.6928129,0.16483338,-0.054201655,0.0068775235,0.20037996,-0.31770045,-0.1011683,0.16929499,-0.74846821,0.61687097,0.24344517,1.32488,2.452282,2.3
11,12200,6.100000,14,1.9502848,0.97604812,1.045036,1.7868245,0.11561906,-0.0094592168,0.15172273,0.16472297,-0.12919293,0.03507196,-0.82763408,-0.32140423,0.46013166,1.0926528,-2.7711774,2.3
11,12200,6.100000,15,1.9502848,0.71565324,1.3282454,1.1661541,-0.0020023662,-0.056606008,0.0044660896,0.14893347,-0.17753015,0.024566854,-0.50654872,-0.042420234,0.86116718,0.53323495,-3.058044,2.3
11,12200,6.100000,16,1.9502848,1.2437979,0.09163263,0.52120851,0.057837094,-0.052805389,0.078752484,-0.17040023,0.22588646,0.11446931,-0.71472192,0.19375373,0.67203577,0.83384184,2.8768655,2.3
11,12200,6.100000,17,1.9502848,0.93244718,0.64202301,0.68909281,-0.16178603,0.031528102,-0.086335305,-0.18352256,-0.020238101,0.093485582,0.54421656,0.60323723,-0.58303789,2.1932592,0.83678908,2.3
11,12200,6.100000,18,1.9502848,1.4801483,0.62127451,0.5474961,-0.11713218,0.16379515,-0.13320279,0.22501436,0.19609382,-0.22441295,-0.29531993,0.62604749,0.72169985,0.76454144,2.0115661,2.3
11,12200,6.100000,19,1.9502848,1.4549428,0.68152428,0.00090054101,0.038889804,-0.0068064334,-0.18938575,0.036027962,-0.13689699,-0.4146511,0.74212601,-0.54197861,-0.39434524,1.9761516,-0.63077694,2.3
11,12200,6.100000,20,1.9502848,1.2864319,0.048671397,1.199243,0.16690378,-0.19884717,0.11068797,0.49160073,-0.42398366,0.12544896,-0.0618113,-0.62735679,-0.77627496,2.4595314,-1.6690059,2.3
11,12200,6.100000,21,1.9502848,1.2634014,0.66895239,1.430185,-0.055064511,-0.049016919,-0.058889764,-0.38229898,0.1212411,0.065690817,-0.47323204,-0.83676694,0.27544968,1.2917389,-2.0854983,2.3
11,12200,6.100000,22,1.9502848,1.5953647,0.18124308,1.7318307,-0.03526578,0.017287637,0.096003666,-0.37352416,0.1094304,-0.046454082,-0.032764517,-0.9043645,0.42550127,1.1312806,-1.6070098,2.3
11,12200,6.100000,23,1.9502848,1.6658864,0.7755259,1.0480299,-0.13748744,-0.058368258,-0.036204434,-0.026977154,-0.037780374,-0.35031216,0.38279923,0.88286944,0.27204101,1.2952829,1.1616764,2.3
11,12200,6.100000,24,1.9502848,1.1669409,1.3997895,0.33363595,0.012238074,0.10493661,0.06368151,-0.17425443,0.28764345,-0.32999011,0.90504699,-0.28979427,-0.31130246,1.8873596,-0.30988257,2.3
11,12200,6.100000,25,1.9502848,1.4655498,1.6677324,0.76792586,0.14734993,0.011556215,-0.13036403,0.35513167,-0.13927465,0.017115547,0.53257256,-0.30494264,-0.78954193,2.4808586,-0.52001685,2.3
11,12200,6.100000,26,1.9502848,1.9275464,1.4046018,0.96722667,0.1369743,0.0065690423,0.077366838,-0.058971805,-0.023269267,0.29369899,0.94936559,0.21128484,-0.23251603,1.8054601,0.21898482,2.3
11,12200,6.100000,27,1.9502848,1.6768018,1.8597699,0.25190026,-0.096107229,0.11775943,0.099932726,0.045690389,0.14092545,0.12999524,0.087872809,0.94671967,-0.30983905,1.8858201,1.4782433,2.3
11,12200,6.100000,28,1.9502848,1.2891981,1.087807,0.78193394,-0.028355518,0.034444487,-0.12696641,0.014730972,0.098281064,0.23451996,-0.17586159,-0.98435869,-0.01052035,1.5813169,-1.7475871,2.3
11,12200,6.100000,29,1.9502848,1.1766816,1.6096539,1.5732291,0.093995611,-0.047462199,-0.1387415,0.23054087,0.29056192,-0.28793132,-0.6625817,-0.64348881,0.38328533,1.1774457,-2.370812,2.3
11,12200,6.100000,30,1.9502848,0.014411057,1.1833293,1.9181818,0.046105403,-0.075572204,0.017685193,0.1000047,0.17932007,-0.060124836,0.41345226,0.49023143,-0.76728767,2.4453973,0.87015704,2.3
11,12200,6.100000,31,1.9502848,1.8366206,0.035317282,1.0529615,0.025505491,-0.0054672828,-0.11759308,-0.1737852,0.014888115,-0.3584675,-0.95687492,0.11948579,0.26478958,1.3028106,3.0173648,2.3
12,12300,6.150000,0,1.9545112,0.20379341,0.30005758,0.020654455,-0.027741485,0.0042522911,0.062206418,0.12177675,0.13670473,0.19882215,0.061080316,0.94298608,0.32717953,1.237479,1.5061134,2.3
12,12300,6.150000,1,1.9545112,0.10495026,0.62904924,0.87717036,-0.1090699,0.035896096,0.078688869,-0.60717509,-0.26016358,-0.5840643,-0.19909721,0.35822184,-0.91216085,2.7193224,2.0780763,2.3
12,12300,6.150000,2,1.9545112,0.64806193,0.26515946,0.4602585,0.025808796,-0.018979334,-0.13483652,-0.10385072,-0.10008571,0.059660339,0.05425384,-0.43189958,0.90028844,0.45036464,-1.4458341,2.3
12,12300,6.150000,3,1.9545112,0.65504115,0.81081312,0.1844718,0.027848085,0.12007122,0.013220803,-0.1973207,0.20846314,-0.26430686,-0.15994984,0.26651928,0.9504649,0.31606817,2.1113214,2.3
12,12300,6.150000,4,1.9545112,0.58569973,0.035904824,1.320378,0.04184404,-0.046187612,0.072802763,0.29874235,0.056145964,-0.27646369,-0.10216154,0.72847905,-0.67740778,2.3150293,1.7101272,2.3
12,12300,6.150000,5,1.9545112,0.30648419,0.87143824,1.6204961,-0.020964474,0.077961084,-0.11846377,-0.0043784179,0.15409031,0.35439767,0.50878273,-0.76926834,-0.38647944,1.9676077,-0.98645902,2.3
12,12300,6.150000,6,1.9545112,0.78936924,1.9247478,1.9538934,-0.00063751104,-0.081540728,0.069119685,0.19880744,-0.17653416,0.36050915,0.086437091,-0.93541928,0.34281103,1.2208887,-1.4786533,2.3
12,12300,6.150000,7,1.9545112,0.52796534,0.58280289,1.2361616,-0.13427313,-0.030152226,-0.14828185,0.29652537,-0.27773576,-0.0022223523,-0.38117105,-0.040625817,-0.92361148,2.7481937,-3.0354119,2.3
12,12300,6.150000,8,1.9545112,0.21949365,1.2568374,0.50160675,-0.057253894,-0.0026891287,0.11780671,-0.15082612,-0.27321418,-0.18204591,0.032804079,0.041937271,-0.99858157,3.0883242,0.90699264,2.3
12,12300,6.150000,9,1.9545112,0.06041572,0.23562929,0.56470684,0.015601728,0.13558993,-0.087949083,0.03576689,-0.042647174,-0.22533321,0.098123613,0.10021818,0.99011518,0.14072062,0.79595815,2.3
12,12300,6.150000,10,1.9545112,0.72415733,1.0823691,0.65065172,0.0032612291,-0.086075323,-0.024205903,0.1641121,0.21185732,0.63649797,0.54482186,0.70702794,0.45086653,1.1030604,0.91425336,2.3
12,12300,6.150000,11,1.9545112,0.66835637,1.6641835,0.52759542,-0.088321033,-0.07570545,0.11285673,-0.27312028,-0.15180567,0.12525105,-0.096219122,-0.86121083,-0.4990569,2.0933064,-1.6820603,2.3
12,12300,6.150000,12,1.9545112,0.3321023,1.5800739,1.4620087,0.1625659,0.017997665,0.13611313,0.28439008,0.13391731,0.46139873,0.58904376,0.19653571,0.78383746,0.66997456,0.32203745,2.3
12,12300,6.150000,13,1.9545112,0.25186638,1.6891825,0.17082946,-0.068717552,-0.00041336881,0.20601274,-0.28045692,-0.16346626,0.084474109,-0.66755139,0.72200939,0.18187242,1.387906,2.3170237,2.3
12,12300,6.150000,14,1.9545112,0.99046016,1.0440401,1.7912865,0.12790266,-0.012716276,0.15231192,0.29709552,-0.021887777,0.017344359,-0.95901191,0.040389568,0.28047252,1.28651,3.0995017,2.3
12,12300,6.150000,15,1.9545112,0.72376118,1.3253886,1.1707522,0.0045476325,-0.062335068,0.0065347719,0.10594737,-0.072559557,0.029442182,-0.60080125,-0.10881103,0.79195834,0.65678659,-2.9624249,2.3
12,12300,6.150000,16,1.9545112,1.2370947,0.099179371,0.52851779,0.048448655,-0.045465165,0.084925606,-0.15722118,0.13969905,0.12618185,-0.65371861,-0.12233986,0.74678306,0.72758449,-2.9565881,2.3
12,12300,6.150000,17,1.9545112,0.92688662,0.6379749,0.6942662,-0.16935904,0.026094587,-0.082659197,-0.11422215,-0.11991657,0.057597974,0.5598662,0.62531493,-0.5436277,2.1455496,0.84056469,2.3
12,12300,6.150000,18,1.9545112,1.4966953,0.62777894,0.53747607,-0.10380714,0.16894766,-0.14439715,0.25261737,0.042549231,-0.23083632,-0.45857356,0.60953807,0.64666346,0.86759425,2.2157867,2.3
12,12300,6.150000,19,1.9545112,1.4588595,0.67706143,1.938271,0.03965275,-0.012739759,-0.20650992,-0.0070384858,-0.18675534,-0.35433316,0.56118486,-0.537826,-0.62913811,2.2512402,-0.76414692,2.3
12,12300,6.150000,20,1.9545112,1.3107841,0.026134345,1.2086957,0.18844498,-0.22146521,0.11753442,0.33555416,-0.39390947,0.12436227,0.1454412,-0.6557748,-0.7408146,2.4050786,-1.3525438,2.3
12,12300,6.150000,21,1.9545112,1.2511963,0.67695054,1.4369012,-0.069991248,-0.042475491,-0.055276776,-0.28601419,0.090349627,0.1113244,-0.36653182,-0.81773283,0.44381014,1.1109503,-1.9921768,2.3
12,12300,6.150000,22,1.9545112,1.5790649,0.18509462,1.7340094,-0.055001481,0.020742678,0.094431056,-0.39960546,0.074451503,0.032443661,-0.30218302,-0.95207549,0.047304115,1.5234746,-1.8781335,2.3
12,12300,6.150000,23,1.9545112,1.6645484,0.77400814,1.0330051,-0.14243014,-0.061563167,-0.053481669,-0.21178196,-0.071196712,-0.37537935,0.22708683,0.84866704,0.47769847,1.0727633,1.3093409,2.3
12,12300,6.150000,24,1.9545112,1.161686,1.4193397,0.31893023,0.0044627838,0.1214355,0.048269467,-0.11806853,0.32693547,-0.31275466,0.92918545,-0.14847922,-0.33847941,1.9160968,-0.1584554,2.3
12,12300,6.150000,25,1.9545112,1.487983,1.6613399,0.77051152,0.16658635,0.0015605123,-0.12944349,0.35392588,-0.16913,0.012781213,0.77480785,-0.031954646,-0.6313887,2.254139,-0.041218667,2.3
12,12300,6.150000,26,1.9545112,1.9290577,1.4057463,0.97927079,0.13431142,0.0046717276,0.087304182,-0.027215695,0.012970145,0.14392171,0.9084683,0.23787688,0.34365671,1.2199883,0.25609443,2.3
12,12300,6.150000,27,1.9545112,1.6857751,1.8684428,0.26083578,-0.090773452,0.12239712,0.1083133,0.13297931,0.060400279,0.14728352,0.43958137,0.83268374,-0.33675809,1.9142681,1.0850715,2.3
12,12300,6.150000,28,1.9545112,1.2914369,1.096191,0.79944385,-0.0289098,0.040464652,-0.11116809,-0.043505735,0.15043442,0.3407888,0.16595923,-0.85751752,-0.48695095,2.0793918,-1.3796253,2.3
12,12300,6.150000,29,1.9545112,1.1885955,1.6288818,1.5601671,0.10334943,-0.031739546,-0.15519495,0.13787346,0.31771296,-0.29748349,-0.69781392,-0.6625372,0.27221351,1.2951037,-2.3821207,2.3
12,12300,6.150000,30,1.9545112,0.020833912,1.1980662,1.9216761,0.052490119,-0.063412829,0.017023339,0.064881778,0.30679385,-0.014647861,0.47152,0.3291186,-0.81813803,2.5289618,0.60937906,2.3
12,12300,6.150000,31,1.9545112,1.835723,0.0381482,1.03943,0.020633069,-0.0027158771,-0.1333893,-0.096686159,0.092748515,-0.24928809,-0.87889736,0.40067483,0.25884185,1.3089733,2.7138568,2.3
13,12400,6.200000,0,1.9563935,0.20711547,0.30515478,0.031592426,-0.024617191,0.0090582018,0.073119245,0.058196069,0.10547496,0.20203044,-0.18602622,0.98096542,0.055687455,1.51508,1.7582068,2.3
13,12400,6.200000,1,1.9563935,0.077904495,0.61541764,0.84467373,-0.13620369,0.021665525,0.045363501,-0.4207964,-0.26381765,-0.69811716,-0.41402204,0.50466655,-0.75756018,2.4303636,2.2578455,2.3
13,12400,6.200000,2,1.9563935,0.64192587,0.26118455,0.46817084,0.019051864,-0.023207574,-0.12737103,-0.15016136,-0.046034011,0.12719894,0.005330889,-0.56099188,0.82780414,0.59561409,-1.561294,2.3
13,12400,6.200000,3,1.9563935,0.64815239,0.823762,0.17010287,0.020332102,0.13223338,-0.0013187803,-0.14262859,0.26820544,-0.2915952,-0.046661079,0.41002226,0.91088116,0.425382,1.6841102,2.3
13,12400,6.200000,4,1.9563935,0.5995197,0.035345898,1.3038697,0.055093563,-0.04678083,0.055031385,0.25985195,-0.082197794,-0.31769106,0.2527914,0.73506387,-0.62910858,2.2512022,1.2395625,2.3
13,12400,6.200000,5,1.9563935,0.30916814,0.87997089,1.6400795,-0.018576839,0.08565078,-0.10044969,0.079582526,0.096304831,0.42605525,0.58378011,-0.68111549,-0.44190777,2.0285206,-0.86219812,2.3
13,12400,6.200000,6,1.9563935,0.79921286,1.9180842,0.015762244,0.0084415173,-0.090053849,0.08549248,0.17345675,-0.18209637,0.33391837,-0.1206687,-0.90634936,0.40493197,1.1538919,-1.703155,2.3
13,12400,6.200000,7,1.9563935,0.54550532,0.57139591,1.2361182,-0.11724981,-0.042114733,-0.14951513,0.37435508,-0.2461321,-0.067643026,-0.25765481,0.097479599,-0.9613073,2.8625055,2.7799021,2.3
13,12400,6.200000,8,1.9563935,0.20765236,1.2440558,0.49235758,-0.069300774,-0.016674383,0.10807914,-0.33670567,-0.26882071,-0.20606554,0.305109,0.098251546,-0.94723552,2.8152948,0.31153526,2.3
13,12400,6.200000,9,1.9563935,0.063840555,0.2309588,0.55531085,0.01896676,0.13069487,-0.097884141,0.15868278,-0.072407736,-0.23667195,0.23271835,0.16083109,0.95915355,0.28680165,0.60472618,2.3
13,12400,6.200000,10,1.9563935,0.73136893,1.0980108,0.68488186,0.0097722894,-0.071482985,0.0093814449,0.088543969,0.31006443,0.64636753,0.54370141,0.74979919,0.37708083,1.1841539,0.94340334,2.3
13,12400,6.200000,11,1.9563935,0.65509317,1.6568194,0.53697188,-0.10222122,-0.08466798,0.12172081,-0.31703074,-0.22192904,0.13620814,0.013423364,-0.92616833,-0.37687138,1.9572126,-1.5563039,2.3
13,12400,6.200000,12,1.9563935,0.34433975,1.5869819,1.4868117,0.17447777,0.023381322,0.15949678,0.21533572,0.031610043,0.5341886,0.57993644,0.096621636,0.8089116,0.62849781,0.1650909,2.3
13,12400,6.200000,13,1.9563935,0.24308609,1.6841769,0.17309885,-0.077736059,-0.0070426134,0.2081166,-0.14378303,-0.082007607,0.028126217,-0.51595115,0.85410977,0.065505072,1.5052443,2.1142109,2.3
13,12400,6.200000,14,1.9563935,1.0051424,1.0400814,1.7995087,0.14162438,-0.017678029,0.15880591,0.2012437,-0.1076243,0.20341942,-0.94695813,0.31898838,-0.038945022,1.6097512,2.8166752,2.3
13,12400,6.200000,15,1.9563935,0.72663976,1.3239483,1.1769219,0.0067281395,-0.065050406,0.011574537,0.053897813,0.036588741,0.14975133,-0.61579965,-0.13374976,0.77646751,0.68175576,-2.9277176,2.3
13,12400,6.200000,16,1.9563935,1.2286699,0.10943,0.53332713,0.038837124,-0.035314941,0.089223881,-0.15715271,0.27218361,0.11212709,-0.46448887,-0.44009107,0.76848549,0.69432547,-2.3831594,2.3
13,12400,6.200000,17,1.9563935,0.92330775,0.63343816,0.70006885,-0.17382842,0.02094591,-0.077527638,-0.16805766,-0.15336357,0.15969917,0.59479897,0.64757709,-0.47629623,2.067234,0.82785424,2.3
13,12400,6.200000,18,1.9563935,1.506333,0.62655863,0.52289105,-0.095614773,0.16712364,-0.15949253,0.1337565,-0.046675054,-0.28987426,-0.65490624,0.56317109,0.50392077,1.0426643,2.431364,2.3
13,12400,6.200000,19,1.9563935,1.4630656,0.67249514,1.9211808,0.042452535,-0.017955591,-0.22545771,0.029934251,-0.06637345,-0.37871379,0.33037214,-0.50049007,-0.80022743,2.4984707,-0.98735554,2.3
13,12400,6.200000,20,1.9563935,1.3273079,0.01144043,1.2130671,0.20369905,-0.23617722,0.12074021,0.32929387,-0.19141384,0.018390147,0.31482527,-0.71022226,-0.62965815,2.2519094,-1.1535472,2.3
13,12400,6.200000,21,1.9563935,1.2398691,0.68222398,1.4436972,-0.08251739,-0.037856224,-0.0498672,-0.28882137,0.08580212,0.12243028,-0.24596144,-0.829142,0.50202243,1.0448607,-1.859173,2.3
13,12400,6.200000,22,1.9563935,1.5607901,0.1866968,1.7345406,-0.074787443,0.022165914,0.093292865,-0.32644952,-0.072133418,-0.059073442,-0.52464747,-0.77763951,-0.34644167,1.9245715,-2.164317,2.3
13,12400,6.200000,23,1.9563935,1.6510939,0.77634868,1.0172084,-0.15748049,-0.059968816,-0.070265075,-0.38845244,0.12689883,-0.29521776,0.19280719,0.75521011,0.6264847,0.8937614,1.3208331,2.3
13,12400,6.200000,24,1.9563935,1.1589748,1.4351981,0.30146757,0.00063460557,0.13592001,0.030508197,-0.053840458,0.34923075,-0.41232875,0.94481444,-0.051235878,-0.32357465,1.9003013,-0.054175445,2.3
13,12400,6.200000,25,1.9563935,1.5111749,1.6538106,0.77123873,0.1883348,-0.0075644324,-0.12945833,0.49346247,-0.19703072,-0.073340238,0.88218907,0.19954528,-0.42652564,2.0114443,0.22244997,2.3
13,12400,6.200000,26,1.9563935,1.9285154,1.4080358,0.98524997,0.13191252,0.0056070312,0.092337839,-0.065047193,-0.0031853164,0.10142551,0.61473335,0.25688893,0.74572849,0.72916873,0.39583029,2.3
13,12400,6.200000,27,1.9563935,1.6920495,1.8731501,0.26784097,-0.086124797,0.12530358,0.11506404,0.027213882,0.05809577,0.086898953,0.68232045,0.64984453,-0.33487446,1.9122683,0.76102469,2.3
13,12400,6.200000,28,1.9563935,1.2933962,1.1045132,0.81464413,-0.02819463,0.047727631,-0.096744669,0.084743341,0.093206299,0.24825991,0.52501404,-0.40497342,-0.74856983,2.4166988,-0.65703026,2.3
13,12400,6.200000,29,1.9563935,1.1979213,1.6423147,1.5501683,0.11152666,-0.019881014,-0.16669077,0.13977503,0.17440726,-0.1805944,-0.73181876,-0.67865135,0.0622386,1.5085175,-2.3938715,2.3
13,12400,6.200000,30,1.9563935,0.025809713,1.2149716,1.9247083,0.05744347,-0.047668844,0.01820427,0.16077663,0.28064804,0.0040539637,0.51066411,0.21346893,-0.83285844,2.5550486,0.39594557,2.3
13,12400,6.200000,31,1.9563935,1.8324701,0.040240892,1.0303664,0.015614681,-0.00066091343,-0.14344903,-0.044679919,-0.010899059,-0.19914651,-0.75013856,0.60913559,0.25738292,1.3104834,2.4595588,2.3
14,12500,6.250000,0,1.9615978,0.21109532,0.31217205,0.040323443,-0.021192846,0.015255485,0.081754752,0.094758136,0.16280668,0.16142213,-0.41335517,0.88926097,-0.19583775,1.767908,2.0059142,2.3
14,12500,6.250000,1,1.9615978,0.064103658,0.60608919,0.8163956,-0.15019318,0.010714526,0.014878928,-0.25277747,-0.14668358,-0.58307742,-0.45988298,0.58609414,-0.66708418,2.3010843,2.2361116,2.3
14,12500,6.250000,2,1.9615978,0.63625531,0.25904086,0.47471257,0.011683484,-0.026042286,-0.12208173,-0.12174504,-0.077310476,0.042818726,-0.083621081,-0.73784736,0.66976771,0.8369004,-1.683646,2.3
14,12500,6.250000,3,1.9615978,0.64273794,0.83764905,0.15861624,0.013202942,0.14391359,-0.013242075,-0.10485813,0.13542533,-0.30029066,0.0072543998,0.43924554,0.89833776,0.45482536,1.5542822,2.3
14,12500,6.250000,4,1.9615978,0.60958279,0.032462752,1.2923848,0.063550613,-0.049754052,0.040097807,0.15222274,-0.11532191,-0.20355342,0.57371307,0.66648916,-0.47607302,2.0669801,0.86006631,2.3
14,12500,6.250000,5,1.9615978,0.31385885,0.88605006,1.6655099,-0.014713684,0.089384151,-0.079410079,0.057477054,0.043594239,0.46109355,0.64063484,-0.63875906,-0.42611485,2.0109902,-0.78393201,2.3
14,12500,6.250000,6,1.9615978,0.80854235,1.9145256,0.031741642,0.015635442,-0.098703367,0.10140881,0.066335728,-0.13806694,0.31164211,-0.35825321,-0.79266955,0.49328452,1.0549347,-1.9952772,2.3
14,12500,6.250000,7,1.9615978,0.56702395,0.56107506,1.2356413,-0.097208918,-0.053939857,-0.15327534,0.45393322,-0.29553622,-0.058524068,-0.13010166,0.22668893,-0.96523867,2.8771513,2.0918197,2.3
14,12500,6.250000,8,1.9615978,0.19550775,1.2337499,0.48347406,-0.081980931,-0.030271623,0.097899406,-0.16653011,-0.31089367,-0.19159683,0.47446786,0.053831516,-0.8786253,2.643772,0.11297352,2.3
14,12500,6.250000,9,1.9615978,0.071699301,0.22272669,0.54515306,0.026645482,0.12186012,-0.1095037,0.16566801,-0.30149362,-0.24541181,0.36540693,0.092680305,0.92622251,0.38653062,0.24839772,2.3
14,12500,6.250000,10,1.9615978,0.73731272,1.1173305,0.71468082,0.013765236,-0.055105942,0.037321412,0.085351621,0.3351577,0.5700389,0.62356309,0.73820777,0.25732927,1.3105389,0.86938804,2.3
14,12500,6.250000,11,1.9615978,0.64215212,1.650667,0.54808068,-0.11688542,-0.095213744,0.13138835,-0.22739943,-0.15934948,0.17612409,0.13589921,-0.94328591,-0.30289124,1.8785213,-1.4277109,2.3
14,12500,6.250000,12,1.9615978,0.35413824,1.5912738,1.5143513,0.1833485,0.023451615,0.18305005,0.1445768,0.050778242,0.40509983,0.53240466,0.05896668,0.84443366,0.56528931,0.11030582,2.3
14,12500,6.250000,13,1.9615978,0.23648413,1.68315,0.175522,-0.084975049,-0.012542379,0.21007667,-0.16085716,-0.16834871,0.041942079,-0.30022472,0.9526944,-0.047312792,1.6181268,1.8760775,2.3
14,12500,6.250000,14,1.9615978,1.0190877,1.0367504,1.8095229,0.15288099,-0.023767737,0.16402626,0.29773901,-0.080036435,0.16564938,-0.80146333,0.42082448,-0.42492738,2.009678,2.6580907,2.3
14,12500,6.250000,15,1.9615978,0.7324617,1.327508,1.1900234,0.010611961,-0.065012725,0.021532034,0.04034082,0.011616736,0.17719298,-0.65584432,-0.12974074,0.74366362,0.73226263,-2.9462918,2.3
14,12500,6.250000,16,1.9615978,1.2268491,0.12623589,0.54177935,0.033754649,-0.018822053,0.096248047,-0.023552302,0.33680483,0.14380448,-0.2822579,-0.67615219,0.68055029,0.82228292,-1.9662524,2.3
14,12500,6.250000,17,1.9615978,0.9176792,0.62675658,0.70992708,-0.18190237,0.012590397,-0.069542288,-0.11228284,-0.19371945,0.11092422,0.60110825,0.59945476,-0.52851005,2.1276408,0.7840209,2.3
14,12500,6.250000,18,1.9615978,1.5183747,0.62527993,0.50870391,-0.087590823,0.16418212,-0.17504997,0.19263551,-0.095482438,-0.29389061,-0.80299981,0.47083641,0.36538252,1.1967526,2.6112727,2.3
14,12500,6.250000,19,1.9615978,1.4622924,0.67386196,1.9062957,0.037793616,-0.018377135,-0.24542687,-0.12056742,0.062309615,-0.40073671,0.15984999,-0.3710661,-0.91474474,2.725672,-1.1640353,2.3
14,12500,6.250000,20,1.9615978,1.3438289,0.0037448799,1.2175547,0.21667198,-0.24389295,0.12199918,0.25474972,-0.13326047,-0.0038426159,0.41939797,-0.79184666,-0.44394167,2.0307891,-1.0837146,2.3
14,12500,6.250000,21,1.9615978,1.2316008,0.68867981,1.456445,-0.09406864,-0.033221362,-0.040971623,-0.19113105,0.010268881,0.17429663,-0.22654055,-0.8126253,0.53695391,1.0039742,-1.8426698,2.3
14,12500,6.250000,22,1.9615978,1.5458826,0.18236021,1.7332729,-0.093821647,0.017339099,0.087418867,-0.45530223,-0.09512774,-0.19083778,-0.64222676,-0.47062923,-0.60502307,2.2205912,-2.5091852,2.3
14,12500,6.250000,23,1.9615978,1.6316049,0.79413541,1.0083772,-0.18132994,-0.044268132,-0.081786874,-0.54759421,0.48963111,-0.12702164,0.22775954,0.61508048,0.75485203,0.71536783,1.2161594,2.3
14,12500,6.250000,24,1.9615978,1.1596229,1.4571093,0.28363982,-0.0017970871,0.15398946,0.011903218,-0.057501005,0.36462383,-0.32873381,0.96297377,-0.02389445,-0.26853411,1.8426672,-0.024808098,2.3
14,12500,6.250000,25,1.9615978,1.5400266,1.6439945,0.77122696,0.21313364,-0.021760948,-0.13151896,0.41973813,-0.28150232,-0.089227799,0.90454486,0.33385938,-0.26521031,1.8392184,0.35358015,2.3
14,12500,6.250000,26,1.9615978,1.9299614,1.4079713,0.98897266,0.12823329,0.0018019436,0.093438169,-0.15109739,-0.089812098,-0.0093062777,0.24945494,0.25029446,0.93548111,0.36117823,0.78707804,2.3
14,12500,6.250000,27,1.9615978,1.6971031,1.8828793,0.27566583,-0.085573028,0.1300436,0.12216697,-0.03684165,0.074404366,0.11523851,0.82869932,0.50791429,-0.23511809,1.8081364,0.54985477,2.3
14,12500,6.250000,28,1.9615978,1.3046877,1.1098428,0.82978394,-0.020354175,0.050115896,-0.083789131,0.22856956,0.035747672,0.21535587,0.67655395,0.29221231,-0.67593396,2.3130276,0.40771126,2.3
14,12500,6.250000,29,1.9615978,1.2045569,1.6547865,1.5450607,0.11497107,-0.011788744,-0.1759098,0.0098914207,0.19446119,-0.20664634,-0.76128717,-0.63115977,-0.14859064,1.7199393,-2.4493762,2.3
14,12500,6.250000,30,1.9615978,0.029449389,1.2366175,1.9305268,0.061009752,-0.029279286,0.01890188,0.022748478,0.36962612,0.079482837,0.57305499,0.13050545,-0.8090589,2.5133454,0.2239174,2.3
14,12500,6.250000,31,1.9615978,1.8388671,0.037954201,1.0225954,0.017135013,-0.0030514747,-0.15394707,0.076328993,-0.048786365,-0.1585123,-0.53698795,0.81553907,0.21573123,1.3533557,2.1530857,2.3
15,12600,6.300000,0,1.971509,0.21339321,0.31952687,0.046211324,-0.01996464,0.021018498,0.087424607,-0.029770548,0.11811183,0.08054901,-0.59941841,0.69913037,-0.38976185,1.9711693,2.2795576,2.3
15,12600,6.300000,1,1.971509,0.051855167,0.60652858,0.7931689,-0.16273396,0.0080981835,-0.012403947,-0.33234254,-0.014838118,-0.48951833,-0.37058242,0.60204805,-0.707253,2.3564013,2.1225613,2.3
15,12600,6.300000,2,1.971509,0.62819019,0.25919844,0.48218428,0.00043196199,-0.027190646,-0.1170213,-0.30590291,-0.04445874,0.10025114,-0.082242828,-0.90964319,0.4071675,1.1514456,-1.6609634,2.3
15,12600,6.300000,3,1.971509,0.64319845,0.84762013,0.14322028,0.010422964,0.14963794,-0.029398743,-0.014691446,0.13900201,-0.32200841,-0.037440354,0.39465393,0.91806671,0.4076205,1.6653821,2.3
15,12600,6.300000,4,1.971509,0.62194784,0.026875868,1.2879344,0.072812339,-0.055490502,0.029145153,0.27674739,-0.1519995,-0.13037726,0.81811673,0.51462008,-0.25661486,1.8303145,0.56149215,2.3
15,12600,6.300000,5,1.971509,0.32191794,0.89280539,1.6986033,-0.0082566688,0.091656886,-0.054793844,0.15610948,0.067076909,0.5035687,0.66297394,-0.6335009,-0.39892626,1.9811419,-0.76266887,2.3
15,12600,6.300000,6,1.971509,0.81361039,1.9163409,0.047904574,0.016615761,-0.10654167,0.11737114,-0.055763986,-0.17680006,0.25073607,-0.61630078,-0.57736395,0.53555972,1.0056259,-2.3888025,2.3
15,12600,6.300000,7,1.971509,0.58914243,0.54865551,1.2398474,-0.078003779,-0.06915596,-0.15530728,0.29756726,-0.32113386,-0.048621232,0.099718373,0.2909394,-0.95153061,2.8289712,1.2405983,2.3
15,12600,6.300000,8,1.971509,0.18791831,1.2230459,0.47686649,-0.090536626,-0.047166657,0.088871779,-0.24480145,-0.40818708,-0.099767898,0.58677056,-0.069610743,-0.80675563,2.509437,-0.11808177,2.3
15,12600,6.300000,9,1.971509,0.085213729,0.20873289,0.53507217,0.039764582,0.10677897,-0.12230677,0.2922868,-0.29987894,-0.23034406,0.43065244,-0.13171803,0.89285432,0.46715238,-0.29682143,2.3
15,12600,6.300000,10,1.971509,0.74732839,1.1393217,0.74597964,0.020039744,-0.038801241,0.064939638,0.17865831,0.29533792,0.51667982,0.77476513,0.61838014,0.1317004,1.4387122,0.67361294,2.3
15,12600,6.300000,11,1.971509,0.63640531,1.6518109,0.56094737,-0.12585417,-0.10239188,0.14146042,-0.18276548,-0.062292193,0.13650296,0.31458949,-0.93471991,-0.16532435,1.7368832,-1.2461444,2.3
15,12600,6.300000,12,1.971509,0.36170767,1.6035129,1.5404743,0.18911407,0.027640005,0.20147517,0.10865558,0.11305234,0.31188685,0.39546546,0.1226011,0.91026152,0.42688106,0.30062136,2.3
15,12600,6.300000,13,1.971509,0.2280481,1.6831708,0.17882986,-0.094581731,-0.021004498,0.21249161,-0.17411214,-0.199728,0.038851551,-0.0091497803,0.99454904,-0.10386763,1.6748516,1.579996,2.3
15,12600,6.300000,14,1.971509,1.0373411,1.0357558,1.8289544,0.16595239,-0.029984947,0.17428908,0.20960182,-0.071839435,0.2121288,-0.48744177,0.43094985,-0.7593963,2.4331811,2.4176289,2.3
15,12600,6.300000,15,1.971509,0.74003699,1.3322474,1.2059379,0.014476673,-0.066975732,0.031408989,0.032513954,-0.13295475,0.26670254,-0.69623555,-0.19360777,0.6912106,0.8076334,-2.8703671,2.3
15,12600,6.300000,16,1.971509,1.2373138,0.14601426,0.55315054,0.038009763,0.0002703823,0.10486014,0.14076433,0.32348224,0.13131106,-0.10373256,-0.82189873,0.56010895,0.97627902,-1.6963434,2.3
15,12600,6.300000,17,1.971509,0.92069832,0.62048449,0.72171242,-0.18351585,0.0031752794,-0.061364537,0.036832165,-0.13038229,0.21257062,0.62675644,0.41181393,-0.66150258,2.2936169,0.58131935,2.3
15,12600,6.300000,18,1.971509,1.5343107,0.62285634,0.49063199,-0.079347332,0.15861327,-0.19564028,0.099040778,-0.062601509,-0.42772543,-0.92289349,0.34379043,0.17342363,1.3964914,2.7850036,2.3
15,12600,6.300000,19,1.971509,1.4635114,0.6834495,1.9030607,0.031639728,-0.012209896,-0.25826123,-0.11622482,0.24231119,-0.13273088,-0.048608394,-0.19578837,-0.97944073,2.9384665,-1.8141462,2.3
15,12600,6.300000,20,1.971509,1.362549,1.9701977,1.2186425,0.22857227,-0.24895525,0.11694794,0.30439367,-0.046074675,-0.11941461,0.47502014,-0.83099647,-0.28948357,1.8644836,-1.0515005,2.3
15,12600,6.300000,21,1.971509,1.2252761,0.69509144,1.4669586,-0.10658452,-0.030296725,-0.037824776,-0.311073,0.016822027,-0.027050807,-0.33186382,-0.82317092,0.46071253,1.0919985,-1.9540178,2.3
15,12600,6.300000,22,1.971509,1.5290272,0.17535162,1.7310924,-0.11842574,0.0094290496,0.076508279,-0.43771017,-0.21017362,-0.28705126,-0.69003282,-0.15614434,-0.7067345,2.3556681,-2.9190551,2.3
15,12600,6.300000,23,1.971509,1.6105284,0.81965852,1.0116871,-0.21057663,-0.022811546,-0.083567483,-0.5504274,0.32761834,0.021489544,0.36553358,0.46063999,0.80882384,0.62864707,0.9000104,2.3
15,12600,6.300000,24,1.971509,1.1614164,1.4805998,0.26848403,-0.005852471,0.17007718,-0.0046439874,-0.071695656,0.33115133,-0.34290189,0.96755277,-0.040224922,-0.24944658,1.8229051,-0.041549952,2.3
15,12600,6.300000,25,1.971509,1.5701589,1.6384108,0.77186471,0.23542855,-0.035616289,-0.13476973,0.47517256,-0.27180476,-0.10684231,0.87927098,0.45247732,-0.14881808,1.7201693,0.4752633,2.3
15,12600,6.300000,26,1.971509,1.9305619,1.413897,0.99325927,0.11910544,0.00061673755,0.092729671,-0.1174303,-0.010799504,-0.047844797,-0.051061921,0.35251441,0.93441226,0.36419091,1.7146464,2.3
15,12600,6.300000,27,1.971509,1.7034384,1.8944657,0.28295595,-0.08780683,0.13211139,0.12804943,-0.059425334,0.0075696981,0.20999766,0.94099205,0.31483813,-0.12414072,1.6952581,0.32287311,2.3
15,12600,6.300000,28,1.971509,1.3237516,1.11791,0.84370277,-0.0079136335,0.052569337,-0.074087326,0.24027114,0.044427881,0.1489967,0.47023763,0.8709645,-0.14246897,1.7137517,1.075737,2.3
15,12600,6.300000,29,1.971509,1.2102756,1.6658232,1.5453275,0.11460445,-0.0091198384,-0.1834306,0.023713859,-0.050392233,-0.11545491,-0.77320627,-0.46984393,-0.42590931,2.010763,-2.5955623,2.3
15,12600,6.300000,30,1.971509,0.031532969,1.2667004,1.9416574,0.062939673,-0.0055044611,0.020274828,0.077502005,0.59395033,0.022583983,0.63139209,0.14387514,-0.76199998,2.4371923,0.2240442,2.3
15,12600,6.300000,31,1.971509,1.8516206,0.038590525,1.0181429,0.020588736,-0.0026080364,-0.1635421,0.024063759,0.061046836,-0.21770565,-0.18489138,0.96933874,0.16185669,1.4082245,1.7592721,2.3
16,12700,6.350000,0,1.9714277,0.21219763,0.32741658,0.047560567,-0.021151445,0.028921544,0.088775782,0.035915117,0.11616909,0.031232421,-0.75608748,0.44287359,-0.48186586,2.0735792,2.6117216,2.3
16,12700,6.350000,1,1.9714277,0.035121631,0.60955273,0.76962937,-0.1794657,0.011147388,-0.035911272,-0.35198869,0.14108531,-0.43335349,-0.21074243,0.53621611,-0.81734932,2.5275915,1.945269,2.3
16,12700,6.350000,2,1.9714277,0.61319908,0.25360504,0.48676216,-0.014533566,-0.032773472,-0.11242346,-0.25040702,-0.075597857,0.074550133,-0.0065512155,-0.98951634,0.14427228,1.4260188,-1.5774169,2.3
16,12700,6.350000,3,1.9714277,0.64338438,0.85083426,0.12685369,0.010635408,0.15288707,-0.045759772,-0.016311168,-0.0033882429,-0.30945601,-0.070724684,0.37694282,0.92353242,0.39360514,1.756267,2.3
16,12700,6.350000,4,1.9714277,0.63732434,0.02064716,1.2820837,0.088214796,-0.06171823,0.023347414,0.32966872,-0.1772449,-0.075368897,0.94710423,0.30563823,-0.097871593,1.6688248,0.31215758,2.3
16,12700,6.350000,5,1.9714277,0.3314427,0.89491465,1.722244,0.0012815536,0.093802988,-0.031082659,0.18029713,0.045973168,0.50354974,0.65269139,-0.65541437,-0.38003415,1.9606295,-0.78747978,2.3
16,12700,6.350000,6,1.9714277,0.81076482,1.9086778,0.06179794,0.013803668,-0.11412596,0.13126676,-0.048044372,-0.078690345,0.24578371,-0.82249655,-0.23201342,0.51929683,1.0247684,-2.8666522,2.3
16,12700,6.350000,7,1.9714277,0.60639507,0.5328473,1.2415084,-0.060726495,-0.084941879,-0.15359512,0.4002651,-0.27761362,0.12090084,0.38131047,0.33842308,-0.86027446,2.6066041,0.72588067,2.3
16,12700,6.350000,8,1.9714277,0.17299039,1.2031138,0.46936327,-0.10545711,-0.067048745,0.08138806,-0.31449731,-0.43129425,-0.15416716,0.68604304,-0.16415259,-0.70880101,2.3585934,-0.23485886,2.3
16,12700,6.350000,9,1.9714277,0.099721181,0.19189772,0.527261,0.054275845,0.089952058,-0.13009605,0.34395748,-0.27863302,-0.11097276,0.4968059,-0.41355921,0.7629893,0.70287129,-0.69420858,2.3
16,12700,6.350000,10,1.9714277,0.75425248,1.1510487,0.76770776,0.026994777,-0.027027006,0.086698953,0.1378608,0.24787696,0.31547187,0.88774674,0.46010167,0.014566279,1.5562295,0.47816469,2.3
16,12700,6.350000,11,1.9714277,0.6268143,1.648707,0.56578256,-0.13541914,-0.1054278,0.14631883,-0.20390965,-0.070831443,0.030241867,0.40855964,-0.91072996,-0.060414944,1.6312481,-1.1491016,2.3
16,12700,6.350000,12,1.9714277,0.36474165,1.6081013,1.5568391,0.19216302,0.032294603,0.21790377,0.02776775,0.087539583,0.31713578,0.22875379,0.17570692,0.9574961,0.29260368,0.65498796,2.3
16,12700,6.350000,13,1.9714277,0.22250595,1.6823216,0.1827212,-0.10011459,-0.021784378,0.2163904,-0.14123715,0.066255502,0.097318544,0.32360349,0.92793134,-0.18499785,1.756866,1.2352476,2.3
16,12700,6.350000,14,1.9714277,1.047235,1.0300992,1.8378929,0.17588922,-0.035598974,0.18330308,0.23564251,-0.13570125,0.23584938,-0.018495077,0.38691434,-0.92193016,2.7438305,1.6185614,2.3
16,12700,6.350000,15,1.9714277,0.74037497,1.3236642,1.2189375,0.01484516,-0.075504141,0.044458581,0.0070731012,-0.19523503,0.18589075,-0.76715437,-0.29497596,0.56961684,0.96475673,-2.7745135,2.3
16,12700,6.350000,16,1.9714277,1.2437444,0.15591987,0.56311487,0.044491514,0.010182212,0.11484748,0.085715262,0.1628047,0.24747478,0.070569959,-0.89440692,0.44165161,1.1133576,-1.492058,2.3
16,12700,6.350000,17,1.9714277,0.92601925,0.61676204,0.73608437,-0.17815687,-0.00052167037,-0.046962547,0.13692955,-0.04142043,0.38083408,0.56251562,0.19679656,-0.80302384,2.5031484,0.33654192,2.3
16,12700,6.350000,18,1.9714277,1.5403471,0.61896111,0.47143277,-0.073247541,0.15474363,-0.21481968,0.084244556,-0.074305508,-0.32133804,-0.98568847,0.16509254,-0.034098335,1.6049013,2.9756434,2.3
16,12700,6.350000,19,1.9714277,1.4595994,0.69531394,1.9003611,0.027787903,-0.00031704368,-0.26088249,-0.039724953,0.26314242,-0.043145366,-0.26954794,0.031243622,-0.96248,2.8667945,3.0261964,2.3
16,12700,6.350000,20,1.9714277,1.3819881,1.9678722,1.212686,0.24806792,-0.25119962,0.11104149,0.40290432,0.045046146,-0.092877505,0.52002835,-0.84001362,-0.15475026,1.726171,-1.0164717,2.3
16,12700,6.350000,21,1.9714277,1.2099278,0.69880829,1.461913,-0.12188266,-0.026551154,-0.042810012,-0.32012638,0.069352651,-0.15385718,-0.50942072,-0.81190312,0.2851383,1.2816456,-2.1311485,2.3
16,12700,6.350000,22,1.9714277,1.506887,0.16428611,1.7138078,-0.14050338,-0.0016294688,0.059294724,-0.39039274,-0.26372202,-0.38457013,-0.6663007,0.18699065,-0.72185724,2.3772786,2.8679905,2.3
16,12700,6.350000,23,1.9714277,1.5924962,0.83052839,1.0173827,-0.22854279,-0.011907661,-0.077830016,-0.14717724,-0.021775131,0.17812596,0.45734593,0.47546949,0.75150746,0.72045223,0.8048246,2.3
16,12700,6.350000,24,1.9714277,1.1538325,1.4977675,0.24878211,-0.013388726,0.18730629,-0.024335251,-0.18530372,0.27032295,-0.41304563,0.96141778,-0.13522317,-0.23956324,1.8127123,-0.13973315,2.3
16,12700,6.350000,25,1.9714277,1.5922102,1.6233402,0.7650034,0.25754509,-0.050619636,-0.14159936,0.35148302,-0.28298367,-0.22179219,0.89959457,0.42189915,-0.11283045,1.6838676,0.43853175,2.3
16,12700,6.350000,26,1.9714277,1.9264008,1.4115906,0.99208172,0.11502381,-0.0016313966,0.091593042,0.0027345784,-0.14694709,0.077914586,-0.32864306,0.49773379,0.80265486,0.6390632,2.1543635,2.3
16,12700,6.350000,27,1.9714277,1.6970568,1.8916684,0.29797809,-0.094118342,0.12939208,0.14308354,-0.1760672,-0.1107874,0.28192489,0.98680955,0.097653007,-0.12911549,1.7002733,0.098637172,2.3
16,12700,6.350000,28,1.9714277,1.3259729,1.1297047,0.84939237,-0.0056377407,0.064410335,-0.068362834,-0.19844032,0.46672055,0.027845745,0.17424092,0.86221257,0.47563598,1.0751094,1.371396,2.3
16,12700,6.350000,29,1.9714277,1.2104679,1.6661247,1.5342828,0.11484672,-0.0087496571,-0.19441183,-0.0063092484,0.0605371,-0.27352974,-0.67718449,-0.24327322,-0.69443453,2.3384301,-2.7967081,2.3
16,12700,6.350000,30,1.9714277,0.035777946,1.2961271,1.9386383,0.067186037,0.023975053,0.017335748,0.036683646,0.62507129,-0.15741621,0.67128513,0.16717859,-0.72209943,2.3776286,0.24407737,2.3
16,12700,6.350000,31,1.9714277,1.8507399,0.04127781,1.0056453,0.019784348,8.0895364e-05,-0.17599798,0.00029953138,0.072552637,-0.19738464,0.16688278,0.98309693,0.075303136,1.4954218,1.4026471,2.3
17,12800,6.400000,0,1.975215,0.21631987,0.33252004,0.045961435,-0.017440416,0.033391712,0.087086901,0.026739013,0.12460159,-0.10572838,-0.92834489,0.12774767,-0.34907922,1.9273847,3.0048435,2.3
17,12800,6.400000,1,1.975215,0.014091946,0.61808901,0.75049913,-0.20054263,0.018505599,-0.056500291,-0.47125818,0.14376452,-0.37346592,-0.071218977,0.45687196,-0.88667687,2.6609044,1.7254357,2.3
17,12800,6.400000,2,1.975215,0.60206562,0.25223763,0.4902886,-0.026833243,-0.034626311,-0.10983462,-0.30732054,0.057676184,0.034389186,0.098888662,-0.98768026,-0.12127956,1.6923752,-1.4710067,2.3
17,12800,6.400000,3,1.975215,0.64508814,0.85402493,0.11534617,0.011102706,0.1544417,-0.057499726,0.049654091,0.015189526,-0.16841799,-0.2065611,0.45119726,0.86818981,0.5192536,2.0001233,2.3
17,12800,6.400000,4,1.975215,0.66092158,0.01011606,1.2805546,0.11056622,-0.072278862,0.019359095,0.4285707,-0.23139688,-0.1470558,0.99934291,0.011328374,-0.034429984,1.6052331,0.011335338,2.3
17,12800,6.400000,5,1.975215,0.33927604,0.89781373,1.7491979,0.0084712569,0.094981712,-0.0074601056,0.22232072,0.0013541556,0.38881792,0.6158568,-0.65634067,-0.43581801,2.0217433,-0.81720943,2.3
17,12800,6.400000,6,1.975215,0.81146768,1.9104551,0.076320477,0.012949784,-0.11601362,0.14565677,0.023623324,0.020109323,0.31353786,-0.90231981,0.10857387,0.41716983,1.1404673,3.0218409,2.3
17,12800,6.400000,7,1.975215,0.63053626,0.51623654,1.2501463,-0.03777229,-0.10255939,-0.14734835,0.46918135,-0.34049582,0.15588607,0.6081327,0.3938956,-0.68921758,2.331205,0.57476598,2.3
17,12800,6.400000,8,1.975215,0.15737414,1.1859442,0.46211368,-0.12139041,-0.086511074,0.073244589,-0.4031137,-0.41304321,-0.12654605,0.74696179,-0.25714755,-0.61312578,2.2308076,-0.33155029,2.3
17,12800,6.400000,9,1.975215,0.11500502,0.17925557,0.52588331,0.069353642,0.076953723,-0.13248437,0.29376865,-0.23055766,-0.014857345,0.59313778,-0.59900198,0.53794443,1.0027996,-0.79031718,2.3
17,12800,6.400000,10,1.975215,0.76557101,1.1663928,0.78056345,0.036854847,-0.013906847,0.09806888,0.20648149,0.30254779,0.16459275,0.93947499,0.30802639,-0.15002159,1.7213864,0.31682622,2.3
17,12800,6.400000,11,1.975215,0.6202826,1.6483058,0.56710249,-0.14314761,-0.1089929,0.14655161,-0.14711837,-0.064071238,0.046698646,0.43459321,-0.90037585,0.021261726,1.549533,-1.1211007,2.3
17,12800,6.400000,12,1.975215,0.37123654,1.6178314,1.5765483,0.19795165,0.038928988,0.2346061,0.19458499,0.09349667,0.34277526,-0.0004766038,0.27583233,0.96120565,0.27945595,1.5725242,2.3
17,12800,6.400000,13,1.975215,0.21650601,1.6942542,0.18903558,-0.10653583,-0.013091962,0.22234803,-0.02975899,0.24521537,0.17225437,0.60078453,0.75334397,-0.26745244,1.8415445,0.89758755,2.3
17,12800,6.400000,14,1.975215,1.0592814,1.0314774,1.8519363,0.18591412,-0.036199092,0.19380564,0.21994777,0.056683435,0.14015381,0.49342424,0.27315372,-0.82578421,2.5423876,0.50559372,2.3
17,12800,6.400000,15,1.975215,0.74268498,1.3179648,1.2323931,0.015731973,-0.083738534,0.055561727,0.040368607,-0.12016127,0.22793345,-0.81570681,-0.46358121,0.34599834,1.2174937,-2.6247943,2.3
17,12800,6.400000,16,1.975215,1.2459503,0.15814293,0.57494126,0.04430822,0.012103893,0.12558176,-0.03882965,0.013780508,0.14418792,0.29810899,-0.90559461,0.30171084,1.2643097,-1.2527831,2.3
17,12800,6.400000,17,1.975215,0.93234678,0.61649934,0.75982526,-0.17361268,-0.0019678507,-0.024657156,0.050963901,0.017441991,0.53051372,0.4937424,0.00065750477,-0.86960796,2.6252041,0.0013316749,2.3
17,12800,6.400000,18,1.975215,1.5475501,0.61382976,0.45506211,-0.069007862,0.14842925,-0.23207945,0.14971067,-0.16195226,-0.38865256,-0.96206668,-0.040893293,-0.26973218,1.8439112,-3.0991126,2.3
17,12800,6.400000,19,1.975215,1.4623932,0.71158178,1.904587,0.027777659,0.014600705,-0.26030795,-0.00098827789,0.32376886,0.074513448,-0.4085842,0.27536443,-0.87019158,2.6263873,2.5485662,2.3
17,12800,6.400000,20,1.975215,1.4019809,1.9749935,1.2066574,0.26538915,-0.24786202,0.10269123,0.23022325,0.035770517,-0.21294839,0.53624004,-0.84180844,-0.06168612,1.6325216,-1.0036075,2.3
17,12800,6.400000,21,1.975215,1.1941185,0.7001289,1.4566244,-0.13999902,-0.026573002,-0.050899378,-0.37525515,-0.020525414,-0.16199405,-0.72072035,-0.69292765,-0.020333173,1.5911309,-2.3758522,2.3
17,12800,6.400000,22,1.975215,1.4925445,0.15209214,1.6975891,-0.15772429,-0.014127056,0.039802328,-0.26251988,-0.29157164,-0.32571288,-0.63536288,0.53079499,-0.56086602,2.1662278,2.445624,2.3
17,12800,6.400000,23,1.975215,1.5969137,0.82425407,1.0306759,-0.22718597,-0.01976997,-0.066502254,0.15869626,-0.2622713,0.18527566,0.47645533,0.61646744,0.62686379,0.89327494,0.91281212,2.3
17,12800,6.400000,24,1.975215,1.1442181,1.5121964,0.22563928,-0.025208394,0.19884674,-0.047933369,-0.23701388,0.17416956,-0.42103726,0.93006982,-0.26032499,-0.25923161,1.8330229,-0.27291442,2.3
17,12800,6.400000,25,1.975215,1.6069519,1.6128096,0.75355771,0.26921677,-0.064255715,-0.15450232,0.081543689,-0.20530058,-0.35527945,0.90711697,0.3692665,-0.20194318,1.7741379,0.38659235,2.3
17,12800,6.400000,26,1.975215,1.9333398,1.40166,0.99988553,0.11825888,-0.01426174,0.097485301,0.11945829,-0.26973766,0.21289912,-0.53026529,0.57890766,0.61942283,0.90278904,2.3123679,2.3
17,12800,6.400000,27,1.975215,1.6879908,1.8879941,0.31399919,-0.10643281,0.12209076,0.15851739,-0.29281137,-0.20213195,0.36052233,0.96841273,-0.17982649,-0.1727403,1.7444074,-0.18360077,2.3
17,12800,6.400000,28,1.975215,1.310196,1.1618996,0.85131183,-0.023944421,0.094406197,-0.068075422,-0.43655592,0.68857259,-0.024325538,0.016077938,0.37617114,0.92641069,0.38603112,1.5280813,2.3
17,12800,6.400000,29,1.975215,1.2161003,1.6708082,1.5240391,0.11815043,-0.007268396,-0.20759042,0.092181377,0.006006602,-0.33857847,-0.60430556,-0.017898191,-0.7965516,2.492366,-3.1119835,2.3
17,12800,6.400000,30,1.975215,0.033396647,1.3246623,1.9341105,0.064738354,0.049995265,0.0090914857,-0.12564669,0.43217575,-0.18010296,0.70602752,0.1979616,-0.67995319,2.3184951,0.2733684,2.3
17,12800,6.400000,31,1.975215,1.8551239,0.047579639,0.997792,0.020612159,0.0062974589,-0.18577389,0.03561761,0.092624157,-0.14141475,0.42535285,0.90490555,-0.014862272,1.5856591,1.1313927,2.3
18,12900,6.450000,0,1.9731026,0.21702953,0.34355073,0.040334162,-0.016498909,0.044784107,0.081505796,-0.083729916,0.32999175,-0.11724454,-0.97524523,-0.11320252,-0.18995246,1.76191,-3.0260338,2.3
18,12900,6.450000,1,1.9731026,1.9676217,0.62530624,0.73328444,-0.2201109,0.026388051,-0.072921148,-0.31472332,0.1888473,-0.29792013,0.0901953,0.41643821,-0.90467896,2.701422,1.3575033,2.3
18,12900,6.450000,2,1.9731026,0.59017926,0.25833281,0.49477647,-0.038081742,-0.028257967,-0.10481973,-0.077539334,0.15073433,0.12080062,0.27304896,-0.89345203,-0.35663388,1.9354587,-1.2741996,2.3
18,12900,6.450000,3,1.9731026,0.64894697,0.8483639,0.11235903,0.015653853,0.14969146,-0.060365035,0.09285982,-0.14041228,0.010278771,-0.4662873,0.47713726,0.74492697,0.73037096,2.3446944,2.3
18,12900,6.450000,4,1.9731026,0.68429066,1.9722575,1.2695455,0.13465501,-0.083235116,0.0097143768,0.55634454,-0.21447216,-0.166855,0.94033339,-0.32704323,-0.093892702,1.6648275,-0.33470908,2.3
18,12900,6.450000,5,1.9731026,0.34689099,0.89763,1.7624343,0.016453318,0.095758561,0.0076550869,0.060617134,0.048027027,0.2983136,0.58370143,-0.60961594,-0.53634042,2.1368914,-0.80711111,2.3
18,12900,6.450000,6,1.9731026,0.81148787,1.9080396,0.086430012,0.013838267,-0.11638612,0.15585338,0.0038571993,-0.00012678085,0.12549712,-0.85968682,0.31341865,0.40336995,1.1555996,2.7919946,2.3
18,12900,6.450000,7,1.9731026,0.64888874,0.49632092,1.2577883,-0.018735298,-0.12193329,-0.13836454,0.25479632,-0.39442718,0.18412512,0.75437848,0.4243899,-0.50080567,2.0953257,0.51244182,2.3
18,12900,6.450000,8,1.9731026,0.13727753,1.1672039,0.4588891,-0.14132938,-0.10399239,0.070512745,-0.33796055,-0.37188701,-0.013129985,0.72602281,-0.32429315,-0.60640319,2.2223257,-0.42008187,2.3
18,12900,6.450000,9,1.9731026,0.12903257,0.1672796,0.52053209,0.083511758,0.065163154,-0.13727575,0.23957894,-0.32491944,-0.13284596,0.66819054,-0.70480454,0.23826869,1.3302135,-0.81205909,2.3
18,12900,6.450000,10,1.9731026,0.77472514,1.1783884,0.78890035,0.046833051,-0.00065676371,0.10724546,0.18016905,0.26791845,0.19862913,0.94532136,0.12294511,-0.3020795,1.8776696,0.12933048,2.3
18,12900,6.450000,11,1.9731026,0.61188134,1.6444468,0.57075462,-0.15088965,-0.11109026,0.1508125,-0.15344003,-0.025472352,0.13425945,0.38571577,-0.92094808,0.055479633,1.5152882,-1.1741679,2.3
18,12900,6.450000,12,1.9731026,0.3772796,1.6183154,1.5894367,0.20439517,0.041144448,0.24918838,0.11260655,-0.002619083,0.30451222,-0.25433598,0.40988869,0.87595917,0.50337569,2.1261532,2.3
18,12900,6.450000,13,1.9731026,0.21720254,1.7125543,0.1989998,-0.10560726,0.0070307959,0.23251986,0.097137526,0.52052348,0.24991434,0.79551062,0.47746473,-0.37308215,1.9531251,0.54056586,2.3
18,12900,6.450000,14,1.9731026,1.069886,1.0358368,1.8568594,0.19765791,-0.030733614,0.20071303,0.26495258,0.18007363,0.12483357,0.81328267,0.082643492,-0.57596993,2.1845865,0.10126956,2.3
18,12900,6.450000,15,1.9731026,0.7430574,1.3108802,1.245254,0.016899287,-0.089416726,0.069748286,0.099702403,-0.1139171,0.30671064,-0.78389273,-0.61988541,0.03541564,1.5353733,-2.4725,2.3
18,12900,6.450000,16,1.9731026,1.2414101,0.15582131,0.57989996,0.041098828,0.0099502486,0.13115831,-0.17112095,-0.091699904,0.13001009,0.52014697,-0.84237856,0.14087407,1.4294521,-1.0176272,2.3
18,12900,6.450000,17,1.9731026,0.93128078,0.62045124,0.78325239,-0.17368162,0.0026458268,-0.00040446513,-0.0048422297,0.11765391,0.43570383,0.47860038,-0.19988827,-0.8549774,2.5963036,-0.39563016,2.3
18,12900,6.450000,18,1.9731026,1.5508989,0.59999262,0.43821943,-0.064001319,0.13524151,-0.24844422,0.028872254,-0.33792121,-0.38821731,-0.8517405,-0.24807304,-0.46151693,2.0505007,-2.8581787,2.3
18,12900,6.450000,19,1.9731026,1.4637085,0.72843985,1.908066,0.030658518,0.032229203,-0.25478915,0.099080656,0.37715331,0.091540114,-0.47714023,0.51436976,-0.71257347,2.3639558,2.3186638,2.3
18,12900,6.450000,20,1.9731026,1.4116172,1.9729731,1.1927667,0.27653074,-0.24777022,0.090084257,0.19094702,0.020045784,-0.21406056,0.58870178,-0.80766718,-0.033225683,1.6040281,-0.94094206,2.3
18,12900,6.450000,21,1.9731026,1.1716851,0.69994005,1.4462787,-0.16116667,-0.026012806,-0.059691978,-0.43208065,-0.025056624,-0.17136052,-0.85632124,-0.41134911,-0.31225925,1.8883666,-2.6937738,2.3
18,12900,6.450000,22,1.9731026,1.4757292,0.13425785,1.6795462,-0.17295153,-0.031808147,0.023566139,-0.35349807,-0.43223206,-0.33057691,-0.5161404,0.79362861,-0.32210667,1.8987502,2.1474211,2.3
18,12900,6.450000,23,1.9731026,1.6033202,0.80935273,1.038709,-0.21906729,-0.033797325,-0.057361976,0.20188078,-0.29498098,0.22671478,0.49756482,0.76001907,0.41809121,1.1394533,0.99114226,2.3
18,12900,6.450000,24,1.9731026,1.1320653,1.5220545,0.20540908,-0.036143353,0.21032818,-0.067932967,-0.19842359,0.16381666,-0.33227466,0.85537994,-0.43426545,-0.28238038,1.8570709,-0.46977844,2.3
18,12900,6.450000,25,1.9731026,1.6067933,1.599788,0.73192433,0.27077751,-0.075558574,-0.17534097,0.046195435,-0.2273165,-0.50246641,0.77061009,0.40902896,-0.48872835,2.0814279,0.48797192,2.3
18,12900,6.450000,26,1.9731026,1.9408689,1.3832958,1.0098222,0.12786075,-0.031135901,0.10849716,0.2566784,-0.35846463,0.25579585,-0.65298553,0.58285452,0.48362228,1.0660079,2.4128813,2.3
18,12900,6.450000,27,1.9731026,1.6717814,1.8744791,0.33341421,-0.12084471,0.11058869,0.17827879,-0.28661448,-0.19049016,0.42498835,0.86739819,-0.46539885,-0.17613711,1.7478571,-0.49245504,2.3
18,12900,6.450000,28,1.9731026,1.288885,1.1967546,0.84561087,-0.043864943,0.13052308,-0.072868506,-0.33708284,0.71356414,-0.20544069,-0.034749314,-0.31844201,0.94730522,0.32608032,-1.6794892,2.3
18,12900,6.450000,29,1.9731026,1.2188355,1.6668684,1.5084504,0.12218836,-0.0094224704,-0.22155667,0.046817934,-0.03561955,-0.2861336,-0.6604687,0.21465745,-0.719516,2.3739015,2.8273537,2.3
18,12900,6.450000,30,1.9731026,0.02786754,1.3439864,1.9258765,0.059242022,0.070747102,0.0029226244,-0.13582217,0.42305307,-0.13960573,0.75070115,0.23318324,-0.61812084,2.2371462,0.30117176,2.3
18,12900,6.450000,31,1.9731026,1.8576603,0.050115396,0.98461767,0.025134878,0.0088854848,-0.19788761,0.099383631,0.040127209,-0.32139837,0.62171029,0.78277067,-0.027320153,1.5981199,0.8995755,2.3
19,13000,6.500000,0,1.9745292,0.21251926,0.35976023,0.031684908,-0.021164405,0.060739462,0.072830516,-0.16252146,0.26558547,-0.18592963,-0.96115862,-0.27288692,-0.041313776,1.6121219,-2.8649577,2.3
19,13000,6.500000,1,1.9745292,1.9548008,0.6379584,0.72360692,-0.2343492,0.038583725,-0.083125133,-0.2122855,0.22475909,-0.13081821,0.25724817,0.32819184,-0.90890786,2.7114538,0.90599027,2.3
19,13000,6.500000,2,1.9745292,0.59194207,0.26695903,0.49875921,-0.036746104,-0.019821565,-0.10119601,0.032756368,0.20209557,0.0492225,0.49660509,-0.71665582,-0.48968135,2.0825206,-0.96481907,2.3
19,13000,6.500000,3,1.9745292,0.65762226,0.83887885,0.11800601,0.02385701,0.13959672,-0.054801302,0.19167782,-0.22642501,0.20300074,-0.69306251,0.54524734,0.47156092,1.0797363,2.4750008,2.3
19,13000,6.500000,4,1.9745292,0.71090794,1.9613065,1.2606102,0.16076813,-0.095607516,-0.00013529908,0.52624753,-0.32848416,-0.16858899,0.8268082,-0.54349242,-0.14492823,1.7162368,-0.58151644,2.3
19,13000,6.500000,5,1.9745292,0.34704537,0.89810857,1.7763876,0.016356931,0.095588231,0.020329606,-0.11372302,-0.05853557,0.21727167,0.53412105,-0.55276245,-0.63966271,2.2648557,-0.80254772,2.3
19,13000,6.500000,6,1.9745292,0.8112239,1.9107672,0.092549855,0.012987924,-0.1150385,0.16190855,-0.085254125,0.045642569,0.1119391,-0.75341979,0.40581102,0.51737417,1.0270167,2.6475243,2.3
19,13000,6.500000,7,1.9745292,0.66097864,0.47955037,1.2667487,-0.0071187237,-0.13905648,-0.13031646,0.20426722,-0.26579905,0.096664002,0.89760463,0.37494909,-0.23177383,1.8046971,0.3956899,2.3
19,13000,6.500000,8,1.9745292,0.12041971,1.1503405,0.45897867,-0.15828032,-0.12169322,0.070270636,-0.30631728,-0.39646554,-0.019128854,0.7337416,-0.35708214,-0.57802734,2.1871055,-0.45291817,2.3
19,13000,6.500000,9,1.9745292,0.13438712,0.14856269,0.51218419,0.088771121,0.046332103,-0.14599683,0.014675215,-0.37865465,-0.23885906,0.55668912,-0.82675167,-0.081110374,1.6519959,-0.97818449,2.3
19,13000,6.500000,10,1.9745292,0.77763905,1.1917475,0.79693104,0.049186,0.011845859,0.1147031,0.018734082,0.26782417,0.089534101,0.92722243,-0.058601343,-0.36989788,1.9496954,-0.063117007,2.3
19,13000,6.500000,11,1.9745292,0.60363936,1.6504337,0.5765129,-0.15957088,-0.10629396,0.15615622,-0.22592377,0.13732035,0.10698303,0.28706007,-0.95717575,0.037564642,1.5332228,-1.2794283,2.3
19,13000,6.500000,12,1.9745292,0.38592727,1.6196434,1.6065954,0.21276705,0.041302359,0.26519212,0.16694626,0.065723076,0.29408154,-0.44421934,0.59446258,0.67028607,0.83620212,2.2125429,2.3
19,13000,6.500000,13,1.9745292,0.22406934,1.7389887,0.20955281,-0.098899919,0.032217945,0.24292523,0.16558352,0.45541814,0.16684105,0.86940983,0.1085106,-0.48202904,2.0737654,0.12416741,2.3
19,13000,6.500000,14,1.9745292,1.0792085,1.0503494,1.8614438,0.20620384,-0.016974969,0.20395378,0.041103503,0.41521474,0.001349028,0.95863443,-0.12599798,-0.25523429,1.8288863,-0.13068575,2.3
19,13000,6.500000,15,1.9745292,0.75219221,1.307953,1.2642383,0.025493773,-0.093290303,0.087825761,0.19447856,-0.068290717,0.37928352,-0.68312171,-0.69327498,-0.22959645,1.8024594,-2.3488179,2.3
19,13000,6.500000,16,1.9745292,1.2331766,0.1502926,0.58861474,0.031971128,0.004310918,0.13945084,-0.15175881,-0.11959721,0.22103728,0.71780398,-0.69582481,0.024192719,1.5466012,-0.76985136,2.3
19,13000,6.500000,17,1.9745292,0.93665056,0.62213142,0.80549563,-0.16898683,0.003876992,0.021264673,0.13423933,-0.02709908,0.41914712,0.48206746,-0.3589998,-0.79920592,2.4967692,-0.64010602,2.3
19,13000,6.500000,18,1.9745292,1.5520244,0.5849366,0.42183432,-0.063997131,0.11975731,-0.26514012,0.013835395,-0.32204042,-0.27310102,-0.64708064,-0.53167989,-0.54644592,2.1489109,-2.4537836,2.3
19,13000,6.500000,19,1.9745292,1.4771742,0.74526803,1.9160568,0.043061522,0.048524851,-0.24818016,0.35947447,0.23267804,0.18111223,-0.47918174,0.72963042,-0.48787735,2.0804527,2.1518992,2.3
19,13000,6.500000,20,1.9745292,1.4230796,0.0023369871,1.1809331,0.28696886,-0.24530447,0.077392928,0.14104804,0.047629939,-0.22092106,0.60656837,-0.79158992,0.0738932,1.4968357,-0.91696605,2.3
19,13000,6.500000,21,1.9745292,1.1526951,0.70025728,1.4395446,-0.18099661,-0.026201551,-0.067468925,-0.33514374,0.04832666,-0.16352062,-0.84158563,-0.025548921,-0.53951912,2.1406622,-3.1112439,2.3
19,13000,6.500000,22,1.9745292,1.4626102,0.11455788,1.6633145,-0.18713227,-0.051598037,0.0061264723,-0.23067495,-0.39436228,-0.39612198,-0.40847483,0.91220903,-0.031984168,1.602786,1.9918079,2.3
19,13000,6.500000,23,1.9745292,1.6118994,0.79950446,1.0534755,-0.21164995,-0.044226971,-0.043351473,0.06549041,-0.17811557,0.31988734,0.55001555,0.82171566,0.14921884,1.4210181,0.98093819,2.3
19,13000,6.500000,24,1.9745292,1.1224858,1.5264146,0.18777052,-0.046537531,0.21358673,-0.085713604,-0.22537948,0.013252664,-0.31310893,0.77269832,-0.53352249,-0.34393468,1.9219003,-0.60429911,2.3
19,13000,6.500000,25,1.9745292,1.6100324,1.5876118,0.71221476,0.27285427,-0.088886557,-0.19557238,0.11666473,-0.27335729,-0.21694386,0.64277749,0.31694902,-0.69740979,2.3425732,0.45810668,2.3
19,13000,6.500000,26,1.9745292,1.9528321,1.3664329,1.0215672,0.13841694,-0.048992514,0.11950808,0.23325366,-0.30511287,0.18051619,-0.76321887,0.51866639,0.38533379,1.1752268,2.5447049,2.3
19,13000,6.500000,27,1.9745292,1.661369,1.8689214,0.35264616,-0.13246159,0.10367825,0.19726282,-0.1513387,-0.066951807,0.24838415,0.73154552,-0.66998962,-0.12631334,1.697448,-0.74150604,2.3
19,13000,6.500000,28,1.9745292,1.2699241,1.2301744,0.83527035,-0.063750497,0.16306588,-0.083816436,-0.34723452,0.60984604,-0.16694175,0.045461544,-0.89874547,0.43610759,1.1195276,-1.5202561,2.3
19,13000,6.500000,29,1.9745292,1.2210888,1.6688776,1.4970897,0.12356,-0.0086186518,-0.23400342,0.12832434,0.057794531,-0.169964,-0.7188342,0.5005588,-0.48240882,2.0741989,2.5333219,2.3
19,13000,6.500000,30,1.9745292,0.018574284,1.361962,1.9217853,0.049931982,0.087744928,-0.0025590007,-0.2305735,0.26387865,-0.15874528,0.87265546,0.11239841,-0.47522525,2.0660164,0.12809521,2.3
19,13000,6.500000,31,1.9745292,1.8629755,0.052096329,0.96757501,0.029105606,0.010829482,-0.21563572,0.087745518,0.017955016,-0.41422335,0.71120792,0.70053034,0.058656135,1.5121065,0.77783488,2.3
20,13100,6.550000,0,1.9649734,0.20656561,0.36996006,0.021029171,-0.026101544,0.072709402,0.062302582,-0.076284706,0.2179277,-0.17770616,-0.89479849,-0.43661221,0.093302963,1.4773575,-2.6876357,2.3
20,13100,6.550000,1,1.9649734,1.934729,0.64399385,0.71741337,-0.2449865,0.047728769,-0.085823318,-0.19512462,0.11330071,-0.025845572,0.42020422,0.19463457,-0.88631022,2.660112,0.43376877,2.3
20,13100,6.550000,2,1.9649734,0.59190378,0.28315034,0.50259978,-0.033912806,-0.0022957898,-0.094926485,0.065445994,0.42771881,0.20366735,0.66301134,-0.56322883,-0.49314221,2.0864943,-0.70420433,2.3
20,13100,6.550000,3,1.9649734,0.66503974,0.82293116,0.13308115,0.034482841,0.12767989,-0.039117024,0.263301,-0.21619676,0.35333968,-0.79132839,0.59002324,0.16022471,1.409878,2.5009064,2.3
20,13100,6.550000,4,1.9649734,0.73748035,1.9325395,1.2457156,0.19085396,-0.11492967,-0.0089504603,0.62425223,-0.43317324,-0.15991313,0.72088124,-0.66339284,-0.20059953,1.7727662,-0.74389238,2.3
20,13100,6.550000,5,1.9649734,0.3353454,0.88991155,1.7748382,0.0063121359,0.091728255,0.02739417,-0.17497627,-0.089860974,0.082927111,0.49682584,-0.5555598,-0.66672137,2.3005974,-0.84115063,2.3
20,13100,6.550000,6,1.9649734,0.80044413,1.9074951,0.097417929,0.0061174227,-0.10904892,0.16723745,-0.11918047,0.2129458,0.11283341,-0.52551338,0.31805752,0.78909765,0.6614577,2.597335,2.3
20,13100,6.550000,7,1.9649734,0.66702484,0.4655087,1.2673798,0.0021487709,-0.15080586,-0.12353841,0.1818853,-0.23180872,0.18775844,0.9810329,0.16744084,-0.097662743,1.668615,0.16904915,2.3
20,13100,6.550000,8,1.9649734,0.102329,1.1286635,0.45819807,-0.17583083,-0.13784227,0.071714775,-0.35434295,-0.27553399,-0.034890345,0.75341576,-0.46022806,-0.46963265,2.059671,-0.54836318,2.3
20,13100,6.550000,9,1.9649734,0.13221291,0.13222473,0.50150872,0.087243576,0.030675144,-0.15421351,-0.12609291,-0.10641365,-0.063608223,0.40941803,-0.84572561,-0.34223541,1.9200913,-1.1199473,2.3
20,13100,6.550000,10,1.9649734,0.77164716,1.1984124,0.79377959,0.046952095,0.024308488,0.11541013,-0.12488722,0.25921232,-0.05180889,0.86849053,-0.25688328,-0.42395185,2.0086006,-0.28758197,2.3
20,13100,6.550000,11,1.9649734,0.58990759,1.6464097,0.5797573,-0.1704076,-0.10232104,0.16220533,-0.23072814,0.12273268,0.13183042,0.13337531,-0.98711442,0.088408986,1.4822718,-1.4364933,2.3
20,13100,6.550000,12,1.9649734,0.38900338,1.6168157,1.6120167,0.21772289,0.046325115,0.27842065,0.13999002,0.10017116,0.17369529,-0.55308878,0.75686897,0.34819845,1.2151477,2.201869,2.3
20,13100,6.550000,13,1.9649734,0.23257881,1.7484471,0.20760754,-0.089282728,0.050135624,0.24199183,0.20808574,0.16455042,-0.18627639,0.86169204,-0.080011799,-0.50108376,2.095647,-0.092588797,2.3
20,13100,6.550000,14,1.9649734,1.0757168,1.0683304,1.8509827,0.20793913,0.0061453612,0.20249766,0.0038407619,0.49593856,0.0054760329,0.97966241,-0.19112262,0.061104056,1.5096542,-0.19267026,2.3
20,13100,6.550000,15,1.9649734,0.7602034,1.2976166,1.2806772,0.037173548,-0.097306576,0.11043773,0.36558353,-0.051148621,0.58707505,-0.5373096,-0.75519521,-0.37547116,1.9557014,-2.1891884,2.3
20,13100,6.550000,16,1.9649734,1.2173046,0.14219408,0.60067586,0.022043028,-0.003078184,0.15439682,-0.2156504,-0.19471405,0.37610512,0.8454532,-0.52551767,-0.095079317,1.6660195,-0.55613695,2.3
20,13100,6.550000,17,1.9649734,0.93723389,0.61721685,0.82374764,-0.16385813,0.0019686167,0.043468756,0.089889997,0.0060097894,0.53565405,0.43920188,-0.58244209,-0.68400506,2.3240352,-0.92469575,2.3
20,13100,6.550000,18,1.9649734,1.5420872,0.55950441,0.40934144,-0.066429115,0.097100976,-0.27561693,-0.13000984,-0.49065918,-0.17342314,-0.34140894,-0.86890447,-0.35839218,1.9373414,-1.9451834,2.3
20,13100,6.550000,19,1.9649734,1.4935502,0.74572674,1.9114409,0.066643509,0.052600185,-0.24351201,0.49184257,-0.055418914,-0.021065108,-0.29438846,0.90800153,-0.29810846,1.8735067,1.8843188,2.3
20,13100,6.550000,20,1.9649734,1.423032,0.0077731451,1.1643541,0.29382489,-0.23984375,0.06650261,0.10660866,0.1438203,-0.30174163,0.61825524,-0.76517371,0.17963755,1.3901783,-0.89120038,2.3
20,13100,6.550000,21,1.9649734,1.1329751,0.70399394,1.4246507,-0.19517248,-0.01905865,-0.075415381,-0.25200526,0.13013753,-0.15183607,-0.69895956,0.35482503,-0.62093053,2.2407256,2.6718458,2.3
20,13100,6.550000,22,1.9649734,1.4466593,0.098494434,1.6388655,-0.19602648,-0.067144784,-0.010312773,-0.18522524,-0.21941286,-0.26446898,-0.33553244,0.92908647,0.15561594,1.4145454,1.9173628,2.3
20,13100,6.550000,23,1.9649734,1.6039014,0.78918887,1.0600521,-0.21184758,-0.050689008,-0.031648187,-0.093794431,-0.10310846,0.21163018,0.5994759,0.79520332,-0.090996281,1.6619187,0.92482624,2.3
20,13100,6.550000,24,1.9649734,1.1094804,1.5158742,0.16737341,-0.054129095,0.21042574,-0.10524938,-0.12162448,-0.18750395,-0.38559943,0.69416207,-0.52711295,-0.49019481,2.0831096,-0.6494592,2.3
20,13100,6.550000,25,1.9649734,1.6069549,1.56116,0.70913281,0.27757997,-0.10770068,-0.19520667,0.073626461,-0.46035246,0.17693049,0.6194423,-0.016063788,-0.78487782,2.4732953,-0.025926851,2.3
20,13100,6.550000,26,1.9649734,1.952555,1.3430381,1.0264415,0.14761292,-0.065815164,0.12935019,0.20898092,-0.34084899,0.1690786,-0.80476953,0.46986323,0.36273206,1.1995984,2.6131342,2.3
20,13100,6.550000,27,1.9649734,1.6494813,1.8659576,0.35021247,-0.13631841,0.10977395,0.19653401,-0.01045259,0.24151256,-0.22114721,0.666538,-0.68881462,-0.28506407,1.8598696,-0.80183272,2.3
20,13100,6.550000,28,1.9649734,1.2481033,1.2515162,0.82299251,-0.079463578,0.19042755,-0.092071987,-0.25960773,0.49065085,-0.135491,0.27141698,-0.89622174,-0.35088376,1.929311,-1.2767308,2.3
20,13100,6.550000,29,1.9649734,1.221361,1.6597836,1.4810052,0.12975673,-0.0096385564,-0.24286423,0.081416179,-0.118037,-0.17419797,-0.74971651,0.64536272,-0.14639709,1.7177215,2.4308568,2.3
20,13100,6.550000,30,1.9649734,0.003461794,1.3704163,1.9005412,0.034872856,0.10282699,-0.014531548,-0.36235234,0.31813815,-0.30444021,0.94422695,-0.09949261,-0.31390553,1.8901,-0.104982,2.3
20,13100,6.550000,31,1.9649734,1.8597959,0.055759472,0.94184359,0.034956084,0.014754267,-0.23673572,0.1321427,0.098319767,-0.4841834,0.65751866,0.72190982,0.21567432,1.353414,0.8320439,2.3
21,13200,6.600000,0,1.9728834,0.20711967,0.38266585,0.015290298,-0.026378462,0.083903419,0.05649073,0.082668834,0.24838853,-0.087008742,-0.7958149,-0.55656296,0.23857139,1.3299018,-2.5312948,2.3
21,13200,6.600000,1,1.9728834,1.9373107,0.6525709,0.71929364,-0.25018268,0.053701403,-0.086828995,-0.051655427,0.14599979,-0.039640829,0.59652491,0.11910307,-0.79370806,2.4876771,0.19707007,2.3
21,13200,6.600000,2,1.9728834,0.59983302,0.30606043,0.51561142,-0.028377407,0.019430824,-0.083960098,0.18541678,0.37841394,0.2487991,0.72202549,-0.47415689,-0.50383968,2.0988345,-0.58107349,2.3
21,13200,6.600000,3,1.9728834,0.68027438,0.81269434,0.15278113,0.047015169,0.1141575,-0.01999119,0.31158915,-0.32615622,0.35572066,-0.71913534,0.69411371,0.032411754,1.5383789,2.3738977,2.3
21,13200,6.600000,4,1.9728834,0.76698476,1.9179722,1.239593,0.21733642,-0.13723162,-0.020065454,0.48685436,-0.50729484,-0.22680847,0.66822634,-0.67448463,-0.31391725,1.8901124,-0.79005907,2.3
21,13200,6.600000,5,1.9728834,0.32675279,0.89376076,1.7853021,-0.0036104854,0.091994566,0.030706766,-0.22268945,0.098040812,0.088542335,0.46164309,-0.60713811,-0.64673717,2.274095,-0.92069818,2.3
21,13200,6.600000,6,1.9728834,0.80147474,1.9248323,0.099912921,0.0039302092,-0.099409754,0.16933606,0.0031272831,0.22211469,0.0098061688,-0.090409726,0.020772662,0.99568799,0.092898979,2.9157509,2.3
21,13200,6.600000,7,1.9728834,0.67950769,0.45952356,1.280252,0.011926856,-0.15864916,-0.11578365,0.14910353,-0.043302604,0.09798532,0.99435101,-0.091336863,-0.054070838,1.6248935,-0.091598712,2.3
21,13200,6.600000,8,1.9728834,0.082566568,1.1191392,0.46036302,-0.19596475,-0.15188193,0.072034595,-0.49706689,-0.239545,0.011400584,0.76605009,-0.54968963,-0.33317948,1.9104701,-0.62241659,2.3
21,13200,6.600000,9,1.9728834,0.12478622,0.14044347,0.50844032,0.079300606,0.038346198,-0.1493106,-0.17225035,0.28997393,0.20326412,0.37667631,-0.87285635,-0.31022049,1.8862213,-1.1633956,2.3
21,13200,6.600000,10,1.9728834,0.7622191,1.2124076,0.79225022,0.034442873,0.033461078,0.11069485,-0.34703357,0.088963667,-0.056408908,0.72644319,-0.39865342,-0.55978188,2.1649189,-0.50190176,2.3
21,13200,6.600000,11,1.9728834,0.5816449,1.6585446,0.59113521,-0.18102366,-0.09682488,0.17123128,-0.16657779,0.12123021,0.16127288,-0.032399307,-0.98458307,0.17189082,1.3980476,-1.6036911,2.3
21,13200,6.600000,12,1.9728834,0.39753473,1.6308448,1.6283051,0.22467433,0.053830612,0.28820019,0.15241224,0.18392768,0.15105315,-0.6021369,0.78462918,-0.14760827,1.7189459,2.2253507,2.3
21,13200,6.600000,13,1.9728834,0.24293645,1.7522685,0.18917095,-0.079880233,0.046925065,0.22275815,0.30037214,-0.20424457,-0.5020501,0.93917914,0.006882425,-0.34335866,1.921287,0.0073279969,2.3
21,13200,6.600000,14,1.9728834,1.0769208,1.1015657,1.8543417,0.20481912,0.03502209,0.19841367,-0.13952605,0.57679155,-0.13628569,0.87885736,-0.2629543,0.39807634,1.1613774,-0.29072288,2.3
21,13200,6.600000,15,1.9728834,0.78167662,1.3010992,1.3117147,0.055549626,-0.099044025,0.13626797,0.42928274,-0.059411896,0.42872922,-0.38663325,-0.81135256,-0.438431,2.0246485,-2.0154917,2.3
21,13200,6.600000,16,1.9728834,1.2125551,0.13178008,0.62197888,0.0124125,-0.014042565,0.17324395,-0.15699107,-0.1447676,0.3815767,0.91301389,-0.34648082,-0.21530599,1.7878015,-0.36270241,2.3
21,13200,6.600000,17,1.9728834,0.94489085,0.61758019,0.85295766,-0.15998181,-0.00014841814,0.069310845,0.073110612,-0.065404547,0.51801767,0.25894823,-0.77614903,-0.57492478,2.1833085,-1.2487769,2.3
21,13200,6.600000,18,1.9728834,1.5440383,0.53906198,0.40307378,-0.07067726,0.074451735,-0.28351654,-0.081362615,-0.41640631,-0.14714236,0.0039116673,-0.99886979,-0.047369101,1.6181832,-1.5668803,2.3
21,13200,6.600000,19,1.9728834,1.5261447,0.74137967,1.9156665,0.093172398,0.045265903,-0.24697397,0.48459517,-0.27439529,-0.077305786,0.0082194877,0.9972191,-0.074070926,1.6449352,1.5625541,2.3
21,13200,6.600000,20,1.9728834,1.432437,0.015917636,1.1522415,0.29749403,-0.23174682,0.049736531,-0.0026903848,0.13197954,-0.33339013,0.61215653,-0.74268696,0.27144145,1.2959059,-0.88144527,2.3
21,13200,6.600000,21,1.9728834,1.1254105,0.71307682,1.4220632,-0.20727357,-0.01282225,-0.083721204,-0.20467235,0.10609598,-0.14976797,-0.36032823,0.72430219,-0.58783493,2.1991763,2.0324285,2.3
21,13200,6.600000,22,1.9728834,1.4446699,0.087059301,1.6364985,-0.20382372,-0.07895269,-0.019259097,-0.11853972,-0.15492092,-0.054781503,-0.22955892,0.94695316,0.22490533,1.3439505,1.8086268,2.3
21,13200,6.600000,23,1.9728834,1.6013751,0.78846829,1.0779002,-0.22081247,-0.054578683,-0.018094633,-0.31016642,-0.073848452,0.30938061,0.60007732,0.69545182,-0.39528975,1.9771796,0.85888378,2.3
21,13200,6.600000,24,1.9728834,1.1069177,1.5109061,0.14971977,-0.061143888,0.19937763,-0.12354005,-0.14147828,-0.219826,-0.3448554,0.59525968,-0.52209468,-0.61080525,2.2278735,-0.72001094,2.3
21,13200,6.600000,25,1.9728834,1.6198772,1.541694,0.7229379,0.28402045,-0.13339961,-0.18427817,0.22398854,-0.52372626,0.23682278,0.57876244,-0.48104975,-0.65850222,2.2896232,-0.69345997,2.3
21,13200,6.600000,26,1.9728834,1.9714939,1.3344832,1.0379151,0.15866955,-0.079748539,0.13667713,0.21874998,-0.32524286,0.13417205,-0.82467401,0.41638319,0.38280258,1.1779683,2.6740276,2.3
21,13200,6.600000,27,1.9728834,1.6585227,1.8855813,0.33799496,-0.13392184,0.12186186,0.18293402,0.089740955,0.17344434,-0.3177691,0.51289791,-0.67150256,-0.53480842,2.1350773,-0.91851756,2.3
21,13200,6.600000,28,1.9728834,1.2418001,1.2800221,0.82341188,-0.090768301,0.21384831,-0.0949598,-0.22032549,0.45990132,0.0013616677,0.38462636,-0.256506,-0.88671711,2.6609914,-0.58816174,2.3
21,13200,6.600000,29,1.9728834,1.2310512,1.6611301,1.4802933,0.13452073,-0.014962926,-0.24952461,0.0028416385,-0.1214021,-0.1269635,-0.6538109,0.70923052,0.26367284,1.3039685,2.3155581,2.3
21,13200,6.600000,30,1.9728834,1.9540753,1.3919315,1.8931889,0.012633678,0.11879349,-0.029504475,-0.54161452,0.33146477,-0.36446822,0.94760769,-0.27788967,-0.15753411,1.7289894,-0.28525629,2.3
21,13200,6.600000,31,1.9728834,1.8747224,0.060197735,0.92368195,0.042381016,0.018959621,-0.25864477,0.17131454,0.1233194,-0.38666976,0.48692584,0.80214703,0.34563474,1.2178812,1.0252251,2.3
22,13300,6.650000,0,1.978373,0.21178084,0.39613442,0.010895436,-0.022299268,0.096290004,0.052059479,0.074943922,0.25495338,-0.15125692,-0.66330035,-0.62990017,0.40405249,1.1548536,-2.3820163,2.3
22,13300,6.650000,1,1.978373,1.9398313,0.65816376,0.71617835,-0.25304877,0.05747323,-0.091938638,-0.092777069,0.028577231,-0.12394482,0.70744629,0.039737902,-0.7056491,2.3541351,0.056111946,2.3
22,13300,6.650000,2,1.978373,0.60985593,0.32718412,0.52981985,-0.020035135,0.039674773,-0.071204091,0.16096254,0.40028854,0.24519817,0.78234599,-0.35904919,-0.50893854,2.1047476,-0.43026279,2.3
22,13300,6.650000,3,1.978373,0.69358935,0.80514797,0.17445289,0.058421409,0.10436339,0.0012259738,0.16471103,-0.14782891,0.45649009,-0.61037774,0.78895075,-0.070680483,1.6415358,2.2292672,2.3
22,13300,6.650000,4,1.978373,0.79243307,1.8985261,1.22977,0.24061824,-0.16198018,-0.033319243,0.48958645,-0.48506439,-0.24548551,0.62874895,-0.66846028,-0.3972853,1.9793531,-0.81600151,2.3
22,13300,6.650000,5,1.978373,0.31357903,0.89846539,1.7961871,-0.017673906,0.09420921,0.036615885,-0.30038549,0.083922992,0.12457731,0.34840254,-0.65501294,-0.67050258,2.3056823,-1.0819542,2.3
22,13300,6.650000,6,1.978373,0.80316271,1.9378605,0.098020917,0.0033888107,-0.091748033,0.16716906,-0.033580804,0.1452281,-0.10319343,0.47497181,-0.32972458,0.81589428,0.61652215,-0.60682153,2.3
22,13300,6.650000,7,1.978373,0.69124723,0.46057601,1.2885502,0.021761975,-0.15887503,-0.11105439,0.21975025,-0.0077842641,0.040157279,0.93735564,-0.34157929,0.068468944,1.5022738,-0.34945178,2.3
22,13300,6.650000,8,1.978373,0.060733241,1.1106195,0.46298478,-0.21799721,-0.16349944,0.073373524,-0.38662058,-0.19630975,0.023054402,0.74135589,-0.65453843,-0.14822578,1.7195703,-0.72328331,2.3
22,13300,6.650000,9,1.978373,0.11861247,0.15992949,0.52234418,0.072788689,0.057414937,-0.13683881,-0.10465151,0.40728803,0.25047789,0.3644879,-0.92312635,-0.12241857,1.6935227,-1.1947455,2.3
22,13300,6.650000,10,1.978373,0.74611652,1.2233031,0.79401631,0.016244686,0.04097256,0.11025709,-0.42360501,0.138173,0.025169797,0.58998261,-0.51567865,-0.62128581,2.2411789,-0.71829587,2.3
22,13300,6.650000,11,1.978373,0.57317222,1.6720368,0.60199229,-0.19110079,-0.087959889,0.18043073,-0.14857204,0.2052018,0.18887879,-0.18357939,-0.9456173,0.26852659,1.2989332,-1.7625482,2.3
22,13300,6.650000,12,1.978373,0.40779143,1.6429967,1.6390134,0.23381219,0.061434036,0.29436917,0.20930931,0.037201514,0.068256423,-0.35718606,0.60273166,-0.71353533,2.3653277,2.1057658,2.3
22,13300,6.650000,13,1.978373,0.26080567,1.7476242,0.16484848,-0.062710846,0.037418288,0.19794378,0.35572844,-0.19187635,-0.49546799,0.98171027,0.17825238,-0.066865847,1.6377121,0.17961645,2.3
22,13300,6.650000,14,1.978373,1.0723541,1.130663,1.8514039,0.19726637,0.061018095,0.19032729,-0.14187921,0.40218647,-0.18189484,0.64574998,-0.39553248,0.65311639,0.85910379,-0.54957197,2.3
22,13300,6.650000,15,1.978373,0.80850394,1.3019466,1.3387581,0.080167714,-0.10181316,0.15962905,0.54770757,0.014128545,0.48101837,-0.18435677,-0.86805571,-0.4609684,2.0498825,-1.7800659,2.3
22,13300,6.650000,16,1.978373,1.2078921,0.12436068,0.64188612,0.0043867254,-0.021817843,0.1913953,-0.15961148,-0.096654767,0.23805457,0.95466454,-0.1892132,-0.22981294,1.8026818,-0.19566287,2.3
22,13300,6.650000,17,1.978373,0.95441633,0.61571163,0.87998629,-0.15309509,-0.0037304338,0.093931891,0.15735616,-0.12391017,0.50753807,-0.019505577,-0.8952224,-0.44519253,2.0321856,-1.5925814,2.3
22,13300,6.650000,18,1.978373,1.5420498,0.52032088,0.40148075,-0.076953304,0.054238763,-0.28622737,-0.12286926,-0.37958862,-0.0078510461,0.31155355,-0.91679832,0.24983038,1.3182913,-1.2432122,2.3
22,13300,6.650000,19,1.978373,1.5558041,0.72876278,1.9145973,0.11854995,0.030606468,-0.25336474,0.51514079,-0.35070388,-0.15642686,0.27835509,0.9431774,0.18147958,1.3883055,1.2838181,2.3
22,13300,6.650000,20,1.978373,1.4346087,0.021695439,1.1359919,0.2956825,-0.22602126,0.0303078,-0.084354465,0.076973921,-0.37742412,0.57184191,-0.76805506,0.28825033,1.2783972,-0.93080364,2.3
22,13300,6.650000,21,1.978373,1.1185366,0.72098455,1.4191249,-0.21726513,-0.0069068926,-0.090606795,-0.22584828,0.086857949,-0.11713368,0.15361172,0.84081721,-0.51906633,2.1165546,1.3900958,2.3
22,13300,6.650000,22,1.978373,1.4450902,0.084864839,1.6412302,-0.20741829,-0.081386017,-0.019081188,-0.031903738,0.010929017,0.12187725,-0.35111308,0.89534634,0.27399732,1.2932494,1.9445201,2.3
22,13300,6.650000,23,1.978373,1.5889198,0.78905318,1.0982237,-0.23770017,-0.056185495,-0.00079446382,-0.3224348,0.082795248,0.34612305,0.5230936,0.5178918,-0.67687603,2.3143067,0.78040121,2.3
22,13300,6.650000,24,1.978373,1.1046741,1.5042971,0.13157414,-0.066460142,0.18857952,-0.14207652,-0.19889997,-0.15168323,-0.35104751,0.50848435,-0.44791044,-0.73540459,2.3970599,-0.72214697,2.3
22,13300,6.650000,25,1.978373,1.6361391,1.5246682,0.73632423,0.29575877,-0.15468566,-0.17291921,0.30676856,-0.37254102,0.20752795,0.37174609,-0.8413511,-0.39234317,1.973974,-1.1547454,2.3
22,13300,6.650000,26,1.978373,0.010869339,1.32199,1.0483022,0.17091525,-0.095932555,0.14416575,0.3388941,-0.29624325,0.15419122,-0.83137801,0.2970529,0.469649,1.0819032,2.7984277,2.3
22,13300,6.650000,27,1.978373,1.6655478,1.8974221,0.3222665,-0.13151497,0.12844682,0.1662882,0.008730427,0.11811828,-0.34305307,0.3185718,-0.61716194,-0.71946031,2.3738213,-1.0942821,2.3
22,13300,6.650000,28,1.978373,1.2339302,1.3037957,0.82345556,-0.10207786,0.23403217,-0.097204165,-0.21808282,0.39845812,0.036357216,0.13977448,0.58869564,-0.79617871,2.4917495,1.337682,2.3
22,13300,6.650000,29,1.978373,1.2310266,1.6519262,1.4762286,0.13107546,-0.028769752,-0.25769696,-0.14159724,-0.37025542,-0.19445781,-0.44505346,0.63465598,0.63177465,0.88695582,2.1823617,2.3
22,13300,6.650000,30,1.978373,1.9342801,1.4092304,1.879756,-0.012563852,0.13220066,-0.048179335,-0.47272452,0.22381107,-0.36480446,0.87709689,-0.47970192,-0.024230356,1.5950291,-0.50047553,2.3
22,13300,6.650000,31,1.978373,1.8872223,0.064300953,0.90809932,0.049654389,0.022889878,-0.27677238,0.099626449,0.063216649,-0.31808244,0.24945307,0.82312688,0.51013264,1.0354573,1.2765387,2.3
23,13400,6.700000,0,1.9846377,0.21531182,0.41293441,0.0038205453,-0.019443424,0.11181108,0.044961308,0.060054834,0.29771596,-0.18773559,-0.47788739,-0.68937316,0.54441556,0.99510412,-2.1769576,2.3
23,13400,6.700000,1,1.9846377,1.9360184,0.6645347,0.71207612,-0.2629885,0.061753293,-0.098298632,-0.19751415,0.090031157,-0.077596314,0.77700377,-0.14182796,-0.61331067,2.2310417,-0.18054428,2.3
23,13400,6.700000,2,1.9846377,0.61904791,0.34980663,0.54603308,-0.012785759,0.061227163,-0.056691511,0.085768586,0.43266387,0.28316691,0.78884957,-0.19972841,-0.58122708,2.1910322,-0.24797827,2.3
23,13400,6.700000,3,1.9846377,0.70556012,0.80157359,0.19789501,0.068180466,0.098249133,0.024079557,0.21696224,-0.12281163,0.45049185,-0.49081021,0.83077892,-0.26251044,1.8364193,2.1044112,2.3
23,13400,6.700000,4,1.9846377,0.81535644,1.8812695,1.2228984,0.26100011,-0.1852118,-0.044067963,0.30155168,-0.41769696,-0.21094784,0.58644642,-0.66719751,-0.45926908,2.0479685,-0.8497224,2.3
23,13400,6.700000,5,1.9846377,0.2987263,0.90439345,1.8081262,-0.033494597,0.097287364,0.042857456,-0.34196698,0.044892982,0.093369704,0.29277158,-0.66525463,-0.68681953,2.3279005,-1.1562145,2.3
23,13400,6.700000,6,1.9846377,0.80016187,1.9502144,0.095738217,-0.0021465404,-0.085540305,0.16458007,-0.2035182,0.13443372,-0.078492824,0.80057527,-0.4790703,0.35995956,1.2025718,-0.53924778,2.3
23,13400,6.700000,7,1.9846377,0.70259738,0.46139223,1.2934452,0.030908798,-0.15951624,-0.11024092,0.21012052,-0.021044389,0.053094803,0.7725383,-0.59511317,0.22141565,1.3475304,-0.65638889,2.3
23,13400,6.700000,8,1.9846377,0.045164327,1.1077618,0.46660652,-0.23373356,-0.16986391,0.075525797,-0.21789229,-0.10168359,0.0015921096,0.6459382,-0.76332268,0.010116006,1.5606801,-0.86850139,2.3
23,13400,6.700000,9,1.9846377,0.11736583,0.18020719,0.53158072,0.071169016,0.077155008,-0.12926827,0.062472767,0.37290041,-0.037024793,0.31463843,-0.92821854,0.19852711,1.3709414,-1.2439812,2.3
23,13400,6.700000,10,1.9846377,0.73203924,1.2333855,0.80406316,-0.00016926654,0.047171577,0.11777775,-0.24947577,0.080231583,0.25855863,0.37325447,-0.68299402,-0.6278537,2.2495889,-1.0706462,2.3
23,13400,6.700000,11,1.9846377,0.56294745,1.6867646,0.60840075,-0.20312152,-0.078541597,0.18492585,-0.28078899,0.13586578,0.060139708,-0.35744721,-0.86654287,0.34833167,1.2150056,-1.9620302,2.3
23,13400,6.700000,12,1.9846377,0.42055423,1.6551654,1.6424918,0.24526559,0.068389175,0.29266021,0.26410191,0.21218375,-0.066625872,0.1697665,0.24232147,-0.95522753,2.8412242,0.95967865,2.3
23,13400,6.700000,13,1.9846377,0.28130515,1.7382433,0.14248192,-0.043068269,0.022526969,0.17509134,0.41916608,-0.35561974,-0.4230869,0.97010688,0.22823236,0.082478062,1.4882245,0.23106323,2.3
23,13400,6.700000,14,1.9846377,1.0655062,1.1400103,1.8369714,0.18703893,0.066776019,0.17006431,-0.21480251,-0.1038819,-0.53799098,0.26358883,-0.48426664,0.83427019,0.58398854,-1.0723359,2.3
23,13400,6.700000,15,1.9846377,0.83993943,1.3075292,1.3642045,0.10899746,-0.10035549,0.18080277,0.61687094,0.075233828,0.38008977,0.0036385478,-0.90407688,-0.42735437,2.0123608,-1.5667717,2.3
23,13400,6.700000,16,1.9846377,1.1989706,0.12059167,0.65500446,-0.0083395393,-0.025974075,0.20246357,-0.31271222,-0.011535087,0.24300667,0.98271151,0.029413359,-0.18279207,1.7546219,0.029921885,2.3
23,13400,6.700000,17,1.9846377,0.96493611,0.61250325,0.90757525,-0.14560935,-0.0088803574,0.11869518,0.15593626,-0.094106113,0.41553197,-0.28507743,-0.92808073,-0.23957674,1.8127262,-1.8688169,2.3
23,13400,6.700000,18,1.9846377,1.5383321,0.50007378,0.40262283,-0.08554039,0.032378597,-0.28635639,-0.24094233,-0.50785206,-0.065479191,0.51545441,-0.68263182,0.51799667,1.0262891,-0.92404002,2.3
23,13400,6.700000,19,1.9846377,1.5879615,0.71477024,1.91352,0.14573786,0.014331989,-0.2604934,0.51545543,-0.27154879,-0.091633378,0.45972785,0.74643437,0.48112995,1.0688531,1.0187687,2.3
23,13400,6.700000,20,1.9846377,1.4351011,0.026027861,1.1213757,0.29163847,-0.22176427,0.012123229,-0.1039153,0.19260025,-0.38914664,0.5784621,-0.78744728,0.21285765,1.3562976,-0.93722155,2.3
23,13400,6.700000,21,1.9846377,1.1167287,0.72449799,1.417589,-0.22260652,-0.0056784262,-0.096626928,-0.024972617,0.030835605,-0.12118105,0.62835085,0.70177376,-0.33569151,1.9131356,0.84054223,2.3
23,13400,6.700000,22,1.9846377,1.4454338,0.086844263,1.6566641,-0.21164396,-0.079678021,-0.0088604981,-0.14977032,-0.013312538,0.22762059,-0.51775668,0.79400027,0.31857745,1.246568,2.1486368,2.3
23,13400,6.700000,23,1.9846377,1.5781749,0.79459153,1.1205131,-0.25345155,-0.053150523,0.017987685,-0.37214671,0.034807074,0.46189232,0.37900949,0.36017819,-0.85242212,2.5913968,0.75992801,2.3
23,13400,6.700000,24,1.9846377,1.1043748,1.5153923,0.11927317,-0.070251456,0.19490125,-0.15477406,0.038301328,0.30290036,-0.19816539,0.52767942,-0.10014582,-0.84351956,2.5745991,-0.18755476,2.3
23,13400,6.700000,25,1.9846377,1.6593065,1.5133013,0.74924997,0.31371681,-0.1708549,-0.16234181,0.36120174,-0.31165004,0.26962651,-0.040361932,-0.99750906,-0.057849692,1.6286783,-1.611237,2.3
23,13400,6.700000,26,1.9846377,0.026352581,1.3105543,1.0594129,0.1863397,-0.11152971,0.15194465,0.32156959,-0.31466361,0.19139448,-0.73717016,0.31890462,0.59571806,0.93263697,2.7332969,2.3
23,13400,6.700000,27,1.9846377,1.6768139,1.9081416,0.30414827,-0.12553236,0.1331506,0.14717971,0.21812692,0.10359351,-0.42658607,0.19490624,-0.503339,-0.8418203,2.5714432,-1.2013498,2.3
23,13400,6.700000,28,1.9846377,1.2296295,1.3246317,0.8302109,-0.1102729,0.25071334,-0.093062886,-0.15976048,0.30045579,0.090377232,-0.32986999,0.93433932,-0.13489191,1.7061007,1.9101871,2.3
23,13400,6.700000,29,1.9846377,1.2247354,1.6335099,1.4710769,0.12090221,-0.05237958,-0.26750766,-0.26899815,-0.55204976,-0.13813601,-0.29847427,0.44238969,0.84569763,0.56292527,2.1643305,2.3
23,13400,6.700000,30,1.9846377,1.9140152,1.4273754,1.8647645,-0.038912025,0.1458617,-0.069090105,-0.57572123,0.32663211,-0.45843468,0.76576354,-0.61400652,0.191317,1.3782926,-0.6758513,2.3
23,13400,6.700000,31,1.9846377,1.8964491,0.066763769,0.90177312,0.052900003,0.025145515,-0.2859596,0.060466617,0.054813932,0.0087941167,0.0040811491,0.83564408,0.54925615,0.98932249,1.5659125,2.3
24,13500,6.750000,0,1.9815693,0.21601823,0.42593605,1.9748413,-0.018403327,0.1254617,0.034410491,-0.069579043,0.21708407,-0.2124683,-0.22369609,-0.70006798,0.67813338,0.82557651,-1.8800772,2.3
24,13500,6.750000,1,1.9815693,1.9212311,0.66461838,0.70824292,-0.27479178,0.062865245,-0.10103304,-0.29019964,0.0078327054,-0.095661868,0.83964726,-0.37199767,-0.39574008,1.9776699,-0.41705129,2.3
24,13500,6.750000,2,1.9815693,0.62085559,0.36616605,0.55921979,-0.010018851,0.078140485,-0.042649738,0.055920837,0.26629162,0.3238922,0.72023457,0.01394994,-0.69359034,2.3372575,0.019366185,2.3
24,13500,6.750000,3,1.9815693,0.70962214,0.79273874,0.2230377,0.073337309,0.090647685,0.049547907,0.030659926,-0.18272918,0.55198373,-0.31625117,0.83445712,-0.45129427,2.0390115,1.9330608,2.3
24,13500,6.750000,4,1.9815693,0.82470797,1.8548049,1.209213,0.27162044,-0.20878605,-0.055871853,0.15192174,-0.51308785,-0.27605083,0.5779507,-0.61361221,-0.53800841,2.138869,-0.81531758,2.3
24,13500,6.750000,5,1.9815693,0.28556263,0.90887243,1.8072813,-0.046206249,0.10316914,0.044809562,-0.24310128,0.19658697,0.026090803,0.22268515,-0.7032698,-0.67514659,2.3119597,-1.2641419,2.3
24,13500,6.750000,6,1.9815693,0.78994548,1.9556805,0.092167915,-0.01113278,-0.07705254,0.16115513,-0.20669054,0.1544718,-0.075221956,0.86136937,-0.49018344,-0.13327792,1.704472,-0.51736979,2.3
24,13500,6.750000,7,1.9815693,0.70903451,0.45829754,1.2953684,0.03843801,-0.16189943,-0.10631496,0.13645527,-0.079832595,0.10717842,0.46532922,-0.81599632,0.34295585,1.2207345,-1.0525324,2.3
24,13500,6.750000,8,1.9815693,0.033936074,1.1015725,0.46322462,-0.24490063,-0.17434407,0.072863236,-0.24525873,-0.100058,-0.16499565,0.52879246,-0.82930251,0.180654,1.389145,-1.0031626,2.3
24,13500,6.750000,9,1.9815693,0.12546748,0.197624,0.52203051,0.079458536,0.094864128,-0.13800338,0.2026044,0.33139506,-0.28653546,0.3586456,-0.8208876,0.44442871,1.1102599,-1.1588898,2.3
24,13500,6.750000,10,1.9815693,0.71849128,1.2311169,0.81500399,-0.012595065,0.046809576,0.12997115,-0.31202138,-0.031885121,0.29057081,0.05760998,-0.79423321,-0.60487578,2.2204062,-1.4983878,2.3
24,13500,6.750000,11,1.9815693,0.55222907,1.6903288,0.610394,-0.21297718,-0.072364816,0.18786199,-0.18638347,0.076433028,0.077436372,-0.45944285,-0.78150777,0.42208752,1.1350495,-2.102266,2.3
24,13500,6.750000,12,1.9815693,0.43070117,1.6627659,1.6361042,0.25607109,0.078556465,0.28880903,0.25088295,0.16362348,-0.183116,0.61706322,-0.14247692,-0.77390782,2.455785,-0.22691842,2.3
24,13500,6.750000,13,1.9815693,0.29736468,1.7157175,0.12317445,-0.026561051,0.0026731963,0.15598938,0.29956102,-0.35215517,-0.27687446,0.95309081,0.22259898,0.20510388,1.3642265,0.229442,2.3
24,13500,6.750000,14,1.9815693,1.054478,1.1311751,1.8084936,0.17765082,0.059697854,0.14440672,-0.14054408,-0.16363704,-0.52953895,-0.21478831,-0.48965545,0.84504646,0.56414427,-1.9841732,2.3
24,13500,6.750000,15,1.9815693,0.86443232,1.3126291,1.3761305,0.13480891,-0.093228611,0.19484871,0.47374203,0.25309879,0.22488373,0.20770169,-0.91545113,-0.34468715,1.9227018,-1.3476889,2.3
24,13500,6.750000,16,1.9815693,1.1803471,0.1201289,0.66292421,-0.025122277,-0.026250617,0.21140291,-0.34152243,0.035544999,0.11161175,0.94139991,0.33172311,-0.061040786,1.6318751,0.33878653,2.3
24,13500,6.750000,17,1.9815693,0.97285314,0.60877978,0.92832596,-0.13619319,-0.011659014,0.14086621,0.22067082,-0.0027873819,0.37327926,-0.47767356,-0.87561368,-0.07161459,1.6424723,-2.0702012,2.3
24,13500,6.750000,18,1.9815693,1.5255803,0.47551898,0.3999237,-0.095921898,0.0085785236,-0.28843466,-0.19722741,-0.47548145,-0.041443736,0.70961414,-0.30382811,0.63571711,0.88185916,-0.40454381,2.3
24,13500,6.750000,19,1.9815693,1.6118072,0.70604797,1.9081405,0.17205902,0.0067089035,-0.2629164,0.53791064,-0.11901696,-0.010893035,0.53640548,0.41340281,0.73577665,0.74398355,0.65661229,2.3
24,13500,6.750000,20,1.9815693,1.425807,0.033952544,1.1065837,0.28455768,-0.21379318,-0.00094525482,-0.20613586,0.17638568,-0.15930473,0.60559173,-0.77831031,0.16580628,1.4042208,-0.90956164,2.3
24,13500,6.750000,21,1.9815693,1.1139362,0.72584396,1.4098278,-0.22367328,-0.0032104314,-0.10220075,-0.042864765,0.068732094,-0.017076173,0.89182342,0.43851448,-0.11115775,1.6821843,0.45699002,2.3
24,13500,6.750000,22,1.9815693,1.4391125,0.086137335,1.6664482,-0.21573371,-0.080251127,0.0034944802,-0.043179156,0.020053343,0.30280651,-0.63587467,0.66262934,0.39570919,1.1639564,2.3355932,2.3
24,13500,6.750000,23,1.9815693,1.5560086,0.79935988,1.1392109,-0.27319318,-0.047149046,0.038433656,-0.3831913,0.18278432,0.43325653,0.18396789,0.18905559,-0.9645796,2.8746413,0.7990364,2.3
24,13500,6.750000,24,1.9815693,1.1082192,1.5273903,0.10827675,-0.06469541,0.20925322,-0.16559445,0.17035455,0.22815251,-0.24505859,0.54097621,0.45983147,-0.70420151,2.3520942,0.70449588,2.3
24,13500,6.750000,25,1.9815693,1.6786388,1.4916414,0.76420933,0.33563141,-0.19019012,-0.14621158,0.47477547,-0.37265196,0.25698048,-0.41863111,-0.89638911,0.1457208,1.4245548,-2.0077131,2.3
24,13500,6.750000,26,1.9815693,0.045967827,1.2939731,1.0623701,0.2060109,-0.12609597,0.15654339,0.44078233,-0.33100631,0.059747558,-0.5755917,0.36163918,0.73342436,0.74745045,2.5806302,2.3
24,13500,6.750000,27,1.9815693,1.6877533,1.91246,0.2860663,-0.11198999,0.14042476,0.12955433,0.3471863,0.18206593,-0.29467415,0.10326622,-0.40000607,-0.91067625,2.7157144,-1.318151,2.3
24,13500,6.750000,28,1.9815693,1.2187646,1.3404907,0.83418622,-0.11924365,0.26863415,-0.087799939,-0.17826362,0.40409573,0.13893617,-0.58297812,0.59331741,0.55507744,0.98234026,2.347405,2.3
24,13500,6.750000,29,1.9815693,1.2138654,1.6068181,1.4624078,0.11191884,-0.076564678,-0.27390733,-0.080562145,-0.43588029,-0.15419615,-0.16973931,0.21189033,0.96244015,0.27494491,2.2461903,2.3
24,13500,6.750000,30,1.9815693,1.883649,1.4399702,1.8364676,-0.066340305,0.16067478,-0.094523604,-0.48298625,0.29750843,-0.48476668,0.62304504,-0.67051975,0.40276313,1.1562627,-0.82208238,2.3
24,13500,6.750000,31,1.9815693,1.8893054,0.067205667,0.90776299,0.048685136,0.025691056,-0.27856983,-0.17890616,-0.068091191,0.25946418,-0.089666864,0.91020812,0.40432787,1.1545525,1.668992,2.3
25,13600,6.800000,0,1.996318,0.21522346,0.43777562,1.980065,-0.020797032,0.13409902,0.024970615,-0.06525662,0.029055033,-0.10926766,0.10199762,-0.6769222,0.72895323,0.75400472,-1.4212429,2.3
25,13600,6.800000,1,1.996318,1.9215185,0.66728941,0.71102904,-0.28875215,0.060597959,-0.10350915,-0.2841131,-0.06864372,-0.028906818,0.79082328,-0.60611577,-0.084983619,1.6558826,-0.65393771,2.3
25,13600,6.800000,2,1.996318,0.62334126,0.38079954,0.57801587,-0.012146293,0.090004635,-0.028069954,-0.17756871,0.17586247,0.27204559,0.64679396,0.12480445,-0.75238383,2.4224698,0.1906159,2.3
25,13600,6.800000,3,1.996318,0.71509105,0.79536724,0.24965774,0.073523853,0.08738796,0.074415684,0.013014517,-0.0060136759,0.42245328,-0.14929387,0.8163946,-0.55786306,2.1626051,1.7516676,2.3
25,13600,6.800000,4,1.996318,0.8393855,1.8442923,1.2064745,0.28012817,-0.23301404,-0.067567017,0.17352809,-0.49309285,-0.14035004,0.6346703,-0.50543585,-0.58457524,2.1951528,-0.67252695,2.3
25,13600,6.800000,5,1.996318,0.27818381,0.92888679,1.8197188,-0.055675389,0.11636986,0.043799251,-0.12600435,0.30134639,0.01145855,0.15894136,-0.73197178,-0.66253676,2.2949968,-1.3569743,2.3
25,13600,6.800000,6,1.996318,0.78944537,1.980388,0.090721966,-0.017488849,-0.066938493,0.15903106,-0.08823515,0.2101429,-0.058121746,0.72619282,-0.45287995,-0.51724631,2.1144266,-0.55761783,2.3
25,13600,6.800000,7,1.996318,0.71439053,0.45268111,1.3129836,0.03851644,-0.17089359,-0.0983706,-0.12892751,-0.20494386,0.22120259,0.2023,-0.87510137,0.43962746,1.1156125,-1.343614,2.3
25,13600,6.800000,8,1.996318,0.022148352,1.1102125,0.45382798,-0.25689646,-0.17390465,0.060066286,-0.22773374,0.12256573,-0.26934138,0.37083837,-0.87646073,0.3070757,1.2586776,-1.1705285,2.3
25,13600,6.800000,9,1.996318,0.13314129,0.21509878,0.51203136,0.0861736,0.11080889,-0.15183668,0.064262915,0.37464243,-0.22336755,0.48563103,-0.62521543,0.61095677,0.91352774,-0.91039891,2.3
25,13600,6.800000,10,1.996318,0.70878004,1.2374126,0.83520921,-0.027598366,0.043952674,0.14405811,-0.29460424,-0.057056124,0.22730417,-0.19028845,-0.83866493,-0.51032484,2.1063588,-1.7939132,2.3
25,13600,6.800000,11,1.996318,0.54962547,1.7085082,0.61986152,-0.2196662,-0.066787057,0.19276819,-0.090136789,0.16322916,0.095946631,-0.59573275,-0.67243062,0.43924885,1.116034,-2.2957886,2.3
25,13600,6.800000,12,1.996318,0.44672577,1.6845412,1.6347649,0.26884265,0.087921163,0.27534222,0.2930198,0.16926184,-0.349712,0.84193088,-0.43621563,-0.31759773,1.8939913,-0.47803306,2.3
25,13600,6.800000,13,1.996318,0.31373953,1.7121106,0.11186907,-0.012451785,-0.013643128,0.14381237,0.32700813,-0.36277433,-0.22850326,0.94942257,0.2497024,0.19038249,1.3792446,0.25718024,2.3
25,13600,6.800000,14,1.996318,1.0611188,1.1344446,1.7991681,0.17644764,0.054567093,0.12170484,0.020874934,-0.11114146,-0.367041,-0.65945422,-0.38826249,0.64371762,0.87144997,-2.6094764,2.3
25,13600,6.800000,15,1.996318,0.88610576,1.3308783,1.3968007,0.14999214,-0.084780566,0.20523798,0.21492843,0.046639029,0.13826709,0.47707936,-0.84665653,-0.23572867,1.8087646,-1.0576579,2.3
25,13600,6.800000,16,1.996318,1.1657143,0.11902209,0.67176391,-0.048453902,-0.028244153,0.21529408,-0.53463249,-0.13322852,0.085260797,0.80755179,0.58717535,0.055544756,1.515223,0.6286869,2.3
25,13600,6.800000,17,1.996318,0.99706624,0.61188326,0.94823029,-0.11928367,-0.013081378,0.15381306,0.39692855,-0.051085402,0.20878962,-0.56022966,-0.82802667,-0.022684125,1.5934824,-2.1656334,2.3
25,13600,6.800000,18,1.996318,1.5302034,0.45408194,0.40394748,-0.10262874,-0.016305513,-0.28739135,-0.11244362,-0.47949574,0.050377474,0.78163126,0.14243018,0.60726124,0.91818743,0.18024408,2.3
25,13600,6.800000,19,1.996318,1.645576,0.7086083,1.9208443,0.19375079,0.0040241097,-0.26440922,0.35520662,0.016160075,-0.019749882,0.41493477,0.06781383,0.90732046,0.43392993,0.16200029,2.3
25,13600,6.800000,20,1.996318,1.4237868,0.041142195,1.1057185,0.27197188,-0.20688186,-0.01001303,-0.24612665,0.18810874,-0.22806928,0.65681972,-0.74698407,0.10296919,1.4676443,-0.84953867,2.3
25,13600,6.800000,21,1.996318,1.1221087,0.7363716,1.4180071,-0.22379126,0.0018958575,-0.10450624,0.013427384,0.071436867,0.028230081,0.98750568,0.14253861,0.06719582,1.5035498,0.14335198,2.3
25,13600,6.800000,22,1.996318,1.4522881,0.087591486,1.69338,-0.21327848,-0.079441095,0.017969335,0.12006624,0.031410568,0.28231361,-0.68483944,0.59427319,0.42170406,1.1354725,2.4268805,2.3
25,13600,6.800000,23,1.996318,1.55227,0.81337805,1.1692812,-0.28845645,-0.039110268,0.059945173,-0.22827406,0.12587188,0.36126359,-0.04789733,-0.025966927,-0.99851468,3.0870823,-2.6448061,2.3
25,13600,6.800000,24,1.996318,1.1275178,1.5470451,0.097928773,-0.053686015,0.2175092,-0.17670712,0.25917574,0.21487229,-0.11932962,0.3772333,0.85633031,-0.35269454,1.9312455,1.1558513,2.3
25,13600,6.800000,25,1.996318,1.7218861,1.4844275,0.78104092,0.36627113,-0.20843852,-0.13510913,0.68485048,-0.37761068,0.16492282,-0.66253095,-0.71076424,0.23636186,1.3321764,-2.3210866,2.3
25,13600,6.800000,26,1.996318,0.064363254,1.288778,1.0739481,0.2239975,-0.14086724,0.16020066,0.26827292,-0.23293775,0.022630295,-0.41048899,0.41212148,0.81342159,0.62078587,2.35421,2.3
25,13600,6.800000,27,1.996318,1.7175633,1.9342248,0.27413333,-0.094805638,0.14792738,0.11554413,0.3472754,0.14382802,-0.23411084,-0.034011753,-0.34968532,-0.93624963,2.7825955,-1.6677552,2.3
25,13600,6.800000,28,1.996318,1.2158288,1.3667948,0.85018165,-0.13120632,0.2849007,-0.078049464,-0.25818336,0.26559156,0.22981929,-0.57268767,0.012748539,0.81967451,0.60995375,3.1193354,2.3
25,13600,6.800000,29,1.996318,1.2255745,1.5999466,1.4673717,0.11458328,-0.095326035,-0.27980619,0.22516424,-0.24637616,-0.11532326,-0.080007145,-0.098176549,0.99194769,0.12698928,-2.2545757,2.3
25,13600,6.800000,30,1.996318,1.8717027,1.4628194,1.82406,-0.092210584,0.17276152,-0.12050366,-0.57512473,0.22938934,-0.61694733,0.48624952,-0.57870855,0.65471964,0.85698467,-0.87200041,2.3
25,13600,6.800000,31,1.996318,1.8903169,0.064971934,0.93096415,0.035682813,0.022967214,-0.26218584,-0.32619612,-0.080787272,0.35569547,-0.015678948,0.98219275,0.18722063,1.3824643,1.5867582,2.3
26,13700,6.850000,0,1.9893591,0.21018155,0.43711806,1.9709807,-0.025096206,0.13496902,0.022784704,-0.056201743,-0.018090617,-0.050197658,0.41248514,-0.6386337,0.64961758,0.86371501,-0.99731801,2.3
26,13700,6.850000,1,1.9893591,1.9020964,0.66036599,0.70622102,-0.30149836,0.055992585,-0.10584268,-0.29840976,-0.070768202,-0.0089722112,0.70203077,-0.66732488,0.24865698,1.3195029,-0.7600589,2.3
26,13700,6.850000,2,1.9893591,0.61282484,0.38610278,0.5930759,-0.020504418,0.096646889,-0.010965172,-0.15365914,0.13374312,0.36655147,0.53381438,0.18226598,-0.82572472,2.5422821,0.3290294,2.3
26,13700,6.850000,3,1.9893591,0.71397169,0.79490384,0.26885677,0.074899614,0.089701147,0.094520094,0.028052338,0.12984688,0.35213262,-0.02606009,0.82777279,-0.56045792,2.1657349,1.6022681,2.3
26,13700,6.850000,4,1.9893591,0.84556732,1.8175346,1.1941097,0.28925191,-0.2533784,-0.075740511,0.16159873,-0.32207193,-0.18480711,0.62692216,-0.42660207,-0.65190435,2.2808894,-0.59749835,2.3
26,13700,6.850000,5,1.9893591,0.2690048,0.9414293,1.8115834,-0.063899048,0.13217796,0.042004058,-0.21196452,0.30913014,-0.043608268,0.11680258,-0.70543385,-0.69908529,2.3449138,-1.4067095,2.3
26,13700,6.850000,6,1.9893591,0.77787332,1.9815146,0.088613844,-0.026324414,-0.058894509,0.15723604,-0.25296634,0.15016617,0.011618573,0.51740886,-0.43180337,-0.73880574,2.4020929,-0.69545566,2.3
26,13700,6.850000,7,1.9893591,0.70390861,0.44207179,1.3238015,0.030510807,-0.17994073,-0.082948844,-0.1828938,-0.16438518,0.2835594,0.14565567,-0.7860851,0.60071178,0.9264052,-1.3875818,2.3
26,13700,6.850000,8,1.9893591,0.013940701,1.1126412,0.44117933,-0.26504112,-0.16759488,0.048980271,-0.14920288,0.13277041,-0.26055029,0.17512102,-0.9135081,0.36719965,1.1947998,-1.3813925,2.3
26,13700,6.850000,9,1.9893591,0.13571638,0.2371681,0.49700438,0.08921812,0.13366792,-0.16510195,0.082804621,0.47095342,-0.2566033,0.57905757,-0.50357096,0.64117752,0.8747646,-0.71578552,2.3
26,13700,6.850000,10,1.9893591,0.68695449,1.2315402,0.84127842,-0.046987055,0.042391005,0.15305446,-0.43329972,-0.041809849,0.16278666,-0.414771,-0.79575535,-0.44129179,2.027834,-2.0512828,2.3
26,13700,6.850000,11,1.9893591,0.54520102,1.7098909,0.62323771,-0.22217911,-0.059435922,0.19831482,-0.068497757,0.1188846,0.023994762,-0.67926917,-0.5732538,0.45822863,1.0947951,-2.4406347,2.3
26,13700,6.850000,12,1.9893591,0.46083895,1.6885503,1.6101322,0.28454047,0.097819664,0.25637502,0.3852617,0.14384077,-0.28682096,0.77649389,-0.57037426,0.26782541,1.2996611,-0.63354013,2.3
26,13700,6.850000,13,1.9893591,0.32727076,1.6861629,0.10224732,0.0021986842,-0.03365758,0.13456444,0.29705334,-0.49274634,-0.18097781,0.94633988,0.30298808,0.11242352,1.4581346,0.30985565,2.3
26,13700,6.850000,14,1.9893591,1.0610119,1.121144,1.7806546,0.18004599,0.04520466,0.10944163,0.039702376,-0.30239856,-0.15505328,-0.92951984,-0.23096376,0.28748671,1.2791946,-2.8980485,2.3
26,13700,6.850000,15,1.9893591,0.88687448,1.3261592,1.395318,0.15385645,-0.084860554,0.20863022,-0.047674543,-0.060705686,0.03951653,0.76897854,-0.6310819,-0.10201778,1.6729919,-0.68722147,2.3
26,13700,6.850000,16,1.9893591,1.1337932,0.11050045,0.66985633,-0.07636019,-0.036365072,0.21572894,-0.57174876,-0.12898714,-0.047149589,0.60113554,0.79914696,-0.00044499146,1.5712413,0.92587496,2.3
26,13700,6.850000,17,1.9893591,1.0129344,0.60361092,0.95180204,-0.099906036,-0.019231502,0.16070224,0.42035054,-0.22825365,0.081467137,-0.56952524,-0.8219566,-0.0053245196,1.5761209,-2.1767343,2.3
26,13700,6.850000,18,1.9893591,1.5197041,0.42993266,0.40335313,-0.107803,-0.038911389,-0.28657617,-0.045481673,-0.46851204,0.010812081,0.68797048,0.56391811,0.45682927,1.0963688,0.68662842,2.3
26,13700,6.850000,19,1.9893591,1.6526504,0.70536535,1.9091104,0.20658383,0.0032499239,-0.26945608,0.20429412,-0.04475151,-0.15192087,0.25186643,-0.22993378,0.94004987,0.34801983,-0.73990728,2.3
26,13700,6.850000,20,1.9893591,1.4053414,0.048213529,1.0909307,0.25846605,-0.19965449,-0.02096556,-0.30001851,0.12140958,-0.21394099,0.66221943,-0.7490119,0.021133087,1.5496617,-0.84682203,2.3
26,13700,6.850000,21,1.9893591,1.1222338,0.73918679,1.4155247,-0.21974767,0.0072873556,-0.10204129,0.17562753,0.17069101,0.073214589,0.92953138,-0.29039812,0.22724512,1.3415485,-0.30280603,2.3
26,13700,6.850000,22,1.9893591,1.4523721,0.090448153,1.7005497,-0.20812295,-0.076273564,0.031064807,0.051855196,0.10875184,0.27998137,-0.62107312,0.61016611,0.49189988,1.0565258,2.3650528,2.3
26,13700,6.850000,23,1.9893591,1.537258,0.82235386,1.1831798,-0.29807428,-0.027278473,0.077951197,-0.17950656,0.35645114,0.36223193,-0.33784996,-0.24630259,-0.90840104,2.71024,-2.5116483,2.3
26,13700,6.850000,24,1.9893591,1.1400484,1.5551943,0.093882746,-0.037196256,0.23107489,-0.18041826,0.348874,0.26707932,-0.046655643,0.082035684,0.98961971,0.11799563,1.4525252,1.4880893,2.3
26,13700,6.850000,25,1.9893591,1.7484255,1.4610846,0.78589828,0.39886968,-0.2266387,-0.1275159,0.57739126,-0.27880818,0.15590723,-0.78268113,-0.50119885,0.36906633,1.1927921,-2.5720231,2.3
26,13700,6.850000,26,1.9893591,0.078883683,1.271154,1.0692268,0.23876808,-0.15402169,0.1592213,0.34203049,-0.29208885,0.019315588,-0.19457424,0.43826023,0.87753566,0.50009782,1.9886241,2.3
26,13700,6.850000,27,1.9893591,1.7296446,1.9353125,0.25990693,-0.076705542,0.15577122,0.10225011,0.33353006,0.14087724,-0.24964925,-0.20069136,-0.35330349,-0.91372842,2.7231637,-2.0873861,2.3
26,13700,6.850000,28,1.9893591,1.2006017,1.3700087,0.86131639,-0.14221435,0.29289306,-0.063926443,-0.22858668,0.11091082,0.27411756,-0.32934289,-0.51997726,0.78813508,0.66302314,-2.1353986,2.3
26,13700,6.850000,29,1.9893591,1.2367954,1.5868161,1.4592102,0.13010353,-0.1028925,-0.28285793,0.46510251,-0.0095789325,-0.044684283,0.03857102,-0.51188622,0.85818691,0.53906912,-1.4955877,2.3
26,13700,6.850000,30,1.9893591,1.8378621,1.467304,1.7857344,-0.11957439,0.18236209,-0.15252671,-0.52471616,0.20282429,-0.64795035,0.46125543,-0.35204578,0.81443674,0.61903851,-0.65191714,2.3
26,13700,6.850000,31,1.9893591,1.8684193,0.059585461,0.94411859,0.02034787,0.0177982,-0.24575749,-0.23311146,-0.16917958,0.27140952,0.018813787,0.99957105,0.02244457,1.5483499,1.5519767,2.3
27,13800,6.900000,0,1.9898609,0.2066116,0.43651674,1.9724929,-0.028718713,0.13425752,0.02379964,-0.16741032,-0.045028473,0.075054913,0.67111326,-0.55561299,0.49081688,1.0577692,-0.69152166,2.3
27,13800,6.900000,1,1.9898609,1.8887954,0.66004116,0.70908385,-0.31527744,0.055501248,-0.10315834,-0.20306773,0.036704994,0.13809869,0.58032493,-0.64979448,0.49090743,1.0576653,-0.84181207,2.3
27,13800,6.900000,2,1.9898609,0.60653715,0.38992178,0.61313109,-0.026945875,0.10036803,0.0089379061,-0.10746384,0.046343699,0.3847796,0.5074367,0.10230833,-0.85559394,2.5974935,0.19895077,2.3
27,13800,6.900000,3,1.9898609,0.71629022,0.80363057,0.28291474,0.077037781,0.098226289,0.10850848,0.060056533,0.22703049,0.21867361,0.097980904,0.87836279,-0.46784457,2.0576467,1.4597061,2.3
27,13800,6.900000,4,1.9898609,0.85469653,1.8025744,1.1862365,0.29816671,-0.26879512,-0.083913913,0.1591303,-0.26921496,-0.075783414,0.61666367,-0.37536209,-0.69197487,2.3350174,-0.54679073,2.3
27,13800,6.900000,5,1.9898609,0.25583769,0.95528753,1.811124,-0.077132337,0.145797,0.041087827,-0.30593838,0.26908377,0.010810969,0.032358521,-0.63865232,-0.76881476,2.4477819,-1.5201727,2.3
27,13800,6.900000,6,1.9898609,0.76573661,0.0029895151,0.089732615,-0.038655787,-0.048059884,0.15833233,-0.25398502,0.2877026,0.058395914,0.31120852,-0.40391173,-0.86023518,2.6065271,-0.91431229,2.3
27,13800,6.900000,7,1.9898609,0.69380288,0.4360042,1.3343794,0.02022882,-0.18611904,-0.072706142,-0.1557555,-0.05613103,0.1409945,0.19870285,-0.67383985,0.71165795,0.77894095,-1.2840421,2.3
27,13800,6.900000,8,1.9898609,0.005173819,1.1174386,0.42691862,-0.27381041,-0.16307869,0.03461009,-0.14231788,0.026905394,-0.33676661,-0.060758033,-0.88839852,0.45503464,1.0983852,-1.6390805,2.3
27,13800,6.900000,9,1.9898609,0.13800452,0.25753993,0.48346999,0.091471737,0.15397737,-0.17875998,0.021973831,0.40839342,-0.30806001,0.6490726,-0.45103595,0.61259394,0.91145808,-0.60729016,2.3
27,13800,6.900000,10,1.9898609,0.66153273,1.2294492,0.84931065,-0.072578864,0.039989644,0.1608735,-0.48114348,-0.05613076,0.16708004,-0.61268405,-0.70372815,-0.35970119,1.938744,-2.2871437,2.3
27,13800,6.900000,11,1.9898609,0.54183121,1.7158361,0.62401197,-0.225686,-0.053922743,0.1989318,-0.11432851,0.16157582,-0.001825678,-0.73850983,-0.48728967,0.46599572,1.0860367,-2.5583393,2.3
27,13800,6.900000,12,1.9898609,0.48007444,1.6916984,1.5947388,0.3036573,0.10054148,0.24057742,0.3580295,-0.019507804,-0.3600577,0.47285318,-0.54300507,0.6939419,0.80384699,-0.85434547,2.3
27,13800,6.900000,13,1.9898609,0.34331862,1.6627899,0.094358099,0.018161977,-0.057452964,0.12665042,0.36352782,-0.48286107,-0.10680846,0.91807174,0.38367911,0.099672584,1.470958,0.39585724,2.3
27,13800,6.900000,14,1.9898609,1.065249,1.10862,1.7766265,0.18401487,0.032399447,0.10496494,0.13484421,-0.23971327,-0.033076887,-0.99718077,-0.069030483,0.029416078,1.541376,-3.0724773,2.3
27,13800,6.900000,15,1.9898609,0.87976249,1.3223367,1.3903075,0.14652168,-0.089016951,0.20326846,-0.26136122,-0.061839636,-0.2433851,0.90568563,-0.41451289,-0.088952822,1.6598669,-0.42922104,2.3
27,13800,6.900000,16,1.9898609,1.1064797,0.10096477,0.66728532,-0.10395613,-0.045927418,0.21298931,-0.48910273,-0.26179452,-0.16362851,0.36383832,0.92729859,-0.087971594,1.6588818,1.1968902,2.3
27,13800,6.900000,17,1.9898609,1.0348238,0.59083716,0.95334809,-0.078274891,-0.032155888,0.16200805,0.51342086,-0.24584218,0.036980142,-0.51385636,-0.85767085,-0.018770942,1.5895684,-2.1105759,2.3
27,13800,6.900000,18,1.9898609,1.5180053,0.40748296,0.40767011,-0.1098849,-0.061466692,-0.28236146,-0.035759118,-0.42020975,0.098080459,0.61564087,0.76197806,0.20093721,1.3684818,0.89122603,2.3
27,13800,6.900000,19,1.9898609,1.6618165,0.70260909,1.9032714,0.215332,0.00031611592,-0.27577583,0.11811343,-0.058638867,-0.12917263,0.16869985,-0.42558509,0.88905438,0.47552088,-1.1934015,2.3
27,13800,6.900000,20,1.9898609,1.3891303,0.057402017,1.0819654,0.24190255,-0.19047932,-0.030204867,-0.33356235,0.19896504,-0.18142042,0.57044387,-0.81827416,-0.070860371,1.6417161,-0.9619988,2.3
27,13800,6.900000,21,1.9898609,1.1312929,0.74848133,1.4216979,-0.21097268,0.016394297,-0.096225892,0.13339966,0.1848754,0.0652878,0.61498574,-0.70611436,0.35099154,1.2121665,-0.85426842,2.3
27,13800,6.900000,22,1.9898609,1.4577713,0.097921406,1.715744,-0.20309073,-0.068824066,0.045828246,0.11789706,0.15517358,0.28109281,-0.48424095,0.66094275,0.57329345,0.9602765,2.2031019,2.3
27,13800,6.900000,23,1.9898609,1.5347766,0.84151316,1.1975647,-0.30094305,-0.0083289925,0.092035802,0.052549228,0.35388668,0.27538889,-0.57744836,-0.44694045,-0.6832259,2.3229677,-2.4829126,2.3
27,13800,6.900000,24,1.9898609,1.1593279,1.56996,0.092147806,-0.018206679,0.24544644,-0.18217666,0.44077451,0.25835628,-0.016412538,-0.18411524,0.79481329,0.5782503,0.95421388,1.7984274,2.3
27,13800,6.900000,25,1.9898609,1.771691,1.4477755,0.78894121,0.42169133,-0.24031468,-0.12467156,0.34965665,-0.21908156,-0.014810974,-0.85900326,-0.29302006,0.41982454,1.1375443,-2.8128538,2.3
27,13800,6.900000,26,1.9898609,0.097169876,1.2561514,1.0736694,0.25703208,-0.16934305,0.16339361,0.37195445,-0.34587292,0.080543395,0.035268739,0.55569551,0.83063748,0.59054475,1.5074136,2.3
27,13800,6.900000,27,1.9898609,1.7448801,1.9417317,0.24817688,-0.061908133,0.16170151,0.090455994,0.22339471,0.085539657,-0.15761906,-0.29184027,-0.22390188,-0.92989096,2.7649126,-2.4871697,2.3
27,13800,6.900000,28,1.9898609,1.1902501,1.3749335,0.87274592,-0.15286752,0.29747165,-0.052715586,-0.18895241,0.024312239,0.2215888,0.01011629,-0.8461896,0.5327859,1.0089071,-1.5588418,2.3
27,13800,6.900000,29,1.9898609,1.2656904,1.5900013,1.4626751,0.15868292,-0.10010797,-0.27976152,0.65654717,0.061451907,0.16451082,0.20301236,-0.78318458,0.58771412,0.94256571,-1.3171647,2.3
27,13800,6.900000,30,1.9898609,1.8112275,1.475673,1.7596746,-0.14666924,0.19035994,-0.17903364,-0.59347544,0.072781925,-0.4987513,0.54797775,-0.10556109,0.82980554,0.59203719,-0.19030636,2.3
27,13800,6.900000,31,1.9898609,1.8606487,0.052347681,0.95424676,0.012106994,0.010546304,-0.23586872,-0.1440331,-0.063583636,0.18269047,0.028247912,0.97911737,-0.20132371,1.7735054,1.5419539,2.3
28,13900,6.950000,0,1.9916735,0.19645727,0.43269108,1.9792374,-0.039056536,0.13003617,0.028745105,-0.20807992,-0.11982021,0.0065141439,0.83693602,-0.43392164,0.33354176,1.2307383,-0.47830988,2.3
28,13900,6.950000,1,1.9916735,1.8815053,0.6614365,0.71798523,-0.32428393,0.056294995,-0.094906608,-0.10154436,0.0082774077,0.14759044,0.41164408,-0.58435163,0.69934421,0.79631671,-0.9570928,2.3
28,13900,6.950000,2,1.9916735,0.60097916,0.39410247,0.63751285,-0.033053572,0.10419181,0.032750336,-0.1435601,0.16165089,0.62600047,0.52794929,-0.016951912,-0.8491067,2.5850882,-0.032097951,2.3
28,13900,6.950000,3,1.9916735,0.71709206,0.8159343,0.29625534,0.077187082,0.10979274,0.12158543,-0.01972706,0.2870689,0.20669239,0.1518469,0.89195327,-0.42586604,2.0107152,1.4021721,2.3
28,13900,6.950000,4,1.9916735,0.86102175,1.7935846,1.184378,0.30371087,-0.27942199,-0.086851633,0.068082572,-0.15713943,-0.032150552,0.64923295,-0.33740196,-0.68165717,2.3208215,-0.47927777,2.3
28,13900,6.950000,5,1.9916735,0.23924048,0.96994035,1.8123069,-0.093954936,0.15957339,0.040621136,-0.3556282,0.19793287,0.0089416097,-0.068453099,-0.55966931,-0.82588403,2.5425646,-1.6925017,2.3
28,13900,6.950000,6,1.9916735,0.75417062,0.017711119,0.087863743,-0.050913704,-0.0333477,0.1563826,-0.21552317,0.29605066,-0.04023131,0.19511038,-0.28147255,-0.93952389,2.7920338,-0.96466404,2.3
28,13900,6.950000,7,1.9916735,0.68580671,0.43418676,1.3372336,0.011604603,-0.18833263,-0.071068202,-0.18709512,0.013090038,-0.064265048,0.22113516,-0.62243829,0.75077947,0.72155501,-1.2294322,2.3
28,13900,6.950000,8,1.9916735,0.00010647396,1.1177084,0.41144114,-0.27888016,-0.16382638,0.018750955,-0.023234237,0.0080413953,-0.30772436,-0.2395238,-0.76741807,0.59472503,0.93387276,-1.8733317,2.3
28,13900,6.950000,9,1.9916735,0.13305214,0.27693048,0.47092543,0.086395958,0.17312461,-0.19173903,-0.12399324,0.39553224,-0.24270648,0.72305482,-0.4206074,0.54797914,0.99084988,-0.52686156,2.3
28,13900,6.950000,10,1.9916735,0.63930842,1.2281811,0.86254782,-0.095395372,0.03760275,0.17333137,-0.43636992,-0.053445581,0.27867636,-0.80764048,-0.55845212,-0.18933591,1.7612821,-2.5366204,2.3
28,13900,6.950000,11,1.9916735,0.53781831,1.7275835,0.62464708,-0.2301904,-0.043742848,0.19899847,-0.1040139,0.16892256,-0.055828253,-0.81824387,-0.36225724,0.44637053,1.1080911,-2.7248048,2.3
28,13900,6.950000,12,1.9916735,0.50104903,1.6886284,1.5816868,0.32418525,0.095932661,0.22607944,0.45094749,-0.17729982,-0.24611882,0.11474146,-0.48553481,0.86665469,0.52233883,-1.3387341,2.3
28,13900,6.950000,13,1.9916735,0.36027945,1.6439533,0.088050949,0.034802504,-0.077794893,0.12026023,0.38686612,-0.38714648,-0.07580854,0.89441439,0.43616243,0.098920366,1.4717139,0.45372002,2.3
28,13900,6.950000,14,1.9916735,1.0771364,1.0991935,1.7803559,0.19492698,0.021967923,0.107075,0.21322954,-0.28777894,0.13201018,-0.98190571,0.1045906,-0.157867,1.7293265,3.0354748,2.3
28,13900,6.950000,15,1.9916735,0.86619714,1.3191921,1.3792403,0.1321615,-0.093364076,0.1909405,-0.36778595,-0.036929128,-0.28702751,0.93285052,-0.30442001,-0.19266128,1.7646698,-0.31543718,2.3
28,13900,6.950000,16,1.9916735,1.0846208,0.088330519,0.66010498,-0.12681257,-0.058647847,0.20520469,-0.40403075,-0.26673507,-0.17944874,0.11833667,0.99026892,-0.073238636,1.6441006,1.4518608,2.3
28,13900,6.950000,17,1.9916735,1.0604174,0.57930055,0.95584577,-0.053635142,-0.044225197,0.16363659,0.48794816,-0.25073381,-0.023029762,-0.40681211,-0.9112576,0.064136489,1.5066158,-1.9906769,2.3
28,13900,6.950000,18,1.9916735,1.5188988,0.38292253,0.40995118,-0.1103739,-0.086386949,-0.2804526,-0.032564371,-0.48472926,0.02970039,0.50076897,0.86301443,-0.06660725,1.6374529,1.0450213,2.3
28,13900,6.950000,19,1.9916735,1.6675422,0.69906992,1.8967794,0.21954205,-0.0038611556,-0.28399782,0.070944548,-0.069499892,-0.21263497,0.16732794,-0.59548313,0.78574881,0.66689052,-1.296865,2.3
28,13900,6.950000,20,1.9916735,1.3730878,0.068321959,1.0790201,0.22460259,-0.17961661,-0.034133954,-0.29248938,0.29658431,-0.050397104,0.41785641,-0.90114432,-0.11547703,1.6865316,-1.1366119,2.3
28,13900,6.950000,21,1.9916735,1.1354165,0.75713262,1.4288586,-0.20788104,0.024360169,-0.090362856,-0.018851376,0.14752664,0.20301986,0.15884201,-0.90484522,0.39499916,1.1647294,-1.3970209,2.3
28,13900,6.950000,22,1.9916735,1.4635887,0.10933182,1.7299144,-0.19860326,-0.057508004,0.058430079,-0.0047195964,0.26079058,0.32188017,-0.36065602,0.65351802,0.66546332,0.84268197,2.075073,2.3
28,13900,6.950000,23,1.9916735,1.5421942,0.86065687,1.2057666,-0.29492621,0.010039825,0.099143624,0.18515113,0.39999926,0.10333031,-0.71021109,-0.59285352,-0.37963787,1.9602012,-2.4460149,2.3
28,13900,6.950000,24,1.9916735,1.1829775,1.5841116,0.093368734,0.0043766326,0.25816223,-0.18104018,0.47010502,0.25154773,0.053111301,-0.23369421,0.29021188,0.92798927,0.38181666,2.2487326,2.3
28,13900,6.950000,25,1.9916735,1.7879167,1.4399809,0.79007957,0.43629657,-0.24942383,-0.12425204,0.20634503,-0.15875326,-0.028525826,-0.87373376,-0.15323327,0.46163717,1.0909564,-2.9679807,2.3
28,13900,6.950000,26,1.9916735,0.11894976,1.2368168,1.0781597,0.27871358,-0.18981257,0.16690435,0.48030927,-0.45100673,0.069266973,0.12899448,0.70696065,0.69538986,0.80183407,1.3903183,2.3
28,13900,6.950000,27,1.9916735,1.7573246,1.9472088,0.23649377,-0.051058012,0.16540826,0.078552243,0.14289181,-0.0044993842,-0.20308191,-0.34616218,-0.019757981,-0.93796661,2.7875148,-3.0845773,2.3
28,13900,6.950000,28,1.9916735,1.1813383,1.3792671,0.88420642,-0.16285889,0.30055145,-0.042054921,-0.19726087,-0.022097563,0.22462259,0.28299855,-0.94703806,0.15175882,1.4184489,-1.280418,2.3
28,13900,6.950000,29,1.9916735,1.3023139,1.5975222,1.4709575,0.19413741,-0.094038166,-0.27281457,0.71170161,0.18989917,0.10701205,0.41662037,-0.86716034,0.27287435,1.2944168,-1.1229171,2.3
28,13900,6.950000,30,1.9916735,1.7805159,1.4777434,1.7327498,-0.17901593,0.19108582,-0.20754833,-0.64093599,-0.082967353,-0.64638966,0.54746854,0.065045008,0.83429452,0.58394441,0.11825614,2.3
28,13900,6.950000,31,1.9916735,1.8591783,0.047095506,0.96463076,0.0089431371,0.0052488575,-0.22635827,0.0056259491,-0.12109795,0.10611223,-0.027742133,0.91418269,-0.40435181,1.9870663,1.6011334,2.3
29,14000,7.000000,0,2.002124,0.18589815,0.4298727,1.9904803,-0.050616242,0.12496068,0.029600445,-0.15664067,-0.029163383,-0.071048663,0.95038401,-0.28458871,0.12561648,1.4448471,-0.29094848,2.3
29,14000,7.000000,1,2.002124,1.8848718,0.66106194,0.73042238,-0.33077291,0.05245984,-0.086259448,-0.13444659,-0.11967791,0.21427078,0.23649292,-0.43194466,0.87034184,0.51490028,-1.0698688,2.3
29,14000,7.000000,2,2.002124,0.59715396,0.4022014,0.67463645,-0.040013973,0.11020709,0.066440664,-0.13679143,0.066800836,0.69159364,0.58755808,-0.13375515,-0.79805079,2.4948499,-0.22383135,2.3
29,14000,7.000000,3,2.002124,0.71813314,0.83505461,0.30878313,0.074472595,0.12459301,0.13253009,-0.023634873,0.26211631,0.27606787,0.1127524,0.93126389,-0.34645989,1.9245909,1.4503082,2.3
29,14000,7.000000,4,2.002124,0.87241444,1.7949057,1.1878181,0.31056773,-0.28749096,-0.089618785,0.16012625,-0.05713066,-0.042652892,0.65249264,-0.30709932,-0.69277945,2.3361325,-0.43989774,2.3
29,14000,7.000000,5,2.002124,0.22419277,0.98257002,1.81987,-0.11021542,0.16709399,0.03867992,-0.29210639,0.080448852,-0.075982683,-0.14522721,-0.46748924,-0.87198788,2.6300449,-1.8719982,2.3
29,14000,7.000000,6,2.002124,0.75150997,0.032000069,0.086014585,-0.057514301,-0.019188733,0.15407844,-0.1272373,0.28513415,-0.031346731,0.1156166,-0.11098228,-0.98707433,2.9806354,-0.76494935,2.3
29,14000,7.000000,7,2.002124,0.67952275,0.43270929,1.3413022,0.0017479205,-0.19207853,-0.074008522,-0.16014075,-0.17766136,-0.036191266,0.20813659,-0.68178951,0.70131464,0.7935563,-1.2745027,2.3
29,14000,7.000000,8,2.002124,0.00081068011,1.1255578,0.39605691,-0.27817835,-0.16184691,0.001253627,0.042431332,0.097759746,-0.31308278,-0.46553485,-0.54849829,0.6945696,0.80297486,-2.274561,2.3
29,14000,7.000000,9,2.002124,0.12658916,0.30046542,0.46390881,0.079253534,0.19514883,-0.20120189,-0.16918655,0.43523868,-0.18477031,0.784764,-0.49927219,0.36725025,1.1947454,-0.56661758,2.3
29,14000,7.000000,10,2.002124,0.62113196,1.2316742,0.87920846,-0.11687017,0.034659188,0.18543444,-0.41094491,-0.062846317,0.22111527,-0.91933964,-0.39329987,-0.011394581,1.5821912,-2.7373469,2.3
29,14000,7.000000,11,2.002124,0.53286262,1.7489704,0.62445302,-0.23794778,-0.031452973,0.19553587,-0.12826803,0.25437224,-0.049357796,-0.82525277,-0.33258122,0.4564511,1.0967939,-2.7584982,2.3
29,14000,7.000000,12,2.002124,0.52578819,1.6889206,1.5759163,0.34623765,0.087386753,0.21204634,0.3525863,-0.20213057,-0.30085278,-0.16309781,-0.50063375,0.85015584,0.55451513,-1.885736,2.3
29,14000,7.000000,13,2.002124,0.38276456,1.6320658,0.082904322,0.055343429,-0.098254888,0.11466623,0.48979927,-0.40176631,-0.10975276,0.91930604,0.36332007,0.15124464,1.4189691,0.37637132,2.3
29,14000,7.000000,14,2.002124,1.0904175,1.0938055,1.7998754,0.20253633,0.010841443,0.11722627,0.035089196,-0.16298087,0.26363504,-0.929232,0.28508112,-0.23506731,1.8080841,2.8439162,2.3
29,14000,7.000000,15,2.002124,0.85517197,1.3259555,1.3701515,0.11663192,-0.09352226,0.17465722,-0.28284356,0.019432891,-0.33577267,0.9183295,-0.17499657,-0.35503117,1.9337437,-0.18830206,2.3
29,14000,7.000000,16,2.002124,1.070845,0.081198929,0.65706824,-0.14622871,-0.066223096,0.19872126,-0.43129367,-0.074630986,-0.13717206,-0.14092927,0.9786065,-0.14989416,1.7212575,1.7138231,2.3
29,14000,7.000000,17,2.002124,1.0893034,0.56957833,0.9620778,-0.030374083,-0.056953766,0.16485,0.42564105,-0.17441524,0.073520849,-0.33075956,-0.92278203,0.19766494,1.371821,-1.9149679,2.3
29,14000,7.000000,18,2.002124,1.5231528,0.36334635,0.41470365,-0.11408006,-0.10791603,-0.27785799,-0.16792456,-0.34569866,0.031770502,0.40206417,0.86612794,-0.29692894,1.8722713,1.1361894,2.3
29,14000,7.000000,19,2.002124,1.6776528,0.69593049,1.9006449,0.22089926,-0.010650925,-0.29006909,0.084378575,-0.18339437,-0.081779171,0.24748665,-0.70671812,0.66279699,0.84624841,-1.2339509,2.3
29,14000,7.000000,20,2.002124,1.3658716,0.082325256,1.0819866,0.21021926,-0.16600742,-0.036822158,-0.32797119,0.27737714,-0.028652794,0.15724165,-0.97771616,-0.13909055,1.7103393,-1.4113363,2.3
29,14000,7.000000,21,2.002124,1.1368345,0.76991356,1.447176,-0.21240878,0.033145359,-0.079571135,-0.18665423,0.16346513,0.1887045,-0.24022513,-0.92880794,0.28214835,1.2847636,-1.8238883,2.3
29,14000,7.000000,22,2.002124,1.471111,0.12307342,1.7562694,-0.19876016,-0.044374445,0.075662884,-0.007613612,0.23348911,0.33104521,-0.21036745,0.64001964,0.73899959,0.73921212,1.8883612,2.3
29,14000,7.000000,23,2.002124,1.5568763,0.88473055,1.2195331,-0.28835337,0.029546494,0.10656394,0.089870037,0.38070977,0.1514684,-0.73685229,-0.66972307,-0.092302282,1.6632302,-2.4038836,2.3
29,14000,7.000000,24,2.002124,1.2138993,1.6027782,0.097306805,0.029026651,0.26848979,-0.17760103,0.51955731,0.10730494,0.076919304,-0.18863652,-0.37086432,0.90932718,0.42913217,-2.0413322,2.3
29,14000,7.000000,25,2.002124,1.8091037,1.4421889,0.79539214,0.44807128,-0.25475769,-0.12308816,0.21908605,-0.09541381,0.12299589,-0.87802538,-0.083136879,0.47133819,1.0799889,-3.0471879,2.3
29,14000,7.000000,26,2.002124,0.14753311,1.2189936,1.085659,0.30659981,-0.21406198,0.16874155,0.6906526,-0.60177154,-0.032900644,0.11751289,0.84757646,0.51749866,1.0268712,1.4330288,2.3
29,14000,7.000000,27,2.002124,1.7733447,1.9570252,0.22794631,-0.044276534,0.16500844,0.06878941,0.036358976,-0.061271447,-0.18570395,-0.38108539,0.17722257,-0.90739522,2.7078406,2.7062964,2.3
29,14000,7.000000,28,2.002124,1.1784898,1.3862169,0.89812328,-0.17188247,0.30026487,-0.032801807,-0.16006169,0.025099067,0.16174325,0.40829389,-0.8868929,-0.21614135,1.788657,-1.1393569,2.3
29,14000,7.000000,29,2.002124,1.3424525,1.6148478,1.4822125,0.22735566,-0.085118259,-0.26928711,0.61274792,0.18839147,-0.003454012,0.49687366,-0.86036884,-0.11349904,1.6845405,-1.047076,2.3
29,14000,7.000000,30,2.002124,1.7586998,1.4806115,1.7078518,-0.21009323,0.18621282,-0.24144954,-0.56685381,-0.097698949,-0.68531552,0.5095315,0.21190055,0.83395192,0.58456552,0.39411493,2.3
29,14000,7.000000,31,2.002124,1.8705794,0.041934243,0.97009263,0.010584618,-0.00014540606,-0.22595897,0.033434792,-0.015184819,-0.045972747,-0.1203456,0.83573877,-0.53577761,2.1362248,1.7138123,2.3
30,14100,7.050000,0,2.0030239,0.1820174,0.42957247,1.9848819,-0.054579663,0.12446735,0.023108867,-0.045845843,-0.007342957,-0.22295365,0.98080998,-0.1550834,-0.11815634,1.6892293,-0.15681939,2.3
30,14100,7.050000,1,2.0030239,1.881698,0.65682936,0.74099177,-0.33479304,0.047931153,-0.076020649,-0.069050092,-0.024672105,0.2132333,0.090137437,-0.14952271,0.98464115,0.17548973,-1.0282953,2.3
30,14100,7.050000,2,2.0030239,0.58844561,0.40754731,0.70892133,-0.048988702,0.11537106,0.10041469,-0.11527068,0.057800998,0.57088528,0.65472502,-0.2526385,-0.71239661,2.3637037,-0.36826598,2.3
30,14100,7.050000,3,2.0030239,0.71407388,0.84650428,0.3201141,0.070091554,0.13566487,0.14371976,-0.08958898,0.20912244,0.24954437,0.025831318,0.9831658,-0.18088051,1.752678,1.5445288,2.3
30,14100,7.050000,4,2.0030239,0.8849671,1.7933362,1.1864697,0.32272554,-0.28986667,-0.09150069,0.3033215,0.010898378,0.018851311,0.64820649,-0.33607424,-0.68328797,2.3230527,-0.47831251,2.3
30,14100,7.050000,5,2.0030239,0.21213712,0.98661326,1.8142071,-0.1223691,0.17069479,0.032200596,-0.23792803,0.074018649,-0.20097705,-0.33110145,-0.30482024,-0.89300417,2.6747731,-2.3974987,2.3
30,14100,7.050000,6,2.0030239,0.74778125,0.04669854,0.082987013,-0.061579884,-0.0045079426,0.1510129,-0.085845272,0.41922922,-0.12869652,0.029076183,0.1373469,-0.99009616,3.0007365,1.3621776,2.3
30,14100,7.050000,7,2.0030239,0.67201332,0.42347034,1.3377452,-0.0060651726,-0.20150985,-0.078167417,-0.20093295,-0.23370207,-0.16340564,0.23937828,-0.69549598,0.67748313,0.82646092,-1.2393126,2.3
30,14100,7.050000,8,2.0030239,0.0065391732,1.1269765,0.38060792,-0.27245151,-0.16093435,-0.014369869,0.183032,0.00019424076,-0.24259791,-0.59417049,-0.31947974,0.73816944,0.7404435,-2.6482493,2.3
30,14100,7.050000,9,2.0030239,0.11913316,0.31973051,0.45472434,0.071742321,0.21427457,-0.21059275,-0.16275602,0.38605004,-0.16966058,0.78784997,-0.59561462,0.15663856,1.4135101,-0.6473301,2.3
30,14100,7.050000,10,2.0030239,0.60347567,1.2312917,0.89218795,-0.13480161,0.033723316,0.19801593,-0.23869355,0.032958231,0.23397576,-0.9559803,-0.27849938,0.092410866,1.4782534,-2.858115,2.3
30,14100,7.050000,11,2.0030239,0.52619131,1.7613858,0.62011673,-0.24485705,-0.019826262,0.19091995,-0.15720841,0.25297044,-0.073508818,-0.84259507,-0.31512088,0.43672918,1.1188368,-2.7837091,2.3
30,14100,7.050000,12,2.0030239,0.53699119,1.6760158,1.5615904,0.35720186,0.073725896,0.1970155,0.079040826,-0.33771878,-0.2397656,-0.34939054,-0.64221382,0.68226656,0.81993797,-2.0690529,2.3
30,14100,7.050000,13,2.0030239,0.40779499,1.6125891,0.078421683,0.080196241,-0.11846063,0.11014734,0.474628,-0.37034123,-0.04846164,0.94675295,0.18790645,0.26143836,1.3062842,0.19592844,2.3
30,14100,7.050000,14,2.0030239,1.0945848,1.0874171,1.8185352,0.20621268,0.0039629077,0.13507307,0.11653999,-0.062968441,0.47023993,-0.81996344,0.43818897,-0.36830747,1.9479842,2.6508048,2.3
30,14100,7.050000,15,2.0030239,0.8400553,1.3290173,1.3525518,0.10113437,-0.091056954,0.1564458,-0.30910813,0.0049199501,-0.35742293,0.84743268,-0.024825215,-0.53032213,2.1297768,-0.029286241,2.3
30,14100,7.050000,16,2.0030239,1.0471798,0.077356772,0.65183944,-0.17036974,-0.070100878,0.19319837,-0.53717303,-0.12789672,-0.049206096,-0.37980918,0.88404622,-0.2724101,1.8466933,1.9765786,2.3
30,14100,7.050000,17,2.0030239,1.1105595,0.56489361,0.96607817,-0.0096122364,-0.061893387,0.16841715,0.38670084,-0.044370123,0.060904177,-0.29752173,-0.90199652,0.31286275,1.2525907,-1.8894068,2.3
30,14100,7.050000,18,2.0030239,1.5212909,0.34838891,0.41629453,-0.11662594,-0.12303339,-0.27645382,0.069170261,-0.29564171,0.040612188,0.39270494,0.78348414,-0.48159675,2.0732721,1.106166,2.3
30,14100,7.050000,19,2.0030239,1.6845677,0.68951653,1.8987212,0.22705876,-0.017376166,-0.29284639,0.12746358,-0.12857462,-0.012248054,0.44842131,-0.73423469,0.50972321,1.0359333,-1.0225223,2.3
30,14100,7.050000,20,2.0030239,1.3466037,0.094850484,1.0853362,0.19034198,-0.153522,-0.033959528,-0.42525099,0.2753971,0.06777032,-0.091094207,-0.99116466,-0.096407818,1.6673541,-1.6624451,2.3
30,14100,7.050000,21,2.0030239,1.1232783,0.77609675,1.4584278,-0.22647282,0.03898119,-0.068972159,-0.3485134,0.039674552,0.16865526,-0.48198172,-0.86557009,0.13594865,1.4344254,-2.0788738,2.3
30,14100,7.050000,22,2.0030239,1.4700397,0.13622076,1.7744611,-0.20049231,-0.031285357,0.093061295,-0.04210946,0.28787389,0.30240927,-0.11847389,0.62519418,0.77142477,0.68971913,1.758075,2.3
30,14100,7.050000,23,2.0030239,1.5634028,0.90458485,1.2244799,-0.28252796,0.048998767,0.11096164,0.12862353,0.41777278,0.037073122,-0.70834999,-0.66214029,0.2445619,1.3237285,-2.3898994,2.3
30,14100,7.050000,24,2.0030239,1.2415007,1.6117109,0.098817307,0.056076371,0.27670023,-0.17613459,0.52033533,0.13654136,-0.0043660304,-0.06401885,-0.83141203,0.55195618,0.98608801,-1.6476448,2.3
30,14100,7.050000,25,2.0030239,1.8219787,1.4378764,0.80205178,0.46013046,-0.2597173,-0.11678743,0.23962278,-0.067020298,0.088465063,-0.89246766,-0.025685153,0.45037956,1.1036059,-3.1128207,2.3
30,14100,7.050000,26,2.0030239,0.17903503,1.191854,1.0861443,0.33802836,-0.24174332,0.16873889,0.49786957,-0.60117541,0.090003973,0.010090874,0.95545402,0.29496744,1.2713749,1.5602354,2.3
30,14100,7.050000,27,2.0030239,1.7744124,1.9500949,0.21537543,-0.044005937,0.1572003,0.056118931,0.041397498,-0.22793476,-0.28614053,-0.44597524,0.30995989,-0.83966121,2.5674555,2.5342196,2.3
30,14100,7.050000,28,2.0030239,1.1703833,1.3845945,0.90985985,-0.18051673,0.29801994,-0.021471461,-0.18284706,-0.13407159,0.21158876,0.45613856,-0.71327797,-0.53213923,2.1319216,-1.0018406,2.3
30,14100,7.050000,29,2.0030239,1.3611653,1.6287379,1.4749834,0.24546096,-0.071956951,-0.27718066,0.12134592,0.3807533,-0.23522974,0.36829701,-0.80093716,-0.4720773,2.062442,-1.1397958,2.3
30,14100,7.050000,30,2.0030239,1.7384127,1.4755131,1.6804087,-0.23116613,0.18045028,-0.26965392,-0.25310012,-0.20519636,-0.37873237,0.35078585,0.44192946,0.82561955,0.59949696,0.89987198,2.3
30,14100,7.050000,31,2.0030239,1.8776252,0.038841555,0.97163273,0.016788298,-0.0032562423,-0.22485514,0.16700418,-0.14189152,0.062253575,-0.24948144,0.68257409,-0.68691457,2.3280312,1.9212131,2.3
31,14200,7.100000,0,2.0120698,0.18230838,0.42524219,1.9753299,-0.055109501,0.11821116,0.0046344819,0.12514586,-0.16279049,-0.53089125,0.92625243,0.018216328,-0.37646327,1.9567721,0.019664164,2.3
31,14200,7.100000,1,2.0120698,1.8799459,0.65947453,0.75942365,-0.34502012,0.047610709,-0.060969112,-0.31581112,0.1427253,0.33490117,-0.018285642,0.09166812,0.99562171,0.093610766,1.7676885,2.3
31,14200,7.100000,2,2.0120698,0.58720789,0.41374409,0.74012885,-0.052875173,0.11971751,0.12835766,-0.030263125,0.076140731,0.56257686,0.72432141,-0.30184089,-0.61987948,2.2393854,-0.39483853,2.3
31,14200,7.100000,3,2.0120698,0.71301234,0.85837753,0.33198582,0.065814785,0.14369709,0.15412236,-0.12075563,0.18239763,0.21584266,-0.066455496,0.99778334,0.0034761299,1.5673202,1.6373012,2.3
31,14200,7.100000,4,2.0120698,0.90343845,1.8094609,1.1897802,0.33716771,-0.281859,-0.093543899,0.26060076,0.1597876,-0.08603328,0.64332579,-0.40010159,-0.65272554,2.2819728,-0.55638637,2.3
31,14200,7.100000,5,2.0120698,0.20311351,0.99407884,1.8119981,-0.13232832,0.17369791,0.021821658,-0.21315577,-0.0047217012,-0.21441274,-0.56544264,-0.10012603,-0.81868761,2.5299182,-2.9663339,2.3
31,14200,7.100000,6,2.0120698,0.75199577,0.071328069,0.07822664,-0.060744335,0.019855797,0.14588929,0.023431808,0.54828101,-0.12752555,0.045247468,0.3935686,-0.91818104,2.7342606,1.4563317,2.3
31,14200,7.100000,7,2.0120698,0.66557212,0.41610215,1.3361923,-0.015519982,-0.21076963,-0.085744712,-0.16402109,-0.13055341,-0.20862771,0.19704736,-0.70467868,0.68161594,0.82082751,-1.2981333,2.3
31,14200,7.100000,8,2.0120698,0.015749364,1.1290136,0.3666933,-0.26329149,-0.16397997,-0.029968232,0.17376459,-0.10491917,-0.38745433,-0.64199502,-0.06973742,0.76353067,0.70203337,-3.0333908,2.3
31,14200,7.100000,9,2.0120698,0.11533561,0.33638417,0.44834269,0.067416497,0.22945009,-0.21900904,-0.060550777,0.2529612,-0.16928816,0.77564887,-0.63042344,-0.030579719,1.6013808,-0.68247864,2.3
31,14200,7.100000,10,2.0120698,0.60973105,1.2395208,0.90488415,-0.13127955,0.036385683,0.2066634,0.30971306,0.060131805,0.086434911,-0.9764836,-0.21559139,0.00035017462,1.5704462,-2.9242952,2.3
31,14200,7.100000,11,2.0120698,0.52078604,1.7833641,0.6192919,-0.25262118,-0.0058341815,0.18730273,-0.21366831,0.31854134,-0.08228442,-0.83383621,-0.23948128,0.49735891,1.0502445,-2.861916,2.3
31,14200,7.100000,12,2.0120698,0.54049937,1.6650511,1.5583379,0.35828247,0.055233785,0.18673378,0.0068166308,-0.33337809,-0.19000471,-0.4027266,-0.8401436,0.36327677,1.1990138,-2.0177915,2.3
31,14200,7.100000,13,2.0120698,0.43293085,1.6017594,0.073546008,0.10343808,-0.13653228,0.10492926,0.47309843,-0.43345815,-0.077230221,0.89202992,-0.016544897,0.45167344,1.1021562,-0.018545343,2.3
31,14200,7.100000,14,2.0120698,1.0995885,1.0920586,1.8521807,0.20627298,0.0036941216,0.16044858,-0.10136178,0.054504257,0.55228186,-0.68139591,0.54209379,-0.49176613,2.0849133,2.4695627,2.3
31,14200,7.100000,15,2.0120698,0.83121392,1.3323901,1.3479477,0.088527577,-0.093680327,0.14575742,-0.17713048,-0.13118607,-0.084238997,0.74098298,0.080907982,-0.66663192,2.3004774,0.10875921,2.3
31,14200,7.100000,16,2.0120698,1.0241393,0.069744051,0.65304939,-0.19807709,-0.078045055,0.19146842,-0.55025589,-0.23600523,-0.048119736,-0.63064449,0.66098097,-0.40668377,1.9896175,2.3327118,2.3
31,14200,7.100000,17,2.0120698,1.132734,0.5675231,0.97078369,0.0075082391,-0.061815211,0.16875896,0.28390406,-0.058311523,0.0033226244,-0.26105481,-0.85007647,0.45740614,1.0957202,-1.8687501,2.3
31,14200,7.100000,18,2.0120698,1.5349634,0.3377786,0.4174315,-0.10983916,-0.13518969,-0.27719522,0.17512371,-0.17056579,-0.044169209,0.47475558,0.64550108,-0.5982771,2.2121455,0.93665051,2.3
31,14200,7.100000,19,2.0120698,1.6975668,0.68655339,1.9080352,0.23243802,-0.023439605,-0.29210899,0.067402581,-0.11574665,0.030863255,0.68446502,-0.63962665,0.34983623,1.2134,-0.75154761,2.3
31,14200,7.100000,20,2.0120698,1.3340847,0.10589554,1.095186,0.17178326,-0.14292916,-0.029022368,-0.3119119,0.10043736,0.099134917,-0.32854054,-0.9420272,0.068160586,1.5025829,-1.9063652,2.3
31,14200,7.100000,21,2.0120698,1.1073525,0.78306143,1.4717385,-0.24742426,0.042433125,-0.062263086,-0.48335155,0.1229248,0.13200608,-0.53693124,-0.84320459,-0.026662194,1.5974617,-2.137818,2.3
31,14200,7.100000,22,2.0120698,1.4734041,0.14949027,1.7988093,-0.20375939,-0.018659487,0.1093591,-0.10883798,0.2229598,0.3698024,0.054568804,0.61304135,0.78816403,0.66297611,1.4820171,2.3
31,14200,7.100000,23,2.0120698,1.57518,0.92897075,1.2315409,-0.27782193,0.069253799,0.11248922,0.14757144,0.41950293,0.041556544,-0.52923885,-0.61810069,0.58125535,0.95052576,-2.2788985,2.3
31,14200,7.100000,24,2.0120698,1.2736265,1.6255453,0.09656794,0.082535781,0.28324112,-0.17882417,0.56397851,0.15205084,-0.13375967,0.10807132,-0.98919062,0.099108546,1.4715248,-1.4619757,2.3
31,14200,7.100000,25,2.0120698,1.8436455,1.4398604,0.81043489,0.4735388,-0.26421678,-0.11203721,0.24675339,-0.10235801,0.1633547,-0.87133019,0.073894633,0.48510132,1.0643173,3.0569884,2.3
31,14200,7.100000,26,2.0120698,0.19068729,1.1661231,1.1007372,0.3488477,-0.27278679,0.17840486,-0.093374831,-0.65246543,0.39997277,-0.06257862,0.99485412,0.079681836,1.4910299,1.6336159,2.3
31,14200,7.100000,27,2.0120698,1.7872212,1.9474991,0.20163615,-0.039221404,0.14582318,0.041440057,0.16355764,-0.2404413,-0.26773737,-0.4940233,0.39147068,-0.7763322,2.4596222,2.4714948,2.3
31,14200,7.100000,28,2.0120698,1.1715174,1.385398,0.92026139,-0.18465893,0.29258261,-0.015193127,-0.025454754,-0.14277874,0.056820112,0.42718928,-0.49689981,-0.75538063,2.4270311,-0.86069258,2.3
31,14200,7.100000,29,2.0120698,1.3647365,1.6587555,1.4707197,0.24289081,-0.04934587,-0.28808106,-0.12084994,0.55043521,-0.26395682,0.15567558,-0.64091462,-0.75166053,2.4213725,-1.3325149,2.3
31,14200,7.100000,30,2.0120698,1.7357646,1.4689835,1.6758391,-0.24164152,0.16728668,-0.28178513,-0.2113891,-0.27407417,-0.17124267,0.0083656429,0.70174422,0.71237986,0.77791281,1.5588757,2.3
31,14200,7.100000,31,2.0120698,1.8947884,0.033062465,0.97764171,0.025452319,-0.0091973619,-0.22323784,0.30851592,-0.096912887,0.10395847,-0.34781278,0.47690995,-0.80720702,2.5102013,2.2009205,2.3
32,14300,7.150000,0,2.0089234,0.18341764,0.41754372,1.9451913,-0.053714063,0.11117216,-0.022436294,0.019732892,-0.11054806,-0.493813,0.82606334,0.25527874,-0.50244615,2.097222,0.2997209,2.3
32,14300,7.150000,1,2.0089234,1.8555043,0.66980066,0.77642614,-0.36653875,0.058976996,-0.04276481,-0.43053092,0.2632608,0.40348145,-0.18014442,0.18364506,0.96634491,0.26017526,2.3465721,2.3
32,14300,7.150000,2,2.0089234,0.58343968,0.41697911,0.76554686,-0.055727351,0.12360258,0.15495388,-0.10969081,0.09099137,0.50555576,0.76703039,-0.25137888,-0.59031605,2.2022467,-0.31669912,2.3
32,14300,7.150000,3,2.0089234,0.70687716,0.86819801,0.34336996,0.06079066,0.15486861,0.16603498,-0.041649722,0.28327227,0.29224522,-0.11977761,0.96167615,0.24664205,1.3215826,1.6947091,2.3
32,14300,7.150000,4,2.0089234,0.91785142,1.8154294,1.1858781,0.35300585,-0.27305401,-0.09558699,0.27148321,0.19822181,-0.022182781,0.57308442,-0.5648753,-0.59370881,2.2064564,-0.77818439,2.3
32,14300,7.150000,5,2.0089234,0.19212078,0.99170809,1.8009044,-0.14301178,0.17288104,0.013555078,-0.16352924,0.06751349,-0.12110512,-0.73486168,0.054293885,-0.67604029,2.3131719,3.0678435,2.3
32,14300,7.150000,6,2.0089234,0.75724134,0.096917571,0.073051344,-0.05431779,0.045576967,0.14083236,0.062233608,0.5279052,-0.10255141,0.072503849,0.61190696,-0.78759956,2.4776999,1.4528579,2.3
32,14300,7.150000,7,2.0089234,0.65570648,0.41162867,1.3253134,-0.024351733,-0.21459542,-0.094541038,-0.28063949,-0.02818591,-0.18091024,0.13057338,-0.6981994,0.70389501,0.78993004,-1.3859175,2.3
32,14300,7.150000,8,2.0089234,0.026873729,1.1248561,0.34676262,-0.25213376,-0.16637386,-0.049340636,0.18489274,-0.073862578,-0.32925578,-0.67985074,0.15606917,0.71655103,0.77195116,2.9159385,2.3
32,14300,7.150000,9,2.0089234,0.11294601,0.34800327,0.44091758,0.065205525,0.24160474,-0.22573832,-0.024217375,0.23212085,-0.1409884,0.79039057,-0.60396543,-0.10251101,1.6734877,-0.65248657,2.3
32,14300,7.150000,10,2.0089234,0.62908489,1.2382105,0.90120843,-0.11095633,0.037014193,0.20440095,0.46508811,0.03210282,-0.11988694,-0.94845056,-0.17658983,-0.26316831,1.8371011,-2.9575127,2.3
32,14300,7.150000,11,2.0089234,0.51005351,1.7967441,0.61684679,-0.26254708,0.01034726,0.1858249,-0.16348982,0.35906947,0.058494181,-0.79452624,-0.16734362,0.58371582,0.94749875,-2.9340061,2.3
32,14300,7.150000,12,2.0089234,0.53796304,1.6455988,1.5517674,0.35659003,0.038372065,0.18259695,-0.076578583,-0.34817872,-0.06757967,-0.36126084,-0.93231854,0.016515245,1.5542803,-1.9404689,2.3
32,14300,7.150000,13,2.0089234,0.45306715,1.5796835,0.072676388,0.12426768,-0.1561187,0.10417406,0.37682453,-0.33996344,-0.037759552,0.74692954,-0.30286174,0.59192147,0.93735559,-0.38521784,2.3
32,14300,7.150000,14,2.0089234,1.0911873,1.0886822,1.8756942,0.19958607,0.0020241582,0.18687917,-0.25993667,-0.072578249,0.56578353,-0.52986066,0.51704395,-0.67224493,2.3080333,2.3684364,2.3
32,14300,7.150000,15,2.0089234,0.82486528,1.3202574,1.3428828,0.083474816,-0.10373737,0.14279816,-0.018438004,-0.33408224,-0.051716488,0.52092504,0.23449797,-0.8207605,2.5335373,0.42298435,2.3
32,14300,7.150000,16,2.0089234,0.99492975,0.059727938,0.65087229,-0.2257067,-0.087959863,0.19031164,-0.52340627,-0.23274962,-0.061771709,-0.71542064,0.29420616,-0.63373184,2.2571643,2.7514384,2.3
32,14300,7.150000,17,2.0089234,1.1450034,0.56213036,0.96585239,0.02155995,-0.066324001,0.16534307,0.25040954,-0.11392505,-0.13864954,-0.25303837,-0.78877723,0.56018038,0.97619279,-1.8812232,2.3
32,14300,7.150000,18,2.0089234,1.5401841,0.32605953,0.40874139,-0.10221209,-0.14638931,-0.28523886,0.17745626,-0.25849524,-0.17294055,0.58817095,0.50311637,-0.63318943,2.2564634,0.70761573,2.3
32,14300,7.150000,19,2.0089234,1.6960325,0.67949763,1.9062884,0.23355915,-0.029426439,-0.29087109,0.034328209,-0.10659447,0.049521257,0.87252988,-0.45552725,0.17659709,1.3932682,-0.48115234,2.3
32,14300,7.150000,20,2.0089234,1.3169959,0.11130361,1.1002438,0.15676894,-0.13735114,-0.022246633,-0.26889456,0.082633837,0.1464589,-0.56377164,-0.79742945,0.21509954,1.3540026,-2.1861957,2.3
32,14300,7.150000,21,2.0089234,1.0837761,0.78740685,1.473302,-0.26928612,0.048007441,-0.058395043,-0.37103248,0.13898997,-0.0054644999,-0.53600438,-0.80793785,-0.24481778,1.8181281,-2.1565498,2.3
32,14300,7.150000,22,2.0089234,1.4660265,0.16054847,1.8117271,-0.20883689,-0.0073586731,0.12510214,-0.034891157,0.28682399,0.32761982,0.26441167,0.65855219,0.70455339,0.78900272,1.1889936,2.3
32,14300,7.150000,23,2.0089234,1.579379,0.94909776,1.2302387,-0.27115447,0.090850414,0.11311342,0.18472299,0.37046701,-0.011324243,-0.24513886,-0.58002753,0.77683654,0.68116993,-1.9706605,2.3
32,14300,7.150000,24,2.0089234,1.3017826,1.6277303,0.087475957,0.11270717,0.28797186,-0.18777215,0.64962753,0.09208607,-0.17904564,0.2553804,-0.91720001,-0.30581856,1.8815944,-1.2992396,2.3
32,14300,7.150000,25,2.0089234,1.8531429,1.4349984,0.8175417,0.48592895,-0.26682917,-0.1036565,0.23641534,-0.0045335689,0.12784775,-0.84922515,0.13723915,0.50988436,1.035746,2.9813727,2.3
32,14300,7.150000,26,2.0089234,0.17876603,1.1310038,1.1217335,0.33721553,-0.30610861,0.20114025,-0.27711492,-0.73994626,0.46709069,-0.15533881,0.97916281,-0.13080534,1.7019776,1.7281297,2.3
32,14300,7.150000,27,2.0089234,1.7941963,1.9338623,0.18813228,-0.029443864,0.1352236,0.028241168,0.11157922,-0.22879092,-0.23641776,-0.57966339,0.41159302,-0.70326492,2.3507759,2.52415,2.3
32,14300,7.150000,28,2.0089234,1.1652613,1.3716082,0.91833498,-0.18908649,0.2809502,-0.015680832,-0.069622348,-0.26473058,-0.052217325,0.26297643,-0.33526415,-0.90467748,2.7014185,-0.90564904,2.3
32,14300,7.150000,29,2.0089234,1.3568745,1.6830844,1.4535226,0.23715839,-0.022401979,-0.30298994,-0.0922947,0.51515305,-0.2981939,-0.11593753,-0.47990877,-0.86962409,2.6252368,-1.807837,2.3
32,14300,7.150000,30,2.0089234,1.7250099,1.4548091,1.6640868,-0.24968821,0.15540013,-0.29092395,-0.11330296,-0.23576743,-0.19186688,-0.27814031,0.82481509,0.4922581,1.0561143,1.8960366,2.3
32,14300,7.150000,31,2.0089234,1.9079099,0.031324994,0.98171674,0.041549453,-0.010884451,-0.21762961,0.30490534,0.0057941341,0.094908044,-0.4134224,0.30242747,-0.8588478,2.6038124,2.5100229,2.3
33,14400,7.200000,0,2.0221259,0.18828325,0.41644908,1.9297816,-0.050065808,0.10734598,-0.050537549,0.089663896,-0.11999016,-0.59604519,0.71369264,0.45223413,-0.5349085,2.1351958,0.56479816,2.3
33,14400,7.200000,1,2.0221259,1.8431259,0.6902399,0.80223032,-0.39103113,0.07496201,-0.022130817,-0.43614417,0.33353007,0.46797015,-0.29189717,0.09891289,0.95132134,0.31330116,2.8148745,2.3
33,14400,7.200000,2,2.0221259,0.58100144,0.42248852,0.79055278,-0.061979437,0.12636259,0.17486348,-0.12965537,0.081467074,0.38373543,0.8073149,-0.15518377,-0.56935107,2.1765126,-0.18990575,2.3
33,14400,7.200000,3,2.0221259,0.7059889,0.8833811,0.35891961,0.055274932,0.16431504,0.17928463,-0.14818595,0.12422742,0.25633035,-0.13011968,0.90104832,0.41374001,1.144238,1.7142141,2.3
33,14400,7.200000,4,2.0221259,0.93378022,1.8379443,1.1942147,0.3628703,-0.26250449,-0.09504563,0.11924103,0.15292593,0.038269381,0.40257051,-0.74067565,-0.53790015,2.1387405,-1.0729433,2.3
33,14400,7.200000,5,2.0221259,0.18928922,0.99991566,1.8045027,-0.14709258,0.17456567,0.0053448599,0.025372269,0.048074812,-0.12606896,-0.79835864,0.35733331,-0.48470236,2.0768192,2.7207489,2.3
33,14400,7.200000,6,2.0221259,0.77065798,0.12222052,0.068127063,-0.045905226,0.070162464,0.13544564,0.15017034,0.46802895,-0.11649781,0.14582648,0.80701472,-0.57224285,2.1800345,1.3920267,2.3
33,14400,7.200000,7,2.0221259,0.64889819,0.41259949,1.3225683,-0.035432972,-0.21632412,-0.1059586,-0.22276582,-0.073832685,-0.26803606,-0.04122631,-0.71334469,0.69959971,0.7959592,-1.6285251,2.3
33,14400,7.200000,8,2.0221259,0.032002494,1.1274969,0.33099894,-0.24719778,-0.17110994,-0.067324315,0.056048516,-0.1051842,-0.3688223,-0.7075445,0.34565309,0.61636412,0.90667924,2.6871672,2.3
33,14400,7.200000,9,2.0221259,0.11090137,0.36291897,0.43571875,0.06242771,0.25419216,-0.23380839,-0.071582106,0.33551583,-0.18924742,0.83958157,-0.54090434,-0.050252224,1.6210697,-0.57232572,2.3
33,14400,7.200000,10,2.0221259,0.65565464,1.2472066,0.8933297,-0.088594106,0.037870047,0.1906446,0.37893203,-0.0020028754,-0.34046164,-0.88436749,-0.12286518,-0.45033131,2.0379327,-3.0035463,2.3
33,14400,7.200000,11,2.0221259,0.50562741,1.8254224,0.62588185,-0.27029983,0.027162455,0.19078982,-0.16989082,0.30570033,0.11092807,-0.6880521,-0.17737378,0.70364967,0.79027539,-2.8892946,2.3
33,14400,7.200000,12,2.0221259,0.53631991,1.6375461,1.5584334,0.35142836,0.019566156,0.17907637,-0.11524821,-0.33045427,-0.035138827,-0.46108193,-0.84944232,-0.25661487,1.8303145,-2.0680991,2.3
33,14400,7.200000,13,2.0221259,0.47188719,1.5723964,0.075559678,0.14005849,-0.17372968,0.10657187,0.29553853,-0.38016184,0.082533199,0.49831269,-0.57714633,0.64698267,0.8671757,-0.85856961,2.3
33,14400,7.200000,14,2.0221259,1.0843715,1.0955193,1.9208969,0.18564469,0.0017075073,0.21964766,-0.27232429,0.047596711,0.74313912,-0.39352412,0.47091009,-0.78954573,2.4808647,2.2669104,2.3
33,14400,7.200000,15,2.0221259,0.83653916,1.3089027,1.3545616,0.089707339,-0.12370324,0.14564229,0.16013998,-0.46110058,0.17795984,0.32283865,0.44253146,-0.83662484,2.5618887,0.9405272,2.3
33,14400,7.200000,16,2.0221259,0.97570475,0.04975337,0.65326132,-0.25138619,-0.098293114,0.18842935,-0.46065234,-0.12352853,-0.035433821,-0.58679191,-0.088238696,-0.80491564,2.5063296,-2.9923362,2.3
33,14400,7.200000,17,2.0221259,1.1645673,0.56582611,0.96787863,0.033559644,-0.066322536,0.16103591,0.23261157,0.12793455,-0.067702883,-0.24690428,-0.69589464,0.67436557,0.83069116,-1.911742,2.3
33,14400,7.200000,18,2.0221259,1.5583433,0.31354819,0.40564444,-0.094201111,-0.16099565,-0.29100315,0.13161293,-0.28797113,-0.061659489,0.66438943,0.44723093,-0.59880813,2.2128084,0.59247473,2.3
33,14400,7.200000,19,2.0221259,1.7094038,0.67797816,1.9230835,0.235777,-0.03539197,-0.28661783,0.09838425,-0.074357314,0.064630695,0.97370583,-0.22595809,0.028981112,1.5418112,-0.22802393,2.3
33,14400,7.200000,20,2.0221259,1.3157897,0.1154197,1.1184097,0.14693981,-0.13397757,-0.011347183,-0.094337613,0.047858022,0.25297999,-0.80853656,-0.50737046,0.29806686,1.2681295,-2.5811854,2.3
33,14400,7.200000,21,2.0221259,1.0727416,0.80299625,1.4824116,-0.28738384,0.058388064,-0.058965982,-0.34958575,0.2600276,-0.020628834,-0.55734049,-0.6933775,-0.45672665,2.0451085,-2.2478533,2.3
33,14400,7.200000,22,2.0221259,1.4719644,0.17420379,1.8389261,-0.21252159,0.0052003966,0.14034471,-0.04106154,0.19816959,0.29109514,0.43780859,0.71805662,0.5410345,0.99912962,1.0232654,2.3
33,14400,7.200000,23,2.0221259,1.5976723,0.97347613,1.2342958,-0.26326657,0.10893216,0.10909858,0.020106411,0.35165181,-0.16730429,0.0075198229,-0.43662236,0.89961346,0.4519128,-1.5535753,2.3
33,14400,7.200000,24,2.0221259,1.3400673,1.6447294,0.082344679,0.14233958,0.29425309,-0.19345968,0.54402714,0.060080377,-0.1397297,0.34532617,-0.73469846,-0.58392466,2.1943511,-1.1314155,2.3
33,14400,7.200000,25,2.0221259,1.875457,1.443859,0.82835608,0.49603125,-0.26739747,-0.098232699,0.12459026,-0.022938955,0.055253826,-0.8550165,0.12551282,0.50318319,1.043518,2.9958379,2.3
33,14400,7.200000,26,2.0221259,0.16544547,1.1010949,1.1501127,0.32276745,-0.34332849,0.22207899,-0.26756698,-0.69964139,0.34500056,-0.35401764,0.84302363,-0.40494773,1.987718,1.9683716,2.3
33,14400,7.200000,27,2.0221259,1.8161837,1.9345727,0.17949301,-0.019281106,0.12326395,0.01839775,0.26657386,-0.24828325,-0.15837395,-0.67452078,0.44997912,-0.5852696,2.1960088,2.5532836,2.3
33,14400,7.200000,28,2.0221259,1.1668382,1.3705833,0.92220481,-0.19514774,0.27094396,-0.017839156,-0.12383699,-0.20527353,-0.058324011,0.044437943,-0.15838529,-0.98637689,2.9763404,-1.2972604,2.3
33,14400,7.200000,29,2.0221259,1.3555869,1.7161771,1.4445736,0.22698688,-0.00044230612,-0.32143094,-0.30414902,0.4362081,-0.28155189,-0.36288845,-0.35350553,-0.86217505,2.6103438,-2.3692912,2.3
33,14400,7.200000,30,2.0221259,1.7358461,1.4540675,1.6678126,-0.25018697,0.14513128,-0.29811085,0.11702206,-0.17370842,-0.21999104,-0.44719395,0.8704594,0.20571341,1.3636037,2.0453792,2.3
33,14400,7.200000,31,2.0221259,1.9387404,0.031454933,0.99049661,0.059781583,-0.010960129,-0.2153091,0.37009836,-0.058457523,-0.034440884,-0.52850944,0.071447201,-0.84591552,2.5790758,3.007221,2.3
34,14500,7.250000,0,2.0310076,0.19278832,0.412457,1.9076346,-0.046395763,0.10153748,-0.081093785,0.083868228,-0.040505852,-0.62621837,0.62584968,0.61339408,-0.48172594,2.0734195,0.77534753,2.3
34,14500,7.250000,1,2.0310076,1.8270436,0.70901646,0.82569042,-0.41515605,0.090672435,-0.0022379101,-0.48692451,0.30717446,0.43496054,-0.36397486,-0.088964884,0.92715023,0.38406218,-2.901867,2.3
34,14500,7.250000,2,2.0310076,0.57573923,0.42920406,0.81159429,-0.069776465,0.13121182,0.19239426,-0.1235385,0.038288971,0.30505654,0.82100386,0.00076100862,-0.57092213,2.1784249,0.00092692427,2.3
34,14500,7.250000,3,2.0310076,0.70067804,0.89118484,0.37144018,0.046881571,0.16823016,0.19020481,-0.11367284,0.0093122352,0.23354477,-0.079849429,0.83616045,0.54264148,0.99721765,1.666003,2.3
34,14500,7.250000,4,2.0310076,0.93688362,1.8539455,1.1992596,0.36187447,-0.25459333,-0.0952456,-0.19880255,0.2205897,-0.019927411,0.25364067,-0.81335338,-0.52356727,2.1218289,-1.2685078,2.3
34,14500,7.250000,5,2.0310076,0.18856982,1.0067872,1.8060912,-0.14863999,0.1770399,-0.00097856757,-0.0293221,0.094267171,-0.13180915,-0.68123206,0.6920731,-0.23865812,1.8117801,2.3483005,2.3
34,14500,7.250000,6,2.0310076,0.77190155,0.14362846,0.062621918,-0.048041903,0.090987944,0.12965395,-0.15372547,0.28295384,-0.10051069,0.23622892,0.90408799,-0.35611908,1.9349077,1.3152206,2.3
34,14500,7.250000,7,2.0310076,0.64538258,0.40903608,1.3171027,-0.041784797,-0.22168802,-0.11720859,-0.098641483,-0.15517811,-0.18362249,-0.23536935,-0.7210029,0.65173314,0.86092901,-1.8863366,2.3
34,14500,7.250000,8,2.0310076,0.037924928,1.1246471,0.31245761,-0.24142855,-0.17889493,-0.087275758,0.20203572,-0.18415491,-0.44864806,-0.68979231,0.46844752,0.55203577,0.98599256,2.5450222,2.3
34,14500,7.250000,9,2.0310076,0.11095416,0.38199056,0.43026195,0.061994346,0.2716315,-0.24116287,0.078006667,0.31286432,-0.15186932,0.87243471,-0.47085441,0.13097254,1.4394464,-0.49490221,2.3
34,14500,7.250000,10,2.0310076,0.67354952,1.2506829,0.87832167,-0.073611864,0.035872746,0.17175423,0.14476505,-0.062628513,-0.41499106,-0.7929296,-0.097324318,-0.60149034,2.2161617,-3.0194633,2.3
34,14500,7.250000,11,2.0310076,0.49989601,1.8493785,0.63592881,-0.27823468,0.043065975,0.19807179,-0.11659309,0.3180138,0.15777553,-0.53578046,-0.19642315,0.82119257,0.60729859,-2.7901967,2.3
34,14500,7.250000,12,2.0310076,0.53637129,1.6270782,1.5626299,0.34912912,0.0019443803,0.1764336,-0.027129942,-0.38878595,-0.12229001,-0.59678818,-0.6754733,-0.4331047,2.0187308,-2.2944265,2.3
34,14500,7.250000,13,2.0310076,0.48873851,1.5646088,0.078664135,0.15480484,-0.1883915,0.10933839,0.26834654,-0.19796431,0.10802158,0.24520457,-0.77877937,0.57738844,0.95526987,-1.2657651,2.3
34,14500,7.250000,14,2.0310076,1.0778527,1.1027743,1.9660522,0.17438774,0.0041454201,0.25628559,-0.17041881,0.035502605,0.70862401,-0.29769295,0.40025729,-0.86670237,2.6193494,2.210288,2.3
34,14500,7.250000,15,2.0310076,0.85131604,1.2873306,1.373146,0.10078565,-0.15096469,0.15824947,0.30729194,-0.60046382,0.28075275,0.21080887,0.65473869,-0.72586284,2.3830843,1.2593037,2.3
34,14500,7.250000,16,2.0310076,0.95772344,0.040484344,0.654485,-0.27360436,-0.10775992,0.18678734,-0.47595176,-0.19391244,-0.067812415,-0.23508728,-0.49089979,-0.8388989,2.5660534,-2.0174142,2.3
34,14500,7.250000,17,2.0310076,1.1819392,0.57382854,0.97082345,0.045789684,-0.060817423,0.15973241,0.28137888,0.13223285,0.0019021866,-0.31624362,-0.6064527,0.72952388,0.75317076,-2.0514678,2.3
34,14500,7.250000,18,2.0310076,1.5724788,0.30522488,0.40566404,-0.086926233,-0.17067494,-0.29276138,0.14377608,-0.1832984,-0.033337112,0.72046898,0.44413963,-0.53260158,2.1324678,0.55243392,2.3
34,14500,7.250000,19,2.0310076,1.7250613,0.67570117,1.9370817,0.24390855,-0.040635327,-0.28107843,0.12064831,-0.082482334,0.08377667,0.99153966,0.091351689,-0.092216933,1.6631445,0.091871795,2.3
34,14500,7.250000,20,2.0310076,1.3237185,0.11906052,1.1366336,0.14908458,-0.13085056,0.0019353037,0.10978827,0.11984892,0.2613084,-0.95388359,-0.11958403,0.27532845,1.291865,-3.0168779,2.3
34,14500,7.250000,21,2.0310076,1.0575469,0.81934024,1.4864651,-0.30724681,0.071177063,-0.061418239,-0.37853124,0.21134097,-0.10951532,-0.6230125,-0.53777191,-0.56802886,2.1749052,-2.4294965,2.3
34,14500,7.250000,22,2.0310076,1.4744952,0.18658065,1.8595411,-0.21644746,0.01678672,0.15285525,-0.06585377,0.27026782,0.2360035,0.57329204,0.75692096,0.31369874,1.2517104,0.92257593,2.3
34,14500,7.250000,23,2.0310076,1.6052506,0.99588145,1.2318496,-0.26270686,0.12702209,0.1012483,0.050897054,0.33017954,-0.18629147,0.36762219,-0.16555125,0.91512115,0.41498803,-0.4231282,2.3
34,14500,7.250000,24,2.0310076,1.3735585,1.658781,0.075983186,0.16988452,0.30106563,-0.20016815,0.49946151,0.19956844,-0.056354756,0.27972945,-0.48144496,-0.83063962,2.5510518,-1.0444492,2.3
34,14500,7.250000,25,2.0310076,1.8856312,1.4509627,0.83679818,0.49796372,-0.26663724,-0.09343946,0.0067748062,0.062274161,0.072734287,-0.8831205,0.12117799,0.4532263,1.1004149,3.0052285,2.3
34,14500,7.250000,26,2.0310076,0.15100878,1.0718592,1.1723909,0.30763724,-0.37732602,0.23926787,-0.34766603,-0.66231616,0.35402179,-0.54049005,0.59627207,-0.59357403,2.2062889,2.3071628,2.3
34,14500,7.250000,27,2.0310076,1.8370869,1.9304943,0.17384654,-0.0063833075,0.11071594,0.011976972,0.2441312,-0.23628405,-0.075730739,-0.76694327,0.46604211,-0.44113805,2.0276627,2.5955585,2.3
34,14500,7.250000,28,2.0310076,1.1685244,1.3669521,0.92144387,-0.19857906,0.26131393,-0.022640135,-0.099564352,-0.17631208,-0.049417169,-0.20584175,-0.01227171,-0.97850834,2.9338954,-3.0820459,2.3
34,14500,7.250000,29,2.0310076,1.3510961,1.741911,1.4383133,0.21656483,0.017713913,-0.3340086,-0.19145021,0.35634627,-0.20113642,-0.5436558,-0.24196293,-0.80367425,2.5042405,-2.7228491,2.3
34,14500,7.250000,30,2.0310076,1.7519883,1.4556074,1.6656897,-0.24168767,0.14029517,-0.30753856,0.22986013,-0.11554224,-0.1975134,-0.53964426,0.8395414,-0.062883304,1.6337211,2.1420825,2.3
34,14500,7.250000,31,2.0310076,1.964053,0.029170281,0.99179215,0.07654209,-0.013377642,-0.2183574,0.2586509,-0.036529334,-0.041243904,-0.58777322,-0.20730551,-0.78201475,2.4686882,-2.8025177,2.3
35,14600,7.300000,0,2.0268619,0.19894747,0.41284668,1.8742302,-0.039836396,0.10277032,-0.11063453,0.16410569,0.028559781,-0.53651998,0.50594973,0.75096407,-0.424344,2.0090336,0.97791717,2.3
35,14600,7.300000,1,2.0268619,1.801102,0.72154592,0.84421711,-0.43739098,0.10466341,0.017994831,-0.47478127,0.2441547,0.36378118,-0.49402641,-0.25712961,0.8305554,0.59069214,-2.6616976,2.3
35,14600,7.300000,2,2.0268619,0.56599389,0.43091707,0.8207814,-0.07835539,0.13380357,0.20324907,-0.25131778,0.036591608,0.078734035,0.83082457,0.059112179,-0.5533862,2.1572205,0.071029117,2.3
35,14600,7.300000,3,2.0268619,0.69501054,0.88912613,0.38571397,0.042639947,0.16799027,0.20525214,-0.086158539,-0.050544242,0.32781291,0.13046503,0.7463636,0.65262566,0.85975165,1.3977438,2.3
35,14600,7.300000,4,2.0268619,0.9221051,1.8584154,1.1994192,0.34899515,-0.24633072,-0.092635485,-0.304943,0.12085699,0.083779721,-0.029063233,-0.83862301,-0.54393637,2.1459174,-1.6054384,2.3
35,14600,7.300000,5,2.0268619,0.1908612,1.0083726,1.7965744,-0.14596097,0.18068407,-0.0068147613,0.19827204,0.0082911761,-0.1278434,-0.37745847,0.91651108,0.13241054,1.4379958,1.9614701,2.3
35,14600,7.300000,6,2.0268619,0.76392391,0.15915389,0.059575847,-0.054450497,0.10682272,0.12673272,-0.17818168,0.3305434,-0.06856931,0.29126262,0.95010605,-0.1116449,1.6826745,1.2733339,2.3
35,14600,7.300000,7,2.0268619,0.64085621,0.40510124,1.3103622,-0.044997106,-0.22479111,-0.12126477,-0.052346309,0.0077864368,0.097654624,-0.48751706,-0.64280315,0.59087328,0.93865547,-2.2196668,2.3
35,14600,7.300000,8,2.0268619,0.045889463,1.1159008,0.28490568,-0.23337838,-0.18535221,-0.11421743,0.12634989,-0.095789951,-0.50775193,-0.7301368,0.52381716,0.43876627,1.1165711,2.5192686,2.3
35,14600,7.300000,9,2.0268619,0.11003173,0.39334626,0.42254148,0.061297675,0.28377932,-0.24801208,-0.017300193,0.23915488,-0.22878058,0.87143303,-0.38125738,0.30862159,1.2570528,-0.41241567,2.3
35,14600,7.300000,10,2.0268619,0.67626236,1.2442515,0.85595464,-0.069520003,0.03199019,0.15115897,0.023443379,-0.039764646,-0.37602586,-0.64806346,-0.18503789,-0.73876568,2.4020334,-2.8634686,2.3
35,14600,7.300000,11,2.0268619,0.49283794,1.863482,0.63970967,-0.28427855,0.060962621,0.2031559,-0.14356693,0.36829017,0.085235435,-0.41409287,-0.15322386,0.89724553,0.45730534,-2.7871926,2.3
35,14600,7.300000,12,2.0268619,0.53495573,1.6009876,1.5552795,0.34880807,-0.020848391,0.17226858,0.0010872117,-0.51047934,-0.054186976,-0.7082345,-0.46052075,-0.53509301,2.1354142,-2.5650504,2.3
35,14600,7.300000,13,2.0268619,0.50263924,1.5479334,0.083994033,0.16971841,-0.20188711,0.11483447,0.30704102,-0.28206329,0.087286718,0.06409619,-0.91937499,0.38812538,1.1721997,-1.5011918,2.3
35,14600,7.300000,14,2.0268619,1.0640002,1.1039404,1.9957228,0.16272341,0.007565965,0.29000367,-0.30066541,0.058630951,0.63821883,-0.24079884,0.19459937,-0.95086645,2.8268189,2.4619075,2.3
35,14600,7.300000,15,2.0268619,0.8644862,1.2576103,1.3831829,0.11570874,-0.17808497,0.1711023,0.21887632,-0.47552548,0.20049317,0.13709836,0.79394065,-0.5923363,2.2047518,1.3998018,2.3
35,14600,7.300000,16,2.0268619,0.93571648,0.030090913,0.64767413,-0.29367694,-0.11808127,0.18130679,-0.36084285,-0.14363167,-0.14077117,0.19356312,-0.74759812,-0.63531911,2.259218,-1.3174464,2.3
35,14600,7.300000,17,2.0268619,1.1934602,0.58183142,0.96647683,0.059737545,-0.051633868,0.157365,0.26559535,0.28756961,-0.058423202,-0.41783718,-0.54418411,0.7275134,0.75610566,-2.225607,2.3
35,14600,7.300000,18,2.0268619,1.5711454,0.30007988,0.40137966,-0.085047948,-0.17520154,-0.29622127,-0.050160441,-0.058967712,-0.11981752,0.81836983,0.42247665,-0.38959505,1.9709882,0.4765564,2.3
35,14600,7.300000,19,2.0268619,1.7294281,0.6701153,1.9389545,0.2518046,-0.044846268,-0.27524581,0.1624578,-0.080746951,0.17016726,0.88383883,0.41555522,-0.21480869,1.7872923,0.43950079,2.3
35,14600,7.300000,20,2.0268619,1.3251633,0.12830351,1.1445728,0.15323558,-0.12135484,0.012205058,0.0012856243,0.24948792,0.18741031,-0.92879517,0.32156598,0.18421415,1.3855241,2.8082907,2.3
35,14600,7.300000,21,2.0268619,1.0397385,0.82799629,1.4760467,-0.32291257,0.081516093,-0.068810078,-0.20064901,0.14761595,-0.1548088,-0.70798102,-0.31931459,-0.62992147,2.2522484,-2.7178897,2.3
35,14600,7.300000,22,2.0268619,1.4696371,0.19463845,1.8650908,-0.21829766,0.025233995,0.16221013,0.034656473,0.13211583,0.18490679,0.70785281,0.70259944,0.072790269,1.4979416,0.78167358,2.3
35,14600,7.300000,23,2.0268619,1.6015625,1.0100524,1.2229947,-0.26311883,0.14324239,0.094901341,0.01314469,0.2888538,-0.09803175,0.68784977,0.18908334,0.70079254,0.79428845,0.26826436,2.3
35,14600,7.300000,24,2.0268619,1.3934107,1.6625756,0.073737328,0.19256354,0.30825344,-0.20226105,0.44996852,0.12076698,-0.063182994,0.13844844,-0.087890056,-0.98646205,2.9768589,-0.56563086,2.3
35,14600,7.300000,25,2.0268619,1.8814111,1.4503691,0.8331103,0.49759208,-0.26426667,-0.095421308,-0.039782079,0.015966903,-0.080211624,-0.92248329,0.15598052,0.35312131,1.2098911,2.9740894,2.3
35,14600,7.300000,26,2.0268619,0.1340301,1.0343467,1.188376,0.29094975,-0.41268677,0.25766479,-0.29677946,-0.6609376,0.33946048,-0.63828684,0.40998099,-0.65154086,2.2804102,2.5706391,2.3
35,14600,7.300000,27,2.0268619,1.8462911,1.9160722,0.17237099,0.0065840269,0.10022363,0.010855127,0.26370332,-0.27770527,-0.023489899,-0.71573507,0.59070323,-0.37254932,1.9525509,2.4516082,2.3
35,14600,7.300000,28,2.0268619,1.1615627,1.351333,0.9192181,-0.20316023,0.24847184,-0.022985432,-0.059954689,-0.24746131,0.033910229,-0.37796615,0.090964276,-0.92133983,2.7423093,2.9054164,2.3
35,14600,7.300000,29,2.0268619,1.342179,1.754204,1.4298104,0.21039924,0.033578722,-0.33958137,-0.11022998,0.21814961,-0.080323072,-0.56999451,-0.24079382,-0.78557278,2.4744176,-2.7418844,2.3
35,14600,7.300000,30,2.0268619,1.7630718,1.4499869,1.6550545,-0.22701305,0.1376431,-0.31478124,0.37336001,0.0026514281,-0.12271511,-0.57176976,0.7645034,-0.29768087,1.8730588,2.2129501,2.3
35,14600,7.300000,31,2.0268619,1.9728834,0.028469047,0.984258,0.089394577,-0.014019991,-0.22387276,0.31261731,0.072243726,-0.10306734,-0.59499021,-0.44686369,-0.66805651,2.3023902,-2.4974239,2.3
36,14700,7.350000,0,2.0264381,0.20984505,0.41604903,1.8488798,-0.02889607,0.10605934,-0.13559562,0.25000475,0.0081584599,-0.57405775,0.40110134,0.84323994,-0.35786048,1.936772,1.126804,2.3
36,14700,7.350000,1,2.0264381,1.7760882,0.73167608,0.85951853,-0.46203074,0.11494553,0.033474406,-0.48202431,0.11743756,0.20371461,-0.60288993,-0.47689184,0.63960762,0.87680862,-2.4723576,2.3
36,14700,7.350000,2,2.0264381,0.55744482,0.43148372,0.82197752,-0.086786985,0.1344604,0.20461697,-0.079246066,0.038011779,0.084780271,0.87517673,0.097988691,-0.47377621,2.0643702,0.11150009,2.3
36,14700,7.350000,3,2.0264381,0.6944896,0.88354492,0.39908709,0.042264302,0.16259443,0.21870733,0.055034413,-0.1390905,0.25811941,0.45633051,0.64812526,0.60966885,0.91515357,0.95733892,2.3
36,14700,7.350000,4,2.0264381,0.90496973,1.8643463,1.2015063,0.33205083,-0.24001062,-0.090297282,-0.44918334,0.17862014,0.1030814,-0.31314481,-0.77999118,-0.54180633,2.1433811,-1.9525712,2.3
36,14700,7.350000,5,2.0264381,0.19802883,1.0091768,1.7927638,-0.13875268,0.18169921,-0.010250115,0.12090168,-0.012559441,-0.03718365,0.046364627,0.91233877,0.40680251,1.1518452,1.5200205,2.3
36,14700,7.350000,6,2.0264381,0.75476861,0.17705471,0.060673976,-0.063447002,0.12475869,0.12784342,-0.19782991,0.41772817,0.066482399,0.2949764,0.93926554,0.17541144,1.3944726,1.2664999,2.3
36,14700,7.350000,7,2.0264381,0.64226901,0.40770529,1.3168427,-0.043450133,-0.22210207,-0.11450952,0.12421395,0.10946799,0.15064042,-0.66747091,-0.58890672,0.45570985,1.0976268,-2.4186455,2.3
36,14700,7.350000,8,2.0264381,0.049511656,1.1107532,0.25821047,-0.22974621,-0.19026699,-0.14085585,0.040756162,-0.10959175,-0.477288,-0.77399405,0.53837388,0.33329684,1.2309981,2.5338401,2.3
36,14700,7.350000,9,2.0264381,0.11035824,0.40138044,0.41437956,0.061647234,0.29189661,-0.2560865,0.0033610939,0.10776208,-0.1145148,0.87002495,-0.20384614,0.44889124,1.1052722,-0.23014772,2.3
36,14700,7.350000,10,2.0264381,0.67556583,1.2425458,0.83469675,-0.070075178,0.03054457,0.13007787,-0.084363108,-0.019592712,-0.37117192,-0.37377604,-0.373859,-0.84883504,2.5845741,-2.3560835,2.3
36,14700,7.350000,11,2.0264381,0.48225857,1.8802981,0.64447251,-0.29475595,0.07817022,0.20805302,-0.27351852,0.30255988,0.054147766,-0.24257881,-0.12630693,0.96187425,0.27702167,-2.661535,2.3
36,14700,7.350000,12,2.0264381,0.53419853,1.5770375,1.5564684,0.34816267,-0.04446612,0.17378281,0.0073642714,-0.41597338,0.013303054,-0.81550758,-0.31985189,-0.48232992,2.0741089,-2.767818,2.3
36,14700,7.350000,13,2.0264381,0.51408411,1.5321425,0.089550853,0.1812696,-0.21735588,0.12040944,0.13200191,-0.29854735,0.13921219,-0.1715918,-0.97019745,0.17109401,1.3988564,-1.7458488,2.3
36,14700,7.350000,14,2.0264381,1.0483995,1.1022696,0.0003449635,0.14734365,0.0061258343,0.32148459,-0.31405061,-0.055516041,0.64220797,-0.092843401,-0.054095001,-0.99421016,3.0339317,-2.6140299,2.3
36,14700,7.350000,15,2.0264381,0.87147742,1.2423324,1.3937857,0.12288148,-0.19310147,0.1819955,0.008494767,-0.038686524,0.18585919,0.20452442,0.78294109,-0.58751427,2.1987799,1.3152804,2.3
36,14700,7.350000,16,2.0264381,0.92049261,0.026123069,0.64426719,-0.30870671,-0.12204323,0.17803494,-0.28350514,-0.015213634,0.009381919,0.56436655,-0.76215487,-0.31719136,1.8935628,-0.93341073,2.3
36,14700,7.350000,17,2.0264381,1.2028402,0.59809456,0.96255,0.069368088,-0.035247352,0.15363988,0.078182407,0.37334489,-0.042379724,-0.53341957,-0.44972273,0.71638888,0.7721836,-2.4411217,2.3
36,14700,7.350000,18,2.0264381,1.5674399,0.29550599,0.39779102,-0.088425325,-0.17971315,-0.29972634,-0.05892607,-0.13298195,-0.053809746,0.90462365,0.39596091,-0.15770547,1.7291629,0.41258492,2.3
36,14700,7.350000,19,2.0264381,1.7380716,0.66999576,1.9447768,0.26081071,-0.044825678,-0.26901736,0.18384664,-0.016881745,-0.025668469,0.62255264,0.701888,-0.34609456,1.9242015,0.8452277,2.3
36,14700,7.350000,20,2.0264381,1.3250436,0.13937275,1.1536065,0.15339299,-0.11025761,0.021479054,0.016360947,0.23352983,0.16040725,-0.7117484,0.69473241,0.10373568,1.4668737,2.3682922,2.3
36,14700,7.350000,21,2.0264381,1.0309943,0.82359049,1.4680576,-0.33144025,0.077282999,-0.076491349,-0.11402549,-0.44931675,-0.10950049,-0.71365561,-0.065755646,-0.69740366,2.3425647,-3.0497129,2.3
36,14700,7.350000,22,2.0264381,1.469984,0.19860124,1.8731123,-0.21764338,0.0292379,0.17062249,0.044067226,0.06587891,0.13551151,0.80155511,0.54745944,-0.24041125,1.8135858,0.59922293,2.3
36,14700,7.350000,23,2.0264381,1.6002162,1.0225479,1.2187352,-0.26413033,0.15595046,0.090897156,-0.024447757,0.28524871,-0.12635443,0.83025853,0.48887749,0.26771174,1.299779,0.53216252,2.3
36,14700,7.350000,24,2.0264381,1.4164551,1.6671585,0.06762147,0.21590181,0.31318455,-0.20836213,0.51735092,0.12605918,-0.11368865,-0.10170943,0.33101742,-0.93812721,2.7879782,1.8689031,2.3
36,14700,7.350000,25,2.0264381,1.8796998,1.4551614,0.83104693,0.49627412,-0.25917054,-0.097310666,-0.056294936,0.13540699,-0.014230177,-0.93776982,0.19055745,0.29030263,1.2762533,2.9411194,2.3
36,14700,7.350000,26,2.0264381,0.11735078,1.0037931,1.2035417,0.27429671,-0.44302722,0.27308069,-0.28427009,-0.60833504,0.24739737,-0.66319978,0.1759613,-0.72746386,2.3854148,2.8822464,2.3
36,14700,7.350000,27,2.0264381,1.8577888,1.9039584,0.173786,0.018469008,0.088509189,0.012306329,0.18681863,-0.2519884,0.050289287,-0.60729901,0.74888178,-0.26526212,1.8392721,2.2521732,2.3
36,14700,7.350000,28,2.0264381,1.1636829,1.3420329,0.92084909,-0.20079693,0.23945335,-0.021162024,0.18136642,-0.11837778,-0.013899472,-0.46084677,0.14013992,-0.87634528,2.639018,2.8463858,2.3
36,14700,7.350000,29,2.0264381,1.3418433,1.7621797,1.4241091,0.21034418,0.041922083,-0.34498423,0.093004013,0.07882673,-0.074709966,-0.56254197,-0.3371955,-0.75488127,2.4262694,-2.6016042,2.3
36,14700,7.350000,30,2.0264381,1.7830889,1.4484182,1.6449948,-0.20662516,0.13637747,-0.32449587,0.39297134,0.0021819392,-0.1433511,-0.56836775,0.71969372,-0.39874685,1.9809463,2.2392471,2.3
36,14700,7.350000,31,2.0264381,1.9850005,0.030707601,0.97629652,0.10192556,-0.011775249,-0.23162923,0.23233358,0.10073004,-0.18771535,-0.59373809,-0.5370216,-0.59923525,2.2133418,-2.4063104,2.3
37,14800,7.400000,0,2.0287202,0.22125489,0.41848021,1.8240257,-0.01772884,0.10802088,-0.16251671,0.20870238,0.13704162,-0.54540234,0.18344952,0.90794927,-0.3767949,1.9571301,1.3714321,2.3
37,14800,7.400000,1,2.0287202,1.7535822,0.73548352,0.86833543,-0.48652318,0.1179273,0.041318921,-0.49077196,0.066185789,0.13794433,-0.63519193,-0.66620488,0.39077138,1.1693269,-2.3323685,2.3
37,14800,7.400000,2,2.0287202,0.5539154,0.43487259,0.82699295,-0.090941846,0.1373617,0.20870441,-0.10064146,0.017884979,0.023754657,0.90897116,0.1252504,-0.3975975,1.9796933,0.1369313,2.3
37,14800,7.400000,3,2.0287202,0.70055359,0.87504685,0.40875464,0.047543211,0.15310667,0.22792025,0.15302033,-0.29531711,0.14192856,0.8196818,0.41340594,0.39650634,1.1630882,0.46712099,2.3
37,14800,7.400000,4,2.0287202,0.87964919,1.8759058,1.2089771,0.30572595,-0.23055596,-0.084183043,-0.56085912,0.21268081,0.13423989,-0.53776622,-0.61927683,-0.57210462,2.1798659,-2.2858633,2.3
37,14800,7.400000,5,2.0287202,0.20327,1.008308,1.7915219,-0.13373734,0.179695,-0.013509127,0.10865764,-0.093135233,-0.086926706,0.44995449,0.70524725,0.54787524,0.99097409,1.0028965,2.3
37,14800,7.400000,6,2.0287202,0.74559935,0.19627872,0.064604873,-0.073460625,0.14377261,0.13170382,-0.1643402,0.37512424,0.1702612,0.24108768,0.86485773,0.44033831,1.1148209,1.2989379,2.3
37,14800,7.400000,7,2.0287202,0.64890672,0.41592875,1.3285614,-0.037539056,-0.21434212,-0.10427964,0.12881691,0.18576254,0.25484412,-0.75662639,-0.56165538,0.33475326,1.229453,-2.5030279,2.3
37,14800,7.400000,8,2.0287202,0.052849333,1.1054655,0.23235449,-0.22646614,-0.19680199,-0.16698791,0.072877085,-0.1323006,-0.4677299,-0.83658263,0.51765765,0.17933227,1.3904887,2.5874812,2.3
37,14800,7.400000,9,2.0287202,0.11372002,0.4087645,0.40940105,0.064882908,0.29882474,-0.2615286,0.069162482,0.1950979,-0.19561542,0.84892362,0.02583037,0.52788397,1.0146891,0.030417817,2.3
37,14800,7.400000,10,2.0287202,0.67006164,1.246019,0.81578681,-0.076336655,0.032617235,0.11023908,-0.15533639,0.13855078,-0.37781913,-0.038940333,-0.42753693,-0.90315881,2.6978677,-1.6616263,2.3
37,14800,7.400000,11,2.0287202,0.46753531,1.8950414,0.64895536,-0.31001373,0.090788872,0.21180797,-0.34153916,0.25010947,0.018098273,-0.063197308,-0.11094042,0.99181567,0.12802748,-2.0886013,2.3
37,14800,7.400000,12,2.0287202,0.53801298,1.558878,1.5586509,0.35137371,-0.064390465,0.17421225,0.044697995,-0.36989047,-0.036051137,-0.91621577,-0.25588273,-0.3083386,1.8842424,-2.8692497,2.3
37,14800,7.400000,13,2.0287202,0.52228738,1.5199202,0.097796219,0.18888963,-0.2312958,0.12854937,0.051051774,-0.2327143,0.16177621,-0.3796394,-0.92268178,-0.067322125,1.6381694,-1.9611361,2.3
37,14800,7.400000,14,2.0287202,1.0340155,1.0976643,0.033908804,0.13178772,0.00028251445,0.35502917,-0.31314196,-0.12385885,0.67555393,0.085956568,-0.2966528,-0.95110913,2.8276037,-1.2887651,2.3
37,14800,7.400000,15,2.0287202,0.87069236,1.2500096,1.4046121,0.12111599,-0.18682685,0.19124702,-0.046044761,0.12268503,0.18094218,0.37233013,0.60295083,-0.70556401,2.3540151,1.0175989,2.3
37,14800,7.400000,16,2.0287202,0.91211883,0.02611798,0.64465039,-0.31811184,-0.12207772,0.17769278,-0.046215594,0.0063734426,0.0023072047,0.77422624,-0.62768631,-0.081139511,1.6520251,-0.6812478,2.3
37,14800,7.400000,17,2.0287202,1.2066155,0.61508028,0.9580639,0.071787446,-0.01894436,0.14807291,0.02613785,0.2797613,-0.16944562,-0.75204951,-0.26448937,0.60371094,0.92264842,-2.8034118,2.3
37,14800,7.400000,18,2.0287202,1.5660231,0.28667239,0.39719744,-0.091605539,-0.18887439,-0.30076732,-0.11656928,-0.20829383,0.034072201,0.92244078,0.36504673,0.1258725,1.4445891,0.37682859,2.3
37,14800,7.400000,19,2.0287202,1.7500078,0.6723367,1.9439359,0.2707839,-0.04324016,-0.27204673,0.22725094,0.065380011,-0.056627936,0.38149532,0.83726482,-0.3917256,1.9733027,1.1432581,2.3
37,14800,7.400000,20,2.0287202,1.3252105,0.15415976,1.1630948,0.15206839,-0.095635789,0.029663569,-0.03194726,0.32894864,0.14626801,-0.46807398,0.86903532,0.16026342,1.4098388,2.0648553,2.3
37,14800,7.400000,21,2.0287202,1.024228,0.79333225,1.4620863,-0.33936311,0.046114789,-0.084111639,-0.090644709,-0.7042032,-0.14091767,-0.63476379,-0.034075206,-0.77195454,2.4527065,-3.0879624,2.3
37,14800,7.400000,22,2.0287202,1.4727419,0.20507737,1.8802479,-0.21654161,0.035486854,0.1756459,0.010009575,0.17265076,0.15503887,0.7530933,0.25824,-0.60511369,2.220705,0.33034082,2.3
37,14800,7.400000,23,2.0287202,1.6021497,1.0380478,1.2162099,-0.26399901,0.17029067,0.087001488,0.010555731,0.27136207,-0.051479681,0.68730793,0.71487495,-0.12869193,1.6998462,0.80505571,2.3
37,14800,7.400000,24,2.0287202,1.4491591,1.676342,0.062156834,0.24699309,0.32048645,-0.2138998,0.64870758,0.13148503,-0.073336992,-0.29928664,0.61817294,-0.72683542,2.3844993,2.0216814,2.3
37,14800,7.400000,25,2.0287202,1.879073,1.466058,0.82831276,0.49353194,-0.24991795,-0.10097866,-0.062507342,0.2284444,-0.089074794,-0.96134499,0.20254275,0.1865268,1.3831706,2.9339427,2.3
37,14800,7.400000,26,2.0287202,0.1015638,0.97176712,1.2132019,0.25838653,-0.47616504,0.28138081,-0.34521139,-0.73773128,0.11958236,-0.62926913,-0.056707638,-0.77511587,2.4576948,-3.0517187,2.3
37,14800,7.400000,27,2.0287202,1.8719418,1.893587,0.17723679,0.030523084,0.076000635,0.015559577,0.24344537,-0.23919677,0.012680529,-0.44284604,0.87913783,-0.17607972,1.7477988,2.0374216,2.3
37,14800,7.400000,28,2.0287202,1.1712343,1.3371327,0.92150804,-0.19455955,0.23304545,-0.021539901,0.012979524,-0.14514554,-0.019174391,-0.4793716,0.22555178,-0.84813281,2.5832472,2.7018096,2.3
37,14800,7.400000,29,2.0287202,1.3499155,1.7666802,1.4285102,0.21690158,0.044436607,-0.3421885,0.093336527,-0.047936093,0.077515886,-0.55841791,-0.42773326,-0.71078386,2.3614083,-2.4879467,2.3
37,14800,7.400000,30,2.0287202,1.8048165,1.4495512,1.6417451,-0.18691671,0.13587955,-0.32959517,0.43867182,-0.014758984,-0.014719872,-0.51027552,0.68675218,-0.51767783,2.1149309,2.2098199,2.3
37,14800,7.400000,31,2.0287202,1.9976428,0.0371241,0.97093241,0.11232657,-0.0053969206,-0.23808919,0.23928744,0.13420159,-0.13937239,-0.6295667,-0.54684963,-0.55190692,2.1554456,-2.4263917,2.3
38,14900,7.450000,0,2.0213232,0.23246027,0.42364477,1.792979,-0.0056947552,0.11472353,-0.18695738,0.23693521,0.15020576,-0.45212869,-0.018965801,0.91195212,-0.40985805,1.9930948,1.5915903,2.3
38,14900,7.450000,1,2.0213232,1.7222321,0.73462986,0.87177677,-0.5115251,0.11975868,0.047938448,-0.39263606,-0.043764728,0.1709991,-0.61073463,-0.78873336,0.070020698,1.5007183,-2.2296835,2.3
38,14900,7.450000,2,2.0213232,0.54687269,0.43214672,0.82370323,-0.095974078,0.13621936,0.20842954,-0.12061925,-0.013454126,-0.095439261,0.91434236,0.18025312,-0.36261118,1.9418646,0.1946437,2.3
38,14900,7.450000,3,2.0213232,0.71012373,0.85424335,0.40993882,0.059689871,0.13546151,0.23059971,0.25928757,-0.3427016,-0.015362433,0.99334247,0.10014118,0.056942724,1.5138228,0.10047289,2.3
38,14900,7.450000,4,2.0213232,0.84575149,1.8818797,1.2142866,0.27497944,-0.21771875,-0.074447681,-0.60320148,0.26431714,0.19316491,-0.72914004,-0.44201825,-0.52246978,2.1205413,-2.5966132,2.3
38,14900,7.450000,5,2.0213232,0.20657272,0.99545424,1.7786681,-0.12968607,0.17050095,-0.019842246,0.13247326,-0.21335573,-0.15697354,0.74664152,0.33004105,0.57758059,0.95503451,0.41620981,2.3
38,14900,7.450000,6,2.0213232,0.73349698,0.21102523,0.071999628,-0.082861584,0.15926308,0.1393481,-0.25193913,0.27938755,0.14256269,0.12905766,0.72346292,0.67819284,0.8254956,1.3942645,2.3
38,14900,7.450000,7,2.0213232,0.64686382,0.42331854,1.3337029,-0.037215346,-0.2054195,-0.094275699,-0.029297181,0.098437416,0.096707057,-0.8342646,-0.54687759,0.07019593,1.5005426,-2.5613463,2.3
38,14900,7.450000,8,2.0213232,0.055397073,1.0959193,0.2129443,-0.22372069,-0.20232755,-0.18558487,0.0050873445,-0.099393248,-0.28614093,-0.86201749,0.5025743,-0.065915962,1.6367601,2.6137513,2.3
38,14900,7.450000,9,2.0213232,0.1179908,0.41750253,0.40083416,0.069576908,0.30907191,-0.26861569,0.1247974,0.24034107,-0.10006041,0.78496565,0.26215361,0.56134162,0.97479028,0.32232188,2.3
38,14900,7.450000,10,2.0213232,0.66276792,1.2505456,0.79076023,-0.081196095,0.04170364,0.088146638,-0.1029775,0.28397893,-0.40483804,0.20247552,-0.3942095,-0.89643881,2.6824636,-1.0963089,2.3
38,14900,7.450000,11,2.0213232,0.44889126,1.9009887,0.64644743,-0.32698407,0.10366938,0.21166598,-0.36468755,0.23715306,0.020017741,0.049873383,-0.052052537,0.9973982,0.072151565,-0.80677469,2.3
38,14900,7.450000,12,2.0213232,0.5384076,1.535739,1.5542085,0.35373432,-0.081877489,0.17545521,-0.04632382,-0.37132161,0.080248504,-0.97563068,-0.19226923,-0.10572283,1.6767171,-2.9470143,2.3
38,14900,7.450000,13,2.0213232,0.51925735,1.505509,0.10826775,0.18776188,-0.24018138,0.1393973,0.011636837,-0.17767484,0.25024675,-0.55166235,-0.7972637,-0.24502905,1.818346,-2.1760955,2.3
38,14900,7.450000,14,2.0213232,1.0164683,1.0844718,0.063331961,0.11798542,-0.0089245895,0.38463002,-0.22523351,-0.20830371,0.46249949,0.2896148,-0.46004414,-0.83933465,2.5668545,-1.0089411,2.3
38,14900,7.450000,15,2.0213232,0.86413503,1.2509312,1.4102997,0.11772715,-0.18133752,0.20207592,0.0066546175,0.020942842,0.24189647,0.44814384,0.40608925,-0.79640355,2.4921212,0.73620707,2.3
38,14900,7.450000,16,2.0213232,0.90930174,0.031417955,0.6423358,-0.31760226,-0.11667264,0.17772876,0.050474241,0.22086507,-0.0015919213,0.82281547,-0.56619874,0.048925425,1.5218514,-0.60271067,2.3
38,14900,7.450000,17,2.0213232,1.2025122,0.6251807,0.94779696,0.072084159,-0.0065786705,0.14128684,-0.069439068,0.22238641,-0.14006236,-0.91206413,0.061912011,0.40534667,1.1534383,3.0738154,2.3
38,14900,7.450000,18,2.0213232,1.5563994,0.27319555,0.39609672,-0.09552639,-0.20132872,-0.30041915,-0.099901562,-0.28753802,0.012988307,0.89408443,0.27123643,0.35643209,1.20635,0.29454365,2.3
38,14900,7.450000,19,2.0213232,1.7539542,0.67171634,1.9349157,0.28113001,-0.041405727,-0.27398257,0.21588804,-0.039268219,-0.041936578,0.22940243,0.87746365,-0.42122686,2.0055939,1.3150817,2.3
38,14900,7.450000,20,2.0213232,1.3193577,0.17094585,1.1632341,0.15104566,-0.078255862,0.034051752,-0.063384859,0.37671847,0.062581077,-0.22725926,0.92645715,0.30005063,1.2660506,1.8113459,2.3
38,14900,7.450000,21,2.0213232,1.0155325,0.7570733,1.4524461,-0.34433327,0.012687409,-0.088428645,-0.044129356,-0.75876041,0.022107132,-0.57655312,0.013540983,-0.81694745,2.5268943,3.1181109,2.3
38,14900,7.450000,22,2.0213232,1.4710869,0.21313172,1.8792313,-0.21281989,0.044305061,0.18149566,0.0089420315,0.20041514,0.037203621,0.5813722,-0.050334861,-0.81207928,2.5185028,-0.086364042,2.3
38,14900,7.450000,23,2.0213232,1.5952775,1.0473495,1.2093784,-0.26503132,0.18340126,0.084600103,-0.01950737,0.2231226,0.022136867,0.45183887,0.7662164,-0.45689612,2.045299,1.0379838,2.3
38,14900,7.450000,24,2.0213232,1.4732324,1.6784833,0.055345797,0.27640405,0.32875507,-0.22049626,0.49994055,0.18443042,-0.19490954,-0.41152958,0.80295778,-0.43116378,2.0165785,2.0444074,2.3
38,14900,7.450000,25,2.0213232,1.8690681,1.4720421,0.82151741,0.49037271,-0.23856761,-0.10476077,0.016300011,0.22324606,-0.090937534,-0.97305074,0.18461022,0.13817137,1.4321815,2.954098,2.3
38,14900,7.450000,26,2.0213232,0.089003464,0.93039792,1.2168504,0.24617421,-0.51406023,0.28946755,-0.13960432,-0.69673728,0.22676901,-0.52928751,-0.26069634,-0.80739838,2.5105256,-2.6839292,2.3
38,14900,7.450000,27,2.0213232,1.8818523,1.8764075,0.17710945,0.047289615,0.065706722,0.016079419,0.38270189,-0.080089422,0.043691687,-0.31524388,0.92089929,-0.22927232,1.8021263,1.9006145,2.3
38,14900,7.450000,28,2.0213232,1.1685315,1.3236457,0.915524,-0.19298894,0.22441804,-0.02416877,0.025467392,-0.14543117,-0.027521569,-0.52338334,0.23979657,-0.81765976,2.5281305,2.7119685,2.3
38,14900,7.450000,29,2.0213232,1.3485027,1.76017,1.432862,0.2204172,0.044367934,-0.33261068,0.0010302643,0.024566429,0.25022367,-0.55813196,-0.43631652,-0.70577377,2.3543111,-2.4780827,2.3
38,14900,7.450000,30,2.0213232,1.8198499,1.446981,1.6345916,-0.16526307,0.13859966,-0.33076479,0.42930044,0.097038096,-0.084923706,-0.46818616,0.67531762,-0.56986651,2.1771397,2.1769999,2.3
38,14900,7.450000,31,2.0213232,2.0008164,0.044015408,0.95805839,0.12280298,0.0016426048,-0.24744011,0.16037075,0.13740216,-0.22276997,-0.6568942,-0.54132199,-0.52484333,2.1233274,-2.4523506,2.3
39,15000,7.500000,0,2.0261066,0.24540272,0.43157391,1.7741876,0.0066829592,0.12164195,-0.20996462,0.19295169,0.11730455,-0.54859259,-0.1810297,0.9164876,-0.35676144,1.9355952,1.7658115,2.3
39,15000,7.500000,1,2.0261066,1.7073816,0.7344527,0.87839225,-0.53042886,0.11784531,0.052485519,-0.37264915,-0.00062349847,0.058678447,-0.55140626,-0.77952233,-0.29714654,1.8724991,-2.1864477,2.3
39,15000,7.500000,2,2.0261066,0.54074866,0.43527601,0.81875654,-0.10338351,0.1383235,0.20154172,-0.1549841,0.058297788,-0.18848141,0.93061439,0.23880489,-0.27736092,1.8518425,0.25119003,2.3
39,15000,7.500000,3,2.0261066,0.72222771,0.84321954,0.4115727,0.070101061,0.12243155,0.2312627,0.17143931,-0.23884969,-0.012175742,0.92945629,-0.13042296,-0.34510991,1.9231522,-0.13941152,2.3
39,15000,7.500000,4,2.0261066,0.81854842,1.8974661,1.2239212,0.2458094,-0.20659893,-0.067694609,-0.60855663,0.18853197,0.11746554,-0.86161149,-0.36286418,-0.35490173,1.9336053,-2.742991,2.3
39,15000,7.500000,5,2.0261066,0.21583318,0.98234946,1.7741219,-0.12092481,0.1550587,-0.028587297,0.2300628,-0.36688836,-0.19278252,0.86595949,-0.05674939,0.49688395,1.0507919,-0.065439966,2.3
39,15000,7.500000,6,2.0261066,0.72545747,0.22994727,0.083016276,-0.092625355,0.17766399,0.15018156,-0.22627806,0.39243449,0.28780917,-0.0071069344,0.51378921,0.85788702,0.53965302,1.5846278,2.3
39,15000,7.500000,7,2.0261066,0.64496182,0.42760812,1.3412668,-0.040644079,-0.20213557,-0.089873105,-0.056858799,-0.0095198848,0.061719626,-0.84500308,-0.48863769,-0.21726254,1.7898055,-2.6173063,2.3
39,15000,7.500000,8,2.0261066,0.055762424,1.0931195,0.20179886,-0.22348671,-0.20771446,-0.19722048,-0.0040366813,-0.1695057,-0.19081124,-0.79175515,0.5170586,-0.32522943,1.9020507,2.5630737,2.3
39,15000,7.500000,9,2.0261066,0.1267837,0.42826905,0.40048711,0.078080532,0.31883888,-0.26990978,0.22331487,0.16164911,-0.034622085,0.67951107,0.46141889,0.57040101,0.96380233,0.59652363,2.3
39,15000,7.500000,10,2.0261066,0.6591956,1.2668999,0.77231257,-0.086330761,0.055082804,0.067851654,-0.13687745,0.19282038,-0.42810522,0.33844484,-0.27526594,-0.89982429,2.6901629,-0.68281381,2.3
39,15000,7.500000,11,2.0261066,0.43202052,1.9104811,0.64846416,-0.34489592,0.10865719,0.21215233,-0.35470965,0.044078515,0.0088137883,0.13228872,0.0037728349,0.99120405,0.1327319,0.028511974,2.3
39,15000,7.500000,12,2.0261066,0.52951913,1.5279946,1.5617645,0.34358373,-0.093242732,0.17932868,-0.30072032,-0.094098881,0.11970707,-0.94935806,-0.29956183,0.094773305,1.4758806,-2.8359393,2.3
39,15000,7.500000,13,2.0261066,0.52330086,1.5029411,0.12184634,0.19057327,-0.24630481,0.15270395,-0.012082913,-0.08828237,0.27101661,-0.75719214,-0.53062564,-0.38091533,1.9615824,-2.5303429,2.3
39,15000,7.500000,14,2.0261066,1.0100009,1.0763628,0.083852142,0.10912311,-0.019587363,0.40497629,-0.085865725,-0.20149073,0.31722694,0.44172095,-0.58938439,-0.67639386,2.3136518,-0.9276399,2.3
39,15000,7.500000,15,2.0261066,0.87051469,1.2477345,1.419936,0.12205674,-0.18748723,0.20836732,0.20021363,-0.28091238,0.10903721,0.41658061,0.38502861,-0.82353723,2.538415,0.74605765,2.3
39,15000,7.500000,16,2.0261066,0.91409989,0.046310574,0.64607727,-0.31495906,-0.10187186,0.17994754,0.089236374,0.25758645,0.1246239,0.82639885,-0.55362062,0.10280635,1.467808,-0.59025111,2.3
39,15000,7.500000,17,2.0261066,1.2040064,0.63696823,0.94347193,0.070734265,0.0037172168,0.13472663,-0.010269351,0.19276077,-0.1756326,-0.8929822,0.43642942,0.11005517,1.4605178,2.6869996,2.3
39,15000,7.500000,18,2.0261066,1.5513044,0.26001008,0.39795362,-0.10429416,-0.21514437,-0.29950069,-0.18242962,-0.21673059,0.088125355,0.83330433,0.11611842,0.54048164,0.99978686,0.13845539,2.3
39,15000,7.500000,19,2.0261066,1.7675365,0.67390883,1.9341439,0.29055047,-0.040803535,-0.27932696,0.1500582,0.063640113,-0.1592512,0.063090236,0.85898464,-0.50809941,2.103773,1.4974805,2.3
39,15000,7.500000,20,2.0261066,1.3205293,0.18634999,1.1695434,0.14909738,-0.063273962,0.037604063,-0.03885488,0.25908276,0.12810342,-0.010825722,0.89561688,0.44469451,1.1099632,1.5828832,2.3
39,15000,7.500000,21,2.0261066,1.0204007,0.72319679,1.4588212,-0.34187116,-0.022938591,-0.085494208,0.2038999,-0.60972058,0.11050317,-0.45881248,0.071457362,-0.8856551,2.6586993,2.9870897,2.3
39,15000,7.500000,22,2.0261066,1.471773,0.22357563,1.8838644,-0.21561183,0.054232871,0.18168137,-0.064641012,0.21591019,0.033330761,0.31506352,-0.26677031,-0.91080655,2.7160299,-0.70258627,2.3
39,15000,7.500000,23,2.0261066,1.5950673,1.0611983,1.2185989,-0.26901201,0.19475806,0.090951158,-0.13495367,0.23122243,0.21832184,0.17172457,0.66189726,-0.7296593,2.3886199,1.3169501,2.3
39,15000,7.500000,24,2.0261066,1.4970263,1.6923918,0.047739,0.29668758,0.33867977,-0.22822489,0.29475852,0.20097894,-0.18726961,-0.42927715,0.90118483,-0.059891864,1.6307241,2.0153435,2.3
39,15000,7.500000,25,2.0261066,1.8749591,1.4863154,0.8170361,0.49183885,-0.22779063,-0.11117859,0.099499987,0.18573775,-0.17850699,-0.98670121,0.14204595,0.079016953,1.4916969,2.9986145,2.3
39,15000,7.500000,26,2.0261066,0.081536628,0.89939074,1.2325,0.23850581,-0.54722997,0.30222244,-0.23504087,-0.62418112,0.28121306,-0.35104379,-0.49396966,-0.79546354,2.4905684,-2.18864,2.3
39,15000,7.500000,27,2.0261066,1.9076125,1.8822632,0.17983263,0.068571298,0.067120238,0.018380752,0.55452918,0.12934444,0.061554306,-0.22360208,0.86363484,-0.4518152,2.0395953,1.8241414,2.3
39,15000,7.500000,28,2.0261066,1.1722899,1.3192222,0.91931609,-0.191997,0.21687116,-0.022545164,-0.0093059871,-0.16949608,0.040369012,-0.6937834,0.21321288,-0.68789888,2.3293865,2.8434347,2.3
39,15000,7.500000,29,2.0261066,1.3559433,1.7631709,1.445888,0.2246616,0.043204789,-0.32298683,0.077440269,0.0046697168,0.10118469,-0.543815,-0.42421287,-0.72409163,2.3805128,-2.4791239,2.3
39,15000,7.500000,30,2.0261066,1.8451991,1.4508676,1.637582,-0.14424532,0.13906146,-0.33164158,0.36821159,0.059485372,0.064529539,-0.48652438,0.63492384,-0.6001381,2.2144701,2.2246305,2.3
39,15000,7.500000,31,2.0261066,2.0114933,0.051078636,0.9452653,0.12873804,0.0085934568,-0.26248263,0.13182297,0.12538512,-0.29114208,-0.69478677,-0.53108066,-0.48499967,2.0771591,-2.4889521,2.3
