frame,step,time_ps,molecule_id,box_nm,x_nm,y_nm,z_nm,dx_nonaffine_nm,dy_nonaffine_nm,dz_nonaffine_nm,vx_nm_ps,vy_nm_ps,vz_nm_ps,dipole_ux,dipole_uy,dipole_uz,theta_rad,phi_rad,dipole_debye
0,13050,13.050000,0,1.5716561,0.32190849,0.062226931,0.039501892,0.035240936,0.0011620472,-0.0031780161,0.6645902,0.041570242,-0.089391279,0.81920707,-0.036947935,0.57230641,0.96148066,-0.045071526,2.3
0,13050,13.050000,1,1.5716561,0.18569975,0.64274612,0.5152046,-0.01674302,-0.032606438,0.0023559005,-0.19834107,-0.63600121,-0.033541558,-0.43197952,-0.19467611,0.88062189,0.49362322,-2.7181896,2.3
0,13050,13.050000,2,1.5716561,0.44734551,0.24383191,0.56232746,-0.031114905,0.0048945547,0.013517166,-0.58592989,-0.0506572,0.17511983,0.14227341,0.25392824,-0.95670201,2.8462484,1.0600874,2.3
0,13050,13.050000,3,1.5716561,0.5946498,0.68156188,0.28074521,0.0034133962,0.044073042,0.004741708,-0.049065631,0.74595628,0.088402574,-0.2738291,0.83185521,0.4827365,1.0670196,1.8888031,2.3
0,13050,13.050000,4,1.5716561,0.33238299,0.081173493,0.98133717,0.018840722,-0.012263157,0.0085017084,0.36999742,-0.19184872,0.23570047,-0.38581411,-0.59591399,-0.7042968,2.3522284,-2.1453645,2.3
0,13050,13.050000,5,1.5716561,0.10918119,0.44466617,1.1748477,-0.0077441054,-0.0022320565,-0.0071907731,-0.015208693,0.012719105,-0.12522551,-0.54759101,-0.29945158,0.78132761,0.67400617,-2.6411691,2.3
0,13050,13.050000,6,1.5716561,0.63766764,0.30895735,1.4060366,0.0077632459,-0.007237896,-0.030828392,0.043439121,-0.038278666,-0.63953026,-0.6087648,0.79317663,-0.016620662,1.5874178,2.2254051,2.3
0,13050,13.050000,7,1.5716561,0.57997459,0.52603956,0.95446067,0.0019466863,-0.00012652232,-0.0029905146,-0.067355737,-0.11335096,0.079207839,-0.76428255,-0.42793721,-0.48243335,2.0742269,-2.6311651,2.3
0,13050,13.050000,8,1.5716561,0.16294862,1.0802684,0.24891823,-0.00078422731,0.038319775,0.0018879798,0.11137164,0.82945367,-0.081027652,-0.22109572,-0.2953977,0.92943901,0.3779068,-2.2133162,2.3
0,13050,13.050000,9,1.5716561,0.16736602,1.4272482,0.5412238,-0.0079451287,0.011618269,-0.013681003,0.047925193,0.28064683,0.090275074,-0.60287977,0.5619365,-0.56635974,2.1728785,2.39133,2.3
0,13050,13.050000,10,1.5716561,0.59131354,0.87774365,0.72300976,-0.0069347376,-0.016610433,0.018239987,-0.19183937,-0.17286618,0.27210963,0.88279828,-0.20166374,0.42426281,1.1326487,-0.22458335,2.3
0,13050,13.050000,11,1.5716561,0.60005964,1.3796698,0.39847425,-0.0014783685,-0.018694993,0.011461704,-0.10682659,-0.34811041,0.26307459,-0.22555551,-0.97358574,-0.035433191,1.6062369,-1.798455,2.3
0,13050,13.050000,12,1.5716561,0.1741103,0.87290198,0.96102294,0.016985738,0.0083097099,-0.0014940441,0.50870365,0.2765713,0.0097184229,-0.60080242,0.66216783,0.44785067,1.1064363,2.3076445,2.3
0,13050,13.050000,13,1.5716561,0.27853762,1.2920332,1.2574547,0.00021219025,-0.013742845,0.00547577,-0.019719356,-0.33152019,0.16793012,0.6240863,-0.6719544,0.39873998,1.1606539,-0.82231549,2.3
0,13050,13.050000,14,1.5716561,0.36816163,0.83256878,1.4324382,-0.016306785,-0.032925923,0.028028597,-0.3117751,-0.74283218,0.54619852,-0.60051981,0.57245919,0.55827093,0.97849606,2.3801125,2.3
0,13050,13.050000,15,1.5716561,0.69361071,1.4377811,1.1314489,-0.00088517783,0.010183251,0.0056871843,0.025321003,0.28503624,0.14542032,-0.20380498,0.97264848,0.1114382,1.4591262,1.7773442,2.3
0,13050,13.050000,16,1.5716561,0.9736349,0.341599,0.1677704,0.0048786514,0.037560839,0.00054258681,0.15210481,0.70802803,0.042597606,0.33236531,0.81748409,-0.47037544,2.0605125,1.1846382,2.3
0,13050,13.050000,17,1.5716561,0.92903953,0.54899073,0.59907993,-0.0060109581,-0.030339575,-0.0094164804,-0.021604172,-0.70719894,-0.16725099,-0.61025291,-0.062806797,-0.78971305,2.4811374,-3.0390345,2.3
0,13050,13.050000,18,1.5716561,1.3589687,0.24683064,0.44661344,0.017768389,-0.02785965,-0.039951059,0.49893733,-0.61680335,-0.77841543,-0.78028105,0.59459723,-0.19394746,1.7659808,2.490437,2.3
0,13050,13.050000,19,1.5716561,1.2430106,0.7830418,0.12689283,-0.01945627,0.016631593,-0.00058889866,-0.30750049,0.40640887,-0.048906618,-0.59073511,0.8052112,-0.051642605,1.6224619,2.2037445,2.3
0,13050,13.050000,20,1.5716561,1.0565561,0.19092421,0.84316156,-0.0036042024,-0.010497777,-0.020018555,-0.033636345,-0.32043533,-0.29023741,-0.8690265,-0.4945936,0.013043123,1.5577528,-2.6241771,2.3
0,13050,13.050000,21,1.5716561,0.86345958,0.67435619,1.4390152,0.0091996806,-0.0038669935,-0.017030079,0.28449975,0.040240322,-0.3855402,0.61776761,-0.078243242,-0.78245842,2.4694004,-0.12598402,2.3
0,13050,13.050000,22,1.5716561,1.3107478,0.21824473,1.2337768,-0.0011543022,0.012269059,0.012560836,-0.11778853,0.1183128,0.30490425,0.32037115,-0.41282192,-0.85260799,2.5917524,-0.91082955,2.3
0,13050,13.050000,23,1.5716561,1.3711835,0.61746172,0.90539504,0.00066464792,0.0089430437,0.0079145054,-0.17997265,0.030256781,0.070325053,-0.39329764,-0.90218786,-0.17712716,1.748863,-1.9818946,2.3
0,13050,13.050000,24,1.5716561,0.90393392,0.97565663,0.38715313,-0.014426278,-0.0059986961,0.0023896757,-0.36992174,-0.107921,-0.061616474,-0.49646226,0.41657794,-0.76156946,2.4365277,2.4434649,2.3
0,13050,13.050000,25,1.5716561,1.1142043,1.3408591,0.56432254,-0.0047900374,0.014961346,-0.0047406228,-0.19411986,0.49244216,-0.031081292,-0.4022376,0.90348824,0.14803351,1.4222167,1.9896557,2.3
0,13050,13.050000,26,1.5716561,1.4407201,0.98282051,0.60992782,0.025289583,0.0020428712,-0.019379213,0.64466379,-0.099082167,-0.40670161,0.91265552,-0.30055133,0.27699963,1.2901262,-0.31812988,2.3
0,13050,13.050000,27,1.5716561,1.4398103,1.3751824,0.22694081,-0.00050783259,-0.012105185,0.01003204,-0.42862014,-0.21569518,-0.059671619,0.029871176,-0.5642424,-0.82506862,2.54112,-1.5179054,2.3
0,13050,13.050000,28,1.5716561,1.1045238,1.0457115,1.0898562,0.009548882,0.0014707635,-0.004748305,0.017220199,-0.038278868,0.015298729,0.19149222,-0.67518921,-0.71235543,2.363645,-1.2944407,2.3
0,13050,13.050000,29,1.5716561,0.92349994,1.2716212,1.5250964,0.0070631768,0.011962173,0.0022407576,0.25294468,0.29518304,0.074732239,-0.50243783,0.62316914,-0.59934668,2.213481,2.2493441,2.3
0,13050,13.050000,30,1.5716561,1.4867514,0.98425045,1.3497668,0.0003005917,-0.032647945,0.022449898,-0.0031789033,-0.61198874,0.4703648,-0.40633305,0.85420546,0.32438632,1.2404334,2.0148037,2.3
0,13050,13.050000,31,1.5716561,1.3846817,1.3596739,1.0255527,-0.019318225,0.035049017,0.017049168,-0.33505719,0.75519023,0.21596412,0.08137947,-0.56498772,-0.82107628,2.5340903,-1.4277426,2.3
1,13100,13.100000,0,1.5707236,0.35362101,0.060815535,0.038556859,0.067153921,-0.0002128362,-0.0040998852,0.60153362,0.014747065,0.052048036,0.59213665,0.37941576,0.71092747,0.77998018,0.56985011,2.3
1,13100,13.100000,1,1.5707236,0.17375413,0.61559859,0.51052315,-0.028581982,-0.05938056,-0.0020211681,-0.31532922,-0.46978071,-0.12043119,-0.50214311,-0.018393179,0.86458891,0.52646465,-3.1049797,2.3
1,13100,13.100000,2,1.5707236,0.42107234,0.24172959,0.55999664,-0.057130385,0.0029363198,0.0115194,-0.39828368,0.10668086,-0.24507786,0.43065931,0.16368837,-0.88754644,2.6627883,0.36322378,2.3
1,13100,13.100000,3,1.5707236,0.5891567,0.71134247,0.28437569,-0.0017284115,0.074266973,0.0085398831,-0.083271898,0.49544,-0.036197575,-0.82061156,0.2434991,0.51701533,1.0274359,2.8531396,2.3
1,13100,13.100000,4,1.5707236,0.34370045,0.073282205,0.99765356,0.030358809,-0.020108612,0.025405357,-0.049241212,-0.076704718,0.42166042,-0.40083375,0.017258833,-0.91598823,2.7287605,3.0985619,2.3
1,13100,13.100000,5,1.5707236,0.12298203,0.44225345,1.1723289,0.0061256239,-0.0043815881,-0.0090130697,0.47139255,-0.1152366,0.029719389,-0.29283078,-0.12961333,0.94733865,0.32597593,-2.7248912,2.3
1,13100,13.100000,6,1.5707236,0.63671318,0.29964922,1.3717888,0.0071869523,-0.01636542,-0.064251909,-0.16897614,-0.25203914,-0.6804294,-0.70120179,0.62926164,-0.33518032,1.9125929,2.4102134,2.3
1,13100,13.100000,7,1.5707236,0.57673718,0.51281525,0.966228,-0.00094747961,-0.013042553,0.0093467752,-0.067063964,-0.45082018,0.35744699,-0.88711993,-0.4426823,-0.13057803,1.7017483,-2.6787368,2.3
1,13100,13.100000,8,1.5707236,0.17843575,1.1144453,0.23975619,0.01480421,0.073147998,-0.0071290451,0.68892084,0.51104255,-0.18994338,-0.88219713,-0.25331672,0.39693685,1.1626192,-2.8619726,2.3
1,13100,13.100000,9,1.5707236,0.17547238,1.4426229,0.54845509,0.00026296365,0.027844553,-0.006126354,0.19494812,0.34947287,0.10626399,-0.43412691,0.76329614,-0.47844835,2.0696832,2.0879231,2.3
1,13100,13.100000,10,1.5707236,0.58305441,0.87362535,0.72524688,-0.014845378,-0.020209019,0.020906873,-0.16075805,0.085204318,-0.14832721,0.86035969,-0.20358218,0.46726384,1.0846029,-0.23235088,2.3
1,13100,13.100000,11,1.5707236,0.5961992,1.359963,0.40959713,-0.0049838226,-0.037588786,0.02282437,-0.04961507,-0.3270907,0.20195523,-0.50308739,-0.8621182,-0.06045895,1.6312922,-2.099031,2.3
1,13100,13.100000,12,1.5707236,0.19735943,0.88684115,0.96410098,0.040345106,0.022771078,0.0021552711,0.46532646,0.29685852,0.25372642,-0.71612411,0.56002013,0.41658578,1.1411099,2.4779145,2.3
1,13100,13.100000,13,1.5707236,0.27455625,1.269749,1.2672795,-0.0036050517,-0.03526677,0.016049788,-0.21350727,-0.55070116,0.21993696,0.46690866,-0.88209722,0.062456395,1.5082993,-1.0839715,2.3
1,13100,13.100000,14,1.5707236,0.35227486,0.79457874,1.4573591,-0.03197977,-0.070433122,0.05380699,-0.32711484,-0.74797792,0.54628095,-0.60629903,0.75852138,0.23884472,1.3296204,2.2451207,2.3
1,13100,13.100000,15,1.5707236,0.70241276,1.452936,1.1355824,0.008331136,0.026195902,0.010493376,0.43794105,0.28569611,0.1774742,0.10861924,0.99408188,0.0017537555,1.5690426,1.4619622,2.3
1,13100,13.100000,16,1.5707236,0.9804296,0.3711525,0.1700855,0.012253214,0.067325846,0.0029579478,0.10823263,0.49412397,-0.01638965,0.14187573,0.69423607,-0.70562565,2.354102,1.3692097,2.3
1,13100,13.100000,17,1.5707236,0.92449458,0.51895489,0.5922706,-0.010005874,-0.060058515,-0.015872284,-0.20702886,-0.5377598,-0.016887232,-0.81685328,-0.40950905,-0.40626722,1.9891616,-2.6768855,2.3
1,13100,13.100000,18,1.5707236,1.3833888,0.21869396,0.41575924,0.043002291,-0.055858189,-0.070549355,0.48757715,-0.4368889,-0.51359238,-0.8683415,0.49430056,-0.040620114,1.6114276,2.6240929,2.3
1,13100,13.100000,19,1.5707236,1.2282415,0.80706651,0.12729988,-0.033492043,0.041128162,-0.00010642623,-0.23027866,0.65749217,0.084035426,-0.61551853,0.74250218,-0.26424883,1.8382213,2.2629592,2.3
1,13100,13.100000,20,1.5707236,1.0577804,0.17718718,0.83143965,-0.0017525104,-0.024125572,-0.031243527,0.089872549,-0.21796999,-0.11395297,-0.98510473,-0.1513593,-0.081602848,1.65249,-2.989137,2.3
1,13100,13.100000,21,1.5707236,0.87694634,0.68442477,1.4154432,0.023202905,0.0066047998,-0.039755059,0.28946791,0.27025286,-0.57357881,0.92519304,0.030633696,-0.37825839,1.9587105,0.033098507,2.3
1,13100,13.100000,22,1.5707236,1.300142,0.22698742,1.2528516,-0.010985404,0.02114388,0.032373549,-0.32154543,0.28407526,0.34692649,0.6104951,-0.14634319,-0.77838256,2.4628816,-0.23527294,2.3
1,13100,13.100000,23,1.5707236,1.3508738,0.61704838,0.91180002,-0.018837233,0.0088960376,0.01485873,-0.47507713,-0.064293442,0.015602207,-0.55331549,-0.66646766,-0.49966271,2.0940057,-2.263695,2.3
1,13100,13.100000,24,1.5707236,0.88723185,0.96964727,0.38473686,-0.030596831,-0.01143079,0.00020246641,-0.22135565,-0.1425552,0.093974716,-0.2533135,0.73155762,-0.63297371,2.2561847,1.9041407,2.3
1,13100,13.100000,25,1.5707236,1.1013228,1.3712806,0.56533194,-0.017014141,0.046187615,-0.0033960013,-0.21833347,0.54202179,0.087167351,-0.32627406,0.93366392,-0.14770554,1.7190443,1.9069861,2.3
1,13100,13.100000,26,1.5707236,1.4647975,0.97540054,0.58403059,0.050229195,-0.0047960035,-0.044922135,0.35158287,-0.14677117,-0.54157056,0.93143436,0.089133867,0.35282459,1.2102082,0.095404757,2.3
1,13100,13.100000,27,1.5707236,1.4034761,1.3635851,0.21029266,-0.035998367,-0.022889669,-0.0064863577,-0.90214536,-0.21637792,-0.49407672,0.063934144,-0.78400386,-0.61745475,2.2362992,-1.4894281,2.3
1,13100,13.100000,28,1.5707236,1.0983151,1.0394088,1.0893183,0.0039939142,-0.0042131952,-0.0046395052,-0.1793417,-0.14618587,0.010575068,0.22414502,-0.31739668,-0.92142192,2.7425205,-0.95592248,2.3
1,13100,13.100000,29,1.5707236,0.93487544,1.2874671,1.5303599,0.018990143,0.028567402,0.0084109642,0.19267271,0.31568153,0.13781338,-0.83142971,0.32169829,-0.45302853,2.0409559,2.7724112,2.3
1,13100,13.100000,30,1.5707236,1.4908815,0.96043468,1.3695684,0.0053143076,-0.055886636,0.043058388,0.10739715,-0.36509484,0.42061004,-0.18600474,0.97145965,0.14720183,1.4230576,1.759976,2.3
1,13100,13.100000,31,1.5707236,1.3737116,1.3930753,1.0344209,-0.02946971,0.069267204,0.026528672,-0.074529456,0.56059964,0.094724131,0.63874657,-0.50127455,-0.58371794,2.1940965,-0.66539036,2.3
2,13150,13.150000,0,1.5740876,0.37948162,0.067143852,0.044695747,0.092230355,0.0059786091,0.0019499536,0.49666568,0.20874746,0.15253504,0.27174669,0.67171244,0.68917062,0.81045251,1.1863668,2.3
2,13150,13.150000,1,1.5740876,0.15093536,0.5920367,0.5150113,-0.051748093,-0.084234287,0.0013699664,-0.56320595,-0.43184374,0.076051399,-0.35109336,0.16103424,0.92238898,0.39657596,2.7115563,2.3
2,13150,13.150000,2,1.5740876,0.40790594,0.25457452,0.54380838,-0.071183555,0.015250374,-0.0058496265,-0.11416333,0.361278,-0.35897543,0.71088446,-0.035142486,-0.70243028,2.3496026,-0.049394666,2.3
2,13150,13.150000,3,1.5740876,0.57154687,0.72344888,0.2759649,-0.020579876,0.084838599,-0.00047031963,-0.44617408,0.044740929,-0.19831788,-0.91371614,-0.19022958,0.35907593,1.2035187,-2.9363315,2.3
2,13150,13.150000,4,1.5740876,0.33385444,0.07510348,1.0178819,0.019788,-0.018446063,0.043477662,-0.28625583,0.091255431,0.31380427,-0.28081684,0.36778422,-0.88649685,2.6605152,2.2229049,2.3
2,13150,13.150000,5,1.5740876,0.15191493,0.43760633,1.1791462,0.034764502,-0.0099699089,-0.0047111529,0.5705724,-0.091196225,0.1256073,0.204394,0.028663926,0.97846894,0.20788828,0.13932993,2.3
2,13150,13.150000,6,1.5740876,0.62925774,0.28738062,1.3422936,-0.0016227163,-0.029261986,-0.096650399,-0.14711795,-0.34075893,-0.58496787,-0.83269691,0.41340954,-0.36838622,1.9480689,2.6807725,2.3
2,13150,13.150000,7,1.5740876,0.57301682,0.49138884,0.97956808,-0.0058977378,-0.035543195,0.020605435,-0.12227722,-0.44214534,0.094268226,-0.98250816,-0.15114822,0.10877465,1.461806,-2.9889502,2.3
2,13150,13.150000,8,1.5740876,0.21850528,1.1358375,0.22690975,0.054449178,0.092133003,-0.020474696,0.75865775,0.31242877,-0.38541163,-0.87126969,-0.15445703,-0.46586709,2.0554106,-2.9661374,2.3
2,13150,13.150000,9,1.5740876,0.18076031,1.4554756,0.55860434,0.0051698393,0.037597198,0.00283868,-0.13452793,0.12724958,0.2084082,-0.3082558,0.80204556,-0.51156748,2.1078044,1.9377276,2.3
2,13150,13.150000,10,1.5740876,0.58344819,0.87603604,0.71385807,-0.015699411,-0.019669951,0.0079786247,0.090818833,0.026680151,-0.26547731,0.71289003,-0.11415184,0.6919228,0.8066474,-0.15877759,2.3
2,13150,13.150000,11,1.5740876,0.5994572,1.3462314,0.41808553,-0.0030048267,-0.054215247,0.030427404,0.13845943,-0.29594872,0.22730401,-0.69146916,-0.72216075,-0.018821529,1.589619,-2.3344867,2.3
2,13150,13.150000,12,1.5740876,0.20969806,0.90375427,0.98517518,0.052248314,0.037768806,0.021144347,0.10602446,0.27637647,0.47056517,-0.74257394,0.55363966,0.37691786,1.1843298,2.5009338,2.3
2,13150,13.150000,13,1.5740876,0.26851133,1.245233,1.2883867,-0.010230895,-0.0624731,0.034423227,0.021226607,-0.53244913,0.45584636,0.50002363,-0.83619531,-0.22528596,1.7980329,-1.0318674,2.3
2,13150,13.150000,14,1.5740876,0.34391632,0.7567938,1.483245,-0.041083033,-0.10987762,0.07654734,0.011360378,-0.77028432,0.39180667,-0.4170754,0.90803606,-0.038969482,1.6097757,2.0013703,2.3
2,13150,13.150000,15,1.5740876,0.73240528,1.4617107,1.1464006,0.03678886,0.031852841,0.018870533,0.70305515,-0.076008878,0.13433425,0.53612807,0.84049088,0.078369485,1.4923464,1.0029921,2.3
2,13150,13.150000,16,1.5740876,0.98939632,0.389477,0.17092507,0.019112804,0.084836713,0.0034327368,0.14614565,0.29790445,-0.093983097,0.039375759,0.53346306,-0.84490633,2.5771864,1.4971183,2.3
2,13150,13.150000,17,1.5740876,0.91329037,0.49873875,0.59507402,-0.023175989,-0.081363305,-0.014338974,-0.30293708,-0.31933264,0.19825387,-0.82725482,-0.56108533,0.028856808,1.5419355,-2.5456138,2.3
2,13150,13.150000,18,1.5740876,1.4047404,0.20289966,0.39252323,0.061371478,-0.072103491,-0.094650021,0.32657813,-0.14514619,-0.552297,-0.93686666,0.3433103,0.066474763,1.5042725,2.7903431,2.3
2,13150,13.150000,19,1.5740876,1.2216753,0.84176301,0.13027225,-0.042678865,0.074060938,0.0025904245,-0.1938608,0.60208033,0.064416707,-0.60391821,0.71908978,-0.34379162,1.921748,2.2693606,2.3
2,13150,13.150000,20,1.5740876,1.0641445,0.16811005,0.83146626,0.002341797,-0.033572077,-0.032995747,0.087531514,-0.22764852,0.025473147,-0.96761371,0.25126057,0.024327736,1.5464662,2.8875334,2.3
2,13150,13.150000,21,1.5740876,0.89353064,0.70357526,1.3864761,0.037893324,0.024270553,-0.07171947,0.26973245,0.36180485,-0.54237354,0.99861226,0.028256263,-0.044442629,1.6152536,0.028287982,2.3
2,13150,13.150000,22,1.5740876,1.2869716,0.24477624,1.275674,-0.026923201,0.038428063,0.052491159,-0.40041102,0.44602565,0.4279559,0.76689452,0.16590622,-0.61995799,2.2394855,0.21305194,2.3
2,13150,13.150000,23,1.5740876,1.3275433,0.61697677,0.91173925,-0.045032904,0.0075043841,0.01284731,-0.64125781,-0.0083514518,-0.060308107,-0.59417336,-0.49646594,-0.63283457,2.256005,-2.4455433,2.3
2,13150,13.150000,24,1.5740876,0.89482574,0.97815299,0.39794012,-0.024909218,-0.0050086394,0.012568505,0.25426605,0.34386789,0.38405946,-0.10216046,0.79091004,-0.60334447,2.2184846,1.6992533,2.3
2,13150,13.150000,25,1.5740876,1.0953613,1.4002796,0.57459057,-0.02532543,0.072221937,0.0046432582,-0.25421683,0.32972359,0.053757203,-0.26865324,0.84660232,-0.45944526,2.0481669,1.8780764,2.3
2,13150,13.150000,26,1.5740876,1.488332,0.97709989,0.56200608,0.070604774,-0.0051852592,-0.068172597,0.4439083,0.0089923744,-0.47251384,0.68896967,0.51301154,0.51199605,1.0332894,0.64004055,2.3
2,13150,13.150000,27,1.5740876,1.3578453,1.3557436,0.18070455,-0.084582987,-0.033640088,-0.036492755,-1.0489134,-0.27144769,-0.70530702,-0.12605394,-0.78637284,-0.60475462,2.2202541,-1.7297421,2.3
2,13150,13.150000,28,1.5740876,1.0915883,1.0371988,1.0890504,-0.0050754748,-0.0086446249,-0.0072376922,-0.18957534,-0.13001594,-0.077547998,0.085195024,0.082491357,-0.9929436,3.0227253,0.76927621,2.3
2,13150,13.150000,29,1.5740876,0.94636626,1.2997551,1.5410184,0.028468599,0.038087902,0.015784042,0.19171705,0.19555166,0.16011013,-0.96000192,-0.033082918,-0.27803207,1.8525411,-3.107145,2.3
2,13150,13.150000,30,1.5740876,1.5014437,0.94434017,1.388967,0.01267555,-0.074018713,0.059506243,0.064892089,-0.33804253,0.24049629,-0.1864118,0.9720403,-0.14278761,1.7140736,1.7602696,2.3
2,13150,13.150000,31,1.5740876,1.3762444,1.4189796,1.040136,-0.029878582,0.092163471,0.03002457,0.019083233,0.42598686,0.048796551,0.95827675,-0.25051276,-0.13765551,1.7088903,-0.25569773,2.3
3,13200,13.200000,0,1.5801938,0.40776462,0.078280414,0.058325898,0.11898947,0.016833694,0.015380722,0.56469017,0.13277149,0.35474067,-0.060756036,0.84951107,0.52406072,1.0191844,1.6421936,2.3
3,13200,13.200000,1,1.5801938,0.11754007,0.57556915,0.51909997,-0.085663235,-0.10296221,0.0034567711,-0.83396609,-0.28487138,0.10859912,0.033990228,0.24085497,0.96996575,0.24570638,1.4305989,2.3
3,13200,13.200000,2,1.5801938,0.41637708,0.27435114,0.52900267,-0.064308073,0.034003143,-0.022732192,0.39356636,0.3002206,-0.22027477,0.86576191,-0.12163005,-0.48545076,2.077675,-0.13957554,2.3
3,13200,13.200000,3,1.5801938,0.55580504,0.72206217,0.27014954,-0.038504143,0.080653593,-0.0073428927,-0.15175526,-0.040310456,-0.051600029,-0.75031638,-0.45453119,0.48002783,1.0701099,-2.5969296,2.3
3,13200,13.200000,4,1.5801938,0.31888064,0.072896191,1.0332698,0.0035505493,-0.020939865,0.054894917,-0.37701148,-0.11946127,0.19491313,-0.11119875,0.49799264,-0.86002219,2.6061095,1.7904863,2.3
3,13200,13.200000,5,1.5801938,0.17385158,0.43769691,1.1920911,0.056070605,-0.011573773,0.0036434222,0.24521338,-0.079814223,0.17209622,0.66687643,0.18078272,0.72290624,0.76279703,0.26472636,2.3
3,13200,13.200000,6,1.5801938,0.62975531,0.27191321,1.3291322,-0.0035623959,-0.045812156,-0.11498334,0.062500951,-0.33502715,-0.085259319,-0.99559479,0.0079071216,-0.093426389,1.6643592,3.1336507,2.3
3,13200,13.200000,7,1.5801938,0.57441554,0.48188493,0.9752328,-0.0067202638,-0.046931253,0.012485954,0.068086897,-0.122242,-0.42873024,-0.92130431,0.30403806,0.24240301,1.3259544,2.8228376,2.3
3,13200,13.200000,8,1.5801938,0.25082755,1.1542465,0.20790857,0.085863009,0.10610884,-0.040317688,0.55575861,0.23263805,-0.36204647,-0.2114984,0.12439952,-0.96942931,2.8936905,2.6099083,2.3
3,13200,13.200000,9,1.5801938,0.17004454,1.4608304,0.56920566,-0.0062250758,0.037306438,0.011256773,-0.23634391,-0.077752405,0.13595268,-0.2781861,0.64339324,-0.71320238,2.3648526,1.9788957,2.3
3,13200,13.200000,10,1.5801938,0.59305866,0.88456473,0.7042999,-0.0083664315,-0.014549483,-0.0043249093,0.080253503,0.12473398,-0.19374537,0.55486574,0.0889401,0.82717209,0.59673976,0.15893919,2.3
3,13200,13.200000,11,1.5801938,0.62154823,1.3446717,0.43720493,0.016722613,-0.060984157,0.047891167,0.42814229,0.059633088,0.45516803,-0.72759968,-0.65431348,0.20608877,1.3632201,-2.4091773,2.3
3,13200,13.200000,12,1.5801938,0.21038906,0.91703756,1.0065411,0.052126096,0.047527381,0.038654675,-0.0196561,0.10346202,0.18136286,-0.8562615,0.48960538,0.1646293,1.4054142,2.6221709,2.3
3,13200,13.200000,13,1.5801938,0.26522971,1.2283737,1.3209104,-0.014545766,-0.084121043,0.061895842,-0.13238189,-0.33184422,0.65307293,0.82811148,-0.4654796,-0.31234616,1.8884581,-0.51208384,2.3
3,13200,13.200000,14,1.5801938,0.34627468,0.7169958,1.5062707,-0.040060768,-0.1525288,0.09378594,-0.060130048,-0.89542206,0.20146302,0.020898814,0.93242839,-0.36074997,1.9398682,1.5483868,2.3
3,13200,13.200000,15,1.5801938,0.76977842,1.4547221,1.1584402,0.071254143,0.019218442,0.02644837,0.70264696,-0.28464757,0.11870401,0.78470873,0.53396914,0.31481608,1.2505334,0.59749658,2.3
3,13200,13.200000,16,1.5801938,1.0044259,0.40296858,0.164096,0.030282751,0.096794302,-0.0040449119,0.30553361,0.14307765,-0.25009658,-0.10054112,0.47655191,-0.87337836,2.6328926,1.7787233,2.3
3,13200,13.200000,17,1.5801938,0.89729089,0.4999015,0.60922795,-0.042680533,-0.08213377,-0.0025163329,-0.42495363,0.19755996,0.30127298,-0.78738396,-0.53857176,0.29994492,1.2661614,-2.5416849,2.3
3,13200,13.200000,18,1.5801938,1.4298558,0.20053019,0.36883036,0.080999651,-0.075253945,-0.11981684,0.34732884,-0.022955946,-0.56126198,-0.99444686,0.09873514,0.0364256,1.5343627,3.0426305,2.3
3,13200,13.200000,19,1.5801938,1.2205473,0.87276661,0.1326694,-0.048534702,0.1017456,0.0044785667,-0.21417795,0.56442868,0.087909912,-0.52539025,0.76313329,-0.37628801,1.9565829,2.1737384,2.3
3,13200,13.200000,20,1.5801938,1.0740718,0.16287114,0.84387749,0.0081298285,-0.039451735,-0.023827671,0.13799031,-0.078611196,0.35251378,-0.89178665,0.3280554,0.31160267,1.2539171,2.7890936,2.3
3,13200,13.200000,21,1.5801938,0.90755166,0.71803171,1.3635702,0.048427788,0.035975055,-0.099949074,0.06123041,0.063979037,-0.48585564,0.97852451,0.043093632,0.20157559,1.3678301,0.044010961,2.3
3,13200,13.200000,22,1.5801938,1.2704967,0.26378524,1.3000966,-0.048349041,0.056452646,0.071927608,-0.43106861,0.36761996,0.26858074,0.81071681,0.44570778,-0.37958243,1.9601412,0.50266661,2.3
3,13200,13.200000,23,1.5801938,1.3063005,0.61574196,0.91647166,-0.071374484,0.0038832164,0.014040611,-0.47954557,-0.075149416,-0.061435828,-0.594596,-0.21859921,-0.77373767,2.4555164,-2.7892873,2.3
3,13200,13.200000,24,1.5801938,0.9144397,1.0034133,0.42194852,-0.0087976325,0.016415791,0.034989818,0.4370953,0.401951,0.55756328,-0.25590465,0.7231956,-0.64148339,2.2672267,1.9108992,2.3
3,13200,13.200000,25,1.5801938,1.0872571,1.4184349,0.57611736,-0.0376549,0.084920721,0.0039424686,-0.27537426,0.13014096,-0.10017369,-0.16542805,0.61168318,-0.77361311,2.4553198,1.834925,2.3
3,13200,13.200000,26,1.5801938,1.5147188,0.98620663,0.54106392,0.091178249,0.00012086662,-0.091250205,0.31015188,0.15691428,-0.38702745,0.28019375,0.78011495,0.55938549,0.97715206,1.2259759,2.3
3,13200,13.200000,27,1.5801938,1.3238425,1.3443802,0.15114926,-0.12377727,-0.050230524,-0.066690579,-0.20389727,-0.38584955,-0.40896283,-0.22621797,-0.77159845,-0.59452608,2.2074724,-1.8559854,2.3
3,13200,13.200000,28,1.5801938,1.0865303,1.0328862,1.0840354,-0.014349994,-0.01696452,-0.016459394,-0.12270931,-0.13638912,-0.30328518,-0.093563086,0.52546323,-0.84565616,2.5785897,1.7470079,2.3
3,13200,13.200000,29,1.5801938,0.94079586,1.3119051,1.5517329,0.019244922,0.045182139,0.02051148,-0.68689486,0.13372081,-0.10185881,-0.92350088,-0.38359192,-0.0018309128,1.5726272,-2.7479093,2.3
3,13200,13.200000,30,1.5801938,1.5038669,0.93279037,1.3989819,0.0092809583,-0.08920239,0.064124169,-0.065715392,-0.29661422,-0.072686742,-0.24372789,0.90995535,-0.33552641,1.9129603,1.8324994,2.3
3,13200,13.200000,31,1.5801938,1.3824807,1.4429571,1.044406,-0.028982778,0.11060082,0.030259289,0.099553654,0.40611503,-0.044670936,0.98005476,0.10665453,0.16768266,1.4023177,0.1083985,2.3
4,13250,13.250000,0,1.5856091,0.43359472,0.07917499,0.081608097,0.14338044,0.017458933,0.038423621,0.32556742,-0.13660206,0.68006795,-0.50367452,0.81626775,0.28287618,1.2840049,2.1236552,2.3
4,13250,13.250000,1,1.5856091,0.068600036,0.56681859,0.52865476,-0.13492182,-0.11366693,0.011219322,-1.0338624,-0.22846795,0.20210565,0.44410595,0.17212826,0.8792848,0.49643779,0.36975712,2.3
4,13250,13.250000,2,1.5856091,0.44284491,0.2864223,0.52523627,-0.039309926,0.045115094,-0.028301954,0.49240059,0.22344815,-0.12822831,0.89088875,0.045800008,-0.45190661,2.0396978,0.051364127,2.3
4,13250,13.250000,3,1.5856091,0.55702966,0.7280169,0.27888422,-0.039183111,0.084127877,0.00045264719,0.085078495,0.095107752,0.33196451,-0.51769856,-0.57951039,0.62940917,0.89000367,-2.2999185,2.3
4,13250,13.250000,4,1.5856091,0.30352295,0.060814392,1.0453483,-0.012871848,-0.033250422,0.063417862,-0.30673468,-0.30386087,0.19942268,0.18280954,0.52106929,-0.83370707,2.5565836,1.2333775,2.3
4,13250,13.250000,5,1.5856091,0.17428503,0.43577852,1.2041991,0.055908543,-0.014986313,0.011652451,-0.24236006,0.034630508,0.064795634,0.86502212,0.39565137,0.30853967,1.2571389,0.42898138,2.3
4,13250,13.250000,6,1.5856091,0.64058024,0.25674087,1.3273989,0.0050895671,-0.061888849,-0.1212608,0.21729823,-0.26712042,-0.22255067,-0.87796819,-0.40687495,0.25223924,1.3158027,-2.7076284,2.3
4,13250,13.250000,7,1.5856091,0.57628291,0.47900844,0.9518158,-0.006821243,-0.05145143,-0.014227482,-0.09313172,-0.1261591,-0.58349171,-0.51610097,0.78008832,0.35369762,1.209275,2.1552782,2.3
4,13250,13.250000,8,1.5856091,0.27522648,1.1704044,0.19692172,0.10936216,0.11829036,-0.051997067,0.44645922,0.18408241,-0.077024272,0.5585978,0.37077109,-0.74195505,2.406778,0.58598289,2.3
4,13250,13.250000,9,1.5856091,0.15725499,1.4612897,0.57876735,-0.019574536,0.032767229,0.018854796,-0.14428019,-0.21119258,0.14841621,-0.31208692,0.3391731,-0.88744767,2.662574,2.314628,2.3
4,13250,13.250000,10,1.5856091,0.59540041,0.89198637,0.7040006,-0.0080576262,-0.010166741,-0.0070332124,-0.029064251,0.10472203,0.049775759,0.52758523,0.1198465,0.84100573,0.57165685,0.22336984,2.3
4,13250,13.250000,11,1.5856091,0.63604835,1.3549938,0.46316123,0.029071561,-0.055279951,0.072307396,0.10546717,0.21304142,0.56776888,-0.6604388,-0.51815813,0.54344526,0.99626043,-2.4763335,2.3
4,13250,13.250000,12,1.5856091,0.20829048,0.92317668,1.0105803,0.04931133,0.050518694,0.039243462,-0.045130222,0.030881267,-0.084469214,-0.88922541,0.42336607,-0.17331862,1.7449946,2.6972418,2.3
4,13250,13.250000,13,1.5856091,0.25950587,1.2259776,1.3542036,-0.021167227,-0.09071542,0.090613119,-0.088069297,0.041416911,0.37214346,0.98849768,0.09324498,-0.11907019,1.6901497,0.094051691,2.3
4,13250,13.250000,14,1.5856091,0.34313812,0.67194694,1.5153574,-0.044376631,-0.19995367,0.097703862,-0.051176415,-0.97314247,0.015392305,0.49406187,0.77517225,-0.39371418,1.975465,1.00336,2.3
4,13250,13.250000,15,1.5856091,0.80538904,1.4531622,1.1618917,0.10417043,0.012684361,0.025930791,0.49740875,0.080905241,-0.29832906,0.8564957,0.10541859,0.50527422,1.0410966,0.12246535,2.3
4,13250,13.250000,16,1.5856091,1.026401,0.40742606,0.15298042,0.048783998,0.099865548,-0.015702904,0.43669967,0.092319755,-0.232954,-0.36932236,0.52028959,-0.76999983,2.4496372,2.1880958,2.3
4,13250,13.250000,17,1.5856091,0.88449494,0.51021056,0.61954672,-0.058524398,-0.073552551,0.0057005575,-0.12903625,0.17669632,0.083330311,-0.81585148,-0.44490845,0.36938169,1.1924528,-2.6423418,2.3
4,13250,13.250000,18,1.5856091,1.4525214,0.19922794,0.3395928,0.098734792,-0.077240011,-0.1502663,0.33002422,-0.12092666,-0.66941878,-0.99010986,-0.13636024,0.032990059,1.5378003,-3.0047313,2.3
4,13250,13.250000,19,1.5856091,1.2119808,0.89467797,0.14238567,-0.061262212,0.12063367,0.013724369,-0.32708938,0.12800826,0.2574046,-0.43016721,0.80981505,-0.39894329,1.9811605,2.059085,2.3
4,13250,13.250000,20,1.5856091,1.0918464,0.16595223,0.87242226,0.022199529,-0.036933116,0.0017813267,0.33005685,0.16568617,0.64911766,-0.75981162,0.062968966,0.64708671,0.86703924,3.0589072,2.3
4,13250,13.250000,21,1.5856091,0.91772912,0.71776698,1.3391728,0.055482993,0.03325428,-0.1289698,0.14788523,-0.097016142,-0.47493371,0.87584968,0.0095276625,0.48248996,1.0673011,0.010877765,2.3
4,13250,13.250000,22,1.5856091,1.2502645,0.28202478,1.3147752,-0.07289326,0.073758586,0.082133351,-0.57191576,0.3483362,0.26191336,0.86057496,0.47323289,-0.18831188,1.7602393,0.50276886,2.3
4,13250,13.250000,23,1.5856091,1.2885654,0.6135798,0.9186324,-0.093548386,-0.00038179106,0.013062269,-0.37701614,-0.07699221,-0.0038272315,-0.68284836,0.044081408,-0.72922901,2.3879909,3.0771269,2.3
4,13250,13.250000,24,1.5856091,0.93849555,1.0283912,0.45424401,0.012088706,0.037918232,0.065786613,0.38970061,0.35100022,0.64673737,-0.54524023,0.48888365,-0.68095952,2.3198684,2.4106376,2.3
4,13250,13.250000,25,1.5856091,1.0792655,1.4277368,0.57001612,-0.049352496,0.089354034,-0.0041193438,-0.21356525,0.065262592,-0.21163361,-0.11852723,0.30868203,-0.9437514,2.8045942,1.9374151,2.3
4,13250,13.250000,26,1.5856091,1.5396621,1.0080758,0.52234925,0.11089688,0.018578706,-0.11178398,0.4137531,0.49632155,-0.43595947,0.0075071895,0.85900707,0.51190868,1.0333911,1.5620572,2.3
4,13250,13.250000,27,1.5856091,1.3388818,1.3344724,0.14230345,-0.11329273,-0.064720822,-0.076038382,0.39983316,-0.24330506,-0.07882626,0.10852898,-0.84946971,-0.51635518,2.1133857,-1.4437239,2.3
4,13250,13.250000,28,1.5856091,1.0818836,1.0336722,1.0648043,-0.022705977,-0.019713563,-0.039366306,-0.14725603,0.06452416,-0.6494922,-0.33614473,0.77277219,-0.53835849,2.1392843,1.9810943,2.3
4,13250,13.250000,29,1.5856091,0.89136375,1.3191256,1.5551876,-0.033321379,0.047902063,0.018651508,-1.1058187,-0.058019491,0.22436712,-0.53588319,-0.70210139,0.46891667,1.0827325,-2.2227275,2.3
4,13250,13.250000,30,1.5856091,1.5090877,0.91554857,1.3923914,0.0093479219,-0.10960597,0.052758757,0.078355008,-0.44489911,-0.27263744,-0.31020347,0.82340834,-0.47515525,2.0659368,1.9310837,2.3
4,13250,13.250000,31,1.5856091,1.3940244,1.4686765,1.0434899,-0.022188456,0.13133969,0.025771694,0.14664667,0.41976282,-0.15016377,0.77096197,0.52786204,0.35634155,1.2064468,0.60036973,2.3
5,13300,13.300000,0,1.5852504,0.44464187,0.068314919,0.12424483,0.15452696,0.0066155505,0.081083647,0.21593956,-0.29946107,0.82815396,-0.86666641,0.49874613,-0.011901046,1.5826977,2.6194004,2.3
5,13300,13.300000,1,1.5852504,0.022759274,0.55433805,0.54012361,-0.18075225,-0.12602061,0.022809104,-0.92040203,-0.28094241,0.21731062,0.70919312,0.1012497,0.69770597,0.79860608,0.14180916,2.3
5,13300,13.300000,2,1.5852504,0.45991789,0.29330043,0.51834777,-0.022134805,0.05205882,-0.035072375,0.23797406,0.095787499,-0.14342097,0.87454135,0.19538111,-0.44385092,2.0306879,0.21980036,2.3
5,13300,13.300000,3,1.5852504,0.56741904,0.73822698,0.29583238,-0.028666501,0.09450385,0.017465842,0.32051106,0.2818887,0.32003482,-0.45053607,-0.66097784,0.60010461,0.92716445,-2.1690803,2.3
5,13300,13.300000,4,1.5852504,0.29038482,0.042473196,1.0567367,-0.025942787,-0.051579931,0.075044071,-0.17659338,-0.33671008,0.28917265,0.39073675,0.35326095,-0.85001853,2.5868168,0.73506985,2.3
5,13300,13.300000,5,1.5852504,0.15536098,0.43192806,1.1954352,0.037021788,-0.018738599,0.0031600221,-0.41871997,-0.12905695,-0.20759551,0.85332749,0.42074197,-0.3079097,1.8837915,0.45808052,2.3
5,13300,13.300000,6,1.5852504,0.65756016,0.25098228,1.3196149,0.022216361,-0.067589985,-0.12874538,0.39654656,-0.016505576,-0.093323817,-0.65245179,-0.69628205,0.29916209,1.2669819,-2.3237086,2.3
5,13300,13.300000,7,1.5852504,0.57421854,0.47266285,0.92609969,-0.0087554377,-0.057689336,-0.03973111,-0.025428554,-0.22949417,-0.38990098,0.30852666,0.91880535,0.24618698,1.3220521,1.2468354,2.3
5,13300,13.300000,8,1.5852504,0.2996584,1.1778022,0.19934974,0.13385912,0.12595378,-0.049524204,0.62489284,0.14678684,0.10252991,0.96133437,0.21087266,0.17711283,1.3927442,0.21593416,2.3
5,13300,13.300000,9,1.5852504,0.15051358,1.451792,0.57889407,-0.02628112,0.023599178,0.019112501,-0.16615066,-0.12305159,-0.18759987,-0.33408092,-0.012479048,-0.94246178,2.8007155,-3.1042566,2.3
5,13300,13.300000,10,1.5852504,0.59554306,0.90449053,0.71365662,-0.0077802326,0.0025406811,0.0027832069,0.0072321425,0.3829473,0.30544009,0.60535922,0.1538725,0.78093756,0.67463088,0.24891245,2.3
5,13300,13.300000,11,1.5852504,0.62753574,1.3685021,0.48655651,0.020701926,-0.04146351,0.095810132,-0.41282547,0.25606625,0.42319994,-0.44967547,-0.38941576,0.80383291,0.63708545,-2.4278869,2.3
5,13300,13.300000,12,1.5852504,0.20452075,0.91899824,1.0015642,0.045588309,0.046548687,0.030455078,-0.080525065,-0.1431482,-0.26488206,-0.774807,0.36647305,-0.51514232,2.11197,2.6997886,2.3
5,13300,13.300000,13,1.5852504,0.25508964,1.234052,1.3636729,-0.025525236,-0.082362678,0.10039003,-0.081002753,0.26003984,0.21131584,0.82417105,0.56562226,0.028522611,1.5422698,0.60146681,2.3
5,13300,13.300000,14,1.5852504,0.34555614,0.6293264,1.5250116,-0.041880687,-0.24242698,0.10770208,0.079998318,-0.8412429,0.30977922,0.60155421,0.58346931,-0.54561533,2.1479195,0.77013813,2.3
5,13300,13.300000,15,1.5852504,0.82574003,1.4564229,1.1314319,0.12470598,0.016274302,-0.0042695778,0.37966888,0.15314249,-0.7310194,0.88848546,-0.037727242,0.45735133,1.0957818,-0.042436926,2.3
5,13300,13.300000,16,1.5852504,1.0447338,0.41364838,0.13543204,0.067351131,0.10618077,-0.033218648,0.29801705,0.18494746,-0.3603397,-0.61020301,0.48681451,-0.62503114,2.2459677,2.4682001,2.3
5,13300,13.300000,17,1.5852504,0.881892,0.51794927,0.62274026,-0.060927479,-0.065697507,0.0090346573,0.14483392,0.16066329,-0.04791138,-0.83048408,-0.44462601,0.33556506,1.2285913,-2.6500419,2.3
5,13300,13.300000,18,1.5852504,1.4692746,0.18989876,0.300928,0.11581856,-0.086525171,-0.18885862,0.2827066,-0.31665964,-0.88142094,-0.96242438,-0.13681445,0.23456579,1.3340244,-3.0003827,2.3
5,13300,13.300000,19,1.5852504,1.1930032,0.89315596,0.14754719,-0.07996769,0.11931395,0.018918689,-0.44218108,-0.1185133,0.14385556,-0.3374788,0.81196004,-0.47626563,2.0671992,1.9647078,2.3
5,13300,13.300000,20,1.5852504,1.1076076,0.18080384,0.90453163,0.038209589,-0.022042267,0.034091751,0.2201569,0.48564484,0.55024309,-0.36799692,-0.28378853,0.88546165,0.48330984,-2.4846793,2.3
5,13300,13.300000,21,1.5852504,0.92389415,0.71318192,1.3187734,0.061856396,0.028831124,-0.14906848,0.082901215,-0.080153179,-0.41737033,0.74452186,-0.093241236,0.66105467,0.84857284,-0.12458775,2.3
5,13300,13.300000,22,1.5852504,1.2251376,0.297643,1.3252256,-0.09774012,0.08944239,0.092882371,-0.40214432,0.35093132,0.20146225,0.87915379,0.47367674,-0.052143592,1.6229636,0.49419373,2.3
5,13300,13.300000,23,1.5852504,1.2714819,0.60767412,0.91889352,-0.11034217,-0.0061492944,0.013531294,-0.33784477,-0.12420472,0.034481136,-0.70122206,0.2883629,-0.65202336,2.2810463,2.7514437,2.3
5,13300,13.300000,24,1.5852504,0.95710701,1.0340808,0.4883886,0.030914641,0.043841149,0.10003785,0.41437024,-0.25679333,0.7302361,-0.79845737,0.089987715,-0.5952882,2.2084206,3.0293643,2.3
5,13300,13.300000,25,1.5852504,1.0749722,1.4340513,0.55957757,-0.0534021,0.095992297,-0.014430083,-0.011908128,0.2034605,-0.20602452,-0.054589455,0.077384028,-0.99550575,3.0467494,2.1851611,2.3
5,13300,13.300000,26,1.5852504,1.5610441,1.0333356,0.50122708,0.13262964,0.044069458,-0.13279034,0.4034222,0.54208253,-0.37721746,-0.26758105,0.79685979,0.54167782,0.99836448,1.8947602,2.3
5,13300,13.300000,27,1.5852504,1.3568425,1.3295724,0.14035737,-0.095026956,-0.069319308,-0.077952482,0.42056178,0.00018648949,0.067169827,0.57595332,-0.67944717,-0.45456497,2.0426801,-0.86765107,2.3
5,13300,13.300000,28,1.5852504,1.0721326,1.0391553,1.0267091,-0.032213274,-0.013995948,-0.077224893,-0.23124923,0.10677364,-0.7321017,-0.53729144,0.80003756,-0.26694157,1.8410144,2.1621947,2.3
5,13300,13.300000,29,1.5852504,0.84094567,1.3138698,1.5792313,-0.083543457,0.042944259,0.0430499,-0.95233323,-0.069987281,0.69515604,-0.35328362,-0.81679948,0.45610228,1.0971859,-1.9790208,2.3
5,13300,13.300000,30,1.5852504,1.5079692,0.88767265,1.38255,0.0085707926,-0.13727785,0.04323132,-0.12805582,-0.57778913,-0.19059816,-0.39265896,0.7135903,-0.58017913,2.1897449,2.0738378,2.3
5,13300,13.300000,31,1.5852504,1.4027632,1.4874434,1.0378266,-0.013133165,0.15044114,0.020343821,0.18118289,0.33469913,-0.051504718,0.37335082,0.85766728,0.35357601,1.209405,1.1602258,2.3
6,13350,13.350000,0,1.5936738,0.45425649,0.048569168,0.16382033,0.16175976,-0.013440057,0.11989611,0.0066771862,-0.3660153,0.63004887,-0.95972709,0.15382937,-0.23507538,1.8080925,2.98266,2.3
6,13350,13.350000,1,1.5936738,1.5707634,0.54490805,0.55732152,-0.22642188,-0.13836346,0.037099135,-0.91383677,-0.35777149,0.30992053,0.96628161,0.077640086,0.2455033,1.3227575,0.08017709,2.3
6,13350,13.350000,2,1.5936738,0.46908174,0.29881578,0.5081642,-0.015432547,0.056005222,-0.047976064,0.0047257532,0.11872869,-0.32285096,0.89445789,0.19074933,-0.40442525,1.9871466,0.21010949,2.3
6,13350,13.350000,3,1.5936738,0.59052854,0.75851755,0.30664719,-0.0086251595,0.11082851,0.026684284,0.45725094,0.41844825,0.17565093,-0.45566434,-0.7938588,0.40268874,1.1563439,-2.0918687,2.3
6,13350,13.350000,4,1.5936738,0.28202803,0.024762118,1.0749754,-0.035816405,-0.069469293,0.087634365,-0.16811732,-0.30251777,0.24655661,0.33451473,0.21398533,-0.91777458,2.7332358,0.5690924,2.3
6,13350,13.350000,5,1.5936738,0.13265878,0.42873012,1.1925426,0.013556236,-0.02421712,-0.0060602627,-0.63393721,0.084730829,-0.18371554,0.3815004,0.34162779,-0.85892252,2.6039583,0.73031489,2.3
6,13350,13.350000,6,1.5936738,0.68115952,0.25731745,1.324254,0.042268564,-0.062601665,-0.13111187,0.37899427,0.12010166,-0.020156569,-0.34606075,-0.87846778,0.32944851,1.2350769,-1.9460649,2.3
6,13350,13.350000,7,1.5936738,0.56919649,0.46720914,0.92436742,-0.01680734,-0.065633549,-0.046366739,-0.16985953,-0.1906432,0.13580247,0.93286089,0.34564098,0.10150305,1.4691182,0.35483474,2.3
6,13350,13.350000,8,1.5936738,0.33009776,1.1917539,0.21243877,0.16262998,0.13362676,-0.037526233,0.42064499,0.15312104,0.35736411,0.58212683,-0.43589196,0.6863866,0.81428768,-0.64272759,2.3
6,13350,13.350000,9,1.5936738,0.15421697,1.4549734,0.57282808,-0.023385177,0.019078274,0.0099946512,0.29873316,0.093492124,-0.16842975,-0.26935096,-0.30810131,-0.91242734,2.7199731,-2.2891892,2.3
6,13350,13.350000,10,1.5936738,0.59066986,0.93091924,0.74037779,-0.015796681,0.024106129,0.025651681,-0.29038555,0.3393959,0.55687421,0.64772112,0.16210829,0.74443149,0.73111333,0.24523731,2.3
6,13350,13.350000,11,1.5936738,0.60882547,1.389295,0.51895329,-0.0012845727,-0.027978106,0.12554276,-0.3142249,0.18352817,0.77568091,-0.059189142,-0.13664002,0.98885092,0.14946475,-1.9795715,2.3
6,13350,13.350000,12,1.5936738,0.20165992,0.91118416,0.99295661,0.041651165,0.033884954,0.016562327,-0.13758765,-0.30724892,-0.27824906,-0.65678881,0.37066619,-0.65668488,2.2872109,2.6277904,2.3
6,13350,13.350000,13,1.5936738,0.25270476,1.258539,1.37519,-0.029255676,-0.064480439,0.10464976,-0.11829753,0.39713895,-0.064762333,0.48640188,0.86109095,0.14810668,1.4221428,1.0566106,2.3
6,13350,13.350000,14,1.5936738,0.35113691,0.59080445,1.5486149,-0.038145971,-0.28418229,0.12316114,0.13313231,-0.77612089,0.41253325,0.53969906,0.4096159,-0.73548606,2.3971801,0.64921783,2.3
6,13350,13.350000,15,1.5936738,0.85277536,1.4715976,1.1025613,0.14729378,0.023690475,-0.039059921,0.52060976,0.17128859,-0.63475702,0.90522796,-0.0026489638,0.42491801,1.131925,-0.0029262863,2.3
6,13350,13.350000,16,1.5936738,1.0610343,0.42128006,0.12718723,0.078071921,0.11160012,-0.042159404,0.21768485,0.085748393,-0.052908845,-0.75525301,0.45737432,-0.4694695,2.0594862,2.5970724,2.3
6,13350,13.350000,17,1.5936738,0.90784405,0.53086111,0.61010341,-0.03971767,-0.055564706,-0.0068690601,0.52059463,0.19130941,-0.43754595,-0.69136687,-0.67744161,0.25116671,1.3169109,-2.3663674,2.3
6,13350,13.350000,18,1.5936738,1.4962577,0.16647279,0.25891412,0.13494385,-0.11089561,-0.23235627,0.41518374,-0.61946385,-0.89112474,-0.85786965,0.11371777,0.50112666,1.0458961,3.0098027,2.3
6,13350,13.350000,19,1.5936738,1.1809827,0.89570297,0.15288847,-0.098278866,0.11712087,0.023463916,-0.33034319,-0.011289048,-0.020421218,-0.14241872,0.72652925,-0.67221437,2.307992,1.764368,2.3
6,13350,13.350000,20,1.5936738,1.1195468,0.20264276,0.92610895,0.044247372,-0.0012192527,0.050818407,0.026485162,0.45718663,0.10717052,0.15601741,-0.52175607,0.83870684,0.57589204,-1.2802355,2.3
6,13350,13.350000,21,1.5936738,0.93032102,0.71613176,1.30114,0.063370036,0.027993607,-0.17364421,0.14809723,0.046285875,-0.46450444,0.73717556,-0.10955211,0.66676123,0.8409418,-0.14753085,2.3
6,13350,13.350000,22,1.5936738,1.2065382,0.32115407,1.3450927,-0.12278301,0.11131395,0.10567382,-0.55532876,0.42430254,0.3265328,0.8850005,0.46515765,0.020061697,1.5507333,0.48391848,2.3
6,13350,13.350000,23,1.5936738,1.2660855,0.60491197,0.92221151,-0.12246264,-0.012124559,0.011970769,-0.15187015,-0.069360436,-0.17243707,-0.55210786,0.42854323,-0.71521158,2.3677231,2.4815366,2.3
6,13350,13.350000,24,1.5936738,0.98378216,1.021065,0.52306815,0.052447034,0.025379559,0.1320375,0.39292848,-0.3999353,0.61575134,-0.81792501,-0.32534257,-0.47450068,2.065193,-2.7630138,2.3
6,13350,13.350000,25,1.5936738,1.0838032,1.459653,0.55414913,-0.050291254,0.11392647,-0.022809702,0.13790615,0.53636548,-0.11043518,0.092895943,0.013995464,-0.99557746,3.0475096,0.14953284,2.3
6,13350,13.350000,26,1.5936738,1.582418,1.0549424,0.48628129,0.14567421,0.060142982,-0.15035293,0.14478608,0.064864832,-0.30403797,-0.6678463,0.59141294,0.45189827,1.1019042,2.4168172,2.3
6,13350,13.350000,27,1.5936738,1.3898126,1.3404461,0.14472926,-0.069334741,-0.065520584,-0.074335982,0.5592139,-0.0017304142,0.15886869,0.93848022,-0.24941621,-0.23884395,1.8119715,-0.25976141,2.3
6,13350,13.350000,28,1.5936738,1.0644368,1.0509887,0.98820628,-0.045570551,-0.0077008998,-0.12106707,-0.14399081,0.15783946,-1.0218949,-0.65368951,0.75283124,-0.077039899,1.6479126,2.2858237,2.3
6,13350,13.350000,29,1.5936738,0.79541912,1.31813,0.029416204,-0.13340634,0.040230234,0.07842343,-0.96379762,-0.093322514,0.69199474,-0.33695287,-0.8473743,0.41038952,1.1479152,-1.9492696,2.3
6,13350,13.350000,30,1.5936738,1.512944,0.86287226,1.3764978,0.005540854,-0.16671699,0.029868154,-0.15417256,-0.53470039,-0.42001607,-0.46393682,0.59397175,-0.65723678,2.2879429,2.233891,2.3
6,13350,13.350000,31,1.5936738,1.4227229,1.5070036,1.0452499,-0.00066029035,0.16206677,0.022247441,0.39002135,0.057978112,0.039061142,0.0080095233,0.96319387,0.26868832,1.2987653,1.5624809,2.3
7,13400,13.400000,0,1.6061001,0.45464914,0.033108799,0.1858629,0.15862262,-0.029217862,0.140581,-0.20719663,-0.14343522,0.22560501,-0.92313764,-0.26793349,-0.27573272,1.8501482,-2.8591118,2.3
7,13400,13.400000,1,1.6061001,1.5405379,0.53873965,0.57550657,-0.26873075,-0.14874036,0.050885055,-0.82981616,-0.18013693,0.10120727,0.9662336,-0.0048263559,-0.25762247,1.8313571,-0.0049949782,2.3
7,13400,13.400000,2,1.6061001,0.47906929,0.31187426,0.50473472,-0.0091270376,0.066692247,-0.055339242,0.19111175,0.28237124,0.082948447,0.93984919,0.013804584,-0.34131061,1.9191072,0.014687028,2.3
7,13400,13.400000,3,1.6061001,0.61427946,0.78538463,0.31516458,0.010447181,0.13170016,0.03278696,0.37943961,0.42342322,0.080455403,-0.49056292,-0.85122248,0.18646262,1.3832359,-2.09361,2.3
7,13400,13.400000,4,1.6061001,0.27879203,0.013386238,1.091005,-0.041230428,-0.080993496,0.095252432,-0.11760962,-0.086927663,0.1319822,0.28845979,-0.0050162192,-0.95747887,2.8489292,-0.017387913,2.3
7,13400,13.400000,5,1.6061001,0.096854647,0.4386494,1.1943208,-0.023139767,-0.017666215,-0.013551474,-0.72063353,0.15842625,-0.20228203,-0.35497073,0.23542082,-0.90475014,2.7015891,2.5559856,2.3
7,13400,13.400000,6,1.6061001,0.70272764,0.26721109,1.3369928,0.058462604,-0.054744907,-0.12870803,0.42708121,0.11031448,0.10868474,-0.13449321,-0.92958087,0.34320691,1.2204673,-1.7144808,2.3
7,13400,13.400000,7,1.6061001,0.56162317,0.46059017,0.94335995,-0.028772376,-0.075855786,-0.034627357,-0.33544326,-0.20252129,0.2468667,0.89377827,-0.44159059,0.078473914,1.4922416,-0.45889377,2.3
7,13400,13.400000,8,1.6061001,0.34939621,1.205439,0.22921846,0.17928986,0.13800244,-0.022461499,0.25884198,-0.20436184,0.26658842,-0.078901055,-0.90768708,0.41216354,1.1459689,-1.6575038,2.3
7,13400,13.400000,9,1.6061001,0.17170838,1.4749796,0.57180758,-0.0071592554,0.027706114,0.0045288753,0.29142932,0.28751352,-0.0081334018,-0.19281998,-0.26535515,-0.94467301,2.8073926,-2.1991844,2.3
7,13400,13.400000,10,1.6061001,0.5817668,0.95750374,0.77072222,-0.029253096,0.043357231,0.050128125,-0.39378017,0.36297898,0.44735158,0.43916515,0.25509163,0.86143034,0.53271702,0.52622394,2.3
7,13400,13.400000,11,1.6061001,0.60217218,1.4051072,0.57315977,-0.012640951,-0.023017896,0.17550876,-0.16726396,0.04930115,1.1611355,0.35571918,0.29386429,0.88719087,0.47957549,0.69046202,2.3
7,13400,13.400000,12,1.6061001,0.19099688,0.89996583,0.98797729,0.029463053,0.015632745,0.0038898573,-0.24683221,-0.38709409,-0.23263857,-0.62676654,0.36679673,-0.68747644,2.3288047,2.6121112,2.3
7,13400,13.400000,13,1.6061001,0.24563388,1.2869806,1.3832309,-0.038261994,-0.045924026,0.10197832,-0.23760748,0.25092768,0.014437899,0.080808518,0.93671508,0.34063889,1.2232,1.4847414,2.3
7,13400,13.400000,14,1.6061001,0.36033205,0.55784594,1.581577,-0.031713717,-0.32160215,0.14396738,0.15856831,-0.63431533,0.30794996,0.23697236,0.31078961,-0.92046397,2.7400623,0.91935269,2.3
7,13400,13.400000,15,1.6061001,0.87982822,1.4927689,1.0856951,0.16761838,0.033349787,-0.064424628,0.31684238,0.2094371,-0.43409489,0.870271,-0.04348741,0.49064981,1.057961,-0.049928434,2.3
7,13400,13.400000,16,1.6061001,1.0749117,0.42301796,0.13199789,0.083654456,0.11005917,-0.038355234,0.026857421,0.013787346,0.23813474,-0.84120957,0.52040672,-0.14677638,1.7181049,2.5875792,2.3
7,13400,13.400000,17,1.6061001,0.94379848,0.53956789,0.59253779,-0.010953662,-0.051014868,-0.02910547,0.59453271,0.048914175,-0.51105903,-0.33495837,-0.93839771,0.084927159,1.4857667,-1.9136467,2.3
7,13400,13.400000,18,1.6061001,1.5295511,0.14272406,0.22182014,0.15648675,-0.13584548,-0.27131777,0.4887938,-0.31023443,-0.70359877,-0.60140086,0.54282757,0.58622114,0.94440979,2.4073401,2.3
7,13400,13.400000,19,1.6061001,1.1760791,0.90018398,0.14465027,-0.1123363,0.11462752,0.014070087,-0.33286912,-0.045684212,-0.35504031,0.054420475,0.64091798,-0.76567784,2.4428908,1.4860893,2.3
7,13400,13.400000,20,1.6061001,1.117985,0.23176227,0.92684562,0.033995988,0.026213658,0.044359031,-0.35822274,0.51034168,-0.23146919,0.66735873,-0.52807419,0.52513805,1.017919,-0.66940726,2.3
7,13400,13.400000,21,1.6061001,0.94334804,0.72539788,1.286607,0.069120747,0.031661595,-0.19822714,0.045744972,0.13004375,-0.41337147,0.71630137,-0.30705651,0.62660087,0.89361235,-0.40497458,2.3
7,13400,13.400000,22,1.6061001,1.1949042,0.33953548,1.3644378,-0.14374339,0.12712981,0.11449667,-0.19922972,0.13707732,-0.0888926,0.83839508,0.53824789,0.085923834,1.4847664,0.57072926,2.3
7,13400,13.400000,23,1.6061001,1.2768169,0.60834353,0.92410771,-0.12160665,-0.013404698,0.0066967135,0.19647649,0.21136466,0.09214811,-0.33419296,0.44511036,-0.83077785,2.5513,2.2148151,2.3
7,13400,13.400000,24,1.6061001,1.0038178,1.0102545,0.55601388,0.064764018,0.006680162,0.16079304,0.17130754,-0.30096179,0.34538559,-0.66561081,-0.66164175,-0.3452426,1.9232936,-2.3591849,2.3
7,13400,13.400000,25,1.6061001,1.0983123,1.5026376,0.55506646,-0.044256348,0.14540757,-0.02620006,0.18724981,0.61986102,0.02246517,0.17544728,-0.055815819,-0.98290531,2.9564245,-0.30800975,2.3
7,13400,13.400000,26,1.6061001,1.5978548,1.0530065,0.47055079,0.14876049,0.050020723,-0.16979957,-0.088732788,-0.36090015,-0.36084846,-0.95717468,0.092600224,0.27430243,1.2929321,3.0451495,2.3
7,13400,13.400000,27,1.6061001,1.4276084,1.3485204,0.151326,-0.042479997,-0.067888951,-0.06888889,0.59994501,-0.2071385,0.050974437,0.98031457,0.16884837,0.10234048,1.4682764,0.17056543,2.3
7,13400,13.400000,28,1.6061001,1.0702395,1.069138,0.94966085,-0.048057949,0.0022150471,-0.16713891,-0.011437713,0.34808018,-0.71662124,-0.63167013,0.77498769,-0.019670289,1.5904679,2.2546597,2.3
7,13400,13.400000,29,1.6061001,0.76033934,1.3208333,0.060278162,-0.17452853,0.032685016,0.10893752,-0.63083301,-0.161032,0.59746401,-0.20619601,-0.818051,0.53691318,1.0040224,-1.8177107,2.3
7,13400,13.400000,30,1.6061001,1.5197443,0.84173999,1.3653347,0.00056358142,-0.19446955,0.0080568216,-0.01014422,-0.65209893,-0.49735937,-0.39935945,0.51600172,-0.75779565,2.4307244,2.22945,2.3
7,13400,13.400000,31,1.6061001,1.4603163,1.5148294,1.062227,0.025737185,0.15815727,0.031040315,0.61477084,-0.17722248,0.20034459,-0.03823418,0.94276905,0.33124714,1.2331713,1.6113293,2.3
8,13450,13.450000,0,1.6047772,0.44574033,0.031523653,0.18992501,0.1500848,-0.030776377,0.14479795,-0.25450448,0.15706822,-0.11741036,-0.81715033,-0.55217372,-0.16543733,1.7369978,-2.547341,2.3
8,13450,13.450000,1,1.6047772,1.5068886,0.52641965,0.5679637,-0.30112441,-0.16062148,0.043813323,-0.42031402,-0.18469561,-0.35966709,0.89997912,-0.045248047,-0.43357837,2.0192564,-0.050234476,2.3
8,13450,13.450000,2,1.6047772,0.48983857,0.32914925,0.51127482,0.0020414558,0.084231364,-0.048380526,0.2190522,0.44677824,0.22639507,0.95330525,-0.10838679,-0.281889,1.8565587,-0.11320965,2.3
8,13450,13.450000,3,1.6047772,0.63161107,0.80519334,0.3214629,0.028292133,0.15216423,0.039347588,0.34049066,0.37975569,0.11478521,-0.59036417,-0.80200635,-0.090862321,1.6617841,-2.2053478,2.3
8,13450,13.450000,4,1.6047772,0.28042714,0.017995289,1.0944145,-0.039364904,-0.076371514,0.099562392,0.31448479,0.29478616,-0.025647717,0.34785702,-0.33996229,-0.87373974,2.6336351,-0.77392077,2.3
8,13450,13.450000,5,1.6047772,0.059647316,0.44568039,1.1859506,-0.060282621,-0.010270857,-0.020940988,-0.61660088,0.15175361,-0.20558899,-0.85685388,0.15269043,-0.49242975,2.0856756,2.9652448,2.3
8,13450,13.450000,6,1.6047772,0.72288873,0.27739031,1.3438386,0.079211081,-0.044341301,-0.12075768,0.37767271,0.20190922,0.20390965,-0.27309101,-0.91732149,0.28972848,1.2768532,-1.8601461,2.3
8,13450,13.450000,7,1.6047772,0.5461326,0.45089131,0.94602729,-0.043806524,-0.085179091,-0.03118154,-0.25598588,-0.15346575,-0.074503459,0.35801036,-0.93108149,0.070113116,1.5006256,-1.2037141,2.3
8,13450,13.450000,8,1.6047772,0.35784104,1.1827754,0.23494597,0.1880261,0.11632289,-0.016542739,-0.0096394855,-0.77922093,0.045358905,-0.41371466,-0.88339229,-0.22013235,1.7927465,-2.0087844,2.3
8,13450,13.450000,9,1.6047772,0.17934563,1.491359,0.57187069,0.00062264082,0.045307741,0.0050632042,-0.082677202,0.35530096,0.066723589,0.058864998,-0.014625713,-0.99815881,3.0809006,-0.24353057,2.3
8,13450,13.450000,10,1.6047772,0.56301829,0.97586898,0.79272388,-0.047529932,0.062519071,0.072773967,-0.33405647,0.35837939,0.45862479,0.049025786,0.40668371,0.91225261,0.42204633,1.4508251,2.3
8,13450,13.450000,11,1.6047772,0.59847055,1.4094497,0.6357807,-0.01584788,-0.017515687,0.23862782,0.08727703,0.075054218,1.2790885,0.44308441,0.69432984,0.56708225,0.96783722,1.0027989,2.3
8,13450,13.450000,12,1.6047772,0.18234815,0.87726196,0.97356434,0.020968148,-0.0063388673,-0.0097148963,-0.24086964,-0.46863831,-0.29293948,-0.55037577,0.4124318,-0.72593837,2.3831941,2.4984987,2.3
8,13450,13.450000,13,1.6047772,0.23376996,1.2883703,1.3918365,-0.049928387,-0.043473209,0.1117273,-0.33232401,-0.17713709,0.36017171,-0.22702684,0.75710542,0.61257668,0.91147991,1.8621261,2.3
8,13450,13.450000,14,1.6047772,0.36724387,0.5249898,1.5936325,-0.02450212,-0.35401214,0.15733118,0.13983815,-0.65909928,0.22745136,-0.15748828,0.33925469,-0.92741776,2.7582451,2.0054112,2.3
8,13450,13.450000,15,1.6047772,0.89822322,1.4976516,1.0641686,0.18674598,0.039464618,-0.085065371,0.46500879,0.077181275,-0.29406635,0.75922523,-0.10479592,0.64233547,0.8732547,-0.13716337,2.3
8,13450,13.450000,16,1.6047772,1.0699627,0.42100504,0.15121726,0.079589146,0.10839401,-0.01901917,-0.13373642,-0.083771191,0.47014102,-0.87785325,0.47470153,0.063498999,1.5072546,2.6458768,2.3
8,13450,13.450000,17,1.6047772,0.9698375,0.52982353,0.56283995,0.015873835,-0.060318612,-0.058327273,0.43545783,-0.45244443,-0.55701346,0.12726168,-0.98702365,-0.097922311,1.6688758,-1.442569,2.3
8,13450,13.450000,18,1.6047772,1.5599124,0.14173505,0.18996412,0.18812107,-0.13671729,-0.30300412,0.64070472,0.1812367,-0.56708217,-0.39039079,0.720959,0.57254969,0.96118396,2.0670811,2.3
8,13450,13.450000,19,1.6047772,1.1577175,0.90349299,0.12585338,-0.12973633,0.1186797,-0.0046153598,-0.2615503,0.1029768,-0.35585013,0.13184537,0.71471544,-0.686876,2.3279782,1.3883746,2.3
8,13450,13.450000,20,1.6047772,1.0959683,0.24746506,0.91399953,0.01289152,0.042113908,0.032271411,-0.38412388,0.24371427,-0.32953676,0.97839726,-0.17896393,0.10349258,1.4671181,-0.18091541,2.3
8,13450,13.450000,21,1.6047772,0.94227506,0.73215389,1.2659732,0.068824691,0.039018164,-0.21780918,-0.085517701,0.23628297,-0.40058632,0.6782789,-0.572088,0.46114319,1.0915132,-0.70067368,2.3
8,13450,13.450000,22,1.6047772,1.1881425,0.33649944,1.3531915,-0.14952323,0.12437231,0.10437008,0.030673978,-0.14970885,-0.20370454,0.72922976,0.66726588,0.15159223,1.4186174,0.74105627,2.3
8,13450,13.450000,23,1.6047772,1.2772304,0.63295497,0.93900548,-0.12014076,0.011718194,0.022362134,-0.071985621,0.8402822,0.5342289,-0.28347246,0.35608891,-0.89041791,2.6690589,2.2431376,2.3
8,13450,13.450000,24,1.6047772,1.0097671,1.0031344,0.54822231,0.071542932,0.00038957173,0.15345645,0.034877391,0.13240509,-0.5082175,-0.54021054,-0.83560704,0.099666652,1.4709639,-2.1446992,2.3
8,13450,13.450000,25,1.6047772,1.1031011,1.5344566,0.55965886,-0.038560562,0.17847789,-0.021148365,0.14055387,0.58774346,0.060747594,0.16522416,-0.08769052,-0.98234991,2.9534318,-0.48793351,2.3
8,13450,13.450000,26,1.6047772,1.5778265,1.0275333,0.46219413,0.13004062,0.025404708,-0.17777192,-0.56959896,-0.5549055,0.012519764,-0.88920403,-0.45483779,-0.049383892,1.6202003,-2.6687786,2.3
8,13450,13.450000,27,1.6047772,1.4565804,1.3239373,0.15169352,-0.012319562,-0.091370918,-0.068396515,0.60391687,-0.58730462,-0.067587249,0.90130853,0.16356102,0.40111185,1.158066,0.17951704,2.3
8,13450,13.450000,28,1.6047772,1.0695041,1.090044,0.9334293,-0.047911652,0.024010679,-0.18259458,0.017877204,0.37154155,0.070638738,-0.56871873,0.81954543,-0.070030727,1.6408844,2.1774464,2.3
8,13450,13.450000,29,1.6047772,0.73838349,1.3085186,0.088478672,-0.19586687,0.021453601,0.13719933,-0.26778926,-0.18363339,0.52963885,-0.071605216,-0.70656841,0.70401262,0.78976445,-1.6717937,2.3
8,13450,13.450000,30,1.6047772,1.5180345,0.80847909,1.3348702,0.00010549375,-0.22705052,-0.021295064,-0.063864643,-0.67652269,-0.58676707,-0.30606569,0.50938855,-0.80426805,2.5052391,2.11184,2.3
8,13450,13.450000,31,1.6047772,1.4856779,1.5067768,1.0736981,0.052312711,0.15134963,0.043391467,0.39509971,-0.18068426,0.20269398,0.12760739,0.8400742,0.52724917,1.0154364,1.4200486,2.3
9,13500,13.500000,0,1.6177438,0.44011494,0.043635062,0.18518505,0.14089478,-0.018967198,0.13854852,-0.22669998,0.32305203,-0.24415141,-0.71794644,-0.69005112,-0.091555205,1.6624799,-2.3760039,2.3
9,13500,13.500000,1,1.6177438,1.4994473,0.51456079,0.54361099,-0.3206628,-0.17666928,0.014987421,-0.46006353,-0.40589422,-0.72033909,0.94913979,-0.045849956,-0.3114987,1.8875661,-0.04826933,2.3
9,13500,13.500000,2,1.6177438,0.49891577,0.35677316,0.53017321,0.0071402171,0.10909568,-0.033672446,0.11642803,0.47826875,0.31234959,0.94572634,-0.15510042,-0.2855618,1.8603889,-0.1625543,2.3
9,13500,13.500000,3,1.6177438,0.65348195,0.83176771,0.32289451,0.04499236,0.17215216,0.038186427,0.30438697,0.38824278,-0.10272486,-0.71650512,-0.68700204,-0.12103143,1.6921252,-2.3772124,2.3
9,13500,13.500000,4,1.6177438,0.31027562,0.040709118,1.1001201,-0.011892834,-0.053893534,0.096437607,0.63156191,0.43978417,-0.10952455,0.39958662,-0.63401054,-0.66208849,2.2943985,-1.008429,2.3
9,13500,13.500000,5,1.6177438,0.038406015,0.43957075,1.1877557,-0.081918816,-0.019942698,-0.028687269,-0.13533018,-0.44372429,-0.13563732,-0.99841433,0.010822481,-0.055242151,1.6260666,3.1307534,2.3
9,13500,13.500000,6,1.6177438,0.743658,0.29072627,1.3650389,0.094079544,-0.03329113,-0.11045707,0.25272625,0.29933435,0.28597884,-0.4513756,-0.88645138,0.10229379,1.4683233,-2.0417719,2.3
9,13500,13.500000,7,1.6177438,0.53131027,0.44607435,0.95041802,-0.062964546,-0.093605372,-0.034421724,-0.46116742,-0.20617854,-0.00060972117,-0.47325889,-0.88078715,0.015492357,1.5553034,-2.0638473,2.3
9,13500,13.500000,8,1.6177438,0.35501984,1.1470553,0.2389678,0.18233641,0.071227328,-0.014427794,-0.17574544,-0.94645677,0.19336162,-0.14995948,-0.51247339,-0.84550765,2.5783115,-1.8554679,2.3
9,13500,13.500000,9,1.6177438,0.17405047,1.5239258,0.58462023,-0.0060946195,0.065742028,0.013159425,-0.16672606,0.40439583,0.16691483,0.38879244,0.18172494,-0.9032256,2.6980234,0.43723626,2.3
9,13500,13.500000,10,1.6177438,0.55920658,0.99851228,0.8195124,-0.055857356,0.077218149,0.093075537,-0.1662629,0.085035519,0.26006855,-0.22659776,0.49923477,0.8363122,0.58027448,1.9968806,2.3
9,13500,13.500000,11,1.6177438,0.61223871,1.4299156,0.70337814,-0.0069511925,-0.0084745889,0.3008378,0.17864673,0.3135583,1.1402319,0.36599619,0.92336729,0.11592947,1.4546056,1.1934221,2.3
9,13500,13.500000,12,1.6177438,0.16874187,0.85704557,0.96460408,0.0059489199,-0.033534155,-0.026474176,-0.37461188,-0.52260668,-0.36794143,-0.43388859,0.54868695,-0.71462111,2.3668786,2.2398876,2.3
9,13500,13.500000,13,1.6177438,0.22287735,1.2992135,1.4181766,-0.062658649,-0.043041837,0.12676076,-0.32119272,0.1123388,0.17135687,-0.41668066,0.42592893,0.80309512,0.63832468,2.3452192,2.3
9,13500,13.500000,14,1.6177438,0.37595091,0.49311382,0.0072239737,-0.018785439,-0.38998532,0.1757159,0.11525666,-0.76526645,0.42049451,-0.50344729,0.38767881,-0.77216965,2.453045,2.4853835,2.3
9,13500,13.500000,15,1.6177438,0.9229861,1.5102773,1.0634958,0.20418102,0.039987104,-0.094299481,0.27717156,0.061926903,-0.15482745,0.66789457,-0.030278621,0.74363973,0.73229836,-0.045303413,2.3
9,13500,13.500000,16,1.6177438,1.0759227,0.42032846,0.164805,0.076914635,0.10433202,-0.0067028342,0.0075300408,-0.12447558,-0.058175402,-0.89284645,0.44515877,-0.068255999,1.6391054,2.6790787,2.3
9,13500,13.500000,17,1.6177438,1.0038244,0.51028381,0.54673757,0.041919578,-0.084043872,-0.078894669,0.52274545,-0.38052833,-0.2786349,0.61849892,-0.78177292,0.079310714,1.4914022,-0.90147564,2.3
9,13500,13.500000,18,1.6177438,1.6052257,0.16034733,0.16224315,0.2206991,-0.11932024,-0.33214277,0.68118527,0.33555263,-0.58132679,-0.2764933,0.68626564,0.67274879,0.83287856,1.9537963,2.3
9,13500,13.500000,19,1.6177438,1.1505361,0.9168137,0.10166533,-0.14620587,0.124676,-0.029719295,-0.31065996,0.14868025,-0.63779657,0.13742224,0.90506097,-0.4024671,1.9850066,1.4201098,2.3
9,13500,13.500000,20,1.6177438,1.0859952,0.2591482,0.90929101,-0.0058616266,0.051758711,0.020226197,-0.39186221,0.2728726,-0.15176469,0.9614226,0.11392211,-0.2503764,1.8238653,0.11794333,2.3
9,13500,13.500000,21,1.6177438,0.93992562,0.74949828,1.2544014,0.058901545,0.0504009,-0.23952274,-0.20698848,0.26757831,-0.46601162,0.54525206,-0.81656561,0.1895278,1.3801151,-0.98205225,2.3
9,13500,13.500000,22,1.6177438,1.2073096,0.33080831,1.3556194,-0.1399947,0.11599595,0.095898202,0.28216144,-0.21214347,-0.1730084,0.56875961,0.77862676,0.2650526,1.3025379,0.93991528,2.3
9,13500,13.500000,23,1.6177438,1.2766296,0.68145455,0.97361733,-0.13101788,0.054929583,0.049278458,-0.29590421,0.83105957,0.48492007,-0.43265532,0.39894604,-0.80848712,2.5123732,2.3967077,2.3
9,13500,13.500000,24,1.6177438,1.0232402,1.0238249,0.52442238,0.07683578,0.01292429,0.12533998,0.24263719,0.26408199,-0.50518751,-0.33040704,-0.60875298,0.72128427,0.76514163,-2.0680643,2.3
9,13500,13.500000,25,1.6177438,1.1194141,1.5765208,0.56249395,-0.031190325,0.20802469,-0.022828591,0.067410698,0.58678036,-0.14288227,0.21419667,-0.026783707,-0.97642328,2.9240153,-0.12439693,2.3
9,13500,13.500000,26,1.6177438,1.5562876,1.0017237,0.47251089,0.09589025,-0.0085707148,-0.17121609,-0.66114696,-0.71816716,0.3354302,-0.44398242,-0.73141251,-0.5176054,2.1148462,-2.116362,2.3
9,13500,13.500000,27,1.6177438,1.496779,1.300652,0.15260284,0.015995829,-0.1252175,-0.068711618,0.51636266,-0.68129472,0.031235877,0.70695009,0.014695004,0.70711076,0.78539254,0.020783487,2.3
9,13500,13.500000,28,1.6177438,1.0869005,1.1129357,0.94938396,-0.039191963,0.038038333,-0.17421579,0.33367309,0.15885537,0.18779262,-0.55680867,0.80244298,-0.21459117,1.7870696,2.1774111,2.3
9,13500,13.500000,29,1.6177438,0.74059415,1.3124629,0.10951581,-0.19960734,0.01485156,0.15744011,0.056707698,-0.1343729,0.34827247,0.31738806,-0.54728242,0.77443319,0.68497764,-1.0452614,2.3
9,13500,13.500000,30,1.6177438,1.5215397,0.79803896,1.3321148,-0.0086200912,-0.24395519,-0.03478203,-0.26738543,0.06546171,0.060280257,-0.095364355,0.45846432,-0.88358141,2.6542522,1.7758801,2.3
9,13500,13.500000,31,1.6177438,1.5067896,1.5101465,1.0938763,0.061383507,0.14257973,0.054848096,0.02966009,-0.20826429,0.2408074,0.10245293,0.62794634,0.7714835,0.68962682,1.4090658,2.3
10,13550,13.550000,0,1.6177438,0.43212158,0.053387055,0.18266371,0.13290141,-0.0092152058,0.13602718,-0.080985121,-0.013029532,0.043322959,-0.61602157,-0.78018149,-0.10878542,1.6797975,-2.2391559,2.3
10,13550,13.550000,1,1.6177438,1.4795359,0.49539676,0.50825046,-0.34057424,-0.1958333,-0.020373104,-0.1799465,-0.38835331,-0.60473174,0.97525791,-0.13203256,-0.17731161,1.7490504,-0.13456407,2.3
10,13550,13.550000,2,1.6177438,0.49790396,0.37449291,0.53513295,0.0061284083,0.12681543,-0.028712699,-0.088491137,0.19059724,-0.12866271,0.95602047,-0.086358395,-0.28029821,1.8549011,-0.090086619,2.3
10,13550,13.550000,3,1.6177438,0.67076094,0.84511878,0.31524595,0.062271345,0.18550323,0.030537872,0.25329655,0.15816033,-0.21120232,-0.75825457,-0.65189721,0.0089462802,1.5618499,-2.4314746,2.3
10,13550,13.550000,4,1.6177438,0.34488732,0.058305783,1.093403,0.022718864,-0.03629687,0.089720557,0.79666608,0.16787478,-0.052691292,0.39706185,-0.78084404,-0.4823116,2.0740879,-1.1003692,2.3
10,13550,13.550000,5,1.6177438,0.033686244,0.41665553,1.1776845,-0.086638588,-0.042857922,-0.038758449,-0.051678289,-0.40954849,-0.23040301,-0.93673347,-0.34326344,0.068561053,1.5021814,-2.7903413,2.3
10,13550,13.550000,6,1.6177438,0.75745384,0.3063468,1.3783697,0.10787538,-0.017670597,-0.097126262,0.31673129,0.29876211,0.24359478,-0.48522064,-0.85747973,-0.17114157,1.7427845,-2.0857409,2.3
10,13550,13.550000,7,1.6177438,0.51484834,0.43794739,0.95354195,-0.07942648,-0.10173233,-0.031297793,-0.19658577,-0.071265054,0.25328257,-0.9903827,-0.094381262,0.10116465,1.4694583,-3.0465818,2.3
10,13550,13.550000,8,1.6177438,0.34200964,1.0954637,0.25010592,0.16932621,0.019635714,-0.0032896774,-0.2780684,-1.0405406,0.27900862,0.29782624,-0.090039072,-0.9503644,2.8252013,-0.29358462,2.3
10,13550,13.550000,9,1.6177438,0.16146027,1.5461538,0.59129753,-0.01868481,0.08797,0.019836726,-0.24877547,0.59332188,0.087972552,0.73865429,0.32860562,-0.58856452,2.2000784,0.41858018,2.3
10,13550,13.550000,10,1.6177438,0.55892082,0.99844249,0.8386518,-0.056143112,0.077148357,0.11221495,0.10756455,-0.023649114,0.40316061,-0.4331318,0.40832782,0.80353297,0.63758949,2.3856633,2.3
10,13550,13.550000,11,1.6177438,0.620763,1.4518813,0.75060413,0.0015730894,0.013491146,0.34806379,0.049679326,0.64258634,0.72185392,0.34382785,0.90450833,-0.25228373,1.8258359,1.2075385,2.3
10,13550,13.550000,12,1.6177438,0.14630711,0.83162018,0.94376389,-0.016485835,-0.058959541,-0.047314366,-0.50589918,-0.40587349,-0.49654076,-0.58097237,0.63464022,-0.50961053,2.1055284,2.3120743,2.3
10,13550,13.550000,13,1.6177438,0.20310519,1.3022419,1.4281606,-0.082430804,-0.040013424,0.13674477,-0.3569751,0.037089708,0.11991342,-0.49561966,0.25031622,0.83168681,0.58865757,2.6739076,2.3
10,13550,13.550000,14,1.6177438,0.38311321,0.46579332,0.029249253,-0.011623138,-0.41730582,0.19774118,0.035231969,-0.35955353,0.42580958,-0.71307164,0.20478366,-0.67051658,2.3057012,2.8619336,2.3
10,13550,13.550000,15,1.6177438,0.92687807,1.5152742,1.0620161,0.20807298,0.044984031,-0.095779251,0.11866676,0.1171417,0.085940593,0.63999451,0.21840755,0.73668526,0.7426409,0.32887175,2.3
10,13550,13.550000,16,1.6177438,1.0818266,0.4120908,0.15123526,0.082818491,0.096094361,-0.020272571,0.15101621,-0.25594446,-0.46392977,-0.83480925,0.39453077,-0.38397786,1.9648969,2.7001044,2.3
10,13550,13.550000,17,1.6177438,1.0210734,0.49705266,0.5425638,0.059168622,-0.09727502,-0.083068439,0.1464038,-0.13243954,0.095209614,0.89903736,-0.3247273,0.29374139,1.2726578,-0.34661258,2.3
10,13550,13.550000,18,1.6177438,0.018957978,0.17507666,0.13562536,0.2521752,-0.1045909,-0.35876056,0.56994809,0.27308942,-0.60355345,-0.08206537,0.61066531,0.78762501,0.66385142,1.7043828,2.3
10,13550,13.550000,19,1.6177438,1.1382966,0.92229936,0.06684274,-0.15844536,0.13016166,-0.064541886,-0.16757191,-0.0085119355,-0.75350452,0.1406628,0.98866217,0.052546143,1.518226,1.4294689,2.3
10,13550,13.550000,20,1.6177438,1.0683101,0.27860184,0.90192429,-0.023546716,0.071212353,0.012859472,-0.37332841,0.45361772,-0.15301389,0.96343138,0.052699568,-0.26272176,1.8366383,0.054645409,2.3
10,13550,13.550000,21,1.6177438,0.92219892,0.76837619,1.2370897,0.041174842,0.069278814,-0.2568344,-0.49600748,0.38628013,-0.22852618,0.33568872,-0.92363049,-0.18498595,1.7568539,-1.2221945,2.3
10,13550,13.550000,22,1.6177438,1.2219697,0.32346954,1.3466803,-0.12533455,0.10865718,0.086959077,0.23387752,-0.16604358,-0.18511493,0.18006019,0.87426336,0.45082358,1.1031085,1.36768,2.3
10,13550,13.550000,23,1.6177438,1.2670655,0.70680615,0.98119558,-0.14058198,0.08028119,0.056856713,-0.1423579,0.14335974,-0.17841,-0.48163385,0.52246064,-0.70360764,2.3512581,2.3155566,2.3
10,13550,13.550000,24,1.6177438,1.0401932,1.0327943,0.50547835,0.093788743,0.021893718,0.10639596,0.47198749,0.24051954,-0.24326286,-0.12311902,-0.21390553,0.96906457,0.2493843,-2.0930638,2.3
10,13550,13.550000,25,1.6177438,1.1278343,1.6057948,0.55602858,-0.022770091,0.23729874,-0.029293959,0.29346106,0.53064169,-0.081397439,0.23485657,0.077166765,-0.96896217,2.8917938,0.31745722,2.3
10,13550,13.550000,26,1.6177438,1.5216321,0.96772039,0.48947967,0.061234677,-0.042574008,-0.15424731,-0.72222783,-0.60087485,0.32834208,0.26841793,-0.55968232,-0.78403285,2.4719328,-1.1236098,2.3
10,13550,13.550000,27,1.6177438,1.521606,1.2675342,0.15531315,0.040822789,-0.15833529,-0.066001309,0.28158088,-0.6134636,0.041331095,0.41465519,-0.004760728,0.90996616,0.42759389,-0.011480669,2.3
10,13550,13.550000,28,1.6177438,1.1070812,1.1203747,0.95890047,-0.019011356,0.045477371,-0.16469929,0.4349533,0.28871721,0.23261738,-0.56635276,0.66902223,-0.48130427,2.0729384,2.2732771,2.3
10,13550,13.550000,29,1.6177438,0.7402236,1.3031479,0.12756196,-0.19997789,0.0055365477,0.17548626,-0.088564022,-0.20698173,0.34479436,0.63894264,-0.28675757,0.71380838,0.77587519,-0.4218557,2.3
10,13550,13.550000,30,1.6177438,1.5090147,0.81037699,1.3502406,-0.02114503,-0.23161715,-0.016656256,-0.21820005,0.35898545,0.6598524,0.088234825,0.47035152,-0.87805698,2.6425831,1.3853582,2.3
10,13550,13.550000,31,1.6177438,1.5045815,1.5017596,1.1067945,0.059175368,0.13419282,0.067766215,-0.17771904,-0.13746267,0.29341665,-0.080326972,0.54127649,0.83699901,0.57902056,1.7181239,2.3
11,13600,13.600000,0,1.6166305,0.43495626,0.04103875,0.18645697,0.13603458,-0.021531007,0.13994751,0.16729303,-0.3859407,0.077212695,-0.59408102,-0.75252393,-0.28421028,1.858979,-2.239072,2.3
11,13600,13.600000,1,1.6166305,1.488642,0.47909976,0.47718838,-0.33044634,-0.21179485,-0.051095967,0.50078494,-0.40824482,-0.56102383,0.96099132,-0.27639897,0.0099643261,1.5608318,-0.28005936,2.3
11,13600,13.600000,2,1.6166305,0.49422928,0.38135281,0.52131908,0.0027952528,0.13393552,-0.042162904,-0.077400228,0.16939809,-0.33581805,0.97963386,0.18245472,-0.083831831,1.6547267,0.18413808,2.3
11,13600,13.600000,3,1.6166305,0.68130255,0.84484674,0.3040693,0.073278386,0.18581295,0.019574406,0.28839592,-0.051595365,-0.19431918,-0.65689421,-0.72127588,0.21966133,1.349329,-2.3095131,2.3
11,13600,13.600000,4,1.6166305,0.38226538,0.062399127,1.0970534,0.060347237,-0.032161974,0.094125,0.61410234,-0.0058535785,0.26918149,0.31471725,-0.76524165,-0.56156768,2.1670756,-1.1806165,2.3
11,13600,13.600000,5,1.6166305,0.035236055,0.39404868,1.1604061,-0.085065051,-0.065185703,-0.055232033,0.094062896,-0.5733828,-0.33706447,-0.69628463,-0.71491158,0.063946396,1.5068063,-2.3429958,2.3
11,13600,13.600000,6,1.6166305,0.76987951,0.31310428,1.3781985,0.12082682,-0.010699882,-0.096348522,0.17469383,0.073636184,-0.14753683,-0.58263733,-0.72299452,-0.37123127,1.951131,-2.2491044,2.3
11,13600,13.600000,7,1.6166305,0.50953477,0.43936387,0.96469385,-0.084387419,-0.10001385,-0.019485565,-0.0086230614,0.23517391,0.13727401,-0.56088737,0.81603579,0.13960994,1.4307288,2.1729695,2.3
11,13600,13.600000,8,1.6166305,0.31725753,1.0483577,0.26731824,0.14480104,-0.026732314,0.014100769,-0.71734175,-0.87083481,0.31606603,0.55229895,0.32022135,-0.76969095,2.4491532,0.52543198,2.3
11,13600,13.600000,9,1.6166305,0.15295779,1.5757838,0.59105885,-0.027079065,0.11867469,0.020005054,-0.042701635,0.59627322,-0.1434479,0.8981146,0.41590226,-0.14288275,1.7141698,0.43368093,2.3
11,13600,13.600000,10,1.6166305,0.57067738,0.98906213,0.85721577,-0.043997696,0.068452174,0.13136269,0.25320641,-0.3005681,0.36132248,-0.58053829,0.27609884,0.76599264,0.69821229,2.6976622,2.3
11,13600,13.600000,11,1.6166305,0.61341031,1.4776777,0.77556485,-0.0053547509,0.040295952,0.37354988,-0.3464135,0.42958551,0.24506598,0.46080016,0.59959183,-0.6543339,2.2840978,0.91554546,2.3
11,13600,13.600000,12,1.6166305,0.11660185,0.81710592,0.9194646,-0.046100599,-0.072906247,-0.070972261,-0.5730607,-0.17802872,-0.55753638,-0.71551743,0.65949353,-0.23044107,1.8033273,2.3969163,2.3
11,13600,13.600000,13,1.6166305,0.18928225,1.3020376,1.4201263,-0.096118674,-0.039321317,0.12969098,-0.083301617,0.028733285,-0.35070562,-0.53770287,0.15049483,0.82959444,0.59241537,2.8686908,2.3
11,13600,13.600000,14,1.6166305,0.38698625,0.45938024,0.044123874,-0.0074849926,-0.42340042,0.21264106,0.17794189,0.19010717,0.22318059,-0.77802147,-0.28421424,-0.56027212,2.1655106,-2.7913497,2.3
11,13600,13.600000,15,1.6166305,0.93220078,1.5204641,1.0771204,0.21403566,0.051218905,-0.07993855,0.16046249,0.1574233,0.48436964,0.45161595,0.45178037,0.76937477,0.69293452,0.78558017,2.3
11,13600,13.600000,16,1.6166305,1.088261,0.39373057,0.12967322,0.089999933,0.078011529,-0.041737908,0.13592126,-0.42763597,-0.34237151,-0.67203428,0.45020803,-0.58794783,2.1993158,2.5513423,2.3
11,13600,13.600000,17,1.6166305,1.0080202,0.49843968,0.55301527,0.046813878,-0.095545309,-0.072239831,-0.50990215,0.17071261,0.21587224,0.90488923,0.22841654,0.3591676,1.2034205,0.24725958,2.3
11,13600,13.600000,18,1.6166305,0.047856809,0.19551656,0.10440589,0.28109703,-0.08402343,-0.3898974,0.47168378,0.50235411,-0.73138597,0.071651867,0.64134613,0.76389865,0.70146335,1.4595366,2.3
11,13600,13.600000,19,1.6166305,1.1292803,0.91493186,0.029902074,-0.16668114,0.12342661,-0.10144925,-0.12015393,-0.23760482,-0.73201769,0.12531613,0.87495092,0.46771439,1.0840932,1.4285374,2.3
11,13600,13.600000,20,1.6166305,1.0487937,0.29992245,0.90105169,-0.042334396,0.09273211,0.012607524,-0.410466,0.37562385,0.21209591,0.98162399,-0.18128552,-0.059581064,1.6304127,-0.18262155,2.3
11,13600,13.600000,21,1.6166305,0.89612842,0.78985676,1.2236381,0.015730279,0.091295783,-0.26943896,-0.51897809,0.42679466,-0.15442834,0.08103339,-0.90630894,-0.41477427,1.998491,-1.4816231,2.3
11,13600,13.600000,22,1.6166305,1.2313532,0.3162218,1.336441,-0.11510654,0.10162965,0.07764347,0.38026671,-0.13945335,-0.22420097,-0.32122058,0.84262628,0.43220168,1.1238635,1.9350034,2.3
11,13600,13.600000,23,1.6166305,1.2667676,0.70262944,0.96143433,-0.14000766,0.076589659,0.037764181,0.0089574897,-0.23562658,-0.4105048,-0.55278257,0.50462999,-0.6631591,2.2958279,2.4017012,2.3
11,13600,13.600000,24,1.6166305,1.0630845,1.0423703,0.49102925,0.11740409,0.032184085,0.092289894,0.40499532,0.28749334,-0.25898031,-0.084454157,0.0132881,0.99633876,0.085597637,2.9855311,2.3
11,13600,13.600000,25,1.6166305,1.145937,0.012973643,0.55366585,-0.0038846648,0.26222176,-0.031274693,0.41369854,0.46461072,0.049606759,0.27791406,0.24199738,-0.92962414,2.7641879,0.71642544,2.3
11,13600,13.600000,26,1.6166305,1.4828026,0.93933359,0.50556824,0.023439462,-0.070304336,-0.13781621,-0.72163634,-0.54065278,0.31490219,0.83966333,-0.23958865,-0.48740411,2.0799107,-0.27795261,2.3
11,13600,13.600000,27,1.6166305,1.5315671,1.2365405,0.16594606,0.051834966,-0.18846703,-0.055257808,0.052995604,-0.47557081,0.37756189,0.17527011,0.19913533,0.96417089,0.2684963,0.84905372,2.3
11,13600,13.600000,28,1.6166305,1.1263957,1.1428345,0.98081773,0.0010720216,0.068716216,-0.1421143,0.33731102,0.51831562,0.54076478,-0.60119905,0.27532644,-0.75017002,2.4191155,2.7121371,2.3
11,13600,13.600000,29,1.6166305,0.73310066,1.2938218,0.14855069,-0.20659367,-0.002895515,0.19657004,-0.13778551,-0.10184519,0.50118382,0.80599452,0.046614189,0.5900847,0.93963257,0.057770023,2.3
11,13600,13.600000,30,1.6166305,1.4962153,0.82938067,1.3885939,-0.032909891,-0.21204901,0.022639829,-0.31512088,0.35367802,0.82013049,0.17505364,0.59298705,-0.7859533,2.4750328,1.283743,2.3
11,13600,13.600000,31,1.6166305,1.4972108,1.4997715,1.1203365,0.052838061,0.133238,0.082074872,-0.12023377,0.10079333,0.32475089,-0.22596352,0.51104665,0.82932009,0.59290653,1.98711,2.3
12,13650,13.650000,0,1.6191572,0.44989666,0.0156873,0.18920357,0.15028401,-0.046926769,0.14240076,0.25043026,-0.4938907,0.06705837,-0.63451854,-0.64853586,-0.42046101,2.0047497,-2.34527,2.3
12,13650,13.650000,1,1.6191572,1.5210537,0.46088963,0.45234495,-0.30038493,-0.23073901,-0.076665278,0.58088984,-0.36302236,-0.36676476,0.87362653,-0.43815397,0.21165489,1.3575284,-0.46487457,2.3
12,13650,13.650000,2,1.6191572,0.4880886,0.38953137,0.50678889,-0.0041125135,0.14151211,-0.057495939,-0.16141847,0.12129786,-0.22636859,0.93540268,0.27837348,0.21801385,1.3510174,0.28925119,2.3
12,13650,13.650000,3,1.6191572,0.69825673,0.83925336,0.30123333,0.089155293,0.17890447,0.016265759,0.31005068,-0.17667855,0.027673016,-0.31333841,-0.87033969,0.37990507,1.1811027,-1.9163683,2.3
12,13650,13.650000,4,1.6191572,0.40071762,0.060790868,1.1354191,0.078188068,-0.033866432,0.13074736,0.098760843,-0.00029329019,1.2212221,0.34863367,-0.60912804,-0.7123325,2.3636124,-1.0509568,2.3
12,13650,13.650000,5,1.6191572,0.043771744,0.36578705,1.1447995,-0.076591053,-0.094040699,-0.072638712,0.12325184,-0.59595301,-0.31296033,-0.20686106,-0.97579416,-0.070952543,1.6418085,-1.7796961,2.3
12,13650,13.650000,6,1.6191572,0.7772073,0.31301223,1.3671011,0.12694651,-0.011280858,-0.10958974,0.011707429,-0.014969962,-0.37450935,-0.6302941,-0.58205839,-0.51374835,2.1103444,-2.3959604,2.3
12,13650,13.650000,7,1.6191572,0.51551543,0.4594309,0.97485931,-0.079207204,-0.080648669,-0.010834672,0.21675103,0.46449048,0.15124416,-0.025888608,0.99032786,0.13631032,1.4340603,1.5969318,2.3
12,13650,13.650000,8,1.6191572,0.28010863,1.0086516,0.28160029,0.10718564,-0.068044696,0.027954181,-0.69080704,-0.79102191,0.33331585,0.65034342,0.64338781,-0.40386328,1.9865323,0.78002182,2.3
12,13650,13.650000,9,1.6191572,0.15459776,1.6050232,0.5817808,-0.02567926,0.14543028,0.0098111419,0.1736635,0.37343869,-0.2670807,0.83182188,0.34220655,0.43699776,1.1185382,0.39029005,2.3
12,13650,13.650000,10,1.6191572,0.58926763,0.97110209,0.87868457,-0.026313234,0.048961442,0.15147596,0.3711024,-0.40920028,0.33806995,-0.62098117,0.25397775,0.74153739,0.73543737,2.7533567,2.3
12,13650,13.650000,11,1.6191572,0.60038232,1.4929794,0.76678921,-0.019330589,0.053277876,0.36356982,-0.13935134,0.083278753,-0.64178755,0.58775056,0.46408995,-0.66269887,2.2952132,0.66836944,2.3
12,13650,13.650000,12,1.6191572,0.091021814,0.80777349,0.89485008,-0.071842781,-0.083507535,-0.09700358,-0.49533297,-0.23048372,-0.52549669,-0.80006282,0.59155751,0.09979582,1.4708341,2.5049174,2.3
12,13650,13.650000,13,1.6191572,0.18909596,1.3047832,1.4012045,-0.096600432,-0.038611325,0.10856603,0.068785021,-0.012369892,-0.45337596,-0.50034888,0.28798771,0.81652561,0.61542942,2.6193272,2.3
12,13650,13.650000,14,1.6191572,0.40634349,0.48394722,0.056259155,0.011252755,-0.39957006,0.22469796,0.64451025,0.66043,0.15737383,-0.5868163,-0.5554661,-0.58915536,2.2008094,-2.3836328,2.3
12,13650,13.650000,15,1.6191572,0.94185509,1.5331592,1.1056308,0.22222655,0.061529461,-0.053132662,0.079773994,0.16508625,0.62285904,0.29051737,0.56099144,0.77516983,0.68381245,1.0929597,2.3
12,13650,13.650000,16,1.6191572,1.0982844,0.38279709,0.12288766,0.098315838,0.066471654,-0.048720703,0.21321956,-0.093610751,0.059002997,-0.59320607,0.70543648,-0.38789939,1.9691478,2.2699874,2.3
12,13650,13.650000,17,1.6191572,0.98759151,0.51657001,0.55852451,0.024826825,-0.078207586,-0.067598577,-0.39288947,0.51670658,-0.19005553,0.53520002,0.84224455,-0.064691975,1.6355335,1.0047213,2.3
12,13650,13.650000,18,1.6191572,0.059488202,0.21630712,0.070625568,0.29264461,-0.063554445,-0.42381443,0.057336385,0.30768661,-0.67362444,-0.014295981,0.54962562,0.83528875,0.58213857,1.5968009,2.3
12,13650,13.650000,19,1.6191572,1.1194535,0.9056088,1.6088656,-0.17826391,0.1126819,-0.14165828,-0.35877693,-0.10674071,-0.76028133,0.27462548,0.66741421,0.69219875,0.8062651,1.1804355,2.3
12,13650,13.650000,20,1.6191572,1.0278035,0.31037247,0.92632172,-0.064946138,0.10270556,0.036450592,-0.36030618,0.05865736,0.69670708,0.88490993,-0.46405432,0.039849823,1.5309359,-0.48298322,2.3
12,13650,13.650000,21,1.6191572,0.87227848,0.810411,1.2124078,-0.0095006115,0.11060041,-0.28257158,-0.5729789,0.35468531,-0.38194657,-0.034683697,-0.85731104,-0.51362907,2.1102054,-1.6112307,2.3
12,13650,13.650000,22,1.6191572,1.2473964,0.3029694,1.3234986,-0.10099896,0.087893712,0.062623938,0.22531578,-0.19766099,-0.25628166,-0.43973532,0.86434541,0.24400793,1.3242998,2.041419,2.3
12,13650,13.650000,23,1.6191572,1.2713352,0.69374005,0.93862268,-0.13742202,0.066609847,0.013468785,0.019550805,-0.12858294,-0.67608922,-0.54994009,0.55286527,-0.62602387,2.2472402,2.353542,2.3
12,13650,13.650000,24,1.6191572,1.0671655,1.0643169,0.4759756,0.11982162,0.052485516,0.076481106,-0.33114522,0.52617947,-0.41707623,-0.099484655,-0.02722071,0.9946667,0.10332523,-2.8745125,2.3
12,13650,13.650000,25,1.6191572,1.1656295,0.033540849,0.55452088,0.014002729,0.28275265,-0.03128503,0.32453593,0.45307347,0.020672527,0.21832014,0.46554043,-0.85767618,2.6015294,1.1322871,2.3
12,13650,13.650000,26,1.6191572,1.4656277,0.91086509,0.53018926,0.0039621513,-0.10021765,-0.11400399,-0.052527113,-0.72682188,0.59266612,0.96216728,0.027173675,-0.27110094,1.8453329,0.028234647,2.3
12,13650,13.650000,27,1.6191572,1.5244421,1.2137042,0.18651492,0.042323524,-0.21321669,-0.034964174,-0.26845655,-0.4156173,0.47519857,-0.062168643,0.61107091,0.78913079,0.66140375,1.6721847,2.3
12,13650,13.650000,28,1.6191572,1.1528825,1.1636048,1.008245,0.025779034,0.087685419,-0.11624024,0.63982981,0.31579932,0.51236634,-0.60806928,-0.2192079,-0.76302008,2.438769,-2.7955961,2.3
12,13650,13.650000,29,1.6191572,0.72651753,1.2913717,0.1733902,-0.2143166,-0.0073643542,0.22115817,-0.12669361,-0.10350097,0.44994277,0.84815328,0.30663015,0.43198838,1.1241,0.34690656,2.3
12,13650,13.650000,30,1.6191572,1.4833111,0.8536851,1.4268229,-0.04814085,-0.18905885,0.058670379,-0.21736556,0.40324898,0.60075127,0.15955179,0.68614034,-0.70975676,2.3599492,1.3423214,2.3
12,13650,13.650000,31,1.6191572,1.4923252,1.509761,1.1338912,0.045617956,0.14087737,0.093869315,-0.20132618,0.086251386,0.082498427,-0.433887,0.54736196,0.71563745,0.77326002,2.2410625,2.3
13,13700,13.700000,0,1.6135325,0.46228238,1.6035045,0.19121606,0.16425693,-0.072632333,0.14507518,0.28711106,-0.41626182,-0.032387204,-0.74515128,-0.41178172,-0.52458115,2.1230194,-2.636744,2.3
13,13700,13.700000,1,1.6135325,1.5382487,0.43937299,0.44122944,-0.27786678,-0.25068929,-0.086226028,0.45077268,-0.34556682,-0.20213231,0.80738914,-0.4283169,0.40579232,1.1529508,-0.48774591,2.3
13,13700,13.700000,2,1.6135325,0.48167099,0.39120229,0.49485349,-0.0088427903,0.14454148,-0.067688558,-0.005170979,-0.013461002,-0.086734547,0.86661513,0.22074337,0.44749367,1.1068356,0.24941515,2.3
13,13700,13.700000,3,1.6135325,0.70309205,0.82023436,0.29645043,0.096428928,0.16277286,0.012522793,0.069322691,-0.37886351,-0.063252288,-0.058970716,-0.84790291,0.52686157,1.0158925,-1.6402334,2.3
13,13700,13.700000,4,1.6135325,0.40558282,0.055312951,1.196762,0.084456221,-0.039142348,0.19614842,0.18395515,-0.12192014,1.2671626,0.27218211,-0.49254729,-0.82662813,2.5438856,-1.0659584,2.3
13,13700,13.700000,5,1.6135325,0.049988571,0.33833135,1.125112,-0.070211067,-0.12027134,-0.088376722,0.18524698,-0.42010021,-0.3654829,0.44853109,-0.87386494,-0.18756314,1.759477,-1.096587,2.3
13,13700,13.700000,6,1.6135325,0.77310087,0.31071525,1.3422821,0.12553755,-0.012492584,-0.12969456,0.044029334,0.057964556,-0.29873197,-0.52294299,-0.55047757,-0.65077268,2.279398,-2.3305489,2.3
13,13700,13.700000,7,1.6135325,0.52442504,0.48574817,0.97849477,-0.068488107,-0.052686739,-0.0038004382,0.13309466,0.56348909,0.22087488,0.30281853,0.90454401,0.30016839,1.2659271,1.247749,2.3
13,13700,13.700000,8,1.6135325,0.25295205,0.96836467,0.29732475,0.080956483,-0.10489184,0.044685993,-0.25898314,-0.69440435,0.36172066,0.55708687,0.82962721,-0.037052648,1.6078575,0.97946151,2.3
13,13700,13.700000,9,1.6135325,0.16199828,0.0037663406,0.56597498,-0.017727848,0.1633127,-0.0039976757,0.21176347,0.40960585,-0.39416857,0.31039842,0.15531654,0.93783239,0.35446479,0.46394997,2.3
13,13700,13.700000,10,1.6135325,0.60146722,0.95296364,0.89165029,-0.012041767,0.034170754,0.16752205,0.16962334,-0.16482594,0.19964825,-0.64492854,0.19807639,0.73812798,0.74050495,2.8436082,2.3
13,13700,13.700000,11,1.6135325,0.59306793,1.488595,0.73202782,-0.024568439,0.054081364,0.33141622,-0.21429281,-0.10443008,-0.57741283,0.72781293,0.59843193,-0.33491425,1.9123106,0.6881515,2.3
13,13700,13.700000,12,1.6135325,0.076200699,0.79522048,0.87034367,-0.08637298,-0.093271429,-0.11843868,-0.14799211,-0.19973126,-0.22961964,-0.80017009,0.34307498,0.49196279,1.0564535,2.7365478,2.3
13,13700,13.700000,13,1.6135325,0.1915443,1.3023456,1.3784711,-0.093489783,-0.036512623,0.090669073,0.024251147,0.15324409,-0.28180422,-0.51620564,0.47459213,0.71294744,0.77710374,2.3981698,2.3
13,13700,13.700000,14,1.6135325,0.44171031,0.51391299,0.058066171,0.048095267,-0.36786796,0.2267039,0.77513476,0.56965203,-0.056520676,-0.21992591,-0.63080104,-0.74412542,2.410021,-1.9062639,2.3
13,13700,13.700000,15,1.6135325,0.94357539,1.5403171,1.1383553,0.22722744,0.074035174,-0.016503606,0.091408652,0.10996921,0.76064657,0.21238022,0.51640761,0.82958895,0.5924252,1.1806169,2.3
13,13700,13.700000,16,1.6135325,1.0996149,0.37901647,0.12833486,0.10347066,0.064016557,-0.042836365,0.030734153,0.034711804,0.18842539,-0.40011735,0.91515539,-0.04895631,1.6197722,1.9829654,2.3
13,13700,13.700000,17,1.6135325,0.96457166,0.54119845,0.5402638,0.0052035984,-0.051738583,-0.083947484,-0.39308379,0.49676877,-0.32120637,-0.12323136,0.8830002,-0.45290692,2.0408195,1.7094605,2.3
13,13700,13.700000,18,1.6135325,0.058809918,0.22416955,0.033404652,0.29217216,-0.054925582,-0.46085445,-0.032436533,0.00072431175,-0.8477293,-0.30947818,0.30351365,0.90116742,0.44834112,2.3659244,2.3
13,13700,13.700000,19,1.6135325,1.0922489,0.89446107,1.5771211,-0.20162036,0.10466619,-0.16785935,-0.70314111,-0.089970301,-0.26548843,0.48951192,0.3227145,0.81008236,0.62650376,0.58285576,2.3
13,13700,13.700000,20,1.6135325,1.0014414,0.31026166,0.95819302,-0.087777543,0.10367463,0.071600985,-0.46277048,-0.04008291,0.61327324,0.75113026,-0.61550622,-0.23865336,1.8117752,-0.68648274,2.3
13,13700,13.700000,21,1.6135325,0.83614286,0.82320768,1.1840539,-0.042663741,0.12623956,-0.30675574,-0.58010506,0.32099268,-0.52732524,0.11905229,-0.92323481,-0.36532731,1.9447807,-1.4425528,2.3
13,13700,13.700000,22,1.6135325,1.2582978,0.29637601,1.3055032,-0.085737756,0.082343146,0.049202812,0.37792028,-0.083287234,-0.24148998,-0.30293036,0.95028559,0.072045139,1.4986887,1.8793906,2.3
13,13700,13.700000,23,1.6135325,1.2604613,0.68756664,0.91100643,-0.14389077,0.06283985,-0.01092926,-0.28407083,-0.18559418,-0.22906025,-0.49573292,0.57265177,-0.65293095,2.282244,2.284323,2.3
13,13700,13.700000,24,1.6135325,1.0400146,1.0926343,0.45114741,0.096337034,0.084556042,0.053266006,-0.51882121,0.77077174,-0.43306234,-0.20257139,-0.093346194,0.97480835,0.22493615,-2.7097885,2.3
13,13700,13.700000,25,1.6135325,1.179769,0.061471387,0.54975669,0.032223174,0.31084859,-0.034127838,0.38697813,0.59723089,-0.19095056,0.18803818,0.65612247,-0.73085221,2.390366,1.2916872,2.3
13,13700,13.700000,26,1.6135325,1.4578392,0.87543813,0.55603452,0.0012603039,-0.13253661,-0.086268655,-0.22456369,-0.48965174,0.37212202,0.86425454,0.46842382,-0.18342088,1.7552616,0.49667852,2.3
13,13700,13.700000,27,1.6135325,1.505772,1.191852,0.20460161,0.028925859,-0.23088332,-0.016196895,-0.30282609,-0.21904018,0.33743071,-0.19924996,0.87990536,0.4313537,1.1248036,1.7934855,2.3
13,13700,13.700000,28,1.6135325,1.1853412,1.1661273,1.0330346,0.062306173,0.094261603,-0.087898805,0.61342928,0.014288069,0.5877905,-0.60066413,-0.52929865,-0.59920409,2.2133029,-2.4192681,2.3
13,13700,13.700000,29,1.6135325,0.71477596,1.282361,0.19204193,-0.2235504,-0.011896958,0.24044578,-0.1963055,-0.15753079,0.20031074,0.87358104,0.39940628,0.27808413,1.2889973,0.42883005,2.3
13,13700,13.700000,30,1.6135325,1.4804586,0.86624493,1.4505007,-0.045836447,-0.17350637,0.087354714,0.32190289,0.24356754,0.41716142,-0.052028419,0.78429238,-0.61820587,2.2372544,1.6370373,2.3
13,13700,13.700000,31,1.6135325,1.4825585,1.5048065,1.1324481,0.041027421,0.14116811,0.096369538,0.082085512,-0.034708175,0.053751739,-0.75335958,0.4316215,0.4961373,1.0516521,2.6213162,2.3
14,13750,13.750000,0,1.6154455,0.46590946,1.5966515,0.18851194,0.16733411,-0.081381241,0.14214608,-0.095120823,-0.0055334702,-0.067142178,-0.80863692,-0.17871202,-0.56050722,2.1657945,-2.9240849,2.3
14,13750,13.750000,1,1.6154455,1.5599895,0.4205802,0.43385362,-0.2579615,-0.26999156,-0.09412029,0.38231341,-0.32240651,-0.067382863,0.77519734,-0.094134949,0.62466606,0.8960925,-0.12084186,2.3
14,13750,13.750000,2,1.6154455,0.48298894,0.38604481,0.49119523,-0.0080963514,0.13892353,-0.071930998,-0.027999447,-0.14868888,-0.055701711,0.79617993,0.092874971,0.59788941,0.92993085,0.1161259,2.3
14,13750,13.750000,3,1.6154455,0.68957966,0.81777802,0.28607124,0.082091459,0.15934609,0.0017984885,-0.56677997,0.28069645,-0.39548893,-0.37851729,-0.65086207,0.65810578,0.85249615,-2.0975489,2.3
14,13750,13.750000,4,1.6154455,0.4153782,0.046093904,1.2603758,0.09376523,-0.048421477,0.25830647,0.091895394,-0.18593083,1.2369395,0.13135914,-0.34341539,-0.92995196,2.7650785,-1.2054596,2.3
14,13750,13.750000,5,1.6154455,0.061354726,0.32505925,1.1024877,-0.058910873,-0.13393646,-0.11232072,0.44645934,-0.20553902,-0.55999487,0.80197262,-0.56672395,-0.18884884,1.7607861,-0.61518344,2.3
14,13750,13.750000,6,1.6154455,0.77297201,0.32032856,1.3422157,0.12449274,-0.003253126,-0.13135143,-0.23015804,0.16801791,0.17650472,-0.46354505,-0.61200014,-0.64076658,2.2662927,-2.2190334,2.3
14,13750,13.750000,7,1.6154455,0.52678835,0.51387026,0.98953888,-0.066747586,-0.025156858,0.0060777258,-0.010671173,0.45780803,0.20234251,0.64893749,0.70315045,0.29061932,1.2759223,0.82547243,2.3
14,13750,13.750000,8,1.6154455,0.24676011,0.92410016,0.3164704,0.074468491,-0.15027754,0.06346801,-0.04205141,-0.98061056,0.30609546,0.30307878,0.93903044,0.16237332,1.4077009,1.2585944,2.3
14,13750,13.750000,9,1.6154455,0.17404072,0.022233288,0.54698033,-0.0058844907,0.18176425,-0.023651693,0.19134108,0.37659554,-0.38957182,-0.30775167,-0.0087118404,0.95142683,0.31295868,-3.1132922,2.3
14,13750,13.750000,10,1.6154455,0.5910624,0.95558451,0.88195743,-0.02315309,0.035660912,0.15677842,-0.62411007,0.22816367,-0.73822638,-0.73805187,0.1843095,0.64908354,0.86441724,2.8968735,2.3
14,13750,13.750000,11,1.6154455,0.58292223,1.483026,0.7051445,-0.035410842,0.04675186,0.30368144,-0.28658675,-0.19000114,-0.59355153,0.82263909,0.56802465,-0.02475748,1.5955563,0.60431534,2.3
14,13750,13.750000,12,1.6154455,0.081686577,0.77666144,0.8727427,-0.080980639,-0.11276173,-0.11707233,0.39470962,-0.51837058,0.23837295,-0.61964084,0.076969943,0.78110233,0.67436703,3.0180087,2.3
14,13750,13.750000,13,1.6154455,0.19630162,1.3063384,1.3760102,-0.088962239,-0.034065298,0.086576316,0.10734658,-0.028575342,0.12382562,-0.5178749,0.61761636,0.59190845,0.93737175,2.2685795,2.3
14,13750,13.750000,14,1.6154455,0.47106625,0.5358959,0.045637732,0.076910446,-0.346507,0.21421402,0.38163519,0.22631735,-0.41869796,0.1182964,-0.62623333,-0.77060871,2.450592,-1.3840948,2.3
14,13750,13.750000,15,1.6154455,0.95254236,1.5378877,1.1774897,0.23507107,0.069782101,0.021258888,0.21538898,-0.19716292,0.73175476,0.11778331,0.1107208,0.9868475,0.16236643,0.7545004,2.3
14,13750,13.750000,16,1.6154455,1.1078137,0.38058604,0.13819577,0.1103617,0.065136104,-0.033133358,0.0609997,0.039420775,0.3283066,-0.101645,0.95968863,0.26204205,1.3056587,1.6763175,2.3
14,13750,13.750000,17,1.6154455,0.95349195,0.55277276,0.53790599,-0.0070124603,-0.040812384,-0.086944055,-0.05438273,-0.049522061,0.2073068,-0.44005941,0.68349561,-0.58239288,2.1924655,2.1428265,2.3
14,13750,13.750000,18,1.6154455,0.063899381,0.22514919,1.60251,0.29718892,-0.054212139,-0.50720676,0.099578328,0.0033637004,-0.92277514,-0.66404598,0.10706614,0.73998634,0.73774628,2.9817354,2.3
14,13750,13.750000,19,1.6154455,1.057738,0.89005402,1.5746114,-0.23740501,0.099201922,-0.17223633,-0.69991887,-0.19552291,0.0018924061,0.47466057,0.12860524,0.87072271,0.51412631,0.26458914,2.3
14,13750,13.750000,20,1.6154455,0.98257018,0.31257274,0.97233819,-0.10782417,0.10561672,0.084602422,-0.21076432,0.11670113,-0.10119123,0.4521654,-0.67602091,-0.58184378,2.1917902,-0.9812747,2.3
14,13750,13.750000,21,1.6154455,0.82767489,0.83851515,1.1748324,-0.052117434,0.14056256,-0.31737475,0.35849442,0.22540124,0.18442347,0.27458718,-0.95183313,-0.13643893,1.7076622,-1.2899393,2.3
14,13750,13.750000,22,1.6154455,1.2752593,0.29739641,1.3018594,-0.070277184,0.083011775,0.044014321,0.18815048,0.14954887,0.0089950207,0.035658013,0.99835447,-0.044909526,1.615721,1.5350947,2.3
14,13750,13.750000,23,1.6154455,1.2360646,0.67637196,0.91212465,-0.16976654,0.050837105,-0.010891139,-0.68528954,-0.21498807,0.16278138,-0.47838451,0.43010213,-0.76561114,2.4427871,2.4092905,2.3
14,13750,13.750000,24,1.6154455,1.0271803,1.1329123,0.43169299,0.082278107,0.12351556,0.03328855,-0.10730776,0.75233086,-0.312095,-0.51089076,-0.044535879,0.85849123,0.538476,-3.0546395,2.3
14,13750,13.750000,25,1.6154455,1.1963445,0.088712095,0.53998317,0.047390972,0.33800034,-0.044546963,0.22717132,0.49556039,-0.19231109,0.067586851,0.81774403,-0.57160014,2.179251,1.4883334,2.3
14,13750,13.750000,26,1.6154455,1.4429003,0.86196242,0.55214822,-0.015397056,-0.14704164,-0.090811494,-0.29600841,-0.11784798,-0.27302118,0.52800985,0.84608159,-0.073154183,1.6440159,1.0128697,2.3
14,13750,13.750000,27,1.6154455,1.4906766,1.1869224,0.22220455,0.01205521,-0.23722223,0.0011531947,-0.31917276,-0.047638124,0.35628949,-0.099801603,0.96380467,0.24722501,1.320981,1.6739782,2.3
14,13750,13.750000,28,1.6154455,1.2154117,1.158075,1.0662311,0.090954414,0.084832352,-0.055946022,0.54915213,-0.34616798,0.55060957,-0.64810404,-0.6710197,-0.36013013,1.9392037,-2.3388244,2.3
14,13750,13.750000,29,1.6154455,0.70995494,1.2733831,0.20094804,-0.2292155,-0.02238891,0.24911908,0.003817164,-0.34597492,0.059512517,0.81513875,0.57245056,0.088595527,1.4820845,0.61225035,2.3
14,13750,13.750000,30,1.6154455,1.5021281,0.88147094,1.4738224,-0.025933944,-0.15931577,0.10894388,0.35996448,0.35918907,0.43706752,-0.48925677,0.77836582,-0.39341386,1.9751383,2.1319581,2.3
14,13750,13.750000,31,1.6154455,1.4891486,1.511163,1.1323364,0.045856943,0.1457378,0.094916117,0.1979868,0.27710588,-0.16560671,-0.96741368,0.19905962,0.15648018,1.4136704,2.9386603,2.3
15,13800,13.800000,0,1.6079942,0.46045594,1.6021067,0.17864014,0.16402196,-0.068531718,0.13312295,-0.041711133,0.5010823,-0.28504663,-0.83907048,-0.091398711,-0.53629004,2.1368318,-3.0330919,2.3
15,13800,13.800000,1,1.6079942,1.5689377,0.40301283,0.42840733,-0.24178035,-0.28565521,-0.0975734,0.2905601,-0.36640088,-0.13891679,0.6648899,0.50708858,0.5484365,0.99030303,0.65155786,2.3
15,13800,13.800000,2,1.6079942,0.47917547,0.37301172,0.48858718,-0.0096856912,0.12764501,-0.072274187,-0.07200331,-0.10404703,0.020204657,0.77462726,-0.14136299,0.61641635,0.9066129,-0.18050532,2.3
15,13800,13.800000,3,1.6079942,0.66833878,0.83152982,0.26598167,0.063989433,0.17691051,-0.017015057,-0.16929152,0.18836278,-0.27113492,-0.8699438,0.24778645,0.42637971,1.1303097,2.8641104,2.3
15,13800,13.800000,4,1.6079942,0.41887108,0.029346688,1.3105284,0.099186584,-0.064994393,0.31440231,0.076717407,-0.42102895,0.9711104,-0.062618922,-0.2327099,-0.97052819,2.8982093,-1.8336559,2.3
15,13800,13.800000,5,1.6079942,0.086306871,0.31060894,1.0700012,-0.03361726,-0.14691744,-0.13978545,0.65632023,-0.28087002,-0.59215198,0.96960772,-0.17909139,-0.16669479,1.7382729,-0.18264651,2.3
15,13800,13.800000,6,1.6079942,0.75975661,0.32937959,1.3555145,0.11482032,0.0072998237,-0.11181643,0.0075495476,0.23229513,0.43047728,-0.50665569,-0.75394203,-0.4181763,2.002233,-2.1624882,2.3
15,13800,13.800000,7,1.6079942,0.52262099,0.53100929,0.99271956,-0.068489143,-0.0056023826,0.013840627,-0.00089201498,0.33742062,0.079498537,0.79419491,0.52893821,0.2991301,1.2670154,0.58754476,2.3
15,13800,13.800000,8,1.6079942,0.23738025,0.87614851,0.32991543,0.066207726,-0.19406798,0.078407302,-0.43332951,-0.75824446,0.35028634,-0.03196783,0.95130621,0.3065853,1.2591928,1.6043878,2.3
15,13800,13.800000,9,1.6079942,0.17910907,0.042803861,0.52807252,2.3283392e-07,0.20248527,-0.040074501,-0.026819697,0.32588054,-0.32517409,-0.57394696,-0.21089982,0.7912687,0.65791527,-2.7894529,2.3
15,13800,13.800000,10,1.6079942,0.5513977,0.96871952,0.83410877,-0.060177091,0.053244221,0.11289637,-0.75068381,0.45570381,-0.95623309,-0.85985358,0.24543557,0.44767533,1.1066324,2.8635477,2.3
15,13800,13.800000,11,1.6079942,0.57077364,1.4626347,0.67381026,-0.044892611,0.033169589,0.27553463,-0.13915385,-0.24143053,-0.50990637,0.83035016,0.5420112,0.1293927,1.4410398,0.57830612,2.3
15,13800,13.800000,12,1.6079942,0.10081382,0.74618789,0.88455267,-0.061431429,-0.13971521,-0.10120013,0.37073616,-0.53117397,0.404392,-0.30034474,-0.14174172,0.94324033,0.33854066,-2.7006521,2.3
15,13800,13.800000,13,1.6079942,0.20047639,1.290887,1.3804402,-0.083870256,-0.043513054,0.097378143,0.058094956,-0.32838812,0.27625094,-0.53939227,0.67062476,0.50923316,1.0365028,2.2481617,2.3
15,13800,13.800000,14,1.6079942,0.48459192,0.5353978,0.022423259,0.092645289,-0.34452869,0.19115675,0.2207556,-0.12887436,-0.52622918,0.55207208,-0.73992234,-0.38435836,1.965309,-0.92978198,2.3
15,13800,13.800000,15,1.6079942,0.95851774,1.5166304,1.2024904,0.24546409,0.055585504,0.05176121,0.19065544,-0.33296218,0.67059823,0.14712077,-0.38204382,0.91235848,0.42178782,-1.2032102,2.3
15,13800,13.800000,16,1.6079942,1.1082416,0.37867237,0.15503724,0.11591224,0.064977531,-0.015613953,0.12909599,-0.17490338,0.36223751,0.23422294,0.91443476,0.33007376,1.2344146,1.3200476,2.3
15,13800,13.800000,17,1.6079942,0.94705851,0.54770455,0.54600218,-0.0090526179,-0.043336758,-0.076342257,-0.16635836,0.025408099,0.086371455,-0.49309751,0.69177271,-0.52754655,2.1265063,2.1900632,2.3
15,13800,13.800000,18,1.6079942,0.065104015,0.22308982,1.5454554,0.29869177,-0.05523537,-0.55698477,-0.033052906,0.071810394,-1.0191853,-0.89349309,-0.069414406,0.44367977,1.1110958,-3.0640596,2.3
15,13800,13.800000,19,1.6079942,1.0239451,0.87808046,1.5674694,-0.26638601,0.091315523,-0.17211513,-0.37482714,-0.099386855,0.10233392,0.19847641,0.081345423,0.97672414,0.2161792,0.38896823,2.3
15,13800,13.800000,20,1.6079942,0.9679195,0.31699151,0.95172966,-0.11796618,0.11149082,0.06844147,-0.16653231,0.05735202,-0.44596289,0.26235766,-0.69118299,-0.67337548,2.3095615,-1.2080184,2.3
15,13800,13.800000,21,1.6079942,0.84472884,0.84172651,1.1811389,-0.031197453,0.14765799,-0.30562222,0.37635446,0.13835693,0.15596585,0.27510325,-0.96088893,-0.031790982,1.6025927,-1.2919545,2.3
15,13800,13.800000,22,1.6079942,1.2760425,0.30732602,1.3025673,-0.063596432,0.094339315,0.050742578,0.14161881,0.28876513,0.23215778,0.3955691,0.89538216,-0.2044893,1.7767383,1.1547924,2.3
15,13800,13.800000,23,1.6079942,1.1912007,0.66817838,0.91949522,-0.20901975,0.04575155,0.0007134496,-0.7966669,0.061205561,0.26094414,-0.60405253,0.16443536,-0.77979584,2.465136,2.8758125,2.3
15,13800,13.800000,24,1.6079942,1.0271332,1.1541283,0.42180727,0.0869797,0.15001837,0.025375727,0.25701407,0.38004773,0.079787271,-0.78709789,0.086102667,0.61078904,0.9137396,3.0326333,2.3
15,13800,13.800000,25,1.6079942,1.2048182,0.11767817,0.52877282,0.06141527,0.36744366,-0.053286837,0.30690622,0.69976333,-0.14192252,0.0047572661,0.86667683,-0.49884731,2.0930646,1.5653073,2.3
15,13800,13.800000,26,1.6079942,1.4127758,0.85770249,0.53550915,-0.038920506,-0.14732641,-0.10493641,-0.55164358,0.009568919,-0.15867575,0.17586595,0.97571262,0.1305988,1.4398234,1.3924674,2.3
15,13800,13.800000,27,1.6079942,1.4668723,1.1803826,0.23368844,-0.004912552,-0.23828985,0.01369099,-0.34992176,-0.044854195,0.15288309,0.11263409,0.98149116,0.15488275,1.4152876,1.456538,2.3
15,13800,13.800000,28,1.6079942,1.2365034,1.1284289,1.0904123,0.11771406,0.060471634,-0.026779361,0.4929252,-0.57950989,0.57524228,-0.75817916,-0.62911558,-0.17139996,1.7430468,-2.44896,2.3
15,13800,13.800000,29,1.6079942,0.70011275,1.2541193,0.20267795,-0.23579822,-0.035810251,0.25178202,-0.20642922,-0.25158434,-0.072497843,0.65110923,0.73143008,-0.20264946,1.7748591,0.84342954,2.3
15,13800,13.800000,30,1.6079942,1.5112006,0.89326932,1.4835694,-0.0098958536,-0.14341483,0.12552725,0.26766381,0.35763453,0.26413696,-0.79926384,0.60093634,0.0072683566,1.5635279,2.4969007,2.3
15,13800,13.800000,31,1.6079942,1.4992798,1.5280259,1.1197359,0.062896214,0.16962621,0.087521445,0.41558555,0.58798793,-0.097913628,-0.98910667,0.026423449,-0.1448095,1.7161168,3.1148845,2.3
16,13850,13.850000,0,1.6074434,0.4567143,0.027823453,0.1730089,0.16043742,-0.034817002,0.12755194,-0.085639568,0.78795529,0.18774603,-0.91315638,-0.13602766,-0.38424198,1.965183,-2.9937158,2.3
16,13850,13.850000,1,1.6074434,1.5862707,0.39559689,0.41772353,-0.22390687,-0.29293435,-0.10811227,0.37665255,0.11578888,-0.38705313,0.30029455,0.9441,0.13600872,1.4343647,1.2628406,2.3
16,13850,13.850000,2,1.6074434,0.4856875,0.37513392,0.4904567,-0.0030083874,0.12989536,-0.070236961,0.20500983,0.15420423,0.11526173,0.61235371,-0.64778218,0.45321208,1.1004309,-0.81350556,2.3
16,13850,13.850000,3,1.6074434,0.66424474,0.82258264,0.2576433,0.060123658,0.16824668,-0.025263731,-0.065881956,-0.52833703,-0.19833211,-0.49818873,0.79876635,-0.33731336,1.9148579,2.1284586,2.3
16,13850,13.850000,4,1.6074434,0.42929189,0.0091794365,1.3462718,0.10975268,-0.085155046,0.35060074,0.33859212,-0.42437151,0.43017479,-0.35519075,-0.15749022,-0.92143169,2.7425457,-2.724244,2.3
16,13850,13.850000,5,1.6074434,0.11528316,0.29996612,1.0436496,-0.0046064408,-0.15745567,-0.16577504,0.51701917,-0.0089752698,-0.41538626,0.99284276,0.10643342,-0.054177227,1.6250001,0.10679284,2.3
16,13850,13.850000,6,1.6074434,0.76929369,0.33562566,1.3698378,0.12461933,0.013659808,-0.097026343,0.38313455,0.033362772,0.20430088,-0.58012408,-0.80337035,-0.13435824,1.7055621,-2.1962095,2.3
16,13850,13.850000,7,1.6074434,0.52256149,0.54344483,0.99802555,-0.068369609,0.0070171992,0.019487622,0.048358205,0.20060952,0.13872543,0.73630681,0.47540407,0.48150104,1.0684298,0.57331841,2.3
16,13850,13.850000,8,1.6074434,0.21156777,0.84153526,0.34892158,0.040472147,-0.22838699,0.097529732,-0.47703814,-0.59714113,0.34579917,-0.28248241,0.92449797,0.25594373,1.3119725,1.8673391,2.3
16,13850,13.850000,9,1.6074434,0.17494827,0.053351209,0.51792593,-0.0040999167,0.21304909,-0.050041918,-0.14478066,0.03267293,-0.019522162,-0.74030938,-0.25607563,0.62158451,0.9000325,-2.8085719,2.3
16,13850,13.850000,10,1.6074434,0.5148839,0.99089049,0.78584648,-0.096508239,0.075750866,0.06491157,-0.79954833,0.39583137,-0.96933526,-0.9157921,0.29798419,0.26931443,1.2981152,2.8270134,2.3
16,13850,13.850000,11,1.6074434,0.56742846,1.4468033,0.64096716,-0.048042825,0.017836644,0.24291675,-0.04562513,-0.31599835,-0.70428678,0.75125598,0.65097205,-0.10885698,1.6798695,0.71400217,2.3
16,13850,13.850000,12,1.6074434,0.11886718,0.72280826,0.90325647,-0.043340433,-0.16284321,-0.08219008,0.38748195,-0.42528894,0.24884101,-0.032215987,-0.44733648,0.89378532,0.46508082,-1.6426896,2.3
16,13850,13.850000,13,1.6074434,0.19579615,1.2638808,1.3976956,-0.088482619,-0.070081597,0.11510941,-0.077706902,-0.70238697,0.39879683,-0.54355503,0.54168975,0.64118652,0.87475288,2.3579133,2.3
16,13850,13.850000,14,1.6074434,0.48224339,0.53152339,0.0084602404,0.090462374,-0.34822033,0.17719902,-0.23762577,-0.048502015,-0.049891402,0.79942665,-0.46151833,0.38460093,1.1760209,-0.52356982,2.3
16,13850,13.850000,15,1.6074434,0.96470675,1.4997337,1.2324172,0.25198255,0.039205539,0.082105169,0.26389573,-0.2625082,0.58309825,0.21300927,-0.62120188,0.7541454,0.71644453,-1.2404619,2.3
16,13850,13.850000,16,1.6074434,1.11501,0.37100494,0.16622336,0.12306149,0.057438512,-0.0043728074,0.076095352,-0.044410656,0.033720965,0.57325772,0.77935119,0.25295713,1.3150608,0.93660259,2.3
16,13850,13.850000,17,1.6074434,0.93552002,0.54438488,0.54546252,-0.020268628,-0.046469358,-0.076694949,-0.23630613,0.061437276,0.010161877,-0.45971594,0.83047419,-0.31460113,1.8908327,2.0763674,2.3
16,13850,13.850000,18,1.6074434,0.059586944,0.22926131,1.4941627,0.29319606,-0.04898639,-0.60775679,-0.13418515,0.18493087,-0.90963421,-0.96929206,-0.24588654,0.0035655594,1.5672308,-2.8931568,2.3
16,13850,13.850000,19,1.6074434,1.0175213,0.87774819,1.5867189,-0.27246015,0.091284014,-0.15232535,0.081769026,0.026422648,0.58789164,-0.31543245,0.19153531,0.92941734,0.37796552,2.5958849,2.3
16,13850,13.850000,20,1.6074434,0.94798196,0.30738962,0.93313389,-0.13757553,0.10199588,0.050168566,-0.48710551,-0.41055296,-0.30888781,0.24155972,-0.66493035,-0.70676483,2.355711,-1.222335,2.3
16,13850,13.850000,21,1.6074434,0.85267621,0.84937621,1.1760127,-0.022959328,0.15559738,-0.31034458,0.0092248434,0.18799732,-0.30729284,0.42565852,-0.86769974,0.25673331,1.3111556,-1.1147294,2.3
16,13850,13.850000,22,1.6074434,1.2850942,0.31910223,1.3119668,-0.054105934,0.10622283,0.060589966,0.13244941,0.31604145,0.1409792,0.61927888,0.758831,-0.20166601,1.7738549,0.88631757,2.3
16,13850,13.850000,23,1.6074434,1.1620183,0.68191933,0.93370065,-0.23779903,0.059723769,0.015236324,-0.35304847,0.3402981,0.27018335,-0.67138264,-0.0022062999,-0.74110761,2.4055149,-3.1383065,2.3
16,13850,13.850000,24,1.6074434,1.0450164,1.1719248,0.43186917,0.10521789,0.16821338,0.035583858,0.30140921,0.33103212,0.19439483,-0.75110064,0.29757654,0.58931827,0.94058157,2.7643774,2.3
16,13850,13.850000,25,1.6074434,1.2163141,0.15156409,0.52517041,0.0733259,0.4013757,-0.056708712,0.16531583,0.60504574,0.015385789,-0.14958392,0.90645659,-0.39491911,1.9767761,1.7343429,2.3
16,13850,13.850000,26,1.6074434,1.3857679,0.84453425,0.53127103,-0.065449089,-0.16020306,-0.1089918,-0.60085959,-0.43667114,-0.1735313,-0.077379537,0.83234709,0.54882668,0.98983634,1.6634954,2.3
16,13850,13.850000,27,1.6074434,1.4562255,1.1802964,0.23772013,-0.015058589,-0.2379716,0.017803424,-0.14966613,0.048709873,-0.038367197,0.36059539,0.91646793,0.17337099,1.3965449,1.1959388,2.3
16,13850,13.850000,28,1.6074434,1.2614843,1.0970396,1.1198948,0.14312293,0.029463557,0.0030817534,0.5586747,-0.66043005,0.63943438,-0.83370656,-0.54825852,0.065923912,1.5048246,-2.5598823,2.3
16,13850,13.850000,29,1.6074434,0.68671094,1.2608345,0.19216829,-0.24896247,-0.028664301,0.24133999,-0.28372331,0.57800351,-0.26233198,0.48922244,0.59681023,-0.63598659,2.2600826,0.88414095,2.3
16,13850,13.850000,30,1.6074434,1.5226961,0.90971841,1.4907244,0.002119398,-0.12665689,0.13319169,0.18132836,0.14095289,0.16060563,-0.87771553,0.33637095,0.34127706,1.2225211,2.7756222,2.3
16,13850,13.850000,31,1.6074434,1.5124231,1.5533068,1.1141617,0.076555434,0.19543497,0.082329904,0.19472934,0.26504234,-0.10893189,-0.92945233,0.031131047,-0.36762648,1.9472518,3.1081112,2.3
17,13900,13.900000,0,1.6102078,0.45348074,0.065543098,0.18076337,0.15642187,0.002822456,0.13500248,0.039608006,0.85281253,0.058290633,-0.94086034,-0.33879462,0.00014657091,1.5706498,-2.7959572,2.3
17,13900,13.900000,1,1.6102078,1.6034229,0.4132931,0.38831432,-0.20949514,-0.27593308,-0.138214,0.20534755,0.48510681,-0.80610502,0.12705137,0.97074962,-0.20372314,1.7759556,1.4406564,2.3
17,13900,13.900000,2,1.6102078,0.50007903,0.39043797,0.50000727,0.010536231,0.14454169,-0.061537341,0.24846644,0.35998486,0.17592248,0.23040362,-0.97022051,0.074741794,1.4959848,-1.3376397,2.3
17,13900,13.900000,3,1.6102078,0.6555262,0.8069422,0.25213342,0.050271243,0.15120622,-0.031211586,-0.29089742,-0.062581594,0.072293094,-0.036636729,0.47328083,-0.88014942,2.6469732,1.6480524,2.3
17,13900,13.900000,4,1.6102078,0.44929177,1.6012217,1.3550716,0.12899774,-0.1033208,0.35707971,0.42498798,-0.34656855,-0.16625297,-0.74556661,-0.124096,-0.65477524,2.2846815,-2.9766594,2.3
17,13900,13.900000,5,1.6102078,0.13880176,0.2950131,1.0244128,0.018693879,-0.16291987,-0.18678857,0.50709732,-0.15730575,-0.4065382,0.97893762,-0.01749502,0.20340859,1.3659583,-0.017869532,2.3
17,13900,13.900000,6,1.6102078,0.79606575,0.33964682,1.3790331,0.15004654,0.017100811,-0.090192693,0.59616923,0.12473707,0.12136112,-0.58209731,-0.75114397,0.31136066,1.2541718,-2.2300737,2.3
17,13900,13.900000,7,1.6102078,0.53392555,0.55879536,1.0078738,-0.057913219,0.021420756,0.027612542,0.33879015,0.25192761,0.21341471,0.49719749,0.3997746,0.77004865,0.69187893,0.67720919,2.3
17,13900,13.900000,8,1.6102078,0.18927214,0.81622412,0.37033981,0.017832124,-0.25512241,0.11833003,-0.37975519,-0.42511419,0.41422073,-0.52103472,0.83432518,0.18006755,1.3897412,2.1290348,2.3
17,13900,13.900000,9,1.6102078,0.16616322,0.037579114,0.53495023,-0.013178043,0.19719886,-0.033922184,-0.22746623,-0.66238276,0.66280115,-0.86410106,-0.23129241,0.44702705,1.1073573,-2.8800554,2.3
17,13900,13.900000,10,1.6102078,0.47539878,1.0084006,0.74320644,-0.13684419,0.091543314,0.020957821,-0.68891737,0.23383487,-0.82446674,-0.89725446,0.39647978,0.19426326,1.37529,2.7255109,2.3
17,13900,13.900000,11,1.6102078,0.56334969,1.4383498,0.60947435,-0.053093099,0.0069043251,0.2103496,-0.17919534,-0.15076159,-0.59451818,0.54018152,0.65241742,-0.53155944,2.1312369,0.87923214,2.3
17,13900,13.900000,12,1.6102078,0.13069369,0.71705117,0.90886441,-0.031728328,-0.16983736,-0.078139015,0.067833713,0.13044991,-0.12789164,0.15107241,-0.52294426,0.83887212,0.57558849,-1.2895648,2.3
17,13900,13.900000,13,1.6102078,0.19386228,1.2310176,1.4191072,-0.090751265,-0.10508834,0.13410103,0.073321687,-0.59247291,0.34551254,-0.48827683,0.28819715,0.82372819,0.6028409,2.6083856,2.3
17,13900,13.900000,14,1.6102078,0.47022042,0.51963397,0.00470374,0.077621088,-0.36101286,0.17343121,-0.41637821,-0.49228385,-0.20272982,0.3603792,0.059105618,0.93093145,0.37384117,0.16256223,2.3
17,13900,13.900000,15,1.6102078,0.97030231,1.4874925,1.2611748,0.25591565,0.02439788,0.10872038,-0.013624313,-0.21889384,0.45453351,0.3543113,-0.62037688,0.69971139,0.79580288,-1.0518808,2.3
17,13900,13.900000,16,1.6102078,1.1196105,0.37035235,0.16118761,0.1257421,0.056148992,-0.0096898497,0.071382759,0.011351976,-0.26575515,0.81248297,0.54952173,0.19467228,1.374873,0.59467557,2.3
17,13900,13.900000,17,1.6102078,0.92424783,0.55130926,0.54767955,-0.03313863,-0.040486336,-0.075417085,-0.29102219,0.074455313,0.062643986,-0.37306125,0.92769165,0.014611993,1.5561838,1.9531456,2.3
17,13900,13.900000,18,1.6102078,0.060649301,0.22942736,1.4636361,0.29415511,-0.049214415,-0.6408246,0.17784283,-0.16588885,-0.51698174,-0.88435193,-0.44046442,-0.15463751,1.7260569,-2.6794945,2.3
17,13900,13.900000,19,1.6102078,1.0353983,0.88160081,0.0072677184,-0.25634685,0.093625103,-0.1243215,0.49761413,0.16021299,0.54004904,-0.89786164,0.1995943,0.39243673,1.167517,2.92285,2.3
17,13900,13.900000,20,1.6102078,0.93141236,0.27914617,0.92025631,-0.15575981,0.073248493,0.03569865,-0.26785551,-0.73887276,-0.19835024,0.42806676,-0.64756125,-0.63041516,2.2528842,-0.98669614,2.3
17,13900,13.900000,21,1.6102078,0.84799729,0.86763301,1.1657181,-0.029099377,0.17237903,-0.32265111,-0.29442691,0.42609489,-0.073653642,0.34723021,-0.63573202,0.68940262,0.81013227,-1.0708833,2.3
17,13900,13.900000,22,1.6102078,1.2792211,0.34529056,1.3114113,-0.062182196,0.13184037,0.057780563,-0.44060756,0.59193724,-0.22432088,0.49964215,0.80782797,-0.31268466,1.8888144,1.0168843,2.3
17,13900,13.900000,23,1.6102078,1.1551698,0.69611343,0.94392168,-0.24663837,0.072733955,0.02384421,-0.078229439,0.098762636,0.0054263681,-0.71823504,-0.00039862217,-0.69580045,2.3403301,-3.1410377,2.3
17,13900,13.900000,24,1.6102078,1.0556349,1.1984076,0.44615687,0.1140316,0.19265973,0.049117219,0.11402457,0.60689173,0.31532002,-0.49258423,0.68574471,0.5358311,1.0053046,2.1937122,2.3
17,13900,13.900000,25,1.6102078,1.2321676,0.17299415,0.53997198,0.087075876,0.42252693,-0.042822238,0.42122845,0.29309575,0.42927017,-0.17520769,0.97766335,-0.11608897,1.6871476,1.7481246,2.3
17,13900,13.900000,26,1.6102078,1.3538061,0.82048815,0.5289059,-0.099764601,-0.18567968,-0.11226778,-0.72679256,-0.54265369,-0.01759327,-0.123179,0.48848207,0.86383575,0.52796162,1.8178134,2.3
17,13900,13.900000,27,1.6102078,1.4553894,1.1914388,0.23179692,-0.018396255,-0.22886685,0.011476831,-0.03679216,0.17121819,-0.098697305,0.48409645,0.8611122,0.15535894,1.4148055,1.0586532,2.3
17,13900,13.900000,28,1.6102078,1.293027,1.0750861,1.1531877,0.17247089,0.0056438139,0.034421735,0.54667871,-0.17147398,0.67338337,-0.79929957,-0.45487042,0.39269977,1.167231,-2.624214,2.3
17,13900,13.900000,29,1.6102078,0.67388059,1.2894505,0.18209466,-0.26296178,-0.0022393388,0.23094481,-0.25188092,0.50940568,-0.17155439,0.29366814,0.10595916,-0.95001667,2.8240856,0.34627473,2.3
17,13900,13.900000,30,1.6102078,1.5334024,0.90729264,1.4980633,0.010200108,-0.13064374,0.13796288,0.17880976,-0.24315539,0.028252048,-0.85774447,-0.064331213,0.51003521,1.0355706,-3.0667324,2.3
17,13900,13.900000,31,1.6102078,1.5255356,1.5552561,1.1156062,0.087057935,0.1947136,0.081858728,0.077420039,-0.29985476,-0.0024185832,-0.73164511,0.31829913,-0.60281099,2.2178158,2.731244,2.3
18,13950,13.950000,0,1.6183317,0.45821925,0.10658753,0.18088088,0.1588663,0.043434016,0.13420998,0.094814282,0.7843114,-0.22739431,-0.80091364,-0.55464301,0.22562908,1.3432076,-2.5359093,2.3
18,13950,13.950000,1,1.6183317,1.6073035,0.4306309,0.34592265,-0.21369367,-0.26071873,-0.18245349,-0.28760871,0.17902353,-0.88978837,-0.090367161,0.84073615,-0.53385063,2.1339442,1.677871,2.3
18,13950,13.950000,2,1.6183317,0.51359004,0.41311734,0.50844749,0.021496637,0.16519922,-0.05563464,0.084381545,0.50190891,0.20830673,-0.26133723,-0.94601197,-0.19173996,1.763731,-1.8403257,2.3
18,13950,13.950000,3,1.6183317,0.64493497,0.8181108,0.26340002,0.036407598,0.15828578,-0.021242157,-0.26885681,0.18776172,0.17962644,0.22008402,-0.033832261,-0.97489405,2.917041,-0.15253029,2.3
18,13950,13.950000,4,1.6183317,0.47296424,1.5877973,1.3519314,0.15034969,-0.12476979,0.34712793,0.44896341,-0.46532809,-0.15704605,-0.94762951,0.17583353,-0.26660999,1.8406703,2.9581282,2.3
18,13950,13.950000,5,1.6183317,0.16632557,0.28665949,1.0066748,0.045450074,-0.17273719,-0.20963751,0.55123715,-0.2963236,-0.56984628,0.80506375,-0.35695847,0.47376473,1.0772355,-0.41734477,2.3
18,13950,13.950000,6,1.6183317,0.83598895,0.34803315,1.3867493,0.18586325,0.023756789,-0.089435985,0.75774685,0.13300342,0.016194569,-0.30838211,-0.68614931,0.65886235,0.85149087,-1.9931834,2.3
18,13950,13.950000,7,1.6183317,0.55762401,0.57331758,1.0218751,-0.036961271,0.033094342,0.036506419,0.47342422,0.14377433,0.10408425,0.037855567,0.19991199,0.9790823,0.20489526,1.383651,2.3
18,13950,13.950000,8,1.6183317,0.17704395,0.81722267,0.39427967,0.0046820887,-0.2582341,0.14034604,-0.071603822,0.19063199,0.48599605,-0.77568961,0.57881869,0.25154432,1.3165208,2.5005287,2.3
18,13950,13.950000,9,1.6183317,0.14931564,0.00096656939,0.58045771,-0.030819567,0.16048909,0.0087788908,-0.49050738,-0.68120954,0.93191144,-0.92219482,-0.26470632,0.28193487,1.2849861,-2.8620682,2.3
18,13950,13.950000,10,1.6183317,0.4450964,1.0153409,0.70578392,-0.169463,0.093391307,-0.020111026,-0.63904493,-0.13146068,-0.77366103,-0.73129739,0.65717694,0.18254479,1.3872222,2.4095265,2.3
18,13950,13.950000,11,1.6183317,0.5644409,1.4482201,0.5924002,-0.054839736,0.0095112655,0.19025107,-0.030995332,0.23269609,-0.16501593,0.23094736,0.49699139,-0.83645853,2.5615851,1.1357929,2.3
18,13950,13.950000,12,1.6183317,0.123597,0.73462871,0.91328884,-0.039464934,-0.15591257,-0.078299634,-0.2254086,0.41788012,0.049562563,0.29211996,-0.32820214,0.89830356,0.45490321,-0.84349954,2.3
18,13950,13.950000,13,1.6183317,0.20397129,1.215868,1.4387869,-0.081643256,-0.1263951,0.14658948,0.2709718,-0.24441862,0.18146463,-0.49985211,0.0016115223,0.86610927,0.52343102,3.1383687,2.3
18,13950,13.950000,14,1.6183317,0.43714406,0.48628536,1.6146073,0.042261325,-0.39689288,0.1650005,-0.83260015,-0.76128344,-0.090742809,-0.51571527,0.16433752,0.84085132,0.5719422,2.8331063,2.3
18,13950,13.950000,15,1.6183317,0.980678,1.4785294,1.2883491,0.26138216,0.0079712496,0.12947951,0.14706538,-0.37423184,0.45182933,0.38457947,-0.39016014,0.83658454,0.57977754,-0.79260131,2.3
18,13950,13.950000,16,1.6183317,1.1285236,0.3785724,0.1507424,0.12899829,0.06248458,-0.020920039,0.097525956,0.13815503,-0.14540036,0.93328098,0.34215968,0.1091484,1.46143,0.35140386,2.3
18,13950,13.950000,17,1.6183317,0.92007034,0.55925866,0.55733162,-0.041956999,-0.035331403,-0.068545486,-0.13416825,0.074889993,0.1034596,-0.31597256,0.81671361,0.48284596,1.0668946,1.939944,2.3
18,13950,13.950000,18,1.6183317,0.067180638,0.21972715,1.4511154,0.30036483,-0.060044893,-0.66067979,0.13727801,-0.20869908,-0.34747379,-0.62929259,-0.71781599,-0.29787756,1.8732648,-2.2905752,2.3
18,13950,13.950000,19,1.6183317,1.0621985,0.89222029,0.026180181,-0.23482468,0.099781194,-0.10549309,0.40532392,0.20716031,0.33329013,-0.95557356,0.09952656,-0.27744122,1.8519261,3.0378131,2.3
18,13950,13.950000,20,1.6183317,0.92669168,0.24379828,0.91316907,-0.16515606,0.036584493,0.023997922,-0.10129998,-0.69447088,-0.16719059,0.60929859,-0.65451608,-0.4476203,2.0348987,-0.82116148,2.3
18,13950,13.950000,21,1.6183317,0.83540352,0.89784434,1.1714543,-0.045929158,0.19814809,-0.32279586,-0.37631614,0.62938336,0.044863217,-0.052666969,-0.2541917,0.96571879,0.26259814,-1.7750994,2.3
18,13950,13.950000,22,1.6183317,1.2587341,0.37881097,1.3025675,-0.089055573,0.16353893,0.042359188,-0.51397063,0.5963077,-0.34360556,0.042583988,0.90933098,-0.41388859,1.9975179,1.5240005,2.3
18,13950,13.950000,23,1.6183317,1.1621261,0.69852225,0.94698827,-0.24551306,0.071633465,0.022152733,0.15686386,-0.17679152,0.019885856,-0.69988969,0.18609579,-0.68958159,2.3317075,2.8817127,2.3
18,13950,13.950000,24,1.6183317,1.0603581,1.2286964,0.46777438,0.11343036,0.21684139,0.068435144,-0.059822623,0.4446121,0.44877437,0.10881903,0.96125561,0.25327074,1.3147366,1.4580711,2.3
18,13950,13.950000,25,1.6183317,1.2673274,0.18296331,0.56809244,0.11594634,0.43160046,-0.017489818,0.60680763,0.10166674,0.5693435,-0.12060839,0.98466583,0.1260429,1.4444173,1.6926759,2.3
18,13950,13.950000,26,1.6183317,1.3254098,0.80114722,0.52685703,-0.13490274,-0.20910124,-0.11697328,-0.60009491,-0.46213864,-0.24192823,-0.063828132,0.0019802328,0.99795894,0.063902325,3.1105781,2.3
18,13950,13.950000,27,1.6183317,1.4661174,1.2120933,0.23174761,-0.015019523,-0.21426026,0.010261103,0.10808608,0.36908785,-0.021307264,0.40483934,0.89955244,0.16404427,1.4060072,1.1479047,2.3
18,13950,13.950000,28,1.6183317,1.3279453,1.0781868,1.1933921,0.20079433,0.0033262272,0.068721758,0.52154469,0.078006414,0.64123968,-0.65801012,-0.32200568,0.68068718,0.82209607,-2.686491,2.3
18,13950,13.950000,29,1.6183317,0.66750959,1.3176252,0.16629359,-0.27270815,0.019375428,0.21426699,-0.14472654,0.42987351,-0.54428483,-0.087743939,-0.25172902,-0.96381196,2.8717467,-1.9061922,2.3
18,13950,13.950000,30,1.6183317,1.5451377,0.88734855,1.5109514,0.014188867,-0.15510381,0.14327943,-0.069596475,-0.77274517,0.047933869,-0.71217625,-0.36092325,0.60211244,0.92465204,-2.6725284,2.3
18,13950,13.950000,31,1.6183317,1.5371338,1.5418803,1.1189232,0.090949626,0.1735444,0.079552994,0.10521194,-0.51885481,-0.077541872,-0.50384871,0.55281901,-0.66372254,2.296581,2.3098835,2.3
19,14000,14.000000,0,1.6191932,0.46477416,0.13061534,0.1761911,0.16517561,0.06739871,0.12942519,0.23180025,0.10008174,0.049924309,-0.80822628,-0.4189198,0.41385562,1.144111,-2.6633967,2.3
19,14000,14.000000,1,1.6191932,1.5916808,0.43725128,0.30099121,-0.23016754,-0.25432928,-0.22755707,-0.4438964,0.16609664,-0.91977433,-0.43587239,0.49083006,-0.75438791,2.4255175,2.2969593,2.3
19,14000,14.000000,2,1.6191932,0.50618752,0.44349542,0.52566987,0.013822766,0.19534937,-0.038687426,-0.42764739,0.5869267,0.49728371,-0.58265283,-0.75799117,-0.293198,1.8683665,-2.226146,2.3
19,14000,14.000000,3,1.6191932,0.63702443,0.83170461,0.27448725,0.028155936,0.1714406,-0.010298046,-0.063760044,0.23391952,0.1800752,0.28627883,-0.72398596,-0.62760557,2.2492701,-1.1942441,2.3
19,14000,14.000000,4,1.6191932,0.50136212,1.5671363,1.3492069,0.17848832,-0.1462703,0.34368467,0.56268752,-0.41017932,-0.075991363,-0.8795277,0.46347073,0.10782349,1.4627628,2.656615,2.3
19,14000,14.000000,5,1.6191932,0.19946702,0.26939167,0.97952747,0.078494193,-0.19015296,-0.23731337,0.6635521,-0.29650064,-0.60919786,0.57770183,-0.46948018,0.66771922,0.83965563,-0.68241815,2.3
19,14000,14.000000,6,1.6191932,0.85960216,0.3503024,1.390666,0.20902529,0.025840216,-0.086258252,-0.021998832,0.010473418,0.08925825,0.17082178,-0.60593913,0.77695411,0.68098321,-1.2960151,2.3
19,14000,14.000000,7,1.6191932,0.57263049,0.58213,1.0218803,-0.022255534,0.04159931,0.035967797,0.23414322,0.12582524,-0.081389157,-0.40799292,-0.155419,0.89965922,0.45180798,-2.7776284,2.3
19,14000,14.000000,8,1.6191932,0.1677533,0.82584728,0.409303,-0.0047003081,-0.25004669,0.15515554,-0.38720587,0.028210818,0.031203493,-0.82299005,0.21455542,0.52597846,1.0169312,2.8865669,2.3
19,14000,14.000000,9,1.6191932,0.12202625,1.5852305,0.62535806,-0.058181158,0.12556862,0.053358387,-0.57708004,-0.77257706,0.91128241,-0.86638767,-0.39445763,0.30622798,1.2595682,-2.7143483,2.3
19,14000,14.000000,10,1.6191932,0.40860016,1.0115754,0.67909774,-0.2061864,0.089086521,-0.047165708,-0.79800172,-0.04879959,-0.30697777,-0.50142593,0.86071393,0.087997581,1.4826848,2.0983009,2.3
19,14000,14.000000,11,1.6191932,0.5678957,1.4598574,0.5903455,-0.051686239,0.020374676,0.18788166,0.09796156,0.16276023,-0.057075482,0.10360012,0.41695394,-0.90300411,2.6975076,1.3272591,2.3
19,14000,14.000000,12,1.6191932,0.11483663,0.75559394,0.91400841,-0.048288744,-0.13534386,-0.078066283,-0.13695197,0.34393579,0.085300353,0.55076882,-0.093555503,0.82939802,0.59276705,-0.16825746,2.3
19,14000,14.000000,13,1.6191932,0.22321726,1.207107,1.4455435,-0.06251095,-0.13580083,0.15257868,0.42873597,-0.083127665,0.055742879,-0.48288325,-0.1363694,0.86500125,0.52564347,-2.8663537,2.3
19,14000,14.000000,14,1.6191932,0.39632217,0.47337523,1.6055547,0.0012176599,-0.41005836,0.15509101,-0.6484062,0.25375777,-0.25169953,-0.9871459,-0.064528654,0.14621566,1.4240546,-3.0763166,2.3
19,14000,14.000000,15,1.6191932,0.9900679,1.4631277,1.3099239,0.27024767,-0.0082131523,0.15036295,0.22977588,-0.30511021,0.38929752,0.26943958,-0.070726014,0.96041665,0.28230226,-0.25670182,2.3
19,14000,14.000000,16,1.6191932,1.133465,0.38566221,0.14148961,0.13333776,0.069371034,-0.030250587,0.11433553,0.097392126,-0.17480966,0.99202107,0.12320079,0.026753666,1.5440395,0.12355906,2.3
19,14000,14.000000,17,1.6191932,0.92023142,0.57061771,0.56328468,-0.042285607,-0.024272998,-0.062890615,0.094359111,0.25050462,0.2045032,-0.41769859,0.4423131,0.79365421,0.65400407,2.3275812,2.3
19,14000,14.000000,18,1.6191932,0.078072046,0.20457145,1.4346388,0.31121759,-0.0753135,-0.67792426,0.16370802,-0.41714581,-0.41396563,-0.13122183,-0.89531727,-0.42566163,2.0104893,-1.7163248,2.3
19,14000,14.000000,19,1.6191932,1.08043,0.90081635,0.045447281,-0.21716335,0.10790014,-0.086245043,0.37013477,0.18750633,0.37173932,-0.64346193,-0.14334329,-0.75193713,2.421792,-2.9224028,2.3
19,14000,14.000000,20,1.6191932,0.91987613,0.20620747,0.90768861,-0.17246296,-0.0011260591,0.018032954,-0.16054766,-0.84271043,-0.022773392,0.62948568,-0.75404099,-0.18753659,1.75945,-0.87518352,2.3
19,14000,14.000000,21,1.6191932,0.81846057,0.92818951,1.1785518,-0.063312186,0.22800737,-0.3163237,-0.28419828,0.64872765,0.22866749,-0.42139666,0.20948515,0.88234961,0.48996442,2.6802508,2.3
19,14000,14.000000,22,1.6191932,1.2387257,0.40173312,1.2825642,-0.10972858,0.18625339,0.021668042,-0.12381624,0.35401086,-0.33302334,-0.54628349,0.80071275,-0.24583214,1.8191744,2.1695076,2.3
19,14000,14.000000,23,1.6191932,1.1706276,0.69555837,0.94961704,-0.2376323,0.068298645,0.024276838,0.29733854,0.14832759,-0.0035718931,-0.7380885,0.46331286,-0.49047585,2.083432,2.5810398,2.3
19,14000,14.000000,24,1.6191932,1.0573642,1.2537759,0.49331637,0.10987303,0.24126032,0.093721395,-0.039592004,0.52006148,0.5262692,0.71733844,0.68555526,-0.12425596,1.6953743,0.76274659,2.3
19,14000,14.000000,25,1.6191932,1.2950196,0.1870303,0.59423815,0.14295679,0.435569,0.0083466073,0.48467932,0.07037246,0.34121377,-0.18209228,0.93322642,0.30972705,1.2558904,1.7634964,2.3
19,14000,14.000000,26,1.6191932,1.3061022,0.77937108,0.50909539,-0.15491056,-0.23129794,-0.13501057,-0.2346663,-0.45427788,-0.3706025,0.11716271,-0.29665586,0.94777012,0.32462587,-1.1946554,2.3
19,14000,14.000000,27,1.6191932,1.4724171,1.2283991,0.22840177,-0.0095017715,-0.19860386,0.00679282,0.031589518,0.30119423,-0.13274131,0.27976622,0.92709017,0.24946879,1.3186647,1.2777182,2.3
19,14000,14.000000,28,1.6191932,1.3464288,1.0860662,1.2172697,0.2185662,0.01062974,0.091957922,0.14977341,0.28759691,0.28736293,-0.45916541,-0.18502543,0.86886864,0.51788398,-2.7585369,2.3
19,14000,14.000000,29,1.6191932,0.6649637,1.3364744,0.12492903,-0.2756086,0.037518333,0.17282494,-0.010831718,0.3535684,-0.90365883,-0.49300056,-0.5356551,-0.68558301,2.3262006,-2.3147519,2.3
19,14000,14.000000,30,1.6191932,1.5427665,0.83863153,1.5257575,0.010996019,-0.2042801,0.15727753,0.096070187,-1.0324484,0.45277366,-0.41091091,-0.50456575,0.75931919,0.70853009,-2.2542474,2.3
19,14000,14.000000,31,1.6191932,1.5418856,1.5147394,1.1178014,0.094882079,0.14559016,0.077835986,0.04225109,-0.70435993,-0.0043542935,-0.40998159,0.63081017,-0.65878192,2.2899949,2.1471214,2.3
20,14050,14.050000,0,1.615299,0.47209101,0.12373499,0.18132581,0.17362042,0.060824584,0.13499034,0.11865709,-0.20800052,0.21395187,-0.92581631,0.11521363,0.35998608,1.2025434,3.0177837,2.3
20,14050,14.050000,1,1.615299,1.574884,0.44110258,0.25650933,-0.24315195,-0.24942048,-0.27136781,0.022971729,0.12797192,-0.88016737,-0.59924766,0.011572015,-0.80048007,2.4988921,3.1222841,2.3
20,14050,14.050000,2,1.615299,0.4713004,0.46815857,0.54728011,-0.019887542,0.22111014,-0.015785355,-0.88561615,0.40033879,0.37048928,-0.78433184,-0.51797999,-0.34135068,1.9191498,-2.5579346,2.3
20,14050,14.050000,3,1.615299,0.63817804,0.84163548,0.28023474,0.030844851,0.18338612,-0.0038826826,0.12378525,0.28857279,0.12433932,0.051428798,-0.95468928,0.29312703,1.2733004,-1.5169787,2.3
20,14050,14.050000,4,1.615299,0.52551127,1.5465789,1.3416681,0.20387382,-0.16307893,0.33938552,0.47239075,-0.23069534,-0.18389455,-0.62056398,0.69370009,0.36562349,1.1964937,2.3006039,2.3
20,14050,14.050000,5,1.615299,0.23365031,0.25510922,0.94465452,0.113199,-0.20380396,-0.26986973,0.75070423,-0.13205608,-0.56363848,0.62558293,-0.40934686,0.66413941,0.84445422,-0.57942341,2.3
20,14050,14.050000,6,1.615299,0.83138643,0.34638801,1.3947676,0.1828454,0.022764614,-0.078803099,-0.81463752,-0.1493017,0.30600401,0.62929881,-0.49930899,0.59554474,0.93285273,-0.67072631,2.3
20,14050,14.050000,7,1.615299,0.58197419,0.58134058,1.0167855,-0.011521722,0.042210667,0.033327509,0.26221313,-0.020991391,-0.035951786,-0.63885705,-0.50343524,0.58173415,0.94993722,-2.4741964,2.3
20,14050,14.050000,8,1.615299,0.14017324,0.82621267,0.39532974,-0.031909672,-0.24769227,0.14215101,-0.67201621,0.030147381,-0.49309109,-0.60998071,-0.061198213,0.79004956,0.65990649,-3.0415991,2.3
20,14050,14.050000,9,1.615299,0.090861948,1.5442432,0.66597454,-0.089089197,0.088349027,0.095529646,-0.55022168,-0.70689929,0.93122824,-0.76466654,-0.53408303,0.36061114,1.2018733,-2.5319062,2.3
20,14050,14.050000,10,1.615299,0.3748087,1.0152452,0.66862648,-0.23903472,0.095196454,-0.056014374,-0.60008999,0.32738158,-0.1313521,-0.1787005,0.96292491,-0.20209339,1.7742913,1.7542897,2.3
20,14050,14.050000,11,1.615299,0.57195509,1.4639625,0.58891872,-0.046254504,0.028000038,0.18787467,0.14711495,0.16017292,0.047199966,0.040029049,0.28925036,-0.95641618,2.845268,1.4332808,2.3
20,14050,14.050000,12,1.615299,0.10978096,0.7683722,0.92335509,-0.053073995,-0.12073079,-0.066507472,-0.069971951,0.16129034,0.42151766,0.73460394,0.19866166,0.64876082,0.86484139,0.26411602,2.3
20,14050,14.050000,13,1.615299,0.2468221,1.1946001,1.445911,-0.038340167,-0.1454162,0.15642728,0.42511506,-0.38203417,0.049330588,-0.51290069,-0.32980385,0.7925669,0.65578925,-2.5701421,2.3
20,14050,14.050000,14,1.615299,0.36976453,0.50461033,1.5916713,-0.024417683,-0.37764576,0.145057,-0.40785483,0.8096823,-0.17917109,-0.86632127,-0.26777904,-0.42164183,2.0060515,-2.8418092,2.3
20,14050,14.050000,15,1.615299,1.0002112,1.4501323,1.3297684,0.28278719,-0.017701071,0.17338554,0.29775779,-0.15977239,0.53237553,0.11617364,0.22997226,0.9662383,0.26058937,1.1030263,2.3
20,14050,14.050000,16,1.615299,1.1362573,0.39092013,0.13498356,0.13886276,0.075563939,-0.036423786,-0.0054756676,0.060609989,-0.087831821,0.99538761,-0.070606318,-0.064948056,1.6357901,-0.07081488,2.3
20,14050,14.050000,17,1.615299,0.92690409,0.5819744,0.56961834,-0.033389048,-0.011528615,-0.055192973,0.13448972,0.19545658,0.12472933,-0.42889663,-0.094610565,0.89838551,0.45471666,-2.9244791,2.3
20,14050,14.050000,18,1.615299,0.079205074,0.18183948,1.4084429,0.31253998,-0.097580281,-0.70069717,-0.017544903,-0.46268414,-0.45764526,0.54599795,-0.80935293,-0.21641179,1.788934,-0.97731432,2.3
20,14050,14.050000,19,1.615299,1.0898249,0.90379646,0.066683593,-0.20515546,0.11305294,-0.064873698,0.14700412,0.06881927,0.50981164,-0.11360013,-0.33620318,-0.93491306,2.7788103,-1.8966434,2.3
20,14050,14.050000,20,1.615299,0.90863863,0.16420273,0.90804703,-0.18149902,-0.042684894,0.020577453,-0.28481338,-0.87650719,0.062121091,0.55716315,-0.82428649,0.10060322,1.4700226,-0.97640538,2.3
20,14050,14.050000,21,1.615299,0.80247822,0.95935387,1.1890175,-0.077343015,0.2614443,-0.30300747,-0.27565319,0.78807458,0.25321536,-0.61159388,0.73248357,0.29903302,1.2671172,2.2664933,2.3
20,14050,14.050000,22,1.615299,1.2450559,0.41219482,1.256663,-0.10040795,0.19769505,-0.0011760836,0.38301989,0.17557949,-0.50969483,-0.7956641,0.59360974,0.12060732,1.4498947,2.5006207,2.3
20,14050,14.050000,23,1.615299,1.1806703,0.70822315,0.94066389,-0.22475869,0.082653536,0.0175995,0.18774177,0.40441303,-0.19606828,-0.87123552,0.47352753,0.12930716,1.4411261,2.6437438,2.3
20,14050,14.050000,24,1.615299,1.06039,1.2731079,0.52092144,0.11544849,0.26363462,0.12254761,0.11879628,0.36673763,0.6519137,0.91900669,0.050359708,-0.39101228,1.9725275,0.054743227,2.3
20,14050,14.050000,25,1.615299,1.3127955,0.19699575,0.60962464,0.16387242,0.44599682,0.025182531,0.3958583,0.33163199,0.23844088,-0.12313074,0.88909033,0.44085962,1.1142402,1.7084117,2.3
20,14050,14.050000,26,1.615299,1.3039997,0.75711011,0.48899056,-0.15387065,-0.25170908,-0.15391377,0.27798232,-0.40632861,-0.41000804,0.33352347,-0.44987958,0.82847478,0.59441764,-0.93284671,2.3
20,14050,14.050000,27,1.615299,1.4709927,1.2392394,0.22133145,-0.0073823949,-0.18479258,0.00026395921,0.1064432,0.26570097,-0.16873124,-0.022355801,0.94838997,0.31631736,1.2489513,1.5943643,2.3
20,14050,14.050000,28,1.615299,1.3480878,1.1002389,1.2239717,0.22346931,0.027434702,0.10159904,0.082204162,0.31969671,0.049540529,-0.33787335,0.042195613,0.94024525,0.34744646,3.01735,2.3
20,14050,14.050000,29,1.615299,0.66676363,1.3503445,0.079095085,-0.27220532,0.054623305,0.12723657,0.11028192,0.24535529,-0.89134734,-0.7171389,-0.67743862,-0.16367258,1.7352086,-2.3846544,2.3
20,14050,14.050000,30,1.615299,1.5420074,0.78477314,1.5457906,0.013950894,-0.25618405,0.18100869,0.074443893,-1.0027611,0.37952394,-0.26217016,-0.47204186,0.84169074,0.57038948,-2.0777729,2.3
20,14050,14.050000,31,1.615299,1.5401656,1.4737257,1.1127814,0.096872813,0.10817441,0.075501552,0.021629104,-0.66250797,-0.21769722,-0.44758683,0.55764454,-0.69906981,2.3448921,2.2471439,2.3
21,14100,14.100000,0,1.6132869,0.47236187,0.11637716,0.1947924,0.17447988,0.053616385,0.14869134,-0.0039735488,0.013963436,0.2504726,-0.86990961,0.46066606,0.17619323,1.3936785,2.6545806,2.3
21,14100,14.100000,1,1.6132869,1.5848392,0.43560653,0.22330829,-0.23122751,-0.25437015,-0.30426983,0.3988392,-0.57922397,-0.49772665,-0.37611348,-0.56005724,-0.73815617,2.4011295,-2.1621807,2.3
21,14100,14.100000,2,1.6132869,0.42141092,0.48435664,0.56040111,-0.06922069,0.23790185,-0.0019740252,-1.0191024,0.25977626,0.17654946,-0.82270958,-0.35361923,-0.44508695,2.0320677,-2.7356443,2.3
21,14100,14.100000,3,1.6132869,0.64340104,0.85617794,0.28203002,0.036866555,0.19898669,-0.0017369938,0.10491861,0.18539895,-0.03599366,-0.21051351,-0.26127401,0.9420297,0.34216726,-2.2490149,2.3
21,14100,14.100000,4,1.6132869,0.54626018,1.5377367,1.3244233,0.22529068,-0.16999891,0.32380226,0.36511011,-0.017169047,-0.47675016,-0.29164774,0.78421255,0.54767898,0.99120867,1.9268454,2.3
21,14100,14.100000,5,1.6132869,0.27005286,0.2498152,0.91808232,0.14991547,-0.2087833,-0.29528106,0.70996756,-0.14957575,-0.4699216,0.75790632,-0.41727286,0.50145925,1.0455117,-0.50327301,2.3
21,14100,14.100000,6,1.6132869,0.78477658,0.33880716,1.408092,0.13724276,0.015610783,-0.063731916,-0.91618633,-0.11356986,0.21660363,0.8340587,-0.48554311,0.26190452,1.3058012,-0.52718737,2.3
21,14100,14.100000,7,1.6132869,0.59238385,0.57486744,1.0137114,-0.00038018156,0.03645809,0.031518808,0.26110824,-0.05111927,-0.10679512,-0.72626447,-0.60741486,0.32184951,1.243114,-2.4450738,2.3
21,14100,14.100000,8,1.6132869,0.1106424,0.82351176,0.36843558,-0.061284214,-0.24936506,0.11573283,-0.32834621,0.071035315,-0.51087771,-0.33874801,-0.29025965,0.89498554,0.46239754,-2.4331294,2.3
21,14100,14.100000,9,1.6132869,0.06980479,1.5082329,0.69997552,-0.11004623,0.05424103,0.13038192,-0.27241342,-0.72988759,0.50263896,-0.65828209,-0.64565643,0.38703031,1.1733876,-2.3658769,2.3
21,14100,14.100000,10,1.6132869,0.35237283,1.0351099,0.6661901,-0.2610174,0.11633903,-0.057618873,-0.33362544,0.52421709,-0.095029307,-0.048645372,0.87499717,-0.48167789,2.0733647,1.626334,2.3
21,14100,14.100000,11,1.6132869,0.57753524,1.477762,0.5941608,-0.039957972,0.043632831,0.19385406,0.068463282,0.3128413,0.15181581,0.090567997,0.14784625,-0.98485477,2.9673307,1.0211765,2.3
21,14100,14.100000,12,1.6132869,0.10328816,0.77410823,0.94211297,-0.059434002,-0.11403346,-0.046587003,-0.2002258,0.12964367,0.42420212,0.65447632,0.62125549,0.43093198,1.125271,0.75936344,2.3
21,14100,14.100000,13,1.6132869,0.26095194,1.1710472,1.4490532,-0.023893867,-0.16749476,0.16137367,0.19462449,-0.46541315,0.080653018,-0.60717504,-0.43360568,0.66582625,0.84219564,-2.5214422,2.3
21,14100,14.100000,14,1.6132869,0.3441096,0.54417303,1.5808307,-0.049627728,-0.33742942,0.13619349,-0.53129581,0.77827157,-0.16857092,-0.36625626,-0.33974661,-0.86627282,2.6184889,-2.3937258,2.3
21,14100,14.100000,15,1.6132869,1.0136041,1.4395913,1.3480888,0.29743516,-0.026441145,0.19337489,0.22670108,-0.12255213,0.21825783,-0.12604249,0.58422734,0.80174292,0.6405906,1.7832818,2.3
21,14100,14.100000,16,1.6132869,1.1274915,0.39577126,0.13212619,0.1315078,0.080905349,-0.039114683,-0.29821782,0.13344206,0.0075017878,0.83791834,-0.44759337,-0.31233481,1.8884461,-0.49061083,2.3
21,14100,14.100000,17,1.6132869,0.9283015,0.58719671,0.57628093,-0.030835441,-0.0055776555,-0.047816237,0.014113606,0.014814497,0.13408434,-0.12906839,-0.63901859,0.7582853,0.71011747,-1.7700941,2.3
21,14100,14.100000,18,1.6132869,0.076900246,0.15469222,1.3954395,0.31033244,-0.12451782,-0.71195321,-0.054734463,-0.5963712,0.033249839,0.95652041,-0.27737764,0.090168457,1.4805052,-0.28224461,2.3
21,14100,14.100000,19,1.6132869,1.0932871,0.90948447,0.087402087,-0.20033279,0.11987102,-0.044059167,-0.016522621,0.27179949,0.3020761,0.23711305,-0.49847048,-0.83384925,2.5568411,-1.1267923,2.3
21,14100,14.100000,20,1.6132869,0.89778535,0.12093923,0.90574749,-0.19122651,-0.085770713,0.019408297,-0.13911392,-0.90911129,-0.11107084,0.30910896,-0.90822237,0.28210596,1.2848078,-1.2427486,2.3
21,14100,14.100000,21,1.6132869,0.78328397,1.0049002,1.1977768,-0.095548995,0.30821476,-0.29276071,-0.39117892,1.0811887,0.1877394,-0.4162551,0.76203468,-0.49601899,2.0898043,2.0707495,2.3
21,14100,14.100000,22,1.6132869,1.266458,0.41910267,1.2337835,-0.077440598,0.20512098,-0.022503448,0.51485672,0.23097199,-0.23544103,-0.77256602,0.43500437,0.46250725,1.0899753,2.6287746,2.3
21,14100,14.100000,23,1.6132869,1.1950506,0.72993036,0.92692445,-0.20889773,0.10525704,0.0050239712,0.29171291,0.47598393,-0.22302457,-0.59687895,0.35262801,0.72068648,0.76600429,2.6079754,2.3
21,14100,14.100000,24,1.6132869,1.0642168,1.2845764,0.54973375,0.12059935,0.27669716,0.15202718,0.19358437,0.11944778,0.53247554,0.5748422,-0.68791257,-0.4430945,2.0298439,-0.87470262,2.3
21,14100,14.100000,25,1.6132869,1.3264697,0.21782814,0.621305,0.17919147,0.46708774,0.037630024,0.27778513,0.41044093,0.3046205,-0.023417496,0.90608028,0.42245727,1.1346416,1.5966354,2.3
21,14100,14.100000,26,1.6132869,1.3332883,0.73766759,0.4681659,-0.12293839,-0.27022003,-0.17414193,0.66467547,-0.39395534,-0.40710055,0.44336479,-0.56067924,0.69933286,0.79633259,-0.9017127,2.3
21,14100,14.100000,27,1.6132869,1.4738885,1.251013,0.21087908,-0.0026512521,-0.17146702,-0.009919061,0.11873993,0.28550459,-0.20477128,-0.53684159,0.8181101,0.20614794,1.3631596,2.1515158,2.3
21,14100,14.100000,28,1.6132869,1.3449678,1.1031255,1.2287887,0.2220276,0.031694462,0.10794469,-0.22438929,-0.077337465,0.22167019,-0.11305759,0.38097135,0.91764852,0.40867413,1.8592793,2.3
21,14100,14.100000,29,1.6132869,0.67042959,1.348373,0.043885547,-0.267706,0.054333674,0.092103658,0.095347873,-0.16311761,-0.43730776,-0.75257576,-0.57804876,0.31541934,1.2498978,-2.4866117,2.3
21,14100,14.100000,30,1.6132869,1.5438699,0.74177672,1.5562307,0.017736555,-0.29822911,0.19338203,0.063222309,-0.58712731,0.14392108,-0.10194069,-0.32377552,0.94062612,0.34632616,-1.8758206,2.3
21,14100,14.100000,31,1.6132869,1.5415311,1.4435894,1.1089504,0.10015879,0.07985614,0.073055172,0.16935568,-0.42968631,0.13588977,-0.62082761,0.3886111,-0.68084837,2.3197166,2.5823058,2.3
22,14150,14.150000,0,1.6113458,0.46829739,0.11641018,0.20336056,0.17098165,0.053789543,0.15749918,-0.06104552,-0.058901451,0.13911623,-0.80297583,0.59508863,0.033156341,1.5376339,2.5038093,2.3
22,14150,14.150000,1,1.6113458,1.5999215,0.37853748,0.2081819,-0.21422813,-0.31094913,-0.31913648,0.22654249,-1.4340144,-0.18972874,0.12020168,-0.85057175,-0.51193677,2.1082342,-1.4304073,2.3
22,14150,14.150000,2,1.6113458,0.38063809,0.50137319,0.56683307,-0.10951072,0.25551178,0.0051364914,-0.6988012,0.40669698,0.098790503,-0.82975856,-0.031450487,-0.55723567,2.1618493,-3.1037076,2.3
22,14150,14.150000,3,1.6113458,0.63811523,0.86285693,0.28172074,0.032352167,0.20670049,-0.0017069169,-0.22344712,0.08491698,0.026123073,-0.1573009,0.65399298,0.73996595,0.73777659,1.8068366,2.3
22,14150,14.150000,4,1.6113458,0.55669939,1.5425455,1.2939078,0.23639384,-0.16333587,0.29486293,0.15260101,0.20571621,-0.67332415,0.070517472,0.71127283,0.6993699,0.79628077,1.4719766,2.3
22,14150,14.150000,5,1.6113458,0.29589162,0.24016646,0.90089545,0.17609493,-0.2181371,-0.31137297,0.4955322,-0.31571378,-0.2817831,0.78901625,-0.60560512,0.10342049,1.4671906,-0.65463539,2.3
22,14150,14.150000,6,1.6113458,0.73472679,0.33734833,1.4212044,0.088107638,0.014558971,-0.048916347,-1.0528132,0.07131167,0.25746831,0.93023465,-0.34064948,-0.13646037,1.7076838,-0.35103105,2.3
22,14150,14.150000,7,1.6113458,0.60488654,0.57781978,1.0030777,0.012843231,0.040104306,0.022099152,0.31552007,0.12682119,-0.25220706,-0.77059978,-0.60600652,0.19731214,1.3721809,-2.4751941,2.3
22,14150,14.150000,8,1.6113458,0.11775496,0.83540322,0.34289063,-0.054034159,-0.23647497,0.090616063,0.58095977,0.50476842,-0.36814795,0.16960566,-0.47085294,0.86575483,0.52413967,-1.2250554,2.3
22,14150,14.150000,9,1.6113458,0.063479464,1.4705221,0.71583595,-0.11629133,0.018323382,0.14709463,-0.032803601,-0.8390617,0.16405632,-0.41616853,-0.88202287,0.22099641,1.3479603,-2.0116585,2.3
22,14150,14.150000,10,1.6113458,0.33929278,1.0614807,0.65728483,-0.2736811,0.14397196,-0.065727461,-0.18168357,0.61095847,-0.25541655,0.012169634,0.669871,-0.74237777,2.4074087,1.5526312,2.3
22,14150,14.150000,11,1.6113458,0.58458293,1.4883053,0.60519076,-0.032210721,0.055961591,0.205606,0.21908385,0.15164385,0.18577068,0.11630288,-0.0137253,-0.99311895,3.0242133,-0.11747008,2.3
22,14150,14.150000,12,1.6113458,0.086958176,0.77963136,0.96109041,-0.075649473,-0.10757502,-0.02646389,-0.38104481,0.31004845,0.36703873,0.26288446,0.87630446,0.40371061,1.1552273,1.2793467,2.3
22,14150,14.150000,13,1.6113458,0.26622583,1.1474836,1.4543808,-0.018302637,-0.18966271,0.1684491,0.07350789,-0.4249883,0.088849232,-0.66521994,-0.57845819,0.47208956,1.0791367,-2.4258439,2.3
22,14150,14.150000,14,1.6113458,0.32229802,0.58197431,1.5648316,-0.071038154,-0.29895023,0.12208806,-0.35383202,0.74127407,-0.32271097,0.32384228,-0.013706491,-0.94601179,2.8114984,-0.042299343,2.3
22,14150,14.150000,15,1.6113458,1.0322078,1.435395,1.3518204,0.31727034,-0.028906858,0.19873172,0.50507591,0.050274818,0.011120243,-0.3313823,0.8354349,0.43844531,1.1169282,1.9484187,2.3
22,14150,14.150000,16,1.6113458,1.1140243,0.40372902,0.13540868,0.11938987,0.089344387,-0.035671153,-0.20113789,0.18627525,0.16566129,0.40982508,-0.79397745,-0.449047,2.0364948,-1.0942988,2.3
22,14150,14.150000,17,1.6113458,0.92067311,0.58363726,0.58002709,-0.037350808,-0.0084323034,-0.043374011,-0.1315871,-0.14140548,0.090180798,0.32853314,-0.90679068,0.26419052,1.3034318,-1.2232033,2.3
22,14150,14.150000,18,1.6113458,0.079520531,0.12466536,1.3999446,0.31304688,-0.15437652,-0.70576532,0.081999707,-0.5040026,0.1844672,0.92653013,0.31079066,0.21201669,1.3571582,0.32364088,2.3
22,14150,14.150000,19,1.6113458,1.0923371,0.92368822,0.10016246,-0.19996707,0.13517829,-0.031185884,0.066400181,0.2927395,0.25556919,0.40661157,-0.78383811,-0.46932383,2.0593212,-1.092266,2.3
22,14150,14.150000,20,1.6113458,0.88710517,0.075441403,0.90399993,-0.20083224,-0.13115034,0.018750139,-0.18279562,-0.84084766,0.096531928,-0.018464183,-0.95358312,0.30056332,1.2655131,-1.5901569,2.3
22,14150,14.150000,21,1.6113458,0.77239503,1.0604696,1.208394,-0.10550147,0.36502751,-0.28069513,-0.15979838,1.1790133,0.2381387,0.027467474,0.30523346,-0.95188133,2.8301136,1.4810496,2.3
22,14150,14.150000,22,1.6113458,1.2885668,0.42620866,1.2253583,-0.05379373,0.21273582,-0.02944842,0.38618396,0.077070795,-0.11104261,-0.58182287,0.3284196,0.74405827,0.73167213,2.6277105,2.3
22,14150,14.150000,23,1.6113458,1.2069953,0.75921066,0.9136382,-0.19550709,0.13543377,-0.0071543253,0.20885577,0.65619124,-0.17294494,-0.12942779,0.32149826,0.93802309,0.35391495,1.9535222,2.3
22,14150,14.150000,24,1.6113458,1.0667375,1.2886112,0.57073717,0.1244028,0.28228091,0.1737051,0.017244996,0.16505273,0.4323762,-0.39793853,-0.90948543,-0.12033773,1.6914264,-1.9832424,2.3
22,14150,14.150000,25,1.6113458,1.3370348,0.23485762,0.63261869,0.19135987,0.48438973,0.049698541,0.27781904,0.32391444,0.26326141,-0.0077522599,0.90608296,0.42302904,1.1340107,1.5793519,2.3
22,14150,14.150000,26,1.6113458,1.3536947,0.71241181,0.44856713,-0.10091449,-0.29460292,-0.19318886,0.24070433,-0.57671573,-0.29329533,0.28797256,-0.69200053,0.66197211,0.84734948,-1.1764498,2.3
22,14150,14.150000,27,1.6113458,1.4797156,1.2626219,0.19600091,0.0049537823,-0.15834498,-0.024552309,0.041679857,0.22093982,-0.34526677,-0.8986699,0.43450768,-0.059962376,1.6307947,2.6912313,2.3
22,14150,14.150000,28,1.6113458,1.3294177,1.0898764,1.2414779,0.20808738,0.019765536,0.12212085,-0.23468948,-0.44776481,0.50759702,0.18282781,0.66629365,0.7229293,0.76276367,1.3029924,2.3
22,14150,14.150000,29,1.6113458,0.67606302,1.3319182,0.030865029,-0.26126202,0.039492383,0.079128132,0.10252454,-0.42456095,-0.044354707,-0.73667285,-0.46388342,0.49206228,1.0563392,-2.5796202,2.3
22,14150,14.150000,30,1.6113458,1.5384228,0.72785914,1.5447216,0.014144912,-0.31126202,0.18373959,-0.20846698,-0.15154914,-0.44900496,-0.093420868,0.11324025,0.9891659,0.14733442,2.2605841,2.3
22,14150,14.150000,31,1.6113458,1.5504225,1.4233632,1.1219379,0.11091149,0.061355822,0.087385618,0.12488308,-0.34032424,0.30281314,-0.91747106,0.26184299,-0.29947471,1.8749384,2.8635869,2.3
23,14200,14.200000,0,1.6066748,0.47075433,0.11637364,0.20709401,0.17480166,0.054090889,0.16182842,0.18278517,0.088889101,0.032118303,-0.79761067,0.59434791,-0.10279972,1.673778,2.5011961,2.3
23,14200,14.200000,1,1.6066748,1.6041391,0.30542579,0.20185985,-0.20535976,-0.38306819,-0.32486336,0.014664865,-1.3454559,-0.020466925,0.49245577,-0.84489537,-0.2088998,1.7812461,-1.0430751,2.3
23,14200,14.200000,2,1.6066748,0.34732171,0.51682571,0.56632779,-0.14177052,0.27244227,0.0062760208,-0.47789009,0.21715437,0.12087702,-0.83760233,0.19954706,-0.50853054,2.1042737,2.9077162,2.3
23,14200,14.200000,3,1.6066748,0.62682036,0.86123937,0.28370344,0.022893359,0.20758549,0.0010965243,-0.10167838,-0.061057888,-0.02978515,0.099027408,0.99355165,0.055215034,1.5155532,1.4714543,2.3
23,14200,14.200000,4,1.6066748,0.56164609,1.5529411,1.2490278,0.24296386,-0.14844711,0.25367399,0.10204284,0.1675792,-0.92668181,0.35925868,0.46101412,0.81141801,0.62422212,0.90881839,2.3
23,14200,14.200000,5,1.6066748,0.31595967,0.21704712,0.88527724,0.19705114,-0.24059283,-0.32439854,0.27643304,-0.6248199,-0.22624697,0.53698311,-0.66787774,-0.51535277,2.1122156,-0.89361256,2.3
23,14200,14.200000,6,1.6066748,0.68952368,0.34451667,1.427125,0.044971772,0.022717078,-0.038861372,-0.65926352,0.21926019,0.092289616,0.76271021,-0.26086599,-0.59179563,2.2040809,-0.32955258,2.3
23,14200,14.200000,7,1.6066748,0.61789078,0.5856387,0.98850419,0.027622396,0.049612039,0.010416471,0.34431478,0.096905299,-0.20427224,-0.93272238,-0.32150592,0.16328779,1.4067741,-2.8096506,2.3
23,14200,14.200000,8,1.6066748,0.14886239,0.86832211,0.31787837,-0.022539667,-0.20108301,0.066562879,0.48963071,0.84418134,-0.56238512,0.55781502,-0.63159939,0.53844647,1.0022039,-0.84735297,2.3
23,14200,14.200000,9,1.6066748,0.06358756,1.4294354,0.71420529,-0.11599879,-0.018554125,0.1475397,-0.10047099,-0.54336147,-0.0808182,-0.08331943,-0.9949846,-0.055349072,1.6261737,-1.6543408,2.3
23,14200,14.200000,10,1.6066748,0.32764322,1.087828,0.64407455,-0.2843626,0.17343909,-0.077048813,-0.2184048,0.557597,-0.12313399,0.070076825,0.41677453,-0.90630471,2.7052531,1.4042136,2.3
23,14200,14.200000,11,1.6066748,0.58536891,1.4882597,0.612097,-0.029726522,0.060236569,0.21427918,-0.028259884,0.13964509,0.17733471,0.25737066,-0.026682985,-0.96594429,2.8798646,-0.10330624,2.3
23,14200,14.200000,12,1.6066748,0.067167794,0.78546302,0.97744175,-0.09521618,-0.099471574,-0.0072986867,-0.35797232,0.071330335,0.39882465,-0.22700521,0.85386858,0.46837708,1.0833433,1.8306408,2.3
23,14200,14.200000,13,1.6066748,0.27151823,1.1243068,1.4531642,-0.01222967,-0.20954195,0.17145282,0.13198174,-0.39636951,0.052116848,-0.55955458,-0.78342899,0.2704398,1.2969465,-2.1910141,2.3
23,14200,14.200000,14,1.6066748,0.31265583,0.61565092,1.5467719,-0.079758713,-0.26353516,0.10854486,-0.012313964,0.69662183,-0.16980882,0.69002628,0.52003876,-0.50341178,2.0983392,0.64583344,2.3
23,14200,14.200000,15,1.6066748,1.0535191,1.4358492,1.3460074,0.34160926,-0.024284981,0.19683462,0.49811269,0.065299123,-0.02534024,-0.42542087,0.90492883,0.010994947,1.5598012,2.0102516,2.3
23,14200,14.200000,16,1.6066748,1.1003591,0.41234072,0.14498512,0.10893889,0.099140643,-0.025687694,-0.14123722,0.24547087,0.19315891,-0.21007616,-0.94714915,-0.24243865,1.815675,-1.7890614,2.3
23,14200,14.200000,17,1.6066748,0.90923091,0.58209957,0.58138108,-0.046136881,-0.0082778981,-0.040334205,-0.14551372,0.068622002,0.051220388,0.5960136,-0.69363716,-0.40451858,1.9872487,-0.86095175,2.3
23,14200,14.200000,18,1.6066748,0.081884744,0.10301771,1.4111494,0.31564538,-0.17569373,-0.69048016,0.082767844,-0.37802545,0.39948576,0.70626782,0.7064997,0.045210016,1.5255709,0.78556229,2.3
23,14200,14.200000,19,1.6066748,1.0883837,0.93348481,0.11025849,-0.20075515,0.14767064,-0.020784401,-0.1301884,0.16280637,0.26441202,0.20307475,-0.97891495,-0.02204896,1.5928471,-1.3662488,2.3
23,14200,14.200000,20,1.6066748,0.87710047,0.034181538,0.90959783,-0.20827618,-0.17225117,0.026980539,-0.19011424,-0.79192427,0.22898687,-0.27651697,-0.93631981,0.21643378,1.3526361,-1.857957,2.3
23,14200,14.200000,21,1.6066748,0.75852093,1.1138913,1.2193886,-0.11715344,0.42160549,-0.26617651,-0.3813887,1.0847908,0.22651318,0.35003417,-0.37323727,-0.85916821,2.6044382,-0.81746793,2.3
23,14200,14.200000,22,1.6066748,1.302004,0.43404151,1.2207355,-0.03659628,0.22181737,-0.030520657,0.35998029,0.2657526,-0.076549395,-0.27346602,0.22010635,0.93635972,0.35868366,2.4638853,2.3
23,14200,14.200000,23,1.6066748,1.2133436,0.78508315,0.89822928,-0.18564558,0.16354789,-0.019933305,0.16853008,0.34874012,-0.42796297,0.22118878,0.27209661,0.93650358,0.35827363,0.88823567,2.3
23,14200,14.200000,24,1.6066748,1.0652651,1.2929323,0.59392351,0.12602507,0.29034921,0.19858202,0.081722892,0.099667604,0.48342353,-0.92798126,-0.23419847,0.28983076,1.2767463,-2.8943808,2.3
23,14200,14.200000,25,1.6066748,1.3476325,0.25129362,0.64928499,0.20585445,0.50153142,0.068225591,0.2949526,0.33562132,0.3816535,0.099828645,0.86478617,0.49211699,1.0562764,1.4558677,2.3
23,14200,14.200000,26,1.6066748,1.3541714,0.68414189,0.43007692,-0.096507306,-0.32084577,-0.21040374,0.17785664,-0.41121102,-0.33599067,0.14640288,-0.70681553,0.69208237,0.80642635,-1.3665543,2.3
23,14200,14.200000,27,1.6066748,1.4754608,1.2640953,0.17736419,0.0049884765,-0.15320403,-0.042647116,0.0006091443,0.076981067,-0.35131135,-0.94730709,-0.21767101,-0.23500767,1.8080228,-2.9157344,2.3
23,14200,14.200000,28,1.6066748,1.3178393,1.0604086,1.2756165,0.20035153,-0.0065811472,0.15991316,-0.21515639,-0.55358476,0.93206876,0.46659837,0.63888984,0.61164184,0.9126621,0.94000541,2.3
23,14200,14.200000,29,1.6066748,0.68520321,1.2974686,0.032072811,-0.2501459,0.0088592515,0.080427273,0.22535845,-0.71855107,0.09849209,-0.76914409,-0.47846328,0.4236629,1.1333111,-2.5851014,2.3
23,14200,14.200000,30,1.6066748,1.5146,0.72204283,1.5108805,-0.0052463918,-0.31497378,0.15433366,-0.63618949,0.11818369,-0.54381014,-0.25299954,0.52929737,0.80983673,0.62692257,2.0166825,2.3
23,14200,14.200000,31,1.6066748,1.5548915,1.4045527,1.1265228,0.11988795,0.046650007,0.095234214,0.23092091,-0.2914677,-0.0051094813,-0.89145139,0.41353253,0.18521681,1.3845038,2.7072507,2.3
24,14250,14.250000,0,1.6098926,0.48314046,0.12037135,0.20829856,0.18623351,0.05785176,0.16261742,0.24242684,0.056850317,0.10348313,-0.69220024,0.67772365,-0.24809166,1.8215062,2.3667615,2.3
24,14250,14.250000,1,1.6098926,1.607025,0.24115636,0.21423339,-0.20568626,-0.44788448,-0.31290607,-0.059183348,-1.2805383,0.35294205,0.63590795,-0.66622716,0.38956701,1.1706349,-0.80867819,2.3
24,14250,14.250000,2,1.6098926,0.32705198,0.52160211,0.57425762,-0.16271492,0.27617984,0.013064824,-0.39322484,0.0091644475,0.28663816,-0.88745246,0.38733674,-0.24979668,1.8232666,2.7300562,2.3
24,14250,14.250000,3,1.6098926,0.62132032,0.85744052,0.28097158,0.016144678,0.20206726,-0.0022002466,-0.12264686,-0.1354287,-0.16454758,0.39623388,0.705831,-0.58719784,2.198389,1.059264,2.3
24,14250,14.250000,4,1.6098926,0.56441301,1.5644411,1.2080087,0.24460427,-0.14006571,0.21019686,-0.13292999,0.1464467,-0.78749118,0.53894938,0.03929803,0.84142096,0.57088891,0.07278718,2.3
24,14250,14.250000,5,1.6098926,0.32490098,0.19268543,0.88055234,0.20535134,-0.26536444,-0.33088998,0.15430261,-0.41949671,-0.10825106,-0.0097565943,-0.48196463,-0.87613635,2.6385844,-1.5910369,2.3
24,14250,14.250000,6,1.6098926,0.66104647,0.36045048,1.4357834,0.01514342,0.037945655,-0.033067003,-0.5997939,0.31358675,0.11018304,0.51721111,0.023937723,-0.85552303,2.5973565,0.046249302,2.3
24,14250,14.250000,7,1.6098926,0.63504901,0.59508953,0.98278792,0.043527199,0.057881674,0.0027281214,0.30370645,0.16226578,-0.14324816,-0.95883237,0.26484836,-0.10244917,1.6734256,2.8720929,2.3
24,14250,14.250000,8,1.6098926,0.16351488,0.90919524,0.28601037,-0.0081996645,-0.16198807,0.034090712,0.13846645,0.68670987,-0.75239418,0.73782522,-0.67496665,-0.0058285069,1.5766249,-0.74093504,2.3
24,14250,14.250000,9,1.6098926,0.051912266,1.4216675,0.70819575,-0.12778964,-0.029174192,0.14010719,-0.38181237,-0.0074296917,-0.16173801,0.12316324,-0.97489012,-0.18552645,1.7574039,-1.4451266,2.3
24,14250,14.250000,10,1.6098926,0.32537927,1.1011659,0.63886953,-0.28727984,0.18458704,-0.083537291,0.15845347,-0.024673764,-0.095733127,0.39019937,0.21952697,-0.89417692,2.6773857,0.51246698,2.3
24,14250,14.250000,11,1.6098926,0.58526017,1.49562,0.61838118,-0.031006363,0.064611758,0.21933239,0.015914453,0.0041999966,0.14007993,0.47052695,0.095326261,-0.87722135,2.6408397,0.1998892,2.3
24,14250,14.250000,12,1.6098926,0.053483189,0.78765761,0.99782873,-0.1090215,-0.09885073,0.011112255,-0.13738572,0.062187712,0.35046399,-0.63947106,0.64290665,0.42160146,1.1355856,2.3535154,2.3
24,14250,14.250000,13,1.6098926,0.28021811,1.1102447,1.461878,-0.0040817399,-0.22583952,0.17725049,0.0623696,-0.057109591,0.10880051,-0.38078164,-0.91693612,-0.11930424,1.6903854,-1.964402,2.3
24,14250,14.250000,14,1.6098926,0.32235781,0.64999204,1.5390645,-0.070691995,-0.23046016,0.097750341,0.33525059,0.54772394,-0.14428351,0.51839213,0.84376619,0.13902596,1.4313186,1.0198711,2.3
24,14250,14.250000,15,1.6098926,1.0863741,1.4488306,1.3475375,0.37232351,-0.014189408,0.19567016,0.67412996,0.24671147,-0.091581764,-0.34366659,0.86336646,-0.36944774,1.949211,1.9496241,2.3
24,14250,14.250000,16,1.6098926,1.1026525,0.4231194,0.1498257,0.10902839,0.10908355,-0.02114203,-0.0040237506,0.188361,-0.00012143977,-0.5319829,-0.82699468,0.18186258,1.387916,-2.1424276,2.3
24,14250,14.250000,17,1.6098926,0.90484127,0.59004359,0.58220619,-0.052341316,-0.0015064852,-0.040673148,-0.028747692,0.1838117,-0.059642888,0.4707188,-0.13030576,-0.87260771,2.6313125,-0.27006019,2.3
24,14250,14.250000,18,1.6098926,0.088992442,0.084643708,1.4355007,0.32258214,-0.19425549,-0.66897657,0.12520308,-0.35473177,0.50715459,0.4707744,0.80078857,-0.37028249,1.9501094,1.0393299,2.3
24,14250,14.250000,19,1.6098926,1.0767734,0.94710063,0.12050729,-0.21453147,0.15940514,-0.010766451,-0.31383788,0.27882981,0.13755188,-0.20295307,-0.92322695,0.32628523,1.2384253,-1.7871846,2.3
24,14250,14.250000,20,1.6098926,0.87023704,1.60146,0.92351723,-0.21688765,-0.21489109,0.039066105,-0.04251163,-0.93601526,0.27764922,-0.49295182,-0.85020219,0.18480999,1.3849178,-2.0962345,2.3
24,14250,14.250000,21,1.6098926,0.74071945,1.165741,1.2223378,-0.13645477,0.47117467,-0.26566995,-0.38524519,0.78698326,-0.29802394,0.43427395,-0.88108286,-0.18734763,1.7592576,-1.1128556,2.3
24,14250,14.250000,22,1.6098926,1.3182255,0.43962229,1.2214637,-0.022995982,0.22652413,-0.032235587,0.099830562,-0.053322301,-0.086123642,-0.080227228,0.014540738,0.99667054,0.081624904,2.9622946,2.3
24,14250,14.250000,23,1.6098926,1.2264279,0.80299193,0.87217438,-0.17500209,0.17986798,-0.047759348,0.14997468,0.34439907,-0.62991539,0.39980819,0.26974515,0.87600854,0.50327333,0.59353419,2.3
24,14250,14.250000,24,1.6098926,1.0660253,1.3001262,0.61337378,0.12465318,0.29494905,0.21682453,-0.10648606,0.06033692,0.37366163,-0.67895556,0.52120804,0.51707014,1.0273719,2.4868837,2.3
24,14250,14.250000,25,1.6098926,1.3657848,0.26704277,0.66390063,0.22129228,0.51676205,0.081527534,0.31963157,0.3335906,0.16251131,0.18225809,0.53333732,0.82603468,0.59876081,1.2415067,2.3
24,14250,14.250000,26,1.6098926,1.3670708,0.67080246,0.41516693,-0.086330172,-0.3355407,-0.22615932,0.15667016,-0.20470603,-0.22468502,0.13719256,-0.69481395,0.70598285,0.78698639,-1.3758517,2.3
24,14250,14.250000,27,1.6098926,1.4813415,1.2668377,0.16378932,0.0079112094,-0.15299352,-0.056563287,0.12409752,-0.066793629,-0.32780831,-0.49011722,-0.78671382,-0.37532183,1.9555403,-2.1279511,2.3
24,14250,14.250000,28,1.6098926,1.3092873,1.0423822,1.3309735,0.18917134,-0.026711208,0.21266265,-0.32428501,-0.097022647,1.1276097,0.68719134,0.55456156,0.4692862,1.0823141,0.67899306,2.3
24,14250,14.250000,29,1.6098926,0.70072556,1.2709616,0.040081313,-0.23601001,-0.020217162,0.088363599,0.29342149,-0.4443565,0.1570442,-0.88186561,-0.46992866,0.038472103,1.5323147,-2.6519882,2.3
24,14250,14.250000,30,1.6098926,1.4818683,0.7268666,1.49826,-0.040975801,-0.31159949,0.13870284,-0.4620783,0.046675349,0.034593883,-0.41769119,0.59052717,0.69051556,0.80859475,2.1864176,2.3
24,14250,14.250000,31,1.6098926,1.5681908,1.3937827,1.1277528,0.13006293,0.033080609,0.094209,0.15770053,-0.30538005,0.067076411,-0.67370384,0.70505285,0.22141277,1.3475334,2.3334612,2.3
25,14300,14.300000,0,1.6092825,0.49232307,0.12311675,0.21118514,0.195601,0.060643314,0.1655835,0.17131881,0.0034458691,0.044527998,-0.5866497,0.76723947,-0.25920209,1.8329923,2.2235913,2.3
25,14300,14.300000,1,1.6092825,1.5981383,0.18114548,0.23812089,-0.21396556,-0.50781533,-0.28893283,-0.24402105,-1.0430218,0.64239259,0.44110714,-0.37436932,0.81564214,0.6169581,-0.70374109,2.3
25,14300,14.300000,2,1.6092825,0.3117109,0.52108758,0.58677276,-0.17793494,0.27586291,0.0258,-0.25950967,0.08441101,0.14044701,-0.89303107,0.43949092,0.096660413,1.4739848,2.6842577,2.3
25,14300,14.300000,3,1.6092825,0.6171837,0.85373938,0.27246007,0.012242781,0.19869043,-0.010606866,0.078957338,0.0025248276,-0.12640655,0.5139878,-0.055865494,-0.85597639,2.5982327,-0.10826531,2.3
25,14300,14.300000,4,1.6092825,0.54464249,1.5826209,1.1914281,0.22504394,-0.12128947,0.19407097,-0.53731207,0.40999436,0.1388431,0.60154534,0.032186726,0.79818997,0.6465118,0.053455759,2.3
25,14300,14.300000,5,1.6092825,0.32494664,0.18014592,0.86882218,0.20552015,-0.27783329,-0.3422886,-0.23171346,-0.14826592,-0.43483175,-0.58055105,-0.21179479,-0.78619556,2.4754247,-2.7917795,2.3
25,14300,14.300000,6,1.6092825,0.63419252,0.37226229,1.4349997,-0.011465062,0.049896322,-0.033306632,-0.45523536,0.20425332,-0.026558785,0.13344635,0.30887283,-0.94169509,2.7984295,1.1629753,2.3
25,14300,14.300000,7,1.6092825,0.64383846,0.60590667,0.97562743,0.052559027,0.068926422,-0.0040612177,0.14887503,0.33302381,-0.12164781,-0.50044747,0.66937446,-0.5490812,2.1520608,2.2127818,2.3
25,14300,14.300000,8,1.6092825,0.16490349,0.93858172,0.24412143,-0.0067488133,-0.1322514,-0.0076977591,-0.098875203,0.55930576,-0.6638154,0.67918747,-0.54764716,-0.48865834,2.0813477,-0.67858695,2.3
25,14300,14.300000,9,1.6092825,0.024257438,1.4307821,0.69806076,-0.15543004,-0.019519085,0.13023871,-0.61915819,0.32631096,-0.22033419,0.083798406,-0.94965437,-0.30188475,1.8774653,-1.4827833,2.3
25,14300,14.300000,10,1.6092825,0.34273977,1.0913434,0.63940084,-0.26979272,0.17518014,-0.08276373,0.54108948,-0.27029403,-0.024110943,0.64495517,0.3837205,-0.66090197,2.2928163,0.53670306,2.3
25,14300,14.300000,11,1.6092825,0.58473483,1.4950926,0.61503264,-0.031309967,0.064651198,0.21621761,0.035099122,0.0018297752,-0.19124282,0.78496893,0.30452046,-0.53952856,2.1406734,0.37006637,2.3
25,14300,14.300000,12,1.6092825,0.053167091,0.78744208,1.0212754,-0.10931738,-0.098767756,0.034941619,0.013074665,0.014605868,0.54354179,-0.84520327,0.4215869,0.32847513,1.2361077,2.678906,2.3
25,14300,14.300000,13,1.6092825,0.27462495,1.1122658,1.4631323,-0.0095697515,-0.22339724,0.17905916,-0.28925664,0.15037351,-0.054904375,-0.36485557,-0.63857829,-0.67756784,2.3152469,-2.0898878,2.3
25,14300,14.300000,14,1.6092825,0.3444719,0.672555,1.5305292,-0.048451523,-0.20764655,0.089796761,0.57133487,0.23604803,-0.25233679,0.30993719,0.76379085,0.56618237,0.96892935,1.1853102,2.3
25,14300,14.300000,15,1.6092825,1.117959,1.4673627,1.3392481,0.4043262,0.0048954095,0.18788992,0.71832095,0.40397023,-0.092101438,-0.22642498,0.7322552,-0.64228813,2.2682762,1.8706865,2.3
25,14300,14.300000,16,1.6092825,1.1049807,0.42504341,0.15042583,0.11177496,0.1111683,-0.020485003,0.041087489,-0.0094183515,0.069331294,-0.43472495,-0.6195501,0.65358389,0.85848627,-2.1826479,2.3
25,14300,14.300000,17,1.6092825,0.90239072,0.59678803,0.57761921,-0.054449372,0.005462888,-0.045040322,-0.051623551,0.083080778,-0.087217807,0.051772493,0.53902495,-0.84069716,2.5693657,1.4750416,2.3
25,14300,14.300000,18,1.6092825,0.098201531,0.062024117,1.456877,0.33182671,-0.21684728,-0.6470521,0.30090871,-0.62737826,0.27663151,0.056593696,0.62603579,-0.77773797,2.4618555,1.4806413,2.3
25,14300,14.300000,19,1.6092825,1.0648467,0.95431899,0.13521588,-0.22605227,0.16698384,0.0039906055,-0.13938069,0.026730814,0.44935919,-0.40177261,-0.71649534,0.57027467,0.96395615,-2.0818531,2.3
25,14300,14.300000,20,1.6092825,0.87657502,1.5565368,0.93657688,-0.21021862,-0.25921579,0.052478276,0.27746626,-0.74906419,0.23682578,-0.58814224,-0.79649106,0.14032358,1.4300081,-2.2068428,2.3
25,14300,14.300000,21,1.6092825,0.73065513,1.1858666,1.2074489,-0.14624024,0.49174597,-0.28009839,-0.16516439,0.025220349,-0.3435814,0.22545262,-0.61951766,0.75191022,0.71984151,-1.221778,2.3
25,14300,14.300000,22,1.6092825,1.324096,0.42738521,1.2119688,-0.016624774,0.21445137,-0.041269315,0.069801627,-0.28790721,-0.28504976,-0.19909885,-0.49086658,0.8481802,0.55825602,-1.9561268,2.3
25,14300,14.300000,23,1.6092825,1.2283621,0.82353518,0.83719235,-0.17260258,0.20071949,-0.08241742,-0.037936644,0.40480559,-0.6883008,0.13344976,0.3838431,0.91370435,0.4184882,1.236201,2.3
25,14300,14.300000,24,1.6092825,1.0656928,1.2978741,0.62604301,0.12472464,0.29318929,0.22972866,0.05266731,-0.13281757,0.15069293,0.0794489,0.89406926,0.44082654,1.114277,1.482167,2.3
25,14300,14.300000,25,1.6092825,1.3817584,0.2834826,0.66871111,0.23778662,0.53330621,0.086590573,0.23886857,0.29958373,0.11840636,0.25612674,-0.17087138,0.95142108,0.31297738,-0.58832748,2.3
25,14300,14.300000,26,1.6092825,1.3783346,0.66206175,0.39976232,-0.074546109,-0.3440288,-0.24140949,0.24950334,-0.049307506,-0.44590487,0.19150614,-0.71793859,0.66924553,0.83760338,-1.3101213,2.3
25,14300,14.300000,27,1.6092825,1.4800411,1.2639174,0.1496951,0.0071720816,-0.15543421,-0.070598099,-0.063388285,0.022029061,-0.2347301,0.087745411,-0.92206829,-0.37694934,1.9572968,-1.4759205,2.3
25,14300,14.300000,28,1.6092825,1.2872186,1.0513919,1.365586,0.16759479,-0.017304705,0.24778614,-0.47835754,0.3143698,0.37936465,0.81673471,0.56636986,0.11031586,1.4602555,0.60632073,2.3
25,14300,14.300000,29,1.6092825,0.71690464,1.261096,0.048505161,-0.21956226,-0.029602908,0.096804236,0.28540305,0.060162419,0.23417611,-0.8899855,-0.12497657,-0.43852784,2.0247563,-3.0020795,2.3
25,14300,14.300000,30,1.6092825,1.4696279,0.72326967,1.5175683,-0.052656859,-0.3149216,0.15858271,-0.070512556,-0.22111939,0.62712982,-0.65357613,0.078568981,0.75277165,0.71853389,3.0219528,2.3
25,14300,14.300000,31,1.6092825,1.5684851,1.3713086,1.1347401,0.13095171,0.011130489,0.10162507,0.0050319586,-0.53126841,0.17260824,-0.40741558,0.91309381,-0.016499752,1.5872968,1.9904794,2.3
26,14350,14.350000,0,1.6115638,0.49605536,0.12137013,0.21468699,0.19863323,0.058723515,0.1687837,-0.067943811,-0.070109074,0.13266296,-0.50518198,0.8498026,-0.15042176,1.7217912,2.1071396,2.3
26,14350,14.350000,1,1.6115638,1.5763473,0.13534148,0.27954713,-0.23800499,-0.55384352,-0.24787324,-0.57449421,-0.88241568,0.90174813,0.42629483,-0.19145169,0.88409217,0.48624856,-0.42211047,2.3
26,14350,14.350000,2,1.6115638,0.29775151,0.52595521,0.59528695,-0.19232602,0.27998893,0.033476944,-0.37047063,0.081956071,0.15340096,-0.78442624,0.39429233,0.4787578,1.0715571,2.6758268,2.3
26,14350,14.350000,3,1.6115638,0.63195376,0.85745314,0.26646208,0.026128085,0.20119216,-0.01698658,0.3928275,0.0016098683,-0.071862614,0.23114019,-0.71704285,-0.65758936,2.2884108,-1.2589613,2.3
26,14350,14.350000,4,1.6115638,0.5180063,1.5946211,1.2149733,0.19765507,-0.11153975,0.21591176,-0.53518928,0.044410965,0.50293117,0.54390505,0.60696753,0.57944604,0.95274749,0.84013878,2.3
26,14350,14.350000,5,1.6115638,0.30599322,0.18194594,0.84514164,0.18611983,-0.27628973,-0.36718315,-0.37096064,0.077130318,-0.56609079,-0.91636256,-0.2583861,-0.30580434,1.8815794,-2.8667588,2.3
26,14350,14.350000,6,1.6115638,0.62374223,0.37900724,1.4295375,-0.022806344,0.056109159,-0.040797802,0.043982056,0.043839297,-0.26552429,-0.33260894,0.44944277,-0.8290793,2.5482553,2.2078973,2.3
26,14350,14.350000,7,1.6115638,0.6555577,0.62482559,0.96949117,0.063357908,0.086973634,-0.011575196,0.18267296,0.39432379,-0.26256573,0.23037534,0.67883701,-0.69721412,2.3423002,1.2436247,2.3
26,14350,14.350000,8,1.6115638,0.15635779,0.95933867,0.2264863,-0.015522065,-0.11283873,-0.025666227,-0.12080635,0.16352144,0.0056389501,0.42893023,-0.38878536,-0.81539242,2.5242031,-0.73634363,2.3
26,14350,14.350000,9,1.6115638,1.6017577,1.4505994,0.68874855,-0.18950386,-0.0017426544,0.11994422,-0.58704522,0.35291069,-0.24318277,0.023779394,-0.90908323,-0.41593535,1.9997674,-1.5446447,2.3
26,14350,14.350000,10,1.6115638,0.36653757,1.0739029,0.64317139,-0.24649728,0.15620601,-0.079901616,0.52781726,-0.47490159,0.1126405,0.80023087,0.52658001,-0.28695651,1.8618445,0.58200308,2.3
26,14350,14.350000,11,1.6115638,0.59046976,1.5029189,0.60719923,-0.026407424,0.07035402,0.2075185,0.068078344,0.22877181,-0.17503509,0.89216492,0.43277731,-0.12940464,1.7005649,0.45164592,2.3
26,14350,14.350000,12,1.6115638,0.047417579,0.79469432,1.0579618,-0.11513814,-0.092636129,0.070155285,-0.25203591,0.11427301,0.89940629,-0.92758111,0.15399056,0.34041181,1.2234415,2.97708,2.3
26,14350,14.350000,13,1.6115638,0.26400239,1.1279218,1.4529141,-0.020573828,-0.20932798,0.16677551,-0.079618125,0.3998834,-0.451654,-0.37967552,0.054255432,-0.92352739,2.7479744,2.9996541,2.3
26,14350,14.350000,14,1.6115638,0.37141543,0.67965284,1.5091471,-0.022015047,-0.20150647,0.066261737,0.40526141,0.34231989,-0.55744933,0.5220532,0.42398073,0.7400681,0.73762471,0.68210018,2.3
26,14350,14.350000,15,1.6115638,1.152551,1.4915257,1.3418121,0.43730993,0.026962587,0.18855499,0.55673291,0.44954489,-0.045056107,0.11901927,0.51631663,-0.848087,2.5831607,1.3442379,2.3
26,14350,14.350000,16,1.6115638,1.1083387,0.41929514,0.1527038,0.11356524,0.10482199,-0.018421733,0.015957424,-0.10442568,0.1188939,-0.11663471,-0.37019545,0.92160278,0.39860644,-1.876014,2.3
26,14350,14.350000,17,1.6115638,0.89770993,0.59638522,0.5738121,-0.060405165,0.0042149559,-0.049662989,-0.11860192,0.012851067,-0.19274499,-0.2927919,0.93235736,-0.21209115,1.7845106,1.8750781,2.3
26,14350,14.350000,18,1.6115638,0.12232894,0.033306593,1.460485,0.35579793,-0.24563234,-0.64551049,0.64065023,-0.57155354,-0.13499484,-0.47098091,0.53155379,-0.7040082,2.351822,2.2958481,2.3
26,14350,14.350000,19,1.6115638,1.0618121,0.96128296,0.16195288,-0.23059322,0.172591,0.030517142,0.012985332,0.06083188,0.65406741,-0.42329378,-0.56566286,0.70770609,0.78455026,-2.2132179,2.3
26,14350,14.350000,20,1.6115638,0.89698373,1.5281818,0.94738085,-0.1910661,-0.28975575,0.061947848,0.29967713,-0.58755974,0.13206096,-0.5518255,-0.82992617,-0.081921739,1.65281,-2.1575812,2.3
26,14350,14.350000,21,1.6115638,0.72436851,1.1814318,1.1904808,-0.15355745,0.48563435,-0.29876498,-0.14454851,-0.27683638,-0.42687541,-0.03169146,0.3630438,0.93123297,0.37301463,1.6578694,2.3
26,14350,14.350000,22,1.6115638,1.3271982,0.40829411,1.1999056,-0.015400446,0.19476835,-0.055040834,0.092243734,-0.43465747,-0.21881478,-0.36732071,-0.80309801,0.46915784,1.0824594,-1.9997702,2.3
26,14350,14.350000,23,1.6115638,1.2350037,0.84441876,0.80807326,-0.16770577,0.22042167,-0.11270186,0.086641294,0.54605898,-0.61760134,-0.27820088,0.4026451,0.87205573,0.51140914,2.1754112,2.3
26,14350,14.350000,24,1.6115638,1.0741142,1.2879375,0.63229221,0.13163048,0.28142112,0.23508658,0.19100416,-0.32161604,0.0032137808,0.84585351,0.52793274,0.076281462,1.4944407,0.55798212,2.3
26,14350,14.350000,25,1.6115638,1.3960478,0.29628196,0.67975546,0.25010851,0.54569493,0.096679808,0.19697265,0.18551436,0.29684105,0.22721793,-0.69576416,0.68138406,0.82114436,-1.2551422,2.3
26,14350,14.350000,26,1.6115638,1.3978413,0.67077177,0.37655952,-0.057005731,-0.33626282,-0.26516217,0.37550681,0.33148832,-0.50012524,0.35030412,-0.773925,0.52756717,1.0150621,-1.1457548,2.3
26,14350,14.350000,27,1.6115638,1.4667801,1.2729513,0.13640556,-0.0081761626,-0.14819715,-0.084090285,-0.50249593,0.21968835,-0.27361647,0.42503064,-0.78504791,-0.4506093,2.0382441,-1.0745742,2.3
26,14350,14.350000,28,1.6115638,1.2579396,1.0614818,1.3722127,0.13651297,-0.0087113576,0.25247364,-0.70091039,-0.02347575,-0.078836846,0.78317918,0.62088652,-0.033619962,1.6044226,0.6703212,2.3
26,14350,14.350000,29,1.6115638,0.7300051,1.2758513,0.06093174,-0.20748664,-0.01664447,0.10915331,0.11676362,0.33599115,0.39810094,-0.57756986,0.52782951,-0.62274318,2.2430402,2.4011618,2.3
26,14350,14.350000,30,1.6115638,1.4775236,0.71071806,1.5532841,-0.046848615,-0.3284889,0.19212343,0.20631601,-0.19655336,0.69566612,-0.64299826,-0.53607076,0.54697476,0.99205012,-2.4466352,2.3
26,14350,14.350000,31,1.6115638,1.5703859,1.3500715,1.142665,0.13062923,-0.012034167,0.10793699,-0.01900214,-0.42759349,0.065277862,-0.1832844,0.92401461,-0.33556493,1.9130012,1.7666112,2.3
27,14400,14.400000,0,1.6177162,0.49656164,0.11563386,0.21964228,0.19724837,0.052535691,0.17291153,-0.01924907,-0.058421688,0.032651874,-0.39680243,0.91436674,-0.080506454,1.65139,1.9802352,2.3
27,14400,14.400000,1,1.6177162,1.5544461,0.095373399,0.32366478,-0.26587112,-0.5942513,-0.20490467,-0.47223616,-0.74709088,0.92079843,0.56940361,-0.10606396,0.81518707,0.61774422,-0.18416142,2.3
27,14400,14.400000,2,1.6177162,0.27910057,0.53791201,0.60085712,-0.21207604,0.2899189,0.036768239,-0.4118874,0.40812308,-0.12872579,-0.37767253,0.25601593,0.88984229,0.47379692,2.5458684,2.3
27,14400,14.400000,3,1.6177162,0.64522575,0.85847188,0.26927304,0.036966843,0.19894172,-0.015196287,0.092833076,-0.15532612,0.30151084,-0.21881096,-0.95932748,-0.17836073,1.7501165,-1.7950479,2.3
27,14400,14.400000,4,1.6177162,0.49298162,1.5989592,1.2350935,0.17070416,-0.11328605,0.23136414,-0.44651504,-0.14687399,0.064839784,0.29754066,0.95364155,0.045136927,1.5256441,1.2683627,2.3
27,14400,14.400000,5,1.6177162,0.2884772,0.19543329,0.82905666,0.16747116,-0.26352132,-0.38645787,-0.36122911,0.2642053,-0.12666307,-0.90623451,-0.23529038,0.35125126,1.2118891,-2.8875663,2.3
27,14400,14.400000,6,1.6177162,0.63912651,0.37352499,1.4135359,-0.0098280276,0.04919316,-0.062216071,0.41735963,-0.1894802,-0.51739611,-0.52722898,0.26654497,-0.80683541,2.509572,2.6735083,2.3
27,14400,14.400000,7,1.6177162,0.66451996,0.64895973,0.96726237,0.069805192,0.10868104,-0.017493909,0.062986377,0.52002324,0.092953351,0.8315048,0.30041534,-0.46727979,2.0570078,0.34669814,2.3
27,14400,14.400000,8,1.6177162,0.15197906,0.96325014,0.23840068,-0.020488246,-0.11259016,-0.014637511,-0.10242463,0.097039609,0.37327125,-0.027197239,-0.35672696,-0.93381272,2.7757222,-1.6468902,2.3
27,14400,14.400000,9,1.6177162,1.5801637,1.4614259,0.67401458,-0.2171601,0.0035359276,0.10261386,-0.45443034,-0.11063931,-0.35904451,0.08533027,-0.81271414,-0.5763805,2.1850888,-1.4661854,2.3
27,14400,14.400000,10,1.6177162,0.38940963,1.0488945,0.6517668,-0.22506537,0.12715316,-0.073773293,0.34238039,-0.65047181,0.19527315,0.82210111,0.56831225,0.034219124,1.5365705,0.604858,2.3
27,14400,14.400000,11,1.6177162,0.59540094,1.5249046,0.60370984,-0.023735549,0.086571181,0.20172206,0.12086466,0.22042762,-0.043255349,0.84028237,0.49705792,0.2164693,1.3525998,0.5341733,2.3
27,14400,14.400000,12,1.6177162,0.034242429,0.80530978,1.1051108,-0.12846892,-0.085068956,0.11318336,-0.36294805,0.13853627,0.82370556,-0.91743006,-0.10308398,0.38431209,1.1763338,-3.0297003,2.3
27,14400,14.400000,13,1.6177162,0.27426206,1.1562594,1.428445,-0.011339622,-0.18534203,0.13681675,0.33115775,0.44933425,-0.69177058,-0.54643832,0.46682223,-0.69532882,2.3396737,2.4346075,2.3
27,14400,14.400000,14,1.6177162,0.38345591,0.70972654,1.4950693,-0.011412695,-0.1740797,0.046460231,-0.020850412,0.78290354,-0.35456911,0.86566054,-0.055330532,0.49756443,1.0500076,-0.063830294,2.3
27,14400,14.400000,15,1.6177162,1.1863662,1.5152168,1.3479262,0.46666919,0.044925409,0.18954462,0.6055401,0.27164282,-0.0060591155,0.53269843,0.13730079,-0.83509333,2.5590987,0.25225546,2.3
27,14400,14.400000,16,1.6177162,1.1103463,0.41585643,0.16045173,0.11134584,0.099792131,-0.011270397,-0.15554628,-0.030212074,0.060456861,0.12034563,-0.12518841,0.98480698,0.17453737,-0.80511907,2.3
27,14400,14.400000,17,1.6177162,0.90025688,0.60038765,0.56192645,-0.061283694,0.0059373113,-0.063712484,0.027561985,0.037352248,-0.28754875,-0.32225602,0.68743801,0.65083027,0.86211882,2.0091561,2.3
27,14400,14.400000,18,1.6177162,0.15151865,0.0050758441,1.4655794,0.38446601,-0.27393632,-0.64599087,0.45000169,-0.5712101,0.089618806,-0.81382891,0.53845398,-0.21851732,1.7910911,2.5570848,2.3
27,14400,14.400000,19,1.6177162,1.0714385,0.96811387,0.20069506,-0.22503098,0.17574605,0.068568545,0.29848103,-0.046494527,0.87406841,-0.36432377,-0.39176735,0.84485888,0.56449499,-2.3199138,2.3
27,14400,14.400000,20,1.6177162,0.91279525,1.5095687,0.95939789,-0.17870251,-0.31415637,0.070332144,0.29195161,-0.44405349,0.15883392,-0.39973822,-0.89591415,-0.19377098,1.7658009,-1.9904683,2.3
27,14400,14.400000,21,1.6177162,0.71988425,1.1649572,1.17575,-0.16079332,0.46468937,-0.31800388,-0.21834023,-0.52977201,-0.30429613,-0.24496804,0.96135241,0.12566701,1.4447962,1.8203026,2.3
27,14400,14.400000,22,1.6177162,1.3367137,0.3898261,1.1910376,-0.010960186,0.17477969,-0.068464061,0.088561434,-0.36622974,-0.20389586,-0.56387025,-0.81519459,0.13231824,1.4380889,-2.1759302,2.3
27,14400,14.400000,23,1.6177162,1.2428992,0.87367391,0.7853169,-0.1645312,0.24640362,-0.13849402,0.022402367,0.50785716,-0.56432564,-0.54530678,0.3086167,0.7793563,0.67715848,2.6265858,2.3
27,14400,14.400000,24,1.6177162,1.0931412,1.2723378,0.63275046,0.14652842,0.26094355,0.23313468,0.41022565,-0.47314289,-0.15861972,0.88902935,-0.24175527,-0.38882026,1.9701471,-0.26551141,2.3
27,14400,14.400000,25,1.6177162,1.4083022,0.30865424,0.7000284,0.25702006,0.55691474,0.11432406,0.10899575,0.43525603,0.27247938,0.10814478,-0.92652011,0.36036814,1.2021338,-1.4546006,2.3
27,14400,14.400000,26,1.6177162,1.4220862,0.70052593,0.36251857,-0.038133251,-0.30912115,-0.28061125,0.35029526,0.58308748,0.081460861,0.60135212,-0.7727965,0.20288221,1.3664959,-0.90952085,2.3
27,14400,14.400000,27,1.6177162,1.4497979,1.2870362,0.11892639,-0.030715096,-0.13898947,-0.10205598,-0.38858378,0.12270139,-0.46371569,0.67984154,-0.4694722,-0.5633927,2.1692828,-0.60436308,2.3
27,14400,14.400000,28,1.6177162,1.2299237,1.0599756,1.3630486,0.10375709,-0.014259345,0.23809829,-0.6185412,-0.15548192,-0.4367855,0.74336232,0.6403283,0.19337047,1.3762,0.71107214,2.3
27,14400,14.400000,29,1.6177162,0.73493876,1.3005743,0.081501794,-0.20534397,0.0031699552,0.12945207,-0.041970346,0.40108029,0.36466758,0.039215905,0.91310502,-0.40583412,1.9886876,1.5278748,2.3
27,14400,14.400000,30,1.6177162,1.4917058,0.69999605,1.5830112,-0.038323326,-0.34189864,0.21587539,0.21000714,-0.31509227,0.19997566,-0.53247972,-0.8406936,0.0984867,1.4721497,-2.1354001,2.3
27,14400,14.400000,31,1.6177162,1.5733968,1.3391002,1.1457332,0.12765057,-0.028128916,0.10664528,-0.19780818,-0.21447112,-0.15654275,0.16046078,0.77732322,-0.60829347,2.2247051,1.3672283,2.3
28,14450,14.450000,0,1.6139646,0.49295791,0.11448962,0.21508745,0.19479336,0.051658602,0.16886137,-0.059439589,0.028821527,-0.18182637,-0.22712875,0.97328156,-0.033697706,1.6045004,1.8000572,2.3
28,14450,14.450000,1,1.6139646,1.5302712,0.073104805,0.34967225,-0.28646503,-0.61632434,-0.17811549,-0.26597339,-0.17297703,0.28110059,0.91469557,0.11961065,0.38603796,1.1744636,0.13002774,2.3
28,14450,14.450000,2,1.6139646,0.26237328,0.56908939,0.59018329,-0.22817476,0.32238143,0.027477074,-0.36801354,0.89673114,-0.29316778,0.18109163,0.18857703,0.96521735,0.26452291,0.80564436,2.3
28,14450,14.450000,3,1.6139646,0.64140554,0.8421052,0.28526621,0.034640276,0.18454922,0.0014406624,-0.16613098,-0.27646981,0.27681476,-0.54640366,-0.7794283,0.30648748,1.2592956,-2.1822141,2.3
28,14450,14.450000,4,1.6139646,0.47987225,1.5836866,1.2087909,0.15872416,-0.12486385,0.20789857,-0.018738615,-0.27180809,-0.95483938,-0.12640807,0.93809861,-0.32247789,1.8991424,1.7047388,2.3
28,14450,14.450000,5,1.6139646,0.26410036,0.20175853,0.82632287,0.14373578,-0.25673497,-0.38726994,-0.51278483,-0.057394917,0.082536485,-0.46888596,-0.080635998,0.87957023,0.49583819,-2.971285,2.3
28,14450,14.450000,6,1.6139646,0.65661772,0.36668443,1.3844088,0.0091674321,0.043211898,-0.088095039,0.33744679,-0.080733351,-0.473595,-0.48285079,-0.04296622,-0.87464794,2.6355054,-3.0528419,2.3
28,14450,14.450000,7,1.6139646,0.66138673,0.66904128,0.97394824,0.068211204,0.13029269,-0.0085544823,-0.04856347,0.42988351,0.17356532,0.89881963,-0.35814707,0.25269341,1.3153333,-0.37918135,2.3
28,14450,14.450000,8,1.6139646,0.15334258,0.97181795,0.26316525,-0.018770277,-0.10177593,0.010709361,0.14749299,0.30720597,0.47185294,-0.27127073,-0.22945585,-0.93475248,2.7783581,-2.4395096,2.3
28,14450,14.450000,9,1.6139646,1.5546108,1.4351857,0.66832046,-0.23907395,-0.019341607,0.098478049,-0.38813659,-0.73142184,0.26318423,0.3486289,-0.6096305,-0.71190487,2.3630032,-1.0513181,2.3
28,14450,14.450000,10,1.6139646,0.41203505,1.0146007,0.66325505,-0.20150953,0.095254797,-0.060758426,0.64153635,-0.54581228,0.27143673,0.70853855,0.66755043,0.22880025,1.3399513,0.75562101,2.3
28,14450,14.450000,11,1.6139646,0.5969878,1.5360731,0.60422598,-0.020764448,0.10129321,0.20364049,0.0091265246,0.21321459,0.073220755,0.66416348,0.60961623,0.43272962,1.123278,0.74260117,2.3
28,14450,14.450000,12,1.6139646,0.018465524,0.80839344,1.1381742,-0.14418466,-0.080111952,0.14885109,-0.27164652,0.099817325,0.60790485,-0.74590614,-0.27572852,0.60629846,0.91939868,-2.7875155,2.3
28,14450,14.450000,13,1.6139646,0.29468098,1.1725489,1.3986608,0.0097398106,-0.16634908,0.11031451,0.47679921,0.23563761,-0.36917763,-0.68929,0.54971925,-0.47189834,2.062239,2.4683687,2.3
28,14450,14.450000,14,1.6139646,0.3788006,0.74516659,1.4731119,-0.015183115,-0.13695063,0.027948559,-0.11293901,0.56963013,-0.35047828,0.96913565,-0.23968345,-0.057688333,1.6285167,-0.24245163,2.3
28,14450,14.450000,15,1.6139646,1.2145757,1.5294902,1.3447576,0.49766597,0.062733351,0.18950191,0.56078112,0.52462403,-0.011999418,0.91078824,-0.1776712,-0.37268986,1.9527024,-0.19265467,2.3
28,14450,14.450000,16,1.6139646,1.1001054,0.41371641,0.16590851,0.10367101,0.098615154,-0.0054347428,-0.14243566,-0.049680845,0.22945088,0.30862378,0.082030824,0.94764039,0.32503237,0.25978892,2.3
28,14450,14.450000,17,1.6139646,0.90310659,0.5988412,0.54553586,-0.056340462,0.0057830393,-0.07881745,0.071053749,-0.0029223759,-0.27033906,-0.086306398,-0.055707838,0.99470993,0.10290522,-2.5684115,2.3
28,14450,14.450000,18,1.6139646,0.15712337,1.593778,1.4861212,0.39042904,-0.29921632,-0.62202242,-0.27591569,-0.33772549,0.69984667,-0.81802858,0.53822072,0.20284895,1.3665298,2.55965,2.3
28,14450,14.450000,19,1.6139646,1.0841077,0.96811586,0.24125345,-0.20985937,0.17799581,0.10964004,0.33960417,0.15163399,0.78101901,-0.40501709,-0.18960249,0.89443393,0.46363254,-2.7037608,2.3
28,14450,14.450000,20,1.6139646,0.9272358,1.4959124,0.97125006,-0.16212586,-0.32432373,0.084425609,0.35235347,-0.052846169,0.33469094,-0.24955747,-0.94337926,-0.21853291,1.7911071,-1.8294081,2.3
28,14450,14.450000,21,1.6139646,0.70201006,1.1318461,1.1606635,-0.17701686,0.43424457,-0.33037808,-0.33145785,-0.75766612,-0.26458204,-0.40574465,0.75838721,-0.51011775,2.106118,2.062058,2.3
28,14450,14.450000,22,1.6139646,1.3382386,0.36753912,1.1792843,-0.0063299618,0.15337191,-0.077465698,0.062130691,-0.498671,-0.0865361,-0.70779338,-0.70556626,-0.034709947,1.6055132,-2.3577702,2.3
28,14450,14.450000,23,1.6139646,1.2423526,0.88950438,0.76011327,-0.1621927,0.26428097,-0.16190361,0.04556136,0.061972281,-0.21634013,-0.65469519,0.19207661,0.73108193,0.75088999,2.8562173,2.3
28,14450,14.450000,24,1.6139646,1.1101262,1.2483669,0.61261285,0.16607122,0.23989892,0.21444277,0.38802348,-0.27328473,-0.55766573,0.27332267,-0.78298562,-0.55877387,2.1637029,-1.2349436,2.3
28,14450,14.450000,25,1.6139646,1.4040697,0.33200558,0.7122576,0.25605252,0.58100984,0.1281928,-0.1515568,0.57141508,0.29567194,-0.087637244,-0.98737136,-0.1319754,1.7031579,-1.6593225,2.3
28,14450,14.450000,26,1.6139646,1.4398331,0.71254569,0.37948371,-0.017063953,-0.29546095,-0.26278471,0.45495022,0.052825408,0.4729378,0.78605638,-0.61615706,-0.049657339,1.6204741,-0.66482085,2.3
28,14450,14.450000,27,1.6139646,1.4301222,1.2890731,0.089689236,-0.047047567,-0.13396203,-0.13105099,-0.30075421,0.15478585,-0.58399408,0.84456927,-0.039648745,-0.53397633,2.1340929,-0.04691108,2.3
28,14450,14.450000,28,1.6139646,1.1948998,1.049707,1.337175,0.071548136,-0.022078772,0.21535938,-0.62033261,-0.15666151,-0.48555803,0.59381829,0.43135285,0.67920141,0.82412231,0.62822882,2.3
28,14450,14.450000,29,1.6139646,0.73388553,1.3197067,0.092470609,-0.20469205,0.025344251,0.14062287,0.017618497,0.45297901,0.20320896,0.61616561,0.78608584,0.049081395,1.5216952,0.90598694,2.3
28,14450,14.450000,30,1.6139646,1.4959666,0.68179259,1.5769831,-0.030594155,-0.35849801,0.21351566,0.11396422,-0.43447525,-0.15910104,-0.34913036,-0.85581357,-0.38169508,1.9624259,-1.9581385,2.3
28,14450,14.450000,31,1.6139646,1.5654253,1.3290805,1.1323523,0.12332291,-0.035051166,0.095909004,-0.047435586,-0.087699405,-0.27518689,0.58712971,0.52776703,-0.61379204,2.2316513,0.73220339,2.3
29,14500,14.500000,0,1.6258924,0.48671344,0.11840512,0.20681641,0.18494201,0.054716711,0.15903692,-0.3419829,0.028477361,-0.20462192,-0.22474866,0.97440274,0.0052284556,1.5655678,1.7974846,2.3
29,14500,14.500000,1,1.6258924,1.5330818,0.07474843,0.35799959,-0.2949325,-0.61522503,-0.17239343,-0.14514351,-0.022941916,-0.016180004,0.81741558,0.4560264,-0.35195411,1.9304543,0.50887913,2.3
29,14500,14.500000,2,1.6258924,0.24726353,0.6149069,0.5799227,-0.24516101,0.36384051,0.012908429,-0.25851237,0.53394068,-0.20498765,0.55930544,0.22774403,0.79706341,0.64837957,0.38668994,2.3
29,14500,14.500000,3,1.6258924,0.6283933,0.83740538,0.29325906,0.01695291,0.17366598,0.0073037025,-0.47796065,-0.19526445,-0.0089042497,-0.66155825,-0.42250189,0.61954244,0.90263667,-2.5732402,2.3
29,14500,14.500000,4,1.6258924,0.48950775,1.5826302,1.1645015,0.16479088,-0.13757755,0.15487097,0.23229248,-0.14807583,-1.0292469,-0.69724658,0.58854851,-0.40921616,1.9923912,2.4405316,2.3
29,14500,14.500000,5,1.6258924,0.23766227,0.20141375,0.83212201,0.11545001,-0.2585641,-0.38757651,-0.52785727,-0.0070722122,-0.094848117,0.10359018,0.33152866,0.93774081,0.35472855,1.2679459,2.3
29,14500,14.500000,6,1.6258924,0.67923993,0.36697968,1.375661,0.026871806,0.040806064,-0.10700454,0.21701548,0.016576251,-0.29696674,-0.27876069,-0.12600235,-0.95205876,2.8306931,-2.7170693,2.3
29,14500,14.500000,7,1.6258924,0.66551944,0.69015612,0.99040441,0.067458773,0.14640374,0.0006698632,0.016868779,0.15600174,0.25383741,0.2067737,-0.51504673,0.83184825,0.58836675,-1.1890269,2.3
29,14500,14.500000,8,1.6258924,0.16167668,0.99569863,0.28887343,-0.011595856,-0.085138615,0.034385485,0.17085238,0.27264859,0.42417426,-0.30474353,-0.14494533,-0.94134066,2.7973777,-2.69763,2.3
29,14500,14.500000,9,1.6258924,1.5462562,1.4081916,0.68774469,-0.25884489,-0.056804369,0.11291,-0.37121254,-0.84084769,0.236945,0.52007389,-0.49031436,-0.69936756,2.3453086,-0.75595311,2.3
29,14500,14.500000,10,1.6258924,0.44943451,1.0024217,0.68442307,-0.16728118,0.075649674,-0.044551782,0.77687837,-0.1580336,0.40477787,0.54251349,0.82661444,0.14962516,1.4206072,0.98999959,2.3
29,14500,14.500000,11,1.6258924,0.60552819,1.5488226,0.61288508,-0.016651171,0.10268536,0.20781875,0.028069829,-0.054239955,0.07274857,0.46336319,0.76968083,0.43918787,1.1161018,1.0288929,2.3
29,14500,14.500000,12,1.6258924,0.0076167612,0.82534982,1.170561,-0.15512959,-0.069170199,0.1727383,-0.21068761,0.39197563,0.42594226,-0.47844854,-0.37677122,0.79317743,0.65478737,-2.4745293,2.3
29,14500,14.500000,13,1.6258924,0.32525421,1.1909241,1.3871723,0.038031078,-0.15667507,0.08856933,0.54227091,0.20738353,-0.39273798,-0.92091902,0.16919896,-0.35111232,1.9295551,2.9598907,2.3
29,14500,14.500000,14,1.6258924,0.37775211,0.77345387,1.4712006,-0.019016976,-0.11425398,0.015197337,0.027454157,0.36525041,-0.20705922,0.72784162,-0.00032854259,-0.6857452,2.3264234,-0.00045139294,2.3
29,14500,14.500000,15,1.6258924,1.2469357,1.5706786,1.3561694,0.52096403,0.092508596,0.19097007,0.51090149,0.65759189,0.17409816,0.86284944,-0.25468434,0.43660822,1.1189712,-0.28701661,2.3
29,14500,14.500000,16,1.6258924,1.105378,0.41615997,0.18192238,0.1008239,0.098003443,0.0092987522,0.055372706,0.02896608,0.27144689,0.53542922,0.29414532,0.79170328,0.65720423,0.50235447,2.3
29,14500,14.500000,17,1.6258924,0.91907584,0.6035331,0.54420617,-0.047079614,0.0060482869,-0.084159194,0.29136878,-0.10851698,0.077748523,0.25439974,-0.76297747,0.59426102,0.93444981,-1.2489586,2.3
29,14500,14.500000,18,1.6258924,0.13438596,1.594785,1.5388833,0.36661809,-0.30994843,-0.58039655,-0.52331087,-0.020909522,0.80027621,-0.7285554,0.46687696,0.50123143,1.045775,2.571694,2.3
29,14500,14.500000,19,1.6258924,1.1036568,0.97061935,0.26691437,-0.19836459,0.17336161,0.13343042,0.036745414,-0.28674962,0.17138401,-0.64886603,-0.21539787,0.72977848,0.75279844,-2.8210782,2.3
29,14500,14.500000,20,1.6258924,0.94664783,1.5032782,0.99921736,-0.14961253,-0.32799973,0.10513873,0.22578777,-0.02022832,0.40190019,0.034997172,-0.98105113,-0.190562,1.7625309,-1.5351383,2.3
29,14500,14.500000,21,1.6258924,0.69094274,1.0953513,1.1568438,-0.19321268,0.38954954,-0.34273006,-0.173131,-0.9670781,-0.23797655,-0.61588414,0.35259757,-0.7045294,2.3525561,2.6216345,2.3
29,14500,14.500000,22,1.6258924,1.3527719,0.34351904,1.190431,-0.0017037445,0.12673365,-0.075043306,0.2460367,-0.4543456,0.19002735,-0.80012292,-0.59253493,-0.093304172,1.6642364,-2.5041639,2.3
29,14500,14.500000,23,1.6258924,1.2543562,0.88989002,0.77126506,-0.15938085,0.25811554,-0.15638965,0.0075207529,-0.18050758,0.3272251,-0.71938547,0.010728128,0.69452823,0.80303236,3.1266809,2.3
29,14500,14.500000,24,1.6258924,1.1380516,1.2674467,0.58688979,0.18572008,0.24971661,0.18430323,0.30881939,0.57985976,-0.47372266,-0.50053023,-0.68037297,-0.53531497,2.1356769,-2.2050632,2.3
29,14500,14.500000,25,1.6258924,1.4088449,0.3636462,0.72651474,0.25047162,0.61008975,0.13715309,-0.20173005,0.77832824,0.088558327,-0.19534295,-0.82897707,-0.5240593,2.1224065,-1.8022179,2.3
29,14500,14.500000,26,1.6258924,1.4684458,0.71783746,0.40370142,0.00084192,-0.29543526,-0.24145007,0.25836051,-0.041205641,0.32317091,0.8604715,-0.50949857,2.2733213e-05,1.5707736,-0.53460195,2.3
29,14500,14.500000,27,1.6258924,1.4289114,1.3072782,0.066792584,-0.058784339,-0.12531544,-0.15452407,-0.23261348,0.2504293,-0.31581141,0.86402469,0.21410365,-0.45565443,2.0439036,0.24290518,2.3
29,14500,14.500000,28,1.6258924,1.1651588,1.0508753,1.3219962,0.033117911,-0.028644051,0.19039024,-0.81248428,-0.12726551,-0.55499545,0.15646145,0.10510561,0.98207567,0.18962137,0.59152519,2.3
29,14500,14.500000,29,1.6258924,0.74359052,1.3573668,0.10112126,-0.20042646,0.05314888,0.1485609,0.035014663,0.54211631,0.088457782,0.78882931,0.2913354,0.5411765,0.99896077,0.3537872,2.3
29,14500,14.500000,30,1.6258924,1.5205315,0.66113896,1.5802384,-0.017134565,-0.38409611,0.20514725,0.35558475,-0.52594151,-0.13505423,-0.10275506,-0.8020339,-0.5883732,2.1998418,-1.6982203,2.3
29,14500,14.500000,31,1.6258924,1.575435,1.3247403,1.1249209,0.1217693,-0.049161848,0.080167046,0.024935874,-0.4469308,-0.34948713,0.8134351,0.3208376,-0.48516654,2.0773499,0.37568949,2.3
30,14550,14.550000,0,1.630136,0.47011306,0.12482541,0.19522643,0.16709457,0.06082001,0.14692294,-0.33709708,0.18014768,-0.23838683,-0.21511172,0.97613523,-0.029781898,1.6005826,1.7877003,2.3
30,14550,14.550000,1,1.630136,1.5372029,0.082248282,0.35610133,-0.29481294,-0.60792978,-0.17522238,0.043935025,0.25829303,-0.037273949,0.35005825,0.55675288,-0.7533163,2.4238865,1.0095051,2.3
30,14550,14.550000,2,1.630136,0.24923411,0.61989228,0.57821039,-0.24383752,0.36721658,0.0096867138,0.3074776,-0.18223562,0.0018388047,0.4195442,0.23893953,0.87572288,0.50386531,0.51770746,2.3
30,14550,14.550000,3,1.630136,0.59876302,0.82534093,0.28453621,-0.014276779,0.15943444,-0.0021722052,-0.60758864,-0.32849115,-0.28798682,-0.71625492,-0.1424233,0.68315042,0.81872835,-2.9453085,2.3
30,14550,14.550000,4,1.630136,0.49889984,1.5857669,1.1141816,0.17289478,-0.13857028,0.1015812,0.083583812,0.056572069,-0.95888172,-0.95107673,-0.13147974,-0.27958206,1.8541551,-3.0042203,2.3
30,14550,14.550000,5,1.630136,0.21641833,0.19838598,0.82030538,0.093614237,-0.26211293,-0.40154678,-0.46564418,-0.19607326,-0.32270147,0.35520894,0.69590893,0.62412929,0.89677969,1.098844,2.3
30,14550,14.550000,6,1.630136,0.69109667,0.36036436,1.3637946,0.036942595,0.033242788,-0.12244132,-0.011262387,-0.23982332,-0.27196687,0.011774571,-0.21871176,-0.97571847,2.920774,-1.5170122,2.3
30,14550,14.550000,7,1.630136,0.6671614,0.69713043,1.0020396,0.067363851,0.15157,0.0097083329,-0.046325742,-0.066112066,0.068591534,-0.65964189,-0.14932609,0.73659643,0.74277225,-2.9189703,2.3
30,14550,14.550000,8,1.630136,0.17496921,1.0124007,0.30401303,0.0012579425,-0.071053688,0.048752393,0.30367325,0.35860093,0.17337319,-0.26384407,0.012022148,-0.96449042,2.8743035,3.0960588,2.3
30,14550,14.550000,9,1.630136,1.5471213,1.3729063,0.70542103,-0.26201141,-0.095714358,0.12877065,0.27046171,-0.70515764,0.34519474,0.47070797,-0.6347463,-0.61280596,2.2304028,-0.93271314,2.3
30,14550,14.550000,10,1.630136,0.49756943,1.013242,0.71031346,-0.12038041,0.083842956,-0.020479119,1.1227397,0.43919944,0.39343802,0.40960781,0.91134547,-0.040876394,1.6116841,1.1483966,2.3
30,14550,14.550000,11,1.630136,0.60361274,1.5450069,0.61839473,-0.020142509,0.094837508,0.21172367,-0.060786781,-0.24917054,0.12346443,0.2578849,0.94563902,0.19814695,1.3713293,1.3045607,2.3
30,14550,14.550000,12,1.630136,1.6285298,0.85015748,1.1857041,-0.1643604,-0.04654619,0.18481057,-0.20745442,0.47956702,0.15160128,-0.2616353,-0.43831719,0.85989826,0.535726,-2.1089396,2.3
30,14550,14.550000,13,1.630136,0.34554231,1.205094,1.3761565,0.057444962,-0.14562791,0.073952135,0.24426292,0.36267497,-0.15046137,-0.91414869,-0.34687597,-0.20978379,1.7821501,-2.7789242,2.3
30,14550,14.550000,14,1.630136,0.38564373,0.78625381,1.4688067,-0.012120276,-0.10348679,0.008971662,0.1210772,0.1417291,-0.044465884,0.13760438,0.39737636,-0.90728003,2.7075666,1.2374374,2.3
30,14550,14.550000,15,1.630136,1.273131,1.5989637,1.3675913,0.54387498,0.11666278,0.19884208,0.37224626,0.26931047,0.15289421,0.35417813,-0.11936601,0.92752876,0.38305066,-0.32506714,2.3
30,14550,14.550000,16,1.630136,1.1150979,0.4252825,0.18826866,0.10764985,0.10602933,0.015162579,0.30082093,0.26627754,0.030691139,0.84881357,0.24268365,0.46970222,1.0818429,0.2784799,2.3
30,14550,14.550000,17,1.630136,0.93450169,0.60018455,0.55692539,-0.034069513,0.00113092,-0.072875071,0.11890159,-0.038812573,0.20530443,0.44909473,-0.8384524,-0.30872559,1.8846492,-1.0790578,2.3
30,14550,14.550000,18,1.630136,0.11627838,1.6021864,1.576947,0.34818379,-0.30671368,-0.54639368,-0.095331795,0.090950303,0.44484421,-0.4485862,0.38378473,0.80714292,0.63149993,2.4338895,2.3
30,14550,14.550000,19,1.630136,1.1035905,0.9547379,0.26875656,-0.20130763,0.1549708,0.13457447,-0.097543559,-0.41732252,-0.066113209,-0.88056393,-0.44513624,0.16266802,1.4074022,-2.6735446,2.3
30,14550,14.550000,20,1.630136,0.95792428,1.5051986,1.019152,-0.1408183,-0.33000025,0.12244286,0.17768817,-0.13628897,0.33821391,0.28257227,-0.95736726,0.060007113,1.5107531,-1.2837899,2.3
30,14550,14.550000,21,1.630136,0.68452291,1.0582187,1.1478825,-0.20142518,0.34961015,-0.35469514,-0.11404649,-0.48590007,-0.20923827,-0.81264134,0.0088581868,-0.58269683,2.1928395,3.1306926,2.3
30,14550,14.550000,22,1.630136,1.3657409,0.33059459,1.198382,0.0077221544,0.11293059,-0.0702056,0.15642191,-0.12939991,-0.014855397,-0.88792761,-0.27633651,-0.36772638,1.9473592,-2.8398788,2.3
30,14550,14.550000,23,1.630136,1.2562382,0.88260006,0.80057397,-0.16077099,0.24851547,-0.12912927,-0.11952556,-0.2252976,0.68377431,-0.76482054,-0.11809869,0.63332633,0.88495242,-2.9883891,2.3
30,14550,14.550000,24,1.630136,1.1452482,1.3043387,0.57067714,0.1899408,0.28325691,0.16658189,-0.21112899,0.65037538,-0.43082611,-0.90505984,-0.21902701,-0.3645461,1.9439416,-2.9041548,2.3
30,14550,14.550000,25,1.630136,1.4011283,0.40580252,0.73282911,0.23909272,0.65124332,0.1415655,-0.27120736,0.83656424,0.042829048,-0.20535224,-0.58687631,-0.78320282,2.4705967,-1.9073885,2.3
30,14550,14.550000,26,1.630136,1.4644434,0.71734101,0.4128468,-0.0069830148,-0.29780218,-0.23336889,-0.3797562,-0.059137512,0.12730693,0.91508496,-0.39855712,0.061414518,1.5093431,-0.41076508,2.3
30,14550,14.550000,27,1.630136,1.4184782,1.3182203,0.057293939,-0.072928496,-0.11779523,-0.16418445,-0.41529891,0.065233278,0.089975887,0.94820209,-0.073909835,-0.30895005,1.8848852,-0.077790054,2.3
30,14550,14.550000,28,1.630136,1.1309104,1.0419132,1.3031149,-0.0041230279,-0.040333717,0.16808764,-0.52457763,-0.19292909,-0.41027572,-0.44093561,-0.18082604,0.87913465,0.49675295,-2.752413,2.3
30,14550,14.550000,29,1.630136,0.74382344,1.384706,0.10824846,-0.2021321,0.076914348,0.15541524,-0.06598522,0.49459128,0.18720573,0.54255368,-0.25812355,0.7993796,0.6445344,-0.44406556,2.3
30,14550,14.550000,30,1.630136,1.540224,0.63280525,1.580079,-0.0014310812,-0.41411627,0.20086904,0.33522566,-0.68070825,-0.11824507,0.020754399,-0.85467016,-0.51875636,2.116192,-1.5465176,2.3
30,14550,14.550000,31,1.630136,1.5826469,1.3046309,1.1162554,0.12486529,-0.07269815,0.068580563,0.094893883,-0.4378825,-0.047598188,0.86435547,0.040393581,-0.5012564,2.0958465,0.046698627,2.3
31,14600,14.600000,0,1.6294428,0.45235576,0.13700576,0.18688661,0.14953345,0.073056048,0.13866438,-0.32703716,0.30783033,-0.082467855,-0.03637524,0.94192132,-0.33385784,1.9111896,1.6093953,2.3
31,14600,14.600000,1,1.6294428,1.5302318,0.094836622,0.35501411,-0.30113174,-0.59530378,-0.17615837,-0.25723387,0.28369002,0.058128336,-0.31612597,0.663944,-0.6776745,2.3153919,2.0151691,2.3
31,14600,14.600000,2,1.6294428,0.26695318,0.60787313,0.5811118,-0.22600868,0.35545853,0.01283467,0.31329582,-0.11825946,0.060438516,-0.13464109,0.40065261,0.90628321,0.43639045,1.8949939,2.3
31,14600,14.600000,3,1.6294428,0.5781025,0.8128794,0.26672872,-0.034687023,0.1473213,-0.019862467,-0.092597623,-0.18569196,-0.31463321,-0.79859494,-0.10116568,0.59330568,0.93563711,-3.0155843,2.3
31,14600,14.600000,4,1.6294428,0.49145694,1.5826217,1.0644034,0.1656625,-0.14104163,0.052266308,-0.25974408,-0.027207608,-0.99985846,-0.61958345,-0.78464882,0.021037632,1.5497571,-2.239183,2.3
31,14600,14.600000,5,1.6294428,0.19286056,0.18834337,0.80982383,0.070143506,-0.2720733,-0.41168167,-0.57488602,-0.094268513,-0.18565012,0.39124419,0.89389538,0.21881279,1.3501987,1.158231,2.3
31,14600,14.600000,6,1.6294428,0.69103318,0.34839823,1.3527374,0.037173033,0.021427378,-0.13292088,0.027252571,-0.22465163,-0.2164814,0.2502693,-0.35230137,-0.90180321,2.6947205,-0.95313511,2.3
31,14600,14.600000,7,1.6294428,0.66724646,0.66989014,0.99814022,0.067732689,0.12462043,0.0062342947,0.090317573,-0.9058897,-0.074068861,-0.9625092,0.26664322,-0.049773865,1.6205908,2.8713408,2.3
31,14600,14.600000,8,1.6294428,0.18614567,1.0307305,0.31210517,0.012511199,-0.052289406,0.056975563,0.21991739,0.32948251,0.10561295,-0.13621248,0.1749878,-0.97510278,2.9179804,2.2322341,2.3
31,14600,14.600000,9,1.6294428,1.575024,1.3423131,0.71048742,-0.23344471,-0.12573013,0.13413815,0.73605672,-0.63074589,-0.099279206,0.093197416,-0.94701697,-0.30736476,1.8832188,-1.4727006,2.3
31,14600,14.600000,10,1.6294428,0.55475203,1.0336997,0.72381502,-0.062974023,0.10473601,-0.0066725714,1.069027,0.52769769,0.21909075,0.20935382,0.85769577,-0.46960509,2.0596398,1.331389,2.3
31,14600,14.600000,11,1.6294428,0.59565098,1.5285813,0.62195928,-0.027849229,0.07906547,0.215552,-0.18121413,-0.29059669,0.096925763,-0.080684706,0.98666588,-0.1413521,1.7126234,1.6523899,2.3
31,14600,14.600000,12,1.6294428,1.6142918,0.87179942,1.1921283,-0.17790875,-0.024538057,0.19174044,-0.39050493,0.24873508,0.13355183,-0.35981741,-0.45765573,0.8130699,0.62139022,-2.2370772,2.3
31,14600,14.600000,13,1.6294428,0.35563659,1.2332277,1.3741302,0.067688359,-0.11697564,0.072510652,0.096202655,0.74993712,0.092764049,-0.75639572,-0.65256471,0.044997911,1.5257832,-2.4297549,2.3
31,14600,14.600000,14,1.6294428,0.39063753,0.78248636,1.4712789,-0.0069613898,-0.10692064,0.012069123,0.10605559,-0.29378641,0.059152211,-0.24184287,0.56356563,-0.78987708,2.4814049,1.9761598,2.3
31,14600,14.600000,15,1.6294428,1.291888,1.6058931,1.3743303,0.56317745,0.12427367,0.20616419,0.32738985,0.023251473,0.22400978,-0.29935025,0.44366334,0.84472023,0.5647541,2.1643563,2.3
31,14600,14.600000,16,1.6294428,1.1355874,0.43465462,0.18041419,0.12861802,0.11558432,0.0073865102,0.45285214,0.17911859,-0.30858401,0.99663195,0.077178588,-0.027716806,1.5985167,0.077285165,2.3
31,14600,14.600000,17,1.6294428,0.93860961,0.59628184,0.57085933,-0.029563259,-0.0025173446,-0.05870129,0.090806996,0.032960396,0.4135679,0.32243366,-0.26350366,-0.90917675,2.7120991,-0.68516133,2.3
31,14600,14.600000,18,1.6294428,0.10949884,1.605997,1.5882503,0.34145226,-0.30222081,-0.53441725,-0.19493391,-0.036218172,0.040792994,0.18658047,0.10040981,0.97729504,0.21350129,0.49370618,2.3
31,14600,14.600000,19,1.6294428,1.093675,0.93772603,0.26084939,-0.21075585,0.13836138,0.12677992,-0.32001971,-0.25903069,-0.31327821,-0.66650337,-0.64605181,-0.3720085,1.9519682,-2.3717747,2.3
31,14600,14.600000,20,1.6294428,0.96840613,1.4931648,1.0313905,-0.1299268,-0.34139641,0.13511738,0.20995179,-0.33754842,0.24855534,0.32882252,-0.8245569,0.46041466,1.0923341,-1.1913361,2.3
31,14600,14.600000,21,1.6294428,0.67254218,1.0549159,1.1402362,-0.21311731,0.34675673,-0.36185485,-0.43055973,0.352488,-0.16171577,-0.88207687,0.082349122,-0.46385236,2.0531351,3.0485043,2.3
31,14600,14.600000,22,1.6294428,1.3793765,0.33366988,1.1956851,0.02194157,0.11614714,-0.07239339,0.38141979,0.29248141,-0.13228485,-0.79269091,0.24568228,-0.55792592,2.1626808,2.8410467,2.3
31,14600,14.600000,23,1.6294428,1.2529894,0.875713,0.83873024,-0.16348616,0.24200232,-0.090624385,-0.12282303,-0.10366151,0.81073865,-0.8226175,-0.28116414,0.49421369,1.0538662,-2.8122486,2.3
31,14600,14.600000,24,1.6294428,1.1243446,1.3267153,0.54289465,0.16951986,0.30619301,0.13903621,-0.41354511,0.37309541,-0.59577538,-0.98722523,0.11287645,-0.11245111,1.6834858,3.0277499,2.3
31,14600,14.600000,25,1.6294428,1.3913858,0.44533736,0.73646688,0.22994413,0.69095917,0.14551573,-0.064020047,0.76032855,0.084811563,-0.23202914,-0.30995659,-0.92200292,2.7440184,-2.2133918,2.3
31,14600,14.600000,26,1.6294428,1.449629,0.71570346,0.41624672,-0.021177663,-0.29913498,-0.22979265,-0.10710137,-0.087765017,0.036268915,0.99563781,-0.084815237,-0.03888096,1.6096871,-0.08498167,2.3
31,14600,14.600000,27,1.6294428,1.4001616,1.3178082,0.067989381,-0.090645729,-0.11764669,-0.15346236,-0.31166623,0.010793069,0.3095626,0.76701667,-0.62439439,-0.14770605,1.7190448,-0.683253,2.3
31,14600,14.600000,28,1.6294428,1.1066446,1.0342257,1.2897519,-0.027913079,-0.047579779,0.15527598,-0.23363642,-0.17594029,-0.20014558,-0.85334141,-0.22271529,0.47138767,1.0799328,-2.8862956,2.3
31,14600,14.600000,29,1.6294428,0.73583358,1.4095659,0.11699661,-0.20980729,0.10236846,0.16421129,-0.25842977,0.43137147,0.17133259,0.14352154,-0.62380252,0.7682916,0.69462842,-1.3446564,2.3
31,14600,14.600000,30,1.6294428,1.5543699,0.59615386,1.5801418,0.013372848,-0.45050631,0.20160389,0.20477723,-0.85447744,0.07005174,0.039209648,-0.92059999,-0.38853347,1.9698358,-1.5282306,2.3
31,14600,14.600000,31,1.6294428,1.585836,1.2861815,1.1257846,0.12872814,-0.090596591,0.07858662,0.085413922,-0.39840709,0.45590539,0.79423914,-0.24988034,-0.55384474,2.1577712,-0.30481145,2.3
32,14650,14.650000,0,1.6387038,0.44107137,0.15608171,0.19087598,0.13571721,0.091301609,0.14158329,-0.27812207,0.46480745,0.047266276,0.28043521,0.55673588,-0.78192151,2.4685386,1.1041826,2.3
32,14650,14.650000,1,1.6387038,1.5345261,0.11308454,0.36090788,-0.3055221,-0.57764492,-0.1722933,0.02853169,0.36027368,0.081225598,-0.8579127,0.50305207,-0.10451992,1.6755075,2.6112574,2.3
32,14650,14.650000,2,1.6387038,0.28563545,0.60119288,0.58627891,-0.20889216,0.34535204,0.014693726,0.36279312,-0.23430509,0.013175881,-0.55370178,0.5491013,0.62602084,0.89435639,2.3603661,2.3
32,14650,14.650000,3,1.6387038,0.58876617,0.80323239,0.25028237,-0.027329884,0.13309455,-0.037774029,0.25752899,-0.2789009,-0.30709121,-0.83513569,-0.19302199,0.51506397,1.0297141,-2.9144546,2.3
32,14650,14.650000,4,1.6387038,0.4864251,1.5944553,1.0235986,0.15785954,-0.13821099,0.0055442264,-0.028963891,0.019711502,-0.88375654,0.069130717,-0.98688619,0.14586498,1.4244091,-1.5008612,2.3
32,14650,14.650000,5,1.6387038,0.16749822,0.18556344,0.79940636,0.043759796,-0.27591281,-0.42665937,-0.66697007,-0.04869225,-0.38089893,0.34997361,0.93297412,-0.084129467,1.6550254,1.2119239,2.3
32,14650,14.650000,6,1.6387038,0.68754784,0.3335405,1.3462288,0.029781111,0.0046370878,-0.14707773,-0.23668657,-0.37854134,-0.25119373,0.5024505,-0.55197209,-0.66548502,2.2989398,-0.83232928,2.3
32,14650,14.650000,7,1.6387038,0.67377942,0.62155382,1.0002653,0.07046557,0.072624085,0.0026964414,0.11144274,-1.0571266,-0.036527363,-0.52793728,0.17952542,-0.83009208,2.5500691,2.8138087,2.3
32,14650,14.650000,8,1.6387038,0.20325875,1.0559937,0.31926236,0.028520941,-0.032939267,0.062343677,0.35548916,0.4037875,0.099730092,-0.015493183,0.41363749,-0.91030983,2.7148283,1.6082348,2.3
32,14650,14.650000,9,1.6387038,1.6176034,1.3173185,0.69960993,-0.19991209,-0.15826163,0.11926471,0.58273321,-0.63662723,-0.35390734,-0.33116667,-0.93586505,-0.12035463,1.6914434,-1.9109071,2.3
32,14650,14.650000,10,1.6387038,0.60696742,1.0636496,0.7195758,-0.01405024,0.12874274,-0.015002031,0.8714719,0.31617316,-0.33826797,0.071264322,0.75639136,-0.65022574,2.2786778,1.4768574,2.3
32,14650,14.650000,11,1.6387038,0.59208982,1.5278757,0.6315984,-0.034776173,0.069698645,0.22163893,-0.12235853,-0.12149626,0.073956246,-0.42904162,0.84631625,-0.31570886,1.892,2.03999,2.3
32,14650,14.650000,12,1.6387038,1.5953943,0.87541102,1.2093904,-0.20590183,-0.025877584,0.20219736,-0.76742891,-0.28863623,0.27614546,-0.75615289,-0.17497638,0.63056806,0.88851143,-2.9141917,2.3
32,14650,14.650000,13,1.6387038,0.35290846,1.2781866,1.395017,0.062952363,-0.079133107,0.085550537,-0.33610727,0.81175822,0.49330555,-0.58076476,-0.66803464,0.46523329,1.0868982,-2.2864249,2.3
32,14650,14.650000,14,1.6387038,0.39455794,0.76742943,1.4815286,-0.0052659991,-0.12636975,0.013951384,-0.043016762,-0.47437647,0.018634851,-0.30489611,0.57753449,-0.75729272,2.429954,2.0565352,2.3
32,14650,14.650000,15,1.6387038,1.3056634,1.620549,1.3956462,0.56959217,0.12978677,0.21963083,-0.027806948,0.23290612,0.22464794,-0.67999904,0.69435995,0.23551131,1.3330517,2.3457457,2.3
32,14650,14.650000,16,1.6387038,1.1640568,0.43975908,0.16189118,0.15057104,0.11821096,-0.012106658,0.41416586,0.030098488,-0.40645001,0.89896258,-0.10076882,-0.42627683,2.0111692,-0.11162858,2.3
32,14650,14.650000,17,1.6387038,0.94876694,0.5990999,0.59791845,-0.024754194,-0.0030866762,-0.03495397,0.10086776,-0.056040605,0.54304428,0.022197838,0.52721506,-0.84944189,2.5857231,1.5287172,2.3
32,14650,14.650000,18,1.6387038,0.093797207,1.6101874,1.6026219,0.32517441,-0.30714425,-0.52908766,-0.41286061,0.058154631,0.18495573,0.74155088,-0.36699177,0.56162205,0.97445139,-0.45955738,2.3
32,14650,14.650000,19,1.6387038,1.0822089,0.93113187,0.24056745,-0.228388,0.12647129,0.10507693,-0.39426794,-0.32831259,-0.57386412,-0.024744493,-0.80028332,-0.59911127,2.213187,-1.6017061,2.3
32,14650,14.650000,20,1.6387038,0.98370871,1.4868487,1.0463749,-0.12015589,-0.35615722,0.1442141,0.17690969,-0.35689187,0.1399317,0.16866383,-0.32827003,0.92940374,0.37800239,-1.0961729,2.3
32,14650,14.650000,21,1.6387038,0.64733051,1.0849608,1.1467169,-0.24206937,0.37073797,-0.36185477,-0.58729276,0.45432431,0.024744486,-0.91191513,0.2713888,-0.30782935,1.8837071,2.8523363,2.3
32,14650,14.650000,22,1.6387038,1.4074831,0.35703275,1.1955502,0.042151078,0.13755293,-0.079304515,0.37053402,0.56685886,-0.12467714,-0.66225996,0.5485745,-0.51037022,2.1064116,2.4498102,2.3
32,14650,14.650000,23,1.6387038,1.2564616,0.88105521,0.88064484,-0.16712505,0.24236634,-0.053581724,-0.072653236,-0.045105798,0.64599569,-0.88515417,-0.40013601,0.23747267,1.3310331,-2.7170333,2.3
32,14650,14.650000,24,1.6387038,1.106461,1.3603362,0.51643478,0.1453146,0.33219979,0.10957426,-0.48770249,0.5715307,-0.57487992,-0.90314088,0.38975972,0.18006642,1.3897424,2.7341785,2.3
32,14650,14.650000,25,1.6387038,1.4016889,0.47850932,0.75150215,0.23233245,0.72151345,0.15633459,0.19869845,0.37826006,0.32353491,-0.42745665,-0.31224566,-0.84840053,2.5837527,-2.5107062,2.3
32,14650,14.650000,26,1.6387038,1.461999,0.7207011,0.41370456,-0.017058347,-0.29820771,-0.23468671,0.25409526,0.28729799,-0.26501078,0.92547434,0.32952069,-0.18685117,1.7587522,0.3420597,2.3
32,14650,14.650000,27,1.6387038,1.3948997,1.323506,0.090136161,-0.10382816,-0.11943363,-0.13176349,-0.20934222,-0.11899015,0.54768527,0.18759888,-0.98215929,-0.013030108,1.5838268,-1.3820631,2.3
32,14650,14.650000,28,1.6387038,1.1098947,1.034774,1.2937292,-0.030944052,-0.052894439,0.15193244,0.05691873,-0.084023776,0.042151498,-0.9843561,-0.13622176,0.1117439,1.4588186,-3.0040794,2.3
32,14650,14.650000,29,1.6387038,0.73085684,1.4366299,0.12607343,-0.21894031,0.12136727,0.17259938,-0.086395715,0.38903896,0.21872726,-0.494841,-0.68582293,0.53364716,1.007889,-2.1958255,2.3
32,14650,14.650000,30,1.6387038,1.5758402,0.55731428,1.5933508,0.025973089,-0.49261485,0.20582009,0.26519819,-0.82960321,0.082458457,0.13156297,-0.94786924,-0.29023281,1.8652664,-1.4328788,2.3
32,14650,14.650000,31,1.6387038,1.6005389,1.2844599,1.1597201,0.13440182,-0.099602741,0.10604577,0.26356883,0.034837455,0.54717305,0.75314391,-0.3067047,-0.58198495,2.1919638,-0.38672573,2.3
33,14700,14.700000,0,1.6331194,0.42583455,0.17967392,0.19039006,0.12196002,0.11546698,0.14174813,-0.20102381,0.55003542,-0.081666877,0.39858195,-0.18275228,-0.89874025,2.6876843,-0.42990509,2.3
33,14700,14.700000,1,1.6331194,1.5315864,0.1260047,0.37086325,-0.30322847,-0.56431663,-0.16108889,0.038929377,0.27263369,0.37228573,-0.78671582,-0.066709674,0.61370028,0.91005759,-3.0569999,2.3
33,14700,14.700000,2,1.6331194,0.30214183,0.58687876,0.58161777,-0.19138249,0.33306572,0.012025995,0.422644,-0.31222033,-0.15423143,-0.75042479,0.62337642,0.21969176,1.3492978,2.4484116,2.3
33,14700,14.700000,3,1.6331194,0.59761192,0.79334632,0.23279314,-0.01645914,0.12593356,-0.054438772,0.30442383,-0.16029757,-0.23701072,-0.84797634,-0.42794146,0.31273348,1.2527268,-2.6742224,2.3
33,14700,14.700000,4,1.6331194,0.48540929,1.5910533,0.99446651,0.15850251,-0.13617584,-0.02014338,0.05173076,0.05154574,-0.14163832,0.56927306,-0.81873836,0.074804325,1.4959221,-0.96322817,2.3
33,14700,14.700000,5,1.6331194,0.12887368,0.18594041,0.77595541,0.0056409979,-0.27490174,-0.4474215,-0.75647008,0.00067347627,-0.47499323,0.24711876,0.91333972,-0.32364003,1.9003704,1.3065569,2.3
33,14700,14.700000,6,1.6331194,0.67255108,0.30461199,1.3411663,0.017105786,-0.023202277,-0.14755322,-0.33831381,-0.67472281,0.17580763,0.601666,-0.71351703,-0.35901458,1.9380082,-0.87023999,2.3
33,14700,14.700000,7,1.6331194,0.68179056,0.57234193,0.98800299,0.080790476,0.025449843,-0.0061722714,0.21100128,-0.82405834,-0.23217717,0.34856092,-0.14494195,-0.9260114,2.7545024,-0.39407766,2.3
33,14700,14.700000,8,1.6331194,0.21826488,1.0728997,0.32036781,0.044246586,-0.012399461,0.06454087,0.29235468,0.42032059,0.05618636,-0.025846895,0.68085064,-0.73196608,2.3919994,1.6087408,2.3
33,14700,14.700000,9,1.6331194,0.0024289525,1.2862847,0.68048571,-0.17641452,-0.18485167,0.10249604,0.45686282,-0.61521929,-0.32230765,-0.71097352,-0.70284448,0.022941077,1.5478532,-2.3619441,2.3
33,14700,14.700000,10,1.6331194,0.64910099,1.0641263,0.69172883,0.030227366,0.13285127,-0.040440205,0.8557902,-0.15251479,-0.66878732,0.050735722,0.74170907,-0.66880007,2.3033899,1.5024989,2.3
33,14700,14.700000,11,1.6331194,0.58070543,1.5235697,0.61769451,-0.044158821,0.07060104,0.20986734,-0.19002177,0.14504663,-0.63514155,-0.79105965,0.54375463,-0.28027761,1.8548796,2.5393902,2.3
33,14700,14.700000,12,1.6331194,1.5558037,0.85572318,1.2279132,-0.24011398,-0.042610702,0.22488032,-0.62637352,-0.35085422,0.64261956,-0.90004024,0.39563874,0.18274999,1.3870135,2.7274386,2.3
33,14700,14.700000,13,1.6331194,0.3380477,1.3170955,1.421526,0.049270912,-0.035794293,0.11686707,-0.20034553,0.76411368,0.71831415,-0.42071925,-0.66990943,0.61173251,0.91254748,-2.1315673,2.3
33,14700,14.700000,14,1.6331194,0.38291553,0.73637973,1.4735861,-0.015581415,-0.15485278,0.011052773,-0.3859571,-0.7093225,-0.11613033,-0.128043,0.53957569,-0.83214365,2.5537584,1.8037898,2.3
33,14700,14.700000,15,1.6331194,1.2947953,1.6237207,1.3982753,0.56316255,0.138496,0.2270287,-0.27388644,0.062484277,0.0707659,-0.70629426,0.66913146,-0.2311093,1.804014,2.383207,2.3
33,14700,14.700000,16,1.6331194,1.17355,0.43667002,0.14319686,0.16405417,0.11661782,-0.030280291,0.17450709,-0.094398341,-0.25250218,0.63069888,-0.31072569,-0.7111037,2.3618631,-0.4577655,2.3
33,14700,14.700000,17,1.6331194,0.95397688,0.58994809,0.62115721,-0.01629655,-0.010208988,-0.0096343756,0.27874766,-0.16639403,0.43544904,-0.24854022,0.95162069,-0.18068155,1.7524757,1.8262653,2.3
33,14700,14.700000,18,1.6331194,0.076958091,1.6183059,1.6052167,0.3086267,-0.29351523,-0.52101756,-0.3108801,0.50161729,0.18063008,0.60758887,-0.75439495,-0.24844322,1.8218691,-0.89277203,2.3
33,14700,14.700000,19,1.6331194,1.0570554,0.90926771,0.207479,-0.24989015,0.10774834,0.072753135,-0.47387645,-0.35501167,-0.70805576,0.59611486,-0.47613538,-0.64648447,2.2737638,-0.67396665,2.3
33,14700,14.700000,20,1.6331194,0.99048307,1.4612229,1.0519205,-0.11001188,-0.37675117,0.15334112,0.18811343,-0.5020991,0.21178746,-0.0048735568,0.33230987,0.94315767,0.33878946,1.585461,2.3
33,14700,14.700000,21,1.6331194,0.61979898,1.1003658,1.1444856,-0.26743819,0.38987306,-0.36017531,-0.36451014,0.38890628,0.046638291,-0.90109884,0.37578001,-0.2163568,1.7888777,2.7464969,2.3
33,14700,14.700000,22,1.6331194,1.4232715,0.38774457,1.1901068,0.062771182,0.16953605,-0.080675982,0.45387697,0.65197701,0.15564682,-0.5978616,0.68177504,-0.42159732,2.0060025,2.2907123,2.3
33,14700,14.700000,23,1.6331194,1.2506543,0.88063617,0.90096406,-0.16865311,0.24495424,-0.030221524,0.013125986,0.095141835,0.38843627,-0.88909927,-0.43354196,0.14677828,1.4234858,-2.6878986,2.3
33,14700,14.700000,24,1.6331194,1.0751194,1.3810838,0.48512465,0.11769652,0.3576266,0.079973544,-0.62270854,0.47690691,-0.55118557,-0.67855572,0.56693829,0.46705793,1.0848358,2.4455727,2.3
33,14700,14.700000,25,1.6331194,1.4139454,0.49792472,0.76332412,0.24939477,0.74259552,0.17074217,0.41616924,0.46644771,0.19780229,-0.76033658,-0.56951492,-0.31231562,1.8884259,-2.4987126,2.3
33,14700,14.700000,26,1.6331194,1.4717472,0.73400081,0.39011748,-0.002302705,-0.28242501,-0.25690186,0.29024235,0.34597694,-0.58173745,0.73838275,0.66303094,-0.12321075,1.694321,0.73168146,2.3
33,14700,14.700000,27,1.6331194,1.3835549,1.3083722,0.12589557,-0.11043061,-0.13007527,-0.095635247,-0.066577714,-0.25721811,0.78846,-0.52976928,-0.84804516,0.012803022,1.557993,-2.129176,2.3
33,14700,14.700000,28,1.6331194,1.1113882,1.0242264,1.2961878,-0.025659098,-0.05992768,0.15881161,-0.023908286,-0.15345599,0.22072341,-0.98135221,-0.0065723881,-0.19210581,1.7641038,-3.1348955,2.3
33,14700,14.700000,29,1.6331194,0.72356601,1.446232,0.13440913,-0.22374869,0.13588999,0.18137971,-0.067099931,0.27748414,0.10876251,-0.94590779,-0.32360652,0.023179284,1.547615,-2.8119621,2.3
33,14700,14.700000,30,1.6331194,1.5835713,0.51674214,1.5900902,0.039096903,-0.53135386,0.20799314,0.27951596,-0.58709062,-0.12489272,0.30089443,-0.94039662,-0.15848262,1.72995,-1.2611247,2.3
33,14700,14.700000,31,1.6331194,1.6093303,1.2883228,1.1807495,0.14867191,-0.091348462,0.1310701,0.26660715,0.32386802,0.52629232,0.78075321,0.012890092,-0.62470655,2.245552,0.016508316,2.3
34,14750,14.750000,0,1.6344593,0.41405031,0.21739473,0.18616384,0.10983137,0.15302497,0.1373675,-0.17895597,0.84715565,-0.025986068,0.35005482,-0.79838481,-0.48994215,2.0828197,-1.1575856,2.3
34,14750,14.750000,1,1.6344593,1.5304468,0.14075228,0.39188151,-0.30562368,-0.54967844,-0.14038339,-0.2213901,0.28313859,0.46331313,-0.18778399,-0.6620043,0.72559457,0.75889828,-1.8471955,2.3
34,14750,14.750000,2,1.6344593,0.32606883,0.58076302,0.56951265,-0.16771309,0.32647117,-0.00055116618,0.52648888,-0.063512483,-0.19043952,-0.82312126,0.54736537,-0.15120362,1.7225821,2.5547534,2.3
34,14750,14.750000,3,1.6344593,0.606003,0.78529194,0.22805587,-0.0085616256,0.11723184,-0.059365018,-0.11244002,-0.19179514,-0.00078890715,-0.63254826,-0.7589628,0.1544609,1.4157145,-2.2655962,2.3
34,14750,14.750000,4,1.6344593,0.48699085,1.5946951,1.0031262,0.15968531,-0.1338404,-0.012302876,-0.0028063454,0.043459747,0.37960478,0.8637944,-0.49720344,0.081535045,1.4891707,-0.52228802,2.3
34,14750,14.750000,5,1.6344593,0.095274981,0.18299632,0.75621478,-0.02804962,-0.27799712,-0.46779042,-0.55378916,-0.13068598,-0.33521712,0.3432466,0.80863721,-0.47779454,2.0689388,1.1693701,2.3
34,14750,14.750000,6,1.6344593,0.64901007,0.26912643,1.3563211,-0.0069771564,-0.058923111,-0.13350453,-0.53588712,-0.70816164,0.19897885,0.65878383,-0.75110617,-0.04293467,1.6137442,-0.85078675,2.3
34,14750,14.750000,7,1.6344593,0.6886352,0.53493936,0.97443078,0.087073156,-0.012406788,-0.020549203,-0.025263639,-0.71548716,-0.2728113,0.840716,-0.46346031,-0.28000206,1.8545926,-0.50381664,2.3
34,14750,14.750000,8,1.6344593,0.23401607,1.0888703,0.32277117,0.059812319,0.0026845927,0.066680511,0.35951302,0.22696627,-0.032536565,-0.10270316,0.85356491,-0.51076317,2.1068686,1.6905433,2.3
34,14750,14.750000,9,1.6344593,0.02111072,1.2546402,0.66584177,-0.1577424,-0.21753809,0.087300017,0.34316584,-0.61474168,-0.21678296,-0.93494786,-0.3525638,0.039639297,1.5311466,-2.7809869,2.3
34,14750,14.750000,10,1.6344593,0.68836329,1.0528446,0.65706317,0.068941229,0.12070139,-0.075658967,0.78086406,-0.33194895,-0.84897704,0.029189392,0.66518013,-0.74611217,2.413,1.5269425,2.3
34,14750,14.750000,11,1.6344593,0.57394621,1.532774,0.57354715,-0.051391528,0.07855197,0.1652315,-0.16328342,0.12988908,-1.0333633,-0.98925064,0.069057928,-0.128896,1.7000519,3.0718974,2.3
34,14750,14.750000,12,1.6344593,1.5371744,0.83893089,1.2614327,-0.26001166,-0.060097918,0.257379,-0.21342712,-0.30827409,0.63880546,-0.7020624,0.63582107,-0.32068668,1.8972507,2.4056661,2.3
34,14750,14.750000,13,1.6344593,0.34136095,1.3481664,1.4535213,0.052305568,-0.0058163406,0.14768336,0.31138458,0.45298017,0.52612255,-0.23780973,-0.75258882,0.61404934,0.9096154,-1.8768566,2.3
34,14750,14.750000,14,1.6344593,0.35597538,0.69626684,1.4719561,-0.042824566,-0.19555315,0.0082149212,-0.58478395,-0.87372718,-0.049323553,0.18513698,0.33309626,-0.92453836,2.7506188,1.0635063,2.3
34,14750,14.750000,15,1.6344593,1.2797553,1.6239011,1.4018248,0.54706681,0.13734465,0.22942999,-0.40672384,-0.11462262,0.042210596,-0.60286184,0.64889361,-0.46421405,2.0535434,2.3194373,2.3
34,14750,14.750000,16,1.6344593,1.1797146,0.43532723,0.13414196,0.16925384,0.11491745,-0.039448925,0.15536859,-0.068740913,-0.18719267,0.2037269,-0.41245943,-0.88790347,2.6635639,-1.1120149,2.3
34,14750,14.750000,17,1.6344593,0.96908983,0.58506145,0.63582235,-0.0019721806,-0.015577463,0.0045153224,0.23739763,-0.015973415,0.1121165,-0.37116124,0.85039274,0.37292293,1.1886391,1.9823324,2.3
34,14750,14.750000,18,1.6344593,0.06106921,0.01402005,1.6141033,0.29268122,-0.26468133,-0.51345109,-0.26722964,0.47901545,0.23079011,-0.27289789,-0.66279505,-0.69730156,2.3424222,-1.9613805,2.3
34,14750,14.750000,19,1.6344593,1.0413405,0.8931103,0.17380336,-0.2664655,0.090851842,0.038921137,-0.17515194,-0.21931735,-0.72921439,0.80369084,-0.27510484,-0.52763468,2.12661,-0.32980036,2.3
34,14750,14.750000,20,1.6344593,0.99811903,1.4423574,1.0641073,-0.10319137,-0.39680739,0.16466021,0.086595354,-0.4455247,0.18967161,-0.13726341,0.8668035,0.47938549,1.070842,1.7278481,2.3
34,14750,14.750000,21,1.6344593,0.60127121,1.1220867,1.140954,-0.28646668,0.41068265,-0.36464418,-0.2581925,0.40564732,-0.18799965,-0.90259794,0.15176807,-0.40284415,1.9854185,2.9750051,2.3
34,14750,14.750000,22,1.6344593,1.4502554,0.41254109,1.197991,0.088576804,0.19400441,-0.073770989,0.46150131,0.4479631,0.21098831,-0.64773354,0.74035616,-0.17976101,1.7515398,2.2895666,2.3
34,14750,14.750000,23,1.6344593,1.2418361,0.88520325,0.91363235,-0.17849339,0.2487972,-0.018297335,-0.32950875,0.039810519,0.048240736,-0.84893162,-0.43358365,0.30219252,1.2638044,-2.6693897,2.3
34,14750,14.750000,24,1.6344593,1.0413206,1.4036812,0.46084139,0.083029795,0.37908208,0.055302369,-0.58663426,0.46255585,-0.42559122,-0.37379963,0.60710061,0.70121515,0.79369585,2.1226893,2.3
34,14750,14.750000,25,1.6344593,1.4439592,0.52558466,0.771702,0.27823669,0.76983576,0.17849059,0.65730964,0.54265637,0.087533816,-0.74534077,-0.52253497,0.41403422,1.1439148,-2.5301499,2.3
34,14750,14.750000,26,1.6344593,1.4829773,0.75373774,0.36329388,0.0077157783,-0.26329815,-0.28403441,0.13754292,0.41710077,-0.52002914,0.64021202,0.76783824,-0.023516045,1.5943145,0.87579155,2.3
34,14750,14.750000,27,1.6344593,1.3906978,1.2944722,0.16581122,-0.10442528,-0.14504261,-0.055839211,0.19957103,-0.34717812,0.85900307,-0.9894618,-0.12653317,-0.070389714,1.6412443,-3.0144022,2.3
34,14750,14.750000,28,1.6344593,1.1069577,1.0276298,1.3127716,-0.030999317,-0.057365662,0.17432555,-0.22051287,0.27079576,0.47975918,-0.75644759,0.20466591,-0.62120762,2.2410791,2.8773572,2.3
34,14750,14.750000,29,1.6344593,0.72015851,1.4554749,0.14189962,-0.2277482,0.14394305,0.18875689,-0.049948874,0.11627687,0.050226994,-0.87369624,0.069674041,-0.48145654,2.0731121,3.0620148,2.3
34,14750,14.750000,30,1.6344593,1.6051343,0.4905605,1.5902402,0.059352335,-0.55794856,0.20683896,0.39189955,-0.41392219,0.13875295,0.49351853,-0.85980035,0.13108329,1.4393347,-1.0497199,2.3
34,14750,14.750000,31,1.6344593,1.6262325,1.307219,1.2039094,0.16424739,-0.073516651,0.15325212,0.25967944,0.3160328,0.41668291,0.6943027,0.25967804,-0.67120122,2.3066244,0.35790482,2.3
35,14800,14.800000,0,1.6441125,0.40354177,0.25901362,0.18525461,0.096915456,0.1932415,0.13536467,-0.29952821,0.76119517,0.025559528,0.16341309,-0.97126874,0.17301215,1.3969092,-1.4041104,2.3
35,14800,14.800000,1,1.6441125,1.5220705,0.15875123,0.4082108,-0.32298777,-0.53256117,-0.12640973,-0.45359528,0.35164886,0.092896418,0.32450849,-0.94530759,0.032981659,1.5378087,-1.2401175,2.3
35,14800,14.800000,2,1.6441125,0.34852832,0.57981399,0.56637275,-0.14723966,0.32210498,-0.0070355576,0.34142601,-0.15931759,0.01950373,-0.68986621,0.47233326,-0.54862182,2.1515113,2.541227,2.3
35,14800,14.800000,3,1.6441125,0.59369925,0.7839029,0.22750365,-0.024397842,0.1112225,-0.061258577,-0.38791842,-0.15295996,0.0099586264,0.086986797,-0.99235663,0.087530661,1.4831535,-1.483363,2.3
35,14800,14.800000,4,1.6441125,0.48968927,1.6025573,1.0238271,0.15950806,-0.13539199,0.0024301937,0.041372017,-0.091321037,0.19112458,0.99629643,-0.08597745,-0.0011383679,1.5719347,-0.086083786,2.3
35,14800,14.800000,5,1.6441125,0.08263824,0.17499073,0.75832958,-0.041210312,-0.28705682,-0.47013498,-0.093545345,-0.22633347,0.15917293,0.56603215,0.61893665,-0.54454112,2.1466382,0.83001485,2.3
35,14800,14.800000,6,1.6441125,0.62227685,0.23466643,1.3791131,-0.037453739,-0.094866762,-0.11876649,-0.60389146,-0.7261735,0.32187741,0.69264332,-0.70557209,0.14971056,1.4205208,-0.79464453,2.3
35,14800,14.800000,7,1.6441125,0.68636082,0.50383033,0.9672202,0.080750265,-0.046574602,-0.033476774,-0.23196917,-0.68325702,-0.14372281,0.62915142,-0.58307669,0.51399423,1.0309616,-0.74740815,2.3
35,14800,14.800000,8,1.6441125,0.25444024,1.0966235,0.32108695,0.078798476,0.0040030671,0.063100517,0.35034238,0.011584353,-0.12480902,-0.13587029,0.94703195,-0.29098068,1.866048,1.7132935,2.3
35,14800,14.800000,9,1.6441125,0.038642322,1.2334096,0.66374545,-0.14038658,-0.24609461,0.081288891,0.26032305,-0.58379294,-0.050260306,-0.99618784,-0.043828261,-0.075424625,1.6462926,-3.097625,2.3
35,14800,14.800000,10,1.6441125,0.73340433,1.0451751,0.62448601,0.10979645,0.1068545,-0.11200975,0.88293124,-0.11501933,-0.65769339,-0.15669154,0.57617104,-0.80216874,2.5017149,1.8363277,2.3
35,14800,14.800000,11,1.6441125,0.56601395,1.5519313,0.53256078,-0.062680311,0.088626997,0.12098798,-0.3431842,0.19184324,-0.69033116,-0.93084738,-0.35770266,-0.074645553,1.6455114,-2.7747142,2.3
35,14800,14.800000,12,1.6441125,1.5412116,0.84060621,1.2973106,-0.2650383,-0.063367753,0.28572338,-0.022881761,0.19550613,0.52426563,-0.34543195,0.60913721,-0.71388278,2.3658237,2.0866612,2.3
35,14800,14.800000,13,1.6441125,0.35949679,1.3777828,1.4882623,0.068377984,0.015774123,0.17376304,0.37898726,0.35491818,0.44042608,0.045605852,-0.83703345,0.54524775,0.99411169,-1.516365,2.3
35,14800,14.800000,14,1.6441125,0.33828633,0.6537147,1.4749558,-0.062557928,-0.24208049,0.0025378408,-0.19283989,-0.99792269,-0.11971181,0.31308792,-0.20925492,-0.92638455,2.7554921,-0.58917284,2.3
35,14800,14.800000,15,1.6441125,1.2682809,1.6329374,1.4161106,0.52809003,0.13679173,0.23541888,-0.39304161,-0.0027075305,0.15197202,-0.36022723,0.67704863,-0.64174878,2.2675727,2.059758,2.3
35,14800,14.800000,16,1.6441125,1.1935118,0.4325679,0.12459708,0.17606347,0.1096027,-0.049755707,0.14461627,-0.1662282,-0.30372611,-0.14554095,-0.46730813,-0.87203265,2.6301364,-1.8727201,2.3
35,14800,14.800000,17,1.6441125,0.98875167,0.58837527,0.64145205,0.01192523,-0.015718635,0.0063843089,0.27808544,0.11826614,-0.052270214,-0.33774409,0.74235096,0.57865705,0.95371524,1.9977719,2.3
35,14800,14.800000,18,1.6441125,0.047457852,0.03050596,1.6323354,0.2787502,-0.24832638,-0.50477753,-0.35273018,0.2261316,0.13745159,-0.8773081,0.16735143,-0.44980439,2.0373426,2.9531015,2.3
35,14800,14.800000,19,1.6441125,1.0512926,0.89267799,0.1410725,-0.26267483,0.085161513,0.0052628836,0.21558427,-0.0013285211,-0.61143611,0.66149053,-0.3758521,-0.64897263,2.2770296,-0.5167011,2.3
35,14800,14.800000,20,1.6441125,1.0120276,1.435835,1.0792402,-0.095201332,-0.41180429,0.17348245,0.13237773,-0.2203616,0.13925522,-0.27992183,0.9393988,-0.19792335,1.7700352,1.8603987,2.3
35,14800,14.800000,21,1.6441125,0.59293152,1.1482121,1.1300985,-0.29832261,0.43012365,-0.38218656,-0.2202023,0.4046091,-0.48200813,-0.63692959,-0.29932198,-0.71044145,2.3609216,-2.7022767,2.3
35,14800,14.800000,22,1.6441125,1.4746675,0.42732911,1.2177599,0.10437707,0.20631968,-0.061114761,0.16686236,0.040685364,0.21211867,-0.7636897,0.57682766,0.28991014,1.2766634,2.4946975,2.3
35,14800,14.800000,23,1.6441125,1.2319179,0.89669591,0.91788069,-0.19569537,0.2550434,-0.019441599,-0.31781793,0.15087821,-0.016583073,-0.75542597,-0.47277408,0.45366978,1.0999173,-2.5823911,2.3
35,14800,14.800000,24,1.6441125,1.0172457,1.4326028,0.45118101,0.052893568,0.3996529,0.042956581,-0.38745404,0.29539399,-0.016685101,-0.12984799,0.66727072,0.73340936,0.74747252,1.76299,2.3
35,14800,14.800000,25,1.6441125,1.4851753,0.5574704,0.77169023,0.31082864,0.79853287,0.17393451,0.61268081,0.63814845,-0.28130474,-0.50238045,-0.3775375,0.77786845,0.67952955,-2.497134,2.3
35,14800,14.800000,26,1.6441125,1.5029026,0.78276651,0.33698206,0.018849763,-0.23879315,-0.31240833,0.2654504,0.53064796,-0.65053436,0.51701131,0.84688085,0.12446737,1.4460053,1.0227001,2.3
35,14800,14.800000,27,1.6441125,1.4095447,1.2784616,0.20945993,-0.093823186,-0.16862903,-0.013295058,0.17467655,-0.52441162,0.73337722,-0.71064188,0.61975597,-0.3330025,1.9102824,2.4244034,2.3
35,14800,14.800000,28,1.6441125,1.0993755,1.0462123,1.3461858,-0.045077824,-0.044889187,0.19991115,-0.28785108,0.25415048,0.619923,-0.2717525,0.28329748,-0.91972448,2.7381744,2.3353976,2.3
35,14800,14.800000,29,1.6441125,0.71695202,1.4703177,0.1334553,-0.2351861,0.15017135,0.17950176,-0.22078046,0.18429435,-0.50727871,-0.48755139,0.31629849,-0.81378677,2.5214349,2.5660974,2.3
35,14800,14.800000,30,1.6441125,1.6327467,0.47244136,1.6143375,0.077431437,-0.57890329,0.22150109,0.32975633,-0.50020154,0.53440099,0.73889059,-0.62253785,0.25785136,1.3099986,-0.70014161,2.3
35,14800,14.800000,31,1.6441125,0.0030933914,1.3321476,1.2311352,0.17558276,-0.056359043,0.17330853,0.22169531,0.34892049,0.39616631,0.56069374,0.4742002,-0.67879061,2.3169108,0.70201475,2.3
36,14850,14.850000,0,1.6496722,0.39564574,0.2955867,0.19209359,0.087670413,0.22887854,0.14156672,-0.10323632,0.70332767,0.2569346,-0.03590059,-0.58194997,0.81243177,0.62248552,-1.6324084,2.3
36,14850,14.850000,1,1.6496722,1.5008193,0.18069868,0.40763285,-0.34934151,-0.51118664,-0.12836478,-0.65517784,0.49092266,-0.11447655,0.47870964,-0.45082708,-0.75338703,2.4239941,-0.75541096,2.3
36,14850,14.850000,2,1.6496722,0.36544185,0.57363811,0.565921,-0.13153123,0.31398211,-0.0093985618,0.23077069,-0.13564926,-0.19367456,-0.49030514,0.42297301,-0.76203327,2.4372437,2.4297871,2.3
36,14850,14.850000,3,1.6496722,0.57809918,0.77703308,0.22166306,-0.041975891,0.10171788,-0.067857362,-0.31629978,-0.26339185,-0.28923749,0.76147391,-0.64619096,0.050938465,1.5198358,-0.70368393,2.3
36,14850,14.850000,4,1.6496722,0.49463452,1.6031745,1.0366029,0.16279183,-0.14018588,0.011728071,-0.016929754,-0.026686482,0.12583705,0.92352936,0.36487522,-0.11815077,1.6892237,0.3762646,2.3
36,14850,14.850000,5,1.6496722,0.078451597,0.16579142,0.77632232,-0.045668879,-0.29683138,-0.4547326,-0.047983578,-0.23673687,0.37099093,0.77179341,0.33685125,-0.5393201,2.1404258,0.41153099,2.3
36,14850,14.850000,6,1.6496722,0.59036919,0.20194332,1.4073054,-0.071408377,-0.12832694,-0.095277404,-0.71601255,-0.59736743,0.62748255,0.59653789,-0.68050834,0.42550081,1.1312811,-0.8510573,2.3
36,14850,14.850000,7,1.6496722,0.67487119,0.46720512,0.96496669,0.066962909,-0.084838978,-0.03899173,-0.29979342,-0.86872153,-0.063547193,0.022949394,-0.41759208,0.90834475,0.43148727,-1.5158951,2.3
36,14850,14.850000,8,1.6496722,0.2665389,1.1003009,0.3103499,0.090017775,0.0039721056,0.051297603,0.039353636,0.070053046,-0.31197166,-0.043151123,0.97490905,-0.21838113,1.7909516,1.6150291,2.3
36,14850,14.850000,9,1.6496722,0.047893571,1.2124179,0.66731368,-0.13128137,-0.27121476,0.082610371,0.072198478,-0.51131135,0.028211769,-0.9269936,0.15637141,-0.34092646,1.9186986,2.9744793,2.3
36,14850,14.850000,10,1.6496722,0.77892604,1.0432349,0.59637532,0.15276556,0.10138921,-0.14218128,0.89249082,-0.12207025,-0.48542634,-0.45513861,0.36593079,-0.81175335,2.5179445,2.4644183,2.3
36,14850,14.850000,11,1.6496722,0.54417798,1.5725134,0.50734173,-0.086390289,0.10393522,0.094013558,-0.6558379,0.4212064,-0.42191383,-0.65924965,-0.6974023,-0.28110484,1.8557415,-2.3280792,2.3
36,14850,14.850000,12,1.6496722,1.5474117,0.86208405,1.3246658,-0.26405161,-0.044763905,0.30865283,0.03416866,0.51530533,0.47979182,0.17160772,0.34343637,-0.92336464,2.7475503,1.1074061,2.3
36,14850,14.850000,13,1.6496722,0.38230368,1.3906829,1.5111382,0.089932814,0.02400121,0.19157617,0.39683388,0.023838556,0.1325963,-0.10781002,-0.93544978,0.33661655,1.2274749,-1.6855395,2.3
36,14850,14.850000,14,1.6496722,0.3378295,0.61505,1.4596731,-0.064156011,-0.28288692,-0.017698354,0.11746806,-0.63321638,-0.59730582,-0.0047378359,-0.84397043,-0.53636879,2.1369251,-1.57641,2.3
36,14850,14.850000,15,1.6496722,1.2554613,1.6368975,1.4254284,0.5110104,0.13523246,0.23994037,-0.13770522,-0.053087509,0.042408209,0.095493874,0.64138728,-0.76125113,2.4360367,1.4229956,2.3
36,14850,14.850000,16,1.6496722,1.2022941,0.41982451,0.10905504,0.18080181,0.095420476,-0.065692187,0.096954057,-0.41169518,-0.29876572,-0.38281837,-0.43260117,-0.81627589,2.5257308,-2.2952184,2.3
36,14850,14.850000,17,1.6496722,1.007585,0.59393019,0.64350842,0.027388936,-0.012159372,0.0062717309,0.35730479,0.11042838,0.0093073826,-0.25973435,0.65618472,0.70849113,0.78343848,1.9476984,2.3
36,14850,14.850000,18,1.6496722,0.031064301,0.035231386,1.6441994,0.26222406,-0.2437119,-0.49844418,-0.33107498,-0.10405741,0.13845499,-0.52187409,0.8224629,0.22627907,1.3425404,2.1362165,2.3
36,14850,14.850000,19,1.6496722,1.0681951,0.89595677,0.12394204,-0.24934983,0.085421174,-0.012314961,0.2748746,-0.071524249,-0.10813174,0.44438102,-0.74055854,-0.50408189,2.0991149,-1.0303313,2.3
36,14850,14.850000,20,1.6496722,1.0248842,1.4393729,1.08302,-0.085782872,-0.41311959,0.17361247,0.25767671,0.053176698,-0.070901577,-0.34464374,0.52192182,-0.7802681,2.4658907,2.1544033,2.3
36,14850,14.850000,21,1.6496722,0.58743965,1.1677647,1.1113294,-0.3058069,0.44576704,-0.40473912,-0.078092487,0.31969306,-0.42547028,-0.058224987,-0.63990773,-0.76624275,2.4437695,-1.6615361,2.3
36,14850,14.850000,22,1.6496722,1.4857502,0.42348432,1.2293824,0.11046277,0.20103874,-0.053622883,0.12744129,-0.26640757,0.076060462,-0.68156729,0.31841719,0.65884484,0.85151415,2.7045409,2.3
36,14850,14.850000,23,1.6496722,1.2192082,0.9077164,0.92572368,-0.21254248,0.26301816,-0.014710498,-0.34096719,0.07982174,0.18142789,-0.71411212,-0.50955214,0.48000051,1.070141,-2.5218329,2.3
36,14850,14.850000,24,1.6496722,1.0112332,1.4508091,0.46151618,0.043457009,0.41299214,0.051751195,-0.11366404,0.14380304,0.37436446,-0.15523207,0.77463857,0.61305635,0.91087291,1.7685696,2.3
36,14850,14.850000,25,1.6496722,1.5188444,0.58955872,0.75732189,0.33942728,0.82868515,0.15698523,0.41407012,0.54578557,-0.30444197,-0.21859628,-0.41965363,0.88096907,0.49289,-2.0510214,2.3
36,14850,14.850000,26,1.6496722,1.5210796,0.81052709,0.3077078,0.03192242,-0.2137219,-0.34277088,0.24113663,0.42170171,-0.48636835,0.45281163,0.86286679,0.2245496,1.3443155,1.0875251,2.3
36,14850,14.850000,27,1.6496722,1.4257745,1.260569,0.24442487,-0.08237924,-0.19080743,0.020903849,0.20508549,-0.30562852,0.60857794,-0.045287085,0.86532262,-0.49916514,2.0934314,1.6230841,2.3
36,14850,14.850000,28,1.6496722,1.0924672,1.0584159,1.3745374,-0.055685894,-0.03623804,0.22367037,0.02182744,0.16884221,0.22621052,0.067060269,0.2476577,-0.96652397,2.8821144,1.3063595,2.3
36,14850,14.850000,29,1.6496722,0.70349851,1.4861394,0.09701109,-0.2510373,0.16100276,0.14266843,-0.20414103,0.28676886,-0.73030477,0.10698237,0.52589817,-0.84379256,2.5751076,1.3701069,2.3
36,14850,14.850000,30,1.6496722,1.6473672,0.45756646,0.0054124564,0.086515309,-0.59534804,0.25672975,0.028021166,-0.066505831,0.80878988,0.9437912,-0.046794428,0.32721315,1.2374435,-0.049540767,2.3
36,14850,14.850000,31,1.6496722,0.011394333,1.3536812,1.2595839,0.18385927,-0.039358906,0.19755308,0.1603023,0.39589593,0.56981763,0.49523599,0.56299099,-0.66165132,2.2938153,0.8493378,2.3
37,14900,14.900000,0,1.6587905,0.3950734,0.32341379,0.20270059,0.084918788,0.25499983,0.15108573,0.034530901,0.31212481,0.10215881,-0.17984945,0.23271496,0.95577085,0.29852666,2.2287502,2.3
37,14900,14.900000,1,1.6587905,1.4715549,0.20720145,0.40639906,-0.38679823,-0.48575275,-0.13184211,-0.86318979,0.46065012,0.010590021,0.31932367,0.29910991,-0.89920279,2.6887404,0.75272438,2.3
37,14900,14.900000,2,1.6587905,0.3705162,0.57417469,0.56455504,-0.1284852,0.31135524,-0.0138802,0.039856962,-0.02113597,0.066553904,-0.31219018,0.53504063,-0.78502791,2.4735375,2.0989867,2.3
37,14900,14.900000,3,1.6587905,0.56899008,0.76214245,0.20065579,-0.054246516,0.08258507,-0.090028732,-0.22203088,-0.46037232,-0.58033831,0.98393474,0.09425797,0.15161752,1.4185918,0.095505532,2.3
37,14900,14.900000,4,1.6587905,0.4950528,1.6189892,1.0451501,0.16048247,-0.13325164,0.014537863,-0.11466433,0.37032501,0.062955616,0.69004199,0.71491597,-0.11285926,1.6838966,0.80310074,2.3
37,14900,14.900000,5,1.6587905,0.078690539,0.15765558,0.79787369,-0.045863029,-0.30585873,-0.43751966,0.084241134,-0.084415146,0.26910892,0.92156616,0.00033324071,-0.3882212,1.9694969,0.00036160258,2.3
37,14900,14.900000,6,1.6587905,0.55875217,0.16983558,1.4442715,-0.1061927,-0.16145958,-0.066170198,-0.76290568,-0.5956562,0.53458414,0.33139779,-0.59243229,0.73430204,0.74615841,-1.0607762,2.3
37,14900,14.900000,7,1.6587905,0.6639085,0.43029168,0.9711637,0.05231037,-0.12422626,-0.038130782,-0.43350648,-0.72391217,0.13610004,-0.57966223,0.021809709,0.81456494,0.61881755,3.1039855,2.3
37,14900,14.900000,8,1.6587905,0.27015575,1.1168288,0.30128819,0.092155487,0.014389555,0.040550109,0.079327361,0.32839576,-0.17001264,0.33557297,0.87398457,-0.35148506,1.9299532,1.2041957,2.3
37,14900,14.900000,9,1.6587905,0.051767341,1.1916446,0.67774192,-0.12768225,-0.29861402,0.089331617,0.069893091,-0.60930186,0.16430299,-0.83165008,0.18234768,-0.52450688,2.1229322,2.9257482,2.3
37,14900,14.900000,10,1.6587905,0.82918153,1.0445761,0.58083919,0.19858937,0.096976198,-0.16096201,0.89026239,-0.087809277,-0.31203957,-0.6117706,0.08768908,-0.78615988,2.475367,2.9992258,2.3
37,14900,14.900000,11,1.6587905,0.5145778,1.6009825,0.4922575,-0.11890871,0.12365814,0.076174247,-0.72810489,0.42530697,-0.30016359,-0.17929988,-0.85826944,-0.48085874,2.0724302,-1.776743,2.3
37,14900,14.900000,12,1.6587905,1.5586426,0.8908739,1.3603636,-0.2613811,-0.020805114,0.33695082,0.066011066,0.43575024,0.49053087,0.79888503,0.064495679,-0.5980159,2.2118196,0.080557403,2.3
37,14900,14.900000,13,1.6587905,0.38568919,1.4003759,1.5160545,0.09120171,0.026001935,0.18814938,-0.42979263,0.041127875,-0.3662521,-0.39531905,-0.89586728,0.20284148,1.3665375,-1.9863664,2.3
37,14900,14.900000,14,1.6587905,0.35124062,0.59357976,1.4328857,-0.052643913,-0.30768839,-0.052458095,0.21160522,-0.40560158,-0.70779646,-0.33458379,-0.93308102,0.13196023,1.4384501,-1.9150939,2.3
37,14900,14.900000,15,1.6587905,1.2584313,1.6457256,1.4388865,0.50705195,0.13501353,0.24550429,-0.05555984,-0.10419852,0.16897347,0.62453653,0.27586883,-0.73065075,2.3900709,0.41594504,2.3
37,14900,14.900000,16,1.6587905,1.2044319,0.39805799,0.10198296,0.17630647,0.071399647,-0.073345951,-0.21226721,-0.50501516,-0.062513759,-0.39386503,-0.31120301,-0.86488324,2.6157141,-2.4729015,2.3
37,14900,14.900000,17,1.6587905,1.028376,0.59588769,0.64351406,0.042568843,-0.013481081,0.0027302545,0.23257174,-0.044973412,-0.11460923,-0.21473086,0.65782736,0.72190984,0.76423803,1.886316,2.3
37,14900,14.900000,18,1.6587905,0.017369956,0.014926268,1.6528974,0.24839612,-0.26415541,-0.49883306,-0.21916203,-0.58915663,-0.12705068,-0.085170406,0.82727715,0.55530038,0.98207221,1.6733876,2.3
37,14900,14.900000,19,1.6587905,1.0850529,0.89514884,0.13571169,-0.23842647,0.079676834,-0.0012608411,0.29586228,-0.19877555,0.44298557,0.24845995,-0.96864073,-0.0016706803,1.572467,-1.3197059,2.3
37,14900,14.900000,20,1.6587905,1.0436417,1.4503899,1.0807987,-0.072726238,-0.4100668,0.16542754,0.22381272,0.10153307,-0.2248673,-0.28573781,-0.16094977,-0.94469523,2.8074604,-2.6286125,2.3
37,14900,14.900000,21,1.6587905,0.59210621,1.1878087,1.0983815,-0.30439122,0.45931909,-0.42377719,0.17048617,0.12111252,-0.38641603,0.49607474,-0.56366625,-0.66044698,2.2922102,-0.84909304,2.3
37,14900,14.900000,22,1.6587905,1.5028217,0.41646126,1.2368685,0.11929766,0.19170068,-0.052933904,0.20521996,-0.1861813,-0.11048184,-0.41211153,0.1094038,0.90454126,0.44049371,2.8821066,2.3
37,14900,14.900000,23,1.6587905,1.2145102,0.91620525,0.94553687,-0.22394795,0.26648023,-5.4482547e-05,-0.048248029,0.067634129,0.43198028,-0.77252762,-0.57280522,0.27403513,1.29321,-2.5035738,2.3
37,14900,14.900000,24,1.6587905,1.0128922,1.4662888,0.47676073,0.039537475,0.42043225,0.064409901,0.0168365,0.18536263,0.21449345,-0.32109386,0.79591537,0.5132421,1.0318382,1.9542536,2.3
37,14900,14.900000,25,1.6587905,1.5486759,0.62286564,0.74055847,0.36080463,0.85865079,0.13609342,0.46325458,0.51795109,-0.47152639,0.20007908,-0.49620266,0.84483802,0.56453398,-1.1875168,2.3
37,14900,14.900000,26,1.6587905,1.5405501,0.82720443,0.28643949,0.042955019,-0.20155814,-0.36567685,0.12377374,0.096509706,-0.39345539,0.30641589,0.81226871,0.49631526,1.0514471,1.210068,2.3
37,14900,14.900000,27,1.6587905,1.440766,1.2593762,0.27080212,-0.075287967,-0.1989454,0.045861299,0.035771538,0.0027715107,0.4521937,0.49807694,0.59348447,-0.63221479,2.2552048,0.87258124,2.3
37,14900,14.900000,28,1.6587905,1.1023083,1.0760527,1.3758533,-0.051893597,-0.024483842,0.21740603,0.10394462,0.22658527,-0.2827673,0.43144111,0.20133677,-0.87938733,2.6453702,0.43662255,2.3
37,14900,14.900000,29,1.6587905,0.71000018,1.4966699,0.068567731,-0.24843129,0.16331252,0.11376851,0.48605057,-0.030744764,-0.21241497,0.75702162,0.56487651,-0.32837903,1.9053833,0.64105362,2.3
37,14900,14.900000,30,1.6587905,1.6568642,0.47436271,0.052427677,0.086905657,-0.58112012,0.30358592,0.031739142,0.56981987,0.91811138,0.61081565,0.62922378,0.48060553,1.0694512,0.80024187,2.3
37,14900,14.900000,31,1.6587905,0.020316843,1.3779458,1.2898076,0.19269445,-0.022622657,0.22075073,0.26860613,0.29155924,0.32747557,0.43077673,0.53246224,-0.7286394,2.3871296,0.89057485,2.3
38,14950,14.950000,0,1.6616085,0.39622819,0.32775004,0.20198151,0.085402003,0.25878345,0.1500232,0.0027911078,-0.17031861,0.00063145656,0.09798799,0.85824837,0.50379369,1.0428114,1.4571165,2.3
38,14950,14.950000,1,1.6616085,1.436857,0.22206053,0.41884723,-0.42396455,-0.47125796,-0.12009431,-0.58276879,0.074186024,0.37821723,0.11275787,0.88554914,-0.45065329,2.0382933,1.4441468,2.3
38,14950,14.950000,2,1.6616085,0.36899326,0.58013856,0.57750714,-0.13063575,0.31633946,-0.001897357,-0.12897818,0.21257611,0.2426048,-0.1363471,0.81436555,-0.56410835,2.1701493,1.7366851,2.3
38,14950,14.950000,3,1.6616085,0.56635131,0.74430651,0.167377,-0.057848851,0.063470603,-0.12361989,-0.024160472,-0.17173323,-0.73119235,0.71658202,0.65080636,0.25092087,1.3171649,0.73733208,2.3
38,14950,14.950000,4,1.6616085,0.4856941,1.6407617,1.050247,0.15029141,-0.11424559,0.017856448,-0.23506715,0.25595508,0.01268107,0.61148734,0.77116065,-0.17718489,1.7489217,0.90037255,2.3
38,14950,14.950000,5,1.6616085,0.087828189,0.15327679,0.81133343,-0.036866696,-0.31050141,-0.42542563,0.32496054,-0.071807683,0.22880273,0.91192756,-0.32446974,-0.2512121,1.8247286,-0.34183824,2.3
38,14950,14.950000,6,1.6616085,0.52789733,0.15002595,1.4666137,-0.13796979,-0.18154068,-0.046298444,-0.47421274,-0.16744044,0.35532661,0.10425967,-0.33415193,0.93673497,0.35761318,-1.2683554,2.3
38,14950,14.950000,7,1.6616085,0.63961683,0.40114026,0.98309689,0.026912386,-0.15408334,-0.027856153,-0.51546098,-0.52673648,0.23551335,-0.87912708,0.43117018,0.20304641,1.3663282,2.6856121,2.3
38,14950,14.950000,8,1.6616085,0.27530151,1.1340809,0.29388295,0.096838328,0.02973135,0.032639746,0.04194023,0.35574559,-0.30403372,0.58884681,0.68783128,-0.42443795,2.0091374,0.86277619,2.3
38,14950,14.950000,9,1.6616085,0.043966212,1.1659896,0.6880921,-0.13556463,-0.32626991,0.098522628,-0.31237399,-0.57344051,0.14502375,-0.78067868,0.29393204,-0.5514932,2.1549495,2.7815003,2.3
38,14950,14.950000,10,1.6616085,0.87259438,1.0400238,0.56412035,0.24055797,0.090654806,-0.17865258,0.78838017,-0.14451232,-0.31724577,-0.62530631,-0.225859,-0.74698041,2.4143049,-2.7949775,2.3
38,14950,14.950000,11,1.6616085,0.48005039,1.6231184,0.47799199,-0.15428027,0.1430578,0.06108528,-0.72607251,0.33389877,-0.31837957,0.40647047,-0.7288468,-0.55096652,2.1543183,-1.0620684,2.3
38,14950,14.950000,12,1.6616085,1.5647453,0.91377397,1.3842639,-0.25792918,0.00056338451,0.35852173,0.053259816,0.3508907,0.37118216,0.99578623,-0.031336011,0.086184931,1.4845043,-0.031458231,2.3
38,14950,14.950000,13,1.6616085,0.35110765,1.3999396,1.4940861,0.055994833,0.023189062,0.16362625,-0.55821662,-0.23741465,-0.39406742,-0.22784172,-0.82456123,0.51786767,1.0264399,-1.8403881,2.3
38,14950,14.950000,14,1.6616085,0.36609564,0.57588284,1.4044237,-0.038397677,-0.32637784,-0.083328103,0.30142914,-0.37020665,-0.46669384,-0.56725399,-0.59126234,0.57326412,0.9603123,-2.3354741,2.3
38,14950,14.950000,15,1.6616085,1.2557597,1.6472443,1.4552221,0.50224659,0.13373755,0.25938368,-0.079821871,-0.093300184,0.3752352,0.85914887,-0.27936547,-0.42874019,2.0138942,-0.31438147,2.3
38,14950,14.950000,16,1.6616085,1.1859756,0.38043942,0.094212845,0.15582146,0.053120357,-0.081282584,-0.67314332,-0.16964338,-0.34514515,-0.12292781,-0.43204568,-0.89343454,2.6757303,-1.8479961,2.3
38,14950,14.950000,17,1.6616085,1.0366586,0.58753285,0.64066826,0.049098842,-0.022840291,-0.0012054284,0.11195049,-0.1467324,-0.18944392,-0.35874261,0.73688965,0.57297241,0.96066828,2.0238554,2.3
38,14950,14.950000,18,1.6616085,0.010239647,1.6496454,1.6532594,0.24124237,-0.29104732,-0.50127701,-0.086270972,-0.42635569,0.18097445,0.43636305,0.64987582,0.62229311,0.8991276,0.97948532,2.3
38,14950,14.950000,19,1.6616085,1.097556,0.8895835,0.15918654,-0.22777565,0.072596792,0.021963744,0.10005748,-0.12928267,0.63548051,0.1626128,-0.93979109,0.30058239,1.2654931,-1.399462,2.3
38,14950,14.950000,20,1.6616085,1.0539566,1.456593,1.0693875,-0.064191501,-0.40633087,0.15219146,0.10104295,0.10975972,-0.35809195,0.048525277,-0.70720032,-0.70534602,2.3537075,-1.5022877,2.3
38,14950,14.950000,21,1.6616085,0.60394889,1.1864915,1.0785702,-0.29356361,0.45598682,-0.44543613,0.33756192,-0.20308349,-0.46979945,0.9056446,-0.12697653,-0.4045798,1.9873156,-0.13929768,2.3
38,14950,14.950000,22,1.6616085,1.5181478,0.41234059,1.242883,0.13205996,0.18687661,-0.049023952,0.32706848,-0.078538145,0.22025722,-0.24010701,-0.15997339,0.95747435,0.29267906,-2.5538725,2.3
38,14950,14.950000,23,1.6616085,1.2204143,0.92523818,0.96751912,-0.22011036,0.27395034,0.02030419,0.096993462,0.18994758,0.38533473,-0.68570043,-0.72546169,0.059331751,1.5114297,-2.3280257,2.3
38,14950,14.950000,24,1.6616085,1.0180781,1.4793024,0.48700381,0.0429997,0.43094593,0.073835049,0.069142223,0.27013474,0.10915845,-0.41751229,0.83817514,0.35092153,1.2122413,2.0329393,2.3
38,14950,14.950000,25,1.6616085,1.5658265,0.65317878,0.72344641,0.37531198,0.88788099,0.11773886,0.15968968,0.57647766,-0.3171135,0.62750399,-0.51736926,0.58186578,0.94977539,-0.68949508,2.3
38,14950,14.950000,26,1.6616085,1.5414609,0.84484656,0.27929696,0.041250109,-0.18533505,-0.37329952,-0.23776052,0.66982431,0.16708777,0.52287174,0.31844734,0.79069364,0.65885515,0.54703662,2.3
38,14950,14.950000,27,1.6616085,1.4508677,1.2618814,0.28273714,-0.067640442,-0.19857994,0.05732654,0.33780501,0.062710948,0.18753711,0.80077023,-0.056299769,-0.59631986,2.2097052,-0.070191518,2.3
38,14950,14.950000,28,1.6616085,1.1090873,1.0908685,1.3586811,-0.04699142,-0.011507111,0.19791303,0.0060647879,0.31492428,-0.4698011,0.8771517,0.13153652,-0.46184743,2.0508733,0.14884955,2.3
38,14950,14.950000,29,1.6616085,0.74818021,1.4988721,0.079582987,-0.21148877,0.16297242,0.12465804,0.88353851,-0.035331147,0.55792846,0.96761379,0.25025629,0.033096018,1.5376943,0.25308664,2.3
38,14950,14.950000,30,1.6616085,0.017507705,0.48372191,0.083226489,0.10632652,-0.57257403,0.33426963,0.66578828,-0.078468768,0.39531772,0.20865228,0.86204398,0.4618922,1.0906689,1.3333199,2.3
38,14950,14.950000,31,1.6616085,0.029249577,1.3932048,1.2940186,0.20158513,-0.0097155095,0.22276879,0.007375434,0.11136385,-0.38650838,0.34911789,0.53508174,-0.76928813,2.4485225,0.99269572,2.3
39,15000,15.000000,0,1.6640895,0.39221804,0.30661934,0.20869372,0.080803677,0.2371795,0.15642904,-0.077459149,-0.59518148,0.31378814,0.41828578,0.90795971,-0.02542005,1.5962191,1.1390902,2.3
39,15000,15.000000,1,1.6640895,1.4123708,0.22066086,0.44028362,-0.45057629,-0.47298791,-0.099298821,-0.53435011,-0.09262452,0.39754844,0.059499607,0.91979685,0.38785765,1.1724902,1.5061986,2.3
39,15000,15.000000,2,1.6640895,0.35836786,0.5904507,0.59168026,-0.14180377,0.32577834,0.011403555,-0.34322602,0.090764748,0.2266599,-0.15104086,0.98357235,-0.098853892,1.6698119,1.7231696,2.3
39,15000,15.000000,3,1.6640895,0.56881897,0.75380866,0.13236069,-0.05622802,0.071855162,-0.15885982,0.10856001,0.38330442,-0.71981414,0.43948483,0.70843014,0.55224979,0.98573587,1.0155374,2.3
39,15000,15.000000,4,1.6640895,0.47287229,1.6396348,1.0519584,0.1367545,-0.11781967,0.017999629,-0.42172267,-0.44917848,0.04285069,0.80961906,0.55153935,-0.2008017,1.7729726,0.59801942,2.3
39,15000,15.000000,5,1.6640895,0.10319162,0.15106007,0.8268167,-0.021645762,-0.31294516,-0.41116442,0.37454002,-0.10286977,0.348515,0.64882702,-0.75967339,-0.043815885,1.6146262,-0.86393444,2.3
39,15000,15.000000,6,1.6640895,0.51273092,0.14579479,1.482261,-0.15391252,-0.18599253,-0.032850965,-0.22892892,-0.070580069,0.27558694,0.04656212,-0.33317304,0.94171529,0.34310307,-1.4319421,2.3
39,15000,15.000000,7,1.6640895,0.61374862,0.38014655,0.99007538,0.00010914491,-0.1756599,-0.022349653,-0.40968561,-0.12661259,-0.07154894,-0.74021276,0.45944601,-0.49091184,2.0839324,2.5860954,2.3
39,15000,15.000000,8,1.6640895,0.28372666,1.1536785,0.27277278,0.10484644,0.047622357,0.01110684,0.15658731,0.44454621,-0.5512169,0.73848841,0.52329663,-0.42520055,2.0099798,0.61647786,2.3
39,15000,15.000000,9,1.6640895,0.030472311,1.1379,0.69889133,-0.14911407,-0.35607821,0.10828718,-0.22428914,-0.53106634,0.11233787,-0.83421149,0.40335563,-0.37602583,1.9562999,2.691218,2.3
39,15000,15.000000,10,1.6640895,0.91361731,1.0345803,0.55277882,0.2802484,0.083663567,-0.19082733,0.80856456,-0.12985391,-0.24620702,-0.60260957,-0.28906006,-0.74384541,2.409602,-2.6943324,2.3
39,15000,15.000000,11,1.6640895,0.44727601,1.6417332,0.46562839,-0.18774646,0.15923702,0.048017729,-0.55814762,0.20450176,-0.0780383,0.78190193,-0.36365232,-0.50634608,2.1017386,-0.4353291,2.3
39,15000,15.000000,12,1.6640895,1.5747567,0.92670772,1.4053156,-0.25025982,0.012124136,0.3774925,0.2191295,0.12653858,0.33992463,0.5739083,0.20431623,0.79302216,0.6550423,0.34201754,2.3
39,15000,15.000000,13,1.6640895,0.35072483,1.3907039,1.4902147,0.055088442,0.011871482,0.15752856,0.34172222,-0.35922913,0.0063032702,-0.011388905,-0.60886354,0.79319322,0.65476145,-1.5894993,2.3
39,15000,15.000000,14,1.6640895,0.37798668,0.56604833,1.3786149,-0.027061715,-0.33706424,-0.11121311,0.28004429,-0.049970539,-0.58111897,-0.62764687,-0.10979317,0.77071711,0.69083049,-2.9684166,2.3
39,15000,15.000000,15,1.6640895,1.2462896,1.6432629,1.4754129,0.49090992,0.12730134,0.27738825,-0.35805084,-0.25278877,0.32548752,0.63931326,-0.76648125,-0.061522768,1.632358,-0.8756125,2.3
39,15000,15.000000,16,1.6640895,1.1538284,0.37311874,0.077821348,0.12192873,0.045237523,-0.097802428,-0.73593028,-0.1132596,-0.25746654,0.30384639,-0.66569459,-0.68156297,2.3206927,-1.1426039,2.3
39,15000,15.000000,17,1.6640895,1.0474399,0.58255715,0.63149229,0.058325355,-0.028688881,-0.011330435,0.18395753,-0.095325089,-0.14628586,-0.42633821,0.86255169,0.27247077,1.2948363,2.0298539,2.3
39,15000,15.000000,18,1.6640895,0.0096217534,1.6322928,0.008246615,0.24060966,-0.31084833,-0.48468118,0.024263836,-0.32909498,0.46275744,0.8448999,0.30563014,0.43901524,1.116294,0.34709096,2.3
39,15000,15.000000,19,1.6640895,1.1046006,0.87850835,0.19650347,-0.2223739,0.060202643,0.05901535,0.14490454,-0.22845369,0.79262692,0.11354591,-0.85135366,0.51215649,1.0331026,-1.4382078,2.3
39,15000,15.000000,20,1.6640895,1.0589293,1.463712,1.0530681,-0.060795044,-0.40139044,0.13428878,0.0061860164,0.13245662,-0.39998322,0.47235495,-0.857841,-0.20245895,1.7746645,-1.0674678,2.3
39,15000,15.000000,21,1.6640895,0.62334389,1.184767,1.0521851,-0.27508417,0.45249341,-0.47341079,0.44547345,0.00023599763,-0.464482,0.87861596,0.47266057,0.068014547,1.5027292,0.49355277,2.3
39,15000,15.000000,22,1.6640895,1.5345195,0.41137456,1.2564049,0.1461543,0.18529609,-0.037366519,0.25728631,0.062843275,0.10315549,-0.10708799,-0.47481776,0.87354465,0.50835854,-1.7926199,2.3
39,15000,15.000000,23,1.6640895,1.2295247,0.93758291,0.98532047,-0.21282765,0.28490541,0.036648727,0.16200042,0.2398404,0.1618526,-0.54954243,-0.83375521,-0.05343559,1.6242574,-2.1535542,2.3
39,15000,15.000000,24,1.6640895,1.0187695,1.4963491,0.49266925,0.042171574,0.4457728,0.078769657,-0.056316338,0.31784836,0.1024017,-0.3432327,0.93575776,0.080924208,1.4897835,1.9223556,2.3
39,15000,15.000000,25,1.6640895,1.5771593,0.67594669,0.7119356,0.38430014,0.90965738,0.10515724,0.2431637,0.42397404,-0.17155936,0.8434548,-0.53698239,0.015294289,1.5555014,-0.56693039,2.3
39,15000,15.000000,26,1.6640895,1.5359418,0.8738336,0.28819741,0.033435249,-0.15763014,-0.36482242,-0.014643787,0.2316458,0.19129724,0.52025159,-0.44102726,0.73132294,0.75053669,-0.70316844,2.3
39,15000,15.000000,27,1.6640895,1.4647932,1.2844064,0.28973419,-0.055889953,-0.17795454,0.063896528,0.075738555,0.85159047,0.075128502,0.69688462,-0.5281468,-0.48519356,2.0773808,-0.64851787,2.3
39,15000,15.000000,28,1.6640895,1.1103842,1.1067487,1.344656,-0.047350257,0.0027336851,0.1818712,-0.11419014,0.29934771,-0.11917858,0.9226054,0.077112577,0.37795889,1.1832057,0.083387503,2.3
39,15000,15.000000,29,1.6640895,0.78640369,1.4974474,0.10773294,-0.17441007,0.1593124,0.15266827,0.63402476,-0.1173759,0.50585609,0.97262884,-0.22819594,0.043815016,1.5269673,-0.23044964,2.3
39,15000,15.000000,30,1.6640895,0.044358548,0.48203167,0.093366179,0.13313122,-0.57498472,0.34427758,0.29289372,0.034143585,0.10449626,0.053412488,0.86438686,0.49998246,1.0472178,1.5090825,2.3
39,15000,15.000000,31,1.6640895,0.0052440182,1.3943465,1.2529362,0.17755382,-0.010653379,0.17978637,-0.8259714,-0.16062718,-1.0991583,0.46373069,0.66533335,-0.58505161,2.19574,0.96209336,2.3
40,15050,15.050000,0,1.6628808,0.38927838,0.28638724,0.21927714,0.078147928,0.21716283,0.16716794,-0.032093643,-0.12040167,0.041856311,0.78019297,0.57054785,-0.2564646,1.830159,0.63141923,2.3
40,15050,15.050000,1,1.6628808,1.3836668,0.21346443,0.45916482,-0.4782645,-0.48002663,-0.080090857,-0.49900304,-0.19048781,0.24430877,0.0091805358,0.2502681,0.96813305,0.25313103,1.53413,2.3
40,15050,15.050000,2,1.6628808,0.34586516,0.59231914,0.60284228,-0.15405063,0.32807648,0.022999541,-0.08399749,0.013833254,0.15200976,-0.14901544,0.96036976,0.2355511,1.3330107,1.7247334,2.3
40,15050,15.050000,3,1.6628808,0.57267343,0.77163594,0.10113224,-0.051958869,0.090236622,-0.19000345,0.093054657,0.35435925,-0.59571231,0.26400451,0.71669826,0.64548061,0.86914395,1.2178578,2.3
40,15050,15.050000,4,1.6628808,0.45835187,1.6052311,1.0517165,0.12257239,-0.15104457,0.018521946,-0.077031106,-0.84394453,0.078453485,0.97149342,0.084609715,-0.22145366,1.7941012,0.086873217,2.3
40,15050,15.050000,5,1.6628808,0.11802349,0.1442922,0.83897797,-0.0067335225,-0.31960573,-0.39839797,0.2044077,-0.065552358,0.14180329,0.067014026,-0.98368998,0.16692258,1.4030887,-1.5027763,2.3
40,15050,15.050000,6,1.6628808,0.50718602,0.13931632,1.4958933,-0.15908689,-0.19236742,-0.018136746,-0.028666778,-0.11377744,0.27851339,0.20326618,-0.51456154,0.83301217,0.58626629,-1.1945836,2.3
40,15050,15.050000,7,1.6628808,0.59649117,0.38136412,0.98381781,-0.016708635,-0.17416567,-0.027890116,-0.23281334,-0.023208249,-0.1942061,-0.45847183,0.13928397,-0.87772635,2.6418927,2.8466528,2.3
40,15050,15.050000,8,1.6628808,0.28943622,1.1787984,0.25190116,0.11076424,0.073589631,-0.0095741748,0.044331726,0.54742713,-0.28885146,0.79937643,0.48125056,-0.35971547,1.9387593,0.54191262,2.3
40,15050,15.050000,9,1.6628808,0.021327786,1.1089096,0.70141996,-0.15823978,-0.38425244,0.11132453,-0.081333565,-0.4377823,0.014310987,-0.87610087,0.48211059,0.0040785868,1.5667177,2.6385259,2.3
40,15050,15.050000,10,1.6628808,0.94552267,1.0314529,0.54785536,0.31282918,0.081286817,-0.19535094,0.48192568,0.09761819,0.16133786,-0.66405475,-0.19452002,-0.72193715,2.3773941,-2.8566368,2.3
40,15050,15.050000,11,1.6628808,0.41988212,1.6315376,0.47566806,-0.21482531,0.15023054,0.058399374,-0.53269547,-0.5240179,0.6358969,0.9683166,0.17598853,-0.17717504,1.7489117,0.17978449,2.3
40,15050,15.050000,12,1.6628808,1.5860283,0.93404188,1.4226659,-0.23783999,0.020134291,0.39587017,0.31056508,0.17827315,0.39934214,-0.37421905,0.43874784,0.81698252,0.61463754,2.2769861,2.3
40,15050,15.050000,13,1.6628808,0.37450797,1.3679041,1.4866781,0.079135052,-0.0099261022,0.15507346,0.53904439,-0.43858222,-0.15603764,-0.045916209,-0.59087621,0.80545453,0.63435432,-1.6483491,2.3
40,15050,15.050000,14,1.6628808,0.38166921,0.5714907,1.3545352,-0.023103213,-0.33120861,-0.13429988,-0.085910358,0.30731794,-0.43179668,-0.52446529,0.46094005,0.7158704,0.77292644,2.4205715,2.3
40,15050,15.050000,15,1.6628808,1.2229358,1.6246781,1.4881865,0.4684532,0.1099038,0.29123852,-0.52828914,-0.37268751,0.19629753,0.030325731,-0.92169957,0.38671727,1.1737271,-1.5379062,2.3
40,15050,15.050000,16,1.6628808,1.118722,0.37523289,0.072369461,0.087647981,0.047623539,-0.10319975,-0.61855911,0.20293704,0.042196515,0.60956478,-0.69736982,-0.37696965,1.9573187,-0.85248132,2.3
40,15050,15.050000,17,1.6628808,1.0570835,0.57803966,0.62181217,0.068733504,-0.032784732,-0.020555236,0.18625541,-0.13923619,-0.20876892,-0.28525782,0.95068434,0.12176726,1.4487261,1.8623038,2.3
40,15050,15.050000,18,1.6628808,0.01603882,1.6229873,0.029805309,0.24703605,-0.3189712,-0.46310866,0.23444484,-0.10722919,0.47765659,0.97068884,0.049023644,0.23528677,1.3332827,0.0504611,2.3
40,15050,15.050000,19,1.6628808,1.1155607,0.8653803,0.22043928,-0.2106072,0.047708132,0.083102637,0.31726357,-0.33396673,0.14046736,0.17606678,-0.74151839,0.64741869,0.86660373,-1.3376725,2.3
40,15050,15.050000,20,1.6628808,1.0570137,1.4721951,1.0333758,-0.061941895,-0.39184073,0.11535448,-0.047774946,0.20283745,-0.34386371,0.69035491,-0.63171721,0.35262369,1.2104229,-0.74107433,2.3
40,15050,15.050000,21,1.6628808,0.64106593,1.1820253,1.0251083,-0.25690277,0.45061149,-0.49973291,0.3884819,-0.094045591,-0.52616247,0.31501572,0.70839052,0.63162328,0.88715108,1.1523652,2.3
40,15050,15.050000,22,1.6628808,1.5471655,0.4133261,1.2630139,0.15991987,0.18754724,-0.029842293,0.36058038,0.011659363,0.26597322,0.047373762,-0.80047709,0.59748821,0.93043127,-1.5116834,2.3
40,15050,15.050000,23,1.6628808,1.2468423,0.94969046,0.98300553,-0.19461035,0.29769859,0.035048867,0.42328157,0.17110284,-0.27880252,-0.42113993,-0.9042182,0.07092677,1.49981,-2.0066708,2.3
40,15050,15.050000,24,1.6628808,1.0164148,1.5119213,0.50512153,0.040556277,0.46243794,0.091584431,-0.034295724,0.35174939,0.45290238,-0.28720612,0.94026505,-0.18279572,1.7546257,1.8672477,2.3
40,15050,15.050000,25,1.6628808,1.5799211,0.69416144,0.70766533,0.38820891,0.92836989,0.10140271,-0.17084784,0.31499177,0.01333587,0.80896631,-0.49078256,-0.32358306,1.9003102,-0.54531578,2.3
40,15050,15.050000,26,1.6628808,1.5378789,0.86678862,0.28851645,0.036489102,-0.16404276,-0.36429387,0.1117482,-0.26686383,-0.18475568,0.13590667,-0.61626694,0.77572188,0.68293814,-1.3537385,2.3
40,15050,15.050000,27,1.6628808,1.4643329,1.3376332,0.29265837,-0.05528613,-0.12377514,0.06703229,-0.076799527,1.0453423,0.044508309,0.65000808,-0.47697641,-0.59159362,2.2038304,-0.63305271,2.3
40,15050,15.050000,28,1.6628808,1.1050022,1.123948,1.3436395,-0.051927423,0.020743358,0.18183133,-0.15625924,0.38425465,0.2201981,0.48434012,0.013450737,0.87477639,0.50582221,0.027764127,2.3
40,15050,15.050000,29,1.6628808,0.81326163,1.4908429,0.12708235,-0.14697098,0.15379357,0.17210299,0.37037586,-0.084394165,0.32348784,0.7408754,-0.65741487,-0.13751121,1.7087446,-0.72578134,2.3
40,15050,15.050000,30,1.6628808,0.055405497,0.48536492,0.09787312,0.14421442,-0.57130002,0.348854,0.13583062,0.23209301,0.12648232,0.15110049,0.79473342,0.58784984,0.94239796,1.3829116,2.3
40,15050,15.050000,31,1.6628808,1.6244138,1.383336,1.1964722,0.13383069,-0.020654743,0.12421217,-0.88225323,-0.30031574,-1.057468,0.65428043,0.64333817,-0.3975338,1.9796239,0.77696579,2.3
41,15100,15.100000,0,1.6644412,0.39223601,0.28412594,0.22612555,0.08073906,0.21463398,0.17380748,0.22007029,-0.01415065,0.19066916,0.97435533,0.15648729,-0.16168927,1.7331985,0.15924606,2.3
41,15100,15.100000,1,1.6644412,1.3539219,0.20385107,0.4706309,-0.50929316,-0.48983569,-0.069060806,-0.66712058,-0.25182817,0.19059827,-0.11426316,-0.66320361,0.7396654,0.73822331,-1.741411,2.3
41,15100,15.100000,2,1.6644412,0.35095865,0.5962674,0.60877672,-0.14928392,0.33146734,0.028365785,0.22501891,0.15252398,0.13223547,-0.0025602905,0.80985505,0.58662445,0.94391187,1.5739577,2.3
41,15100,15.100000,3,1.6644412,0.57738187,0.78676698,0.076879549,-0.047789751,0.10463684,-0.21433963,0.08274298,0.12390164,-0.4001172,0.28045742,0.73902554,0.61252337,0.91154735,1.2080896,2.3
41,15100,15.100000,4,1.6644412,0.46150038,1.5691034,1.0486131,0.12528953,-0.18866085,0.014433552,0.028850401,-0.61870736,-0.16396513,0.93307855,-0.17755096,-0.31279398,1.8889295,-0.18803711,2.3
41,15100,15.100000,5,1.6644412,0.12364639,0.14637709,0.84231395,-0.0012239551,-0.31765715,-0.39585043,0.093457275,0.078470428,-0.057949992,-0.48643233,-0.80375658,0.34257693,1.2211379,-2.1150295,2.3
41,15100,15.100000,6,1.6644412,0.50865806,0.13563687,1.5025167,-0.15809123,-0.19617582,-0.012919444,-0.018754594,-0.078433821,0.083318094,0.50879481,-0.65814647,0.55495141,0.98249177,-0.91269172,2.3
41,15100,15.100000,7,1.6644412,0.59066456,0.38227157,0.96878258,-0.023091965,-0.17361634,-0.043841035,-0.093413959,-0.10523872,-0.32122021,-0.3187006,-0.10756687,-0.94173207,2.7985395,-2.8160815,2.3
41,15100,15.100000,8,1.6644412,0.29350854,1.2030251,0.24566382,0.11456318,0.096699283,-0.016044855,0.092429187,0.41405076,-0.0030243903,0.90254135,0.42428694,-0.073482685,1.6443453,0.43944483,2.3
41,15100,15.100000,9,1.6644412,0.024303628,1.0979844,0.70358792,-0.15528533,-0.39621249,0.11283361,0.084417799,0.0031303704,0.00341465,-0.8290205,0.46755837,0.30678034,1.2589879,2.6280729,2.3
41,15100,15.100000,10,1.6644412,0.96525644,1.0441286,0.5641661,0.33166688,0.092989107,-0.17956168,0.33685418,0.22526676,0.488493,-0.9024278,0.057710333,-0.42695852,2.011923,3.0777295,2.3
41,15100,15.100000,11,1.6644412,0.39621589,1.6003789,0.51156095,-0.23887427,0.11755627,0.093829307,-0.41480506,-0.66463303,0.70674003,0.7338734,0.59597635,0.32594789,1.2387821,0.68207372,2.3
41,15100,15.100000,12,1.6644412,1.6028513,0.93376033,1.4420711,-0.22251242,0.018976833,0.41393188,0.40624142,-0.21497452,0.43700957,-0.94457307,0.32830126,-5.0781873e-05,1.5708471,2.8070881,2.3
41,15100,15.100000,13,1.6644412,0.39571999,1.352863,1.4795003,0.099985875,-0.026243098,0.14650463,0.4599325,-0.21312363,-0.26771645,-0.13045758,-0.63990014,0.75730353,0.71162211,-1.771912,2.3
41,15100,15.100000,14,1.6644412,0.37275131,0.59236489,1.3404514,-0.032374905,-0.31088021,-0.14964746,-0.30730713,0.5243805,-0.17422416,-0.25643943,0.78396674,0.56536269,0.96992343,1.8869309,2.3
41,15100,15.100000,15,1.6644412,1.1979496,1.6067769,1.494123,0.44233173,0.090487236,0.29577639,-0.48135084,-0.40576552,-0.012837164,-0.44994612,-0.5773337,0.68134741,0.82119444,-2.2328196,2.3
41,15100,15.100000,16,1.6644412,1.0910253,0.38153457,0.076025367,0.058914972,0.053570336,-0.099613437,-0.62497561,0.10682007,0.0011569706,0.8356467,-0.54562188,-0.063177164,1.6340156,-0.5784348,2.3
41,15100,15.100000,17,1.6644412,1.0724466,0.56596125,0.61153304,0.08309801,-0.045399637,-0.031412759,0.30153172,-0.29415048,-0.15913933,-0.048285728,0.97133789,0.23274703,1.335895,1.620466,2.3
41,15100,15.100000,18,1.6644412,0.02597353,1.628216,0.053785472,0.25695106,-0.31526712,-0.43916769,0.2829575,0.27647062,0.29799307,0.98874913,-0.099691345,0.11152034,1.4590435,-0.10048613,2.3
41,15100,15.100000,19,1.6644412,1.1280768,0.84628809,0.21822483,-0.19914329,0.027813227,0.080682477,0.097280426,-0.37077144,-0.17106696,0.28491761,-0.69014488,0.66522327,0.84300351,-1.1792724,2.3
41,15100,15.100000,20,1.6644412,1.0563216,1.4857274,1.014457,-0.06362512,-0.37969555,0.095475329,-0.039220722,0.36038666,-0.41934974,0.76006209,-0.08782545,0.64388843,0.87122674,-0.11504017,2.3
41,15100,15.100000,21,1.6644412,0.6645804,1.1838049,1.0028791,-0.23400059,0.45128165,-0.5229131,0.57201441,-0.10913977,-0.51342525,-0.44291542,0.27492314,0.85337167,0.5483771,2.5860824,2.3
41,15100,15.100000,22,1.6644412,1.5702715,0.41776504,1.2777034,0.18156399,0.19159643,-0.016344197,0.4302211,0.19761211,0.20059154,0.18469165,-0.95546383,0.23016921,1.3385448,-1.3798508,2.3
41,15100,15.100000,23,1.6644412,1.2694395,0.95323149,0.97084791,-0.17319317,0.30034724,0.021974977,0.37945746,0.019627668,-0.26597045,-0.37852073,-0.8737986,0.30528358,1.2605601,-1.9795834,2.3
41,15100,15.100000,24,1.6644412,1.0130593,1.5287732,0.53040797,0.036249051,0.4778639,0.11638526,-0.066111679,0.24316221,0.56098369,-0.2118742,0.9128354,-0.34905709,1.927361,1.7988636,2.3
41,15100,15.100000,25,1.6644412,1.5654533,0.70040069,0.71534836,0.37226611,0.93395515,0.10841841,-0.42127947,-0.12365634,0.22186318,0.75703849,-0.51796964,-0.39824638,1.9804006,-0.60004656,2.3
41,15100,15.100000,26,1.6644412,1.5474938,0.85615124,0.27151481,0.044657056,-0.17548812,-0.38155814,0.18924543,-0.15032091,-0.26696902,-0.23655524,-0.51814507,0.82192902,0.60600686,-1.9990777,2.3
41,15100,15.100000,27,1.6644412,1.4588012,1.3801503,0.29888663,-0.062188702,-0.082532566,0.072983145,-0.2503826,0.65623854,0.18101987,0.55116187,-0.51446195,-0.65692427,2.2875283,-0.75097192,2.3
41,15100,15.100000,28,1.6644412,1.0963756,1.1382291,1.3584395,-0.061586415,0.033963663,0.19536417,-0.15598735,0.29953406,0.34196068,0.095124905,-0.26405037,0.95980657,0.28448411,-1.2250169,2.3
41,15100,15.100000,29,1.6644412,0.82891936,1.4865668,0.14343621,-0.13208336,0.1481212,0.18832999,0.1878565,-0.13961479,0.34361395,0.39848864,-0.8803917,-0.25713279,1.8308504,-1.1457603,2.3
41,15100,15.100000,30,1.6644412,0.056000576,0.50488912,0.092147,0.14475725,-0.5522402,0.34303877,-0.10981484,0.4106353,-0.37597664,0.32906677,0.60785161,0.72265586,0.76315935,1.0746104,2.3
41,15100,15.100000,31,1.6644412,1.5823046,1.3707999,1.1507852,0.09021768,-0.034482437,0.077424444,-0.82768438,-0.36976565,-0.83047935,0.82279487,0.4885804,-0.29034083,1.8653793,0.53585252,2.3
42,15150,15.150000,0,1.6641204,0.40557323,0.2797802,0.24413057,0.09415318,0.2103426,0.19185783,0.26874466,-0.010505264,0.42190404,0.99011095,-0.055939075,0.12865118,1.4417876,-0.056437786,2.3
42,15150,15.150000,1,1.6641204,1.32455,0.18666665,0.47888668,-0.53840686,-0.50698247,-0.060713506,-0.36951139,-0.2403828,0.13366378,-0.031063013,-0.99785136,-0.057686621,1.628515,-1.6019162,2.3
42,15150,15.150000,2,1.6641204,0.35710023,0.60670078,0.61344767,-0.14307409,0.34201668,0.033154546,-0.014204826,0.30379475,0.05169961,0.21317207,0.42198152,0.88118628,0.49243074,1.1030219,2.3
42,15150,15.150000,3,1.6641204,0.58338496,0.7976978,0.057469351,-0.041674776,0.1157204,-0.23373688,0.04983986,0.27843246,-0.2395401,0.37114852,0.8164837,0.44227045,1.1126677,1.144149,2.3
42,15150,15.150000,4,1.6641204,0.45527396,1.5484397,1.0405603,0.11915147,-0.20902409,0.0065822151,-0.1845006,-0.30167627,-0.073393635,0.94066483,0.04340982,-0.33654904,1.9140461,0.046115303,2.3
42,15150,15.150000,5,1.6641204,0.13423361,0.15006843,0.83830058,0.0093881281,-0.31393724,-0.39970181,0.2635203,0.060965411,-0.0097284184,-0.85847911,-0.28940045,0.42339225,1.1336098,-2.8164485,2.3
42,15150,15.150000,6,1.6641204,0.51314358,0.12914125,1.5039704,-0.15350722,-0.20264591,-0.011175981,0.19432395,0.011484277,0.035692511,0.84111475,-0.53517831,0.078167412,1.4925491,-0.56666445,2.3
42,15150,15.150000,7,1.6641204,0.58637577,0.37353873,0.95675642,-0.0272673,-0.18227632,-0.055681587,-0.087995515,-0.26573716,-0.1973892,-0.40180194,-0.21275332,-0.89066898,2.6696108,-2.6546261,2.3
42,15150,15.150000,8,1.6641204,0.29517636,1.2158679,0.25164517,0.11628775,0.10977531,-0.010015566,-0.12582247,0.12991479,0.14056124,0.88605425,0.3154822,0.33967463,1.2242254,0.34205697,2.3
42,15150,15.150000,9,1.6641204,0.034647092,1.1011667,0.7024981,-0.14493619,-0.39281827,0.11187932,0.33018512,0.10016767,0.0034257451,-0.78607866,0.29835408,0.54135495,0.99874854,2.7788412,2.3
42,15150,15.150000,10,1.6641204,0.97548241,1.0523479,0.59508874,0.34207993,0.10141048,-0.1485273,0.10695484,0.13798727,0.72499696,-0.91810092,0.38206868,-0.10542401,1.6764166,2.7472409,2.3
42,15150,15.150000,11,1.6641204,0.37903812,1.5731761,0.54362545,-0.25597731,0.090659329,0.12599551,-0.26260523,-0.58530884,0.53462399,0.18195734,0.74956861,0.63642629,0.8809401,1.3326533,2.3
42,15150,15.150000,12,1.6641204,1.6242701,0.92614018,1.4594417,-0.20078253,0.011535961,0.43158223,0.47073379,-0.016696366,0.24748438,-0.62515632,-0.17630118,-0.76032722,2.4346131,-2.8667198,2.3
42,15150,15.150000,13,1.6641204,0.41835623,1.3387499,1.4588668,0.12270058,-0.040096846,0.12615432,0.50961234,-0.34190621,-0.33760319,-0.3061732,-0.75869359,0.57501479,0.9581741,-1.954362,2.3
42,15150,15.150000,14,1.6641204,0.36015469,0.61866711,1.3287443,-0.044900871,-0.28446125,-0.16109728,-0.28332755,0.46454959,-0.23680528,-0.047695831,0.88612067,0.46099377,1.0916816,1.6245699,2.3
42,15150,15.150000,15,1.6641204,1.1819239,1.5897475,1.4965295,0.42653539,0.073765875,0.29847123,-0.27313313,-0.29634115,0.024801079,-0.56617905,-0.2566817,0.78329802,0.6708428,-2.7159499,2.3
42,15150,15.150000,16,1.6641204,1.0607725,0.38042381,0.076105164,0.028869559,0.052533019,-0.099518975,-0.53409209,-0.18661086,-0.089465613,0.96056722,-0.20713384,0.18548907,1.3842268,-0.21238494,2.3
42,15150,15.150000,17,1.6641204,1.0880263,0.55164121,0.6074807,0.098885957,-0.059611941,-0.035347592,0.25007356,-0.2175356,0.092071572,0.29751956,0.76019311,0.57757125,0.95504595,1.1977485,2.3
42,15150,15.150000,18,1.6641204,0.044827847,1.6509905,0.056032833,0.2758122,-0.2921765,-0.43690974,0.40573399,0.65743627,-0.18132424,0.9932544,-0.10635026,0.046209413,1.5245705,-0.10666614,2.3
42,15150,15.150000,19,1.6641204,1.1249688,0.82799545,0.20557558,-0.20203411,0.0096819645,0.068074075,-0.22411018,-0.39631811,-0.318238,0.42996143,-0.70186982,0.56790134,0.96684244,-1.0211678,2.3
42,15150,15.150000,20,1.6641204,1.0562909,1.5038921,1.0014947,-0.063452187,-0.36124272,0.082707342,0.030007905,0.31010122,-0.090860152,0.73213587,0.42936902,0.52879042,1.0136215,0.53040476,2.3
42,15150,15.150000,21,1.6641204,0.69255255,1.1724871,0.97360891,-0.20589762,0.44019098,-0.55199282,0.59019272,-0.35835027,-0.58137298,-0.52228375,-0.61683182,0.58884479,0.94116752,-2.273383,2.3
42,15150,15.150000,22,1.6641204,1.5927016,0.4255444,1.2867342,0.2042989,0.19945708,-0.0070661993,0.44898841,0.062491631,0.15127209,0.44769255,-0.89232393,-0.057700882,1.6285293,-1.1057774,2.3
42,15150,15.150000,23,1.6641204,1.2816533,0.96281019,0.95847817,-0.16073349,0.31011063,0.009791201,0.12513999,0.28623693,-0.24385679,-0.45238157,-0.75645073,0.47236978,1.0788188,-2.1097673,2.3
42,15150,15.150000,24,1.6641204,1.0056855,1.5351046,0.56136177,0.029069809,0.48449059,0.14744429,-0.1686525,-0.003305507,0.63669046,-0.054923066,0.91383688,-0.40235011,1.9848788,1.6308257,2.3
42,15150,15.150000,25,1.6641204,1.5438325,0.68480096,0.72456567,0.35094499,0.91848894,0.11777451,-0.38005318,-0.54013867,-0.012330269,0.85906424,-0.47917212,-0.18000751,1.7517904,-0.50879961,2.3
42,15150,15.150000,26,1.6641204,1.5537505,0.86210022,0.26578722,0.051212692,-0.16937351,-0.38723394,0.089950044,0.2772353,0.073931058,-0.37995349,-0.26355787,0.88666375,0.48071668,-2.5351356,2.3
42,15150,15.150000,27,1.6641204,1.4392196,1.4045937,0.31485739,-0.081490974,-0.057820703,0.089013065,-0.55812634,0.39387545,0.3851413,0.42411163,-0.717651,-0.55236434,2.1559942,-1.0370415,2.3
42,15150,15.150000,28,1.6641204,1.0872847,1.1506206,1.3732298,-0.070466816,0.046575752,0.21041782,-0.11682991,0.26420279,0.24561749,-0.12361033,-0.75428446,0.64480651,0.87002621,-1.7332301,2.3
42,15150,15.150000,29,1.6641204,0.83660923,1.4832975,0.15449833,-0.12423294,0.14513821,0.19942083,0.23979399,-0.022429334,0.1273355,0.17418931,-0.96807613,-0.18024066,1.7520274,-1.3927678,2.3
42,15150,15.150000,30,1.6641204,0.049626032,0.52221124,0.06750301,0.13839289,-0.53481908,0.31841017,-0.15026282,0.30613412,-0.63123447,0.74772347,0.32733325,0.57772187,0.95486143,0.41263968,2.3
42,15150,15.150000,31,1.6641204,1.5425276,1.3518535,1.110369,0.050741894,-0.05316639,0.037226158,-0.75830871,-0.28450529,-0.75363923,0.87735774,0.3958292,-0.27122433,1.8454611,0.42381862,2.3
43,15200,15.200000,0,1.6639121,0.41770238,0.28167411,0.26577737,0.10633384,0.21227164,0.21353654,0.23329694,0.034156658,0.48259667,0.89056937,-0.16734063,0.42294598,1.1341024,-0.18573721,2.3
43,15200,15.200000,1,1.6639121,1.316976,0.18529436,0.48745877,-0.54581564,-0.50833149,-0.052080954,0.038112296,0.17641224,0.24106404,0.039902499,-0.57850361,-0.81470324,2.5230136,-1.50193,2.3
43,15200,15.200000,2,1.6639121,0.3561142,0.62186878,0.61794234,-0.14401549,0.35726155,0.037726268,0.012360766,0.35712537,0.079420163,0.47500316,0.027079974,0.87956732,0.49584431,0.056948448,2.3
43,15200,15.200000,3,1.6639121,0.58223053,0.81396224,0.039427207,-0.042756271,0.13208567,-0.25177296,-0.10381493,0.22812274,-0.32104413,0.52914816,0.81443362,0.23811784,1.3303688,0.99462285,2.3
43,15200,15.200000,4,1.6639121,0.44328595,1.5453369,1.0376521,0.10721968,-0.21193335,0.0038040526,-0.31129323,0.17260318,-0.040134772,0.92572207,0.3634768,-0.10451439,1.6755019,0.3741467,2.3
43,15200,15.200000,5,1.6639121,0.13674776,0.16442144,0.84100392,0.011919234,-0.29956455,-0.39689341,-0.077168404,0.61702826,0.11944285,-0.89202372,0.24655679,0.37881847,1.182277,2.8719239,2.3
43,15200,15.200000,6,1.6639121,0.5227771,0.12661774,1.5052387,-0.14380889,-0.20515342,-0.0097194241,0.2413491,-0.22427299,-0.030533683,0.91102163,-0.15942664,-0.38029295,1.9609094,-0.17324339,2.3
43,15200,15.200000,7,1.6639121,0.57902631,0.35739787,0.94992742,-0.034543844,-0.19837145,-0.062391289,-0.15289118,-0.28463254,-0.16992628,-0.50069266,-0.4384984,-0.74634175,2.4133449,-2.422319,2.3
43,15200,15.200000,8,1.6639121,0.28675017,1.2190478,0.25605129,0.10789796,0.11310753,-0.0055776798,-0.20249296,-0.087757793,0.028104371,0.72121231,-0.17566632,0.67007025,0.8364929,-0.23891864,2.3
43,15200,15.200000,9,1.6639121,0.051679471,1.1009359,0.70233022,-0.12789841,-0.39291129,0.11179934,0.32696158,-0.10789842,0.04413355,-0.736317,0.097738076,0.66954054,0.83720628,3.009625,2.3
43,15200,15.200000,10,1.6639121,0.98783065,1.0545829,0.62334941,0.35455101,0.10377734,-0.12019039,0.35295143,-0.071509906,0.35271537,-0.66740314,0.71197015,0.21833816,1.3506851,2.3238961,2.3
43,15200,15.200000,11,1.6639121,0.37817871,1.5361711,0.56820873,-0.25678934,0.053848855,0.15064836,0.2669137,-0.85266389,0.46133059,-0.2723205,0.53704046,0.79839156,0.64617706,2.0400889,2.3
43,15200,15.200000,12,1.6639121,1.6479619,0.92755552,1.4653394,-0.17688597,0.013067277,0.43766292,0.5188115,0.096453846,0.0019553998,0.05292511,-0.80064837,-0.59679236,2.2102939,-1.5047895,2.3
43,15200,15.200000,13,1.6639121,0.44539564,1.3224542,1.4425784,0.14979404,-0.05622603,0.1100475,0.49699788,-0.28591115,-0.32988699,-0.68070015,-0.72539203,0.10224337,1.468374,-2.3244207,2.3
43,15200,15.200000,14,1.6639121,0.34462232,0.63947234,1.3181452,-0.06038915,-0.26357731,-0.17153072,-0.33124545,0.32251953,-0.064914027,0.045352911,0.88270474,0.46773439,1.0840706,1.519462,2.3
43,15200,15.200000,15,1.6639121,1.1708518,1.5791398,1.490011,0.41561047,0.063356455,0.29213955,-0.18106068,0.007660793,-0.18712521,-0.51800528,-0.12952183,0.84551442,0.56326848,-2.8965767,2.3
43,15200,15.200000,16,1.6639121,1.0354795,0.37179882,0.070847223,0.0037077437,0.043955092,-0.10476772,-0.48948968,-0.35137917,-0.16282286,0.93075375,0.11102151,0.34838439,1.2149494,0.11872036,2.3
43,15200,15.200000,17,1.6639121,1.0914588,0.54436481,0.61807985,0.10245483,-0.066819768,-0.024671765,-0.1497506,-0.10589925,0.37401614,0.73057881,-0.031326015,0.68210944,0.82015286,-0.042852102,2.3
43,15200,15.200000,18,1.6639121,0.065423159,0.01727381,0.047136823,0.29641442,-0.26177261,-0.4457993,0.34384002,0.54160511,-0.16213331,0.99320073,-0.093088076,0.069906451,1.5008328,-0.093452335,2.3
43,15200,15.200000,19,1.6639121,1.1104316,0.80634947,0.19153925,-0.21643147,-0.011861756,0.054062595,-0.35610971,-0.28388587,-0.2222083,0.51959056,-0.75043972,0.40849219,1.1499948,-0.96520178,2.3
43,15200,15.200000,20,1.6639121,1.0541719,1.5223976,1.0110633,-0.065439086,-0.34254782,0.092401825,0.024222241,0.42108491,0.27822925,0.59526652,0.80351807,-0.0040603015,1.5748566,0.93319293,2.3
43,15200,15.200000,21,1.6639121,0.72430778,1.1422936,0.94069217,-0.17405374,0.41014226,-0.58478978,0.52637032,-0.77597207,-0.62154686,0.064174536,-0.99733105,-0.034819634,1.605623,-1.5065386,2.3
43,15200,15.200000,22,1.6639121,1.6083346,0.43476963,1.2910794,0.22013223,0.20873614,-0.0025597832,0.14268564,0.23794427,-0.03175876,0.76937425,-0.6197568,-0.15480561,1.726227,-0.67810598,2.3
43,15200,15.200000,23,1.6639121,1.2885226,0.97177361,0.95283099,-0.15370342,0.31919509,0.0042636067,0.093760902,0.16850752,0.022137629,-0.51806891,-0.61909854,0.59018778,0.9395049,-2.2675839,2.3
43,15200,15.200000,24,1.6639121,0.99236858,1.5357693,0.5881708,0.015877904,0.48534738,0.17432525,-0.28150112,0.0043146878,0.37273603,0.012053938,0.98337602,-0.18118029,1.7529828,1.5585392,2.3
43,15200,15.200000,25,1.6639121,1.533709,0.6556501,0.72155998,0.34101406,0.88942195,0.11485931,-0.06150007,-0.47162829,-0.1341703,0.88740694,-0.40646441,0.21747552,1.351569,-0.42951661,2.3
43,15200,15.200000,26,1.6639121,1.5591723,0.88115309,0.27780042,0.056829293,-0.15021158,-0.37518674,0.11179951,0.43573441,0.33806987,-0.37719183,-0.0016618418,0.92613366,0.38676623,-3.1371869,2.3
43,15200,15.200000,27,1.6639121,1.4156957,1.4080487,0.32658191,-0.10483621,-0.054189738,0.10077772,-0.3610406,-0.075493801,0.1881423,0.19721863,-0.92720685,-0.31842152,1.8948602,-1.3612178,2.3
43,15200,15.200000,28,1.6639121,1.080593,1.1594379,1.387676,-0.077022894,0.055537573,0.22503668,-0.13630873,-0.02604536,0.33405475,-0.22220061,-0.97451516,-0.030774795,1.601576,-1.7949753,2.3
43,15200,15.200000,29,1.6639121,0.84148838,1.4829054,0.15752747,-0.1192488,0.14493169,0.20246949,-0.0051626991,0.085579223,-0.012366576,-0.043731469,-0.98859468,-0.14411144,1.7154113,-1.6150035,2.3
43,15200,15.200000,30,1.6639121,0.046286049,0.53903086,0.038587471,0.13505891,-0.51793306,0.28950127,0.081497955,0.20600729,-0.53004458,0.9907786,0.054929717,0.12385675,1.4466207,0.055384262,2.3
43,15200,15.200000,31,1.6639121,1.5108273,1.3409764,1.073013,0.019232618,-0.063874992,6.8417252e-06,-0.53218029,-0.072669124,-0.70479311,0.88335315,0.26943905,-0.3835229,1.9644042,0.29605454,2.3
44,15250,15.250000,0,1.6715983,0.42886547,0.28505111,0.29063097,0.1155462,0.21434272,0.2371081,0.09054,0.058790386,0.39268833,0.77492066,-0.23746317,0.58575525,0.94498474,-0.29735039,2.3
44,15250,15.250000,1,1.6715983,1.3325854,0.19291043,0.49762553,-0.53631167,-0.50158689,-0.044184118,0.25691488,0.10508438,0.11807482,-0.10266141,0.46802773,-0.87773041,2.6419011,1.7867256,2.3
44,15250,15.250000,2,1.6715983,0.3548897,0.64011288,0.62155265,-0.1468784,0.37259769,0.038480355,-0.051109886,0.29387099,-0.061654834,0.71821416,-0.19844157,0.6669253,0.84072162,-0.26957311,2.3
44,15250,15.250000,3,1.6715983,0.57930336,0.82978238,0.026860541,-0.048360045,0.14411812,-0.26449244,-0.12283303,0.2303243,-0.21327642,0.6922555,0.71503447,0.097509122,1.473132,0.80158315,2.3
44,15250,15.250000,4,1.6715983,0.42879033,1.5617963,1.043039,0.090714412,-0.20263374,0.0043962932,-0.27787922,0.067203836,0.093468531,0.79086179,0.58968916,0.16372028,1.4063357,0.64069753,2.3
44,15250,15.250000,5,1.6715983,0.1286108,0.19597645,0.84842073,0.0031707512,-0.26883986,-0.3933696,-0.22966283,0.4894307,-0.015968879,-0.81342974,0.52794465,0.24414443,1.324159,2.5658959,2.3
44,15250,15.250000,6,1.6715983,0.53742291,0.11732921,1.5052972,-0.13160608,-0.21500414,-0.016598232,0.20866626,-0.18909681,-0.22548659,0.65502938,0.18176806,-0.73341453,2.3941277,0.27068527,2.3
44,15250,15.250000,7,1.6715983,0.57354817,0.34962174,0.951598,-0.042677954,-0.20777685,-0.065102493,-0.13577977,-0.17737875,0.11534926,-0.48694237,-0.6976436,-0.52552882,2.1241329,-2.1801664,2.3
44,15250,15.250000,8,1.6715983,0.27307375,1.2192104,0.25692989,0.092931435,0.10765154,-0.0058811714,-0.28985584,-0.13531672,-0.08421584,0.3051393,-0.72736845,0.61467483,0.90882267,-1.1735838,2.3
44,15250,15.250000,9,1.6715983,0.070203618,1.1025002,0.70689309,-0.10965502,-0.39642445,0.11311488,0.44885509,-0.0099212545,-0.021729745,-0.75038096,-0.11524077,0.65088247,0.86205007,-2.9892069,2.3
44,15250,15.250000,10,1.6715983,1.0229618,1.0493972,0.62459055,0.3850488,0.093743279,-0.12182495,0.86121993,-0.25963173,-0.36151775,0.176981,0.97337634,0.14565792,1.4246184,1.3909394,2.3
44,15250,15.250000,11,1.6715983,0.398447,1.5012993,0.59500816,-0.23831057,0.011977456,0.17476746,0.41489724,-0.86376216,0.44506563,-0.60858356,0.087909058,0.78860513,0.6622591,2.9981363,2.3
44,15250,15.250000,12,1.6715983,0.0016723093,0.9390953,1.467923,-0.15923048,0.020305693,0.43348722,0.28570275,0.23045698,-0.20240705,0.4156694,-0.87766694,0.23857847,1.3298945,-1.128485,2.3
44,15250,15.250000,13,1.6715983,0.47530042,1.3117661,1.4363265,0.17757736,-0.072984286,0.097161506,0.68139187,-0.31487174,-0.19874069,-0.85592224,-0.34238438,-0.38751782,1.9687338,-2.7610707,2.3
44,15250,15.250000,14,1.6715983,0.33909004,0.66037963,1.3098651,-0.06749698,-0.24566523,-0.18586678,0.010683276,0.5417162,-0.4311223,0.1021957,0.86827651,0.48543994,1.06393,1.4536359,2.3
44,15250,15.250000,15,1.6715983,1.1743686,1.5994623,1.4904385,0.41372314,0.076354448,0.28569907,0.0080059545,0.43269501,-0.067398885,-0.41006404,-0.20242364,0.88930993,0.47496237,-2.6830467,2.3
44,15250,15.250000,16,1.6715983,1.0201594,0.35335886,0.065441704,-0.016349309,0.023844015,-0.11048733,-0.29889097,-0.46424926,-0.11546304,0.78808805,0.39428966,0.47270804,1.078435,0.46389693,2.3
44,15250,15.250000,17,1.6715983,1.0813495,0.54284393,0.64284465,0.087338495,-0.070845977,-0.002812447,-0.4792048,-0.036349716,0.50339223,0.53120414,-0.75690471,0.38068021,1.1802645,-0.95885589,2.3
44,15250,15.250000,18,1.6715983,0.078618789,0.043518291,0.044282097,0.30927819,-0.23566808,-0.4488647,0.15973006,0.45972106,-0.0097636644,0.98617523,-0.13527667,0.095700754,1.4749489,-0.13632227,2.3
44,15250,15.250000,19,1.6715983,1.0963278,0.79688652,0.18588334,-0.23562051,-0.025019183,0.047536939,-0.41089679,-0.25723709,-0.15377426,0.52796273,-0.75761447,0.38376512,1.1769262,-0.96217063,2.3
44,15250,15.250000,20,1.6715983,1.0642926,1.5473287,1.0348241,-0.060200022,-0.32469037,0.11144833,0.17097729,0.20499995,0.42609714,0.22347685,0.85930047,-0.46006608,2.048866,1.3163643,2.3
44,15250,15.250000,21,1.6715983,0.74239849,1.1096609,0.93093069,-0.15934275,0.37232007,-0.5988642,-0.04733061,-0.70567497,0.1308173,0.48534509,-0.80896914,-0.33167617,1.9088761,-1.0304099,2.3
44,15250,15.250000,22,1.6715983,1.614597,0.44417047,1.2869157,0.2189679,0.21611163,-0.01266408,-0.15778705,0.0058739326,-0.37585127,0.96779718,-0.23011875,0.10204894,1.4685694,-0.23344086,2.3
44,15250,15.250000,23,1.6715983,1.3017996,0.97699565,0.95945797,-0.14639532,0.3199265,0.00648403,0.25820192,-0.22913728,0.069745766,-0.47999854,-0.38098998,0.79022025,0.65962801,-2.4706857,2.3
44,15250,15.250000,24,1.6715983,0.98010428,1.5507588,0.60512612,-0.00093174554,0.49322451,0.18853088,-0.36612676,0.2120682,0.20042208,0.12055281,0.97834375,0.16825731,1.4017348,1.448193,2.3
44,15250,15.250000,25,1.6715983,1.5472502,0.63241914,0.71217614,0.34745563,0.8632227,0.10217158,0.20608773,-0.56465458,-0.29467546,0.79996429,-0.28596568,0.52752324,1.0151138,-0.34331676,2.3
44,15250,15.250000,26,1.6715983,1.5683085,0.91193056,0.3007795,0.058758654,-0.12356585,-0.35354079,0.0014141357,0.62690684,0.46658202,-0.34020988,0.24632922,0.90751262,0.43347267,2.5149069,2.3
44,15250,15.250000,27,1.6715983,1.4080684,1.4053152,0.34178259,-0.11897049,-0.063406226,0.11443833,-0.25092633,-0.22527049,0.25484599,-0.040516201,-0.97853136,-0.20207628,1.7742738,-1.6121778,2.3
44,15250,15.250000,28,1.6715983,1.0715302,1.1544343,1.4054954,-0.091044987,0.045201947,0.2364198,-0.41405697,-0.28142135,0.22012972,-0.10806502,-0.78413404,-0.61111027,2.2282588,-1.7077481,2.3
44,15250,15.250000,29,1.6715983,0.8384308,1.4994743,0.16007818,-0.12617753,0.15462816,0.20428833,-0.12436551,0.34366128,0.11081995,-0.29567199,-0.95412806,-0.047092713,1.6179065,-1.871299,2.3
44,15250,15.250000,30,1.6715983,0.048297816,0.54291427,0.016720943,0.13685273,-0.51654282,0.26750717,-0.014467981,-0.073859924,-0.32027528,0.93655593,-0.21842158,-0.27414411,1.8484959,-0.22912243,2.3
44,15250,15.250000,31,1.6715983,1.4968253,1.3531446,1.0462329,-0.0017002074,-0.057914974,-0.031656914,-0.32993158,0.31297282,-0.55477549,0.87384308,0.047038284,-0.48392734,2.0759333,0.05377731,2.3
45,15300,15.300000,0,1.6758545,0.43762791,0.28434063,0.31692703,0.12320692,0.21290827,0.2626317,0.17783262,-0.045942027,0.54631608,0.67425714,-0.37203663,0.63793892,0.87897747,-0.50420313,2.3
45,15300,15.300000,1,1.6758545,1.3560143,0.20281839,0.50781135,-0.51630125,-0.49218208,-0.035276673,0.40725201,0.12891069,0.17767713,-0.1738126,0.95458994,-0.24196535,1.8151872,1.7509041,2.3
45,15300,15.300000,2,1.6758545,0.34783239,0.66016849,0.61991712,-0.15482922,0.39100004,0.035266323,-0.08329011,0.38588126,-0.21433764,0.8391102,-0.26221718,0.47658811,1.0740267,-0.30287971,2.3
45,15300,15.300000,3,1.6758545,0.57676567,0.84919686,0.015680698,-0.052367662,0.16139785,-0.27572639,-0.0063064839,0.49798133,-0.22354562,0.80943504,0.58712452,-0.0099855327,1.580782,0.62753823,2.3
45,15300,15.300000,4,1.6758545,0.4179969,1.5629006,1.0533095,0.078844288,-0.20550248,0.012001354,-0.26099129,-0.16248933,0.22161573,0.6869983,0.62092021,0.37748038,1.1837225,0.73491952,2.3
45,15300,15.300000,5,1.6758545,0.11958931,0.21784471,0.85014775,-0.006166334,-0.24749773,-0.39380227,-0.18214606,0.29561488,0.018135093,-0.78127723,0.61657656,0.097155706,1.4734871,2.4734777,2.3
45,15300,15.300000,6,1.6758545,0.55011312,0.10656368,1.4964896,-0.12029863,-0.22605436,-0.029222592,0.19385446,-0.25994863,-0.27672201,0.30932958,0.52082743,-0.79564691,2.4908711,1.0348598,2.3
45,15300,15.300000,7,1.6758545,0.5687523,0.3466408,0.96513509,-0.048926246,-0.21164308,-0.054002474,-0.083989096,0.023000354,0.22049642,-0.25634011,-0.92006914,-0.29624741,1.8715576,-1.8425153,2.3
45,15300,15.300000,8,1.6758545,0.25485137,1.2148964,0.2506586,0.074037783,0.10024256,-0.012797855,-0.39949161,-0.086587087,-0.17164969,-0.12750002,-0.9642217,0.2324226,1.3362286,-1.7022646,2.3
45,15300,15.300000,9,1.6758545,0.089774063,1.1008799,0.70784077,-0.090287955,-0.40084637,0.11226376,0.26081768,-0.18391427,-0.00026723426,-0.77321066,-0.4172233,0.47756674,1.0729132,-2.6467703,2.3
45,15300,15.300000,10,1.6758545,1.0720992,1.0397101,0.5980023,0.43152246,0.081399912,-0.14996774,0.90916725,-0.1292516,-0.72281325,0.94289882,0.2087405,-0.25955582,1.8333586,0.21786779,2.3
45,15300,15.300000,11,1.6758545,0.41620735,1.4699808,0.61296791,-0.221586,-0.023118995,0.19119132,0.324793,-0.57919372,0.21768053,-0.71088793,-0.45278556,0.53816687,1.0025357,-2.5744607,2.3
45,15300,15.300000,12,1.6758545,0.01493582,0.96190048,1.4625782,-0.14598806,0.040693829,0.42441638,0.24867559,0.53827873,-0.13448878,0.31423685,-0.26398473,0.9119031,0.42289877,-0.69870792,2.3
45,15300,15.300000,13,1.6758545,0.51274235,1.299445,1.4275272,0.21376308,-0.088625553,0.084720852,0.75487049,-0.32143054,-0.21486948,-0.7664502,0.23745558,-0.59679891,2.210302,2.8411584,2.3
45,15300,15.300000,14,1.6758545,0.34890912,0.68728455,1.289283,-0.058552654,-0.22047379,-0.20975365,0.40242035,0.47324418,-0.41812933,0.29952671,0.87764995,0.37418487,1.1872787,1.2419085,2.3
45,15300,15.300000,15,1.6758545,1.1837877,1.6299761,1.4937438,0.42014387,0.10276211,0.28521006,0.23055861,0.57468849,0.10857059,-0.24118652,-0.31750257,0.91707207,0.41012229,-2.2204363,2.3
45,15300,15.300000,16,1.6758545,1.0064818,0.33153712,0.056423494,-0.032603855,0.0011514067,-0.1196605,-0.28423226,-0.44826572,-0.31844825,0.66596433,0.50262744,0.55123241,0.98695573,0.64652544,2.3
45,15300,15.300000,17,1.6758545,1.0562694,0.54234745,0.66947032,0.059540471,-0.072722257,0.022144682,-0.58036313,0.081432211,0.46252009,0.0078950143,-0.99756196,0.06933828,1.5014024,-1.5628822,2.3
45,15300,15.300000,18,1.6758545,0.088061498,0.065955179,0.04746967,0.31850899,-0.21337035,-0.44579378,0.26671145,0.45307906,0.1256391,0.93287751,-0.28316813,0.22261035,1.3463051,-0.29470378,2.3
45,15300,15.300000,19,1.6758545,1.074738,0.78924445,0.17787343,-0.25997073,-0.034678002,0.039064502,-0.57816404,-0.10548836,-0.14202657,0.49564833,-0.65987795,0.56470685,0.97071833,-0.92657803,2.3
45,15300,15.300000,20,1.6758545,1.0719048,1.5537034,1.0600018,-0.055303995,-0.32225858,0.13396256,-0.059864763,0.021568714,0.49822484,0.22099458,0.81404259,-0.5371183,2.1378134,1.3057075,2.3
45,15300,15.300000,21,1.6758545,0.73337332,1.0789591,0.94899647,-0.17024435,0.33883543,-0.58318868,-0.37678991,-0.71276393,0.49523324,0.59117485,-0.74461333,-0.30994077,1.8859271,-0.89976429,2.3
45,15300,15.300000,22,1.6758545,1.60704,0.44053624,1.2663924,0.20731457,0.21135251,-0.036433934,-0.35806542,-0.14753801,-0.54214775,0.88160198,0.053514723,0.46895002,1.0826947,0.060627291,2.3
45,15300,15.300000,23,1.6758545,1.3170394,0.96204383,0.96857779,-0.13448533,0.3025092,0.013152406,0.12922528,-0.46604626,0.21187403,-0.39739955,-0.055691577,0.91595417,0.41291701,-3.0023594,2.3
45,15300,15.300000,24,1.6758545,0.96224962,1.5687475,0.61156208,-0.021256099,0.50724686,0.19341985,-0.33182287,0.30672024,-0.14927237,0.19082407,0.7914116,0.58073562,0.95116432,1.3341939,2.3
45,15300,15.300000,25,1.6758545,1.5538673,0.61189236,0.69692901,0.35012975,0.84111376,0.085132773,-0.0090078523,-0.37794043,-0.33002927,0.5632369,0.018094084,0.82609733,0.59864964,0.032114131,2.3
45,15300,15.300000,26,1.6758545,1.5757803,0.94309964,0.32987359,0.062232846,-0.094755346,-0.32524851,0.011077756,0.5039701,0.63462737,-0.43667438,0.33994626,0.83291778,0.58643689,2.4801064,2.3
45,15300,15.300000,27,1.6758545,1.3992671,1.3984884,0.35472991,-0.13134125,-0.073798073,0.12650006,-0.26789282,-0.14400112,0.29894038,-0.18237008,-0.97130757,-0.15265245,1.7240479,-1.7563928,2.3
45,15300,15.300000,28,1.6758545,1.0524647,1.139204,1.4181934,-0.11281111,0.027055342,0.24552753,-0.45579521,-0.46163608,0.21725325,0.18547771,-0.20418374,-0.96120082,2.8621192,-0.83336719,2.3
45,15300,15.300000,29,1.6758545,0.8350319,1.5187358,0.16321077,-0.13170421,0.17005208,0.20700987,-0.14313756,0.27877241,0.0309946,-0.46886857,-0.88321812,-0.0093821335,1.5801786,-2.0588291,2.3
45,15300,15.300000,30,1.6758545,0.052338489,0.53537164,0.0083374846,0.14076545,-0.52545648,0.25909184,0.11697224,-0.2374977,0.037148212,0.85197976,-0.28693442,-0.43794878,2.0241121,-0.32485427,2.3
45,15300,15.300000,31,1.6758545,1.487874,1.3784892,1.0252616,-0.014446416,-0.036043537,-0.055262172,-0.018688583,0.41922819,-0.39652274,0.81961449,-0.22045734,-0.52880114,2.1279838,-0.26275798,2.3
46,15350,15.350000,0,1.6758779,0.45006871,0.28144334,0.3435637,0.13564153,0.21000703,0.28926377,0.30421846,-0.054843416,0.51386483,0.50335874,-0.62282042,0.59893631,0.92862417,-0.89107994,2.3
46,15350,15.350000,1,1.6758779,1.3767961,0.20977079,0.51751453,-0.49553849,-0.48523256,-0.025580653,0.45276957,0.018969316,0.21126084,-0.024576836,0.98557891,0.16742218,1.402582,1.5957276,2.3
46,15350,15.350000,2,1.6758779,0.34025905,0.67776878,0.61517149,-0.16240736,0.40859101,0.030512073,-0.23879107,0.46991772,-0.038138333,0.9078852,-0.34430798,0.23915786,1.3292979,-0.36248427,2.3
46,15350,15.350000,3,1.6758779,0.57547957,0.87357906,0.0076088864,-0.053661794,0.18576803,-0.28379837,-0.12124479,0.45266073,-0.061331416,0.90354352,0.4063071,-0.13610159,1.7073216,0.4225893,2.3
46,15350,15.350000,4,1.6758779,0.40350605,1.5532774,1.0654095,0.064347711,-0.21514741,0.024086523,-0.39147164,-0.20066424,0.15264041,0.66663545,0.59802916,0.44492505,1.1097058,0.73120268,2.3
46,15350,15.350000,5,1.6758779,0.11918228,0.23220727,0.84682442,-0.0065750374,-0.2331383,-0.39713743,0.13465244,0.35832773,-0.13566566,-0.85447803,0.517991,-0.03940331,1.6102098,2.5966213,2.3
46,15350,15.350000,6,1.6758779,0.55796893,0.096534675,1.487844,-0.11245055,-0.23608478,-0.037888965,0.13808439,-0.19110559,-0.025918906,0.047436014,0.85093727,-0.523121,2.1213052,1.5151084,2.3
46,15350,15.350000,7,1.6758779,0.56539791,0.34386204,0.97778906,-0.052288547,-0.21442665,-0.041362052,-0.097807785,-0.073751816,0.30918989,0.031975233,-0.99873369,-0.03884074,1.6096468,-1.5387915,2.3
46,15350,15.350000,8,1.6758779,0.24194737,1.2167067,0.24134977,0.061130312,0.10203592,-0.022110116,-0.13918082,0.13596916,-0.23305467,-0.41490946,-0.88776376,-0.19931296,1.7714531,-2.0079966,2.3
46,15350,15.350000,9,1.6758779,0.099594332,1.0894806,0.71348829,-0.080469007,-0.41226095,0.11790136,0.19387755,-0.30678589,0.25992979,-0.61319811,-0.73600743,0.28684689,1.2798625,-2.2654212,2.3
46,15350,15.350000,10,1.6758779,1.1150035,1.039159,0.55818379,0.47441148,0.080834348,-0.18979431,0.74231254,0.06714602,-0.77769034,0.64891752,-0.7018718,-0.29373802,1.8689314,-0.82458057,2.3
46,15350,15.350000,11,1.6758779,0.43616301,1.4433383,0.61952762,-0.20163629,-0.049781831,0.19774245,0.40638626,-0.44739095,0.1452357,-0.61741158,-0.76683761,0.17539389,1.3944905,-2.2486635,2.3
46,15350,15.350000,12,1.6758779,0.023280765,0.9916754,1.4545939,-0.13764339,0.070455122,0.41641172,0.098026196,0.58656876,-0.18261156,-0.074779899,0.64783496,0.75810146,0.71039941,1.6857182,2.3
46,15350,15.350000,13,1.6758779,0.54783683,1.2775497,1.4183465,0.24885016,-0.11053887,0.075520341,0.70975072,-0.50249686,-0.15417465,-0.41210445,0.71192398,-0.5686248,2.1756294,2.0955268,2.3
46,15350,15.350000,14,1.6758779,0.36897529,0.70641571,1.2692607,-0.038491499,-0.20135235,-0.22979379,0.42589632,0.35727565,-0.34994486,0.50507485,0.80674471,0.30669588,1.2590767,1.0114313,2.3
46,15350,15.350000,15,1.6758779,1.1990329,1.6518058,1.5050549,0.43537244,0.12456891,0.29650024,0.36096463,0.35090182,0.33422429,-0.18482173,-0.5402344,0.82096755,0.6076928,-1.9004285,2.3
46,15350,15.350000,16,1.6758779,0.99247333,0.31041659,0.042002167,-0.046626223,-0.019973603,-0.13408252,-0.31090966,-0.40041452,-0.32889654,0.66368669,0.42622423,0.61469739,0.90879406,0.57087731,2.3
46,15350,15.350000,17,1.6758779,1.0231978,0.54849987,0.68704279,0.026454355,-0.066577446,0.039707692,-0.64728976,0.12290615,0.33538126,-0.57325597,-0.80878563,-0.13131413,1.7024908,-2.1873947,2.3
46,15350,15.350000,18,1.6758779,0.10527642,0.082671254,0.052853017,0.33572256,-0.19665531,-0.44041114,0.41381033,0.26282996,0.049778206,0.82296808,-0.4023123,0.40108396,1.1580965,-0.45469216,2.3
46,15350,15.350000,19,1.6758779,1.0495155,0.78150352,0.16558142,-0.28520812,-0.042429884,0.026770096,-0.46332398,-0.13618626,-0.30436669,0.33378928,-0.48597266,0.80772229,0.63051789,-0.96895194,2.3
46,15350,15.350000,20,1.6758779,1.0668114,1.5536495,1.0850842,-0.060412304,-0.32233407,0.15902998,-0.08189695,-0.034192434,0.44627809,0.50120512,0.82597012,-0.25800541,1.8317535,1.0253861,2.3
46,15350,15.350000,21,1.6758779,0.71980511,1.0522059,0.976359,-0.18382269,0.31206739,-0.55583959,-0.16262967,-0.51026133,0.51346068,0.70063606,-0.65296594,-0.28765361,1.8625723,-0.75019548,2.3
46,15350,15.350000,22,1.6758779,1.5845697,0.43275212,1.2348918,0.18482205,0.2035623,-0.067951904,-0.52909331,-0.17070052,-0.64614696,0.61441147,0.14264434,0.77598398,0.68252272,0.22812287,2.3
46,15350,15.350000,23,1.6758779,1.3253131,0.93324187,0.97809764,-0.12623009,0.27369403,0.022658677,0.3256978,-0.63179464,0.1896791,-0.27646614,0.24378832,0.92958794,0.37750298,2.4189233,2.3
46,15350,15.350000,24,1.6758779,0.94867375,1.5806446,0.60087692,-0.034845299,0.51912199,0.18272623,-0.18336809,0.084705056,-0.24988897,0.12286296,0.43660686,0.8912234,0.47076097,1.2964861,2.3
46,15350,15.350000,25,1.6758779,1.5511864,0.59872522,0.68262209,0.34742719,0.82793818,0.070816233,-0.12234492,-0.075919363,-0.21789723,0.11515907,0.39657591,0.9107502,0.42569923,1.2881853,2.3
46,15350,15.350000,26,1.6758779,1.5688757,0.95410956,0.3583926,0.055306322,-0.083758657,-0.2967343,-0.37072386,0.092471383,0.54438288,-0.59892982,0.24401325,0.76271922,0.703289,2.7547101,2.3
46,15350,15.350000,27,1.6758779,1.388031,1.3947866,0.36326525,-0.14259683,-0.077519263,0.1350304,-0.22710808,-0.020194134,0.059832205,-0.43185284,-0.89464212,-0.11453647,1.6855847,-2.0205166,2.3
46,15350,15.350000,28,1.6758779,1.0183477,1.1233961,1.4264238,-0.14694254,0.011231688,0.25373805,-0.66505325,-0.24764533,0.09387743,0.46374263,0.53908477,-0.70308633,2.3505248,0.86038701,2.3
46,15350,15.350000,29,1.6758779,0.82262648,1.5351008,0.16411348,-0.14412119,0.18639584,0.2079103,-0.29230127,0.27027523,-0.032544386,-0.52420938,-0.84644174,0.093492796,1.4771668,-2.1252931,2.3
46,15350,15.350000,30,1.6758779,0.063406174,0.53018787,0.010569365,0.15183233,-0.53064768,0.26132359,0.26191689,0.086382021,0.067652337,0.90092556,-0.35150524,-0.25451367,1.8281411,-0.37199507,2.3
46,15350,15.350000,31,1.6758779,1.4938437,1.3966108,1.0010433,-0.0084975763,-0.017941319,-0.079494551,0.24000805,0.31642003,-0.56750227,0.72849305,-0.39406215,-0.56036853,2.165627,-0.49585133,2.3
47,15400,15.400000,0,1.6827227,0.46611168,0.28056538,0.36796725,0.14981739,0.2079837,0.31221732,0.23655857,0.01638069,0.36673912,0.20320028,-0.84933997,0.48716657,1.061954,-1.3359654,2.3
47,15400,15.400000,1,1.6827227,1.3934187,0.20476304,0.52486212,-0.48456149,-0.49108514,-0.02035739,0.055657014,-0.32455735,0.037425925,0.083673355,0.9086024,0.40919488,1.1492248,1.4789652,2.3
47,15400,15.400000,2,1.6827227,0.32523009,0.70341336,0.61248053,-0.17879265,0.43142085,0.025319152,-0.31669468,0.42245404,-0.17331037,0.91945578,-0.39178351,-0.033267945,1.6040704,-0.40280512,2.3
47,15400,15.400000,3,1.6827227,0.57491561,0.89468661,0.0048693658,-0.056570257,0.20327195,-0.28656333,-0.03366669,0.29096579,-0.051971863,0.9637389,0.18184111,-0.19529756,1.7673572,0.18649049,2.3
47,15400,15.400000,4,1.6827227,0.38372889,1.5414094,1.07768,0.042966093,-0.23332239,0.031989541,-0.35792904,-0.42475936,0.1895548,0.68068976,0.5600501,0.4722344,1.0789724,0.68847082,2.3
47,15400,15.400000,5,1.6827227,0.12501298,0.2473471,0.84532797,-0.0012419834,-0.21897574,-0.40208248,0.13992531,0.25072104,-0.087670922,-0.92694654,0.3507992,0.13307906,1.4373213,2.7798043,2.3
47,15400,15.400000,6,1.6827227,0.56596341,0.090040872,1.4949511,-0.10674661,-0.24295885,-0.036860738,0.11421119,-0.037401663,0.096183966,-0.078438318,0.99026998,-0.11494691,1.6859979,1.6498403,2.3
47,15400,15.400000,7,1.6827227,0.56326071,0.34261392,0.99250787,-0.056725952,-0.21707382,-0.030658634,-0.029803025,-0.041122735,0.16233908,0.31402164,-0.94009315,0.13272255,1.437681,-1.2484167,2.3
47,15400,15.400000,8,1.6827227,0.23540246,1.2281463,0.22594522,0.05361254,0.10849299,-0.038467074,-0.066269764,0.14093724,-0.40323936,-0.3961238,-0.6901301,-0.60564543,2.2213731,-2.0918669,2.3
47,15400,15.400000,9,1.6827227,0.10440579,1.0809005,0.73877629,-0.076073278,-0.42526422,0.14022976,0.014696138,-0.18223777,0.44857578,-0.14537678,-0.98446369,0.098472508,1.472164,-1.7174078,2.3
47,15400,15.400000,10,1.6827227,1.1523518,1.0526915,0.5310254,0.50713907,0.090103712,-0.21917262,0.41720707,0.13528353,-0.38947601,-0.21904582,-0.96567698,-0.13959548,1.7108492,-1.7938532,2.3
47,15400,15.400000,11,1.6827227,0.46407595,1.4271831,0.62814,-0.17555792,-0.071787144,0.20381212,0.50289566,-0.43225042,0.13054371,-0.44614666,-0.86594867,-0.22602226,1.7987887,-2.0465389,2.3
47,15400,15.400000,12,1.6827227,0.024345326,1.0292016,1.4569111,-0.13667588,0.10386298,0.41279528,0.030691833,0.62042388,-0.054908959,-0.39162007,0.91106003,-0.128854,1.7000096,1.9767686,2.3
47,15400,15.400000,13,1.6827227,0.58430672,1.2563477,1.4136732,0.2830129,-0.13690503,0.065075399,0.60304991,-0.4963288,-0.21191481,-0.0011141277,0.94708878,-0.32096977,1.8975496,1.5719727,2.3
47,15400,15.400000,14,1.6827227,0.39141651,0.72868828,1.2618644,-0.017599861,-0.18200443,-0.24234854,0.43552484,0.43744437,-0.34401836,0.73686828,0.64486417,0.20291707,1.3664603,0.71891025,2.3
47,15400,15.400000,15,1.6827227,1.2259052,1.6722314,1.528939,0.45730288,0.1382203,0.31420117,0.47471091,0.19538554,0.3655227,-0.082716366,-0.73803248,0.66967609,0.83702378,-1.6824074,2.3
47,15400,15.400000,16,1.6827227,0.98331778,0.29577558,0.027260907,-0.059808461,-0.035850085,-0.14896499,-0.33033317,-0.26959093,-0.29832927,0.73841881,0.084487127,0.66902884,0.83789497,0.11392088,2.3
47,15400,15.400000,17,1.6827227,0.99738688,0.55798456,0.70287319,-0.0034746191,-0.059347726,0.052705517,-0.55703531,0.15065862,0.16592901,-0.9662847,-0.25609673,-0.026614706,1.5974142,-2.8825167,2.3
47,15400,15.400000,18,1.6827227,0.12458989,0.090601668,0.057004078,0.35456764,-0.18907799,-0.43648395,0.3859698,0.012469935,0.030043265,0.70936816,-0.30036665,0.63763367,0.87937378,-0.40053877,2.3
47,15400,15.400000,19,1.6827227,1.0343016,0.77092948,0.15317038,-0.30466889,-0.056167819,0.013709387,-0.35907808,-0.38273097,-0.0010296607,0.23575552,-0.36731991,0.89971963,0.45166959,-1.0001887,2.3
47,15400,15.400000,20,1.6827227,1.066541,1.5549123,1.113235,-0.065030413,-0.32740657,0.18270067,-0.07251813,-0.097723192,0.48344626,0.5841419,0.81110569,0.029762443,1.5410295,0.9466549,2.3
47,15400,15.400000,21,1.6827227,0.71724328,1.0283847,1.0097008,-0.18931323,0.28400587,-0.52654521,-0.052201515,-0.60774062,0.58682036,0.82931404,-0.43629759,-0.34911694,1.9274249,-0.48430466,2.3
47,15400,15.400000,22,1.6827227,1.5629324,0.43303916,1.2080617,0.15677005,0.20208486,-0.099760864,-0.59293454,0.090245122,-0.62642377,0.25097142,0.22958163,0.94037526,0.34706445,0.74091676,2.3
47,15400,15.400000,23,1.6827227,1.3418978,0.90579411,0.99162649,-0.11508101,0.24249821,0.032173292,0.095358825,-0.59001869,0.23009385,-0.16891854,0.47273398,0.86486364,0.52591765,1.9139797,2.3
47,15400,15.400000,24,1.6827227,0.94382354,1.5929442,0.59461337,-0.043552431,0.52495394,0.17402626,-0.095248064,0.16806806,-0.05591828,0.041559772,-0.058020526,0.99744995,0.071430161,-0.94921809,2.3
47,15400,15.400000,25,1.6827227,1.55822,0.60405072,0.67786713,0.34812394,0.83081245,0.063288576,0.12455467,0.084297415,-0.073427007,-0.49051438,0.49484564,0.71730289,0.77087268,2.3517989,2.3
47,15400,15.400000,26,1.6827227,1.5518824,0.95630386,0.3764704,0.031952879,-0.08545777,-0.28015407,-0.41446114,-0.038821441,0.18875517,-0.64582834,0.09105776,0.75803314,0.71050417,3.0015222,2.3
47,15400,15.400000,27,1.6827227,1.3861907,1.40672,0.36316642,-0.15009095,-0.071295297,0.1334511,-0.059612797,0.18959195,-0.099865453,-0.75594397,-0.6521038,-0.057527008,1.6283551,-2.4298088,2.3
47,15400,15.400000,28,1.6827227,0.98596248,1.1164918,1.437557,-0.18341268,-0.00023753542,0.25903455,-0.77394197,-0.15751812,0.10628427,0.31053897,0.94884099,0.057151737,1.5136134,1.2545015,2.3
47,15400,15.400000,29,1.6827227,0.80900873,1.5529391,0.16254742,-0.16106426,0.19794082,0.2056785,-0.37842412,0.17778375,-0.15016481,-0.57139483,-0.72745446,0.37989205,1.1811167,-2.2366155,2.3
47,15400,15.400000,30,1.6827227,0.082007065,0.5450022,0.0081234074,0.17013695,-0.51802452,0.25883952,0.42945076,0.50152859,-0.090414109,0.93799917,-0.34071455,0.063805522,1.5069474,-0.34841686,2.3
47,15400,15.400000,31,1.6827227,1.5196477,1.4169109,0.97692071,0.011165048,-0.003375004,-0.10764833,0.50446638,0.19572447,-0.47833529,0.52144527,-0.6169494,-0.58946439,2.201192,-0.86909586,2.3
48,15450,15.450000,0,1.6792109,0.4743675,0.2799574,0.38891985,0.15905563,0.20796123,0.33396058,0.092976343,0.0079922244,0.5166044,-0.11905151,-0.95138297,0.28407251,1.2827574,-1.6952844,2.3
48,15450,15.450000,1,1.6792109,1.3840323,0.1817456,0.52893321,-0.49104663,-0.51369887,-0.015185518,-0.20238789,-0.49851041,0.039699388,0.093522927,0.73034758,0.67664309,0.82760239,1.4434368,2.3
48,15450,15.450000,2,1.6792109,0.32176027,0.7139717,0.59470357,-0.18158664,0.44345978,0.0088031836,0.089628016,0.036352175,-0.3897098,0.9027755,-0.30025856,-0.30796298,1.8838475,-0.32108585,2.3
48,15450,15.450000,3,1.6792109,0.5737499,0.90476195,0.0022591061,-0.056536098,0.21522697,-0.28916614,-0.027335506,0.14665273,0.025804322,0.97962897,-0.18004693,-0.088939197,1.6598532,-0.18176246,2.3
48,15450,15.450000,4,1.6792109,0.36769505,1.5220477,1.0776196,0.027717159,-0.24948405,0.034180439,-0.31024772,-0.29443635,0.0018718241,0.65657881,0.67484926,0.33687198,1.2272036,0.79911975,2.3
48,15450,15.450000,5,1.6792109,0.1345901,0.25895594,0.84093283,0.0086063253,-0.20683801,-0.40471619,0.26709053,0.2236752,-0.11157493,-0.90488391,0.11923193,0.40861824,1.1498567,3.0105825,2.3
48,15450,15.450000,6,1.6792109,0.56744076,0.089791515,1.4906821,-0.10408531,-0.24302036,-0.038011041,-0.081062745,0.028543977,-0.077502542,-0.13224814,0.91256689,0.38695232,1.1734722,1.7147133,2.3
48,15450,15.450000,7,1.6792109,0.56285633,0.3319529,1.0023339,-0.055954013,-0.2270302,-0.01874882,0.09080761,-0.20099563,0.36910799,0.41216493,-0.87931313,0.23859692,1.3298755,-1.132472,2.3
48,15450,15.450000,8,1.6792109,0.22960322,1.2318578,0.20411396,0.048299028,0.11477413,-0.05984913,-0.16213949,0.17466212,-0.37377849,-0.16385537,-0.35821557,-0.91914799,2.7367084,-1.9998045,2.3
48,15450,15.450000,9,1.6792109,0.10974638,1.0776247,0.76130204,-0.070508982,-0.42628532,0.16432249,0.12516001,0.11232867,0.63440708,0.35394412,-0.93517257,0.013260229,1.5575357,-1.2089782,2.3
48,15450,15.450000,10,1.6792109,1.1472127,1.0488396,0.53027917,0.504402,0.088446967,-0.21881023,-0.50033178,0.0097709596,0.28398889,-0.84973441,-0.52444682,-0.053916182,1.6247387,-2.5886299,2.3
48,15450,15.450000,11,1.6792109,0.48893492,1.4055274,0.63244982,-0.14970342,-0.09048388,0.20943873,0.52876185,-0.29891675,-0.036157898,-0.29373035,-0.80421205,-0.51668701,2.1137732,-1.9209829,2.3
48,15450,15.450000,12,1.6792109,0.023558498,1.0577951,1.4568186,-0.13741267,0.13463654,0.41574637,0.028655532,0.54291959,0.0021996921,-0.3672575,0.44212352,-0.81832067,2.5292795,2.2639591,2.3
48,15450,15.450000,13,1.6792109,0.60104917,1.2402342,1.3959818,0.30099357,-0.15041059,0.050318839,-0.057952108,0.0096714829,-0.39313027,0.3994564,0.90249752,0.16103664,1.4090554,1.1541031,2.3
48,15450,15.450000,14,1.6792109,0.40997906,0.74805518,1.2480088,0.0017998336,-0.16109492,-0.25358241,0.23766353,0.40696493,-0.13157919,0.89586104,0.44006235,0.061466377,1.5092912,0.45659671,2.3
48,15450,15.450000,15,1.6792109,1.247666,1.6685761,1.5429573,0.48164757,0.13805474,0.33142829,0.53465623,-0.2450796,0.3982071,-0.018920063,-0.82086224,0.57081277,0.96330093,-1.5938413,2.3
48,15450,15.450000,16,1.6792109,0.96019295,0.29064323,0.01007069,-0.080903167,-0.040369883,-0.16611623,-0.43025431,0.017114715,-0.3361715,0.75957306,-0.36162184,0.54062779,0.99961314,-0.44433376,2.3
48,15450,15.450000,17,1.6792109,0.97021633,0.56640256,0.71175605,-0.02858987,-0.049755202,0.063066076,-0.37526051,0.22025232,0.15579766,-0.85591947,0.40433346,0.32236053,1.2425743,2.7002706,2.3
48,15450,15.450000,18,1.6792109,0.14599324,0.089743032,0.059798506,0.37625366,-0.18974825,-0.4335675,0.48976841,0.014636994,0.084726308,0.45343831,-0.14809922,0.87889722,0.49725093,-0.31569086,2.3
48,15450,15.450000,19,1.6792109,1.0198886,0.75007092,0.15062926,-0.31693609,-0.075437594,0.011485614,-0.1697546,-0.48842883,-0.0097595712,0.11070597,-0.36178987,0.92566316,0.3880117,-1.2738485,2.3
48,15450,15.450000,20,1.6792109,1.0611056,1.5441,1.1328474,-0.068243329,-0.3349817,0.20465931,-0.0092160127,-0.19899304,0.33414544,0.45564664,0.8352245,0.30787362,1.257839,1.0713854,2.3
48,15450,15.450000,21,1.6792109,0.71457496,1.0024519,1.0345531,-0.1904859,0.26019445,-0.4995575,0.071195651,-0.30538814,0.43125586,0.95520496,-0.13327929,-0.26423497,1.8382069,-0.13863448,2.3
48,15450,15.450000,22,1.6792109,1.5212242,0.43927726,1.1778414,0.11828346,0.20923417,-0.12748897,-0.90233157,0.2102925,-0.33076813,-0.033946423,0.17818994,0.98341039,0.18240443,1.7590475,2.3
48,15450,15.450000,23,1.6792109,1.3412023,0.88002873,1.0035337,-0.11297381,0.21859824,0.046164579,0.030514575,-0.39923702,0.34255861,-0.16631467,0.51777597,0.83919454,0.57499588,1.8815962,2.3
48,15450,15.450000,24,1.6792109,0.93992299,1.6040555,0.59277014,-0.045485249,0.53940475,0.17342334,0.01306803,0.40284817,-0.052089504,-0.16247038,-0.6587681,0.73459374,0.74572859,-1.8125984,2.3
48,15450,15.450000,25,1.6792109,1.5603134,0.60525989,0.6716768,0.35347488,0.83328485,0.058507955,-0.043685915,-0.016185725,-0.15039094,-0.89070888,0.27660652,0.36073055,1.2017453,2.8404885,2.3
48,15450,15.450000,26,1.6792109,1.5478342,0.94700011,0.37917862,0.031142612,-0.092773366,-0.27665651,0.35137927,-0.26047195,-0.090335882,-0.53131578,-0.12246562,0.83827544,0.57668373,-2.9150542,2.3
48,15450,15.450000,27,1.6792109,1.3896111,1.4144621,0.34928739,-0.14377102,-0.060606296,0.12031627,0.16149957,0.20375789,-0.29819282,-0.99773604,0.040661958,0.053566686,1.517204,3.100861,2.3
48,15450,15.450000,28,1.6792109,0.96086265,1.1016489,1.4384177,-0.20647891,-0.012763489,0.26289944,-0.014070106,-0.34094195,0.12804274,-0.22249781,0.535829,0.81448266,0.61895937,1.9643715,2.3
48,15450,15.450000,29,1.6792109,0.7865944,1.5561184,0.15648205,-0.18181188,0.20436777,0.19994638,-0.42712026,0.039740092,-0.11644182,-0.67384399,-0.47802928,0.56340241,0.97229805,-2.5245815,2.3
48,15450,15.450000,30,1.6792109,0.097861634,0.56870671,1.6757048,0.18617942,-0.49315663,0.24721491,0.32559472,0.3856118,-0.26491825,0.88722956,-0.20360723,0.41396594,1.1439898,-0.22558065,2.3
48,15450,15.450000,31,1.6792109,1.5301295,1.4272489,0.95279933,0.024832619,0.0099339429,-0.12975398,0.16760062,0.44730364,-0.38609585,0.30348369,-0.78639257,-0.53803753,2.1389035,-1.2024875,2.3
49,15500,15.500000,0,1.6729155,0.47769241,0.27897837,0.41084874,0.16416855,0.20803189,0.35739153,0.14963919,-0.061752556,0.44895694,-0.4130375,-0.90687158,0.083570092,1.4871287,-1.9981758,2.3
49,15500,15.500000,1,1.6729155,1.3750105,0.15811253,0.52289339,-0.49488688,-0.53669376,-0.01925,0.0087189916,-0.37594117,-0.10015391,0.15057067,0.45661269,0.87683141,0.50156453,1.252269,2.3
49,15500,15.500000,2,1.6729155,0.34241063,0.70709016,0.56457057,-0.15968887,0.43924701,-0.019152776,0.57791066,-0.051811542,-0.57148064,0.93453558,-0.10877325,-0.33883866,1.9164786,-0.11587147,2.3
49,15500,15.500000,3,1.6729155,0.56454806,0.90559398,0.0031193824,-0.063600216,0.2194589,-0.28829576,-0.24270493,0.090939423,0.036746481,0.84466109,-0.52448481,0.10706689,1.4635238,-0.55567525,2.3
49,15500,15.500000,4,1.6729155,0.34867651,1.5023098,1.0762953,0.010043909,-0.26354222,0.036901324,-0.32815869,-0.33797637,0.11498254,0.68626297,0.72683337,0.027502659,1.5432902,0.81410057,2.3
49,15500,15.500000,5,1.6729155,0.14682803,0.26172947,0.82558025,0.021372812,-0.20308661,-0.41693907,0.24379862,-0.10897234,-0.23863329,-0.73672917,-0.315779,0.59792455,0.92988702,-2.7366574,2.3
49,15500,15.500000,6,1.6729155,0.56273885,0.093319989,1.4782215,-0.10666474,-0.23914799,-0.044896001,-0.12099081,0.057301271,-0.26666636,-0.093642457,0.61789821,0.78066183,0.6750722,1.7212018,2.3
49,15500,15.500000,7,1.6729155,0.56853586,0.32595581,1.0150024,-0.04814968,-0.23179175,-0.0022916498,0.26128425,0.015635488,0.30171679,0.3146573,-0.91136805,0.26532821,1.302252,-1.2383521,2.3
49,15500,15.500000,8,1.6729155,0.22163716,1.2363349,0.18815593,0.041180388,0.12388662,-0.075070523,-0.026098931,0.26640274,-0.34209689,-0.068710991,-0.048808638,-0.99644193,3.0572104,-2.5239562,2.3
49,15500,15.500000,9,1.6729155,0.11539143,1.0746079,0.79245197,-0.064441101,-0.42526014,0.19839052,0.15291292,-0.052168943,0.68620949,0.75397646,-0.61318509,0.23563434,1.3329251,-0.68277912,2.3
49,15500,15.500000,10,1.6729155,1.114141,1.0453348,0.55109175,0.47557705,0.088875115,-0.19596674,-0.64066465,-0.10931397,0.53652059,-0.99439925,-0.096056704,0.044082297,1.5266997,-3.0452937,2.3
49,15500,15.500000,11,1.6729155,0.5055967,1.3813769,0.6261835,-0.13117383,-0.1094006,0.20553614,0.26171838,-0.4362186,-0.15747314,-0.24764306,-0.74311455,-0.62165398,2.2416488,-1.892472,2.3
49,15500,15.500000,12,1.6729155,0.027231566,1.0750348,1.4428041,-0.1336442,0.15588182,0.40717744,0.21501619,0.30574031,-0.30388196,-0.16279378,-0.30639834,-0.93787965,2.7872641,-2.0591803,2.3
49,15500,15.500000,13,1.6729155,0.57644875,1.2509482,1.3735108,0.27860444,-0.13501812,0.033048968,-0.58577577,0.46143981,-0.2741312,0.63204415,0.61958494,0.46544032,1.0866643,0.77544409,2.3
49,15500,15.500000,14,1.6729155,0.40906281,0.75604072,1.2461764,0.0024217662,-0.15028462,-0.25073066,-0.068865216,0.19679448,0.35595272,0.98207943,0.027674428,0.18642456,1.3832747,0.028171964,2.3
49,15500,15.500000,15,1.6729155,1.2771663,1.6453397,1.5594559,0.51588962,0.12104181,0.3537534,0.72166483,-0.3734181,0.5376636,0.036936052,-0.90066012,0.43295159,1.1230317,-1.5298093,2.3
49,15500,15.500000,16,1.6729155,0.93184751,0.29561349,1.664309,-0.1056954,-0.034298594,-0.1847907,-0.59184984,0.10551306,-0.37573844,0.72674354,-0.57711799,0.37253006,1.1890625,-0.67114225,2.3
49,15500,15.500000,17,1.6729155,0.94861026,0.57440992,0.7219977,-0.046592406,-0.03960534,0.076000389,-0.38824333,0.14279867,0.33366499,-0.38066824,0.78174524,0.49392922,1.0541934,2.0239468,2.3
49,15500,15.500000,18,1.6729155,0.17299621,0.092100888,0.06353867,0.40385579,-0.18704887,-0.4295957,0.52764607,0.16790256,0.041863265,0.012563817,-0.0094541476,0.99987638,0.01572421,-0.64509286,2.3
49,15500,15.500000,19,1.6729155,1.0049009,0.72235878,0.14978107,-0.32812131,-0.10038457,0.011201593,-0.2653344,-0.38328638,0.0031287649,0.0028493527,-0.47041068,0.88244302,0.48976588,-1.5647392,2.3
49,15500,15.500000,20,1.6729155,1.0557643,1.5244366,1.1445766,-0.069609105,-0.34888234,0.22066563,-0.066842515,-0.36496858,0.36672919,0.28760305,0.83297857,0.47268508,1.0784611,1.2383409,2.3
49,15500,15.500000,21,1.6729155,0.7264783,0.98228571,1.0375296,-0.17587618,0.24375556,-0.49268959,0.44891832,-0.26189914,-0.1897203,0.9922792,-0.081673708,0.093334811,1.4773255,-0.082124076,2.3
49,15500,15.500000,22,1.6729155,1.4720367,0.44969143,1.1632028,0.074717242,0.22131789,-0.13773107,-0.85000495,0.27675477,-0.1837226,-0.15523345,0.20951268,0.9654051,0.26380381,2.2084649,2.3
49,15500,15.500000,23,1.6729155,1.3429706,0.86936297,1.0178545,-0.10616461,0.21121785,0.064281707,0.13259849,0.037415992,0.31986804,-0.040551596,0.45718171,0.88844834,0.47684299,1.6592639,2.3
49,15500,15.500000,24,1.6729155,0.93585684,1.6185277,0.58963287,-0.046028651,0.55992909,0.17250664,0.05676514,0.46244854,0.029904573,-0.29538472,-0.93762982,0.18329808,1.386456,-1.8759875,2.3
49,15500,15.500000,25,1.6729155,1.5431295,0.59180763,0.66136498,0.34211921,0.82208066,0.050699579,-0.45592435,-0.36597173,-0.070826582,-0.98582057,0.063247677,0.15542692,1.4147367,3.0775231,2.3
49,15500,15.500000,26,1.6729155,1.5667224,0.93154918,0.36856275,0.055880095,-0.10469639,-0.28586814,0.6106533,-0.16345813,-0.24602696,-0.17705832,-0.38962343,0.90379419,0.44224257,-1.9973318,2.3
49,15500,15.500000,27,1.6729155,1.3933461,1.4228978,0.3367207,-0.13480953,-0.046841868,0.10903788,0.15293074,0.063832091,-0.18909729,-0.61348073,0.77120089,0.16997227,1.3999948,2.2427797,2.3
49,15500,15.500000,28,1.6729155,0.97419332,1.0756013,1.4369218,-0.18951412,-0.034722224,0.26680347,0.47856816,-0.41120118,-0.008541793,-0.27448134,-0.56815402,0.77579701,0.68281908,-2.0208415,2.3
49,15500,15.500000,29,1.6729155,0.7586665,1.5523738,0.15317076,-0.20683784,0.206461,0.19721662,-0.52592541,0.10551693,-0.047397412,-0.73516916,0.017742466,0.67765146,0.82623203,3.1174635,2.3
49,15500,15.500000,30,1.6729155,0.11186757,0.587237,1.6556745,0.20057928,-0.47245538,0.23344095,0.26202614,0.30119255,-0.27523014,0.65360747,-0.0024288683,0.75682982,0.71234717,-0.0037160793,2.3
49,15500,15.500000,31,1.6729155,1.5251072,1.4534292,0.93276397,0.025548092,0.041524267,-0.14624828,-0.15016405,0.72386792,-0.33083419,-0.063939538,-0.82904357,-0.55551642,2.1597802,-1.6477684,2.3
50,15550,15.550000,0,1.6655089,0.49041656,0.27016362,0.4334146,0.17904062,0.20043543,0.38183059,0.32169122,-0.11657326,0.55625578,-0.54787283,-0.81604627,0.18412997,1.3856097,-2.1620513,2.3
50,15550,15.550000,1,1.6655089,1.367646,0.15366956,0.52481914,-0.49616663,-0.54044503,-0.014999775,-0.035620626,0.20188428,0.22048872,0.1568423,-0.15731472,0.97501414,0.22401164,-0.78690191,2.3
50,15550,15.550000,2,1.6655089,0.37727076,0.70628203,0.53173833,-0.12323188,0.44157459,-0.049552903,0.81025604,0.095230122,-0.63835296,0.92923008,-0.098834437,-0.35603822,1.9348212,-0.10596326,2.3
50,15550,15.550000,3,1.6655089,0.55049086,0.91440318,0.01093651,-0.075183647,0.23230601,-0.28044741,-0.22314436,0.3716051,0.24437951,0.53946037,-0.70289688,0.46359301,1.0887503,-0.9162006,2.3
50,15550,15.550000,4,1.6655089,0.32819054,1.4827625,1.0728605,-0.0089404594,-0.27646693,0.038234607,-0.53927852,-0.23401675,-0.12755014,0.73849273,0.603424,-0.3008454,1.8763753,0.68508244,2.3
50,15550,15.550000,5,1.6655089,0.15808876,0.24678104,0.80715275,0.03331009,-0.21690694,-0.43174427,0.26896193,-0.44026664,-0.29363186,-0.36829323,-0.64234762,0.67212323,0.83372373,-2.0913935,2.3
50,15550,15.550000,6,1.6655089,0.55010126,0.093448483,1.460466,-0.11683343,-0.23860513,-0.056131775,-0.15330727,-0.13387845,-0.27432443,-0.24645252,0.2178225,0.94435931,0.33515508,2.4177826,2.3
50,15550,15.550000,7,1.6655089,0.58008302,0.32710183,1.0240504,-0.034054133,-0.22919684,0.011280204,0.35111335,-0.012381261,0.24273737,0.23882811,-0.94167836,0.23707171,1.3314458,-1.3224139,2.3
50,15550,15.550000,8,1.6655089,0.21986251,1.2501758,0.17160134,0.040385243,0.14324414,-0.090827027,-0.0082430065,0.48066367,-0.29596315,-0.13920592,0.21644533,-0.96631937,2.8813181,2.1423381,2.3
50,15550,15.550000,9,1.6655089,0.12094479,1.0700449,0.81998224,-0.058363376,-0.42506506,0.22949828,0.12088016,0.081467318,0.57981072,0.92290259,-0.16595798,0.34743167,1.2159656,-0.1779203,2.3
50,15550,15.550000,10,1.6655089,1.0790403,1.0326765,0.57893712,0.44534208,0.080827065,-0.16561414,-0.53345714,-0.22969988,0.69535122,-0.89250501,0.43104394,0.13280035,1.4376025,2.69167,2.3
50,15550,15.550000,11,1.6655089,0.51570749,1.3554185,0.6157222,-0.11879712,-0.12928723,0.19783008,0.30797844,-0.33688397,-0.18328147,-0.41292062,-0.66945686,-0.61751443,2.236375,-2.1234769,2.3
50,15550,15.550000,12,1.6655089,0.040397856,1.0880961,1.4169409,-0.12032781,0.17374232,0.3876587,0.26105351,0.31825417,-0.4042992,0.38439904,-0.89861202,-0.2115037,1.7839095,-1.166582,2.3
50,15550,15.550000,13,1.6655089,0.54336274,1.2686884,1.3561353,0.24800269,-0.1116877,0.021729382,-0.48670031,0.26225481,-0.17515948,0.73526288,0.34509012,0.5833535,0.94794492,0.43882221,2.3
50,15550,15.550000,14,1.6655089,0.39701671,0.76032033,1.2595342,-0.0078360181,-0.14264079,-0.23181368,-0.27880658,0.11520017,0.37533877,0.85414238,-0.4634008,0.23600954,1.332539,-0.49709265,2.3
50,15550,15.550000,15,1.6655089,1.30093,1.6133065,1.5749046,0.54537324,0.09623811,0.37615609,0.47762659,-0.53806658,0.38928587,0.2613206,-0.94633461,0.19016399,1.3794671,-1.3013708,2.3
50,15550,15.550000,16,1.6655089,0.89201553,0.29677202,1.6364988,-0.14148114,-0.03182579,-0.20527786,-0.69827939,0.047031478,-0.38741451,0.66658617,-0.74256125,0.065312077,1.5054377,-0.83926164,2.3
50,15550,15.550000,17,1.6655089,0.92654684,0.57917402,0.7280921,-0.064495702,-0.032281867,0.085312006,-0.31467214,0.11995451,0.094310036,0.15729947,0.75636339,0.63495772,0.88284254,1.365751,2.3
50,15550,15.550000,18,1.6655089,0.19285991,0.10207797,0.070720807,0.42453129,-0.17664094,-0.42211566,0.2354391,0.17678463,0.24914176,-0.4744889,0.19687318,0.85796342,0.53950432,2.7482939,2.3
50,15550,15.550000,19,1.6655089,0.98919252,0.70002508,0.158232,-0.33940562,-0.11956266,0.020335931,-0.30917702,-0.30780003,0.28463063,-0.12348355,-0.62124586,0.77382517,0.68593814,-1.7670066,2.3
50,15550,15.550000,20,1.6655089,1.0469768,1.4982166,1.1562962,-0.073731493,-0.36839637,0.23749003,-0.067839689,-0.40383778,0.27252269,0.19202331,0.86759813,0.45869437,1.094271,1.3529802,2.3
50,15550,15.550000,21,1.6655089,0.74932587,0.95859975,1.0165147,-0.14975427,0.22437554,-0.50914741,0.5940894,-0.4221636,-0.40536773,0.79899281,-0.1812299,0.57338139,0.96016917,-0.22304887,2.3
50,15550,15.550000,22,1.6655089,1.4241688,0.46257251,1.150999,0.033274642,0.23622299,-0.14480063,-0.7393586,0.24278115,-0.10479457,-0.20709911,0.38212767,0.90060446,0.44963808,2.0674483,2.3
50,15550,15.550000,23,1.6655089,1.3433723,0.87489117,1.0313112,-0.099802894,0.22061588,0.082284756,0.078469145,0.41478198,0.31623785,0.16677103,0.45093016,0.87684059,0.50154544,1.2165591,2.3
50,15550,15.550000,24,1.6655089,0.93893714,1.6335408,0.58916293,-0.038788911,0.58215737,0.17465199,0.21237691,0.41643304,0.12325849,-0.22045284,-0.90897526,-0.35378599,1.9324121,-1.8087312,2.3
50,15550,15.550000,25,1.6655089,1.5136818,0.566364,0.65898718,0.31945325,0.79920644,0.051251115,-0.54071437,-0.43407602,0.086417461,-0.98217023,-0.14996004,0.11337387,1.4571782,-2.9900804,2.3
50,15550,15.550000,26,1.6655089,1.5927237,0.92149461,0.35464267,0.088891016,-0.11063983,-0.29818378,0.67081224,-0.21259806,-0.29515155,0.1278754,-0.34231689,0.93084211,0.37408572,-1.21329,2.3
50,15550,15.550000,27,1.6655089,1.3949032,1.4072145,0.32417186,-0.12706643,-0.056246355,0.09795524,0.18454109,-0.24613291,-0.26511342,0.011709016,0.98461601,0.17433936,1.3955615,1.5589049,2.3
50,15550,15.550000,28,1.6655089,0.99801256,1.0509408,1.430019,-0.16131921,-0.054664913,0.26626132,0.47444867,-0.37225463,-0.056940959,0.031967115,-0.96738435,-0.25128793,1.824807,-1.5377635,2.3
50,15550,15.550000,29,1.6655089,0.73176184,1.5460884,0.14890954,-0.23043595,0.20704983,0.19362557,-0.40988561,-0.090988714,-0.029125459,-0.64991696,0.62417373,0.43360708,1.1223044,2.3763969,2.3
50,15550,15.550000,30,1.6655089,0.12670931,0.60198278,1.6325758,0.21595041,-0.45507112,0.21763744,0.22883599,0.39374891,-0.30553952,0.20921912,0.3666073,0.90654644,0.43576727,1.0522072,2.3
50,15550,15.550000,31,1.6655089,1.5057167,1.4822168,0.9092027,0.012881704,0.07682514,-0.16572306,-0.39146877,0.6992402,-0.39117085,-0.469403,-0.69521415,-0.54436946,2.1464336,-2.1646778,2.3
51,15600,15.600000,0,1.6614423,0.50959914,0.25709787,0.45615112,0.19944556,0.18801414,0.40565448,0.41450589,-0.3612151,0.40578333,-0.62145579,-0.62537587,0.4719086,1.079342,-2.3530505,2.3
51,15600,15.600000,1,1.6614423,1.3607263,0.16129065,0.53478591,-0.49975134,-0.53243895,-0.0037378257,-0.054028438,0.014681986,0.18144198,0.10237739,-0.75802757,0.64413746,0.87090122,-1.436551,2.3
51,15600,15.600000,2,1.6614423,0.42155265,0.71603708,0.49922363,-0.077973514,0.45306817,-0.080807497,0.95695024,0.30488902,-0.67997297,0.90775338,-0.11198971,-0.40427975,1.9869875,-0.12274994,2.3
51,15600,15.600000,3,1.6614423,0.53685602,0.92890096,0.028409169,-0.087489435,0.2490569,-0.26292664,-0.32097492,0.34889895,0.43131006,0.12915814,-0.55409172,0.82237494,0.60522353,-1.3417868,2.3
51,15600,15.600000,4,1.6614423,0.29692647,1.4770464,1.0570847,-0.039440485,-0.2785652,0.025062196,-0.70674979,0.17037586,-0.26042161,0.8892688,0.21234065,-0.40510796,1.9878932,0.23439221,2.3
51,15600,15.600000,5,1.6614423,0.17194062,0.22253211,0.79542462,0.047565367,-0.24058226,-0.44151356,0.15072428,-0.54259328,-0.12307671,0.0015287089,-0.67412678,0.73861408,0.73978417,-1.5685286,2.3
51,15600,15.600000,6,1.6614423,0.55302651,0.086283861,1.4263367,-0.11255982,-0.24555007,-0.08673258,0.21949067,-0.16278323,-0.86593858,-0.4280397,-0.19852858,0.88168499,0.49137484,-2.7073148,2.3
51,15600,15.600000,7,1.6614423,0.5941429,0.32583197,1.0265546,-0.018558955,-0.22966861,0.016290923,0.24490331,-0.03799902,-0.12281029,0.16669812,-0.9794668,0.11338663,1.4571653,-1.4022189,2.3
51,15600,15.600000,8,1.6614423,0.21830451,1.2681782,0.15678246,0.039362816,0.16432479,-0.10524455,0.015488654,0.41784601,-0.2296249,-0.31654724,0.31058535,-0.89628935,2.6821264,2.3657008,2.3
51,15600,15.600000,9,1.6614423,0.1249147,1.0724589,0.84428397,-0.054092943,-0.42003229,0.2558343,0.062317404,0.069536388,0.45048355,0.94488688,0.17231185,0.27838357,1.2886856,0.18038026,2.3
51,15600,15.600000,10,1.6614423,1.0499593,1.0185981,0.61643447,0.41886332,0.069255879,-0.12665561,-0.54358329,-0.16187297,0.82289361,-0.5198703,0.83522204,0.17927358,1.3905483,2.127548,2.3
51,15600,15.600000,11,1.6614423,0.52643568,1.3432492,0.60536548,-0.10679509,-0.13815798,0.1889659,0.14964715,-0.15025239,-0.20896426,-0.63222843,-0.50369476,-0.58870944,2.2002577,-2.4688687,2.3
51,15600,15.600000,12,1.6614423,0.056821008,1.0965165,1.3933675,-0.1037858,0.18483302,0.36752039,0.33743664,0.19800201,-0.35242097,0.49237584,-0.34858725,0.79752929,0.64760773,-0.61605486,2.3
51,15600,15.600000,13,1.6614423,0.52633219,1.271278,1.3536569,0.23227962,-0.10599351,0.022563214,-0.18568193,0.030990006,0.1723558,0.81473759,0.26067021,0.51793213,1.0263645,0.30965193,2.3
51,15600,15.600000,14,1.6614423,0.3808714,0.75999745,1.2790741,-0.02303053,-0.14110536,-0.20917069,-0.31836318,-0.10913634,0.45403308,0.39997259,-0.87727478,0.26535049,1.3022289,-1.1430251,2.3
51,15600,15.600000,15,1.6614423,1.3186956,1.5781929,1.5847858,0.56634089,0.065025459,0.38989943,0.39451096,-0.65538842,0.15212444,0.57074467,-0.80675157,-0.1529785,1.7243779,-0.95508101,2.3
51,15600,15.600000,16,1.6614423,0.85968814,0.3004549,1.6128674,-0.17166745,-0.027412907,-0.22493758,-0.45536158,0.14602937,-0.35464743,0.52248136,-0.80220048,-0.28894223,1.8639181,-0.9935006,2.3
51,15600,15.600000,17,1.6614423,0.91126171,0.58502059,0.72908145,-0.07753448,-0.025012278,0.088082476,-0.19596611,0.16748806,-0.076269958,0.64099298,0.4958366,0.58589596,0.94481112,0.6584001,2.3
51,15600,15.600000,18,1.6614423,0.19168171,0.11316965,0.093736173,0.42382311,-0.16528614,-0.39889924,-0.2205923,0.20545447,0.62500348,-0.80626215,0.29825296,0.5108684,1.0346017,2.7872826,2.3
51,15600,15.600000,19,1.6614423,0.96520211,0.68689918,0.17222195,-0.36100718,-0.13099333,0.03472982,-0.56662947,-0.15095609,0.26546704,-0.066556628,-0.75198312,0.65581369,0.85553636,-1.6590744,2.3
51,15600,15.600000,20,1.6614423,1.0454575,1.4721552,1.1665692,-0.072693238,-0.39082712,0.25060229,0.046453414,-0.51646802,0.33205267,0.064650329,0.88812008,0.45504182,1.0983771,1.4981299,2.3
51,15600,15.600000,21,1.6614423,0.77772328,0.93310156,0.99147128,-0.11949029,0.20118956,-0.53173653,0.66628461,-0.50901381,-0.46023098,0.35863199,-0.21816564,0.90762704,0.43320017,-0.54652005,2.3
51,15600,15.600000,22,1.6614423,1.3891178,0.46963251,1.1485355,0.0016623429,0.24442245,-0.14445341,-0.59825559,0.078211342,0.030093788,-0.17126846,0.4831343,0.85863168,0.53820206,1.9114695,2.3
51,15600,15.600000,23,1.6614423,1.3460664,0.89969872,1.0408911,-0.093821524,0.24759258,0.094397583,0.10847339,0.76939591,0.20229376,0.57570986,0.4667336,0.67135527,0.83476041,0.68123725,2.3
51,15600,15.600000,24,1.6614423,0.94928163,1.6473846,0.593983,-0.026136411,0.60001145,0.18091824,0.33431628,0.23130846,0.21118119,-0.043753009,-0.63867382,-0.76823267,2.4468722,-1.6391955,2.3
51,15600,15.600000,25,1.6614423,1.484766,0.55134725,0.66116981,0.29420251,0.78555586,0.055047397,-0.4953524,-0.069043344,0.1297934,-0.88964958,-0.4408919,0.11890315,1.4516112,-2.6814879,2.3
51,15600,15.600000,26,1.6614423,1.622819,0.90421466,0.33971322,0.12291682,-0.12568822,-0.31226453,0.76284473,-0.39288853,-0.24113277,0.32186626,-0.010893851,0.94672247,0.32789465,-0.033832977,2.3
51,15600,15.600000,27,1.6614423,1.3993478,1.3909819,0.30506058,-0.11920635,-0.069058756,0.079613048,0.10729046,-0.26351814,-0.40711755,0.59769769,0.79794499,0.077725596,1.4929923,0.92790591,2.3
51,15600,15.600000,28,1.6614423,1.0137486,1.0344455,1.4153602,-0.14312418,-0.068611162,0.25508039,0.52962357,-0.21439029,-0.25002864,0.42980012,-0.27498112,-0.86003328,2.6061312,-0.56916305,2.3
51,15600,15.600000,29,1.6614423,0.70999989,1.5372404,0.15126551,-0.25043565,0.20197063,0.19634845,-0.40538038,-0.16408514,0.17998596,-0.37315104,0.92303065,0.093662807,1.476996,1.9549759,2.3
51,15600,15.600000,30,1.6614423,0.13286211,0.6233101,1.6164616,0.22242049,-0.43224608,0.20549459,0.039184304,0.59091095,-0.11523895,-0.307648,0.61917857,0.72247533,0.76342048,2.0319326,2.3
51,15600,15.600000,31,1.6614423,1.4792337,1.5137945,0.89424777,-0.0099527249,0.11206494,-0.17847364,-0.51367848,0.64459419,-0.1558489,-0.74255297,-0.54481833,-0.38959989,1.9709934,-2.5085991,2.3
52,15650,15.650000,0,1.6705735,0.53709002,0.24118556,0.47825863,0.22406822,0.17073618,0.42520143,0.56055392,-0.29062433,0.33526632,-0.50168249,-0.18426919,0.84519793,0.56386092,-2.7895876,2.3
52,15650,15.650000,1,1.6705735,1.3589039,0.15189554,0.54160332,-0.50902682,-0.5426924,0.00012982234,-0.14717442,-0.36639993,0.0030560935,-0.00380088,-0.94663923,0.32227273,1.242667,-1.5748114,2.3
52,15650,15.650000,2,1.6705735,0.46716152,0.73550708,0.46834817,-0.034799793,0.46856041,-0.11433479,0.75488326,0.1630486,-0.55210542,0.94005212,-0.10160844,-0.32554221,1.9023814,-0.10767009,2.3
52,15650,15.650000,3,1.6705735,0.52043903,0.95148879,0.054821136,-0.10680404,0.26649175,-0.23674256,-0.2606897,0.31131132,0.60275216,-0.16918568,-0.1826571,0.9685105,0.25161942,-2.317925,2.3
52,15650,15.650000,4,1.6705735,0.26498202,1.4964906,1.0442657,-0.072925068,-0.26726975,0.0064844562,-0.55981179,0.24313067,-0.37116735,0.83842194,-0.35267114,-0.41553787,1.9993304,-0.3981692,2.3
52,15650,15.650000,5,1.6705735,0.178249,0.19875928,0.79813298,0.052914113,-0.2655098,-0.44317228,-0.080998704,-0.51317435,-0.021758267,0.25033287,-0.5927355,0.76550511,0.69897033,-1.1711852,2.3
52,15650,15.650000,6,1.6705735,0.55951694,0.069261091,1.3880314,-0.10911822,-0.26299923,-0.13275082,-0.13401003,-0.49862502,-0.99114096,-0.5997893,-0.55755407,0.57392182,0.95950939,-2.3926716,2.3
52,15650,15.650000,7,1.6705735,0.60383856,0.33442931,1.0252451,-0.012146259,-0.22288063,0.0093585175,0.17382039,0.23427713,-0.26879477,0.24168319,-0.9595697,-0.14427482,1.7155764,-1.324062,2.3
52,15650,15.650000,8,1.6705735,0.22772197,1.2956929,0.15210428,0.04755802,0.18481348,-0.11076926,0.19972906,0.4338237,-0.0049398436,-0.45438683,0.47031119,-0.75653156,2.4287893,2.338975,2.3
52,15650,15.650000,9,1.6705735,0.13106087,1.0816901,0.87088617,-0.048648216,-0.41670431,0.27773632,0.14516914,0.037193691,0.43494365,0.95148904,0.26633627,0.15405713,1.4161232,0.27293009,2.3
52,15650,15.650000,10,1.6705735,1.0335979,1.0197921,0.65312295,0.39679181,0.064863749,-0.093446048,-0.1414485,0.18801574,0.3014835,-0.064604009,0.9932217,0.096628024,1.4740173,1.6357497,2.3
52,15650,15.650000,11,1.6705735,0.53506685,1.3462589,0.58972255,-0.10107286,-0.14251873,0.17004775,0.12396091,-0.12159297,-0.43013726,-0.80195487,-0.33118047,-0.49717993,2.0911418,-2.7499585,2.3
52,15650,15.650000,12,1.6705735,0.06916935,1.109733,1.3808654,-0.091782637,0.19200341,0.34741551,0.1797516,0.13706096,-0.52652005,0.083978528,0.48700265,0.8693538,0.51690311,1.4000361,2.3
52,15650,15.650000,13,1.6705735,0.5241938,1.2753682,1.3760895,0.22726227,-0.1088822,0.037515166,-0.12707313,-0.10336788,0.38242353,0.93220517,0.21935274,0.28788523,1.2787785,0.23110118,2.3
52,15650,15.650000,14,1.6705735,0.37910236,0.76457942,1.2978362,-0.02688227,-0.14070142,-0.19747048,0.19116324,0.13915211,-0.11546007,-0.16184503,-0.98643094,0.027571599,1.5432212,-1.7334187,2.3
52,15650,15.650000,15,1.6705735,1.3471954,1.5555151,1.5980889,0.58753503,0.033759739,0.39447999,0.43914676,-0.61126167,-0.023736319,0.75307785,-0.49011938,-0.43892681,2.0252003,-0.57695263,2.3
52,15650,15.650000,16,1.6705735,0.84017669,0.30851007,1.6072403,-0.19583748,-0.021026529,-0.23938935,-0.39318414,0.11432273,-0.22154758,0.49515132,-0.64344337,-0.58378575,2.19418,-0.91491045,2.3
52,15650,15.650000,17,1.6705735,0.90791891,0.59140604,0.72500481,-0.085862713,-0.021850736,0.08002092,-0.16811374,-0.14564393,-0.2701168,0.87894595,-0.0062917062,0.47687989,1.0736948,-0.0071581178,2.3
52,15650,15.650000,18,1.6705735,0.17784769,0.12007379,0.13020675,0.4089763,-0.15902114,-0.36304209,-0.22820132,0.27717658,0.74165399,-0.88504751,0.44513529,0.1361818,1.43419,2.6755872,2.3
52,15650,15.650000,19,1.6705735,0.95303343,0.68110837,0.18846659,-0.37843282,-0.14053317,0.049986125,-0.27162203,-0.33481308,0.45445978,0.00038453767,-0.82650177,0.56293399,0.97286491,-1.5703311,2.3
52,15650,15.650000,20,1.6705735,1.0573126,1.4518978,1.1852199,-0.066600576,-0.41909793,0.26280819,0.1627233,-0.6590866,0.19097871,-0.066866533,0.88357957,0.46348249,1.088875,1.6463292,2.3
52,15650,15.650000,21,1.6705735,0.80737283,0.91654294,0.98081797,-0.094184425,0.17956192,-0.54779492,0.10474365,-0.52098562,-0.046521717,-0.26473275,-0.27085453,0.92550224,0.3884368,-2.344765,2.3
52,15650,15.650000,22,1.6705735,1.3713166,0.47439157,1.1600936,-0.02370395,0.24659447,-0.13922189,-0.4615434,0.0034766416,0.15182219,-0.097448777,0.66765998,0.7380609,0.74060438,1.7157286,2.3
52,15650,15.650000,23,1.6705735,1.3574509,0.94454705,1.0518452,-0.089845818,0.28738714,0.099616626,-0.035165275,0.77269657,0.033735978,0.95805294,0.26620977,-0.10614574,1.6771424,0.2710282,2.3
52,15650,15.650000,24,1.6705735,0.96588509,1.6635212,0.60551388,-0.014781277,0.60707471,0.18916202,0.064464263,0.14856142,0.2404519,0.05939094,-0.19029036,-0.97992974,2.9409051,-1.2682696,2.3
52,15650,15.650000,25,1.6705735,1.4714365,0.56380599,0.67724244,0.27277144,0.79495864,0.06745226,-0.34973224,0.56120814,0.41421698,-0.79398633,-0.5226512,0.31051801,1.2550584,-2.5594311,2.3
52,15650,15.650000,26,1.6705735,0.0010635599,0.89436032,0.33297932,0.16270691,-0.14047157,-0.32084198,0.83869785,-0.16136748,-0.061137865,0.33463379,0.42297629,0.84208746,0.56965433,0.90148075,2.3
52,15650,15.650000,27,1.6705735,1.4182058,1.3863086,0.29197728,-0.1080696,-0.081343171,0.064893482,0.32315767,-0.25339723,-0.15584618,0.92965999,0.36809171,-0.015517704,1.5863147,0.37700346,2.3
52,15650,15.650000,28,1.6705735,1.0411339,1.0356384,1.4115211,-0.12136997,-0.073091277,0.24349423,0.43940203,-0.028100351,-0.20910642,0.50337321,0.51424763,-0.69438087,2.3383555,0.79608388,2.3
52,15650,15.650000,29,1.6705735,0.69308465,1.5384255,0.16522903,-0.27119613,0.19472691,0.20944474,-0.34380953,-0.15784514,0.22436571,0.024655232,0.98832713,-0.15033827,1.7217067,1.5458551,2.3
52,15650,15.650000,30,1.6705735,0.12968997,0.6533624,1.6178774,0.21852882,-0.40569223,0.19804679,-0.23655065,0.45338104,-0.030977225,-0.74243835,0.66088556,0.10961559,1.46096,2.4142432,2.3
52,15650,15.650000,31,1.6705735,1.4618336,1.5491899,0.88824514,-0.035412861,0.13906653,-0.18936119,-0.5247544,0.50659643,-0.25253566,-0.86664587,-0.48802651,-0.10370659,1.6746897,-2.6287316,2.3
53,15700,15.700000,0,1.6800535,0.57222536,0.22879054,0.49432515,0.25606524,0.15701134,0.43851632,0.67977922,-0.30279097,0.18760181,-0.11237362,0.54992612,0.82761914,0.59594378,1.7723644,2.3
53,15700,15.700000,1,1.6800535,1.3591438,0.13907101,0.53685153,-0.51647721,-0.55634028,-0.0076732982,-0.10248681,-0.19735439,-0.29228376,0.09531474,-0.97547928,0.19838165,1.3710899,-1.4733948,2.3
53,15700,15.700000,2,1.6800535,0.5091006,0.74937859,0.45009907,0.0043774652,0.4782308,-0.13518261,0.83143329,0.23059761,-0.33097452,0.98525992,-0.15411964,-0.074229502,1.6450942,-0.15516792,2.3
53,15700,15.700000,3,1.6800535,0.51575831,0.97106977,0.080020214,-0.11441652,0.28063335,-0.21192479,-0.12997697,0.23214112,0.38712324,-0.51084332,0.22650424,0.82929785,0.59294632,2.7242469,2.3
53,15700,15.700000,4,1.6800535,0.24323374,1.507,1.0367726,-0.096111427,-0.26525812,-0.0068966097,-0.44236242,-0.30362986,-0.030843413,0.45311449,-0.75152939,-0.47946932,2.0708462,-1.0282302,2.3
53,15700,15.700000,5,1.6800535,0.16636913,0.18173798,0.79446166,0.040059117,-0.28360778,-0.45134959,-0.35738475,-0.029501747,-0.30982986,0.42332465,-0.3337095,0.84227918,0.56929877,-0.66756987,2.3
53,15700,15.700000,6,1.6800535,0.55078369,0.043445949,1.3502534,-0.12099295,-0.28913347,-0.1782766,-0.23510302,-0.44382975,-0.89596683,-0.80728045,-0.58434563,0.082695037,1.4880067,-2.5150422,2.3
53,15700,15.700000,7,1.6800535,0.61563101,0.35258557,1.0064565,-0.0038039815,-0.20666801,-0.015178547,0.21556412,0.38301557,-0.51868793,0.35577691,-0.76815597,-0.53231494,2.1321291,-1.137055,2.3
53,15700,15.700000,8,1.6800535,0.2409202,1.3265301,0.15856279,0.059430426,0.20823188,-0.10518967,0.21666041,0.48188761,0.14409538,-0.351715,0.63992148,-0.68322548,2.3229671,2.0733494,2.3
53,15700,15.700000,9,1.6800535,0.14403508,1.088895,0.89634874,-0.036452242,-0.41564068,0.29819903,0.28026948,0.051956525,0.3921208,0.96768011,-0.052119856,0.24673614,1.3214855,-0.053808634,2.3
53,15700,15.700000,10,1.6800535,1.0542514,1.043983,0.64997792,0.41153827,0.083215827,-0.10027799,0.53124818,0.53830355,-0.28696974,0.11096213,0.96935372,0.21918205,1.3498203,1.4568222,2.3
53,15700,15.700000,11,1.6800535,0.5374106,1.3510193,0.57063818,-0.10176347,-0.14538982,0.1476802,-0.052931971,0.0039486336,-0.52119138,-0.93275903,-0.19413065,-0.30376615,1.8794394,-2.9363968,2.3
53,15700,15.700000,12,1.6800535,0.075029724,1.1266679,1.3611436,-0.086330201,0.20261101,0.31993552,-0.010975164,0.32444825,-0.53833543,-0.37785412,0.85471119,0.35594248,1.2068739,1.9870478,2.3
53,15700,15.700000,13,1.6800535,0.52647163,1.2774803,1.4033878,0.22656746,-0.11399294,0.056949651,0.053653257,-0.12178451,0.41825882,0.99780002,-0.064797785,0.014013226,1.5567826,-0.064849592,2.3
53,15700,15.700000,14,1.6800535,0.39539886,0.77460308,1.2918845,-0.012776953,-0.13503251,-0.21074928,0.32185683,0.004302195,-0.29542694,-0.51535754,-0.77045714,-0.37523646,1.9554482,-2.1603424,2.3
53,15700,15.700000,15,1.6800535,1.3711176,1.5430443,1.5990006,0.60376652,0.012521972,0.38634611,0.27557949,-0.27466486,-0.26455648,0.73073118,-0.22133943,-0.64578696,2.2728499,-0.29411642,2.3
53,15700,15.700000,16,1.6800535,0.82571833,0.32443799,1.6071576,-0.2150093,-0.0068892872,-0.24856657,-0.40966006,0.39323129,-0.21530096,0.60553447,-0.25227646,-0.75477453,2.4261067,-0.3947495,2.3
53,15700,15.700000,17,1.6800535,0.90513035,0.57604065,0.71596953,-0.093780991,-0.040519333,0.066908592,-0.16418705,-0.60346163,-0.32330356,0.83422037,-0.49751132,0.23782108,1.3306744,-0.53775258,2.3
53,15700,15.700000,18,1.6800535,0.1686043,0.12584299,0.17209372,0.39875262,-0.15394767,-0.3220101,-0.24449817,-0.083731025,0.82215946,-0.81217687,0.58165533,0.045230616,1.5255503,2.5200977,2.3
53,15700,15.700000,19,1.6800535,0.94587005,0.67165504,0.21351132,-0.39096885,-0.15381397,0.073893729,-0.20154868,-0.22892245,0.50897513,0.042812287,-0.90400727,0.42536803,1.1314278,-1.5234733,2.3
53,15700,15.700000,20,1.6800535,1.0746243,1.4330561,1.1919206,-0.055320745,-0.44610225,0.26278323,0.27232815,-0.43353222,-0.14886356,-0.30062493,0.73319022,0.60996455,0.91478048,1.9599133,2.3
53,15700,15.700000,21,1.6800535,0.80121965,0.89610437,1.0162176,-0.10488887,0.15399463,-0.51804521,-0.36481097,-0.52827602,0.99701614,-0.56611861,-0.45009679,0.69059583,0.80848377,-2.4698728,2.3
53,15700,15.700000,22,1.6800535,1.3537288,0.47666069,1.1670283,-0.049001871,0.24617278,-0.13887129,-0.45625843,-0.08868124,-0.10799073,0.10298633,0.77496344,0.62355872,0.89750975,1.4386786,2.3
53,15700,15.700000,23,1.6800535,1.3610446,0.98488855,1.056181,-0.093943583,0.32226998,0.097988182,-0.19213913,0.6856527,-0.021378373,0.49354183,-0.15904986,-0.85505532,2.5964539,-0.31175364,2.3
53,15700,15.700000,24,1.6800535,0.96541627,1.6704113,0.62333101,-0.020714369,0.60453214,0.2035025,-0.33919875,-0.13748954,0.34599619,-0.11211938,0.10762023,-0.98784975,2.9855482,2.3766666,2.3
53,15700,15.700000,25,1.6800535,1.4664294,0.59559158,0.70598469,0.25945213,0.82346418,0.09228115,-0.18945648,0.56193832,0.41335783,-0.78227865,-0.46490141,0.41461644,1.1432751,-2.6053813,2.3
53,15700,15.700000,26,1.6800535,0.037922435,0.89238924,0.33597576,0.19945578,-0.14749795,-0.3197382,0.69864626,-0.16416506,0.089882971,0.34918349,0.56925979,0.74432128,0.73127837,1.0205827,2.3
53,15700,15.700000,27,1.6800535,1.4408864,1.3793647,0.29869339,-0.093478163,-0.096112068,0.069938455,0.37987506,-0.26864591,0.27712822,0.98348242,-0.1087667,-0.1446794,1.7159853,-0.11014583,2.3
53,15700,15.700000,28,1.6800535,1.0672899,1.039059,1.4139277,-0.10117919,-0.075540617,0.23790684,0.2480511,-0.23183631,0.025610883,0.23557119,0.95543075,-0.1779278,1.7496766,1.3290577,2.3
53,15700,15.700000,29,1.6800535,0.67700893,1.5408033,0.17724796,-0.29114841,0.18839262,0.22049479,-0.38153999,-0.086357553,0.21055172,0.20764101,0.95836351,-0.19602194,1.7680958,1.3574321,2.3
53,15700,15.700000,30,1.6800535,0.11321759,0.6764553,1.6278538,0.20136903,-0.38636162,0.19884005,-0.25311765,0.35348652,-0.040438375,-0.63185544,0.21688493,-0.7441234,2.410018,2.810943,2.3
53,15700,15.700000,31,1.6800535,1.4437889,1.5737789,0.88502884,-0.061678652,0.15481988,-0.19759467,-0.46055793,0.28323817,-0.10009157,-0.86184393,-0.4677312,0.19609327,1.3734241,-2.6443637,2.3
54,15750,15.750000,0,1.6820427,0.59845297,0.22150579,0.50597152,0.28160021,0.14946017,0.44957086,0.30997968,-0.066135978,0.20558698,0.24207393,0.94944224,0.19989908,1.3695414,1.3211508,2.3
54,15750,15.750000,1,1.6820427,1.3593853,0.13614569,0.51672873,-0.5178441,-0.55942843,-0.028419467,0.0080762752,0.06758341,-0.4302247,0.47909357,-0.8654633,-0.14643304,1.7177578,-1.0652172,2.3
54,15750,15.750000,2,1.6820427,0.54818924,0.76059849,0.43846468,0.042840559,0.48855732,-0.14734274,0.69446003,0.13994032,-0.046598681,0.9664387,-0.25627558,-0.017862574,1.5886599,-0.25920943,2.3
54,15750,15.750000,3,1.6820427,0.52059232,0.97996914,0.089440697,-0.11019568,0.28837837,-0.20260457,0.21573193,0.014384093,-0.0259463,-0.74533392,0.5597453,0.36216371,1.2002082,2.4974523,2.3
54,15750,15.750000,4,1.6820427,0.22785967,1.4900698,1.0471686,-0.11176423,-0.28396157,0.002266394,-0.27172369,-0.27439016,0.2026642,0.072953687,-0.62276715,-0.77899861,2.4638635,-1.4541834,2.3
54,15750,15.750000,5,1.6820427,0.15023399,0.19128657,0.77250676,0.023736645,-0.27427989,-0.47423161,-0.25073458,0.27886677,-0.37565755,0.49467025,-0.014899192,0.86895303,0.5177135,-0.03011034,2.3
54,15750,15.750000,6,1.6820427,0.54030197,0.025615002,1.3094203,-0.13212022,-0.30700528,-0.22068338,-0.14524738,-0.074739446,-0.65375361,-0.89416315,-0.17348825,-0.41276396,1.9962828,-2.9499507,2.3
54,15750,15.750000,7,1.6820427,0.61716181,0.37206961,0.98669386,-0.0030025785,-0.18761272,-0.036120492,-0.14003388,0.30029521,-0.35059596,0.39978502,-0.38593058,-0.83140214,2.5524226,-0.7677671,2.3
54,15750,15.750000,8,1.6820427,0.2410553,1.3540544,0.16698816,0.059280354,0.23417018,-0.096956914,-0.07178567,0.440313,0.23494185,0.040664322,0.6432384,-0.76458536,2.4411941,1.5076622,2.3
54,15750,15.750000,9,1.6820427,0.15201441,1.086074,0.91176335,-0.028648067,-0.41974853,0.31254385,0.10084846,-0.25145254,0.14571066,0.74559324,-0.55597863,0.36739418,1.1945906,-0.64073459,2.3
54,15750,15.750000,10,1.6820427,1.0838957,1.0741686,0.63781672,0.43991758,0.11214816,-0.11320114,0.58006057,0.62141566,-0.223767,-0.04589219,0.8970285,0.43958363,1.1156613,1.621912,2.3
54,15750,15.750000,11,1.6820427,0.53480729,1.3497898,0.54962929,-0.10500118,-0.14821721,0.12600848,-0.09417482,-0.13406166,-0.32363779,-0.98033214,-0.10264323,-0.16856234,1.7401673,-3.0372703,2.3
54,15750,15.750000,12,1.6820427,0.071489894,1.1458621,1.3404545,-0.089956723,0.22046059,0.29764794,-0.10837629,0.38710016,-0.35874322,-0.56893722,0.75863621,-0.31746109,1.8938472,2.2142637,2.3
54,15750,15.750000,13,1.6820427,0.52840545,1.2652742,1.424013,0.22787714,-0.12770347,0.075902039,-0.13143998,-0.33885774,0.35388519,0.8165003,-0.56170919,-0.13345431,1.70465,-0.60259103,2.3
54,15750,15.750000,14,1.6820427,0.41024153,0.77157897,1.2774072,0.001589052,-0.13897145,-0.22674677,0.29967262,-0.1347738,-0.30110471,-0.75119818,-0.33245304,-0.57024229,2.1775971,-2.7249399,2.3
54,15750,15.750000,15,1.6820427,1.386827,1.5374842,1.5738224,0.61784417,0.0051391921,0.35929066,0.28264006,-0.010898194,-0.65111312,0.72994798,-0.13396173,-0.67024637,2.305337,-0.18150259,2.3
54,15750,15.750000,16,1.6820427,0.81071244,0.34592643,1.596474,-0.23098341,0.014202525,-0.26114565,-0.29932743,0.41535515,-0.26769325,0.43275903,0.44927038,-0.78158541,2.4679996,0.8041157,2.3
54,15750,15.750000,17,1.6820427,0.90458383,0.54685824,0.69489827,-0.095398253,-0.070366128,0.045002572,0.088893824,-0.51862126,-0.47697111,0.578091,-0.81015263,-0.09728064,1.6682311,-0.95102878,2.3
54,15750,15.750000,18,1.6820427,0.16044541,0.12615537,0.21679026,0.39039904,-0.15378439,-0.27754363,-0.14284171,0.17805247,0.81146156,-0.57327245,0.81183699,0.11081243,1.4597558,2.1856328,2.3
54,15750,15.750000,19,1.6820427,0.93482006,0.66756362,0.2399636,-0.40313159,-0.15869776,0.10007771,-0.14180457,-0.0042791608,0.47635694,0.10847764,-0.94337042,0.31350416,1.2519153,-1.4563097,2.3
54,15750,15.750000,20,1.6820427,1.0901,1.419987,1.1886101,-0.041125833,-0.46085946,0.2580642,0.19491823,-0.25164158,0.046001501,-0.44767003,0.38317434,0.80794119,0.6301465,2.4336658,2.3
54,15750,15.750000,21,1.6820427,0.78409254,0.87242129,1.0623189,-0.12295397,0.12926517,-0.47317377,-0.24603942,-0.53830712,0.82825878,-0.64414449,-0.64070098,0.41782787,1.1397431,-2.3588746,2.3
54,15750,15.750000,22,1.6820427,1.3310015,0.46858169,1.1651427,-0.073317678,0.23753451,-0.14213675,-0.41220931,-0.26891795,-0.12792497,0.21711292,0.80435664,0.55305729,0.98476695,1.3071579,2.3
54,15750,15.750000,23,1.6820427,1.3563224,1.0214164,1.0459828,-0.10027355,0.35761075,0.086546235,-0.15712093,0.74144978,-0.25388486,-0.45232932,-0.38541769,-0.80427072,2.5052436,-2.4358962,2.3
54,15750,15.750000,24,1.6820427,0.94646093,1.6562427,0.64279317,-0.040800909,0.58839524,0.22221555,-0.29861425,-0.41980808,0.40857744,-0.38703366,0.24811116,-0.88805732,2.6638984,2.571529,2.3
54,15750,15.750000,25,1.6820427,1.4599088,0.61972754,0.72942444,0.25120017,0.84688109,0.11487163,-0.095338759,0.34359226,0.4426347,-0.85881791,-0.42456039,0.28667103,1.2800461,-2.6824717,2.3
54,15750,15.750000,26,1.6820427,0.074837803,0.89364378,0.35453682,0.23630444,-0.14730014,-0.30158569,0.73144585,0.13941996,0.56848479,0.43670594,0.67847574,0.59072717,0.93883657,0.99889279,2.3
54,15750,15.750000,27,1.6820427,1.4573909,1.3619764,0.3244764,-0.078688445,-0.11512231,0.095352766,0.19867106,-0.31305903,0.54569129,0.84362353,-0.49237833,-0.21415629,1.7866243,-0.52830843,2.3
54,15750,15.750000,28,1.6820427,1.0793125,1.0188588,1.4253634,-0.09042661,-0.09695842,0.24766257,0.1846837,-0.58152975,0.30236205,-0.068113669,0.91959738,0.38691239,1.1735155,1.6447303,2.3
54,15750,15.750000,29,1.6820427,0.65874475,1.5381478,0.17773399,-0.31020292,0.18391543,0.22077078,-0.3683489,-0.09923124,-0.25264271,0.26087252,0.96312725,-0.065813554,1.6366575,1.3062832,2.3
54,15750,15.750000,30,1.6820427,0.10666391,0.69359393,1.6168463,0.19468526,-0.3700336,0.18591272,-0.10014995,0.22738351,-0.37419666,-0.30059342,-0.20662196,-0.93110202,2.7682188,-2.5393867,2.3
54,15750,15.750000,31,1.6820427,1.4259728,1.5830157,0.89085773,-0.081192769,0.16218887,-0.19281651,-0.30440996,-0.054893606,0.11900856,-0.83721276,-0.41971756,0.35058804,1.2125974,-2.6768838,2.3
55,15800,15.800000,0,1.683691,0.60482421,0.222364,0.51079301,0.28738216,0.150101,0.45389441,-0.07231371,0.025281268,0.034405333,0.25404514,0.79963698,-0.54409721,2.1461091,1.2631806,2.3
55,15800,15.800000,1,1.683691,1.3574892,0.14150125,0.49570461,-0.52107074,-0.55420884,-0.049939417,0.017738701,0.089656051,-0.45796577,0.63868742,-0.54267994,-0.54550606,2.1477891,-0.70430827,2.3
55,15800,15.800000,2,1.683691,0.57004604,0.76651588,0.45331793,0.064149721,0.49372682,-0.13292622,0.15358754,0.087334752,0.5872736,0.95662006,-0.28262972,-0.070700027,1.6415554,-0.28727374,2.3
55,15800,15.800000,3,1.683691,0.5290024,0.98420592,0.084094103,-0.10229963,0.29165322,-0.20803615,0.10975426,0.058971598,-0.15160555,-0.79422222,0.60474082,-0.059157409,1.6299883,2.4908194,2.3
55,15800,15.800000,4,1.683691,0.21293839,1.4829536,1.053618,-0.12690139,-0.29253382,0.0076869841,-0.42923406,-0.051901813,0.030701719,0.17682886,0.054054106,-0.98275618,2.9556163,0.2966651,2.3
55,15800,15.800000,5,1.683691,0.13758947,0.20857893,0.75546473,0.010951164,-0.25718335,-0.49202196,-0.2244791,0.41353754,-0.30436096,0.35707732,0.35565998,0.86371393,0.52820337,0.78340958,2.3
55,15800,15.800000,6,1.683691,0.53997582,0.030016462,1.281967,-0.13297543,-0.30263106,-0.2494058,0.086706291,0.27007602,-0.48230008,-0.53438442,0.3811182,-0.75444166,2.4255994,2.5220684,2.3
55,15800,15.800000,7,1.683691,0.6072008,0.3903896,0.97735036,-0.013563208,-0.16966613,-0.046425861,-0.26983255,0.42478723,-0.1096746,0.3772281,0.041951607,-0.92516973,2.7522789,0.11075509,2.3
55,15800,15.800000,8,1.683691,0.23662576,1.3718818,0.17478347,0.054616879,0.25066255,-0.089328985,-0.12719748,0.27779527,0.13986163,0.47318296,0.23294401,-0.84960872,2.5860393,0.45746191,2.3
55,15800,15.800000,9,1.683691,0.15729474,1.0634998,0.91324995,-0.023519213,-0.44337546,0.31313668,0.10783438,-0.59324018,-0.27258123,0.35178436,-0.82039898,0.45076964,1.103169,-1.1657143,2.3
55,15800,15.800000,10,1.683691,1.1113069,1.1019063,0.62678299,0.46625367,0.13882016,-0.12485419,0.51643999,0.61253276,-0.25306749,-0.22609735,0.80335685,0.55090631,0.98734651,1.8451405,2.3
55,15800,15.800000,11,1.683691,0.5370992,1.3463474,0.54051264,-0.10323422,-0.15298009,0.11635795,0.08470576,-0.14633839,-0.099058383,-0.99953867,0.029116876,-0.0086398075,1.5794362,3.1124706,2.3
55,15800,15.800000,12,1.683691,0.065313967,1.1662015,1.3256876,-0.096199649,0.23966772,0.28157538,-0.20175905,0.40482725,-0.17608682,-0.54543183,0.36002361,-0.75689307,2.4293423,2.5581704,2.3
55,15800,15.800000,13,1.683691,0.5269577,1.2541798,1.4374836,0.22591254,-0.14003176,0.087971249,0.0021262277,-0.13444694,0.15524983,0.48468171,-0.87086078,-0.081762783,1.6526505,-1.0629346,2.3
55,15800,15.800000,14,1.683691,0.41063426,0.76833947,1.2658875,0.001579771,-0.14296509,-0.23951208,-0.30508621,-0.21538988,-0.092084223,-0.51932711,0.14948806,-0.84139924,2.5706635,2.86132,2.3
55,15800,15.800000,15,1.683691,1.4003627,1.5374218,1.5358524,0.63001482,0.0035709585,0.31979774,0.21955553,-0.12510375,-0.79306974,0.85413742,-0.10873331,-0.50855318,2.1042999,-0.12662083,2.3
55,15800,15.800000,16,1.683691,0.79561203,0.36634514,1.5856791,-0.2468705,0.034272416,-0.27349896,-0.36098888,0.34415968,-0.31394055,-0.110512,0.90593479,-0.40874106,1.9918705,1.6921833,2.3
55,15800,15.800000,17,1.683691,0.91681536,0.51962639,0.67638154,-0.084058723,-0.098120286,0.025814264,0.39012484,-0.4943275,-0.30884511,0.28056813,-0.86054955,-0.42513057,2.0099025,-1.2556298,2.3
55,15800,15.800000,18,1.683691,0.15002118,0.13783374,0.26311156,0.37982276,-0.1422353,-0.23145734,-0.26137509,0.33832363,0.96711103,-0.26644795,0.93784722,0.22236926,1.3465524,1.8476084,2.3
55,15800,15.800000,19,1.683691,0.94467818,0.66561763,0.25430005,-0.39419392,-0.16129666,0.11417211,0.48308823,-0.096085057,0.11986172,0.2041114,-0.90907473,0.36321022,1.1990852,-1.3499326,2.3
55,15800,15.800000,20,1.683691,1.095118,1.4040308,1.1986992,-0.037178003,-0.47819868,0.26698424,0.013649716,-0.36301699,0.21187485,-0.57276983,0.20666744,0.79323596,0.65469126,2.7953104,2.3
55,15800,15.800000,21,1.683691,0.78878248,0.85007911,1.0892512,-0.11903432,0.10607941,-0.44729509,0.44466022,-0.36339624,0.25320169,-0.53864977,-0.8233514,0.17874253,1.3910881,-2.1501297,2.3
55,15800,15.800000,22,1.683691,1.3062459,0.45664426,1.1631953,-0.099364853,0.22514396,-0.14522449,-0.55714618,-0.23220316,0.044158739,0.29698358,0.77353834,0.5598564,0.97658385,1.2042208,2.3
55,15800,15.800000,23,1.683691,1.3492689,1.0561312,1.028471,-0.10865207,0.39130817,0.068018474,-0.28201649,0.56771536,-0.41231618,-0.95004807,-0.30696529,0.056400058,1.5143663,-2.8290757,2.3
55,15800,15.800000,24,1.683691,0.94498559,1.6316294,0.6637493,-0.043202558,0.56217183,0.24253181,0.085030463,-0.6135528,0.43520398,-0.39291301,0.22593951,-0.89138696,2.6711924,2.6197306,2.3
55,15800,15.800000,25,1.683691,1.4513917,0.64086488,0.75146333,0.24125725,0.86740108,0.13618529,-0.2582792,0.41821866,0.40978008,-0.92218693,-0.37827659,-0.080486585,1.6513701,-2.7523284,2.3
55,15800,15.800000,26,1.683691,0.10262283,0.90551619,0.38951232,0.26400257,-0.13630885,-0.26697456,0.43570374,0.1620404,0.86231533,0.83478133,0.52235929,0.17401411,1.3958918,0.55913405,2.3
55,15800,15.800000,27,1.683691,1.4688833,1.3406043,0.35416263,-0.068629128,-0.13781796,0.12470665,0.26531894,-0.50188912,0.61830178,0.5956248,-0.75253626,-0.28092753,1.8555567,-0.90126609,2.3
55,15800,15.800000,28,1.683691,1.0869921,0.98925942,1.441059,-0.083807972,-0.12754128,0.26195439,0.130972,-0.55061988,0.39246322,-0.40026904,0.59704207,0.69521612,0.8020758,2.161393,2.3
55,15800,15.800000,29,1.683691,0.64497578,1.540352,0.16129329,-0.32461036,0.18461192,0.20416405,-0.12555334,0.0066878732,-0.44344772,0.083012359,0.96799154,0.2368572,1.3316666,1.4852483,2.3
55,15800,15.800000,30,1.683691,0.10548123,0.69932258,1.596732,0.19339868,-0.36498711,0.1642246,-0.065207454,-0.0091702354,-0.47874374,-0.14196374,-0.55821881,-0.81745829,2.5277806,-1.8198326,2.3
55,15800,15.800000,31,1.683691,1.4187934,1.5833593,0.8971967,-0.089765317,0.16098187,-0.18735321,0.022583456,-0.079494272,0.020814142,-0.86374428,-0.33933734,0.37255335,1.1890374,-2.7672498,2.3
56,15850,15.850000,0,1.6837668,0.59376679,0.22451536,0.5066486,0.27629777,0.1522423,0.4497271,-0.25618198,0.073587166,-0.11243328,0.03033021,0.134426,-0.99045935,3.0033475,1.3488847,2.3
56,15850,15.850000,1,1.6837668,1.3564081,0.14433765,0.47085343,-0.52221291,-0.55137888,-0.074812349,0.035707035,-0.012727201,-0.55539994,0.66759206,-0.043587394,-0.74325028,2.408712,-0.065197924,2.3
56,15850,15.850000,2,1.6837668,0.57467506,0.76993601,0.48641409,0.068752977,0.49711237,-0.099851214,0.040003434,-0.03336169,0.73382791,0.99440512,-0.089385728,-0.056290792,1.6271169,-0.089647713,2.3
56,15850,15.850000,3,1.6837668,0.52969855,0.98604102,0.080679651,-0.1016273,0.29344398,-0.21145431,-0.01674044,0.057399389,-0.054824794,-0.95603518,0.27645532,-0.097822221,1.6687752,2.8601023,2.3
56,15850,15.850000,4,1.6837668,0.19059853,1.4945031,1.0546896,-0.14925033,-0.28105125,0.0087110781,-0.37731408,0.48906468,-0.11298303,0.31653195,0.52090396,-0.79275884,2.4861182,1.0247643,2.3
56,15850,15.850000,5,1.6837668,0.12924256,0.22346631,0.74356173,0.0025982434,-0.2423057,-0.50395869,-0.10138465,0.32283651,-0.15025119,0.16959033,0.71884952,0.67416207,0.83096673,1.3391136,2.3
56,15850,15.850000,6,1.6837668,0.54843812,0.045419396,1.2621575,-0.12453762,-0.28722983,-0.2692726,0.20993438,0.21235009,-0.30669862,-0.14916468,0.63996244,-0.75378908,2.4246057,1.7997913,2.3
56,15850,15.850000,7,1.6837668,0.59243861,0.41405202,0.97887901,-0.028352395,-0.14602181,-0.044941227,-0.23950697,0.57211699,0.16579049,0.26813653,0.24727332,-0.93110617,2.7682302,0.74494138,2.3
56,15850,15.850000,8,1.6837668,0.22466519,1.3828858,0.1771004,0.042645925,0.26160455,-0.087019973,-0.28646675,0.030042687,-0.03732359,0.60039326,-0.13680055,-0.78791722,2.4782156,-0.22402694,2.3
56,15850,15.850000,9,1.6837668,0.16220587,1.0286689,0.89510936,-0.018615276,-0.47825339,0.29495538,0.15820346,-0.64220031,-0.51623348,-0.19783756,-0.82367236,0.53143593,1.0105015,-1.8065206,2.3
56,15850,15.850000,10,1.6837668,1.1385909,1.1259422,0.60959885,0.49348707,0.16280591,-0.14206615,0.49908507,0.38537009,-0.26396544,-0.44029015,0.71735828,0.539946,1.0004234,2.1212765,2.3
56,15850,15.850000,11,1.6837668,0.5438825,1.3374364,0.54550421,-0.096475251,-0.1619514,0.12132507,0.14586734,-0.12841292,0.13533248,-0.96723805,0.23957427,0.083992421,1.4867048,2.8987902,2.3
56,15850,15.850000,12,1.6837668,0.048577672,1.1754726,1.3238111,-0.11293851,0.24888606,0.27963925,-0.45857373,-0.07349623,0.11370947,-0.62232906,-0.18333219,-0.76098347,2.435624,-2.8551061,2.3
56,15850,15.850000,13,1.6837668,0.53108006,1.2535682,1.435305,0.23001109,-0.14069984,0.085727931,0.10495848,0.21059542,-0.15185633,0.1850768,-0.93517555,-0.30198222,1.8775676,-1.3754151,2.3
56,15850,15.850000,14,1.6837668,0.39658929,0.76130427,1.2564088,-0.012483367,-0.15003472,-0.24904749,-0.13649036,-0.027451665,-0.29290103,-0.013466217,0.58531029,-0.81069756,2.5161389,1.5937992,2.3
56,15850,15.850000,15,1.6837668,1.4096947,1.5304868,1.4982681,0.63928355,-0.0034331162,0.28214522,0.13847243,-0.2614049,-0.730184,0.93273977,-0.14476369,-0.33021204,1.9073245,-0.1539742,2.3
56,15850,15.850000,16,1.6837668,0.77606982,0.38829171,1.5700863,-0.26644808,0.056202006,-0.28916275,-0.50701244,0.42588617,-0.31896647,-0.58811688,0.78056921,0.21173152,1.35745,2.2164993,2.3
56,15850,15.850000,17,1.6837668,0.94250494,0.48909755,0.66221995,-0.05841099,-0.12867182,0.011622553,0.54509893,-0.59681637,-0.21837211,0.14985489,-0.81831754,-0.55488731,2.1590238,-1.3896775,2.3
56,15850,15.850000,18,1.6837668,0.14553472,0.15420349,0.30712555,0.37532965,-0.12587213,-0.18745619,0.026322361,0.33900055,0.67575025,0.074409042,0.93035578,0.35902843,1.2035696,1.4909871,2.3
56,15850,15.850000,19,1.6837668,0.97503049,0.6641281,0.25114262,-0.36388481,-0.16281612,0.1110033,0.69484812,-0.0019621765,-0.21713845,0.36609634,-0.80688266,0.463588,1.088756,-1.1448557,2.3
56,15850,15.850000,20,1.6837668,1.0866447,1.3905326,1.213404,-0.045700409,-0.49175975,0.28163475,-0.31914117,-0.21318,0.35007328,-0.52704082,0.25019459,0.81217648,0.62292323,2.6983762,2.3
56,15850,15.850000,21,1.6837668,0.81540807,0.83339832,1.0962264,-0.092444826,0.089360736,-0.44036915,0.4794515,-0.37277475,-0.0065515918,-0.098392035,-0.99437247,-0.039273403,1.6100798,-1.6694242,2.3
56,15850,15.850000,22,1.6837668,1.2795859,0.44896377,1.1684498,-0.12608301,0.21744309,-0.14002246,-0.531398,-0.15401195,0.043643684,0.21526033,0.65686928,0.7226242,0.76320514,1.2541185,2.3
56,15850,15.850000,23,1.6837668,1.3360896,1.0728139,1.0040776,-0.12189185,0.40794293,0.043579319,-0.27853164,0.16252028,-0.48725536,-0.45230948,-0.10619956,0.88551555,0.48319384,-2.9109759,2.3
56,15850,15.850000,24,1.6837668,0.95308659,1.6013745,0.6818095,-0.035144276,0.53184413,0.26056173,0.1611523,-0.58328979,0.27293534,-0.23957077,-0.040224166,-0.97004529,2.8962135,-2.9752433,2.3
56,15850,15.850000,25,1.6837668,1.4456693,0.66128861,0.77410719,0.2354697,0.88779551,0.15879481,-0.010082649,0.45009438,0.66371978,-0.76665717,-0.26317409,-0.58564168,2.1964678,-2.8109216,2.3
56,15850,15.850000,26,1.6837668,0.12254437,0.91838108,0.4344395,0.28391904,-0.123485,-0.22206593,0.33718879,0.42540839,0.85869681,0.94592618,0.25092126,-0.20557766,1.7778503,0.25929347,2.3
56,15850,15.850000,27,1.6837668,1.4814758,1.3177322,0.39050146,-0.056103043,-0.16074986,0.16102872,0.21288984,-0.36188589,0.84558795,0.16904057,-0.92918452,-0.32869654,1.9057194,-1.3908408,2.3
56,15850,15.850000,28,1.6837668,1.0880406,0.95438946,1.4601866,-0.082808415,-0.16245498,0.28101672,0.029789051,-0.78245247,0.439961,-0.64162125,0.08700581,0.76207097,0.70429077,3.0068117,2.3
56,15850,15.850000,29,1.6837668,0.6368892,1.5480314,0.13980227,-0.3327258,0.19222181,0.18266624,-0.1411079,0.195254,-0.43636305,-0.35140504,0.80252068,0.48215668,1.0676816,1.9835228,2.3
56,15850,15.850000,30,1.6837668,0.10216364,0.70276648,1.5772663,0.19007642,-0.36157476,0.14468751,-0.17915893,0.038033234,-0.29038182,0.013742699,-0.89657362,-0.44268147,2.0293833,-1.5554695,2.3
56,15850,15.850000,31,1.6837668,1.4190998,1.5813689,0.89244339,-0.089522806,0.1589202,-0.1921468,0.034288388,-0.082626562,-0.2833354,-0.93248216,-0.26364533,0.24691731,1.3212986,-2.8660496,2.3
57,15900,15.900000,0,1.6873057,0.57885126,0.23089264,0.49935092,0.26015122,0.15814151,0.44137332,-0.30779098,0.18904909,-0.21736994,-0.25835456,-0.62162334,-0.73948451,2.4031006,-1.9646891,2.3
57,15900,15.900000,1,1.6873057,1.3586865,0.13954459,0.44684577,-0.5227848,-0.55646996,-0.099783429,-0.10831278,-0.22270348,-0.44827657,0.66375853,0.24018161,-0.70833425,2.3579319,0.34719315,2.3
57,15900,15.900000,2,1.6873057,0.58442149,0.7719416,0.52150022,0.077282612,0.49749932,-0.065823142,0.33366566,-0.0024796623,0.64220945,0.93856544,0.34191695,-0.046772911,1.6175863,0.34935471,2.3
57,15900,15.900000,3,1.6873057,0.5342649,0.98719542,0.082076853,-0.09817788,0.2925269,-0.21022797,0.17235958,-0.070960309,0.031946232,-0.9679511,-0.24810329,0.038928508,1.531858,-2.8906765,2.3
57,15900,15.900000,4,1.6873057,0.17410895,1.5250864,1.0530268,-0.16612279,-0.25363785,0.0048356635,-0.276615,0.51389787,-0.070021069,0.27296522,0.63266328,-0.72472558,2.3814324,1.1634717,2.3
57,15900,15.900000,5,1.6873057,0.12306477,0.23977304,0.75453833,-0.0038444209,-0.22648525,-0.49455476,-0.14431708,0.25593488,0.38620509,-0.10989301,0.95222239,0.28494919,1.2818429,1.6856949,2.3
57,15900,15.900000,6,1.6873057,0.56150856,0.049213612,1.2562823,-0.11263237,-0.28353495,-0.27779162,0.21556416,0.019949775,-0.11750738,0.12699629,0.65829973,-0.7419659,2.4067942,1.3802219,2.3
57,15900,15.900000,7,1.6873057,0.58039727,0.45110489,0.98916102,-0.041624973,-0.10987714,-0.036725229,-0.18972672,0.86885284,0.27001959,0.23159151,0.27809307,-0.93221758,2.7712892,0.87638222,2.3
57,15900,15.900000,8,1.6873057,0.21253283,1.3817192,0.17335636,0.030054589,0.2575357,-0.091131916,-0.23762649,-0.061989261,-0.11635704,0.5682024,-0.47975064,-0.66856963,2.30308,-0.70119343,2.3
57,15900,15.900000,9,1.6873057,0.16598691,1.0007395,0.87488337,-0.015178767,-0.50831332,0.27287126,-0.026558525,-0.55516718,-0.30384069,-0.81103862,-0.49905485,0.30522223,1.2606245,-2.5899787,2.3
57,15900,15.900000,10,1.6873057,1.1552523,1.1447071,0.59068752,0.50774044,0.17918711,-0.16223755,-0.02513698,0.13388901,-0.56304321,-0.51370653,0.74858217,0.41920203,1.1382301,2.1722271,2.3
57,15900,15.900000,11,1.6873057,0.5477669,1.3349346,0.55024108,-0.093736845,-0.16725864,0.12491165,-0.015886719,-0.15220717,0.062039479,-0.89924397,0.38969933,0.19873276,1.3707316,2.7326596,2.3
57,15900,15.900000,12,1.6873057,0.027176164,1.1681063,1.3357665,-0.13441956,0.23905953,0.2888026,-0.36240027,-0.29878517,0.29099223,-0.64285836,-0.55698608,-0.52583233,2.1244897,-2.4276422,2.3
57,15900,15.900000,13,1.6873057,0.53587967,1.2633032,1.4289678,0.23369063,-0.13360694,0.076383879,0.07725301,0.18300098,-0.27179623,-0.060063175,-0.54978427,-0.83314445,2.5555655,-1.6796134,2.3
57,15900,15.900000,14,1.6873057,0.39445595,0.76846208,1.2439517,-0.01544713,-0.14448283,-0.26412942,0.041424546,0.2619237,-0.30051685,0.37937337,0.80329362,-0.45912439,2.0478056,1.1295759,2.3
57,15900,15.900000,15,1.6873057,1.4167118,1.5221901,1.4683612,0.64333356,-0.014934503,0.24912391,0.047747527,-0.19643969,-0.73152533,0.96313341,-0.17448489,-0.20476585,1.7770208,-0.17921996,2.3
57,15900,15.900000,16,1.6873057,0.75631243,0.40654428,1.5602169,-0.28781417,0.073620185,-0.30231834,-0.42636861,0.31482659,-0.20751563,-0.81722701,0.3263487,0.47501215,1.0758185,2.7616583,2.3
57,15900,15.900000,17,1.6873057,0.97480094,0.45725848,0.65821621,-0.028127714,-0.1615044,0.0062326286,0.68095012,-0.71529769,-0.0094889649,0.13774413,-0.92980304,-0.3413105,1.9191071,-1.4237227,2.3
57,15900,15.900000,18,1.6873057,0.14588818,0.17360304,0.33361699,0.37537718,-0.10681668,-0.16163736,-0.029638323,0.313528,0.28337355,0.39816927,0.87993953,0.25916723,1.3086365,1.1458685,2.3
57,15900,15.900000,19,1.6873057,1.0148199,0.66520986,0.2349832,-0.32618427,-0.16312987,0.094333537,0.74872358,-0.016274152,-0.42923396,0.58823707,-0.70775494,0.39122895,1.1688297,-0.8773592,2.3
57,15900,15.900000,20,1.6873057,1.0694357,1.3866269,1.2329035,-0.065172766,-0.49858083,0.29856611,-0.51837669,-0.070291089,0.30584723,-0.39215051,0.31507239,0.86426117,0.52711654,2.464753,2.3
57,15900,15.900000,21,1.6873057,0.84421521,0.8179138,1.0947185,-0.065379903,0.072142669,-0.44417704,0.6132484,-0.35626979,-0.047115525,0.51088537,-0.79549991,-0.32584665,1.9027034,-0.99991033,2.3
57,15900,15.900000,22,1.6873057,1.2521345,0.44016455,1.1720694,-0.15619222,0.20771046,-0.13885991,-0.64617578,-0.21466419,-0.05988545,0.1132546,0.39894805,0.90995267,0.42762642,1.2941905,2.3
57,15900,15.900000,23,1.6873057,1.3339362,1.0746936,0.99214317,-0.12684816,0.40756818,0.0295493,-0.020337974,-0.056850546,-0.0042120178,0.29907612,0.0078448553,0.95419701,0.30383211,0.026224283,2.3
57,15900,15.900000,24,1.6873057,0.96727877,1.5736207,0.69136687,-0.022968057,0.50075724,0.26867757,0.1845135,-0.59152581,0.080477519,0.12711778,-0.29974002,-0.94551414,2.8099665,-1.1696938,2.3
57,15900,15.900000,25,1.6873057,1.4444091,0.68553691,0.8037942,0.23117557,0.91062995,0.18682539,-0.023859039,0.41197984,0.51050322,-0.40207743,-0.12026745,-0.90767256,2.7085009,-2.8509478,2.3
57,15900,15.900000,26,1.6873057,0.13051347,0.9392825,0.47410913,0.29162249,-0.10453372,-0.18335003,-0.028141528,0.33573937,0.59225145,0.90578097,0.1362428,-0.40124648,1.9836736,0.14929553,2.3
57,15900,15.900000,27,1.6873057,1.4990459,1.3060399,0.42791247,-0.041661851,-0.17519661,0.19758062,0.5430723,-0.23311334,0.7028537,-0.28545335,-0.90432527,-0.31735185,1.893732,-1.8765515,2.3
57,15900,15.900000,28,1.6873057,1.0927273,0.91970281,1.4786259,-0.080411082,-0.19910907,0.29637089,0.024785417,-0.69781956,0.31679114,-0.70119504,-0.36248283,0.61394765,0.90974424,-2.6644771,2.3
57,15900,15.900000,29,1.6873057,0.63500104,1.5644682,0.12574416,-0.33594918,0.20539122,0.16832935,-0.043725056,0.37034145,-0.29253516,-0.80288133,0.39468058,0.44677602,1.1076379,2.6847035,2.3
57,15900,15.900000,30,1.6873057,0.090302132,0.71023023,1.576219,0.17801285,-0.35559435,0.14032976,-0.19009946,0.17894826,0.060294789,0.057474673,-0.99400582,0.093000445,1.4776613,-1.5130394,2.3
57,15900,15.900000,31,1.6873057,1.4239734,1.5852841,0.87917477,-0.087633774,0.15951113,-0.20727525,0.033554659,0.081229056,-0.21188579,-0.94631691,-0.30066359,-0.11868326,1.68976,-2.8339595,2.3
58,15950,15.950000,0,1.687595,0.56302227,0.23771211,0.48337777,0.24422435,0.16492081,0.42531593,-0.25824844,0.10265261,-0.30480373,-0.22754562,-0.9683836,0.10225554,1.4683617,-1.8015843,2.3
58,15950,15.950000,1,1.687595,1.3545378,0.12632833,0.4235177,-0.52716612,-0.56970901,-0.1231861,-0.1124774,-0.37118208,-0.47650181,0.57346166,0.33895481,-0.74582261,2.4125652,0.53382593,2.3
58,15950,15.950000,2,1.687595,0.60430491,0.76773139,0.55001701,0.097064138,0.49315714,-0.037398197,0.48120053,-0.066705717,0.46921894,0.64593098,0.75696833,-0.098853965,1.669812,0.86438199,2.3
58,15950,15.950000,3,1.687595,0.54489633,0.97544542,0.084100155,-0.087638952,0.28060867,-0.20821891,0.25993226,-0.3758037,0.11229096,-0.81347108,-0.57866989,-0.058360552,1.6291901,-2.5232839,2.3
58,15950,15.950000,4,1.687595,0.16134879,1.5489199,1.0505733,-0.17891171,-0.23006792,0.0022018363,-0.17094267,0.3450149,-0.022835964,0.18680176,0.67156749,-0.71700921,2.3702986,1.2994967,2.3
58,15950,15.950000,5,1.687595,0.11462429,0.25616041,0.77638158,-0.012305272,-0.21014039,-0.47284274,-0.19855376,0.46346061,0.49773854,-0.419768,0.89987112,-0.11843477,1.6895097,2.0072666,2.3
58,15950,15.950000,6,1.687595,0.56948693,0.052232768,1.2520598,-0.10475095,-0.28052449,-0.28222908,0.13167196,0.10266757,-0.081184007,0.37613029,0.55593902,-0.74125422,2.4057333,0.97597056,2.3
58,15950,15.950000,7,1.687595,0.57501365,0.48770747,0.99847201,-0.047107638,-0.07335502,-0.027584621,-0.17516318,0.59184653,0.12988994,0.29861547,0.25870222,-0.91864137,2.7354242,0.71390353,2.3
58,15950,15.950000,8,1.687595,0.20442314,1.3699317,0.16561443,0.021909157,0.24551233,-0.09890291,-0.15720402,-0.26624602,-0.15728035,0.13585978,-0.85168889,-0.50613058,2.1014887,-1.412611,2.3
58,15950,15.950000,9,1.687595,0.16659427,0.97619358,0.87771968,-0.014599916,-0.53302869,0.27555734,0.024167121,-0.40435165,0.57943566,-0.96555251,0.2403845,-0.099617473,1.6705793,2.8975925,2.3
58,15950,15.950000,10,1.687595,1.1440935,1.1398149,0.56113246,0.49638451,0.17409911,-0.19189134,-0.30078276,-0.31536787,-0.70801912,-0.33771702,0.89885581,0.27929456,1.287737,1.930197,2.3
58,15950,15.950000,11,1.687595,0.55176492,1.3278631,0.55550655,-0.089833077,-0.17455841,0.13008233,0.099242993,-0.1797929,0.095675689,-0.85066614,0.36405396,0.37925168,1.1818089,2.7372147,2.3
58,15950,15.950000,12,1.687595,0.017325924,1.1498059,1.3557903,-0.14427362,0.22056046,0.30859576,-0.11131304,-0.38683014,0.3548322,-0.49946245,-0.81460853,-0.29487319,1.8701191,-2.1208157,2.3
58,15950,15.950000,13,1.687595,0.5407741,1.2808134,1.4103995,0.23849277,-0.1163149,0.057572248,0.082438224,0.47082714,-0.37059875,-0.33644898,0.12931216,-0.93278103,2.7728493,2.7746552,2.3
58,15950,15.950000,14,1.687595,0.38572802,0.78677776,1.2325847,-0.024241939,-0.12630047,-0.27570878,-0.34720987,0.49513639,-0.25429475,0.61221125,0.78905636,-0.050866915,1.6216852,0.91093813,2.3
58,15950,15.950000,15,1.687595,1.4235864,1.5183524,1.43619,0.64996472,-0.019032781,0.21670372,0.23663676,0.085792621,-0.49157073,0.96313597,-0.22530723,-0.14698894,1.7183198,-0.22979854,2.3
58,15950,15.950000,16,1.687595,0.73535196,0.41795898,1.5458192,-0.3089025,0.084964211,-0.31698231,-0.43190774,0.10010781,-0.26982534,-0.79949289,-0.28461283,0.52896754,1.0134128,-2.79959,2.3
58,15950,15.950000,17,1.687595,1.0122628,0.42055686,0.65447919,0.0091638137,-0.19828126,0.0023830943,0.72895371,-0.82915148,-0.10671668,0.25207291,-0.96648777,0.048586284,1.5221909,-1.3156666,2.3
58,15950,15.950000,18,1.687595,0.14288815,0.1903241,0.34461803,0.37235239,-0.090126815,-0.15069446,-0.16864436,0.23046425,0.033116961,0.62606881,0.77685587,0.067326118,1.5034192,0.89246764,2.3
58,15950,15.950000,19,1.687595,1.0495373,0.6634017,0.21407335,-0.29164381,-0.16505192,0.073385194,0.67529257,-0.074350396,-0.35891757,0.75866676,-0.63603012,0.14103346,1.4292911,-0.69769307,2.3
58,15950,15.950000,20,1.687595,1.0303548,1.3765263,1.2450054,-0.10443367,-0.50891836,0.31045562,-0.87533867,-0.28538611,0.23956573,-0.22275501,0.36327069,0.90466271,0.4402088,2.12086,2.3
58,15950,15.950000,21,1.687595,0.87747052,0.80811141,1.0941612,-0.032272181,0.062200907,-0.444922,0.68268981,-0.084604158,0.033589325,0.88311463,-0.12451178,-0.45233326,2.0401761,-0.14006839,2.3
58,15950,15.950000,22,1.687595,1.2191469,0.43344707,1.1728089,-0.18939162,0.2009181,-0.13832139,-0.68229013,-0.15259913,0.054694176,0.0099253663,0.19277127,0.98119352,0.19424584,1.519354,2.3
58,15950,15.950000,23,1.687595,1.3269366,1.0778542,0.99504107,-0.13407583,0.41054431,0.03227686,-0.13098252,0.068156714,0.10015986,0.79872415,0.15217315,0.58213664,0.9494423,0.18826406,2.3
58,15950,15.950000,24,1.687595,0.97453545,1.5517165,0.69734289,-0.015877825,0.47858517,0.27453456,0.14536666,-0.25687479,0.20945671,0.47343702,-0.20598031,-0.85640499,2.5990623,-0.4103727,2.3
58,15950,15.950000,25,1.687595,1.4412452,0.70173403,0.82694168,0.22776429,0.92670816,0.20983309,-0.19979067,0.23793173,0.3502379,-0.13988582,0.22065605,-0.96526829,2.8772647,2.1358087,2.3
58,15950,15.950000,26,1.687595,0.12902285,0.95695748,0.48337344,0.29010962,-0.087021277,-0.1741678,-0.082969969,0.34248964,-0.38582257,0.89208681,0.31777995,-0.32124294,1.897838,0.34220602,2.3
58,15950,15.950000,27,1.687595,1.53256,1.305333,0.4559004,-0.0084075725,-0.17612733,0.22549278,0.71744573,0.16978727,0.38944382,-0.38883537,-0.80174129,-0.45389201,2.0419247,-2.0223628,2.3
58,15950,15.950000,28,1.687595,1.0958111,0.8907833,1.4987567,-0.077514851,-0.22818377,0.31624647,0.11156454,-0.39249628,0.47466418,-0.72477793,-0.6104033,0.31953835,1.2455541,-2.4416481,2.3
58,15950,15.950000,29,1.687595,0.63600706,1.5810321,0.11345825,-0.3350521,0.22168547,0.15602294,0.082010265,0.27178684,-0.23020356,-0.97376565,-0.12907183,0.18740576,1.3822759,-3.0098117,2.3
58,15950,15.950000,30,1.687595,0.080889891,0.71716267,1.5791863,0.16858594,-0.34878427,0.14302657,-0.16029723,0.15078161,0.088593611,0.1129075,-0.90264188,0.41531859,1.1425033,-1.4463571,2.3
58,15950,15.950000,31,1.687595,1.4240839,1.5953939,0.87492931,-0.087767391,0.16934828,-0.21167107,-0.088880701,0.29538476,-0.046587897,-0.76890763,-0.45828275,-0.4458228,2.0328896,-2.6041063,2.3
59,16000,16.000000,0,1.6873721,0.56135284,0.24517461,0.46894661,0.24262916,0.17241519,0.41094766,0.12502726,0.097463207,-0.32568118,0.1373016,-0.44808184,0.88338606,0.48775741,-1.2734593,2.3
59,16000,16.000000,1,1.6873721,1.3498515,0.10686656,0.39876248,-0.53167381,-0.58915539,-0.14788703,-0.19697037,-0.35255932,-0.51144988,0.50864487,0.34639478,-0.78822018,2.4787078,0.59787039,2.3
59,16000,16.000000,2,1.6873721,0.62679461,0.76277797,0.57174954,0.11963513,0.48830476,-0.015591597,0.44817612,-0.041514997,0.45024577,0.33513303,0.91751664,-0.21412395,1.7865912,1.2205912,2.3
59,16000,16.000000,3,1.6873721,0.55582712,0.9558994,0.095024092,-0.076635485,0.26119017,-0.19728314,0.17372402,-0.3802738,0.37464234,-0.53292019,-0.77529187,-0.33899644,1.9166463,-2.1730022,2.3
59,16000,16.000000,4,1.6873721,0.15939382,1.5585965,1.052229,-0.1808455,-0.2201861,0.003996342,-0.12094074,0.020955771,0.097997983,0.14374682,0.64634024,-0.74938718,2.4179324,1.3519569,2.3
59,16000,16.000000,5,1.6873721,0.10492609,0.28310695,0.79282364,-0.021988977,-0.18315825,-0.45629707,-0.12244116,0.51233827,0.25241932,-0.76484995,0.55858136,-0.32092275,1.8974999,2.5108095,2.3
59,16000,16.000000,6,1.6873721,0.57242955,0.064065209,1.2484304,-0.10173293,-0.26868437,-0.28569335,0.078236303,0.26819584,-0.094369457,0.5265228,0.45141541,-0.72041507,2.3751969,0.70874686,2.3
59,16000,16.000000,7,1.6873721,0.56768271,0.50440298,1.0001225,-0.054363125,-0.056594013,-0.02580214,-0.21755774,0.17191791,0.034837252,0.2392473,0.45171385,-0.8594855,2.6050586,1.0837161,2.3
59,16000,16.000000,8,1.6873721,0.20054122,1.3566942,0.15492007,0.018053971,0.23245491,-0.10957611,0.062680026,-0.10701383,-0.24150529,-0.24775444,-0.91043982,-0.33123567,1.9084092,-1.8364887,2.3
59,16000,16.000000,9,1.6873721,0.1606553,0.96076976,0.9092226,-0.020517275,-0.54832462,0.30717825,-0.28316002,-0.16982036,0.41774574,-0.50158027,0.86186466,0.074876851,1.4958493,2.0978537,2.3
59,16000,16.000000,10,1.6873721,1.1306955,1.1133565,0.52742104,0.48313673,0.14778946,-0.22553088,-0.26248268,-0.57308127,-0.62597929,-0.17340372,0.96624746,0.19051772,1.3791068,1.7483671,2.3
59,16000,16.000000,11,1.6873721,0.55396888,1.3238388,0.56106399,-0.087556101,-0.1784076,0.13571349,0.12284532,-0.059146847,0.069857927,-0.7005453,0.38773586,0.59908028,0.92844437,2.6360837,2.3
59,16000,16.000000,12,1.6873721,0.013636495,1.1287797,1.3734025,-0.147961,0.19968465,0.32638816,-0.094207105,-0.3793207,0.29774047,-0.41652281,-0.8497304,-0.32321353,1.8999197,-2.026559,2.3
59,16000,16.000000,13,1.6873721,0.54561587,1.3008679,1.3934295,0.24340627,-0.096089922,0.04078736,0.08117545,0.42554761,-0.18622246,-0.49992012,0.67319873,-0.54487002,2.1470304,2.2095472,2.3
59,16000,16.000000,14,1.6873721,0.36826022,0.81349259,1.2335593,-0.041659956,-0.099479971,-0.27457133,-0.21088652,0.47566603,0.27930215,0.79380686,0.58641647,0.16120298,1.4088869,0.63625534,2.3
59,16000,16.000000,15,1.6873721,1.4413898,1.5263079,1.4140359,0.66795724,-0.010876295,0.19473783,0.41950328,0.11022838,-0.31973119,0.92436313,-0.28392253,-0.25483486,1.8284733,-0.29800779,2.3
59,16000,16.000000,16,1.6873721,0.7146285,0.4297455,1.5332118,-0.32953023,0.096806696,-0.32938646,-0.40246781,0.33781285,-0.22191101,-0.42013027,-0.83573807,0.35359925,1.2093802,-2.0366061,2.3
59,16000,16.000000,17,1.6873721,1.0502344,0.3784483,0.64809571,0.0472716,-0.24033707,-0.0039143894,0.83820531,-0.81988895,-0.13155019,0.26170791,-0.8511926,0.45495068,1.0984795,-1.2725094,2.3
59,16000,16.000000,18,1.6873721,0.13200368,0.19951159,0.34120889,0.36148608,-0.080913593,-0.15405831,-0.34503438,0.10230683,-0.24005942,0.65759147,0.72112147,-0.21807631,1.7906392,0.8314448,2.3
59,16000,16.000000,19,1.6873721,1.080005,0.66356457,0.19623482,-0.26103557,-0.16480143,0.055573757,0.57988431,0.092302702,-0.31040496,0.85410415,-0.46421991,-0.23453355,1.807535,-0.49785204,2.3
59,16000,16.000000,20,1.6873721,0.98406633,1.3600694,1.2549435,-0.15058916,-0.52519455,0.32055883,-0.88324566,-0.30340425,0.19351462,-0.083921668,0.20574874,0.9749998,0.22407618,1.9580809,2.3
59,16000,16.000000,21,1.6873721,0.91319839,0.80042133,1.1001212,0.0035739234,0.054617032,-0.43881711,0.68266879,-0.11118448,0.20718437,0.70505556,0.63816774,-0.30925491,1.8852058,0.73564276,2.3
59,16000,16.000000,22,1.6873721,1.1788518,0.41720124,1.1752844,-0.22952839,0.18472844,-0.13569086,-0.82074655,-0.50097822,-0.057212815,-0.085751999,0.19456548,0.97713401,0.21425998,1.9859196,2.3
59,16000,16.000000,23,1.6873721,1.3177442,1.0886984,1.0011527,-0.14309363,0.42153153,0.038520283,-0.19777237,0.34809307,0.17216535,0.94112789,0.29791202,0.15977087,1.4103378,0.30656834,2.3
59,16000,16.000000,24,1.6873721,0.97455458,1.5441568,0.70720064,-0.015730003,0.47122981,0.28448504,-0.087801254,-0.12256643,0.16288824,0.66669898,0.22441901,-0.71073805,2.3613432,0.32469862,2.3
59,16000,16.000000,25,1.6873721,1.4341755,0.70366041,0.83535917,0.22088446,0.92872733,0.21836033,-0.082441335,-0.14827971,-0.090753111,-0.053036367,0.55800441,-0.82814143,2.54658,1.6655582,2.3
59,16000,16.000000,26,1.6873721,0.13234046,0.96722296,0.45482836,0.29344449,-0.076628749,-0.20265093,0.21252904,0.067822196,-0.66598752,0.85845202,0.51035402,0.050979389,1.5197948,0.53636926,2.3
59,16000,16.000000,27,1.6873721,1.5602999,1.3204877,0.47617941,0.019536502,-0.16079928,0.24583333,0.43826122,0.37651177,0.33377879,-0.2457444,-0.73112881,-0.63644352,2.2606749,-1.8950496,2.3
59,16000,16.000000,28,1.6873721,1.1053517,0.88159819,1.5216566,-0.067828855,-0.23725185,0.33934585,0.26740357,-0.069841611,0.51779277,-0.70503748,-0.70861242,-0.028117441,1.5989175,-2.3536656,2.3
59,16000,16.000000,29,1.6873721,0.64493928,1.5974956,0.10660245,-0.32603531,0.23835886,0.14918167,0.22154741,0.38405617,-0.00098053915,-0.8034694,-0.57328008,-0.16058291,1.7320775,-2.5218598,2.3
59,16000,16.000000,30,1.6873721,0.074647249,0.71816878,1.5870889,0.16235356,-0.34768338,0.15113817,-0.17300413,-0.10946742,0.24375707,0.35910847,-0.76298749,0.537486,1.0033433,-1.1308942,2.3
59,16000,16.000000,31,1.6873721,1.4166386,1.6111529,0.87081617,-0.095025141,0.18531893,-0.21566895,-0.2014898,0.38071074,-0.082572019,-0.43644142,-0.66989115,-0.60063695,2.2150939,-2.148233,2.3
