frame,step,time_ps,molecule_id,box_nm,x_nm,y_nm,z_nm,dx_nonaffine_nm,dy_nonaffine_nm,dz_nonaffine_nm,vx_nm_ps,vy_nm_ps,vz_nm_ps,dipole_ux,dipole_uy,dipole_uz,theta_rad,phi_rad,dipole_debye
0,6100,3.050000,0,1.5760237,0.17187872,0.150377,0.22761559,-0.0044338437,0.0056749207,0.0016050285,-0.057431186,0.14407241,0.018698131,0.25904829,-0.68563152,0.68029656,0.82262916,-1.2095518,0
0,6100,3.050000,1,1.5760237,0.22352515,0.53908132,0.60996052,0.002675375,0.0052086837,0.010278479,0.050064386,0.058970722,0.20346496,0.16804924,0.97357271,0.15464679,1.4155264,1.3998697,0
0,6100,3.050000,2,1.5760237,0.62157047,0.21930879,0.66263709,0.001544594,-0.0064215462,0.0058314843,0.03085882,-0.17463485,0.13033062,-0.47775463,-0.54310686,0.69049652,0.80862106,-2.292265,0
0,6100,3.050000,3,1.5760237,0.55860719,0.56878776,0.20366264,-0.0034009251,0.00065468619,0.0024875699,-0.045745376,-0.025816101,0.09999427,-0.51898464,-0.81229031,0.26615672,1.3013926,-2.1393396,0
0,6100,3.050000,4,1.5760237,0.1903814,0.16692942,1.0258209,0.002844362,0.0032257064,-0.0094132631,-0.0015683901,0.13269564,-0.22786288,-0.80136973,-0.43265216,-0.41306012,1.996608,-2.6465439,0
0,6100,3.050000,5,1.5760237,0.1789185,0.56370614,1.3706277,0.0077381147,0.006173238,0.0082796636,0.20584315,0.21233785,0.21596019,0.56683102,0.77899589,-0.26808207,1.842198,0.94175781,0
0,6100,3.050000,6,1.5760237,0.5942503,0.23733116,1.3616623,0.0015914873,0.0040919303,-0.0021637158,0.081925851,0.12547775,-0.075985739,0.90015207,0.054337849,-0.43217316,2.0176975,0.060292025,0
0,6100,3.050000,7,1.5760237,0.57001708,0.64482863,0.99397569,-0.0078208861,0.00015684815,-0.0033898524,-0.11093321,-0.13126187,-0.091139504,0.87075589,0.49160626,-0.010366098,1.5811626,0.51396367,0
0,6100,3.050000,8,1.5760237,0.15809683,0.93556798,0.19671917,-0.0015873343,-0.0093304727,-0.0075041342,0.050759578,-0.17912511,-0.19511838,-0.40069986,0.81317607,-0.42211883,2.0065776,2.0286344,0
0,6100,3.050000,9,1.5760237,0.20464704,1.3373963,0.62640669,-0.011600108,0.006299673,-0.0041927636,-0.27902229,0.20940754,-0.088415211,0.71155573,0.3536249,0.60715556,0.91832044,0.46122411,0
0,6100,3.050000,10,1.5760237,0.57544271,1.0314624,0.58239335,-0.0071149941,0.0057349775,0.0025011759,-0.10440929,0.033349162,-0.020025669,0.21384902,0.42788427,-0.87817063,2.6428206,1.1073228,0
0,6100,3.050000,11,1.5760237,0.59890086,1.4378292,0.16729261,0.00353315,0.0033167193,0.0012867877,0.062797115,0.098021635,-0.016050331,-0.010373832,-0.98515148,0.17137372,1.3985725,-1.5813261,0
0,6100,3.050000,12,1.5760237,0.23126103,0.97819381,0.970894,0.010898174,0.0024288258,-0.0019038882,0.14961686,0.090790866,0.084911584,0.61107911,0.52175009,0.59528074,0.93318133,0.70670619,0
0,6100,3.050000,13,1.5760237,0.15920593,1.3818878,1.383391,-0.0061892246,-0.010706689,0.010832111,-0.10222718,-0.22513293,0.26172173,-0.87981666,0.47408115,-0.034200861,1.6050039,2.6473573,0
0,6100,3.050000,14,1.5760237,0.56832506,1.0070354,1.4158084,-0.0098303709,0.0055247714,0.006349812,-0.20579401,0.08265641,0.02948464,-0.43041543,-0.58420571,0.6880743,0.81196442,-2.2057654,0
0,6100,3.050000,15,1.5760237,0.59892774,1.3958863,1.013539,-0.0043242954,0.0038408592,0.0037694497,-0.05094836,0.053375449,0.087718828,0.33462999,-0.40312574,-0.85177016,2.5901511,-0.87797617,0
0,6100,3.050000,16,1.5760237,0.99450046,0.26848463,0.19257864,0.00010235978,0.0079133272,-0.0084309899,-0.026555298,0.12501111,-0.08824222,0.092977719,-0.97912788,0.18073111,1.3890666,-1.4761205,0
0,6100,3.050000,17,1.5760237,0.9810331,0.66431899,0.5629173,-0.014564196,-0.0063364447,-0.0040090264,-0.28669956,-0.1739541,-0.042833486,-0.78446705,0.48365489,-0.38818732,1.9694602,2.5891005,0
0,6100,3.050000,18,1.5760237,1.3830593,0.12827151,0.58293053,0.011299929,-0.012784321,0.0023594685,0.22337818,-0.2813697,0.025491588,-0.12910712,0.72979067,-0.67136944,2.3068514,1.7458944,0
0,6100,3.050000,19,1.5760237,1.36184,0.60304377,0.18759944,-0.0043263907,0.0046918944,0.010343854,-0.0371138,0.089063267,0.23488627,-0.66228408,0.69527168,-0.2792438,1.8538028,2.3319,0
0,6100,3.050000,20,1.5760237,1.0412887,0.18712221,0.9498852,0.0079868485,0.00012206279,-0.0021048584,0.047699959,0.02638678,-0.033127834,0.48882386,0.83961553,-0.23684804,1.8099166,1.0435682,0
0,6100,3.050000,21,1.5760237,0.98924784,0.59614956,1.3276345,0.004182911,-0.0026701397,0.012503413,0.087317721,-0.037510743,0.22540436,-0.85981805,0.39012529,0.32941641,1.2351109,2.7156412,0
0,6100,3.050000,22,1.5760237,1.347212,0.17925048,1.3787066,-0.008010404,-0.0026171576,-0.0018847576,-0.18193856,-0.030039607,-0.070648811,-0.31943923,-0.34969186,-0.88072367,2.6481843,-2.3110134,0
0,6100,3.050000,23,1.5760237,1.4365899,0.57917821,0.95422139,0.0043520302,0.0028732358,-0.003936706,-0.018061759,0.095664478,-0.11744353,0.026344188,0.0579405,0.99797239,0.063691444,1.1440602,0
0,6100,3.050000,24,1.5760237,0.9512971,1.0046912,0.14872987,0.0040485048,-0.0056240492,-0.00993179,0.1260788,-0.086504843,-0.22447232,0.53619514,-0.53817912,-0.65027533,2.2787431,-0.7872448,0
0,6100,3.050000,25,1.5760237,0.97280471,1.3363352,0.59498032,-0.0091499397,-0.010153496,-0.0091322794,-0.22401603,-0.1369767,-0.17542289,-0.45908049,0.83247429,-0.31021228,1.8862127,2.0747637,0
0,6100,3.050000,26,1.5760237,1.401878,0.96041959,0.55623833,0.0092559254,-0.0031730902,-0.0094381146,0.1640424,-0.074809076,-0.14085315,0.79020652,-0.60591996,-0.091840435,1.6627664,-0.6541584,0
0,6100,3.050000,27,1.5760237,1.3488471,1.3635746,0.21549724,0.0025031402,0.0021467633,-0.0027222725,0.020952124,0.08110373,-0.047507063,-0.8919003,0.41429208,-0.18131722,1.753122,2.7067421,0
0,6100,3.050000,28,1.5760237,1.0267665,0.98546658,1.0114264,0.0091922087,-0.0069922137,0.010037813,0.2502403,-0.17597521,0.22303311,-0.7656648,0.45548386,0.45419365,1.0993294,2.6049414,0
0,6100,3.050000,29,1.5760237,0.97220299,1.4170032,1.3781721,0.00016777782,0.00017436633,0.00123355,-0.0083161275,0.0032933403,0.067203418,0.18000538,-0.81132933,-0.55618592,2.1605856,-1.3524681,0
0,6100,3.050000,30,1.5760237,1.4180281,1.0093551,1.3747493,0.0022116812,0.007357752,-0.0069918109,0.023740294,0.097399469,-0.20990801,-0.67360402,0.68265014,0.28327798,1.2835859,2.3495247,0
0,6100,3.050000,31,1.5760237,1.3861839,1.3376194,0.9874213,0.0062264259,-0.00083327681,-0.0025851411,0.13563027,-0.035290174,-0.026623712,-0.87676629,0.46915042,0.1057296,1.4648687,2.6502673,0
1,6200,3.100000,0,1.5622185,0.17208873,0.15641994,0.22499358,-0.0027106754,0.013067603,0.00097404212,0.093301629,0.14944075,-0.032110413,0.13392901,-0.70958054,0.69177921,0.80684626,-1.384247,0
1,6200,3.100000,1,1.5622185,0.22756494,0.53630626,0.61175106,0.0086996433,0.0071643136,0.017443489,0.15721181,0.0017226246,0.081011342,0.45688331,0.88669625,0.070904217,1.4998326,1.0950116,0
1,6200,3.100000,2,1.5622185,0.616355,0.21076986,0.66052875,0.0017747843,-0.013068673,0.0095438522,-0.011296006,-0.081224851,-0.0012964966,-0.51666392,-0.55803919,0.64934633,0.86407174,-2.3177142,0
1,6200,3.100000,3,1.5622185,0.55172375,0.56030194,0.20692434,-0.0054000367,-0.0028643157,0.0075555545,-0.066190017,-0.12391355,0.051506806,-0.29024824,-0.94667616,0.13985779,1.4304785,-1.8682945,0
1,6200,3.100000,4,1.5622185,0.18796136,0.17251083,1.0056648,0.0020886455,0.010300459,-0.020633054,-0.033121294,0.088527362,-0.21253315,-0.73736381,-0.51413,-0.43813806,2.0243226,-2.5327119,0
1,6200,3.100000,5,1.5622185,0.19013179,0.57450303,1.3742442,0.020575111,0.021977434,0.023971201,0.25357584,0.37017427,0.35035957,0.43653584,0.79462004,-0.42191877,2.006357,1.0684414,0
1,6200,3.100000,6,1.5622185,0.59228731,0.24410408,1.3466163,0.0048481682,0.012982868,-0.0052960148,0.10822868,0.2183311,-0.04340585,0.85748315,0.11337998,-0.50186415,2.096549,0.13146156,0
1,6200,3.100000,7,1.5622185,0.56527944,0.6266028,0.98125838,-0.0075643288,-0.012476175,-0.0074181485,0.12244349,-0.32945151,-0.058578078,0.84408542,0.49108216,-0.21530935,1.7878049,0.52692369,0
1,6200,3.100000,8,1.5622185,0.16558046,0.91993766,0.18279334,0.0073203268,-0.016798537,-0.019760721,0.26719518,-0.13498333,-0.23166829,-0.45347825,0.76426293,-0.45854079,2.0471488,2.1063145,0
1,6200,3.100000,9,1.5622185,0.18813249,1.3361238,0.61595467,-0.026387108,0.016788179,-0.009179714,-0.28958759,0.20743103,-0.14505953,0.7221359,0.39107591,0.57059563,0.96356537,0.49633599,0
1,6200,3.100000,10,1.5622185,0.56661276,1.0238895,0.57775818,-0.010921099,0.0072037035,0.0029695434,-0.071203336,0.014015167,-0.014850306,0.22012943,0.42374528,-0.87862561,2.6437726,1.0916823,0
1,6200,3.100000,11,1.5622185,0.59163768,1.4316826,0.16588481,0.0015071385,0.0097932584,0.0013446388,-0.066749861,0.16495199,0.058040543,-0.066970438,-0.99312455,0.096013431,1.4746348,-1.6381285,0
1,6200,3.100000,12,1.5622185,0.23348305,0.97509905,0.96974277,0.015164694,0.007926747,0.0054819252,0.025565604,0.13437878,0.20587005,0.50478699,0.64041944,0.57883766,0.95349377,0.90328396,0
1,6200,3.100000,13,1.5622185,0.15389692,1.3614974,1.3853888,-0.010120958,-0.01902906,0.025010105,-0.017423911,-0.07316205,0.29545584,-0.86344144,0.49404436,-0.10192666,1.6729003,2.6218799,0
1,6200,3.100000,14,1.5622185,0.55323072,0.99950161,1.4020272,-0.019991166,0.0068177781,0.0049642542,-0.17368167,-0.020881589,-0.028337173,-0.36738117,-0.61345783,0.69907122,0.79669855,-2.1103841,0
1,6200,3.100000,15,1.5622185,0.59373708,1.3823658,1.0098848,-0.0042683948,0.0025419766,0.0090164504,0.03147864,-0.055313599,0.12567508,0.21280967,-0.44906378,-0.8677867,2.6215273,-1.1282489,0
1,6200,3.100000,16,1.5622185,0.98160724,0.269178,0.18849776,-0.0040980043,0.010971952,-0.010835553,-0.12887271,0.021118123,-0.028173728,0.11025018,-0.95858774,0.26259177,1.3050891,-1.4562863,0
1,6200,3.100000,17,1.5622185,0.9582115,0.64788117,0.55537267,-0.028855298,-0.017002078,-0.006634326,-0.25434272,-0.23801964,-0.051932537,-0.83725546,0.45777026,-0.29908142,1.8745262,2.6412473,0
1,6200,3.100000,18,1.5622185,1.381831,0.11565465,0.57856836,0.022234599,-0.024328366,0.0031067673,0.16551221,-0.13689204,-0.015951425,0.076977068,0.87893073,-0.47069662,2.0608765,1.4834389,0
1,6200,3.100000,19,1.5622185,1.3497159,0.60247766,0.1987106,-0.0045223204,0.0094289831,0.023154644,0.020912321,0.044761492,0.24448751,-0.69982689,0.59884267,-0.38939669,1.9707728,2.4337981,0
1,6200,3.100000,20,1.5622185,1.0286598,0.18561337,0.93801343,0.0044635742,0.00025289258,-0.005671802,-0.13694365,0.0089795642,-0.16027355,0.54552093,0.81662965,-0.18847525,1.7604057,0.98186078,0
1,6200,3.100000,21,1.5622185,0.98512654,0.58993003,1.3255389,0.0087470089,-0.0036721044,0.022079318,0.11344739,0.028366186,0.18585219,-0.80886642,0.50513834,0.30094912,1.2651086,2.5833518,0
1,6200,3.100000,22,1.5622185,1.327887,0.17892303,1.3644531,-0.015567741,-0.0013689718,-0.00407104,-0.12357436,0.019635307,-0.002525858,-0.44419118,-0.23913036,-0.86342971,2.6128256,-2.6477377,0
1,6200,3.100000,23,1.5622185,1.4188214,0.5774909,0.94125932,-0.00085559614,0.0062741929,-0.0085606156,-0.1599638,0.038313454,-0.05679322,0.22532871,0.05825845,0.97253942,0.23489227,0.25300819,0
1,6200,3.100000,24,1.5622185,0.95175649,0.9939883,0.13661785,0.012879633,-0.0075347798,-0.020788775,0.15956678,-0.030009798,-0.21125249,0.37281496,-0.40757643,-0.8336009,2.5563913,-0.82991238,0
1,6200,3.100000,25,1.5622185,0.95430037,1.3205142,0.58086197,-0.019177102,-0.014287004,-0.018078248,-0.21980668,0.027575949,-0.14029058,-0.41981422,0.88884447,-0.18360702,1.7554509,2.0120513,0
1,6200,3.100000,26,1.5622185,1.3957371,0.94762047,0.54895167,0.015421864,-0.0075787873,-0.011863066,0.050912726,-0.094924189,0.067136773,0.652402,-0.72521858,-0.22006736,1.7926798,-0.83820579,0
1,6200,3.100000,27,1.5622185,1.3377803,1.3562576,0.21114763,0.0032548506,0.006794397,-0.0051951094,0.0093454954,0.08122398,-0.08396562,-0.91954922,0.2907418,-0.26438313,1.8383606,2.83536,0
1,6200,3.100000,28,1.5622185,1.0308804,0.96894361,1.0119893,0.022357998,-0.014917849,0.019501957,0.22091398,-0.15511271,0.13821102,-0.76298437,0.47289838,0.44070621,1.1144111,2.5867408,0
1,6200,3.100000,29,1.5622185,0.96220652,1.4033283,1.3668661,-0.0013192179,-0.0010938914,0.002003058,-0.032028024,-0.039716911,-0.024962576,0.22400322,-0.67844421,-0.69966849,2.3457297,-1.2518937,0
1,6200,3.100000,30,1.5622185,1.4030182,1.004535,1.3508246,-0.00038842607,0.011396906,-0.018926894,-0.11744573,-0.024598973,-0.29644842,-0.35011366,0.85440869,0.38393516,1.176742,1.9596993,0
1,6200,3.100000,31,1.5622185,1.3785615,1.3211429,0.97618741,0.010766283,-0.0056139436,-0.0051811273,0.078039397,-0.074136447,-0.034188825,-0.79017219,0.59391753,0.15129401,1.4189191,2.4970488,0
2,6300,3.150000,0,1.5546642,0.17589901,0.16571352,0.21954592,0.0019430413,0.023141991,-0.0033962249,0.083279236,0.22091165,-0.10090892,0.060568417,-0.73318064,0.67733125,0.82666738,-1.488373,0
2,6300,3.150000,1,1.5546642,0.23396615,0.53523157,0.60807649,0.016219498,0.0086867001,0.01672539,0.13781728,0.00068162923,-0.10696391,0.65271227,0.75756595,-0.0077795293,1.5785759,0.85961126,0
2,6300,3.150000,2,1.5546642,0.61300934,0.20921496,0.65587759,0.0014087191,-0.013605672,0.0080832312,-0.03673773,0.084665748,-0.07941606,-0.63851402,-0.5504952,0.53782421,1.0029422,-2.4300867,0
2,6300,3.150000,3,1.5546642,0.54484562,0.55094677,0.20836605,-0.0096204538,-0.0095262081,0.010003805,-0.12588189,-0.1791174,0.073253718,-0.15771266,-0.9874842,-0.0012917786,1.5720881,-1.7291704,0
2,6300,3.150000,4,1.5546642,0.18310058,0.17574748,0.989309,-0.0018728211,0.014381192,-0.032153736,-0.1158268,0.10937511,-0.22537942,-0.66460471,-0.62144762,-0.41485351,1.9985781,-2.3897397,0
2,6300,3.150000,5,1.5546642,0.19965418,0.5874617,1.3827649,0.031042282,0.03775243,0.039174147,0.15754561,0.22052744,0.22728845,0.33958412,0.74456643,-0.57472033,2.1830587,1.1428953,0
2,6300,3.150000,6,1.5546642,0.59548844,0.2544687,1.3377681,0.010928128,0.024555943,-0.0076381301,0.16225933,0.16786992,-0.034699179,0.79257499,0.19946217,-0.57622888,2.1849033,0.24654367,0
2,6300,3.150000,7,1.5546642,0.57426942,0.60629659,0.97156095,0.0041876305,-0.029794331,-0.012382591,0.29592858,-0.36441722,-0.11419457,0.72376524,0.52099465,-0.45246928,2.0403287,0.6239172,0
2,6300,3.150000,8,1.5546642,0.17857328,0.90657669,0.17617088,0.021147345,-0.025732663,-0.025513197,0.17984424,-0.13132452,-0.03236731,-0.52152461,0.69015421,-0.50169636,2.096355,2.2179125,0
2,6300,3.150000,9,1.5546642,0.17864033,1.33928,0.60760535,-0.034990375,0.026428799,-0.014563545,-0.06162062,0.15146448,-0.049130433,0.69508645,0.51138659,0.50531038,1.0410547,0.63429684,0
2,6300,3.150000,10,1.5546642,0.55868863,1.0158321,0.57062473,-0.016117887,0.0040899367,-0.0013806201,-0.16885495,-0.10345812,-0.13006471,0.091734778,0.43150341,-0.89743498,2.6847166,1.3613216,0
2,6300,3.150000,11,1.5546642,0.58394923,1.4320218,0.16913157,-0.0033320972,0.017073235,0.0054034008,-0.065896547,0.1315097,0.12799778,-0.10925493,-0.98994891,-0.089802694,1.6607202,-1.6807157,0
2,6300,3.150000,12,1.5546642,0.22990737,0.9761751,0.97685506,0.012712105,0.0137321,0.017312225,-0.095884812,0.0691468,0.20002928,0.43107256,0.69079919,0.5804937,0.95146146,1.012902,0
2,6300,3.150000,13,1.5546642,0.15445351,1.3562101,1.3917157,-0.0088170249,-0.017729506,0.03806787,0.049847703,0.17149581,0.26195273,-0.78327374,0.59262557,-0.18782221,1.7597408,2.4938804,0
2,6300,3.150000,14,1.5546642,0.54817558,0.99320065,1.3934404,-0.022376856,0.0053464914,0.0031527661,0.055102278,-0.02738039,-0.10529163,-0.33190073,-0.62511484,0.70645123,0.78632482,-2.0588913,0
2,6300,3.150000,15,1.5546642,0.59239122,1.373172,1.0123744,-0.002739453,2.6714411e-05,0.016407358,0.047321235,0.00043733504,0.16500393,0.26442238,-0.55313071,-0.79001723,2.4816334,-1.124865,0
2,6300,3.150000,16,1.5546642,0.97237247,0.26644289,0.1892629,-0.0085969811,0.0095350032,-0.0091548329,-0.10648763,-0.063229805,0.089212555,0.23303457,-0.871406,0.43167867,1.1244434,-1.3094873,0
2,6300,3.150000,17,1.5546642,0.9408387,0.63200649,0.55031444,-0.041625473,-0.029774785,-0.0090127335,-0.25665064,-0.24252289,-0.018064781,-0.87604242,0.43845863,-0.20075785,1.7729278,2.6775457,0
2,6300,3.150000,18,1.5546642,1.3777769,0.11120586,0.57746566,0.024869001,-0.028227342,0.0048059343,-0.048058143,0.044263986,0.066365958,0.31339836,0.9311183,-0.18654804,1.7584437,1.2461242,0
2,6300,3.150000,19,1.5546642,1.3467355,0.59999895,0.20951287,-0.00096726503,0.009864694,0.034946394,0.1171682,-0.068494825,0.16247783,-0.63084756,0.54446238,-0.55280383,2.1565215,2.4295625,0
2,6300,3.150000,20,1.5546642,1.0153186,0.18428217,0.92574286,-0.0039236537,-0.00018179667,-0.013425259,-0.15761883,-0.023692253,-0.15721555,0.55624783,0.79853598,-0.23006224,1.802938,0.96236629,0
2,6300,3.150000,21,1.5546642,0.98749648,0.59143691,1.3271552,0.015898002,0.00069805885,0.030124954,0.16746832,0.13526125,0.097028343,-0.77316367,0.55899608,0.29956856,1.2665559,2.5155977,0
2,6300,3.150000,22,1.5546642,1.3188841,0.18030431,1.3601324,-0.018155665,0.00088297696,-0.001788218,0.035041537,0.052078037,0.11627858,-0.42132595,-0.088358374,-0.90259473,2.6965556,-2.9348734,0
2,6300,3.150000,23,1.5546642,1.4027873,0.57600403,0.93555612,-0.010050977,0.0075830407,-0.0097150157,-0.19568071,-0.013205214,0.003925119,0.41520058,-0.058268335,0.90786193,0.43264028,-0.13942723,0
2,6300,3.150000,24,1.5546642,0.95403773,0.98971715,0.12457113,0.019779957,-0.0069980528,-0.032202523,0.10964609,0.04407315,-0.20422128,0.20563095,-0.20217678,-0.95751787,2.8490644,-0.77692825,0
2,6300,3.150000,25,1.5546642,0.93883535,1.3184556,0.57096509,-0.030053823,-0.0099496176,-0.025183508,-0.1731867,0.14646554,-0.15907473,-0.36889854,0.91827403,-0.14382864,1.7151255,1.9527935,0
2,6300,3.150000,26,1.5546642,1.3917975,0.94010891,0.555825,0.018238432,-0.010515116,-0.0023120528,0.09460592,0.0032969565,0.29153492,0.55233865,-0.79494092,-0.25097997,1.8244888,-0.96355721,0
2,6300,3.150000,27,1.5546642,1.3331378,1.3522734,0.20654905,0.005085788,0.0093748832,-0.0087813414,0.04435956,-0.019697112,-0.12308603,-0.93082058,0.11068084,-0.34831424,1.9265684,3.0232416,0
2,6300,3.150000,28,1.5546642,1.034135,0.95688193,1.0102426,0.030617569,-0.022311985,0.022656576,0.083308098,-0.13651294,0.016554162,-0.74024716,0.51123337,0.43666301,1.1189103,2.5371862,0
2,6300,3.150000,29,1.5546642,0.95904752,1.3942245,1.3619749,0.00017829551,-0.0034172742,0.003725668,0.043010787,-0.059019797,0.052462048,0.29982232,-0.52693894,-0.79526218,2.4902362,-1.0534914,0
2,6300,3.150000,30,1.5546642,1.3832257,0.99202397,1.3324632,-0.013428053,0.0037248562,-0.030784867,-0.29750481,-0.26291169,-0.14072169,-0.15958252,0.86167319,0.48171853,1.0681816,1.7539222,0
2,6300,3.150000,31,1.5546642,1.3735055,1.3112333,0.96549163,0.01238035,-0.0091435277,-0.011170931,0.043560566,-0.056163846,-0.10856582,-0.71715025,0.65988828,0.22414947,1.3447261,2.397754,0
3,6400,3.200000,0,1.5705172,0.17991356,0.17736733,0.21472207,0.0041527234,0.033055723,-0.010423153,0.022601997,0.17179232,-0.182809,0.092893376,-0.74628217,0.65911587,0.85115381,-1.4469584,0
3,6400,3.200000,1,1.5705172,0.24180727,0.54133398,0.60604571,0.021647315,0.0093280577,0.0085355591,0.076786727,0.037868625,-0.2160367,0.76077978,0.64802419,-0.035759917,1.6065639,0.70553201,0
3,6400,3.200000,2,1.5705172,0.61670007,0.21550247,0.65563134,-0.0011385321,-0.009472503,0.0011839456,-0.0897612,0.07080906,-0.17493968,-0.74649357,-0.48925346,0.45097495,1.102939,-2.5614292,0
3,6400,3.200000,3,1.5705172,0.55010553,0.54698279,0.21147982,-0.009914876,-0.019059872,0.010987869,0.079084307,-0.18044137,-0.043219621,-0.18588569,-0.98174128,-0.040380303,1.6111876,-1.7579239,0
3,6400,3.200000,4,1.5705172,0.17951361,0.18243875,0.99112396,-0.0072993527,0.019255632,-0.040385073,-0.14347014,0.039011284,-0.074503671,-0.55844174,-0.73251026,-0.38932189,1.9706916,-2.2221655,0
3,6400,3.200000,5,1.5705172,0.2059606,0.60108809,1.3996947,0.035291257,0.045349893,0.041989555,0.0057956241,0.052502064,-0.069837358,0.32934636,0.64183803,-0.69251348,2.3357637,1.0967,0
3,6400,3.200000,6,1.5705172,0.60912638,0.25899031,1.3534873,0.018455644,0.026472988,-0.0055707883,0.1251815,-0.059278759,0.10271417,0.77328986,0.20906729,-0.59859307,2.2125399,0.26404811,0
3,6400,3.200000,7,1.5705172,0.59549462,0.59617174,0.97251813,0.019479389,-0.046019329,-0.021287318,0.22528318,-0.29212773,-0.24355655,0.64641728,0.51490032,-0.56304738,2.1688649,0.67263056,0
3,6400,3.200000,8,1.5705172,0.18433785,0.91546429,0.18227314,0.025071088,-0.026087696,-0.021229095,-0.026899561,0.109545,0.22595187,-0.55022071,0.59600273,-0.58484007,2.1954792,2.3162741,0
3,6400,3.200000,9,1.5705172,0.18196296,1.3574046,0.61160747,-0.033496931,0.030874102,-0.016746142,0.13426768,0.061643528,-0.079289499,0.61526565,0.67773498,0.40264558,1.1563911,0.83367408,0
3,6400,3.200000,10,1.5705172,0.55468625,1.0221744,0.56583912,-0.025768302,9.3947532e-05,-0.011931409,-0.21615758,-0.081242932,-0.18771196,0.001142799,0.37169582,-0.92835387,2.7607557,1.5677218,0
3,6400,3.200000,11,1.5705172,0.58776404,1.4499638,0.17995432,-0.005461061,0.020395903,0.014455584,-0.032179356,-0.053273199,0.23572226,-0.16069033,-0.94667292,-0.2792651,1.853825,-1.7389359,0
3,6400,3.200000,12,1.5705172,0.2273634,0.9890706,0.99662001,0.0078484325,0.016658631,0.027066629,-0.11650468,0.033139152,0.21941559,0.45849551,0.68066056,0.57138696,0.96260145,0.97800648,0
3,6400,3.200000,13,1.5705172,0.1580343,1.3804215,1.4184842,-0.0068213224,-0.0073999013,0.050581518,0.048748767,0.23953946,0.156315,-0.64105168,0.68377809,-0.34856888,1.9268401,2.3239552,0
3,6400,3.200000,14,1.5705172,0.56133971,1.0035115,1.4033788,-0.014840742,0.0055287024,-0.0010962762,0.213771,0.026539367,-0.11383504,-0.31686155,-0.61502612,0.72203991,0.76405005,-2.04653,0
3,6400,3.200000,15,1.5705172,0.59689253,1.3897595,1.0287148,-0.0042710285,0.0025988254,0.022394167,-0.076602679,0.09617649,0.046302853,0.436787,-0.67791636,-0.59130916,2.2034776,-0.99843285,0
3,6400,3.200000,16,1.5705172,0.979626,0.26027558,0.19677654,-0.011245364,0.00069559375,-0.0035992988,0.0079349105,-0.24771648,0.14902732,0.4124243,-0.66013088,0.62780046,0.89207216,-1.0123686,0
3,6400,3.200000,17,1.5705172,0.94029914,0.62799759,0.55673063,-0.051707692,-0.040175549,-0.0082122088,-0.088224497,-0.14417652,0.061404092,-0.89983112,0.42777832,-0.085496603,1.6563974,2.6978193,0
3,6400,3.200000,18,1.5705172,1.3867956,0.11701235,0.5873026,0.019863736,-0.023578402,0.0087344852,-0.063460315,0.13820824,0.10027728,0.57889828,0.81471856,0.033323266,1.5374669,0.95302486,0
3,6400,3.200000,19,1.5705172,1.3640914,0.60239538,0.21738437,0.0026375922,0.0061616819,0.040652525,0.04766469,-0.11127013,0.063973361,-0.47278106,0.56570238,-0.67561741,2.3125981,2.2669542,0
3,6400,3.200000,20,1.5705172,1.0173855,0.18773712,0.92833399,-0.012168235,0.0013860591,-0.020239432,-0.16844665,0.072192787,-0.07757989,0.50094918,0.81769925,-0.28358044,1.8583221,1.0211399,0
3,6400,3.200000,21,1.5705172,1.0060686,0.60325367,1.3451938,0.024357671,0.0064546927,0.034607732,0.1434522,0.11004538,0.072472379,-0.80573046,0.50030208,0.31701144,1.2482196,2.5859256,0
3,6400,3.200000,22,1.5705172,1.337945,0.18590535,1.3822708,-0.012571886,0.004626446,0.0064390572,0.18787116,0.058504144,0.19758285,-0.25085441,0.0072786403,-0.96799746,2.8879208,3.1125854,0
3,6400,3.200000,23,1.5705172,1.4077566,0.57628634,0.94537786,-0.019338939,0.0020200139,-0.0094346267,-0.13603054,-0.20308774,0.043196535,0.53040672,-0.16256763,0.8320099,0.58807542,-0.29740589,0
3,6400,3.200000,24,1.5705172,0.96992083,1.0021522,0.11907871,0.025903604,-0.0046670508,-0.038931074,0.11466571,0.031688936,-0.069550987,0.16858758,0.052510414,-0.98428699,2.9640859,0.30194861,0
3,6400,3.200000,25,1.5705172,0.94212679,1.3427771,0.57009646,-0.036304048,0.00087265992,-0.031840546,-0.091919352,0.28591532,-0.074695331,-0.38959969,0.893132,-0.22478282,1.7975165,1.9821297,0
3,6400,3.200000,26,1.5705172,1.4078574,0.9487371,0.57825906,0.020096635,-0.011468443,0.014369601,-0.0041355677,0.019842905,0.3459064,0.64043503,-0.75068426,-0.16222241,1.7337388,-0.86448504,0
3,6400,3.200000,27,1.5705172,1.3489049,1.364855,0.20080401,0.0072478419,0.0081732827,-0.016592958,0.03710262,-0.015199007,-0.20345656,-0.94187784,0.026775107,-0.3348869,1.9122815,3.1131729,0
3,6400,3.200000,28,1.5705172,1.0446436,0.96088055,1.014651,0.030581221,-0.028041688,0.016793173,-0.12725101,-0.072452718,-0.18936634,-0.66954251,0.58538542,0.45720535,1.095946,2.4231555,0
3,6400,3.200000,29,1.5705172,0.97029487,1.4072069,1.3775812,0.0016387622,-0.0046457052,0.0054351187,0.020545289,0.016940909,-0.010948541,0.37175786,-0.42569189,-0.82497425,2.540953,-0.85292846,0
3,6400,3.200000,30,1.5705172,1.3860658,0.98768579,1.3440582,-0.024635995,-0.010656116,-0.032767033,-0.15318483,-0.30894645,0.046236721,-0.10915137,0.83892172,0.53319445,1.0084243,1.7001786,0
3,6400,3.200000,31,1.5705172,1.3877802,1.324988,0.97262029,0.012647958,-0.0087615285,-0.013873743,0.019883172,0.054391644,-0.047364208,-0.65367267,0.69589757,0.29738631,1.2688424,2.324917,0
4,6500,3.250000,0,1.5663908,0.17952387,0.18088224,0.20559249,0.0042358588,0.037041896,-0.018999847,-0.039423756,0.0063183614,-0.18628635,0.19516424,-0.72415916,0.66144118,0.84805761,-1.3075463,0
4,6500,3.250000,1,1.5663908,0.24127978,0.54412401,0.59317642,0.021755305,0.013545954,-0.0027562391,-0.046913598,0.10120617,-0.20998294,0.83148367,0.55097862,0.071115814,1.4996204,0.5852133,0
4,6500,3.250000,2,1.5663908,0.61111043,0.21322007,0.64395352,-0.0051130607,-0.011190951,-0.0087843495,-0.10197961,-0.14743777,-0.26118384,-0.75880004,-0.47517349,0.4454578,1.1091108,-2.5821187,0
4,6500,3.250000,3,1.5663908,0.55560111,0.53764466,0.20974898,-0.0029647857,-0.026971239,0.0098111266,0.16409353,-0.15690386,-0.004303839,-0.3082395,-0.95129698,0.0047393101,1.566057,-1.8841418,0
4,6500,3.250000,4,1.5663908,0.17305469,0.18705699,0.98932613,-0.013294502,0.024359934,-0.039577729,-0.090495469,0.12941406,0.083306313,-0.51478408,-0.7603756,-0.396013,1.9779671,-2.1659275,0
4,6500,3.250000,5,1.5663908,0.20685965,0.5986931,1.3874043,0.036733355,0.044533151,0.033365382,0.0069862723,-0.0035930937,-0.263433,0.39697075,0.53951675,-0.74251997,2.407621,0.93645215,0
4,6500,3.250000,6,1.5663908,0.61394747,0.25228743,1.3563523,0.024885629,0.02044266,0.00085889697,0.093979033,-0.19115693,0.12313033,0.84455514,0.14988127,-0.51406441,2.1107129,0.17563905,0
4,6500,3.250000,7,1.5663908,0.60420704,0.5851117,0.96037399,0.029769971,-0.05552547,-0.030888863,0.18441594,-0.103958,-0.11663796,0.67043249,0.45789088,-0.58382893,2.1942332,0.59921046,0
4,6500,3.250000,8,1.5663908,0.17653645,0.92116678,0.19644242,0.017744387,-0.017969197,-0.0065616081,-0.19593904,0.1706471,0.28219012,-0.55382188,0.52830917,-0.64356099,2.269938,2.3797665,0
4,6500,3.250000,9,1.5663908,0.18983655,1.3555577,0.60629378,-0.025134244,0.032595982,-0.020457756,0.2012742,0.036787483,-0.13437403,0.49144839,0.80060302,0.34280211,1.2208982,1.0202568,0
4,6500,3.250000,10,1.5663908,0.54361323,1.0176555,0.55657815,-0.035396577,-0.0017416441,-0.019715906,-0.16029507,-0.025441548,-0.10476107,-0.028443077,0.22502301,-0.97393821,2.912788,1.6965303,0
4,6500,3.250000,11,1.5663908,0.58707436,1.4430637,0.18877003,-0.0046052983,0.017301493,0.023756346,0.047334154,-0.071361202,0.16827747,-0.21947059,-0.846077,-0.48578428,2.0780565,-1.8246003,0
4,6500,3.250000,12,1.5663908,0.22254,0.9868331,1.0022118,0.0036168456,0.017020328,0.035287816,-0.077638929,-0.023876043,0.15448801,0.4691422,0.69460652,0.54536903,0.99396701,0.97676702,0
4,6500,3.250000,13,1.5663908,0.16228991,1.3882485,1.4168564,-0.0021443415,0.0040692402,0.052683433,0.12529652,0.23406883,-0.022653759,-0.45831263,0.70625804,-0.53958236,2.1407373,2.1464196,0
4,6500,3.250000,14,1.5663908,0.57243245,1.005191,1.3972676,-0.0022565615,0.0098505096,-0.0035233927,0.25575339,0.074159272,0.04393945,-0.31066383,-0.57819285,0.75444086,0.71599449,-2.0638379,0
4,6500,3.250000,15,1.5663908,0.59493184,1.3923306,1.0263195,-0.0046639347,0.0088296227,0.022702149,0.044038719,0.12372965,-0.014569696,0.61177582,-0.69970676,-0.36897261,1.9486997,-0.85234494,0
4,6500,3.250000,16,1.5663908,0.97821508,0.24866011,0.20640426,-0.010080847,-0.010250409,0.0065588038,-0.0016357108,-0.25143354,0.2566831,0.52694864,-0.37251866,0.7639077,0.70144933,-0.61536546,0
4,6500,3.250000,17,1.5663908,0.93608529,0.62347754,0.55495704,-0.053453258,-0.043049346,-0.0085234257,0.01097705,0.061952695,-0.05365587,-0.89387775,0.44808587,-0.014199423,1.5849962,2.676919,0
4,6500,3.250000,18,1.5663908,1.3773462,0.12478731,0.59108582,0.014050405,-0.015485356,0.01406783,-0.13605981,0.18607557,0.059534258,0.77235451,0.60678588,0.18782811,1.3818459,0.66591793,0
4,6500,3.250000,19,1.5663908,1.3596261,0.59550355,0.21644595,0.0017551535,0.00084561452,0.040284782,0.015636416,-0.14819003,-0.0072382677,-0.25966838,0.63743096,-0.72543373,2.3824607,1.9576374,0
4,6500,3.250000,20,1.5663908,1.0080411,0.18958154,0.92577577,-0.018848362,0.0037268245,-0.020358669,-0.10631088,0.031655613,0.06322638,0.35047246,0.878909,-0.32355528,1.9002808,1.1913606,0
4,6500,3.250000,21,1.5663908,1.0090778,0.6068861,1.3435895,0.030017621,0.011679006,0.036540391,0.1360182,0.10573759,0.0037540302,-0.86346662,0.37051777,0.34226009,1.2214751,2.7362502,0
4,6500,3.250000,22,1.5663908,1.3430114,0.18824972,1.3872793,-0.0039788327,0.0074630098,0.015090798,0.11918237,0.045058132,0.14897235,0.0076511323,0.081864166,-0.99661413,3.0592788,1.4776057,0
4,6500,3.250000,23,1.5663908,1.4002454,0.56072996,0.94349268,-0.023156406,-0.012040704,-0.0088351022,-0.028731236,-0.26831202,0.0080500902,0.58280938,-0.26930091,0.76668784,0.69713015,-0.43284896,0
4,6500,3.250000,24,1.5663908,0.97253203,0.99810002,0.11866328,0.031070004,-0.0060879972,-0.039033761,0.1016565,-0.022888804,0.10778383,0.21405698,0.35248807,-0.91100591,2.7165131,1.0250452,0
4,6500,3.250000,25,1.5663908,0.93545458,1.3514063,0.56571586,-0.040506406,0.013045938,-0.03472705,-0.11471317,0.24805227,-0.056501841,-0.42155443,0.83121052,-0.36246508,1.9417078,2.0401533,0
4,6500,3.250000,26,1.5663908,1.4023802,0.94785954,0.59266114,0.018316139,-0.009851131,0.030311988,-0.042481005,0.048289758,0.30659028,0.7927765,-0.60945674,-0.008240426,1.5790368,-0.65540129,0
4,6500,3.250000,27,1.5663908,1.3461092,1.3572923,0.19089137,0.0079972849,0.0041914425,-0.025990359,0.040218453,-0.11548315,-0.12085648,-0.96959074,-0.04518696,-0.24052431,1.8137023,-3.0950222,0
4,6500,3.250000,28,1.5663908,1.0295143,0.95712624,1.0012843,0.018180343,-0.029272966,0.006078311,-0.35217716,-0.020360612,-0.33142119,-0.56024789,0.62391054,0.54484671,0.99459003,2.3024843,0
4,6500,3.250000,29,1.5663908,0.96936674,1.4064119,1.371434,0.0032621591,-0.0017395239,0.0029041299,0.062320906,0.11779295,-0.069254134,0.46296932,-0.38599349,-0.79791506,2.4946246,-0.69497498,0
4,6500,3.250000,30,1.5663908,1.378656,0.97099517,1.3457648,-0.028408946,-0.024770223,-0.027522115,-0.012437608,-0.2853625,0.11167476,-0.1924391,0.81792274,0.54218962,0.99775551,1.8018716,0
4,6500,3.250000,31,1.5663908,1.3821845,1.3255941,0.96998567,0.010696047,-0.0046686805,-0.013952976,-0.11731928,0.13999795,0.047042867,-0.5705103,0.75098796,0.33246816,1.2318769,2.2204637,0
5,6600,3.300000,0,1.5621074,0.17459861,0.17711834,0.19730349,-0.00020456132,0.033768144,-0.026737241,-0.14235005,-0.14278212,-0.10359817,0.31294171,-0.68157093,0.66145942,0.84803329,-1.1403613,0
5,6600,3.300000,1,1.5621074,0.23580105,0.5498054,0.58355316,0.01692976,0.02072511,-0.010768399,-0.12726302,0.12432426,-0.085506954,0.81317602,0.53354613,0.23253664,1.3361113,0.58066984,0
5,6600,3.300000,2,1.5621074,0.60396924,0.20426156,0.6285406,-0.010590637,-0.019577884,-0.022455069,-0.11842013,-0.20554082,-0.23813643,-0.67924865,-0.48404505,0.55165357,0.98645087,-2.5224481,0
5,6600,3.300000,3,1.5621074,0.56450318,0.52985441,0.20468826,0.0074708899,-0.033299937,0.0053178277,0.27550795,-0.10478937,-0.18921944,-0.43751977,-0.88240034,0.17304936,1.3968714,-2.0311017,0
5,6600,3.300000,4,1.5621074,0.16995022,0.19094766,0.99349139,-0.015929348,0.028768158,-0.032697687,0.0092532297,0.062672057,0.2032681,-0.45256039,-0.79126866,-0.41119704,1.9945632,-2.09033,0
5,6600,3.300000,5,1.5621074,0.20660085,0.59637254,1.3728065,0.037040642,0.043848818,0.022546728,-0.01329822,-0.065607358,-0.11901023,0.51203702,0.46871139,-0.71981089,2.3743262,0.74125078,0
5,6600,3.300000,6,1.5621074,0.61525848,0.24070673,1.3559851,0.02787961,0.0095369154,0.004205269,0.015448005,-0.22080473,0.041167084,0.93893828,0.077248807,-0.33530213,1.9127222,0.08208763,0
5,6600,3.300000,7,1.5621074,0.61169194,0.58127649,0.95446606,0.03891964,-0.057763725,-0.034175093,0.17355293,0.032025073,0.0010002013,0.77925253,0.39781971,-0.48425714,2.0763102,0.47202378,0
5,6600,3.300000,8,1.5621074,0.16329275,0.92859019,0.2066861,0.0049659431,-0.0080131798,0.0042340359,-0.29737836,0.14639419,0.13796061,-0.56616638,0.47399445,-0.67437741,2.3109175,2.4445768,0
5,6600,3.300000,9,1.5621074,0.19907701,1.353154,0.59622032,-0.015361281,0.033900902,-0.028884818,0.15313245,0.016993398,-0.21699417,0.477393,0.82814949,0.29370792,1.2726928,1.0478674,0
5,6600,3.300000,10,1.5621074,0.54037031,1.0133688,0.55212877,-0.037155371,-0.003247647,-0.022647315,0.081401524,-0.060375392,-0.061761747,0.12207586,0.074744204,-0.98970237,2.9979587,0.54939759,0
5,6600,3.300000,11,1.5621074,0.58661285,1.435936,0.19628024,-0.0034598506,0.014115518,0.031793761,0.017207835,-0.047707507,0.16927591,-0.25407059,-0.73060575,-0.63376918,2.2572126,-1.9054683,0
5,6600,3.300000,12,1.5621074,0.21829368,0.98264167,1.0069681,-2.5910868e-05,0.01552539,0.042795,-0.051380794,-0.014431551,0.19422917,0.41212067,0.76504117,0.49484196,1.0531434,1.0766772,0
5,6600,3.300000,13,1.5621074,0.16949835,1.3929905,1.4066536,0.0055183772,0.01261918,0.046346381,0.21042383,0.14502401,-0.20026435,-0.18143661,0.67354607,-0.71653084,2.3696125,1.8339257,0
5,6600,3.300000,14,1.5621074,0.58160577,1.0060469,1.398399,0.0084968275,0.013460102,0.0014357365,0.19817544,0.092084712,0.16934179,-0.41327295,-0.50894034,0.75510608,0.71498042,-2.2528275,0
5,6600,3.300000,15,1.5621074,0.59488577,1.3959727,1.0207717,-0.0030809632,0.016289277,0.019957142,0.055269923,0.17773368,-0.069411292,0.76237249,-0.59652878,-0.25088165,1.8243873,-0.66395622,0
5,6600,3.300000,16,1.5621074,0.9748057,0.23735948,0.21988649,-0.010816249,-0.020885632,0.020624716,0.011183265,-0.1304975,0.25330774,0.54833521,-0.062112149,0.83394879,0.58457121,-0.11279327,0
5,6600,3.300000,17,1.5621074,0.93829951,0.62620898,0.55014235,-0.048672722,-0.038606891,-0.011825076,0.096203143,0.10503793,-0.10222051,-0.84501318,0.53168464,-0.057132899,1.6279604,2.5799768,0
5,6600,3.300000,18,1.5621074,1.3652845,0.13094111,0.59358843,0.0057438222,-0.0089814136,0.018192439,-0.18503913,0.12391135,0.073623129,0.7883234,0.51871158,0.33088445,1.2335557,0.58197397,0
5,6600,3.300000,19,1.5621074,1.3557691,0.58890688,0.21624071,0.0016158814,-0.0041294335,0.040671955,-0.0072345731,-0.088771402,-0.01761195,-0.088131718,0.6446735,-0.75936084,2.4331266,1.7066616,0
5,6600,3.300000,20,1.5621074,0.99887651,0.19040303,0.92939706,-0.02526516,0.0050685701,-0.014197361,-0.15224761,0.036841042,0.13971976,0.18248688,0.93807433,-0.29447425,1.8697017,1.3786625,0
5,6600,3.300000,21,1.5621074,1.0122239,0.6116961,1.3405658,0.035931285,0.018157435,0.037191756,0.11440413,0.16749039,-0.0017396808,-0.89908949,0.21664573,0.38039811,1.1805696,2.905139,0
5,6600,3.300000,22,1.5621074,1.3447571,0.19020805,1.3883431,0.0014468674,0.0099395107,0.019954799,0.046924451,0.045052567,0.073489759,0.23249353,0.1128899,-0.96602413,2.8801734,0.4520302,0
5,6600,3.300000,23,1.5621074,1.3988424,0.54750863,0.94118809,-0.020726972,-0.023744711,-0.0085592765,0.033564468,-0.18758778,-0.050827923,0.60050363,-0.32810586,0.72920637,0.75363487,-0.50006314,0
5,6600,3.300000,24,1.5621074,0.97599153,0.98919361,0.12801599,0.037197334,-0.012273526,-0.029343296,0.12861484,-0.20526452,0.27396056,0.28661668,0.58705976,-0.75710747,2.4296704,1.1166138,0
5,6600,3.300000,25,1.5621074,0.92859789,1.3577084,0.56364115,-0.044810939,0.023057196,-0.035255505,-0.064520832,0.12706575,0.047318439,-0.41062459,0.76588073,-0.49478698,2.088386,2.0629416,0
5,6600,3.300000,26,1.5621074,1.3946171,0.94587848,0.600705,0.014382526,-0.0092393823,0.039989769,-0.11025271,-0.0066107093,0.10766166,0.90037557,-0.38758485,0.19774178,1.3717427,-0.40649481,0
5,6600,3.300000,27,1.5621074,1.3434066,1.3465746,0.18539347,0.0089771077,-0.0028243105,-0.030973079,-0.012577838,-0.13314245,-0.10117039,-0.99254531,-0.072203829,-0.098185614,1.6691404,-3.0689744,0
5,6600,3.300000,28,1.5621074,1.0085448,0.95489087,0.98226333,1.2426591e-06,-0.028890498,-0.010226931,-0.36994373,-0.0061225229,-0.3014128,-0.45251646,0.65044726,0.61003869,0.9146869,2.1786309,0
5,6600,3.300000,29,1.5621074,0.96880858,1.4086228,1.3626311,0.0053576523,0.0043256305,-0.0021554533,0.044447644,0.17356367,-0.14146513,0.57683159,-0.43966335,-0.68844859,2.3301442,-0.65126603,0
5,6600,3.300000,30,1.5621074,1.3766339,0.95776726,1.3475821,-0.026658586,-0.035357391,-0.022017225,0.098792819,-0.18549302,0.093945504,-0.33453495,0.80982635,0.48194154,1.0679271,1.96254,0
5,6600,3.300000,31,1.5621074,1.3728051,1.3302883,0.96912922,0.0050885865,0.0036617875,-0.012154486,-0.12270556,0.24023442,0.026135177,-0.48994171,0.79202338,0.36421982,1.1980014,2.1247765,0
6,6700,3.350000,0,1.5699169,0.16777186,0.17160492,0.19557923,-0.0078850363,0.027385171,-0.029441135,-0.13062406,-0.085884034,-0.027237606,0.3834773,-0.6192454,0.68518632,0.81593685,-1.0163313,0
6,6700,3.350000,1,1.5699169,0.23006662,0.55986113,0.58320665,0.010033682,0.02801402,-0.014024153,-0.16967135,0.17703364,-0.058356293,0.75718137,0.53857426,0.36961351,1.1922033,0.61826191,0
6,6700,3.350000,2,1.5699169,0.5988431,0.2021225,0.62290546,-0.018715945,-0.022730245,-0.031210642,-0.18788964,0.068965746,-0.068740106,-0.58252601,-0.44274243,0.68164697,0.82078511,-2.4916975,0
6,6700,3.350000,3,1.5699169,0.58035371,0.52825078,0.19602207,0.020466891,-0.037541895,-0.0043475634,0.22367647,-0.092142028,-0.22361853,-0.51100537,-0.79932438,0.3161551,1.2491224,-2.1396104,0
6,6700,3.350000,4,1.5699169,0.17830714,0.19146793,1.0069554,-0.0084407372,0.028334903,-0.024221605,0.24840838,-0.08570988,0.070862703,-0.4287715,-0.76915082,-0.47387974,2.0644878,-2.0793496,0
6,6700,3.350000,5,1.5699169,0.20753285,0.59555452,1.3747587,0.036940027,0.040058792,0.017648073,-0.0053414149,-0.012189458,-0.051683191,0.7058141,0.34104245,-0.62089975,2.2406863,0.45010956,0
6,6700,3.350000,6,1.5699169,0.61764609,0.23057204,1.3621395,0.027193064,-0.0017729346,0.0035822408,-0.058074369,-0.20102483,0.020798826,0.96770298,0.061630838,-0.24444343,1.817742,0.063601863,0
6,6700,3.350000,7,1.5699169,0.62323064,0.58583058,0.96151085,0.047379211,-0.056119706,-0.031907631,0.18391162,0.039586171,0.038112304,0.88085565,0.35578757,-0.31226357,1.8883711,0.38387366,0
6,6700,3.350000,8,1.5699169,0.15041641,0.93847415,0.21190468,-0.0086926974,-0.0027845575,0.0084089169,-0.1853611,0.079176931,0.074852604,-0.54182043,0.50431153,-0.6723842,2.3082214,2.392034,0
6,6700,3.350000,9,1.5699169,0.20638973,1.3615955,0.58824227,-0.0090595245,0.03557338,-0.039816294,0.082036576,0.044020591,-0.20663436,0.59923079,0.74000038,0.30548633,1.2603472,0.89012583,0
6,6700,3.350000,10,1.5699169,0.55428557,1.0169225,0.55311556,-0.025969475,-0.0047562923,-0.024416371,0.30197479,-0.019769131,-0.0091148302,0.34630702,0.023908607,-0.93781652,2.7870821,0.068929383,0
6,6700,3.350000,11,1.5699169,0.58599786,1.4414017,0.20290527,-0.0069986778,0.012406782,0.037423488,-0.083181859,-0.057419889,0.033588663,-0.21088285,-0.65143021,-0.72881212,2.3873818,-1.8838727,0
6,6700,3.350000,12,1.5699169,0.21786322,0.98613601,1.0189753,-0.0015439074,0.014110736,0.049750717,0.029347885,0.00010543527,0.1455862,0.27804269,0.85334105,0.44102304,1.1140581,1.2558154,0
6,6700,3.350000,13,1.5699169,0.17908762,1.4038422,1.400756,0.014238539,0.016497227,0.033448673,0.18077772,0.021092386,-0.33542446,0.11748447,0.64816482,-0.75238273,2.4224681,1.391486,0
6,6700,3.350000,14,1.5699169,0.59449592,1.016823,1.4147137,0.018454523,0.019192432,0.010736241,0.19054678,0.15884543,0.16817361,-0.6367514,-0.39763776,0.6606299,0.84913881,-2.5833682,0
6,6700,3.350000,15,1.5699169,0.59877218,1.4087631,1.0193214,-0.0021708452,0.022086403,0.013419985,0.028934776,0.063797692,-0.17514056,0.86840595,-0.43977377,-0.22906359,1.8019119,-0.4687664,0
6,6700,3.350000,16,1.5699169,0.98002616,0.23342295,0.23128022,-0.010470011,-0.025996047,0.030893559,-0.018759273,-0.067886274,0.14361567,0.46510559,0.2066314,0.8608021,0.53395273,0.41807674,0
6,6700,3.350000,17,1.5699169,0.94960946,0.63487102,0.54648282,-0.042070081,-0.033089221,-0.018218999,0.15531516,0.086354332,-0.12036129,-0.79437999,0.58548885,-0.16175054,1.7332606,2.5064385,0
6,6700,3.350000,18,1.5699169,1.3648137,0.13903795,0.60230022,-0.0015343409,-0.0015576975,0.023922409,-0.13002623,0.12810223,0.13365281,0.70960633,0.53965014,0.45303045,1.1006346,0.65018242,0
6,6700,3.350000,19,1.5699169,1.361816,0.58805973,0.21831183,0.00088672578,-0.0079112819,0.041659568,-0.035102202,-0.077367809,0.054878923,-0.045283918,0.62344328,-0.78055611,2.4663513,1.6433042,0
6,6700,3.350000,20,1.5699169,0.99455152,0.19266045,0.94139467,-0.034560659,0.0063708677,-0.0068643769,-0.20473527,-0.04128754,0.16588437,0.051087619,0.97898575,-0.19742583,1.7695277,1.5186594,0
6,6700,3.350000,21,1.5699169,1.0188347,0.62091786,1.3487808,0.037477787,0.024305811,0.038701054,-0.047996561,0.11024608,0.0033615424,-0.884105,0.1394894,0.44598324,1.1085238,2.9851079,0
6,6700,3.350000,22,1.5699169,1.3530707,0.1910591,1.3994504,0.0030336733,0.0098398955,0.024111057,0.013426354,-0.0011972127,0.1384459,0.45619898,0.055527209,-0.88814369,2.6640863,0.12112129,0
6,6700,3.350000,23,1.5699169,1.4043438,0.5439797,0.94362152,-0.022215113,-0.029995217,-0.010825491,-0.10477956,-0.08290803,-0.0329819,0.58837776,-0.32315261,0.74120442,0.73593352,-0.50224909,0
6,6700,3.350000,24,1.5699169,0.98319943,0.97936221,0.14221244,0.039520164,-0.027013449,-0.015820557,0.0019785201,-0.34134211,0.26026825,0.35253785,0.74737429,-0.5631596,2.1690007,1.1300424,0
6,6700,3.350000,25,1.5699169,0.93261146,1.365411,0.57435776,-0.045438153,0.023969893,-0.027376346,0.027764245,-0.060260139,0.24363523,-0.35194174,0.74458322,-0.56721498,2.1739166,2.0123414,0
6,6700,3.350000,26,1.5699169,1.3971048,0.94920083,0.6058323,0.0099092043,-0.010642262,0.042108677,-0.098501226,-0.058508595,-0.052882831,0.90132736,-0.15144339,0.40580031,1.152942,-0.1664677,0
6,6700,3.350000,27,1.5699169,1.3486504,1.3511265,0.18308025,0.0075084599,-0.0049988988,-0.034205074,-0.018968919,0.042087685,0.0081652304,-0.99787789,-0.065072304,0.0023041342,1.5684922,-3.0764742,0
6,6700,3.350000,28,1.5699169,0.99763368,0.96159788,0.9748212,-0.01591225,-0.026962092,-0.022548968,-0.29906569,0.054669778,-0.19124175,-0.33878409,0.65862697,0.67188977,0.83403899,2.0458811,0
6,6700,3.350000,29,1.5699169,0.97623157,1.424054,1.3631295,0.0079308576,0.012693775,-0.0084535126,0.038527287,0.081177166,-0.080395357,0.69034243,-0.48800233,-0.53411708,2.1342594,-0.61534114,0
6,6700,3.350000,30,1.5699169,1.3905007,0.95712619,1.355789,-0.019691366,-0.040773126,-0.020550994,0.14505531,-0.059952911,-0.046408652,-0.44903542,0.80919111,0.37891547,1.1821722,2.0774082,0
6,6700,3.350000,31,1.5699169,1.3752833,1.3471009,0.97468751,0.00071470085,0.01379861,-0.011442944,-0.06041359,0.19826726,-0.0019613744,-0.40000383,0.83083867,0.38691607,1.1735115,2.0194907,0
7,6800,3.400000,0,1.5728135,0.16124317,0.17075041,0.19407544,-0.014716987,0.026215106,-0.031304075,-0.098910294,0.021168153,-0.040264688,0.41001604,-0.5134732,0.75381173,0.71695247,-0.89696155,0
7,6800,3.400000,1,1.5728135,0.21840125,0.56714358,0.58451424,-0.0020450612,0.034257704,-0.013792867,-0.29255981,0.09496462,0.026985735,0.70051659,0.56156011,0.44037115,1.1147843,0.6757384,0
7,6800,3.400000,2,1.5728135,0.58988273,0.20941232,0.62689444,-0.028771982,-0.015819739,-0.028373618,-0.20998434,0.21315304,0.14648268,-0.51414894,-0.4141457,0.75108869,0.72108677,-2.4635085,0
7,6800,3.400000,3,1.5728135,0.5914281,0.52742863,0.18271393,0.030461248,-0.039337075,-0.018004804,0.17779752,0.033226088,-0.30585118,-0.56738924,-0.70194319,0.43051738,1.1257304,-2.2505852,0
7,6800,3.400000,4,1.5728135,0.19314501,0.18601577,1.0110768,0.0060547727,0.022534801,-0.021960252,0.31395705,-0.087742627,0.053460199,-0.45376277,-0.68000903,-0.57592279,2.1845288,-2.1592299,0
7,6800,3.400000,5,1.5728135,0.20945528,0.59405221,1.376158,0.038478123,0.037460013,0.016511811,0.056439017,-0.065228156,-0.007980393,0.88741458,0.20115639,-0.41476676,1.9984828,0.22290996,0
7,6800,3.400000,6,1.5728135,0.61283122,0.22444177,1.3652027,0.02124405,-0.0083226085,0.0041315972,-0.12407209,-0.090755498,-0.012432724,0.94963841,0.19073203,-0.24861253,1.8220439,0.19820986,0
7,6800,3.400000,7,1.5728135,0.62929062,0.58612782,0.96669975,0.052284734,-0.056902675,-0.028495978,0.034587002,-0.10119537,0.12280861,0.92216916,0.37006526,-0.11249776,1.6835327,0.38162542,0
7,6800,3.400000,8,1.5728135,0.14360653,0.94441633,0.21457606,-0.015773583,0.0014221459,0.01068721,-0.063113709,0.088371716,0.023474441,-0.47675013,0.56857185,-0.6703994,2.3055433,2.2685788,0
7,6800,3.400000,9,1.5728135,0.20962403,1.3631744,0.57974434,-0.0062086599,0.034640887,-0.049390775,-0.013059952,-0.042578682,-0.20532708,0.69734918,0.58999703,0.40694917,1.1516847,0.70220038,0
7,6800,3.400000,10,1.5728135,0.57005744,1.0179623,0.55473057,-0.011233915,-0.0055920429,-0.023822471,0.30687993,-0.022896141,0.031782588,0.51787123,0.052421474,-0.85385091,2.5941356,0.1008813,0
7,6800,3.400000,11,1.5728135,0.5806225,1.4403052,0.19887888,-0.013449331,0.008654176,0.033026766,-0.1320891,-0.1202742,-0.1562272,-0.039598113,-0.63920682,-0.76801474,2.4465318,-1.6326661,0
7,6800,3.400000,12,1.5728135,0.22249588,0.98697774,1.0278071,0.0026828705,0.013133827,0.056695965,0.15607387,-0.013604568,0.11194242,0.21271466,0.8876712,0.40840215,1.1500934,1.3355991,0
7,6800,3.400000,13,1.5728135,0.18976244,1.4077734,1.3878764,0.024573393,0.017836947,0.017998755,0.20850446,0.028005766,-0.22079563,0.31482761,0.64908595,-0.69251065,2.3357598,1.1191945,0
7,6800,3.400000,14,1.5728135,0.6010012,1.0267336,1.4217192,0.023857905,0.027219438,0.015127313,0.059076137,0.15503418,-0.0088569896,-0.83113579,-0.27043671,0.48587785,1.0634291,-2.8270152,0
7,6800,3.400000,15,1.5728135,0.60293482,1.411856,1.0130395,0.0008841778,0.022579523,0.0052648424,0.070829799,-0.068974028,-0.15241025,0.91611857,-0.33100632,-0.22618927,1.7989601,-0.3467182,0
7,6800,3.400000,16,1.5728135,0.98075817,0.22806081,0.23484199,-0.011545277,-0.031783553,0.034025705,0.0026556712,-0.160632,0.016314016,0.35186622,0.44644526,0.82272522,0.60460759,0.90332234,0
7,6800,3.400000,17,1.5728135,0.95870834,0.63825918,0.54719592,-0.034730112,-0.030874518,-0.018513953,0.13262415,-0.012107071,0.076989413,-0.75821275,0.58590216,-0.28606308,1.860912,2.4836954,0
7,6800,3.400000,18,1.5728135,1.3628685,0.14433966,0.60715119,-0.0059936846,0.0034828215,0.027658621,-0.082566953,0.0066412414,0.036162337,0.58787042,0.62979701,0.50770473,1.0382778,0.81981646,0
7,6800,3.400000,19,1.5728135,1.3619767,0.58427821,0.22149938,-0.0014631492,-0.012773361,0.044441739,-0.019502819,-0.092850565,0.030325985,-0.13802754,0.57378685,-0.80728994,2.5103418,1.8068664,0
7,6800,3.400000,20,1.5728135,0.98566914,0.1933082,0.94960982,-0.045268238,0.006662867,-0.00039217761,-0.25664042,0.074109467,0.13576611,-0.043438579,0.99498262,-0.090125892,1.6610447,1.6144262,0
7,6800,3.400000,21,1.5728135,1.0155791,0.62697067,1.3502432,0.032347019,0.029208431,0.03767574,-0.12085447,0.10544655,-0.0799485,-0.87621247,0.17621266,0.44855413,1.1056494,2.9431327,0
7,6800,3.400000,22,1.5728135,1.3559565,0.18877791,1.4073304,0.0034224851,0.0072086058,0.029403989,-0.0032615053,-0.096040342,0.078033473,0.64828427,-0.050065166,-0.75975061,2.4337258,-0.077074198,0
7,6800,3.400000,23,1.5728135,1.4021984,0.54443966,0.94598491,-0.026947304,-0.030538467,-0.010203768,-0.1310672,0.083013369,0.010369364,0.53276896,-0.23835668,0.81199959,0.62322637,-0.42068316,0
7,6800,3.400000,24,1.5728135,0.98350083,0.96487114,0.15244074,0.038008834,-0.04329655,-0.0058638286,-0.032786865,-0.31930378,0.18326527,0.35532951,0.86344873,-0.3580464,1.9369711,1.1803955,0
7,6800,3.400000,25,1.5728135,0.94005366,1.3625714,0.59036541,-0.039722006,0.018615901,-0.012442227,0.22842432,-0.12387658,0.34028889,-0.25204103,0.75034863,-0.6111074,2.2282552,1.8948538,0
7,6800,3.400000,26,1.5728135,1.3952094,0.94961743,0.60090407,0.0054401707,-0.011975833,0.036068175,-0.096611509,0.017952759,-0.18770684,0.79837943,0.075995746,0.59733988,0.93061624,0.094901571,0
7,6800,3.400000,27,1.5728135,1.3492297,1.3596917,0.18476768,0.0056010911,0.0010677454,-0.03285669,-0.076190402,0.19025818,0.045802355,-0.9846079,0.032807086,0.17167114,1.3982706,3.108285,0
7,6800,3.400000,28,1.5728135,0.98827084,0.96918553,0.9704261,-0.027105531,-0.021154054,-0.028737032,-0.16761672,0.16395691,-0.086708524,-0.26406282,0.59799864,0.75674861,0.71247142,1.9866242,0
7,6800,3.400000,29,1.5728135,0.98277058,1.4262456,1.3666284,0.012664238,0.012258284,-0.0074706808,0.15628495,-0.10019233,0.079467036,0.77717396,-0.50125006,-0.38045896,1.9610889,-0.57282758,0
7,6800,3.400000,30,1.5728135,1.3995118,0.96169667,1.3539755,-0.013251838,-0.037971247,-0.024862062,0.098529782,0.10976066,-0.086174725,-0.5055578,0.82009489,0.2680591,1.2994185,2.1232328,0
7,6800,3.400000,31,1.5728135,1.3776074,1.3577317,0.97574472,0.00050141829,0.021936374,-0.012183467,-0.022949587,0.15958216,-0.024590944,-0.27088176,0.84777818,0.4559553,1.097351,1.8800634,0
8,6900,3.450000,0,1.56789,0.15530497,0.1763904,0.1930951,-0.020158955,0.032399319,-0.031677457,-0.07820316,0.19785716,0.026946296,0.31754692,-0.46176186,0.82821491,0.5948815,-0.96838305,0
8,6900,3.450000,1,1.56789,0.20762072,0.56958455,0.58524415,-0.012157749,0.038480698,-0.011229154,-0.17576028,0.084253991,0.081136485,0.62811175,0.61147332,0.48122346,1.0687465,0.77197639,0
8,6900,3.450000,2,1.56789,0.58075888,0.22062111,0.63019987,-0.036060669,-0.0039367702,-0.023097459,-0.11601507,0.23099891,0.055774429,-0.48364109,-0.44230276,0.75528774,0.71470328,-2.4008094,0
8,6900,3.450000,3,1.56789,0.59394463,0.52977195,0.16687574,0.034836061,-0.035336409,-0.033294988,0.015872255,0.11711408,-0.34292915,-0.63925496,-0.54059622,0.54690842,0.99212936,-2.4396201,0
8,6900,3.450000,4,1.56789,0.20406473,0.18245429,1.0083178,0.017597215,0.01955096,-0.021553492,0.17531311,-0.047106637,-0.080136746,-0.47919216,-0.57796924,-0.6605501,2.2923476,-2.2630289,0
8,6900,3.450000,5,1.56789,0.21282755,0.586225,1.3728555,0.042512395,0.031483073,0.017518845,0.1295953,-0.17519732,0.070649193,0.97400374,0.15491,-0.16528646,1.7368448,0.15772353,0
8,6900,3.450000,6,1.56789,0.60638921,0.21811562,1.3607061,0.016713364,-0.013954982,0.0039083504,-0.06534698,-0.10576044,0.0065372732,0.85185022,0.41504355,-0.31951534,1.8960143,0.45337627,0
8,6900,3.450000,7,1.56789,0.62469569,0.57999529,0.97153451,0.049655633,-0.061207119,-0.02062269,-0.12318024,-0.039226583,0.18409449,0.91291403,0.40435619,0.055534097,1.5152336,0.41695823,0
8,6900,3.450000,8,1.56789,0.14304997,0.94644132,0.21679376,-0.015880761,0.0064113864,0.013581159,0.096698232,0.076577072,0.090012408,-0.41529504,0.6423162,-0.64417384,2.270739,2.1447485,0
8,6900,3.450000,9,1.56789,0.20821321,1.3576601,0.56858498,-0.0069644559,0.033391953,-0.058749962,-0.0077409357,-0.058880955,-0.19140429,0.74494673,0.37696025,0.5504138,0.98793654,0.46845446,0
8,6900,3.450000,10,1.56789,0.58132827,1.013729,0.55586473,0.0018419428,-0.006640315,-0.020947262,0.18278646,-0.019348559,0.078761873,0.53953666,0.17852246,-0.82281828,2.5371488,0.31954189,0
8,6900,3.450000,11,1.56789,0.5705698,1.4299499,0.19146305,-0.021697358,0.002798479,0.026222845,-0.20227277,-0.12497211,-0.076807521,0.13307021,-0.62114883,-0.77231241,2.4532697,-1.359754,0
8,6900,3.450000,12,1.56789,0.23036793,0.98572963,1.02971,0.011264888,0.014978274,0.061824413,0.15055191,0.025296717,0.1008,0.22912187,0.88002832,0.41599678,1.1417577,1.3160935,0
8,6900,3.450000,13,1.56789,0.19603398,1.4017773,1.3795293,0.031449749,0.016245219,0.013990044,0.07832723,-0.060594615,0.066150314,0.42807902,0.66543123,-0.61151421,2.2287692,0.999138,0
8,6900,3.450000,14,1.56789,0.60141406,1.0318663,1.4124032,0.02615576,0.035579359,0.01025435,0.041607243,0.14289115,-0.15868008,-0.91918192,-0.19074462,0.34455928,1.219027,-2.9369811,0
8,6900,3.450000,15,1.56789,0.60526379,1.3984146,1.000691,0.005107211,0.013543609,-0.0039268852,0.11472137,-0.21436017,-0.17417833,0.96184253,-0.2162892,-0.16756469,1.7391552,-0.22119038,0
8,6900,3.450000,16,1.56789,0.97941964,0.21634861,0.23433123,-0.009810884,-0.042799094,0.034250451,0.0014968354,-0.28320753,-0.028954604,0.2828341,0.58274335,0.76184976,0.70463233,1.1189378,0
8,6900,3.450000,17,1.56789,0.95976393,0.63293358,0.55543944,-0.030666977,-0.034207321,-0.0085418449,-0.0054727051,-0.10204287,0.30787742,-0.7610886,0.51789744,-0.39054626,1.9720212,2.5440951,0
8,6900,3.450000,18,1.56789,1.3573083,0.1413117,0.6038666,-0.0072895551,0.00090266343,0.026272505,0.092470617,-0.087781893,-0.05586961,0.42132324,0.77193149,0.47603414,1.0746567,1.0711804,0
8,6900,3.450000,19,1.56789,1.3546782,0.5745721,0.21914635,-0.0045027721,-0.02066279,0.04277949,-0.10029483,-0.21997575,-0.090403859,-0.32748336,0.55082742,-0.7676873,2.4460207,2.107184,0
8,6900,3.450000,20,1.56789,0.97135183,0.19688166,0.95384449,-0.056517613,0.01084802,0.0068265035,-0.20388166,0.083235416,0.11107906,-0.11162611,0.99370481,0.0095055576,1.5612906,1.6826606,0
8,6900,3.450000,21,1.56789,1.0062657,0.62923055,1.3396602,0.026203204,0.033437635,0.031309581,-0.099946285,0.055981961,-0.20257989,-0.87760222,0.26205086,0.40142706,1.1577219,2.851422,0
8,6900,3.450000,22,1.56789,1.3529292,0.18430304,1.4049614,0.0046418153,0.0033185964,0.031443749,0.059751541,-0.0066076583,0.010222693,0.74468086,-0.17730832,-0.64343779,2.2697771,-0.23374744,0
8,6900,3.450000,23,1.56789,1.3902605,0.54926122,0.94351127,-0.034507594,-0.024002336,-0.0097153027,-0.13385404,0.21862944,0.0070392026,0.46262241,-0.1705916,0.86998794,0.51561847,-0.35327921,0
8,6900,3.450000,24,1.56789,0.97792229,0.95205538,0.16003955,0.035505149,-0.053107237,0.002224866,-0.035720356,-0.093829065,0.17924576,0.36066128,0.93004915,-0.070228291,1.6410825,1.2008622,0
8,6900,3.450000,25,1.56789,0.9524375,1.3537603,0.60332597,-0.024371324,0.014063173,0.0023896798,0.34641672,-0.074093337,0.2271947,-0.20620614,0.72617704,-0.65585512,2.2861112,1.8474745,0
8,6900,3.450000,26,1.56789,1.3869447,0.94701108,0.58982183,0.0015369543,-0.011608889,0.026852581,-0.069709189,0.024060558,-0.19706557,0.65749479,0.23563813,0.71566422,0.77322169,0.34412764,0
8,6900,3.450000,27,1.56789,1.3404776,1.3689177,0.18776208,0.0010655069,0.014571301,-0.029278279,-0.11899988,0.3279136,0.047113224,-0.9345831,0.17114545,0.31187122,1.2536345,2.9604745,0
8,6900,3.450000,28,1.56789,0.97779283,0.97310565,0.96600629,-0.034501427,-0.01418905,-0.030121151,-0.10022139,0.10596815,0.058697024,-0.24889727,0.4777286,0.84251144,0.56886773,2.0511035,0
8,6900,3.450000,29,1.56789,0.988675,1.4119449,1.3655762,0.021659256,0.0024069122,-0.0042396734,0.15401659,-0.27653234,0.073267525,0.82260088,-0.51058875,-0.25025372,1.8237386,-0.55550154,0
8,6900,3.450000,30,1.56789,1.396695,0.9677889,1.3433738,-0.011685168,-0.028854192,-0.031235243,-0.023467052,0.24896813,-0.12927599,-0.56486609,0.80767215,0.16909169,1.4008883,2.181103,0
8,6900,3.450000,31,1.56789,1.3720589,1.3577694,0.97163061,-0.00073652595,0.026231103,-0.013244734,-0.0085510001,0.017817964,-0.010454687,-0.063337561,0.84612406,0.52920924,1.013128,1.6455131,0
9,7000,3.500000,0,1.5687687,0.1571856,0.18761726,0.19555794,-0.018365875,0.043524205,-0.029323503,0.10467746,0.23012601,0.073445395,0.083947343,-0.42407873,0.90172617,0.44705038,-1.3753705,0
9,7000,3.500000,1,1.5687687,0.20151046,0.57256732,0.5900484,-0.018382631,0.041143503,-0.0067541582,-0.051706865,0.068356426,0.1106417,0.46096325,0.70971534,0.5327448,1.0089557,0.99476957,0
9,7000,3.500000,2,1.5687687,0.57669946,0.23138311,0.63049259,-0.040444352,0.0066986096,-0.023157922,-0.11451016,0.15615945,-0.040539356,-0.45667923,-0.51789006,0.72334914,0.76215582,-2.2934688,0
9,7000,3.500000,3,1.5687687,0.59426904,0.53536001,0.15248721,0.034827596,-0.030046744,-0.047772989,0.036137533,0.13334936,-0.23445774,-0.70360121,-0.39241386,0.59241599,0.93674191,-2.6328402,0
9,7000,3.500000,4,1.5687687,0.20717367,0.18317018,1.0031064,0.020590951,0.020164416,-0.027328406,-0.094111414,0.039388357,-0.18140913,-0.47659195,-0.52475559,-0.70533091,2.3536862,-2.3081327,0
9,7000,3.500000,5,1.5687687,0.21793324,0.58016864,1.3772386,0.04749741,0.025099949,0.021131548,0.08909759,-0.088091552,0.053598189,0.98359565,0.16954155,0.061605643,1.5091516,0.17069186,0
9,7000,3.500000,6,1.5687687,0.60358178,0.21414196,1.3600015,0.013566965,-0.018049743,0.0024415941,-0.085305074,-0.10782497,-0.052291586,0.64105087,0.63810899,-0.42646301,2.0113751,0.78309831,0
9,7000,3.500000,7,1.5687687,0.6148151,0.57865188,0.98060872,0.039427794,-0.06287512,-0.012095358,-0.28113856,0.037598335,0.16549905,0.87342543,0.45896328,0.162729,1.4073404,0.48381935,0
9,7000,3.500000,8,1.5687687,0.14889207,0.95150423,0.21808161,-0.010120446,0.010942588,0.014747177,0.15552785,0.038879273,-0.00081502393,-0.34200546,0.71608728,-0.60848277,2.2249436,2.0163664,0
9,7000,3.500000,9,1.5687687,0.20718994,1.3555407,0.5618793,-0.0081040995,0.03051246,-0.065772339,-0.038287873,-0.059850383,-0.12276339,0.69199705,0.14459334,0.70727141,0.78516532,0.2059871,0
9,7000,3.500000,10,1.5687687,0.59023216,1.0154141,0.55861361,0.010417626,-0.0055236615,-0.018510596,0.14537509,0.011984694,0.022152265,0.46314521,0.34851317,-0.81488348,2.5233245,0.64509423,0
9,7000,3.500000,11,1.5687687,0.56242848,1.4235867,0.1904578,-0.030156087,-0.0043640606,0.025110605,-0.080708141,-0.13406464,0.061497287,0.23777567,-0.58058074,-0.77870966,2.4634028,-1.1820861,0
9,7000,3.500000,12,1.5687687,0.23866611,0.98704589,1.0299066,0.019431672,0.015741863,0.061443929,0.12622879,-0.0049484555,-0.10419238,0.24678945,0.84807429,0.46889761,1.0827541,1.2876169,0
9,7000,3.500000,13,1.5687687,0.19621078,1.3935408,1.386741,0.031516665,0.0072256897,0.020426743,-0.063087755,-0.265237,0.18473918,0.53800594,0.65952245,-0.5249569,2.1234608,0.88652478,0
9,7000,3.500000,14,1.5687687,0.60107544,1.0366266,1.4043096,0.025480269,0.039760133,0.001371654,-0.056289847,0.038991858,-0.20931636,-0.93207298,-0.16421977,0.32291149,1.2419922,-2.9671948,0
9,7000,3.500000,15,1.5687687,0.61080011,1.3868539,0.99574077,0.010302852,0.0012026164,-0.0094363742,0.054842959,-0.23284847,-0.05338288,0.99183274,-0.12639092,-0.017121573,1.5879187,-0.12674855,0
9,7000,3.500000,16,1.5687687,0.97532699,0.19987684,0.23255957,-0.014451155,-0.059387461,0.032347994,-0.17714528,-0.32566838,-0.025556624,0.30663544,0.65270505,0.69278483,0.80545272,1.131606,0
9,7000,3.500000,17,1.5687687,0.95778251,0.62596158,0.57426938,-0.033185588,-0.041531997,0.0099716199,-0.039295923,-0.20040827,0.42427992,-0.80869047,0.40163765,-0.42977544,2.0150404,2.6806271,0
9,7000,3.500000,18,1.5687687,1.3636621,0.13743283,0.60298605,-0.001698033,-0.0030542943,0.025053859,0.10099044,-0.060131006,0.0072988639,0.19275746,0.88685555,0.4199188,1.1374405,1.3567757,0
9,7000,3.500000,19,1.5687687,1.352556,0.56615803,0.21187842,-0.0073834371,-0.029396438,0.035390805,-0.053120648,-0.11825947,-0.20056703,-0.47861054,0.52528471,-0.70356799,2.3512023,2.3097349,0
9,7000,3.500000,20,1.5687687,0.96800851,0.20084114,0.95891082,-0.060404246,0.014696077,0.011356977,0.083830075,0.035521704,0.054708856,-0.11440064,0.98907692,0.092948066,1.4777139,1.6859487,0
9,7000,3.500000,21,1.5687687,1.0028212,0.63090113,1.3290616,0.022195877,0.034755197,0.019963423,-0.060167935,0.018874767,-0.23104321,-0.88810008,0.35784239,0.28849102,1.2781459,2.7585627,0
9,7000,3.500000,22,1.5687687,1.356807,0.18344752,1.4036594,0.0077605301,0.0023600473,0.029354936,0.041025156,-0.012041887,-0.13345304,0.7744115,-0.34119507,-0.5327971,2.1326988,-0.41499794,0
9,7000,3.500000,23,1.5687687,1.3846234,0.56069467,0.9465871,-0.040922091,-0.01287983,-0.0071689758,-0.0455331,0.24389895,0.07415634,0.36548473,-0.21868857,0.90476307,0.43997321,-0.53920697,0
9,7000,3.500000,24,1.5687687,0.97993324,0.95333182,0.17121865,0.036967619,-0.052364576,0.013311161,0.094691882,0.077782651,0.31154613,0.39655548,0.88257268,0.25260485,1.3154249,1.14851,0
9,7000,3.500000,25,1.5687687,0.97063836,1.3532742,0.60829332,-0.006709202,0.012818609,0.0070176005,0.30892544,0.010358611,0.032471348,-0.2974195,0.66518024,-0.68489188,2.3252516,1.9912578,0
9,7000,3.500000,26,1.5687687,1.3844902,0.94960473,0.58175348,-0.0016940292,-0.0095465707,0.018456017,-0.092314963,0.034868802,-0.15535796,0.56804138,0.31450908,0.7605347,0.7066601,0.50565867,0
9,7000,3.500000,27,1.5687687,1.3328854,1.3859856,0.18920687,-0.0072756395,0.03086747,-0.027939095,-0.17281835,0.29230635,0.012217052,-0.87353241,0.30037399,0.38303603,1.1777156,2.810397,0
9,7000,3.500000,28,1.5687687,0.97603859,0.97989392,0.97112687,-0.036803018,-0.0079479014,-0.025543256,-0.0047736439,0.10397577,0.15560161,-0.22047282,0.37843683,0.89898682,0.45334566,2.0983146,0
9,7000,3.500000,29,1.5687687,0.99698859,1.3972843,1.3701469,0.029416571,-0.013040686,-0.00043537354,0.15274249,-0.30474592,0.027160741,0.81446913,-0.53908137,-0.21454911,1.7870265,-0.58468189,0
9,7000,3.500000,30,1.5687687,1.3951131,0.98067343,1.3407906,-0.014049199,-0.016515522,-0.034570429,-0.043494957,0.22454189,-0.054021677,-0.62366434,0.76120877,0.17777512,1.3920712,2.2572,0
9,7000,3.500000,31,1.5687687,1.3745447,1.3613958,0.97250094,0.00097978976,0.029095721,-0.012919043,0.023808134,0.077936286,0.053333659,0.20769842,0.79528444,0.56954721,0.96484144,1.3153397,0
10,7100,3.550000,0,1.5743619,0.16468715,0.19643341,0.19912762,-0.011437084,0.051656956,-0.026456162,0.12752729,0.097240821,0.052298874,-0.30166043,-0.30146814,0.90449872,0.44059346,-2.3565133,0
10,7100,3.550000,1,1.5743619,0.19923319,0.57654966,0.6010528,-0.02137304,0.043080963,0.0021306844,-0.024645244,0.039439101,0.22779333,0.27152683,0.78469135,0.55725458,0.97972059,1.2376625,0
10,7100,3.550000,2,1.5743619,0.57325096,0.23779803,0.62835489,-0.045939234,0.012278629,-0.027535787,-0.12116416,0.046643773,-0.13715377,-0.4312423,-0.64266724,0.63325264,0.88504763,-2.1618064,0
10,7100,3.550000,3,1.5743619,0.5994839,0.54419797,0.14711207,0.037918151,-0.023129854,-0.053681295,0.12084518,0.13956907,0.037879894,-0.77668381,-0.29425118,0.55693671,0.98010335,-2.7794458,0
10,7100,3.550000,4,1.5743619,0.2009632,0.18642428,0.99634137,0.013654166,0.022760822,-0.037651486,-0.14436395,0.056583978,-0.19925878,-0.42087974,-0.49139386,-0.76249087,2.4379506,-2.2790529,0
10,7100,3.550000,5,1.5743619,0.22299047,0.58030816,1.3824012,0.051770019,0.023174367,0.021383291,0.057047921,-0.020552541,-0.078987436,0.97422545,0.15589327,0.16304009,1.4070251,0.15867247,0
10,7100,3.550000,6,1.5743619,0.60535871,0.20830624,1.3632248,0.013192557,-0.024637235,0.00081881903,0.055600967,-0.14851573,-0.031240499,0.41945141,0.78016762,-0.46411098,2.053427,1.07749,0
10,7100,3.550000,7,1.5743619,0.60055011,0.58969688,0.98990047,0.022999983,-0.053909193,-0.0063101554,-0.35545778,0.23950787,0.088700828,0.8164027,0.55113443,0.17244559,1.3974844,0.59380235,0
10,7100,3.550000,8,1.5743619,0.15535321,0.95590705,0.21738413,-0.0042006996,0.011951136,0.013274773,0.080697957,-0.0056561542,-0.055222363,-0.31356728,0.76219867,-0.56632919,2.1728414,1.9610901,0
10,7100,3.550000,9,1.5743619,0.20419631,1.3561082,0.56092189,-0.011829809,0.026254433,-0.06872781,-0.091415456,-0.1173,-0.024835246,0.59832884,-0.019971575,0.8010017,0.64182974,-0.033366539,0
10,7100,3.550000,10,1.5743619,0.59674127,1.0195256,0.56309658,0.014814506,-0.0050334504,-0.016023726,-0.0029326728,0.00058460365,0.074229502,0.31122379,0.45110869,-0.83644528,2.561561,0.96687522,0
10,7100,3.550000,11,1.5743619,0.56300976,1.4239915,0.19497735,-0.031577552,-0.0090266437,0.028944271,-0.025056521,-0.10416585,0.10004266,0.25809438,-0.5810199,-0.77188287,2.4525938,-1.1527685,0
10,7100,3.550000,12,1.5743619,0.24692033,0.98680802,1.0259235,0.026821804,0.011991463,0.053802406,0.13330817,-0.084012164,-0.20492375,0.1921211,0.83779874,0.51106042,1.0343783,1.3453772,0
10,7100,3.550000,13,1.5743619,0.19580653,1.3859871,1.4025333,0.030414806,-0.0052742966,0.031255545,0.00639969,-0.20065644,0.20899745,0.65438375,0.58257219,-0.48207006,2.0738122,0.72740818,0
10,7100,3.550000,14,1.5743619,0.59907511,1.0404103,1.3990457,0.021344228,0.039847751,-0.0088809343,-0.084664245,-0.023444018,-0.13071044,-0.92441069,-0.16674513,0.34301742,1.220669,-2.9631317,0
10,7100,3.550000,15,1.5743619,0.61365471,1.3807772,0.99444051,0.01097851,-0.0097991598,-0.014278221,-0.042528554,-0.16961286,-0.14590263,0.9905405,-0.11811077,0.069852376,1.500887,-0.11867837,0
10,7100,3.550000,16,1.5743619,0.96717375,0.18700002,0.23380879,-0.026061154,-0.072952783,0.032767299,-0.28380666,-0.18063965,0.042340393,0.3819527,0.66979781,0.63677549,0.88048729,1.0525386,0
10,7100,3.550000,17,1.5743619,0.95734833,0.61684669,0.5938633,-0.037027807,-0.052858521,0.027486876,-0.088230276,-0.21771588,0.26670551,-0.84826872,0.28668118,-0.44525733,2.032258,2.8156836,0
10,7100,3.550000,18,1.5743619,1.3723917,0.14003278,0.60630153,0.0021627424,-0.00094809696,0.026217382,0.051063837,0.11153152,0.011579311,-0.050549907,0.93747382,0.34436543,1.2192335,1.6246656,0
10,7100,3.550000,19,1.5743619,1.355156,0.56365562,0.20010292,-0.0096018244,-0.033909391,0.02288214,-0.083786742,-0.033230732,-0.26066583,-0.58757892,0.51763339,-0.62193785,2.2420113,2.4193972,0
10,7100,3.550000,20,1.5743619,0.97941945,0.20526487,0.96495355,-0.052458768,0.018397144,0.013976151,0.19895319,0.051774123,0.022072642,-0.089788556,0.97676406,0.19460211,1.3749445,1.6624632,0
10,7100,3.550000,21,1.5743619,1.0034387,0.63296276,1.3244683,0.019243156,0.034567744,0.010648031,-0.065270411,-0.04397525,-0.15604739,-0.90408892,0.41491233,0.10232783,1.4682891,2.7113385,0
10,7100,3.550000,22,1.5743619,1.3617065,0.18346386,1.4006959,0.0078223868,0.0017234608,0.02140101,-0.018458253,-0.025078908,-0.18304678,0.77510719,-0.48592578,-0.40383781,1.9865044,-0.55997471,0
10,7100,3.550000,23,1.5743619,1.3876666,0.57050157,0.9554644,-0.042812284,-0.0050858924,-0.001676397,-0.042520469,0.091754269,0.1273546,0.25036324,-0.30725581,0.91810245,0.40753035,-0.887074,0
10,7100,3.550000,24,1.5743619,0.99106148,0.96363697,0.18990123,0.04458845,-0.045470694,0.031351176,0.18923494,0.17856624,0.38646677,0.39548958,0.73162673,0.55525698,0.9821244,1.0752281,0
10,7100,3.550000,25,1.5743619,0.9868828,1.3618437,0.60719204,0.0060518161,0.016556528,0.0037533316,0.22984875,0.063997982,-0.12447487,-0.49407585,0.54509255,-0.67732058,2.3149108,2.3071401,0
10,7100,3.550000,26,1.5743619,1.3825155,0.9559421,0.57703165,-0.0085926273,-0.0066001516,0.011672081,-0.1519928,0.11344716,-0.12627084,0.57281099,0.33444976,0.74835214,0.72522207,0.52847817,0
10,7100,3.550000,27,1.5743619,1.3321508,1.4035453,0.18704422,-0.012752686,0.043463204,-0.030771305,-0.055402834,0.18865736,-0.092852492,-0.8322008,0.36951181,0.41340397,1.144607,2.7237248,0
10,7100,3.550000,28,1.5743619,0.98115715,0.9851865,0.9856985,-0.035167333,-0.0061522303,-0.014453803,0.097416477,0.021789883,0.24419011,-0.22777352,0.29981329,0.92640769,0.38603909,2.2204879,0
10,7100,3.550000,29,1.5743619,1.0097229,1.3864093,1.3746941,0.038579927,-0.02886944,-0.00077267672,0.24229542,-0.29038245,-0.053849847,0.7947524,-0.56422259,-0.22365484,1.796359,-0.61736271,0
10,7100,3.550000,30,1.5743619,1.399853,0.99467515,1.3434164,-0.01428292,-0.006028943,-0.036721191,0.016103827,0.19389865,-0.068485444,-0.66883731,0.71342699,0.2089942,1.36025,2.3239472,0
10,7100,3.550000,31,1.5743619,1.3815038,1.369413,0.97926899,0.0030344373,0.032253403,-0.0096242095,0.042367226,0.035148258,0.13817238,0.45656348,0.7097724,0.53644471,1.0045776,0.99917854,0
11,7200,3.600000,0,1.570615,0.17192598,0.19910462,0.19874468,-0.0037972019,0.054799406,-0.026365084,0.14935827,0.043829658,-0.068068393,-0.64969582,-0.12677628,0.74954861,0.72341642,-2.9488825,0
11,7200,3.600000,1,1.570615,0.19789523,0.57667963,0.60767187,-0.022237865,0.044584888,0.010189832,-0.011119133,0.02724147,0.14776345,0.1069828,0.81339693,0.57178677,0.9621142,1.440021,0
11,7200,3.600000,2,1.570615,0.56862939,0.23563665,0.62028341,-0.04920037,0.010681293,-0.034119644,-0.044558969,-0.15060478,-0.15483808,-0.38792865,-0.76683197,0.51135125,1.0340399,-2.0391407,0
11,7200,3.600000,3,1.570615,0.60601702,0.55227818,0.15209862,0.045887518,-0.013743294,-0.048338251,0.15544148,0.2062728,0.15428062,-0.82729921,-0.28778542,0.48244748,1.0673496,-2.8068244,0
11,7200,3.600000,4,1.570615,0.19109763,0.18760862,0.98734852,0.0042556841,0.024390789,-0.044280991,-0.17624085,0.031613784,-0.057501835,-0.34501306,-0.40066312,-0.84878446,2.5844784,-2.2817022,0
11,7200,3.600000,5,1.570615,0.22388641,0.57926826,1.3727079,0.053198377,0.023515985,0.014972352,-0.016564342,0.069396395,-0.13908189,0.96861226,0.18062803,0.17077411,1.3991811,0.18436363,0
11,7200,3.600000,6,1.570615,0.607457,0.19975227,1.3595542,0.016735792,-0.032705062,0.00039212385,0.14450816,-0.15268294,-0.0065490139,0.23228353,0.84665212,-0.478774,2.0700541,1.3030296,0
11,7200,3.600000,7,1.570615,0.58160309,0.60350848,0.98925984,0.0054613452,-0.038675993,-0.0045928182,-0.29876291,0.28533773,-0.0023157193,0.77390328,0.63157401,0.04677586,1.5240034,0.68447464,0
11,7200,3.600000,8,1.570615,0.15856372,0.95310813,0.21462291,-0.0006161893,0.011426609,0.011028245,0.048610059,0.0044363096,-0.062460802,-0.31118665,0.79811476,-0.51592218,2.1128801,1.9425675,0
11,7200,3.600000,9,1.570615,0.19690501,1.3442185,0.55985298,-0.018643248,0.017581869,-0.068461426,-0.21528988,-0.19087028,0.099787418,0.45271921,-0.066894171,0.88914031,0.47533316,-0.14669934,0
11,7200,3.600000,10,1.570615,0.59556776,1.0164958,0.56778507,0.015061504,-0.0056375071,-0.0099878996,0.0052728715,0.002953221,0.15067956,0.12205544,0.43556178,-0.89184551,2.6722051,1.2975787,0
11,7200,3.600000,11,1.570615,0.56182958,1.4172196,0.19832445,-0.031417602,-0.012413546,0.032759956,0.091442479,-0.077782014,0.067389403,0.30077118,-0.59365497,-0.74639833,2.4134299,-1.1018484,0
11,7200,3.600000,12,1.570615,0.25034756,0.97932301,1.0116191,0.030841483,0.0068488891,0.041925578,0.038215458,-0.088560126,-0.22324576,0.075158593,0.85121156,0.51941319,1.0246322,1.4827287,0
11,7200,3.600000,13,1.570615,0.19620717,1.3720496,1.4068697,0.031282495,-0.015925952,0.038939011,0.039561615,-0.17848681,0.06277257,0.73896375,0.49307919,-0.4591356,2.0478183,0.58841161,0
11,7200,3.600000,14,1.570615,0.59311562,1.0347907,1.3924179,0.016805102,0.036700513,-0.012183035,-0.11287488,-0.10155079,-0.050932613,-0.85981021,-0.28040726,0.42672963,1.1299228,-2.8263418,0
11,7200,3.600000,15,1.570615,0.61016744,1.3713235,0.98260486,0.0089492944,-0.015974006,-0.023758438,-0.050049884,-0.12284171,-0.17854299,0.98012693,-0.18602016,0.068903561,1.5018381,-0.1875611,0
11,7200,3.600000,16,1.570615,0.94999819,0.18402015,0.23747836,-0.040952622,-0.075490627,0.036998367,-0.29798768,0.081599657,0.11359055,0.48505664,0.6073998,0.62911488,0.89038233,0.89692253,0
11,7200,3.600000,17,1.570615,0.95242031,0.603498,0.6020341,-0.039680541,-0.064753321,0.037082473,-0.030708297,-0.25381732,0.15596854,-0.85926533,0.24722385,-0.4478208,2.0351229,2.8614439,0
11,7200,3.600000,18,1.570615,1.3714656,0.14869142,0.60601551,0.0045056644,0.0080545441,0.027375719,0.052287913,0.20365851,0.0035351229,-0.32271264,0.91784572,0.23111855,1.3375691,1.908894,0
11,7200,3.600000,19,1.570615,1.3478609,0.56086447,0.18970291,-0.013676579,-0.035360788,0.012946532,-0.061191493,0.0174018,-0.16036817,-0.65922303,0.52814454,-0.53524606,2.1355953,2.4661435,0
11,7200,3.600000,20,1.570615,0.98592151,0.20699455,0.96236074,-0.043615194,0.020617992,0.013679537,0.13376915,0.0494124,-0.0013246983,-0.083436925,0.96122291,0.26284747,1.3048241,1.6573822,0
11,7200,3.600000,21,1.570615,0.99902535,0.62800409,1.3190155,0.017215532,0.031111387,0.0083446336,-0.067615125,-0.088147122,0.025419496,-0.93538587,0.3535953,0.0048616377,1.5659347,2.7801763,0
11,7200,3.600000,22,1.570615,1.3600189,0.1811767,1.3909884,0.0093774182,-0.00012926932,0.015019436,0.075118161,-0.070840342,-0.051754195,0.76165458,-0.58836317,-0.27149784,1.8457453,-0.65773396,0
11,7200,3.600000,23,1.570615,1.3832951,0.57429249,0.96264641,-0.043882408,6.8931997e-05,0.0077908499,-0.021646883,0.11859211,0.18850521,0.24016065,-0.42286125,0.87379129,0.5078516,-1.0542825,0
11,7200,3.600000,24,1.570615,0.99614169,0.97226567,0.20495934,0.052036214,-0.034535556,0.046879753,0.10173808,0.23262783,0.21438636,0.32749448,0.54830269,0.76948783,0.6927575,1.0323735,0
11,7200,3.600000,25,1.570615,0.99324414,1.3584561,0.59841528,0.014772287,0.016409947,-0.0035870856,0.096665002,-0.038804536,-0.16810119,-0.73617165,0.37035585,-0.56646963,2.1730118,2.6754812,0
11,7200,3.600000,26,1.570615,1.3748772,0.95899989,0.56863087,-0.012945783,-0.0012609069,0.0046362281,-0.040068469,0.12794519,-0.14352182,0.63653066,0.3887117,0.66613207,0.84178568,0.54822991,0
11,7200,3.600000,27,1.570615,1.3273086,1.4053759,0.18113896,-0.014426425,0.04864035,-0.036237914,0.029947745,0.032337423,-0.12756184,-0.8404804,0.37615521,0.38999995,1.1701648,2.7207798,0
11,7200,3.600000,28,1.570615,0.98549394,0.98567901,0.99149248,-0.028487474,-0.0033116267,-0.0063041987,0.15015308,0.098300209,0.052701181,-0.18481315,0.33878341,0.9225345,0.39619905,2.0701935,0
11,7200,3.600000,29,1.570615,1.0127933,1.3743631,1.3687767,0.044059941,-0.037626438,-0.0034215619,-0.019309259,-0.072081532,-0.046127478,0.75751955,-0.58450087,-0.29072817,1.8657841,-0.65718139,0
11,7200,3.600000,30,1.570615,1.3960403,0.99665881,1.3362085,-0.014764651,-0.0016728141,-0.040736634,0.00052002917,-0.032805205,-0.061646382,-0.67961443,0.65580254,0.32870543,1.2358638,2.3740237,0
11,7200,3.600000,31,1.570615,1.3833345,1.3680376,0.98825144,0.0081591623,0.034139346,0.0017023584,0.13222625,-0.0012179993,0.273637,0.64916202,0.62665654,0.43114992,1.1250295,0.76775997,0
12,7300,3.650000,0,1.5674241,0.17907152,0.20082476,0.19290122,0.0037052638,0.056926216,-0.031810305,0.13945534,0.02725809,-0.14862644,-0.86841792,-0.0013084052,0.49583122,1.0520046,-3.140086,0
12,7300,3.650000,1,1.5674241,0.19652883,0.57734821,0.61275854,-0.023203194,0.046426952,0.016517508,-0.012378167,0.032206373,0.083852197,-0.033995858,0.80103181,0.59765569,0.93022239,1.613211,0
12,7300,3.650000,2,1.5674241,0.56847318,0.22432969,0.61123135,-0.048200321,-0.00015796672,-0.041919452,0.041482908,-0.27921479,-0.081361767,-0.28043592,-0.87965167,0.38414662,1.176513,-1.8794134,0
12,7300,3.650000,3,1.5674241,0.61383757,0.5625618,0.16041189,0.054948489,-0.0023260424,-0.039707195,0.19000635,0.24684362,0.19747242,-0.85938496,-0.28667718,0.42340723,1.1335933,-2.8196164,0
12,7300,3.650000,4,1.5674241,0.18437421,0.18891576,0.98333037,-0.0020859385,0.026080799,-0.046295257,-0.063082495,0.0021581561,-0.04476534,-0.24003499,-0.18406555,-0.95315428,2.8342944,-2.4874083,0
12,7300,3.650000,5,1.5674241,0.21722479,0.58221232,1.3645824,0.046985288,0.027641101,0.0096302834,-0.19989354,0.10034503,-0.032559335,0.95448849,0.27718554,0.11009038,1.4604823,0.28262837,0
12,7300,3.650000,6,1.5674241,0.61250244,0.19476305,1.3577606,0.02302176,-0.037293122,0.001361656,0.097062893,-0.047989925,0.0055715171,0.10207105,0.84733322,-0.52116017,2.1190061,1.4509125,0
12,7300,3.650000,7,1.5674241,0.56837167,0.61451606,0.98626869,-0.0066007331,-0.026429853,-0.0055751566,-0.14543712,0.1457119,-0.017594992,0.72793703,0.67884992,-0.096283273,1.667229,0.75051924,0
12,7300,3.650000,8,1.5674241,0.15998167,0.95025225,0.2070367,0.0011256793,0.010506155,0.0038707921,-0.0013351195,-0.044700629,-0.23093345,-0.35215153,0.79087386,-0.50050758,2.0949813,1.9897089,0
12,7300,3.650000,9,1.5674241,0.18724142,1.3319241,0.56638955,-0.027916228,0.0080087858,-0.060779632,-0.14286414,-0.15051351,0.23996886,0.26733056,-0.069613422,0.96108706,0.27988554,-0.2547446,0
12,7300,3.650000,10,1.5674241,0.59583849,1.0132219,0.57447382,0.016543716,-0.0068474579,-0.0021376388,0.053937194,-0.025405367,0.13858392,-0.062495577,0.33830606,-0.93895863,2.7903871,1.7534679,0
12,7300,3.650000,11,1.5674241,0.56546229,1.4097527,0.20345452,-0.026638606,-0.017005869,0.038298584,0.098621765,-0.12334901,0.17961869,0.32184481,-0.64309307,-0.69487209,2.3390383,-1.1067777,0
12,7300,3.650000,12,1.5674241,0.24961432,0.97714378,0.9987837,0.030616623,0.0066590912,0.031134426,-0.084249787,0.088748312,-0.23791864,-0.013658528,0.8699965,0.49286868,1.0554127,1.5864946,0
12,7300,3.650000,13,1.5674241,0.20121274,1.3644332,1.4035735,0.03669218,-0.020759775,0.038500659,0.1648067,-0.050708299,-0.074434639,0.77539801,0.39272224,-0.49449689,2.0880522,0.46881678,0
12,7300,3.650000,14,1.5674241,0.5866316,1.0235679,1.3880001,0.011520703,0.027570751,-0.01377354,-0.074315513,-0.24085585,0.01709714,-0.72466061,-0.45817325,0.51472738,1.0301067,-2.5777903,0
12,7300,3.650000,15,1.5674241,0.60776158,1.3616057,0.9706511,0.0077818856,-0.022912878,-0.033726041,-0.01677562,-0.13827969,-0.17001017,0.94725487,-0.31896595,0.031127574,1.5396637,-0.32480142,0
12,7300,3.650000,16,1.5674241,0.93495485,0.18945748,0.24259043,-0.054079261,-0.069673518,0.042598597,-0.22089342,0.13937733,0.13966174,0.54592035,0.50741122,0.66671195,0.84100792,0.74885508,0
12,7300,3.650000,17,1.5674241,0.94915246,0.59331464,0.60529125,-0.041014775,-0.073719709,0.0415673,-0.044325383,-0.13269588,0.014856503,-0.83688817,0.32256447,-0.44223336,2.0288836,2.7737066,0
12,7300,3.650000,18,1.5674241,1.3703352,0.15778399,0.60503536,0.006163235,0.017458763,0.027627022,0.02569067,0.14870648,0.0096161212,-0.53445371,0.84374122,0.049598344,1.5211776,2.135437,0
12,7300,3.650000,19,1.5674241,1.3429081,0.56161233,0.18027104,-0.015893322,-0.033471544,0.0038908526,0.045371987,0.079844746,-0.17825982,-0.70128718,0.56800247,-0.43077777,2.0161508,2.4608184,0
12,7300,3.650000,20,1.5674241,0.98933587,0.21175146,0.95975465,-0.038192295,0.025800717,0.01302795,0.076375096,0.11051379,-0.020146783,-0.12419261,0.9471292,0.29584198,1.2704595,1.7011778,0
12,7300,3.650000,21,1.5674241,0.99273313,0.62164855,1.31914,0.012948633,0.02602655,0.011151778,-0.11760201,-0.028909905,0.052992458,-0.97831289,0.20497984,-0.029785144,1.6005859,2.9350566,0
12,7300,3.650000,22,1.5674241,1.3611968,0.17541334,1.3841748,0.013322379,-0.0055300367,0.011027838,0.094932824,-0.11902981,-0.08958186,0.77952699,-0.59758445,-0.18769788,1.7596142,-0.65403997,0
12,7300,3.650000,23,1.5674241,1.3800516,0.57825837,0.97201412,-0.044315978,0.0052067875,0.019125837,-0.010329362,0.094154419,0.17973967,0.29798889,-0.57024337,0.76552278,0.69894288,-1.0892606,0
12,7300,3.650000,24,1.5674241,0.99187799,0.98224089,0.20928326,0.049794033,-0.022572885,0.051624893,-0.15488605,0.26741945,0.0074192817,0.20522556,0.36741131,0.90713362,0.43437412,1.061396,0
12,7300,3.650000,25,1.5674241,0.99211512,1.3533197,0.58787253,0.015662087,0.014031015,-0.012923563,-0.044502411,-0.047000974,-0.18023994,-0.89569543,0.18556509,-0.40409813,1.986789,2.9373083,0
12,7300,3.650000,26,1.5674241,1.3738333,0.96248511,0.56495958,-0.011194683,0.004178188,0.0021176227,0.059946246,0.04115655,0.020767372,0.64203287,0.53062896,0.55337754,0.98438252,0.69068154,0
12,7300,3.650000,27,1.5674241,1.325793,1.4010189,0.17852577,-0.013244226,0.047137002,-0.03848539,0.029305798,-0.096243879,0.02189438,-0.86690149,0.36138095,0.34334475,1.2203205,2.7466325,0
12,7300,3.650000,28,1.5674241,0.99120264,0.98822661,0.99044985,-0.020768762,0.0012431391,-0.0053314842,0.16564447,0.047444376,-0.020266909,-0.1119086,0.43873764,0.89161973,0.46988639,1.8205406,0
12,7300,3.650000,29,1.5674241,1.0066266,1.3731285,1.3645032,0.039946734,-0.036067222,-0.0049156978,-0.096653543,0.17155788,-0.013257383,0.70054656,-0.58163587,-0.41344193,1.9970273,-0.69292184,0
12,7300,3.650000,30,1.5674241,1.3951879,0.98832757,1.3331854,-0.012778771,-0.0079856227,-0.041045366,0.033445456,-0.19485129,0.027516398,-0.62792405,0.52592338,0.5736863,0.95979696,2.4443658,0
12,7300,3.650000,31,1.5674241,1.3879367,1.3633951,1.0002789,0.015579344,0.032274301,0.015751874,0.18129606,-0.072029703,0.25206816,0.76827801,0.55414123,0.32043159,1.2446113,0.62486353,0
13,7400,3.700000,0,1.5678993,0.1846718,0.20185003,0.18373982,0.0092504129,0.057890466,-0.041028778,0.067949423,0.020853793,-0.19795967,-0.95598255,0.0066425728,0.29334833,1.2730689,3.1346443,0
13,7400,3.700000,1,1.5678993,0.19084852,0.57494727,0.61543098,-0.028942207,0.043851382,0.019003814,-0.18696785,-0.15716701,0.010783529,-0.13850358,0.79528379,0.59020373,0.93948513,1.7432231,0
13,7400,3.700000,2,1.5678993,0.57126339,0.20921572,0.60881429,-0.045582834,-0.01533764,-0.044521405,0.036098745,-0.30139599,-0.036323053,-0.13905904,-0.94876782,0.28372912,1.2831155,-1.7163282,0
13,7400,3.700000,3,1.5678993,0.62137595,0.57658469,0.17211925,0.062299668,0.011524218,-0.028050235,0.12821505,0.32180448,0.26999272,-0.82898149,-0.35297062,0.43382189,1.122066,-2.7390545,0
13,7400,3.700000,4,1.5678993,0.18524337,0.19051513,0.98252531,-0.001272793,0.027622665,-0.047398243,0.080231507,0.0079719341,0.012343925,-0.11763963,0.024684143,-0.99274952,3.0210999,2.9347648,0
13,7400,3.700000,5,1.5678993,0.20363941,0.5873274,1.364967,0.033336124,0.032578936,0.0096012302,-0.27280841,0.078689721,0.055297151,0.92523931,0.37728892,0.039815688,1.5309701,0.38719045,0
13,7400,3.700000,6,1.5678993,0.61364896,0.19430018,1.356934,0.023982455,-0.037814958,0.0001236514,-0.0057676452,0.0068181954,-0.034542268,0.04911183,0.80538557,-0.59071323,2.2027388,1.5098925,0
13,7400,3.700000,7,1.5678993,0.5703309,0.61619506,0.98211353,-0.0048140749,-0.024937367,-0.010028622,0.10739073,-0.072874263,-0.12858521,0.66402107,0.72904071,-0.16605922,1.7376284,0.83203822,0
13,7400,3.700000,8,1.5678993,0.16089088,0.9474914,0.19538052,0.001986265,0.0074577012,-0.0078463807,0.02921397,-0.10196956,-0.22735283,-0.41298504,0.78130121,-0.46798694,2.0578078,2.0570505,0
13,7400,3.700000,9,1.5678993,0.17952721,1.328382,0.57781997,-0.03568603,0.0040635097,-0.049522621,-0.15800525,-0.040217161,0.24897585,0.048271226,-0.05648007,0.99723613,0.074365965,-0.86360341,0
13,7400,3.700000,10,1.5678993,0.59780463,1.0120249,0.58366232,0.018328963,-0.0083514639,0.0068753477,0.02536881,-0.031051446,0.18063722,-0.21545751,0.16878653,-0.96181556,2.8643565,2.4770642,0
13,7400,3.700000,11,1.5678993,0.56837459,1.3969972,0.20986431,-0.023898135,-0.030186716,0.044645736,0.041898787,-0.28642683,0.0824321,0.32214236,-0.70720133,-0.62935728,2.2515222,-1.1433638,0
13,7400,3.700000,12,1.5678993,0.24003349,0.98880613,0.98844316,0.020961586,0.018023502,0.020492719,-0.25112451,0.34324034,-0.15021752,0.0089746335,0.86693748,0.49833609,1.0491178,1.5604446,0
13,7400,3.700000,13,1.5678993,0.21169911,1.3658341,1.3975586,0.04711598,-0.019772652,0.032061266,0.25175414,0.020873935,-0.16502796,0.76649658,0.30088842,-0.56740563,2.1741481,0.37406772,0
13,7400,3.700000,14,1.5678993,0.58464083,1.0099319,1.3904843,0.0093524258,0.013626602,-0.011710454,0.031802577,-0.28503642,0.027936232,-0.53441985,-0.57689004,0.61773238,0.90494048,-2.3179967,0
13,7400,3.700000,15,1.5678993,0.60758388,1.3601422,0.96489786,0.0074199999,-0.024788793,-0.039772617,0.023917745,0.050173809,-0.053898078,0.87767267,-0.47598216,-0.055961345,1.6267869,-0.49693014,0
13,7400,3.700000,16,1.5678993,0.92574836,0.19694802,0.24998836,-0.063567747,-0.06224154,0.049921877,-0.1279311,0.17492167,0.15811114,0.54013848,0.33760075,0.77089309,0.69055426,0.55861822,0
13,7400,3.700000,17,1.5678993,0.94568254,0.58887981,0.60548081,-0.044771852,-0.078333698,0.041573367,-0.042691805,-0.069432855,-0.05435329,-0.81922035,0.41841338,-0.39218396,1.9738009,2.6693854,0
13,7400,3.700000,18,1.5678993,1.3718568,0.16784859,0.60643864,0.0072692838,0.027474007,0.028846705,0.036076651,0.21873657,-0.027677549,-0.6488243,0.7481955,-0.13867413,1.7099188,2.2851832,0
13,7400,3.700000,19,1.5678993,1.3425957,0.56818341,0.17367102,-0.016612709,-0.027071676,-0.0027627991,-0.10815675,0.18196327,-0.087707781,-0.76233812,0.56680693,-0.31236276,1.8884756,2.5022573,0
13,7400,3.700000,20,1.5678993,0.99290249,0.21278081,0.96342114,-0.034926075,0.026765727,0.016402991,0.036659816,-0.066827173,0.13724453,-0.16845791,0.93395738,0.31519128,1.2501381,1.7492477,0
13,7400,3.700000,21,1.5678993,0.98767701,0.62344656,1.3244849,0.0075923802,0.027635865,0.016096078,-0.11075438,0.066872933,0.14708718,-0.99872335,0.034420986,-0.036971233,1.607776,3.1071413,0
13,7400,3.700000,22,1.5678993,1.3661919,0.17063401,1.3801378,0.017904099,-0.010361809,0.0065718444,0.074487625,-0.083849545,-0.078516382,0.8501007,-0.51113352,-0.12677272,1.6979111,-0.54134716,0
13,7400,3.700000,23,1.5678993,1.3832755,0.58180317,0.97893272,-0.041510898,0.0085757798,0.02574877,0.087113706,0.033612469,0.044880289,0.38764052,-0.76218525,0.51846743,1.0257386,-1.1002996,0
13,7400,3.700000,24,1.5678993,0.98407852,0.99470621,0.20625972,0.041695105,-0.010407167,0.048538375,-0.18823616,0.24955368,-0.12255762,0.061407559,0.16813354,0.9838497,0.17996646,1.2206178,0
13,7400,3.700000,25,1.5678993,0.98912634,1.3533905,0.58329964,0.012373049,0.013691599,-0.017673949,-0.070711878,0.065013182,-0.039173819,-0.96200797,0.072156764,-0.26331362,1.8372518,3.0667264,0
13,7400,3.700000,26,1.5678993,1.3804935,0.96186131,0.56869967,-0.0049519336,0.0032627531,0.0056859095,0.16650413,-0.043210935,0.093954478,0.49436628,0.75973774,0.42237488,1.1347325,0.99392461,0
13,7400,3.700000,27,1.5678993,1.3275794,1.3956141,0.17781384,-0.01186001,0.041308364,-0.039251324,-0.01410118,-0.14018661,-0.029042663,-0.86669088,0.41444461,0.27763752,1.2894623,2.6955432,0
13,7400,3.700000,28,1.5678993,1.002397,0.98645946,0.98307451,-0.0098765149,-0.00082327333,-0.01300591,0.28314446,-0.11410672,-0.23725373,-0.068524065,0.51713171,0.8531584,0.54878608,1.7025368,0
13,7400,3.700000,29,1.5678993,1.0003024,1.3861727,1.3636316,0.033318316,-0.023441233,-0.006200762,-0.22115389,0.31079965,-0.01936068,0.64516729,-0.56340785,-0.51607244,2.1130556,-0.71785164,0
13,7400,3.700000,30,1.5678993,1.3975677,0.97694906,1.3360784,-0.010822235,-0.019661966,-0.038556835,0.011475328,-0.25800171,0.079454434,-0.46396229,0.33047168,0.82190478,0.60604941,2.5226717,0
13,7400,3.700000,31,1.5678993,1.3979731,1.3600133,1.0104199,0.025193581,0.028479823,0.025588152,0.21880925,-0.079459967,0.148967,0.86223685,0.39393831,0.31837121,1.2467855,0.42856015,0
14,7500,3.750000,0,1.5640995,0.18512987,0.20032444,0.17363945,0.010157127,0.056852793,-0.050695596,0.0009970934,-0.03551223,-0.20850975,-0.9775665,-0.1373827,0.15965506,1.4104551,-3.0019716,0
14,7500,3.750000,1,1.5640995,0.18145914,0.56409278,0.61134415,-0.037879924,0.034378752,0.016405299,-0.15514463,-0.2354942,-0.097415964,-0.22006701,0.79357543,0.56728172,0.96759503,1.8413096,0
14,7500,3.750000,2,1.5640995,0.57171411,0.19184475,0.6034907,-0.043745457,-0.03222206,-0.048374239,0.0035476084,-0.35009217,-0.14243299,0.038144875,-0.97471321,0.22017975,1.3487976,-1.5316818,0
14,7500,3.750000,3,1.5640995,0.62155001,0.59119453,0.18574089,0.063981645,0.02755082,-0.013994422,-0.060736875,0.34906518,0.28659937,-0.75558323,-0.40267294,0.51667057,1.0278386,-2.6519494,0
14,7500,3.750000,4,1.5640995,0.19280511,0.19022892,0.98210169,0.0067476011,0.027798377,-0.045438377,0.24059035,-0.011197754,0.057892064,-0.039292033,0.13558685,-0.98998603,2.9999542,1.8528622,0
14,7500,3.750000,5,1.5640995,0.18956066,0.59011604,1.3669564,0.019734386,0.036796054,0.014905011,-0.29194648,0.084163957,0.14871566,0.86633059,0.49921528,0.015981312,1.5548143,0.52276649,0
14,7500,3.750000,6,1.5640995,0.6089377,0.19584858,1.3525404,0.020754426,-0.035793227,-0.00098285999,-0.14155561,0.023213801,0.0055119,0.045788899,0.74677243,-0.66350155,2.2962856,1.5095573,0
14,7500,3.750000,7,1.5640995,0.57832725,0.60958005,0.97306271,0.0045758387,-0.030065279,-0.016707439,0.22489314,-0.12684359,-0.13358257,0.58868074,0.80063035,-0.11156176,1.6825908,0.93678823,0
14,7500,3.750000,8,1.5640995,0.16185322,0.93624612,0.18583245,0.0033401611,-0.0015022428,-0.016931976,0.017382689,-0.21323993,-0.11739771,-0.44308884,0.77368441,-0.4528628,2.04077,2.0909002,0
14,7500,3.750000,9,1.5640995,0.17388186,1.3247055,0.58588127,-0.040902625,0.003605643,-0.040049505,-0.072707014,0.0068160078,0.089568026,-0.079565348,-0.0077632753,0.99679942,0.080028584,-3.0443295,0
14,7500,3.750000,10,1.5640995,0.59507987,1.0044237,0.58736302,0.017051399,-0.013506322,0.011996738,-0.089608228,-0.14714185,0.013321141,-0.35510984,-0.013944875,-0.93472057,2.7782683,-3.1023436,0
14,7500,3.750000,11,1.5640995,0.57067663,1.3792243,0.21185207,-0.020214195,-0.044591484,0.04714513,0.11715638,-0.28526557,0.023806127,0.33870829,-0.76522277,-0.5474585,2.1501205,-1.1540906,0
14,7500,3.750000,12,1.5640995,0.22619543,1.0031005,0.97931327,0.0076891358,0.034734496,0.013750098,-0.24946038,0.25191701,-0.12765166,0.21577263,0.84024057,0.49743135,1.050161,1.3194293,0
14,7500,3.750000,13,1.5640995,0.22525079,1.3629457,1.3882072,0.061197785,-0.01935048,0.026089468,0.30983334,0.037459997,0.0030077577,0.71058398,0.27904391,-0.645914,2.2730163,0.37419453,0
14,7500,3.750000,14,1.5640995,0.58733067,0.99368804,1.3865481,0.013464105,-0.00018651734,-0.012277508,0.11913862,-0.25322891,-0.079720953,-0.3811854,-0.66794118,0.63918094,0.87736356,-2.0893833,0
14,7500,3.750000,15,1.5640995,0.60764041,1.3652273,0.96262021,0.0089508376,-0.016397337,-0.039711802,0.038859694,0.2095561,0.025340581,0.82146506,-0.56059803,-0.10452273,1.6755103,-0.5988411,0
14,7500,3.750000,16,1.5640995,0.91581548,0.20152936,0.25684732,-0.07126645,-0.057176764,0.05739574,-0.17753013,0.039719429,0.11762102,0.48004,0.13643386,0.86657221,0.52250412,0.27691162,0
14,7500,3.750000,17,1.5640995,0.94351289,0.58832677,0.60152407,-0.044649536,-0.077458557,0.039080958,0.01497665,0.060582437,-0.020611772,-0.78145959,0.49432491,-0.38074111,1.961394,2.577571,0
14,7500,3.750000,18,1.5640995,1.3730743,0.18106892,0.60310947,0.011816888,0.041117665,0.026984958,0.14007923,0.28565407,-0.038915137,-0.67027347,0.67591999,-0.30637499,1.8821789,2.3520001,0
14,7500,3.750000,19,1.5640995,1.3317593,0.57721205,0.1719865,-0.024204589,-0.016653432,-0.0040279785,-0.13286171,0.24934653,0.040231232,-0.78911619,0.57860209,-0.20619229,1.7784784,2.5089123,0
14,7500,3.750000,20,1.5640995,0.99289109,0.20648644,0.96661296,-0.032528319,0.02098,0.021936324,0.046801494,-0.15637866,0.13053237,-0.17822436,0.94373435,0.27857055,1.2884909,1.7574482,0
14,7500,3.750000,21,1.5640995,0.97768836,0.62902724,1.3288671,-1.1906643e-05,0.034736053,0.023697256,-0.15147861,0.15468464,0.18894162,-0.99618044,-0.087163364,-0.005203688,1.576,-3.0543174,0
14,7500,3.750000,22,1.5640995,1.3652374,0.16656716,1.3736573,0.020263394,-0.014019578,0.0034322706,0.028664954,-0.042218741,-0.067239747,0.89551948,-0.43302568,-0.10263346,1.6736108,-0.45039872,0
14,7500,3.750000,23,1.5640995,1.3831988,0.58024048,0.97687241,-0.038231294,0.008422881,0.026061235,0.011233427,-0.04217112,-0.013889391,0.35516749,-0.91855914,0.17350837,1.3964054,-1.201845,0
14,7500,3.750000,24,1.5640995,0.97223208,1.0051931,0.19658336,0.03222204,0.0025060428,0.039350738,-0.16660264,0.27028751,-0.23123678,-0.0098495356,-0.12115731,0.99258445,0.12185837,-1.6519134,0
14,7500,3.750000,25,1.5640995,0.98407458,1.3551276,0.58581895,0.0097151602,0.018714599,-0.013736258,-0.015510361,0.13772317,0.15771065,-0.97464249,0.020057481,-0.22286704,1.7955508,3.1210162,0
14,7500,3.750000,26,1.5640995,1.3841228,0.95310231,0.57211908,0.002031474,-0.0031730326,0.010489365,0.097415189,-0.16929646,0.1521992,0.23789762,0.9227909,0.30308691,1.2628661,1.3184879,0
14,7500,3.750000,27,1.5640995,1.3228232,1.3847019,0.17827803,-0.013400739,0.033769267,-0.038355121,0.0023251891,-0.12625294,0.018441645,-0.80995376,0.52533636,0.26076161,1.3069853,2.5662019,0
14,7500,3.750000,28,1.5640995,1.0153744,0.97691645,0.96738465,0.0055488055,-0.0079843296,-0.026329506,0.29589448,-0.13378319,-0.25457453,-0.071151212,0.52829497,0.84607442,0.56221882,1.7046716,0
14,7500,3.750000,29,1.5640995,0.9866775,1.397285,1.3591704,0.022104017,-0.0089520326,-0.0073586208,-0.2119955,0.24866775,-0.032968111,0.62264873,-0.50609115,-0.59680844,2.2103139,-0.68249942,0
14,7500,3.750000,30,1.5640995,1.3926789,0.96490939,1.3376302,-0.01232593,-0.029345801,-0.033761323,-0.084043897,-0.12865831,0.12593423,-0.32710604,0.15747518,0.93177422,0.37152658,2.6929197,0
14,7500,3.750000,31,1.5640995,1.4076473,1.3550012,1.0128183,0.038271534,0.026761538,0.030441183,0.27398738,0.062833159,0.040815884,0.88958811,0.20980921,0.40572539,1.153024,0.23161716,0
15,7600,3.800000,0,1.5578678,0.18274526,0.19682428,0.16540094,0.0085068247,0.054145363,-0.058257382,-0.062733719,-0.069115773,-0.10065518,-0.9395564,-0.34018315,0.038848361,1.5319382,-2.7942077,0
15,7600,3.800000,1,1.5578678,0.17215718,0.54922915,0.59810294,-0.046476067,0.021737366,0.0055782153,-0.12326817,-0.23332439,-0.30804049,-0.23043174,0.80385115,0.54838358,0.99036631,1.8499698,0
15,7600,3.800000,2,1.5578678,0.56748479,0.17464522,0.59322699,-0.045700838,-0.04869011,-0.056249223,-0.15519198,-0.33497293,-0.16500072,0.19360019,-0.96648751,0.16858485,1.4014025,-1.3730996,0
15,7600,3.800000,3,1.5578678,0.61241184,0.60622579,0.20177239,0.057306544,0.044972315,0.0028106647,-0.18938484,0.31143941,0.37127684,-0.70673002,-0.41544149,0.57266136,0.96104775,-2.6101651,0
15,7600,3.800000,4,1.5578678,0.2046518,0.1895119,0.98116838,0.019387706,0.027839349,-0.04245281,0.25249409,0.051108504,0.083096527,0.062175946,0.17278182,-0.98299573,2.9569163,1.2253714,0
15,7600,3.800000,5,1.5578678,0.17449624,0.59147019,1.3672065,0.005396599,0.040508774,0.020612751,-0.33353406,0.095933645,0.078523807,0.7862459,0.61212718,-0.084366429,1.6552632,0.66152053,0
15,7600,3.800000,6,1.5578678,0.59981413,0.1952354,1.3466052,0.014043604,-0.035625761,-0.0015303001,-0.17220789,0.039467053,-0.036266021,0.090305766,0.6817886,-0.72595398,2.3832168,1.4391087,0
15,7600,3.800000,7,1.5578678,0.58478529,0.60183288,0.96433489,0.013355591,-0.035394384,-0.021568058,0.07456745,-0.045780817,-0.079128175,0.49085932,0.8705846,0.033757723,1.5370322,1.0573992,0
15,7600,3.800000,8,1.5578678,0.16235577,0.9198396,0.18401276,0.0044898562,-0.014203898,-0.01801342,0.060450651,-0.28285295,0.076160212,-0.47866496,0.76075901,-0.43832132,2.0245265,2.1324058,0
15,7600,3.800000,9,1.5578678,0.17120195,1.3246688,0.58539983,-0.042893724,0.0088573893,-0.038192956,-0.017025084,0.20173116,-0.045236408,-0.14842444,0.11370132,0.98236561,0.18807691,2.4878951,0
15,7600,3.800000,10,1.5578678,0.58322035,0.9924631,0.58338065,0.0075438385,-0.021480941,0.010351272,-0.24148102,-0.15974018,-0.055218792,-0.49023995,-0.23004908,-0.84067961,2.5693333,-2.7028396,0
15,7600,3.800000,11,1.5578678,0.57179244,1.3592342,0.20859267,-0.016817905,-0.059115487,0.044724957,0.040574484,-0.27417228,-0.15102368,0.33064223,-0.8280029,-0.45286522,2.0407727,-1.190872,0
15,7600,3.800000,12,1.5578678,0.21678715,1.006895,0.9715378,-0.00083493977,0.042541175,0.0098686924,-0.078598035,0.061943891,-0.041054592,0.51171403,0.67586231,0.53043274,1.0116854,0.92274912,0
15,7600,3.800000,13,1.5578678,0.24073297,1.3612581,1.3845727,0.077610171,-0.015600272,0.027989692,0.34900089,0.12469796,0.075188914,0.69390133,0.26457578,-0.66970188,2.3046036,0.36427142,0
15,7600,3.800000,14,1.5578678,0.59352028,0.98160021,1.3741965,0.022010834,-0.0083315279,-0.019118489,0.20690525,-0.087727139,-0.20455015,-0.36092413,-0.66864685,0.65011165,0.86306496,-2.0657615,0
15,7600,3.800000,15,1.5578678,0.61084273,1.3716265,0.964947,0.014585388,-0.0045350936,-0.033537391,0.14199711,0.21284584,0.22586141,0.78063166,-0.60975168,-0.13717541,1.7084056,-0.66311007,0
15,7600,3.800000,16,1.5578678,0.90519033,0.20157565,0.25992405,-0.078256739,-0.056325829,0.061504007,-0.06727408,-0.052000612,0.051792953,0.42214431,0.0091428872,0.90648254,0.43591864,0.021654817,0
15,7600,3.800000,17,1.5578678,0.94340805,0.59024281,0.59571373,-0.040987898,-0.073189961,0.0356604,0.11455008,0.051617163,-0.10007183,-0.77547635,0.53882476,-0.32909619,1.9061426,2.5343445,0
15,7600,3.800000,18,1.5578678,1.3743861,0.19272494,0.59860798,0.01861295,0.053519858,0.024882187,0.14508184,0.14140666,-0.030859068,-0.66094876,0.62902568,-0.40923517,1.992412,2.3809365,0
15,7600,3.800000,19,1.5578678,1.3215525,0.58504434,0.17603072,-0.029115173,-0.0065011309,0.00071093443,-0.10431649,0.20466444,0.10453313,-0.81028946,0.57909277,-0.089903016,1.6608209,2.5210861,0
15,7600,3.800000,20,1.5578678,0.99121396,0.19809697,0.96968973,-0.030244981,0.01339808,0.028878159,0.033543287,-0.13031078,0.11305984,-0.14827099,0.95665885,0.2506383,1.3174568,1.7245613,0
15,7600,3.800000,21,1.5578678,0.96719866,0.6332174,1.3316403,-0.0066194687,0.041445798,0.031781135,-0.069288971,0.061349335,0.15027889,-0.99191371,-0.10402802,0.072700541,1.4980316,-3.0370986,0
15,7600,3.800000,22,1.5578678,1.3611006,0.16410801,1.366173,0.021568673,-0.01581868,0.0014169293,0.0039813119,0.035279537,0.02973606,0.89854236,-0.43529342,-0.056046954,1.6268727,-0.45112551,0
15,7600,3.800000,23,1.5578678,1.3773721,0.57404149,0.96866119,-0.038547636,0.0045279315,0.021733458,-0.017386058,-0.11856817,-0.10489086,0.19694633,-0.9719699,-0.12840038,1.6995522,-1.3708771,0
15,7600,3.800000,24,1.5578678,0.96211519,1.0131421,0.18669099,0.025966262,0.014483823,0.030223381,-0.10973279,0.18808555,-0.11970676,-0.054822688,-0.44078839,0.8959353,0.46026392,-1.6945351,0
15,7600,3.800000,25,1.5578678,0.97959424,1.3580355,0.59037767,0.0091544868,0.027038289,-0.0068297205,0.025571875,0.20247297,0.12040247,-0.94429041,-0.011176856,-0.32892353,1.9059598,-3.129757,0
15,7600,3.800000,26,1.5578678,1.3811786,0.94290758,0.57419909,0.0046070717,-0.0095831794,0.014857542,0.035183836,-0.10689386,-0.0082524232,0.016006159,0.97080437,0.23933798,1.3291124,1.5543103,0
15,7600,3.800000,27,1.5578678,1.3167922,1.3742149,0.1789834,-0.014162849,0.028789284,-0.036936614,0.042723366,-0.042804181,0.056566242,-0.64464338,0.7181945,0.26197627,1.3057269,2.3022777,0
15,7600,3.800000,28,1.5578678,1.0216601,0.96678009,0.95312984,0.015900679,-0.014240923,-0.036750835,0.13203909,-0.031498806,-0.16349632,-0.086873071,0.51544363,0.85250861,0.55003044,1.7377675,0
15,7600,3.800000,29,1.5578678,0.97514271,1.4016087,1.3535753,0.014485166,0.00095857245,-0.0075388676,-0.11197241,0.096417903,-0.019475492,0.60920593,-0.41780552,-0.67402277,2.3104373,-0.60114555,0
15,7600,3.800000,30,1.5578678,1.3846688,0.95525441,1.3396311,-0.014792131,-0.03516798,-0.026416382,-0.043835891,-0.1065585,0.24729597,-0.25746163,-0.0079769275,0.9662556,0.26052221,-3.1106196,0
15,7600,3.800000,31,1.5578678,1.4147576,1.3522065,1.0085464,0.051015657,0.029370712,0.030204107,0.23361099,0.01758566,-0.028817359,0.83437186,0.072989457,0.54634799,0.99279862,0.087256208,0
16,7700,3.850000,0,1.5667078,0.18177671,0.19156359,0.16247469,0.0065069666,0.047785806,-0.062111272,-0.040656764,-0.18856091,-0.01844725,-0.8123743,-0.58204478,-0.035663444,1.6064673,-2.5198959,0
16,7700,3.850000,1,1.5667078,0.16779751,0.54214738,0.58372459,-0.05179757,0.011567825,-0.012143873,-0.034853574,-0.17816417,-0.36650214,-0.13801975,0.80297409,0.57981304,0.95229712,1.7410186,0
16,7700,3.850000,2,1.5667078,0.56116948,0.16014825,0.5886616,-0.055209384,-0.064134398,-0.06415844,-0.22623815,-0.24276669,-0.14354254,0.26023241,-0.94499864,0.19813295,1.3713436,-1.3020782,0
16,7700,3.850000,3,1.5667078,0.60425585,0.61991733,0.22168236,0.045708304,0.055194969,0.021522759,-0.22473951,0.072416825,0.32525153,-0.71342445,-0.42230719,0.55917993,0.97740003,-2.6071179,0
16,7700,3.850000,4,1.5667078,0.21826148,0.19130139,0.99211817,0.031800987,0.028551464,-0.037085743,0.20840004,0.034283204,0.10668835,0.23099557,0.10921972,-0.9668051,2.8832123,0.44166953,0
16,7700,3.850000,5,1.5667078,0.15904975,0.59837801,1.3766946,-0.010993676,0.044050338,0.02233791,-0.28873267,0.016317719,-0.033213833,0.72599586,0.64747453,-0.23174718,1.8046697,0.72829031,0
16,7700,3.850000,6,1.5667078,0.59230729,0.19755167,1.3514856,0.0031639697,-0.034420751,-0.0042832837,-0.21133127,0.037816664,-0.038907669,0.158403,0.60500469,-0.78030623,2.4659517,1.3147232,0
16,7700,3.850000,7,1.5667078,0.59149748,0.60694714,0.96645077,0.016739906,-0.033699954,-0.024914723,0.075076194,0.089222996,-0.088977344,0.42323697,0.88331754,0.20154549,1.3678608,1.1239717,0
16,7700,3.850000,8,1.5667078,0.16779521,0.91144768,0.18941827,0.0089952811,-0.02777695,-0.013664381,0.085764809,-0.21908346,0.12235101,-0.53432184,0.73105354,-0.42433583,2.0090246,2.2019563,0
16,7700,3.850000,9,1.5667078,0.1782535,1.3424533,0.58216465,-0.036830797,0.0190962,-0.044731423,0.23898984,0.2233099,-0.22458122,-0.13267279,0.26094747,0.95619263,0.29708923,2.0411629,0
16,7700,3.850000,10,1.5667078,0.57066868,0.98934155,0.58393665,-0.0082725079,-0.030209425,0.0076047108,-0.36410443,-0.17120738,-0.079096772,-0.54361188,-0.42855556,-0.72168293,2.3770268,-2.4739968,0
16,7700,3.850000,11,1.5667078,0.57414277,1.3558433,0.20167806,-0.017709621,-0.070187908,0.036649562,-0.074158998,-0.15205299,-0.20432506,0.2813441,-0.89869803,-0.33643329,1.9139232,-1.2674037,0
16,7700,3.850000,12,1.5667078,0.21664319,1.0118299,0.97783657,-0.0022051609,0.041764696,0.010652352,0.0095478289,-0.1083694,0.082644644,0.75933378,0.39601866,0.51631525,1.0282536,0.48072632,0
16,7700,3.850000,13,1.5667078,0.25650644,1.3719506,1.3986761,0.091976985,-0.012640448,0.03421894,0.23710773,0.013042997,0.17693402,0.66599393,0.27267739,-0.69433358,2.3382898,0.38860851,0
16,7700,3.850000,14,1.5667078,0.60473915,0.98527505,1.3691332,0.029839688,-0.010221332,-0.031943182,0.09988475,0.032198884,-0.23876848,-0.50362885,-0.57036513,0.64887718,0.86468848,-2.2941359,0
16,7700,3.850000,15,1.5667078,0.623015,1.3885712,0.9860865,0.023266934,0.0046006278,-0.017917569,0.17773464,0.19624226,0.36121298,0.78426802,-0.61312976,-0.094844919,1.665784,-0.66353575,0
16,7700,3.850000,16,1.5667078,0.90868758,0.20213252,0.25864775,-0.079891276,-0.05691113,0.058760563,0.02503369,0.059219182,-0.14593199,0.34280684,-0.10870582,0.93309513,0.36787096,-0.30707481,0
16,7700,3.850000,17,1.5667078,0.95665917,0.59552406,0.59464508,-0.033112328,-0.071263433,0.031223985,0.19118348,0.016397452,-0.07033851,-0.79220474,0.53825428,-0.28756563,1.8624805,2.5448002,0
16,7700,3.850000,18,1.5667078,1.3889151,0.19771782,0.59826841,0.025324143,0.057408142,0.021156429,0.093488046,0.0063337055,-0.11597004,-0.63378338,0.6029314,-0.48455378,2.0766493,2.381136,0
16,7700,3.850000,19,1.5667078,1.3254169,0.59649365,0.18538086,-0.032739545,0.0016054668,0.0090386556,-0.044778229,0.085112258,0.23425346,-0.83189544,0.55303028,0.045907346,1.5248728,2.554895,0
16,7700,3.850000,20,1.5667078,0.99805919,0.19641421,0.98327676,-0.029027736,0.010599164,0.036939982,0.035851502,-0.026437331,0.19254411,-0.17266086,0.94374756,0.28200847,1.2849094,1.7517475,0
16,7700,3.850000,21,1.5667078,0.97231853,0.63897773,1.3453568,-0.0069868185,0.043606883,0.037923964,-0.00077342663,-0.058925761,0.095849169,-0.99167459,-0.084526551,0.097143017,1.4734999,-3.056562,0
16,7700,3.850000,22,1.5667078,1.3702224,0.16690187,1.3743484,0.022963067,-0.013961287,0.0018389382,0.067184617,0.047617942,0.015925726,0.83667247,-0.54659767,0.034787298,1.536002,-0.5786912,0
16,7700,3.850000,23,1.5667078,1.382988,0.56893731,0.97073684,-0.040741318,-0.0038099981,0.0183222,-0.047008691,-0.18266001,-0.064038512,-0.022849787,-0.95412072,-0.29854906,1.8739683,-1.5947403,0
16,7700,3.850000,24,1.5667078,0.96338535,1.028529,0.18157042,0.021788812,0.024094632,0.024060888,-0.048654957,0.12174117,-0.082617621,-0.094001666,-0.62619891,0.77397585,0.68570021,-1.7197985,0
16,7700,3.850000,25,1.5667078,0.98739252,1.3745837,0.59784279,0.01138784,0.035855561,-0.002726248,0.032060437,0.15288574,0.084667302,-0.8243139,-0.095914495,-0.55794893,2.1627085,-3.0257568,0
16,7700,3.850000,26,1.5667078,1.3927638,0.94597898,0.57605847,0.0083442704,-0.011855784,0.01346264,0.076362388,0.013713328,-0.043708867,-0.11527215,0.96175695,0.24846711,1.3196989,1.6900831,0
16,7700,3.850000,27,1.5667078,1.3264088,1.3839437,0.18406155,-0.012024293,0.030714746,-0.032885546,0.029930181,0.13858381,0.099719473,-0.42045231,0.86822803,0.26343869,1.3042112,2.0217768,0
16,7700,3.850000,28,1.5667078,1.0294142,0.97427041,0.95118622,0.017851925,-0.012242152,-0.04408215,-0.032708555,0.084997414,-0.1361679,-0.079170275,0.46124067,0.88373588,0.48701043,1.7407861,0
16,7700,3.850000,29,1.5667078,0.97455158,1.413902,1.360346,0.0083779721,0.0052863324,-0.0084462809,-0.11062899,0.062442853,0.0030008334,0.61856509,-0.27483811,-0.73609866,2.3980847,-0.41811672,0
16,7700,3.850000,30,1.5667078,1.3899448,0.9564849,1.3600195,-0.017366079,-0.039346161,-0.013665575,-0.06658931,-0.061722969,0.23195249,-0.26769522,-0.16755417,0.94882289,0.32130884,-2.5823364,0
16,7700,3.850000,31,1.5667078,1.4328443,1.3617354,1.0135748,0.061046095,0.031221337,0.029511528,0.11120841,0.073996955,-0.009412778,0.70946508,0.053231643,0.70272732,0.79157263,0.07489035,0
17,7800,3.900000,0,1.5700209,0.17963462,0.18197452,0.16617985,0.003983132,0.037802183,-0.058753252,-0.07817612,-0.19428499,0.11108699,-0.63230231,-0.77400641,-0.03328475,1.6040872,-2.2557703,0
17,7800,3.900000,1,1.5700209,0.16752239,0.53722505,0.56850785,-0.052426865,0.0055054066,-0.028577663,0.011313621,-0.085128417,-0.25197402,0.071268856,0.69957301,0.71099814,0.77987969,1.4692718,0
17,7800,3.900000,2,1.5700209,0.5508131,0.15219123,0.5826352,-0.066740291,-0.072421328,-0.071422021,-0.19211306,-0.16232442,-0.17219966,0.35048727,-0.88005706,0.32040325,1.2446412,-1.191795,0
17,7800,3.900000,3,1.5700209,0.59424843,0.62155461,0.23325518,0.034434963,0.055520956,0.032615061,-0.25911046,-0.065964905,0.14498952,-0.69079449,-0.4850128,0.53625138,1.0048067,-2.5294529,0
17,7800,3.900000,4,1.5700209,0.22683485,0.19465071,1.0012429,0.039904238,0.031493129,-0.030066491,0.097417794,0.086628783,0.16779074,0.41194013,0.02676418,-0.91081777,2.7160571,0.064879855,0
17,7800,3.900000,5,1.5700209,0.14693293,0.59838761,1.3771315,-0.023433705,0.042795861,0.019866117,-0.20374152,-0.035502241,-0.12445027,0.66163099,0.63031524,-0.40613683,1.9890189,0.76116371,0
17,7800,3.900000,6,1.5700209,0.58490485,0.2056851,1.3541754,-0.005481902,-0.026713224,-0.0044513581,-0.14805596,0.24882064,0.029118969,0.24791335,0.52131073,-0.81656236,2.5262269,1.126893,0
17,7800,3.900000,7,1.5700209,0.59984218,0.6120475,0.96199373,0.023826273,-0.029887135,-0.031408674,0.17321041,0.11539499,-0.17619532,0.33044299,0.87393234,0.3564403,1.2063412,1.2093014,0
17,7800,3.900000,8,1.5700209,0.16893845,0.90572783,0.1945975,0.0097828548,-0.035416183,-0.0088907561,-0.095792873,-0.098783124,0.078639386,-0.57796959,0.69300907,-0.43091714,2.0163052,2.2659279,0
17,7800,3.900000,9,1.5700209,0.19127002,1.3537715,0.56986871,-0.024204566,0.027566625,-0.058244206,0.25306729,0.14187006,-0.3074508,-0.066997257,0.39620229,0.91571563,0.41351106,1.7383103,0
17,7800,3.900000,10,1.5700209,0.55156666,0.98589913,0.58303127,-0.028559892,-0.035738176,0.0054667289,-0.41715773,-0.025000201,0.050257637,-0.59670168,-0.60439195,-0.52788017,2.126899,-2.3497919,0
17,7800,3.900000,11,1.5700209,0.5697237,1.3547757,0.19213016,-0.023336892,-0.074118572,0.026685695,-0.11222488,-0.047959379,-0.14583586,0.17569549,-0.9591572,-0.22169475,1.7943484,-1.3896279,0
17,7800,3.900000,12,1.5700209,0.21982709,1.0046475,0.98000206,0.00051772711,0.032452423,0.010749899,0.07731061,-0.2365447,-0.06897521,0.86754049,0.16948119,0.46759985,1.0842228,0.19292838,0
17,7800,3.900000,13,1.5700209,0.26562001,1.3704602,1.4123108,0.10053907,-0.017027556,0.044884561,0.095395962,-0.16291619,0.17903224,0.64861241,0.24731404,-0.71981783,2.3743362,0.36427997,0
17,7800,3.900000,14,1.5700209,0.61192055,0.99198581,1.3596059,0.035736014,-0.0055990209,-0.044352763,0.099236417,0.12523108,-0.20687295,-0.74238662,-0.3896254,0.54502675,0.99437531,-2.6582804,0
17,7800,3.900000,15,1.5700209,0.63144567,1.3991517,1.0048031,0.030372597,0.012236654,-0.0013038033,0.11782565,0.086720895,0.28596277,0.74754178,-0.65345816,-0.11905344,1.6901328,-0.71834422,0
17,7800,3.900000,16,1.5700209,0.91657902,0.2085088,0.24957252,-0.073927742,-0.050968578,0.049148517,0.19991199,0.164649,-0.23769673,0.26264917,-0.17571377,0.94875713,0.32151701,-0.58962011,0
17,7800,3.900000,17,1.5700209,0.96832288,0.59893705,0.59418464,-0.023481848,-0.069112078,0.029507857,0.20564101,0.048177961,0.042564826,-0.81265523,0.47740929,-0.33417339,1.9115244,2.6104385,0
17,7800,3.900000,18,1.5700209,1.3947204,0.19423596,0.59045815,0.028189267,0.053512286,0.012090574,0.031717444,-0.16454027,-0.24345483,-0.56372673,0.59760813,-0.57015498,2.1774908,2.3270282,0
17,7800,3.900000,19,1.5700209,1.3258783,0.60051727,0.19552808,-0.03507852,0.0043647627,0.018783546,-0.068410798,0.0071527663,0.18129472,-0.82094581,0.5352923,0.19877154,1.370692,2.5637823,0
17,7800,3.900000,20,1.5700209,1.0039977,0.19597272,0.99318333,-0.025203888,0.0097432214,0.044758943,0.085091972,0.021828495,0.14068566,-0.25826757,0.91322777,0.31513951,1.2501927,1.8464064,0
17,7800,3.900000,21,1.5700209,0.9754326,0.63448739,1.353742,-0.0059300408,0.037771452,0.043458261,0.052537008,-0.19970622,0.08820138,-0.99047518,-0.0909021,0.1034201,1.467191,-3.0500728,0
17,7800,3.900000,22,1.5700209,1.3732907,0.17128529,1.3782918,0.023133543,-0.009935071,0.0028748228,-0.06607416,0.11696531,0.026817037,0.74046735,-0.65425484,0.15381388,1.4163694,-0.72366331,0
17,7800,3.900000,23,1.5700209,1.3851661,0.5622588,0.96791332,-0.041487014,-0.011683337,0.013450989,0.013098942,-0.097956714,-0.0947642,-0.2608541,-0.88081301,-0.39512476,1.977,-1.8587187,0
17,7800,3.900000,24,1.5700209,0.96398602,1.032937,0.17935156,0.020353724,0.026325232,0.021460802,-0.011520477,0.00013659393,-0.030203152,-0.14572886,-0.65509869,0.74135606,0.73570761,-1.7896855,0
17,7800,3.900000,25,1.5700209,0.99403374,1.3812995,0.60391353,0.015936207,0.039660433,0.0020751587,0.18553347,0.02497703,0.060487548,-0.65499921,-0.14361876,-0.74185557,2.4066297,-2.925743,0
17,7800,3.900000,26,1.5700209,1.3980596,0.95203609,0.57650622,0.010692368,-0.0078034188,0.012693008,0.050343081,0.15628615,0.038733798,-0.24083653,0.93925942,0.24451893,1.3237728,1.8217998,0
17,7800,3.900000,27,1.5700209,1.3313745,1.3927361,0.19368004,-0.0098658419,0.036574321,-0.023666036,0.031319712,0.11092883,0.27588399,-0.25392872,0.92786953,0.27309034,1.2941923,1.8379243,0
17,7800,3.900000,28,1.5700209,1.0293458,0.98149845,0.94901297,0.015609041,-0.007079866,-0.048262464,-0.026564043,0.099935463,-0.053318066,-0.012147702,0.38122906,0.9244008,0.3913347,1.6026501,0
17,7800,3.900000,29,1.5700209,0.97214801,1.416584,1.3658469,0.0039182197,0.0049786258,-0.0058248908,-0.069994086,-0.042777331,0.083063105,0.66533567,-0.21473702,-0.71499403,2.3674119,-0.31219541,0
17,7800,3.900000,30,1.5700209,1.3890874,0.95897986,1.373526,-0.021158762,-0.038874384,-0.0030463977,-0.070270662,0.02030387,0.17979803,-0.31498785,-0.26031356,0.91269902,0.42095522,-2.4509458,0
17,7800,3.900000,31,1.5700209,1.4383691,1.3677868,1.0144701,0.063538204,0.034389713,0.028264723,0.013249668,0.042517951,-0.022419094,0.54811566,0.052749651,0.8347375,0.58314042,0.095942703,0
18,7900,3.950000,0,1.5631514,0.17476315,0.17348784,0.17265602,-0.00011133299,0.030094816,-0.05153414,-0.10595154,-0.16645939,0.15305564,-0.44286036,-0.89253151,0.085218519,1.4854743,-2.0313869,0
18,7900,3.950000,1,1.5631514,0.16696461,0.53310624,0.56194573,-0.052251277,0.0037333174,-0.032661266,0.0087316961,0.036887721,0.033625784,0.30323978,0.40688926,0.86167672,0.53223171,0.93033337,0
18,7900,3.950000,2,1.5631514,0.53817203,0.14333137,0.5715236,-0.076993796,-0.080633286,-0.080003145,-0.20451793,-0.15889041,-0.15742774,0.48632604,-0.72269457,0.4911207,1.0574205,-0.97846706,0
18,7900,3.950000,3,1.5631514,0.58269752,0.61095515,0.23478901,0.025464483,0.047623756,0.035175097,-0.1434389,-0.1970106,-0.0017613713,-0.57586953,-0.6438198,0.50385549,1.0427399,-2.3005409,0
18,7900,3.950000,4,1.5631514,0.22328781,0.20203455,1.0029154,0.03734409,0.039746741,-0.023999768,-0.12996208,0.18406428,0.14410237,0.56225785,-0.092319584,-0.82179268,2.5353465,-0.16274226,0
18,7900,3.950000,5,1.5631514,0.14059283,0.59711309,1.3630657,-0.029143429,0.04414251,0.011808181,-0.048019701,0.11713771,-0.18464054,0.59366788,0.59098486,-0.54616422,2.1485746,0.78313335,0
18,7900,3.950000,6,1.5631514,0.57451307,0.21942601,1.354455,-0.013331677,-0.012040182,0.0017670217,-0.15914067,0.32533772,0.20234374,0.33048091,0.37829907,-0.86468039,2.6153101,0.85276153,0
18,7900,3.950000,7,1.5631514,0.60652947,0.61382523,0.94877399,0.033158597,-0.025421636,-0.040439064,0.18651644,0.086578768,-0.19458967,0.27525019,0.81965604,0.50239557,1.0444292,1.2468168,0
18,7900,3.950000,8,1.5631514,0.16155115,0.90159244,0.19395686,0.0031201221,-0.035588996,-0.0086794786,-0.12514989,0.10397851,-0.047651715,-0.57627167,0.70439486,-0.41441385,1.998095,2.2564821,0
18,7900,3.950000,9,1.5631514,0.2012856,1.3510513,0.55207709,-0.013328247,0.030776754,-0.073576012,0.17624163,0.021921951,-0.31130204,0.035922509,0.43291897,0.90071679,0.44937958,1.4880085,0
18,7900,3.950000,10,1.5631514,0.53130847,0.98328156,0.58676248,-0.046443951,-0.034038273,0.011762766,-0.30738188,0.020913074,0.15140853,-0.66189713,-0.7161435,-0.22142871,1.7940756,-2.3168499,0
18,7900,3.950000,11,1.5631514,0.56555973,1.3487129,0.18809187,-0.025011747,-0.074253903,0.023481036,0.089003993,0.034878621,0.036697941,-0.03368764,-0.99619789,-0.080342416,1.6512254,-1.6045997,0
18,7900,3.950000,12,1.5631514,0.22419453,0.98996811,0.96961951,0.0058587098,0.022146214,0.0046418958,0.10681152,-0.19689133,-0.15166994,0.88207967,0.061074894,0.46712452,1.0847605,0.069129326,0
18,7900,3.950000,13,1.5631514,0.26078491,1.3529043,1.4094138,0.096858112,-0.028612413,0.048174237,-0.23327461,-0.2787053,-0.07205498,0.69077856,0.23342736,-0.68435126,2.3245099,0.32587216,0
18,7900,3.950000,14,1.5631514,0.6181585,0.99419772,1.3462729,0.044670977,0.000967659,-0.051753079,0.21856429,0.16412635,-0.08132729,-0.90568484,-0.19565801,0.37610227,1.1852102,-2.9288291,0
18,7900,3.950000,15,1.5631514,0.63404165,1.3904668,1.0108012,0.035743208,0.0096680779,0.009113585,0.13890402,-0.15254488,0.1098077,0.68089544,-0.71789876,-0.14492329,1.7162318,-0.81184572,0
18,7900,3.950000,16,1.5631514,0.92381013,0.21619055,0.23640737,-0.062661492,-0.042355627,0.037048827,0.25612537,0.19062459,-0.22898511,0.24259371,-0.19965927,0.94936003,0.31960362,-0.68862026,0
18,7900,3.950000,17,1.5631514,0.97230143,0.59944221,0.59484734,-0.015248404,-0.06597944,0.03277754,0.1481774,0.024697251,0.085607953,-0.78564174,0.43779874,-0.43714907,2.0232227,2.6332004,0
18,7900,3.950000,18,1.5631514,1.3863314,0.18226563,0.57880172,0.025897801,0.042367388,0.0029977283,-0.11880648,-0.24894331,-0.12225498,-0.50278029,0.60068885,-0.62159865,2.2415782,2.2676983,0
18,7900,3.950000,19,1.5631514,1.3164382,0.59384704,0.20039767,-0.038725299,0.00031317283,0.024521244,-0.10373748,-0.15110633,0.094311686,-0.78570257,0.5507682,0.28164846,1.2852846,2.5302038,0
18,7900,3.950000,20,1.5631514,1.003394,0.19651276,0.99397098,-0.021406339,0.011143795,0.049903491,0.046815112,0.086514052,0.083967905,-0.43513308,0.8458045,0.3086648,1.2570074,2.0459454,0
18,7900,3.950000,21,1.5631514,0.97501854,0.62074619,1.3491945,-0.0020676851,0.026782324,0.044837053,0.12294209,-0.28475629,-0.016481974,-0.98698908,-0.088625366,0.13415701,1.4362336,-3.0520392,0
18,7900,3.950000,22,1.5631514,1.3642343,0.1764512,1.3721331,0.020079227,-0.0040067055,0.0027464676,-0.068884595,0.10503944,-0.012091794,0.61051626,-0.75638361,0.2348483,1.3337338,-0.89170982,0
18,7900,3.950000,23,1.5631514,1.3814418,0.55670279,0.96118071,-0.039145516,-0.014786011,0.010947948,0.041957881,-0.040655506,-0.0085833794,-0.35113339,-0.85333018,-0.38539972,1.9664373,-1.961165,0
18,7900,3.950000,24,1.5631514,0.96215439,1.0251284,0.17963463,0.022745195,0.02302893,0.022530957,0.056184221,-0.10522935,0.03590192,-0.21633571,-0.54710173,0.80862758,0.62898074,-1.9473494,0
18,7900,3.950000,25,1.5631514,0.99759881,1.3730381,0.6013985,0.023868002,0.037437951,0.0022028006,0.13041192,-0.094900999,-0.10681546,-0.53905008,-0.20872962,-0.81600059,2.5252544,-2.772154,0
18,7900,3.950000,26,1.5631514,1.3943233,0.95808268,0.5741826,0.013078397,0.0024311896,0.012892293,0.036486955,0.21271423,0.039888218,-0.30818684,0.94696548,0.090979407,1.4796909,1.8854322,0
18,7900,3.950000,27,1.5631514,1.3277079,1.390976,0.2050974,-0.0077022607,0.040917564,-0.011374286,0.046750647,0.068114245,0.23733441,-0.20421603,0.91996236,0.33461183,1.229603,1.7892373,0
18,7900,3.950000,28,1.5631514,1.0243863,0.981573,0.94445149,0.015152394,-0.0027012231,-0.048672495,-0.036479381,0.063494398,0.047579436,0.051436575,0.29586874,0.95384274,0.30501404,1.3986674,0
18,7900,3.950000,29,1.5631514,0.96735021,1.4087519,1.3649958,0.0033727983,0.0033411055,-0.00068860752,0.098925562,-0.024167989,0.10896686,0.71541511,-0.31451069,-0.62391045,2.2445329,-0.41418835,0
18,7900,3.950000,30,1.5631514,1.380367,0.96160952,1.3774102,-0.023807127,-0.032033771,0.0068693351,-0.10288898,0.20622854,0.18061827,-0.40362554,-0.3199019,0.85717513,0.54103688,-2.471398,0
18,7900,3.950000,31,1.5631514,1.4296356,1.363569,1.0094366,0.061092848,0.036160517,0.027668685,-0.027395338,0.032781708,0.0015152208,0.45137314,0.11601904,0.88476091,0.48481558,0.25158951,0
19,8000,4.000000,0,1.578623,0.17369447,0.16868989,0.18233557,-0.0028960545,0.023611659,-0.043602553,-0.039440262,-0.099068429,0.13024828,-0.310193,-0.88685646,0.34244114,1.2212824,-1.9072634,0
19,8000,4.000000,1,1.578623,0.16843835,0.54124258,0.57314596,-0.052429237,0.0065790937,-0.027050655,-0.031010252,0.028593276,0.20458106,0.41711329,0.026164036,0.90847782,0.43116897,0.062644376,0
19,8000,4.000000,2,1.578623,0.53568806,0.13876172,0.56902658,-0.084766175,-0.08659225,-0.088117001,-0.11634667,-0.060433695,-0.1683387,0.60390538,-0.50543093,0.61630989,0.9067481,-0.69686143,0
19,8000,4.000000,3,1.578623,0.58895013,0.60664524,0.23485185,0.025947328,0.037317528,0.032925138,0.10794844,-0.20183727,-0.072932647,-0.36465725,-0.78303366,0.50386841,1.0427249,-2.0066278,0
19,8000,4.000000,4,1.578623,0.21535041,0.2116214,1.020481,0.027246375,0.047296733,-0.016398254,-0.22987704,0.092456642,0.14929721,0.62800893,-0.17261161,-0.75882146,2.432298,-0.26823172,0
19,8000,4.000000,5,1.578623,0.1440907,0.6104251,1.3672414,-0.027047425,0.051508174,0.002538318,0.091470441,0.18252517,-0.2097818,0.56437978,0.53306569,-0.63033042,2.2527751,0.75687229,0
19,8000,4.000000,6,1.578623,0.57462509,0.24038751,1.3788258,-0.018878724,0.0066574207,0.012678008,-0.062312368,0.38761523,0.23077828,0.39566815,0.20614379,-0.89495891,2.6791354,0.48030748,0
19,8000,4.000000,7,1.578623,0.62167622,0.62180879,0.94911837,0.042257271,-0.023522911,-0.049441079,0.19044335,0.056718189,-0.1386497,0.23045913,0.71447217,0.66061948,0.84915268,1.2587742,0
19,8000,4.000000,8,1.578623,0.15510603,0.91958387,0.1958585,-0.0048845708,-0.026565727,-0.008697485,-0.23422951,0.22177184,0.012344351,-0.53999823,0.75313489,-0.37575224,1.9560047,2.1928413,0
19,8000,4.000000,9,1.578623,0.20562065,1.3656659,0.54537876,-0.010996955,0.032012958,-0.085679053,-0.091881544,0.044064684,-0.21216878,0.2406834,0.35896903,0.90178309,0.4469187,0.98015484,0
19,8000,4.000000,10,1.578623,0.52761318,0.99318657,0.59811503,-0.055354118,-0.033866373,0.01728052,-0.0039718806,-0.0092454619,0.062848032,-0.68069627,-0.72735382,0.087229657,1.4834557,-2.3230703,0
19,8000,4.000000,11,1.578623,0.57780833,1.3618024,0.19068082,-0.018393505,-0.074512362,0.024204737,0.19968702,-0.02741239,0.0075052373,-0.27630751,-0.95623836,0.09624121,1.4744059,-1.8520873,0
19,8000,4.000000,12,1.578623,0.23127115,0.9890647,0.97110742,0.010692507,0.011496798,-0.0034274968,0.11879227,-0.20251651,-0.12603163,0.86141595,0.051133661,0.50531961,1.041044,0.059290438,0
19,8000,4.000000,13,1.578623,0.23976513,1.352447,1.4133177,0.073372802,-0.042392567,0.03817733,-0.61488408,-0.26561982,-0.25726886,0.71102196,0.28645955,-0.64217497,2.2681286,0.38299032,0
19,8000,4.000000,14,1.578623,0.6350078,1.0109361,1.3547142,0.055349311,0.0078319365,-0.056612863,0.19490974,0.137498,-0.11263938,-0.96666842,-0.14276617,0.21253231,1.3566306,-2.9949637,0
19,8000,4.000000,15,1.578623,0.64815806,1.3930809,1.0231816,0.043545612,-0.0014257335,0.011477726,0.14450339,-0.24401007,0.0044600183,0.56445404,-0.7598672,-0.32248019,1.8991448,-0.93189823,0
19,8000,4.000000,16,1.578623,0.94409045,0.22900613,0.22786228,-0.051579381,-0.031732159,0.02621718,0.24472513,0.23651864,-0.19897487,0.17616574,-0.23585142,0.9556881,0.29880791,-0.92925956,0
19,8000,4.000000,17,1.578623,0.98714034,0.60378832,0.60487182,-0.010058639,-0.067558675,0.036894102,0.11681875,-0.136186,0.072977281,-0.71023559,0.48706634,-0.50826351,2.1039636,2.5404733,0
19,8000,4.000000,18,1.578623,1.3941992,0.17395762,0.57969257,0.020072657,0.032304905,-0.0018165483,-0.13641667,-0.13563372,-0.029861389,-0.4697358,0.61403078,-0.63428265,2.2578766,2.2238308,0
19,8000,4.000000,19,1.578623,1.3260246,0.59078976,0.20426172,-0.042151774,-0.008578062,0.026392589,-0.071539469,-0.16663001,0.0028578833,-0.73427754,0.60210157,0.31354456,1.2518728,2.4547799,0
19,8000,4.000000,20,1.578623,1.0124351,0.20289807,1.0087315,-0.022292188,0.015562311,0.0548018,-0.067858545,0.0074600129,0.12061176,-0.58895636,0.75325693,0.29280438,1.2736379,2.2343903,0
19,8000,4.000000,21,1.578623,0.99114203,0.61337138,1.3627352,0.0043735996,0.013329771,0.045022856,0.12649898,-0.24737154,-0.018976704,-0.96624089,-0.054236674,0.25186689,1.3161875,-3.0855199,0
19,8000,4.000000,22,1.578623,1.3737544,0.18379445,1.386594,0.016116027,0.0015626483,0.0036220323,-0.070398829,0.048044287,0.037789885,0.4679073,-0.82404921,0.31938325,1.2457177,-1.0543787,0
19,8000,4.000000,23,1.578623,1.3964341,0.56271118,0.97015547,-0.037832779,-0.014290165,0.010411829,0.041438751,0.092174463,-0.010651325,-0.36257521,-0.86773322,-0.33996806,1.9176793,-1.9665883,0
19,8000,4.000000,24,1.578623,0.97603715,1.0285588,0.18511335,0.027083439,0.016345799,0.026213573,0.093581265,-0.15251253,0.13689342,-0.26097863,-0.41988594,0.86924447,0.51712429,-2.1269084,0
19,8000,4.000000,25,1.578623,1.0124852,1.3812199,0.5995573,0.028855892,0.032056351,-0.0055526959,0.08496767,-0.13842221,-0.21609227,-0.45870086,-0.31851705,-0.82954229,2.5490839,-2.5346421,0
19,8000,4.000000,26,1.578623,1.4106321,0.97760628,0.58395384,0.015574217,0.012422731,0.016960388,0.033164882,0.20261194,0.14156262,-0.31769083,0.94039067,-0.12139988,1.6924964,1.8965871,0
19,8000,4.000000,27,1.578623,1.3439757,1.4050964,0.21662646,-0.0045911827,0.041268724,-0.0019217771,0.071612319,-0.063589451,0.12609815,-0.29592988,0.85013191,0.43554706,1.1201504,1.9057764,0
19,8000,4.000000,28,1.578623,1.0359674,0.99660085,0.95620735,0.016587273,0.0025852407,-0.046276368,0.032318396,0.14332201,0.10382435,0.17040995,0.21585604,0.96143987,0.27860555,0.90251464,0
19,8000,4.000000,29,1.578623,0.98258526,1.4219607,1.3863167,0.0090055316,0.002610082,0.0070836649,0.13105652,0.016147426,0.14782402,0.73030063,-0.45928616,-0.50568489,2.100972,-0.56139899,0
19,8000,4.000000,30,1.578623,1.388568,0.98103567,1.3973687,-0.029241895,-0.022173937,0.013163646,-0.13114782,0.14545356,0.069990091,-0.52114891,-0.35919958,0.77419602,0.68535244,-2.5381209,0
19,8000,4.000000,31,1.578623,1.4400652,1.3801506,1.0207451,0.057390501,0.039230742,0.028979609,-0.072093454,0.07944749,0.031032116,0.36706221,0.20980711,0.90622641,0.43652482,0.51926373,0
20,8100,4.050000,0,1.5681877,0.16896606,0.16857553,0.18190159,-0.006488195,0.024615734,-0.042828659,-0.12490638,0.16909821,-0.090570362,-0.12731981,-0.77978545,0.61296355,0.91099036,-1.7326436,0
20,8100,4.050000,1,1.5681877,0.16509982,0.53753876,0.58355948,-0.054661719,0.0064526753,-0.012801161,-0.10953112,-0.026211084,0.33177642,0.44984978,-0.26624665,0.8524951,0.55005629,-0.53441033,0
20,8100,4.050000,2,1.5681877,0.53020039,0.13538635,0.5607008,-0.086719209,-0.089058529,-0.092696476,0.067200615,-0.063571415,-0.038463723,0.66381148,-0.30639235,0.68225951,0.81994761,-0.4324299,0
20,8100,4.050000,3,1.5681877,0.59240756,0.59310108,0.2250065,0.03332241,0.027751812,0.024604666,0.11312041,-0.10820222,-0.20528904,-0.21179359,-0.86712531,0.45081834,1.1031144,-1.810354,0
20,8100,4.050000,4,1.5681877,0.20363882,0.2135215,1.0185628,0.016924103,0.050606708,-0.011554613,-0.15174274,0.022110901,0.038076813,0.67199803,-0.23689773,-0.70163959,2.3484923,-0.33892464,0
20,8100,4.050000,5,1.5681877,0.14852577,0.61649157,1.3506673,-0.021641936,0.061643411,-0.0050229243,0.20154664,0.22425704,-0.15156342,0.58145476,0.53925113,-0.60919502,2.2258414,0.74775788,0
20,8100,4.050000,6,1.5681877,0.56662241,0.25509821,1.3780621,-0.023096888,0.023011412,0.021056747,-0.094851142,0.24695791,0.13734078,0.45761158,0.092928489,-0.88428272,2.655752,0.20034847,0
20,8100,4.050000,7,1.5681877,0.62662592,0.62038149,0.93881548,0.051346638,-0.020830881,-0.053483316,0.2058123,0.059853436,-0.003733848,0.20945857,0.62372859,0.75305362,0.71810544,1.2468123,0
20,8100,4.050000,8,1.5681877,0.14342323,0.92456135,0.19440991,-0.01557751,-0.015472644,-0.0088518925,-0.18289546,0.22276025,-0.00041593215,-0.50348632,0.81987544,-0.27259087,1.8468812,2.1215197,0
20,8100,4.050000,9,1.5681877,0.19458477,1.3500022,0.53557548,-0.020705801,0.025354794,-0.091897786,-0.22811534,-0.29193292,-0.0058585391,0.40592989,0.18035462,0.89593143,0.46027262,0.41810364,0
20,8100,4.050000,10,1.5681877,0.52864619,0.98589852,0.59146769,-0.050818334,-0.034591474,0.014577998,0.20137321,-0.077846214,-0.1772267,-0.68921765,-0.7001829,0.18634092,1.3833598,-2.3483026,0
20,8100,4.050000,11,1.5681877,0.58497581,1.3527852,0.18715621,-0.0073699206,-0.074527548,0.021933064,0.2116769,0.036065473,-0.085332713,-0.39112705,-0.88567572,0.25019621,1.3179134,-1.9866548,0
20,8100,4.050000,12,1.5681877,0.23018747,0.97433533,0.96137292,0.01113911,0.0032782863,-0.0067536182,-0.034537629,-0.1684384,-0.0031689017,0.80651268,0.14204806,0.57389864,0.9595377,0.17433825,0
20,8100,4.050000,13,1.5681877,0.20812084,1.3324581,1.3918735,0.043213439,-0.053478008,0.026035432,-0.52314273,-0.18866416,-0.16871244,0.68375003,0.36217816,-0.6334926,2.2568551,0.48711951,0
20,8100,4.050000,14,1.5681877,0.63919169,1.0100476,1.3405211,0.063758746,0.013645352,-0.06186826,0.14947472,0.1142746,-0.090436755,-0.97569964,-0.21166135,0.056654056,1.5141119,-2.9279697,0
20,8100,4.050000,15,1.5681877,0.65068583,1.3742502,1.0133331,0.050380629,-0.011079641,0.00838258,0.14777777,-0.12590202,-0.12972204,0.35984146,-0.74643638,-0.55977393,2.1649093,-1.1215879,0
20,8100,4.050000,16,1.5681877,0.94929387,0.24117965,0.21482271,-0.040097076,-0.017999273,0.0146455,0.22234413,0.29167672,-0.22993963,0.047028039,-0.2895093,0.95601921,0.29768107,-1.4097624,0
20,8100,4.050000,17,1.5681877,0.98512427,0.59121444,0.60382253,-0.0055343223,-0.076169827,0.03985307,0.076218457,-0.1827075,0.04075196,-0.60028768,0.58239204,-0.54815529,2.1509534,2.3713248,0
20,8100,4.050000,18,1.5681877,1.3803067,0.17002341,0.57971698,0.015380807,0.02951137,0.0020526928,-0.038967471,-0.024275333,0.1267973,-0.47143448,0.66911498,-0.57448644,2.1827729,2.184579,0
20,8100,4.050000,19,1.5681877,1.3146943,0.58013927,0.20418776,-0.044725052,-0.01534564,0.027673132,-0.026382809,-0.10981104,0.017124209,-0.66984842,0.65349679,0.35248411,1.2105721,2.3685501,0
20,8100,4.050000,20,1.5681877,1.0009162,0.19766308,1.0070842,-0.02713451,0.011655607,0.059839345,-0.12372317,-0.16073269,0.065211484,-0.71399663,0.68013744,0.1661983,1.4038232,2.3804766,0
20,8100,4.050000,21,1.5681877,0.99050546,0.59710388,1.3551751,0.010308556,0.0010762691,0.046475813,0.094762058,-0.24566173,0.052241106,-0.88866554,-0.01362214,0.45835358,1.0946545,-3.1262651,0
20,8100,4.050000,22,1.5681877,1.360866,0.1860326,1.3803004,0.012295991,0.0050272351,0.0065040041,-0.109579,0.078864157,0.12495656,0.37032546,-0.82249071,0.43170371,1.1244156,-1.1477355,0
20,8100,4.050000,23,1.5681877,1.3899721,0.56557851,0.9642464,-0.035054619,-0.0076811773,0.010917551,0.049535719,0.21280513,0.034915195,-0.30569407,-0.88342218,-0.35512869,1.9338481,-1.9039336,0
20,8100,4.050000,24,1.5681877,0.97473809,1.0161883,0.19403323,0.032253513,0.010755908,0.036390874,0.050918209,-0.089315303,0.23450532,-0.23764747,-0.36241261,0.90121073,0.44824119,-2.1511942,0
20,8100,4.050000,25,1.5681877,1.0061427,1.3649216,0.58935486,0.029207404,0.024864615,-0.011812588,-0.030917332,-0.17802268,-0.027366241,-0.37802012,-0.45210604,-0.80789907,2.5113747,-2.2671837,0
20,8100,4.050000,26,1.5681877,1.4026685,0.98178535,0.58542125,0.016940035,0.02309957,0.022305689,0.010983843,0.26668151,0.10382177,-0.27910899,0.90117178,-0.33164379,1.9088418,1.8711446,0
20,8100,4.050000,27,1.5681877,1.3400225,1.3866091,0.21686106,0.00035625726,0.032039041,-0.00024964305,0.056247976,-0.2625411,-0.090182133,-0.41410459,0.72054172,0.55618075,0.98101327,2.0924148,0
20,8100,4.050000,28,1.5681877,1.0303699,0.99503895,0.95683106,0.017842114,0.007627988,-0.039308644,0.025659475,0.06978266,0.14853376,0.38800175,0.076632381,0.91846727,0.40660891,0.19499561,0
20,8100,4.050000,29,1.5681877,0.98299923,1.4154456,1.384606,0.015937769,0.0055042891,0.014561841,0.14299258,0.1042252,0.15374954,0.71055344,-0.61409021,-0.34352151,1.9214604,-0.71270446,0
20,8100,4.050000,30,1.5681877,1.3734525,0.98099276,1.3891203,-0.035198162,-0.015710377,0.014155679,-0.12535347,0.09731023,-0.037281174,-0.63188402,-0.40765149,0.65919864,0.85104374,-2.568644,0
20,8100,4.050000,31,1.5681877,1.4275157,1.3765773,1.0125589,0.054350381,0.044799235,0.027536126,-0.096484323,0.1009143,-0.066597577,0.27338277,0.37228634,0.88694123,0.48011626,0.93739664,0
21,8200,4.100000,0,1.5648696,0.15957008,0.17947158,0.17523745,-0.015536238,0.035880405,-0.04911457,-0.2968808,0.23706093,-0.071776418,-0.0067793347,-0.61087883,0.79169508,0.65721765,-1.5818935,0
21,8200,4.100000,1,1.5648696,0.15935595,0.53433437,0.59805199,-0.060061982,0.0043834776,0.0029427785,-0.10838989,-0.035250616,0.28936737,0.50208516,-0.40685899,0.7631358,0.70264462,-0.68101326,0
21,8200,4.100000,2,1.5648696,0.53553839,0.13452106,0.56163823,-0.080252517,-0.089637973,-0.09057041,0.19350609,0.036180005,0.097404524,0.68794634,-0.20929616,0.69492801,0.80247654,-0.29533599,0
21,8200,4.100000,3,1.5648696,0.59659425,0.58668678,0.21213851,0.038768343,0.02258698,0.01219963,0.097383671,-0.088082661,-0.25353735,-0.25342361,-0.89138749,0.3757723,1.1855663,-1.8477902,0
21,8200,4.100000,4,1.5648696,0.1994553,0.21121223,1.0167394,0.013167478,0.048747257,-0.011222452,-0.0037027286,-0.10469337,0.028103533,0.70522433,-0.29832153,-0.64316631,2.2694225,-0.40018941,0
21,8200,4.100000,5,1.5648696,0.16062294,0.62495181,1.3430597,-0.0092173439,0.071418431,-0.0097776635,0.29286017,0.16593645,-0.027408091,0.69321238,0.5217043,-0.49727379,2.09125,0.64515627,0
21,8200,4.100000,6,1.5648696,0.56286101,0.26563247,1.3814601,-0.025662092,0.034097172,0.027377266,-0.014526884,0.22149615,0.097917011,0.50054429,-0.0058548265,-0.86569113,2.6173257,-0.011696387,0
21,8200,4.100000,7,1.5648696,0.6308498,0.62313562,0.93655738,0.056902279,-0.016759776,-0.053755266,0.090230703,0.081072348,-0.037507492,0.28666589,0.560119,0.77723186,0.68054189,1.0977576,0
21,8200,4.100000,8,1.5648696,0.13501019,0.93316291,0.19577555,-0.023695682,-0.0049036132,-0.0070730167,-0.1058106,0.13982555,0.091291486,-0.48540018,0.85909618,-0.16229734,1.7338147,2.0850924,0
21,8200,4.100000,9,1.5648696,0.1854163,1.3300499,0.54008552,-0.029471829,0.008240768,-0.08624854,-0.12238026,-0.343727,0.16661986,0.40133605,0.10334061,0.91008247,0.42731332,0.25201693,0
21,8200,4.100000,10,1.5648696,0.53948499,0.97488273,0.57788168,-0.03884829,-0.043530668,0.002230397,0.25403531,-0.24854557,-0.28911189,-0.72993986,-0.68011722,0.068032045,1.5027117,-2.3915136,0
21,8200,4.100000,11,1.5648696,0.59156572,1.3510666,0.1821678,0.00046603324,-0.073382594,0.017335787,0.17421432,0.065123927,-0.097818203,-0.47563806,-0.83218721,0.28501384,1.2817755,-2.0900353,0
21,8200,4.100000,12,1.5648696,0.22435645,0.97023694,0.95925481,0.0057894755,0.001239328,-0.0068376568,-0.14761898,0.025422312,-0.038900028,0.73849459,0.35815781,0.5712694,0.96274469,0.45156254,0
21,8200,4.100000,13,1.5648696,0.18590125,1.3215277,1.3834696,0.021411121,-0.061597739,0.020570817,-0.29791185,-0.11342811,-0.088364848,0.58833253,0.42921761,-0.68530072,2.3258129,0.6302837,0
21,8200,4.100000,14,1.5648696,0.63986604,1.0104928,1.3370392,0.065787713,0.016230536,-0.06251438,-0.028090005,-0.040093984,0.025454354,-0.96131738,-0.26095627,-0.088151737,1.6590626,-2.8765234,0
21,8200,4.100000,15,1.5648696,0.65392593,1.3665442,1.0044499,0.055002411,-0.015882957,0.0016363198,0.046315367,-0.045656485,-0.16593489,0.1646593,-0.65704827,-0.73564589,2.3974161,-1.3252487,0
21,8200,4.100000,16,1.5648696,0.9587496,0.2525879,0.20243343,-0.028620575,-0.0060680758,0.0026981085,0.21955982,0.15111025,-0.23570674,-0.14407481,-0.38540876,0.91142885,0.42405287,-1.9285351,0
21,8200,4.100000,17,1.5648696,0.98789138,0.58239167,0.60476383,-0.00067763955,-0.083749676,0.04207435,0.08005055,-0.16854231,0.10329277,-0.53025177,0.62826555,-0.56931139,2.1764643,2.2717927,0
21,8200,4.100000,18,1.5648696,1.3763599,0.16980245,0.58815352,0.014353585,0.029650304,0.011726103,-0.0065394244,0.10633158,0.21080286,-0.4598843,0.75884968,-0.46114379,2.0500801,2.1156365,0
21,8200,4.100000,19,1.5648696,1.3142848,0.57522799,0.20287824,-0.042350275,-0.019033314,0.026794724,0.10290504,0.030775402,-0.074728845,-0.59776139,0.68942981,0.40910617,1.149322,2.2850987,0
21,8200,4.100000,20,1.5648696,0.99488074,0.18857448,1.0059374,-0.031056325,0.0029760465,0.060824479,-0.061938494,-0.14116259,-0.044556481,-0.76426234,0.64398725,0.034401877,1.5363877,2.4413952,0
21,8200,4.100000,21,1.5648696,0.99225391,0.5857427,1.3552106,0.014156899,-0.0090322059,0.049381835,0.093515444,-0.10401704,0.074535765,-0.73138046,0.047646972,0.68030316,0.82262015,3.076538,0
21,8200,4.100000,22,1.5648696,1.3536515,0.19168138,1.3844881,0.007956391,0.011076055,0.013619733,-0.068257356,0.1470354,0.1420753,0.32354713,-0.79601134,0.5115498,1.0338088,-1.184733,0
21,8200,4.100000,23,1.5648696,1.386894,0.57495702,0.96486845,-0.035191812,0.0029052498,0.013582668,-0.034296106,0.20402797,0.023180478,-0.17397199,-0.90776983,-0.38169055,1.962421,-1.7601481,0
21,8200,4.100000,24,1.5648696,0.9732468,1.0080949,0.20163872,0.032825282,0.0048063343,0.044415412,-0.08035693,-0.18654468,0.15258479,-0.17230435,-0.37368099,0.91141304,0.42409129,-2.0028427,0
21,8200,4.100000,25,1.5648696,0.99800576,1.3582299,0.59031647,0.023193038,0.021056908,-0.0096016143,-0.17580965,0.00091454488,0.12752844,-0.42610779,-0.5989654,-0.67799159,2.3158232,-2.1891366,0
21,8200,4.100000,26,1.5648696,1.3959951,0.99014357,0.58890329,0.0132306,0.033546213,0.027031432,-0.15253309,0.16015,0.13050579,-0.17036737,0.85503432,-0.48978696,2.0826417,1.7674726,0
21,8200,4.100000,27,1.5648696,1.3379125,1.3695452,0.20685451,0.0010824361,0.017894118,-0.0098074629,-0.0529753,-0.21934379,-0.25988827,-0.51658517,0.59613645,0.61462272,0.90888873,2.2848234,0
21,8200,4.100000,28,1.5648696,1.0291499,0.99503799,0.96288853,0.018803306,0.0097346648,-0.031218044,0.018389657,0.047235099,0.085099446,0.59576697,-0.073336487,0.79980215,0.64383079,-0.12247978,0
21,8200,4.100000,29,1.5648696,0.99251577,1.4179779,1.3884419,0.027546524,0.011037404,0.02133466,0.27523714,0.047159653,0.12423272,0.63575928,-0.74428395,-0.20457649,1.7768273,-0.86387526,0
21,8200,4.100000,30,1.5648696,1.3670815,0.98136198,1.3820955,-0.038666725,-0.013262881,0.010065714,-0.05027079,-0.050878541,-0.12151172,-0.67977174,-0.39630349,0.61713364,0.90570165,-2.6137707,0
21,8200,4.100000,31,1.5648696,1.4192855,1.3786025,1.0031173,0.04913507,0.049742389,0.020229291,-0.16077856,0.082201116,-0.18749214,0.085980535,0.59346917,0.80025102,0.64308263,1.4269195,0
22,8300,4.150000,0,1.5735025,0.14639876,0.19554139,0.17507719,-0.029549304,0.050918767,-0.050238468,-0.24796142,0.38204277,0.042581266,-0.0039689477,-0.46259797,0.88655928,0.48094254,-1.5793758,0
22,8300,4.150000,1,1.5735025,0.15728883,0.53537951,0.61520752,-0.06300013,0.0024860875,0.016761038,-0.06973101,-0.028129646,0.27626707,0.57492468,-0.42739492,0.6977071,0.7986045,-0.63925914,0
22,8300,4.150000,2,1.5735025,0.55175232,0.13685003,0.56936739,-0.067029349,-0.088055464,-0.085952321,0.29523355,-8.1248101e-05,0.10264291,0.70802653,-0.14751588,0.69060662,0.80846884,-0.2054094,0
22,8300,4.150000,3,1.5735025,0.60255021,0.58924703,0.20234739,0.041425783,0.02191253,0.0012682806,0.018853995,0.0525763,-0.17566391,-0.41206878,-0.8397378,0.35360958,1.2093691,-2.0269854,0
22,8300,4.150000,4,1.5735025,0.2009656,0.2043003,1.0270737,0.013576334,0.040692297,-0.0065100735,0.03073429,-0.21121595,0.18393048,0.69009992,-0.40751798,-0.5980729,2.2118907,-0.53341994,0
22,8300,4.150000,5,1.5735025,0.17583575,0.63354318,1.3514638,0.0050700628,0.076548044,-0.0087854922,0.29445421,-0.001371394,0.064068481,0.78834021,0.46847925,-0.39880686,1.9810117,0.53618841,0
22,8300,4.150000,6,1.5735025,0.56623697,0.2769419,1.3922435,-0.02539199,0.04391419,0.030530889,0.00243951,0.12454477,0.05230997,0.56590973,-0.0074778267,-0.82443329,2.5399965,-0.013213046,0
22,8300,4.150000,7,1.5735025,0.63603224,0.62813997,0.94105577,0.058599865,-0.015197353,-0.054421722,0.0086741457,-0.023936435,0.019450372,0.41033064,0.54262486,0.73293044,0.74817677,0.92334169,0
22,8300,4.150000,8,1.5735025,0.12996508,0.93950989,0.19848212,-0.029469717,-0.0037078709,-0.0054509356,-0.10335004,-0.050062505,-0.04333654,-0.41990619,0.9029462,-0.091471017,1.6623954,2.006087,0
22,8300,4.150000,9,1.5735025,0.18330488,1.3209439,0.55604958,-0.032597532,-0.0081575053,-0.073299572,-0.024216879,-0.25304393,0.31538332,0.30434614,0.046788782,0.95141171,0.31300781,0.15254115,0
22,8300,4.150000,10,1.5735025,0.55589245,0.9666036,0.56641137,-0.025453841,-0.057150435,-0.012387681,0.26259003,-0.3225136,-0.31768324,-0.71318031,-0.6665746,-0.21691506,1.7894495,-2.3899599,0
22,8300,4.150000,11,1.5735025,0.60367586,1.3620802,0.17617113,0.0092884362,-0.069832109,0.010353366,0.1418161,0.037110645,-0.11713661,-0.61045633,-0.76479422,0.20599241,1.3633186,-2.2444368,0
22,8300,4.150000,12,1.5735025,0.2190203,0.97901427,0.96206793,-0.00076634668,0.0046547902,-0.009309623,-0.114506,0.10511854,-0.053825598,0.62528874,0.54951773,0.55411574,0.98349598,0.72099078,0
22,8300,4.150000,13,1.5735025,0.1831656,1.3303782,1.3855764,0.017660235,-0.060041926,0.015060701,0.040537835,0.15071802,-0.12900644,0.44364433,0.43217028,-0.7851169,2.4736812,0.77229792,0
22,8300,4.150000,14,1.5735025,0.64198217,1.0129935,1.3483376,0.064377794,0.013165092,-0.0586028,-0.0019835715,-0.086276312,0.05578909,-0.96508185,-0.20202789,-0.16673857,1.7383173,-2.935235,0
22,8300,4.150000,15,1.5735025,0.65882869,1.3744624,1.002727,0.056294125,-0.015504557,-0.0056078065,0.028651941,0.016645111,-0.12936046,0.03140681,-0.52992293,-0.84746404,2.5819861,-1.5115988,0
22,8300,4.150000,16,1.5735025,0.97101954,0.25345969,0.19287,-0.021658892,-0.0065882983,-0.0079527863,0.072978526,-0.11568642,-0.13533326,-0.33998619,-0.37247173,0.86352429,0.52857954,-2.3106296,0
22,8300,4.150000,17,1.5735025,0.99346744,0.57840801,0.61338969,-0.00055179835,-0.090926462,0.047349418,-0.036555776,-0.085617464,0.098107053,-0.48253672,0.66550116,-0.56944404,2.1766257,2.1981522,0
22,8300,4.150000,18,1.5735025,1.3872919,0.17282354,0.60077724,0.017683499,0.031728936,0.021079442,0.11771588,0.01290594,0.14990431,-0.49939373,0.7499073,-0.43387204,2.0195823,2.1582961,0
22,8300,4.150000,19,1.5735025,1.3279342,0.58575773,0.20129705,-0.03596889,-0.011697095,0.024101725,0.17411085,0.25631696,-0.037106835,-0.53696981,0.74311753,0.39929909,1.1600441,2.1965235,0
22,8300,4.150000,20,1.5735025,0.99639646,0.18183106,1.00615,-0.03501813,-0.0047863176,0.055502265,-0.089383922,-0.17981816,-0.14850192,-0.79993141,0.6000881,0.0020037253,1.5687926,2.4979799,0
22,8300,4.150000,21,1.5735025,1.0005019,0.59160978,1.3661442,0.01692332,-0.0064037067,0.052829605,0.041708747,0.15835848,0.064988705,-0.53063487,0.17531998,0.82927049,0.5929953,2.8224874,0
22,8300,4.150000,22,1.5735025,1.3586971,0.1997805,1.3991741,0.0055409236,0.018098411,0.020648668,-0.07204469,0.18766043,0.066145052,0.32925864,-0.7666852,0.55116473,0.98703683,-1.1651563,0
22,8300,4.150000,23,1.5735025,1.390404,0.58682025,0.97200787,-0.039321473,0.011572797,0.015394242,-0.028299936,0.14283319,0.056425157,-0.087639028,-0.93184536,-0.35211308,1.9306241,-1.6645694,0
22,8300,4.150000,24,1.5735025,0.97579567,1.0042655,0.20835445,0.030012804,-0.0045586135,0.050003395,-0.020929681,-0.18500561,0.068183895,-0.06216074,-0.45928872,0.88610942,0.48191406,-1.7053202,0
22,8300,4.150000,25,1.5735025,0.9932473,1.3696971,0.60209973,0.012957062,0.02502031,-0.0010983289,-0.20233181,0.11491058,0.21981552,-0.56983089,-0.6573056,-0.49319582,2.086556,-2.2850313,0
22,8300,4.150000,26,1.5735025,1.3874477,1.0026589,0.59658375,-0.0029734714,0.040579859,0.031450949,-0.44643824,0.1473432,0.021724565,-0.13698652,0.80456195,-0.57785358,2.1868926,1.7394413,0
22,8300,4.150000,27,1.5735025,1.3391231,1.3669481,0.19237877,-0.0050708784,0.0077695065,-0.025381509,-0.16296788,-0.15919099,-0.34314586,-0.60620784,0.48534552,0.63004109,0.8891902,2.4664704,0
22,8300,4.150000,28,1.5735025,1.0366537,1.0011711,0.97066516,0.02062457,0.010376749,-0.028760118,0.020111263,-0.050816784,0.0097502914,0.70798789,-0.094167548,0.6999183,0.79551323,-0.13223117,0
22,8300,4.150000,29,1.5735025,1.0104017,1.4253087,1.4010069,0.03992301,0.010547025,0.026226643,0.16876932,-0.029317252,0.069863332,0.54741868,-0.82601329,-0.13429384,1.7054971,-0.98552835,0
22,8300,4.150000,30,1.5735025,1.3729366,0.98040019,1.3823799,-0.040348738,-0.019621031,0.002745744,-0.009800659,-0.15674077,-0.17394263,-0.63871928,-0.32361527,0.69807652,0.79808869,-2.6726291,0
22,8300,4.150000,31,1.5735025,1.4223497,1.389134,1.0012543,0.04438263,0.05266058,0.012852691,-0.063533715,0.035763321,-0.11664484,-0.1881076,0.77796281,0.59949094,0.92793139,1.8080379,0
23,8400,4.200000,0,1.5694341,0.13778587,0.21047219,0.18063745,-0.037794352,0.066375152,-0.044217736,-0.09207749,0.24798991,0.17264986,-0.1350091,-0.32813875,0.93493182,0.36272947,-1.9611249,0
23,8400,4.200000,1,1.5694341,0.15380765,0.5341591,0.62601027,-0.066078617,0.0026501499,0.029170515,-0.068964354,-0.0079038809,0.2035141,0.70395263,-0.43435903,0.56194566,0.97406022,-0.55284666,0
23,8400,4.200000,2,1.5694341,0.56663859,0.1375756,0.57275549,-0.050695345,-0.086974661,-0.081085785,0.36686981,0.046508939,0.062050027,0.7364719,-0.034466966,0.67558949,0.82903236,-0.046765987,0
23,8400,4.200000,3,1.5694341,0.59987979,0.59266641,0.19619009,0.04031185,0.026861848,-0.0043731459,-0.053298094,0.08609049,-0.1294399,-0.61101105,-0.68788574,0.39176359,1.1682487,-2.2970788,0
23,8400,4.200000,4,1.5694341,0.20484774,0.19268223,1.0340087,0.017983782,0.029588082,0.0030928325,0.098688088,-0.24261994,0.13882019,0.62041742,-0.49620758,-0.60733868,2.2235027,-0.67461674,0
23,8400,4.200000,5,1.5694341,0.18751841,0.6322972,1.3494496,0.017223093,0.076940638,-0.0073034945,0.20030879,-0.021028243,0.013299115,0.86136616,0.38603401,-0.33019097,1.9073022,0.42132674,0
23,8400,4.200000,6,1.5694341,0.5655019,0.280976,1.386963,-0.024662077,0.048670506,0.028847993,0.039902454,0.075732367,-0.072110657,0.6394623,0.12214944,-0.75905697,2.4326597,0.18874524,0
23,8400,4.200000,7,1.5694341,0.63521609,0.62325017,0.9427394,0.059429289,-0.018467297,-0.0502996,0.0099554564,-0.097909521,0.16209773,0.53654082,0.53454623,0.65298107,0.85928247,0.78353595,0
23,8400,4.200000,8,1.5694341,0.12594354,0.9308583,0.19480883,-0.033160004,-0.0099383612,-0.0086151355,-0.045252109,-0.13926448,-0.072430735,-0.44479396,0.89519179,-0.028106841,1.5989069,2.0319368,0
23,8400,4.200000,9,1.5694341,0.18536935,1.3068268,0.56849142,-0.030055825,-0.01887316,-0.059402041,0.11089529,-0.16166302,0.25471712,0.19191249,-0.032495664,0.98087391,0.19589472,-0.16773446,0
23,8400,4.200000,10,1.5694341,0.56520149,0.94842023,0.55440087,-0.014693571,-0.072854923,-0.022947358,0.16867471,-0.23374256,-0.17030261,-0.63586004,-0.53055654,-0.56052811,2.1658197,-2.4462299,0
23,8400,4.200000,11,1.5694341,0.610294,1.3606878,0.17115091,0.017478022,-0.06769999,0.0057827352,0.14383454,0.026426387,-0.080101756,-0.77336606,-0.62741332,0.090870582,1.4798002,-2.4600138,0
23,8400,4.200000,12,1.5694341,0.21467063,0.98254711,0.95731927,-0.0045546308,0.010726789,-0.01157373,-0.079525423,0.11622108,-0.036837946,0.52777678,0.66652948,0.52648848,1.0163314,0.90105814,0
23,8400,4.200000,13,1.5694341,0.18653845,1.3353638,1.3724554,0.021511654,-0.051605583,0.0055097477,0.1207078,0.14495516,-0.21750872,0.27856405,0.35659042,-0.8917653,2.6720278,0.90763202,0
23,8400,4.200000,14,1.5694341,0.64085045,1.0077052,1.3470031,0.064906639,0.010492483,-0.0564483,0.023073259,-0.036479485,0.032820968,-0.98319648,-0.11986592,-0.13768386,1.708919,-3.0202768,0
23,8400,4.200000,15,1.5694341,0.65499207,1.3705545,0.99554637,0.054158188,-0.015859128,-0.010201815,-0.09314883,-0.0152141,-0.032032788,-0.10909189,-0.35615112,-0.92803844,2.759908,-1.8680301,0
23,8400,4.200000,16,1.5694341,0.96805076,0.24307227,0.1892958,-0.022117629,-0.016333001,-0.011032296,-0.053254611,-0.22779433,-0.00096185074,-0.42941132,-0.23879531,0.87096654,0.51363028,-2.6340788,0
23,8400,4.200000,17,1.5694341,0.99057787,0.57470977,0.61550982,-0.00087311017,-0.093132041,0.051060316,0.016457674,-0.011019476,0.015925326,-0.46499125,0.68106229,-0.56563,2.1719933,2.169847,0
23,8400,4.200000,18,1.5694341,1.3896808,0.17349308,0.60483224,0.023667041,0.032846763,0.026695063,0.11475171,0.057025167,0.072240547,-0.59698009,0.65060026,-0.46939756,2.0594047,2.3132416,0
23,8400,4.200000,19,1.5694341,1.3344218,0.59716667,0.20123299,-0.02603501,0.0012431096,0.024558727,0.27073262,0.23465795,0.064669221,-0.54428329,0.73517549,0.40407017,1.1548342,2.2080894,0
23,8400,4.200000,20,1.5694341,0.98795192,0.17579003,0.99454044,-0.040894029,-0.010364433,0.046482515,-0.178347,-0.062335828,-0.23330592,-0.84651508,0.53236302,-0.0013512507,1.5721476,2.5802025,0
23,8400,4.200000,21,1.5694341,0.99692364,0.60173638,1.3667994,0.015930652,0.0052676486,0.057022566,-0.047669273,0.29429477,0.079435569,-0.28381102,0.34490617,0.89470165,0.46303353,2.2593243,0
23,8400,4.200000,22,1.5694341,1.3514413,0.20894046,1.3930044,0.0017933183,0.027787459,0.01809338,0.0029695206,0.20617846,-0.11835287,0.26052435,-0.8045649,0.5336688,1.0078635,-1.2576431,0
23,8400,4.200000,23,1.5694341,1.3846718,0.59319659,0.9754645,-0.041461476,0.019476622,0.021371803,-0.081766351,0.1190844,0.19212525,-0.045932509,-0.93452453,-0.35292224,1.9314888,-1.6199075,0
23,8400,4.200000,24,1.5694341,0.97286029,0.99332325,0.20956363,0.029599871,-0.012915073,0.05175356,-0.042928691,-0.14768717,0.027013779,-0.032238051,-0.47971769,0.87683045,0.50156653,-1.6378976,0
23,8400,4.200000,25,1.5694341,0.9806718,1.3710231,0.61023408,0.0029366982,0.029894049,0.0086053504,-0.14151115,0.10092154,0.17048759,-0.71663519,-0.59966142,-0.35614629,1.9349368,-2.4448275,0
23,8400,4.200000,26,1.5694341,1.3603468,1.0037948,0.59359163,-0.026517463,0.044313075,0.029999458,-0.4887967,0.041476676,-0.012754652,-0.21684634,0.75441738,-0.61954184,2.2389552,1.8506866,0
23,8400,4.200000,27,1.5694341,1.3281995,1.3600534,0.17737037,-0.012541737,0.0044047784,-0.039911317,-0.1534406,0.032019321,-0.21298938,-0.633359,0.39541089,0.6652117,0.84301902,2.5834913,0
23,8400,4.200000,28,1.5694341,1.031077,0.9961903,0.96867346,0.017724441,0.0079814034,-0.028241424,-0.12168928,-0.069554788,0.025032307,0.747936,-0.0028122077,0.66376489,0.84495507,-0.0037599399,0
23,8400,4.200000,29,1.5694341,1.0131284,1.4162701,1.396039,0.045269115,0.0051867783,0.02487937,0.026138059,-0.14858717,-0.1207586,0.42838112,-0.89912485,-0.089800497,1.660718,-1.1261719,0
23,8400,4.200000,30,1.5694341,1.3704827,0.97196662,1.3701406,-0.039251377,-0.025527359,-0.0059305365,0.082598565,-0.091547998,-0.11873736,-0.56557707,-0.27751644,0.77659977,0.68154585,-2.6854301,0
23,8400,4.200000,31,1.5694341,1.41587,1.3831134,0.99484451,0.041576864,0.050228501,0.0090267509,-0.065916468,-0.10283331,-0.027961436,-0.39491393,0.83569758,0.38164452,1.1792215,2.0122487,0
24,8500,4.250000,0,1.571382,0.13853179,0.22319537,0.19101788,-0.037219798,0.07882938,-0.034067799,0.11529443,0.25216282,0.21066728,-0.36913169,-0.18932188,0.90988957,0.42777854,-2.6676907,0
24,8500,4.250000,1,1.571382,0.15186021,0.53401026,0.63305839,-0.068215627,0.0018388467,0.035437775,-0.024699347,-0.0018813078,0.082330078,0.81197197,-0.447385,0.37489757,1.18651,-0.50359972,0
24,8500,4.250000,2,1.571382,0.58369947,0.14151977,0.57588052,-0.034347878,-0.083203582,-0.078673123,0.28158336,0.1050202,0.0039359074,0.73379323,0.11062992,0.67030479,0.83617689,0.14963748,0
24,8500,4.250000,3,1.571382,0.59747005,0.5991472,0.1886834,0.037159525,0.032603498,-0.012118535,-0.094852344,0.10650269,-0.22454194,-0.7527201,-0.43630406,0.49300225,1.0552592,-2.6162809,0
24,8500,4.250000,4,1.571382,0.20896217,0.18042222,1.0430589,0.021841577,0.017096671,0.010854932,0.062409392,-0.20763661,0.10628408,0.57124527,-0.5067372,-0.64567503,2.2727033,-0.72562795,0
24,8500,4.250000,5,1.571382,0.19801524,0.63177643,1.3533181,0.027480816,0.075635902,-0.0051111651,0.22087766,-0.078949039,0.023433807,0.90191596,0.29708865,-0.31350588,1.8896791,0.31820392,0
24,8500,4.250000,6,1.571382,0.5696751,0.28094338,1.3810855,-0.021192893,0.048289388,0.021253811,0.077915314,-0.12086867,-0.22306655,0.67366056,0.36642071,-0.64180785,2.2676497,0.49816702,0
24,8500,4.250000,7,1.571382,0.63420196,0.61965696,0.95243138,0.05762788,-0.02283134,-0.041782974,-0.066495182,-0.06813037,0.18190334,0.6496864,0.54500974,0.52997355,1.0122269,0.69800354,0
24,8500,4.250000,8,1.571382,0.12635043,0.92582598,0.19377206,-0.032909583,-0.016122178,-0.0098928955,0.13064546,-0.099850457,0.023397288,-0.52697905,0.84968609,0.018072799,1.5527225,2.1259397,0
24,8500,4.250000,9,1.571382,0.19623597,1.3079158,0.57897211,-0.019425869,-0.019405769,-0.049632991,0.30597648,0.13601821,0.12116199,0.13206719,-0.11939374,0.98402408,0.17898961,-0.73504151,0
24,8500,4.250000,10,1.571382,0.57030609,0.94053835,0.55078327,-0.0102932,-0.081908307,-0.027250381,0.012355681,-0.11858513,-0.025662941,-0.53965112,-0.26591042,-0.79879179,2.4960806,-2.6837658,0
24,8500,4.250000,11,1.571382,0.61636349,1.3615659,0.16554072,0.022786751,-0.068510211,-3.6265658e-05,0.012130811,-0.057935503,-0.12653046,-0.87704623,-0.47747462,-0.052989482,1.6238106,-2.6430497,0
24,8500,4.250000,12,1.571382,0.21196297,0.98413962,0.95650788,-0.0075268774,0.011099586,-0.013572048,-0.053090982,-0.11722081,-0.019588598,0.39121583,0.7597335,0.51937962,1.0246715,1.0952697,0
24,8500,4.250000,13,1.571382,0.19749684,1.3439498,1.3609199,0.032231873,-0.044681284,-0.0077209178,0.28577812,0.11356972,-0.24876953,0.12673649,0.3370685,-0.93291087,2.7732097,1.2111525,0
24,8500,4.250000,14,1.571382,0.64237654,1.0069273,1.3532853,0.065636887,0.008465077,-0.051840782,-0.025826757,-0.052976679,0.17867726,-0.99946116,-0.028366004,-0.016515342,1.5873124,-3.113219,0
24,8500,4.250000,15,1.571382,0.64648638,1.3704609,0.99673718,0.044845331,-0.01765264,-0.010246594,-0.28382792,-0.095104461,0.053517646,-0.2514115,-0.17941484,-0.95110598,2.8275935,-2.5217774,0
24,8500,4.250000,16,1.571382,0.96361665,0.23230642,0.19409606,-0.027749737,-0.02739367,-0.0064698033,-0.092727159,-0.17760564,0.16288104,-0.43370581,-0.028480786,0.90060431,0.44963845,-3.0760184,0
24,8500,4.250000,17,1.571382,0.99085676,0.57520431,0.61527586,-0.001823077,-0.093350661,0.050063038,-0.098682932,0.062589319,-0.057003056,-0.41504372,0.67294077,-0.61228216,2.2297402,2.1234491,0
24,8500,4.250000,18,1.571382,1.3975432,0.17635513,0.61004336,0.029800877,0.035491844,0.031152736,0.092925144,0.032960236,0.14408646,-0.70705793,0.47839953,-0.52077152,2.1185508,2.5467406,0
24,8500,4.250000,19,1.571382,1.3489622,0.60628819,0.20506223,-0.013158782,0.0096182667,0.028135991,0.2249155,0.11208266,0.070017596,-0.52840069,0.69289463,0.49060141,1.0580165,2.2223121,0
24,8500,4.250000,20,1.571382,0.97939424,0.17642098,0.98097611,-0.050671836,-0.0099519268,0.031692995,-0.16304134,0.085616176,-0.2735486,-0.92705698,0.37393985,0.027098694,1.5436943,2.7581911,0
24,8500,4.250000,21,1.571382,0.99679986,0.6159977,1.3705594,0.014570393,0.018773748,0.059084862,-0.010618015,0.23649665,0.035583315,0.026011743,0.48503553,0.8741075,0.50720099,1.5172191,0
24,8500,4.250000,22,1.571382,1.3563526,0.21937582,1.3859171,0.0050252312,0.037957192,0.0092826191,0.10254444,0.22194998,-0.206931,0.17399806,-0.83482839,0.52228942,1.0212629,-1.3653143,0
24,8500,4.250000,23,1.571382,1.3812924,0.59550322,0.98725098,-0.046556291,0.021046038,0.031941032,-0.097966969,0.0020942592,0.20767882,-0.067245642,-0.93984778,-0.33490919,1.9123052,-1.6422241,0
24,8500,4.250000,24,1.571382,0.97038653,0.98778188,0.21387117,0.025920933,-0.019685104,0.055798493,-0.11445281,-0.10990342,0.084728965,-0.076193088,-0.46112878,0.88405592,0.48632614,-1.7345485,0
24,8500,4.250000,25,1.571382,0.97824527,1.37777,0.6176629,-0.00070472632,0.034936198,0.015272652,-0.030390478,0.10392009,0.10988235,-0.82017275,-0.47552432,-0.3181089,1.8945304,-2.6161693,0
24,8500,4.250000,26,1.571382,1.3385103,1.0061986,0.5926726,-0.050027838,0.045470281,0.028344718,-0.4054621,-0.020325382,-0.032189412,-0.34433232,0.71339923,-0.61032515,2.2272673,2.0204794,0
24,8500,4.250000,27,1.571382,1.3230611,1.3653283,0.17183007,-0.019324423,0.0079894851,-0.045668182,-0.095336589,0.10953823,0.023919291,-0.62268787,0.29491835,0.72476409,0.76010439,2.6992697,0
24,8500,4.250000,28,1.571382,1.0228115,0.99447661,0.97051604,0.008185169,0.0050331231,-0.027601508,-0.21278876,-0.04033804,0.0081400431,0.76143516,0.16084263,0.62796986,0.89185451,0.20817584,0
24,8500,4.250000,29,1.571382,1.0129606,1.409648,1.3888382,0.043844796,-0.0031879653,0.015951389,-0.090684111,-0.2204332,-0.27615111,0.32104133,-0.93750522,-0.1342253,1.705428,-1.2408703,0
24,8500,4.250000,30,1.571382,1.3774144,0.97241254,1.3657208,-0.034023891,-0.02628732,-0.01204707,0.11121517,0.059748202,-0.098488401,-0.5011571,-0.30887455,0.80835517,0.62944363,-2.5892575,0
24,8500,4.250000,31,1.571382,1.4143756,1.3789533,0.99683488,0.038327157,0.044355432,0.009781908,-0.081259333,-0.13107304,0.0036242182,-0.56022547,0.79508006,0.23236849,1.3362842,2.184613,0
25,8600,4.300000,0,1.5655578,0.14654807,0.23239006,0.20107631,-0.028674196,0.088869973,-0.023281358,0.23104539,0.1735942,0.19393355,-0.56422931,-0.084161776,0.82131728,0.60708002,-2.993522,0
25,8600,4.300000,1,1.5655578,0.1512287,0.53484818,0.63241636,-0.068284408,0.0046612582,0.037145284,0.046832612,0.13456911,-0.02780286,0.84180781,-0.49142627,0.22329317,1.3456047,-0.52840384,0
25,8600,4.300000,2,1.5655578,0.59253976,0.14671458,0.57584208,-0.023323694,-0.077473605,-0.076573225,0.14098633,0.13692323,0.072414909,0.66148447,0.31233868,0.68182317,0.82054426,0.44114365,0
25,8600,4.300000,3,1.5655578,0.59119372,0.59789291,0.17490975,0.033090106,0.033571685,-0.025217158,-0.061583196,-0.076091917,-0.30348566,-0.80449196,-0.23443205,0.54574197,0.99352202,-2.8580408,0
25,8600,4.300000,4,1.5655578,0.21321566,0.1727706,1.0403375,0.026878917,0.010100783,0.012001644,0.11899112,-0.069708243,-0.083091254,0.55007444,-0.50608254,-0.66430307,2.2973574,-0.74376942,0
25,8600,4.300000,5,1.5655578,0.20628025,0.62646652,1.3475215,0.036496494,0.072662088,-0.0058933259,0.16049001,-0.070103816,-0.054669294,0.89832693,0.33957112,-0.27874753,1.853286,0.36140165,0
25,8600,4.300000,6,1.5655578,0.57436316,0.27071852,1.3681373,-0.014380738,0.039088735,0.013409886,0.16241383,-0.27123418,-0.064079829,0.6051981,0.67329529,-0.42474548,2.009477,0.8386115,0
25,8600,4.300000,7,1.5655578,0.62400014,0.6118639,0.95839491,0.049762069,-0.028337928,-0.03227169,-0.24277043,-0.18334167,0.1714169,0.69672973,0.58194505,0.41941345,1.1379972,0.69586966,0
25,8600,4.300000,8,1.5655578,0.1357629,0.92097585,0.19327136,-0.023010421,-0.017543464,-0.0096749927,0.24427464,0.11235498,0.022416522,-0.65441148,0.75404498,0.056229779,1.5145369,2.2855726,0
25,8600,4.300000,9,1.5655578,0.21232124,1.3123062,0.57886171,-0.0025819948,-0.010150485,-0.047593699,0.33629278,0.19722869,-0.049529787,0.13672332,-0.12755024,0.98236331,0.18808922,-0.75070153,0
25,8600,4.300000,10,1.5655578,0.56485831,0.93614239,0.55093168,-0.013633399,-0.082819955,-0.025056474,-0.13326631,0.089756056,0.084816482,-0.43445525,0.07364334,-0.89767772,2.6852671,2.9736814,0
25,8600,4.300000,11,1.5655578,0.61585339,1.3531827,0.15971755,0.024564448,-0.071853075,-0.0052555702,0.051351836,-0.05712235,-0.092148571,-0.94055475,-0.30977005,-0.13928126,1.7105319,-2.823433,0
25,8600,4.300000,12,1.5655578,0.21219876,0.97174431,0.95542467,-0.0065035733,0.0023356285,-0.011105478,0.11511483,-0.24861735,0.12303558,0.28728416,0.75464666,0.5898951,0.9398674,1.2070492,0
25,8600,4.300000,13,1.5655578,0.2101072,1.3421906,1.3482097,0.045599062,-0.041453229,-0.015401294,0.30484448,0.088382641,-0.077398086,0.038689683,0.31078862,-0.94969129,2.823045,1.4469448,0
25,8600,4.300000,14,1.5655578,0.63824565,1.0014902,1.357458,0.06388365,0.0067569426,-0.042635181,-0.043506976,-0.04905165,0.22238938,-0.99005047,0.073574912,0.11994498,1.4505619,3.0674147,0
25,8600,4.300000,15,1.5655578,0.62710399,1.3600768,0.9943738,0.027827485,-0.022967145,-0.0089131896,-0.36293028,-0.11233813,0.0071642969,-0.43598893,-0.13820195,-0.88927716,2.6665586,-2.834627,0
25,8600,4.300000,16,1.5655578,0.95389816,0.22389884,0.20221004,-0.033908111,-0.034954272,0.0023800069,-0.12761644,-0.14518641,0.16050619,-0.34195822,0.2028025,0.91757055,0.40887028,2.6062901,0
25,8600,4.300000,17,1.5655578,0.97878456,0.57540503,0.60821876,-0.010238393,-0.091013664,0.045277509,-0.21982209,0.049220919,-0.054920046,-0.39649438,0.62364524,-0.67369045,2.3099876,2.1371023,0
25,8600,4.300000,18,1.5655578,1.395079,0.17380746,0.61710923,0.032521591,0.033594297,0.040497013,-0.022504708,-0.095394534,0.16958426,-0.74687465,0.37092232,-0.55190117,2.1554387,2.6806426,0
25,8600,4.300000,19,1.5655578,1.353557,0.6094892,0.20705543,-0.0035463462,0.015076558,0.03089435,0.07721156,0.050289705,0.0444636,-0.44688598,0.68096652,0.58015301,0.95187979,2.1515544,0
25,8600,4.300000,20,1.5655578,0.96860099,0.18158114,0.96604626,-0.057848379,-0.0041270617,0.020378025,-0.14509086,0.15063978,-0.16770525,-0.96619981,0.24479059,0.080842442,1.4898656,2.8934598,0
25,8600,4.300000,21,1.5655578,0.99364711,0.62348654,1.3658133,0.015113197,0.028563903,0.059419228,0.063995428,0.15039012,0.033960321,0.33869752,0.51692077,0.78617867,0.66619527,0.99075932,0
25,8600,4.300000,22,1.5655578,1.3565979,0.2275671,1.3731929,0.010307587,0.046978308,0.0016810638,0.11440109,0.12370936,-0.030818792,0.044112568,-0.85785789,0.51199016,1.0332963,-1.5194198,0
25,8600,4.300000,23,1.5655578,1.3684933,0.58920292,0.99103264,-0.054250111,0.016945299,0.039395684,-0.15521879,-0.13403662,0.086832391,-0.14115197,-0.94322965,-0.30065585,1.8761766,-1.7193415,0
25,8600,4.300000,24,1.5655578,0.95940194,0.98221151,0.21736791,0.018519248,-0.021597907,0.060095898,-0.1762343,0.0058119588,0.045111541,-0.12918947,-0.36034875,0.92382837,0.39283275,-1.9150343,0
25,8600,4.300000,25,1.5655578,0.97269845,1.3779539,0.62016283,-0.0026293495,0.040236415,0.020070794,-0.060186553,0.078604468,0.036496401,-0.8728974,-0.34559905,-0.3444001,1.922396,-2.764607,0
25,8600,4.300000,26,1.5655578,1.3214459,0.99793352,0.58851606,-0.062153634,0.040926156,0.026381219,-0.12683397,-0.14941656,-0.04347839,-0.44943935,0.67501917,-0.58510972,2.1958117,2.1582106,0
25,8600,4.300000,27,1.5655578,1.3177215,1.3643519,0.17658362,-0.019761054,0.012081139,-0.040267734,0.058972181,0.077919001,0.15145031,-0.61868355,0.24445495,0.74664077,0.72779841,2.7652993,0
25,8600,4.300000,28,1.5655578,1.0044488,0.99342259,0.9639831,-0.0064136557,0.0076699306,-0.030542787,-0.31080362,0.12350808,-0.12227951,0.71161478,0.29184737,0.6390849,0.87748842,0.38919985,0
25,8600,4.300000,29,1.5655578,1.0056297,1.3954171,1.3678275,0.040261662,-0.012210942,5.8742614e-05,-0.058251577,-0.14056716,-0.33728402,0.24362241,-0.95849959,-0.1480765,1.7194194,-1.3218963,0
25,8600,4.300000,30,1.5655578,1.3800785,0.97406142,1.3549118,-0.026240122,-0.021024513,-0.017804872,0.16244958,0.13967085,-0.084514469,-0.4965662,-0.47500514,0.72649303,0.7575917,-2.3783828,0
25,8600,4.300000,31,1.5655578,1.4034075,1.3673115,0.99203777,0.03259069,0.037812376,0.0086774233,-0.15402804,-0.10725517,-0.057600345,-0.66482862,0.70854394,0.2365764,1.3319556,2.3243746,0
26,8700,4.350000,0,1.5617047,0.15853238,0.23751323,0.20824921,-0.016313981,0.094572108,-0.015604114,0.27533529,0.055053137,0.111713,-0.68018063,-0.048259706,0.73145425,0.75034414,-3.07076,0
26,8700,4.350000,1,1.5617047,0.1544626,0.54056654,0.62714629,-0.06467386,0.011704642,0.033427104,0.10129051,0.13290971,-0.13113008,0.78486437,-0.57850406,0.22208328,1.3468457,-0.63517779,0
26,8700,4.350000,2,1.5617047,0.59261642,0.15386892,0.57663532,-0.021786817,-0.069948901,-0.07436002,-0.075603827,0.12611002,-0.0011628321,0.49773752,0.59613315,0.62998621,0.88926088,0.87510852,0
26,8700,4.350000,3,1.5617047,0.5878854,0.59337276,0.16198182,0.031234513,0.030519282,-0.037730034,-0.06063503,-0.036727795,-0.21907395,-0.81184364,-0.19102192,0.55174317,0.98634343,-2.9105021,0
26,8700,4.350000,4,1.5617047,0.21794469,0.17126896,1.0276343,0.032139187,0.009023031,0.0018463763,0.13078625,0.023584318,-0.32743554,0.5916335,-0.48148619,-0.64663812,2.2739652,-0.68311422,0
26,8700,4.350000,5,1.5617047,0.21257041,0.61896556,1.3409776,0.04330273,0.066695604,-0.0091247114,0.1224697,-0.1652267,-0.036658537,0.88246578,0.39296251,-0.2585239,1.8322902,0.418939,0
26,8700,4.350000,6,1.5617047,0.5803901,0.25332026,1.3631396,-0.0069310321,0.022336112,0.011777373,0.1387889,-0.39790667,-0.012596146,0.39604691,0.88904993,-0.22964552,1.8025098,1.1517142,0
26,8700,4.350000,7,1.5617047,0.60613131,0.59991499,0.96318307,0.033408841,-0.038793825,-0.025115963,-0.39596023,-0.19991004,0.11925741,0.68583693,0.64422342,0.33853196,1.22544,0.75412144,0
26,8700,4.350000,8,1.5617047,0.14861536,0.92569989,0.19386832,-0.0098075693,-0.010544146,-0.0086010358,0.22622764,0.2139111,0.05148124,-0.73676606,0.67562739,0.026521625,1.5442716,2.3994548,0
26,8700,4.350000,9,1.5617047,0.22657225,1.319908,0.57378742,0.012209798,0.00069438147,-0.051247827,0.24578442,0.23009929,-0.080900521,0.17748963,-0.061794882,0.98218065,0.18906362,-0.33503515,0
26,8700,4.350000,10,1.5617047,0.55332273,0.94380708,0.55429169,-0.023791287,-0.072838981,-0.020334726,-0.22121285,0.2758763,0.080851132,-0.2771417,0.38556485,-0.88007513,2.6468167,2.1940247,0
26,8700,4.350000,11,1.5617047,0.61697193,1.3486453,0.15605049,0.027201942,-0.073061609,-0.0085335794,0.044295616,-0.004087346,-0.0019523688,-0.97083705,-0.20079656,-0.13098155,1.7021553,-2.9376401,0
26,8700,4.350000,12,1.5617047,0.22040288,0.95505713,0.95876563,0.002233563,-0.011977581,-0.0054060491,0.21365109,-0.33483414,0.069383025,0.25092217,0.67699466,0.69189327,0.8066883,1.2158525,0
26,8700,4.350000,13,1.5617047,0.22153195,1.3413432,1.346802,0.057555646,-0.038994293,-0.013488441,0.18443385,0.089139015,0.12229607,0.1240464,0.23812524,-0.96328026,2.8697593,1.0905459,0
26,8700,4.350000,14,1.5617047,0.63197582,0.99513325,1.3648699,0.059178845,0.0028599847,-0.0318691,-0.19327091,-0.081896701,0.23562936,-0.9638614,0.098798552,0.24740663,1.3207936,3.0394465,0
26,8700,4.350000,15,1.5617047,0.60825783,1.3499069,0.98888691,0.010503371,-0.029798075,-0.011956525,-0.23809046,-0.14848649,-0.08486215,-0.6395821,-0.13491461,-0.75679111,2.4291863,-2.9336986,0
26,8700,4.350000,16,1.5617047,0.94740453,0.21947311,0.21103319,-0.03805917,-0.038833735,0.011712323,-0.089978973,-0.030923127,0.15082021,-0.17878818,0.36040695,0.91550075,0.4140455,2.0312975,0
26,8700,4.350000,17,1.5617047,0.96446009,0.57646614,0.60507076,-0.022168629,-0.088533344,0.043624388,-0.26696284,0.093454305,-0.013058111,-0.46426955,0.550189,-0.69407913,2.3379363,2.2717013,0
26,8700,4.350000,18,1.5617047,1.3891285,0.16740024,0.62442268,0.030001426,0.027607468,0.04934016,-0.048797293,-0.13970711,0.22453621,-0.71679,0.3421473,-0.60757496,2.2238001,2.6962428,0
26,8700,4.350000,19,1.5617047,1.3488297,0.60829992,0.2093119,-0.0049440629,0.015387705,0.03366383,-0.12511088,-0.021397351,0.072911832,-0.33486124,0.64997816,0.68219964,0.8200295,2.0465207,0
26,8700,4.350000,20,1.5617047,0.96046272,0.18878881,0.95637916,-0.063609878,0.0035369547,0.013079516,-0.10140845,0.10007374,-0.054013325,-0.97853204,0.14287808,0.14852911,1.4217156,2.9966046,0
26,8700,4.350000,21,1.5617047,0.99637712,0.62703535,1.3662809,0.020295098,0.033653474,0.063252985,0.14464913,0.061180759,0.059770046,0.51054148,0.40690844,0.757478,0.71135492,0.67291723,0
26,8700,4.350000,22,1.5617047,1.3591729,0.23057482,1.3719807,0.01622865,0.050550508,0.0038511327,0.16323548,0.010399707,0.13610616,-0.071805777,-0.87985253,0.46979086,1.0817425,-1.652227,0
26,8700,4.350000,23,1.5617047,1.3575236,0.58101511,0.98860263,-0.06186105,0.010199299,0.039404765,-0.13921999,-0.12756416,-0.077929469,-0.16483714,-0.96169748,-0.21901296,1.7915991,-1.7405491,0
26,8700,4.350000,24,1.5617047,0.95163838,0.98170755,0.2180081,0.013110256,-0.019682142,0.061272521,-0.032001753,0.091202278,0.0019557536,-0.23202345,-0.24454124,0.94146944,0.34383315,-2.3299338,0
26,8700,4.350000,25,1.5617047,0.96777413,1.3770919,0.61983438,-0.0051628343,0.042768915,0.021270131,-0.021029555,-0.011507241,0.016415718,-0.8549349,-0.31417902,-0.41276853,1.9962879,-2.7894233,0
26,8700,4.350000,26,1.5617047,1.3172917,0.98882688,0.58675307,-0.063056675,0.034267382,0.026066262,0.086302779,-0.088600054,-0.00086281113,-0.47329026,0.67386322,-0.56736645,2.1741005,2.1831001,0
26,8700,4.350000,27,1.5617047,1.3175672,1.3650344,0.18142331,-0.016668451,0.016126479,-0.034986945,0.071449498,0.025864472,0.044955652,-0.62892747,0.25408006,0.7347745,0.74546215,2.7576518,0
26,8700,4.350000,28,1.5617047,0.98926403,0.99937837,0.95417189,-0.01914203,0.016081031,-0.037990662,-0.21808223,0.16637003,-0.14072058,0.60043915,0.39484415,0.69539264,0.80183019,0.581694,0
26,8700,4.350000,29,1.5617047,1.0024968,1.3863373,1.3474535,0.039602927,-0.017863306,-0.016969784,0.004504603,-0.06980108,-0.33229501,0.21273531,-0.96821783,-0.13152158,1.7027001,-1.3545146,0
26,8700,4.350000,30,1.5617047,1.3860813,0.98073538,1.3522165,-0.016829124,-0.011942055,-0.017164725,0.21142823,0.20908507,0.063403361,-0.46907746,-0.62144846,0.62750949,0.89244592,-2.2173707,0
26,8700,4.350000,31,1.5617047,1.3939951,1.3608535,0.98808976,0.0266249,0.034715705,0.0071690987,-0.11921444,-0.016996195,-0.020126535,-0.70126801,0.5972871,0.38919314,1.1710408,2.4360983,0
27,8800,4.400000,0,1.5625645,0.1739889,0.23659145,0.21090567,-0.00094897284,0.093519859,-0.013063005,0.29368133,-0.041617923,-0.0020751018,-0.72959968,-0.019679713,0.68359126,0.81812451,-3.1146259,0
27,8800,4.400000,1,1.5625645,0.15808261,0.54777192,0.61833014,-0.061139862,0.018610507,0.024268204,0.051737476,0.062516318,-0.19991806,0.69912129,-0.63276365,0.33292579,1.2313916,-0.73561697,0
27,8800,4.400000,2,1.5625645,0.58560057,0.16053812,0.57701366,-0.029126908,-0.063366231,-0.074299171,-0.17139476,0.14174521,0.019583358,0.22735062,0.83869153,0.49488203,1.0530973,1.3060802,0
27,8800,4.400000,3,1.5625645,0.58612825,0.59327488,0.15349866,0.029154275,0.03009483,-0.046300012,-0.017533667,0.030385914,-0.08014168,-0.83463329,-0.21687415,0.50631302,1.0398924,-2.8873711,0
27,8800,4.400000,4,1.5625645,0.22579027,0.17535463,1.0091395,0.039862644,0.01301331,-0.01720896,0.12284023,0.12635298,-0.38772531,0.61739105,-0.41413609,-0.66881955,2.3034161,-0.5908477,0
27,8800,4.400000,5,1.5625645,0.21912685,0.60997192,1.3403344,0.049740366,0.057363764,-0.010505851,0.11264735,-0.15566867,-0.021636167,0.85768852,0.42368661,-0.29130749,1.8663897,0.45882531,0
27,8800,4.400000,6,1.5625645,0.58936544,0.22970168,1.3651861,0.0017223975,-0.001415397,0.013072973,0.15482523,-0.57206881,0.016596928,0.14496734,0.98071171,-0.13110686,1.7022817,1.4240406,0
27,8800,4.400000,7,1.5625645,0.58750263,0.5886402,0.97037642,0.01445168,-0.050395715,-0.018454726,-0.38964253,-0.2696302,0.11425294,0.61153235,0.72836524,0.30905059,1.2566017,0.87237357,0
27,8800,4.400000,8,1.5625645,0.16114997,0.93877366,0.19558682,0.0026417945,0.0020165284,-0.0069897177,0.22569414,0.25031758,-0.039156201,-0.80969822,0.57915917,0.094675468,1.4759788,2.5206865,0
27,8800,4.400000,9,1.5625645,0.23371178,1.3353667,0.56941399,0.019222657,0.015422416,-0.055935865,0.044867631,0.38131466,-0.095457497,0.14277772,-0.012113177,0.98968065,0.14378557,-0.084636728,0
27,8800,4.400000,10,1.5625645,0.54179347,0.95945627,0.5567592,-0.035621925,-0.057713567,-0.018172973,-0.21131298,0.29819576,0.0012977206,-0.090411562,0.62082863,-0.77871533,2.4634118,1.7154102,0
27,8800,4.400000,11,1.5625645,0.61997155,1.3537721,0.15579643,0.02986116,-0.068678499,-0.0088734614,0.020883868,0.13984619,-0.027771864,-0.99246908,-0.11361656,-0.04578654,1.6165989,-3.0276102,0
27,8800,4.400000,12,1.5625645,0.22982427,0.93923571,0.96161339,0.011531058,-0.028320308,-0.0030867763,0.13166826,-0.28038803,0.077238277,0.25488305,0.5601727,0.78818854,0.66293629,1.1437856,0
27,8800,4.400000,13,1.5625645,0.2280476,1.3444368,1.3554487,0.063947566,-0.036639882,-0.0055854351,0.04921532,0.040703752,0.17822027,0.27380069,0.13720386,-0.95194973,2.8303369,0.46453403,0
27,8800,4.400000,14,1.5625645,0.62115459,0.98995442,1.3756638,0.048012755,-0.0028651426,-0.021829331,-0.23003593,-0.16167726,0.16878763,-0.93200046,0.050371442,0.35893992,1.2036645,3.0875986,0
27,8800,4.400000,15,1.5625645,0.59976529,1.3455501,0.98488648,0.0016783883,-0.03489667,-0.016500134,-0.1220672,-0.083101873,-0.059922955,-0.75768737,-0.1411258,-0.63717609,2.261625,-2.9574442,0
27,8800,4.400000,16,1.5625645,0.94496772,0.2190609,0.21605467,-0.041016764,-0.039366622,0.016616268,0.0028665594,-0.038907927,0.079453058,0.039218135,0.40883926,0.91176335,0.42323917,1.4751634,0
27,8800,4.400000,17,1.5625645,0.95289104,0.58353642,0.60726752,-0.034265332,-0.081782291,0.045487513,-0.20080623,0.1375254,0.049638077,-0.63191117,0.44628011,-0.6336579,2.2570688,2.5266919,0
27,8800,4.400000,18,1.5625645,1.388827,0.16257403,0.63327501,0.028935428,0.022690447,0.057846378,0.038397541,-0.063831181,0.10781157,-0.69508114,0.29790829,-0.65430334,2.2840574,2.736681,0
27,8800,4.400000,19,1.5625645,1.3419347,0.60598847,0.21258181,-0.012579581,0.012742085,0.036817634,-0.15342478,-0.12811754,0.080366342,-0.23427896,0.59242038,0.77081221,0.69068123,1.9473834,0
27,8800,4.400000,20,1.5625645,0.95536025,0.19418766,0.96017976,-0.069239584,0.0088304014,0.01635268,-0.098934193,0.11090343,0.14283537,-0.96297169,0.075697217,0.25875752,1.3090606,3.063146,0
27,8800,4.400000,21,1.5625645,1.0055875,0.62535264,1.3678292,0.028954569,0.031626107,0.064048869,0.18868189,-0.097409695,-0.045549724,0.54463513,0.20828699,0.81239713,0.62254492,0.36527216,0
27,8800,4.400000,22,1.5625645,1.3668376,0.22803345,1.3834512,0.023143146,0.047882935,0.014563377,0.121343,-0.11412455,0.29794103,-0.11110903,-0.92308226,0.36820365,1.1937201,-1.6905874,0
27,8800,4.400000,23,1.5625645,1.3514319,0.57411595,0.98469009,-0.068698307,0.0029822429,0.034949174,-0.094637959,-0.12324526,-0.082800082,-0.13143061,-0.97502502,-0.1790313,1.7507981,-1.7047858,0
27,8800,4.400000,24,1.5625645,0.95245293,0.98576585,0.21461317,0.013400798,-0.016165287,0.057758533,0.068168586,0.055481887,-0.10756772,-0.37565853,-0.12912333,0.91771882,0.40849719,-2.8105187,0
27,8800,4.400000,25,1.5625645,0.96508212,1.3764186,0.61812984,-0.0083867624,0.041337894,0.019224909,-0.043255749,0.0071528679,-0.052766619,-0.74538062,-0.36740997,-0.55625322,2.1606666,-2.6836284,0
27,8800,4.400000,26,1.5625645,1.3248234,0.9829461,0.58891779,-0.056252122,0.02784397,0.027907436,0.15890899,-0.083283416,0.030138737,-0.43626043,0.72333064,-0.53522857,2.1355746,2.1135121,0
27,8800,4.400000,27,1.5625645,1.3196017,1.3691614,0.18370644,-0.015359674,0.019501006,-0.032804294,-0.0096341461,0.079359162,0.013096192,-0.68263592,0.33145545,0.65126453,0.8615467,2.6895699,0
27,8800,4.400000,28,1.5625645,0.98003723,1.0053158,0.94584591,-0.028910776,0.021466816,-0.046839524,-0.17247658,0.0841997,-0.18328773,0.52035742,0.45899375,0.72010617,0.76684101,0.72282249,0
27,8800,4.400000,29,1.5625645,1.0049305,1.3862326,1.3387929,0.041484162,-0.018731069,-0.02636963,0.065047249,0.044409209,-0.073317617,0.20695085,-0.97829674,-0.010336425,1.5811329,-1.3623277,0
27,8800,4.400000,30,1.5625645,1.3951066,0.99282238,1.3601717,-0.0085692502,-0.00039817655,-0.0099559618,0.14346729,0.22309925,0.14194819,-0.44016729,-0.69340205,0.57047905,0.96370731,-2.1364074,0
27,8800,4.400000,31,1.5625645,1.3905434,1.3612828,0.98563716,0.022406912,0.034395922,0.0041733374,-0.070000195,-0.0030657826,-0.078730958,-0.61051427,0.50301193,0.61176083,0.91251168,2.4524385,0
28,8900,4.450000,0,1.5766246,0.18690371,0.2340901,0.21159972,0.01034967,0.088910293,-0.014261333,0.17666209,-0.16142237,-0.053804786,-0.75158788,0.0023850288,0.65962866,0.85047174,3.1384193,0
28,8900,4.450000,1,1.5766246,0.15693759,0.55431681,0.61285038,-0.063695872,0.020219305,0.01327391,-0.090621644,0.022741755,-0.24366584,0.58620782,-0.67677031,0.44535641,1.109224,-0.85698115,0
28,8900,4.450000,2,1.5766246,0.58244146,0.17012755,0.58303007,-0.037517712,-0.055257643,-0.073478435,-0.15738335,0.15966758,-0.018542015,-0.068722635,0.9593602,0.27368815,1.2935708,1.642308,0
28,8900,4.450000,3,1.5766246,0.59134269,0.6009374,0.15060349,0.02909497,0.032408667,-0.050557301,0.024016054,0.089024953,-0.039968406,-0.8384204,-0.26390059,0.47687284,1.0737028,-2.8366508,0
28,8900,4.450000,4,1.5766246,0.23486575,0.1795693,0.99895475,0.046875046,0.015638375,-0.036388126,0.15641728,0.049718924,-0.32644011,0.60409923,-0.36786475,-0.70692266,2.3559341,-0.54697262,0
28,8900,4.450000,5,1.5766246,0.22463491,0.60823382,1.3535705,0.053260935,0.050169317,-0.0093354276,0.050572296,-0.13283117,0.071879693,0.83257194,0.4726958,-0.28876052,1.8637283,0.51637144,0
28,8900,4.450000,6,1.5766246,0.60265025,0.19978402,1.3752543,0.0096684733,-0.033257313,0.010867011,0.13910348,-0.66820508,-0.047782122,-0.080097417,0.99469122,-0.064604811,1.6354462,1.6511479,0
28,8900,4.450000,7,1.5766246,0.57828872,0.58126488,0.98511006,1.6037097e-05,-0.06301115,-0.012479358,-0.18041112,-0.16180953,0.06795625,0.54203808,0.78458949,0.30102168,1.2650325,0.96623391,0
28,8900,4.450000,8,1.5766246,0.17077045,0.96157203,0.19842562,0.010775813,0.01630376,-0.0059156323,0.091844977,0.32200896,0.05459632,-0.82206715,0.49403529,0.28308078,1.2837916,2.6004624,0
28,8900,4.450000,9,1.5766246,0.23120129,1.3703054,0.56809823,0.014629778,0.038243219,-0.062346536,-0.16140498,0.48414072,-0.14191161,0.085175355,0.010496285,0.99631069,0.085925349,0.1226133,0
28,8900,4.450000,10,1.5766246,0.54066535,0.98132421,0.56176612,-0.04159837,-0.044537884,-0.018175796,-0.066423587,0.22109994,-0.0031319891,0.18473626,0.80881736,-0.55828934,2.1631188,1.3462453,0
28,8900,4.450000,11,1.5766246,0.62613959,1.3745688,0.15520895,0.030448027,-0.060101547,-0.010853932,-0.0025891173,0.21033047,-0.042454823,-0.98910292,-0.10202144,0.10614628,1.4644497,-3.0388107,0
28,8900,4.450000,12,1.5766246,0.23548163,0.93606109,0.97293327,0.015104439,-0.039894395,-0.00043145131,0.0068056254,-0.17844745,0.079877085,0.30719205,0.4046548,0.86132893,0.53291666,0.92146746,0
28,8900,4.450000,13,1.5766246,0.23062039,1.3610334,1.3800248,0.064466052,-0.032160671,0.0067390988,-0.01575911,0.15733996,0.24550629,0.35091753,0.0061084094,-0.93638645,2.7829851,0.017405208,0
28,8900,4.450000,14,1.5766246,0.61594862,0.99361381,1.39586,0.037265726,-0.0080900158,-0.014046317,-0.17957616,-0.075638809,0.13740912,-0.88393046,0.035304073,0.46628377,1.0857111,3.101674,0
28,8900,4.450000,15,1.5766246,0.60412291,1.3509723,0.98964978,0.00064391723,-0.041552023,-0.020580634,0.053193214,-0.18615294,-0.12098091,-0.77376233,-0.19769982,-0.60183606,2.2165945,-2.89144,0
28,8900,4.450000,16,1.5766246,0.95509996,0.219347,0.22128424,-0.039394663,-0.041044137,0.01988711,0.048548753,-0.026432505,0.12019074,0.31922447,0.38486515,0.86601071,0.52362816,0.87835721,0
28,8900,4.450000,17,1.5766246,0.95156753,0.5980903,0.6167842,-0.04411888,-0.072520594,0.049521891,-0.1894944,0.1911855,0.087045892,-0.81501292,0.30154867,-0.49479525,2.0883955,2.7872193,0
28,8900,4.450000,18,1.5766246,1.4039145,0.16394381,0.64035796,0.031514604,0.022597789,0.0592249,0.07218732,0.057177535,-0.036288444,-0.71619856,0.28972627,-0.63491599,2.2586961,2.7571842,0
28,8900,4.450000,19,1.5766246,1.3480831,0.60312373,0.22145881,-0.018479602,0.0044617112,0.043750755,-0.10673877,-0.15638835,0.17408704,-0.25358097,0.53079262,0.80867539,0.62889947,2.016478,0
28,8900,4.450000,20,1.5766246,0.96039738,0.20282091,0.97692376,-0.072782975,0.015685642,0.024420793,-0.047782736,0.13796627,0.12723347,-0.93950714,0.046606646,0.33934372,1.2245772,3.0920257,0
28,8900,4.450000,21,1.5766246,1.0208306,0.62340612,1.3764181,0.035121686,0.024086401,0.060346563,0.078021607,-0.22139259,-0.090184434,0.466297,-0.0048741212,0.88461481,0.48512899,-0.010452445,0
28,8900,4.450000,22,1.5766246,1.3839019,0.22155003,1.4083836,0.02788727,0.039385712,0.026991723,0.086100329,-0.25384746,0.25596188,-0.10590557,-0.94125909,0.32064831,1.2443825,-1.6828399,0
28,8900,4.450000,23,1.5766246,1.3606725,0.57505258,0.98946403,-0.071604895,-0.0012281999,0.030881029,-0.047194667,-0.036248313,-0.11511912,-0.00065347657,-0.97108454,-0.23873499,1.8118593,-1.5714693,0
28,8900,4.450000,24,1.5766246,0.96808227,0.997522,0.20946789,0.020428437,-0.01329199,0.050713702,0.17862843,0.032857766,-0.15327984,-0.53178641,-0.065730656,0.84432381,0.56549436,-3.0186129,0
28,8900,4.450000,25,1.5766246,0.9725742,1.3875933,0.62055587,-0.0095732427,0.040132847,0.01610295,-0.018341406,-0.068129251,-0.085016243,-0.60120863,-0.42978908,-0.67366871,2.3099582,-2.520953,0
28,8900,4.450000,26,1.5766246,1.3473742,0.99066592,0.59552234,-0.045669514,0.026724189,0.029207051,0.23170629,-0.014350769,0.021604183,-0.36131181,0.79221571,-0.49178049,2.0849298,1.9986928,0
28,8900,4.450000,27,1.5766246,1.327221,1.3835246,0.18590919,-0.019595234,0.021535285,-0.032256996,-0.12280928,0.019623556,-0.0031040361,-0.70436765,0.49761619,0.50620583,1.0400167,2.5265361,0
28,8900,4.450000,28,1.5766246,0.98127463,1.0155904,0.94791289,-0.036458011,0.022690045,-0.053254601,-0.15543749,-0.042145291,-0.087681826,0.53706604,0.47898991,0.6943549,0.80327324,0.72830189,0
28,8900,4.450000,29,1.5766246,1.0175581,1.4015693,1.3534093,0.045053424,-0.015880538,-0.023811241,0.095982087,0.10025033,0.15852982,0.23532108,-0.95587821,0.17584322,1.3940341,-1.3294132,0
28,8900,4.450000,30,1.5766246,1.4142029,1.0106771,1.3821141,-0.0020553009,0.0084832601,-0.000295763,0.13049816,0.11236044,0.21738584,-0.43459834,-0.71503134,0.54758969,0.99131539,-2.1169337,0
28,8900,4.450000,31,1.5766246,1.4005269,1.3739123,0.98710267,0.019889498,0.034774822,-0.0031969661,-0.046793499,-0.0028847448,-0.20770123,-0.40428361,0.48060816,0.77818414,0.67902704,2.2701545,0
29,9000,4.500000,0,1.5709515,0.19395307,0.22352132,0.20630151,0.018085504,0.079166262,-0.018806352,0.14267471,-0.20148311,-0.11979532,-0.75125974,0.027709714,0.65942473,0.85074304,3.104725,0
29,9000,4.500000,1,1.5709515,0.15131043,0.55449485,0.59733843,-0.068767481,0.022395843,-5.6881893e-05,-0.076785388,0.067834853,-0.33489617,0.45034732,-0.66539821,0.59534235,0.93310465,-0.97580512,0
29,9000,4.500000,2,1.5709515,0.57786996,0.17688862,0.57869139,-0.039997911,-0.047871106,-0.075723281,0.095946474,0.12745889,-0.11662579,-0.33109135,0.93986399,-0.083870116,1.6547651,1.9094972,0
29,9000,4.500000,3,1.5709515,0.58931619,0.60223568,0.14807366,0.029196445,0.035875509,-0.052548821,0.0087172044,0.027642163,-0.015740685,-0.85436143,-0.27146092,0.44314277,1.1116949,-2.8339453,0
29,9000,4.500000,4,1.5709515,0.23874767,0.17767371,0.98389149,0.051610604,0.014386661,-0.047877615,0.07619609,-0.10082446,-0.11573636,0.62414778,-0.39132772,-0.6762412,2.3134446,-0.56002135,0
29,9000,4.500000,5,1.5709515,0.22240791,0.59730098,1.3575934,0.051839662,0.041409258,-0.00042599861,-0.11691006,-0.18724601,0.29089358,0.81976649,0.53790594,-0.19657085,1.7686556,0.58070023,0
29,9000,4.500000,6,1.5709515,0.60326105,0.16846935,1.3660669,0.01245277,-0.06390835,0.0066204913,-0.065898299,-0.50580503,-0.10380306,-0.2613596,0.96524095,-0.0010346753,1.571831,1.835227,0
29,9000,4.500000,7,1.5709515,0.57461554,0.57377107,0.9834032,-0.0015792019,-0.068423184,-0.01063823,0.041602694,-0.054932397,0.04516547,0.51067032,0.79015356,0.33892946,1.2250176,0.99703185,0
29,9000,4.500000,8,1.5709515,0.17510621,0.97232159,0.20129379,0.015734983,0.030538949,-0.0023270122,0.090946522,0.29253969,0.11792942,-0.803183,0.41324356,0.42910003,1.1273002,2.6664066,0
29,9000,4.500000,9,1.5709515,0.21541579,1.3883157,0.55798602,-0.00035079958,0.061225622,-0.070429159,-0.40640218,0.44835369,-0.15550389,-0.01299423,-0.062091083,0.9979859,0.063478832,-1.7770959,0
29,9000,4.500000,10,1.5709515,0.53923217,0.98752972,0.56000568,-0.041085184,-0.034783755,-0.017914394,0.063676172,0.2012477,0.027286751,0.44896767,0.86420779,-0.22709675,1.7998918,1.09166,0
29,9000,4.500000,11,1.5709515,0.62580535,1.3806924,0.15727663,0.032370247,-0.049011919,-0.0082230328,0.066039781,0.23091678,0.13515188,-0.94224485,-0.088328643,0.32306763,1.2418272,-3.048123,0
29,9000,4.500000,12,1.5709515,0.23122634,0.92693255,0.97514756,0.011690315,-0.045665158,0.0052940105,-0.12586313,-0.080002546,0.11165333,0.40495871,0.28225585,0.86967815,0.51624641,0.6087091,0
29,9000,4.500000,13,1.5709515,0.2269874,1.368753,1.3878343,0.061657832,-0.019520953,0.019537289,-0.080663178,0.28917795,0.23712611,0.39056553,-0.084892349,-0.91665253,2.7304194,-0.21402841,0
29,9000,4.500000,14,1.5709515,0.60446682,0.9862739,1.3930683,0.02798353,-0.011861461,-0.011811364,-0.13188883,-0.029494814,-0.039255816,-0.79289827,0.035665995,0.60830936,0.91686756,3.0966412,0
29,9000,4.500000,15,1.5709515,0.6084873,1.3361034,0.98013982,0.007193888,-0.051577895,-0.026540331,0.17116296,-0.19607284,-0.10785156,-0.72132358,-0.30485734,-0.62189573,2.2419575,-2.741726,0
29,9000,4.500000,16,1.5709515,0.9548677,0.22046261,0.22629461,-0.036184459,-0.03913582,0.025704198,0.069840239,0.080674471,0.13322184,0.58832597,0.23745308,0.77297386,0.68728108,0.38361286,0
29,9000,4.500000,17,1.5709515,0.93831564,0.60648143,0.61737684,-0.053964543,-0.061958355,0.052338951,-0.21921194,0.19214129,0.01170826,-0.92548375,0.12121717,-0.35886799,1.9378511,3.0113569,0
29,9000,4.500000,18,1.5709515,1.4017582,0.16897435,0.63115208,0.03441518,0.02822839,0.052310721,0.01538554,0.081769881,-0.19919894,-0.75651952,0.29802999,-0.58211369,2.1921221,2.7663136,0
29,9000,4.500000,19,1.5709515,1.3378161,0.59321377,0.22952796,-0.023905582,-0.0032920376,0.052632781,-0.091012058,-0.17215495,0.20287398,-0.40115822,0.44735643,0.79933992,0.64460044,2.3018022,0
29,9000,4.500000,20,1.5709515,0.95550291,0.21195427,0.9783965,-0.074224303,0.025566603,0.029417738,0.00169019,0.24005881,0.04173284,-0.93685023,0.061743575,0.34423739,1.2193699,3.0757823,0
29,9000,4.500000,21,1.5709515,1.0169434,0.61072213,1.3662881,0.034907289,0.013626722,0.055159865,-0.083409552,-0.2121322,-0.12874372,0.33321878,-0.22264178,0.91618551,0.41234015,-0.58903226,0
29,9000,4.500000,22,1.5709515,1.3835168,0.2075088,1.4156364,0.032490088,0.026117758,0.039334459,0.14130796,-0.28683037,0.19157815,-0.074087408,-0.91769092,0.39032605,1.1698106,-1.651354,0
29,9000,4.500000,23,1.5709515,1.3566054,0.57396874,0.97967367,-0.070774496,-0.00024108162,0.024639752,0.092836419,0.063627081,-0.09521932,0.14406428,-0.90446907,-0.40147377,1.9839218,-1.4128427,0
29,9000,4.500000,24,1.5709515,0.97541184,0.99503601,0.19917336,0.031260917,-0.01218666,0.041155655,0.27000159,-0.0083020798,-0.19367462,-0.62050555,-0.0026023278,0.78419774,0.66939416,-3.1373988,0
29,9000,4.500000,25,1.5709515,0.9666025,1.3785949,0.61579518,-0.01204985,0.036120151,0.013570602,-0.051341943,-0.10434078,-0.038882372,-0.45204608,-0.48245273,-0.75026242,2.4192552,-2.323668,0
29,9000,4.500000,26,1.5709515,1.3553817,0.98727147,0.59482415,-0.03279066,0.026894707,0.0306543,0.25137536,0.03985556,0.006895948,-0.25369598,0.80281529,-0.5395609,2.1407118,1.8768738,0
29,9000,4.500000,27,1.5709515,1.3170391,1.3781982,0.18738137,-0.025011308,0.021186564,-0.03011201,-0.061862327,-0.0078175743,0.097826475,-0.65682216,0.64690944,0.38741815,1.172967,2.3637977,0
29,9000,4.500000,28,1.5709515,0.97128674,1.0071006,0.9384802,-0.042926695,0.017845855,-0.059287341,-0.16029227,-0.17033246,-0.15642431,0.66891079,0.46887631,0.5768131,0.95597436,0.61136656,0
29,9000,4.500000,29,1.5709515,1.0192705,1.4011831,1.358433,0.050436915,-0.011215098,-0.013899786,0.095776415,0.098187173,0.21139463,0.2683099,-0.90218654,0.33774137,1.2262801,-1.2817269,0
29,9000,4.500000,30,1.5709515,1.4127831,1.0067021,1.3867783,0.0016200815,0.0081443594,0.0093589653,0.02052356,-0.10349263,0.12649868,-0.45670674,-0.74811032,0.48140409,1.0685404,-2.1188864,0
29,9000,4.500000,31,1.5709515,1.394312,1.3668877,0.97605467,0.018711916,0.032690146,-0.010706668,-0.036654788,-0.083029161,-0.077771405,-0.18600034,0.47073209,0.8624472,0.53071143,1.9470973,0
30,9100,4.550000,0,1.5638254,0.19902006,0.20977176,0.19473316,0.024045834,0.066401603,-0.029463107,0.082153261,-0.26145034,-0.29484013,-0.76470076,0.089307928,0.63816679,0.87868153,3.0253313,0
30,9100,4.550000,1,1.5638254,0.1458558,0.55531677,0.58262336,-0.073546602,0.025740627,-0.012089692,-0.11377984,0.096337246,-0.17809266,0.30685552,-0.5775559,0.75648455,0.71287527,-1.0824233,0
30,9100,4.550000,2,1.5638254,0.58183667,0.18234807,0.56808522,-0.033394899,-0.041594999,-0.083722605,0.15492655,0.13726046,-0.16097852,-0.48710803,0.71574055,-0.50044103,2.0949044,2.1683593,0
30,9100,4.550000,3,1.5638254,0.58954048,0.60055981,0.15045794,0.032100561,0.036933873,-0.04948589,0.092728884,0.0077005788,0.12586904,-0.89724024,-0.18333462,0.40168193,1.1574436,-2.9400355,0
30,9100,4.550000,4,1.5638254,0.23893534,0.16859104,0.97902526,0.052884165,0.006091084,-0.048281694,0.0017632086,-0.1798923,0.063587763,0.62371338,-0.52177243,-0.58200958,2.1919941,-0.69663835,0
30,9100,4.550000,5,1.5638254,0.21279063,0.5846188,1.3658947,0.043211643,0.031413797,0.014066502,-0.23242826,-0.21030563,0.26337747,0.82417868,0.56240744,-0.066538474,1.637384,0.59880596,0
30,9100,4.550000,6,1.5638254,0.59147756,0.14939575,1.355811,0.0033851474,-0.082259468,0.002552043,-0.27911979,-0.21593626,-0.058799935,-0.35860721,0.92884953,0.09294851,1.4777135,1.9392426,0
30,9100,4.550000,7,1.5638254,0.57403667,0.57239666,0.98183319,0.00045309274,-0.067192083,-0.007740806,0.07832982,0.026676003,0.098657741,0.50116877,0.73976893,0.44896748,1.1051869,0.97535404,0
30,9100,4.550000,8,1.5638254,0.17857424,0.98138152,0.20652246,0.020007033,0.044040157,0.0038287557,0.032852944,0.24187635,0.11505804,-0.73159488,0.29381464,0.61517631,0.90818675,2.7597005,0
30,9100,4.550000,9,1.5638254,0.19643814,1.3994431,0.54658509,-0.018392306,0.078690307,-0.079319192,-0.31842819,0.24283267,-0.14426623,-0.097294132,-0.21468438,0.97182533,0.23794107,-1.996305,0
30,9100,4.550000,10,1.5638254,0.53823864,0.98873757,0.55845299,-0.039629375,-0.029083365,-0.016924569,-0.016924322,0.049667602,-0.0025478405,0.66653798,0.73228533,0.13958982,1.4307492,0.8323655,0
30,9100,4.550000,11,1.5638254,0.62541956,1.3831409,0.16484876,0.03482879,-0.040280577,8.1400281e-05,0.074582542,0.14531465,0.22752097,-0.85086452,-0.024576211,0.52481004,1.0183044,-3.1127169,0
30,9100,4.550000,12,1.5638254,0.22155416,0.92189165,0.97785324,0.0030473663,-0.046503275,0.012439338,-0.20132368,0.00079232894,0.14580053,0.53909611,0.26499131,0.7994717,0.6443811,0.45686272,0
30,9100,4.550000,13,1.5638254,0.22179446,1.3794151,1.3928395,0.057485045,-0.0026114917,0.030863698,-0.053045459,0.35391606,0.17213158,0.38281907,-0.22077302,-0.89705565,2.6838574,-0.52311342,0
30,9100,4.550000,14,1.5638254,0.60104463,0.98532555,1.3832166,0.027301732,-0.0083278993,-0.015352012,0.1114988,0.16878839,-0.075434109,-0.66407028,0.075218646,0.74387689,0.73194357,3.0288043,0
30,9100,4.550000,15,1.5638254,0.61510064,1.3234839,0.96987829,0.016588769,-0.058151581,-0.032369066,0.16390146,-0.075321285,-0.10941571,-0.59941781,-0.43763824,-0.67020225,2.3052776,-2.5109461,0
30,9100,4.550000,16,1.5638254,0.95300245,0.22535749,0.2322796,-0.033712675,-0.033227467,0.032731677,-0.016741949,0.15862907,0.14796787,0.74686079,0.054567664,0.66273775,0.84632752,0.072933106,0
30,9100,4.550000,17,1.5638254,0.92279891,0.6074295,0.61540875,-0.065250597,-0.058250775,0.05317326,-0.24954233,-0.0021985081,-0.023829793,-0.96008013,-0.017600944,-0.27917081,1.8537268,-3.1232619,0
30,9100,4.550000,18,1.5638254,1.3923668,0.17229584,0.61736858,0.031375427,0.032325688,0.041365333,-0.061334744,0.091966891,-0.26165187,-0.79420491,0.31707617,-0.51836403,2.1157331,2.761744,0
30,9100,4.550000,19,1.5638254,1.3285939,0.58591858,0.2367372,-0.02706645,-0.0079068222,0.060901987,-0.054899259,-0.026979633,0.071079089,-0.55972201,0.34271911,0.75448981,0.71591991,2.5921764,0
30,9100,4.550000,20,1.5638254,0.95522716,0.21987944,0.97240275,-0.070156503,0.034473475,0.027858591,0.15041992,0.18857887,-0.075436488,-0.94985641,0.0401851,0.31009346,1.255505,3.0993114,0
30,9100,4.550000,21,1.5638254,1.0073231,0.59774284,1.351058,0.029888529,0.0033944888,0.046106896,-0.14663522,-0.22964524,-0.18689868,0.18913088,-0.36774328,0.91049129,0.42632577,-1.0957732,0
30,9100,4.550000,22,1.5638254,1.3872965,0.19682814,1.4149893,0.042568527,0.016356199,0.045121981,0.24945224,-0.18604846,0.034203245,0.0059606897,-0.86373083,0.50391817,1.0426673,-1.5638953,0
30,9100,4.550000,23,1.5638254,1.3557813,0.57869409,0.97023366,-0.065432691,0.0071045696,0.019632298,0.14888803,0.1951613,-0.098754564,0.29683807,-0.79533988,-0.52850888,2.1276395,-1.2135857,0
30,9100,4.550000,24,1.5638254,0.98097843,0.98850338,0.18748758,0.041274876,-0.014210267,0.030348794,0.15326488,-0.088990502,-0.23780969,-0.6028547,0.012847298,0.79774755,0.64724585,3.1202851,0
30,9100,4.550000,25,1.5638254,0.96237364,1.3680428,0.6128317,-0.011893706,0.031811703,0.013400065,0.035111777,-0.033198563,0.0672642,-0.32993881,-0.47171687,-0.81769406,2.5281901,-2.181148,0
30,9100,4.550000,26,1.5638254,1.358202,0.98534947,0.59411425,-0.023801697,0.029456932,0.032647133,0.12153517,0.029162038,0.043065377,-0.17475202,0.7624999,-0.62294111,2.2432931,1.7960886,0
30,9100,4.550000,27,1.5638254,1.3107734,1.3701631,0.19600203,-0.025303414,0.019399077,-0.020619782,0.082341805,-0.076622988,0.22006294,-0.61012787,0.7174767,0.33611184,1.2280108,2.275511,0
30,9100,4.550000,28,1.5638254,0.96196098,0.99303186,0.92489283,-0.047857772,0.0083237725,-0.068638895,-0.060196899,-0.23499418,-0.15678847,0.80864824,0.42283141,0.40902521,1.1494108,0.48178889,0
30,9100,4.550000,29,1.5638254,1.0210742,1.3976075,1.3581952,0.056878791,-0.0084283863,-0.007962053,0.14954784,-0.017624921,0.051606046,0.21212039,-0.87684692,0.43144458,1.1247029,-1.3334436,0
30,9100,4.550000,30,1.5638254,1.4053956,0.99267649,1.3870956,0.00063901036,-0.0013362829,0.015981968,-0.050885964,-0.27633492,0.14490543,-0.46322752,-0.78503862,0.41125982,1.1469606,-2.1038822,0
30,9100,4.550000,31,1.5638254,1.38677,1.3561642,0.97162345,0.017491915,0.028156686,-0.010710376,-0.0098104562,-0.070103815,0.06292336,0.021851179,0.49718072,0.86737181,0.52089965,1.5268744,0
31,9200,4.600000,0,1.5617676,0.19989617,0.20243617,0.18091328,0.025184584,0.059337398,-0.043035676,-0.023873297,0.019882969,-0.23423224,-0.77700402,0.22678674,0.58722442,0.94317085,2.8576081,0
31,9200,4.600000,1,1.5617676,0.14122122,0.56115482,0.57393852,-0.07799218,0.032313747,-0.020013077,0.0035521621,0.13724966,-0.15187352,0.21518947,-0.4515197,0.86592347,0.52380261,-1.126052,0
31,9200,4.600000,2,1.5617676,0.58599163,0.19075897,0.55985144,-0.028471056,-0.032938449,-0.091213786,-0.0015278416,0.1792977,-0.16319413,-0.51554108,0.41356977,-0.75045149,2.4195413,2.4655085,0
31,9200,4.600000,3,1.5617676,0.59483504,0.59952466,0.15933082,0.038174892,0.036688833,-0.040409045,0.098783725,0.016342822,0.23244823,-0.91310817,-0.072173487,0.40127852,1.1578841,-3.0627151,0
31,9200,4.600000,4,1.5617676,0.23652176,0.16010367,0.98096931,0.050783609,-0.0021798814,-0.04504722,-0.065158964,-0.14133324,0.069717553,0.62327857,-0.6022532,-0.4988135,2.0930256,-0.76824372,0
31,9200,4.600000,5,1.5617676,0.20254418,0.57546378,1.3766022,0.033238637,0.023022553,0.026579601,-0.17146277,-0.1535019,0.21021194,0.85472519,0.51668307,0.049834351,1.5209413,0.5437232,0
31,9200,4.600000,6,1.5617676,0.57526406,0.14429467,1.3518269,-0.012060208,-0.087167189,0.00035054583,-0.30386365,0.052671215,-0.071128304,-0.42267743,0.89183915,0.16114192,1.4089487,2.0133787,0
31,9200,4.600000,7,1.5617676,0.57378466,0.57150689,0.98417471,0.00095677956,-0.067328736,-0.0041049002,-0.021708353,-0.0044608495,0.050581536,0.52437312,0.60718138,0.59696198,0.93108736,0.85844891,0
31,9200,4.600000,8,1.5617676,0.17510022,0.99311226,0.20722925,0.016765857,0.057070867,0.0048079432,-0.14749378,0.22103989,-0.095086088,-0.60758976,0.17344762,0.77508103,0.683953,2.8635204,0
31,9200,4.600000,9,1.5617676,0.18607622,1.4005908,0.54026176,-0.028502387,0.081681424,-0.084926964,-0.13712754,-0.11894393,-0.032000412,-0.07300366,-0.37791281,0.92295849,0.39509893,-1.7616218,0
31,9200,4.600000,10,1.5617676,0.53714629,0.98696529,0.55611491,-0.040013708,-0.02955489,-0.018528842,0.015945058,-0.056646125,-0.048146725,0.78714874,0.52049113,0.33088646,1.2335535,0.58423352,0
31,9200,4.600000,11,1.5617676,0.62886374,1.3873861,0.17813085,0.039098769,-0.034211299,0.013589311,0.052634882,0.076643443,0.29599479,-0.77392817,0.11510396,0.62272487,0.8985759,2.993948,0
31,9200,4.600000,12,1.5617676,0.21255933,0.92270966,0.98586903,-0.0056616646,-0.044470806,0.021748014,-0.13280674,0.063059919,0.22802519,0.66259927,0.30979323,0.68190201,0.82043648,0.43734601,0
31,9200,4.600000,13,1.5617676,0.21843246,1.3880641,1.3959359,0.054412887,0.0078595641,0.035796104,-0.078192234,0.065888303,0.059070434,0.32108124,-0.28002686,-0.90470536,2.701484,-0.71720623,0
31,9200,4.600000,14,1.5617676,0.60642625,0.99273631,1.37744,0.033478329,0.0003851811,-0.019311012,0.14260893,0.13214835,-0.058680037,-0.54077201,0.13780209,0.82980493,0.59203829,2.8920782,0
31,9200,4.600000,15,1.5617676,0.62059417,1.3206682,0.96663459,0.022895864,-0.059226438,-0.034337806,0.13560528,0.040119808,0.022404657,-0.50348482,-0.52428748,-0.68675008,2.3278049,-2.3359567,0
31,9200,4.600000,16,1.5617676,0.95138091,0.2344326,0.23587407,-0.034080409,-0.023849633,0.036634371,-0.010046199,0.18624274,0.035889544,0.80481667,-0.10091578,0.58488129,0.94606262,-0.12473875,0
31,9200,4.600000,17,1.5617676,0.90704813,0.60058232,0.61123822,-0.079796655,-0.064302625,0.04981033,-0.28077537,-0.23918971,-0.11784083,-0.94763927,-0.064456175,-0.31277024,1.8889045,-3.0736796,0
31,9200,4.600000,18,1.5617676,1.3856401,0.18055333,0.60193842,0.026477742,0.040815491,0.026737937,-0.095660918,0.21539307,-0.30722381,-0.79067698,0.32901067,-0.51631569,2.1133396,2.7472737,0
31,9200,4.600000,19,1.5617676,1.3210142,0.5843111,0.23778449,-0.032901755,-0.0087438471,0.062261687,-0.16100185,-0.0044553933,-0.043437385,-0.74660154,0.23387872,0.62280566,0.89847265,2.8380176,0
31,9200,4.600000,20,1.5617676,0.96294823,0.22781179,0.96838937,-0.061172548,0.042700579,0.025122988,0.18554138,0.080557511,-0.031193623,-0.96769835,0.0042561006,0.25207498,1.3159724,3.1371945,0
31,9200,4.600000,21,1.5617676,0.99987303,0.58944556,1.3389558,0.023760001,-0.0041211685,0.035775768,-0.097931353,-0.085665898,-0.24510168,0.16625477,-0.49706901,0.85163475,0.55169995,-1.2480229,0
31,9200,4.600000,22,1.5617676,1.3984567,0.18574324,1.4120206,0.055562875,0.0055231691,0.044014618,0.22787561,-0.27801429,-0.075470795,0.12039372,-0.80520036,0.58065286,0.95126598,-1.4223756,0
31,9200,4.600000,23,1.5617676,1.3635119,0.58951263,0.96662166,-0.055911768,0.018692235,0.017295484,0.20343661,0.24925546,0.0017309712,0.4059649,-0.6699318,-0.62159785,2.2415772,-1.0259918,0
31,9200,4.600000,24,1.5617676,0.98461044,0.98172211,0.1756467,0.046200997,-0.019694384,0.018746989,0.011212605,-0.083635266,-0.23470335,-0.53428408,0.026947995,0.84487533,0.56446424,3.0911978,0
31,9200,4.600000,25,1.5617676,0.96287143,1.3665399,0.61347747,-0.010128376,0.03210921,0.014853214,0.060436595,0.038316427,0.013227401,-0.2789738,-0.47856358,-0.83255661,2.5545035,-2.0985772,0
31,9200,4.600000,26,1.5617676,1.3599915,0.98343704,0.5939468,-0.020222654,0.028840712,0.033261885,0.06777498,-0.015672222,-0.040122143,-0.12582984,0.68843433,-0.71430038,2.3664202,1.7515776,0
31,9200,4.600000,27,1.5617676,1.3157347,1.3648871,0.21027235,-0.018612805,0.01592377,-0.0060819732,0.12689778,-0.076675537,0.38263366,-0.5972805,0.71752489,0.35834904,1.2042974,2.2649941,0
31,9200,4.600000,28,1.5617676,0.96127283,0.97818333,0.9242859,-0.047279703,-0.0052269487,-0.068028355,0.036454137,-0.24402051,0.11634161,0.90873151,0.37903956,0.17474566,1.3951489,0.39516746,0
31,9200,4.600000,29,1.5617676,1.0292293,1.3938671,1.3551016,0.066383787,-0.010330925,-0.0092692049,0.19117277,-0.030591883,-0.065106682,0.064753955,-0.91336181,0.40196657,1.1571328,-1.5000185,0
31,9200,4.600000,30,1.5617676,1.403341,0.97631023,1.3900061,0.00043364977,-0.016406203,0.02072083,0.051328687,-0.31112633,0.027649594,-0.47743723,-0.80074717,0.36174252,1.20066,-2.1084463,0
31,9200,4.600000,31,1.5617676,1.3865073,1.353731,0.97768672,0.019055084,0.027507668,-0.0033637186,0.086625657,0.10412841,0.23170336,0.25331011,0.50782902,0.82337335,0.60346646,1.1081013,0
32,9300,4.650000,0,1.5703034,0.19938215,0.21320519,0.17330327,0.023582411,0.068973759,-0.05161109,-0.019252539,0.30318326,-0.090833155,-0.81969883,0.34948542,0.45382131,1.0997473,2.7385721,0
32,9300,4.650000,1,1.5703034,0.15054204,0.57241389,0.57093012,-0.069466436,0.040483593,-0.026141605,0.24917139,0.16450197,-0.04303994,0.24537191,-0.38263203,0.89072182,0.47186564,-1.00058,0
32,9300,4.650000,2,1.5703034,0.58675793,0.20079219,0.55472501,-0.03090084,-0.023972242,-0.099377801,-0.069291505,0.16133516,-0.14235219,-0.53399195,0.10789091,-0.83857746,2.5654631,2.9422306,0
32,9300,4.650000,3,1.5703034,0.60116588,0.60540704,0.17310564,0.041246317,0.03928746,-0.027540117,-0.031821762,0.11546692,0.24796827,-0.88274469,-0.038704369,0.46825611,1.0834802,-3.0977752,0
32,9300,4.650000,4,1.5703034,0.23332921,0.15271237,0.99107122,0.046310553,-0.010423756,-0.040319622,-0.12909447,-0.18694522,0.050844922,0.64192319,-0.63944084,-0.42314303,2.0077077,-0.78346089,0
32,9300,4.650000,5,1.5703034,0.19423149,0.57448474,1.3945968,0.023844555,0.018909551,0.037022071,-0.1875066,-0.036233805,0.18516226,0.8834914,0.44741669,0.1387849,1.431562,0.46876948,0
32,9300,4.650000,6,1.5703034,0.56495415,0.15252073,1.3522597,-0.025477621,-0.07974998,-0.0065860927,-0.17069247,0.24417343,-0.12453576,-0.51385761,0.83599484,0.19251749,1.3770693,2.1219299,0
32,9300,4.650000,7,1.5703034,0.57319756,0.57270499,0.99366026,-0.0027561883,-0.069248941,-9.4679467e-06,-0.1319175,-0.06461936,0.034454303,0.52722129,0.41299266,0.74261348,0.73383202,0.66449852,0
32,9300,4.650000,8,1.5703034,0.1662034,1.0059456,0.20001291,0.0069388228,0.064456297,-0.0035183023,-0.20008052,0.066807375,-0.19172492,-0.45435884,0.032849319,0.89021288,0.47298406,3.06942,0
32,9300,4.650000,9,1.5703034,0.18124235,1.3977252,0.54347204,-0.034337344,0.071189583,-0.084670159,-0.11123583,-0.29396422,0.0021712839,-0.028077163,-0.58672491,0.80929942,0.62783788,-1.6186139,0
32,9300,4.650000,10,1.5703034,0.54301837,0.98748004,0.55564729,-0.037085355,-0.034421075,-0.022026346,0.129479,-0.10415808,-0.11582644,0.89726401,0.31326195,0.31110168,1.2544443,0.33589972,0
32,9300,4.650000,11,1.5703034,0.63832399,1.3968188,0.19270403,0.045105626,-0.032366284,0.027151967,0.098293622,-0.016731544,0.26209957,-0.70225966,0.2414741,0.66971758,0.83696792,2.8104045,0
32,9300,4.650000,12,1.5703034,0.20810288,0.93008364,1.0047165,-0.011264576,-0.04214618,0.035170728,-0.046706663,0.049007149,0.30233219,0.73436912,0.36902248,0.56967043,0.96469153,0.46564778,0
32,9300,4.650000,13,1.5703034,0.21340717,1.3919969,1.4036519,0.048210666,0.0042159237,0.035882492,-0.1370357,-0.17845001,-0.061279446,0.24307404,-0.20052212,-0.94905526,2.8210204,-0.68976586,0
32,9300,4.650000,14,1.5703034,0.61648106,1.0016217,1.382614,0.040200436,0.0038353762,-0.021658959,0.14975665,0.04395069,-0.011065798,-0.48946244,0.18741923,0.85164579,0.55167888,2.7759068,0
32,9300,4.650000,15,1.5703034,0.62888531,1.333471,0.97434771,0.027781865,-0.053656859,-0.031914379,0.041066524,0.1408478,0.088992261,-0.50958006,-0.52808588,-0.67930366,2.3176097,-2.3383623,0
32,9300,4.650000,16,1.5703034,0.95586864,0.24058891,0.23541055,-0.034790463,-0.018987851,0.034886454,-0.032887911,-0.01946737,-0.097342024,0.78161798,-0.25284988,0.57021073,0.96403398,-0.3128705,0
32,9300,4.650000,17,1.5703034,0.90161769,0.59126046,0.60695137,-0.090156278,-0.076872673,0.042203527,-0.15055613,-0.24138896,-0.15589519,-0.91648135,-0.08773352,-0.39033929,1.9717964,-3.0461548,0
32,9300,4.650000,18,1.5703034,1.3887016,0.19268837,0.59207727,0.021978356,0.051933427,0.013622669,-0.0696698,0.25960401,-0.18341087,-0.70570684,0.39093784,-0.59088533,2.2029521,2.6357094,0
32,9300,4.650000,19,1.5703034,1.3205052,0.59046114,0.23382199,-0.040609618,-0.0057953626,0.0570139,-0.10471259,0.092738243,-0.18379872,-0.84023568,0.1799536,0.5114887,1.0338799,2.9306096,0
32,9300,4.650000,20,1.5703034,0.97885545,0.23131376,0.97417703,-0.050557191,0.044951322,0.025616622,0.22276178,0.036781798,0.055943839,-0.98108152,-0.031587705,0.19100071,1.3786148,-3.109407,0
32,9300,4.650000,21,1.5703034,0.99936774,0.58735295,1.337039,0.017806184,-0.0094209222,0.026566038,-0.10652137,-0.1552674,-0.098770143,0.27413064,-0.63364304,0.72342857,0.76204078,-1.1624839,0
32,9300,4.650000,22,1.5703034,1.4137048,0.17217851,1.4101996,0.063147112,-0.0090171035,0.034502205,0.042971802,-0.26820466,-0.25066457,0.21855808,-0.71125882,0.66808926,0.83915843,-1.2726709,0
32,9300,4.650000,23,1.5703034,1.3805744,0.60473718,0.97718454,-0.046327607,0.030662218,0.022561,0.18122707,0.2053804,0.16507298,0.46427629,-0.58123109,-0.6682948,2.3027105,-0.89679918,0
32,9300,4.650000,24,1.5703034,0.98789221,0.98249619,0.16804822,0.044107135,-0.024273373,0.010211784,-0.081798472,-0.052543397,-0.074979154,-0.40881807,0.047435736,0.91138226,0.42416607,3.0260778,0
32,9300,4.650000,25,1.5703034,0.97134938,1.3783124,0.61499885,-0.0069216852,0.036401269,0.013026646,0.03722874,0.088831873,-0.070782589,-0.30508258,-0.52808328,-0.79249774,2.48569,-2.0946699,0
32,9300,4.650000,26,1.5703034,1.369656,0.98791883,0.5936351,-0.017997197,0.027950009,0.029713669,0.027884208,-0.013153221,-0.11536963,-0.12822011,0.66978391,-0.73140216,2.3911721,1.7599429,0
32,9300,4.650000,27,1.5703034,1.3281447,1.3707388,0.22933566,-0.013408116,0.014320194,0.011783419,0.1116567,-0.02685156,0.26832109,-0.61367858,0.6615265,0.43102354,1.1251695,2.3186903,0
32,9300,4.650000,28,1.5703034,0.9710531,0.97013595,0.93733449,-0.042765525,-0.018584136,-0.060053134,0.10369742,-0.23188632,0.18901925,0.93893393,0.34043797,-0.050050511,1.6208678,0.34783704,0
32,9300,4.650000,29,1.5703034,1.0434813,1.4003583,1.3596581,0.074987143,-0.011454832,-0.01211123,0.13992887,-0.013580141,-0.072049442,-0.099306724,-0.96294727,0.25074037,1.3173513,-1.6735609,0
32,9300,4.650000,30,1.5703034,1.4163383,0.96569447,1.3982539,0.0057465455,-0.032314583,0.02136991,0.12577356,-0.27164463,-0.02912476,-0.4927812,-0.81045177,0.31675641,1.2484885,-2.1171013,0
32,9300,4.650000,31,1.5703034,1.3989991,1.3694322,0.9962203,0.023955724,0.035787578,0.0097905187,0.15235845,0.1874344,0.25040152,0.48879745,0.4997133,0.71509697,0.77403351,0.79644044,0
33,9400,4.700000,0,1.5694533,0.19998976,0.23115022,0.17001181,0.024298157,0.087039104,-0.054809596,0.021110987,0.39626229,0.023545541,-0.86390197,0.41722081,0.28213504,1.2847775,2.6916785,0
33,9400,4.700000,1,1.5694533,0.16462751,0.57872815,0.56773648,-0.055295624,0.047109528,-0.029026947,0.2824338,0.095322123,-0.045094362,0.30978168,-0.35058057,0.88381478,0.48684181,-0.84710233,0
33,9400,4.700000,2,1.5694533,0.57932127,0.20480386,0.55298922,-0.038021778,-0.019850754,-0.10081367,-0.21480421,0.025943307,0.084496489,-0.56198635,-0.10764846,-0.82011167,2.5324025,-2.9523352,0
33,9400,4.700000,3,1.5694533,0.59521633,0.61560443,0.18105381,0.035620692,0.049815445,-0.019496052,-0.18698312,0.25160861,0.11513676,-0.76596826,-0.11746377,0.63205608,0.8865927,-2.9894248,0
33,9400,4.700000,4,1.5694533,0.22819583,0.14716085,0.98996905,0.041302141,-0.01589408,-0.040885417,-0.09768473,-0.10743562,-0.082096115,0.63095884,-0.6548523,-0.41600409,1.999843,-0.80397842,0
33,9400,4.700000,5,1.5694533,0.18122643,0.57581652,1.4012546,0.010941156,0.020552789,0.044436769,-0.23670952,0.12300772,0.077673068,0.88118633,0.41786232,0.22113736,1.3478158,0.44279889,0
33,9400,4.700000,6,1.5694533,0.5598904,0.1674203,1.3480076,-0.030236816,-0.064763785,-0.010107082,-0.1028566,0.30736113,-0.064459601,-0.53358554,0.8390168,0.10647669,1.4641174,2.1372419,0
33,9400,4.700000,7,1.5694533,0.56328558,0.56785178,0.99585248,-0.012360462,-0.073793345,0.0027214214,-0.25691992,-0.092189481,0.054595409,0.5040776,0.17774887,0.84516928,0.56391453,0.33900879,0
33,9400,4.700000,8,1.5694533,0.15952936,1.0070052,0.1897399,0.00035297373,0.066060882,-0.01368578,-0.06698271,-0.032881711,-0.17785055,-0.43007438,-0.10334165,0.89685926,0.45817941,-2.9057755,0
33,9400,4.700000,9,1.5694533,0.17791048,1.3804316,0.54511231,-0.037571976,0.054648246,-0.082735154,-0.0058828844,-0.33505491,0.082613126,-0.034395712,-0.74005757,0.6716634,0.83434458,-1.61724,0
33,9400,4.700000,10,1.5694533,0.55090216,0.98166861,0.54971138,-0.028905378,-0.03969935,-0.027662978,0.17493811,-0.1041161,-0.11570009,0.97101346,0.15110889,0.18519978,1.3845212,0.15438147,0
33,9400,4.700000,11,1.5694533,0.64033474,1.3946048,0.20311554,0.047462582,-0.033824494,0.037670646,0.013500856,-0.057460469,0.13881552,-0.66052366,0.3266694,0.67601449,0.82845577,2.6823055,0
33,9400,4.700000,12,1.5694533,0.20806473,0.93341985,1.0179596,-0.011190047,-0.038305422,0.048961389,0.060264233,0.10745758,0.24370193,0.7349693,0.41640581,0.53518812,1.0060659,0.51546992,0
33,9400,4.700000,13,1.5694533,0.20923215,1.3777143,1.400481,0.044150081,-0.0093167866,0.033470857,-0.04669114,-0.31504995,-0.052823588,0.10005439,-0.094817247,-0.99045384,3.0033075,-0.7585298,0
33,9400,4.700000,14,1.5694533,0.62407901,1.0042864,1.3812167,0.048134268,0.0070431917,-0.022307867,0.17780804,0.10425199,0.051312277,-0.48361634,0.2257182,0.84567519,0.5629673,2.7049136,0
33,9400,4.700000,15,1.5694533,0.63115162,1.3391556,0.97769567,0.030389337,-0.047248642,-0.02803789,0.099390131,0.16322699,0.015545126,-0.63216609,-0.46694915,-0.61832396,2.2374047,-2.5053956,0
33,9400,4.700000,16,1.5694533,0.95309842,0.23564199,0.22875859,-0.03704382,-0.023805833,0.028360167,-0.053609742,-0.15553422,-0.12723083,0.66677977,-0.3854687,0.63782335,0.87912753,-0.52416462,0
33,9400,4.700000,17,1.5694533,0.89598565,0.58139846,0.60210454,-0.095301612,-0.086417169,0.037684055,-0.085110697,-0.14240361,-0.050930801,-0.89552506,-0.028833884,-0.44407598,2.030939,-3.109406,0
33,9400,4.700000,18,1.5694533,1.3882742,0.20609765,0.58531212,0.022302835,0.065450681,0.0071763031,0.11650168,0.27687192,-0.033427995,-0.5770974,0.49308988,-0.65101533,2.2797176,2.4345318,0
33,9400,4.700000,19,1.5694533,1.3145148,0.59705835,0.22238381,-0.045886643,0.0011233746,0.045699239,-0.076610724,0.16097181,-0.3066128,-0.84595427,0.21296374,0.48888425,1.059986,2.8949734,0
33,9400,4.700000,20,1.5694533,0.99011311,0.2340428,0.9756014,-0.038766433,0.047806368,0.027568907,0.28952747,0.085347761,0.067141064,-0.97256213,-0.033449466,0.23022607,1.3384863,-3.1072131,0
33,9400,4.700000,21,1.5694533,0.99315477,0.57852912,1.337331,0.0121327,-0.017929078,0.027582126,-0.10106252,-0.18458605,0.12924266,0.40341348,-0.77791019,0.48178139,1.0681099,-1.0923906,0
33,9400,4.700000,22,1.5694533,1.4122418,0.16102873,1.3970928,0.062449192,-0.02007667,0.022155453,-0.082021835,-0.19084307,-0.27251798,0.23246875,-0.58003177,0.78071853,0.67498147,-1.1896123,0
33,9400,4.700000,23,1.5694533,1.3854609,0.61037589,0.98522904,-0.040692196,0.036629921,0.031136829,0.09454072,0.043852042,0.16460303,0.48022835,-0.56755493,-0.6687766,2.3033584,-0.86855011,0
33,9400,4.700000,24,1.5694533,0.98287547,0.97943346,0.16679642,0.03962399,-0.026804899,0.0090506392,-0.11813291,-0.0077164776,0.025103378,-0.27048841,0.075971589,0.95972097,0.28478895,2.8677791,0
33,9400,4.700000,25,1.5694533,0.97499626,1.3826871,0.61044473,-0.0027478208,0.041523579,0.0088043187,0.047092815,0.090720492,-0.023964849,-0.42625773,-0.59718988,-0.67946199,2.3178254,-2.1907059,0
33,9400,4.700000,26,1.5694533,1.3667141,0.98451767,0.58779544,-0.020198122,0.025082891,0.024193882,-0.095354323,-0.096351136,-0.095001573,-0.21063141,0.73017105,-0.64998819,2.2783652,1.8516406,0
33,9400,4.700000,27,1.5694533,1.3345537,1.3688678,0.23782935,-0.006278129,0.013190883,0.020403593,0.16698943,0.033540945,0.074765337,-0.66565179,0.5375452,0.51764163,1.0267041,2.4622667,0
33,9400,4.700000,28,1.5694533,0.97530524,0.96011463,0.94605928,-0.037986397,-0.02808283,-0.050818408,0.057032995,-0.16072973,0.18199381,0.92002488,0.33326154,-0.20613337,1.7784181,0.34752922,0
33,9400,4.700000,29,1.5694533,1.0458139,1.3975258,1.3565778,0.077885451,-0.013529752,-0.014456124,0.015678947,-0.061946985,-0.055899078,-0.1443924,-0.98466954,0.097860749,1.4727787,-1.7163991,0
33,9400,4.700000,30,1.5694533,1.4182289,0.95028489,1.3925228,0.0084045879,-0.047205399,0.016394409,-0.017707701,-0.2896723,-0.22266385,-0.47164579,-0.81525734,0.33601445,1.2281142,-2.0952748,0
33,9400,4.700000,31,1.5694533,1.407318,1.3769456,1.0077112,0.033034417,0.044044554,0.021823975,0.19827528,0.13182463,0.183282,0.70988677,0.4318251,0.5564062,0.98074196,0.5465011,0
34,9500,4.750000,0,1.5642429,0.19993529,0.25142357,0.17534249,0.024908632,0.10811488,-0.048904682,-0.0017465617,0.35202356,0.17255727,-0.87815345,0.43469008,0.19972743,1.3697166,2.6819493,0
34,9500,4.750000,1,1.5642429,0.17773164,0.58052313,0.56399967,-0.041622224,0.050831994,-0.030882037,0.27260786,0.035996027,-0.056576233,0.40369084,-0.34050779,0.84916909,0.55638635,-0.70070049,0
34,9500,4.750000,2,1.5642429,0.56802301,0.20263464,0.55902276,-0.047412392,-0.021342536,-0.092931177,-0.17144231,-0.06753542,0.22134982,-0.62747719,-0.12461371,-0.7685986,2.447444,-2.9455486,0
34,9500,4.750000,3,1.5642429,0.57939051,0.62688977,0.18196383,0.021747839,0.063166706,-0.017982438,-0.33593142,0.26476386,2.1977988e-06,-0.56879061,-0.21256197,0.79454053,0.65254582,-2.7839546,0
34,9500,4.750000,4,1.5642429,0.2240669,0.14527384,0.97738868,0.03792517,-0.01729487,-0.050194711,-0.029072416,0.08219903,-0.30242718,0.55866227,-0.70478895,-0.43722878,2.0233113,-0.90054333,0
34,9500,4.750000,5,1.5642429,0.17321931,0.58068529,1.3945917,0.0035233442,0.027344475,0.042422498,-0.066388801,0.10494988,-0.088108034,0.82692723,0.45104306,0.33578493,1.2283579,0.49933912,0
34,9500,4.750000,6,1.5642429,0.55527255,0.1794009,1.3426732,-0.033000504,-0.052206497,-0.010967665,-0.02313548,0.24946601,0.048440445,-0.52893826,0.84791728,-0.035505095,1.6063089,2.1285386,0
34,9500,4.750000,7,1.5642429,0.54825616,0.5641642,0.99637156,-0.025541765,-0.075598739,0.0065529653,-0.22174585,0.039533686,0.08324215,0.44918801,0.060563137,0.8913822,0.47041072,0.13401984,0
34,9500,4.750000,8,1.5642429,0.15880448,0.9973106,0.18103403,0.00015738745,0.059698829,-0.021775192,0.034305483,-0.22639224,-0.10110846,-0.61275349,-0.11083686,0.782463,0.67218491,-2.9626443,0
34,9500,4.750000,9,1.5642429,0.17701476,1.3622561,0.54575304,-0.037877567,0.04103293,-0.08028064,0.0076429499,-0.21807502,0.065926549,-0.096015708,-0.83315502,0.54464089,0.99483546,-1.6855337,0
34,9500,4.750000,10,1.5642429,0.55540119,0.97668368,0.54349072,-0.022566895,-0.041428155,-0.032065991,0.066055738,0.046549255,-0.048720057,0.99850727,0.051621521,0.017845201,1.5529502,0.051652708,0
34,9500,4.750000,11,1.5642429,0.63973197,1.3847558,0.20280107,0.048988169,-0.039052386,0.038031086,-0.014840772,-0.10761273,-0.12275501,-0.70513607,0.31516751,0.63517916,0.88255587,2.7212698,0
34,9500,4.750000,12,1.5642429,0.21336774,0.93583393,1.0272545,-0.0051863051,-0.032783345,0.061656953,0.1315481,0.13332778,0.30942476,0.72687024,0.44047776,0.5269146,1.0158301,0.54481395,0
34,9500,4.750000,13,1.5642429,0.21197551,1.3592205,1.3944865,0.047593788,-0.023259959,0.032123502,0.14159432,-0.18832249,-0.028150882,-0.016199823,-0.057060474,-0.99823928,3.0822423,-1.8474236,0
34,9500,4.750000,14,1.5642429,0.62804356,1.0074872,1.3797802,0.054180726,0.013589025,-0.019153687,0.084094792,0.14936889,0.094987471,-0.52642863,0.29032889,0.79911328,0.64497752,2.6375934,0
34,9500,4.750000,15,1.5642429,0.63355359,1.3424123,0.97165075,0.034894125,-0.039533261,-0.030841666,0.078787641,0.12723846,-0.099207101,-0.78997275,-0.37449365,-0.48548693,2.0777164,-2.6989124,0
34,9500,4.750000,16,1.5642429,0.94713831,0.22390691,0.22295555,-0.039844441,-0.034776855,0.023308179,-0.080817913,-0.28962014,-0.035316031,0.4916132,-0.50961437,0.70612298,0.78678851,-0.80337532,0
34,9500,4.750000,17,1.5642429,0.89543743,0.5776937,0.60087471,-0.092871246,-0.088194732,0.038454405,0.17610962,0.048830707,0.013848737,-0.8546651,0.18624591,-0.4846236,2.0767291,2.9270302,0
34,9500,4.750000,18,1.5642429,1.3918101,0.21945321,0.58478005,0.03046123,0.079513837,0.0085897364,0.19577073,0.30166943,0.057092607,-0.46214166,0.59739093,-0.6554,2.2855084,2.2292312,0
34,9500,4.750000,19,1.5642429,1.3083777,0.60364118,0.20642497,-0.047662676,0.0097026158,0.030453326,-0.016487017,0.12792009,-0.28897737,-0.80715374,0.25479883,0.53252267,1.0092181,2.8358172,0
34,9500,4.750000,20,1.5642429,0.9997556,0.23290789,0.97629795,-0.025815375,0.047447846,0.031510872,0.24526596,-0.10159988,0.069439014,-0.97175753,-0.033945867,0.23352726,1.3350927,-3.1066744,0
34,9500,4.750000,21,1.5642429,0.98559126,0.56822713,1.34274,0.0078592196,-0.026324399,0.037447296,-0.01525203,-0.20220174,0.23900443,0.50897258,-0.83722265,0.20001287,1.3694253,-1.0245665,0
34,9500,4.750000,22,1.5642429,1.400624,0.15251245,1.3797738,0.055508276,-0.028071654,0.009453482,-0.20152358,-0.084989783,-0.28314554,0.1909005,-0.46849214,0.86259615,0.53041708,-1.1838596,0
34,9500,4.750000,23,1.5642429,1.3809308,0.60200749,0.98728778,-0.040622672,0.030277321,0.03647526,-0.044185404,-0.29122125,0.035530706,0.51593892,-0.59398101,-0.61724678,2.2360348,-0.85559589,0
34,9500,4.750000,24,1.5642429,0.97237224,0.97598695,0.16912552,0.032371704,-0.027000159,0.011938283,-0.14175969,0.052191869,0.07712574,-0.13085302,0.14566007,0.98064297,0.19707768,2.3026964,0
34,9500,4.750000,25,1.5642429,0.97476863,1.3846071,0.61221701,0.00026640973,0.048044662,0.012609515,0.066913546,0.13694772,0.13615441,-0.56680019,-0.66730195,-0.48316214,2.0750591,-2.2749367,0
34,9500,4.750000,26,1.5642429,1.3551747,0.97444583,0.58199634,-0.02721195,0.01826818,0.020339772,-0.18805677,-0.17426149,-0.067283115,-0.41033676,0.76084731,-0.50272767,2.0975476,2.0653995,0
34,9500,4.750000,27,1.5642429,1.3394469,1.3651172,0.23541874,0.0030610844,0.013986035,0.018779851,0.19394612,0.043031011,-0.12857542,-0.66372351,0.47758781,0.57565701,0.95738891,2.5178605,0
34,9500,4.750000,28,1.5642429,0.97324092,0.95098825,0.95169939,-0.036810893,-0.034031661,-0.042022895,0.016405732,-0.073524383,0.14988519,0.87833808,0.402019,-0.25865604,1.832427,0.42924221,0
34,9500,4.750000,29,1.5642429,1.0402656,1.3898942,1.3520707,0.075805665,-0.016526793,-0.014459543,-0.096289779,-0.069194919,0.047110818,-0.063026448,-0.99784364,-0.01832316,1.5891205,-1.6338752,0
34,9500,4.750000,30,1.5642429,1.4095989,0.93646212,1.3755318,0.004476366,-0.05789113,0.0040057767,-0.17901772,-0.14106243,-0.24506398,-0.41252016,-0.82801616,0.3797583,1.1812613,-2.0330053,0
34,9500,4.750000,31,1.5642429,1.4099999,1.3733172,1.0111117,0.040400685,0.04498894,0.028581202,0.091397015,-0.066156176,0.064532018,0.88799768,0.24964773,0.38618147,1.174308,0.2740614,0
35,9600,4.800000,0,1.5704159,0.2011695,0.26296042,0.18525071,0.025352967,0.1186388,-0.039706538,0.010992615,0.077379637,0.15176378,-0.8751617,0.41599563,0.24706201,1.3211492,2.6978704,0
35,9600,4.800000,1,1.5704159,0.19279868,0.58436838,0.56498958,-0.02728481,0.052383252,-0.032115432,0.27475451,0.036129629,-0.013060111,0.49387418,-0.34047896,0.80010148,0.64333196,-0.60357927,0
35,9600,4.800000,2,1.5704159,0.56301273,0.20003997,0.57791844,-0.054650016,-0.024730194,-0.076274391,-0.063583617,-0.097510575,0.41606972,-0.67142167,0.062679312,-0.7384201,2.4015208,3.0485093,0
35,9600,4.800000,3,1.5704159,0.56577347,0.64012675,0.17999402,0.0058755997,0.073908625,-0.020665055,-0.32719547,0.18885855,-0.095573501,-0.43601727,-0.26526397,0.85995579,0.53561328,-2.5950345,0
35,9600,4.800000,4,1.5704159,0.22270127,0.15034046,0.96537547,0.035679724,-0.012810382,-0.066033824,-0.039423774,0.16294385,-0.30378902,0.51620948,-0.71362835,-0.47356346,2.0641286,-0.94456461,0
35,9600,4.800000,5,1.5704159,0.1744437,0.58780684,1.3947412,0.0040630933,0.032164963,0.037079014,0.035292425,0.038989113,-0.1156479,0.69472918,0.5797148,0.42577237,1.130981,0.69539526,0
35,9600,4.800000,6,1.5704159,0.55678703,0.18757958,1.3509696,-0.03367598,-0.044750467,-0.0079757941,0.028323354,0.051717895,0.10599266,-0.53384811,0.82861869,-0.16851491,1.7401192,2.1431277,0
35,9600,4.800000,7,1.5704159,0.54047943,0.57168375,1.0031867,-0.035462556,-0.070315968,0.0094304525,-0.18760035,0.1367973,0.067970184,0.40871471,0.076821415,0.90942331,0.42890107,0.18579087,0
35,9600,4.800000,8,1.5704159,0.16371412,0.98561799,0.18097898,0.004431916,0.044101229,-0.022543149,0.069943783,-0.36331915,0.01665337,-0.86653137,-0.046563815,0.49694587,1.0507206,-3.0879084,0
35,9600,4.800000,9,1.5704159,0.17675016,1.3598194,0.55076895,-0.038838827,0.033235624,-0.07742408,-0.040967021,-0.10871643,0.03126091,-0.24460066,-0.82890759,0.50307328,1.0436452,-1.8577406,0
35,9600,4.800000,10,1.5704159,0.56212121,0.9859722,0.54675245,-0.018047565,-0.036004631,-0.030951243,0.041697354,0.17079292,0.096182736,0.99197489,0.0047225772,-0.12634682,1.6974817,0.0047607471,0
35,9600,4.800000,11,1.5704159,0.63871081,1.3870062,0.19570652,0.04544939,-0.042260347,0.030151733,-0.069165252,-0.03189995,-0.15595691,-0.7806792,0.20681498,0.5897182,0.94008647,2.8826247,0
35,9600,4.800000,12,1.5704159,0.21892793,0.94366899,1.0444668,-0.00047740852,-0.028649524,0.074789507,0.099099113,0.034949928,0.19321047,0.71662436,0.45297963,0.53033855,1.0117965,0.56369002,0
35,9600,4.800000,13,1.5704159,0.22389233,1.3585288,1.4000162,0.058652301,-0.029303691,0.032150005,0.2898829,-0.025106607,0.025943485,-0.042846236,-0.18153782,-0.98245011,2.9539682,-1.802573,0
35,9600,4.800000,14,1.5704159,0.6311745,1.0223124,1.3879889,0.054831923,0.024416982,-0.016395503,-0.027737932,0.22282979,-0.010799044,-0.58562207,0.40692031,0.70104397,0.79393593,2.5343305,0
35,9600,4.800000,15,1.5704159,0.63701874,1.3518976,0.96978775,0.035857176,-0.03535378,-0.036527912,0.00064601789,0.05224473,-0.081911661,-0.88242264,-0.34083524,-0.32428633,1.9010535,-2.7729961,0
35,9600,4.800000,16,1.5704159,0.94490371,0.21081581,0.22406146,-0.045805012,-0.048724098,0.02353379,-0.13347178,-0.24909356,-0.0034307635,0.35375876,-0.55885439,0.75002434,0.72269745,-1.0064599,0
35,9600,4.800000,17,1.5704159,0.91161427,0.58269231,0.6021782,-0.080252945,-0.085481226,0.037388747,0.32994505,0.051575036,0.00037026664,-0.78303732,0.36731222,-0.50193056,2.0966258,2.7029803,0
35,9600,4.800000,18,1.5704159,1.4084486,0.23331299,0.59028897,0.04158521,0.092482045,0.011784628,0.18356104,0.24430669,0.046204606,-0.39054882,0.69547979,-0.60314135,2.2182299,2.0824662,0
35,9600,4.800000,19,1.5704159,1.3114345,0.60788018,0.19371435,-0.049765054,0.011555805,0.016954673,-0.058478458,-0.034008726,-0.25244764,-0.75160749,0.2498676,0.61045259,0.91416445,2.8206425,0
35,9600,4.800000,20,1.5704159,1.0121856,0.22853889,0.98329087,-0.017347425,0.042170107,0.034644824,0.072211507,-0.1377563,0.0080568166,-0.97142811,0.0030468678,0.23731446,1.3311959,3.1384562,0
35,9600,4.800000,21,1.5704159,0.9900118,0.5617271,1.3640564,0.0083892492,-0.035049656,0.053433359,0.025508016,-0.17217895,0.37429276,0.58851659,-0.80717909,-0.045936285,1.6167488,-0.94080407,0
35,9600,4.800000,22,1.5704159,1.3991594,0.15232256,1.3688137,0.048530101,-0.028861849,-0.0069194124,-0.025860873,0.025135196,-0.30243707,0.19509354,-0.39008176,0.89987484,0.45131386,-1.1070407,0
35,9600,4.800000,23,1.5704159,1.3832352,0.58838963,0.99010548,-0.043761615,0.014315182,0.035398923,-0.064770707,-0.35559033,-0.058662621,0.629192,-0.60854119,-0.48352358,2.075472,-0.76871533,0
35,9600,4.800000,24,1.5704159,0.97500164,0.98554268,0.17457372,0.031166181,-0.021307199,0.016709666,0.050075553,0.14697905,0.093973079,-0.064781083,0.22294378,0.97267645,0.23430275,1.8535807,0
35,9600,4.800000,25,1.5704159,0.98431625,1.3968943,0.6192885,0.0059560665,0.054854335,0.017255854,0.087746145,0.13859093,0.080861615,-0.58664386,-0.75777792,-0.28569496,1.8605279,-2.2295835,0
35,9600,4.800000,26,1.5704159,1.3514164,0.97156682,0.58470928,-0.036300296,0.011556908,0.020755149,-0.13243774,-0.070030374,0.071187904,-0.62788702,0.71426351,-0.30916909,1.8851155,2.2919263,0
35,9600,4.800000,27,1.5704159,1.3545304,1.3740938,0.22710741,0.012839492,0.017568418,0.0095576396,0.1893517,0.082976128,-0.21900378,-0.59073641,0.48447761,0.6452224,0.86948198,2.4547004,0
35,9600,4.800000,28,1.5704159,0.97797478,0.95198203,0.9609677,-0.035919508,-0.036785367,-0.036521134,0.00045573782,-0.070412055,0.068947642,0.7891638,0.58589608,-0.1842452,1.7561002,0.63863639,0
35,9600,4.800000,29,1.5704159,1.0356364,1.3891276,1.35915,0.067088338,-0.022766092,-0.012719374,-0.25794448,-0.15517544,0.0641773,0.19015115,-0.97347963,-0.12720041,1.6983423,-1.3778938,0
35,9600,4.800000,30,1.5704159,1.4007004,0.9415646,1.3711897,-0.0099564672,-0.056487003,-0.0057453827,-0.35202536,0.22585537,-0.20803817,-0.36590008,-0.8343411,0.41230094,1.1458181,-1.9840875,0
35,9600,4.800000,31,1.5704159,1.4170785,1.3706946,1.014313,0.041911911,0.036962582,0.027793873,0.0054652003,-0.21262572,-0.11175524,0.98649363,-0.04260921,0.15816059,1.4119688,-0.043165755,0
36,9700,4.850000,0,1.5779056,0.20350175,0.26420985,0.1886389,0.02672253,0.11863412,-0.037207792,0.022488471,-0.10211488,-0.0024942306,-0.878831,0.33671923,0.33804768,1.2259547,2.7757008,0
36,9700,4.850000,1,1.5779056,0.20370905,0.59169458,0.56955306,-0.017317655,0.056911688,-0.030250952,0.1020695,0.12570371,0.073795333,0.54256599,-0.43110419,0.72095168,0.76562168,-0.6714184,0
36,9700,4.850000,2,1.5779056,0.56779718,0.19590504,0.60100954,-0.052555702,-0.029807086,-0.055987781,0.18114403,-0.12805873,0.35833628,-0.65262528,0.34164356,-0.67628391,2.3135026,2.6593292,0
36,9700,4.850000,3,1.5779056,0.55646804,0.64793811,0.17984984,-0.0060996565,0.078655766,-0.021665292,-0.16546673,-0.0039205917,0.026508013,-0.37451654,-0.35889664,0.85494477,0.54535197,-2.3774888,0
36,9700,4.850000,4,1.5779056,0.22184867,0.15822735,0.95666303,0.033769552,-0.0056575191,-0.079318773,-0.037472464,0.11937217,-0.20526877,0.46307953,-0.72805945,-0.505457,2.1007079,-1.004293,0
36,9700,4.850000,5,1.5779056,0.17578532,0.59265367,1.3923834,0.0045715409,0.034203548,0.028090734,0.016576544,-0.0085187622,-0.18222096,0.47202668,0.71000645,0.52257215,1.0209313,0.98407309,0
36,9700,4.850000,6,1.5779056,0.55936575,0.18827466,1.3639855,-0.033752527,-0.044949533,-0.0014186417,-0.0028854852,-0.030749932,0.17626251,-0.54872871,0.79527762,-0.25774079,1.8314796,2.1747684,0
36,9700,4.850000,7,1.5779056,0.53682288,0.58131869,1.0121187,-0.041681988,-0.063423921,0.013568157,-0.080639767,0.14075862,0.09685574,0.27480879,0.27095354,0.92253147,0.39620689,0.77833431,0
36,9700,4.850000,8,1.5779056,0.16646354,0.9716385,0.18447676,0.0063958642,0.025465421,-0.019914761,-0.0061430312,-0.31648606,0.049319666,-0.99230482,-0.043864194,0.11578893,1.4547471,-3.0974171,0
36,9700,4.850000,9,1.5779056,0.17559753,1.3620945,0.55326556,-0.04082969,0.029035473,-0.077553906,-0.057887184,-0.073795277,-0.019959424,-0.41647118,-0.76380265,0.49310979,1.0551356,-2.0699932,0
36,9700,4.850000,10,1.5779056,0.56452113,0.99919803,0.55640495,-0.018327875,-0.027501373,-0.02392306,-0.012957111,0.17744201,0.16682396,0.9678532,0.0003627263,-0.25151549,1.8250421,0.00037477407,0
36,9700,4.850000,11,1.5779056,0.63712204,1.393866,0.1920179,0.040825445,-0.042016076,0.025540712,-0.099482173,0.08315867,-0.035397026,-0.85971571,0.057089621,0.50757233,1.0384315,3.0752848,0
36,9700,4.850000,12,1.5779056,0.22383219,0.94960706,1.0551495,0.0033735698,-0.027215457,0.080477352,0.06769366,0.06627203,0.039783736,0.70486712,0.47024029,0.53107101,1.0109323,0.58832555,0
36,9700,4.850000,13,1.5779056,0.23870495,1.3658367,1.4102341,0.072364502,-0.028476944,0.035682469,0.23155484,0.066702434,0.061433652,0.040296239,-0.32610141,-0.94447556,2.8067912,-1.4478499,0
36,9700,4.850000,14,1.5779056,0.63354058,1.0388548,1.3901528,0.054189308,0.036056061,-0.020840736,0.0076479428,0.2199706,-0.15906341,-0.61156623,0.50376522,0.61008799,0.91462469,2.452549,0
36,9700,4.850000,15,1.5779056,0.63773455,1.3611468,0.97158671,0.033540396,-0.032558759,-0.039347396,-0.096720038,0.052848246,-0.021762376,-0.92716715,-0.313243,-0.20552347,1.7777949,-2.815783,0
36,9700,4.850000,16,1.5779056,0.94250624,0.20373756,0.22687139,-0.052692575,-0.056788592,0.025270984,-0.15570931,-0.1243517,0.071472292,0.33152797,-0.50853864,0.79465568,0.65235614,-0.99307054,0
36,9700,4.850000,17,1.5779056,0.93548236,0.58661887,0.60137464,-0.060778895,-0.084336392,0.033721972,0.37605955,0.016024953,-0.11727651,-0.71524434,0.49363894,-0.49471823,2.0883069,2.5374957,0
36,9700,4.850000,18,1.5779056,1.4201106,0.24501337,0.59389185,0.046518295,0.10304457,0.012570409,0.024154892,0.11911786,-0.021254756,-0.37822045,0.79401921,-0.47590208,2.0667857,2.0153347,0
36,9700,4.850000,19,1.5779056,1.3152281,0.60566781,0.18564467,-0.052220101,0.0064564408,0.0079824613,-0.015233231,-0.16840268,-0.14940125,-0.71404525,0.22315608,0.66358175,0.8451999,2.8386862,0
36,9700,4.850000,20,1.5779056,1.0153299,0.22283507,0.98749715,-0.019026435,0.035392459,0.0341627,-0.11866215,-0.15511309,0.022264855,-0.96136862,0.093088365,0.2590462,1.3087618,3.0450646,0
36,9700,4.850000,21,1.5779056,0.99667868,0.55601987,1.3889264,0.010329908,-0.043415992,0.071754279,0.047756217,-0.15917066,0.29874153,0.65064962,-0.72072415,-0.23918984,1.8123277,-0.83645181,0
36,9700,4.850000,22,1.5779056,1.40755,0.15876188,1.3643613,0.050243725,-0.023162554,-0.017873988,0.07305375,0.12193341,-0.17059233,0.2303664,-0.34920834,0.90828677,0.43162587,-0.98764498,0
36,9700,4.850000,23,1.5779056,1.3889181,0.5750003,0.9888594,-0.044673572,-0.001841881,0.029444951,0.042756094,-0.24571211,-0.11454337,0.76894351,-0.55560614,-0.31627155,1.892593,-0.62570555,0
36,9700,4.850000,24,1.5779056,0.98203846,0.99629652,0.17867566,0.033547323,-0.015268016,0.01997126,0.05413904,0.13789273,0.044674967,-0.077549111,0.29627549,0.95194904,0.31125805,1.8267997,0
36,9700,4.850000,25,1.5779056,0.99367041,1.4109272,0.62531492,0.010604729,0.062207645,0.020321446,0.11187499,0.14185532,0.018145288,-0.58383573,-0.79242931,-0.17661151,1.7483391,-2.2057744,0
36,9700,4.850000,26,1.5779056,1.3510868,0.97413497,0.59323758,-0.043059063,0.0094963241,0.026481204,-0.1241794,-0.064554801,0.113273,-0.80992243,0.56539362,-0.15606318,1.7275001,2.532154,0
36,9700,4.850000,27,1.5779056,1.3729757,1.3824257,0.21923416,0.024796188,0.019342719,0.00062251914,0.27343268,0.014985882,-0.14094781,-0.42727983,0.48955674,0.7601093,0.70731502,2.2883728,0
36,9700,4.850000,28,1.5779056,0.98398919,0.95586796,0.96946499,-0.034572499,-0.037438116,-0.032616221,0.036588556,0.050456331,0.11707355,0.60286729,0.78753805,-0.12780785,1.6989547,0.91744326,0
36,9700,4.850000,29,1.5779056,1.0255864,1.3874097,1.3693771,0.05213477,-0.031089263,-0.0089833359,-0.35981749,-0.12239679,0.063222332,0.45060074,-0.8724224,-0.1893096,1.7612553,-1.0940409,0
36,9700,4.850000,30,1.5779056,1.3884113,0.9577177,1.3666832,-0.028880776,-0.044852126,-0.016765221,-0.34924231,0.27143117,-0.20194427,-0.32623084,-0.85120843,0.41111755,1.1471167,-1.9367855,0
36,9700,4.850000,31,1.5779056,1.4246078,1.3659237,1.0096347,0.042681037,0.025681438,0.018300654,0.021255441,-0.22221626,-0.25907221,0.92573851,-0.37133523,-0.071542699,1.6424002,-0.38147431,0
37,9800,4.900000,0,1.5739818,0.20528392,0.25568735,0.18793037,0.029013596,0.11075883,-0.037447534,0.071998276,-0.17363235,-0.021188364,-0.88065217,0.22742224,0.41560904,1.142184,2.8888711,0
37,9800,4.900000,1,1.5739818,0.20631122,0.59857667,0.5746043,-0.014205044,0.065275563,-0.023775335,-0.018936126,0.20408086,0.1435056,0.52199423,-0.49526737,0.69442945,0.80316965,-0.75913087,0
37,9800,4.900000,2,1.5739818,0.57959866,0.18777259,0.61753604,-0.039325796,-0.037461904,-0.037944284,0.35250363,-0.15116869,0.29107587,-0.61616562,0.57085624,-0.54264452,2.1443786,2.3943466,0
37,9800,4.900000,3,1.5739818,0.55336557,0.64438529,0.18152208,-0.007820492,0.076711763,-0.01954318,0.078203434,-0.029554852,0.057672134,-0.32893458,-0.51072719,0.79432977,0.65289283,-2.1429784,0
37,9800,4.900000,4,1.5739818,0.21653808,0.16127272,0.94591179,0.029004696,-0.0022143904,-0.087701502,-0.11707568,0.0060309538,-0.15978291,0.34039427,-0.8245362,-0.45196437,2.0397626,-1.1792777,0
37,9800,4.900000,5,1.5739818,0.17419491,0.58937407,1.3813375,0.0034168192,0.032395457,0.020497867,-0.060229376,-0.058544341,-0.11005123,0.25576348,0.72693478,0.63729967,0.87980728,1.2324848,0
37,9800,4.900000,6,1.5739818,0.55770608,0.18566203,1.3681066,-0.034021556,-0.047096646,0.0061037476,-0.0086665869,-0.052527936,0.11014933,-0.63751957,0.71055047,-0.29780333,1.8731871,2.302073,0
37,9800,4.900000,7,1.5739818,0.5377805,0.58731069,1.0143098,-0.039386592,-0.055977071,0.018281964,0.16960625,0.10009587,0.10830902,0.11520482,0.52737658,0.84178488,0.5702151,1.355726,0
37,9800,4.900000,8,1.5739818,0.16360514,0.95666006,0.18385181,0.0039483639,0.012887503,-0.020081178,-0.1065323,-0.14386164,-0.034617098,-0.96588539,-0.12448243,-0.22708928,1.7998842,-3.0134201,0
37,9800,4.900000,9,1.5739818,0.17037022,1.3570956,0.54982892,-0.045626306,0.027421625,-0.079617302,-0.10670653,-0.0070134815,-0.063098935,-0.61252201,-0.64210046,0.46100302,1.0916712,-2.3326233,0
37,9800,4.900000,10,1.5739818,0.56374298,1.0046298,0.56405116,-0.017701436,-0.019574988,-0.014881982,-0.015919464,0.18410555,0.23716914,0.91057751,0.0049687645,-0.41330848,1.9968807,0.0054566637,0
37,9800,4.900000,11,1.5739818,0.63080689,1.3932896,0.19452113,0.036088745,-0.039122761,0.028525146,-0.084414909,0.020183865,0.14203307,-0.89133824,-0.009616056,0.45323688,1.1004031,-3.1308047,0
37,9800,4.900000,12,1.5739818,0.2237655,0.95025909,1.0531036,0.0038640968,-0.024198269,0.081055987,-0.051700342,0.04184993,-0.041227517,0.69195618,0.54405043,0.4745585,1.0763339,0.66630027,0
37,9800,4.900000,13,1.5739818,0.24558247,1.3700881,1.4108976,0.07984493,-0.02081956,0.039858062,0.088164471,0.23226817,0.10877431,0.10493535,-0.41614187,-0.90322451,2.6980208,-1.3237835,0
37,9800,4.900000,14,1.5739818,0.63404481,1.0465478,1.3786021,0.056271565,0.046345174,-0.028944557,0.10611137,0.2149072,-0.17775897,-0.61932873,0.55404702,0.55629473,0.9808761,2.411773,0
37,9800,4.900000,15,1.5739818,0.63021202,1.3570929,0.97149043,0.027596325,-0.03322878,-0.037024732,-0.12048662,-0.049827499,0.12735814,-0.90409816,-0.33903149,-0.26012336,1.8339463,-2.7828271,0
37,9800,4.900000,16,1.5739818,0.93298171,0.20088192,0.23152931,-0.059882318,-0.059140525,0.030499577,-0.11532861,0.025485406,0.112215,0.30595352,-0.37220777,0.87627269,0.50272538,-0.88278599,0
37,9800,4.900000,17,1.5739818,0.95153681,0.58571366,0.59080741,-0.042375252,-0.08378216,0.024638884,0.3366055,0.0083664668,-0.19914129,-0.65471253,0.62951836,-0.41839949,2.0024788,2.3758101,0
37,9800,4.900000,18,1.5739818,1.4153756,0.24695801,0.58915875,0.045313136,0.10560167,0.0093100858,-0.10169656,-0.023987166,-0.1057455,-0.39610216,0.85698845,-0.32965722,1.9067368,2.0037514,0
37,9800,4.900000,19,1.5739818,1.3129828,0.59338226,0.1782082,-0.051193568,-0.0043364237,0.00099894781,0.06264805,-0.22911763,-0.13266115,-0.68376711,0.27245165,0.67692883,0.82721426,2.7624173,0
37,9800,4.900000,20,1.5739818,1.0068249,0.21213599,0.98484688,-0.025014128,0.025234855,0.033967811,-0.14561967,-0.28555066,-0.0016620341,-0.93642549,0.12988276,0.32594135,1.238789,3.0037714,0
37,9800,4.900000,21,1.5739818,0.99551301,0.54642462,1.3982863,0.011644327,-0.051638817,0.08458396,0.014576098,-0.17838926,0.19453488,0.68696162,-0.59113418,-0.42266312,2.0071781,-0.71056146,0
37,9800,4.900000,22,1.5739818,1.4087071,0.16623509,1.3525327,0.054906857,-0.015284741,-0.026320319,0.16224318,0.1549561,-0.09787027,0.27217257,-0.38028518,0.88391474,0.4866281,-0.94960669,0
37,9800,4.900000,23,1.5739818,1.3873926,0.56262771,0.98024947,-0.042742811,-0.012798256,0.023286365,-0.01911931,-0.20575878,-0.12261129,0.86252294,-0.46953866,-0.18864683,1.7605804,-0.49851679,0
37,9800,4.900000,24,1.5739818,0.98107848,1.0022112,0.18124955,0.035031233,-0.0068654248,0.022993228,0.016875057,0.19894064,0.067100588,-0.073011943,0.38978078,0.91800882,0.40776651,1.7559659,0
37,9800,4.900000,25,1.5739818,0.99843467,1.4147676,0.62215548,0.017848977,0.069565797,0.018714983,0.16800843,0.11655721,-0.092970966,-0.58033097,-0.7983155,-0.16096062,1.7324602,-2.1993778,0
37,9800,4.900000,26,1.5739818,1.3417507,0.97090312,0.59839161,-0.049042863,0.0086858554,0.033118715,-0.094771461,0.040804868,0.17806874,-0.90362141,0.42812215,-0.013407535,1.5842043,2.6991362,0
37,9800,4.900000,27,1.5739818,1.3777274,1.3801386,0.2106361,0.032972264,0.020494765,-0.007440407,0.090584426,0.027900996,-0.17488072,-0.1748811,0.52644034,0.83203195,0.58803567,1.8915225,0
37,9800,4.900000,28,1.5739818,0.98384375,0.9560479,0.97297329,-0.032268176,-0.034878019,-0.026689764,0.036310012,0.020805981,0.16081458,0.35577549,0.93456033,-0.0045601426,1.5753565,1.2070486,0
37,9800,4.900000,29,1.5739818,1.0064499,1.3775878,1.3703004,0.035527883,-0.037468956,-0.0046493149,-0.3163226,-0.11881683,0.1005777,0.60959891,-0.77619115,-0.16098594,1.7324859,-0.90503867,0
37,9800,4.900000,30,1.5739818,1.3672203,0.96885363,1.3535231,-0.046641297,-0.031317783,-0.026538921,-0.34891914,0.24359224,-0.21275258,-0.34630182,-0.86766288,0.35670181,1.2060613,-1.9505441,0
37,9800,4.900000,31,1.5739818,1.4234968,1.3534201,0.99132519,0.045115637,0.016563112,0.0024821068,0.044099841,-0.1430882,-0.38155001,0.71920123,-0.63624432,-0.2791823,1.8537388,-0.72427172,0
38,9900,4.950000,0,1.5705278,0.20709537,0.24551902,0.18934017,0.031278021,0.10114102,-0.035623329,0.011352017,-0.20672042,0.10824732,-0.88988175,0.18085977,0.4188081,1.138664,2.9410834,0
38,9900,4.950000,1,1.5705278,0.20259675,0.60853013,0.58009644,-0.017470365,0.076554944,-0.017014843,-0.096091234,0.21249262,0.10244887,0.47346576,-0.5531785,0.68543689,0.81559279,-0.86288668,0
38,9900,4.950000,2,1.5705278,0.59551391,0.1809108,0.62641056,-0.022119757,-0.043918741,-0.027703369,0.35422449,-0.072149772,0.13428827,-0.55305974,0.69232941,-0.46347052,2.0527041,2.2448289,0
38,9900,4.950000,3,1.5705278,0.559698,0.6401961,0.18241161,-0.00026544038,0.073933588,-0.01825389,0.24284858,-0.088311946,0.0019868361,-0.2501684,-0.70552705,0.66305909,0.84589833,-1.9115488,0
38,9900,4.950000,4,1.5705278,0.2087313,0.15870371,0.94136889,0.021665034,-0.0044319364,-0.090171378,-0.17148037,-0.052323727,-0.0059973637,0.084864631,-0.94498317,-0.31591897,1.8922214,-1.4812312,0
38,9900,4.950000,5,1.5705278,0.17067514,0.58240643,1.373927,0.00027585548,0.026714918,0.016113829,-0.047883906,-0.2060943,-0.051878045,0.036697431,0.70363471,0.70961362,0.78184664,1.5186894,0
38,9900,4.950000,6,1.5705278,0.55690843,0.18354467,1.3678856,-0.033594884,-0.048808464,0.0088879877,0.064653894,0.003439602,0.02001312,-0.72296827,0.61073314,-0.32298903,1.8996824,2.4401498,0
38,9900,4.950000,7,1.5705278,0.54799173,0.59089928,1.0142742,-0.027982707,-0.051094311,0.020474635,0.28915655,0.10421134,0.030814392,0.029174034,0.75059881,0.66011385,0.84982601,1.5319482,0
38,9900,4.950000,8,1.5705278,0.15572255,0.95166835,0.18231629,-0.003583473,0.0099919463,-0.021214492,-0.17820062,0.086474524,0.0037421684,-0.80153596,-0.26764803,-0.53470051,2.1349496,-2.8193152,0
38,9900,4.950000,9,1.5705278,0.16482016,1.3536256,0.54404773,-0.0508082,0.026929172,-0.084196966,-0.078837402,0.013449308,-0.11339366,-0.72685409,-0.55874102,0.39936401,1.1599733,-2.4862234,0
38,9900,4.950000,10,1.5705278,0.56125655,1.0131921,0.57383311,-0.018952151,-0.0087962948,-0.0038501418,0.0030805993,0.2071446,0.22910273,0.82527872,0.12921694,-0.54974359,2.1528536,0.15531271,0
38,9900,4.950000,11,1.5705278,0.62251433,1.3897868,0.20614101,0.029172852,-0.039568529,0.040585143,-0.21710202,0.0017236165,0.26256621,-0.88613084,0.051542503,0.46056,1.0921703,3.0834923,0
38,9900,4.950000,12,1.5705278,0.21630834,0.95272005,1.0428016,-0.0031096796,-0.019647031,0.073056185,-0.23154277,0.13478391,-0.25141793,0.64526479,0.62324955,0.44180691,1.1131845,0.76804477,0
38,9900,4.950000,13,1.5705278,0.24408585,1.3830235,1.4131298,0.078886165,-0.0048600284,0.045192267,-0.12005717,0.35206701,0.064824684,0.13259843,-0.38148121,-0.91481678,2.7258504,-1.2362716,0
38,9900,4.950000,14,1.5705278,0.63945674,1.0501452,1.3674761,0.063082339,0.052245709,-0.037054238,0.11013195,-0.0040271562,-0.11885053,-0.5878129,0.58440237,0.55941923,0.97711136,2.359104,0
38,9900,4.950000,15,1.5705278,0.62216448,1.3535128,0.97810677,0.02092442,-0.033831408,-0.028266899,-0.12713568,0.019873573,0.19030412,-0.8233136,-0.38488442,-0.41715547,2.0011095,-2.704296,0
38,9900,4.950000,16,1.5705278,0.92877284,0.20418971,0.23711288,-0.062046197,-0.055387788,0.036597912,0.039948811,0.15275522,0.10235181,0.30673694,-0.22120446,0.9257327,0.38782785,-0.62478241,0
38,9900,4.950000,17,1.5705278,0.96571223,0.5837882,0.58026072,-0.026093863,-0.084423021,0.015378505,0.26396113,-0.012488066,-0.10991968,-0.55862666,0.73148597,-0.39097894,1.9724913,2.223,0
38,9900,4.950000,18,1.5705278,1.4082948,0.24401294,0.58192734,0.041333939,0.10319589,0.0033650188,-0.054700444,-0.095783484,-0.12591386,-0.46291805,0.87166788,-0.16094096,1.7324403,2.0589911,0
38,9900,4.950000,19,1.5705278,1.3163114,0.58116095,0.17080695,-0.0449769,-0.015267607,-0.0060189524,0.175871,-0.22784925,-0.13256269,-0.66250421,0.36491582,0.65415947,0.85772553,2.6381256,0
38,9900,4.950000,20,1.5705278,0.99634778,0.19826622,0.98491855,-0.033290888,0.01181587,0.036203119,-0.15505715,-0.22029783,0.047283184,-0.87778419,0.17948835,0.44416083,1.1105589,2.9398942,0
38,9900,4.950000,21,1.5705278,0.9882516,0.53688907,1.4008318,0.0065619174,-0.059984439,0.090204112,-0.15292689,-0.14133753,0.015475804,0.68880217,-0.45917327,-0.56099151,2.1663794,-0.58797428,0
38,9900,4.950000,22,1.5705278,1.4141662,0.17010733,1.3466261,0.063466602,-0.011043043,-0.029262087,0.14039164,0.024355001,0.013828902,0.34812827,-0.43834783,0.82864823,0.59410784,-0.89961258,0
38,9900,4.950000,23,1.5705278,1.3863407,0.55321351,0.9721865,-0.040747968,-0.020986798,0.01736799,0.068487207,-0.14486315,-0.10428924,0.91199313,-0.39402043,-0.11408958,1.6851349,-0.40782114,0
38,9900,4.950000,24,1.5705278,0.98136662,1.0094615,0.18656386,0.037474968,0.0025946149,0.028711551,0.048945801,0.15315582,0.12464563,-0.040339084,0.5233288,0.85117549,0.55257554,1.6477259,0
38,9900,4.950000,25,1.5705278,1.0081147,1.4162061,0.61460025,0.029733015,0.074113864,0.012518219,0.29866682,0.033180266,-0.17655026,-0.59241722,-0.75476469,-0.28173055,1.8563936,-2.2362639,0
38,9900,4.950000,26,1.5705278,1.3365928,0.96938752,0.60589611,-0.051258787,0.0093015082,0.041946042,0.022897913,-0.037292026,0.15024987,-0.94879948,0.2914757,0.12174342,1.4487502,2.8435392,0
38,9900,4.950000,27,1.5705278,1.3774684,1.377284,0.19892708,0.035739632,0.020668964,-0.01869957,-0.00097800302,-0.0024234412,-0.27356585,0.056729444,0.56706688,0.82171584,0.60638102,1.4710879,0
38,9900,4.950000,28,1.5705278,0.985528,0.95664234,0.98123868,-0.028420721,-0.032182642,-0.016277809,0.1084078,0.063810404,0.23623504,0.13202561,0.97353049,0.18656799,1.3831287,1.4360034,0
38,9900,4.950000,29,1.5705278,0.99265,1.3708526,1.3723375,0.023923837,-0.041185263,0.00040027728,-0.15658462,0.0099974423,0.11694414,0.69442307,-0.71009308,-0.11638047,1.6874411,-0.79655458,0
38,9900,4.950000,30,1.5705278,1.3465163,0.97390328,1.3404985,-0.064364529,-0.024134153,-0.036604418,-0.36002305,0.03662555,-0.16775464,-0.39320787,-0.89075741,0.22790087,1.3408751,-1.9865014,0
38,9900,4.950000,31,1.5705278,1.4209077,1.3449208,0.97013745,0.045650954,0.01102773,-0.016551146,-0.068615191,-0.090114834,-0.34907626,0.43666357,-0.79633635,-0.41853714,2.0026303,-1.069228,0
39,10000,5.000000,0,1.5743169,0.20851752,0.23547694,0.19754912,0.032199413,0.090519391,-0.027880521,-0.0065759549,-0.19516268,0.1776983,-0.90477299,0.16379415,0.39313777,1.1667547,2.9624989,0
39,10000,5.000000,1,1.5743169,0.19724579,0.61806888,0.58748595,-0.023303089,0.084615813,-0.011032114,-0.13239126,0.09262168,0.10321526,0.4633386,-0.6332346,0.61994458,0.90212426,-0.93910959,0
39,10000,5.000000,2,1.5743169,0.61315908,0.1795417,0.63312756,-0.005930858,-0.04572214,-0.022503941,0.29446505,0.01770331,0.081823376,-0.44282166,0.77577828,-0.4495298,2.0370352,2.0894757,0
39,10000,5.000000,3,1.5743169,0.57195241,0.63731283,0.18417314,0.010625496,0.069511072,-0.016934049,0.2377904,-0.08420844,0.068830842,-0.16659591,-0.87270145,0.45895314,1.0939798,-1.7594237,0
39,10000,5.000000,4,1.5743169,0.20254475,0.15484044,0.94051621,0.014982942,-0.0086729888,-0.093291483,-0.073826163,-0.12771778,-0.076218105,-0.1930576,-0.97563679,-0.10421905,1.675205,-1.7661512,0
39,10000,5.000000,5,1.5743169,0.17134987,0.57170388,1.3734604,0.00053849092,0.014621797,0.012336972,0.036270949,-0.25571846,-0.084742508,-0.097148459,0.61678994,0.78110969,0.67435525,1.7270194,0
39,10000,5.000000,6,1.5743169,0.56384679,0.18516019,1.3681135,-0.028006886,-0.047637186,0.0058193413,0.14194121,0.04277044,-0.12791805,-0.76255959,0.51331646,-0.39371193,1.9754625,2.5491155,0
39,10000,5.000000,7,1.5743169,0.56653128,0.5964448,1.0211421,-0.010785992,-0.046979381,0.024890051,0.34918768,0.060988366,0.062364607,0.025274662,0.87471938,0.48397024,1.0656103,1.5419098,0
39,10000,5.000000,8,1.5743169,0.14555006,0.96404483,0.18639724,-0.014118974,0.02006025,-0.017577787,-0.22232593,0.25439902,0.090118541,-0.59087312,-0.41402404,-0.69242548,2.3356418,-2.5303979,0
39,10000,5.000000,9,1.5743169,0.16351305,1.3576258,0.54249603,-0.052510905,0.027662624,-0.087057809,-0.011295045,0.021312053,-0.048147578,-0.77020143,-0.57478179,0.27643382,1.290715,-2.50048,0
39,10000,5.000000,10,1.5743169,0.56057997,1.0237472,0.5880988,-0.020980402,-0.00069544317,0.009015591,-0.040108634,0.11633914,0.23552158,0.71502137,0.29459754,-0.63400058,2.2575118,0.39081866,0
39,10000,5.000000,11,1.5743169,0.61425808,1.3966564,0.22226306,0.019426432,-0.036056232,0.056191038,-0.16483767,0.13076575,0.26442602,-0.8567593,0.20926476,0.47135099,1.0799743,2.9020316,0
39,10000,5.000000,12,1.5743169,0.20495367,0.96083101,1.0316308,-0.014971937,-0.013841648,0.059385971,-0.27957437,0.096990162,-0.29463107,0.56582468,0.7228698,0.39661276,1.1629723,0.90666395,0
39,10000,5.000000,13,1.5743169,0.23367383,1.4042477,1.4177963,0.067898497,0.013005896,0.046447842,-0.278337,0.31975749,0.017649135,0.14263846,-0.20787472,-0.96769952,2.8867363,-0.96940922,0
39,10000,5.000000,14,1.5743169,0.64463309,1.0496198,1.3644482,0.06671153,0.049190352,-0.043373742,0.022618218,-0.14106909,-0.14813908,-0.56045196,0.59870427,0.57222967,0.96157424,2.3232063,0
39,10000,5.000000,15,1.5743169,0.615829,1.3561525,0.99006666,0.013097303,-0.03445651,-0.01867839,-0.18027885,-0.00091545415,0.19663125,-0.71551437,-0.42012073,-0.55815568,2.1629577,-2.6106685,0
39,10000,5.000000,16,1.5743169,0.93503356,0.21284082,0.2414946,-0.058031115,-0.047239136,0.040402979,0.1600242,0.1362304,0.058015163,0.32916199,-0.097702305,0.93920533,0.35048783,-0.28853805,0
39,10000,5.000000,17,1.5743169,0.97451252,0.58796336,0.57781109,-0.019631288,-0.081659662,0.011533548,0.0025003363,0.13220688,-0.018725625,-0.3840171,0.8012888,-0.45876697,2.0474033,2.017706,0
39,10000,5.000000,18,1.5743169,1.4092049,0.23686583,0.57397721,0.038849296,0.095469369,-0.0059778458,-0.022031006,-0.22890906,-0.21885479,-0.53642622,0.8389232,-0.091949821,1.6628762,2.1396996,0
39,10000,5.000000,19,1.5743169,1.3273816,0.56969311,0.16630749,-0.037091965,-0.028122099,-0.010924591,0.11464903,-0.27362182,-0.058294402,-0.62120197,0.48284768,0.61722462,0.90558602,2.4808599,0
39,10000,5.000000,20,1.5743169,0.99170812,0.18996026,0.99150302,-0.040325919,0.0030421302,0.040406256,-0.10967602,-0.068078562,0.11365759,-0.80371799,0.20495765,0.55859623,0.97810392,2.8919025,0
39,10000,5.000000,21,1.5743169,0.97904945,0.5318582,1.4010675,-0.0050105944,-0.066303025,0.087063868,-0.28091029,-0.084289603,-0.11101256,0.66850219,-0.35198795,-0.65514068,2.2851651,-0.48464741,0
39,10000,5.000000,22,1.5743169,1.4274659,0.17043255,1.3506358,0.073342523,-0.01112813,-0.028502227,0.16785951,-0.015413176,0.016238909,0.35755816,-0.45639699,0.81477233,0.61845992,-0.90623686,0
39,10000,5.000000,23,1.5743169,1.3899217,0.55112199,0.96864327,-0.040512069,-0.024408909,0.011486296,-0.055295212,0.0043266098,-0.085649239,0.94564023,-0.31900696,-0.063238556,1.6340771,-0.32535666,0
39,10000,5.000000,24,1.5743169,0.98706913,1.0177311,0.19540157,0.040805774,0.008421684,0.037089056,0.11502154,0.086413822,0.21806152,0.036944901,0.62993846,0.77576582,0.68286851,1.512215,0
39,10000,5.000000,25,1.5743169,1.0270663,1.416038,0.60616555,0.04623258,0.070533338,0.0026126437,0.31945774,-0.17148131,-0.25327397,-0.67110806,-0.63861853,-0.3765373,1.956852,-2.3809958,0
39,10000,5.000000,26,1.5743169,1.3402608,0.96815716,0.6102946,-0.050816065,0.0057366506,0.044879176,0.027874439,-0.053393188,0.0042874394,-0.95637129,0.16456799,0.24139457,1.3269937,2.9711861,0
39,10000,5.000000,27,1.5743169,1.3772557,1.3807509,0.18528769,0.03220788,0.020812794,-0.032801911,-0.11848049,0.025210133,-0.27460003,0.1464527,0.66153362,0.73547595,0.74442745,1.3529267,0
39,10000,5.000000,28,1.5743169,0.99511804,0.962981,0.99460284,-0.021217094,-0.028156871,-0.0052942724,0.17800726,0.046579223,0.23130205,-0.042302224,0.94652028,0.31985915,1.2452155,1.615459,0
39,10000,5.000000,29,1.5743169,0.99386835,1.3786455,1.3810401,0.022748687,-0.036705124,0.0057854478,0.070550105,0.13587118,0.11021162,0.6981125,-0.71208969,-0.074613728,1.6454795,-0.79530931,0
39,10000,5.000000,30,1.5743169,1.3376871,0.97558587,1.338136,-0.076427873,-0.024800447,-0.042194352,-0.095081222,-0.069757816,-0.037205138,-0.45501322,-0.88800891,0.066356217,1.5043913,-2.0443124,0
39,10000,5.000000,31,1.5743169,1.4186725,1.347148,0.95794405,0.039994402,0.010011278,-0.03106765,-0.17656757,-0.0070714147,-0.20514933,0.12125131,-0.88339791,-0.45266572,2.040549,-1.434393,0
