frame,step,time_ps,molecule_id,box_nm,x_nm,y_nm,z_nm,dx_nonaffine_nm,dy_nonaffine_nm,dz_nonaffine_nm,vx_nm_ps,vy_nm_ps,vz_nm_ps,dipole_ux,dipole_uy,dipole_uz,theta_rad,phi_rad,dipole_debye
0,1100,0.550000,0,1.6122518,0.17654992,0.21912188,0.23156847,0.0018147856,-0.00051300136,-3.2775833e-05,0.077338677,-0.061992649,0.00090348097,0.19413405,0.7061351,0.68094434,0.82174497,1.3025,0
0,1100,0.550000,1,1.6122518,0.23380534,0.64111813,0.65038332,-0.0079346849,0.0046780558,-0.0025043327,-0.13040251,0.086299415,-0.055040092,0.58338342,0.46367521,-0.66683513,2.30075,0.67156433,0
0,1100,0.550000,2,1.6122518,0.54417052,0.18462553,0.62551022,-0.00142389,-0.010747909,-0.0014483894,-0.00044552899,-0.19122308,-0.053798657,-0.65257827,0.63159989,0.41859668,1.1388968,2.3725291,0
0,1100,0.550000,3,1.6122518,0.59202614,0.60004617,0.21007844,0.0016779802,0.00304133,-0.00096387124,0.064485739,0.063493936,-0.013109357,0.12161256,0.87194675,-0.47425653,2.0649157,1.4322178,0
0,1100,0.550000,4,1.6122518,0.19574953,0.22703198,1.0167719,0.0038344943,0.0056657678,-0.0029982551,0.086758717,0.074686498,-0.024137288,-0.77496134,-0.22692454,-0.58986454,2.2016874,-2.8567355,0
0,1100,0.550000,5,1.6122518,0.1774841,0.59881464,1.4331119,-0.0052324745,-0.0019258155,0.0020898517,-0.10279238,0.0067651865,0.056474319,-0.78158723,0.26228219,-0.56597656,2.1724136,2.8178247,0
0,1100,0.550000,6,1.6122518,0.62053068,0.19733533,1.4596955,0.00353553,0.0022954532,0.011664638,0.080539207,0.060279181,0.23077305,0.98280094,-0.1804946,-0.039038515,1.6098448,-0.18162928,0
0,1100,0.550000,7,1.6122518,0.58387627,0.57317334,1.0539087,0.0035058344,-0.0092146692,0.0068842783,0.12854132,-0.18361142,0.15821983,-0.76124332,0.59983605,0.24638448,1.3218484,2.4742309,0
0,1100,0.550000,8,1.6122518,0.19463999,1.0115148,0.22572518,-0.0021242695,0.00059308248,0.00089196303,-0.044965782,-0.030000977,-0.024861013,0.43937555,0.44446985,0.78063799,0.67511034,0.79116189,0
0,1100,0.550000,9,1.6122518,0.15611225,1.4106561,0.56862408,-0.0023650455,0.0028657172,-0.003485578,-0.065267103,0.079907261,-0.057738792,-0.92372408,0.011943603,-0.38287227,1.9636998,3.1286635,0
0,1100,0.550000,10,1.6122518,0.58980561,1.045423,0.6418971,0.00041700297,-0.005763357,0.00089924299,0.021364969,-0.12155607,-0.02562418,0.2119363,-0.036637509,-0.97659649,2.9248192,-0.17117858,0
0,1100,0.550000,11,1.6122518,0.6225276,1.3974345,0.18369171,0.0011667186,-0.0040759068,-0.005915626,0.027600041,-0.13633043,-0.11010593,0.094671005,-0.79524457,-0.59885179,2.2128629,-1.4523076,0
0,1100,0.550000,12,1.6122518,0.19777245,1.0216872,1.0100715,-0.0044435625,0.0077517267,0.002076829,-0.088483974,0.14371823,-0.0049555227,-0.19053024,0.68239301,-0.70571808,2.3542325,1.8430713,0
0,1100,0.550000,13,1.6122518,0.23569046,1.3970719,1.422973,-0.0044826035,0.00082942176,-0.0013380021,-0.084646062,-0.0018984915,-0.041356791,0.46470588,0.57636636,0.67219808,0.83362263,0.89224497,0
0,1100,0.550000,14,1.6122518,0.66001262,0.99914867,1.3656614,0.0080559681,0.0057244141,-0.00013135116,0.12988053,0.12711037,0.046517403,0.42336826,-0.30751238,0.85217102,0.55067594,-0.62819073,0
0,1100,0.550000,15,1.6122518,0.58816737,1.4579477,1.0477913,0.0026510793,-0.00046319122,0.0017968368,0.069981245,0.022108511,0.0060805917,-0.63950226,0.013450906,-0.76867154,2.447558,3.1205624,0
0,1100,0.550000,16,1.6122518,1.0060007,0.18901588,0.21786914,-0.0061875424,-0.0099731351,0.0037831931,-0.096002824,-0.19009377,0.083173204,-0.84701265,-0.23653779,0.47604564,1.0746437,-2.8692692,0
0,1100,0.550000,17,1.6122518,0.98987769,0.59593565,0.58123906,0.0001753867,0.0080130508,0.0029992666,-0.033699573,0.11995523,0.091143421,0.57658454,0.55276057,-0.60166936,2.2163858,0.7643059,0
0,1100,0.550000,18,1.6122518,1.4152461,0.22212597,0.59134609,-0.0062809229,0.0099262715,-0.0017919603,-0.19181793,0.18370329,-0.048284536,0.95229601,0.22599908,0.20507735,1.3642536,0.23300959,0
0,1100,0.550000,19,1.6122518,1.4053623,0.62971813,0.19140225,-0.0008476435,-0.0018772904,-0.001859001,0.011185689,-0.075550888,-0.029930105,-0.68846281,0.47754332,-0.54586751,2.1482205,2.5351499,0
0,1100,0.550000,20,1.6122518,1.0289747,0.17793292,0.98591373,-0.0063944298,-0.0073433007,-0.00055826212,-0.095528333,-0.090969616,-0.01367152,0.60590112,-0.047686473,0.79410946,0.6532554,-0.078541491,0
0,1100,0.550000,21,1.6122518,1.0166895,0.58622257,1.3968567,0.00062090848,-0.0043190241,-0.0041883762,0.0053996889,-0.098615835,-0.059349003,-0.24604042,-0.22257592,0.94335787,0.33818657,-2.4062246,0
0,1100,0.550000,22,1.6122518,1.4368942,0.23299941,1.4279129,0.0039301857,0.010639136,-0.0091830023,0.053246143,0.23877715,-0.20670878,0.450037,-0.88639142,-0.10852165,1.6795321,-1.1009933,0
0,1100,0.550000,23,1.6122518,1.4099536,0.62622176,0.97283717,0.00089407951,0.0077670309,-0.00042129724,-0.0020878379,0.12048416,0.024756645,-0.9100828,-0.29556397,-0.2905017,1.8655474,-2.8275724,0
0,1100,0.550000,24,1.6122518,0.99883439,0.9890702,0.19273043,-0.0041502311,-0.0092209196,0.0052149102,-0.099986414,-0.16918051,0.13117117,0.6186874,0.37487198,-0.6904324,2.3328829,0.54475742,0
0,1100,0.550000,25,1.6122518,0.99940997,1.3690243,0.57857759,-0.00074742167,-0.0039811805,-0.00027967986,-0.026141093,-0.053739987,0.0073671279,-0.58716451,0.62117408,0.51901888,1.0250936,2.3280562,0
0,1100,0.550000,26,1.6122518,1.4212902,0.9917523,0.63870111,-0.0021562491,-0.0060632782,0.0011807474,-0.0448982,-0.085151073,-0.0064641985,-0.47509191,0.40953675,0.77882432,0.67800706,2.430164,0
0,1100,0.550000,27,1.6122518,1.4185377,1.3699231,0.15531022,0.0081454699,-0.001588796,0.0030759754,0.16022774,0.032047666,0.081012598,-0.94222972,0.16913505,0.28913057,1.2774778,2.9639791,0
0,1100,0.550000,28,1.6122518,0.99767427,0.9872814,0.97462022,0.005768656,0.010018751,-0.0023775775,0.10942165,0.2193122,-0.03865622,-0.14663643,-0.97997489,-0.13471074,1.7059179,-1.7193272,0
0,1100,0.550000,29,1.6122518,1.0377602,1.3983687,1.3837628,0.0033870739,-0.0051617762,-0.0035079515,0.051413113,-0.112039,-0.043922278,0.60493016,0.11463403,-0.78798385,2.4783238,0.18727895,0
0,1100,0.550000,30,1.6122518,1.3992917,1.0166355,1.3628724,0.0033928898,0.0018295774,-4.8291421e-05,0.028010939,0.0075528876,0.0028226215,0.35131061,-0.16537994,0.92153694,0.39877603,-0.4399761,0
0,1100,0.550000,31,1.6122518,1.4449758,1.4315563,0.99639468,0.0016948815,0.00065066834,0.000472151,0.013801481,0.015493765,-0.04992475,-0.65107556,0.51875408,-0.55407113,2.1580431,2.4688275,0
1,1200,0.600000,0,1.6139679,0.1802138,0.21623132,0.23280498,0.0052889018,-0.0036351276,0.00095672291,0.074210837,-0.11458996,0.0025968878,0.18615479,0.68462758,0.70472084,0.78876672,1.3053082,0
1,1200,0.600000,1,1.6139679,0.22912714,0.64643367,0.65002044,-0.012859125,0.009308746,-0.0035589057,-0.041847906,0.10882408,-0.026694952,0.57425849,0.46593608,-0.67314988,2.3092563,0.68163549,0
1,1200,0.600000,2,1.6139679,0.54649589,0.17735722,0.62198913,0.00032135145,-0.018208767,-0.0056330391,0.045385441,-0.1100203,-0.087876433,-0.59703752,0.72545361,0.34243722,1.2212866,2.2593963,0
1,1200,0.600000,3,1.6139679,0.5963402,0.6034087,0.21006587,0.0053599337,0.0057637331,-0.0011999188,0.072045951,0.06537642,-0.01468992,0.068485916,0.84716702,-0.52689442,2.1257388,1.4901306,0
1,1200,0.600000,4,1.6139679,0.19782279,0.22961251,1.0166053,0.0056984045,0.0080034043,-0.0042464324,0.0053317011,0.0062610857,0.0027167954,-0.71504718,-0.18263206,-0.67479854,2.311488,-2.8915263,0
1,1200,0.600000,5,1.6139679,0.17356214,0.60216513,1.4371838,-0.009341167,0.00078586172,0.0046349601,-0.046630627,0.092679497,0.039201364,-0.81588626,0.16571413,-0.55395707,2.1579061,2.9412091,0
1,1200,0.600000,6,1.6139679,0.62616712,0.20216446,1.4704223,0.0085088359,0.0069120823,0.020832944,0.088364886,0.13628062,0.12954376,0.9410589,-0.23015761,-0.2478621,1.8212692,-0.23986442,0
1,1200,0.600000,7,1.6139679,0.59239093,0.56437028,1.0618403,0.011394828,-0.018622797,0.013690422,0.1748395,-0.16950235,0.13346999,-0.73087806,0.59228617,0.33913768,1.2247962,2.4605567,0
1,1200,0.600000,8,1.6139679,0.19394361,1.0096134,0.22362827,-0.0030273416,-0.0023833624,-0.0014439607,0.03873739,-0.050918904,-0.088950164,0.50945295,0.43850692,0.74038461,0.73715397,0.71069667,0
1,1200,0.600000,9,1.6139679,0.15414987,1.4168098,0.56806381,-0.0044924635,0.0075155494,-0.0046504608,-0.012021721,0.078062405,-0.0042172811,-0.89398488,0.056450755,-0.44452709,2.0314426,3.0785313,0
1,1200,0.600000,10,1.6139679,0.59321797,1.0405834,0.64305174,0.003200104,-0.0117125,0.0013704128,0.065321825,-0.13883411,0.086075457,0.2299243,0.07511549,-0.97030535,2.8972864,0.31576566,0
1,1200,0.600000,11,1.6139679,0.62066387,1.390599,0.17927787,-0.0013582725,-0.012394362,-0.010522536,-0.070875468,-0.18056849,-0.083101906,0.16008494,-0.95633579,-0.24452947,1.8178307,-1.40494,0
1,1200,0.600000,12,1.6139679,0.19369511,1.0299294,1.0101593,-0.0087291273,0.014902741,0.001090062,-0.043295503,0.12532818,-0.0075013675,-0.14609926,0.69670902,-0.7023187,2.3494458,1.7775003,0
1,1200,0.600000,13,1.6139679,0.23082378,1.3981596,1.4224981,-0.0095974264,0.0004303497,-0.003326363,-0.11273268,0.012249274,-0.037535244,0.38294204,0.56435891,0.73133742,0.75051546,0.97461634,0
1,1200,0.600000,14,1.6139679,0.665519,1.0072465,1.3702818,0.012857294,0.01275502,0.0030337245,0.04758868,0.13364174,0.049025969,0.47674684,-0.24886274,0.84307757,0.56781592,-0.48109377,0
1,1200,0.600000,15,1.6139679,0.59295144,1.4597347,1.0482343,0.0068069004,-0.00022816726,0.0011249138,0.13696323,-0.0086226141,-0.013352334,-0.5934455,-0.028132505,-0.80438238,2.5054315,-3.0942227,0
1,1200,0.600000,16,1.6139679,1.0023651,0.17921991,0.22264339,-0.010891388,-0.01996498,0.0083231335,-0.12885391,-0.2104499,0.088125758,-0.74037383,-0.20916727,0.63882365,0.87782805,-2.8662526,0
1,1200,0.600000,17,1.6139679,0.98966785,0.59956711,0.58531643,-0.0010873863,0.011008622,0.0064561371,-0.017399642,0.01716738,0.080508816,0.55750778,0.54943543,-0.62233896,2.2425236,0.77810582,0
1,1200,0.600000,18,1.6139679,1.4056843,0.23257933,0.59180435,-0.017343149,0.020137776,-0.0019630258,-0.21045365,0.18774041,0.027803002,0.91012902,0.33285548,0.24672332,1.3214987,0.35061307,0
1,1200,0.600000,19,1.6139679,1.4092958,0.62521903,0.19122893,0.0015887854,-0.007043901,-0.0022358479,0.058294429,-0.14230593,0.025271241,-0.64011986,0.4937054,-0.58864381,2.2001765,2.484617,0
1,1200,0.600000,20,1.6139679,1.023432,0.17536481,0.98514418,-0.013028799,-0.010099339,-0.0023762308,-0.13445769,-0.0082729394,-0.047628563,0.50732056,-0.13612362,0.85093843,0.55302703,-0.26214416,0
1,1200,0.600000,21,1.6139679,1.0183398,0.58306574,1.3942237,0.0011887634,-0.0080978107,-0.0083059881,0.045022331,-0.062544324,-0.087810962,-0.27778842,-0.20527727,0.93845343,0.35267116,-2.5051883,0
1,1200,0.600000,22,1.6139679,1.4411922,0.24193672,1.4196139,0.0066972891,0.019323826,-0.018996667,0.013615358,0.11870484,-0.19365806,0.45056337,-0.8927305,-0.0049898517,1.5757862,-1.1033937,0
1,1200,0.600000,23,1.6139679,1.4108862,0.63058584,0.97639432,0.00032618148,0.011462599,0.0020990415,-0.040903972,0.027733437,0.076870537,-0.92093507,-0.27424038,-0.27689495,1.8513575,-2.8521695,0
1,1200,0.600000,24,1.6139679,0.99563127,0.98198082,0.19947886,-0.0084142233,-0.01735872,0.011754716,-0.073660973,-0.12296084,0.10131683,0.57490724,0.37479808,-0.7273294,2.3852188,0.57772933,0
1,1200,0.600000,25,1.6139679,0.99972395,1.368163,0.58039024,-0.0014968037,-0.0062983244,0.00091650946,-0.0015283431,-0.026993606,0.023560293,-0.5730184,0.53692217,0.61916435,0.90311824,2.3887039,0
1,1200,0.600000,26,1.6139679,1.4212816,0.98897286,0.6365776,-0.003676842,-0.0098962813,-0.0016210888,-0.012910017,-0.032082776,-0.11620944,-0.44092997,0.41187835,0.79745657,0.64772825,2.3902471,0
1,1200,0.600000,27,1.6139679,1.4265862,1.3734111,0.15833083,0.014680647,0.00044000711,0.0059297554,0.11002061,0.024757132,0.075084171,-0.87028445,0.14604877,0.47039847,1.081054,2.9753247,0
1,1200,0.600000,28,1.6139679,1.0002508,1.0006618,0.97231521,0.0072824434,0.022341756,-0.0057181781,-0.024931979,0.26552974,-0.085300325,-0.023575526,-0.99139422,-0.12876992,1.6999248,-1.594572,0
1,1200,0.600000,29,1.6139679,1.0416637,1.3957086,1.3838334,0.0061845197,-0.0093080169,-0.0049095151,0.064315711,-0.084308634,-0.030470751,0.64370096,0.0082884895,-0.76523223,2.4421983,0.012875593,0
1,1200,0.600000,30,1.6139679,1.4031829,1.0169798,1.3658495,0.005793395,0.0010921398,0.0014773573,0.013988754,-0.026316888,0.054739354,0.36460648,-0.14514799,0.91977942,0.4032783,-0.378863,0
1,1200,0.600000,31,1.6139679,1.4469765,1.4354852,0.99397196,0.0021573412,0.00305457,-0.0030092576,-0.03865068,0.069996841,-0.07532871,-0.60756707,0.50898941,-0.60974752,2.2265383,2.4442534,0
2,1300,0.650000,0,1.6224716,0.18502606,0.21134741,0.23414479,0.0091415219,-0.0096425463,0.0010696273,0.067114229,-0.12315459,-0.0065931053,0.16562903,0.67787546,0.7162764,0.77234479,1.331156,0
2,1300,0.650000,1,1.6224716,0.2292616,0.65623438,0.6512992,-0.013929086,0.015686742,-0.0056993761,-0.0018073575,0.13232507,-0.077318201,0.54288198,0.46002572,-0.70260622,2.3498498,0.70296933,0
2,1300,0.650000,2,1.6224716,0.55243389,0.1735122,0.62087512,0.0033719353,-0.022975723,-0.010012704,0.077352598,-0.059156732,-0.045512643,-0.50092912,0.81133478,0.30134016,1.2646985,2.1239216,0
2,1300,0.650000,3,1.6224716,0.60448918,0.60950608,0.20945393,0.010353774,0.0086742019,-0.0029141536,0.12679033,0.045826453,-0.0080246515,-0.036142514,0.81770421,-0.57450287,2.182793,1.6149676,0
2,1300,0.650000,4,1.6224716,0.1967481,0.22811722,1.0238107,0.00358697,0.0053054073,-0.002402268,-0.079751449,-0.10956024,0.014725108,-0.68790548,-0.13589382,-0.71296488,2.3645138,-2.9465566,0
2,1300,0.650000,5,1.6224716,0.17347532,0.61259614,1.44659,-0.010339831,0.0080251394,0.0064640861,0.040646911,0.16665295,0.039130243,-0.80336453,0.18580939,-0.56575639,2.1721466,2.9143004,0
2,1300,0.650000,6,1.6224716,0.63371062,0.20916354,1.4832018,0.012742042,0.012830439,0.025851845,0.10292232,0.10820467,0.087644938,0.85476331,-0.28993257,-0.43048668,2.0158282,-0.32701793,0
2,1300,0.650000,7,1.6224716,0.60534078,0.55793463,1.073631,0.021197707,-0.028007365,0.019870295,0.19146096,-0.17697786,0.11665931,-0.70100995,0.58756506,0.40416873,1.1547265,2.4440071,0
2,1300,0.650000,8,1.6224716,0.19817503,1.012573,0.21951494,0.00017380663,-0.0047369903,-0.0067216837,0.082143942,-0.070727773,-0.1183913,0.55599552,0.47198205,0.68417974,0.81731792,0.70385245,0
2,1300,0.650000,9,1.6224716,0.15582602,1.4287988,0.57420173,-0.0036307664,0.012027738,-0.0015138254,0.023881256,0.11938085,0.10614609,-0.88896312,0.13964744,-0.43616873,2.022133,2.9857758,0
2,1300,0.650000,10,1.6224716,0.59974899,1.0390141,0.65102194,0.0065966263,-0.018745967,0.0059404643,0.073631046,-0.15856646,0.10777122,0.20780183,0.14423771,-0.96747811,2.8858595,0.60676322,0
2,1300,0.650000,11,1.6224716,0.62158318,1.3877437,0.17757339,-0.0037029813,-0.022549887,-0.013164659,-0.0111873,-0.22028483,-0.026061404,0.20277207,-0.97406514,0.1004022,1.4702247,-1.3655566,0
2,1300,0.650000,12,1.6224716,0.19375964,1.0412164,1.0154609,-0.0096826404,0.020747755,0.0010693163,-0.027064158,0.13493058,-0.0055095503,-0.082524583,0.7222616,-0.68667888,2.327707,1.6845615,0
2,1300,0.650000,13,1.6224716,0.22679171,1.4070117,1.4270568,-0.014831923,0.0019119317,-0.0062549534,-0.11389839,0.0096719473,-0.086032272,0.33008616,0.53011437,0.78103898,0.6744685,1.0138745,0
2,1300,0.650000,14,1.6224716,0.6700717,1.0189474,1.3818282,0.013900731,0.019132157,0.0073489758,-0.0085376281,0.12713744,0.11610643,0.56684153,-0.18770797,0.80215734,0.63989687,-0.31978172,0
2,1300,0.650000,15,1.6224716,0.60021115,1.4656311,1.0533508,0.010931607,-0.002018133,0.00071951489,0.057759844,-0.029033073,-0.001833455,-0.57471011,-0.09787042,-0.81248364,2.5191961,-2.9729155,0
2,1300,0.650000,16,1.6224716,1.0027365,0.16874,0.22842194,-0.015788492,-0.031359236,0.012916543,-0.094847637,-0.24106124,0.066312435,-0.61150365,-0.13769444,0.77916848,0.67745818,-2.920113,0
2,1300,0.650000,17,1.6224716,0.99376475,0.60106806,0.5920342,-0.0022019628,0.009354888,0.01008044,-0.060377577,-0.084128172,0.078690902,0.60021668,0.5101188,-0.61605093,2.2345158,0.70443083,0
2,1300,0.650000,18,1.6224716,1.4005114,0.24341292,0.59746176,-0.02988949,0.029720765,0.0005696076,-0.24122987,0.2284158,0.040298234,0.84722633,0.43183572,0.3093953,1.2562393,0.47138163,0
2,1300,0.650000,19,1.6224716,1.4208185,0.62337902,0.19526276,0.0056753689,-0.012164642,0.00078250018,0.10216418,-0.091958268,0.049755969,-0.60403718,0.51406997,-0.60899191,2.2255853,2.4364854,0
2,1300,0.650000,20,1.6224716,1.0233438,0.17779246,0.98870306,-0.018494938,-0.0085995903,-0.004003645,-0.064972659,0.075690488,-0.037080187,0.40620209,-0.1406449,0.90289472,0.44433966,-0.3333245,0
2,1300,0.650000,21,1.6224716,1.0244171,0.58572191,1.3971087,0.001898775,-0.008512635,-0.012755161,0.0032958966,0.043840219,-0.063759061,-0.35498479,-0.20754089,0.91154406,0.42377276,-2.6125384,0
2,1300,0.650000,22,1.6224716,1.4482125,0.2444446,1.4151977,0.0061256691,0.020553753,-0.030861383,-0.038460295,-0.043958987,-0.26603119,0.52303088,-0.84664001,0.098180403,1.4724575,-1.0174112,0
2,1300,0.650000,23,1.6224716,1.4145237,0.63364782,0.98596004,-0.0034600428,0.011202806,0.006508707,-0.081219199,-0.028698857,0.11239338,-0.91891534,-0.28055162,-0.27728215,1.8517605,-2.8452739,0
2,1300,0.650000,24,1.6224716,0.99865946,0.9825398,0.20338547,-0.010626041,-0.021961544,0.014602818,0.020600133,-0.070332939,0.0053124305,0.54940442,0.37768672,-0.74532377,2.4118167,0.60225172,0
2,1300,0.650000,25,1.6224716,1.0035428,1.3744774,0.58493379,-0.0029415689,-0.0071902991,0.0023981819,-0.071341956,-0.0029651745,0.055477586,-0.55332401,0.43190964,0.71224055,0.77811131,2.4788104,0
2,1300,0.650000,26,1.6224716,1.4285524,0.99513119,0.63158649,-0.0038939546,-0.0089511857,-0.0099443564,-0.019935183,0.059471995,-0.21474501,-0.34635753,0.50761706,0.78889884,0.66178128,2.1695581,0
2,1300,0.650000,27,1.6224716,1.4377746,1.384337,0.163129,0.018342909,0.0041200366,0.0098833186,0.022436491,0.10374029,0.1048887,-0.78190248,0.09636791,0.61590725,0.90725928,3.0189631,0
2,1300,0.650000,28,1.6224716,1.0024028,1.0193454,0.97379855,0.004172505,0.035717919,-0.0093482814,-0.06186488,0.21902433,-0.052936557,0.066804359,-0.98982776,-0.12561127,1.6967403,-1.5034076,0
2,1300,0.650000,29,1.6224716,1.0498682,1.398821,1.3905564,0.008893461,-0.013538346,-0.0054761576,0.034833585,-0.071087597,0.0004209377,0.67315785,-0.03168774,-0.7388196,2.4021134,-0.047038544,0
2,1300,0.650000,30,1.6224716,1.4126669,1.0195805,1.375461,0.0078787909,-0.0016582068,0.0038861013,0.062999319,-0.076889496,0.055993673,0.37335083,-0.099333451,0.92235678,0.39665932,-0.26003524,0
2,1300,0.650000,31,1.6224716,1.4508862,1.4475743,0.99333472,-0.0015470548,0.0075684552,-0.0088681872,-0.13745576,0.079136246,-0.1211255,-0.51436772,0.47719821,-0.71253612,2.3639025,2.3936626,0
3,1400,0.700000,0,1.6276841,0.18914741,0.20784173,0.2346485,0.012662792,-0.013820522,0.00082150128,0.045847891,-0.094043932,-0.014671924,0.12981847,0.70312968,0.69911073,0.79664329,1.3882228,0
3,1400,0.700000,1,1.6276841,0.22933009,0.66350689,0.64667448,-0.014596069,0.020842708,-0.012405757,-0.021742575,0.060992921,-0.1719676,0.47204539,0.43772455,-0.7652257,2.4421882,0.74769129,0
3,1400,0.700000,2,1.6276841,0.55969801,0.17289892,0.62239369,0.008852466,-0.02414457,-0.010488045,0.14406301,0.016190561,0.011008835,-0.41664759,0.86969845,0.26463067,1.3029754,2.0175613,0
3,1400,0.700000,3,1.6276841,0.61220158,0.61365346,0.20987606,0.016114898,0.010859924,-0.0031645392,0.089127538,0.022633793,-0.012507745,-0.18636095,0.78930832,-0.58503161,2.1957154,1.8026568,0
3,1400,0.700000,4,1.6276841,0.19416105,0.22249885,1.0310302,0.00037298602,-0.0010356602,0.0015218114,-0.081942539,-0.13985965,0.11001399,-0.67467972,-0.053660189,-0.7361575,2.3981716,-3.0622254,0
3,1400,0.700000,5,1.6276841,0.17686082,0.62097528,1.4529942,-0.0075161822,0.014425934,0.0082180033,0.072714175,0.11561983,0.060053705,-0.76530371,0.32844395,-0.55356554,2.1574359,2.7361969,0
3,1400,0.700000,6,1.6276841,0.64068643,0.2146573,1.4902051,0.017674028,0.017644499,0.028086442,0.082003037,0.1129952,-0.017889549,0.74473715,-0.28732745,-0.60233672,2.2172215,-0.36821457,0
3,1400,0.700000,7,1.6276841,0.61497077,0.55157758,1.0817632,0.028870625,-0.036143838,0.024545671,0.10536278,-0.15562981,0.066250347,-0.63659369,0.61058115,0.47110417,1.0802542,2.3770486,0
3,1400,0.700000,8,1.6276841,0.20468527,1.0109068,0.21620886,0.0060379689,-0.009648409,-0.010726571,0.13751187,-0.11582997,-0.034530485,0.56280304,0.52521839,0.63827767,0.8785375,0.75086786,0
3,1400,0.700000,9,1.6276841,0.15672236,1.439572,0.58291732,-0.0032356785,0.018200667,0.0053460333,0.021637983,0.099524486,0.15746459,-0.89024848,0.21803778,-0.39989645,1.9822002,2.9014028,0
3,1400,0.700000,10,1.6276841,0.60644334,1.0332683,0.65937802,0.011356539,-0.027815262,0.012194989,0.097340208,-0.19818894,0.12602464,0.13447314,0.20060796,-0.97039859,2.8976721,0.98026323,0
3,1400,0.700000,11,1.6276841,0.62278569,1.3831469,0.17803978,-0.0044961604,-0.031590567,-0.01326859,-0.025587875,-0.18717632,0.037252314,0.19018889,-0.89949081,0.39337573,1.1664958,-1.3624248,0
3,1400,0.700000,12,1.6276841,0.19149912,1.050107,1.0188535,-0.012561036,0.026284446,0.00119934,-0.031663899,0.086110698,0.014518483,0.0064626916,0.7511879,-0.66005679,2.2916907,1.5621932,0
3,1400,0.700000,13,1.6276841,0.22351269,1.4122193,1.4272179,-0.018833136,0.0025981266,-0.01067146,-0.043893624,-0.0026290003,-0.10846978,0.30548263,0.4928137,0.81474844,0.61850113,1.0158913,0
3,1400,0.700000,14,1.6276841,0.67177234,1.0285884,1.3904307,0.013449368,0.025489353,0.011505427,-0.013961823,0.11415516,0.063985687,0.66892448,-0.19320693,0.71778209,0.77018469,-0.28117989,0
3,1400,0.700000,15,1.6276841,0.60330045,1.4671362,1.0555537,0.012090756,-0.0052165666,-0.00045980983,0.027698236,-0.080201048,-0.031407219,-0.55117824,-0.17049526,-0.81678266,2.5266086,-2.8415995,0
3,1400,0.700000,16,1.6276841,1.0010164,0.15854454,0.23111825,-0.020722117,-0.042079609,0.014875864,-0.084647249,-0.20801665,0.0065409287,-0.49248826,-0.035801565,0.86958241,0.51644033,-3.069025,0
3,1400,0.700000,17,1.6276841,0.9949093,0.59852672,0.59634344,-0.004246783,0.004889664,0.012483804,0.0090947956,-0.054602987,0.00059527536,0.67880067,0.42190295,-0.60102208,2.2155757,0.55610861,0
3,1400,0.700000,18,1.6276841,1.3934172,0.25427725,0.60125616,-0.041464502,0.039786942,0.0024415495,-0.20188765,0.17530449,0.055522188,0.76080089,0.51954347,0.38891721,1.1713404,0.59915034,0
3,1400,0.700000,19,1.6276841,1.4301791,0.62130851,0.19950293,0.010463648,-0.01623135,0.004389565,0.08793033,-0.071065543,0.11816903,-0.56951908,0.51381262,-0.64159536,2.2673727,2.4075707,0
3,1400,0.700000,20,1.6276841,1.0243614,0.18251174,0.98944405,-0.020761434,-0.0044581532,-0.0064351475,-0.069059658,0.077987253,-0.021153716,0.33202478,-0.092726746,0.93870192,0.35195103,-0.27233775,0
3,1400,0.700000,21,1.6276841,1.0274553,0.59024201,1.3982411,0.0016462519,-0.0058784949,-0.016105912,-0.016248658,0.08382751,-0.061738566,-0.39571594,-0.21450002,0.8929718,0.46689145,-2.6448693,0
3,1400,0.700000,22,1.6276841,1.4496923,0.23877538,1.4074979,0.002957906,0.014109543,-0.043088157,-0.080481252,-0.16029766,-0.20744954,0.60963899,-0.76777415,0.1971374,1.3723592,-0.89970362,0
3,1400,0.700000,23,1.6276841,1.4156979,0.63273257,0.99574283,-0.0068248358,0.0082565758,0.013113326,-0.070695266,-0.083118346,0.12505186,-0.88748651,-0.3185384,-0.33301799,1.9102988,-2.7969918,0
3,1400,0.700000,24,1.6276841,1.0025339,0.98398596,0.20360909,-0.0099610782,-0.023669237,0.014173713,0.033557658,0.016975754,-0.064461783,0.58143164,0.36681102,-0.72621411,2.3835951,0.56281329,0
3,1400,0.700000,25,1.6276841,1.0029646,1.3800654,0.58742998,-0.0067377559,-0.0060199279,0.0030141695,-0.07656691,0.035911566,0.016593064,-0.54036397,0.35688107,0.76199914,0.70440169,2.5579092,0
3,1400,0.700000,26,1.6276841,1.4320168,1.004445,0.62309909,-0.0050172242,-0.0028441947,-0.020444013,-0.051726552,0.15226712,-0.22955944,-0.22452953,0.63057793,0.74293874,0.73334622,1.912868,0
3,1400,0.700000,27,1.6276841,1.4431844,1.3969017,0.17052298,0.01913234,0.012224275,0.016742217,0.013076266,0.17986909,0.15682726,-0.65700181,-0.022607631,0.75354995,0.71735078,-3.1071959,0
3,1400,0.700000,28,1.6276841,1.0022291,1.0322004,0.97344719,0.00078384076,0.045282708,-0.012822576,-0.060350274,0.14866762,-0.073498699,0.12759011,-0.97986981,-0.15354455,1.7249507,-1.4413136,0
3,1400,0.700000,29,1.6276841,1.0558377,1.401038,1.3966272,0.011485946,-0.015811628,-0.0038753459,0.052843739,-0.0032980431,0.058161517,0.69091915,-0.05757526,-0.72063571,2.3755151,-0.083139313,0
3,1400,0.700000,30,1.6276841,1.4220491,1.0187215,1.3817281,0.012714783,-0.0057861798,0.0057313022,0.1238237,-0.077957451,0.035476709,0.38559575,-0.04457485,0.92159047,0.39863814,-0.11508911,0
3,1400,0.700000,31,1.6276841,1.4473899,1.4559999,0.9888316,-0.0096915679,0.011337415,-0.016550261,-0.20059454,0.1035051,-0.17874795,-0.44055929,0.40550793,-0.80091874,2.4996243,2.3975994,0
4,1500,0.750000,0,1.6338734,0.19273841,0.20497871,0.23371938,0.015529118,-0.017466943,-0.00099642207,0.088257716,-0.083177564,-0.042533844,0.095392534,0.71269373,0.69495893,0.80243354,1.4377393,0
4,1500,0.750000,1,1.6338734,0.22775981,0.66775071,0.63957467,-0.017033759,0.022560272,-0.021946454,-0.059687021,0.031945142,-0.21672145,0.37108663,0.38407717,-0.8454463,2.5781966,0.80259875,0
4,1500,0.750000,2,1.6338734,0.56891429,0.17604582,0.62696354,0.015927064,-0.021659834,-0.0082890248,0.14549369,0.068636956,0.098479568,-0.3173389,0.91442811,0.25123149,1.316844,1.9048276,0
4,1500,0.750000,3,1.6338734,0.61762398,0.61513617,0.21070417,0.019203539,0.010010824,-0.003134536,0.034942587,-0.0034085464,0.011386117,-0.29706321,0.77081476,-0.56355839,2.1694834,1.9386435,0
4,1500,0.750000,4,1.6338734,0.19216984,0.21690432,1.0425477,-0.0023513615,-0.0074640452,0.0091043929,-0.024872558,-0.14257681,0.16867565,-0.68216921,0.018653768,-0.73095637,2.3905187,3.1142547,0
4,1500,0.750000,5,1.6338734,0.18048618,0.62731627,1.4586317,-0.0045689245,0.018398121,0.0083303122,0.052214145,0.053884597,-0.03323817,-0.70777012,0.47765768,-0.52048496,2.1182151,2.5479276,0
4,1500,0.750000,6,1.6338734,0.64614086,0.22145678,1.4936581,0.020686521,0.02361641,0.025877101,0.025739983,0.10212412,-0.077940956,0.58926082,-0.26945258,-0.76168694,2.436709,-0.42888499,0
4,1500,0.750000,7,1.6338734,0.62255391,0.5485911,1.0876295,0.0341054,-0.041218067,0.026295279,0.12587691,-0.090048318,0.052519947,-0.57442159,0.60621859,0.55003533,0.98838979,2.329269,0
4,1500,0.750000,8,1.6338734,0.21104257,1.0098026,0.21562393,0.011606388,-0.014587239,-0.012130972,0.066474221,-0.072600535,0.012683342,0.55691867,0.6108066,0.56281159,0.973013,0.83151323,0
4,1500,0.750000,9,1.6338734,0.16019948,1.4485875,0.59487858,-0.00035995583,0.021735562,0.015072283,0.11386804,0.06870191,0.19132899,-0.88996519,0.28346388,-0.35722568,1.9360922,2.8332408,0
4,1500,0.750000,10,1.6338734,0.61106372,1.0287088,0.66653017,0.013666521,-0.036287777,0.016831047,0.022360486,-0.15271248,0.048958807,0.038501599,0.23042925,-0.9723271,2.9057898,1.4052393,0
4,1500,0.750000,11,1.6338734,0.62390895,1.3809855,0.18248807,-0.0057386832,-0.038997272,-0.0095044453,-0.020007515,-0.15985624,0.078498158,0.14733876,-0.77098784,0.61957166,0.90259943,-1.3819692,0
4,1500,0.750000,12,1.6338734,0.19252908,1.0566512,1.0234621,-0.012259826,0.028830723,0.0019324228,0.046369429,0.017383604,-0.018708381,0.084960039,0.76844545,-0.63425025,2.2578347,1.4606826,0
4,1500,0.750000,13,1.6338734,0.22247348,1.4182602,1.428005,-0.020718676,0.0032677209,-0.015302554,-0.014942794,0.0061733975,-0.077441863,0.2301327,0.44755039,0.8641398,0.52735776,1.0958493,0
4,1500,0.750000,14,1.6338734,0.67244692,1.0356714,1.3983969,0.011573089,0.028655183,0.014179448,-0.046053556,0.016675043,0.032739417,0.75991305,-0.20516681,0.61679716,0.90612919,-0.26369992,0
4,1500,0.750000,15,1.6338734,0.60768946,1.4680929,1.057013,0.014181741,-0.0098299219,-0.0030093616,0.053739013,-0.073871623,-0.071575698,-0.51966054,-0.2400342,-0.81996128,2.5321397,-2.7088821,0
4,1500,0.750000,16,1.6338734,1.0011023,0.14983221,0.23169049,-0.02443554,-0.051377163,0.014569858,-0.091765448,-0.19956669,0.014837592,-0.40631783,0.14097309,0.90279145,0.44457983,2.8076351,0
4,1500,0.750000,17,1.6338734,1.0005193,0.59526872,0.59822003,-0.0024233506,-0.00063375205,0.012093534,0.050598338,-0.12013641,-0.029215864,0.77393876,0.27298453,-0.57140024,2.1790074,0.3390969,0
4,1500,0.750000,18,1.6338734,1.3912351,0.26296923,0.60586703,-0.048930952,0.047497398,0.004761728,-0.10536273,0.14430843,0.042786208,0.6706101,0.60982894,0.42236331,1.1347453,0.73796477,0
4,1500,0.750000,19,1.6338734,1.440315,0.62021176,0.2064463,0.015152341,-0.019684075,0.010562614,0.096754599,-0.092715267,0.10487959,-0.56474445,0.48640665,-0.66668754,2.300552,2.4305827,0
4,1500,0.750000,20,1.6338734,1.0253755,0.18441094,0.99197754,-0.023637001,-0.0032552326,-0.0076617098,-0.077079083,0.010096206,-0.023006689,0.26835607,0.040375559,0.96247329,0.27482284,0.14933507,0
4,1500,0.750000,21,1.6338734,1.0320166,0.59866642,1.4031216,0.0022993438,0.0002897999,-0.016541398,0.026210022,0.13224563,0.030907068,-0.4489994,-0.21319563,0.86772528,0.52018895,-2.698288,0
4,1500,0.750000,22,1.6338734,1.452605,0.22985181,1.4023503,0.00036305396,0.0042966476,-0.053567941,-0.058214935,-0.24872716,-0.17180644,0.67565414,-0.69494141,0.24606488,1.3221781,-0.79946942,0
4,1500,0.750000,23,1.6338734,1.4180631,0.63085813,1.0034074,-0.0098371316,0.0039842696,0.016984184,-0.043315993,-0.096943306,0.064001847,-0.84344332,-0.34865224,-0.40871137,1.991838,-2.7496158,0
4,1500,0.750000,24,1.6338734,1.0085679,0.98935538,0.20100937,-0.0077433985,-0.022044519,0.010806165,0.075857218,0.073406258,-0.067927919,0.68200389,0.3313446,-0.6519827,2.2809927,0.45225538,0
4,1500,0.750000,25,1.6338734,1.000142,1.3892571,0.58955987,-0.013361519,-0.0020834281,0.0029105525,-0.19013336,0.13372631,-0.030938483,-0.54101733,0.32046649,0.77756124,0.68001825,2.6068242,0
4,1500,0.750000,26,1.6338734,1.4326723,1.0174726,0.61561616,-0.0097978901,0.0063465748,-0.030277621,-0.11501485,0.23494677,-0.17798323,-0.11275637,0.73439544,0.66929017,0.83754331,1.723143,0
4,1500,0.750000,27,1.6338734,1.4487534,1.4100303,0.17799596,0.019213451,0.02002632,0.023553856,0.007299793,0.13695082,0.14232748,-0.52687282,-0.1706681,0.83263283,0.5869516,-2.828332,0
4,1500,0.750000,28,1.6338734,1.005338,1.0438589,0.97509813,8.3034845e-05,0.053001608,-0.014869297,0.027051206,0.13892016,0.016386891,0.16616838,-0.95092766,-0.26100699,1.8348615,-1.3977996,0
4,1500,0.750000,29,1.6338734,1.0619629,1.408091,1.40572,0.013592306,-0.014089337,-0.00010042183,0.0080748167,0.06666746,0.073652995,0.66406441,-0.082387923,-0.74312226,2.4085206,-0.12343542,0
4,1500,0.750000,30,1.6338734,1.4336566,1.0203753,1.3893633,0.018903159,-0.0080019404,0.0081079726,0.1030335,-0.016520943,0.034138144,0.38819605,0.02190977,0.92131633,0.39934379,0.056380146,0
4,1500,0.750000,31,1.6338734,1.4397045,1.4664299,0.98435609,-0.022855648,0.016221695,-0.024770209,-0.32409859,0.11679156,-0.18472216,-0.43569292,0.28653943,-0.85326833,2.5930173,2.5598488,0
5,1600,0.800000,0,1.6381144,0.19834219,0.20200989,0.23245611,0.020626008,-0.020963278,-0.0028639275,0.094422775,-0.064135142,-0.053482049,0.075835353,0.69814152,0.71193217,0.77855054,1.4625959,0
5,1600,0.800000,1,1.6381144,0.22447424,0.66773205,0.63177764,-0.020905492,0.020810637,-0.031391356,-0.088400304,-0.083576637,-0.14928358,0.25414509,0.35792635,-0.89849819,2.6871326,0.95335815,0
5,1600,0.800000,2,1.6381144,0.5776707,0.18122827,0.63195264,0.023197348,-0.016940458,-0.0049316523,0.1334234,0.13828485,0.076331208,-0.24547107,0.93549623,0.25414712,1.3138306,1.827408,0
5,1600,0.800000,3,1.6381144,0.62073871,0.61833896,0.2151721,0.020713177,0.011614851,0.00078140341,0.039383198,0.052521711,0.14668107,-0.38072351,0.7537495,-0.53564102,2.136063,2.0385205,0
5,1600,0.800000,4,1.6381144,0.19245979,0.2113204,1.0512586,-0.0025599461,-0.013603013,0.015101434,0.0272842,-0.088721634,0.071520555,-0.67232431,0.10145189,-0.73327181,2.3939178,2.9918253,0
5,1600,0.800000,5,1.6381144,0.18398274,0.63002888,1.4613984,-0.0015447638,0.019481035,0.0073121803,0.077209944,-0.053467518,-0.030212967,-0.60330172,0.64334295,-0.47131398,2.0615763,2.3240863,0
5,1600,0.800000,6,1.6381144,0.64884066,0.22624545,1.4916119,0.021707847,0.027824802,0.019961557,0.0013405402,0.067027583,-0.12997757,0.45651479,-0.24836909,-0.85434597,2.5950874,-0.49826735,0
5,1600,0.800000,7,1.6381144,0.62953914,0.5474864,1.0913729,0.039467742,-0.04374344,0.027214376,0.10111328,-0.00056520571,-0.018471676,-0.53447243,0.58986386,0.60530971,0.92064143,2.3069684,0
5,1600,0.800000,8,1.6381144,0.21367357,1.0099041,0.21692734,0.013686901,-0.017103581,-0.011388208,0.017382788,-0.020450108,0.0167146,0.56123347,0.67696859,0.47616229,1.074511,0.87859768,0
5,1600,0.800000,9,1.6381144,0.1671989,1.456281,0.60544262,0.0062151166,0.025663923,0.024080555,0.13737507,0.069009184,0.15498715,-0.8730338,0.35783913,-0.3313052,1.9084829,2.7525981,0
5,1600,0.800000,10,1.6381144,0.61161737,1.0232783,0.6701575,0.012635401,-0.04437788,0.018725845,-0.054686432,-0.19540375,0.057965613,0.01183823,0.2649377,-0.96419286,2.8731792,1.526143,0
5,1600,0.800000,11,1.6381144,0.62411382,1.3785888,0.186577,-0.0071514325,-0.04497078,-0.0058938697,-0.0099942936,-0.10698698,0.02623973,0.068051601,-0.63618752,0.76852744,0.69425991,-1.4642337,0
5,1600,0.800000,12,1.6381144,0.19673265,1.0596286,1.0259614,-0.0085607901,0.029065128,0.0017752914,0.04308863,-0.030041203,-0.013011352,0.12695828,0.7728441,-0.62176651,2.2417925,1.4079764,0
5,1600,0.800000,13,1.6381144,0.2222211,1.4222728,1.4294153,-0.021547446,0.003598573,-0.017595863,-0.027596727,-0.0051617093,-0.018039516,0.12769354,0.42951278,0.89398721,0.46463047,1.2818197,0
5,1600,0.800000,14,1.6381144,0.67015119,1.0378383,1.4035092,0.0075371524,0.028134475,0.015660102,-0.12590631,-0.026385167,0.062907028,0.85727513,-0.1930506,0.47729531,1.0732221,-0.22149619,0
5,1600,0.800000,15,1.6381144,0.61194669,1.4677061,1.0565484,0.016858155,-0.014021883,-0.0062134327,0.061939477,-0.085361552,-0.069564221,-0.48703145,-0.36660515,-0.7927175,2.4860504,-2.4963441,0
5,1600,0.800000,16,1.6381144,0.99914311,0.13966197,0.23206557,-0.028987363,-0.061922648,0.01434384,-0.074473309,-0.21668047,-0.051085483,-0.33297828,0.33729532,0.88054377,0.49378807,2.3497539,0
5,1600,0.800000,17,1.6381144,1.0035482,0.59253761,0.59693823,-0.0019920166,-0.0049044431,0.0092626341,0.0030071501,-0.066169355,-0.052879721,0.84898152,0.10901213,-0.51705583,2.114204,0.12770464,0
5,1600,0.800000,18,1.6381144,1.3920303,0.26845409,0.609572,-0.0517432,0.052293459,0.0068913183,-0.010809964,0.0659296,0.0187543,0.55187449,0.70323709,0.44820992,1.1060345,0.9054155,0
5,1600,0.800000,19,1.6381144,1.4480886,0.61800018,0.21131392,0.019182232,-0.023500566,0.014888761,0.08402061,-0.053930652,0.045744757,-0.55421948,0.46124262,-0.69288961,2.3362852,2.447501,0
5,1600,0.800000,20,1.6381144,1.0249164,0.18434284,0.99328045,-0.026753501,-0.0038012889,-0.0089319734,-0.023420809,-0.057818268,-0.023161372,0.21412823,0.1758461,0.96084715,0.2807527,0.68754591,0
5,1600,0.800000,21,1.6381144,1.0364915,0.6083078,1.4088996,0.0040931728,0.008366792,-0.014408151,0.017475839,0.18987451,0.068997054,-0.47599083,-0.21699659,0.85225889,0.550508,-2.7138564,0
5,1600,0.800000,22,1.6381144,1.4559967,0.21860701,1.3970118,-1.5240046e-05,-0.0075294399,-0.062534748,-0.0049273854,-0.20251957,-0.15896872,0.71873876,-0.65159116,0.24257691,1.3257751,-0.73643628,0
5,1600,0.800000,23,1.6381144,1.419296,0.62925459,1.0087985,-0.012281909,0.00074743671,0.019767238,-0.030089522,-0.060494012,0.090202463,-0.81751041,-0.38216306,-0.43084581,2.0162262,-2.7043045,0
5,1600,0.800000,24,1.6381144,1.0162158,0.99605618,0.19810602,-0.0027198704,-0.017917093,0.0073854938,0.11501953,0.098817683,-0.090102049,0.79387952,0.24483283,-0.55660776,2.1610933,0.29914574,0
5,1600,0.800000,25,1.6381144,0.99177651,1.3991599,0.59015758,-0.024308854,0.0042052181,0.0019791803,-0.22845858,0.12052085,-0.030855539,-0.54856646,0.29694779,0.78159891,0.67357136,2.6454411,0
5,1600,0.800000,26,1.6381144,1.4311566,1.0303884,0.60748718,-0.015025598,0.016607998,-0.039991938,-0.10687923,0.17912223,-0.18319867,7.8265403e-05,0.81008581,0.58631133,0.94429846,1.5706997,0
5,1600,0.800000,27,1.6381144,1.4499729,1.4206018,0.18458135,0.016675769,0.026928918,0.029669305,-0.082833061,0.15822833,0.089459363,-0.40249462,-0.33472722,0.85203038,0.55094466,-2.4478596,0
5,1600,0.800000,28,1.6381144,1.0106133,1.0524701,0.98095514,0.0027453699,0.058895655,-0.011547608,0.10238466,0.091332443,0.07785297,0.23365881,-0.88780436,-0.39649334,1.9784903,-1.3134451,0
5,1600,0.800000,29,1.6381144,1.0663176,1.4151369,1.4146977,0.015188456,-0.010702804,0.0052215714,0.062058589,0.05855025,0.15325603,0.63238171,-0.084892151,-0.76999136,2.4496239,-0.13344417,0
5,1600,0.800000,30,1.6381144,1.4433645,1.021479,1.3937007,0.024882118,-0.0095446989,0.0088380826,0.10182931,0.015128639,0.02064168,0.36474211,0.094689465,0.92628133,0.38637457,0.25399954,0
5,1600,0.800000,31,1.6381144,1.4269603,1.4754679,0.98036695,-0.039315542,0.021446565,-0.031305923,-0.33174555,0.096863508,-0.11121993,-0.45574913,0.17935534,-0.87185113,2.6297656,2.766668,0
6,1700,0.850000,0,1.6368341,0.20358152,0.19970209,0.2294978,0.026022464,-0.02311405,-0.0056416509,0.12348464,-0.017119505,-0.018369299,0.094714936,0.65320145,0.75123694,0.72086218,1.4267988,0
6,1700,0.850000,1,1.6368341,0.21857378,0.66333573,0.62545131,-0.026632759,0.016934642,-0.037226212,-0.16175281,-0.058957263,-0.10436857,0.11939854,0.30712772,-0.94414859,2.8057975,1.2000182,0
6,1700,0.850000,2,1.6368341,0.58401409,0.18888597,0.63416195,0.029994856,-0.0091380729,-0.0022274071,0.15057015,0.16293447,0.035312265,-0.19224352,0.94168347,0.2761787,1.2909804,1.7721779,0
6,1700,0.850000,3,1.6368341,0.62089736,0.62171264,0.22109514,0.021357199,0.015473292,0.0068749855,0.014311032,0.068029254,0.10545498,-0.46741781,0.73608937,-0.48958455,2.0824096,2.1365554,0
6,1700,0.850000,4,1.6368341,0.19498153,0.20660629,1.0544652,0.00011325947,-0.018153757,0.019131184,0.090837268,-0.11044237,0.069956006,-0.66128512,0.20893753,-0.72044923,2.3752462,2.8355616,0
6,1700,0.850000,5,1.6368341,0.18703703,0.62490431,1.4572859,0.0016545581,0.014847034,0.0043406368,0.061759137,-0.12641863,-0.054452314,-0.46371277,0.78029158,-0.41966119,2.0038683,2.1070004,0
6,1700,0.850000,6,1.6368341,0.6484662,0.22630737,1.4847755,0.021840523,0.028063634,0.014288717,0.035409731,-0.049934565,-0.10333051,0.38936982,-0.25332372,-0.88556097,2.6584966,-0.57679639,0
6,1700,0.850000,7,1.6368341,0.63058025,0.54923041,1.0892049,0.04100146,-0.041570711,0.025898787,-0.026547234,0.06377283,-0.03169895,-0.50536391,0.5612529,0.65544069,0.85603035,2.303844,0
6,1700,0.850000,8,1.6368341,0.21455041,1.010415,0.2156284,0.014731139,-0.015802933,-0.01251806,0.01082115,0.062575937,-0.025618208,0.57740771,0.69520987,0.42811631,1.1283889,0.87770195,0
6,1700,0.850000,9,1.6368341,0.17392072,1.4584803,0.61142089,0.013070291,0.029002579,0.030534513,0.13659327,0.090384106,0.10293059,-0.84192026,0.44483277,-0.30544079,1.8811976,2.6555192,0
6,1700,0.850000,10,1.6368341,0.60789371,1.0127766,0.67058081,0.009388464,-0.054083655,0.019673265,-0.080784527,-0.18003785,-0.011413524,0.01238104,0.33075439,-0.94363565,2.8042443,1.5333811,0
6,1700,0.850000,11,1.6368341,0.624747,1.3748721,0.18860919,-0.0060300593,-0.04761112,-0.0037150144,0.035266924,-0.036037644,0.079600882,-0.036806329,-0.50437733,0.86269856,0.53021461,-1.643641,0
6,1700,0.850000,12,1.6368341,0.19726108,1.0566507,1.0239633,-0.0078783387,0.026914539,0.00057857252,0.0012477772,-0.08581079,-0.07013056,0.15716166,0.7974269,-0.58258953,2.1927075,1.3762043,0
6,1700,0.850000,13,1.6368341,0.21999091,1.4197842,1.4274566,-0.023604771,0.0022209865,-0.018437757,-0.038818308,-0.0043216957,-0.01846649,0.052932403,0.43085747,0.90086625,0.4490354,1.4485552,0
6,1700,0.850000,14,1.6368341,0.66407073,1.037261,1.4046223,0.0019782607,0.028368379,0.017870941,-0.08641347,0.025078518,0.039080372,0.92800361,-0.16401479,0.33452719,1.2296929,-0.17493286,0
6,1700,0.850000,15,1.6368341,0.61449676,1.4598483,1.0512566,0.019887655,-0.020735269,-0.010681308,0.038419659,-0.15864292,-0.077560165,-0.48237619,-0.46321927,-0.74346562,2.4090339,-2.3764508,0
6,1700,0.850000,16,1.6368341,0.99551981,0.12996678,0.227778,-0.031830918,-0.071512439,0.010236032,-0.054391121,-0.17064441,-0.14764175,-0.27967657,0.52934894,0.80098109,0.64186417,2.0568586,0
6,1700,0.850000,17,1.6368341,1.0016231,0.59061816,0.5942701,-0.0031332574,-0.0063613772,0.0070601654,-0.05084149,0.0024582879,-0.047597726,0.88614516,-0.021787693,-0.46289529,2.0520551,-0.024582095,0
6,1700,0.850000,18,1.6368341,1.3944282,0.26782178,0.61073952,-0.048256052,0.051870787,0.0085358744,0.14694518,-0.11954974,0.040748404,0.46060173,0.75327463,0.46949268,1.0820802,1.0219887,0
6,1700,0.850000,19,1.6368341,1.4502392,0.61414767,0.21225463,0.02246583,-0.026871413,0.015995055,0.062168265,-0.041813798,0.020108747,-0.56207134,0.42267482,-0.71093024,2.3616164,2.496816,0
6,1700,0.850000,20,1.6368341,1.0217795,0.1807084,0.9926164,-0.029090341,-0.0072930239,-0.0088197078,-0.080978784,-0.074522703,0.027393958,0.22742788,0.27601089,0.93386003,0.36573815,0.88160257,0
6,1700,0.850000,21,1.6368341,1.0356964,0.61650735,1.4123878,0.0041081455,0.017045137,-0.0098170835,-0.0090232442,0.16134858,0.10750312,-0.49476252,-0.2251463,0.83935642,0.57469815,-2.7145394,0
6,1700,0.850000,22,1.6368341,1.454393,0.2077001,1.3901667,-0.00048123387,-0.018269697,-0.068290322,-0.018684247,-0.22119171,-0.065146509,0.73963643,-0.62958088,0.23783578,1.3306592,-0.70519216,0
6,1700,0.850000,23,1.6368341,1.4149684,0.62917141,1.0137696,-0.015501503,0.0011561951,0.025528987,-0.092923406,0.053273983,0.098890662,-0.82976772,-0.3867053,-0.40242333,1.9849588,-2.7054799,0
6,1700,0.850000,24,1.6368341,1.0241193,0.99850029,0.19375305,0.0059812165,-0.014693273,0.003185708,0.19715863,0.040183136,-0.085200578,0.86707211,0.16243709,-0.47095664,2.0611712,0.18519316,0
6,1700,0.850000,25,1.6368341,0.98055654,1.4024849,0.58941422,-0.034757817,0.0086254306,0.0016969331,-0.1895725,0.05018703,0.032743391,-0.56469123,0.27766587,0.77719076,0.68060721,2.6845968,0
6,1700,0.850000,26,1.6368341,1.425311,1.0393784,0.59971782,-0.019754571,0.026407174,-0.047289386,-0.098718152,0.22548584,-0.15220896,0.10297005,0.85468308,0.50883593,1.0369643,1.4508967,0
6,1700,0.850000,27,1.6368341,1.4425049,1.4270248,0.18838154,0.010338475,0.034465136,0.033615292,-0.15065265,0.11648465,0.07810709,-0.26650966,-0.48624536,0.83218872,0.58775302,-2.0721774,0
6,1700,0.850000,28,1.6368341,1.0172747,1.0567216,0.98615512,0.010199543,0.063971638,-0.0055786525,0.18245631,0.09176064,0.12487834,0.32507787,-0.78552951,-0.52656221,2.125348,-1.1784223,0
6,1700,0.850000,29,1.6368341,1.0682241,1.4167713,1.4210912,0.017929384,-0.0079612748,0.012723658,0.050973438,0.069504631,0.11678038,0.61854995,-0.059275951,-0.78350643,2.4710852,-0.095538755,0
6,1700,0.850000,30,1.6368341,1.4461952,1.0220872,1.3947711,0.028842321,-0.0081376787,0.010998555,0.060367652,0.093865537,0.095786734,0.35951266,0.17313083,0.91693858,0.41045695,0.44879593,0
6,1700,0.850000,31,1.6368341,1.4112543,1.4789614,0.97222298,-0.053912033,0.026094962,-0.038686602,-0.28175845,0.10359175,-0.13479257,-0.48296689,0.072149573,-0.87266112,2.6314219,2.9933011,0
7,1800,0.900000,0,1.6399103,0.21123775,0.20000628,0.22933012,0.033289269,-0.023185102,-0.0062400768,0.15298083,0.025443115,0.0061362981,0.14659731,0.57863604,0.80230266,0.63965346,1.3226674,0
7,1800,0.900000,1,1.6399103,0.21215851,0.65880653,0.62185315,-0.033452408,0.011164225,-0.041995345,-0.13900807,-0.14273428,-0.11020751,0.0090996638,0.21658085,-0.97622228,2.9230861,1.5288059,0
7,1800,0.900000,2,1.6399103,0.59049606,0.1970772,0.63533022,0.035374213,-0.0013091791,-0.0022509255,0.076077737,0.14293046,-0.039736291,-0.13547961,0.95018703,0.28069535,1.2862778,1.7124238,0
7,1800,0.900000,3,1.6399103,0.622488,0.62729612,0.22353597,0.021780548,0.019884214,0.0088983996,-0.031066532,0.13776659,-0.031546144,-0.53797869,0.71234879,-0.45070848,2.0383552,2.2176286,0
7,1800,0.900000,4,1.6399103,0.20145351,0.20370542,1.0591827,0.0062130661,-0.021439829,0.021864363,0.17574536,-0.033499278,0.046200788,-0.62860756,0.30217135,-0.71662055,2.3697412,2.6935043,0
7,1800,0.900000,5,1.6399103,0.19001979,0.62088431,1.4573063,0.0042833427,0.0096574922,0.0016248944,0.050823515,-0.091407317,-0.014437495,-0.29474537,0.89499153,-0.33483626,1.9122278,1.8889374,0
7,1800,0.900000,6,1.6399103,0.65098751,0.22144731,1.4832518,0.023141914,0.022783218,0.0099786105,0.048950493,-0.13733034,-0.047360156,0.37203027,-0.28552094,-0.88321643,2.6534734,-0.65458656,0
7,1800,0.900000,7,1.6399103,0.63169391,0.55354125,1.0900147,0.040930095,-0.038295148,0.024662772,-0.0076222935,0.075681026,-0.017920254,-0.49726343,0.51514786,0.69810584,0.79804774,2.3385311,0
7,1800,0.900000,8,1.6399103,0.21500184,1.0159587,0.21257153,0.014779307,-0.012161525,-0.015976926,0.0090915727,0.046256784,-0.074113311,0.62377247,0.66648901,0.4082895,1.1502168,0.81849296,0
7,1800,0.900000,9,1.6399103,0.18058401,1.4636579,0.61548097,0.019400782,0.031436902,0.033442783,0.11605682,0.052336551,0.016140725,-0.82749057,0.50733684,-0.24055912,1.8137382,2.5915944,0
7,1800,0.900000,10,1.6399103,0.60529082,1.0052213,0.66882011,0.0056466404,-0.063533469,0.016655144,-0.087904127,-0.19196411,-0.077419159,-0.0017116621,0.39920139,-0.91686167,2.730943,1.575084,0
7,1800,0.900000,11,1.6399103,0.62712218,1.3783741,0.1938609,-0.0048301301,-0.046693856,0.0011776374,0.0044134352,0.0593672,0.10210667,-0.13503215,-0.32257591,0.93686237,0.35724905,-1.9672386,0
7,1800,0.900000,12,1.6399103,0.1978869,1.0528109,1.0205537,-0.0076234809,0.021094383,-0.004750391,0.018070587,-0.15085305,-0.12599685,0.17446524,0.8391835,-0.51510479,2.1119262,1.3658174,0
7,1800,0.900000,13,1.6399103,0.21818891,1.4238123,1.4296261,-0.02581813,0.0035795741,-0.018950562,-0.037661868,0.044279027,0.0030885522,0.038607816,0.43120115,0.90142942,0.44773631,1.4814989,0
7,1800,0.900000,14,1.6399103,0.65911683,1.0402812,1.4090758,-0.0042178508,0.02943817,0.019682919,-0.1436184,-0.013083495,0.053326003,0.98028297,-0.10943553,0.16452708,1.4055178,-0.11117634,0
7,1800,0.900000,15,1.6399103,0.61699795,1.4552111,1.0486155,0.021232733,-0.028109086,-0.015293735,0.050469169,-0.16720889,-0.089359428,-0.46067447,-0.52868983,-0.71292784,2.364461,-2.287556,0
7,1800,0.900000,16,1.6399103,0.99576378,0.12432198,0.22107405,-0.033456355,-0.077395967,0.0031106933,-0.031242087,-0.047903654,-0.12432362,-0.2813375,0.68336926,0.67368811,0.83160825,1.961341,0
7,1800,0.900000,17,1.6399103,1.0005698,0.59499704,0.59474129,-0.0060662744,-0.0030955442,0.0064151111,-0.10442057,0.085740825,0.010971874,0.86140408,-0.12512425,-0.49226714,2.0854887,-0.1442473,0
7,1800,0.900000,18,1.6399103,1.4083982,0.26060856,0.61211269,-0.036917288,0.044161473,0.0087610368,0.26216047,-0.15598028,-0.0095195628,0.43313927,0.74841818,0.50225551,1.0445912,1.0461561,0
7,1800,0.900000,19,1.6399103,1.4564272,0.6142061,0.21368853,0.025925055,-0.027966147,0.017029083,0.062793551,-0.041161731,0.0115852,-0.60246719,0.39628787,-0.69281254,2.3361784,2.5597711,0
7,1800,0.900000,20,1.6399103,1.0193158,0.17776707,0.99618869,-0.033470244,-0.010570902,-0.0071144968,-0.1017478,-0.05452723,0.031767371,0.22861425,0.30234207,0.92537819,0.38876419,0.92337442,0
7,1800,0.900000,21,1.6399103,1.0360231,0.62572458,1.4207109,0.0024898988,0.025096175,-0.0041537077,-0.081964739,0.12910284,0.14729283,-0.4512835,-0.24028366,0.85942246,0.53665735,-2.6523272,0
7,1800,0.900000,22,1.6399103,1.456743,0.19542273,1.391925,-0.00086417981,-0.030925532,-0.069143826,0.0054374809,-0.2161722,0.045279168,0.73690177,-0.63235102,0.23897274,1.3294885,-0.70918997,0
7,1800,0.900000,23,1.6399103,1.4125713,0.63173668,1.0204755,-0.020553123,0.0025377236,0.030325123,-0.098533772,0.026237052,0.10353285,-0.87347298,-0.35057892,-0.33784519,1.9154229,-2.7599126,0
7,1800,0.900000,24,1.6399103,1.0362588,1.0006665,0.19158776,0.016186453,-0.01440383,0.0006586628,0.20268831,-0.016134617,-0.058946044,0.92316051,0.086883533,-0.37446752,1.9546188,0.093838891,0
7,1800,0.900000,25,1.6399103,0.97394809,1.4067961,0.5931721,-0.043201151,0.010299338,0.0043446017,-0.16581048,0.014020825,0.061148294,-0.59434666,0.27331493,0.75634053,0.71309544,2.7105713,0
7,1800,0.900000,26,1.6399103,1.4229357,1.0518157,0.59398237,-0.024803707,0.036881206,-0.054145476,-0.11888667,0.16681639,-0.11435124,0.2152099,0.88363373,0.41578377,1.1419919,1.3318964,0
7,1800,0.900000,27,1.6399103,1.4380378,1.4355,0.19159821,0.0031671622,0.040252933,0.036475244,-0.10510906,0.13825332,0.032064946,-0.14367257,-0.59902473,0.78773572,0.66367171,-1.8061939,0
7,1800,0.900000,28,1.6399103,1.0289226,1.0616899,0.99530275,0.019926514,0.066951279,0.0017088049,0.22171859,0.024741324,0.15178598,0.41931545,-0.66683941,-0.61603552,2.2344962,-1.0094617,0
7,1800,0.900000,29,1.6399103,1.0721952,1.4223657,1.4305852,0.019891034,-0.00503233,0.019540551,0.025810569,0.073114639,0.10265853,0.65548238,0.020851046,-0.75492256,2.4263324,0.031799507,0
7,1800,0.900000,30,1.6399103,1.4488341,1.0303904,1.4045975,0.028763423,-0.0017613169,0.018196876,-0.017344641,0.16668389,0.16489366,0.35263112,0.22369216,0.90863255,0.4307986,0.56529591,0
7,1800,0.900000,31,1.6399103,1.4006337,1.4864033,0.96795577,-0.06717239,0.030753051,-0.044775242,-0.22564302,0.072466589,-0.14198904,-0.53953551,-0.049119348,-0.84052883,2.5690549,-3.0508029,0
8,1900,0.950000,0,1.6422687,0.22045244,0.2026896,0.22872778,0.042193783,-0.020791124,-0.0071715412,0.14916514,0.071145889,-0.021050753,0.20629988,0.49940088,0.84145061,0.57083404,1.1790526,0
8,1900,0.950000,1,1.6422687,0.20514554,0.65125767,0.61927078,-0.040765222,0.0026740382,-0.045469492,-0.11812673,-0.18070712,-0.036930208,-0.034214749,0.11897382,-0.9923077,3.0174784,1.850822,0
8,1900,0.950000,2,1.6422687,0.59500462,0.20490349,0.63301356,0.039030959,0.0062282877,-0.0054789273,0.055056068,0.15599051,-0.086721863,-0.08282439,0.95878357,0.27179805,1.2955354,1.6569673,0
8,1900,0.950000,3,1.6422687,0.62083952,0.63476608,0.22129437,0.019238705,0.026447347,0.0063371795,-0.054028667,0.10215135,-0.059627186,-0.61022185,0.67135102,-0.42061514,2.0049196,2.3085321,0
8,1900,0.950000,4,1.6422687,0.2114179,0.20610776,1.0596926,0.015880804,-0.019331948,0.020851874,0.206856,0.13150852,-0.059621932,-0.58637684,0.39286092,-0.70839431,2.358017,2.5512995,0
8,1900,0.950000,5,1.6422687,0.19473004,0.6171618,1.4600561,0.0087171472,0.0050454101,0.0022784822,0.10770255,-0.070806275,0.044524391,-0.056071386,0.97604842,-0.21020341,1.7825793,1.6281806,0
8,1900,0.950000,6,1.6422687,0.65329336,0.21410175,1.4827758,0.024510598,0.015124704,0.0073714694,-0.0012797205,-0.1524948,-0.066436421,0.37862523,-0.333321,-0.86344661,2.6128591,-0.72184951,0
8,1900,0.950000,7,1.6422687,0.6312524,0.5586864,1.0908738,0.039581128,-0.033949158,0.023954787,-0.052600897,0.085321074,-0.0042902666,-0.49626741,0.48059838,0.72301028,0.76264645,2.3722332,0
8,1900,0.950000,8,1.6422687,0.21438916,1.0187239,0.2091871,0.013858099,-0.010858299,-0.019664402,-0.017256584,0.032601971,-0.086612407,0.68870284,0.6180425,0.37909347,1.1819799,0.73137724,0
8,1900,0.950000,9,1.6422687,0.18683909,1.4668937,0.61657063,0.025391857,0.032567014,0.033647186,0.15269789,0.019293928,0.0018815497,-0.78648114,0.59940709,-0.14885753,1.7202092,2.4903684,0
8,1900,0.950000,10,1.6422687,0.60278103,0.99717955,0.66568557,0.0022688188,-0.073014023,0.012561725,-0.029848498,-0.17921348,-0.053947575,-0.021446427,0.46732649,-0.88382464,2.6547719,1.6166559,0
8,1900,0.950000,11,1.6422687,0.6290039,1.3857564,0.19937015,-0.0038509666,-0.041297673,0.0064043421,0.033806227,0.15609914,0.12606948,-0.21209658,-0.089886701,0.97310607,0.23244505,-2.7407382,0
8,1900,0.950000,12,1.6422687,0.19913085,1.0471425,1.0152245,-0.0066647951,0.013917093,-0.01154235,0.039941855,-0.15994358,-0.15108145,0.21511062,0.85493085,-0.47203884,2.0623984,1.3243013,0
8,1900,0.950000,13,1.6422687,0.21656219,1.426064,1.430785,-0.027757236,0.0037835945,-0.01984689,-0.030609013,-0.0036216164,-0.030896013,0.054963048,0.44200611,0.89532657,0.46163248,1.4470823,0
8,1900,0.950000,14,1.6422687,0.65026799,1.0401114,1.4130986,-0.014007525,0.027773629,0.02167793,-0.2276527,-0.0090140293,0.020876541,0.99767723,-0.067300342,-0.010526534,1.5813231,-0.067354988,0
8,1900,0.950000,15,1.6422687,0.61992772,1.4486365,1.0449955,0.023273739,-0.036770231,-0.020418034,0.048002683,-0.18472541,-0.099912911,-0.46577925,-0.58294464,-0.66575164,2.299297,-2.244934,0
8,1900,0.950000,16,1.6422687,0.99635969,0.12336914,0.21773801,-0.034291842,-0.078526779,-0.00054065103,-0.0080039177,-0.010823263,-0.058632542,-0.30844869,0.80690286,0.50375309,1.0428584,1.9359189,0
8,1900,0.950000,17,1.6422687,0.99772244,0.60007023,0.5974373,-0.010349447,0.0011189595,0.0082545118,-0.08968332,0.082078573,0.071807773,0.81857045,-0.17200841,-0.54804701,2.1508239,-0.20711927,0
8,1900,0.950000,18,1.6422687,1.4243403,0.25158231,0.61422396,-0.023010582,0.034767194,0.0099911577,0.26539681,-0.22489174,0.036458199,0.50569439,0.69449693,0.51180778,1.0335086,0.94142984,0
8,1900,0.950000,19,1.6422687,1.4609,0.61351,0.21386327,0.02830164,-0.029544398,0.016896615,0.020730141,-0.032217975,-0.043209094,-0.65595601,0.39897911,-0.64073191,2.2662475,2.5951359,0
8,1900,0.950000,20,1.6422687,1.0160771,0.17649548,0.99985608,-0.038171394,-0.012097034,-0.0048813143,-0.13229293,0.002154683,0.048079058,0.22411936,0.29532018,0.9287392,0.37979892,0.92162162,0
8,1900,0.950000,21,1.6422687,1.0328827,0.63407238,1.4300289,-0.0021370299,0.032538775,0.003116012,-0.11345946,0.16493324,0.13183556,-0.41720322,-0.2828178,0.86368719,0.52825643,-2.5458604,0
8,1900,0.950000,22,1.6422687,1.4593985,0.18555654,1.3973475,-0.00030398193,-0.04106547,-0.065725529,-0.030108267,-0.15669103,0.060451394,0.70863108,-0.65840058,0.25367433,1.3143194,-0.74867048,0
8,1900,0.950000,23,1.6422687,1.4129088,0.63507608,1.0264329,-0.022245819,0.0049668878,0.034811781,-0.029260564,0.0088966393,0.086540446,-0.92582075,-0.27625411,-0.25795273,1.8316989,-2.8516151,0
8,1900,0.950000,24,1.6422687,1.0448985,1.0018948,0.18881739,0.023330786,-0.014614489,-0.0023850421,0.098593252,0.017048753,-0.075733259,0.96607648,0.033184551,-0.25611527,1.8297976,0.034336318,0
8,1900,0.950000,25,1.6422687,0.96678021,1.407598,0.59751099,-0.051763503,0.0090789612,0.0078279621,-0.13760292,-0.07126121,0.050475023,-0.63624449,0.2513848,0.72938236,0.75337765,2.7653113,0
8,1900,0.950000,26,1.6422687,1.4179562,1.0576146,0.58933178,-0.031824496,0.041164482,-0.059646308,-0.12369732,0.013243616,-0.080466226,0.36663411,0.87645867,0.31208913,1.2534051,1.1746032,0
8,1900,0.950000,27,1.6422687,1.4341304,1.4452691,0.19237382,-0.0028040034,0.047952161,0.036974957,-0.1315017,0.1473435,-0.02357338,-0.067242263,-0.66662355,0.74235538,0.73421732,-1.6713262,0
8,1900,0.950000,28,1.6422687,1.0436016,1.0633014,1.0040115,0.03311634,0.067035904,0.0089809826,0.2827817,-0.029076977,0.14841916,0.48160586,-0.58902886,-0.6489228,2.2769641,-0.88539928,0
8,1900,0.950000,29,1.6422687,1.0751269,1.4280074,1.4372381,0.021279851,-0.0014386106,0.02413286,0.051714548,0.080586553,0.093613919,0.70844984,0.15883189,-0.68765635,2.3290524,0.22054942,0
8,1900,0.950000,30,1.6422687,1.4488358,1.0411683,1.4162081,0.026683068,0.0075281149,0.02778073,-0.047861269,0.19192826,0.20928481,0.38441356,0.24061872,0.89125128,0.47069949,0.55927293,0
8,1900,0.950000,31,1.6422687,1.3930838,1.4915021,0.96273888,-0.076729735,0.033712153,-0.051379396,-0.13014116,-0.0079636978,-0.13453626,-0.63067274,-0.15402926,-0.76060955,2.4350478,-2.9020518,0
9,2000,1.000000,0,1.6501735,0.22755494,0.20682755,0.22834594,0.048220703,-0.017636364,-0.0086507767,0.079989006,0.085596335,-0.05673975,0.29003623,0.39067954,0.87364094,0.5081607,0.93218403,0
9,2000,1.000000,1,1.6501735,0.20149474,0.64464416,0.62241409,-0.045392348,-0.0070508501,-0.045307335,-0.072950265,-0.21569028,0.08156293,0.0095931102,0.00046558241,-0.99995388,3.1319881,0.048494948,0
9,2000,1.000000,2,1.6501735,0.60137519,0.2136301,0.63156635,0.042529169,0.013950086,-0.0099622782,0.063165141,0.12276092,-0.10505816,-0.051949763,0.96686284,0.24995495,1.3181626,1.6244749,0
9,2000,1.000000,3,1.6501735,0.62002246,0.64337715,0.2184262,0.015442448,0.031989766,0.0024132667,-0.056610954,0.095807042,-0.073589006,-0.66417429,0.64117265,-0.38440884,1.9653637,2.3738138,0
9,2000,1.000000,4,1.6501735,0.22322921,0.21250002,1.0604498,0.026648633,-0.01394469,0.016518764,0.182159,0.092114829,-0.069545582,-0.53613898,0.47715613,-0.69633112,2.3410692,2.4143378,0
9,2000,1.000000,5,1.6501735,0.19914487,0.61760631,1.4694048,0.012186343,0.0025253591,0.0045938431,0.06616806,-0.058054027,0.020300774,0.20253359,0.97426552,-0.098928449,1.6698869,1.3658322,0
9,2000,1.000000,6,1.6501735,0.65757504,0.20825936,1.4887376,0.025645032,0.0082682296,0.0061989757,0.014315288,-0.11123661,0.0092935152,0.45012108,-0.40538687,-0.79564596,2.4908695,-0.73315609,0
9,2000,1.000000,7,1.6501735,0.63159969,0.56738437,1.0971287,0.036896429,-0.027954722,0.024956572,-0.030035586,0.16867937,0.032907455,-0.51212039,0.44380559,0.73537018,0.74458355,2.4275377,0
9,2000,1.000000,8,1.6501735,0.21483435,1.0260728,0.20642793,0.013272758,-0.008418801,-0.023421434,-0.016543477,0.061031814,-0.063154314,0.7433836,0.55982216,0.36603275,1.196054,0.64546497,0
9,2000,1.000000,9,1.6501735,0.19529131,1.4756323,0.62011766,0.032926666,0.03424096,0.034225066,0.16012041,0.056755725,0.015709154,-0.73854602,0.67337045,-0.033496515,1.6042991,2.4023228,0
9,2000,1.000000,10,1.6501735,0.60670231,0.99344911,0.66567179,0.0032862625,-0.081523795,0.0093514785,0.076007211,-0.19525216,-0.084940688,-0.054388202,0.5623137,-0.82513346,2.5412347,1.6672186,0
9,2000,1.000000,11,1.6501735,0.63351088,1.4010423,0.20633094,-0.0023751365,-0.032702511,0.012391128,0.015167704,0.16378404,0.073230904,-0.26290778,0.21204838,0.94123057,0.34454105,2.4628703,0
9,2000,1.000000,12,1.6501735,0.20244824,1.0455605,1.0120407,-0.0043115421,0.0073107221,-0.019593505,0.047844375,-0.1452873,-0.14158982,0.25037014,0.84769391,-0.4676856,2.0574669,1.283607,0
9,2000,1.000000,13,1.6501735,0.21533453,1.4320865,1.4372863,-0.030021839,0.0029438873,-0.020231573,-0.022806296,0.00025179854,0.0059965001,0.087057886,0.41287039,0.90661952,0.4355941,1.3629805,0
9,2000,1.000000,14,1.6501735,0.64160531,1.0426346,1.4220885,-0.025771913,0.025296286,0.02386088,-0.24648148,-0.088146047,0.047420001,0.9875604,-0.020958885,-0.15583701,1.7272711,-0.021219703,0
9,2000,1.000000,15,1.6501735,0.62297645,1.4474235,1.0457131,0.02333839,-0.044936361,-0.024720073,-0.037715858,-0.17450228,-0.080188731,-0.49496749,-0.59084989,-0.63710563,2.2615336,-2.2681186,0
9,2000,1.000000,16,1.6501735,0.99783867,0.12407014,0.21771719,-0.037600735,-0.07841985,-0.0016069576,-0.12536767,0.026028835,2.8567568e-05,-0.35160205,0.87996025,0.31944634,1.2456512,1.9509284,0
9,2000,1.000000,17,1.6501735,1.0007216,0.60772294,0.60413373,-0.012148347,0.0058719166,0.012066124,0.00095051996,0.13001866,0.070024491,0.76064924,-0.1654295,-0.62773069,2.2494309,-0.21414977,0
9,2000,1.000000,18,1.6501735,1.4445884,0.24146354,0.61826617,-0.0096503905,0.023464615,0.011074299,0.22826521,-0.20834158,0.0086149793,0.60111534,0.58039178,0.54936848,0.98918806,0.76786002,0
9,2000,1.000000,19,1.6501735,1.4669474,0.61261504,0.20992643,0.027319599,-0.033383177,0.011942266,-0.026197977,-0.095726019,-0.11475111,-0.67732056,0.41515023,-0.6073608,2.2235305,2.5917199,0
9,2000,1.000000,20,1.6501735,1.0144889,0.17784912,1.0072188,-0.044634807,-0.011594133,-0.0023373671,-0.13253829,0.015075156,0.047337036,0.17371012,0.27174931,0.94656067,0.32839668,1.0020301,0
9,2000,1.000000,21,1.6501735,1.0319071,0.64550111,1.444348,-0.0080700597,0.040895436,0.010534088,-0.114137,0.17727581,0.17739526,-0.3660053,-0.38563865,0.8469492,0.56057563,-2.3300799,0
9,2000,1.000000,22,1.6501735,1.4621509,0.18013511,1.4055667,-0.004565903,-0.047364922,-0.064235813,-0.10188197,-0.10510661,-0.024613935,0.676469,-0.68107626,0.28022282,1.2867701,-0.78879196,0
9,2000,1.000000,23,1.6501735,1.4195783,0.63869795,1.0356833,-0.02237678,0.0055305733,0.039111315,-0.016903916,0.017566987,0.0636544,-0.974926,-0.15531192,-0.15936594,1.7308447,-2.9836138,0
9,2000,1.000000,24,1.6501735,1.0545299,1.0079585,0.18462883,0.027921669,-0.013376168,-0.0074702321,0.069205471,0.052661312,-0.14704916,0.9876645,0.0048762968,-0.15650899,1.7279514,0.0049371595,0
9,2000,1.000000,25,1.6501735,0.9654927,1.4099046,0.60349693,-0.057690221,0.0046210913,0.010930421,-0.13938486,-0.098708032,0.082402001,-0.69496227,0.21750133,0.68536167,0.81569608,2.838281,0
9,2000,1.000000,26,1.6501735,1.4201365,1.0613095,0.59000412,-0.036458192,0.039772084,-0.061805445,-0.043678772,-0.063993495,-0.025519764,0.47536592,0.84796376,0.2344882,1.3341043,1.0598537,0
9,2000,1.000000,27,1.6501735,1.4354808,1.4603474,0.19300193,-0.0083432711,0.056054488,0.036677816,-0.10861722,0.15835846,0.045673101,-0.026894225,-0.71174409,0.70192382,0.79270138,-1.6085647,0
9,2000,1.000000,28,1.6501735,1.0637068,1.0651112,1.0147777,0.048162173,0.06373559,0.014900318,0.27420709,-0.050879672,0.099898424,0.52729122,-0.53238431,-0.66221667,2.2945695,-0.79020439,0
9,2000,1.000000,29,1.6501735,1.0834255,1.4378693,1.4468713,0.024396037,0.0015426491,0.026841615,0.069656718,0.044481893,-0.011220068,0.7389605,0.2991135,-0.60371226,2.2189459,0.38461686,0
9,2000,1.000000,30,1.6501735,1.4521048,1.0568614,1.4327143,0.022987216,0.018184114,0.037447002,-0.056094582,0.20645137,0.19404106,0.42146476,0.22999168,0.87719512,0.50080754,0.49953287,0
9,2000,1.000000,31,1.6501735,1.394655,1.4971415,0.96179875,-0.081851551,0.032176141,-0.05694016,-0.054510549,-0.057179263,-0.094146114,-0.69677493,-0.27734338,-0.66150234,2.2936166,-2.7627782,0
10,2100,1.050000,0,1.6516809,0.23145237,0.21133745,0.22523486,0.05190857,-0.013317381,-0.011968942,0.060880159,0.086164099,-0.053406048,0.34384685,0.28954585,0.8932707,0.46622695,0.6998769,0
10,2100,1.050000,1,1.6516809,0.19804087,0.63614893,0.62879664,-0.049028633,-0.016130823,-0.039496018,-0.080937806,-0.14499623,0.14678848,0.12295379,-0.097551652,-0.98760622,2.9839889,-0.67070413,0
10,2100,1.050000,2,1.6516809,0.6056438,0.2181805,0.62645427,0.04624672,0.018303342,-0.015648712,0.082291142,0.04313797,-0.094798136,-0.095446119,0.97033497,0.22212627,1.3468017,1.668845,0
10,2100,1.050000,3,1.6516809,0.61851063,0.64715382,0.21463702,0.013365176,0.035177253,-0.001573634,-0.064587444,0.036074458,-0.098851083,-0.73413029,0.5848443,-0.34497807,1.9230118,2.4688982,0
10,2100,1.050000,4,1.6516809,0.23249194,0.21698959,1.0584407,0.035703314,-0.0096511955,0.01354231,0.16365822,0.082853333,-0.082984791,-0.45040421,0.59698572,-0.6638856,2.296799,2.2171483,0
10,2100,1.050000,5,1.6516809,0.20234704,0.61479215,1.4709821,0.015205212,-0.00085144373,0.004828767,0.072641505,-0.063412428,-0.0086471096,0.43695511,0.89947318,0.0042697933,1.5665265,1.1185812,0
10,2100,1.050000,6,1.6516809,0.65816344,0.20296936,1.4906265,0.025632735,0.002790484,0.0067276256,-0.026656159,-0.078892855,0.025522247,0.52888597,-0.50419681,-0.68268968,2.3222336,-0.76150418,0
10,2100,1.050000,7,1.6516809,0.63249236,0.57678909,1.1005158,0.037211981,-0.019072378,0.027340386,0.049079227,0.19232761,0.061822198,-0.52541692,0.39403297,0.75410548,0.71650531,2.4981277,0
10,2100,1.050000,8,1.6516809,0.21086631,1.0299846,0.2045031,0.009110374,-0.0054455939,-0.025533874,-0.13894653,0.052650464,-0.058091073,0.77050224,0.50528364,0.38860614,1.171678,0.5804311,0
10,2100,1.050000,9,1.6516809,0.2031391,1.4797066,0.62153869,0.04059256,0.036966039,0.035079219,0.1404061,0.046273988,0.017634479,-0.70974789,0.69801881,0.095014073,1.4756387,2.364526,0
10,2100,1.050000,10,1.6516809,0.61189735,0.9854696,0.66218447,0.0079249643,-0.090406772,0.0052579311,0.10840901,-0.1811015,-0.069359008,-0.044291938,0.67532385,-0.73619014,2.3982199,1.6362887,0
10,2100,1.050000,11,1.6516809,0.63331524,1.4111307,0.21098211,-0.0031491423,-0.023898063,0.016851774,-0.07210557,0.22026056,0.10255808,-0.31777492,0.51458158,0.79638238,0.64950647,2.1240134,0
10,2100,1.050000,12,1.6516809,0.20463341,1.039515,1.00386,-0.0023122192,0.000313273,-0.028694525,0.0093043849,-0.12691181,-0.20220377,0.26065467,0.83070265,-0.49192708,2.0850981,1.2667493,0
10,2100,1.050000,13,1.6516809,0.21557701,1.4298959,1.4394259,-0.02997609,-0.00055332964,-0.01940532,0.026066632,-0.12730653,0.041328675,0.12356166,0.35026976,0.92846304,0.38054314,1.2316636,0
10,2100,1.050000,14,1.6516809,0.62960544,1.0382348,1.4263513,-0.038352159,0.019946507,0.026823264,-0.2643257,-0.087175091,0.068683865,0.97273896,0.020628909,-0.23098348,1.8038847,0.021203857,0
10,2100,1.050000,15,1.6516809,0.62182516,1.441963,1.0450019,0.021618783,-0.051715991,-0.026385723,0.0050856056,-0.13236124,0.028490784,-0.53993389,-0.5569603,-0.63108368,2.2537458,-2.3406734,0
10,2100,1.050000,16,1.6516809,0.99545843,0.12866703,0.21928406,-0.040891005,-0.073938352,-0.00023959815,-0.041924088,0.1246293,0.055684732,-0.355789,0.92405878,0.13974822,1.4305892,1.93833,0
10,2100,1.050000,17,1.6516809,1.0023135,0.61508329,0.6099186,-0.011470924,0.012674001,0.017296726,0.053716788,0.1285873,0.11911783,0.69650231,-0.15442523,-0.70074059,2.3472314,-0.21818584,0
10,2100,1.050000,18,1.6516809,1.4565441,0.23115172,0.61885657,0.00098072617,0.012937019,0.01109989,0.19566308,-0.19525614,-0.017827727,0.67008696,0.42514828,0.60846726,0.9166686,0.56537833,0
10,2100,1.050000,19,1.6516809,1.465929,0.609161,0.2039028,0.024962233,-0.037395018,0.005729704,-0.070585551,-0.061640302,-0.15238704,-0.69437723,0.40719038,-0.59332644,2.2059813,2.6112251,0
10,2100,1.050000,20,1.6516809,1.0093296,0.17987645,1.0092698,-0.050718075,-0.0097301263,-0.0012069633,-0.083725482,0.014542456,0.014505574,0.17925199,0.18543447,0.96616913,0.26085769,0.8023494,0
10,2100,1.050000,21,1.6516809,1.0275425,0.65372167,1.4555338,-0.013374851,0.04852284,0.020395925,-0.080889785,0.1190118,0.18696388,-0.35253155,-0.49057503,0.79690504,0.64864178,-2.1939026,0
10,2100,1.050000,22,1.6516809,1.4581555,0.17823632,1.4061464,-0.0098945926,-0.049427329,-0.064939823,-0.098582792,0.027819678,-0.020721851,0.64384968,-0.70897068,0.28778145,1.2788869,-0.83349824,0
10,2100,1.050000,23,1.6516809,1.4202424,0.64049768,1.0392669,-0.023009265,0.0067462909,0.041747582,-0.022956838,0.028441407,0.024374397,-0.99697149,-0.043537001,-0.064439002,1.63528,-3.0979511,0
10,2100,1.050000,24,1.6516809,1.0581508,1.0114221,0.17783476,0.03057805,-0.01083456,-0.014429794,0.060714239,0.050971393,-0.14511356,0.99868402,0.019989856,-0.047229496,1.6180434,0.020013525,0
10,2100,1.050000,25,1.6516809,0.96200582,1.4052925,0.6077648,-0.062057097,-0.0012763233,0.014645301,-0.051048764,-0.1514419,0.072547776,-0.79026877,0.20176153,0.57859101,0.95379621,2.891625,0
10,2100,1.050000,26,1.6516809,1.4210768,1.0567217,0.58825835,-0.03681505,0.034217248,-0.064089148,0.025074378,-0.15754758,-0.043574879,0.59523825,0.78454404,0.17372988,1.3961804,0.92174664,0
10,2100,1.050000,27,1.6516809,1.4337219,1.4678504,0.19470799,-0.011412073,0.062220572,0.038206871,-0.017282728,0.10639716,0.0010903249,-0.01553731,-0.77760269,0.62856396,0.89109088,-1.5907747,0
10,2100,1.050000,28,1.6516809,1.0763787,1.0661762,1.0207276,0.059857069,0.063827523,0.019920952,0.17754833,0.028799888,0.1323132,0.59765532,-0.46835993,-0.65072813,2.2793393,-0.66469922,0
10,2100,1.050000,29,1.6516809,1.0861009,1.4410092,1.4469402,0.026080929,0.0033681386,0.025589312,-0.0027243187,0.0090021231,-0.021849371,0.73004921,0.40390168,-0.55126362,2.1546743,0.50533704,0
10,2100,1.050000,30,1.6516809,1.449964,1.0676918,1.4413054,0.019521484,0.028044563,0.044725948,-0.055126874,0.19563666,0.11609191,0.4472691,0.22581753,0.8654229,0.52480253,0.46754452,0
10,2100,1.050000,31,1.6516809,1.3936264,1.494027,0.9571225,-0.08415313,0.027695992,-0.062492487,-0.065447082,-0.10029347,-0.12183375,-0.73745731,-0.39878325,-0.54509507,2.1472988,-2.6458755,0
11,2200,1.100000,0,1.6555349,0.23515598,0.21687275,0.22188102,0.055068437,-0.0082810742,-0.015843817,0.05561966,0.084199844,-0.1079959,0.32374386,0.18050661,0.92876654,0.37972518,0.50862885,0
11,2200,1.100000,1,1.6555349,0.19450689,0.62965054,0.63641768,-0.053020061,-0.024104281,-0.033349359,-0.061046254,-0.19733594,0.090746437,0.24404714,-0.16578298,-0.95548783,2.8421052,-0.59670276,0
11,2200,1.100000,2,1.6555349,0.60979987,0.22126707,0.62313006,0.048986412,0.020877822,-0.020429093,0.023444652,0.028545399,-0.084880698,-0.13032516,0.97762823,0.16510115,1.4049358,1.7033225,0
11,2200,1.100000,3,1.6555349,0.61913294,0.65168141,0.21038346,0.012545225,0.038191279,-0.0063224829,0.014413628,0.10090357,-0.077294586,-0.80362322,0.52388857,-0.28236587,1.8570558,2.5638772,0
11,2200,1.100000,4,1.6555349,0.24032466,0.22054152,1.0547845,0.042985054,-0.0066091325,0.0074235539,0.13031735,0.039227645,-0.15523,-0.35903347,0.69389249,-0.62418602,2.2448856,2.0482822,0
11,2200,1.100000,5,1.6555349,0.20588999,0.61339036,1.4746135,0.018272439,-0.003684467,0.0050275549,0.063577988,-0.047117512,-0.00065440939,0.58682407,0.80340155,0.1009131,1.4697112,0.93994178,0
11,2200,1.100000,6,1.6555349,0.65928028,0.19820233,1.4943824,0.025214328,-0.0024440468,0.007005028,0.011151184,-0.10098536,-0.024618577,0.62089837,-0.54320776,-0.56516418,2.1714286,-0.71875855,0
11,2200,1.100000,7,1.6555349,0.63504629,0.58632984,1.1062922,0.038288822,-0.010887019,0.030545063,-0.019255427,0.1650128,0.08348877,-0.50688366,0.34148491,0.79149037,0.65755265,2.5487402,0
11,2200,1.100000,8,1.6555349,0.20359052,1.0366063,0.20252244,0.0013515923,-0.0012322042,-0.027988861,-0.15176531,0.10634939,-0.014979653,0.75944841,0.48737455,0.43093405,1.1252687,0.57055232,0
11,2200,1.100000,9,1.6555349,0.21012343,1.4827403,0.62310106,0.047095313,0.036547561,0.03519118,0.14011294,-0.051396888,0.017088189,-0.67335123,0.69790361,0.24398497,1.3243234,2.3382914,0
11,2200,1.100000,10,1.6555349,0.6193516,0.98104568,0.65849387,0.013944418,-0.097122331,2.8305837e-05,0.094001734,-0.074843279,-0.11237043,-0.020942027,0.76633221,-0.64210309,2.2680348,1.5981171,0
11,2200,1.100000,11,1.6555349,0.63059871,1.4250058,0.21590823,-0.0073385465,-0.013327906,0.021280439,-0.10094585,0.22207079,0.065223326,-0.37073541,0.77244967,0.51563238,1.0290508,2.0182738,0
11,2200,1.100000,12,1.6555349,0.20447526,1.0355079,0.99655216,-0.0029471217,-0.0061118787,-0.038333494,0.0063654092,-0.086347514,-0.1549456,0.27503845,0.78294676,-0.55798587,2.162753,1.2329761,0
11,2200,1.100000,13,1.6555349,0.21576967,1.4272556,1.4474163,-0.030286089,-0.0065231362,-0.014778943,-0.005847766,-0.13222945,0.11031366,0.21386978,0.29938346,0.92985443,0.37677932,0.95049277,0
11,2200,1.100000,14,1.6555349,0.61893818,1.0381401,1.4307791,-0.050474394,0.017432161,0.0279216,-0.24183091,-0.0064020417,0.0071537964,0.9568801,0.10835224,-0.26951858,1.8436894,0.11275464,0
11,2200,1.100000,15,1.6555349,0.62472417,1.4378701,1.0497287,0.023065169,-0.059164895,-0.024099959,0.042845152,-0.14702282,0.061443499,-0.56763946,-0.51124095,-0.64530468,2.2722184,-2.408422,0
11,2200,1.100000,16,1.6555349,0.99574924,0.1379938,0.22473874,-0.042920596,-0.064922313,0.0046976579,-0.012340809,0.26188189,0.14037626,-0.3058725,0.95205123,-0.0063611922,1.5771576,1.8816575,0
11,2200,1.100000,17,1.6555349,1.0084342,0.62027585,0.61816573,-0.0076934168,0.016426974,0.02411275,0.060495874,-0.0051393312,0.18296911,0.62826781,-0.1276286,-0.76745716,2.4456616,-0.20041644,0
11,2200,1.100000,18,1.6555349,1.4682172,0.22302696,0.62030964,0.0092455491,0.0042829807,0.01110893,0.13092791,-0.18515225,-0.014975857,0.70576079,0.29922464,0.64215755,0.87348682,0.40100179,0
11,2200,1.100000,19,1.6555349,1.4668726,0.60686277,0.19636547,0.022488135,-0.041110307,-0.0022740786,-0.024079094,-0.10464798,-0.16969339,-0.69365304,0.40746235,-0.59398644,2.2068015,2.6104781,0
11,2200,1.100000,20,1.6555349,1.0070716,0.17946755,1.010308,-0.055325864,-0.010557772,-0.002522194,-0.070121593,-0.051805633,-0.046591267,0.22417022,0.046526023,0.97343877,0.23099633,0.20464236,0
11,2200,1.100000,21,1.6555349,1.0259217,0.66081165,1.4681103,-0.017388646,0.054080974,0.029565463,-0.071774247,0.11136061,0.16977796,-0.30295333,-0.63892744,0.70710042,0.78540716,-2.0135584,0
11,2200,1.100000,22,1.6555349,1.4569335,0.18058744,1.4099825,-0.014513595,-0.047494344,-0.064385345,-0.10395149,0.043349338,0.012869172,0.61986017,-0.72724483,0.29476825,1.2715833,-0.86494509,0
11,2200,1.100000,23,1.6555349,1.4222084,0.6431339,1.0434607,-0.024355552,0.007886668,0.043514333,-0.031135579,-0.014872825,0.065458025,-0.99434587,0.10593017,-0.0074218955,1.5782183,3.0354604,0
11,2200,1.100000,24,1.6555349,1.0633686,1.0188471,0.17191685,0.033323613,-0.0057754104,-0.020755284,0.029946491,0.12061882,-0.12202999,0.99538258,0.051320459,0.081115578,1.4895915,0.051512913,0
11,2200,1.100000,25,1.6555349,0.96554708,1.3991176,0.61052425,-0.060762059,-0.01071931,0.015985056,0.067419977,-0.17848117,-0.017225203,-0.85891619,0.23372193,0.45567208,1.0976692,2.8759128,0
11,2200,1.100000,26,1.6555349,1.4257099,1.0502608,0.58862256,-0.03549933,0.025301049,-0.065096381,0.044850511,-0.20291104,-0.010749502,0.71246537,0.69361075,0.10628837,1.4643068,0.77198958,0
11,2200,1.100000,27,1.6555349,1.4388767,1.4761806,0.19730885,-0.00960478,0.067120028,0.040350903,0.093909629,0.11096548,0.052945191,-0.010836227,-0.84831309,0.52938405,1.012922,-1.5835695,0
11,2200,1.100000,28,1.6555349,1.0840002,1.0702552,1.0288321,0.064960968,0.0654169,0.025637022,0.015652409,0.013784439,0.1057899,0.66015415,-0.44589366,-0.60446285,2.2198878,-0.59405099,0
11,2200,1.100000,29,1.6555349,1.0875819,1.4451494,1.4517009,0.0250289,0.0041450548,0.026972192,-0.036214451,0.047161888,0.032213591,0.73161194,0.47086877,-0.49297726,2.0863047,0.57186615,0
11,2200,1.100000,30,1.6555349,1.4502786,1.0817536,1.4498337,0.016456372,0.03960162,0.049885141,-0.059456359,0.24012131,0.10405109,0.4537281,0.20092771,0.86819287,0.51924743,0.41688145,0
11,2200,1.100000,31,1.6555349,1.3947681,1.4927353,0.95143124,-0.086260836,0.022923791,-0.070407844,-0.039081118,-0.091300285,-0.15786127,-0.77005087,-0.48040779,-0.4197976,2.0040186,-2.5838099,0
12,2300,1.150000,0,1.6609727,0.23653096,0.21999021,0.21584442,0.055670029,-0.0058798981,-0.022598143,-0.021238733,-0.012478873,-0.14092472,0.27905964,0.095162976,0.95554682,0.29928745,0.3286463,0
12,2300,1.150000,1,1.6609727,0.19187768,0.62205093,0.64239687,-0.056282805,-0.033756245,-0.029466928,-0.068702844,-0.17416991,0.056993664,0.37265695,-0.2136979,-0.90302824,2.6975637,-0.52066413,0
12,2300,1.150000,2,1.6609727,0.61277284,0.22402161,0.62050013,0.049954825,0.022902262,-0.025098123,0.0039217712,0.071909921,-0.11143451,-0.14877684,0.98598775,0.07545605,1.4952685,1.7205577,0
12,2300,1.150000,3,1.6609727,0.62325782,0.65784809,0.20754926,0.014633062,0.04221083,-0.0098419441,0.022077951,0.050797007,-0.056535904,-0.86725138,0.4644702,-0.17928321,1.7510541,2.6498988,0
12,2300,1.150000,4,1.6609727,0.24775089,0.22214715,1.0523675,0.049611047,-0.0057293405,0.0015515382,0.14135645,-0.027737463,-0.11902576,-0.2735755,0.75425934,-0.59686623,2.210386,1.9187467,0
12,2300,1.150000,5,1.6609727,0.20811224,0.61262924,1.4784446,0.019815888,-0.0064558119,0.00401678,0.020654889,-0.056240363,-0.035651168,0.69412419,0.68359924,0.22557415,1.343264,0.77775894,0
12,2300,1.150000,6,1.6609727,0.66356374,0.19578576,1.4991921,0.027328825,-0.0055066199,0.0069064053,0.051065142,-0.03989367,-0.023169252,0.71867517,-0.57243363,-0.3947477,1.9765896,-0.67261069,0
12,2300,1.150000,7,1.6609727,0.63596388,0.59658144,1.1128479,0.037122435,-0.002574926,0.033462232,-0.036748675,0.15963582,0.07429602,-0.44167226,0.2726036,0.85475897,0.54571006,2.5886163,0
12,2300,1.150000,8,1.6609727,0.19757637,1.0465181,0.20258215,-0.0053203403,0.0052640449,-0.028593367,-0.1298032,0.17835929,0.04287392,0.73564804,0.5021383,0.45461971,1.0988511,0.59893845,0
12,2300,1.150000,9,1.6609727,0.21712965,1.4850951,0.62516729,0.053401012,0.034036135,0.035210725,0.11918924,-0.064757706,-0.022808935,-0.61916961,0.67940442,0.39374945,1.1660893,2.3098424,0
12,2300,1.150000,10,1.6609727,0.62521215,0.97876178,0.655807,0.017764355,-0.10261959,-0.0048135371,0.10676069,-0.082950179,-0.097737105,0.0051554987,0.83539121,-0.54963165,2.1527196,1.564625,0
12,2300,1.150000,11,1.6609727,0.62587859,1.4408206,0.22095214,-0.014118834,-0.0022119654,0.02560807,-0.17060023,0.22868068,0.0950004,-0.41583456,0.89730261,0.14808663,1.422163,2.0047602,0
12,2300,1.150000,12,1.6609727,0.20451386,1.0354152,0.99283873,-0.0035791085,-0.0096001943,-0.045308793,-0.039901098,-0.052845434,-0.11830337,0.28050326,0.7064979,-0.64975276,2.2780555,1.19285,0
12,2300,1.150000,13,1.6609727,0.21587101,1.4255508,1.4580182,-0.030892482,-0.012905489,-0.0089409242,-0.032354883,-0.16259496,0.11712955,0.31232928,0.24343165,0.91825457,0.40714638,0.66205753,0
12,2300,1.150000,14,1.6609727,0.60993912,1.0420736,1.4377406,-0.061488377,0.017954898,0.030179764,-0.17538317,0.034732797,0.075183052,0.94286969,0.1702287,-0.2863895,1.8612527,0.17861903,0
12,2300,1.150000,15,1.6609727,0.62782918,1.4350656,1.0580246,0.024116462,-0.066679932,-0.019259998,0.0083358537,-0.14215311,0.13509653,-0.58645685,-0.45609763,-0.66936038,2.3041438,-2.4805872,0
12,2300,1.150000,16,1.6609727,0.99911811,0.15213392,0.23186542,-0.042822561,-0.051257853,0.011075693,0.0042356209,0.26126925,0.11398751,-0.2549958,0.95500769,-0.15145114,1.7228325,1.8317184,0
12,2300,1.150000,17,1.6609727,1.0166502,0.62084982,0.62867742,-0.0027977479,0.014965956,0.032580101,0.13717902,-0.049759179,0.1983059,0.53440053,-0.059064732,-0.84316513,2.5739396,-0.11007843,0
12,2300,1.150000,18,1.6609727,1.4791288,0.21355671,0.62113545,0.015324648,-0.0059031331,0.0098992325,0.10622463,-0.20278537,-0.019703974,0.70644216,0.24655018,0.66343989,0.84538951,0.33578603,0
12,2300,1.150000,19,1.6609727,1.4715012,0.60381296,0.18901108,0.022298901,-0.046145189,-0.010260362,0.0010960909,-0.10532359,-0.17904981,-0.65442029,0.46289467,-0.59788177,2.2116523,2.5259605,0
12,2300,1.150000,20,1.6609727,1.006875,0.17801205,1.011679,-0.058824623,-0.01259941,-0.0044665548,-0.063620961,-0.013224741,-0.067505249,0.25592467,-0.11255983,0.96012127,0.28336069,-0.41435293,0
12,2300,1.150000,21,1.6609727,1.0262942,0.67015282,1.4804451,-0.020380994,0.061239882,0.037065738,-0.04996364,0.12191356,0.11659665,-0.27671846,-0.73636644,0.61740696,0.90535424,-1.9302586,0
12,2300,1.150000,22,1.6609727,1.4585691,0.18594363,1.4145412,-0.017658358,-0.042739123,-0.064457859,-0.054941233,0.17222907,-0.041290816,0.62351575,-0.72991392,0.28009602,1.2869022,-0.86385056,0
12,2300,1.150000,23,1.6609727,1.4251124,0.64130988,1.0506792,-0.026120141,0.0039566307,0.047299226,-0.024948072,-0.12612046,0.072645139,-0.97863359,0.1932044,0.070344521,1.5003937,2.9466766,0
12,2300,1.150000,24,1.6609727,1.0665268,1.0299356,0.16617736,0.032989598,0.0019537985,-0.027049139,-0.033005202,0.17295989,-0.093752517,0.97290978,0.079709951,0.21700893,1.352047,0.081746856,0
12,2300,1.150000,25,1.6609727,0.971365,1.3951311,0.60965076,-0.058119938,-0.019287351,0.013110925,0.079434309,-0.17125463,-0.06860135,-0.88432741,0.28868738,0.36691229,1.1951087,2.8260512,0
12,2300,1.150000,26,1.6609727,1.4336366,1.044584,0.58966738,-0.032260885,0.016189429,-0.065983517,0.074216427,-0.14489843,-0.0025385616,0.7694135,0.637817,0.034530316,1.5362591,0.69215481,0
12,2300,1.150000,27,1.6609727,1.4493231,1.4852914,0.19911373,-0.0038939514,0.071375179,0.041505803,0.10905376,0.091860675,0.0071340718,-0.06445832,-0.9105245,0.40839964,1.1500962,-1.6414709,0
12,2300,1.150000,28,1.6609727,1.0865414,1.0754202,1.0362685,0.063943345,0.067063778,0.029687472,-0.06626646,0.043472022,0.077927421,0.6819639,-0.45486266,-0.57273485,2.1806345,-0.58822597,0
12,2300,1.150000,29,1.6609727,1.0872933,1.451518,1.456193,0.021174318,0.0057642347,0.026696455,-0.093534439,0.0074194343,-0.0082543635,0.69631643,0.54527405,-0.46671153,2.0563652,0.66434068,0
12,2300,1.150000,30,1.6609727,1.4533083,1.0956469,1.4584244,0.014725207,0.049924841,0.053707411,0.029372347,0.19154486,0.064847374,0.42021123,0.20858853,0.88312703,0.48830984,0.4607552,0
12,2300,1.150000,31,1.6609727,1.4001978,1.4919043,0.95120137,-0.085413815,0.017199072,-0.073757331,0.080888556,-0.15951747,-0.0073303788,-0.80688043,-0.50647237,-0.30402256,1.8797086,-2.5810599,0
13,2400,1.200000,0,1.6610559,0.23477331,0.22152298,0.20927969,0.053900569,-0.0043581894,-0.029173525,-0.035187983,0.06160475,-0.13053838,0.25637327,0.04141551,0.96569017,0.26270835,0.16016016,0
13,2400,1.200000,1,1.6610559,0.18918961,0.61505858,0.64303536,-0.058980422,-0.040779588,-0.028860646,-0.065269734,-0.13404272,-0.020516059,0.48946493,-0.25585878,-0.83364283,2.5564673,-0.48166706,0
13,2400,1.200000,2,1.6610559,0.61259507,0.22795017,0.6152206,0.049746358,0.026819497,-0.030408613,0.014999117,0.086064347,-0.064765106,-0.11370916,0.99349733,-0.005769172,1.5765655,1.6847539,0
13,2400,1.200000,3,1.6610559,0.62345934,0.66145061,0.20681503,0.014803345,0.045780303,-0.01058656,0.020759628,0.089056206,0.01318844,-0.91554777,0.39731586,-0.062549088,1.6333863,2.732153,0
13,2400,1.200000,4,1.6610559,0.25435386,0.22009739,1.0464636,0.056201439,-0.0077901789,-0.0044049495,0.13376685,-0.01881589,-0.11753352,-0.18110043,0.82370464,-0.53732049,2.1380531,1.7872139,0
13,2400,1.200000,5,1.6610559,0.20661744,0.60957637,1.4750474,0.018310692,-0.0095392924,0.00054556372,-0.046996074,-0.093672425,-0.086550462,0.78834674,0.50496849,0.35144878,1.2116782,0.56969697,0
13,2400,1.200000,6,1.6610559,0.66585477,0.19614332,1.4956191,0.029586556,-0.0051588818,0.0032584199,0.046423436,0.0067015468,-0.10714915,0.7860669,-0.5705555,-0.2378345,1.8109321,-0.62785582,0
13,2400,1.200000,7,1.6610559,0.63498131,0.60191287,1.1148898,0.036108024,0.0027264755,0.035448349,-0.014991612,0.065377603,0.012161665,-0.35467674,0.18741698,0.91601271,0.41277112,2.6554713,0
13,2400,1.200000,8,1.6610559,0.19383919,1.0557468,0.20489531,-0.0090673203,0.014440092,-0.026290414,-0.049465446,0.18340118,0.070778216,0.71885919,0.51992477,0.46143222,1.0911874,0.62616918,0
13,2400,1.200000,9,1.6610559,0.22435176,1.4816206,0.62523543,0.06061206,0.030487324,0.03524754,0.17403601,-0.11968184,0.048836035,-0.54886791,0.6493996,0.52633086,1.0165168,2.272493,0
13,2400,1.200000,10,1.6610559,0.62857294,0.97291791,0.65058565,0.021093739,-0.10851235,-0.010067615,0.018336745,-0.15831002,-0.11967927,0.038550933,0.88710866,-0.45994788,2.0487328,1.5273668,0
13,2400,1.200000,11,1.6610559,0.61672402,1.4515484,0.22714245,-0.02330454,0.0084434192,0.031787153,-0.18150633,0.21327233,0.14190325,-0.42968987,0.87796008,-0.21107513,1.7834711,2.0259429,0
13,2400,1.200000,12,1.6610559,0.20227782,1.0321326,0.98742819,-0.0058253364,-0.012934516,-0.050768946,-0.047818042,-0.042919206,-0.12282733,0.26109693,0.59101621,-0.76323538,2.4391021,1.1548023,0
13,2400,1.200000,13,1.6610559,0.21269758,1.4175862,1.461252,-0.034076647,-0.020941244,-0.0057801953,-0.042390572,-0.13315672,0.050398591,0.35802564,0.17734759,0.9167145,0.41101816,0.45991978,0
13,2400,1.200000,14,1.6610559,0.60022362,1.0450902,1.4413115,-0.071234194,0.020919208,0.033678489,-0.17497454,0.077727292,0.063317586,0.93920767,0.21881665,-0.26459069,1.8385758,0.22889686,0
13,2400,1.200000,15,1.6610559,0.6286808,1.4279235,1.0656975,0.024936607,-0.073893722,-0.011640274,-0.0021815231,-0.12425718,0.14261255,-0.59572473,-0.40898784,-0.69126044,2.3340282,-2.5399586,0
13,2400,1.200000,16,1.6610559,0.99962063,0.1651895,0.23761806,-0.042370121,-0.038210228,0.016816572,0.039899965,0.21277341,0.13613683,-0.18142391,0.94407735,-0.27532403,1.8497231,1.7606524,0
13,2400,1.200000,17,1.6610559,1.0240797,0.61844579,0.63774933,0.0045805756,0.012530886,0.041620293,0.16321778,-0.040498189,0.15477643,0.40707691,0.037219327,-0.91263525,2.7204814,0.091177196,0
13,2400,1.200000,18,1.6610559,1.4834961,0.20373453,0.61904998,0.019617795,-0.015735758,0.0077826943,0.047781701,-0.15817857,-0.079464352,0.69439076,0.27666425,0.66428786,0.84425564,0.37914988,0
13,2400,1.200000,19,1.6610559,1.4709943,0.59902403,0.18015978,0.021718266,-0.050964255,-0.019120914,0.0056177111,-0.093111211,-0.1833959,-0.55808307,0.55729292,-0.61479093,2.2329172,2.3569029,0
13,2400,1.200000,20,1.6610559,1.0049219,0.17882519,1.0103208,-0.060828103,-0.01179521,-0.0058753987,-0.068424628,0.037640828,-0.033767279,0.27752762,-0.26812306,0.92254455,0.39617301,-0.76816438,0
13,2400,1.200000,21,1.6610559,1.0253662,0.67518434,1.4841229,-0.021360358,0.066237697,0.040669236,0.0035704843,0.085357303,0.0048259666,-0.27342852,-0.78810157,0.55148233,0.98665615,-1.9047477,0
13,2400,1.200000,22,1.6610559,1.4574994,0.19630945,1.4118289,-0.018801056,-0.032382875,-0.067240978,-0.0017991886,0.23725028,-0.072794648,0.64307165,-0.72187849,0.25563706,1.3122897,-0.84307019,0
13,2400,1.200000,23,1.6610559,1.4233677,0.63231356,1.0561291,-0.027936238,-0.0050716015,0.05269638,-0.03567218,-0.21723521,0.12194893,-0.96234824,0.20463209,0.1789178,1.3909099,2.9320749,0
13,2400,1.200000,24,1.6610559,1.065089,1.0394459,0.16132213,0.031498344,0.011412266,-0.031912566,-0.017450625,0.20862827,-0.10605204,0.92608305,0.09253208,0.36579775,1.1963065,0.099587157,0
13,2400,1.200000,25,1.6610559,0.97351104,1.386014,0.60654184,-0.056022621,-0.028474058,0.0099715339,0.021607991,-0.15841004,-0.054172748,-0.87917335,0.3508253,0.32245283,1.2424767,2.7619142,0
13,2400,1.200000,26,1.6610559,1.437782,1.0382531,0.5906925,-0.028187477,0.0098063983,-0.064987973,0.073841498,-0.11576848,0.065366795,0.79591731,0.60379583,-0.044116133,1.6149268,0.64899277,0
13,2400,1.200000,27,1.6610559,1.4552066,1.4887921,0.20096592,0.0019167801,0.074801352,0.043347972,0.094570056,0.057781712,0.082153182,-0.11930678,-0.94755776,0.29647965,1.2697919,-1.696047,0
13,2400,1.200000,28,1.6610559,1.0794736,1.076691,1.0412074,0.056821284,0.068280658,0.034574304,-0.19651226,0.0044875745,0.1420222,0.67207075,-0.4854344,-0.55917292,2.1641842,-0.62553391,0
13,2400,1.200000,29,1.6610559,1.0823548,1.4527189,1.4560807,0.016181435,0.0068923891,0.026511201,-0.11471697,0.052260408,0.012774726,0.61256035,0.63171935,-0.47507945,2.0658506,0.80079461,0
13,2400,1.200000,30,1.6610559,1.4572074,1.1034498,1.4611212,0.018551424,0.05767265,0.056331123,0.080447753,0.12663298,0.01158816,0.31492547,0.221978,0.92279343,0.39552755,0.6139795,0
13,2400,1.200000,31,1.6610559,1.407466,1.4841831,0.95151771,-0.078215977,0.0094032932,-0.073488655,0.18176713,-0.20183083,0.022690041,-0.82807536,-0.49324444,-0.26646035,1.8405151,-2.6043766,0
14,2500,1.250000,0,1.6702762,0.23303609,0.22593762,0.2042061,0.050868561,-0.0011819699,-0.035391578,-0.098013059,0.063267953,-0.10010987,0.22900247,0.017534683,0.9732679,0.23174149,0.076420723,0
14,2500,1.250000,1,1.6702762,0.18589184,0.61235082,0.64514331,-0.063316341,-0.04688452,-0.030318028,-0.094124974,-0.10330988,-0.038885789,0.59002383,-0.26223235,-0.76361382,2.4396881,-0.41822367,0
14,2500,1.250000,2,1.6702762,0.61504028,0.23298351,0.61446945,0.048793801,0.030577124,-0.034563231,0.00068904273,0.024892499,-0.071389788,-0.047532827,0.98989768,-0.13357847,1.7047753,1.6187774,0
14,2500,1.250000,3,1.6702762,0.62660245,0.67012381,0.20978436,0.014486622,0.050768116,-0.0087702452,-0.037195941,0.098712421,0.045494488,-0.94715636,0.31915302,0.032189785,1.538601,2.8165824,0
14,2500,1.250000,4,1.6702762,0.26434226,0.21963843,1.046279,0.064754289,-0.0094662156,-0.010381744,0.18869646,-0.054422001,-0.12544833,-0.085003688,0.87548129,-0.47571723,2.0665756,1.6675866,0
14,2500,1.250000,5,1.6702762,0.20609716,0.60642817,1.4779769,0.016648127,-0.016053109,-0.0046981544,-0.084085828,-0.17058211,-0.14880236,0.83671509,0.34122844,0.42833516,1.1281468,0.3872288,0
14,2500,1.250000,6,1.6702762,0.67229369,0.19604701,1.4999799,0.032321872,-0.0063406747,-0.0006718256,0.064684843,-0.037422595,-0.038564184,0.81823004,-0.56613342,-0.099962761,1.6709263,-0.60526906,0
14,2500,1.250000,7,1.6702762,0.63836591,0.60761674,1.120316,0.035968342,0.0050827239,0.034688077,-0.0098753386,0.046381482,-0.039154486,-0.26178244,0.10720004,0.95915489,0.2867969,2.7529231,0
14,2500,1.250000,8,1.6702762,0.19358994,1.0701398,0.21003244,-0.010388877,0.02294931,-0.022301657,-0.0052502257,0.13431851,0.060299399,0.67088563,0.53756039,0.51082414,1.0346532,0.67551473,0
14,2500,1.250000,9,1.6702762,0.23468793,1.4841624,0.63017655,0.06967781,0.024820635,0.036714035,0.18312005,-0.0708848,0.036600749,-0.45249841,0.61234079,0.6482931,0.86545586,2.2071975,0
14,2500,1.250000,10,1.6702762,0.63156087,0.96849886,0.64958848,0.020593962,-0.11830478,-0.014663342,-0.044882683,-0.1717141,-0.05702993,0.06095228,0.92812347,-0.36724874,1.9468457,1.5052179,0
14,2500,1.250000,11,1.6702762,0.61200274,1.4706639,0.23424186,-0.031426654,0.019471085,0.037609627,-0.13937459,0.23186719,0.061192687,-0.41321429,0.76362236,-0.49611979,2.0899204,2.0667993,0
14,2500,1.250000,12,1.6702762,0.20132366,1.0373121,0.98620201,-0.0078965718,-0.013482695,-0.057457635,-0.020483978,-0.0033232483,-0.14688277,0.27032818,0.46586572,-0.84255077,2.5727979,1.0450101,0
14,2500,1.250000,13,1.6702762,0.21177846,1.4184175,1.4744903,-0.036170618,-0.027959352,-0.00066718929,-0.072916691,-0.16658363,0.14237638,0.38737077,0.071508132,0.9191466,0.4048878,0.1825437,0
14,2500,1.250000,14,1.6702762,0.59593578,1.0552655,1.4547935,-0.078832731,0.025281385,0.039144929,-0.11465352,0.10180653,0.14684399,0.95029746,0.23261398,-0.20694317,1.7792458,0.24005989,0
14,2500,1.250000,15,1.6702762,0.63203042,1.4293082,1.0793125,0.024796924,-0.080417155,-0.0039620835,-0.065143968,-0.10254144,0.14318606,-0.5823771,-0.39895665,-0.70828702,2.357865,-2.5409718,0
14,2500,1.250000,16,1.6702762,1.0088224,0.17837839,0.24285248,-0.038727149,-0.025972146,0.020721215,0.10017124,0.24132633,0.049554305,-0.12252377,0.91281543,-0.38955863,1.9709486,1.7042251,0
14,2500,1.250000,17,1.6702762,1.0387328,0.62047024,0.64660844,0.013524495,0.011126344,0.046924694,0.17533484,-0.0023638931,0.057078306,0.23850827,0.12751944,-0.96273184,2.8677242,0.49098509,0
14,2500,1.250000,18,1.6702762,1.4914041,0.1979021,0.61694048,0.019292021,-0.022679861,0.0022522699,-0.019266236,-0.089911351,-0.14875791,0.6847203,0.3215847,0.65401941,0.85791069,0.43908113,0
14,2500,1.250000,19,1.6702762,1.478332,0.59865633,0.17325897,0.020893051,-0.05464683,-0.026999947,-0.020225902,-0.081329605,-0.12690744,-0.45144523,0.67134077,-0.58779144,2.1991225,2.1627943,0
14,2500,1.250000,20,1.6702762,1.0073234,0.18198657,1.0132055,-0.063995948,-0.009632443,-0.0085913261,-0.064123557,0.054959175,-0.050786328,0.31632384,-0.38096554,0.86879485,0.51803303,-0.87783822,0
14,2500,1.250000,21,1.6702762,1.0324538,0.68185727,1.489814,-0.019968281,0.069154733,0.038129319,0.009335543,0.018816705,-0.093291489,-0.28436675,-0.81727029,0.50120338,1.0458074,-1.905641,0
14,2500,1.250000,22,1.6702762,1.4645963,0.20673521,1.41779,-0.019791742,-0.023072561,-0.069111473,-0.025885683,0.1904316,-0.039048976,0.68967249,-0.68585193,0.23229075,1.3363641,-0.78262064,0
14,2500,1.250000,23,1.6702762,1.4290732,0.62350676,1.0682832,-0.030125449,-0.017354259,0.058970749,-0.017646386,-0.24814481,0.1110448,-0.94426203,0.15299692,0.29148097,1.2750217,2.9809606,0
14,2500,1.250000,24,1.6702762,1.0681147,1.0560105,0.16054508,0.028619979,0.022177356,-0.033580469,-0.074465351,0.17934351,0.052324507,0.88384007,0.0012618137,0.46778748,1.0840105,0.0014276483,0
14,2500,1.250000,25,1.6702762,0.98261841,1.3874888,0.6090152,-0.052329245,-0.034675643,0.0090805629,0.11664445,-0.10803247,0.046881881,-0.85037028,0.39875941,0.34330938,1.2203582,2.7031131,0
14,2500,1.250000,26,1.6702762,1.4493378,1.0397717,0.59688735,-0.024622336,0.0055735721,-0.062079993,0.093671062,-0.022505652,0.039472269,0.79871498,0.58694441,-0.13247888,1.7036658,0.63374147,0
14,2500,1.250000,27,1.6702762,1.468391,1.4999594,0.20700278,0.0070095104,0.077696647,0.048255728,0.10898617,0.072463295,0.12215669,-0.18025337,-0.95773232,0.2241819,1.3446928,-1.7568286,0
14,2500,1.250000,28,1.6702762,1.0761019,1.0816677,1.0542483,0.047483466,0.067283665,0.041815592,-0.17861198,-0.05163304,0.13389534,0.64334851,-0.49874082,-0.58082724,2.1905409,-0.65945156,0
14,2500,1.250000,29,1.6702762,1.0836582,1.4661647,1.4649757,0.011489866,0.01225953,0.027321565,-0.063150339,0.14245508,0.016008133,0.51517403,0.69229816,-0.50529099,2.1005155,0.93104941,0
14,2500,1.250000,30,1.6702762,1.466695,1.1143617,1.4678482,0.019946452,0.062446228,0.054951481,-0.0053385279,0.04317853,-0.069414418,0.1811586,0.27464946,0.94432475,0.33526014,0.98770248,0
14,2500,1.250000,31,1.6702762,1.4238982,1.4845244,0.95753292,-0.069620187,0.0015279582,-0.072757161,0.18952227,-0.14561475,0.030598479,-0.84769752,-0.46068485,-0.26301783,1.8369452,-2.6437888,0
15,2600,1.300000,0,1.6730342,0.22811879,0.22848681,0.20062957,0.04557084,0.00099235086,-0.039302068,-0.12766451,0.026405197,-0.048592949,0.15827473,0.042680339,0.98647225,0.16467156,0.26339476,0
15,2600,1.300000,1,1.6730342,0.18076153,0.6089849,0.64294068,-0.068749123,-0.051257965,-0.033583236,-0.10809516,-0.074467991,-0.1022105,0.70955632,-0.24620097,-0.66023852,2.2919326,-0.33398076,0
15,2600,1.300000,2,1.6730342,0.61594236,0.23572356,0.61131161,0.048680401,0.032930525,-0.038732259,-0.0049749674,0.037059918,-0.091661374,0.069844279,0.96986947,-0.23339876,1.8063678,1.4989063,0
15,2600,1.300000,3,1.6730342,0.62667025,0.67534579,0.21442285,0.013520561,0.054880177,-0.0044816984,-0.064223252,0.038178254,0.12465907,-0.96472863,0.23090865,0.12641148,1.4440457,2.9066615,0
15,2600,1.300000,4,1.6730342,0.27331314,0.21660808,1.0428564,0.073281647,-0.012856442,-0.015527715,0.16663034,-0.042040388,-0.10824457,0.013130596,0.90572467,-0.42366308,2.0082818,1.5563,0
15,2600,1.300000,5,1.6730342,0.20195853,0.60036146,1.4725849,0.01217287,-0.023115345,-0.012524135,-0.083597302,-0.13654396,-0.13194816,0.85463987,0.21512572,0.47255858,1.0786046,0.24659218,0
15,2600,1.300000,6,1.6730342,0.67608623,0.19707423,1.5011022,0.035002098,-0.0056377463,-0.0020252214,0.065072896,0.02438659,-0.017013217,0.84065244,-0.5370625,-0.069766392,1.6406194,-0.56850681,0
15,2600,1.300000,7,1.6730342,0.63985928,0.61228973,1.1207098,0.036407272,0.0087493755,0.033233218,0.025546785,0.066605435,-0.036945433,-0.21285156,0.075811677,0.97413901,0.22791768,2.7994304,0
15,2600,1.300000,8,1.6730342,0.19424997,1.077358,0.21383235,-0.010048789,0.028396032,-0.018851413,-0.0047587348,0.048680422,0.071001566,0.61186977,0.55116937,0.56729861,0.96757452,0.73325428,0
15,2600,1.300000,9,1.6730342,0.24351815,1.4846203,0.63321595,0.078113545,0.022829474,0.038711228,0.13712729,-0.029639966,0.07016698,-0.31244862,0.58916945,0.7451545,0.73002985,2.0584051,0
15,2600,1.300000,10,1.6730342,0.62966902,0.96327056,0.6475457,0.017661686,-0.12512667,-0.017776168,-0.079297475,-0.095266336,-0.065988154,0.084950737,0.96237064,-0.25812038,1.8318725,1.4827522,0
15,2600,1.300000,11,1.6730342,0.60530643,1.4852003,0.23530062,-0.039127168,0.031569099,0.038281047,-0.13527014,0.27687726,0.002169356,-0.37342772,0.61559543,-0.69396975,2.3377843,2.1160636,0
15,2600,1.300000,12,1.6730342,0.20078809,1.0388246,0.98188586,-0.0087638583,-0.013682848,-0.063397328,-0.0034370427,0.001753969,-0.11321187,0.32510847,0.35306282,-0.87729763,2.6409987,0.82659504,0
15,2600,1.300000,13,1.6730342,0.20941765,1.4170323,1.4809965,-0.03887889,-0.031683553,0.0034009376,-0.027377341,-0.01191532,0.01547771,0.35182272,-0.054314945,0.93448952,0.36397394,-0.15317233,0
15,2600,1.300000,14,1.6730342,0.59019506,1.0601889,1.4641131,-0.085551931,0.028459623,0.046056641,-0.10682282,0.051664202,0.14653716,0.94734906,0.28179024,-0.15206584,1.7234544,0.28911693,0
15,2600,1.300000,15,1.6730342,0.62892627,1.4275944,1.0882846,0.020652572,-0.084487684,0.0032219464,-0.14671801,-0.053043288,0.12390911,-0.50973629,-0.4301608,-0.74507087,2.4114374,-2.4406571,0
15,2600,1.300000,16,1.6730342,1.0154877,0.19156014,0.24532071,-0.033731795,-0.013095556,0.022786737,0.10075323,0.24988131,0.035377015,-0.066704076,0.85963862,-0.50652937,2.1019511,1.6482366,0
15,2600,1.300000,17,1.6730342,1.0487361,0.62145009,0.64861993,0.021805776,0.011081699,0.047867713,0.16659795,-0.0027723406,-0.02316727,0.0064395494,0.16859499,-0.98566438,2.9720639,1.5326195,0
15,2600,1.300000,18,1.6730342,1.4919821,0.19478428,0.60962049,0.01740901,-0.026121623,-0.0060795526,-0.01432243,-0.050115225,-0.19606265,0.66946196,0.37999365,0.63829892,0.87850989,0.51626315,0
15,2600,1.300000,19,1.6730342,1.478766,0.59451002,0.16635245,0.018887705,-0.05977742,-0.034186622,-0.069354594,-0.077086778,-0.13902841,-0.34347475,0.77822526,-0.52572857,2.1243677,1.9864391,0
15,2600,1.300000,20,1.6730342,1.0060319,0.18386811,1.0131795,-0.066948342,-0.0080527096,-0.010288928,-0.061457732,0.046456294,-0.0094231012,0.37936144,-0.45881701,0.80347486,0.63768711,-0.87991125,0
15,2600,1.300000,21,1.6730342,1.0348291,0.68385733,1.4863794,-0.019298299,0.070028182,0.032239555,0.0014804571,-0.038442179,-0.13098826,-0.30954305,-0.8486344,0.42895542,1.1274602,-1.9205544,0
15,2600,1.300000,22,1.6730342,1.4659482,0.21447016,1.4183527,-0.02085732,-0.015685066,-0.070888373,-0.047370804,0.14150493,0.014541934,0.72131134,-0.66345236,0.19884898,1.370613,-0.74363989,0
15,2600,1.300000,23,1.6730342,1.4302148,0.61098918,1.075304,-0.031342563,-0.03089022,0.064223262,-0.0029688148,-0.26736649,0.059934981,-0.92663287,0.075707845,0.36826599,1.1936531,3.0600716,0
15,2600,1.300000,24,1.6730342,1.0677009,1.0642054,0.16518252,0.026444187,0.028623172,-0.029211734,-0.01556551,0.090461083,0.13216554,0.83792404,-0.12277291,0.53179894,1.010073,-0.14548512,0
15,2600,1.300000,25,1.6730342,0.99142757,1.3875494,0.61541392,-0.045148529,-0.0369043,0.014469215,0.18702957,-0.017376809,0.13232683,-0.76113367,0.47906436,0.43723321,1.1182764,2.5798291,0
15,2600,1.300000,26,1.6730342,1.45833,1.0369354,0.60048103,-0.018028763,0.0010241404,-0.059474051,0.17287622,-0.1498385,0.065065046,0.78052413,0.59223856,-0.2000889,1.772245,0.64909053,0
15,2600,1.300000,27,1.6730342,1.4762833,1.5042207,0.21318593,0.01247274,0.079479655,0.054092252,0.10924459,0.025979747,0.093510801,-0.24142879,-0.94940099,0.20087282,1.3685475,-1.8198141,0
15,2600,1.300000,28,1.6730342,1.0703612,1.0767913,1.0636811,0.039972106,0.060626647,0.049501284,-0.11614312,-0.15645536,0.16358039,0.56432158,-0.49478954,-0.66085132,2.2927488,-0.71984092,0
15,2600,1.300000,29,1.6730342,1.081876,1.4766175,1.4679143,0.007921313,0.020284756,0.027840697,-0.095645961,0.19769741,-0.010289292,0.37266464,0.78068541,-0.50164864,2.0962998,1.1254277,0
15,2600,1.300000,30,1.6730342,1.4692704,1.1170858,1.465135,0.020099889,0.063329551,0.049818745,-0.021895535,-0.0064219189,-0.14508069,0.0037525962,0.31121836,0.95033102,0.3164986,1.5587392,0
15,2600,1.300000,31,1.6730342,1.4362116,1.480515,0.96208849,-0.059666173,-0.004927405,-0.069785139,0.19013762,-0.1321409,0.086918183,-0.8734558,-0.39496204,-0.28474542,1.8595372,-2.7169247,0
16,2700,1.350000,0,1.6766771,0.22268528,0.23156983,0.19852225,0.039647056,0.0035750504,-0.041843479,-0.12270948,0.065544812,-0.016588443,0.10641241,0.12412962,0.98654358,0.16423585,0.86209767,0
16,2700,1.350000,1,1.6766771,0.17568852,0.60825533,0.63933616,-0.074209785,-0.053311316,-0.038582276,-0.092518066,0.015637151,-0.099698041,0.81102174,-0.24842756,-0.52964845,2.1289824,-0.29723962,0
16,2700,1.350000,2,1.6766771,0.61680912,0.23832785,0.6066571,0.048206506,0.035019274,-0.044711353,-0.049004213,0.029868334,-0.12510612,0.18326154,0.93904619,-0.29087362,1.8659361,1.3780617,0
16,2700,1.350000,3,1.6766771,0.62528569,0.67893047,0.21902729,0.010774458,0.056992046,-0.00034864091,-0.089153516,0.082148751,0.054717035,-0.95929941,0.18517348,0.21320278,1.3559444,2.950908,0
16,2700,1.350000,4,1.6766771,0.28322223,0.21348756,1.0418544,0.082585497,-0.016444709,-0.018796926,0.19311752,-0.064316418,-0.048590926,0.06826644,0.91492041,-0.39781948,1.9799353,1.4963197,0
16,2700,1.350000,5,1.6766771,0.19781052,0.5957402,1.4714878,0.0075900926,-0.029037406,-0.016822985,-0.062343141,-0.096644233,-0.070336296,0.86266269,0.11499157,0.49253429,1.055797,0.13251723,0
16,2700,1.350000,6,1.6766771,0.67872004,0.19776822,1.5012929,0.03616251,-0.0053731599,-0.0050997056,0.048091483,-0.0064714253,-0.081155441,0.85184033,-0.50968874,-0.12077025,1.6918621,-0.5391968,0
16,2700,1.350000,7,1.6766771,0.64181434,0.6161405,1.1220736,0.036968467,0.01126419,0.032157959,0.04636087,0.032041335,-0.031930723,-0.23754827,0.086640078,0.96750417,0.25563008,2.7918594,0
16,2700,1.350000,8,1.6766771,0.19415882,1.080589,0.21926825,-0.010562345,0.029280137,-0.01388651,0.032728333,0.0031018223,0.13240462,0.55497146,0.57349254,0.60258857,0.92405556,0.80180933,0
16,2700,1.350000,9,1.6766771,0.24886025,1.4867065,0.63913043,0.08292018,0.021684275,0.043241991,0.058800971,-0.0092486227,0.12247678,-0.15693088,0.57198754,0.80511052,0.63493455,1.8385681,0
16,2700,1.350000,10,1.6766771,0.62664866,0.95993968,0.64702146,0.013275035,-0.13054911,-0.019708298,-0.083878271,-0.11414187,-0.067177635,0.1022887,0.98253794,-0.1554227,1.7268517,1.4670634,0
16,2700,1.350000,11,1.6766771,0.60079609,1.5031939,0.23447462,-0.044949186,0.046312768,0.036944152,-0.095682151,0.30206168,-0.058765664,-0.26733447,0.48882311,-0.8304121,2.5506433,2.0712518,0
16,2700,1.350000,12,1.6766771,0.20063729,1.0417891,0.97988264,-0.0093512186,-0.012981116,-0.06753404,-0.018497514,0.012849438,-0.048666824,0.45021163,0.25148767,-0.85677502,2.5997794,0.50942098,0
16,2700,1.350000,13,1.6766771,0.20946735,1.4208278,1.4828322,-0.039284743,-0.030974358,0.0020133575,0.0011271543,0.035462544,-0.046720241,0.32208695,-0.15924851,0.93322018,0.36752306,-0.45917934,0
16,2700,1.350000,14,1.6766771,0.58632258,1.0620062,1.4739908,-0.090703921,0.02796899,0.052739089,-0.085438663,-0.083585221,0.12607615,0.92487203,0.36999858,-0.087822461,1.6587321,0.38055276,0
16,2700,1.350000,15,1.6766771,0.62488871,1.4286298,1.0959791,0.01525144,-0.086558515,0.008540992,-0.11063331,-0.037525519,0.073688282,-0.40218391,-0.50958548,-0.76063838,2.4350922,-2.2389402,0
16,2700,1.350000,16,1.6766771,1.0223889,0.20611484,0.24763469,-0.029046831,0.0010266767,0.024564613,0.084278057,0.26628601,0.028622412,0.042187229,0.80439679,-0.59259265,2.20507,1.5183985,0
16,2700,1.350000,17,1.6766771,1.0584801,0.62433739,0.64691354,0.029258095,0.012614166,0.044752381,0.12483713,0.062394859,-0.084143527,-0.24573005,0.16679016,-0.95488103,2.8400553,2.5452688,0
16,2700,1.350000,18,1.6766771,1.4968081,0.1924453,0.60176945,0.018984562,-0.028881733,-0.015248025,0.049047959,-0.047789181,-0.17559739,0.6721182,0.44196572,0.59407358,0.93468284,0.58167944,0
16,2700,1.350000,19,1.6766771,1.4782639,0.59290118,0.16083561,0.015169699,-0.062677606,-0.040059303,-0.10473209,-0.030303654,-0.11620131,-0.22885232,0.85715897,-0.46141642,2.0503874,1.8317,0
16,2700,1.350000,20,1.6766771,1.0055036,0.18713373,1.0146361,-0.069664283,-0.0051905572,-0.011037663,-0.039040431,0.03472158,-0.030061889,0.47977533,-0.4882339,0.72900157,0.75393411,-0.79413605,0
16,2700,1.350000,21,1.6766771,1.0376926,0.68148921,1.4799164,-0.018688738,0.066175197,0.022550626,0.0019310153,-0.085652571,-0.18535226,-0.32755458,-0.88230094,0.33801339,1.2259911,-1.9262756,0
16,2700,1.350000,22,1.6766771,1.4671235,0.22104945,1.4227585,-0.022871875,-0.0095794136,-0.069572395,-0.0040331445,0.086051537,0.078050528,0.77405864,-0.62360963,0.10928976,1.4612878,-0.67816819,0
16,2700,1.350000,23,1.6766771,1.4340883,0.59966576,1.0789615,-0.030584122,-0.043530275,0.065537883,0.020748562,-0.23229814,-0.017706362,-0.9213893,0.01806013,0.38822107,1.1720959,3.1219942,0
16,2700,1.350000,24,1.6766771,1.0690072,1.0701741,0.17353009,0.025426793,0.032270652,-0.021232512,-0.0044218132,0.053290864,0.19736261,0.78275841,-0.25580838,0.56731943,0.96754924,-0.31586245,0
16,2700,1.350000,25,1.6766771,1.0019784,1.3894441,0.62597949,-0.036765597,-0.038029658,0.023684743,0.11297689,-0.0049756456,0.18599469,-0.64479519,0.53621159,0.54471671,0.99474505,2.4478783,0
16,2700,1.350000,26,1.6766771,1.4701417,1.0307971,0.60433567,-0.0094018887,-0.0073629655,-0.056929688,0.1407797,-0.18718899,0.042312306,0.74425811,0.61467483,-0.26125604,1.8351195,0.69032898,0
16,2700,1.350000,27,1.6766771,1.484202,1.5089789,0.21932297,0.017171778,0.080960955,0.059758936,0.043958434,0.0090935823,0.090216132,-0.33619467,-0.90761631,0.25140759,1.316662,-1.9255412,0
16,2700,1.350000,28,1.6766771,1.0673868,1.0732425,1.073588,0.034672789,0.05473963,0.057083872,-0.10357386,-0.11576527,0.11848037,0.49330533,-0.48355449,-0.72306632,2.3790273,-0.77541668,0
16,2700,1.350000,29,1.6766771,1.0805138,1.48901,1.4710072,0.0042074329,0.029452,0.027737374,-0.097128059,0.18499996,0.040712939,0.24307344,0.82634727,-0.50800146,2.1036593,1.2847113,0
16,2700,1.350000,30,1.6766771,1.4731648,1.1187946,1.4614437,0.02079437,0.062606765,0.042944774,0.041389918,-0.031204372,-0.085564568,-0.1859462,0.30417016,0.9342936,0.3645239,2.1194999,0
16,2700,1.350000,31,1.6766771,1.4459143,1.4771695,0.9708182,-0.05309781,-0.011489457,-0.063157523,0.10078375,-0.14221791,0.092304016,-0.88193286,-0.32055268,-0.34560152,1.9236761,-2.7929721,0
17,2800,1.400000,0,1.6805395,0.2186143,0.23495132,0.20045976,0.035068365,0.0064198153,-0.040364987,-0.056186218,0.025876429,0.06547422,0.043848463,0.207842,0.97717911,0.21404775,1.3628751,0
17,2800,1.400000,1,1.6805395,0.1701218,0.6124231,0.63642293,-0.08017437,-0.050547922,-0.042963255,-0.15233452,0.10083323,-0.12767891,0.87438782,-0.32173775,-0.36322274,1.9425209,-0.35258236,0
17,2800,1.400000,2,1.6805395,0.61382526,0.24155445,0.60278972,0.043806817,0.037693786,-0.049970197,-0.084711405,0.060445193,-0.10146377,0.2909405,0.89922033,-0.32673601,1.9036443,1.2578787,0
17,2800,1.400000,3,1.6805395,0.62148263,0.68511602,0.22047406,0.0055370033,0.061608282,0.00059249053,-0.10961638,0.114901,0.0083618247,-0.95094197,0.15240913,0.26922262,1.2982106,2.9826724,0
17,2800,1.400000,4,1.6805395,0.2929852,0.20854786,1.0419883,0.091685568,-0.021869961,-0.021060417,0.15759656,-0.12188414,-0.076691632,0.11084735,0.93364778,-0.3406093,1.9183612,1.4526245,0
17,2800,1.400000,5,1.6805395,0.19467915,0.59216847,1.4723378,0.0040071715,-0.033975813,-0.019359825,-0.075470361,-0.087409479,-0.0444782,0.83962519,-0.0098643454,0.54307664,0.9966995,-0.01174797,0
17,2800,1.400000,6,1.6805395,0.68178198,0.19949145,1.5008376,0.037659217,-0.0041069717,-0.0090089498,0.0319974,0.04872841,-0.014924703,0.85717763,-0.47172878,-0.20668448,1.7789814,-0.50309494,0
17,2800,1.400000,7,1.6805395,0.64570124,0.61711872,1.1235051,0.039374107,0.010823562,0.031005946,0.022598523,-0.025641653,-0.028486441,-0.26503033,0.123417,0.95630914,0.29669099,2.7057832,0
17,2800,1.400000,8,1.6805395,0.1973607,1.0812067,0.2237332,-0.0078109045,0.027410741,-0.0099312191,0.084159083,-0.10196915,0.047700095,0.5046455,0.63005914,0.59021894,0.93946629,0.89547674,0
17,2800,1.400000,9,1.6805395,0.24885232,1.4893068,0.64575624,0.082339634,0.020860718,0.048389566,-0.10759311,-0.0013759505,0.10180821,0.006135454,0.56752203,0.82333535,0.60353341,1.5599858,0
17,2800,1.400000,10,1.6805395,0.62450408,0.95764355,0.646756,0.0096910185,-0.13505138,-0.021462224,-0.068387451,-0.068665496,0.011715649,0.08073686,0.99424638,-0.070396759,1.6412514,1.48977,0
17,2800,1.400000,11,1.6805395,0.59980139,1.5200484,0.23193773,-0.047325158,0.059689063,0.033870659,-0.012055788,0.24444641,-0.055667497,-0.15198491,0.37172341,-0.91581783,2.728336,1.958922,0
17,2800,1.400000,12,1.6805395,0.19817094,1.0472015,0.98158767,-0.0122764,-0.0099721012,-0.068085645,-0.089398646,0.084631012,-0.028315248,0.56126159,0.16305914,-0.81141675,2.5173684,0.28273936,0
17,2800,1.400000,13,1.6805395,0.20828515,1.4292044,1.4828909,-0.040947555,-0.025876582,-0.001339932,-0.039500918,0.16134742,-0.045299195,0.30359427,-0.27688789,0.91168175,0.4234378,-0.73942335,0
17,2800,1.400000,14,1.6805395,0.58295186,1.0577073,1.4830665,-0.095419872,0.02123138,0.058412739,-0.095525309,-0.15677954,0.10946514,0.89614368,0.44304045,-0.025331136,1.5961302,0.45914594,0
17,2800,1.400000,15,1.6805395,0.62186474,1.4316191,1.1013388,0.010793091,-0.086859941,0.011372767,-0.090285503,0.0083177641,0.064127678,-0.25195949,-0.61134899,-0.7501792,2.4191294,-1.9617216,0
17,2800,1.400000,16,1.6805395,1.0293771,0.21963877,0.25029387,-0.024419143,0.014060798,0.026650938,0.087819705,0.27536256,0.045607524,0.19537801,0.72248376,-0.66320785,2.2958931,1.306688,0
17,2800,1.400000,17,1.6805395,1.0677812,0.62878612,0.64468801,0.036112976,0.015621196,0.041040881,0.13063505,0.055994217,-0.038774445,-0.43453383,0.17945982,-0.88259533,2.6521507,2.7499351,0
17,2800,1.400000,18,1.6805395,1.5031472,0.19157279,0.59594297,0.021872259,-0.030196048,-0.022452463,0.041653116,-0.039335307,-0.10496024,0.67640028,0.45056288,0.58264548,0.94881635,0.58762315,0
17,2800,1.400000,19,1.6805395,1.4779813,0.5952256,0.15652169,0.011485966,-0.061720111,-0.044738341,-0.026904858,0.019737252,-0.073969834,-0.098815131,0.9089981,-0.4049173,1.9876847,1.6790789,0
17,2800,1.400000,20,1.6805395,1.007849,0.18722469,1.0164047,-0.069635157,-0.0055302987,-0.011605736,0.024114384,-0.015925074,-0.0012923766,0.5680916,-0.50206736,0.65207385,0.86047971,-0.72378053,0
17,2800,1.400000,21,1.6805395,1.0416502,0.67807566,1.4753949,-0.017123374,0.061197487,0.014629018,0.041013969,-0.10552251,-0.14500035,-0.32606075,-0.92272916,0.20556091,1.3637595,-1.9104663,0
17,2800,1.400000,22,1.6805395,1.4706557,0.22345525,1.4322114,-0.022719517,-0.0076850113,-0.063404055,0.011333195,0.00023781376,0.1616628,0.82951839,-0.55803367,-0.02230857,1.5931067,-0.59218172,0
17,2800,1.400000,23,1.6805395,1.4401322,0.5922268,1.07859,-0.027846936,-0.052340501,0.06268413,0.063350297,-0.14359816,-0.088495735,-0.91661168,0.016431883,0.39944089,1.1598894,3.1236678,0
17,2800,1.400000,24,1.6805395,1.0712766,1.0723235,0.18601775,0.025233816,0.031955169,-0.0091584959,-0.018702382,-0.082433783,0.27131475,0.73765578,-0.41462198,0.53287199,1.0088054,-0.51207078,0
17,2800,1.400000,25,1.6805395,1.0091751,1.3928903,0.63618213,-0.03188267,-0.037784404,0.032435302,0.099346839,0.01646142,0.16898281,-0.51437589,0.57645771,0.63491256,0.882901,2.2993435,0
17,2800,1.400000,26,1.6805395,1.4800538,1.0256997,0.60744859,-0.0028838795,-0.014826329,-0.055210903,0.10147212,-0.11177399,0.018401307,0.72834695,0.62281599,-0.28567633,1.8605084,0.7074526,0
17,2800,1.400000,27,1.6805395,1.4892775,1.5121319,0.22068508,0.018826391,0.080638225,0.060614821,0.046495446,-0.035600538,-0.03586594,-0.44608416,-0.82390798,0.3495491,1.2137065,-2.067032,0
17,2800,1.400000,28,1.6805395,1.0658577,1.0686127,1.0798798,0.030689415,0.047645687,0.060898093,-0.079671666,-0.13977065,0.050675199,0.42172698,-0.47659132,-0.77136701,2.4517828,-0.8463969,0
17,2800,1.400000,29,1.6805395,1.0801717,1.4999976,1.4742224,0.0013794282,0.037000833,0.027564211,-0.012084678,0.12036274,-0.034903113,0.15577767,0.8257836,-0.54204682,2.1436672,1.3843452,0
17,2800,1.400000,30,1.6805395,1.4780917,1.1193803,1.4602752,0.022325834,0.06061753,0.03841479,0.046832927,-0.057677509,-0.094154519,-0.29721712,0.30691267,0.9041386,0.44143714,2.3401471,0
17,2800,1.400000,31,1.6805395,1.4549144,1.47589,0.97756994,-0.047435079,-0.01616637,-0.058647366,0.13836019,-0.039086311,0.070505924,-0.87803433,-0.20818967,-0.43094405,2.016335,-2.9087832,0
18,2900,1.450000,0,1.6845589,0.21576839,0.23513004,0.20432518,0.0317036,0.0060370558,-0.036983059,-0.077815222,-0.048175604,0.078074579,-0.02871018,0.30095469,0.95320617,0.30712668,1.6659055,0
18,2900,1.450000,1,1.6845589,0.16368902,0.61768563,0.63347573,-0.087005871,-0.046754668,-0.047427278,-0.12744513,0.056348145,-0.094221937,0.90545988,-0.40325851,-0.13238195,1.703568,-0.41899128,0
18,2900,1.450000,2,1.6845589,0.61160198,0.24685111,0.59917091,0.040119837,0.042407081,-0.055024678,-0.10196285,0.10896734,-0.043823039,0.41594516,0.8320603,-0.36696769,1.9465435,1.1072304,0
18,2900,1.450000,3,1.6845589,0.61820732,0.69133096,0.2205899,0.00078095813,0.066179152,0.00018151033,-0.1348553,0.086113265,-0.025385343,-0.96679409,0.04442721,0.25166527,1.3163958,3.0956718,0
18,2900,1.450000,4,1.6845589,0.29910435,0.20346717,1.041253,0.097097514,-0.027442783,-0.024283998,0.061458981,-0.091866279,-0.039679808,0.14256007,0.94676715,-0.28863228,1.8635943,1.4213435,0
18,2900,1.450000,5,1.6845589,0.19174123,0.5893771,1.4723707,0.00060768395,-0.038178474,-0.022844257,-0.060243374,-0.055116867,-0.087962939,0.80836008,-0.14896952,0.56952792,0.96486491,-0.1822414,0
18,2900,1.450000,6,1.6845589,0.68537288,0.20347684,1.5044647,0.039617146,-0.00060289127,-0.0089714185,0.076588692,0.077659946,0.016153464,0.84131382,-0.43273484,-0.32393149,1.9006784,-0.47506637,0
18,2900,1.450000,7,1.6845589,0.64920841,0.61821384,1.1254228,0.041334599,0.010443163,0.030237453,0.019720206,0.02153483,-0.027552059,-0.26677263,0.154772,0.95125075,0.3135301,2.6158858,0
18,2900,1.450000,8,1.6845589,0.20090765,1.0774855,0.22576473,-0.0047396572,0.021111113,-0.0084365832,0.040034942,-0.094717483,-0.00010472365,0.44645028,0.68835071,0.57171273,0.96220444,0.99542022,0
18,2900,1.450000,9,1.6845589,0.24331085,1.4929438,0.65049019,0.076210304,0.0209356,0.051575246,-0.14376485,0.0015785791,0.049300168,0.15559885,0.54034093,0.82693451,0.59716242,1.2904178,0
18,2900,1.450000,10,1.6845589,0.62321648,0.957459,0.65011837,0.0069130977,-0.13752341,-0.019648886,-0.043548704,-0.030458292,0.07671216,0.07362573,0.99630955,-0.044119535,1.6149302,1.497032,0
18,2900,1.450000,11,1.6845589,0.60194462,1.5357956,0.22813053,-0.046617336,0.071786267,0.029513923,0.065985874,0.23500638,-0.12819368,-0.065189711,0.28048003,-0.95764359,2.8495007,1.7991637,0
18,2900,1.450000,12,1.6845589,0.19395298,1.0522925,0.98524581,-0.016962728,-0.007388801,-0.066776762,-0.052810403,0.0045779921,0.0392824,0.64241525,0.101756,-0.75957117,2.4334499,0.15709091,0
18,2900,1.450000,13,1.6845589,0.20842266,1.4445949,1.4825129,-0.041307775,-0.013918696,-0.0052599325,-0.0062157806,0.29566725,-0.07746705,0.31233834,-0.34586412,0.88477272,0.48479024,-0.83628955,0
18,2900,1.450000,14,1.6845589,0.58068795,1.0533711,1.4927043,-0.09907368,0.014373617,0.064496208,-0.042107857,-0.12175938,0.14079359,0.85646848,0.50897795,0.086041826,1.484648,0.53619944,0
18,2900,1.450000,15,1.6845589,0.617622,1.4369152,1.1054819,0.0050698604,-0.084990117,0.012879909,-0.093364717,0.062218969,-0.017275957,-0.14014267,-0.70691659,-0.6932741,2.3368186,-1.7665038,0
18,2900,1.450000,16,1.6845589,1.0358606,0.2337375,0.25263778,-0.020402373,0.027618019,0.028394138,0.087740082,0.24209686,0.037236314,0.34116766,0.61499524,-0.71090469,2.3615801,1.0643148,0
18,2900,1.450000,17,1.6845589,1.0767668,0.63307226,0.6437749,0.042537075,0.018400133,0.038588786,0.11156664,0.044214659,-0.066273752,-0.56672579,0.17901879,-0.8042227,2.5051628,2.8356291,0
18,2900,1.450000,18,1.6845589,1.5085443,0.18945496,0.59462727,0.02367209,-0.032769002,-0.02519022,-0.020996985,-0.0070090601,-0.00068042383,0.70138088,0.46953113,0.53628853,1.0047627,0.58991888,0
18,2900,1.450000,19,1.6845589,1.4821406,0.5978599,0.15417211,0.012109662,-0.060510872,-0.047459025,0.012876836,0.010690435,-0.018626056,-0.0067533715,0.93088701,-0.3652448,1.9446921,1.578051,0
18,2900,1.450000,20,1.6845589,1.0116246,0.18759484,1.0195165,-0.068271695,-0.0056078395,-0.010925628,-0.0026613813,-0.0009754374,0.0053804823,0.66537736,-0.45836099,0.58921827,0.94070535,-0.60321957,0
18,2900,1.450000,21,1.6845589,1.0456217,0.67314887,1.4707781,-0.015645042,0.054656736,0.0064932864,0.016280575,-0.13964667,-0.13499425,-0.30090614,-0.95315869,0.030724726,1.5400668,-1.8765881,0
18,2900,1.450000,22,1.6845589,1.4753967,0.22192652,1.4447813,-0.021497419,-0.0097457193,-0.054270541,0.079280462,-0.03690609,0.17555086,0.85409511,-0.48639782,-0.18422461,1.7560792,-0.5176828,0
18,2900,1.450000,23,1.6845589,1.4449095,0.58534859,1.0758182,-0.026515614,-0.060625264,0.057339098,-0.01491422,-0.19308687,-0.080247613,-0.91380923,0.076391987,0.39889467,1.1604852,3.0581893,0
18,2900,1.450000,24,1.6845589,1.0721803,1.0689875,0.20037348,0.023577358,0.026061479,0.0047357415,-0.012109098,-0.1630838,0.24921926,0.70950986,-0.54635355,0.44507702,1.1095361,-0.65620611,0
18,2900,1.450000,25,1.6845589,1.0160174,1.3975448,0.64567218,-0.027459343,-0.036462926,0.040394269,0.050740907,0.0048469276,0.14096067,-0.3246294,0.58332673,0.74454394,0.73094491,2.0786268,0
18,2900,1.450000,26,1.6845589,1.4867248,1.0227882,0.60967243,0.00024343246,-0.020184583,-0.05444083,0.049744071,-0.11594315,0.026678728,0.73401081,0.61678988,-0.28425054,1.859021,0.69883617,0
18,2900,1.450000,27,1.6845589,1.4942101,1.5129988,0.21620833,0.020195359,0.077891833,0.055616228,0.03113835,-0.037378178,-0.14234705,-0.53663651,-0.68857785,0.48773127,1.0613073,-2.2328124,0
18,2900,1.450000,28,1.6845589,1.0653134,1.0661968,1.0829833,0.027599608,0.042679875,0.061418265,-0.011390262,-0.089801635,-0.011047888,0.37781986,-0.48760199,-0.78708097,2.4768588,-0.91157811,0
18,2900,1.450000,29,1.6845589,1.0819504,1.5079147,1.4767916,0.00057562265,0.041325192,0.026608627,-0.017340835,0.041689498,-0.022373655,0.12281535,0.78616566,-0.60568964,2.2214286,1.4158282,0
18,2900,1.450000,30,1.6845589,1.4844794,1.1180925,1.4583957,0.025174981,0.056657206,0.033049128,0.046024424,-0.080139297,-0.1193125,-0.38271315,0.34724936,0.85612413,0.54307409,2.4047394,0
18,2900,1.450000,31,1.6845589,1.466181,1.4796501,0.98473885,-0.039657489,-0.015936478,-0.053822296,0.18625303,0.020079106,0.099381318,-0.85606202,-0.053622726,-0.51408405,2.1107358,-3.0790356,0
19,3000,1.500000,0,1.68694,0.21210073,0.23264437,0.20819223,0.027733763,0.0032210207,-0.033407347,-0.075627511,-0.088451322,0.088521062,-0.12321951,0.37198181,0.92002527,0.40265137,1.890672,0
19,3000,1.500000,1,1.68694,0.15880361,0.6207614,0.62862924,-0.092119039,-0.044553548,-0.053165127,-0.073943245,0.068830467,-0.16345715,0.87486265,-0.46685365,0.12908526,1.4413499,-0.49018889,0
19,3000,1.500000,2,1.68694,0.60850689,0.25316411,0.59976875,0.036163045,0.048366947,-0.055273587,-0.066784886,0.12784718,0.03505599,0.49808558,0.77042113,-0.39794727,1.9800746,0.99687789,0
19,3000,1.500000,3,1.68694,0.61328068,0.69589261,0.22027555,-0.0050154188,0.069761077,-0.00044419789,-0.13199008,0.094435,-0.050406667,-0.97614434,-0.11674092,0.1830677,1.3866903,-3.0225641,0
19,3000,1.500000,4,1.68694,0.30294126,0.20012055,1.0420863,0.10050923,-0.031074439,-0.024922049,0.066932075,-0.041118739,0.0082308922,0.19277347,0.93673039,-0.29218927,1.8673115,1.3678359,0
19,3000,1.500000,5,1.68694,0.18989908,0.5885024,1.4702554,-0.0015039992,-0.039885052,-0.02703777,-0.056480334,-0.022998792,-0.093143301,0.77457731,-0.27024685,0.5718362,0.96205395,-0.33569087,0
19,3000,1.500000,6,1.68694,0.68948431,0.20911866,1.5075275,0.042757581,0.0047475354,-0.0080358354,0.029168568,0.13800236,-0.020497829,0.81321315,-0.41043829,-0.41258307,1.9960842,-0.46740995,0
19,3000,1.500000,7,1.68694,0.65004527,0.6205338,1.1234835,0.041253857,0.011888256,0.026709872,-0.064081321,0.054493506,-0.069553705,-0.28018387,0.14337847,0.94917839,0.32018125,2.6686052,0
19,3000,1.500000,8,1.68694,0.20182395,1.0748192,0.2259816,-0.0041077854,0.016924725,-0.0085387598,0.0045096585,-0.12052109,-0.010475531,0.39566231,0.74684369,0.53448652,1.0068962,1.0836101,0
19,3000,1.500000,9,1.68694,0.23614244,1.4928695,0.65196777,0.068703277,0.01875262,0.052132964,-0.17069103,-0.07043822,-0.045051072,0.29483998,0.52076281,0.80117132,0.64154636,1.0556238,0
19,3000,1.500000,10,1.68694,0.6244472,0.96001837,0.65658983,0.0072626523,-0.13631825,-0.014100287,0.050179824,0.049761923,0.13187358,0.077886437,0.99213751,-0.097963576,1.6689173,1.4924533,0
19,3000,1.500000,11,1.68694,0.60585932,1.5492998,0.2228738,-0.043555641,0.083111634,0.023938676,0.047929258,0.21087486,-0.10813694,-0.0073811837,0.24491872,-0.96951552,2.8940421,1.6009245,0
19,3000,1.500000,12,1.68694,0.18963986,1.0530494,0.99013236,-0.021546761,-0.008118746,-0.063285324,-0.12323907,-0.017551832,0.065417102,0.73334891,0.058805618,-0.67730441,2.3148888,0.080016564,0
19,3000,1.500000,13,1.68694,0.20744759,1.4604622,1.4809033,-0.042576553,-0.00010302665,-0.0089624458,-0.045979122,0.25369264,-0.060908238,0.34498529,-0.40247923,0.84793609,0.55871668,-0.86216562,0
19,3000,1.500000,14,1.68694,0.58116189,1.0488848,1.5029902,-0.099420294,0.0084025786,0.072666353,0.0012978953,-0.12903057,0.19782396,0.81535945,0.54654236,0.19099844,1.3786171,0.59051963,0
19,3000,1.500000,15,1.68694,0.61397174,1.4426483,1.105269,0.00054978589,-0.08129069,0.011105646,-0.05606896,0.081907364,-0.064698205,-0.053000293,-0.79071896,-0.60988073,2.2267064,-1.6377242,0
19,3000,1.500000,16,1.68694,1.0443131,0.24459331,0.25398532,-0.013418991,0.038136012,0.029383872,0.15501241,0.18490869,0.036528238,0.46656738,0.50535015,-0.72590364,2.3831436,0.82528036,0
19,3000,1.500000,17,1.68694,1.0837077,0.63587405,0.64187427,0.047952162,0.020305737,0.035780166,0.13600017,0.04702685,-0.053902834,-0.68909945,0.17419562,-0.70341867,2.3509922,2.8939923,0
19,3000,1.500000,18,1.68694,1.5091918,0.1880471,0.59610645,0.022188295,-0.034443467,-0.024551997,-0.058924943,-0.080033599,0.0416264,0.73835116,0.47367071,0.48007669,1.0700542,0.57039429,0
19,3000,1.500000,19,1.68694,1.4846565,0.60089545,0.15263391,0.012530245,-0.058321942,-0.04921391,0.016806847,0.075436966,-0.037248879,0.079084937,0.94043633,-0.33064345,1.9077816,1.4868998,0
19,3000,1.500000,20,1.68694,1.0134684,0.18800537,1.0205672,-0.06785811,-0.0054625785,-0.011315804,0.013515821,-0.0042033422,-0.014557008,0.75371008,-0.36288228,0.54793938,0.99089741,-0.448707,0
19,3000,1.500000,21,1.68694,1.0481444,0.66511389,1.4694147,-0.014601051,0.045676603,0.0030533002,0.051228969,-0.19668174,-0.037240302,-0.27513616,-0.9553466,-0.10776347,1.6787695,-1.8512044,0
19,3000,1.500000,22,1.68694,1.481913,0.21955452,1.4550763,-0.017069681,-0.012429519,-0.046023551,0.12260598,-0.072218595,0.17748559,0.84580637,-0.42470497,-0.32285799,1.899544,-0.46535036,0
19,3000,1.500000,23,1.68694,1.4450278,0.57683488,1.0725812,-0.028438395,-0.069959771,0.052584709,-0.055899803,-0.18161394,-0.063753855,-0.9047553,0.12675963,0.40663232,1.1520315,3.0023949,0
19,3000,1.500000,24,1.68694,1.0720276,1.0631362,0.21256844,0.021910215,0.018704411,0.016639068,-0.0090803724,-0.12651962,0.22212532,0.65777266,-0.66725394,0.34943856,1.2138245,-0.79255359,0
19,3000,1.500000,25,1.68694,1.0177929,1.4005102,0.65042627,-0.02712026,-0.035473628,0.044232992,-0.031883795,0.034669165,0.035279082,-0.1469498,0.58893697,0.79470686,0.65227183,1.8153204,0
19,3000,1.500000,26,1.68694,1.4901928,1.0206027,0.61199865,0.0016090428,-0.023813289,-0.052977415,0.037587942,-0.02181654,0.031065945,0.7302625,0.63280318,-0.25744286,1.8311713,0.71401954,0
19,3000,1.500000,27,1.68694,1.4980198,1.5122162,0.20936519,0.021891767,0.07497264,0.048472516,0.023805538,-0.066958417,-0.18234257,-0.60876587,-0.50824345,0.60917379,0.91577799,-2.4459452,0
19,3000,1.500000,28,1.68694,1.0652021,1.0627709,1.0827518,0.025983582,0.037750359,0.059657219,-0.019949285,-0.10026803,-0.02410075,0.33328687,-0.51799609,-0.78778164,2.4779955,-0.99906365,0
19,3000,1.500000,29,1.68694,1.0840727,1.5118348,1.4772001,0.0011682223,0.043112554,0.024930803,0.027185084,0.0087778159,-0.058857897,0.18925305,0.74719088,-0.63709424,2.2615188,1.3227273,0
19,3000,1.500000,30,1.68694,1.490588,1.1151508,1.4550411,0.029182377,0.052138266,0.027636915,0.099859332,-0.10459854,-0.065936498,-0.45589977,0.38950216,0.80027712,0.6430391,2.4345733,0
19,3000,1.500000,31,1.68694,1.476943,1.4829177,0.99203394,-0.030974124,-0.014761234,-0.047923301,0.14172365,0.028814933,0.12722058,-0.81802962,0.089694345,-0.56813948,2.1750396,3.0323821,0
20,3100,1.550000,0,1.6961802,0.20895872,0.22951107,0.21561884,0.023441695,-0.0011745827,-0.027138235,-0.099554521,-0.076094676,0.16091345,-0.21908239,0.42803419,0.8768065,0.50161634,2.0438661,0
20,3100,1.550000,1,1.6961802,0.15838339,0.62861118,0.62529335,-0.093405602,-0.04011611,-0.059925871,0.042233137,0.11888667,-0.12675856,0.77289345,-0.51730065,0.36747212,1.1945068,-0.5898262,0
20,3100,1.550000,2,1.6961802,0.61023701,0.26080417,0.60295129,0.034564437,0.05460327,-0.055375998,-0.0016557183,0.085594798,0.0036865812,0.56320086,0.7349726,-0.37765072,1.9580541,0.91695199,0
20,3100,1.550000,3,1.6961802,0.61283715,0.70389436,0.21535971,-0.0088078436,0.073939656,-0.0065499225,-0.046547753,0.061941186,-0.16750521,-0.95692875,-0.26043661,0.12829705,1.4421447,-2.8758698,0
20,3100,1.550000,4,1.6961802,0.30704489,0.20243825,1.048994,0.10294684,-0.029856235,-0.023725674,0.031727011,0.045707284,0.038202557,0.27835628,0.91485951,-0.29248907,1.867625,1.2754347,0
20,3100,1.550000,5,1.6961802,0.1883369,0.5916618,1.473372,-0.0040992569,-0.039948999,-0.031961016,-0.06341653,0.017797489,-0.081632545,0.70403399,-0.38251102,0.59834894,0.92935745,-0.49769496,0
20,3100,1.550000,6,1.6961802,0.69416347,0.21955613,1.5131168,0.043657626,0.014014244,-0.01069682,-0.0019862794,0.24456516,-0.06227702,0.77044076,-0.41887041,-0.48059193,2.0721259,-0.49797523,0
20,3100,1.550000,7,1.6961802,0.65023748,0.62695061,1.1279971,0.037894621,0.01489787,0.025073977,-0.035179583,0.073363366,0.023059099,-0.3599882,0.12733322,0.92422657,0.39179124,2.8016121,0
20,3100,1.550000,8,1.6961802,0.20070181,1.073353,0.22521133,-0.0063293426,0.0095912683,-0.010541384,-0.087870593,-0.15537467,-0.085687989,0.3141748,0.81041598,0.49448977,1.0535486,1.2009633,0
20,3100,1.550000,9,1.6961802,0.22728346,1.49597,0.65444537,0.058578474,0.013689763,0.051042382,-0.23335241,-0.096112066,-0.026164162,0.44918547,0.50127815,0.73956246,0.73837625,0.84015103,0
20,3100,1.550000,10,1.6961802,0.63240974,0.9685466,0.66644407,0.011792406,-0.13305744,-0.0078595687,0.1441228,0.096335582,0.13620613,0.04682187,0.97921704,-0.19733652,1.7694366,1.5230171,0
20,3100,1.550000,11,1.6961802,0.6134267,1.5667986,0.21921605,-0.039318434,0.092099581,0.019073414,0.12770701,0.12401638,-0.082231284,0.054679721,0.20499412,-0.97723464,2.9278065,1.3101273,0
20,3100,1.550000,12,1.6961802,0.1847855,1.0559329,0.99936245,-0.027423824,-0.010995473,-0.059489056,-0.11829843,-0.11795828,0.060310162,0.81462173,-0.020471884,-0.57963121,2.1890724,-0.025125252,0
20,3100,1.550000,13,1.6961802,0.20584289,1.4807812,1.4862767,-0.045310091,0.012182718,-0.011693271,-0.050312339,0.27377088,-0.063768954,0.41047611,-0.48137132,0.77446176,0.68493249,-0.86472389,0
20,3100,1.550000,14,1.6961802,0.58439941,1.0500467,1.5197497,-0.099366242,0.0038316755,0.08116999,-0.011375255,-0.037564959,0.17687048,0.74701327,0.60376471,0.27827926,1.2887942,0.67974412,0
20,3100,1.550000,15,1.6961802,0.61742607,1.4560833,1.1085955,0.00064083082,-0.075772884,0.0083854886,0.01612053,0.14113706,-0.049280887,0.034916194,-0.85083735,-0.52426774,2.1226513,-1.5297819,0
20,3100,1.550000,16,1.6961802,1.0581948,0.25495934,0.25695727,-0.0052797842,0.047137702,0.030960307,0.18972419,0.17049661,0.0083279035,0.56347463,0.42644104,-0.70756228,2.3568389,0.6478428,0
20,3100,1.550000,17,1.6961802,1.0937915,0.64133869,0.64244314,0.052088661,0.022281975,0.032841185,0.042042962,0.051994911,-0.074229937,-0.82550861,0.14617437,-0.54513172,2.1473425,2.9663374,0
20,3100,1.550000,18,1.6961802,1.5129329,0.18467963,0.6021465,0.017675187,-0.038828994,-0.021784687,-0.10406514,-0.066290068,0.080148415,0.78941763,0.45126173,0.41615221,1.1415867,0.51930457,0
20,3100,1.550000,19,1.6961802,1.4932705,0.60975613,0.15039762,0.013010664,-0.052767839,-0.05227788,-0.0021800064,0.12572093,-0.075704896,0.10848187,0.93871334,-0.32718337,1.9041177,1.4557423,0
20,3100,1.550000,20,1.6961802,1.0212106,0.18781387,1.0236201,-0.065673166,-0.0066805524,-0.013846184,0.024184751,-0.054708588,-0.063581795,0.80978877,-0.24555874,0.53286306,1.0088159,-0.2944248,0
20,3100,1.550000,21,1.6961802,1.0554576,0.65992594,1.4758866,-0.013033338,0.036869538,0.0014807699,-0.008081293,-0.15726343,-0.031387329,-0.25129692,-0.93947362,-0.23289305,1.8058478,-1.8321644,0
20,3100,1.550000,22,1.6961802,1.4945507,0.21493971,1.4723347,-0.012561493,-0.018231088,-0.036760678,0.067251082,-0.13553192,0.19470967,0.78385312,-0.41592021,-0.46106905,2.0499959,-0.4878346,0
20,3100,1.550000,23,1.6961802,1.4489675,0.57222425,1.0745948,-0.032403016,-0.077708848,0.048733799,-0.087597301,-0.15742395,-0.063004353,-0.88939061,0.14052176,0.43501492,1.1207415,2.9848902,0
20,3100,1.550000,24,1.6961802,1.0769269,1.0606465,0.22332696,0.020940213,0.010414065,0.026207109,-0.02020901,-0.18213401,0.20002768,0.61055126,-0.74835217,0.25922227,1.3085795,-0.88645866,0
20,3100,1.550000,25,1.6961802,1.0223954,1.4080886,0.6582084,-0.028090015,-0.035566363,0.048440916,-0.036480696,-0.029073361,0.13619446,0.0078592145,0.60832651,0.79364797,0.65401434,1.5578776,0
20,3100,1.550000,26,1.6961802,1.4988594,1.026592,0.61687246,0.0021116711,-0.023415418,-0.051459982,0.023442043,-0.00014814021,-0.014579533,0.74113067,0.6254219,-0.24407536,1.8173624,0.70092763,0
20,3100,1.550000,27,1.6961802,1.506276,1.5170435,0.2001812,0.021942419,0.07152617,0.038169867,-0.0027114047,-0.12084142,-0.24977225,-0.67428593,-0.31459104,0.66811,0.83913056,-2.7050577,0
20,3100,1.550000,28,1.6961802,1.0716478,1.0644868,1.0886454,0.026592949,0.033656075,0.059620131,-0.0021821232,-0.031123389,0.019759502,0.27681961,-0.55237482,-0.78629063,2.4755786,-1.1062335,0
20,3100,1.550000,29,1.6961802,1.0940112,1.518842,1.4820348,0.0051577759,0.041842233,0.02168298,0.10288898,-0.075961898,-0.083795571,0.28315162,0.68667432,-0.66955473,2.3044055,1.1796871,0
20,3100,1.550000,30,1.6961802,1.5030335,1.1151805,1.4633301,0.033451524,0.04607628,0.027955105,0.062257242,-0.094408359,0.045395259,-0.50682939,0.43286582,0.74548719,0.72953084,2.4347427,0
20,3100,1.550000,31,1.6961802,1.490741,1.4912459,1.0054564,-0.025281593,-0.014556324,-0.039956422,0.10493874,-0.021125541,0.15707711,-0.75909304,0.23796917,-0.60592774,2.2217279,2.8378048,0
21,3200,1.600000,0,1.7099851,0.20731089,0.2264305,0.22192281,0.020106699,-0.0061031246,-0.022607501,-0.044358498,-0.1358318,0.0057192457,-0.30805445,0.462405,0.83143495,0.58911101,2.1584761,0
21,3200,1.600000,1,1.7099851,0.16317303,0.63809553,0.62505943,-0.089919136,-0.035765537,-0.06522745,0.088105687,0.047623949,-0.098101666,0.60817528,-0.52537859,0.59506316,0.9334521,-0.71248596,0
21,3200,1.600000,2,1.7099851,0.61301213,0.26613158,0.60766311,0.0323818,0.057795111,-0.055570695,-0.034126866,0.046969492,-0.017070369,0.61749804,0.72204426,-0.31200683,1.8881009,0.8632865,0
21,3200,1.600000,3,1.7099851,0.61652241,0.71092145,0.20865891,-0.010105091,0.075232647,-0.014969373,-0.0069084694,0.040109349,-0.19088215,-0.91526891,-0.39735501,0.066270815,1.5044769,-2.7320057,0
21,3200,1.600000,4,1.7099851,0.31010563,0.20855935,1.0609498,0.10350633,-0.025400791,-0.020321293,-0.033016653,0.086658884,0.12046653,0.37549071,0.89051946,-0.25686928,1.8305777,1.1717635,0
21,3200,1.600000,5,1.7099851,0.18659078,0.59925373,1.4813825,-0.0073649866,-0.037183695,-0.035925905,-0.069839776,0.058913126,-0.083455788,0.62232714,-0.46706973,0.62813597,0.89164105,-0.64383461,0
21,3200,1.600000,6,1.7099851,0.7003438,0.2334781,1.5235947,0.044186153,0.026100302,-0.012526417,0.027873154,0.23043707,-0.04861834,0.68469143,-0.45845105,-0.56658651,2.1731537,-0.59001214,0
21,3200,1.600000,7,1.7099851,0.6523528,0.63658949,1.1402091,0.034730604,0.019415811,0.02809324,-0.033565833,0.094574413,0.056487001,-0.43785191,0.084688953,0.89504943,0.4622543,2.9505328,0
21,3200,1.600000,8,1.7099851,0.19760841,1.0747212,0.22184949,-0.011037137,0.0022533871,-0.015715205,-0.1081875,-0.17439215,-0.12736226,0.2688213,0.85064414,0.45181816,1.101994,1.2647071,0
21,3200,1.600000,9,1.7099851,0.21824673,1.5037199,0.65969602,0.047735869,0.009282066,0.050966937,-0.24173561,-0.085292554,0.0053496499,0.55174531,0.46966467,0.68919679,0.81041639,0.70521035,0
21,3200,1.600000,10,1.7099851,0.64396857,0.9808322,0.67725603,0.018178292,-0.12867243,-0.0024934111,0.09853952,0.093618831,0.12661245,0.047473898,0.93491096,-0.35169265,1.930175,1.5200608,0
21,3200,1.600000,11,1.7099851,0.62534505,1.5847649,0.21676414,-0.032420604,0.097292973,0.014854453,0.12718949,0.02635715,-0.08945028,0.11960708,0.10556453,-0.98719313,2.9813784,0.72311507,0
21,3200,1.600000,12,1.7099851,0.1817973,1.0573287,1.0098589,-0.031897828,-0.018164698,-0.057135807,-0.082526231,-0.14106653,0.04843207,0.85564869,-0.1450026,-0.49682952,2.090738,-0.16787024,0
21,3200,1.600000,13,1.7099851,0.20610366,1.505913,1.4942462,-0.046718923,0.025209876,-0.015803639,-0.023783925,0.27045057,-0.11290885,0.46174919,-0.55129605,0.69488154,0.80254116,-0.87356276,0
21,3200,1.600000,14,1.7099851,0.5884718,1.0584322,1.5413983,-0.10004741,0.0036717791,0.090412256,0.022587826,0.026742504,0.19033932,0.68121328,0.6273838,0.37727712,1.183942,0.74428608,0
21,3200,1.600000,15,1.7099851,0.62542741,1.4748936,1.1140618,0.0036050483,-0.068841395,0.0048435074,0.064312881,0.1547356,-0.082581503,0.095737159,-0.90026341,-0.42468833,2.0094139,-1.464851,0
21,3200,1.600000,16,1.7099851,1.0746696,0.26550253,0.25909597,0.0025508577,0.055571644,0.031007494,0.12867445,0.18460236,-0.0068853153,0.60780599,0.35829884,-0.70865635,2.3583883,0.53265974,0
21,3200,1.600000,17,1.7099851,1.1020709,0.64899772,0.64391224,0.051468394,0.024711426,0.029096739,-0.018364793,0.050562577,-0.06587748,-0.91017089,0.13489072,-0.39165476,1.9732257,2.9944599,0
21,3200,1.600000,18,1.7099851,1.5196253,0.181686,0.61458785,0.012076786,-0.043307542,-0.014274528,-0.11486814,-0.10042921,0.22762289,0.83457347,0.436071,0.33664403,1.2274457,0.48149115,0
21,3200,1.600000,19,1.7099851,1.5058783,0.62239849,0.14901699,0.013463228,-0.045119163,-0.054872054,0.0024178182,0.17192994,-0.043203119,0.1129711,0.90565156,-0.40869644,1.9918216,1.4466972,0
21,3200,1.600000,20,1.7099851,1.0304523,0.18482276,1.0283436,-0.064746712,-0.011182,-0.017439123,0.010543525,-0.06568563,-0.078226522,0.84086403,-0.12999771,0.52540296,1.0176077,-0.15338581,0
21,3200,1.600000,21,1.7099851,1.0652805,0.65841935,1.4878889,-0.01180555,0.030019705,0.0014711417,0.019931942,-0.13604697,0.020718455,-0.17546599,-0.92280885,-0.34298034,1.9208842,-1.7586967,0
21,3200,1.600000,22,1.7099851,1.5107662,0.21040504,1.492477,-0.0085262536,-0.024489752,-0.028634329,0.064691036,-0.10372968,0.13074628,0.68693653,-0.41866401,-0.59400223,2.2068211,-0.54735025,0
21,3200,1.600000,23,1.7099851,1.456606,0.56811642,1.0787516,-0.03654063,-0.086438521,0.044163196,-0.077135899,-0.18991069,-0.088586051,-0.86840654,0.13413563,0.4773654,1.0731423,2.988342,0
21,3200,1.600000,24,1.7099851,1.0842086,1.060429,0.23350325,0.019463002,0.0015998288,0.034532039,-0.02450593,-0.13749009,0.13218829,0.55118477,-0.81523212,0.17774121,1.3921057,-0.97628603,0
21,3200,1.600000,25,1.7099851,1.0279571,1.4161573,0.6697871,-0.030838286,-0.038944119,0.054637475,-0.072751697,-0.057634593,0.11512535,0.12058749,0.63557109,0.76256675,0.70352473,1.3832941,0
21,3200,1.600000,26,1.7099851,1.5113547,1.034948,0.62061776,0.0024068921,-0.023414578,-0.052730133,0.0046946119,0.036401944,-0.025657896,0.73316641,0.63184691,-0.25146869,1.8249937,0.71130802,0
21,3200,1.600000,27,1.7099851,1.5180456,1.5224136,0.19023211,0.021454703,0.06457751,0.026638283,-0.0092538489,-0.14496222,-0.17331603,-0.70162694,-0.19079438,0.68652542,0.81409677,-2.8760815,0
21,3200,1.600000,28,1.7099851,1.0816106,1.0734123,1.0977724,0.027828851,0.033916895,0.059885705,-0.006767658,-0.0064364627,-0.048926354,0.23305146,-0.6104564,-0.75698745,2.4294867,-1.2061071,0
21,3200,1.600000,29,1.7099851,1.1090637,1.5277063,1.489986,0.011281505,0.038359001,0.017588774,0.13143345,-0.07816257,-0.057307925,0.37815327,0.61476805,-0.69214186,2.3352487,1.0193367,0
21,3200,1.600000,30,1.7099851,1.518195,1.1210917,1.477102,0.036368326,0.042923965,0.029809681,0.072449579,-0.035616304,0.045192742,-0.53699324,0.48636743,0.68926409,0.8103235,2.4056243,0
21,3200,1.600000,31,1.7099851,1.5074909,1.5030033,1.0216063,-0.020683242,-0.014934334,-0.03202195,0.12025341,-0.010473218,0.14324469,-0.69892793,0.41734041,-0.58079835,2.1905054,2.6032971,0
22,3300,1.650000,0,1.7130271,0.20779253,0.21871484,0.22268817,0.020219446,-0.014214392,-0.022237261,0.014885063,-0.18136995,-0.0029461033,-0.36998125,0.45890595,0.80778661,0.63040878,2.2493212,0
22,3300,1.650000,1,1.7130271,0.16889338,0.6403445,0.62251545,-0.084493886,-0.034652693,-0.068880132,0.11836524,0.014899516,-0.050897473,0.348918,-0.45418028,0.81974173,0.60983639,-0.91572547,0
22,3300,1.650000,2,1.7130271,0.61214648,0.26953884,0.60921879,0.030427368,0.060726324,-0.055096435,-0.051831539,0.065595537,0.0315195,0.64825638,0.72601464,-0.22949164,1.8023517,0.84191935,0
22,3300,1.650000,3,1.7130271,0.61961943,0.71522603,0.19927239,-0.0081066045,0.078269842,-0.02471842,0.083233031,0.023853762,-0.18345423,-0.85597108,-0.51663695,-0.019994198,1.5907919,-2.5985536,0
22,3300,1.650000,4,1.7130271,0.30777362,0.21554434,1.0671532,0.10062522,-0.018792692,-0.016009012,-0.062282318,0.17953089,0.063629157,0.47940672,0.85192292,-0.21070486,1.7830923,1.0582285,0
22,3300,1.650000,5,1.7130271,0.18282433,0.60170491,1.4798263,-0.011459734,-0.035799791,-0.040113776,-0.061351918,0.037518137,-0.13212457,0.570456,-0.50984643,0.64392279,0.87118183,-0.72935266,0
22,3300,1.650000,6,1.7130271,0.70201241,0.24607736,1.5228924,0.044608514,0.038273401,-0.015936094,0.0098709904,0.21386349,-0.10933498,0.58565968,-0.50067397,-0.63743887,2.261966,-0.70732549,0
22,3300,1.650000,7,1.7130271,0.6518254,0.64254666,1.1446766,0.033044202,0.02423624,0.030530204,-0.035795277,0.10470289,0.04831238,-0.52112108,0.060915718,0.85130611,0.55232664,3.0252271,0
22,3300,1.650000,8,1.7130271,0.19343278,1.0671854,0.21765197,-0.015560287,-0.0071859049,-0.0203033,-0.082878969,-0.18150767,-0.067085523,0.24191002,0.89007648,0.38632033,1.1741575,1.3054209,0
22,3300,1.650000,9,1.7130271,0.20696924,1.5010205,0.66371406,0.036080495,0.003912456,0.053808879,-0.211403,-0.10080177,0.072231016,0.66345257,0.45860918,0.59119227,0.93826001,0.60482686,0
22,3300,1.650000,10,1.7130271,0.65108919,0.98873677,0.68376722,0.024148027,-0.12251816,0.0028082603,0.10064392,0.12531027,0.071143447,0.083128675,0.8719017,-0.48257336,2.0743868,1.4757419,0
22,3300,1.650000,11,1.7130271,0.63336477,1.5889943,0.21153669,-0.025519475,0.09870194,0.0092463695,0.17281493,0.017291469,-0.13051387,0.19663107,0.0042015154,-0.98046855,2.9436262,0.021364254,0
22,3300,1.650000,12,1.7130271,0.1795288,1.0505766,1.0138255,-0.034487435,-0.026790066,-0.054967569,-0.087525392,-0.16229943,0.028499783,0.89031814,-0.26304527,-0.37167298,1.9516068,-0.28727807,0
22,3300,1.650000,13,1.7130271,0.20461858,1.5213025,1.4913709,-0.048569001,0.037909153,-0.021332207,-0.044911743,0.26057932,-0.099247343,0.50875586,-0.59737928,0.61992377,0.90215078,-0.86534727,0
22,3300,1.650000,14,1.7130271,0.5893045,1.0626111,1.5524754,-0.10026137,0.0059656906,0.09873988,-0.039295428,0.075919369,0.13270586,0.63013803,0.62432132,0.46168058,1.0909075,0.78076137,0
22,3300,1.650000,15,1.7130271,0.63038346,1.4851423,1.1123964,0.0074450808,-0.061223249,0.0011994504,0.080619807,0.13962779,-0.060705632,0.13611388,-0.94759206,-0.28903684,1.8640169,-1.4281303,0
22,3300,1.650000,16,1.7130271,1.0837333,0.27412947,0.25755172,0.0096964318,0.063719021,0.029004103,0.12191425,0.15993091,-0.063858963,0.59816401,0.30562342,-0.74080641,2.4050664,0.47235794,0
22,3300,1.650000,17,1.7130271,1.1048543,0.65142872,0.64214595,0.052290553,0.025986757,0.026187554,0.045912329,0.0011329872,-0.0067957232,-0.96195851,0.14223538,-0.23324861,1.8062134,2.9947961,0
22,3300,1.650000,18,1.7130271,1.5150765,0.17993631,0.62707645,0.0048310907,-0.045378602,-0.002889365,-0.13018008,-0.013803598,0.23262629,0.85674439,0.41284633,0.30910672,1.2565427,0.44904524,0
22,3300,1.650000,19,1.7130271,1.5085478,0.63389687,0.14771943,0.013453862,-0.034737225,-0.056433326,0.013709019,0.24346576,-0.041767836,0.091356011,0.8287978,-0.55204011,2.1556053,1.4610124,0
22,3300,1.650000,20,1.7130271,1.032212,0.18136442,1.0267453,-0.064820038,-0.014965765,-0.02086376,0.0049723323,-0.0827,-0.056055586,0.86090303,-0.033085157,0.50769217,1.0382924,-0.038411856,0
22,3300,1.650000,21,1.7130271,1.0700134,0.65445374,1.494024,-0.0089702452,0.024887359,0.0049562554,0.077259165,-0.098321079,0.1108268,-0.14114734,-0.89847186,-0.41572315,1.9995341,-1.7266199,0
22,3300,1.650000,22,1.7130271,1.5167567,0.20469669,1.4998223,-0.0052262592,-0.030566997,-0.02394818,0.052470361,-0.11727383,0.072785347,0.56326805,-0.39606791,-0.72516158,2.3820653,-0.61284404,0
22,3300,1.650000,23,1.7130271,1.4570407,0.5605408,1.0784038,-0.038695227,-0.095017166,0.041898407,-0.047588683,-0.18086012,-0.032149104,-0.82382708,0.15018537,0.54658329,0.99251766,2.9612708,0
22,3300,1.650000,24,1.7130271,1.084145,1.0567559,0.23874428,0.017472388,-0.003954733,0.039353399,-0.043145422,-0.10341716,0.089088967,0.43894218,-0.8869456,0.14372631,1.4265705,-1.1112436,0
22,3300,1.650000,25,1.7130271,1.0253729,1.4142481,0.67617916,-0.035247216,-0.043368654,0.0598334,-0.058861546,-0.088485859,0.13063701,0.19319836,0.69729232,0.69025923,0.80894906,1.3005072,0
22,3300,1.650000,26,1.7130271,1.5156836,1.0386586,0.61843377,0.0040457247,-0.021546833,-0.056015253,0.030812294,0.035035458,-0.098173304,0.70391978,0.67020986,-0.23519286,1.8082133,0.76087125,0
22,3300,1.650000,27,1.7130271,1.5213241,1.5161839,0.18343904,0.022032162,0.055647402,0.019513131,0.018632502,-0.18584763,-0.12017192,-0.69737572,-0.086979458,0.71140824,0.77929633,-3.0175095,0
22,3300,1.650000,28,1.7130271,1.0805831,1.0750346,1.0981011,0.024879824,0.033629901,0.058263014,-0.11370361,-0.0070922673,-0.042304588,0.12267002,-0.68728856,-0.71595146,2.3687823,-1.3941722,0
22,3300,1.650000,29,1.7130271,1.1137764,1.5266901,1.4908675,0.014018795,0.034628498,0.015821275,0.037041002,-0.084331812,-0.038086787,0.46131231,0.58612492,-0.66606947,2.299723,0.90399893,0
22,3300,1.650000,30,1.7130271,1.5228932,1.1200552,1.4826702,0.03836401,0.039895836,0.03274762,0.019844055,-0.08582694,0.10366132,-0.55863402,0.5629875,0.60907562,0.91590176,2.3523131,0
22,3300,1.650000,31,1.7130271,1.5146369,1.5048981,1.0310573,-0.016222906,-0.015712602,-0.024395128,0.075394533,-0.013470246,0.15173783,-0.60576635,0.6070802,-0.51429638,2.1109833,2.3551112,0
23,3400,1.700000,0,1.7159112,0.20662301,0.20806614,0.22145575,0.018701351,-0.025222067,-0.023843257,-0.049827348,-0.23024681,-0.04579683,-0.44707369,0.4508471,0.77256845,0.68791984,2.3519921,0
23,3400,1.700000,1,1.7159112,0.17302568,0.64302937,0.62193381,-0.080649176,-0.033047288,-0.070508496,0.051192844,0.080561228,-0.014329424,0.010304261,-0.35082377,0.9363848,0.35861221,-1.5414332,0
23,3400,1.700000,2,1.7159112,0.60993315,0.27564481,0.61309416,0.027186128,0.066373734,-0.052249175,-0.064243907,0.10660576,0.062881356,0.67446137,0.72212849,-0.153728,1.7251364,0.819516,0
23,3400,1.700000,3,1.7159112,0.62805617,0.71598652,0.19214823,-0.00071930192,0.077826517,-0.032171817,0.16001749,-0.035450835,-0.10732113,-0.78776939,-0.6041728,-0.11997754,1.6910636,-2.4873371,0
23,3400,1.700000,4,1.7159112,0.30271055,0.22394133,1.0735712,0.095048656,-0.010765351,-0.011391611,-0.15260575,0.16676044,0.073309761,0.59137492,0.78349677,-0.19081016,1.7627837,0.92423715,0
23,3400,1.700000,5,1.7159112,0.18035342,0.60479481,1.4752201,-0.014236117,-0.033724688,-0.047205422,-0.027769648,0.042209549,-0.18329073,0.52275587,-0.53698602,0.66209691,0.84718296,-0.7988253,0
23,3400,1.700000,6,1.7159112,0.70358153,0.25641879,1.5204341,0.044995366,0.04819218,-0.020954206,0.0012166146,0.14559405,-0.12861697,0.45583714,-0.55761366,-0.69374311,2.3374696,-0.8854883,0
23,3400,1.700000,7,1.7159112,0.65221714,0.64621508,1.1497353,0.032339094,0.026820664,0.033658991,-0.0025633828,0.027853034,0.076776648,-0.60946481,0.013158744,0.79270391,0.65556453,3.1200054,0
23,3400,1.700000,8,1.7159112,0.18973587,1.0599251,0.21302462,-0.019579487,-0.016235303,-0.02529291,-0.070603566,-0.18890545,-0.13368031,0.22194866,0.92828158,0.29838246,1.2677989,1.336106,0
23,3400,1.700000,9,1.7159112,0.19561107,1.4993451,0.6683112,0.024383698,-0.00028659696,0.057285638,-0.23274563,-0.072941776,0.060701135,0.75199024,0.46781581,0.46439105,1.0878494,0.55651377,0
23,3400,1.700000,10,1.7159112,0.65691554,0.9952472,0.68785124,0.028874189,-0.1176765,0.0057385896,0.076076308,0.081526737,0.010829486,0.16907728,0.76143563,-0.62580241,2.2469562,1.3522909,0
23,3400,1.700000,11,1.7159112,0.64345153,1.5930519,0.20593635,-0.016506658,0.10008307,0.0032948806,0.20414958,0.020928344,-0.1041958,0.32963816,-0.059311723,-0.94224243,2.80006,-0.17802492,0
23,3400,1.700000,12,1.7159112,0.17454918,1.043371,1.0193744,-0.039764875,-0.035756899,-0.051128813,-0.08830918,-0.14901725,0.086609819,0.8965406,-0.34201431,-0.28149807,1.8561513,-0.36444157,0
23,3400,1.700000,13,1.7159112,0.20258951,1.5357002,1.4885004,-0.050940584,0.049735565,-0.026709071,0.01221303,0.21624928,-0.10579919,0.55307519,-0.64486641,0.52749895,1.0151424,-0.86187285,0
23,3400,1.700000,14,1.7159112,0.58949267,1.0707757,1.5591053,-0.10106471,0.01233593,0.1027526,-0.020032706,0.17754974,0.045653144,0.58270315,0.62626454,0.51792834,1.0263689,0.82141448,0
23,3400,1.700000,15,1.7159112,0.63559268,1.4942473,1.1103784,0.011589474,-0.054624208,-0.0026881022,0.053445496,0.090036424,-0.039338467,0.14305704,-0.97482059,-0.17105409,1.7426957,-1.4250842,0
23,3400,1.700000,16,1.7159112,1.08985,0.28128471,0.25284828,0.013984904,0.070407099,0.023871361,0.069674924,0.14064092,-0.13921742,0.58354533,0.24336243,-0.77475775,2.4571282,0.39511019,0
23,3400,1.700000,17,1.7159112,1.1085603,0.65138388,0.6434395,0.054134767,0.024846101,0.026399782,0.050547408,-0.048397725,0.015114169,-0.98703769,0.13959625,-0.079180088,1.6500594,3.001095,0
23,3400,1.700000,18,1.7159112,1.5108269,0.17940279,0.63986949,-0.0019637141,-0.046214364,0.0088380386,-0.17176938,-0.011742774,0.2195147,0.86857292,0.38873213,0.30735715,1.2583818,0.42081686,0
23,3400,1.700000,19,1.7159112,1.5118005,0.6479441,0.14485138,0.014166068,-0.021768162,-0.059547461,0.009489598,0.22379435,-0.064646893,0.070870648,0.69601255,-0.71452353,2.3667392,1.4693223,0
23,3400,1.700000,20,1.7159112,1.0342166,0.17671359,1.0262667,-0.064553529,-0.019917783,-0.023069194,0.0025133027,-0.096195906,-0.042103674,0.86974791,0.048831786,0.49107435,1.0574737,0.056085875,0
23,3400,1.700000,21,1.7159112,1.0760875,0.65206783,1.5022417,-0.0047013075,0.02140251,0.010653834,0.066547338,-0.075029135,0.08762378,-0.10504563,-0.86887321,-0.48376105,2.0757433,-1.6911111,0
23,3400,1.700000,22,1.7159112,1.5217854,0.20082973,1.5061726,-0.0027532412,-0.034775056,-0.020126273,0.04990664,-0.011794315,0.087299147,0.41179532,-0.35140686,-0.84079595,2.5695482,-0.70643756,0
23,3400,1.700000,23,1.7159112,1.4578661,0.55269668,1.0782996,-0.040321525,-0.10379766,0.039980101,5.7092622e-05,-0.1538608,-0.028929615,-0.7576889,0.20950531,0.61807367,0.90450642,2.8718271,0
23,3400,1.700000,24,1.7159112,1.0850384,1.0537777,0.24360167,0.016541264,-0.0087081505,0.043805079,-0.049969001,-0.087223451,0.10540801,0.30622649,-0.93802931,0.16225398,1.4078219,-1.2552469,0
23,3400,1.700000,25,1.7159112,1.0272438,1.4150723,0.68396373,-0.035102821,-0.044924227,0.066473937,0.039376683,-0.0083959772,0.18959266,0.22343488,0.7708806,0.59650646,0.93165503,1.2886831,0
23,3400,1.700000,26,1.7159112,1.5212727,1.0418857,0.61497362,0.0070803576,-0.020069678,-0.060512848,0.097651199,0.0210884,-0.10804566,0.65444371,0.71858291,-0.23524889,1.808271,0.83207796,0
23,3400,1.700000,27,1.7159112,1.5236186,1.5108126,0.18001759,0.021765578,0.04773009,0.01578597,0.0076080058,-0.16320852,-0.069455964,-0.74069577,0.048362455,0.67009764,0.83645601,3.0763919,0
23,3400,1.700000,28,1.7159112,1.0758319,1.0752245,1.0975173,0.018314877,0.032011217,0.055832485,-0.1301782,-0.02848297,-0.052251127,0.005157354,-0.74205867,-0.6703151,2.3054296,-1.5638464,0
23,3400,1.700000,29,1.7159112,1.1175717,1.5257003,1.4924805,0.015937337,0.031071274,0.014924933,0.040759691,-0.068632671,0.021995606,0.52919037,0.54020156,-0.65432395,2.2840846,0.79569448,0
23,3400,1.700000,30,1.7159112,1.5271988,1.1175461,1.4885458,0.04010415,0.035504607,0.036124103,0.014475932,-0.099629807,0.062980873,-0.58232892,0.65731916,0.4783561,1.0720145,2.295775,0
23,3400,1.700000,31,1.7159112,1.5211472,1.5063708,1.039067,-0.012266082,-0.01677266,-0.018126586,0.066117018,-0.011783152,0.14632614,-0.45994359,0.75496736,-0.46741436,2.05716,2.11797,0
24,3500,1.750000,0,1.7169952,0.20226765,0.19780315,0.22077016,0.014216883,-0.035613214,-0.024668486,-0.12448773,-0.17402365,-0.019195297,-0.52692869,0.40667949,0.74629615,0.7283163,2.4842897,0
24,3500,1.750000,1,1.7169952,0.17691647,0.64678125,0.61968594,-0.076868878,-0.02970267,-0.073148413,0.10510145,0.036748809,-0.055022574,-0.35953229,-0.23649037,0.90266762,0.44486766,-2.559773,0
24,3500,1.750000,2,1.7169952,0.60878746,0.27986751,0.61821968,0.025655617,0.070421037,-0.047512445,-0.040903989,0.072995853,0.069861565,0.70127209,0.71039671,-0.059615188,1.6304469,0.79186179,0
24,3500,1.750000,3,1.7169952,0.63557006,0.71341112,0.18804652,0.0063956015,0.074799777,-0.036393578,0.10457474,-0.099802901,-0.035484585,-0.73722084,-0.6328484,-0.23666079,1.8097239,-2.432228,0
24,3500,1.750000,4,1.7169952,0.29440418,0.23436109,1.0802845,0.086553745,-0.00049030368,-0.0053584006,-0.15598057,0.22918585,0.11883113,0.66885942,0.72541721,-0.16247136,1.7339911,0.82594019,0
24,3500,1.750000,5,1.7169952,0.18086172,0.6097342,1.4675142,-0.013841873,-0.029168797,-0.055840545,0.051441107,0.14900961,-0.17891524,0.47082196,-0.58282494,0.66230037,0.84691144,-0.89130077,0
24,3500,1.750000,6,1.7169952,0.7038692,0.26280651,1.5162095,0.044838625,0.054415958,-0.02613763,0.003426708,0.12432891,-0.061164196,0.35410123,-0.56138165,-0.74797257,2.4157985,-1.0080604,0
24,3500,1.750000,7,1.7169952,0.65367356,0.64773363,1.1554587,0.033383168,0.027930643,0.038654596,0.043357569,0.0065565667,0.13126649,-0.70120223,-0.038389966,0.71192812,0.7785563,-3.0868985,0
24,3500,1.750000,8,1.7169952,0.18656189,1.0509979,0.20593374,-0.022872282,-0.025829065,-0.032516076,-0.026192254,-0.18660546,-0.11153503,0.22429114,0.93954673,0.25873813,1.3090807,1.3364594,0
24,3500,1.750000,9,1.7169952,0.18329129,1.4984804,0.67277142,0.011944275,-0.0020978871,0.061322408,-0.24574666,-0.016525321,0.097676825,0.79149544,0.53126139,0.30215278,1.2638461,0.59114291,0
24,3500,1.750000,10,1.7169952,0.66003865,1.0005173,0.68815327,0.031581474,-0.11303655,0.0056061462,0.044086838,0.12065943,-0.035075875,0.2607153,0.5925123,-0.76220517,2.4375092,1.1562755,0
24,3500,1.750000,11,1.7169952,0.65546774,1.5939733,0.20058688,-0.0049005775,0.099998099,-0.0021829486,0.24454361,-0.0097420812,-0.12972443,0.4536014,-0.084447034,-0.88719472,2.6620255,-0.18406294,0
24,3500,1.750000,12,1.7169952,0.17024089,1.0351945,1.0236884,-0.044182042,-0.044589754,-0.047459893,-0.049584647,-0.16906467,0.025914784,0.89534327,-0.41356273,-0.16530666,1.7368653,-0.43270916,0
24,3500,1.750000,13,1.7169952,0.20705648,1.5456807,1.4827211,-0.046602964,0.05874314,-0.033426545,0.14544189,0.11690257,-0.12924443,0.58806271,-0.69379993,0.41572094,1.142061,-0.86769901,0
24,3500,1.750000,14,1.7169952,0.58717129,1.0811123,1.5598998,-0.10375763,0.021993011,0.10256227,-0.10152703,0.21159324,-0.053021372,0.54141664,0.59769127,0.59129787,0.93812908,0.8347604,0
24,3500,1.750000,15,1.7169952,0.63754731,1.4984238,1.1093254,0.013142107,-0.051392729,-0.0044420171,-0.0074745993,0.035924967,-0.042357359,0.11895922,-0.99236299,-0.03262521,1.6034273,-1.4514909,0
24,3500,1.750000,16,1.7169952,1.0924618,0.28640348,0.24713097,0.015907569,0.075346624,0.017996176,-0.013933026,0.072123697,-0.084073612,0.56913114,0.16666216,-0.80517915,2.5067738,0.28487155,0
24,3500,1.750000,17,1.7169952,1.1114601,0.64790722,0.64497253,0.056333609,0.020959189,0.02752599,0.0094732638,-0.091970014,-0.011189877,-0.98781111,0.1479405,0.048402719,1.5223747,2.9929316,0
24,3500,1.750000,18,1.7169952,1.5040218,0.17906786,0.64997984,-0.0097207475,-0.046662482,0.018541113,-0.13019714,0.0035499749,0.14396452,0.85832959,0.34513654,0.37967233,1.1813542,0.38231763,0
24,3500,1.750000,19,1.7169952,1.5137279,0.65979586,0.14565648,0.015138172,-0.01032932,-0.058834096,0.038705718,0.23909642,0.016368485,0.039207059,0.51808445,-0.8544304,2.5952499,1.4952633,0
24,3500,1.750000,20,1.7169952,1.0346232,0.17339218,1.0269577,-0.064800161,-0.023349745,-0.023026514,-0.023531125,-0.069411601,0.038544277,0.88008205,0.14047394,0.45356661,1.1000331,0.15827946,0
24,3500,1.750000,21,1.7169952,1.0792113,0.64864588,1.506885,-0.002258029,0.01756986,0.014346935,0.081277042,-0.061277334,0.051321808,-0.055647677,-0.84405152,-0.53336701,2.1333724,-1.6366303,0
24,3500,1.750000,22,1.7169952,1.5240657,0.19972033,1.5101645,-0.001434724,-0.036010932,-0.017086838,-0.0015506385,-0.0084812353,0.065771789,0.21056194,-0.27392488,-0.93841826,2.7888197,-0.91544368,0
24,3500,1.750000,23,1.7169952,1.4589703,0.54509337,1.0761892,-0.040138364,-0.1117476,0.037189419,0.018364539,-0.17207565,-0.060740778,-0.69667931,0.25017928,0.67234535,0.8334237,2.7968318,0
24,3500,1.750000,24,1.7169952,1.0832637,1.0525502,0.24920127,0.01408187,-0.010600794,0.049249075,-0.043041037,-0.034082186,0.071742197,0.16512306,-0.96308968,0.2125856,1.356576,-1.4009959,0
24,3500,1.750000,25,1.7169952,1.0290884,1.4146471,0.69328935,-0.033907515,-0.046242902,0.075364685,0.0055619177,-0.027858368,0.16846908,0.22649577,0.84058436,0.49205446,1.0563482,1.3075968,0
24,3500,1.750000,26,1.7169952,1.5268491,1.0437154,0.60779617,0.0116943,-0.018898563,-0.068076388,0.040236575,0.043182381,-0.14592652,0.62115729,0.74803292,-0.23368862,1.806666,0.87779901,0
24,3500,1.750000,27,1.7169952,1.5238868,1.5047769,0.17743144,0.021071459,0.040742199,0.013086957,0.0050475802,-0.11720094,-0.010264096,-0.7980378,0.17055437,0.57796788,0.95455999,2.931043,0
24,3500,1.750000,28,1.7169952,1.0714205,1.0753951,1.0953554,0.013225475,0.031502742,0.052978101,-0.083436416,-0.021321457,-0.078390477,-0.091730936,-0.7857285,-0.6117321,2.2290446,-1.6870166,0
24,3500,1.750000,29,1.7169952,1.1206758,1.523664,1.494177,0.01833468,0.028072055,0.015678407,0.022925427,-0.097128859,0.0062970756,0.59969755,0.49837405,-0.62608798,2.2473224,0.69338468,0
24,3500,1.750000,30,1.7169952,1.5284133,1.1125461,1.4905274,0.040353812,0.029800498,0.037165005,0.0033885273,-0.10846709,0.027297624,-0.63303854,0.70147051,0.32741614,1.2372286,2.3049606,0
24,3500,1.750000,31,1.7169952,1.5258414,1.5077174,1.046646,-0.0085339333,-0.016377788,-0.011206201,0.049098476,0.020123477,0.1739971,-0.2872391,0.83721579,-0.46536375,2.0548419,1.9013007,0
25,3600,1.800000,0,1.721783,0.19738532,0.19008111,0.22111095,0.008778111,-0.043875317,-0.024942924,-0.1117597,-0.14893406,-0.00036070643,-0.58285018,0.35445293,0.73119682,0.75072158,2.5952113,0
25,3600,1.800000,1,1.721783,0.18363941,0.65085587,0.61895723,-0.070647934,-0.027434736,-0.075601682,0.14456883,0.012539741,-0.046704358,-0.704428,-0.13282931,0.69723566,0.79926237,-2.9552177,0
25,3600,1.800000,2,1.721783,0.60926255,0.28366169,0.62389413,0.024434828,0.073430626,-0.043567371,-0.044034603,0.058689654,0.082970336,0.74708527,0.66424766,0.025271577,1.5455221,0.72677083,0
25,3600,1.800000,3,1.721783,0.64422183,0.70837256,0.18671844,0.013265533,0.06778166,-0.038243441,0.13579401,-0.15325148,-0.018884975,-0.68720665,-0.6485612,-0.32728488,1.9042251,-2.3851177,0
25,3600,1.800000,4,1.721783,0.28810487,0.24442029,1.0889761,0.079443396,0.0089023074,0.00031297417,-0.14098327,0.13818181,0.092581663,0.73808807,0.66831553,-0.092630152,1.6635595,0.7358282,0
25,3600,1.800000,5,1.721783,0.18412745,0.61820209,1.4626064,-0.011084309,-0.022410541,-0.064827912,0.081619742,0.11735143,-0.1657073,0.43662728,-0.60373912,0.66697503,0.84065488,-0.94466556,0
25,3600,1.800000,6,1.721783,0.70800553,0.26750635,1.5182566,0.047009219,0.058377449,-0.0283154,0.012667133,0.030078756,-0.025346873,0.26336552,-0.52327206,-0.81044737,2.5157117,-1.1045081,0
25,3600,1.800000,7,1.721783,0.65617136,0.65026392,1.1644706,0.034057284,0.02865374,0.044436475,-0.04168658,0.054112915,0.11003485,-0.77199809,-0.074963301,0.63118892,0.88771122,-3.0447932,0
25,3600,1.800000,8,1.721783,0.18522696,1.0462958,0.20170324,-0.024724855,-0.033451284,-0.037314135,-0.027409144,-0.14009405,-0.087475567,0.21466002,0.95421179,0.20832889,1.3609303,1.3495194,0
25,3600,1.800000,9,1.721783,0.17196024,1.5014221,0.67896024,0.00011858574,-0.0033329859,0.065629233,-0.17305611,-0.0026789907,0.0603606,0.79856411,0.58979559,0.12015207,1.4503533,0.63614576,0
25,3600,1.800000,10,1.721783,0.66300878,1.0091614,0.68684213,0.032709535,-0.10719049,0.0023805992,-0.048505558,0.10933991,-0.059792584,0.2751311,0.41729071,-0.86612432,2.6181917,0.98789215,0
25,3600,1.800000,11,1.721783,0.66943161,1.5972843,0.19541813,0.007218664,0.098865951,-0.0079030611,0.24082879,-0.034424514,-0.065471729,0.57289598,-0.018538115,-0.81941841,2.531192,-0.032347318,0
25,3600,1.800000,12,1.721783,0.16768718,1.0287602,1.0299573,-0.047206243,-0.053897619,-0.044050272,-0.1011554,-0.19300223,0.077135431,0.86946509,-0.48817185,-0.075622109,1.6464907,-0.51160081,0
25,3600,1.800000,13,1.721783,0.21648576,1.555951,1.4801676,-0.037763357,0.064695067,-0.040105317,0.19858937,0.087514028,-0.13188173,0.63879212,-0.71557292,0.28266591,1.2842241,-0.84202891,0
25,3600,1.800000,14,1.721783,0.58526601,1.0960279,1.5633495,-0.10729529,0.033877426,0.10166344,-0.051675255,0.26934279,-0.0036511675,0.50965595,0.54584149,0.66506231,0.84321907,0.81966766,0
25,3600,1.800000,15,1.721783,0.63743471,1.5037067,1.1123088,0.011254352,-0.050289589,-0.0045517645,-0.079482148,0.0069759762,0.013573356,0.1256576,-0.99006161,0.063152009,1.5076023,-1.4445523,0
25,3600,1.800000,16,1.721783,1.0938258,0.29075157,0.24180774,0.014227625,0.078891151,0.011992184,-0.020304772,0.048959965,-0.12741416,0.53301954,0.13295198,-0.83559197,2.5600058,0.24444374,0
25,3600,1.800000,17,1.721783,1.1140496,0.64234231,0.64592056,0.05582462,0.013597861,0.026676719,-0.0069341784,-0.1534497,-0.015082831,-0.97168475,0.14643417,0.18543404,1.3842828,2.9920169,0
25,3600,1.800000,18,1.721783,1.5028729,0.17918815,0.65707708,-0.015056064,-0.047040997,0.023818553,-0.071602311,-0.015501649,0.044731281,0.84496721,0.32943774,0.42130889,1.1359083,0.37175389,0
25,3600,1.800000,19,1.721783,1.5191486,0.67155275,0.14829215,0.016336231,-0.00042603725,-0.056607682,0.020603271,0.15066627,0.067844245,0.0063597473,0.3532445,-0.93550942,2.7804945,1.5527945,0
25,3600,1.800000,20,1.721783,1.0351757,0.17245737,1.0315495,-0.067129481,-0.024766075,-0.021300707,-0.072274796,-0.017464722,0.039299154,0.90710782,0.18801094,0.37657308,1.1847021,0.20437048,0
25,3600,1.800000,21,1.721783,1.0869242,0.6498213,1.5147592,0.0024390194,0.016937431,0.018014145,0.10246794,0.0064178039,0.089085128,0.019795098,-0.81616332,-0.57748212,2.1864375,-1.5465472,0
25,3600,1.800000,22,1.721783,1.5278873,0.20116226,1.517162,-0.0018623437,-0.03512714,-0.014304227,0.0012170405,0.057872125,0.0053563479,-0.018155859,-0.14331192,-0.98951102,2.9966281,-1.6968127,0
25,3600,1.800000,23,1.721783,1.4643247,0.53873918,1.076676,-0.038854034,-0.11961081,0.03467881,0.047983148,-0.13333619,-0.0068698889,-0.62462499,0.29310387,0.72383268,0.76145527,2.7028481,0
25,3600,1.800000,24,1.721783,1.0856157,1.0545119,0.25377026,0.013414177,-0.011572741,0.053117791,0.018760522,0.040552904,0.052446666,0.081894529,-0.96034745,0.26650715,1.301029,-1.4857262,0
25,3600,1.800000,25,1.721783,1.0324895,1.4176628,0.70234224,-0.033376716,-0.047170635,0.082474461,0.011195573,0.011203393,0.11208048,0.18265779,0.90114531,0.39315806,1.1667326,1.3708106,0
25,3600,1.800000,26,1.721783,1.5310913,1.0496385,0.60216759,0.011678983,-0.015889946,-0.07538961,-0.010655781,0.06945633,-0.15647521,0.54309723,0.80009388,-0.25474533,1.8283807,0.97444626,0
25,3600,1.800000,27,1.721783,1.528421,1.5027474,0.17796552,0.021355996,0.034525359,0.01312622,0.01955908,-0.11347445,0.034865142,-0.86227895,0.27165027,0.42741214,1.129168,2.8363977,0
25,3600,1.800000,28,1.721783,1.0696599,1.0764661,1.0936402,0.0084838689,0.029577738,0.048215164,-0.077256723,-0.043853831,-0.15899133,-0.14888737,-0.81887696,-0.55432218,2.1583447,-1.7506506,0
25,3600,1.800000,29,1.721783,1.1241434,1.5261771,1.4985156,0.018676801,0.026338904,0.015850328,-0.020160996,-0.01842184,0.0098677764,0.65537817,0.46415364,-0.59585305,2.2091238,0.61622321,0
25,3600,1.800000,30,1.721783,1.5322455,1.108593,1.495219,0.039924623,0.022754898,0.037699577,-0.011568827,-0.15462672,0.040194675,-0.68568299,0.70888996,0.16526904,1.4047655,2.3395551,0
25,3600,1.800000,31,1.721783,1.5330612,1.5147593,1.0577819,-0.0055730139,-0.013544073,-0.0030002334,0.082406529,0.070294955,0.17414356,-0.12153273,0.87998275,-0.45919511,2.0478852,1.7080362,0
26,3700,1.850000,0,1.7257071,0.19251683,0.18561551,0.22065391,0.0034657953,-0.048768565,-0.025902808,-0.107248,-0.074370394,-0.068243255,-0.60841556,0.25138385,0.75275273,0.71856264,2.7497779,0
26,3700,1.850000,1,1.7257071,0.19450948,0.65336807,0.61732927,-0.060208282,-0.026407099,-0.078636879,0.26016952,0.012398233,-0.02771985,-0.92247601,-0.030647994,0.38483595,1.1757662,-3.1083812,0
26,3700,1.850000,2,1.7257071,0.60655294,0.28661066,0.62910885,0.020341284,0.075730475,-0.0397789,-0.087979251,0.0088034221,0.068650169,0.81130978,0.56298619,0.15755313,1.412584,0.60663552,0
26,3700,1.850000,3,1.7257071,0.65265551,0.70180522,0.18616109,0.020223024,0.059609146,-0.039225233,0.13666037,-0.17826867,-0.050713837,-0.6636703,-0.64458705,-0.37953823,1.9600935,-2.3707802,0
26,3700,1.850000,4,1.7257071,0.28126808,0.2507889,1.094791,0.071958505,0.014707243,0.0036420721,-0.14378699,0.075584456,0.046801243,0.81994963,0.57203771,0.021341481,1.5494532,0.60914692,0
26,3700,1.850000,5,1.7257071,0.18902719,0.6266863,1.4595984,-0.0066093157,-0.015343341,-0.07116226,0.094905339,0.14640766,-0.08634473,0.44714118,-0.62759949,0.63732538,0.87977391,-0.95175506,0
26,3700,1.850000,6,1.7257071,0.70875157,0.26856184,1.5236083,0.046142605,0.058822748,-0.0264262,-0.074396595,0.010532881,0.092162664,0.11951979,-0.5049505,-0.85483333,2.5960259,-1.3383777,0
26,3700,1.850000,7,1.7257071,0.65885628,0.6541003,1.1724581,0.035245352,0.031005408,0.049763851,0.033398184,0.10615885,0.061240292,-0.81722613,-0.1045632,0.56675214,0.96823795,-3.0143352,0
26,3700,1.850000,8,1.7257071,0.1842435,1.0428375,0.1978461,-0.026128874,-0.039287517,-0.041626076,-0.026527002,-0.1195379,-0.10279613,0.20814629,0.96869725,0.13528028,1.4351,1.3591421,0
26,3700,1.850000,9,1.7257071,0.16342754,1.5045951,0.682313,-0.0087958871,-0.0035816181,0.06743249,-0.14468836,-0.0022176866,0.029753173,0.76949137,0.63512598,-0.067067303,1.637914,0.69002858,0
26,3700,1.850000,10,1.7257071,0.6618057,1.0132509,0.6863914,0.029998452,-0.10540309,0.0003667538,-0.038022133,0.0028061236,-0.046974025,0.28249898,0.21787673,-0.93419701,2.7767979,0.65696163,0
26,3700,1.850000,11,1.7257071,0.68310433,1.5986482,0.1922236,0.019351848,0.096592043,-0.011538836,0.21511682,-0.036694689,-0.062670476,0.67817185,0.081866277,-0.73032928,2.3896002,0.12013482,0
26,3700,1.850000,12,1.7257071,0.16499513,1.0195062,1.0373162,-0.050276986,-0.065483131,-0.039044531,-0.048392211,-0.23874581,0.074641366,0.84898574,-0.52241484,0.079410002,1.4913026,-0.55162258,0
26,3700,1.850000,13,1.7257071,0.2271516,1.5642851,1.4751372,-0.027602488,0.069477455,-0.048499667,0.21060175,0.12753532,-0.17969204,0.6816304,-0.69812598,0.21908929,1.3499153,-0.79735302,0
26,3700,1.850000,14,1.7257071,0.58375657,1.1106393,1.5640997,-0.1101354,0.045977059,0.098853718,-0.029832406,0.18205319,-0.071228347,0.49495776,0.49888056,0.71143166,0.779263,0.78934526,0
26,3700,1.850000,15,1.7257071,0.63479067,1.5071679,1.1160392,0.0071621692,-0.050255638,-0.0033578493,-0.10683299,0.010424502,0.029885577,0.15187931,-0.98231884,0.109464,1.4611125,-1.4173979,0
26,3700,1.850000,16,1.7257071,1.0931213,0.29442713,0.23525435,0.011033859,0.081900628,0.0048957685,-0.096094246,0.12661861,-0.15164172,0.46018104,0.16254299,-0.8728191,2.6317455,0.33953635,0
26,3700,1.850000,17,1.7257071,1.1168239,0.6375507,0.64797938,0.056059557,0.0073493769,0.027262728,-0.0013190852,-0.097249379,0.022209045,-0.93698114,0.14123475,0.31956077,1.2455304,2.9919851,0
26,3700,1.850000,18,1.7257071,1.5017288,0.17773022,0.66031558,-0.019620276,-0.048905197,0.025557513,-0.10309572,-0.042858727,-0.015176087,0.84382155,0.3209755,0.43004641,1.1262521,0.36348177,0
26,3700,1.850000,19,1.7257071,1.5247232,0.68038833,0.15167564,0.018446085,0.0068706713,-0.053565629,0.077577811,0.10752942,0.096557937,-0.0077026376,0.17956565,-0.98371584,2.9608799,1.613666,0
26,3700,1.850000,20,1.7257071,1.0341926,0.17382003,1.0354091,-0.07046804,-0.023797574,-0.019793883,-0.074491348,0.026715772,0.063010238,0.93916801,0.16653116,0.30038447,1.2657006,0.17549366,0
26,3700,1.850000,21,1.7257071,1.0967489,0.65287461,1.5220154,0.0097780726,0.018507924,0.021813644,0.15288279,0.06100369,0.068067938,0.088935203,-0.78204502,-0.61684368,2.2355226,-1.4575615,0
26,3700,1.850000,22,1.7257071,1.5306143,0.20513406,1.520754,-0.0026167679,-0.031617813,-0.014170258,-0.040778897,0.051741997,0.027123034,-0.23857743,-0.015032452,-0.97100712,2.9002047,-3.0786671,0
26,3700,1.850000,23,1.7257071,1.4704723,0.53400413,1.0806567,-0.036047016,-0.12556695,0.036203846,0.080926325,-0.089856223,0.057897527,-0.54977723,0.34092953,0.76256937,0.70352067,2.5865081,0
26,3700,1.850000,24,1.7257071,1.0895722,1.0589781,0.25782999,0.014894702,-0.0095122719,0.056595183,0.065788119,0.03744623,0.075514587,0.045829323,-0.93435986,0.35337138,1.2096238,-1.5217867,0
26,3700,1.850000,25,1.7257071,1.0362869,1.4211019,0.70857259,-0.031934198,-0.046962804,0.087098808,0.061617026,0.0067381573,0.10666746,0.092500754,0.96241212,0.25535568,1.3125808,1.4749772,0
26,3700,1.850000,26,1.7257071,1.53472,1.0557039,0.59543587,0.011817975,-0.012221014,-0.083484533,0.033467019,0.058533472,-0.11244249,0.43561166,0.86260368,-0.25721075,1.8309311,1.1031597,0
26,3700,1.850000,27,1.7257071,1.5307771,1.5005922,0.18078136,0.020229926,0.028951523,0.015533706,-0.056572156,-0.09523035,0.055850152,-0.8832266,0.39308834,0.25571925,1.3122047,2.7228549,0
26,3700,1.850000,28,1.7257071,1.0679685,1.0766034,1.087927,0.0043592577,0.027264207,0.04001873,-0.11399354,-0.040545983,-0.17045126,-0.21017466,-0.83302836,-0.51175225,2.1080194,-1.8179403,0
26,3700,1.850000,29,1.7257071,1.1243352,1.5284688,1.501025,0.016309208,0.02515357,0.014945384,-0.054058953,-0.048687656,-0.017929823,0.71684582,0.44184732,-0.53935426,2.1404664,0.55237451,0
26,3700,1.850000,30,1.7257071,1.5327274,1.103905,1.500587,0.036917785,0.015548451,0.039657524,-0.082621648,-0.13284131,0.020055637,-0.72614651,0.68731836,0.01745635,1.5533391,2.3836578,0
26,3700,1.850000,31,1.7257071,1.5388393,1.521617,1.0698715,-0.0032916067,-0.010142583,0.0066675593,0.020194966,0.071173441,0.18051001,0.077854357,0.90285884,-0.4228293,2.0073615,1.4847782,0
27,3800,1.900000,0,1.7332483,0.18955139,0.18326575,0.21880636,-0.00033264218,-0.051922571,-0.028708484,-0.042318615,-0.019496013,-0.051953357,-0.62677221,0.11573152,0.77056006,0.69107693,2.9590024,0
27,3800,1.900000,1,1.7332483,0.21025332,0.65772076,0.61934776,-0.045346826,-0.024912818,-0.07931458,0.34226412,0.073609026,0.025931768,-0.99639796,0.084410324,0.0081236346,1.5626726,3.057079,0
27,3800,1.900000,2,1.7332483,0.60419529,0.28851511,0.63540697,0.015343948,0.07638104,-0.036237655,-0.11538018,-0.026706357,0.081530242,0.85361754,0.43701855,0.28346406,1.2833919,0.47317024,0
27,3800,1.900000,3,1.7332483,0.66124477,0.69509883,0.18481473,0.025947762,0.0498572,-0.041380398,0.11825128,-0.19847614,-0.037445061,-0.65529437,-0.61118652,-0.44389225,2.030734,-2.3910075,0
27,3800,1.900000,4,1.7332483,0.27470329,0.2546352,1.1004018,0.064181549,0.017451638,0.0044669734,-0.20252286,0.053067743,-0.0075085521,0.86754606,0.47830332,0.13634427,1.434026,0.503863,0
27,3800,1.900000,5,1.7332483,0.19276431,0.63517984,1.463777,-0.0037045573,-0.0096008763,-0.073357187,0.0081146679,0.11064937,-0.040982096,0.44281647,-0.66644217,0.59980698,0.92753647,-0.98433099,0
27,3800,1.900000,6,1.7332483,0.70515554,0.27073259,1.5344953,0.039463965,0.059817743,-0.022206371,-0.12193703,0.0092680731,0.075679038,-0.0018274554,-0.47448172,-0.88026346,2.6472135,-1.5746478,0
27,3800,1.900000,7,1.7332483,0.66465678,0.66333266,1.1806252,0.038160354,0.037365539,0.052800792,0.058033055,0.12158641,0.087454706,-0.86555587,-0.073848943,0.49533763,1.0525729,-3.0564791,0
27,3800,1.900000,8,1.7332483,0.18656563,1.0409482,0.19448872,-0.02461517,-0.045719896,-0.045838842,0.092490839,-0.12735056,-0.080967638,0.18508893,0.98170541,0.044682962,1.5260985,1.3844457,0
27,3800,1.900000,9,1.7332483,0.15919518,1.5113173,0.6859988,-0.013731648,-0.0034346625,0.068135119,0.0047620414,0.037605875,-0.014624879,0.68484321,0.68637028,-0.2447154,1.8180225,0.78651183,0
27,3800,1.900000,10,1.7332483,0.66359495,1.0171775,0.68745757,0.02889807,-0.10590318,-0.0015623319,-0.011539444,-0.043365079,0.0074521661,0.28200355,0.0043896636,-0.95940332,2.8556753,0.01556473,0
27,3800,1.900000,11,1.7332483,0.69791986,1.6011647,0.19051542,0.031156545,0.092132283,-0.014081474,0.23092372,-0.13245245,-0.062427961,0.74876433,0.13682986,-0.64855961,2.2764869,0.18074654,0
27,3800,1.900000,12,1.7332483,0.16121368,1.0132671,1.0430093,-0.054769648,-0.076154123,-0.037886906,-0.10278054,-0.21392103,0.036004505,0.80473264,-0.53358904,0.26016937,1.3075987,-0.58550413,0
27,3800,1.900000,13,1.7332483,0.23794812,1.5765302,1.4710024,-0.017819926,0.074875081,-0.059057644,0.15652114,0.078126264,-0.22483244,0.73546893,-0.64649261,0.2028121,1.3665675,-0.72110283,0
27,3800,1.900000,14,1.7332483,0.58648049,1.1243517,1.5666651,-0.10996282,0.054816804,0.094593519,-0.017854044,0.19326068,-0.10433582,0.48410723,0.46340615,0.74222297,0.73441493,0.76355384,0
27,3800,1.900000,15,1.7332483,0.63089917,1.5130949,1.1217766,0.00051119956,-0.050913418,-0.002499293,-0.16582081,-0.024965489,0.023618556,0.21630664,-0.96605911,0.14121341,1.4291093,-1.3505232,0
27,3800,1.900000,16,1.7332483,1.0926437,0.30171552,0.22827831,0.0057907735,0.087889341,-0.0030909019,-0.1225628,0.085946367,-0.15601565,0.38935398,0.23852632,-0.88966773,2.6674133,0.54964781,0
27,3800,1.900000,17,1.7332483,1.1229017,0.63539371,0.65311715,0.057254367,0.0024170991,0.029563873,0.033857347,-0.090600414,0.051517607,-0.90014211,0.13158996,0.41524483,1.1425844,2.9964329,0
27,3800,1.900000,18,1.7332483,1.5043963,0.17451456,0.66121208,-0.023506727,-0.052888834,0.023572822,-0.077355034,-0.12611584,-0.068515648,0.85626101,0.29101821,0.42676162,1.1298874,0.32762279,0
27,3800,1.900000,19,1.7332483,1.5322625,0.6883168,0.157744,0.019320551,0.011815127,-0.048171842,-0.048865303,0.060044655,0.103538,0.012648405,-0.0033128934,-0.99991452,3.1285172,-0.25616736,0
27,3800,1.900000,20,1.7332483,1.0351043,0.17598738,1.0421158,-0.074067832,-0.022392861,-0.017616547,-0.098815761,0.034171232,0.041318035,0.95689351,0.1407796,0.25403919,1.3139422,0.1460736,0
27,3800,1.900000,21,1.7332483,1.1093408,0.65716363,1.5311609,0.017560302,0.019940819,0.024302698,0.16118612,0.0087981194,0.010154031,0.13232358,-0.77180007,-0.62194463,2.24202,-1.4009992,0
27,3800,1.900000,22,1.7332483,1.5367596,0.20882094,1.5289562,-0.0031588802,-0.028833427,-0.01261695,0.015017868,0.085093149,0.062690188,-0.4671641,0.098806202,-0.87863248,2.643787,2.9331622,0
27,3800,1.900000,23,1.7332483,1.4826157,0.53407203,1.0882766,-0.03034193,-0.12782767,0.039095087,0.12480785,-0.0047285537,0.061721134,-0.45486763,0.37348704,0.80845709,0.62927047,2.4541239,0
27,3800,1.900000,24,1.7332483,1.0988521,1.0646884,0.26267536,0.019403487,-0.0084318771,0.060305772,0.13456643,0.044850857,0.093066321,0.013551982,-0.88360978,0.46802788,1.0837385,-1.5554605,0
27,3800,1.900000,25,1.7332483,1.0433345,1.4299209,0.71439984,-0.029420476,-0.044359542,0.08982373,0.07043025,0.084137683,-0.0048222193,0.039088224,0.9910883,0.12734241,1.4431072,1.5313771,0
27,3800,1.900000,26,1.7332483,1.5421897,1.0624789,0.59343636,0.012579383,-0.010064058,-0.088076031,-0.036908534,0.040997617,-0.065432776,0.33189936,0.89553313,-0.29641732,1.8717355,1.2158743,0
27,3800,1.900000,27,1.7332483,1.5340667,1.5035584,0.18460202,0.016837541,0.025368048,0.018557779,-0.039802684,-0.060955052,0.048245977,-0.86561031,0.4944879,0.078743265,1.4919715,2.6225742,0
27,3800,1.900000,28,1.7332483,1.0652197,1.0798466,1.0850173,-0.0030403583,0.025805961,0.032371659,-0.12684582,-0.03396517,-0.1378329,-0.30019255,-0.81889493,-0.48917842,2.0819438,-1.9221669,0
27,3800,1.900000,29,1.7332483,1.1257415,1.5309579,1.507223,0.012809991,0.020972541,0.014584865,-0.090180103,-0.12680679,-0.011404958,0.77782213,0.447817,-0.44096788,2.0274731,0.52238414,0
27,3800,1.900000,30,1.7332483,1.5354284,1.1049807,1.5083957,0.032929607,0.011808323,0.040906092,-0.070501684,-0.042126727,0.039883362,-0.77458219,0.62097068,-0.12007434,1.6911611,2.4658253,0
27,3800,1.900000,31,1.7332483,1.5444323,1.5332119,1.0867046,-0.0044206778,-0.0052077781,0.01879894,-0.070677798,0.1270942,0.28023589,0.28089998,0.91827251,-0.27905339,1.8536045,1.2739351,0
28,3900,1.950000,0,1.7396058,0.19006005,0.1833914,0.21775563,-0.00051891274,-0.052468141,-0.030558406,0.053732972,0.004731865,-0.019880435,-0.64740241,-0.059708944,0.75980587,0.70778186,-3.0496243,0
28,3900,1.950000,1,1.7396058,0.22836599,0.66526468,0.6227832,-0.028037056,-0.019790798,-0.078153022,0.33725035,0.15223166,0.0061595897,-0.9418731,0.14724603,-0.30198291,1.8775683,2.9865147,0
28,3900,1.950000,2,1.7396058,0.60214066,0.28758955,0.6411618,0.011080945,0.074400833,-0.032819748,-0.054375636,-0.060420226,0.054194955,0.85670322,0.32901646,0.39725024,1.1622778,0.36668079,0
28,3900,1.950000,3,1.7396058,0.66898843,0.68749581,0.18445441,0.031256266,0.039723118,-0.042416724,0.093732002,-0.16337288,-0.0064987445,-0.65329549,-0.57515403,-0.49234422,2.0855773,-2.4197187,0
28,3900,1.950000,4,1.7396058,0.2641661,0.2578937,1.1020303,0.052657852,0.019771895,0.0020636064,-0.25669251,0.012485927,-0.065064614,0.89378597,0.38580731,0.22869052,1.340064,0.40749408,0
28,3900,1.950000,5,1.7396058,0.19105662,0.64171244,1.46783,-0.0061148959,-0.0054057925,-0.074670887,-0.092873378,0.061359215,0.019013416,0.45122369,-0.73456936,0.50675935,1.0393748,-1.0199504,0
28,3900,1.950000,6,1.7396058,0.70207882,0.27103053,1.5421035,0.033811084,0.059123912,-0.020230303,-0.09347714,-0.033180851,0.0053310906,-0.13030051,-0.42250676,-0.89694471,2.6836065,-1.8699404,0
28,3900,1.950000,7,1.7396058,0.67069537,0.67189055,1.1891467,0.041754408,0.043479137,0.056984172,0.093134636,0.1282038,0.089653794,-0.91121683,0.053124115,0.4084871,1.1500004,3.0833584,0
28,3900,1.950000,8,1.7396058,0.19422608,1.0377913,0.19432804,-0.017651788,-0.052682239,-0.046711307,0.16285824,-0.149739,0.00054076592,0.1724848,0.98463726,-0.027174657,1.5979743,1.3973799,0
28,3900,1.950000,9,1.7396058,0.15884776,1.5189894,0.68691075,-0.014661291,-0.001309942,0.066533765,-0.042711991,0.029304494,-0.069928663,0.55198159,0.72269707,-0.41596306,1.9997979,0.91853417,0
28,3900,1.950000,10,1.7396058,0.66478488,1.0196228,0.6914555,0.027656219,-0.1071865,-8.8682024e-05,-0.033816362,-0.035702604,0.020191244,0.30948626,-0.15513837,-0.93816328,2.7880824,-0.46466876,0
28,3900,1.950000,11,1.7396058,0.71120708,1.6017151,0.18828052,0.041864196,0.086819406,-0.01700982,0.17532383,-0.066592982,-0.0074884652,0.79072741,0.20205904,-0.57786011,2.1869006,0.25018186,0
28,3900,1.950000,12,1.7396058,0.15773514,1.0077591,1.0477973,-0.058832084,-0.08536194,-0.036926416,-0.059747135,-0.14324627,0.019265857,0.75122249,-0.53047738,0.39275758,1.1671681,-0.61484301,0
28,3900,1.950000,13,1.7396058,0.24689099,1.5853681,1.4673748,-0.0097645958,0.077924676,-0.068064341,0.11900902,0.036951246,-0.094980161,0.77937608,-0.58655263,0.22029286,1.3486816,-0.64515828,0
28,3900,1.950000,14,1.7396058,0.59016786,1.1379325,1.5666124,-0.10842945,0.064256181,0.088804879,0.071189831,0.18705614,-0.11370407,0.47594018,0.45125954,0.75488129,0.71532322,0.75878598,0
28,3900,1.950000,15,1.7396058,0.62569918,1.5197266,1.1251062,-0.0069891938,-0.049833661,-0.0032829321,-0.15191155,0.015966609,-0.038051002,0.31826334,-0.93707195,0.14354307,1.4267557,-1.2433842,0
28,3900,1.950000,16,1.7396058,1.0910901,0.30749426,0.22102129,0.00023955901,0.092552851,-0.01117045,-0.10189951,0.096291292,-0.1631919,0.36797132,0.29426285,-0.88204676,2.6509851,0.67455167,0
28,3900,1.950000,17,1.7396058,1.1287359,0.63432875,0.65667908,0.058966588,-0.00097227627,0.03072804,0.05246809,-0.052251918,0.0083305887,-0.86256225,0.10286929,0.49538296,1.0525207,3.0228931,0
28,3900,1.950000,18,1.7396058,1.5052352,0.16752584,0.6588951,-0.028177382,-0.060503732,0.018839186,-0.064473675,-0.11567754,-0.12149137,0.88769392,0.25789154,0.38143341,1.1794499,0.28273567,0
28,3900,1.950000,19,1.7396058,1.5334856,0.69197057,0.16287779,0.01493135,0.012942097,-0.04362497,-0.10090286,-0.018781793,0.070627612,0.07713727,-0.17729452,-0.98113021,2.9470191,-1.160419,0
28,3900,1.950000,20,1.7396058,1.0353255,0.17835488,1.0481523,-0.077636817,-0.020674037,-0.015406593,-0.049055365,0.053926422,0.044925332,0.96894617,0.12927027,0.2107902,1.3584131,0.13263006,0
28,3900,1.950000,21,1.7396058,1.1222919,0.66002926,1.5369923,0.026426154,0.020395145,0.024517459,0.15415989,-0.032223644,-0.054509096,0.15503296,-0.75903459,-0.63232213,2.2553433,-1.3693174,0
28,3900,1.950000,22,1.7396058,1.5433782,0.21449216,1.5369836,-0.0021788902,-0.023937114,-0.010202147,0.023410423,0.12214289,0.068182838,-0.65387172,0.24958493,-0.71425425,2.3663543,2.7769582,0
28,3900,1.950000,23,1.7396058,1.4932888,0.53631268,1.0949273,-0.025116545,-0.1275465,0.041749214,0.078072123,0.01020203,0.074394322,-0.34087384,0.39478378,0.85320033,0.54870569,2.2830439,0
28,3900,1.950000,24,1.7396058,1.1087656,1.0713294,0.2693645,0.025275694,-0.0057012218,0.066020963,0.12907393,0.056401708,0.11392779,-0.0043173979,-0.8367329,0.54759421,0.99130998,-1.5759561,0
28,3900,1.950000,25,1.7396058,1.053998,1.4404761,0.71474434,-0.02259645,-0.039058959,0.087551978,0.16430827,0.13371269,-0.062333217,0.039985588,0.99826526,0.04321593,1.5275669,1.5307627,0
28,3900,1.950000,26,1.7396058,1.5442776,1.0672463,0.59261014,0.0090170799,-0.0091954089,-0.091073479,-0.095751943,0.021957927,-0.072510272,0.25269859,0.87409545,-0.41485006,1.9985743,1.2893718,0
28,3900,1.950000,27,1.7396058,1.5365673,1.506355,0.18593365,0.013716928,0.022654628,0.019211097,-0.10382334,-0.091960401,-0.01262817,-0.81390922,0.56856446,-0.11952505,1.6906078,2.5318338,0
28,3900,1.950000,28,1.7396058,1.0641096,1.0797859,1.0845067,-0.0080485177,0.02179178,0.027889375,-0.068201237,-0.13382006,-0.084906241,-0.35920375,-0.80879606,-0.46564107,2.0551552,-1.988751,0
28,3900,1.950000,29,1.7396058,1.1235063,1.5320279,1.5128254,0.0064572001,0.016435281,0.014658616,-0.14637577,-0.10118489,0.035842975,0.82209837,0.47921238,-0.30742441,1.8832815,0.52776127,0
28,3900,1.950000,30,1.7396058,1.5361869,1.1061122,1.5144631,0.028065059,0.0088921086,0.041439763,-0.10455852,-0.042187216,-0.027086402,-0.78190162,0.56786993,-0.25720341,1.8309235,2.513454,0
28,3900,1.950000,31,1.7396058,1.5459675,1.5446578,1.1074078,-0.0085429526,0.00060364113,0.035485569,-0.078345079,0.12183534,0.3884639,0.43478713,0.8965972,-0.084104782,1.6550006,1.119277,0
29,4000,2.000000,0,1.7474701,0.19247521,0.1839323,0.21859167,0.0010335418,-0.052755658,-0.030706443,0.036387331,-0.034203114,-0.018714205,-0.65365001,-0.21447869,0.72576895,0.75864484,-2.8245372,0
29,4000,2.000000,1,1.7474701,0.24640299,0.67636674,0.62631455,-0.011070702,-0.011714423,-0.077438715,0.35459359,0.14045033,0.071448826,-0.79324354,0.17694118,-0.58262896,2.192756,2.9221252,0
29,4000,2.000000,2,1.7474701,0.60304893,0.28318995,0.64874992,0.0092711854,0.068713946,-0.028140699,-0.043105357,-0.12437851,0.062598252,0.845843,0.22931768,0.4816254,1.0682879,0.26474743,0
29,4000,2.000000,3,1.7474701,0.67788425,0.68525345,0.18702366,0.03711456,0.034384809,-0.040685241,0.14341761,-0.09350382,0.044463223,-0.65971072,-0.53008117,-0.5327248,2.1326133,-2.4647179,0
29,4000,2.000000,4,1.7474701,0.25345538,0.259253,1.1020635,0.040779691,0.019964889,-0.0028740152,-0.22538804,0.016588723,-0.13181909,0.90228438,0.28645363,0.3222223,1.2427203,0.30741172,0
29,4000,2.000000,5,1.7474701,0.18636019,0.64733109,1.4758316,-0.011662524,-0.0026942626,-0.073307975,-0.12192927,0.017339045,0.063264663,0.4880435,-0.76469469,0.42077972,1.1364917,-1.0027469,0
29,4000,2.000000,6,1.7474701,0.70150715,0.27059227,1.5463074,0.030073936,0.05746414,-0.022991612,-0.056858409,-0.016504958,-0.095841463,-0.24431802,-0.35792013,-0.90122244,2.6933785,-2.169752,0
29,4000,2.000000,7,1.7474701,0.67871803,0.68033617,1.1996738,0.046733804,0.048875156,0.062123893,0.090587797,0.081508728,0.11642504,-0.9117549,0.20602507,0.35532615,1.2075334,2.9193595,0
29,4000,2.000000,8,1.7474701,0.20332605,1.0352561,0.19432919,-0.0094483608,-0.059892783,-0.047586686,0.14338668,-0.099044406,-0.048328367,0.11403911,0.99018569,-0.080792169,1.6516766,1.4561321,0
29,4000,2.000000,9,1.7474701,0.15806681,1.5263137,0.68678475,-0.016156973,-0.00085360757,0.063309696,-0.025444423,0.006602196,-0.065231872,0.39382147,0.72059302,-0.57065783,2.178103,1.0706257,0
29,4000,2.000000,10,1.7474701,0.66655684,1.0206963,0.69342178,0.026425645,-0.11071455,-0.0012456821,-0.048846358,-0.096095863,-0.050549881,0.32613723,-0.25408991,-0.91053436,2.715371,-0.66185961,0
29,4000,2.000000,11,1.7474701,0.72256396,1.6062421,0.18795423,0.049987581,0.08411154,-0.018184631,0.17075918,-0.038906661,-0.02164129,0.83910104,0.23627419,-0.48998363,2.0828673,0.27447336,0
29,4000,2.000000,12,1.7474701,0.15570358,1.006525,1.052864,-0.061570547,-0.091138766,-0.03659728,-0.045287748,-0.12365749,-0.034964895,0.76644489,-0.47427953,0.43315258,1.1228087,-0.5541317,0
29,4000,2.000000,13,1.7474701,0.25282668,1.5944795,1.4713993,-0.004955877,0.07986464,-0.070667613,0.11842515,0.065425199,-0.0027482772,0.81805373,-0.50786973,0.2699193,1.2974871,-0.55559278,0
29,4000,2.000000,14,1.7474701,0.59627053,1.1506167,1.5676438,-0.1050025,0.071779113,0.082767674,0.07664601,0.11571468,-0.11792902,0.47471628,0.47651653,0.73998409,0.73774963,0.7872907,0
29,4000,2.000000,15,1.7474701,0.62160194,1.5270405,1.1250559,-0.013899467,-0.049390995,-0.008407984,-0.11073134,0.012002831,-0.13703209,0.39118336,-0.90833313,0.14800847,1.4222421,-1.1641408,0
29,4000,2.000000,16,1.7474701,1.0903957,0.3114261,0.21336711,-0.0053747358,0.095088879,-0.019804339,-0.095935673,0.047236676,-0.16444161,0.37825468,0.35377795,-0.85543238,2.5971814,0.75197396,0
29,4000,2.000000,17,1.7474701,1.1345157,0.63392299,0.65945602,0.059642166,-0.0042382956,0.030536749,-0.031275417,-0.050709725,0.013566169,-0.80919701,0.12715746,0.5736124,0.95988719,2.9857269,0
29,4000,2.000000,18,1.7474701,1.5086521,0.16348666,0.65488747,-0.031557604,-0.06528946,0.011868598,-0.066170268,-0.10904318,-0.14030581,0.91937412,0.21191224,0.33142785,1.2329798,0.22653961,0
29,4000,2.000000,19,1.7474701,1.5341227,0.69437511,0.16946629,0.0086501564,0.012220061,-0.037785967,-0.14528877,-0.041520736,0.18198083,0.10360171,-0.36281444,-0.92608443,2.7546959,-1.2926484,0
29,4000,2.000000,20,1.7474701,1.0379596,0.1809555,1.0562147,-0.079678534,-0.018883745,-0.012090033,-0.044869423,-0.012286934,0.085204863,0.97500545,0.15607009,0.15813441,1.4119953,0.15872448,0
29,4000,2.000000,21,1.7474701,1.1326358,0.66183587,1.5418157,0.031684619,0.019220593,0.022397287,0.06737663,0.011104751,-0.041469238,0.21431155,-0.73600534,-0.64215785,2.2681062,-1.2874489,0
29,4000,2.000000,22,1.7474701,1.5518451,0.22076654,1.5462939,-0.00069258386,-0.01864434,-0.0078454916,0.027619088,0.12839091,0.022936976,-0.80081866,0.3185428,-0.50716858,2.1026926,2.7630089,0
29,4000,2.000000,23,1.7474701,1.5051665,0.53970162,1.1057481,-0.020001128,-0.12658425,0.04760689,0.12187817,0.029398467,0.11712956,-0.24290725,0.40231088,0.88269022,0.48924013,2.1139906,0
29,4000,2.000000,24,1.7474701,1.1218391,1.0801878,0.27471883,0.033318601,-0.0016949645,0.070148259,0.15557315,0.027502609,0.062376272,-0.01351761,-0.78299415,0.62188217,0.89965246,-1.5880586,0
29,4000,2.000000,25,1.7474701,1.0668861,1.4548508,0.71577394,-0.014491505,-0.031213989,0.085355365,0.13476323,0.17736337,-0.047178671,0.018770028,0.99982298,0.0012993729,1.569497,1.5520252,0
29,4000,2.000000,26,1.7474701,1.5453947,1.0728322,0.59124874,0.0031661155,-0.0084359005,-0.095104823,-0.14711314,0.038119309,-0.075711624,0.14237391,0.79256752,-0.59293035,2.2054893,1.3930557,0
29,4000,2.000000,27,1.7474701,1.538774,1.5080985,0.18747777,0.0089878439,0.017599697,0.019913072,-0.098947369,-0.11546057,0.0037245478,-0.72401608,0.60408458,-0.33299029,1.9102694,2.4462532,0
29,4000,2.000000,28,1.7474701,1.066123,1.0795993,1.0881168,-0.01083938,0.01673511,0.026599665,-0.032873121,-0.065873079,0.012553177,-0.41397097,-0.80901893,-0.41727259,2.0012384,-2.0437561,0
29,4000,2.000000,29,1.7474701,1.1204895,1.5348473,1.5213771,-0.0016204443,0.012338083,0.016367405,-0.15259938,-0.04357266,0.028941467,0.84530281,0.49993961,-0.18847691,1.7604074,0.5340961,0
29,4000,2.000000,30,1.7474701,1.5375024,1.1105461,1.5178687,0.022448514,0.008326895,0.038006631,-0.12208642,-0.017526661,-0.094420122,-0.76498117,0.49756976,-0.40893538,1.9920835,2.5649124,0
29,4000,2.000000,31,1.7474701,1.5501605,1.5585569,1.1314072,-0.01133256,0.0075042774,0.054435976,-0.032557076,0.1520928,0.37059859,0.52015943,0.85111828,0.070935413,1.4998013,1.0222199,0
30,4100,2.050000,0,1.7502084,0.19699562,0.18295713,0.2177363,0.0052490423,-0.054018057,-0.031903414,0.12730885,-0.043023725,-0.058241773,-0.6343203,-0.35418935,0.68715912,0.81322486,-2.6323413,0
30,4100,2.050000,1,1.7502084,0.2610505,0.68442336,0.63233474,0.0031795415,-0.0047231515,-0.072403914,0.23321357,0.14004948,0.13519447,-0.58240531,0.15379374,-0.79821773,2.4951269,2.8834194,0
30,4100,2.050000,2,1.7502084,0.60221389,0.2762989,0.65220946,0.0074925526,0.061384874,-0.025699666,-0.0080186617,-0.17472821,0.051778734,0.815643,0.19568392,0.54445781,0.99505374,0.23546337,0
30,4100,2.050000,3,1.7502084,0.6845701,0.6825331,0.18896068,0.042733759,0.03059363,-0.039042578,0.11304543,-0.083730803,0.037041924,-0.68121124,-0.4960161,-0.53844153,2.1393829,-2.5122304,0
30,4100,2.050000,4,1.7502084,0.24407084,0.26003817,1.0949836,0.031005641,0.020343513,-0.011673982,-0.15525966,0.0010632588,-0.18414386,0.90319273,0.1972721,0.38121727,1.1796837,0.21503931,0
30,4100,2.050000,5,1.7502084,0.17901582,0.64717357,1.4846274,-0.01929295,-0.0038652425,-0.066829857,-0.17323243,-0.064815609,0.16382704,0.52077301,-0.78103352,0.34464781,1.2189327,-0.98271928,0
30,4100,2.050000,6,1.7502084,0.70051714,0.27202607,1.543779,0.027986295,0.05847312,-0.027939217,-0.0097995396,0.0670409,-0.1330959,-0.35244408,-0.37271643,-0.85840878,2.6029559,-2.3282461,0
30,4100,2.050000,7,1.7502084,0.68440705,0.68483977,1.2072172,0.051355657,0.052309983,0.067782975,0.068859908,0.04880205,0.092496286,-0.86441008,0.4143257,0.28483229,1.2819649,2.6946286,0
30,4100,2.050000,8,1.7502084,0.21412714,1.032238,0.19052498,0.0010259071,-0.064529474,-0.051692195,0.24227672,-0.082712556,-0.070551468,0.037108217,0.99177773,-0.12247417,1.6935788,1.5333979,0
30,4100,2.050000,9,1.7502084,0.1569658,1.5287714,0.68634729,-0.017504623,-0.00078773573,0.061797227,-0.01399917,-0.026004696,-0.03552467,0.20509445,0.68352004,-0.70052596,2.3469306,1.2792879,0
30,4100,2.050000,10,1.7502084,0.66431038,1.0176019,0.6918007,0.023137261,-0.11540469,-0.0039512418,-0.094191527,-0.073476729,-0.049154208,0.35897083,-0.34624404,-0.86674968,2.6194443,-0.76735344,0
30,4100,2.050000,11,1.7502084,0.73038525,1.6057315,0.1889894,0.056671375,0.081086388,-0.017444558,0.13519713,-0.085322103,0.030937086,0.87576852,0.26030907,-0.40653252,1.9894519,0.28891818,0
30,4100,2.050000,12,1.7502084,0.15529068,1.0010961,1.0514326,-0.062226919,-0.098139419,-0.039676082,0.002545839,-0.17998983,-0.09036392,0.80755518,-0.3887381,0.44355081,1.1112397,-0.44863813,0
30,4100,2.050000,13,1.7502084,0.25672244,1.6008412,1.4731888,-0.0014590367,0.083724829,-0.071183421,0.070276156,0.13862249,0.038286421,0.82796377,-0.39984441,0.39319264,1.166695,-0.44989454,0
30,4100,2.050000,14,1.7502084,0.60072359,1.1567883,1.5637791,-0.10148655,0.076144268,0.076451387,0.028265724,0.05291233,-0.15517544,0.50989599,0.51668625,0.68778005,0.81236985,0.7920125,0
30,4100,2.050000,15,1.7502084,0.61750334,1.5311328,1.1181307,-0.018968152,-0.047692983,-0.017089335,-0.12916325,0.070499679,-0.20330714,0.46575258,-0.86436419,0.18960242,1.3800391,-1.0765629,0
30,4100,2.050000,16,1.7502084,1.0873186,0.31500829,0.20637027,-0.010156725,0.098180634,-0.027129791,-0.0980664,0.034837022,-0.15701703,0.47588014,0.4316172,-0.76631892,2.4438881,0.73666205,0
30,4100,2.050000,17,1.7502084,1.1348476,0.63438368,0.6636192,0.058197431,-0.0047705478,0.033664106,-0.0016035761,0.042610393,0.10192936,-0.74564198,0.19526455,0.63709481,0.88007309,2.8854697,0
30,4100,2.050000,18,1.7502084,1.5088433,0.1586916,0.64775979,-0.033728776,-0.070336755,0.0037210778,-0.034276342,-0.094978661,-0.19895022,0.94643804,0.11290817,0.30250086,1.263481,0.11873684,0
30,4100,2.050000,19,1.7502084,1.5309631,0.69327136,0.17786441,0.0030909127,0.010029926,-0.029659763,-0.10549353,-0.030517026,0.14472524,0.14654871,-0.5373304,-0.8305417,2.5508759,-1.3045373,0
30,4100,2.050000,20,1.7502084,1.0367585,0.1802959,1.0630678,-0.082503949,-0.019826167,-0.00689617,-0.078515821,-0.04343294,0.105811,0.97882036,0.17611295,0.10437879,1.4662271,0.178019,0
30,4100,2.050000,21,1.7502084,1.1356057,0.665344,1.5437747,0.032878707,0.021689692,0.021940609,0.0046796849,0.091444801,0.016895408,0.27650869,-0.73615695,-0.61775067,2.2366754,-1.21149,0
30,4100,2.050000,22,1.7502084,1.5547407,0.22804508,1.550619,-0.00022910445,-0.011717163,-0.0059448789,-0.017301392,0.13709078,0.0497841,-0.90837842,0.26398074,-0.32428817,1.9010555,2.8587758,0
30,4100,2.050000,23,1.7502084,1.5142694,0.54114908,1.1121163,-0.013262172,-0.12598298,0.052238762,0.12108078,0.007636005,0.061000805,-0.12729348,0.44432181,0.88677759,0.48047043,1.8498124,0
30,4100,2.050000,24,1.7502084,1.1319551,1.0831532,0.27723073,0.041670125,-0.00042327292,0.072228048,0.1437723,0.029467104,0.00073560629,0.019105399,-0.73316069,0.67978701,0.82332414,-1.5447433,0
30,4100,2.050000,25,1.7502084,1.0752834,1.4656311,0.71406674,-0.0077712666,-0.022720127,0.082528759,0.14460873,0.18758088,-0.07277566,-0.052796418,0.99807677,-0.032485452,1.6032875,1.6236452,0
30,4100,2.050000,26,1.7502084,1.5412254,1.0756102,0.58846359,-0.0034196584,-0.0073399586,-0.098813559,-0.10827717,-0.03192104,-0.0011117082,0.055754253,0.66886876,-0.74128675,2.4057818,1.4876325,0
30,4100,2.050000,27,1.7502084,1.5372738,1.5059581,0.18867424,0.0050794273,0.013099634,0.020815056,-0.067622788,-0.084311425,0.028579537,-0.62106108,0.59918593,-0.50523199,2.1004471,2.3741194,0
30,4100,2.050000,28,1.7502084,1.0654024,1.0777944,1.0917476,-0.013228771,0.013241196,0.028523851,-0.061432152,-0.073756411,0.073911467,-0.47948704,-0.77626041,-0.40928225,1.9924636,-2.1241206,0
30,4100,2.050000,29,1.7502084,1.1147912,1.5361423,1.5256008,-0.0090688035,0.011228835,0.018205684,-0.14519882,-0.014363391,0.011952159,0.86208035,0.50523626,-0.039418118,1.6102247,0.53011114,0
30,4100,2.050000,30,1.7502084,1.534417,1.110683,1.5152072,0.016958162,0.0067247523,0.032970543,-0.089120144,-0.012955977,-0.10662481,-0.71899582,0.3967393,-0.57065132,2.1780951,2.6373713,0
30,4100,2.050000,31,1.7502084,1.5505237,1.5676687,1.1508578,-0.013396798,0.014168505,0.072099805,-0.046907423,0.12105219,0.3398786,0.55931195,0.80252386,0.20766705,1.3616069,0.96212619,0
31,4200,2.100000,0,1.7545818,0.20396077,0.18401663,0.21498314,0.011713874,-0.053416477,-0.035196537,0.13403528,0.060619686,-0.075584144,-0.60253461,-0.4962239,0.6250711,0.89557371,-2.4526495,0
31,4200,2.100000,1,1.7545818,0.27227501,0.69278942,0.64052865,0.013738561,0.0019243947,-0.065798305,0.1973882,0.10452727,0.12444923,-0.32891841,0.079826493,-0.94097843,2.7963059,2.903502,0
31,4200,2.100000,2,1.7545818,0.60303001,0.26752057,0.65555776,0.0068047266,0.051927935,-0.02398323,-0.013240891,-0.15508401,-0.012167003,0.81090453,0.20090506,0.54960987,0.98889915,0.24286392,0
31,4200,2.100000,3,1.7545818,0.69263348,0.68196028,0.1895731,0.049078632,0.028318152,-0.038902508,0.11024498,-0.066208587,-0.020774145,-0.72244508,-0.43704698,-0.53578265,2.1362307,-2.5975375,0
31,4200,2.100000,4,1.7545818,0.23529081,0.26099169,1.0887407,0.021627428,0.020646877,-0.020641772,-0.16791217,0.021963729,-0.16799115,0.89666692,0.13036372,0.42307651,1.1339583,0.14437544,0
31,4200,2.100000,5,1.7545818,0.17128917,0.64425096,1.4980008,-0.027456736,-0.0083993327,-0.057178261,-0.15814622,-0.090391959,0.16984787,0.55061709,-0.79046153,0.26831212,1.2991559,-0.96237157,0
31,4200,2.100000,6,1.7545818,0.70068107,0.27538961,1.5407208,0.026401763,0.061153589,-0.034846407,-0.066318688,0.0029249811,-0.15283072,-0.44165132,-0.38047296,-0.81251735,2.5192539,-2.4304726,0
31,4200,2.100000,7,1.7545818,0.68929356,0.68774322,1.2141139,0.054528022,0.05350068,0.071658211,0.058458579,-0.0050056596,0.059468882,-0.77399178,0.60670905,0.18122044,1.388569,2.4767647,0
31,4200,2.100000,8,1.7545818,0.22577563,1.0309262,0.18733569,0.012125496,-0.068415755,-0.055352999,0.19413839,-0.07591605,-0.091486648,-0.03432131,0.98727649,-0.1552649,1.7266919,1.605546,0
31,4200,2.100000,9,1.7545818,0.15800072,1.5301895,0.68547133,-0.016862731,-0.003186693,0.05920947,0.0484091,-0.011312787,-0.071803783,0.056704765,0.59838851,-0.79919695,2.4967543,1.476316,0
31,4200,2.100000,10,1.7545818,0.661252,1.017032,0.69111671,0.01842479,-0.11851342,-0.0063608737,-0.10828501,-0.0506974,-0.046750634,0.42516156,-0.42652188,-0.7983212,2.4952987,-0.78699537,0
31,4200,2.100000,11,1.7545818,0.73721955,1.6054818,0.19024739,0.061674362,0.076829618,-0.016659792,0.071452462,-0.063852363,-0.0020479298,0.90180742,0.28224405,-0.32723337,1.9041706,0.30331843,0
31,4200,2.100000,12,1.7545818,0.1566428,0.99767916,1.0513091,-0.061264037,-0.10405053,-0.04242346,0.051640689,-0.086915521,-0.017347793,0.85678389,-0.33051604,0.3958289,1.163826,-0.36817371,0
31,4200,2.100000,13,1.7545818,0.26265765,1.6117928,1.4816748,0.0038280836,0.090667629,-0.066384541,0.18210987,0.13896855,0.14313149,0.78798139,-0.25789075,0.55908647,0.97751275,-0.31629292,0
31,4200,2.100000,14,1.7545818,0.60188814,1.1623112,1.5608909,-0.10182266,0.078773336,0.069664157,-0.04047908,0.054163341,-0.10395535,0.55912123,0.56022956,0.61116797,0.91326093,0.78638832,0
31,4200,2.100000,15,1.7545818,0.61320611,1.5395128,1.1102388,-0.024801107,-0.043144576,-0.027761846,-0.087581772,0.088879394,-0.1974082,0.52345116,-0.81850138,0.23675806,1.3317686,-1.001821,0
31,4200,2.100000,16,1.7545818,1.0863372,0.316226,0.19987579,-0.013850485,0.098610676,-0.034131206,-0.086527959,-0.012895836,-0.11298742,0.55677682,0.5032175,-0.66088707,2.2927965,0.73491317,0
31,4200,2.100000,17,1.7545818,1.1375209,0.63764718,0.67082838,0.058035136,-0.0030943285,0.039208133,-0.01831055,0.025548951,0.13637529,-0.66198535,0.25124248,0.70615339,0.78674555,2.7788575,0
31,4200,2.100000,18,1.7545818,1.5099025,0.15648712,0.63889777,-0.036436425,-0.072934526,-0.0067464914,-0.052745891,0.0016698558,-0.24130181,0.96071083,0.04928592,0.27314027,1.2941404,0.051256579,0
31,4200,2.100000,19,1.7545818,1.5314253,0.69092265,0.1854443,-0.00026822723,0.0059539703,-0.022533212,-0.011455929,-0.091279257,0.17235591,0.19132853,-0.66772254,-0.71940254,2.3737381,-1.2917344,0
31,4200,2.100000,20,1.7545818,1.0362798,0.17843542,1.0723072,-0.0855694,-0.022134282,-0.00032128687,-0.057173788,-0.033013935,0.12492154,0.98353807,0.17491348,0.045366714,1.525414,0.176001,0
31,4200,2.100000,21,1.7545818,1.138222,0.67111049,1.5478634,0.032657692,0.025788512,0.022171446,-0.037344285,0.067406315,0.021030036,0.36015462,-0.73600448,-0.57322426,2.1812317,-1.115715,0
31,4200,2.100000,22,1.7545818,1.5583398,0.2346868,1.5576777,-0.00051450807,-0.0056528463,-0.0027647843,0.0089883722,0.094617815,0.11645337,-0.97094363,0.1503391,-0.18618975,1.758079,2.9879744,0
31,4200,2.100000,23,1.7545818,1.522842,0.54478885,1.115656,-0.0084793993,-0.12369827,0.052998596,0.087081775,0.08943283,-0.025797331,-0.00086554145,0.48866435,0.87247144,0.51055909,1.5725676,0
31,4200,2.100000,24,1.7545818,1.1399838,1.0873824,0.27836896,0.046863871,0.001097521,0.072672978,0.071881809,0.0035030407,-0.017675061,0.015062496,-0.69792765,0.71600986,0.77272669,-1.5492179,0
31,4200,2.100000,25,1.7545818,1.0847801,1.4787108,0.7130512,-0.00096988628,-0.013314405,0.079732407,0.12111357,0.16264169,-0.04638031,-0.11607165,0.99321752,-0.0068065783,1.577603,1.6871329,0
31,4200,2.100000,26,1.7545818,1.5409112,1.0774344,0.59175828,-0.0075798151,-0.0082023445,-0.096991582,-0.056428557,0.014794407,0.050600747,-0.01144221,0.51219738,-0.85879154,2.6037025,1.5931321,0
31,4200,2.100000,27,1.7545818,1.538861,1.5057605,0.19072698,0.00282815,0.0091439133,0.022394374,-0.0076922972,-0.10309015,0.039759424,-0.52262998,0.57446544,-0.62995822,2.2522957,2.3089817,0
31,4200,2.100000,28,1.7545818,1.0666085,1.0749941,1.098466,-0.014683038,0.0077545548,0.032509253,-0.012915272,-0.14514986,0.10536475,-0.53912931,-0.71846466,-0.43948621,2.0258229,-2.2145475,0
31,4200,2.100000,29,1.7545818,1.1109148,1.5387167,1.5288244,-0.015722448,0.0099663332,0.017617831,-0.12996475,-0.018664521,-0.035611687,0.85834343,0.49826642,0.12238108,1.4481077,0.52595616,0
31,4200,2.100000,30,1.7545818,1.5323616,1.1130637,1.5131403,0.011075952,0.0063306199,0.027124789,-0.14211798,-0.02233767,-0.12133761,-0.63850408,0.23356649,-0.73332069,2.3939897,2.7909097,0
31,4200,2.100000,31,1.7545818,1.5526897,1.5773612,1.1696542,-0.015103083,0.019936572,0.088000575,-0.061922038,0.079266255,0.28648014,0.58630098,0.71673561,0.37754633,1.1836512,0.88516633,0
32,4300,2.150000,0,1.7597616,0.21150607,0.18761822,0.21264604,0.018646829,-0.050362637,-0.03816392,0.17874399,0.046929467,-0.037907144,-0.56379187,-0.63525804,0.52781243,1.0147734,-2.2966626,0
32,4300,2.150000,1,1.7597616,0.2814988,0.69509082,0.64908739,0.022146172,0.0021802038,-0.059140308,0.14178052,-0.06975901,0.1268292,-0.032239047,0.010735964,-0.99942252,3.1076065,2.820132,0
32,4300,2.150000,2,1.7597616,0.60706982,0.26039858,0.65871877,0.0090609831,0.044027828,-0.022759326,0.086279326,-0.17451493,0.01649767,0.85277983,0.20157447,0.48180316,1.068085,0.23211309,0
32,4300,2.150000,3,1.7597616,0.69898333,0.68034595,0.18826298,0.053377399,0.024695917,-0.04076952,0.055055553,-0.081238544,-0.041159706,-0.75541039,-0.35525043,-0.55059266,2.1538704,-2.7020068,0
32,4300,2.150000,4,1.7597616,0.22972703,0.26391342,1.0860733,0.015378254,0.022794951,-0.026514608,-0.091650566,0.038231106,-0.084846766,0.87274218,0.072779891,0.48272577,1.0670319,0.083199693,0
32,4300,2.150000,5,1.7597616,0.16391353,0.64361224,1.5139248,-0.035326443,-0.010936235,-0.045693495,-0.16247727,0.012492155,0.23785741,0.62225729,-0.75905685,0.19138591,1.3782224,-0.88411208,0
32,4300,2.150000,6,1.7597616,0.69982866,0.27476221,1.5383995,0.023485147,0.059715318,-0.041705957,-0.066776011,-0.075346221,-0.13216178,-0.52179747,-0.39735849,-0.75487325,2.4262572,-2.4907603,0
32,4300,2.150000,7,1.7597616,0.69228444,0.69085475,1.2197778,0.055482605,0.054580308,0.073734862,0.010360403,0.032153538,0.019370037,-0.64918007,0.75970195,0.037658795,1.5331286,2.2779083,0
32,4300,2.150000,8,1.7597616,0.23471241,1.0310906,0.18201435,0.020383584,-0.071290633,-0.061218733,0.14052131,-0.071126352,-0.13144632,-0.10793282,0.98156442,-0.15773963,1.7291975,1.6803163,0
32,4300,2.150000,9,1.7597616,0.16270555,1.5322243,0.68550051,-0.012630576,-0.005665624,0.057217978,0.089551333,-0.036017272,-0.0193242,-0.052274886,0.45448593,-0.88921869,2.6664308,1.6853129,0
32,4300,2.150000,10,1.7597616,0.6581255,1.0175368,0.69108354,0.01335366,-0.12100744,-0.0084312711,-0.13384347,-0.054946616,-0.031372439,0.46508001,-0.53223621,-0.70740738,2.3566197,-0.85263358,0
32,4300,2.150000,11,1.7597616,0.73923949,1.6059025,0.19112348,0.061518156,0.072517066,-0.016345799,-0.047468405,-0.098430238,0.00030826031,0.92784135,0.29886499,-0.22313707,1.7958278,0.31161383,0
32,4300,2.150000,12,1.7597616,0.16033706,0.99961754,1.0537378,-0.058036973,-0.10505596,-0.043097355,0.063259836,0.01232839,0.014931782,0.89354077,-0.26465445,0.36268844,1.1996452,-0.28795424,0
32,4300,2.150000,13,1.7597616,0.27304899,1.6241104,1.4947296,0.013429871,0.098215783,-0.057716625,0.19343597,0.15030108,0.18362781,0.68552221,-0.067222173,0.72494171,0.75984656,-0.097747299,0
32,4300,2.150000,14,1.7597616,0.60267355,1.1698778,1.5607632,-0.10281265,0.082902592,0.064935447,-0.010079221,0.11914024,-0.10873738,0.64668385,0.57497029,0.5012077,1.0458025,0.72676344,0
32,4300,2.150000,15,1.7597616,0.61000125,1.5497576,1.1023621,-0.029808855,-0.037453074,-0.038899726,-0.10124553,0.1097147,-0.22960254,0.57698945,-0.76627195,0.2826844,1.2842048,-0.92538908,0
32,4300,2.150000,16,1.7597616,1.0858838,0.31585728,0.19639824,-0.017505474,0.097310327,-0.038192839,-0.035176542,-0.054490559,-0.062734126,0.66569852,0.51155038,-0.54328785,2.1451447,0.65519958,0
32,4300,2.150000,17,1.7597616,1.1392166,0.64012406,0.68111742,0.056375159,-0.0025007479,0.047504564,-0.012298258,0.00957798,0.18217884,-0.53390439,0.30861023,0.78721397,0.66451824,2.6174878,0
32,4300,2.150000,18,1.7597616,1.5122933,0.15759543,0.62743764,-0.038500053,-0.072289133,-0.020073089,-0.026347268,0.0053083728,-0.27128633,0.97380504,0.020731878,0.2264375,1.3423777,0.021286341,0
32,4300,2.150000,19,1.7597616,1.536525,0.6882604,0.19262331,0.00030962645,0.001258941,-0.015911418,0.01328928,-0.054037989,0.099286291,0.23938895,-0.75677689,-0.60826118,2.2246644,-1.2644288,0
32,4300,2.150000,20,1.7597616,1.0357224,0.17712989,1.080885,-0.089180778,-0.023963881,0.0050829393,-0.087933772,-0.043491569,0.099878355,0.98665447,0.15844806,-0.037512365,1.6083175,0.15923169,0
32,4300,2.150000,21,1.7597616,1.1408758,0.67616044,1.5528153,0.031952394,0.028852735,0.022553312,0.014432811,0.064042966,-0.012312875,0.36863025,-0.76063157,-0.53437006,2.1345586,-1.1195144,0
32,4300,2.150000,22,1.7597616,1.5630799,0.2416682,1.5688012,-0.00037511752,0.00062646857,0.0037505323,-0.010968981,0.13398153,0.13854647,-0.99785298,0.050848005,-0.041278534,1.6120866,3.0906793,0
32,4300,2.150000,23,1.7597616,1.531419,0.5500697,1.11668,-0.0044040417,-0.12003112,0.050732305,0.056280085,0.079749057,-0.081936077,0.15611006,0.52563827,0.83626196,0.58036611,1.282102,0
32,4300,2.150000,24,1.7597616,1.1429488,1.0915733,0.27503247,0.046464067,0.0020768463,0.068520824,-0.034989881,0.028793051,-0.072546608,-0.08653028,-0.69999543,0.70888568,0.78287924,-1.6937879,0
32,4300,2.150000,25,1.7597616,1.0937555,1.4919323,0.71273591,0.0047945472,-0.0044712914,0.077315651,0.11271674,0.19661223,-0.02260079,-0.19750597,0.9796204,0.036541392,1.5342468,1.7697441,0
32,4300,2.150000,26,1.7597616,1.5458732,1.080743,0.59714702,-0.0071674447,-0.008074732,-0.093355154,0.04975627,-0.017942955,0.06756302,-0.019263251,0.36569584,-0.93053505,2.7666675,1.6234233,0
32,4300,2.150000,27,1.7597616,1.5468601,1.5062569,0.19103005,0.0062792041,0.0052008892,0.022134774,0.11009894,-0.061345287,-0.0047712732,-0.42001064,0.53945629,-0.7297794,2.3887956,2.23234,0
32,4300,2.150000,28,1.7597616,1.0674407,1.0714206,1.1069839,-0.016996199,0.0010175211,0.037776549,-0.02462999,-0.1364457,0.10073626,-0.56454098,-0.66590892,-0.48770769,2.0802584,-2.2739973,0
32,4300,2.150000,29,1.7597616,1.1069251,1.5423814,1.5310427,-0.022981047,0.0090898174,0.015326189,-0.14992871,-0.011828793,-0.048281675,0.80643242,0.51463802,0.29122922,1.2752848,0.56801126,0
32,4300,2.150000,30,1.7597616,1.5299801,1.1139532,1.5110034,0.0041808779,0.0039377014,0.020530626,-0.17344809,-0.040076447,-0.14149768,-0.53173566,0.071686956,-0.84387094,2.5752537,3.0075837,0
32,4300,2.150000,31,1.7597616,1.5515128,1.5844305,1.1860372,-0.020855274,0.022345729,0.10091163,-0.15778234,0.016091205,0.25051065,0.57196429,0.63793884,0.51564609,1.0290348,0.83987299,0
33,4400,2.200000,0,1.7649225,0.21982738,0.19161673,0.21177972,0.026336601,-0.046919399,-0.0396517,0.14721267,0.10552473,-0.026170069,-0.51283676,-0.74565703,0.42543395,1.131355,-2.1732636,0
33,4400,2.200000,1,1.7649225,0.287786,0.69126676,0.6556252,0.027599827,-0.0036737872,-0.054512865,0.052568091,-0.16765583,0.076494899,0.26221224,0.010639512,-0.96495157,2.8760551,0.040553707,0
33,4400,2.200000,2,1.7649225,0.61435214,0.25180526,0.6614828,0.014554893,0.034684515,-0.021928346,0.11679484,-0.20511159,0.043916331,0.88752845,0.18417878,0.42234041,1.1347706,0.20461455,0
33,4400,2.200000,3,1.7649225,0.70453735,0.67951363,0.18879224,0.056876376,0.021872469,-0.040792343,0.077986006,-0.027746716,0.0097657926,-0.80033251,-0.25375743,-0.54320811,2.1450497,-2.8345543,0
33,4400,2.200000,4,1.7649225,0.22595649,0.26630009,1.0847974,0.010940487,0.024405283,-0.030969177,-0.088444037,0.042404715,-0.060810192,0.8356139,0.001133021,0.54931605,0.98925081,0.0013559136,0
33,4400,2.200000,5,1.7649225,0.1581453,0.64604793,1.5317748,-0.041566246,-0.01038888,-0.032303072,-0.086787728,0.02431517,0.28432527,0.70545357,-0.70507698,0.072122892,1.4986108,-0.78513118,0
33,4400,2.200000,6,1.7649225,0.69992535,0.2703939,1.5369244,0.021532294,0.054548774,-0.047684045,-0.024374676,-0.14606795,-0.13013308,-0.5673792,-0.45479107,-0.68647354,2.3274245,-2.4658984,0
33,4400,2.200000,7,1.7649225,0.69329107,0.69537048,1.2250647,0.054460456,0.057066314,0.075441994,-0.0072511177,0.026349431,0.02339289,-0.53356525,0.84335439,-0.063729829,1.6345694,2.1348923,0
33,4400,2.200000,8,1.7649225,0.24057446,1.0333746,0.17584684,0.025549723,-0.072029383,-0.067910243,0.087456854,-0.0026127826,-0.1088568,-0.20379249,0.97386295,-0.10029743,1.6712627,1.7770816,0
33,4400,2.200000,9,1.7649225,0.16749598,1.5332989,0.68482595,-0.0083236175,-0.0090795674,0.054536957,0.058715229,-0.073217847,-0.078510664,-0.14538089,0.30971386,-0.93964978,2.7924016,2.0096689,0
33,4400,2.200000,10,1.7649225,0.65467911,1.0179966,0.69072558,0.0079850325,-0.12352807,-0.010812499,-0.086220074,-0.046327511,-0.075573314,0.47167168,-0.62950656,-0.61745228,2.236296,-0.92776126,0
33,4400,2.200000,11,1.7649225,0.73792467,1.6051462,0.1924908,0.058040451,0.067059058,-0.01554017,-0.056892998,-0.13676107,0.031769037,0.93463869,0.33819283,-0.10989144,1.6809102,0.34718651,0
33,4400,2.200000,12,1.7649225,0.16336418,1.0046942,1.0586453,-0.055483812,-0.10291404,-0.041282889,0.01458588,0.062479203,0.05496854,0.92497062,-0.22448954,0.3066493,1.2591256,-0.23809551,0
33,4400,2.200000,13,1.7649225,0.28475922,1.636068,1.5079745,0.024323373,0.10539988,-0.048868349,0.24632866,0.16823543,0.16548986,0.56646551,0.098835831,0.81813709,0.61263252,0.17273924,0
33,4400,2.200000,14,1.7649225,0.60322778,1.1803035,1.5621802,-0.10402412,0.08988714,0.061779801,-0.045771208,0.14687803,-0.021662426,0.73087684,0.5714803,0.37313445,1.1884111,0.66361304,0
33,4400,2.200000,15,1.7649225,0.60727541,1.5593426,1.0945295,-0.034317057,-0.032420438,-0.049949095,-0.042954361,0.11748109,-0.22550717,0.59970196,-0.74605808,0.28940439,1.2771918,-0.89372593,0
33,4400,2.200000,16,1.7649225,1.0887463,0.3141091,0.19402756,-0.017827077,0.094639742,-0.041135191,-0.007163449,-0.070410261,-0.034001517,0.77907105,0.43670111,-0.44982267,2.0373631,0.51089992,0
33,4400,2.200000,17,1.7649225,1.1431786,0.64267648,0.69149514,0.056995288,-0.0018266114,0.055872508,0.024436405,0.037601586,0.141494,-0.39482763,0.37165217,0.84022961,0.57308978,2.3864215,0
33,4400,2.200000,18,1.7649225,1.5148581,0.15869783,0.61302172,-0.040367604,-0.071649853,-0.036305338,-0.065699664,0.0053437668,-0.36560647,0.99217942,0.0058322202,0.12468355,1.4457874,0.0058781233,0
33,4400,2.200000,19,1.7649225,1.5420079,0.68803288,0.19778943,0.0012849604,-0.000983768,-0.01131694,0.044084538,-0.035950527,0.10811921,0.28089927,-0.82649466,-0.48785467,2.0804268,-1.243176,0
33,4400,2.200000,20,1.7649225,1.0346324,0.176393,1.0903468,-0.093302252,-0.025218403,0.011365598,-0.10436205,-0.014508367,0.14851102,0.98275317,0.11912162,-0.14144342,1.7127157,0.1206237,0
33,4400,2.200000,21,1.7649225,1.1461741,0.67979447,1.555833,0.033901887,0.030501367,0.021019278,0.028030922,0.034679514,-0.065856946,0.3732255,-0.74077,-0.55853607,2.1634162,-1.1040858,0
33,4400,2.200000,22,1.7649225,1.5677742,0.25052824,1.5806249,-0.00026502296,0.0087658487,0.010962879,0.018754382,0.13824918,0.13903943,-0.99764693,-0.0036259768,0.068465001,1.5022777,-3.1379581,0
33,4400,2.200000,23,1.7649225,1.5367403,0.5551002,1.1145331,-0.0035751332,-0.11661882,0.045318417,-0.027022668,0.1069543,-0.11361417,0.33014885,0.55440676,0.76396,0.70136828,1.0336927,0
33,4400,2.200000,24,1.7649225,1.143094,1.0967967,0.27401202,0.043261981,0.0040959926,0.066696457,-0.091933002,0.043355604,-0.010729632,-0.23784085,-0.67997325,0.69359074,0.80433458,-1.9072749,0
33,4400,2.200000,25,1.7649225,1.1021316,1.5049904,0.71303957,0.0099554323,0.0041986641,0.075531678,0.099473509,0.16543554,0.015849656,-0.2707315,0.95909187,0.082748003,1.4879536,1.8459171,0
33,4400,2.200000,26,1.7649225,1.5546477,1.0838231,0.60404375,-0.0029327546,-0.0081639832,-0.088217211,0.097947691,-0.01095626,0.11644428,-0.0027952925,0.25654108,-0.96652929,2.8821351,1.581692,0
33,4400,2.200000,27,1.7649225,1.5560304,1.5077261,0.18950996,0.010906268,0.0022570002,0.020057491,0.063712865,-0.069047965,-0.07085283,-0.26773579,0.56060525,-0.7836066,2.4712464,2.0163504,0
33,4400,2.200000,28,1.7649225,1.068476,1.067934,1.1158443,-0.0190883,-0.0056016387,0.043382235,-0.051432107,-0.10317351,0.088451794,-0.54361474,-0.6236549,-0.56172732,2.1672685,-2.2877312,0
33,4400,2.200000,29,1.7649225,1.1017218,1.5443963,1.5309195,-0.031418275,0.0065850006,0.010719648,-0.14124862,-0.085395806,-0.11684986,0.7141366,0.51369093,0.47553186,1.0752278,0.6235734,0
33,4400,2.200000,30,1.7649225,1.5266409,1.1140873,1.5097823,-0.0036339055,0.00080950138,0.014886395,-0.10070632,-0.054971428,-0.1081872,-0.41305624,-0.054326591,-0.9090837,2.7118757,-3.0108198,0
33,4400,2.200000,31,1.7649225,1.5485737,1.5911198,1.2002416,-0.028333538,0.024385368,0.11162203,-0.16956791,0.032626479,0.1782401,0.52561673,0.5719233,0.62978631,0.88951825,0.82756439,0
34,4500,2.250000,0,1.7727726,0.22762377,0.19877968,0.21063496,0.033140136,-0.0406227,-0.041733803,0.13398456,0.15924466,-0.05771969,-0.49174171,-0.80516176,0.33151867,1.2328835,-2.119073,0
34,4500,2.250000,1,1.7727726,0.28863054,0.68221691,0.66105154,0.027165303,-0.015771437,-0.052008195,-0.073917266,-0.31100458,-0.0086919796,0.51365774,0.042452831,-0.85694427,2.6001077,0.082460676,0
34,4500,2.250000,2,1.7727726,0.62252816,0.24427338,0.66506049,0.01998633,0.026051799,-0.021294231,0.089872946,-0.14366843,0.021534079,0.91543486,0.15732068,0.37044464,1.1913087,0.17019104,0
34,4500,2.250000,3,1.7727726,0.71069216,0.68090155,0.19124225,0.059890827,0.020241647,-0.039185623,0.017702744,-0.048721251,0.038723067,-0.8347453,-0.12153373,-0.53705664,2.1377403,-2.9970147,0
34,4500,2.250000,4,1.7727726,0.22093817,0.27088267,1.0851316,0.0049304814,0.027795879,-0.03545005,-0.14674814,0.039859009,-0.13021615,0.76444851,-0.041231457,0.64336494,0.87191074,-0.053884001,0
34,4500,2.250000,5,1.7727726,0.15584276,0.65158916,1.5508493,-0.044565542,-0.0077270672,-0.020068773,-0.035690013,0.035918972,0.23599951,0.75662451,-0.65111019,-0.059790233,1.6306222,-0.71058478,0
34,4500,2.250000,6,1.7727726,0.70145899,0.26294784,1.5364804,0.019956279,0.045919195,-0.054947936,-0.0374004,-0.22002574,-0.10991915,-0.60969682,-0.47011131,-0.63817329,2.2629196,-2.4847504,0
34,4500,2.250000,7,1.7727726,0.69457795,0.70186735,1.2314329,0.05266767,0.060462749,0.076359282,-0.034027551,0.089517669,-0.0026108082,-0.43505294,0.891869,-0.12368759,1.6948015,2.0246357,0
34,4500,2.250000,8,1.7727726,0.2456203,1.036272,0.17197315,0.029516728,-0.073724575,-0.072555762,0.11357894,-0.045395685,-0.052018754,-0.28746361,0.95764697,0.016641716,1.5541538,1.8624155,0
34,4500,2.250000,9,1.7727726,0.17281089,1.5362583,0.68394339,-0.003763819,-0.012931518,0.050617103,0.11905327,-0.055909448,-0.097660973,-0.23107583,0.16140226,-0.95945467,2.8558574,2.5318863,0
34,4500,2.250000,10,1.7727726,0.6550459,1.0220949,0.68978012,0.0054455531,-0.12395672,-0.01482129,-0.039996645,0.028016306,-0.066611898,0.46621195,-0.72182978,-0.51147648,2.1076985,-0.99732625,0
34,4500,2.250000,11,1.7727726,0.73837885,1.6059828,0.19460603,0.055218725,0.060770152,-0.014283899,-0.063206444,-0.12016612,0.031401711,0.94498671,0.32704521,0.0064449049,1.5643514,0.33318234,0
34,4500,2.250000,12,1.7727726,0.1661706,1.012416,1.0682832,-0.053408617,-0.099668152,-0.036364534,0.10490776,0.054999393,0.1350666,0.94462873,-0.20304741,0.25777569,1.3100769,-0.21172783,0
34,4500,2.250000,13,1.7727726,0.2971762,1.6508234,1.5253427,0.035449106,0.11286175,-0.038230907,0.20203664,0.10200041,0.2363313,0.44387123,0.27967958,0.851327,0.55228682,0.56225239,0
34,4500,2.250000,14,1.7727726,0.60490365,1.1927207,1.566599,-0.10502908,0.097038694,0.059255848,-0.01836589,0.089561698,-0.089501806,0.80857426,0.53982019,0.23409791,1.3345057,0.58866218,0
34,4500,2.250000,15,1.7727726,0.60899624,1.5724148,1.0863439,-0.03529512,-0.02629745,-0.062974087,0.012251276,0.11093178,-0.25873938,0.63191322,-0.70617201,0.319385,1.2457159,-0.8408376,0
34,4500,2.250000,16,1.7727726,1.0911646,0.3123617,0.1954859,-0.02024598,0.091502196,-0.040541169,-0.058484137,-0.057609759,0.041549144,0.86391141,0.36405954,-0.34801973,1.9262543,0.39882462,0
34,4500,2.250000,17,1.7727726,1.1518813,0.64716011,0.70174217,0.060605345,-0.00020510631,0.063028001,0.12438947,-0.00051893516,0.13381056,-0.2954233,0.38741006,0.87329177,0.50887784,2.2222873,0
34,4500,2.250000,18,1.7727726,1.5173662,0.15818366,0.59854184,-0.044587997,-0.072867186,-0.053473747,-0.079549192,-0.0058738129,-0.29041408,0.99998556,-0.0038246577,-0.0037744714,1.5745708,-0.0038246943,0
34,4500,2.250000,19,1.7727726,1.549292,0.68998524,0.20240517,0.0017094619,-0.0020892068,-0.0075892031,-0.053333154,0.00081525765,0.079633566,0.30316169,-0.87724053,-0.37221236,1.9521878,-1.2380596,0
34,4500,2.250000,20,1.7727726,1.0355006,0.17769033,1.1032537,-0.097027612,-0.024706785,0.019404977,-0.10226693,0.024282674,0.1341658,0.96690658,0.072965186,-0.24447442,1.817774,0.075319743,0
34,4500,2.250000,21,1.7727726,1.1516559,0.68459592,1.5601385,0.034284919,0.032275263,0.018410485,-0.015314343,0.031188703,-0.027311027,0.37806882,-0.71979484,-0.58220215,2.1922309,-1.0871571,0
34,4500,2.250000,22,1.7727726,1.5764028,0.25639807,1.5928394,0.0013867219,0.013510839,0.016135498,0.04969125,0.068440399,0.066835839,-0.99194035,-0.017561336,0.12548286,1.4449818,-3.1238905,0
34,4500,2.250000,23,1.7727726,1.5413357,0.56261267,1.1164556,-0.0058099428,-0.1115865,0.042290378,-0.08196739,0.12744897,-0.031481781,0.48100479,0.56631354,0.66927077,0.83756942,0.86667319,0
34,4500,2.250000,24,1.7727726,1.1425647,1.1050284,0.2745383,0.037660811,0.0074419258,0.066005507,-0.116781,0.10023614,-0.047643249,-0.41849547,-0.63595774,0.64839749,0.86531875,-2.1528136,0
34,4500,2.250000,25,1.7727726,1.1090036,1.5179588,0.71739334,0.011920913,0.010459241,0.076711341,0.014882822,0.11881223,0.026453017,-0.31438339,0.93799078,0.14606976,1.4242021,1.8941961,0
34,4500,2.250000,26,1.7727726,1.5674719,1.088327,0.61407495,0.0029635349,-0.0084800809,-0.08088896,0.15815735,-0.0098565936,0.17202168,0.058705558,0.16038567,-0.98530711,2.9699592,1.2199151,0
34,4500,2.250000,27,1.7727726,1.5667039,1.5118292,0.18513387,0.014650494,-0.00034026364,0.014850044,0.06254052,0.0021160919,-0.16529906,-0.16902428,0.58906212,-0.79021302,2.4819528,1.8502269,0
34,4500,2.250000,28,1.7727726,1.0713314,1.0680874,1.1248558,-0.020981167,-0.01018803,0.047421676,0.028272629,-0.034694,0.085146022,-0.49039112,-0.57659796,-0.65349165,2.2829845,-2.2755751,0
34,4500,2.250000,29,1.7727726,1.1002809,1.5457181,1.5324631,-0.037745469,0.0010499068,0.0054656525,-0.1229238,-0.13105056,-0.070402448,0.6352835,0.47273657,0.61068406,0.91387218,0.63973681,0
34,4500,2.250000,30,1.7727726,1.53181,1.1167129,1.5135481,-0.0052514267,-0.0015150325,0.011943512,-0.015267009,-0.018277735,-0.034896794,-0.24722397,-0.14390294,-0.95821305,2.8514849,-2.6144574,0
34,4500,2.250000,31,1.7727726,1.5489886,1.5991541,1.2124869,-0.034792173,0.025340568,0.11851349,-0.10229628,0.0099176069,0.13463068,0.51062466,0.48674557,0.70876033,0.78305694,0.76146068,0
35,4600,2.300000,0,1.7747623,0.2345142,0.20556846,0.20809821,0.039771354,-0.034060709,-0.044505414,0.15215128,0.11695342,-0.063459769,-0.47150279,-0.84943044,0.23696634,1.3315543,-2.0775322,0
35,4600,2.300000,1,1.7747623,0.28509827,0.66891766,0.66190951,0.023311232,-0.029828533,-0.051892265,-0.068618771,-0.29163539,0.0070368647,0.72191628,0.054527029,-0.68982874,2.3320488,0.075387816,0
35,4600,2.300000,2,1.7747623,0.62791927,0.23891743,0.66740726,0.024676076,0.020424834,-0.019694828,0.094737462,-0.090482916,0.025137123,0.92605385,0.17330712,0.33524455,1.2289315,0.18500579,0
35,4600,2.300000,3,1.7747623,0.71126478,0.67961262,0.1947167,0.059665889,0.018189619,-0.035927647,-0.023090129,-0.040384219,0.080442762,-0.84559085,-0.034352188,-0.53272511,2.1326137,-3.1009899,0
35,4600,2.300000,4,1.7747623,0.21486981,0.27133085,1.081217,-0.0013823173,0.027939943,-0.040579715,-0.077124723,-0.030590002,-0.094234278,0.67092123,-0.090051709,0.73604035,0.74359408,-0.13342358,0
35,4600,2.300000,5,1.7747623,0.15547026,0.65657234,1.5623678,-0.045112651,-0.0034776265,-0.010296491,-0.0053089797,0.11737273,0.12190449,0.76380742,-0.61309093,-0.20178637,1.7739778,-0.67637135,0
35,4600,2.300000,6,1.7747623,0.70149689,0.25068366,1.5333162,0.019207279,0.033366924,-0.059833939,-0.011732714,-0.27167692,-0.097668029,-0.66614236,-0.42446947,-0.61325364,2.2309695,-2.5742646,0
35,4600,2.300000,7,1.7747623,0.69548361,0.70620485,1.230767,0.052793658,0.064010477,0.074312317,0.015694629,0.010148887,-0.079466545,-0.37900301,0.90119327,-0.21025559,1.7826327,1.9688976,0
35,4600,2.300000,8,1.7747623,0.25056179,1.0359626,0.17011158,0.03417991,-0.075196175,-0.074609199,0.063534299,-0.02926543,-0.056964065,-0.33953259,0.92860094,0.1497261,1.4205051,1.9213348,0
35,4600,2.300000,9,1.7747623,0.17745624,1.5360811,0.67917715,0.0006850626,-0.014831886,0.0450863,0.073417329,-0.030148701,-0.086970786,-0.2748748,0.0009073065,-0.9614796,2.8631316,3.1382919,0
35,4600,2.300000,10,1.7747623,0.65577984,1.0264402,0.68893143,0.0054442611,-0.12076044,-0.016443286,0.020366288,0.10175305,-0.011713765,0.45918933,-0.80568429,-0.37418977,1.9543192,-1.0527753,0
35,4600,2.300000,11,1.7747623,0.73298346,1.6014323,0.19522541,0.048998057,0.054420693,-0.013883168,-0.16115124,-0.11303015,-0.027885137,0.92838342,0.33002912,0.17083616,1.3991181,0.34155547,0
35,4600,2.300000,12,1.7747623,0.17112028,1.0149378,1.0758699,-0.048648109,-0.098283488,-0.029980472,0.090501814,0.016382241,0.11177809,0.94136506,-0.20738567,0.26612593,1.3014245,-0.21683942,0
35,4600,2.300000,13,1.7747623,0.30604003,1.6588343,1.5386037,0.0439746,0.11901627,-0.02668849,0.17615086,0.12486527,0.23547849,0.32146437,0.43946077,0.83876987,0.5757763,0.93924249,0
35,4600,2.300000,14,1.7747623,0.60421221,1.198936,1.563678,-0.1063987,0.10191255,0.054579098,-0.056803839,0.089070779,-0.064620956,0.8615581,0.49040096,0.13124229,1.4391743,0.51746634,0
35,4600,2.300000,15,1.7747623,0.60989494,1.5786251,1.0744175,-0.035080081,-0.021854539,-0.076112408,0.015452078,0.05297154,-0.29952152,0.65219795,-0.6648533,0.36415369,1.1980724,-0.79500672,0
35,4600,2.300000,16,1.7747623,1.0903331,0.30749068,0.19826407,-0.022301079,0.086283501,-0.037983846,0.012370656,-0.15511331,0.083034812,0.92643756,0.2979288,-0.23011275,1.8029899,0.31114042,0
35,4600,2.300000,17,1.7747623,1.1604927,0.6497627,0.70867351,0.067919681,0.0016700567,0.069168254,0.15442127,0.072297167,0.11110694,-0.18892833,0.39766581,0.89786858,0.4558922,2.0143207,0
35,4600,2.300000,18,1.7747623,1.5162203,0.15377663,0.58526928,-0.047435408,-0.077449196,-0.067410303,-0.026875396,-0.10961684,-0.25217169,0.99052898,0.0042693368,-0.13723746,1.7084683,0.0043101317,0
35,4600,2.300000,19,1.7747623,1.5478996,0.68903785,0.20729593,-0.0014201028,-0.0038100758,-0.0029282379,-0.11914671,-0.092259865,0.10527197,0.27815485,-0.93100407,-0.23634995,1.809404,-1.2804696,0
35,4600,2.300000,20,1.7747623,1.0335176,0.179077,1.1101437,-0.10017114,-0.023520213,0.025053466,-0.021990954,0.018481482,0.11731266,0.95390449,0.029722027,-0.29863493,1.8740583,0.031148206,0
35,4600,2.300000,21,1.7747623,1.1508771,0.68668028,1.5621644,0.032214651,0.03359049,0.018685131,-0.0397859,0.0086438779,0.031299675,0.34688477,-0.71546181,-0.6064531,2.2223884,-1.1193498,0
35,4600,2.300000,22,1.7747623,1.5783578,0.2620958,1.596424,0.0015722325,0.018917762,0.017931311,-0.03204876,0.099029192,0.014604448,-0.98887216,-0.022222257,0.14709866,1.423162,-3.1191241,0
35,4600,2.300000,23,1.7747623,1.5389508,0.57133672,1.1151224,-0.0099225815,-0.10349848,0.039705535,-0.057772013,0.19284991,-0.017494663,0.58688984,0.59350905,0.55073344,0.98755364,0.79100571,0
35,4600,2.300000,24,1.7747623,1.1380911,1.111023,0.27301183,0.031907969,0.01219356,0.064171921,-0.11398616,0.12816353,-0.033881687,-0.57921304,-0.58333615,0.56941302,0.96500469,-2.3526479,0
35,4600,2.300000,25,1.7747623,1.1112211,1.5246464,0.71884645,0.012893181,0.015440224,0.077358879,-0.0020269656,0.086606478,0.035951346,-0.3163777,0.92949895,0.1895702,1.3800719,1.8988705,0
35,4600,2.300000,26,1.7747623,1.5781997,1.0911982,0.62350231,0.011926963,-0.0068313212,-0.072155741,0.19054394,0.06593295,0.16601798,0.14355489,0.083494368,-0.98611393,2.9747495,0.52679502,0
35,4600,2.300000,27,1.7747623,1.5706365,1.5120757,0.17541059,0.016823397,-0.0017898671,0.0049245311,0.003199279,-0.019112634,-0.1938121,-0.10892099,0.63254268,-0.76682852,2.4446817,1.7413195,0
35,4600,2.300000,28,1.7747623,1.0750838,1.0703227,1.1300082,-0.018432614,-0.009152167,0.0513094,0.060023075,0.066736121,0.076550615,-0.42242166,-0.52081503,-0.74182993,2.4065914,-2.2522558,0
35,4600,2.300000,29,1.7747623,1.0943436,1.5403164,1.5305465,-0.044913687,-0.0060827532,0.0018310068,-0.16250404,-0.13008261,-0.084082916,0.52413573,0.41401646,0.74422584,0.73142128,0.66855393,0
35,4600,2.300000,30,1.7747623,1.5331232,1.1185174,1.5132643,-0.0056573865,-0.0009642507,0.0099619984,0.004260744,0.031625164,-0.035613429,-0.038983935,-0.275428,-0.96053093,2.8597009,-1.7114018,0
35,4600,2.300000,31,1.7747623,1.5446113,1.5996258,1.2222055,-0.040904633,0.024018042,0.12686649,-0.13890505,0.0079507295,0.18336991,0.49596044,0.38100472,0.78029395,0.67566064,0.65505775,0
36,4700,2.350000,0,1.7821401,0.24277127,0.21441587,0.2078879,0.047038464,-0.02608441,-0.045578575,0.10108302,0.18791373,-0.0022397127,-0.44883574,-0.87093403,0.20005099,1.3693864,-2.0466483,0
36,4700,2.350000,1,1.7821401,0.2820842,0.6570974,0.66486181,0.019120688,-0.044399313,-0.051691989,-0.11113941,-0.26445269,-0.057605989,0.87304758,0.047341962,-0.4853315,2.0775386,0.05417304,0
36,4700,2.350000,2,1.7821401,0.63576897,0.23636888,0.66954047,0.029904617,0.016890416,-0.02033475,0.11874245,-0.086048394,-0.0086715577,0.92494864,0.19555958,0.32592402,1.2388074,0.20835901,0
36,4700,2.350000,3,1.7821401,0.71091169,0.67829054,0.19882919,0.056362873,0.01405092,-0.032631448,-0.11991527,-0.11726211,0.070606871,-0.83172556,0.018621052,-0.55487462,2.1590086,3.1192079,0
36,4700,2.350000,4,1.7821401,0.21261771,0.26930577,1.0809684,-0.0045211362,0.024793438,-0.045313254,-0.081571267,-0.067717579,-0.10534794,0.56927906,-0.11143929,0.81455671,0.61883172,-0.19331063,0
36,4700,2.350000,5,1.7821401,0.15825815,0.6635134,1.5730587,-0.042975496,0.00072530319,-0.0061091504,0.066612359,0.08853756,0.057013841,0.77521609,-0.55813543,-0.29584599,1.8711374,-0.62400593,0
36,4700,2.350000,6,1.7821401,0.70241545,0.2402043,1.5332423,0.017213791,0.021869296,-0.066268539,-0.03449256,-0.19542089,-0.13822393,-0.69555893,-0.38945332,-0.60375814,2.2190034,-2.6311697,0
36,4700,2.350000,7,1.7821401,0.69908518,0.70921849,1.234006,0.053502584,0.064088208,0.072438772,0.00064422757,-0.044837488,-0.015880324,-0.38699368,0.87741207,-0.28352063,1.8582597,1.9861931,0
36,4700,2.350000,8,1.7821401,0.25431182,1.0407334,0.16939446,0.036882729,-0.074732914,-0.076030546,0.038666733,0.0060873502,0.013065347,-0.34124157,0.90469136,0.25512297,1.3128214,1.9314866,0
36,4700,2.350000,9,1.7821401,0.18070182,1.5412628,0.6758156,0.0031877609,-0.016033354,0.038914161,0.054436084,-0.026972627,-0.11139574,-0.28662507,-0.11366876,-0.95127571,2.8281435,-2.7640411,0
36,4700,2.350000,10,1.7821401,0.66113663,1.0353845,0.69245367,0.0080694829,-0.11609274,-0.015786347,0.068185744,0.13846817,0.021569306,0.47762585,-0.84269328,-0.24847851,1.8219055,-1.0551578,0
36,4700,2.350000,11,1.7821401,0.7269156,1.6054471,0.19476879,0.039901999,0.051783712,-0.015148731,-0.16399379,-0.056298098,-0.01610699,0.87613196,0.35911528,0.32160379,1.2433736,0.38900067,0
36,4700,2.350000,12,1.7821401,0.17374399,1.019764,1.087615,-0.04673972,-0.097677663,-0.022722902,-0.00091920375,0.021088781,0.15335585,0.92693889,-0.22677601,0.2989263,1.267229,-0.23993749,0
36,4700,2.350000,13,1.7821401,0.31408953,1.6682334,1.5573477,0.050737844,0.12151434,-0.014366086,0.10528251,-0.019845686,0.23431087,0.19218179,0.56008515,0.80583546,0.63371129,1.2402552,0
36,4700,2.350000,14,1.7821401,0.60375145,1.2091604,1.5664509,-0.10936507,0.10714197,0.050859432,-0.047993821,0.079391265,-0.038699309,0.90217362,0.42836888,0.050821769,1.5199527,0.44330038,0
36,4700,2.350000,15,1.7821401,0.61402962,1.5870728,1.0638228,-0.033484093,-0.019973194,-0.091142357,0.053907903,0.05650237,-0.29193855,0.68933998,-0.62225268,0.37096091,1.1907528,-0.73429321,0
36,4700,2.350000,16,1.7821401,1.0961416,0.30018834,0.20464645,-0.021027809,0.077720659,-0.032437174,0.0040515552,-0.17405204,0.11723543,0.96768073,0.21466707,-0.13233311,1.7035188,0.2183015,0
36,4700,2.350000,17,1.7821401,1.1735463,0.65440331,0.71425674,0.076132035,0.0036055445,0.07180002,0.19786562,0.0029576591,0.015003564,-0.12353231,0.37027916,0.92066993,0.40100304,1.8928043,0
36,4700,2.350000,18,1.7821401,1.5215622,0.14904077,0.57299593,-0.048394582,-0.082813185,-0.082086216,-0.034557434,-0.12081966,-0.31940117,0.96174896,-0.0065325388,-0.27385447,1.8481948,-0.0067922489,0
36,4700,2.350000,19,1.7821401,1.548235,0.68764137,0.21305021,-0.0075067781,-0.0080621217,0.0019541683,-0.092268933,-0.072482514,0.13470592,0.21036663,-0.96796221,-0.13709501,1.7083245,-1.3567948,0
36,4700,2.350000,20,1.7821401,1.0362964,0.18082221,1.1212476,-0.10168562,-0.022521518,0.031528978,-0.037199593,0.025528118,0.11846271,0.93951801,-0.0029736782,-0.3424866,1.9203586,-0.0031650998,0
36,4700,2.350000,21,1.7821401,1.1561123,0.68904319,1.5702726,0.03266462,0.033099837,0.020295929,0.05235963,-0.038578913,0.034504569,0.26802825,-0.70659848,-0.65488888,2.2848319,-1.208242,0
36,4700,2.350000,22,1.7821401,1.5828466,0.26605133,1.6026393,-0.00049598758,0.021777802,0.017511006,-0.046456116,0.0256248,-0.0037228611,-0.98695646,0.040852181,0.15571785,1.4144422,3.1002242,0
36,4700,2.350000,23,1.7821401,1.5423705,0.58308004,1.1204153,-0.01289418,-0.094149631,0.040361445,-0.04393302,0.17717309,0.0039600132,0.65321313,0.62777045,0.42334014,1.1336674,0.76553895,0
36,4700,2.350000,24,1.7821401,1.136461,1.1224089,0.27166904,0.025559899,0.018946842,0.061699327,-0.1316269,0.16669944,-0.064104768,-0.73416064,-0.48563605,0.47451637,1.0763818,-2.5571861,0
36,4700,2.350000,25,1.7821401,1.1168143,1.5367852,0.72470245,0.01386493,0.021228956,0.08022065,0.031728782,0.13671603,0.080895504,-0.30099954,0.92261696,0.24119955,1.3271946,1.8861542,0
36,4700,2.350000,26,1.7821401,1.5948186,1.0993208,0.63518055,0.021964336,-0.0032523646,-0.063088259,0.22489131,0.077139476,0.18223863,0.23170263,0.0043603395,-0.97277689,2.9077229,0.018816467,0
36,4700,2.350000,27,1.7821401,1.5789022,1.5170541,0.16636426,0.018556278,-0.0030945176,-0.0048307589,0.043315949,-0.0023562605,-0.18764177,-0.081913021,0.64226793,-0.76209065,2.4373323,1.6976487,0
36,4700,2.350000,28,1.7821401,1.0827205,1.0793245,1.1375094,-0.015271691,-0.0046091294,0.054107249,0.058749387,0.1126718,0.048647596,-0.30872421,-0.47744336,-0.82264038,2.5368358,-2.1447915,0
36,4700,2.350000,29,1.7821401,1.0914095,1.5425163,1.5348027,-0.052381562,-0.010277406,-0.00027096367,-0.14081142,-0.019554732,-0.043851685,0.384598,0.33218315,0.86124255,0.53308666,0.71240278,0
36,4700,2.350000,30,1.7821401,1.5399733,1.1240375,1.518478,-0.0051815404,-9.5704483e-05,0.0088871375,0.05087113,0.015804003,-0.039757196,0.24076192,-0.36923078,-0.89760923,2.6851117,-0.99297185,0
36,4700,2.350000,31,1.7821401,1.5433669,1.6068836,1.2356321,-0.048554267,0.024624873,0.13519508,-0.17486666,0.0094256617,0.16256413,0.46011801,0.27785533,0.84326024,0.56747615,0.54326639,0
37,4800,2.400000,0,1.781287,0.24840063,0.22350677,0.20843862,0.052785421,-0.016888663,-0.044928176,0.10640492,0.20813495,0.011995547,-0.46016302,-0.86395372,0.20453355,1.3648092,-2.0602017,0
37,4800,2.400000,1,1.781287,0.27482317,0.64291233,0.65964816,0.011992994,-0.058273118,-0.056588515,-0.1991596,-0.2833116,-0.13243544,0.96228483,0.0012936192,-0.27204087,1.8463096,0.0013443196,0
37,4800,2.400000,2,1.781287,0.64055045,0.23281725,0.66859494,0.034991688,0.013451121,-0.020959894,0.10066697,-0.058819207,-0.0074172107,0.91814294,0.2542828,0.30389768,1.2620152,0.27018135,0
37,4800,2.400000,3,1.781287,0.70485309,0.6746453,0.20286542,0.050643243,0.010729609,-0.028499044,-0.11479316,-0.030897439,0.10333719,-0.76599857,0.078209099,-0.63806703,2.2627816,3.0398444,0
37,4800,2.400000,4,1.781287,0.20814814,0.26530541,1.0760199,-0.0088899639,0.020921081,-0.049745315,-0.095894447,-0.094383265,-0.059089284,0.48241561,-0.11055897,0.86893722,0.51774543,-0.2252874,0
37,4800,2.400000,5,1.781287,0.16250069,0.66775603,1.5731757,-0.038656153,0.0052866687,-0.0052387875,0.10120108,0.13312357,0.0090772374,0.79287132,-0.49266202,-0.35866308,1.9376316,-0.55598069,0
37,4800,2.400000,6,1.781287,0.70144887,0.23148174,1.5260759,0.016583333,0.013259675,-0.072702524,0.03323897,-0.11761597,-0.10357283,-0.70009013,-0.33443285,-0.63089498,2.2535025,-2.6959439,0
37,4800,2.400000,7,1.781287,0.6975989,0.70621778,1.2310683,0.052350707,0.061426389,0.070091334,-0.052644861,-0.073075307,-0.052372466,-0.42965388,0.8402727,-0.33066499,1.9078044,2.0434642,0
37,4800,2.400000,8,1.781287,0.25565911,1.0419266,0.17063456,0.038352126,-0.073041118,-0.074709026,0.032104507,0.05569102,0.023189598,-0.38519051,0.85371532,0.35042607,1.2127703,1.994642,0
37,4800,2.400000,9,1.781287,0.18176907,1.5397141,0.67069591,0.0043417921,-0.016844386,0.034116864,-0.0042842615,-0.037859118,-0.065909874,-0.27850198,-0.22563152,-0.93355614,2.7750057,-2.4606865,0
37,4800,2.400000,10,1.781287,0.66598966,1.0427835,0.69480998,0.013240262,-0.10819622,-0.01309789,0.14014847,0.16676109,0.083420637,0.50624027,-0.8520125,-0.13339971,1.7045949,-1.0346746,0
37,4800,2.400000,11,1.781287,0.71850213,1.6015574,0.19425728,0.031834598,0.048661787,-0.015567096,-0.13735493,-0.023284566,-0.041524399,0.81380548,0.40246877,0.41921299,1.138218,0.45927937,0
37,4800,2.400000,12,1.781287,0.17485037,1.0195397,1.0946026,-0.045549876,-0.097413769,-0.015212818,0.017555662,-0.016278198,0.16279766,0.88817271,-0.30577472,0.343003,1.2206843,-0.33156457,0
37,4800,2.400000,13,1.781287,0.31693746,1.6637866,1.5675966,0.053736852,0.11786529,-0.0033690607,0.021495639,-0.13362831,0.21423099,0.00947779,0.64338152,0.76548703,0.69899844,1.5560662,0
37,4800,2.400000,14,1.781287,0.60058347,1.21246,1.5651054,-0.1122447,0.11102137,0.050263668,-0.05953869,0.040177313,-0.010770651,0.9259674,0.37388647,-0.052851521,1.6236725,0.38376015,0
37,4800,2.400000,15,1.781287,0.61676175,1.589068,1.0481954,-0.030457275,-0.017217549,-0.10626408,0.028259439,0.060017153,-0.34372315,0.7127555,-0.59273274,0.37503,1.1863672,-0.69371883,0
37,4800,2.400000,16,1.781287,1.0957087,0.29043983,0.20862734,-0.020935937,0.068113564,-0.028357328,0.01788348,-0.19115705,0.06486909,0.9906407,0.12458072,-0.055773173,1.6265985,0.12510099,0
37,4800,2.400000,17,1.781287,1.18346,0.65513228,0.71433909,0.086610022,0.0046480457,0.072224408,0.20221957,0.051444239,-0.026813096,-0.064538104,0.29718441,0.95263648,0.3090055,1.7846411,0
37,4800,2.400000,18,1.781287,1.5194144,0.14150708,0.558134,-0.049814323,-0.090277315,-0.096677329,-0.009504377,-0.15738152,-0.28822932,0.90442072,-0.034639108,-0.42523321,2.0100159,-0.038281062,0
37,4800,2.400000,19,1.781287,1.5436169,0.68341674,0.2198399,-0.011384636,-0.011958481,0.0088474998,-0.062063403,-0.062186191,0.14449167,0.14618201,-0.98689382,-0.068347745,1.6391974,-1.4237422,0
37,4800,2.400000,20,1.781287,1.0345994,0.182278,1.1268967,-0.10288675,-0.020978791,0.037716391,-0.01164628,0.042060785,0.10776731,0.94861525,-0.064440002,-0.30980089,1.8857799,-0.067826398,0
37,4800,2.400000,21,1.781287,1.1590881,0.68804714,1.5694362,0.036194679,0.032433495,0.020211301,0.10635565,-0.0026969359,-0.03062379,0.18918529,-0.69664121,-0.69202597,2.3350882,-1.3056238,0
37,4800,2.400000,22,1.781287,1.5808482,0.26564951,1.6019574,-0.0017369643,0.021503283,0.017596431,-0.030418522,-0.021038907,-0.015575586,-0.97207171,0.14511213,0.18444257,1.3852917,2.9934057,0
37,4800,2.400000,23,1.781287,1.5395061,0.58959874,1.1213419,-0.015020709,-0.087350163,0.041824788,-0.014510768,0.089258491,0.025744349,0.71374697,0.6343269,0.29697583,1.2692723,0.72655245,0
37,4800,2.400000,24,1.781287,1.1294465,1.1302544,0.26761263,0.019087991,0.027331646,0.057772036,-0.14221768,0.17165131,-0.085819903,-0.86609858,-0.34229178,0.36429328,1.1979225,-2.7652214,0
37,4800,2.400000,25,1.781287,1.1160412,1.5423319,0.72839275,0.013626384,0.027512927,0.084258857,-0.034230263,0.12158458,0.10373756,-0.27568274,0.92638772,0.25652449,1.3113717,1.8600397,0
37,4800,2.400000,26,1.781287,1.604465,1.1010363,0.6438171,0.032376778,-0.0010099789,-0.054145481,0.17357192,0.036952208,0.19309061,0.35368581,-0.098290298,-0.93018566,2.7657146,-0.27106297,0
37,4800,2.400000,27,1.781287,1.5805643,1.5171086,0.15702169,0.020974823,-0.0023135614,-0.014095903,0.021899404,0.011177034,-0.15623111,-0.048696174,0.65566051,-0.7534839,2.4241414,1.6449306,0
37,4800,2.400000,28,1.781287,1.0862888,1.0866349,1.1382352,-0.011184046,0.0032198526,0.055377919,0.13690152,0.16363709,0.028970546,-0.19727858,-0.41360998,-0.88882391,2.6655686,-2.0158489,0
37,4800,2.400000,29,1.781287,1.0831661,1.5404241,1.5329555,-0.060104277,-0.011631412,-0.0013837345,-0.17795183,-0.041776075,-0.010287471,0.22474573,0.1994126,0.95379451,0.30517458,0.72574338,0
37,4800,2.400000,30,1.781287,1.541008,1.1258498,1.5164647,-0.0034091864,0.0022552931,0.0076005381,0.018832253,0.046857048,-0.028856504,0.4774148,-0.43528234,-0.76328526,2.4391793,-0.73926832,0
37,4800,2.400000,31,1.781287,1.5339519,1.605262,1.2434056,-0.057232471,0.023772321,0.14356213,-0.14259298,-0.032721688,0.15208998,0.45284802,0.20448188,0.86782247,0.51999338,0.42413916,0
38,4900,2.450000,0,1.7847288,0.25379543,0.23539591,0.209624,0.057695515,-0.0054424363,-0.044146301,0.079542389,0.24395776,0.031331769,-0.50541791,-0.8287023,0.2404272,1.3279904,-2.1184568,0
38,4900,2.450000,1,1.7847288,0.26610172,0.63071588,0.65503666,0.0027494453,-0.071698861,-0.062468918,-0.15736141,-0.26289125,-0.086622968,0.99688364,-0.075410725,-0.023156786,1.5939552,-0.075502667,0
38,4900,2.450000,2,1.7847288,0.64733089,0.23116709,0.66878764,0.0405291,0.011353136,-0.02205801,0.096672677,-0.017894156,-0.022119096,0.88255851,0.32942465,0.33551436,1.2286451,0.35724517,0
38,4900,2.450000,3,1.7847288,0.69886107,0.67297401,0.20937134,0.043296377,0.0077576249,-0.022391001,-0.17051433,-0.048920808,0.12991555,-0.69162862,0.083178162,-0.71744773,2.3709279,3.0219033,0
38,4900,2.450000,4,1.7847288,0.20351437,0.26104585,1.0761767,-0.013921064,0.0161535,-0.051665711,-0.091111865,-0.10256215,-0.043899328,0.38700774,-0.086938271,0.91796881,0.40786739,-0.22097386,0
38,4900,2.450000,5,1.7847288,0.16852456,0.67393208,1.5764931,-0.03295178,0.010167759,-0.004961442,0.11167885,0.048636237,-0.022361046,0.81706285,-0.43500872,-0.37838567,1.958848,-0.48923466,0
38,4900,2.450000,6,1.7847288,0.70259493,0.22946506,1.5278634,0.016374246,0.010798097,-0.07386257,0.00372529,-0.0083094338,0.063241189,-0.68344908,-0.23136454,-0.69236393,2.3355564,-2.815177,0
38,4900,2.450000,7,1.7847288,0.69507177,0.70387397,1.2287985,0.048479395,0.057721589,0.065447279,-0.11911791,-0.087180563,-0.10432194,-0.50863821,0.77057987,-0.38404925,1.9649742,2.1542195,0
38,4900,2.450000,8,1.7847288,0.25902781,1.0478266,0.1731143,0.041224056,-0.069158142,-0.072561062,0.065956596,0.12050135,0.046012613,-0.43398834,0.79005482,0.43297517,1.1230056,2.0731129,0
38,4900,2.450000,9,1.7847288,0.18289291,1.5407171,0.6702123,0.0051136741,-0.018814499,0.032339043,0.025663321,-0.016428414,-0.012177795,-0.27959096,-0.35851043,-0.89067343,2.6696206,-2.2331408,0
38,4900,2.450000,10,1.7847288,0.67456363,1.0522446,0.69819132,0.020520362,-0.10075713,-0.01106105,0.12406741,0.11453633,-0.017217424,0.46533757,-0.88397638,-0.045240512,1.6160523,-1.0862415,0
38,4900,2.450000,11,1.7847288,0.71358276,1.6043903,0.19427185,0.025533011,0.048400458,-0.015927532,-0.11459902,-0.0073462025,0.0091682689,0.74538978,0.47056724,0.47218699,1.0790262,0.56311939,0
38,4900,2.450000,12,1.7847288,0.17554378,1.0194001,1.1059642,-0.045194661,-0.099521328,-0.0059751316,0.004138558,-0.041506963,0.18247489,0.85695308,-0.39498761,0.33108339,1.2333448,-0.43189857,0
38,4900,2.450000,13,1.7847288,0.31788912,1.6600123,1.5808885,0.054075793,0.11088288,0.0068840163,-0.0065891636,-0.13216449,0.18711443,-0.18914715,0.63453165,0.74939505,0.72364837,1.8604993,0
38,4900,2.450000,14,1.7847288,0.59993378,1.215795,1.567098,-0.1140531,0.11201266,0.049233145,-0.02111784,0.0060560533,-0.031488866,0.92335355,0.35368882,-0.14940696,1.7207648,0.36580779,0
38,4900,2.450000,15,1.7847288,0.61999784,1.5948149,1.0355952,-0.028414876,-0.014543724,-0.1208756,0.055978272,0.068948746,-0.26734547,0.69381761,-0.5874828,0.41651061,1.1411926,-0.70259815,0
38,4900,2.450000,16,1.7847288,1.0972413,0.28104455,0.21305484,-0.021519919,0.058166691,-0.024336822,-0.032798303,-0.20494384,0.07152691,0.99846417,0.054631064,-0.0092057499,1.5800022,0.054660594,0
38,4900,2.450000,17,1.7847288,1.194484,0.65814461,0.7132337,0.095338957,0.0063928331,0.069741155,0.13133292,0.025397192,-0.081447649,-0.053132815,0.24499708,0.9680668,0.2533954,1.7843603,0
38,4900,2.450000,18,1.7847288,1.5228246,0.13365239,0.54541841,-0.049340413,-0.098397594,-0.11045805,0.036054405,-0.16693566,-0.27080216,0.84927559,-0.085344611,-0.52100602,2.1188255,-0.10015483,0
38,4900,2.450000,19,1.7847288,1.5437014,0.68163598,0.22809738,-0.014279981,-0.015056767,0.016672651,-0.069695535,-0.066650005,0.17848418,0.14991457,-0.98858318,-0.015130228,1.5859271,-1.4202971,0
38,4900,2.450000,20,1.7847288,1.0388203,0.1842578,1.1331587,-0.10066708,-0.01935276,0.041797063,0.074775425,0.034701206,0.045215738,0.96363148,-0.14016878,-0.22752379,1.8003303,-0.14444585,0
38,4900,2.450000,21,1.7847288,1.1684515,0.69037954,1.5717678,0.043311586,0.033435471,0.019511082,0.12857006,-0.0050466736,-0.028820647,0.1057496,-0.68273601,-0.72297204,2.3788908,-1.4171266,0
38,4900,2.450000,22,1.7847288,1.5825127,0.26417582,1.6036272,-0.0031256867,0.019518215,0.016172263,-0.011559559,-0.062168916,-0.0078242481,-0.93513469,0.29617052,0.19443799,1.3751119,2.834873,0
38,4900,2.450000,23,1.7847288,1.5422481,0.59170114,1.1242956,-0.015253155,-0.086387927,0.042611003,-0.013692365,-0.029444765,0.014718084,0.72857633,0.66324337,0.17112791,1.398822,0.73849192,0
38,4900,2.450000,24,1.7847288,1.1233483,1.1413463,0.26427158,0.010815379,0.036231105,0.053917618,-0.17756274,0.18217881,-0.08140935,-0.95728131,-0.16109132,0.24012931,1.3282973,-2.9748746,0
38,4900,2.450000,25,1.7847288,1.1152282,1.5507518,0.73413064,0.010659895,0.032947474,0.08858515,-0.019203845,0.11090611,0.082215208,-0.24748354,0.93212297,0.26438354,1.3032317,1.8303141,0
38,4900,2.450000,26,1.7847288,1.6167421,1.1048648,0.65126382,0.04154485,0.00068942695,-0.047948734,0.20190496,0.0042740452,0.08214853,0.44411921,-0.20607499,-0.8719468,2.629961,-0.43444195,0
38,4900,2.450000,27,1.7847288,1.5844732,1.5237076,0.14986836,0.021828869,0.0013504541,-0.02154544,0.019184754,0.097086095,-0.13991193,-0.012759628,0.67718131,-0.73570555,2.3975041,1.5896364,0
38,4900,2.450000,28,1.7847288,1.0955419,1.0975775,1.1396996,-0.004036832,0.01205427,0.054643758,0.13026562,0.16433598,-0.056786754,-0.056324655,-0.3537044,-0.93365986,2.7752952,-1.7287126,0
38,4900,2.450000,29,1.7847288,1.0764231,1.5407663,1.5358638,-0.068931668,-0.014263148,-0.0014373894,-0.16463012,-0.025189916,0.042071459,0.076678463,0.056200825,0.99547068,0.095212818,0.63249396,0
38,4900,2.450000,30,1.7847288,1.5444719,1.1316074,1.5171958,-0.0029232864,0.0058340348,0.0054035377,-0.016959795,0.11090676,-0.03766682,0.67320196,-0.47060928,-0.57037358,2.1777569,-0.61009552,0
38,4900,2.450000,31,1.7847288,1.5298965,1.6061363,1.2528382,-0.064244952,0.021547042,0.15058538,-0.11220593,-0.065735267,0.12563207,0.41568429,0.15202824,0.89671288,0.45851024,0.35061895,0
39,5000,2.500000,0,1.7830651,0.25793692,0.2469671,0.21182809,0.062075636,0.0063536956,-0.041745684,0.054554376,0.23699942,0.080965617,-0.56921458,-0.77307819,0.27990153,1.2871048,-2.2054692,0
39,5000,2.500000,1,1.7830651,0.25583866,0.61539545,0.64925537,-0.0072702312,-0.08643821,-0.067642005,-0.21649362,-0.28212566,-0.14211962,0.94390084,-0.15732931,0.29034236,1.2762117,-0.16516157,0
39,5000,2.500000,2,1.7830651,0.65111948,0.22986182,0.66885032,0.044923178,0.010262846,-0.021371563,0.076617349,-0.03567329,0.015806616,0.80155107,0.41857144,0.42698223,1.1296435,0.48125091,0
39,5000,2.500000,3,1.7830651,0.69004343,0.67152473,0.21589169,0.035126406,0.0069353036,-0.015672343,-0.17958548,0.0047804309,0.18260942,-0.60954014,0.019078664,-0.7925256,2.4857357,3.1103028,0
39,5000,2.500000,4,1.7830651,0.1977188,0.25656031,1.0750024,-0.019529537,0.011909325,-0.05183684,-0.10380016,-0.11512317,-0.0019024428,0.28641914,-0.066229647,0.95581259,0.29838472,-0.22723942,0
39,5000,2.500000,5,1.7830651,0.17276687,0.67335417,1.5739886,-0.028550319,0.010218108,-0.0059968208,0.099084982,-0.03743969,-0.028933209,0.8442709,-0.35357109,-0.40273332,1.9852974,-0.39659786,0
39,5000,2.500000,6,1.7830651,0.7013795,0.22902649,1.5314279,0.015813507,0.010573325,-0.068871468,-0.055128256,0.021002691,0.14902146,-0.63857376,-0.050272788,-0.7679168,2.4463789,-3.063028,0
39,5000,2.500000,7,1.7830651,0.69085646,0.69933457,1.2225671,0.044910366,0.053836531,0.060359066,-0.04281631,-0.064066199,-0.14979433,-0.57358223,0.69642879,-0.431266,2.0166918,2.2597657,0
39,5000,2.500000,8,1.7830651,0.26058103,1.0530951,0.17771133,0.043019582,-0.062909893,-0.067800437,-0.0039792546,0.10431965,0.13184277,-0.47844454,0.73019938,0.48774961,1.0612862,2.1508356,0
39,5000,2.500000,9,1.7830651,0.18338067,1.5384467,0.66987461,0.0057722256,-0.019649049,0.03262625,-0.02733426,-0.054325497,-0.015511659,-0.32617288,-0.44471134,-0.83417209,2.5574262,-2.2036201,0
39,5000,2.500000,10,1.7830651,0.67963533,1.0554613,0.69635335,0.026223552,-0.096557642,-0.012248715,0.11505033,0.090522167,-0.038818999,0.38713932,-0.9202135,0.057708425,1.5130558,-1.1725684,0
39,5000,2.500000,11,1.7830651,0.70745675,1.6029668,0.19519703,0.020069652,0.048472553,-0.014820733,-0.13582697,-0.0098345999,0.035810747,0.67457181,0.53056602,0.51327631,1.0317983,0.66646886,0
39,5000,2.500000,12,1.7830651,0.17555507,1.0174688,1.1142968,-0.045019652,-0.10050274,0.0033928244,0.006807886,-0.035968701,0.22906995,0.8154086,-0.46801338,0.34069383,1.2231415,-0.52105368,0
39,5000,2.500000,13,1.7830651,0.31602233,1.6530596,1.5865688,0.052504605,0.10547511,0.014041399,-0.062649549,-0.076581322,0.13669305,-0.37996207,0.56517193,0.73226328,0.74915693,2.1626851,0
39,5000,2.500000,14,1.7830651,0.60067747,1.2143187,1.5608198,-0.11274954,0.11166965,0.044413571,0.063502553,-0.031463296,-0.10132941,0.91365493,0.34800577,-0.21006347,1.7824362,0.36392806,0
39,5000,2.500000,15,1.7830651,0.62245139,1.5969105,1.0210831,-0.025381954,-0.010959771,-0.1344286,0.06439029,0.042839628,-0.25415939,0.66532745,-0.60928536,0.43140553,1.1247462,-0.74145853,0
39,5000,2.500000,16,1.7830651,1.0949966,0.27125216,0.21473192,-0.022742347,0.048631841,-0.022460265,0.0084538025,-0.15219878,0.031667769,0.99940435,-0.016976281,0.030045933,1.5407459,-0.016984766,0
39,5000,2.500000,17,1.7830651,1.1987276,0.658229,0.70466807,0.10069855,0.0070910685,0.06183672,0.14231285,0.033871176,-0.22986801,-0.099139817,0.16853918,0.98069661,0.19680353,2.1025165,0
39,5000,2.500000,18,1.7830651,1.5234643,0.1241458,0.53298902,-0.047280186,-0.10778397,-0.12238456,0.031142451,-0.20178737,-0.22074104,0.78263494,-0.15269749,-0.6034617,2.2186316,-0.19268628,0
39,5000,2.500000,19,1.7830651,1.5392402,0.67660743,0.23437455,-0.017303492,-0.019451944,0.023165479,-0.034819191,-0.04335903,0.13684231,0.14366806,-0.98958742,-0.0087312188,1.5795277,-1.4266239,0
39,5000,2.500000,20,1.7830651,1.0424361,0.18681496,1.1328109,-0.096080777,-0.01662256,0.042505874,0.072855479,0.039856842,-0.017469576,0.97226885,-0.21675747,-0.087803606,1.6587131,-0.2193527,0
39,5000,2.500000,21,1.7830651,1.1730968,0.68901423,1.5701983,0.049048812,0.032713396,0.019406656,0.088861538,-0.0096765615,0.00072694951,0.035689408,-0.70694927,-0.70636322,2.3551435,-1.5203555,0
39,5000,2.500000,22,1.7830651,1.5812049,0.26132554,1.6021973,-0.0029581268,0.016912992,0.016237219,0.048842827,-0.018910353,-0.020972378,-0.87202371,0.45793364,0.17283352,1.3970906,2.6580367,0
39,5000,2.500000,23,1.7830651,1.5410639,0.58924647,1.1231825,-0.014999566,-0.088291899,0.042545933,0.053496224,-0.066216265,-0.010691643,0.71512887,0.69724774,0.049358728,1.5214175,0.77273853,0
39,5000,2.500000,24,1.7830651,1.1139181,1.1496757,0.26147025,0.0024284517,0.045628854,0.051361454,-0.16531709,0.20128869,-0.051057345,-0.99256377,0.051983958,0.11006737,1.4605055,3.089267,0
39,5000,2.500000,25,1.7830651,1.1129252,1.5534048,0.7373075,0.0093958245,0.037047992,0.092448171,-0.047213309,0.064103961,0.087048922,-0.25195199,0.92726098,0.27696078,1.2901666,1.8361072,0
39,5000,2.500000,26,1.7830651,1.6256909,1.1054098,0.65505234,0.052005621,0.0022651128,-0.043551059,0.22029163,0.055677302,0.067923389,0.47821013,-0.30236346,-0.82455528,2.540212,-0.56381839,0
39,5000,2.500000,27,1.7830651,1.5830346,1.5280637,0.14365242,0.021867337,0.0071296215,-0.027624506,-0.022021831,0.10848307,-0.12539399,0.027909781,0.69450206,-0.71894918,2.3730856,1.5306312,0
39,5000,2.500000,28,1.7830651,1.1034327,1.1059304,1.1356406,0.0048793968,0.021434706,0.051645699,0.22437352,0.2055955,-0.069453788,0.090203163,-0.29734497,-0.95049953,2.8256359,-1.276258,0
39,5000,2.500000,29,1.7830651,1.0672756,1.5378868,1.535615,-0.077079599,-0.01570705,-0.00025382354,-0.15930945,-0.029745773,0.029307941,-0.04862765,-0.1156288,0.99210147,0.12576921,-1.9688914,0
39,5000,2.500000,30,1.7830651,1.5399367,1.1346168,1.5158121,-0.0060202143,0.0099001758,0.0054342079,-0.080101245,0.056686538,0.044303386,0.82214369,-0.48967895,-0.29033476,1.865373,-0.53718705,0
39,5000,2.500000,31,1.7830651,1.5252032,1.6035606,1.2582763,-0.067513647,0.02046805,0.15719448,-0.023760495,-0.012248461,0.13112182,0.33829496,0.060747839,0.93907732,0.35086044,0.17767701,0
