frame,step,time_ps,molecule_id,box_nm,x_nm,y_nm,z_nm,dx_nonaffine_nm,dy_nonaffine_nm,dz_nonaffine_nm,vx_nm_ps,vy_nm_ps,vz_nm_ps,dipole_ux,dipole_uy,dipole_uz,theta_rad,phi_rad,dipole_debye
0,6100,3.050000,0,1.5177891,0.21486581,0.16064448,0.15315198,0.0022492253,0.0019176396,-0.010385556,-0.0046205655,0.083175308,-0.14141932,0.47645464,0.71771081,-0.50782099,2.1034498,0.98474402,0
0,6100,3.050000,1,1.5177891,0.19328,0.61825323,0.54147746,0.0093239613,0.018313032,-0.0086813837,0.15379259,0.2885789,-0.23191626,0.61987604,0.012044662,-0.7846073,2.4728588,0.019428314,0
0,6100,3.050000,2,1.5177891,0.56840441,0.1991742,0.56536227,-0.0042314792,-0.0080311356,0.0031623052,-0.11424404,-0.17224783,0.064316431,-0.27784398,0.42799561,-0.86001307,2.6060916,2.1465913,0
0,6100,3.050000,3,1.5177891,0.58768334,0.57239301,0.15261729,0.004997772,-0.015489598,0.0069383372,0.096509301,-0.32493525,0.168906,0.79957043,-0.58874968,0.11857879,1.4519379,-0.63469636,0
0,6100,3.050000,4,1.5177891,0.18535104,0.15270438,0.96291,0.005153267,-0.012214827,-0.0014494212,0.1034484,-0.24958025,-0.062552105,0.65546897,-0.64067498,0.39986997,1.1594213,-0.77398481,0
0,6100,3.050000,5,1.5177891,0.20486585,0.55202329,1.3288978,0.010641196,-0.0069765513,-0.0065211005,0.23667366,-0.12702623,-0.16223179,-0.31752202,0.70547197,0.63363165,0.88455782,1.9937205,0
0,6100,3.050000,6,1.5177891,0.60782316,0.17543702,1.3505397,0.015160654,0.0014347897,0.0047346671,0.2911588,0.14241662,0.061446394,0.20498826,-0.19355842,0.9594347,0.28580608,-0.75672724,0
0,6100,3.050000,7,1.5177891,0.51765736,0.55581026,0.89330508,0.00676143,-0.0019227658,0.0034670635,0.16678894,-0.047795826,0.1010763,0.059139426,-0.82061313,0.56841588,0.96621717,-1.4988533,0
0,6100,3.050000,8,1.5177891,0.16123333,0.95340708,0.18342752,-0.0095669022,-0.0051903049,-0.0043270643,-0.18138657,-0.065929771,-0.053490656,0.93739837,0.014834842,-0.34794285,1.9261723,0.015824226,0
0,6100,3.050000,9,1.5177891,0.21750027,1.3310777,0.55757313,0.0032490722,0.0075041632,-0.00032823574,0.091774748,0.18887971,-0.063256218,-0.73401921,-0.39352199,-0.55349458,2.1573507,-2.6494687,0
0,6100,3.050000,10,1.5177891,0.5410102,0.96759335,0.51236557,-0.0004973063,-0.0083511223,0.0080879561,-0.024623001,-0.21032032,0.21627268,0.80596967,-0.31257738,-0.50270098,2.0975167,-0.36996919,0
0,6100,3.050000,11,1.5177891,0.56350034,1.3400726,0.19322861,0.0027736502,0.0033315967,-0.006100197,-0.03255739,0.048414716,-0.1183732,0.097623712,-0.44008037,-0.89263592,2.6739555,-1.3524997,0
0,6100,3.050000,12,1.5177891,0.19336589,0.98462373,0.91417604,-0.0016928129,-0.0028106933,-0.0061480706,-0.15785403,0.037116461,-0.17177959,-0.18070777,-0.96288667,-0.20048432,1.7726486,-1.7563113,0
0,6100,3.050000,13,1.5177891,0.213389,1.3324864,1.3630918,-0.012095089,-0.0089499682,0.0036818729,-0.25967366,-0.21581097,-0.012370578,0.72106007,0.66230555,-0.20352821,1.7757565,0.74295151,0
0,6100,3.050000,14,1.5177891,0.56035559,0.96021517,1.311478,0.012023352,0.0012704005,0.0069046264,0.20444677,-0.047899817,0.12646325,-0.23550164,-0.55787742,-0.79580887,2.4911385,-1.9702409,0
0,6100,3.050000,15,1.5177891,0.59708701,1.3038878,0.9702398,-0.0079458406,0.008205812,-0.0012386674,-0.1476696,0.20930607,-0.074221959,-0.17638048,-0.90875775,-0.37821855,1.9586675,-1.7625025,0
0,6100,3.050000,16,1.5177891,0.96628655,0.18008168,0.25862981,0.0077499785,-0.0013408652,0.00013351592,0.20522224,-0.073353641,-0.04249202,-0.52107111,-0.79535917,0.30965898,1.255962,-2.150776,0
0,6100,3.050000,17,1.5177891,0.90540478,0.57411172,0.55515534,-0.0011156999,-0.00163378,0.0061004885,-0.025387374,0.0052220355,0.17464371,-0.68038135,0.60657544,-0.41127539,1.9946492,2.4134809,0
0,6100,3.050000,18,1.5177891,1.3823457,0.1213688,0.5576544,-0.0056723413,-0.0050181241,-0.0018654693,-0.18941989,-0.047223168,-0.016575532,-0.088577448,0.75891589,-0.6451362,2.2719978,1.6869864,0
0,6100,3.050000,19,1.5177891,1.3519616,0.53938968,0.21980661,0.0037781195,-0.0032776483,0.001206475,0.074765935,-0.11956574,0.066369518,0.65730506,-0.29784579,-0.69227014,2.3354265,-0.42545524,0
0,6100,3.050000,20,1.5177891,0.93973967,0.23376013,0.977481,-0.0015124748,0.012440743,-0.0023974432,-0.037628903,0.21374294,-0.091732511,0.38840903,0.057515475,0.91969038,0.40350512,0.14701133,0
0,6100,3.050000,21,1.5177891,0.99573651,0.58337432,1.3446421,-0.010727677,-0.0016709398,0.0013839403,-0.24292465,-0.045952362,0.02983498,0.79998178,-0.41069111,0.43744938,1.118036,-0.47429072,0
0,6100,3.050000,22,1.5177891,1.3419305,0.20937147,1.2949994,-0.013573642,0.011170834,-0.0087558388,-0.20573681,0.20278807,-0.15264852,0.03976376,-0.52804478,0.84828507,0.55805802,-1.4956344,0
0,6100,3.050000,23,1.5177891,1.3164615,0.59577728,0.98610917,0.013198527,-0.0054323834,0.01167865,0.28710292,-0.12059821,0.20476523,-0.79203196,-0.1059558,-0.60121439,2.2158163,-3.0086051,0
0,6100,3.050000,24,1.5177891,0.92817977,0.92997458,0.1622826,-0.0088020013,0.0056814626,0.0092108178,-0.12957876,0.15100141,0.24981166,-0.63287506,0.75578866,-0.16808528,1.7396833,2.2679124,0
0,6100,3.050000,25,1.5177891,0.91841998,1.3024365,0.60293262,0.0014366913,-0.00084493189,-0.0016272406,-0.017826782,-0.0063897915,0.030209568,-0.70146635,0.66681222,-0.2516077,1.8251374,2.3815159,0
0,6100,3.050000,26,1.5177891,1.3046877,0.96939743,0.56990455,-0.0083435955,0.0095445605,-0.0032284704,-0.13683088,0.12639961,-0.0092995477,0.34950444,0.90630628,-0.23760382,1.8106946,1.2027336,0
0,6100,3.050000,27,1.5177891,1.3212748,1.3251644,0.18013956,0.0097816018,-0.00096953006,-0.0025989258,0.19130314,0.018815186,-0.050360947,-0.16987127,0.13662631,0.97594928,0.21976235,2.4642393,0
0,6100,3.050000,28,1.5177891,0.93971585,0.92995528,0.95457373,-0.0099340013,-0.0038829639,-0.00095107292,-0.22985758,-0.11253955,0.0048441199,-0.67145607,-0.62713253,-0.39478036,1.9766251,-2.3903133,0
0,6100,3.050000,29,1.5177891,0.92325814,1.3372411,1.3456005,-0.014492721,-0.0049195568,-0.0033321304,-0.18106553,-0.083175694,-0.059612086,0.33626708,0.79580983,0.50359822,1.0430377,1.1710052,0
0,6100,3.050000,30,1.5177891,1.3439829,0.96493751,1.3361305,0.0039654632,0.01678552,0.0022542027,0.15615578,0.32023308,0.064243846,-0.44027927,-0.27276036,0.85542735,0.54442093,-2.5869461,0
0,6100,3.050000,31,1.5177891,1.2773815,1.3282706,0.98502727,-0.0020612669,0.0013075037,0.00091539911,0.068732294,0.027026472,-0.012761942,0.66670957,-0.57852564,-0.46990045,2.0599743,-0.71469911,0
1,6200,3.100000,0,1.5162047,0.21272975,0.16754234,0.14947086,0.00033645914,0.0089868847,-0.01390864,-0.065890954,0.15814285,-0.056002977,0.5213861,0.67432746,-0.52291396,2.1210623,0.91261542,0
1,6200,3.100000,1,1.5162047,0.20087616,0.62709232,0.52905207,0.017125962,0.027802463,-0.020547732,0.14514492,0.082158272,-0.21308617,0.57193134,-0.22052541,-0.79010321,2.4817737,-0.36801407,0
1,6200,3.100000,2,1.5162047,0.56231864,0.19299424,0.56730008,-0.0097267669,-0.014006306,0.0056916059,-0.08361378,-0.045328687,0.017937094,-0.35869299,0.37509065,-0.85477853,2.5959203,2.3338515,0
1,6200,3.100000,3,1.5162047,0.59021776,0.55733888,0.15987655,0.0081473122,-0.02995377,0.014360782,0.028874872,-0.29155437,0.13736668,0.84071542,-0.40344357,0.36115214,1.2012932,-0.44742346,0
1,6200,3.100000,4,1.5162047,0.19146114,0.13962561,0.95897692,0.011460147,-0.025140937,-0.0043788561,0.15874734,-0.24173031,-0.069479871,0.60272283,-0.59295063,0.5339801,1.0074953,-0.77722537,0
1,6200,3.100000,5,1.5162047,0.21660422,0.54588191,1.3182457,0.022599672,-0.012544592,-0.015790892,0.207319,-0.074039468,-0.20709855,-0.44894049,0.72670673,0.5199517,1.0240019,2.1241825,0
1,6200,3.100000,6,1.5162047,0.62307271,0.18564818,1.3519203,0.031053009,0.011834518,0.0075265447,0.31355015,0.24774087,0.04986494,0.36835961,-0.2051276,0.90677112,0.43523468,-0.50810068,0
1,6200,3.100000,7,1.5162047,0.52662142,0.55284757,0.8977646,0.016270837,-0.0043065017,0.0088619059,0.20208885,-0.083392412,0.091091939,0.007109253,-0.82573213,0.56401764,0.97155319,-1.5621869,0
1,6200,3.100000,8,1.5162047,0.15520594,0.94935531,0.18286816,-0.015429042,-0.0082484292,-0.0046951408,-0.11486994,-0.0045031435,0.038059378,0.97864084,-0.03957475,-0.20173236,1.7739227,-0.040416461,0
1,6200,3.100000,9,1.5162047,0.22061703,1.3371443,0.5532439,0.0065946278,0.014964178,-0.0040773825,0.045581043,0.076817937,-0.092223196,-0.73993492,-0.54076666,-0.40008465,1.9824055,-2.5104736,0
1,6200,3.100000,10,1.5162047,0.53941272,0.95501095,0.52168666,-0.0015305749,-0.019929509,0.017949052,0.077003135,-0.25903599,0.22502811,0.77560306,-0.25422378,-0.57776308,2.1867817,-0.31674031,0
1,6200,3.100000,11,1.5162047,0.56311137,1.3411275,0.18938913,0.0029730104,0.005786721,-0.0097398702,0.019384622,0.042749496,-0.048675275,0.082940618,-0.41561069,-0.90575306,2.7039496,-1.3738208,0
1,6200,3.100000,12,1.5162047,0.18579943,0.98521428,0.91091859,-0.0090612676,-0.0011914627,-0.008452429,-0.17768424,0.024850051,0.010579255,-0.18998525,-0.90555904,-0.37929993,1.9598359,-1.7775959,0
1,6200,3.100000,13,1.5162047,0.20415753,1.3198539,1.356419,-0.021108509,-0.020197361,-0.0015707147,-0.097272339,-0.21455471,-0.20476589,0.73689356,0.63320356,-0.23673009,1.8097952,0.7098614,0
1,6200,3.100000,14,1.5162047,0.56775024,0.95386245,1.3144848,0.020007115,-0.0040827665,0.011282762,0.092286422,-0.14464377,0.10176963,-0.064147405,-0.5319552,-0.84433925,2.5761271,-1.6908048,0
1,6200,3.100000,15,1.5162047,0.58909074,1.3131539,0.96067503,-0.015322675,0.018838557,-0.0097950885,-0.16490225,0.24534366,-0.21596039,-0.091432518,-0.94042066,-0.32748906,1.9044412,-1.6677168,0
1,6200,3.100000,16,1.5162047,0.97336228,0.17542765,0.25579941,0.015838623,-0.005809247,-0.0024282413,0.10046741,-0.092162131,-0.036419126,-0.5810319,-0.74555853,0.32641141,1.2382918,-2.2328024,0
1,6200,3.100000,17,1.5162047,0.90334766,0.57505546,0.56254967,-0.0022282608,-8.9929997e-05,0.0140785,0.0011309011,0.030456782,0.16552053,-0.74108915,0.49209995,-0.45675432,2.0451396,2.5554228,0
1,6200,3.100000,18,1.5162047,1.3658437,0.12102107,0.56068788,-0.020739237,-0.0052392799,0.0017520239,-0.32352735,0.021143869,0.14132184,0.012948962,0.7724717,-0.63491716,2.2586976,1.5540349,0
1,6200,3.100000,19,1.5162047,1.3564593,0.5336935,0.22068194,0.0096901959,-0.0084134482,0.0023118335,0.17184027,-0.064890549,-0.035772132,0.73704596,-0.35039138,-0.57791794,2.1869715,-0.44377435,0
1,6200,3.100000,20,1.5162047,0.93538722,0.24085368,0.96683326,-0.0048857074,0.019782142,-0.012029836,-0.11494258,0.072559459,-0.24285701,0.37180551,-0.0012613545,0.92830979,0.38095551,-0.0033924986,0
1,6200,3.100000,21,1.5162047,0.98015031,0.58629716,1.3462568,-0.025282049,0.0018627255,0.004403863,-0.3230245,0.1053802,0.094299274,0.64364612,-0.53668786,0.54560591,0.99368437,-0.69502804,0
1,6200,3.100000,22,1.5162047,1.3333566,0.21749205,1.2919632,-0.020750482,0.019514332,-0.010441062,-0.14158987,0.11897587,0.10624728,-0.087602951,-0.28532474,0.95441894,0.30308944,-1.8686891,0
1,6200,3.100000,23,1.5162047,1.3290553,0.59315606,0.9914136,0.027173847,-0.0074327262,0.018015775,0.30996869,0.027688052,0.048180678,-0.83337547,-0.25095593,-0.49244943,2.0856982,-2.8490978,0
1,6200,3.100000,24,1.5162047,0.92237876,0.93527197,0.17465998,-0.013636621,0.011952921,0.021764156,-0.067270396,0.11275488,0.28467762,-0.64229044,0.73866195,-0.20455197,1.7768023,2.2865212,0
1,6200,3.100000,25,1.5162047,0.91455879,1.3018127,0.60640055,-0.0014672902,-0.00010872548,0.0024722173,-0.079065602,0.0048593831,0.09019719,-0.78494551,0.55765959,-0.26995615,1.8441438,2.5238918,0
1,6200,3.100000,26,1.5162047,1.2971794,0.97064814,0.57068497,-0.014493189,0.011808392,-0.0018524112,-0.1028007,-0.0015107636,0.081509657,0.3726886,0.91371367,-0.16195845,1.7334713,1.1835125,0
1,6200,3.100000,27,1.5162047,1.3264227,1.3261105,0.17561537,0.016312231,0.0013610857,-0.0069373391,0.053393355,0.10725807,-0.14732363,-0.11081267,0.19308564,0.97490435,0.22450534,2.0918067,0
1,6200,3.100000,28,1.5162047,0.92339001,0.92268682,0.95219612,-0.025286912,-0.010183945,-0.0023329409,-0.27057896,-0.1283345,-0.056817806,-0.64330654,-0.40470159,-0.64990255,2.2782525,-2.5800533,0
1,6200,3.100000,29,1.5162047,0.91773422,1.3320396,1.3441859,-0.019055248,-0.0087270903,-0.0033421192,-0.039268641,-0.076243817,0.041505526,0.53143502,0.75314805,0.38774325,1.1726143,0.95630966,0
1,6200,3.100000,30,1.5162047,1.3501138,0.97773456,1.3380706,0.011503231,0.03059707,0.005590851,0.079923089,0.17950945,0.026722946,-0.58094769,-0.26784273,0.76860917,0.69413215,-2.7095922,0
1,6200,3.100000,31,1.5162047,1.2811073,1.3261576,0.97920592,0.0030006382,0.00058068093,-0.003880199,0.15467722,0.038885831,-0.16249312,0.67461341,-0.56239,-0.47813621,2.0693277,-0.69492385,0
2,6300,3.150000,0,1.5196514,0.20851909,0.17592602,0.14995132,-0.0043524493,0.016980633,-0.013768125,-0.11071582,0.11974328,0.020996377,0.61631158,0.60322804,-0.50623706,2.1016121,0.77467031,0
2,6300,3.150000,1,1.5196514,0.20717041,0.6252155,0.52023633,0.022956956,0.024503874,-0.030554759,0.063409751,-0.1351564,-0.15779707,0.50583787,-0.47873181,-0.71759592,2.3711406,-0.75787424,0
2,6300,3.150000,2,1.5196514,0.55728312,0.19675477,0.5681525,-0.016033393,-0.010688258,0.0052549402,-0.13405107,0.1235084,-0.0094305609,-0.3660808,0.41260692,-0.83411053,2.5573146,2.296516,0
2,6300,3.150000,3,1.5196514,0.5923273,0.55013083,0.16589237,0.0089142954,-0.038419152,0.020006762,0.041886406,-0.051582986,0.061978009,0.78052969,-0.33025454,0.53075921,1.0113002,-0.40027373,0
2,6300,3.150000,4,1.5196514,0.20017785,0.12906526,0.95649281,0.019732233,-0.036006352,-0.009037632,0.19062682,-0.12319847,-0.11190884,0.51973785,-0.51363437,0.68268023,0.819372,-0.77949185,0
2,6300,3.150000,5,1.5196514,0.22600026,0.54415532,1.3106156,0.031493232,-0.015508723,-0.026405558,0.10297928,-0.068557973,-0.18543771,-0.56018898,0.7165933,0.41555066,1.1422482,2.234303,0
2,6300,3.150000,6,1.5196514,0.63700122,0.19854279,1.3589159,0.043550952,0.024292973,0.011444533,0.23114393,0.24783005,0.077316046,0.48419528,-0.13126417,0.8650576,0.52553115,-0.26473457,0
2,6300,3.150000,7,1.5196514,0.53894507,0.55202645,0.90373302,0.027384745,-0.006382005,0.012785069,0.15383444,-0.041041144,0.045249832,-0.030619708,-0.84484734,0.53413052,1.0073174,-1.6070234,0
2,6300,3.150000,8,1.5196514,0.15013798,0.95070199,0.18503569,-0.020843667,-0.0090589109,-0.0029452942,-0.082608273,0.034436205,0.024229002,0.99157702,0.018763563,-0.12815201,1.6993017,0.018920693,0
2,6300,3.150000,9,1.5196514,0.22220173,1.3394305,0.55087486,0.0076765874,0.014211636,-0.007699942,0.042366606,-0.076582063,-0.049500588,-0.6300582,-0.69733057,-0.34169685,1.9195182,-2.3055576,0
2,6300,3.150000,10,1.5196514,0.54586873,0.94943485,0.5318027,0.0036933088,-0.027667764,0.026869061,0.091127175,-0.065503785,0.14552876,0.6967549,-0.23138737,-0.67896428,2.3171473,-0.32063377,0
2,6300,3.150000,11,1.5196514,0.5655691,1.3436515,0.1890891,0.0041493431,0.0052626385,-0.010469593,0.012582204,-0.018820496,0.047798189,0.052730959,-0.44095105,-0.89598081,2.6814312,-1.4517769,0
2,6300,3.150000,12,1.5196514,0.17702378,0.99188636,0.91810227,-0.018248844,0.0032359971,-0.0033452512,-0.1853449,0.14133449,0.14266014,-0.19510907,-0.79777422,-0.57051621,2.1779306,-1.8106549,0
2,6300,3.150000,13,1.5196514,0.20825165,1.3148142,1.3481861,-0.017482601,-0.028228301,-0.012874191,0.20969755,-0.080553062,-0.20266454,0.76660079,0.54822752,-0.33431993,1.9116799,0.62081548,0
2,6300,3.150000,14,1.5196514,0.56928749,0.94555423,1.3213154,0.020253467,-0.014547427,0.015120934,-0.068864103,-0.30876176,0.019379237,0.084115556,-0.49106139,-0.86705437,2.6200555,-1.4011494,0
2,6300,3.150000,15,1.5196514,0.58141328,1.3275483,0.95456714,-0.02432903,0.030234947,-0.018077388,-0.18090114,0.20164631,-0.15409378,0.026939761,-0.93626995,-0.3502468,1.9286309,-1.5420308,0
2,6300,3.150000,16,1.5196514,0.9786337,0.17037173,0.25012383,0.018893919,-0.011257759,-0.0086782053,0.063640027,-0.070605919,-0.17510169,-0.64917966,-0.69023862,0.31958788,1.2455018,-2.3255498,0
2,6300,3.150000,17,1.5196514,0.90825594,0.57687227,0.57461269,0.00062327998,0.00041908151,0.024850497,0.14921434,-0.012331139,0.21869737,-0.82442806,0.315347,-0.46997302,2.0600565,2.7762595,0
2,6300,3.150000,18,1.5196514,1.3532654,0.12619864,0.56978592,-0.036404582,-0.00034237215,0.009566636,-0.32752992,0.17027508,0.17920194,0.24560654,0.78912615,-0.56298965,2.1687951,1.269061,0
2,6300,3.150000,19,1.5196514,1.3661736,0.53375199,0.21745352,0.01631349,-0.0095668532,-0.0014140122,0.072820596,-0.02588071,-0.05495542,0.77875271,-0.412524,-0.47261841,2.0630559,-0.48714308,0
2,6300,3.150000,20,1.5196514,0.93238988,0.24545255,0.9560816,-0.010003566,0.023828911,-0.024964622,-0.0753646,0.04097921,-0.23211482,0.29696617,-0.032434596,0.95433699,0.30336388,-0.10878862,0
2,6300,3.150000,21,1.5196514,0.96571287,0.59187162,1.3544383,-0.041928663,0.0060996028,0.0095192885,-0.36712505,-0.028241276,0.13543363,0.46722388,-0.60267924,0.64689998,0.86728414,-0.9113334,0
2,6300,3.150000,22,1.5196514,1.331578,0.22192086,1.3046885,-0.025554599,0.023444282,-0.00066371769,-0.042687407,0.0092528675,0.26583095,-0.26901881,-0.020190926,0.96292326,0.27315983,-3.0666792,0
2,6300,3.150000,23,1.5196514,1.347192,0.59891929,0.99423664,0.042272222,-0.0030228646,0.018584484,0.28171102,0.12388496,0.0012842191,-0.84490763,-0.39938623,-0.35583949,1.9346085,-2.7000241,0
2,6300,3.150000,24,1.5196514,0.92566923,0.94361804,0.19292396,-0.012444265,0.018165873,0.039610836,0.11825499,0.12038245,0.36591395,-0.59867914,0.75496964,-0.26758947,1.8416867,2.2412448,0
2,6300,3.150000,25,1.5196514,0.91480387,1.3029129,0.60968175,-0.0032991078,-0.0019657289,0.004372788,-0.057450737,-0.040477779,0.012830199,-0.88428772,0.36469488,-0.29160398,1.8666996,2.7504284,0
2,6300,3.150000,26,1.5196514,1.2988051,0.97149473,0.5767212,-0.015814763,0.010450038,0.0028811574,0.020810454,-0.039638333,0.048179935,0.50970704,0.85519527,-0.094020129,1.6649555,1.033314,0
2,6300,3.150000,27,1.5196514,1.3291962,1.3360142,0.16828529,0.016070764,0.0082424389,-0.014657863,-0.031140523,0.16188948,-0.16415197,-0.12272107,0.10762509,0.98658825,0.1639624,2.421637,0
2,6300,3.150000,28,1.5196514,0.91470108,0.91869792,0.94870585,-0.036062655,-0.016263403,-0.0079813394,-0.15246673,-0.098473899,-0.18422999,-0.54110483,-0.16811767,-0.82397938,2.5391949,-2.8403545,0
2,6300,3.150000,29,1.5196514,0.92111943,1.3316104,1.3514272,-0.017757712,-0.012180325,0.00083885988,0.084516357,-0.023394526,0.069974488,0.68799692,0.65349958,0.31559235,1.2497155,0.75968826,0
2,6300,3.150000,30,1.5196514,1.3487155,0.98079764,1.3370899,0.0070409639,0.031436601,0.0015730102,-0.23172087,-0.17898929,-0.15806251,-0.7477969,-0.14289403,0.64836802,0.86535745,-2.9527821,0
2,6300,3.150000,31,1.5196514,1.2906833,1.328983,0.97522833,0.0096568681,0.00039169375,-0.010076693,0.073125629,-0.015436105,-0.082290233,0.70510898,-0.53008193,-0.47099308,2.0612125,-0.6446349,0
3,6400,3.200000,0,1.5214774,0.20468442,0.17888677,0.1504398,-0.0084352292,0.019728347,-0.01346001,-0.059640331,-0.02410257,-0.0042038887,0.7074585,0.47865712,-0.51999022,2.1176358,0.59483902,0
3,6400,3.200000,1,1.5214774,0.20808468,0.61737027,0.51406207,0.02362189,0.015912545,-0.037350053,-0.030969887,-0.16893364,-0.096915844,0.49433599,-0.68815416,-0.53110807,2.1307041,-0.94786036,0
3,6400,3.200000,2,1.5214774,0.55108347,0.20384904,0.56988705,-0.022898549,-0.0038345254,0.0063061727,-0.13141747,0.13381522,0.033752134,-0.39880067,0.52480971,-0.75201915,2.4219164,2.2206007,0
3,6400,3.200000,3,1.5214774,0.59893531,0.55039741,0.16571312,0.014807029,-0.038813369,0.019628405,0.13420145,0.049185396,-0.077614112,0.70185219,-0.36327372,0.61272809,0.91128834,-0.47762268,0
3,6400,3.200000,4,1.5214774,0.20448173,0.1271839,0.94827879,0.023793143,-0.038041571,-0.018395352,-0.01497812,0.064417207,-0.23229507,0.38684817,-0.32948653,0.86127064,0.53303139,-0.70549208,0
3,6400,3.200000,5,1.5214774,0.23021722,0.542842,1.3019296,0.035436258,-0.017474712,-0.036660179,0.07551717,-0.029445878,-0.22628372,-0.62004996,0.6914803,0.37066568,1.1910707,2.3017849,0
3,6400,3.200000,6,1.5214774,0.64812734,0.21014961,1.3655326,0.05390544,0.035654399,0.016425342,0.1852565,0.21994814,0.13296498,0.57363591,-0.090095178,0.81414047,0.61954892,-0.15578721,0
3,6400,3.200000,7,1.5214774,0.54390222,0.55061211,0.90715083,0.031691716,-0.0084584023,0.01511556,0.055953316,-0.035803045,0.063141677,-0.0025189844,-0.87180644,0.48984405,1.0588855,-1.5736857,0
3,6400,3.200000,8,1.5214774,0.1476862,0.95502753,0.18757775,-0.023474275,-0.0058776343,-0.00062696377,-0.032814996,0.078458103,0.051036206,0.98908534,0.08387034,-0.12114433,1.692239,0.084593493,0
3,6400,3.200000,9,1.5214774,0.22107269,1.3330083,0.55049057,0.0062813876,0.0061847802,-0.0087455317,-0.11136098,-0.17276084,0.0021242807,-0.52575065,-0.75344455,-0.39485132,1.9767023,-2.1800416,0
3,6400,3.200000,10,1.5214774,0.55193567,0.95092605,0.53874888,0.0091010927,-0.027317605,0.033172444,0.15653767,0.015796417,0.13161323,0.48861956,-0.27800839,-0.82702011,2.5445825,-0.51728847,0
3,6400,3.200000,11,1.5214774,0.56432554,1.343407,0.19379173,0.0022273563,0.003404687,-0.0059968592,-0.069509318,-0.057072637,0.084540821,-0.016094692,-0.40930081,-0.91225753,2.7195583,-1.6100985,0
3,6400,3.200000,12,1.5214774,0.16922552,1.0026466,0.92474437,-0.026255008,0.012798652,0.0021903362,-0.10875337,0.20859752,0.10706754,-0.29104782,-0.55820312,-0.77698162,2.4606531,-2.051418,0
3,6400,3.200000,13,1.5214774,0.22140165,1.3116576,1.3413042,-0.0045905788,-0.032961943,-0.021371001,0.286834,-0.064325906,-0.17435855,0.77349452,0.4477542,-0.44857821,2.0359702,0.52473921,0
3,6400,3.200000,14,1.5214774,0.56103846,0.93075051,1.325873,0.011325754,-0.030477759,0.018089079,-0.27571866,-0.3108973,0.075784031,0.13937534,-0.46162471,-0.87605773,2.6384213,-1.2775758,0
3,6400,3.200000,15,1.5214774,0.57546563,1.3383114,0.94617388,-0.030971313,0.039397409,-0.027611918,-0.023173295,0.14019296,-0.20126428,0.048602204,-0.91879668,-0.39172758,1.9733048,-1.5179479,0
3,6400,3.200000,16,1.5214774,0.98437728,0.16829834,0.24534697,0.023458841,-0.013534503,-0.013752568,0.082008927,-0.060823844,-0.048085259,-0.71059685,-0.63063745,0.31200725,1.2534913,-2.4157403,0
3,6400,3.200000,17,1.5214774,0.91755264,0.57591976,0.58669179,0.0088237106,-0.001225601,0.036232319,0.18206334,-0.076522873,0.2089718,-0.907424,0.032005566,-0.41899561,2.0031352,3.1063365,0
3,6400,3.200000,18,1.5214774,1.3397806,0.13529715,0.57703892,-0.051506329,0.0085991335,0.016131038,-0.2847839,0.12257052,0.15460171,0.52697399,0.7493665,-0.40093424,1.9833327,0.95790855,0
3,6400,3.200000,19,1.5214774,1.370018,0.53665324,0.21537906,0.018515028,-0.0073083058,-0.0037483606,0.028415493,0.11675105,-0.058018669,0.74015302,-0.50374718,-0.44543493,2.0324563,-0.59758594,0
3,6400,3.200000,20,1.5214774,0.9333404,0.24784925,0.94823218,-0.010173295,0.025929415,-0.033957462,0.075523149,0.0092779743,-0.15734212,0.18583117,-0.027938053,0.98218442,0.18904353,-0.14922347,0
3,6400,3.200000,21,1.5214774,0.94906914,0.59091139,1.3660556,-0.059722106,0.0044291887,0.019503101,-0.31777151,-0.015258485,0.18919899,0.40032997,-0.61618456,0.6782717,0.82538828,-0.99463789,0
3,6400,3.200000,22,1.5214774,1.3328851,0.21948794,1.3208831,-0.025847325,0.020746322,0.013954377,-0.057318722,-0.032101051,0.33685501,-0.47697721,0.26265829,0.83875107,0.57581082,2.6382332,0
3,6400,3.200000,23,1.5214774,1.3622738,0.60757916,0.99724121,0.055727128,0.0049125822,0.020393304,0.19528793,0.13238621,0.028545793,-0.83426452,-0.50181248,-0.22844461,1.8012761,-2.6000689,0
3,6400,3.200000,24,1.5214774,0.93407024,0.94843836,0.20906522,-0.0051599038,0.021850133,0.055510733,0.17196914,0.040676281,0.29910664,-0.53047362,0.7937632,-0.2975529,1.8729247,2.1599303,0
3,6400,3.200000,25,1.5214774,0.91267973,1.3019808,0.60956657,-0.0065205315,-0.0044618749,0.0035255308,-0.052918646,-0.04702076,-0.094183682,-0.91733123,0.15742574,-0.3656782,1.9451577,2.9716355,0
3,6400,3.200000,26,1.5214774,1.3056858,0.96868415,0.58099041,-0.010497902,0.0064745048,0.0064552362,0.17187877,-0.077215179,0.046799023,0.65318553,0.75706224,-0.0143326,1.5851294,0.85892386,0
3,6400,3.200000,27,1.5214774,1.3285622,1.3456304,0.16124333,0.013840952,0.016248524,-0.021897684,-0.039758473,0.1229049,-0.13203519,-0.11193114,-0.077314016,0.99070377,0.13646001,-2.5371164,0
3,6400,3.200000,28,1.5214774,0.90931772,0.91588594,0.93766328,-0.042541224,-0.020176929,-0.020156554,-0.087661113,-0.058169943,-0.24930213,-0.37567274,-9.6184968e-05,-0.92675239,2.7564701,-3.1413366,0
3,6400,3.200000,29,1.5214774,0.92934833,1.3351212,1.3552335,-0.010639897,-0.010270773,0.0030199294,0.1965789,0.092224968,0.070210528,0.7786876,0.54629839,0.30855096,1.257127,0.61177417,0
3,6400,3.200000,30,1.5214774,1.3379752,0.97027391,1.3276708,-0.0053125241,0.019741373,-0.0094461445,-0.26336572,-0.31660854,-0.23774185,-0.85875975,0.0076500791,0.51232135,1.0329107,3.1326846,0
3,6400,3.200000,31,1.5214774,1.2946192,1.3284559,0.97357224,0.012040426,-0.0017310108,-0.012902916,-0.00090640284,-0.030938286,-0.041376858,0.79359071,-0.47534413,-0.37981804,1.9603959,-0.53966839,0
4,6500,3.250000,0,1.5253817,0.20643084,0.17575457,0.14942427,-0.0072156213,0.01614169,-0.014859792,0.038615009,-0.10408348,-0.030100784,0.76472767,0.37780183,-0.5219745,2.1199605,0.4588638,0
4,6500,3.250000,1,1.5253817,0.20782806,0.61074467,0.51123775,0.022832308,0.0077132017,-0.041488219,-0.010481605,-0.13007539,-0.061440426,0.52457211,-0.78385322,-0.3322623,1.9094975,-0.98102647,0
4,6500,3.250000,2,1.5253817,0.5489617,0.21005183,0.57207114,-0.026429942,0.0018378988,0.0070269327,0.014420367,0.06895848,0.022237395,-0.46792412,0.6058393,-0.64343279,2.2697706,2.2284529,0
4,6500,3.250000,3,1.5253817,0.60345731,0.55728492,0.1632912,0.017788262,-0.033345261,0.01678489,-0.021632992,0.11122986,-0.033199253,0.64117734,-0.43072078,0.63511513,0.88263877,-0.59152422,0
4,6500,3.250000,4,1.5253817,0.19893474,0.13552041,0.9402582,0.017729201,-0.030041687,-0.028835962,-0.17438151,0.25776445,-0.1987503,0.13805063,-0.039682046,0.98962991,0.14413926,-0.27989958,0
4,6500,3.250000,5,1.5253817,0.23537501,0.54484763,1.2953917,0.039997437,-0.016862866,-0.046526406,0.085872387,0.10288397,-0.11317063,-0.58304458,0.69673169,0.41788032,1.1396854,2.2675935,0
4,6500,3.250000,6,1.5253817,0.65582419,0.21712756,1.375253,0.059931389,0.042084838,0.022633698,0.10529936,0.038729403,0.10185185,0.64753912,-0.12198113,0.75220589,0.71939293,-0.18619451,0
4,6500,3.250000,7,1.5253817,0.54588277,0.55137006,0.9115515,0.032275793,-0.0091125582,0.017185709,-0.031503604,0.0022659907,0.016784041,0.04996173,-0.86912653,0.49205986,1.056342,-1.5133745,0
4,6500,3.250000,8,1.5253817,0.1467668,0.96103695,0.19020427,-0.024770998,-0.0023234934,0.0015154616,-0.026740389,0.0076574193,-0.011591015,0.97938198,0.18203116,-0.087610447,1.6585192,0.18376636,0
4,6500,3.250000,9,1.5253817,0.21486287,1.3276309,0.55197852,-0.00048705599,-0.0026020691,-0.0086703059,-0.20505405,-0.17610257,-0.0023506243,-0.46647033,-0.7062055,-0.53261546,2.1324841,-2.1545388,0
4,6500,3.250000,10,1.5253817,0.55634597,0.95382092,0.54264054,0.012091219,-0.026863514,0.035678396,0.020123261,-0.016577922,0.0046768837,0.23542604,-0.30654175,-0.92228343,2.7447435,-0.91587035,0
4,6500,3.250000,11,1.5253817,0.56301355,1.3452579,0.20090889,-0.000529237,0.0018102852,0.00061453957,-0.035331463,-0.0022071662,0.20876861,-0.10988184,-0.43865773,-0.89191108,2.6723501,-1.8162414,0
4,6500,3.250000,12,1.5253817,0.16448274,1.014944,0.92989044,-0.031425421,0.022510722,0.0049598436,-0.034436761,0.13734228,0.031178492,-0.39672972,-0.21193656,-0.89313404,2.6750618,-2.6509539,0
4,6500,3.250000,13,1.5253817,0.23509983,1.3162812,1.3385577,0.008522654,-0.031705762,-0.02755147,0.24255583,0.081193446,-0.098865478,0.80145748,0.35241779,-0.48318486,2.0750851,0.41427321,0
4,6500,3.250000,14,1.5253817,0.5479523,0.91701184,1.3322597,-0.0031815149,-0.04658421,0.021069554,-0.35965075,-0.2592606,0.019428243,0.1686673,-0.37732102,-0.91059332,2.7155137,-1.1504294,0
4,6500,3.250000,15,1.5253817,0.57764637,1.3478405,0.94211085,-0.030268194,0.045484419,-0.034094653,0.06318449,0.11039325,-0.07975752,-0.11157583,-0.92287242,-0.36858828,1.9482862,-1.691113,0
4,6500,3.250000,16,1.5253817,0.98882216,0.16300561,0.24739159,0.025375227,-0.019251778,-0.012339353,0.015399124,-0.10150483,0.089152632,-0.6808042,-0.64974173,0.33814395,1.2258524,-2.3795359,0
4,6500,3.250000,17,1.5253817,0.93111827,0.57318983,0.59579601,0.020020433,-0.0054280356,0.043821287,0.26872943,-0.070283437,0.11117536,-0.91311594,-0.27751585,-0.29867078,1.8740959,-2.8465418,0
4,6500,3.250000,18,1.5253817,1.3286578,0.14133389,0.58581183,-0.066048561,0.014281399,0.023413866,-0.25162281,0.13236789,0.12866728,0.74781168,0.64388697,-0.16182479,1.7333359,0.71086178,0
4,6500,3.250000,19,1.5253817,1.3740433,0.54693625,0.21357366,0.01902405,0.0015861816,-0.0061034313,0.018991255,0.16154134,-0.050695083,0.64706266,-0.56696952,-0.50976022,2.1057024,-0.7195208,0
4,6500,3.250000,20,1.5253817,0.94475219,0.24457932,0.94451136,-0.0011681148,0.022028473,-0.040103686,0.23710393,-0.13871359,-0.06964062,0.15562643,0.0895476,0.98374877,0.18052944,0.52213556,0
4,6500,3.250000,21,1.5253817,0.94079715,0.58971577,1.3812446,-0.070415823,0.0017206758,0.031171608,-0.084318831,-0.062203133,0.24070386,0.43770633,-0.58683467,0.68120352,0.821391,-0.92993933,0
4,6500,3.250000,22,1.5253817,1.3364049,0.21624363,1.3383416,-0.025748075,0.016943647,0.028005315,0.020475087,-0.13758941,0.21853112,-0.68055372,0.48670035,0.54769463,0.99118996,2.5207688,0
4,6500,3.250000,23,1.5253817,1.3728536,0.61092191,0.99655789,0.062802105,0.0066939205,0.017155077,0.088087858,-0.086639711,-0.1238617,-0.88604086,-0.45663934,-0.080075637,1.6509578,-2.6657244,0
4,6500,3.250000,24,1.5253817,0.94693004,0.95183117,0.22023256,0.0052895667,0.022807896,0.066127983,0.21792062,0.085535826,0.15691598,-0.43580517,0.82563592,-0.35832832,1.937273,2.0564685,0
4,6500,3.250000,25,1.5253817,0.91604099,1.3071553,0.60607639,-0.0055026369,-0.0026307895,-0.0015224034,0.072129362,0.057126772,-0.10637527,-0.87949351,-0.10236958,-0.46477051,2.0541717,-3.025718,0
4,6500,3.250000,26,1.5253817,1.3158587,0.96908515,0.58368751,-0.0036842976,0.0043924035,0.0076598933,0.084309654,0.0047937176,0.051879102,0.73964875,0.67249017,0.026013497,1.5447799,0.73787592,0
4,6500,3.250000,27,1.5253817,1.3292667,1.353065,0.15817244,0.011139659,0.020224933,-0.025377889,-0.060183328,0.041940194,-0.059491208,-0.043773373,-0.30944502,0.9499093,0.31785079,-1.7113216,0
4,6500,3.250000,28,1.5253817,0.90728728,0.91938184,0.92755657,-0.046899507,-0.019032777,-0.032653413,-0.07357099,0.064793633,-0.25372997,-0.26500911,0.15821942,-0.95117653,2.827822,2.603357,0
4,6500,3.250000,29,1.5253817,0.94095465,1.3417242,1.3610745,-0.0014302019,-0.0070978785,0.005380262,0.10343281,0.063533377,-0.015458083,0.77924558,0.50868277,0.36608491,1.1959979,0.5783332,0
4,6500,3.250000,30,1.5253817,1.326609,0.95923069,1.3218574,-0.020093258,0.0062256265,-0.018654718,-0.29569319,-0.23720701,-0.14364838,-0.96066508,0.080914042,0.26566055,1.3019073,3.0575639,0
4,6500,3.250000,31,1.5253817,1.2962285,1.3319999,0.97702883,0.010329734,-0.0015961682,-0.011945861,-0.025589183,0.016096447,0.030806015,0.87552144,-0.37253245,-0.30770405,1.8835754,-0.40229222,0
5,6600,3.300000,0,1.5297883,0.20811295,0.1712909,0.14824799,-0.0061314234,0.011177453,-0.016465426,-0.014526605,-0.06326072,0.018573138,0.81686221,0.36136126,-0.44961559,2.0371313,0.41649679,0
5,6600,3.300000,1,1.5297883,0.207254,0.60689615,0.50985286,0.021659554,0.0021083979,-0.044345896,0.019665378,-0.096503108,-0.052188398,0.54542437,-0.8184711,-0.18060265,1.7523955,-0.98298239,0
5,6600,3.300000,2,1.5297883,0.55281883,0.21178272,0.57359174,-0.024161969,0.0029603494,0.0068950693,0.072606025,-0.043313451,-0.062372592,-0.57393007,0.6111889,-0.54502514,2.1472154,2.324766,0
5,6600,3.300000,3,1.5297883,0.59895335,0.56567827,0.16490792,0.011549983,-0.026571613,0.01792823,-0.17178164,0.15287005,0.11686797,0.62790275,-0.52769911,0.57207674,0.96176071,-0.6989033,0
5,6600,3.300000,4,1.5297883,0.18861706,0.14936602,0.93429115,0.0068525126,-0.016606956,-0.037506808,-0.21689973,0.28304218,-0.14584613,-0.068341636,0.24193005,0.96788392,0.2541239,1.846108,0
5,6600,3.300000,5,1.5297883,0.23645674,0.5493127,1.2977739,0.040398618,-0.013975963,-0.047884467,-0.13936993,0.032583999,0.13866379,-0.51144049,0.68889613,0.51366405,1.0313465,2.2094194,0
5,6600,3.300000,6,1.5297883,0.65921145,0.21133498,1.3815798,0.061421896,0.035674248,0.024984171,-0.070191329,-0.23745776,-0.018407212,0.63787513,-0.20329902,0.74282221,0.7335203,-0.30853494,0
5,6600,3.300000,7,1.5297883,0.54527331,0.55226391,0.91367723,0.030092492,-0.0098105474,0.016678808,-0.061743624,-0.0076195662,-0.043857673,0.1503099,-0.84880941,0.50688216,1.0392323,-1.3955301,0
5,6600,3.300000,8,1.5297883,0.14445985,0.9643102,0.18921508,-0.027498008,-0.0018272848,-2.0984363e-05,-0.072410688,0.044430541,-0.091011411,0.96639692,0.25197703,-0.050838676,1.6216569,0.25505981,0
5,6600,3.300000,9,1.5297883,0.20702408,1.3233235,0.54950067,-0.0089343792,-0.010733089,-0.012736896,-0.12362949,-0.10903752,-0.17721485,-0.40605947,-0.58372746,-0.70312016,2.3505723,-2.1785847,0
5,6600,3.300000,10,1.5297883,0.55696008,0.95452477,0.54516432,0.011099534,-0.028912191,0.036633172,-0.060160691,-0.06405909,0.00041692236,-0.042945069,-0.31448373,-0.94829094,2.8186037,-1.7065142,0
5,6600,3.300000,11,1.5297883,0.56633468,1.3509036,0.21077642,0.0011629703,0.0035671762,0.0098882832,0.073566258,0.061995298,0.1194758,-0.21130169,-0.49157566,-0.84481061,2.5770074,-1.9767642,0
5,6600,3.300000,12,1.5297883,0.16871664,1.020977,0.93217138,-0.027672104,0.025607188,0.0045550211,0.21432584,-0.042844266,-0.014218255,-0.42606383,0.13503584,-0.89455852,2.6782388,2.8346697,0
5,6600,3.300000,13,1.5297883,0.24980285,1.32538,1.3434126,0.0225263,-0.026417232,-0.026564966,0.30122198,0.14240474,0.075838987,0.84791019,0.2526502,-0.46606457,2.0556338,0.28959164,0
5,6600,3.300000,14,1.5297883,0.53287911,0.90996766,1.3338293,-0.019813692,-0.056263576,0.018793726,-0.31532867,-0.11773985,-0.072657795,0.10371868,-0.32552971,-0.93982596,2.7929169,-1.2623502,0
5,6600,3.300000,15,1.5297883,0.58608257,1.3603589,0.94432937,-0.023510496,0.05409657,-0.034597056,0.18068951,0.25029945,0.016951057,-0.3281442,-0.9087248,-0.25795469,1.831701,-1.9173289,0
5,6600,3.300000,16,1.5297883,0.98883706,0.16109983,0.25271608,0.022537623,-0.021625038,-0.0077361859,-0.13043356,0.0006702903,0.065730104,-0.60848636,-0.69061075,0.39089787,1.1691894,-2.293062,0
5,6600,3.300000,17,1.5297883,0.94833383,0.56879845,0.6027004,0.034525174,-0.011466589,0.048997015,0.28501205,-0.16752768,0.078642081,-0.88075895,-0.42615933,-0.20652336,1.7788167,-2.6909445,0
5,6600,3.300000,18,1.5297883,1.3216943,0.15087251,0.5938535,-0.076834824,0.023398577,0.029754044,-0.1633076,0.19402685,0.13359181,0.86122829,0.50772946,-0.022285098,1.5930833,0.53269363,0
5,6600,3.300000,19,1.5297883,1.3742934,0.55574979,0.21240856,0.015309981,0.0088092649,-0.0078829571,-0.1282685,0.088221024,-0.072704349,0.62894733,-0.51150172,-0.58548377,2.196273,-0.68277802,0
5,6600,3.300000,20,1.5297883,0.96329131,0.23520562,0.94847639,0.014618953,0.011962725,-0.038869027,0.40232692,-0.27567638,0.10394169,0.11552389,0.28156824,0.95256158,0.30925171,1.1814531,0
5,6600,3.300000,21,1.5297883,0.94422938,0.58826725,1.3936375,-0.069702486,-0.0014269209,0.039562204,0.17785425,-0.027471793,0.13848321,0.51770936,-0.47972644,0.70840636,0.78355859,-0.74733599,0
5,6600,3.300000,22,1.5297883,1.3426175,0.20781589,1.3513249,-0.023399572,0.0079042425,0.037109143,0.050319999,-0.22187002,0.11548141,-0.77044674,0.60731857,0.19384525,1.3757161,2.4740464,0
5,6600,3.300000,23,1.5297883,1.3772196,0.60660334,0.99429804,0.063201549,0.00061923198,0.012023683,-0.077649643,-0.16795356,-0.094962418,-0.91477119,-0.33678479,0.2230912,1.3458119,-2.7888296,0
5,6600,3.300000,24,1.5297883,0.96207677,0.95911367,0.22483307,0.017682844,0.027334137,0.070086552,0.24721388,0.097879263,0.010303896,-0.2424384,0.88508116,-0.39730964,1.9793796,1.838155,0
5,6600,3.300000,25,1.5297883,0.9224049,1.315481,0.60182022,-0.0017904204,0.0019120767,-0.0075208126,0.094755974,0.040551854,-0.13147781,-0.76358354,-0.33229097,-0.5536451,2.1575314,-2.731137,0
5,6600,3.300000,26,1.5297883,1.3241725,0.97230938,0.58576097,0.00082165373,0.004816443,0.0080465969,0.036587282,0.034569107,0.010595082,0.77880107,0.62627351,-0.035360825,1.6061645,0.6772668,0
5,6600,3.300000,27,1.5297883,1.3329924,1.3573121,0.15713599,0.011025419,0.020562673,-0.026869129,0.10710173,-0.043592733,0.061309709,-0.039228265,-0.53261571,0.8454476,0.5633936,-1.6443157,0
5,6600,3.300000,28,1.5297883,0.90512697,0.92895342,0.92166931,-0.051673978,-0.012127146,-0.041207941,-0.12162837,0.16190062,-0.059259907,-0.25029186,0.33466579,-0.90848929,2.7104511,2.2129431,0
5,6600,3.300000,29,1.5297883,0.94461191,1.3473447,1.3627603,-0.00049261682,-0.0053560209,0.0031372896,-0.081026415,0.020927026,-0.039549065,0.74070437,0.50490812,0.44319841,1.1116328,0.59831052,0
5,6600,3.300000,30,1.5297883,1.3167124,0.95468131,1.318552,-0.033802457,-0.0010843222,-0.025768513,-0.24036497,-0.082548515,-0.15828379,-0.99136424,0.12140392,-0.049578505,1.6203952,3.0197379,0
5,6600,3.300000,31,1.5297883,1.2984233,1.3391397,0.98214315,0.0087821021,0.001690831,-0.0096573712,-0.03827493,0.16045634,0.031127503,0.94989927,-0.20900151,-0.23239997,1.8053408,-0.21657407,0
6,6700,3.350000,0,1.5253647,0.20714225,0.17043784,0.15161394,-0.006500862,0.010819189,-0.012665292,-0.030106508,0.03798537,0.12300081,0.80452239,0.37784241,-0.45823448,2.0468042,0.43907262,0
6,6700,3.350000,1,1.5253647,0.20482373,0.60404765,0.50691302,0.01982594,0.0010132585,-0.045813529,-0.096157559,0.064852169,-0.015246109,0.49500904,-0.83834633,-0.2283451,1.8011739,-1.0374219,0
6,6700,3.350000,2,1.5253647,0.55539914,0.20542152,0.56876379,-0.019977029,-0.002796774,0.0037211648,0.099125468,-0.18415719,-0.036075106,-0.6813049,0.49539588,-0.53889383,2.1399197,2.512891,0
6,6700,3.350000,3,1.5253647,0.58765494,0.57060616,0.17200566,0.0019696794,-0.019998453,0.025513814,-0.24920048,0.062620365,0.16596502,0.63215814,-0.55251145,0.54323769,0.99650768,-0.71826804,0
6,6700,3.350000,4,1.5253647,0.17789794,0.15934421,0.92713447,-0.0033359456,-0.0061817553,-0.041968283,-0.17524605,0.17755383,-0.040478649,-0.31122275,0.40395004,0.86021205,0.53511097,2.2272566,0
6,6700,3.350000,5,1.5253647,0.22784681,0.54841012,1.3035763,0.032460952,-0.01328912,-0.038315477,-0.22131717,0.048360851,0.24970219,-0.4794401,0.67898046,0.55598806,0.9812451,2.1856163,0
6,6700,3.350000,6,1.5253647,0.65292614,0.19614079,1.3760046,0.057036465,0.021070026,0.023401675,-0.14691534,-0.27537378,-0.061672876,0.52418246,-0.28300153,0.80320787,0.63813544,-0.49504907,0
6,6700,3.350000,7,1.5253647,0.53991996,0.55367489,0.91080893,0.026310419,-0.0067982415,0.016452235,-0.095170634,0.081889717,-0.0053389649,0.31849177,-0.80715481,0.49705544,1.0505943,-1.1949661,0
6,6700,3.350000,8,1.5253647,0.13971189,0.9660287,0.18265883,-0.031834518,0.0026862177,-0.0060388067,-0.078129356,0.058821469,-0.19665088,0.96742291,0.25238211,-0.019904439,1.5907021,0.25519295,0
6,6700,3.350000,9,1.5253647,0.20202888,1.3188646,0.53757793,-0.013337311,-0.011366326,-0.023085642,-0.038184179,0.071223339,-0.29513417,-0.3396633,-0.37897413,-0.8608179,2.607671,-2.3015471,0
6,6700,3.350000,10,1.5253647,0.54935345,0.94873619,0.54082918,0.0050947618,-0.031944988,0.033870469,-0.13466261,-0.078158025,-0.082302295,-0.17608096,-0.29467053,-0.93923627,2.791195,-2.1094139,0
6,6700,3.350000,11,1.5253647,0.5692368,1.3506542,0.21583793,0.0057093249,0.0072294522,0.015567516,0.11960973,0.083792236,0.079706468,-0.23243808,-0.61582663,-0.75281478,2.4231243,-1.9317051,0
6,6700,3.350000,12,1.5253647,0.18097893,1.0140762,0.93057016,-0.014903453,0.021652973,0.0056509288,0.29625481,-0.10620101,0.036239155,-0.32602631,0.43378082,-0.83996491,2.5680149,2.2153157,0
6,6700,3.350000,13,1.5253647,0.25968449,1.3303599,1.3444191,0.033145669,-0.01759198,-0.021666693,0.104469,0.17242563,0.093031971,0.89304973,0.19284532,-0.40653766,1.9894575,0.21267462,0
6,6700,3.350000,14,1.5253647,0.51914617,0.90449922,1.3216596,-0.0320234,-0.059104799,0.01046889,-0.15181979,0.010649592,-0.19236432,-0.038248696,-0.33596778,-0.94109654,2.796655,-1.6841546,0
6,6700,3.350000,15,1.5253647,0.59433154,1.3678732,0.94359933,-0.013552351,0.065561235,-0.032593501,0.20286791,0.23152748,0.082544939,-0.49405209,-0.85670681,-0.14820926,1.7195536,-2.0938979,0
6,6700,3.350000,16,1.5253647,0.98129492,0.16120036,0.25463239,0.017848086,-0.021057838,-0.005085264,-0.07646721,0.047275362,0.033336439,-0.56283132,-0.70499014,0.43152034,1.1246189,-2.2445325,0
6,6700,3.350000,17,1.5253647,0.96001472,0.55775943,0.6010857,0.048969244,-0.020874445,0.049125318,0.270099,-0.18540356,-0.0097483905,-0.91509134,-0.37614515,-0.1453364,1.7166493,-2.7515998,0
6,6700,3.350000,18,1.5253647,1.3133956,0.16004592,0.59938303,-0.081318173,0.033022188,0.037011309,0.013115592,0.21137973,0.16997458,0.92262383,0.3842559,-0.033356766,1.6041593,0.39463347,0
6,6700,3.350000,19,1.5253647,1.3633909,0.55661369,0.20589954,0.008371492,0.011283797,-0.013786312,-0.15424137,0.074300433,-0.092274975,0.67775121,-0.36909665,-0.63594101,2.2600236,-0.49868031,0
6,6700,3.350000,20,1.5253647,0.97870595,0.21915061,0.95598469,0.032845511,-0.0034344399,-0.028603181,0.30790906,-0.30147428,0.31547289,0.18266166,0.54279127,0.8197636,0.60979822,1.246178,0
6,6700,3.350000,21,1.5253647,0.9521373,0.58607344,1.3956646,-0.059048733,-0.0019203734,0.045628001,0.23049784,-0.0078052185,0.083485746,0.64250493,-0.34467253,0.68438897,0.817031,-0.49238158,0
6,6700,3.350000,22,1.5253647,1.3377228,0.19713757,1.3503925,-0.024413282,-0.0021877513,0.040088694,-0.031043857,-0.18854171,-0.0359028,-0.78047704,0.59536154,-0.19078843,1.7627616,2.4899387,0
6,6700,3.350000,23,1.5253647,1.3698855,0.59813807,0.98498011,0.059845035,-0.0061016707,0.0055716043,-0.010768295,-0.13107208,-0.17110496,-0.80282351,-0.20457514,0.56002092,0.97638528,-2.8920831,0
6,6700,3.350000,24,1.5253647,0.97142309,0.96064592,0.22398604,0.029828763,0.031646077,0.069889385,0.24269987,0.10254605,-0.023499553,0.06014718,0.901347,-0.4289008,2.014072,1.5041648,0
6,6700,3.350000,25,1.5253647,0.92096296,1.3106979,0.58991747,-0.0005632891,0.00093156296,-0.017698034,-0.030674263,-0.12528457,-0.22724866,-0.64007614,-0.45658566,-0.61792562,2.2368979,-2.5219761,0
6,6700,3.350000,26,1.5253647,1.3202195,0.97286528,0.58279347,0.00069757763,0.0081888306,0.0067710701,-0.041501985,0.0035331384,-0.10200721,0.75180847,0.65651861,-0.061378553,1.6322135,0.7178394,0
6,6700,3.350000,27,1.5253647,1.3366718,1.3501625,0.16582767,0.01857033,0.017333313,-0.017709798,0.14104868,-0.14055006,0.3046533,-0.10461227,-0.66382685,0.74053372,0.73693211,-1.7271006,0
6,6700,3.350000,28,1.5253647,0.89882227,0.93201154,0.91980656,-0.055366695,-0.0063744742,-0.040404363,-0.06368277,0.066704454,0.022755118,-0.24111096,0.5409604,-0.80574646,2.5077311,1.9900762,0
6,6700,3.350000,29,1.5253647,0.93493486,1.3445358,1.3547612,-0.0074482205,-0.0042672267,-0.00092701364,-0.17441041,0.032545188,-0.11036658,0.66367562,0.54911674,0.5079424,1.0380019,0.69121883,0
6,6700,3.350000,30,1.5253647,1.3035184,0.94857797,1.3056929,-0.043202527,-0.0044318844,-0.034827895,-0.12067162,-0.018391612,-0.18535815,-0.93027984,0.13903578,-0.33948264,1.9171631,2.9932349,0
6,6700,3.350000,31,1.5253647,1.2939422,1.3408413,0.98089916,0.0080546458,0.0072729231,-0.0080590118,0.040600875,0.10221478,0.081884077,0.9817422,-0.012556108,-0.18980145,1.7617562,-0.01278892,0
7,6800,3.400000,0,1.5272373,0.21003929,0.17650056,0.15833233,-0.0038597414,0.016669084,-0.006137029,0.073383346,0.16803955,0.18595788,0.70931972,0.41491054,-0.56983751,2.1771044,0.52927348,0
7,6800,3.400000,1,1.5272373,0.19649415,0.61042345,0.50875741,0.011250169,0.0066440429,-0.044592197,-0.24134137,0.11527016,0.04421674,0.42507697,-0.80111353,-0.42133914,2.0057178,-1.0829635,0
7,6800,3.400000,2,1.5272373,0.56071908,0.19490755,0.56622406,-0.015341775,-0.013556336,0.00048518043,0.08552383,-0.20218073,-0.070753887,-0.77369523,0.34045965,-0.53430602,2.1344829,2.7270492,0
7,6800,3.400000,3,1.5272373,0.57775068,0.57247776,0.18284407,-0.0086495058,-0.018828072,0.036134545,-0.19472446,-0.023617392,0.22571002,0.61829473,-0.57696704,0.53368592,1.0078432,-0.75083566,0
7,6800,3.400000,4,1.5272373,0.17089053,0.17023444,0.93130058,-0.010557323,0.0045063041,-0.038942231,-0.082258609,0.23189672,0.11697245,-0.57215987,0.46564529,0.6751352,0.82964836,2.4584708,0
7,6800,3.400000,5,1.5272373,0.21392497,0.54980297,1.3180458,0.0182681,-0.01256997,-0.025454217,-0.38332321,-0.015298389,0.2318135,-0.41767087,0.70939055,0.56772889,0.96705193,2.1029207,0
7,6800,3.400000,6,1.5272373,0.64603434,0.18425551,1.3748189,0.049347816,0.0089513843,0.020528512,-0.196143,-0.18447614,-0.076470826,0.35538554,-0.27965248,0.89190561,0.46925464,-0.66670123,0
7,6800,3.400000,7,1.5272373,0.53528815,0.55766259,0.91070998,0.021019019,-0.0034922887,0.015235871,-0.11049588,0.015345259,-0.049902366,0.47894846,-0.72560555,0.49406979,1.0540317,-0.98737648,0
7,6800,3.400000,8,1.5272373,0.13819552,0.96759147,0.17181796,-0.033521369,0.0030628177,-0.017097127,0.034548515,-0.040559479,-0.27299625,0.97807175,0.20611191,-0.029891933,1.6006927,0.20769405,0
7,6800,3.400000,9,1.5272373,0.20275405,1.3268617,0.52355918,-0.012860445,-0.0049922432,-0.037755353,0.058543127,0.17505043,-0.31395431,-0.27154143,-0.21285364,-0.93859394,2.7893285,-2.4767637,0
7,6800,3.400000,10,1.5272373,0.53971403,0.94797151,0.53476377,-0.0052127477,-0.033873208,0.027145237,-0.17762127,-0.025834587,-0.21169294,-0.12825241,-0.23314061,-0.96394853,2.8722594,-2.0737221,0
7,6800,3.400000,11,1.5272373,0.57463887,1.3559121,0.21695512,0.010409685,0.010826964,0.016419211,0.084423599,0.034579045,-0.037840557,-0.14522781,-0.80736557,-0.57190009,2.1796166,-1.7487717,0
7,6800,3.400000,12,1.5272373,0.19630357,1.0086766,0.93735478,0.00018974287,0.015012477,0.011289676,0.22635929,-0.1675997,0.13199307,-0.17244306,0.61255846,-0.77138546,2.4518117,1.8452073,0
7,6800,3.400000,13,1.5272373,0.26542324,1.3410791,1.3510732,0.038562291,-0.0085115687,-0.016666118,0.094098978,0.17384602,0.098194585,0.88439369,0.24663476,-0.39625636,1.9782322,0.27196463,0
7,6800,3.400000,14,1.5272373,0.51677958,0.91039471,1.3132609,-0.03502547,-0.054322647,0.00045383573,0.022969472,0.14847511,-0.17868975,-0.080884851,-0.37732022,-0.92254382,2.7454178,-1.781967,0
7,6800,3.400000,15,1.5272373,0.60410562,1.3776701,0.9489899,-0.004513442,0.073673931,-0.028363944,0.12892061,0.11612679,0.053769807,-0.58177716,-0.80674324,-0.10344414,1.6744258,-2.1955717,0
7,6800,3.400000,16,1.5272373,0.97971216,0.16537174,0.25472246,0.015062357,-0.017086799,-0.0053076572,0.037530791,0.13896094,-0.0028867163,-0.5280733,-0.68758734,0.49835954,1.0490908,-2.2257239,0
7,6800,3.400000,17,1.5272373,0.97201081,0.54606407,0.60225699,0.05978014,-0.033246948,0.049558415,0.15043187,-0.26652281,0.023211801,-0.94463254,-0.29003838,-0.15345064,1.7248557,-2.8436913,0
7,6800,3.400000,18,1.5272373,1.3175257,0.1728239,0.60714989,-0.078801945,0.045595978,0.044038024,0.074512394,0.27896203,0.096503519,0.95880811,0.28151516,-0.037897575,1.608703,0.28558368,0
7,6800,3.400000,19,1.5272373,1.3597153,0.55902269,0.20071472,0.0030253855,0.013008416,-0.019220565,-0.13592882,-0.03744858,-0.070174659,0.70064743,-0.26378973,-0.66295412,2.2955541,-0.36008006,0
7,6800,3.400000,20,1.5272373,0.99106811,0.20491568,0.97302097,0.043999312,-0.017929521,-0.012750236,0.14970623,-0.26095892,0.32713552,0.25309756,0.76609425,0.5907971,0.93874989,1.2517116,0
7,6800,3.400000,21,1.5272373,0.96498902,0.58816269,1.3989213,-0.047373066,-0.00055145547,0.047170436,0.21521445,0.081125631,0.027909658,0.73944272,-0.17220064,0.65082363,0.86212757,-0.22880096,0
7,6800,3.400000,22,1.5272373,1.3411374,0.18849209,1.3455985,-0.022642087,-0.011069805,0.03364079,0.078093009,-0.15901599,-0.14346165,-0.73103718,0.47088163,-0.49381689,2.0872701,2.5693563,0
7,6800,3.400000,23,1.5272373,1.3711676,0.59362681,0.97767291,0.059445608,-0.011344018,-0.0029395868,-0.011796612,-0.10345532,-0.18201858,-0.57002465,-0.063132425,0.81919851,0.61078423,-3.0312883,0
7,6800,3.400000,24,1.5272373,0.98272986,0.96665998,0.21943742,0.039936768,0.036477834,0.065068748,0.17542226,0.029846957,-0.17811074,0.41601541,0.80693954,-0.41926097,2.0034275,1.0947885,0
7,6800,3.400000,25,1.5272373,0.92201629,1.3068095,0.58325852,-0.0006405311,-0.0045626123,-0.025076663,0.038838617,-0.10760728,-0.085929371,-0.53469995,-0.52118765,-0.66517622,2.2985261,-2.3689909,0
7,6800,3.400000,26,1.5272373,1.3174652,0.973766,0.58094705,-0.0036748597,0.0078953882,0.0042107604,-0.056977858,0.0054222276,-0.023678039,0.67992516,0.7283013,-0.085317083,1.6562173,0.81973719,0
7,6800,3.400000,27,1.5272373,1.3429478,1.3405657,0.18349625,0.023202503,0.0060858413,-0.00025550214,0.024115816,-0.21948628,0.40176347,-0.17504608,-0.74738056,0.64092212,0.87509737,-1.8008621,0
7,6800,3.400000,28,1.5272373,0.89669392,0.93310377,0.92550936,-0.058596503,-0.0064263894,-0.035833565,-0.067740334,-0.037941983,0.164478,-0.16776947,0.72386486,-0.6692332,2.3039727,1.7985442,0
7,6800,3.400000,29,1.5272373,0.9303619,1.3444187,1.3496628,-0.013165447,-0.0060339255,-0.0076845216,-0.073270436,-0.066461499,-0.10164293,0.57272472,0.58910253,0.57003912,0.96424286,0.79949383,0
7,6800,3.400000,30,1.5272373,1.2992963,0.95022206,1.297337,-0.049021383,-0.0039526034,-0.044780664,-0.091322513,0.054043148,-0.2146392,-0.82140504,0.20603821,-0.53182894,2.1315551,2.895827,0
7,6800,3.400000,31,1.5272373,1.2972969,1.349176,0.98712087,0.0098196836,0.013957447,-0.0030445783,0.051968705,0.18880749,0.071917537,0.96243055,0.21253661,-0.16898409,1.7405952,0.21734489,0
8,6900,3.450000,0,1.5241495,0.21450891,0.18538913,0.1698037,0.0010394898,0.025923863,0.0056664012,0.10281544,0.19931773,0.23360223,0.55989426,0.44951597,-0.69602716,2.3406458,0.67648162,0
8,6900,3.450000,1,1.5241495,0.1821397,0.61816509,0.51234649,-0.0027211524,0.015628933,-0.039969832,-0.30796233,0.17482239,0.087788719,0.43343087,-0.67522844,-0.59682849,2.2103389,-1.0001346,0
8,6900,3.450000,2,1.5241495,0.56149009,0.18756531,0.56675365,-0.013435167,-0.020511547,0.0021612629,0.0059443745,-0.1179867,0.073777146,-0.82747888,0.22849721,-0.51290128,2.1093574,2.8721701,0
8,6900,3.450000,3,1.5241495,0.57154778,0.57104614,0.18961331,-0.013689402,-0.019102524,0.043280687,-0.03072109,0.031024788,0.031310038,0.61417821,-0.59366844,0.51994511,1.0240096,-0.76841935,0
8,6900,3.450000,4,1.5241495,0.16919279,0.17879954,0.93662229,-0.01191092,0.013424606,-0.031730302,-0.010020111,0.1203794,0.18870141,-0.76287304,0.45917938,0.45516923,1.0982341,2.5997714,0
8,6900,3.450000,5,1.5241495,0.19069184,0.54615967,1.3240275,-0.004555609,-0.015104235,-0.016798902,-0.47737639,-0.029330319,0.15339978,-0.37603605,0.74469687,0.55138322,0.98677496,2.0383976,0
8,6900,3.450000,6,1.5241495,0.63520028,0.17747587,1.3685883,0.039810267,0.0025377813,0.017074034,-0.16152995,-0.009377389,-0.073519738,0.20778572,-0.2459836,0.94674028,0.32783934,-0.86937925,0
8,6900,3.450000,7,1.5241495,0.53211601,0.5540413,0.90495708,0.018927022,-0.0059886173,0.011320296,0.02301783,-0.10546334,-0.09050338,0.69218912,-0.59311354,0.41120621,1.1470194,-0.70846683,0
8,6900,3.450000,8,1.5241495,0.13949857,0.95977711,0.15625813,-0.031937306,-0.002801187,-0.032324981,0.038287012,-0.15651348,-0.32917474,0.99025603,0.10785702,-0.088090113,1.6590008,0.10849065,0
8,6900,3.450000,9,1.5241495,0.20766758,1.3333485,0.50774865,-0.0075315933,0.0041865785,-0.052522284,0.12069296,0.10314377,-0.25846778,-0.24610232,-0.1463441,-0.95813207,2.8512019,-2.6051182,0
8,6900,3.450000,10,1.5241495,0.52751982,0.94736963,0.52622725,-0.016327003,-0.032557127,0.019682356,-0.17477691,0.078787331,-0.1167173,0.035379915,-0.15009809,-0.98803787,2.9867633,-1.3393098,0
8,6900,3.450000,11,1.5241495,0.57848723,1.35303,0.21072673,0.015424933,0.010686192,0.010623601,0.11880334,-0.016997611,-0.15458054,-0.0087425239,-0.94153243,-0.33680892,1.9143221,-1.5800815,0
8,6900,3.450000,12,1.5241495,0.20357141,0.99580016,0.94049306,0.0078622451,0.0041644482,0.016328202,0.042952931,-0.28143295,0.056274638,0.065233929,0.7311203,-0.6791227,2.3173631,1.4818074,0
8,6900,3.450000,13,1.5241495,0.26759491,1.3477368,1.3546847,0.041273342,0.00086705114,-0.010316584,0.036466815,0.20242307,0.11593731,0.86108055,0.34537963,-0.37316644,1.953216,0.38145452,0
8,6900,3.450000,14,1.5241495,0.52204018,0.91519542,1.3046133,-0.028713658,-0.047674565,-0.0055446856,0.20908957,0.096935851,-0.049282233,0.004386502,-0.45843885,-0.88871513,2.6653313,-1.5612283,0
8,6900,3.450000,15,1.5241495,0.60673976,1.3789435,0.94653091,-0.00065401106,0.077736821,-0.028904799,0.028824673,0.028621034,-0.052407827,-0.63251515,-0.76046622,-0.14702284,1.7183541,-2.2645974,0
8,6900,3.450000,16,1.5241495,0.98140091,0.17449267,0.24902211,0.018735615,-0.0076219415,-0.010498265,0.1051,0.21451774,-0.13676663,-0.5004701,-0.64244038,0.58034475,0.95164437,-2.2326093,0
8,6900,3.450000,17,1.5241495,0.97782543,0.53501068,0.60149067,0.067567865,-0.043206383,0.050010204,0.12589265,-0.19631921,-0.030450782,-0.9464868,-0.20752824,-0.24717355,1.8205585,-2.9257467,0
8,6900,3.450000,18,1.5241495,1.3198157,0.18274893,0.60890607,-0.073843135,0.055880836,0.047024774,0.13835628,0.12315974,0.019105762,0.97393708,0.2194488,-0.057347902,1.6281757,0.22162027,0
8,6900,3.450000,19,1.5241495,1.3530746,0.55234597,0.19702925,-0.00087021634,0.0074563117,-0.022503549,-0.047206323,-0.22562103,-0.058439749,0.6911689,-0.22207673,-0.68772631,2.3291488,-0.3108872,0
8,6900,3.450000,20,1.5241495,0.99296591,0.1962807,0.98629832,0.047904819,-0.026158528,0.0025098147,0.034901753,-0.09994465,0.25243456,0.28873998,0.90591619,0.30975003,1.2558662,1.2622485,0
8,6900,3.450000,21,1.5241495,0.97161054,0.59080235,1.3966833,-0.038791836,0.0032812381,0.047761333,0.12085196,0.099433207,-0.023915864,0.80354078,0.0014790119,0.59524787,0.93322224,0.0018406163,0
8,6900,3.450000,22,1.5241495,1.3441237,0.18262338,1.334219,-0.016938441,-0.016562973,0.024973025,0.13684185,-0.082713866,-0.17259781,-0.66674282,0.28122066,-0.69019486,2.3325546,2.7424501,0
8,6900,3.450000,23,1.5241495,1.3688125,0.58784338,0.96636288,0.059863182,-0.015931895,-0.012282401,-0.028268255,-0.067802853,-0.16831797,-0.30584178,0.076431606,0.94900949,0.32071744,2.8967027,0
8,6900,3.450000,24,1.5241495,0.98807565,0.96150312,0.20887791,0.047276879,0.033272139,0.054942644,0.073150152,-0.10714751,-0.21851921,0.66793592,0.57526807,-0.47215278,2.0625276,0.71099622,0
8,6900,3.450000,25,1.5241495,0.921746,1.3004592,0.57900233,0.00095493838,-0.0082745189,-0.028156733,0.058724832,-0.03791779,-0.0081630327,-0.51970683,-0.60270346,-0.60551908,2.2212143,-2.2823838,0
8,6900,3.450000,26,1.5241495,1.3144812,0.97325562,0.57986916,-0.0039954973,0.0093552647,0.0043075391,-0.029110735,0.045832085,0.086042775,0.58405419,0.80931263,-0.062400019,1.6332369,0.9456763,0
8,6900,3.450000,27,1.5241495,1.3420608,1.3299595,0.20682302,0.025032491,-0.0018179555,0.023466264,0.061319967,-0.0075060994,0.46402098,-0.2586204,-0.77614079,0.57508343,0.9580902,-1.8924388,0
8,6900,3.450000,28,1.5241495,0.89065864,0.92684972,0.93363416,-0.062823114,-0.010798302,-0.025827429,-0.069119827,-0.091016148,0.23367736,-0.073786592,0.9074322,-0.41366936,1.9972771,1.6519314,0
8,6900,3.450000,29,1.5241495,0.92420114,1.3344845,1.3451474,-0.017449522,-0.013257214,-0.0094729328,-0.10399321,-0.22150801,0.0065024046,0.52000254,0.61109836,0.5967882,0.93130395,0.86576201,0
8,6900,3.450000,30,1.5241495,1.289475,0.95240088,1.2856097,-0.056223019,0.0001515353,-0.053894228,-0.16159398,0.16992306,-0.098199447,-0.71260088,0.34310371,-0.61194758,2.2293171,2.6928698,0
8,6900,3.450000,31,1.5241495,1.2955655,1.3551246,0.98732443,0.010712137,0.022642569,-0.00084301688,0.045386942,0.17348597,0.036533616,0.89095198,0.42757647,-0.15291479,1.7243134,0.44744656,0
9,7000,3.500000,0,1.5236956,0.21885226,0.19692864,0.17985582,0.0054473815,0.037520313,0.015770599,0.050046575,0.27796368,0.12858737,0.47929012,0.44021086,-0.75927293,2.4329915,0.74292322,0
9,7000,3.500000,1,1.5236956,0.16913301,0.62461191,0.51773163,-0.015675519,0.022260848,-0.03443128,-0.2242548,0.079420464,0.16047556,0.468986,-0.57294711,-0.6721486,2.3079032,-0.88484616,0
9,7000,3.500000,2,1.5236956,0.5602668,0.182544,0.5741622,-0.014491381,-0.025477735,0.0097397317,0.032952263,-0.049728481,0.28057131,-0.82344047,0.23877631,-0.51471513,2.1114717,2.8593592,0
9,7000,3.500000,3,1.5236956,0.57131554,0.57290824,0.18648794,-0.013751427,-0.017070053,0.040211332,0.015580092,0.043687096,-0.094850544,0.66669861,-0.57092128,0.47912614,1.0711375,-0.70816377,0
9,7000,3.500000,4,1.5236956,0.17101468,0.18457082,0.94634891,-0.010038364,0.01925001,-0.02172324,0.083044376,0.18925242,0.19861999,-0.8872405,0.39164732,0.24375537,1.3245602,2.7258952,0
9,7000,3.500000,5,1.5236956,0.16785732,0.54741106,1.3302718,-0.027336725,-0.013689975,-0.010159316,-0.44895281,0.04299232,0.072678611,-0.30895758,0.78886954,0.5312533,1.0107171,1.9440803,0
9,7000,3.500000,6,1.5236956,0.62906017,0.18182613,1.3599326,0.033858447,0.0069415633,0.0088247244,-0.12142306,0.23917436,-0.22475024,0.10464885,-0.18652666,0.97686049,0.21554257,-1.0595169,0
9,7000,3.500000,7,1.5236956,0.53057417,0.54791438,0.90257299,0.017543445,-0.011951416,0.0092054092,-0.05457995,-0.14708805,-0.033301161,0.86960967,-0.40633755,0.28047961,1.2865026,-0.43711781,0
9,7000,3.500000,8,1.5236956,0.14261877,0.94559547,0.14118577,-0.028775092,-0.01669905,-0.047353043,0.069598929,-0.34285173,-0.24570158,0.98663236,0.036053418,-0.15892368,1.7303967,0.036525645,0
9,7000,3.500000,9,1.5236956,0.21480557,1.3353113,0.49748996,-0.00033068825,0.0065467736,-0.062631265,0.13748098,-0.040039565,-0.12841735,-0.25737096,-0.14845507,-0.95484097,2.8399204,-2.6183965,0
9,7000,3.500000,10,1.5236956,0.51772365,0.95156816,0.52410613,-0.025967508,-0.028075779,0.017717665,-0.17387931,0.11695702,0.020599502,0.25635817,-0.042186679,-0.9656608,2.8787712,-0.16309969,0
9,7000,3.500000,11,1.5236956,0.58554574,1.3490274,0.19988293,0.022656814,0.0070859719,-0.00015904715,0.1937054,-0.14356872,-0.28668692,0.1315109,-0.97476424,-0.18038723,1.7521765,-1.4366905,0
9,7000,3.500000,12,1.5236956,0.20027495,0.98099263,0.9443177,0.0046259266,-0.010348672,0.020433555,-0.16403509,-0.33913433,0.12376625,0.34370986,0.78672395,-0.51276599,2.1091998,1.1589001,0
9,7000,3.500000,13,1.5236956,0.26735784,1.356572,1.3601955,0.041115946,0.010105048,-0.004401473,-0.066039244,0.16044553,0.17490334,0.83161235,0.38716363,-0.39815226,1.980298,0.43571621,0
9,7000,3.500000,14,1.5236956,0.53521631,0.918351,1.303276,-0.015380064,-0.044245906,-0.0064935616,0.3027164,0.034913206,-0.021169815,0.14594436,-0.58865312,-0.79510235,2.4899727,-1.3277675,0
9,7000,3.500000,15,1.5236956,0.60418549,1.3768278,0.94404649,-0.003027934,0.076031537,-0.031107642,-0.1114463,-0.13855644,-0.030074579,-0.58004042,-0.75513803,-0.30548266,1.8812416,-2.2257969,0
9,7000,3.500000,16,1.5236956,0.98736546,0.18356541,0.24258784,0.02499338,0.001504128,-0.016859313,0.1051592,0.20800621,-0.19890289,-0.45098203,-0.56473844,0.69114811,0.80771987,-2.2446635,0
9,7000,3.500000,17,1.5236956,0.98270128,0.52783086,0.59974585,0.072735705,-0.050227906,0.048444297,0.058370427,-0.07208812,-0.097266235,-0.92064972,-0.11087573,-0.37431359,1.9544528,-3.0217378,0
9,7000,3.500000,18,1.5236956,1.3252323,0.18543426,0.60657269,-0.068032685,0.058620997,0.044872423,0.14559986,-0.0088144304,-0.085811757,0.94938607,0.24719155,-0.19381027,1.7658409,0.2547145,0
9,7000,3.500000,19,1.5236956,1.3526284,0.5404022,0.19859712,-0.00091342391,-0.004324709,-0.020876755,0.030205345,-0.16707487,0.031138639,0.61367973,-0.32294407,-0.72048895,2.3753035,-0.48442017,0
9,7000,3.500000,20,1.5236956,0.99358107,0.19606039,0.99432707,0.048815849,-0.026320404,0.010833553,-0.022292046,0.12050748,0.079425567,0.22896864,0.97197688,0.053238108,1.517533,1.3394442,0
9,7000,3.500000,21,1.5236956,0.97246102,0.59408253,1.3918127,-0.037651822,0.0067378934,0.04330603,-0.043968445,0.026938214,-0.13668464,0.8108774,0.15061894,0.56550135,0.96975532,0.18365502,0
9,7000,3.500000,22,1.5236956,1.3505446,0.17570193,1.3305039,-0.010116256,-0.023431061,0.021654794,0.23527707,-0.14475657,0.089755512,-0.65298375,0.18452801,-0.73454859,2.3957975,2.866182,0
9,7000,3.500000,23,1.5236956,1.3635555,0.58689942,0.95867155,0.055013168,-0.016700892,-0.019687025,-0.11637958,-0.0055119698,-0.15204562,-0.081328984,0.16510386,0.98291725,0.18510329,2.0285007,0
9,7000,3.500000,24,1.5236956,0.99147809,0.9535767,0.19555402,0.050974141,0.025630936,0.041678995,0.091179037,-0.20137028,-0.2384601,0.75422559,0.31031683,-0.57865985,2.1878809,0.3903274,0
9,7000,3.500000,25,1.5236956,0.92705697,1.3010752,0.57663669,0.0065412569,-0.0072710166,-0.030350262,0.095119925,0.025952682,0.0021617873,-0.52313946,-0.6975216,-0.48968226,2.0825216,-2.2142958,0
9,7000,3.500000,26,1.5236956,1.313372,0.97677145,0.58592705,-0.0047133444,0.013161518,0.010539055,-0.021785342,0.11550079,0.18011384,0.52068381,0.85201593,0.054380335,1.5163892,1.0222406,0
9,7000,3.500000,27,1.5236956,1.3391645,1.3349762,0.22616791,0.022535588,0.0035956877,0.042875639,-0.18974844,0.20312681,0.30614471,-0.3698148,-0.72971659,0.57510931,0.95805857,-2.0398631,0
9,7000,3.500000,28,1.5236956,0.88769799,0.92266712,0.94293656,-0.065518911,-0.014705446,-0.01624555,-0.014642814,-0.095213486,0.19787294,-0.00049131573,0.99466606,-0.10314645,1.6741266,1.5712903,0
9,7000,3.500000,29,1.5236956,0.91927673,1.3217314,1.35015,-0.02209938,-0.025614727,-0.004068862,-0.13501446,-0.21953015,0.16193033,0.53962692,0.59274734,0.59787405,0.92995002,0.83227445,0
9,7000,3.500000,30,1.5236956,1.2822033,0.96257649,1.2812404,-0.063111753,0.010612355,-0.057881263,-0.071110051,0.1576761,-0.072100474,-0.64615986,0.42047081,-0.6369315,2.2613077,2.5647096,0
9,7000,3.500000,31,1.5236956,1.3045145,1.3623457,0.98577146,0.020048372,0.030268412,-0.0021021184,0.31173699,0.11630955,-0.10875371,0.7407986,0.6608954,-0.12014456,1.6912318,0.72845505,0
10,7100,3.550000,0,1.5143781,0.21727768,0.21018957,0.18602439,0.0052103773,0.052029981,0.023061356,-0.022635853,0.26010594,0.16902557,0.45791483,0.39259833,-0.79760928,2.4941175,0.70875204,0
10,7100,3.550000,1,1.5143781,0.16176991,0.62408343,0.5239716,-0.022023832,0.025562036,-0.024996405,-0.012880202,0.050512978,0.20469681,0.53996318,-0.49741854,-0.67898054,2.3171694,-0.74440958,0
10,7100,3.550000,2,1.5143781,0.55939672,0.18032357,0.58589942,-0.011927531,-0.02658529,0.025034912,0.057773738,-0.036264777,0.27016743,-0.8284019,0.31957507,-0.46002398,2.0488185,2.7734108,0
10,7100,3.550000,3,1.5143781,0.57075938,0.57248769,0.17585237,-0.010804912,-0.013977738,0.030686945,0.072536809,0.083086904,-0.2263911,0.76440004,-0.5131777,0.39030914,1.169829,-0.59123586,0
10,7100,3.550000,4,1.5143781,0.17804062,0.19397087,0.9474771,-0.0019418249,0.029811106,-0.014786783,0.23264639,0.17201002,0.12306986,-0.93416468,0.35683936,0.0014244165,1.5693719,2.7767099,0
10,7100,3.550000,5,1.5143781,0.15118392,0.54811381,1.3224721,-0.043031801,-0.0096272993,-0.0098232796,-0.19781462,0.092817312,-0.057909779,-0.25232288,0.86263615,0.43839712,1.1169818,1.8553602,0
10,7100,3.550000,6,1.5143781,0.61969336,0.19734243,1.3412342,0.028321402,0.023620896,-0.0015895349,-0.061416461,0.38012669,-0.21051764,0.10851962,-0.11490159,0.98743158,0.15871258,-0.81395514,0
10,7100,3.550000,7,1.5143781,0.52291692,0.5363362,0.89536142,0.013117129,-0.020204374,0.0075079345,-0.1281402,-0.12270187,-0.010480642,0.98947895,-0.13771721,0.04433255,1.5264492,-0.13829313,0
10,7100,3.550000,8,1.5143781,0.14586422,0.92652103,0.13280765,-0.024644846,-0.030031999,-0.05489092,0.077009536,-0.21868324,-0.046200179,0.9694409,-0.04799671,-0.24058399,1.8137638,-0.049469288,0
10,7100,3.550000,9,1.5143781,0.22331191,1.322993,0.48924104,0.0095194115,0.0023812261,-0.067854015,0.23990132,-0.16974084,-0.019772555,-0.27732911,-0.26639124,-0.92310577,2.7468766,-2.3763085,0
10,7100,3.550000,10,1.5143781,0.50907907,0.95230468,0.5212838,-0.031463018,-0.021500192,0.018101464,-0.066131014,0.098959942,0.0032044998,0.38743465,0.040034755,-0.92102748,2.7415066,0.10296748,0
10,7100,3.550000,11,1.5143781,0.5929835,1.3292602,0.18609758,0.033709121,-0.0044672458,-0.012760747,0.22572226,-0.31833363,-0.2219592,0.21532124,-0.96797353,-0.12908916,1.7002467,-1.3519147,0
10,7100,3.550000,12,1.5143781,0.19065064,0.95796602,0.94755977,-0.0037995263,-0.027428822,0.02947794,-0.19468826,-0.31918295,0.2154257,0.58980998,0.75409369,-0.28890639,1.8638806,0.90703831,0
10,7100,3.550000,13,1.5143781,0.26047058,1.3549975,1.3599577,0.035847441,0.01684671,0.0037033326,-0.14201138,0.15460927,0.16148045,0.7941506,0.37629514,-0.47720728,2.0682704,0.44249613,0
10,7100,3.550000,14,1.5143781,0.54465387,0.9109173,1.2961458,-0.0026305133,-0.046069415,-0.0056515706,0.22866749,-0.083623414,0.024494343,0.25016841,-0.76047996,-0.59923784,2.2133451,-1.2529858,0
10,7100,3.550000,15,1.5143781,0.59003985,1.3584918,0.93458508,-0.013511081,0.066084414,-0.034807484,-0.2082669,-0.18490773,-0.090817964,-0.50921931,-0.70308608,-0.49635236,2.0901883,-2.1976213,0
10,7100,3.550000,16,1.5143781,0.98441838,0.18932474,0.22842624,0.028093626,0.0084071432,-0.029576474,0.029875259,0.088002866,-0.33686961,-0.38899126,-0.49060068,0.77974148,0.67654352,-2.2411855,0
10,7100,3.550000,17,1.5143781,0.97796673,0.52347036,0.58911733,0.074014371,-0.051364168,0.041461848,-0.029930857,0.041764894,-0.19233662,-0.85163776,0.011363683,-0.52400762,2.1223459,3.1282501,0
10,7100,3.550000,18,1.5143781,1.3292818,0.18053674,0.5961981,-0.055841888,0.054845848,0.038186563,0.30155461,-0.13540015,-0.18202656,0.85240663,0.3208997,-0.41282723,1.9963523,0.36005283,0
10,7100,3.550000,19,1.5143781,1.3427931,0.52974266,0.19969778,-0.0024820701,-0.011702273,-0.018554539,-0.10680438,-0.14926373,0.094535197,0.46022359,-0.46411492,-0.75682996,2.4292457,-0.78960799,0
10,7100,3.550000,20,1.5143781,0.98257198,0.20172505,0.99147208,0.043867401,-0.019435706,0.014068868,-0.19549798,0.12104618,-0.031165641,0.13691911,0.97029899,-0.19943174,1.7715743,1.4306117,0
10,7100,3.550000,21,1.5143781,0.96037779,0.58851095,1.37392,-0.043807254,0.0047932072,0.033895502,-0.15310116,-0.087190731,-0.24108593,0.83942072,0.21101415,0.50084517,1.0462214,0.2462777,0
10,7100,3.550000,22,1.5143781,1.3568766,0.171457,1.3297313,0.0045193192,-0.026611313,0.029041019,0.30783402,-0.018587939,0.21437022,-0.68534372,0.27846266,-0.67287631,2.3088865,2.7556577,0
10,7100,3.550000,23,1.5143781,1.3482584,0.58325217,0.94588039,0.048032853,-0.016759391,-0.026637155,-0.17655205,0.035514468,-0.12320974,0.076648081,0.1640033,0.9834775,0.18203407,1.1336025,0
10,7100,3.550000,24,1.5143781,0.98662277,0.93871523,0.18383216,0.0521855,0.016572873,0.031120579,0.001403712,-0.15720741,-0.18431247,0.79735995,0.073132522,-0.59905654,2.2131186,0.091462433,0
10,7100,3.550000,25,1.5143781,0.9272925,1.2936365,0.57813498,0.012463979,-0.0067519816,-0.025310335,0.11469077,-0.0068405516,0.20281443,-0.49789606,-0.77760775,-0.38396055,1.9648781,-2.1403167,0
10,7100,3.550000,26,1.5143781,1.3028056,0.9766803,0.59372173,-0.0072561218,0.019061485,0.021951721,-0.074033355,0.12433543,0.25017448,0.49368491,0.82898406,0.26279392,1.3048796,1.03367,0
10,7100,3.550000,27,1.5143781,1.3172309,1.3400683,0.23766062,0.0087487354,0.01689202,0.055791001,-0.33876495,0.30883801,0.2152634,-0.47889023,-0.61000339,0.6313161,0.88754724,-2.2363619,0
10,7100,3.550000,28,1.5143781,0.88238889,0.9121444,0.94470044,-0.065399304,-0.019601007,-0.0086923805,0.0019951296,-0.050679276,0.11668871,0.058449046,0.98092103,0.18541207,1.3843051,1.5112808,0
10,7100,3.550000,29,1.5143781,0.9072939,1.304563,1.35125,-0.028480332,-0.03472861,0.0053161666,-0.12187045,-0.13202029,0.20549059,0.59609604,0.57357006,0.56186021,0.97416352,0.76614208,0
10,7100,3.550000,30,1.5143781,1.2717809,0.96111944,1.2713021,-0.065701318,0.015055153,-0.059991102,-0.038371118,0.072467781,0.0054665258,-0.63420711,0.49304133,-0.59555989,2.2087588,2.4807763,0
10,7100,3.550000,31,1.5143781,1.3134006,1.358432,0.96904526,0.03696358,0.034699199,-0.012833172,0.36071546,0.06336482,-0.31356882,0.65430363,0.75501447,-0.042894257,1.6137037,0.85673758,0
11,7200,3.600000,0,1.5192186,0.21719181,0.22179026,0.19338065,0.0044312477,0.062941406,0.029812241,0.061503286,0.18530796,0.10655915,0.48439982,0.26857353,-0.83260139,2.5545843,0.50625022,0
11,7200,3.600000,1,1.5192186,0.16239505,0.62508577,0.53640417,-0.021915941,0.024571145,-0.014255792,0.018787814,-0.09833442,0.18002266,0.62574283,-0.45328884,-0.63480322,2.2585502,-0.62691557,0
11,7200,3.600000,2,1.5192186,0.56638301,0.17792887,0.59772189,-0.0067375742,-0.029551644,0.034968756,0.15306847,-0.026351139,0.15667236,-0.86426051,0.373566,-0.33690089,1.9144197,2.7336076,0
11,7200,3.600000,3,1.5192186,0.57920495,0.57745477,0.16517054,-0.00419426,-0.010845558,0.01946093,0.17921499,0.024456973,-0.23031998,0.81666784,-0.44090007,0.37237182,1.189233,-0.49503792,0
11,7200,3.600000,4,1.5192186,0.1904708,0.20006818,0.95445899,0.0099003741,0.035279684,-0.010839704,0.19188993,0.02167426,0.05083543,-0.88602947,0.40093032,-0.23282325,1.805776,2.7166598,0
11,7200,3.600000,5,1.5192186,0.1456363,0.55447815,1.3231597,-0.049053063,-0.0050223018,-0.013357188,0.0078800426,0.11261661,-0.12999046,-0.21069374,0.92075907,0.32834567,1.2362447,1.7957495,0
11,7200,3.600000,6,1.5192186,0.61793987,0.21819573,1.3355271,0.024593074,0.043811193,-0.011567777,-0.069603124,0.36781734,-0.1550298,0.24221893,-0.058866762,0.96843415,0.25192592,-0.23840913,0
11,7200,3.600000,7,1.5192186,0.51963249,0.53313688,0.89865007,0.0081691397,-0.025110202,0.0079339714,-0.064357477,0.016471671,0.051101395,0.97965783,0.098013676,-0.175111,1.7468148,0.099717056,0
11,7200,3.600000,8,1.5192186,0.14754506,0.92507185,0.1348689,-0.02343218,-0.03443568,-0.053256788,-0.016695967,-0.026572951,0.14962412,0.93424165,-0.12735426,-0.33312674,1.9104141,-0.13548323,0
11,7200,3.600000,9,1.5192186,0.23260781,1.3171956,0.48871876,0.018087847,-0.0076289627,-0.06993678,0.15608761,-0.16686159,-0.065477908,-0.23913606,-0.38998197,-0.88922888,2.6664531,-2.1208636,0
11,7200,3.600000,10,1.5192186,0.51099635,0.95681475,0.52348132,-0.031173423,-0.020036399,0.018631903,0.027990657,-0.082316638,0.0064070276,0.40794405,0.048148574,-0.91173646,2.718288,0.11748388,0
11,7200,3.600000,11,1.5192186,0.60373596,1.3200496,0.17680936,0.042552063,-0.017905277,-0.02262807,0.10593363,-0.21303279,-0.14988019,0.21133638,-0.96832935,-0.13294815,1.7041393,-1.3559173,0
11,7200,3.600000,12,1.5192186,0.18049616,0.94451826,0.96240446,-0.014546257,-0.043912322,0.041275029,-0.21716453,-0.34289139,0.30416499,0.74019847,0.66558031,-0.095441414,1.6663832,0.73236834,0
11,7200,3.600000,13,1.5192186,0.25423462,1.3702563,1.3706305,0.028790173,0.027756957,0.010019055,-0.14024286,0.28046777,0.094506996,0.74420343,0.3058333,-0.59382426,2.2065999,0.38991358,0
11,7200,3.600000,14,1.5192186,0.55353074,0.91090944,1.3020064,0.0044940533,-0.048984277,-0.0039366542,0.030714438,-0.024583923,0.060920036,0.32213548,-0.91091587,-0.25780032,1.8315412,-1.2308832,0
11,7200,3.600000,15,1.5192186,0.58441558,1.3489261,0.93318847,-0.021009387,0.052198555,-0.03918442,-0.13608909,-0.35957824,-0.07674582,-0.49133803,-0.58191476,-0.64804487,2.2758108,-2.2719994,0
11,7200,3.600000,16,1.5192186,0.99136767,0.19411435,0.21428482,0.031890266,0.012584929,-0.044424338,0.055513417,0.092092745,-0.31786801,-0.35276226,-0.34214359,0.87091707,0.51373095,-2.371474,0
11,7200,3.600000,17,1.5192186,0.9746484,0.53111446,0.58393684,0.06758034,-0.045402794,0.034409563,-0.21736887,0.21274215,-0.15662261,-0.70861918,0.12638714,-0.69417947,2.3380757,2.9650917,0
11,7200,3.600000,18,1.5192186,1.3492261,0.17412722,0.58556391,-0.040171441,0.047870384,0.025666667,0.33897808,-0.11479031,-0.20887681,0.67353721,0.44315076,-0.59157843,2.2038115,0.58194053,0
11,7200,3.600000,19,1.5192186,1.3390532,0.52632599,0.20683799,-0.010501281,-0.01680407,-0.012063003,-0.15928034,-0.062471367,0.17238595,0.2968652,-0.62802212,-0.71934641,2.3736573,-1.1292274,0
11,7200,3.600000,20,1.5192186,0.97559182,0.20964824,0.99135736,0.033762674,-0.012168908,0.010790241,-0.22189266,0.14369757,-0.091046069,0.01744674,0.91473201,-0.40368423,1.9863365,1.5517256,0
11,7200,3.600000,21,1.5192186,0.95771653,0.58285937,1.3627324,-0.049529131,-0.002727488,0.018341157,-0.072936774,-0.14517685,-0.34313298,0.90430351,0.058313912,0.42288846,1.1341659,0.064395729,0
11,7200,3.600000,22,1.5192186,1.3747718,0.17016771,1.3458198,0.018055836,-0.028445723,0.040860299,0.21899103,-0.083407209,0.24723511,-0.71991942,0.4566512,-0.5226717,2.1207781,2.5763274,0
11,7200,3.600000,23,1.5192186,1.3438061,0.5864289,0.94515313,0.03928495,-0.015449049,-0.030381845,-0.21598264,0.0080204472,-0.055653154,0.069410788,0.11016188,0.99148702,0.13057634,1.0085524,0
11,7200,3.600000,24,1.5192186,0.99040744,0.93527541,0.18122863,0.052815522,0.010142812,0.027934531,0.015325996,-0.13772133,0.031995886,0.83493595,-0.050130462,-0.54805921,2.1508385,-0.059969095,0
11,7200,3.600000,25,1.5192186,0.93477682,1.2992484,0.59318625,0.016977098,-0.0052774045,-0.012128046,0.044474374,0.013854111,0.31828353,-0.42356636,-0.8361252,-0.34854869,1.9268186,-2.039696,0
11,7200,3.600000,26,1.5192186,1.3034556,0.98642803,0.60625156,-0.010764876,0.025676806,0.032566841,-0.091841518,0.11222813,0.17761841,0.50811842,0.73501017,0.44897185,1.105182,0.96592777,0
11,7200,3.600000,27,1.5192186,1.3037306,1.3587392,0.24632001,-0.0089337623,0.031256631,0.063678147,-0.36725402,0.26921638,0.070142114,-0.5796266,-0.40273815,0.70840313,0.78356317,-2.5343493,0
11,7200,3.600000,28,1.5192186,0.88549925,0.91444897,0.95127719,-0.06510987,-0.020211041,-0.0051409322,0.015804395,-0.0032771183,0.0073433019,0.078739424,0.89407417,0.44094386,1.1141463,1.4829548,0
11,7200,3.600000,29,1.5192186,0.90504482,1.3050063,1.3636366,-0.033621285,-0.038449293,0.013370813,-0.063641194,0.0048196544,0.0816641,0.67553731,0.51547114,0.52719906,1.0154954,0.65180317,0
11,7200,3.600000,30,1.5192186,1.2787186,0.96838679,1.2773216,-0.062833273,0.019243708,-0.058038308,0.1068157,0.03249637,0.045398049,-0.64340362,0.52062371,-0.56123323,2.1666714,2.4612845,0
11,7200,3.600000,31,1.5192186,1.332606,1.3628284,0.95585629,0.051946918,0.034753426,-0.029093648,0.32370421,-0.010719429,-0.31592989,0.64303436,0.76411714,0.051301095,1.5194727,0.87123488,0
12,7300,3.650000,0,1.5252899,0.22183047,0.23150192,0.19837362,0.0081944384,0.07174917,0.034024001,0.13451176,0.14543619,0.067801931,0.51311203,0.1645405,-0.84240279,2.5725233,0.31031212,0
12,7300,3.650000,1,1.5252899,0.16682069,0.6190087,0.54460741,-0.018146795,0.016013114,-0.0082082424,0.13620936,-0.22998202,0.12181403,0.67615448,-0.46006679,-0.57545953,2.1839623,-0.59746153,0
12,7300,3.650000,2,1.5252899,0.57721975,0.17773325,0.60577294,0.0018186763,-0.030456513,0.040619876,0.15532261,-0.03718517,0.064015207,-0.91777281,0.34291545,-0.20025498,1.7724145,2.784016,0
12,7300,3.650000,3,1.5252899,0.58861793,0.58218739,0.15619614,0.0028899137,-0.008425443,0.0098456336,0.11301011,0.023127772,-0.15683326,0.85328399,-0.35206381,0.38465246,1.175965,-0.39131987,0
12,7300,3.650000,4,1.5252899,0.20061009,0.19922661,0.9611478,0.019259816,0.033641856,-0.0079709114,0.14257599,-0.073106237,0.051221981,-0.69717879,0.56829433,-0.43701634,2.0230751,2.4576914,0
12,7300,3.650000,5,1.5252899,0.15004579,0.56379436,1.3223437,-0.04523319,0.0020639212,-0.019448707,0.18316537,0.14362945,-0.11629328,-0.27800019,0.94359666,0.17983667,1.3899759,1.8573079,0
12,7300,3.650000,6,1.5252899,0.61630544,0.23341894,1.3318923,0.020497352,0.058133864,-0.020521959,-0.081550241,0.1719808,-0.16156442,0.41251715,-0.051447259,0.9094959,0.4287265,-0.12407481,0
12,7300,3.650000,7,1.5252899,0.52136311,0.5416438,0.90549054,0.0078238513,-0.018746545,0.011176718,0.038558191,0.25422484,0.07663591,0.92990052,0.098837486,-0.35428261,1.9329431,0.10589067,0
12,7300,3.650000,8,1.5252899,0.14825673,0.9318895,0.14626812,-0.023310386,-0.031321094,-0.042418158,-0.0022450473,0.16515127,0.26647482,0.90107928,-0.17993827,-0.39456096,1.9763863,-0.19709933,0
12,7300,3.650000,9,1.5252899,0.23749137,1.3158002,0.4877252,0.022033975,-0.014274986,-0.072877536,0.008511758,-0.03256612,-0.053623079,-0.18569086,-0.49576828,-0.84837063,2.5836962,-1.9291739,0
12,7300,3.650000,10,1.5252899,0.51476624,0.95163921,0.52738076,-0.029449057,-0.029017736,0.020435764,0.051005067,-0.2830935,0.057363327,0.32533257,0.014693086,-0.9454855,2.8098785,0.045132612,0
12,7300,3.650000,11,1.5252899,0.60725419,1.3166727,0.17377691,0.043655385,-0.026540244,-0.026359658,-0.078718956,-0.1468029,-0.011217611,0.050787878,-0.96698713,-0.2497128,1.82318,-1.5183228,0
12,7300,3.650000,12,1.5252899,0.17236816,0.92947351,0.98017681,-0.02337796,-0.06269418,0.055173613,-0.13473789,-0.39104796,0.21356745,0.84418731,0.53352546,0.05194586,1.5188271,0.56361641,0
12,7300,3.650000,13,1.5252899,0.2505477,1.3860357,1.381731,0.02409662,0.038039937,0.015630944,-0.035574818,0.10184872,0.11197488,0.66003787,0.29614264,-0.69039811,2.3328355,0.4217517,0
12,7300,3.650000,14,1.5252899,0.55423445,0.91550189,1.3110038,0.0029887005,-0.048033977,-0.00014998128,-0.056170716,0.12781813,0.078757373,0.30087545,-0.9434048,0.13950393,1.4308359,-1.2620688,0
12,7300,3.650000,15,1.5252899,0.57998464,1.337203,0.93222175,-0.02776236,0.035118857,-0.04387108,-0.13904194,-0.28446722,-0.11294775,-0.47616369,-0.45425272,-0.75294263,2.4233185,-2.3797398,0
12,7300,3.650000,16,1.5252899,0.99335194,0.19988662,0.20079313,0.029916681,0.01757152,-0.058743823,-0.18408406,0.0619177,-0.29638957,-0.29052639,-0.1728778,0.94112044,0.34486696,-2.6048206,0
12,7300,3.650000,17,1.5252899,0.96391928,0.54728618,0.57679594,0.052985343,-0.031381526,0.024953935,-0.31198906,0.34520085,-0.23527209,-0.58512489,0.27091191,-0.76435307,2.4408337,2.707982,0
12,7300,3.650000,18,1.5252899,1.3679801,0.17029525,0.57687814,-0.026835964,0.043351566,0.014662753,0.18940222,-0.067225216,-0.18148863,0.51393221,0.54065613,-0.66600648,2.2996386,0.81073335,0
12,7300,3.650000,19,1.5252899,1.3349634,0.52759999,0.21654903,-0.019923586,-0.017631776,-0.0031962273,-0.15710668,0.06202134,0.18770302,0.20326306,-0.70248629,-0.68205362,2.3213635,-1.2891404,0
12,7300,3.650000,20,1.5252899,0.97149209,0.21637016,0.99246071,0.025780123,-0.0062965038,0.0079375288,-0.071235375,0.077573066,-0.0307139,-0.09416351,0.84816941,-0.52128868,2.1191567,1.6813632,0
12,7300,3.650000,21,1.5252899,0.96096341,0.57720215,1.3479774,-0.050108406,-0.010698091,-0.0018195409,0.057254436,-0.13118216,-0.43988995,0.92039744,-0.193612,0.33968065,1.224219,-0.20733404,0
12,7300,3.650000,22,1.5252899,1.389625,0.1702001,1.3589134,0.027396468,-0.029092082,0.048560229,0.085307299,0.021052605,0.055829952,-0.70691637,0.63326883,-0.31502356,1.8912778,2.4110925,0
12,7300,3.650000,23,1.5252899,1.3363879,0.58585142,0.94883136,0.026521993,-0.018364265,-0.030480525,-0.25716866,-0.1501525,0.040931287,-0.049502615,0.010769716,0.99871593,0.050682288,2.9273723,0
12,7300,3.650000,24,1.5252899,0.99591265,0.9336466,0.18530736,0.054359696,0.004787049,0.031282347,-0.00058799522,-0.086907194,0.12068,0.86540835,-0.12042429,-0.48638089,2.0787392,-0.13826527,0
12,7300,3.650000,25,1.5252899,0.93924985,1.3049143,0.61346384,0.017713025,-0.0048046024,0.0057433616,0.021000702,0.020393559,0.38040261,-0.32020132,-0.88405425,-0.34046908,1.9182121,-1.918295,0
12,7300,3.650000,26,1.5252899,1.3046234,0.99346708,0.61571508,-0.014797987,0.028767638,0.039593591,-0.12128212,-0.054136254,0.081011232,0.62754739,0.55129514,0.54977991,0.9886956,0.72080415,0
12,7300,3.650000,27,1.5252899,1.2950882,1.3745413,0.24623842,-0.022758626,0.041608177,0.062614312,-0.22215427,0.12404569,-0.082099818,-0.6326265,-0.21947848,0.74270647,0.73369316,-2.8076535,0
12,7300,3.650000,28,1.5252899,0.88963403,0.92005983,0.95221528,-0.064514982,-0.018258475,-0.007998718,-0.0068980264,0.070321957,-0.13029534,0.027657053,0.74925141,0.66170795,0.84770186,1.5339002,0
12,7300,3.650000,29,1.5252899,0.91154877,1.3096732,1.3716373,-0.030739902,-0.03899645,0.015916891,0.1718216,0.0068560421,0.047594084,0.72200046,0.45134351,0.5244086,1.0187759,0.55869216,0
12,7300,3.650000,30,1.5252899,1.2892642,0.97375599,1.2866659,-0.057408659,0.020739965,-0.053807036,0.10514489,0.041422248,0.11095276,-0.69695205,0.50587201,-0.50828274,2.1039859,2.5137375,0
12,7300,3.650000,31,1.5252899,1.3523486,1.3665387,0.94787313,0.066335293,0.033020923,-0.040873196,0.26885906,-0.046716361,-0.12054612,0.70677653,0.6905061,0.15384495,1.4163379,0.77375435,0
13,7400,3.700000,0,1.530933,0.23077073,0.23696177,0.1975488,0.016299034,0.076344043,0.032468138,0.15864263,0.056602933,-0.12829152,0.51891788,0.11710608,-0.84676466,2.58067,0.22195552,0
13,7400,3.700000,1,1.530933,0.17469672,0.61077613,0.55001482,-0.01090133,0.0055097998,-0.0048219593,0.21047477,-0.18025782,0.042624176,0.73728168,-0.43892266,-0.51357825,2.1101462,-0.53697535,0
13,7400,3.700000,2,1.530933,0.58958433,0.17520946,0.60748572,0.012028867,-0.033632002,0.040092454,0.19843838,-0.13062355,-0.05230026,-0.95680479,0.28355443,-0.064198738,1.6350392,2.8534827,0
13,7400,3.700000,3,1.530933,0.59387941,0.5794093,0.15159294,0.0059680038,-0.013348352,0.0046741045,0.083967987,-0.21011092,-0.043372266,0.89246051,-0.24940835,0.37591185,1.1854157,-0.27250928,0
13,7400,3.700000,4,1.530933,0.20468136,0.19548392,0.96404011,0.02258276,0.029170337,-0.0086333379,0.053803108,-0.098189697,-0.064685744,-0.43177347,0.7136097,-0.55166372,2.155154,2.1149248,0
13,7400,3.700000,5,1.530933,0.1621556,0.57319896,1.3246524,-0.0336998,0.0093691645,-0.022027524,0.27540192,0.091446588,0.046917491,-0.39443909,0.91889546,0.0069960463,1.5638002,1.9762642,0
13,7400,3.700000,6,1.530933,0.61345603,0.24393954,1.3295305,0.015377251,0.067773088,-0.027797852,-0.098043418,0.19922015,-0.15237187,0.59338029,-0.11145953,0.79716786,0.64820659,-0.18567472,0
13,7400,3.700000,7,1.530933,0.52549401,0.56049574,0.91054238,0.0100218,-0.0019295693,0.012875378,0.076153575,0.38287016,0.0055559515,0.87101717,-0.011107035,-0.491127,2.0841794,-0.012751106,0
13,7400,3.700000,8,1.530933,0.14624929,0.94397959,0.1626635,-0.025861622,-0.022694645,-0.026593141,-0.12643716,0.16896349,0.27567555,0.90831452,-0.15289084,-0.38934449,1.9707161,-0.16676047,0
13,7400,3.700000,9,1.530933,0.23446479,1.3251958,0.4887012,0.018135942,-0.0097558051,-0.073704446,-0.14812962,0.20924664,-0.011094818,-0.14417305,-0.5816627,-0.80055146,2.4990112,-1.8137633,0
13,7400,3.700000,10,1.530933,0.52244399,0.93723447,0.53693773,-0.023686426,-0.046910212,0.028027573,0.22177675,-0.3606062,0.25326961,0.12115612,-0.099274209,-0.98765674,2.9843111,-0.68645329,0
13,7400,3.700000,11,1.530933,0.60451524,1.3117573,0.17758587,0.038678975,-0.036308902,-0.023199447,-0.12559209,-0.21878886,0.12459379,-0.22090611,-0.90220881,-0.37043185,1.9502702,-1.8109224,0
13,7400,3.700000,12,1.530933,0.16636198,0.91805675,0.99293561,-0.030009604,-0.077522327,0.064289234,-0.11836878,-0.2446298,0.084468545,0.9400469,0.32850528,0.091630217,1.4790374,0.33619034,0
13,7400,3.700000,13,1.530933,0.25248409,1.393267,1.3953861,0.025104198,0.040139431,0.024158311,0.043061362,-0.037058388,0.2056108,0.49516171,0.36955778,-0.78628362,2.4755672,0.64115302,0
13,7400,3.700000,14,1.530933,0.55021605,0.92945144,1.3177869,-0.0030690131,-0.037490972,0.00177922,-0.14718785,0.26530533,0.0022733415,0.17662037,-0.87136514,0.45774233,1.0953421,-1.3708119,0
13,7400,3.700000,15,1.530933,0.57404128,1.3305026,0.93186808,-0.035836571,0.023492653,-0.047666683,-0.18611371,-0.16868459,-0.0070219057,-0.48583288,-0.36846139,-0.79259234,2.4858451,-2.4927297,0
13,7400,3.700000,16,1.530933,0.98366782,0.20540286,0.18800646,0.016582081,0.022339435,-0.072248424,-0.34777217,0.11551725,-0.23740067,-0.13850749,-0.033786461,0.9897849,0.1430562,-2.9023328,0
13,7400,3.700000,17,1.530933,0.94950985,0.56620255,0.56663575,0.035042836,-0.01452108,0.012682437,-0.40297394,0.31498642,-0.22643354,-0.48437012,0.46076523,-0.74369415,2.4093757,2.3811644,0
13,7400,3.700000,18,1.530933,1.3819344,0.17166804,0.57389626,-0.017959114,0.044092942,0.0095560317,0.19933557,0.014119454,-0.023621776,0.40054243,0.64138567,-0.65436243,2.2841355,1.0125599,0
13,7400,3.700000,19,1.530933,1.3368024,0.53744331,0.22545543,-0.023017768,-0.0097549538,0.0048940687,-0.0104408,0.23004873,0.11669345,0.2064769,-0.72882352,-0.65282737,2.2821073,-1.2947286,0
13,7400,3.700000,20,1.530933,0.97349915,0.21665817,0.99609941,0.024195884,-0.0068080583,0.0079044838,0.045415999,-0.086978302,0.065109067,-0.24320699,0.77547761,-0.58265327,2.1927859,1.8747032,0
13,7400,3.700000,21,1.530933,0.96950529,0.5742285,1.3319326,-0.045130995,-0.015797793,-0.022812701,0.098038187,-0.085727208,-0.40036747,0.854857,-0.45822346,0.24341482,1.3249113,-0.49204942,0
13,7400,3.700000,22,1.530933,1.3942393,0.17198575,1.3661489,0.026870489,-0.027938246,0.050764185,-0.13530725,0.052390529,0.05473059,-0.62642838,0.7520153,-0.20508652,1.7773484,2.2653376,0
13,7400,3.700000,23,1.530933,1.3253243,0.57654102,0.95348072,0.010543706,-0.029820981,-0.02934365,-0.36090401,-0.23203221,-0.022063539,-0.22862405,-0.12511141,0.96544196,0.26366242,-2.6408737,0
13,7400,3.700000,24,1.530933,0.99762866,0.93456462,0.1876074,0.052394767,0.0022555425,0.03289383,-0.088818057,-0.02568128,-0.02227113,0.90889654,-0.17403262,-0.37897194,1.9594814,-0.18918692,0
13,7400,3.700000,25,1.530933,0.94068317,1.3123578,0.63584203,0.015675168,-0.0021937371,0.025814861,-0.087358889,0.078276415,0.3971563,-0.3238139,-0.89281486,-0.31309134,1.8892426,-1.9187301,0
13,7400,3.700000,26,1.530933,1.3077993,0.99045723,0.61741706,-0.0164457,0.022094586,0.039018677,0.058835412,-0.16814964,-0.13393062,0.77323393,0.30193539,0.5576238,0.97927586,0.37227601,0
13,7400,3.700000,27,1.530933,1.2923129,1.3784448,0.23985295,-0.030311398,0.040428405,0.05533128,-0.12966063,-0.10366487,-0.22860636,-0.63726848,-0.084680265,0.76597529,0.69823928,-3.0094865,0
13,7400,3.700000,28,1.530933,0.89772055,0.92769709,0.94728149,-0.059728674,-0.014032956,-0.016439832,0.15812849,0.11494525,-0.16531099,-0.090912868,0.54502518,0.8334761,0.58542723,1.7360795,0
13,7400,3.700000,29,1.530933,0.92626513,1.3164962,1.377645,-0.019416895,-0.037022515,0.01684826,0.24981957,0.085459004,0.032681996,0.72376419,0.43408714,0.53640821,1.0046209,0.54024538,0
13,7400,3.700000,30,1.530933,1.3007042,0.97949579,1.2972047,-0.050750759,0.022873232,-0.048039089,0.16510845,0.033669931,0.10718163,-0.75878268,0.4812484,-0.43891778,2.0251902,2.5763782,0
13,7400,3.700000,31,1.530933,1.3712717,1.3697355,0.9509133,0.080229465,0.031165342,-0.041339008,0.24243397,-0.073025464,0.10530281,0.78671929,0.55363885,0.27305088,1.2942333,0.61322569,0
14,7500,3.750000,0,1.5313102,0.23972076,0.23773979,0.18997217,0.025191102,0.077063594,0.024843768,0.19259926,-0.051522725,-0.12709388,0.52356874,0.14777216,-0.83907041,2.5663686,0.27508486,0
14,7500,3.750000,1,1.5313102,0.18426596,0.60224669,0.55037604,-0.0013763065,-0.0031690708,-0.0045962983,0.19270829,-0.20792698,1.7196515e-05,0.76812918,-0.45987607,-0.44552391,2.0325557,-0.53946032,0
14,7500,3.750000,2,1.5313102,0.59704931,0.16913799,0.6068806,0.019347668,-0.039745888,0.039337735,0.15633956,-0.089671862,-0.016316989,-0.96252574,0.25892851,0.080623963,1.4900848,2.8788043,0
14,7500,3.750000,3,1.5313102,0.59857057,0.56862811,0.14958153,0.010512275,-0.024270963,0.0026255966,0.097988775,-0.19086452,-0.082308766,0.94870131,-0.17471954,0.26351263,1.3041346,-0.18212628,0
14,7500,3.750000,4,1.5313102,0.20889689,0.1907484,0.95916232,0.026747345,0.024387242,-0.013748031,0.080699346,-0.029861627,-0.12995009,-0.21111464,0.81184167,-0.5443746,2.1464397,1.8252057,0
14,7500,3.750000,5,1.5313102,0.17702664,0.57753419,1.3295036,-0.018870544,0.013562651,-0.01750327,0.32174162,0.065288148,0.1014808,-0.53133292,0.83635687,-0.13487962,1.7060883,2.1367642,0
14,7500,3.750000,6,1.5313102,0.6083093,0.24885026,1.3244939,0.010080015,0.072623106,-0.033161374,-0.15682682,0.048271754,-0.087923333,0.75647864,-0.23348245,0.61092226,0.91357134,-0.29936791,0
14,7500,3.750000,7,1.5313102,0.53055094,0.5799648,0.91036632,0.014948648,0.017398997,0.012475008,0.14047688,0.33764308,0.021445675,0.76650769,-0.13835674,-0.62715499,2.2486915,-0.17857986,0
14,7500,3.750000,8,1.5313102,0.13843357,0.95019441,0.17801693,-0.033712409,-0.016713151,-0.011281676,-0.17026991,0.06546263,0.31372883,0.93736007,-0.042745383,-0.34572956,1.9238125,-0.04557031,0
14,7500,3.750000,9,1.5313102,0.22440788,1.338738,0.48655719,0.0080225087,0.0034582165,-0.075968586,-0.26409251,0.30645551,-0.050866084,-0.17788271,-0.64542827,-0.74281902,2.4080676,-1.8397241,0
14,7500,3.750000,10,1.5313102,0.5341843,0.92302522,0.55020438,-0.012076274,-0.061348611,0.041160302,0.25502895,-0.26573612,0.21395188,-0.076382189,-0.2434406,-0.96690353,2.8835978,-1.8748297,0
14,7500,3.750000,11,1.5313102,0.59924039,1.3021807,0.18580279,0.033255839,-0.046207482,-0.015027297,-0.051777518,-0.20629059,0.24202471,-0.54444367,-0.71573598,-0.43738209,2.0234818,-2.2210956,0
14,7500,3.750000,12,1.5313102,0.15972256,0.91280723,0.99224743,-0.036689194,-0.082997384,0.063356508,-0.14208501,-0.015134803,-0.19387675,0.99484394,0.067818066,0.075407257,1.4953174,0.068064249,0
14,7500,3.750000,13,1.5313102,0.25509128,1.3873064,1.4068795,0.027648861,0.033836382,0.035306496,0.037720563,-0.18301208,0.22156433,0.36626432,0.46118367,-0.80818319,2.511857,0.8996123,0
14,7500,3.750000,14,1.5313102,0.54354373,0.94522775,1.318241,-0.0098760662,-0.021945591,0.0019085894,-0.10676619,0.38093529,0.046376726,0.049102833,-0.76498998,0.64216762,0.8734737,-1.5066967,0
14,7500,3.750000,15,1.5313102,0.56472689,1.3246998,0.93273667,-0.045291246,0.017362809,-0.04702778,-0.2222265,-0.071110099,0.040861076,-0.54731142,-0.2917552,-0.78442916,2.4725715,-2.6518405,0
14,7500,3.750000,16,1.5313102,0.96755463,0.21201196,0.17540732,0.0002285316,0.028897121,-0.084892333,-0.25271737,0.11876938,-0.21201442,-0.02907183,0.12210414,0.99209143,0.12584924,1.804535,0
14,7500,3.750000,17,1.5313102,0.93062629,0.58049246,0.55459357,0.015927673,-0.00037242587,0.00050213535,-0.38858869,0.31517916,-0.21036978,-0.39507474,0.67637027,-0.62164235,2.241634,2.0994502,0
14,7500,3.750000,18,1.5313102,1.3904183,0.17298671,0.57317879,-0.0098167414,0.045369157,0.0086972611,0.16908427,-0.01832902,-9.1622964e-05,0.26194444,0.7901994,-0.55404874,2.1580162,1.2507043,0
14,7500,3.750000,19,1.5313102,1.3363513,0.54859162,0.23115126,-0.023798225,0.0012595743,0.010533653,-0.021793074,0.26107668,0.076465189,0.28903618,-0.64566001,-0.70681061,2.3557757,-1.14989,0
14,7500,3.750000,20,1.5313102,0.97844585,0.21151794,1.0013021,0.028902135,-0.012001031,0.012861165,0.083385446,-0.14556137,0.13876567,-0.45545615,0.66281548,-0.59433604,2.2072361,2.1728485,0
14,7500,3.750000,21,1.5313102,0.97381758,0.57235235,1.3146891,-0.041058085,-0.017815188,-0.040382218,0.083902476,0.020621593,-0.22546458,0.69086739,-0.68319412,0.23653338,1.3319999,-0.77981385,0
14,7500,3.750000,22,1.5313102,1.3820518,0.17411511,1.3669207,0.014341016,-0.02585152,0.051199307,-0.30066734,0.032365275,-0.080182976,-0.47941865,0.87041887,-0.11193189,1.6829633,2.0742464,0
14,7500,3.750000,23,1.5313102,1.3079146,0.56391251,0.95196266,-0.0071903667,-0.04258997,-0.031096431,-0.31975892,-0.24793671,-0.05532909,-0.34877117,-0.16865009,0.92190879,0.39781728,-2.6911873,0
14,7500,3.750000,24,1.5313102,0.99375928,0.93748561,0.18534554,0.048280084,0.0049459191,0.030586026,-0.092370506,0.11169319,-0.11579841,0.93009591,-0.2511237,-0.26806435,1.8421796,-0.26370964,0
14,7500,3.750000,25,1.5313102,0.93694714,1.3150407,0.65327278,0.011707844,0.0001654565,0.043086814,-0.073526955,0.021326623,0.28481698,-0.41599156,-0.84153563,-0.34462849,1.9226393,-2.0298931,0
14,7500,3.750000,26,1.5313102,1.3111114,0.98227036,0.60994401,-0.013456229,0.013664714,0.031394439,0.066364414,-0.14250455,-0.17009366,0.87592556,0.16094954,0.45480728,1.0986405,0.1817209,0
14,7500,3.750000,27,1.5313102,1.2877646,1.3692585,0.231521,-0.035177536,0.030903704,0.046941265,-0.071979645,-0.24367394,-0.070211804,-0.63172197,-0.0042001278,0.77518367,0.68379055,-3.1349441,0
14,7500,3.750000,28,1.5313102,0.90729874,0.93318394,0.94112921,-0.050372833,-0.0087753405,-0.022824734,0.21413327,0.048679499,-0.098995861,-0.24207426,0.3637452,0.89949401,0.45218624,2.1579943,0
14,7500,3.750000,29,1.5313102,0.94211481,1.3233691,1.3781975,-0.0037973726,-0.030474803,0.017061279,0.27005193,0.14087065,-0.053210479,0.69989713,0.46484497,0.54227591,0.9976528,0.58626649,0
14,7500,3.750000,30,1.5313102,1.3090806,0.97825914,1.3014377,-0.042695921,0.021395412,-0.044126185,0.15030629,-0.073504497,0.064749307,-0.83584931,0.3727312,-0.40302281,1.9856137,2.7221276,0
14,7500,3.750000,31,1.5313102,1.3814809,1.3663838,0.95951672,0.090099592,0.027476551,-0.032970923,0.15026562,-0.10356353,0.2140386,0.84644268,0.35312851,0.39854115,1.1608707,0.39523805,0
15,7600,3.800000,0,1.5274622,0.24521072,0.22965917,0.18252244,0.031291132,0.069570956,0.017862637,0.13785928,-0.2429167,-0.14172219,0.50754713,0.19492829,-0.83928474,2.5667626,0.36668947,0
15,7600,3.800000,1,1.5274622,0.1925529,0.58903516,0.55253064,0.0073846875,-0.014881956,-0.0010542088,0.23568171,-0.23441135,0.14559404,0.72240858,-0.58552739,-0.36780908,1.9474482,-0.6811234,0
15,7600,3.800000,2,1.5274622,0.60299396,0.16275777,0.60213397,0.026802011,-0.045708582,0.036112076,0.14453672,-0.15112339,-0.13314695,-0.96864462,0.15087693,0.19739236,1.3720991,2.9870734,0
15,7600,3.800000,3,1.5274622,0.60518313,0.56295704,0.14443935,0.018639205,-0.028518479,-0.0021467087,0.16589128,-0.0086051686,-0.10944289,0.97462183,-0.17458085,0.1401207,1.430213,-0.17724698,0
15,7600,3.800000,4,1.5274622,0.21065009,0.19202674,0.9497652,0.029028343,0.026147126,-0.020743685,0.039653861,0.074463717,-0.17499186,-0.090429594,0.8424888,-0.53106978,2.1306589,1.6777232,0
15,7600,3.800000,5,1.5274622,0.19205266,0.57793997,1.3327746,-0.0033801862,0.015422042,-0.010883035,0.29264002,0.02985852,0.17574754,-0.62556668,0.75502405,-0.19648161,1.7685646,2.2626983,0
15,7600,3.800000,6,1.5274622,0.60090352,0.24748151,1.3150066,0.0041954488,0.071878748,-0.039328146,-0.083678942,-0.08964912,-0.18230876,0.78408765,-0.48051598,0.39282433,1.1670955,-0.54980324,0
15,7600,3.800000,7,1.5274622,0.53662194,0.59469968,0.90969633,0.022362189,0.033611664,0.01409471,0.12093982,0.27511217,0.077304871,0.59528108,-0.23750851,-0.76761327,2.4459052,-0.37963149,0
15,7600,3.800000,8,1.5274622,0.130362,0.94878472,0.19296106,-0.041445848,-0.015733882,0.00412917,-0.15066606,-0.024379805,0.29573669,0.94750345,0.07216073,-0.31149645,1.8875638,0.07601207,0
15,7600,3.800000,9,1.5274622,0.2085367,1.3515218,0.4852307,-0.0073040443,0.019626492,-0.076072551,-0.31749746,0.31132778,0.022256959,-0.28203801,-0.67297727,-0.68378078,2.3237278,-1.9676505,0
15,7600,3.800000,10,1.5274622,0.54514351,0.91142706,0.55585124,0.00024077274,-0.070639001,0.048198616,0.20523177,-0.088063659,0.13521693,-0.19772064,-0.38794541,-0.90022492,2.6910821,-2.0421428,0
15,7600,3.800000,11,1.5274622,0.60111803,1.2875556,0.19916038,0.03664356,-0.057574662,-0.0011853855,0.18270901,-0.19733326,0.29732647,-0.72308597,-0.5579955,-0.40717037,1.9901502,-2.4843562,0
15,7600,3.800000,12,1.5274622,0.14851384,0.91469147,0.97784235,-0.047510158,-0.078814095,0.051429825,-0.28962282,0.13186532,-0.30477241,0.98823765,-0.13968261,0.062250344,1.5085057,-0.140415,0
15,7600,3.800000,13,1.5274622,0.25464445,1.3743794,1.4109767,0.027843287,0.024383637,0.042948692,-0.10800395,-0.13084942,0.089420682,0.40873877,0.48726592,-0.77168941,2.4522895,0.87281625,0
15,7600,3.800000,14,1.5274622,0.53930004,0.96280587,1.3189937,-0.012757519,-0.0019670893,0.0059789665,-0.017152839,0.36802156,0.051489319,0.02896639,-0.61768514,0.78589186,0.66665922,-1.5239356,0
15,7600,3.800000,15,1.5274622,0.54556812,1.31758,0.93506692,-0.063053262,0.013567083,-0.042347781,-0.37472933,-0.099121095,0.10941367,-0.5994275,-0.35453643,-0.71762845,2.3711873,-2.6074774,0
15,7600,3.800000,16,1.5274622,0.95793067,0.21556551,0.16739978,-0.006973133,0.032988579,-0.092468624,-0.038353969,0.079387261,-0.1265023,0.02292887,0.31557369,0.94862401,0.32193798,1.498266,0
15,7600,3.800000,17,1.5274622,0.91064208,0.59443851,0.54593617,-0.0017401976,0.015051741,-0.0067707818,-0.3335904,0.29115814,-0.091825735,-0.27899866,0.8368419,-0.47101527,2.0612377,1.8926021,0
15,7600,3.800000,18,1.5274622,1.392113,0.17054833,0.57160381,-0.0046215458,0.043362955,0.0085624444,0.098784055,-0.061477695,0.031067628,0.15641385,0.90591189,-0.39352046,1.9752542,1.399823,0
15,7600,3.800000,19,1.5274622,1.3337759,0.55988522,0.23262174,-0.023014447,0.013947688,0.012587577,0.042495575,0.24349354,0.039200536,0.38142421,-0.45477516,-0.80479508,2.5061265,-0.87289365,0
15,7600,3.800000,20,1.5274622,0.97933983,0.20334984,1.0031257,0.032259055,-0.019647235,0.017206347,0.03782138,-0.15775172,0.011060487,-0.65327355,0.48969407,-0.57743691,2.1863822,2.4983474,0
15,7600,3.800000,21,1.5274622,0.97201604,0.57114039,1.3076812,-0.040411725,-0.017588606,-0.044091055,-0.051485252,-0.0071782609,0.057374432,0.50409553,-0.7977058,0.33098814,1.2334458,-1.007228,0
15,7600,3.800000,22,1.5274622,1.3645356,0.17570926,1.3586703,0.0002800454,-0.023817281,0.046377732,-0.23410726,0.064124213,-0.081757585,-0.22042501,0.97247911,-0.075479828,1.646348,1.7936931,0
15,7600,3.800000,23,1.5274622,1.2916659,0.55065126,0.94326225,-0.020168757,-0.054449094,-0.037412613,-0.15489147,-0.19325632,-0.22541146,-0.35435795,-0.20754302,0.91178744,0.4231805,-2.6117635,0
15,7600,3.800000,24,1.5274622,0.98655597,0.94313135,0.17718997,0.043568044,0.012957539,0.022886525,-0.1669432,0.19762931,-0.2113684,0.93836381,-0.29243412,-0.18427059,1.756126,-0.30210354,0
15,7600,3.800000,25,1.5274622,0.93122768,1.3151848,0.65956137,0.0083385894,0.0036185252,0.051026993,-0.088601756,0.094205726,0.082868391,-0.52899107,-0.72211007,-0.44578637,2.0328489,-2.203044,0
15,7600,3.800000,26,1.5274622,1.3133603,0.97391924,0.59757292,-0.0079056892,0.0077745163,0.020542412,0.13909761,-0.12192211,-0.23887574,0.93318833,0.15548712,0.32401125,1.2408299,0.16510252,0
15,7600,3.800000,27,1.5274622,1.2821143,1.3530808,0.23045614,-0.037594901,0.018150772,0.046457577,-0.10832342,-0.25668943,0.07302196,-0.62757909,-0.014326957,0.77842098,0.67864984,-3.1187677,0
15,7600,3.800000,28,1.5274622,0.91595119,0.93206564,0.93510946,-0.039426673,-0.0075471012,-0.026484138,0.25195903,0.015546926,-0.0071177627,-0.45984018,0.3284351,0.82503175,0.60053794,2.5213751,0
15,7600,3.800000,29,1.5274622,0.9522434,1.3265051,1.3725909,0.0087143881,-0.024005149,0.014915259,0.19482652,0.097540518,-0.081643951,0.66932443,0.52353447,0.52717783,1.0155204,0.66378236,0
15,7600,3.800000,30,1.5274622,1.310893,0.97122777,1.3021449,-0.037587526,0.016816536,-0.040143627,0.046892633,-0.099421707,0.093117473,-0.85886963,0.15775,-0.48729652,2.0797875,2.9599456,0
15,7600,3.800000,31,1.5274622,1.3851465,1.3570005,0.96922674,0.097245721,0.021519347,-0.020834474,0.16254161,-0.1714239,0.31567357,0.85504776,0.030052168,0.51767769,1.0266619,0.035132309,0
16,7700,3.850000,0,1.5216012,0.24798669,0.21570978,0.17661138,0.035015157,0.056477624,0.012641896,0.031426943,-0.2544601,-0.13325166,0.49355072,0.15400852,-0.85597259,2.5982254,0.30246749,0
16,7700,3.850000,1,1.5216012,0.20227638,0.57494635,0.55909349,0.017867166,-0.026733361,0.007645485,0.21387733,-0.26652829,0.14165127,0.57923824,-0.7281527,-0.36643785,1.945974,-0.8988114,0
16,7700,3.850000,2,1.5216012,0.60940692,0.15424575,0.59360924,0.035545534,-0.053611274,0.029885821,0.20964665,-0.18226168,-0.13045714,-0.94205671,0.068014454,0.32848621,1.2360959,3.0695199,0
16,7700,3.850000,3,1.5216012,0.60887313,0.56583366,0.14060882,0.024662931,-0.023472035,-0.0054293132,0.063025124,0.17932451,-0.036625273,0.98555524,-0.16189516,-0.049707478,1.6205243,-0.16281391,0
16,7700,3.850000,4,1.5216012,0.21102936,0.19799676,0.93564095,0.030218193,0.032866891,-0.031243773,0.013620189,0.11487908,-0.17822742,-0.0057836273,0.85323159,-0.52150015,2.1194045,1.5775747,0
16,7700,3.850000,5,1.5216012,0.20031016,0.5796268,1.3346855,0.0056315552,0.019334009,-0.0038446345,0.095456931,0.16020164,0.15194015,-0.72919333,0.66148296,-0.17526373,1.74697,2.4048449,0
16,7700,3.850000,6,1.5216012,0.59790887,0.24221547,1.2975577,0.0035051999,0.067554008,-0.051755175,-0.0021600134,-0.13294606,-0.30468326,0.63934878,-0.72943966,0.2432096,1.3251229,-0.85112134,0
16,7700,3.850000,7,1.5216012,0.54656719,0.59932132,0.91572972,0.034389631,0.040528522,0.023637034,0.28218884,0.048009316,0.26988564,0.33139817,-0.41647859,-0.84659367,2.5803487,-0.89867379,0
16,7700,3.850000,8,1.5216012,0.12122988,0.94085165,0.20714108,-0.050094373,-0.020034637,0.019078347,-0.1729991,-0.11278483,0.27712276,0.94888628,0.061940331,-0.30948057,1.8854431,0.065184395,0
16,7700,3.850000,9,1.5216012,0.19331334,1.3605248,0.4835252,-0.021755005,0.033842744,-0.075915869,-0.22774683,0.2793624,0.06529189,-0.46938873,-0.61411759,-0.63445551,2.2581002,-2.223406,0
16,7700,3.850000,10,1.5216012,0.54987094,0.90855743,0.55844893,0.0070731103,-0.070010186,0.052938282,0.045748604,0.11618949,0.037664442,-0.25547456,-0.47753428,-0.8406508,2.5692801,-2.0620401,0
16,7700,3.850000,11,1.5216012,0.61089734,1.2738763,0.21648053,0.048752706,-0.066330273,0.016933786,0.28691702,-0.15557725,0.38828394,-0.76745603,-0.54797652,-0.33276564,1.9100312,-2.5215212,0
16,7700,3.850000,12,1.5216012,0.13400943,0.91658912,0.95681967,-0.061471545,-0.073396273,0.034125969,-0.22599956,0.111731,-0.36130153,0.96570649,-0.25720638,0.035437905,1.535351,-0.2602975,0
16,7700,3.850000,13,1.5216012,0.2444644,1.3636294,1.4074604,0.018622616,0.018896713,0.044850067,-0.2344795,-0.098381169,-0.0011589876,0.50912224,0.46449077,-0.72459842,2.3812478,0.73958916,0
16,7700,3.850000,14,1.5216012,0.5347025,0.97622479,1.3155319,-0.015290579,0.015179168,0.0075813978,-0.063098236,0.27958038,0.01566661,0.056951625,-0.51555083,0.85496424,0.54531443,-1.4607749,0
16,7700,3.850000,15,1.5216012,0.52594295,1.308027,0.93547061,-0.080618793,0.0090610417,-0.038348455,-0.29698955,-0.060700745,0.053491665,-0.65273125,-0.5068523,-0.56306542,2.1688868,-2.4813399,0
16,7700,3.850000,16,1.5216012,0.95587306,0.21937825,0.16175603,-0.005351949,0.037637399,-0.097479677,0.041997175,0.035393058,0.014987474,0.047578462,0.54923902,0.83430977,0.58391674,1.4843859,0
16,7700,3.850000,17,1.5216012,0.89441763,0.60520362,0.54304126,-0.014494945,0.028122904,-0.007572423,-0.16440992,0.20916031,0.055722716,-0.070145529,0.92541118,-0.3724161,1.9524074,1.646451,0
16,7700,3.850000,18,1.5216012,1.3913431,0.1697185,0.57139597,-4.0940875e-05,0.043187192,0.010551727,0.062684338,-0.00363974,0.064220888,0.0087139896,0.96369593,-0.26685994,1.8409297,1.5617543,0
16,7700,3.850000,19,1.5216012,1.3305676,0.56839922,0.23405184,-0.021101323,0.024630556,0.014914741,0.020177882,0.16325217,0.060956546,0.42718989,-0.24418396,-0.87056475,2.6271452,-0.51927924,0
16,7700,3.850000,20,1.5216012,0.97554519,0.19230979,0.99738073,0.032222175,-0.02992677,0.015306827,-0.035443249,-0.24668187,-0.12555003,-0.74538,0.36758345,-0.55613943,2.1605297,2.6834408,0
16,7700,3.850000,21,1.5216012,0.960199,0.56979227,1.3108493,-0.048514609,-0.016743576,-0.035889469,-0.20342963,0.033425943,0.2249282,0.37815209,-0.77289497,0.50954328,1.0361424,-1.1157718,0
16,7700,3.850000,22,1.5216012,1.3495709,0.17750846,1.3495443,-0.0094674813,-0.021339105,0.042457539,-0.13963371,0.052704031,-0.089345224,0.1466485,0.98614781,-0.077503029,1.6483772,1.4231698,0
16,7700,3.850000,23,1.5216012,1.2827929,0.54203982,0.9234353,-0.024093048,-0.060960142,-0.053651387,-0.041710935,-0.006612722,-0.43361447,-0.23396024,-0.2456177,0.9407096,0.34608015,-2.3318915,0
16,7700,3.850000,24,1.5216012,0.97504683,0.94991944,0.16318218,0.035829547,0.023384562,0.0095329574,-0.14573894,0.21190992,-0.30543261,0.91169945,-0.35691984,-0.20350024,1.775728,-0.3731474,0
16,7700,3.850000,25,1.5216012,0.92484597,1.3162183,0.66228917,0.0055246821,0.0097101902,0.056295719,-0.01136224,0.12922249,0.071834612,-0.59805676,-0.54972378,-0.58320825,2.1934689,-2.3982796,0
16,7700,3.850000,26,1.5216012,1.3133586,0.96601824,0.58247196,-0.00285821,0.0036025174,0.0077097296,0.056507002,-0.026837817,-0.26238503,0.96314334,0.22229457,0.1514597,1.4187515,0.22682913,0
16,7700,3.850000,27,1.5216012,1.2733849,1.3347713,0.23333298,-0.041412045,0.0050078647,0.050225949,-0.02372219,-0.26187066,0.068303639,-0.59683759,-0.0030502734,0.80235627,0.63956364,-3.136482,0
16,7700,3.850000,28,1.5216012,0.92464016,0.92866592,0.93319377,-0.027199602,-0.0073700574,-0.024808495,0.13464276,-0.0031201183,0.099153287,-0.71117561,0.41265292,0.56916326,0.96530849,2.6158289,0
16,7700,3.850000,29,1.5216012,0.95944143,1.326826,1.3617,0.019587176,-0.018583917,0.0092802197,0.20701219,0.1164938,-0.20673897,0.65109184,0.58379473,0.48503931,1.0643882,0.73095542,0
16,7700,3.850000,30,1.5216012,1.3072888,0.96206684,1.3038739,-0.036158941,0.011371846,-0.033405244,0.012086982,-0.076283716,0.22475837,-0.75767414,-0.078927371,-0.64784286,2.2755456,-3.0377964,0
16,7700,3.850000,31,1.5216012,1.3878715,1.337991,0.97951274,0.10530113,0.0076902609,-0.0068024761,0.17122964,-0.31471221,0.24964846,0.79879758,-0.25770206,0.54361023,0.9960639,-0.31207095,0
17,7800,3.900000,0,1.5187093,0.24983523,0.20533977,0.16955992,0.037337212,0.046508099,0.0059196971,0.07042348,-0.14389624,-0.10003286,0.50544206,0.05194453,-0.86129559,2.6086104,0.10241096,0
17,7800,3.900000,1,1.5187093,0.21042105,0.56150071,0.56317428,0.026404383,-0.039098057,0.012793737,0.12836549,-0.20012055,0.064386496,0.4759056,-0.76568233,-0.4327175,2.0183012,-1.0146858,0
17,7800,3.900000,2,1.5187093,0.61653127,0.14636588,0.5880324,0.043835955,-0.061205216,0.025432914,0.082055323,-0.073132895,-0.098247796,-0.8914034,-0.0129765,0.45302492,1.1006408,-3.1270363,0
17,7800,3.900000,3,1.5187093,0.60848767,0.57513401,0.14112518,0.025435381,-0.013086429,-0.0046449838,-0.077716807,0.28610469,0.063176964,0.93153564,-0.15076553,-0.33092462,1.9080796,-0.16045489,0
17,7800,3.900000,4,1.5187093,0.20936486,0.20446886,0.92490272,0.028953547,0.039721804,-0.040212332,-0.04907185,0.087024957,-0.096532015,0.090564706,0.89839689,-0.42974534,2.0150071,1.4703287,0
17,7800,3.900000,5,1.5187093,0.20266628,0.59102361,1.3379666,0.0083709808,0.031844313,0.0019786108,1.3839474e-05,0.29854487,0.1331741,-0.82338314,0.55621803,-0.11252428,1.6835594,2.5474806,0
17,7800,3.900000,6,1.5187093,0.59868899,0.23138998,1.2812015,0.0054234794,0.05717899,-0.065658557,0.11272598,-0.28570214,-0.28195602,0.32323186,-0.91841284,0.22812063,1.3406494,-1.2323888,0
17,7800,3.900000,7,1.5187093,0.5588502,0.6015698,0.92922749,0.047724088,0.043919255,0.038889677,0.25178453,0.078223136,0.35286755,0.027130156,-0.61769253,-0.78595158,2.47503,-1.5269028,0
17,7800,3.900000,8,1.5187093,0.11723351,0.93163164,0.21438876,-0.05386393,-0.027473606,0.026726976,0.024358259,-0.16445387,0.062544135,0.94532894,-0.065460515,-0.31948101,1.8959781,-0.06913592,0
17,7800,3.900000,9,1.5187093,0.18619964,1.3677868,0.48585456,-0.028507727,0.043699822,-0.07266446,-0.03771502,0.099060076,0.037739598,-0.66654901,-0.46522449,-0.58247626,2.1925681,-2.5322372,0
17,7800,3.900000,10,1.5187093,0.54637483,0.91677472,0.55841701,0.0046197024,-0.060056694,0.053968681,-0.09145528,0.25800313,0.055868628,-0.30522318,-0.51968872,-0.79797396,2.4947224,-2.1018396,0
17,7800,3.900000,11,1.5187093,0.61991582,1.2686406,0.23788444,0.058941893,-0.069147627,0.038769895,0.095934093,0.079747061,0.42224955,-0.73896273,-0.6041958,-0.29813004,1.8735293,-2.4561956,0
17,7800,3.900000,12,1.5187093,0.12495367,0.91523216,0.93630179,-0.070280998,-0.073010864,0.015408742,-0.084352463,-0.15049131,-0.32437626,0.96682715,-0.25528949,0.0085165138,1.5622797,-0.25815668,0
17,7800,3.900000,13,1.5187093,0.2275281,1.3574998,1.3993562,0.0021352386,0.015355335,0.039415634,-0.37330981,-0.088040682,-0.1758078,0.58650617,0.46076143,-0.66611517,2.2997843,0.66590087,0
17,7800,3.900000,14,1.5187093,0.52933577,0.983613,1.315981,-0.019645239,0.024431522,0.010533495,-0.084681017,0.15023943,0.11720228,0.06427399,-0.45741714,0.88692639,0.4801484,-1.4311953,0
17,7800,3.900000,15,1.5187093,0.511264,1.3026165,0.93689841,-0.094311207,0.0061337162,-0.035139726,-0.2450851,-0.038963702,0.056631463,-0.64977174,-0.67185343,-0.35554136,1.9342895,-2.3394881,0
17,7800,3.900000,16,1.5187093,0.96158174,0.218843,0.16611712,0.0021805483,0.037518975,-0.092806725,0.17799106,-0.0083545821,0.13331632,0.12519201,0.70320089,0.69988246,0.7955634,1.3946106,0
17,7800,3.900000,17,1.5187093,0.89018985,0.60990792,0.54249926,-0.017025267,0.033982977,-0.0070818883,0.045690625,0.061008172,-0.075504697,0.23610662,0.91629434,-0.32350942,1.9002323,1.3186068,0
17,7800,3.900000,18,1.5187093,1.3857535,0.16998167,0.57738218,-0.0029891571,0.043773476,0.017630622,-0.18271585,0.035659896,0.24323534,-0.090271119,0.96943314,-0.2281458,1.8009692,1.663646,0
17,7800,3.900000,19,1.5187093,1.3327136,0.57156288,0.23602025,-0.016422091,0.028878507,0.017330271,0.091576897,0.025629287,0.012838751,0.45051314,-0.058295589,-0.89086449,2.670041,-0.12868316,0
17,7800,3.900000,20,1.5187093,0.97258754,0.18111336,0.98508126,0.031117515,-0.040768014,0.0048929965,-0.01922089,-0.17350867,-0.28252465,-0.72675635,0.31026212,-0.61283164,2.2304353,2.7381023,0
17,7800,3.900000,21,1.5187093,0.95154898,0.57001587,1.316855,-0.055346256,-0.015435831,-0.02738439,-0.067577749,0.031525081,0.081671764,0.42601432,-0.63469179,0.64473105,0.87012494,-0.97965185,0
17,7800,3.900000,22,1.5187093,1.3438536,0.18175716,1.344783,-0.012622938,-0.016748673,0.040259033,0.033265608,0.13113494,-0.0085961515,0.48888575,0.86803417,-0.086645297,1.6575504,1.0578675,0
17,7800,3.900000,23,1.5187093,1.2818359,0.54462916,0.89783025,-0.022610647,-0.057337205,-0.077524135,0.068787431,0.082026076,-0.49036243,0.014353941,-0.25596765,0.96657877,0.2592646,-1.5147778,0
17,7800,3.900000,24,1.5187093,0.96547305,0.95260712,0.1468499,0.028101513,0.027881863,-0.0065044491,-0.10530978,-0.047083056,-0.35617082,0.90621682,-0.36940144,-0.20570284,1.7779782,-0.38706687,0
17,7800,3.900000,25,1.5187093,0.92359764,1.3178757,0.66191843,0.0060345277,0.013873039,0.057184527,0.072004873,-0.017369055,-0.014965955,-0.598948,-0.40094378,-0.69318495,2.3366949,-2.5516909,0
17,7800,3.900000,26,1.5187093,1.3079269,0.96327047,0.57262073,-0.0057966212,0.0026898176,-0.0010428195,-0.14356223,0.00031709277,-0.027431055,0.94884634,0.31243575,0.045546991,1.5252336,0.31809778,0
17,7800,3.900000,27,1.5187093,1.2709589,1.3210685,0.23767987,-0.041417927,-0.006168843,0.05502085,-0.016600898,-0.17529232,0.090852094,-0.49135565,0.018942317,0.87075301,0.51406469,3.1030606,0
17,7800,3.900000,28,1.5187093,0.92681647,0.92653272,0.93790865,-0.023262255,-0.00773866,-0.018313876,-0.012234897,-0.0020492924,0.11836672,-0.8030228,0.54591251,0.23902701,1.3294326,2.5445378,0
17,7800,3.900000,29,1.5187093,0.96470849,1.3264793,1.3474414,0.026684425,-0.016406945,-0.0024015453,0.11114809,-0.031648255,-0.27722837,0.6609565,0.64698558,0.38019227,1.1807922,0.77471696,0
17,7800,3.900000,30,1.5187093,1.3079146,0.95805262,1.3147552,-0.033045658,0.0091839715,-0.02003314,0.11708607,-0.013313207,0.25383301,-0.56569028,-0.35124113,-0.7460725,2.4129404,-2.5859419,0
17,7800,3.900000,31,1.5187093,1.3935468,1.3244566,0.99321186,0.11362204,-0.00331178,0.0087730444,0.15089453,-0.10353828,0.34259164,0.74304343,-0.45376145,0.49192176,1.0565007,-0.54823515,0
18,7900,3.950000,0,1.5316677,0.25384651,0.20657389,0.16652657,0.039208817,0.045992343,0.001458529,0.054838265,0.089863368,-0.097020634,0.58719818,-0.044175894,-0.80823684,2.5119481,-0.075090208,0
18,7900,3.950000,1,1.5316677,0.21652278,0.55767496,0.56702801,0.030692487,-0.047678367,0.011846215,0.01652985,-0.15695672,-0.09136007,0.40950445,-0.74920582,-0.52057348,2.1183188,-1.070579,0
18,7900,3.950000,2,1.5316677,0.62495085,0.14597626,0.5875562,0.046981619,-0.06283678,0.019962572,0.08814914,0.0008657045,-0.10622467,-0.82388546,-0.11344596,0.55528619,0.98208928,-3.0047569,0
18,7900,3.950000,3,1.5316677,0.60755211,0.59303418,0.14725955,0.019333823,-0.0001485479,0.00026438457,-0.15535752,0.25310768,0.10031823,0.78749038,-0.13374565,-0.60164026,2.2163493,-0.16823253,0
18,7900,3.950000,4,1.5316677,0.20484762,0.20889909,0.9271033,0.022676567,0.042396045,-0.0458794,-0.15427684,0.010800772,-0.12326424,0.22757794,0.94602054,-0.23076704,1.8036623,1.3347187,0
18,7900,3.950000,5,1.5316677,0.20579151,0.6121299,1.3536884,0.0097610536,0.047839746,0.0062660065,0.067602515,0.31649743,0.026994725,-0.8853689,0.46413243,-0.02651406,1.5973135,2.6587535,0
18,7900,3.950000,6,1.5316677,0.60640276,0.21492238,1.2789245,0.0080179209,0.038815064,-0.0788115,0.0094394981,-0.42630975,-0.23739658,0.050161609,-0.94839307,0.31310446,1.2523362,-1.5179544,0
18,7900,3.950000,7,1.5316677,0.57697236,0.61034777,0.95633763,0.061021365,0.047548907,0.057990041,0.22053519,0.038089333,0.34759899,-0.18703715,-0.73069206,-0.6565868,2.2870808,-1.8213883,0
18,7900,3.950000,8,1.5316677,0.12223968,0.93536333,0.21537005,-0.049874998,-0.031673224,0.025882581,0.19309767,0.01435068,-0.076091099,0.93974409,-0.23054675,-0.2524465,1.8260041,-0.2405779,0
18,7900,3.950000,9,1.5316677,0.19373472,1.3785987,0.49200174,-0.022586553,0.042844715,-0.070671301,0.22944643,-0.11134409,0.0026706178,-0.81573997,-0.31973943,-0.48201141,2.0737453,-2.7680344,0
18,7900,3.950000,10,1.5316677,0.54702703,0.93781433,0.56401,0.00062692664,-0.046895383,0.054793475,-0.077379236,0.23157169,0.034590724,-0.34135309,-0.5736249,-0.74460227,2.4107351,-2.1075908,0
18,7900,3.950000,11,1.5316677,0.62388255,1.2874818,0.25612658,0.057624792,-0.061165041,0.054913704,-0.14694986,0.23543732,0.21897217,-0.70007514,-0.68365603,-0.20617768,1.7784634,-2.3680598,0
18,7900,3.950000,12,1.5316677,0.1252064,0.91148414,0.93003706,-0.071090995,-0.084519217,0.0012153162,0.06732239,-0.29100111,-0.21800429,0.98880332,-0.14692581,-0.026092204,1.5968915,-0.14751022,0
18,7900,3.950000,13,1.5316677,0.21023689,1.3611415,1.4011125,-0.017015994,0.0074477293,0.02927503,-0.40193971,-0.19921411,-0.1749526,0.63482702,0.46040975,-0.6204978,2.2401737,0.62747354,0
18,7900,3.950000,14,1.5316677,0.52980304,0.99680179,1.3361216,-0.023677397,0.02920734,0.019407757,-0.10517062,0.047099275,0.20547503,0.084324111,-0.38877956,0.91746384,0.40913861,-1.3572102,0
18,7900,3.950000,15,1.5316677,0.50674465,1.3146578,0.94580188,-0.10315535,0.0070564831,-0.034234178,-0.13358858,-0.023828185,-0.014835865,-0.61406255,-0.77162952,-0.16587667,1.7374433,-2.2429709,0
18,7900,3.950000,16,1.5316677,0.97898295,0.21783588,0.17581291,0.011338163,0.034656736,-0.084563348,0.14972201,-0.085852001,0.21320481,0.20070875,0.76634983,0.61026546,0.91440068,1.3146473,0
18,7900,3.950000,17,1.5316677,0.9032367,0.61601699,0.5437687,-0.011597021,0.034884182,-0.010427116,0.18267676,0.0012306372,-0.076182555,0.55994935,0.78075504,-0.27726934,1.8517472,0.94862668,0
18,7900,3.950000,18,1.5316677,1.38354,0.17533075,0.59628068,-0.016967139,0.047655693,0.031543505,-0.36964374,0.077112602,0.23922334,-0.0066616028,0.95757725,-0.2880997,1.8630381,1.5777529,0
18,7900,3.950000,19,1.5316677,1.3480577,0.57340692,0.2369192,-0.01246615,0.025858516,0.016220087,0.071636225,-0.06017601,-0.037939985,0.41630673,0.039770394,-0.90835402,2.7101276,0.095242435,0
18,7900,3.950000,20,1.5316677,0.98098913,0.17797815,0.97816379,0.031220075,-0.045428781,-0.010364856,-0.022055203,-0.008469999,-0.2572612,-0.61203416,0.33496443,-0.71638887,2.369409,2.6408271,0
18,7900,3.950000,21,1.5316677,0.96361482,0.5784389,1.3277355,-0.051416202,-0.011891514,-0.027738535,0.20779615,0.084959379,-0.030694675,0.58824527,-0.42626648,0.68721495,0.81314802,-0.62707266,0
18,7900,3.950000,22,1.5316677,1.3636998,0.19198302,1.3577234,-0.0042786378,-0.0081103593,0.0417188,0.31963077,0.23642946,0.064857971,0.75620824,0.64181853,-0.12735019,1.6984933,0.70375777,0
18,7900,3.950000,23,1.5316677,1.2951871,0.55434513,0.88374407,-0.020206929,-0.052289723,-0.099179062,0.009377453,0.093803665,-0.35545223,0.27527885,-0.20686823,0.93884348,0.35154015,-0.64445152,0
18,7900,3.950000,24,1.5316677,0.96905235,0.95259144,0.12962762,0.023462618,0.019772514,-0.024901565,-0.077695759,-0.26428713,-0.32185982,0.9253044,-0.35134908,-0.14270806,1.7139933,-0.36289523,0
18,7900,3.950000,25,1.5316677,0.93879639,1.326404,0.66574885,0.013321727,0.011168135,0.05537481,0.2357364,-0.14394799,-0.040758854,-0.58648904,-0.3348719,-0.73748994,2.4001425,-2.6227868,0
18,7900,3.950000,26,1.5316677,1.3037897,0.97385345,0.58192638,-0.021029015,0.0050437017,0.0033582439,-0.38131065,0.08543987,0.13269135,0.91743971,0.39752116,0.016772229,1.5540233,0.40887475,0
18,7900,3.950000,27,1.5316677,1.2798056,1.3268212,0.24468675,-0.043407225,-0.011664777,0.059978669,-0.12401894,-0.081988184,0.075905372,-0.41512132,0.059830331,0.90779658,0.43279612,2.998451,0
18,7900,3.950000,28,1.5316677,0.93237928,0.93790541,0.95600332,-0.025597586,-0.004286274,-0.0082646017,-0.092882561,0.15512019,0.24258619,-0.76301214,0.6449213,-0.043462481,1.6142725,2.4398739,0
18,7900,3.950000,29,1.5316677,0.97469417,1.3289495,1.3461534,0.028431306,-0.025217428,-0.015132437,0.019388412,-0.26673182,-0.19963773,0.73092869,0.64372931,0.22661824,1.3421921,0.72204953,0
18,7900,3.950000,30,1.5316677,1.3246971,0.96499697,1.3356503,-0.027446704,0.0079589395,-0.010397129,0.11023595,0.019629916,0.11865166,-0.3636813,-0.59704019,-0.71503771,2.3674744,-2.1179096,0
18,7900,3.950000,31,1.5316677,1.40986,1.3363623,1.0216657,0.11802602,-0.0027095262,0.028667751,0.032599056,0.13021135,0.44042717,0.76251658,-0.46094642,0.45397892,1.0995704,-0.54372669,0
19,8000,4.000000,0,1.5287099,0.25873362,0.21037337,0.16001112,0.044591337,0.050194807,-0.0047413315,0.10606564,0.075973572,-0.16119741,0.73473864,-0.17743359,-0.65473388,2.2846268,-0.23695536,0
19,8000,4.000000,1,1.5287099,0.21512061,0.54858358,0.55985596,0.029707493,-0.055700564,0.0057632728,-0.016418779,-0.16444394,-0.15932764,0.43025804,-0.69120908,-0.58061004,2.1902741,-1.0140172,0
19,8000,4.000000,2,1.5287099,0.62824393,0.15009301,0.57903532,0.051485906,-0.058433876,0.012569183,0.042534941,0.18066527,-0.18446121,-0.72961162,-0.19620537,0.65511094,0.85646688,-2.87889,0
19,8000,4.000000,3,1.5287099,0.59504509,0.60415151,0.15627248,0.0079890815,0.012125855,0.0095706866,-0.26153535,0.16274319,0.21819887,0.57234454,-0.20063463,-0.7950896,2.4899516,-0.33716354,0
19,8000,4.000000,4,1.5287099,0.19478231,0.20625661,0.92164655,0.012997494,0.040154801,-0.049549365,-0.19853188,-0.10656296,0.00032906726,0.26667786,0.96235575,0.05248176,1.5182904,1.30047,0
19,8000,4.000000,5,1.5287099,0.21212992,0.62943174,1.3484722,0.01650339,0.066341556,0.0036614202,0.12278767,0.40448726,-0.099840484,-0.91059397,0.41067794,0.04650003,1.5242795,2.7179074,0
19,8000,4.000000,6,1.5287099,0.60437118,0.19015339,1.2672966,0.0071565392,0.014437555,-0.087978544,0.011303027,-0.58550034,-0.077422245,-0.078186338,-0.92451616,0.37303722,1.1885159,-1.6551656,0
19,8000,4.000000,7,1.5287099,0.58124487,0.61337777,0.96736459,0.066413289,0.051761627,0.070876248,0.0014461837,0.096602922,0.17597344,-0.3075333,-0.78871995,-0.53230077,2.1321124,-1.9425781,0
19,8000,4.000000,8,1.5287099,0.13275137,0.93807228,0.21058496,-0.039116858,-0.027153617,0.021509162,0.24457134,0.15188687,-0.10502374,0.91331999,-0.38433202,-0.13466807,1.7058748,-0.39831431,0
19,8000,4.000000,9,1.5287099,0.20539492,1.3689775,0.49251336,-0.010540586,0.035878957,-0.069208156,0.21702006,-0.14926635,0.061064818,-0.88380241,-0.24473008,-0.39874866,1.9809483,-2.8714554,0
19,8000,4.000000,10,1.5287099,0.53917857,0.94530285,0.56940203,-0.0061717384,-0.037586844,0.061280935,-0.16053366,0.17192364,0.19209535,-0.40324003,-0.57267947,-0.71374765,2.3656308,-2.1842878,0
19,8000,4.000000,11,1.5287099,0.61305009,1.298072,0.25879367,0.047987807,-0.048075946,0.058078463,-0.19789462,0.28132159,-0.075372026,-0.68928147,-0.717635,-0.099453801,1.6704148,-2.3360443,0
19,8000,4.000000,12,1.5287099,0.12793839,0.89260768,0.92461795,-0.068114335,-0.10165206,-0.0024112995,0.12719693,-0.31575388,0.066786746,0.9950368,0.036583503,-0.092538697,1.6634676,0.036749427,0
19,8000,4.000000,13,1.5287099,0.19086605,1.3506994,1.3946875,-0.035999189,-0.00037337916,0.025552053,-0.30264092,-0.09730573,-0.0053581962,0.66477398,0.47103451,-0.57982933,2.1893155,0.61645012,0
19,8000,4.000000,14,1.5287099,0.52282774,0.99461768,1.3424245,-0.029635348,0.028947917,0.028299442,-0.14173006,-0.05009256,0.13838678,0.074400362,-0.28727792,0.95495339,0.30129364,-1.3173802,0
19,8000,4.000000,15,1.5287099,0.50068585,1.3117166,0.94232088,-0.10824048,0.0066536686,-0.035890336,-0.10681073,0.027607976,-0.054748153,-0.63936647,-0.76834727,-0.029205917,1.6000064,-2.2648253,0
19,8000,4.000000,16,1.5287099,0.98407053,0.21230207,0.18663252,0.018323017,0.02953864,-0.073393431,0.092380847,-0.11754416,0.22138368,0.33382286,0.73491068,0.59031228,0.93935066,1.1444254,0
19,8000,4.000000,17,1.5287099,0.90683991,0.61743897,0.53865977,-0.0062443928,0.037498285,-0.01448989,-0.018470508,0.0046856011,-0.12024351,0.74548388,0.59586411,-0.29866327,1.874088,0.67431303,0
19,8000,4.000000,18,1.5287099,1.3617039,0.17477655,0.60384453,-0.03615004,0.047439869,0.040267272,-0.34650105,-0.045230114,0.074067968,0.20574723,0.85792338,-0.47078184,2.0609731,1.3354215,0
19,8000,4.000000,19,1.5287099,1.3491539,0.56670248,0.23450259,-0.008763156,0.020255974,0.014259107,0.078097426,-0.1159681,-0.044633858,0.29006104,-0.001705797,-0.95700663,2.8472968,-0.0058807531,0
19,8000,4.000000,20,1.5287099,0.97933065,0.18263015,0.96493764,0.03145622,-0.040428247,-0.021713032,0.018191094,0.16982285,-0.22139528,-0.43522886,0.34408196,-0.83197563,2.5534555,2.4726239,0
19,8000,4.000000,21,1.5287099,0.97419833,0.57869272,1.3214364,-0.038959805,-0.010519341,-0.031477241,0.31610641,-0.016780623,-0.083853775,0.76126887,-0.21333392,0.61233842,0.91178131,-0.27322628,0
19,8000,4.000000,22,1.5287099,1.3815997,0.20483037,1.3618075,0.016274656,0.0051205231,0.048431279,0.49904132,0.25362771,0.14717224,0.92353278,0.32512037,-0.20343046,1.7756567,0.33849093,0
19,8000,4.000000,23,1.5287099,1.2920774,0.56017066,0.86575525,-0.020816078,-0.045387019,-0.11547702,-0.06409586,0.13128223,-0.24741426,0.54616529,-0.16076407,0.82210607,0.60569595,-0.28626582,0
19,8000,4.000000,24,1.5287099,0.96381544,0.93532317,0.11797589,0.020093805,0.0043288696,-0.036314004,-0.066752328,-0.33721654,-0.16289417,0.94039817,-0.33987495,0.011674508,1.5591216,-0.34680855,0
19,8000,4.000000,25,1.5287099,0.95196134,1.3132207,0.66323601,0.028314088,0.00053596993,0.054146415,0.32550544,-0.26398073,-0.027403498,-0.58106176,-0.34803494,-0.73568941,2.3974803,-2.6019354,0
19,8000,4.000000,26,1.5287099,1.2858574,0.97898043,0.58774851,-0.036458411,0.012058078,0.010310859,-0.19671048,0.18191591,0.1326321,0.89221249,0.45036994,0.033523083,1.537267,0.46746332,0
19,8000,4.000000,27,1.5287099,1.270065,1.3232364,0.24667002,-0.050683433,-0.012688333,0.06243683,-0.16889353,-0.011131446,0.029652872,-0.43112694,0.10727585,0.89589143,0.46036267,2.8977187,0
19,8000,4.000000,28,1.5287099,0.92743926,0.94603712,0.96587289,-0.028740111,0.005666256,0.0034624421,-0.050787542,0.25469349,0.30794276,-0.67337741,0.70776989,-0.21359927,1.7860541,2.3312982,0
19,8000,4.000000,29,1.5287099,0.97635772,1.3090706,1.3319294,0.031980527,-0.042546796,-0.026768112,0.10330546,-0.35067067,-0.21636037,0.81466793,0.565883,0.12685663,1.443597,0.60710474,0
19,8000,4.000000,30,1.5287099,1.3275909,0.96166489,1.3345098,-0.021989511,0.0064889538,-0.0089569527,0.089001337,-0.062511728,-0.042262082,-0.25803176,-0.75369728,-0.60445018,2.2198718,-1.900644,0
19,8000,4.000000,31,1.5287099,1.4043407,1.3412124,1.0384498,0.11522665,0.0047283635,0.047442959,-0.12956643,0.18251578,0.30847445,0.81879416,-0.41412546,0.39758801,1.1619097,-0.46825678,0
20,8100,4.050000,0,1.5280027,0.26343751,0.21694832,0.15303216,0.049416024,0.056868605,-0.011647868,0.067101166,0.12977931,-0.10333321,0.8783708,-0.22465011,-0.42189699,2.006333,-0.2503903,0
20,8100,4.050000,1,1.5280027,0.21180489,0.54063888,0.55073411,0.026490539,-0.063393289,-0.0031016493,-0.1391401,-0.16142845,-0.20672339,0.5605099,-0.57852582,-0.59256774,2.2050391,-0.80121366,0
20,8100,4.050000,2,1.5280027,0.62601811,0.1593103,0.5708868,0.049550245,-0.049145012,0.0046866798,-0.046986368,0.1877018,-0.14173633,-0.6519804,-0.22740618,0.72333117,0.76218184,-2.8059935,0
20,8100,4.050000,3,1.5280027,0.58210981,0.60769548,0.16580412,-0.0046738711,0.015950177,0.019176833,-0.20167955,0.010704265,0.19792253,0.3688253,-0.32851576,-0.86950865,2.625003,-0.72765779,0
20,8100,4.050000,4,1.5280027,0.18694821,0.20433294,0.92362069,0.0052516996,0.038326118,-0.047148336,-0.13868299,-0.022912269,0.088432132,0.1286225,0.90882428,0.39685599,1.1627073,1.4302038,0
20,8100,4.050000,5,1.5280027,0.21609405,0.64304614,1.3416328,0.020566585,0.080250329,-0.0025556608,0.034837871,0.12180777,-0.15172418,-0.87949999,0.45251385,0.14734646,1.4229114,2.6664025,0
20,8100,4.050000,6,1.5280027,0.60414341,0.16186454,1.2646683,0.0072083432,-0.013769861,-0.090021084,0.027787764,-0.53915743,-0.035821524,-0.093677564,-0.92189339,0.37594827,1.1853764,-1.6720631,0
20,8100,4.050000,7,1.5280027,0.57777672,0.61833096,0.97144009,0.063213264,0.056999764,0.075400279,-0.081945122,0.056172725,-0.0066780949,-0.35935545,-0.81166314,-0.4605069,2.0493625,-1.9875962,0
20,8100,4.050000,8,1.5280027,0.14745301,0.94442355,0.20914647,-0.024350389,-0.020366847,0.020167776,0.25150257,0.12695652,0.071064742,0.86271662,-0.50433851,-0.036914893,1.6077196,-0.52901414,0
20,8100,4.050000,9,1.5280027,0.2124204,1.3599033,0.49818293,-0.0034184439,0.027436058,-0.063309404,0.033089891,-0.18173842,0.1947481,-0.88913499,-0.26497933,-0.37312858,1.9531752,-2.8519541,0
20,8100,4.050000,10,1.5280027,0.53225369,0.95232474,0.58124427,-0.012848755,-0.030125953,0.073389376,-0.070713134,0.10620952,0.27589178,-0.48952228,-0.54901335,-0.67746016,2.3151005,-2.2989734,0
20,8100,4.050000,11,1.5280027,0.60901747,1.3102801,0.24664653,0.044237896,-0.035264381,0.046048245,0.0060801818,0.19979544,-0.40821416,-0.66761545,-0.74316626,-0.044648886,1.6154601,-2.3026931,0
20,8100,4.050000,12,1.5280027,0.1374669,0.87862231,0.92963657,-0.058524426,-0.11522767,0.0030362882,0.32652042,-0.1785894,0.15574192,0.97407627,0.14768178,-0.17136369,1.74301,0.15046623,0
20,8100,4.050000,13,1.5280027,0.18339061,1.3454829,1.4005845,-0.043388052,-0.0049661445,0.032095797,-0.050348669,-0.10558316,0.22199448,0.64756894,0.51278858,-0.5636509,2.1695954,0.66976219,0
20,8100,4.050000,14,1.5280027,0.51596483,0.99066298,1.3546683,-0.036257942,0.025452489,0.041167233,-0.12077101,-0.088100414,0.29708494,0.046151311,-0.1260909,0.99094457,0.13467835,-1.219925,0
20,8100,4.050000,15,1.5280027,0.49628128,1.3164089,0.93761735,-0.11241441,0.011953969,-0.040158965,-0.083834451,0.1147473,-0.061790433,-0.76838177,-0.63799516,0.050513751,1.5202611,-2.4486412,0
20,8100,4.050000,16,1.5280027,0.98575763,0.20534157,0.19518007,0.020465813,0.022674765,-0.064757549,0.031847636,-0.17762552,0.086465845,0.49091437,0.65140361,0.57851224,0.95389278,0.92497894,0
20,8100,4.050000,17,1.5280027,0.90041969,0.6199152,0.53048841,-0.012246516,0.04026076,-0.022413919,-0.19843879,0.10762918,-0.18330919,0.79178689,0.41025188,-0.45251179,2.0403763,0.47804951,0
20,8100,4.050000,18,1.5280027,1.3443794,0.16941718,0.605244,-0.052848492,0.042160129,0.041946455,-0.29498956,-0.14230431,0.011616532,0.43704919,0.49747512,-0.74933738,2.4178572,0.84996784,0
20,8100,4.050000,19,1.5280027,1.3544282,0.55822052,0.23225034,-0.0028633538,0.012034259,0.012114835,0.21940066,-0.13688241,-0.026125589,0.19502744,-0.13353977,-0.97166426,2.9029692,-0.60039919,0
20,8100,4.050000,20,1.5280027,0.98313698,0.19433538,0.9582232,0.035716539,-0.028635815,-0.027982574,0.097347044,0.2924796,-0.063915001,-0.30105639,0.3299555,-0.89470354,2.6785634,2.3104284,0
20,8100,4.050000,21,1.5280027,0.98849654,0.57423552,1.3152402,-0.024207545,-0.014709826,-0.037063392,0.26182562,-0.12280247,-0.12971559,0.86057959,0.0085848184,0.50924363,1.0364906,0.0099752932,0
20,8100,4.050000,22,1.5280027,1.4053501,0.21607558,1.3664413,0.040669716,0.016463101,0.053696235,0.41299706,0.19529504,0.024512345,0.95642691,-0.019993865,-0.29128649,1.8663677,-0.020901706,0
20,8100,4.050000,23,1.5280027,1.2898521,0.5612084,0.85356021,-0.022444121,-0.044089861,-0.12727432,-0.0041949644,-0.011198456,-0.25103258,0.76318073,-0.15149634,0.62817516,0.89159067,-0.19595909,0
20,8100,4.050000,24,1.5280027,0.96063801,0.91882505,0.11469988,0.017361578,-0.011740311,-0.03953619,-0.031228809,-0.24176888,0.026268262,0.88040117,-0.39754233,0.25856117,1.3092639,-0.4241395,0
20,8100,4.050000,25,1.5280027,0.96433822,1.3042109,0.65921401,0.04113428,-0.0078683145,0.050430358,0.15760608,-0.063503291,-0.060971829,-0.59238167,-0.34528791,-0.72791498,2.3860725,-2.6138559,0
20,8100,4.050000,26,1.5280027,1.2767901,0.98885005,0.59356293,-0.044932886,0.022382932,0.01639857,-0.1893168,0.1933837,0.14375891,0.86709416,0.48520745,0.11278938,1.4577664,0.51016757,0
20,8100,4.050000,27,1.5280027,1.2607546,1.3264835,0.24560478,-0.059408306,-0.0088281956,0.061485473,-0.17921627,0.13793641,-0.062578427,-0.45748281,0.12997646,0.87966789,0.49563288,2.8647748,0
20,8100,4.050000,28,1.5280027,0.92374176,0.9597019,0.98015365,-0.032009358,0.019771909,0.018193395,-0.057273167,0.30797449,0.271045,-0.67581738,0.70847757,-0.2032988,1.7755222,2.3326055,0
20,8100,4.050000,29,1.5280027,0.98054879,1.2941817,1.3200641,0.036624307,-0.056833377,-0.038019958,0.07359792,-0.20755317,-0.17561063,0.88366216,0.46049773,0.084160771,1.4865359,0.48040379,0
20,8100,4.050000,30,1.5280027,1.3327673,0.95678919,1.3327829,-0.016197641,0.0020570693,-0.010066778,0.090981718,-0.11228593,-0.035157854,-0.23611361,-0.84529778,-0.47929325,2.0706456,-1.8431799,0
20,8100,4.050000,31,1.5280027,1.3935807,1.3491994,1.0458155,0.10511388,0.013337818,0.055290846,-0.1926604,0.21661255,0.040891615,0.8861169,-0.37565659,0.2714387,1.2959088,-0.40096883,0
21,8200,4.100000,0,1.5264078,0.26429007,0.22182873,0.14895441,0.050544145,0.061978136,-0.015567939,-0.008755206,0.077012988,-0.061046442,0.97664768,-0.17605643,-0.12313994,1.6942496,-0.17835064,0
21,8200,4.100000,1,1.5264078,0.2022014,0.53034201,0.54351623,0.017103225,-0.073130926,-0.00974815,-0.19361091,-0.20059319,-0.095716262,0.71667362,-0.41253566,-0.56231063,2.1679737,-0.52230429,0
21,8200,4.100000,2,1.5264078,0.62545474,0.16977495,0.56463181,0.049640359,-0.03850852,-0.00097536864,0.029101798,0.20326336,-0.097975886,-0.59647482,-0.18641348,0.78068419,0.67503642,-2.8386847,0
21,8200,4.100000,3,1.5264078,0.57266956,0.60571778,0.17426647,-0.013511129,0.014606088,0.027816759,-0.18592536,-0.034970905,0.15270171,0.20169313,-0.50949545,-0.83650121,2.561663,-1.1938568,0
21,8200,4.100000,4,1.5264078,0.18298869,0.20675819,0.92670532,0.0014853462,0.04096603,-0.043097515,-0.030635604,0.12113875,0.05883049,-0.09298711,0.71038932,0.69763917,0.79869932,1.7009523,0
21,8200,4.100000,5,1.5264078,0.21635241,0.64339589,1.3343842,0.02105075,0.081271825,-0.008407007,0.033225373,-0.087225007,-0.065308394,-0.82481056,0.49679064,0.26997518,1.2974291,2.5994773,0
21,8200,4.100000,6,1.5264078,0.60332345,0.13774801,1.2643986,0.0070188849,-0.037729952,-0.088970167,-0.0087353569,-0.4154735,0.090736969,-0.038042319,-0.93951462,0.34038956,1.2234652,-1.6112657,0
21,8200,4.100000,7,1.5264078,0.57126232,0.61786209,0.96863169,0.057298863,0.0571764,0.073604927,-0.10969279,-0.048841381,-0.056676152,-0.34630485,-0.79682402,-0.49512063,2.08877,-1.9807755,0
21,8200,4.100000,8,1.5264078,0.1571464,0.94843704,0.21278795,-0.014497945,-0.015364961,0.02402958,0.12110367,0.055478244,0.10143282,0.77630788,-0.61849012,0.1217212,1.4487725,-0.67272995,0
21,8200,4.100000,9,1.5264078,0.20871079,1.3507961,0.50908469,-0.0069081596,0.0197443,-0.051881671,-0.18127712,-0.1652796,0.20846901,-0.88608184,-0.26905928,-0.37744678,1.9578339,-2.8467901,0
21,8200,4.100000,10,1.5264078,0.53085292,0.95947397,0.59705133,-0.013694396,-0.021978431,0.089811707,-0.013832116,0.16714877,0.34682413,-0.65358972,-0.49852568,-0.56946697,2.1766536,-2.4899812,0
21,8200,4.100000,11,1.5264078,0.61018641,1.3155426,0.22236265,0.046043474,-0.028630706,0.022009267,0.024520658,0.02734794,-0.53854619,-0.57603635,-0.81415149,-0.073071662,1.6439332,-2.1865579,0
21,8200,4.100000,12,1.5264078,0.154873,0.8745976,0.93597647,-0.040965672,-0.1183369,0.010350354,0.31578797,0.053693424,0.081097698,0.96590036,0.15695465,-0.20591682,1.7781968,0.16108771,0
21,8200,4.100000,13,1.5264078,0.18653237,1.335734,1.4132155,-0.040053125,-0.013315023,0.046196047,0.13208825,-0.19656917,0.35764707,0.62213899,0.49068279,-0.61006022,2.2269329,0.66781437,0
21,8200,4.100000,14,1.5264078,0.51062649,0.99076365,1.3668854,-0.041060227,0.026587804,0.054805426,-0.044184778,0.073970715,0.20301779,-0.030473679,0.085533986,0.99586911,0.090925609,1.913051,0
21,8200,4.100000,15,1.5264078,0.49595679,1.3229847,0.9336058,-0.11222078,0.019907973,-0.04319341,0.062978773,0.1771958,-0.077821379,-0.8966818,-0.4198459,0.14032525,1.4300064,-2.7036893,0
21,8200,4.100000,16,1.5264078,0.98930072,0.19780437,0.19869701,0.025040232,0.01534807,-0.061034937,0.15085553,-0.13371788,0.067061668,0.63935178,0.56114925,0.52568129,1.0172805,0.72034849,0
21,8200,4.100000,17,1.5264078,0.88722623,0.62162848,0.52148306,-0.024506529,0.042622339,-0.030869961,-0.24228593,-0.025736794,-0.16233231,0.67557594,0.15720087,-0.72033675,2.375084,0.22862329,0
21,8200,4.100000,18,1.5264078,1.3325747,0.16196092,0.60047006,-0.063255363,0.034876901,0.037802106,-0.15864914,-0.13999148,-0.14213566,0.56149684,0.060464302,-0.82526684,2.5414709,0.10727078,0
21,8200,4.100000,19,1.5264078,1.3647288,0.55288064,0.22987047,0.008857137,0.0072745643,0.0099762642,0.29959492,-0.034486621,-0.055843585,0.10600894,-0.25278085,-0.96169847,2.863929,-1.1737032,0
21,8200,4.100000,20,1.5264078,0.98462359,0.20846098,0.95444541,0.038230663,-0.01429988,-0.030761622,0.01721392,0.29031433,-0.018869317,-0.22454277,0.27732832,-0.93416784,2.7767161,2.2514023,0
21,8200,4.100000,21,1.5264078,0.99917351,0.56541013,1.3074852,-0.012492662,-0.022940123,-0.043448952,0.17864489,-0.19465552,-0.076069162,0.89724657,0.1137927,0.42661437,1.1300502,0.12615085,0
21,8200,4.100000,22,1.5264078,1.4196766,0.22081958,1.3656755,0.056471355,0.021435239,0.054357157,0.24392013,0.015932934,-0.03735221,0.89743522,-0.25576216,-0.35943809,1.938462,-0.27763207,0
21,8200,4.100000,23,1.5264078,1.286308,0.55786534,0.84312539,-0.024643008,-0.046848569,-0.13682317,-0.06089426,-0.028840636,-0.11403094,0.84350544,-0.20299592,0.49728384,1.0503311,-0.23616659,0
21,8200,4.100000,24,1.5264078,0.96134237,0.91045519,0.11693958,0.019069544,-0.019154975,-0.037175532,0.072806766,-0.050111071,0.037569452,0.70355159,-0.49853467,0.50643691,1.0397488,-0.61647261,0
21,8200,4.100000,25,1.5264078,0.96367812,1.3059082,0.65376875,0.041480939,-0.0048080753,0.045670698,-0.11761536,0.17796621,-0.094633503,-0.60457841,-0.36321234,-0.7089159,2.3587563,-2.6006075,0
21,8200,4.100000,26,1.5264078,1.271309,0.98958098,0.60260965,-0.049083487,0.024146947,0.026069897,0.001524696,-0.094994681,0.20314748,0.81919083,0.51154725,0.25931792,1.3084804,0.55820682,0
21,8200,4.100000,27,1.5264078,1.2507287,1.3299142,0.23990792,-0.068122781,-0.0040103954,0.056042133,-0.22110551,0.083118656,-0.11694808,-0.52220208,0.11798913,0.84462036,0.56494068,2.9193786,0
21,8200,4.100000,28,1.5264078,0.92200875,0.97218636,0.98880681,-0.032778571,0.033265155,0.027874694,0.057575094,0.20299427,0.10514185,-0.80208378,0.58338564,-0.1277607,1.6989072,2.512754,0
21,8200,4.100000,29,1.5264078,0.97952925,1.2849313,1.3112501,0.036628267,-0.064737069,-0.045459965,-0.098257432,-0.094789721,-0.057597856,0.89645421,0.42517608,0.12488053,1.4455889,0.44286597,0
21,8200,4.100000,30,1.5264078,1.3337787,0.95274394,1.3300154,-0.013793839,-0.00099107792,-0.011443886,0.065832352,-0.0072159494,-0.0011143594,-0.26236784,-0.87542811,-0.40594179,1.9888054,-1.86198,0
21,8200,4.100000,31,1.5264078,1.3825817,1.3575441,1.0413962,0.095564503,0.023095888,0.051961482,-0.16412764,0.19558943,-0.17253933,0.90250315,-0.42274596,0.082303796,1.4883993,-0.43806183,0
22,8300,4.150000,0,1.530547,0.26695832,0.22440075,0.14714202,0.052493082,0.063945962,-0.017781252,0.08427419,-0.051766805,-0.065308002,0.97635948,-0.1915393,0.10017415,1.4704539,-0.19371693,0
22,8300,4.150000,1,1.530547,0.19616032,0.52064473,0.54225489,0.010522748,-0.084251274,-0.012479642,-0.076257423,-0.19341319,-0.0089277552,0.81308352,-0.26556034,-0.51804719,2.1153626,-0.31568644,0
22,8300,4.150000,2,1.530547,0.62770212,0.18127754,0.56040261,0.050190948,-0.027481234,-0.0067278948,0.021329419,0.2201116,-0.1387773,-0.51394531,-0.15150427,0.84433801,0.56546785,-2.8549255,0
22,8300,4.150000,3,1.530547,0.56508271,0.60608448,0.17840644,-0.022638528,0.013331987,0.03147921,-0.20958992,-0.010965289,-0.030943329,0.077236736,-0.67262581,-0.7359409,2.3978517,-1.4564684,0
22,8300,4.150000,4,1.530547,0.18263191,0.21210016,0.93419943,0.00063351072,0.04574087,-0.038123092,-0.036664259,0.10478436,0.11838218,-0.28472528,0.43714405,0.8531334,0.548834,2.1481063,0
22,8300,4.150000,5,1.530547,0.21866267,0.63519014,1.3390766,0.022771995,0.071334828,-0.0073344433,0.0012488579,-0.31883958,0.085329698,-0.72937744,0.57792058,0.36608244,1.1960006,2.4715352,0
22,8300,4.150000,6,1.530547,0.60343822,0.12188916,1.2758954,0.0054996797,-0.053940381,-0.080912945,-0.012908412,-0.23642276,0.2067954,0.018280452,-0.92565584,0.37792471,1.1832426,-1.5510502,0
22,8300,4.150000,7,1.530547,0.57083205,0.61496646,0.96367398,0.05532217,0.052611487,0.066030834,0.045930595,-0.16392594,-0.2014506,-0.34236374,-0.74280665,-0.57534802,2.1838259,-2.0026823,0
22,8300,4.150000,8,1.530547,0.16189601,0.94959415,0.21824865,-0.010180316,-0.016777811,0.028906653,0.018716031,-0.056971622,0.15491092,0.68454198,-0.65379532,0.3224189,1.2425126,-0.76242843,0
22,8300,4.150000,9,1.530547,0.20263749,1.3478552,0.52018309,-0.013538443,0.013149364,-0.042176896,-0.10733854,-0.10623278,0.12471862,-0.88462243,-0.26330056,-0.38485838,1.9658507,-2.8523008,0
22,8300,4.150000,10,1.530547,0.53087877,0.96905773,0.61122808,-0.015106149,-0.015005919,0.10235246,-0.06965713,0.12504178,0.18849616,-0.8536779,-0.40830119,-0.32330199,1.9000131,-2.6954676,0
22,8300,4.150000,11,1.530547,0.61361912,1.3213955,0.20454434,0.047819129,-0.02634826,0.0036128877,0.026573199,0.033579729,-0.20513972,-0.53353984,-0.84517476,-0.03185689,1.6026586,-2.1338971,0
22,8300,4.150000,12,1.530547,0.16660255,0.88076914,0.94460364,-0.029671382,-0.11454215,0.016431208,0.20567133,0.10276473,0.1204126,0.96964021,0.14288606,-0.19844755,1.77057,0.14630693,0
22,8300,4.150000,13,1.530547,0.19793722,1.3356999,1.4341658,-0.029168838,-0.016966312,0.063290962,0.25289044,0.05898565,0.31436304,0.61644145,0.39415359,-0.68164719,2.3208078,0.56888849,0
22,8300,4.150000,14,1.530547,0.51360894,0.99687808,1.3769245,-0.039464599,0.030010947,0.061129378,0.092603133,0.011417879,0.071938633,-0.12207969,0.22606115,0.96643308,0.25983227,2.0659524,0
22,8300,4.150000,15,1.530547,0.50408806,1.3367932,0.93309265,-0.10544357,0.030115146,-0.046234105,0.10253799,0.22336083,-0.045735966,-0.95403169,-0.17784036,0.24123919,1.3271538,-2.9572986,0
22,8300,4.150000,16,1.530547,0.99830866,0.19116866,0.19787181,0.031356923,0.0081856687,-0.062397102,0.098550521,-0.13857746,-0.083892181,0.7227045,0.50106433,0.4760596,1.0746278,0.60622758,0
22,8300,4.150000,17,1.530547,0.87901157,0.61880544,0.51999209,-0.035112715,0.038119727,-0.033771109,-0.17541853,-0.12777297,0.060690852,0.43424145,-0.17923746,-0.8827844,2.652553,-0.39145768,0
22,8300,4.150000,18,1.530547,1.3303739,0.1510417,0.59323979,-0.069061915,0.02353385,0.028955513,-0.088877072,-0.24782518,-0.23754421,0.57332104,-0.18816466,-0.79743153,2.4938229,-0.31712455,0
22,8300,4.150000,19,1.530547,1.3814056,0.55714567,0.22727993,0.021815574,0.010036605,0.0067667373,0.22296644,0.12471826,-0.055031303,0.083862353,-0.29512058,-0.95177253,2.8297588,-1.2939315,0
22,8300,4.150000,20,1.530547,0.98554947,0.21986144,0.96003069,0.0364889,-0.0034793558,-0.027768566,-0.035816403,0.13711443,0.13534267,-0.33738714,0.28703099,-0.89653953,2.6826909,2.4366653,0
22,8300,4.150000,21,1.530547,1.0072344,0.5577987,1.3063946,-0.0071484716,-0.032072412,-0.048078745,0.014201631,-0.15753632,-0.097049485,0.94708458,0.11968796,0.29783483,1.2683726,0.12570876,0
22,8300,4.150000,22,1.530547,1.4326659,0.2221402,1.3628806,0.065598595,0.022156088,0.047867697,0.12257364,0.017340281,-0.18964867,0.8302632,-0.36699618,-0.41949592,2.0036863,-0.41620124,0
22,8300,4.150000,23,1.530547,1.2861573,0.56021402,0.84204173,-0.02827683,-0.046013786,-0.14018859,-0.071343237,0.088916444,-0.035613294,0.85633699,-0.27083203,0.43970101,1.1155306,-0.306314,0
22,8300,4.150000,24,1.530547,0.9659859,0.91273393,0.12012959,0.021103445,-0.019344853,-0.034306507,0.029419328,0.0045938096,0.094327901,0.55044046,-0.57359085,0.60663732,0.9189725,-0.80599112,0
22,8300,4.150000,25,1.530547,0.95399913,1.326099,0.65021831,0.02920536,0.011818979,0.040354632,-0.31071761,0.46745357,-0.094055879,-0.62994853,-0.4101135,-0.65952389,2.2909815,-2.5644958,0
22,8300,4.150000,26,1.530547,1.2766931,0.98410927,0.6112083,-0.04714941,0.016002819,0.033025035,0.10485012,-0.2026639,0.074571136,0.72960132,0.48684283,0.48027697,1.0698259,0.58842184,0
22,8300,4.150000,27,1.530547,1.2456701,1.3350329,0.23530789,-0.07656164,-0.0025000799,0.050798647,-0.16088043,-0.075936381,-0.078714594,-0.68273986,0.073347735,0.7269707,0.75689633,3.0345717,0
22,8300,4.150000,28,1.530547,0.92861604,0.9771556,0.99175669,-0.028677051,0.035594959,0.028142864,0.068776833,-0.093240228,-0.086314461,-0.93753123,0.33553346,-0.091937415,1.6628638,2.7979059,0
22,8300,4.150000,29,1.530547,0.97430519,1.2915119,1.3180916,0.028758668,-0.061645024,-0.042178625,-0.15956662,0.17231411,0.19888173,0.93049507,0.33940917,0.13776919,1.4325876,0.34976475,0
22,8300,4.150000,30,1.530547,1.3397509,0.95736835,1.3360064,-0.011441636,0.0010470146,-0.009062685,0.039813246,0.11465591,0.0565973,-0.3154666,-0.86301344,-0.39457399,1.9764005,-1.9212483,0
22,8300,4.150000,31,1.530547,1.3799295,1.3713748,1.0320486,0.089171831,0.033231644,0.039806373,-0.095762847,0.20726458,-0.37482687,0.85144625,-0.52343626,-0.032461787,1.6032638,-0.55120281,0
23,8400,4.200000,0,1.5267855,0.27512321,0.22088248,0.14369218,0.061324921,0.060975525,-0.02087327,0.23199269,-0.065946045,-0.034841628,0.92870601,-0.34212281,0.1430284,1.4272757,-0.35296002,0
23,8400,4.200000,1,1.5267855,0.1916817,0.50908511,0.54652089,0.0065212877,-0.09454401,-0.0068740769,-0.077455857,-0.18749262,0.20100072,0.84353887,-0.12724536,-0.52177658,2.1197285,-0.14971827,0
23,8400,4.200000,2,1.5267855,0.63080514,0.19106496,0.55185668,0.05484235,-0.017235696,-0.013905391,0.14691922,0.25161537,-0.1787641,-0.39414567,-0.10808251,0.91267046,0.42102512,-2.873952,0
23,8400,4.200000,3,1.5267855,0.55477629,0.60808865,0.17483959,-0.031567169,0.016829987,0.028346963,-0.1767615,0.16127015,-0.043229884,0.13874714,-0.80793115,-0.57270978,2.180604,-1.4007239,0
23,8400,4.200000,4,1.5267855,0.18165857,0.21731953,0.93138643,0.0001083726,0.051488574,-0.038640817,0.062591726,0.068503895,-0.12332298,-0.36965844,0.30161857,0.87885088,0.49734806,2.4572084,0
23,8400,4.200000,5,1.5267855,0.21850015,0.61093328,1.3403805,0.02314733,0.048611079,-0.002733989,0.074694942,-0.50110084,0.10769037,-0.58716053,0.6737267,0.44870351,1.1054822,2.2876471,0
23,8400,4.200000,6,1.5267855,0.60189981,0.1121988,1.2826848,0.0054442349,-0.063342754,-0.07097561,-0.0044156318,-0.12926578,0.22756959,0.13523076,-0.84318217,0.52034264,1.0235442,-1.4117692,0
23,8400,4.200000,7,1.5267855,0.56881343,0.59952365,0.9491868,0.054705688,0.03866288,0.053897081,-0.041561879,-0.38030048,-0.28342021,-0.32998831,-0.67475575,-0.66016089,2.2918293,-2.0256444,0
23,8400,4.200000,8,1.5267855,0.15914422,0.93950897,0.23003405,-0.012537125,-0.024538788,0.041243609,-0.14145994,-0.24602016,0.29179708,0.6117856,-0.62527794,0.48450581,1.0649982,-0.79630448,0
23,8400,4.200000,9,1.5267855,0.19648671,1.3365646,0.52302946,-0.019198177,0.0051615496,-0.038047028,-0.16106212,-0.17434948,0.052658468,-0.8844662,-0.33043787,-0.32943945,1.9065061,-2.7840487,0
23,8400,4.200000,10,1.5267855,0.5267162,0.97135281,0.61384903,-0.017967531,-0.010323494,0.10648066,-0.040969501,0.089646274,-0.060431104,-0.95300173,-0.30261259,0.014605391,1.5561904,-2.8341262,0
23,8400,4.200000,11,1.5267855,0.61150958,1.3221822,0.19975528,0.047216897,-0.022309094,-0.00067876664,-0.085103869,0.12023492,0.061008931,-0.52545645,-0.81764824,0.23525917,1.3333111,-2.1419827,0
23,8400,4.200000,12,1.5267855,0.17255585,0.88687597,0.94939644,-0.023300801,-0.10626052,0.023554259,0.05860167,0.17693553,0.21901266,0.98672349,0.14791129,-0.06707468,1.6379214,0.14879358,0
23,8400,4.200000,13,1.5267855,0.20741981,1.3380338,1.4431774,-0.019187505,-0.01134282,0.075842709,0.13492118,0.13343311,0.22646883,0.5758553,0.26396152,-0.77376676,2.4555623,0.42980224,0
23,8400,4.200000,14,1.5267855,0.51831786,0.99115697,1.371387,-0.033486066,0.026735767,0.058973188,0.16067674,-0.10778547,-0.15067541,-0.18895869,0.15688126,0.96937242,0.24813389,2.4486821,0
23,8400,4.200000,15,1.5267855,0.51017176,1.3417732,0.93222284,-0.098111994,0.038390627,-0.044808965,0.12459094,0.11888293,0.080542511,-0.93690106,0.001741096,0.34959029,1.2136626,3.1397343,0
23,8400,4.200000,16,1.5267855,1.0003453,0.18835225,0.19096597,0.035852608,0.0058361902,-0.068824555,0.10645776,0.049485994,-0.17926256,0.78708205,0.4321818,0.44013718,1.1150449,0.50214713,0
23,8400,4.200000,17,1.5267855,0.87070646,0.6076034,0.5261744,-0.041265113,0.028426557,-0.026301661,-0.088008476,-0.18885758,0.18741661,0.17631766,-0.51647036,-0.83795612,2.5643235,-1.2418127,0
23,8400,4.200000,18,1.5267855,1.3282306,0.14015694,0.58237485,-0.067934209,0.013007347,0.019536948,0.15189959,-0.19772565,-0.18567385,0.51522812,-0.31679217,-0.79635589,2.4920424,-0.55127298,0
23,8400,4.200000,19,1.5267855,1.3859771,0.56491621,0.22256409,0.029791944,0.019187662,0.0026043408,0.068468249,0.2164092,-0.10098895,0.20179926,-0.2832311,-0.93758051,2.7864029,-0.95173706,0
23,8400,4.200000,20,1.5267855,0.97605032,0.22357882,0.96499237,0.029403149,0.00078360763,-0.020438463,-0.18894715,0.034870922,0.10245952,-0.52355823,0.38764547,-0.75869478,2.4321035,2.5042603,0
23,8400,4.200000,21,1.5267855,1.0052158,0.55109689,1.2991119,-0.0066910469,-0.037409921,-0.052155828,-0.06241893,-0.060547275,-0.038562104,0.98432354,-0.020494558,0.17517744,1.3947103,-0.020817948,0
23,8400,4.200000,22,1.5267855,1.429606,0.22126363,1.3533584,0.066060192,0.021825046,0.041687402,-0.078331357,-0.014894636,-0.093088752,0.77993972,-0.44717448,-0.43786871,2.024023,-0.52058956,0
23,8400,4.200000,23,1.5267855,1.2813911,0.56487519,0.8426204,-0.029884169,-0.039968378,-0.13753722,0.026006241,0.12970969,0.14806663,0.84453277,-0.28497835,0.45337814,1.1002446,-0.32544115,0
23,8400,4.200000,24,1.5267855,0.96635529,0.91097172,0.12197897,0.023850253,-0.01886331,-0.03215925,0.098665188,-0.079378306,-0.010452751,0.47883568,-0.61583663,0.62566895,0.89480755,-0.90990329,0
23,8400,4.200000,25,1.5267855,0.93276641,1.3476771,0.64239928,0.010293954,0.036686732,0.034125935,-0.40243365,0.45911251,-0.13869337,-0.64637082,-0.42435772,-0.63413349,2.2576837,-2.5606451,0
23,8400,4.200000,26,1.5267855,1.2784273,0.9749554,0.61207857,-0.042271531,0.0092592299,0.03540035,0.077650677,-0.037850434,0.01597679,0.57552168,0.45315495,0.68075355,0.82200547,0.66699905,0
23,8400,4.200000,27,1.5267855,1.2386822,1.3254175,0.23160987,-0.080492907,-0.0088422775,0.047675081,-0.0027667859,-0.23324218,-0.039716436,-0.84937413,-0.076543085,0.5222114,1.0213544,-3.0517184,0
23,8400,4.200000,28,1.5267855,0.93222342,0.96755574,0.98469587,-0.022780216,0.028387724,0.023513722,0.17658381,-0.16514193,-0.096599924,-0.99285235,0.10552717,-0.055751571,1.6265768,3.0357033,0
23,8400,4.200000,29,1.5267855,0.96125139,1.3019395,1.3261282,0.018086221,-0.048026581,-0.03088868,-0.26420474,0.33166464,0.24608442,0.9510755,0.27655983,0.13773179,1.4326253,0.28298268,0
23,8400,4.200000,30,1.5267855,1.3401502,0.96181955,1.33547,-0.0077452066,0.0078594542,-0.0063123616,0.073277608,0.1626989,0.052682829,-0.33989663,-0.84722038,-0.4082743,1.9913592,-1.9523284,0
23,8400,4.200000,31,1.5267855,1.3751779,1.3793106,1.0084344,0.087809908,0.044551636,0.018702613,0.039279339,0.25459708,-0.4502659,0.74529211,-0.6531056,-0.13413703,1.7053389,-0.71957045,0
24,8500,4.250000,0,1.5294243,0.28686717,0.21728497,0.14271143,0.07258366,0.056999694,-0.022101315,0.22434992,-0.10143118,0.030251197,0.82650946,-0.55916538,0.064932169,1.5058184,-0.59480578,0
24,8500,4.250000,1,1.5294243,0.18900378,0.50355698,0.55651856,0.0035146819,-0.10094648,0.0021712025,-0.045066838,-0.10103099,0.17470677,0.85794599,0.0082409478,-0.5136738,2.1102575,0.0096051435,0
24,8500,4.250000,2,1.5294243,0.63295114,0.20300939,0.54633259,0.055897192,-0.005631511,-0.020377692,-0.11524721,0.15909258,-0.15562727,-0.28636893,0.0030797047,0.95811448,0.29045218,3.1308387,0
24,8500,4.250000,3,1.5294243,0.54736868,0.61840891,0.17267261,-0.039926406,0.026091269,0.025879934,-0.084180471,0.17269438,0.0020095032,0.28936613,-0.88846499,-0.35622633,1.9350225,-1.2559385,0
24,8500,4.250000,4,1.5294243,0.18809412,0.21817417,0.92486038,0.0062246697,0.051967199,-0.046769591,0.19975858,-0.065184671,-0.21233669,-0.41944269,0.2946828,0.85862092,0.53822306,2.529152,0
24,8500,4.250000,5,1.5294243,0.22379646,0.58547723,1.347274,0.028061762,0.022122003,0.0018389753,0.15069518,-0.49014885,0.047367524,-0.53609331,0.71048869,0.45586159,1.0974563,2.2171978,0
24,8500,4.250000,6,1.5294243,0.60210752,0.11343664,1.2980453,0.0046123758,-0.06229973,-0.05784343,-0.059096754,0.17596452,0.30613348,0.22999722,-0.67231386,0.70363012,0.79030289,-1.2411784,0
24,8500,4.250000,7,1.5294243,0.56547503,0.57954055,0.93590987,0.050387919,0.017661728,0.038992497,-0.15589912,-0.34291508,-0.30878749,-0.35795468,-0.54656537,-0.75705663,2.4295926,-2.15062,0
24,8500,4.250000,8,1.5294243,0.15141559,0.92985525,0.24434364,-0.020533909,-0.035806569,0.055143622,-0.1947052,-0.19659423,0.28375103,0.53598566,-0.54093892,0.64815466,0.86563767,-0.78999759,0
24,8500,4.250000,9,1.5294243,0.18868452,1.3304439,0.52513202,-0.027332939,-0.0032619377,-0.036849476,-0.1704739,-0.14974659,0.0068902433,-0.81876679,-0.50708483,-0.26923211,1.8433919,-2.5870828,0
24,8500,4.250000,10,1.5294243,0.5280342,0.97651675,0.60944691,-0.017560235,-0.0068413877,0.10102231,0.027940106,0.046029963,-0.17374643,-0.93694113,-0.20725324,0.28140258,1.2855409,-2.9238961,0
24,8500,4.250000,11,1.5294243,0.61245766,1.3281692,0.20626815,0.047108176,-0.018610527,0.005483539,0.034117888,-0.038251562,0.14171963,-0.43607508,-0.69302235,0.5740719,0.95932611,-2.1324364,0
24,8500,4.250000,12,1.5294243,0.17278402,0.89684535,0.96573199,-0.023370802,-0.097831244,0.038236254,-0.0080561885,0.19660389,0.35825325,0.96404888,0.16043536,0.21182598,1.3573534,0.164907,0
24,8500,4.250000,13,1.5294243,0.21564904,1.3510017,1.4574084,-0.011323555,-0.00069662278,0.087569222,0.18530939,0.24206735,0.19309803,0.52140932,0.1109453,-0.84606351,2.5793534,0.20965296,0
24,8500,4.250000,14,1.5294243,0.52835547,0.98584908,1.3624297,-0.024352173,0.019720879,0.047655464,0.21558216,-0.17804963,-0.28983293,-0.33304281,-0.11361427,0.93604182,0.35958818,-2.8128325,0
24,8500,4.250000,15,1.5294243,0.51481233,1.3484592,0.94058631,-0.094356411,0.042753809,-0.038062516,0.042477249,-0.033090467,0.17756342,-0.88311859,0.082600583,0.46182107,1.0907491,3.0483312,0
24,8500,4.250000,16,1.5294243,1.007596,0.19633245,0.17904892,0.041369542,0.013484257,-0.081061094,0.10610931,0.24575807,-0.2835413,0.82881612,0.42503686,0.36387843,1.1983679,0.47385416,0
24,8500,4.250000,17,1.5294243,0.8698699,0.60144161,0.53847211,-0.043604528,0.02122084,-0.014923186,-0.051057488,-0.014752015,0.29130188,-0.018994204,-0.73982608,-0.67253,2.3084184,-1.5964646,0
24,8500,4.250000,18,1.5294243,1.3417301,0.132301,0.57511291,-0.056740056,0.0049161527,0.011275605,0.29237937,-0.12039555,-0.1362099,0.53061201,-0.36693092,-0.7640763,2.4404046,-0.60501467,0
24,8500,4.250000,19,1.5294243,1.3856342,0.57679783,0.21997778,0.0270559,0.030083507,-0.00036407326,-0.14067634,0.22713372,-0.074166357,0.45780708,-0.27744149,-0.84465312,2.5767132,-0.54483621,0
24,8500,4.250000,20,1.5294243,0.96742396,0.22552354,0.97161408,0.019098737,0.0023405656,-0.015488864,-0.25602804,0.014926872,0.096255942,-0.65231061,0.53837493,-0.53351973,2.1335529,2.4515932,0
24,8500,4.250000,21,1.5294243,1.0013042,0.55015732,1.3004563,-0.012335172,-0.039300347,-0.053055927,-0.15255344,0.057520941,0.0083995959,0.98265079,-0.16285209,0.088750376,1.481929,-0.16423459,0
24,8500,4.250000,22,1.5294243,1.4225674,0.2216839,1.3542029,0.056558958,0.021862865,0.040194078,-0.24462776,-0.030592343,0.013125059,0.72333273,-0.59008654,-0.35859119,1.9375546,-0.68429422,0
24,8500,4.250000,23,1.5294243,1.2870126,0.56769601,0.85358037,-0.026480268,-0.038125441,-0.12804179,0.10806922,-0.017461677,0.25140683,0.78557149,-0.2926655,0.54518285,0.99418911,-0.35662193,0
24,8500,4.250000,24,1.5294243,0.97283963,0.90448833,0.12014437,0.028660252,-0.026914214,-0.03420291,0.10080203,-0.2332461,-0.066015245,0.46834495,-0.62235824,0.62715486,0.8929013,-0.92567624,0
24,8500,4.250000,25,1.5294243,0.9162368,1.3668085,0.63639377,-0.0078321379,0.05347436,0.027016281,-0.32304166,0.22999505,-0.14962254,-0.61666814,-0.45825703,-0.64009445,2.2654175,-2.5025108,0
24,8500,4.250000,26,1.5294243,1.2853668,0.98104671,0.61117521,-0.037545662,0.01366168,0.033440806,0.060639683,0.19400901,-0.051397515,0.4206215,0.37059332,0.82809308,0.59509886,0.72225264,0
24,8500,4.250000,27,1.5294243,1.2423374,1.3132693,0.22759901,-0.078979898,-0.023268762,0.043267728,0.037735026,-0.32914537,-0.12145022,-0.89164385,-0.34908303,0.28829201,1.2783537,-2.7684309,0
24,8500,4.250000,28,1.5294243,0.94247534,0.96206005,0.98504734,-0.014146952,0.021225946,0.022164466,0.15211714,-0.075574616,-0.013901474,-0.99706817,-0.073472581,-0.02137371,1.5921717,-3.068037,0
24,8500,4.250000,29,1.5294243,0.95406668,1.3212016,1.3365628,0.0092477766,-0.031029358,-0.022753112,-0.083406353,0.28386088,0.11707861,0.91778229,0.36257087,0.16191984,1.4081605,0.37623279,0
24,8500,4.250000,30,1.5294243,1.3457724,0.97187674,1.3392099,-0.0044420517,0.016247053,-0.004881807,0.060660392,0.17793897,0.021235214,-0.36008402,-0.8571518,-0.36828017,1.9479548,-1.9685039,0
24,8500,4.250000,31,1.5294243,1.380214,1.39151,0.98638216,0.090466938,0.054358701,-0.0050720529,0.090043398,0.13076923,-0.5015151,0.62565681,-0.7523539,-0.2061969,1.7784831,-0.87708242,0
25,8600,4.300000,0,1.5339355,0.29769128,0.21781236,0.15227689,0.082546944,0.056886337,-0.012970247,0.19011654,0.056346009,0.34604671,0.71378501,-0.70036427,0.00092711878,1.5698692,-0.77590812,0
25,8600,4.300000,1,1.5339355,0.18946563,0.50242299,0.56158833,0.0034191782,-0.10356193,0.0055944054,0.00037862639,0.019029501,-0.0078436259,0.89045287,0.025829085,-0.45434187,2.0424296,0.028998552,0
25,8600,4.300000,2,1.5339355,0.62294382,0.20625172,0.53874882,0.044040355,-0.002991874,-0.029559421,-0.31488517,-0.11535273,-0.18771178,-0.1479096,0.19598347,0.96938807,0.24807015,2.2173015,0
25,8600,4.300000,3,1.5339355,0.54936862,0.62885285,0.17535279,-0.039541571,0.03469845,0.028047599,0.10595357,0.15454357,0.088566982,0.46964059,-0.85577785,-0.21698382,1.7895199,-1.0688841,0
25,8600,4.300000,4,1.5339355,0.20017315,0.21276965,0.91998917,0.01773194,0.045928039,-0.054357636,0.30348789,-0.13102915,-0.072295672,-0.42799599,0.4040705,0.80842221,0.62932974,2.3849409,0
25,8600,4.300000,5,1.5339355,0.23185627,0.56380919,1.3522204,0.035450565,-0.0012385886,0.0028100206,0.1370548,-0.43670763,-0.048751685,-0.53921999,0.7347555,0.41155336,1.1466385,2.2038985,0
25,8600,4.300000,6,1.5339355,0.59963346,0.13054636,1.3137839,0.00036856464,-0.04554927,-0.045951066,-0.093354448,0.4051096,0.17708134,0.32578237,-0.47417782,0.81793719,0.61298009,-0.96881677,0
25,8600,4.300000,7,1.5339355,0.55947436,0.56553182,0.92363432,0.042730571,0.0019666817,0.023978471,-0.14961214,-0.27320949,-0.27578499,-0.42897437,-0.41188399,-0.80394811,2.5047009,-2.3765166,0
25,8600,4.300000,8,1.5339355,0.14004979,0.92636871,0.25553413,-0.032328954,-0.042026688,0.065597992,-0.31767691,-0.0064956443,0.13423843,0.40119524,-0.45491592,0.79504332,0.65171733,-0.84806566,0
25,8600,4.300000,9,1.5339355,0.18102572,1.3269599,0.52694797,-0.035536208,-0.010659433,-0.036582869,-0.12593472,-0.17185927,0.0012447429,-0.67599774,-0.70834525,-0.20316017,1.7753806,-2.3328321,0
25,8600,4.300000,10,1.5339355,0.53022987,0.98057553,0.6030181,-0.016923005,-0.0056647125,0.092807946,-0.023378307,0.018403191,-0.15434444,-0.82126188,-0.10866563,0.56010776,0.97628045,-3.0100414,0
25,8600,4.300000,11,1.5339355,0.61600672,1.3278625,0.21391056,0.048848153,-0.022828591,0.012507192,0.035389738,-0.12548994,0.14682779,-0.33789061,-0.45058232,0.82632046,0.59825357,-2.2142319,0
25,8600,4.300000,12,1.5339355,0.17119396,0.91034505,0.98715205,-0.025467422,-0.08699287,0.056780439,-0.053233964,0.20806645,0.37011626,0.83196585,0.18787092,0.52205108,1.0215423,0.22209066,0
25,8600,4.300000,13,1.5339355,0.22050393,1.3575098,1.4664506,-0.0071109617,0.001822714,0.09230568,-0.011588386,-0.17823494,-0.027773657,0.49657629,-0.0023321602,-0.86798995,2.6219364,-0.0046964446,0
25,8600,4.300000,14,1.5339355,0.53769578,0.97995389,1.3506001,-0.016581765,0.010930731,0.031830512,0.10025056,-0.12028301,-0.37014665,-0.4858921,-0.31768696,0.81423821,0.61938057,-2.5625353,0
25,8600,4.300000,15,1.5339355,0.51623648,1.3473027,0.9549581,-0.094450634,0.037627485,-0.02648217,-0.031937186,-0.14497752,0.2546336,-0.85975614,0.081692985,0.50412858,1.0424237,3.0468583,0
25,8600,4.300000,16,1.5339355,1.0176791,0.21052106,0.16502933,0.048470188,0.027073745,-0.095587416,0.17435221,0.25807863,-0.28347831,0.85718606,0.42788484,0.28661233,1.2801074,0.46298645,0
25,8600,4.300000,17,1.5339355,0.87632737,0.6062121,0.55352411,-0.039718575,0.024212888,-0.001479279,0.19720184,0.1259216,0.21137697,-0.12583339,-0.83361565,-0.53782051,2.1386461,-1.7206142,0
25,8600,4.300000,18,1.5339355,1.3599525,0.12993738,0.57583572,-0.042496228,0.0021663399,0.010303472,0.25904345,-0.062681387,0.041544124,0.57894977,-0.38942392,-0.71635618,2.3693622,-0.59212558,0
25,8600,4.300000,19,1.5339355,1.3796405,0.58877964,0.21649494,0.016989906,0.040348852,-0.0044896908,-0.25357588,0.12094116,-0.07946404,0.71131127,-0.21321073,-0.66975926,2.3046809,-0.29122121,0
25,8600,4.300000,20,1.5339355,0.95567634,0.22783479,0.97706224,0.0045190342,0.0039841798,-0.012910407,-0.29526745,0.084144744,0.0083092859,-0.68533387,0.63139784,-0.36284191,1.9421122,2.3971337,0
25,8600,4.300000,21,1.5339355,0.99698238,0.55831443,1.3078691,-0.019599787,-0.032775606,-0.049484348,-0.17358437,0.18124201,0.11936311,0.95781592,-0.28037916,0.06305706,1.5076974,-0.28477159,0
25,8600,4.300000,22,1.5339355,1.4157282,0.21739148,1.3595215,0.045539987,0.01692383,0.041516371,-0.094491517,-0.13724509,0.053067196,0.67558208,-0.71529287,-0.17873153,1.7504934,-0.81394136,0
25,8600,4.300000,23,1.5339355,1.2979748,0.56887265,0.8716944,-0.019324776,-0.038622572,-0.11246844,0.12342973,-0.031680138,0.42218192,0.6870884,-0.31048874,0.65689137,0.85410794,-0.42442498,0
25,8600,4.300000,24,1.5339355,0.98059127,0.89247078,0.11582542,0.033535184,-0.041578086,-0.038869367,0.056552012,-0.33709471,-0.079064653,0.51055443,-0.56538395,0.64782341,0.86607258,-0.83631384,0
25,8600,4.300000,25,1.5339355,0.90904434,1.379003,0.62920546,-0.017712621,0.061625256,0.017964162,-0.071696532,0.14038003,-0.21342462,-0.56714931,-0.51284663,-0.64446101,2.2711145,-2.4064326,0
25,8600,4.300000,26,1.5339355,1.2914014,0.99454021,0.60958633,-0.035305785,0.024245866,0.030054164,0.033216013,0.23666847,-0.13639411,0.23887547,0.2997151,0.9236392,0.39332663,0.89788214,0
25,8600,4.300000,27,1.5339355,1.2481704,1.3014521,0.22253857,-0.076814554,-0.03893661,0.037544384,0.0338536,-0.21340397,-0.1228888,-0.81564697,-0.56443331,0.12702385,1.4434284,-2.5362514,0
25,8600,4.300000,28,1.5339355,0.95117575,0.96067775,0.98723509,-0.0082352018,0.017012121,0.021447743,0.064987267,-0.029389883,-0.01228451,-0.98063012,-0.19272491,-0.034952476,1.6057559,-2.9475342,0
25,8600,4.300000,29,1.5339355,0.95561107,1.3363324,1.3452816,0.0079798776,-0.019812152,-0.017983702,0.040250278,0.18943474,0.072680102,0.80705321,0.54998407,0.21490147,1.3542054,0.59818246,0
25,8600,4.300000,30,1.5339355,1.3549167,0.98333739,1.3436642,0.00072512709,0.02482838,-0.0043784521,0.082360525,0.20941205,-0.013570597,-0.31468067,-0.88210294,-0.35052885,1.928932,-1.9134622,0
25,8600,4.300000,31,1.5339355,1.3880832,1.4017894,0.96650413,0.094259403,0.060524605,-0.027826051,0.065821324,0.092715346,-0.38289506,0.53788963,-0.79758827,-0.2729976,1.847304,-0.97746233,0
26,8700,4.350000,0,1.5371158,0.301305,0.22182158,0.17261336,0.085540355,0.060440287,0.0070297968,-0.069773164,0.10656,0.34212603,0.66691655,-0.74440222,0.032979492,1.5378109,-0.84024612,0
26,8700,4.350000,1,1.5371158,0.18691524,0.50684466,0.55768695,0.00047901352,-0.10018543,0.0005339258,-0.12095403,0.19784888,-0.12691475,0.92702151,-0.052816834,-0.37127012,1.9511729,-0.056913237,0
26,8700,4.350000,2,1.5371158,0.60894157,0.19975982,0.53143419,0.028762377,-0.0099042316,-0.037982315,-0.2511567,-0.14510925,-0.16524124,0.0099078641,0.23989578,0.97074809,0.24246917,1.5295191,0
26,8700,4.350000,3,1.5371158,0.55945955,0.63886477,0.18187528,-0.030598907,0.043397569,0.034200159,0.23390354,0.18487012,0.13243532,0.65887274,-0.7273532,-0.19194802,1.763943,-0.83475869,0
26,8700,4.350000,4,1.5371158,0.21328768,0.20332549,0.9185668,0.030418316,0.03605297,-0.057683976,0.21339005,-0.22130768,-0.081863678,-0.41156608,0.62194627,0.66618031,0.841721,2.1553797,0
26,8700,4.350000,5,1.5371158,0.2379086,0.54739001,1.3525645,0.04101643,-0.018808517,0.00035302045,0.048162796,-0.23237637,-0.034345036,-0.62379486,0.68545605,0.37553958,1.1858174,2.3091327,0
26,8700,4.350000,6,1.5371158,0.59762307,0.15414581,1.3202262,-0.0028816751,-0.022244617,-0.042236523,-0.053197509,0.47990207,0.065315937,0.43954578,-0.27665579,0.85455314,0.54610649,-0.56176636,0
26,8700,4.350000,7,1.5371158,0.54960626,0.55630541,0.91402461,0.031713927,-0.0084214903,0.012465706,-0.26004659,-0.13129782,-0.18218486,-0.49962419,-0.23415682,-0.83399416,2.5571037,-2.7033251,0
26,8700,4.350000,8,1.5371158,0.12678756,0.932109,0.26055381,-0.045867531,-0.038210995,0.070083228,-0.19110447,0.13875874,0.068264412,0.23019544,-0.41289133,0.88120986,0.49238088,-1.0621975,0
26,8700,4.350000,9,1.5371158,0.17848595,1.3214346,0.53239602,-0.038448284,-0.018927355,-0.032231843,-0.010038239,-0.17040646,0.1380631,-0.56520042,-0.81751123,-0.11056164,1.6815845,-2.1757049,0
26,8700,4.350000,10,1.5371158,0.53324131,0.98057144,0.5981525,-0.015012877,-0.0076997215,0.08669844,0.054767276,-0.089110179,-0.090181199,-0.63908927,0.0045543852,0.76911908,0.69333468,3.1344664,0
26,8700,4.350000,11,1.5371158,0.61516426,1.3236221,0.22018728,0.046730711,-0.029814831,0.018334377,-0.11677378,-0.18392271,0.059576902,-0.34301259,-0.12687379,0.93072306,0.37441138,-2.7873175,0
26,8700,4.350000,12,1.5371158,0.16793104,0.9222201,1.0077987,-0.029081539,-0.077015571,0.075361218,-0.10367566,0.21592136,0.34756729,0.6124286,0.24357842,0.75206434,0.71960772,0.378544,0
26,8700,4.350000,13,1.5371158,0.21998581,1.3449465,1.4664367,-0.0080852418,-0.013539176,0.089254502,0.016962579,-0.38379236,-0.071240269,0.48370163,0.011212156,-0.87516114,2.6365651,0.023175751,0
26,8700,4.350000,14,1.5371158,0.54494629,0.97945315,1.3344918,-0.0104524,0.0084008775,0.012941609,0.13165494,-0.013533237,-0.37111046,-0.64423271,-0.37852556,0.66459207,0.84384859,-2.6103702,0
26,8700,4.350000,15,1.5371158,0.51256471,1.3419528,0.9682252,-0.099187815,0.029492589,-0.015206663,-0.14332697,-0.18895067,0.25056581,-0.83817021,0.0051388259,0.54538454,0.99394851,3.1354617,0
26,8700,4.350000,16,1.5371158,1.0273208,0.22412532,0.15147696,0.055994114,0.040227908,-0.10946756,0.12831378,0.23945533,-0.27503397,0.86146107,0.41597814,0.29128509,1.2752264,0.44985411,0
26,8700,4.350000,17,1.5371158,0.89413228,0.61517904,0.56714526,-0.0237471,0.031914995,0.010981344,0.41204378,0.20393165,0.27166038,-0.11116813,-0.85043531,-0.5141998,2.1108707,-1.7007784,0
26,8700,4.350000,18,1.5371158,1.3755728,0.13078346,0.5778455,-0.029708735,0.002742423,0.011118522,0.24706217,0.071415846,-0.0037176627,0.6214161,-0.46167668,-0.63300607,2.2562265,-0.63896924,0
26,8700,4.350000,19,1.5371158,1.3697374,0.58761018,0.21445419,0.0042396015,0.037961152,-0.0069767277,-0.23574643,-0.17414886,-0.011023089,0.79567891,-0.15697162,-0.58502562,2.195708,-0.19477891,0
26,8700,4.350000,20,1.5371158,0.94225816,0.23309486,0.97653577,-0.010864618,0.0087669276,-0.015459984,-0.26995231,0.078442643,-0.11321051,-0.70707181,0.65204487,-0.2736548,1.8479872,2.3966597,0
26,8700,4.350000,21,1.5371158,0.99127551,0.56844864,1.3183606,-0.027365659,-0.023808242,-0.041712442,-0.13696922,0.12286454,0.16441729,0.94086347,-0.32670946,0.089648541,1.4810273,-0.33421773,0
26,8700,4.350000,22,1.5371158,1.4169439,0.21328405,1.3626226,0.04382218,0.012370402,0.041798489,-0.0054156754,-0.088571458,-0.023880511,0.62108047,-0.78111902,0.064125912,1.5066264,-0.89904035,0
26,8700,4.350000,23,1.5371158,1.3058142,0.56765272,0.89594864,-0.014181865,-0.041019465,-0.090044706,0.082176043,-0.051516803,0.50479095,0.5618709,-0.35134246,0.74890558,0.72438731,-0.55882088,0
26,8700,4.350000,24,1.5371158,0.97912926,0.87827656,0.11306256,0.030043726,-0.057606067,-0.041869264,-0.20925365,-0.24788734,-0.061578016,0.48312905,-0.50267482,0.71687122,0.77149202,-0.8052228,0
26,8700,4.350000,25,1.5371158,0.91492856,1.3873869,0.62359769,-0.013717252,0.067144389,0.011059017,0.15524483,0.073903643,-0.12187226,-0.58620116,-0.53248219,-0.61059881,2.2276128,-2.4041774,0
26,8700,4.350000,26,1.5371158,1.296428,1.0056525,0.60170068,-0.032959022,0.03328679,0.020914128,0.027237287,0.12126107,-0.20612635,0.03079403,0.31847288,0.94743166,0.32568537,1.4744032,0
26,8700,4.350000,27,1.5371158,1.2541432,1.2961276,0.21496386,-0.073433097,-0.046951084,0.0295166,0.081206033,-0.14716624,-0.20153488,-0.7749224,-0.62969685,0.05456318,1.516206,-2.4592198,0
26,8700,4.350000,28,1.5371158,0.95456753,0.96227236,0.99019602,-0.0068169637,0.01661537,0.022360889,0.015250762,-0.002462672,0.011511615,-0.94927892,-0.29282569,-0.11455413,1.6856025,-2.8423819,0
26,8700,4.350000,29,1.5371158,0.95875742,1.3493342,1.34944,0.0091437599,-0.009591604,-0.016615982,0.070326404,0.17643491,-0.0041607365,0.64354714,0.74076731,0.19264181,1.3769427,0.85551287,0
26,8700,4.350000,30,1.5371158,1.3622344,0.99390936,1.3453905,0.0052289993,0.033352771,-0.005436887,0.16391235,0.16859748,-0.020876618,-0.21550444,-0.91534491,-0.34014928,1.917872,-1.8020207,0
26,8700,4.350000,31,1.5371158,1.3959706,1.4052396,0.95386948,0.099263791,0.061067873,-0.042449403,0.09515793,-0.045753524,-0.21893391,0.50980864,-0.76773221,-0.38817832,1.9694504,-0.98461101,0
27,8800,4.400000,0,1.5404754,0.29047397,0.22372439,0.1800454,0.074063314,0.06185673,0.014076877,-0.40533058,-0.026766283,-0.018372731,0.56377247,-0.8252025,0.034661786,1.5361276,-0.9714396,0
27,8800,4.400000,1,1.5404754,0.17849882,0.51688454,0.55236812,-0.0083363108,-0.091263058,-0.0059966629,-0.22400488,0.1583651,-0.15071344,0.92268856,-0.17305895,-0.34452346,1.9225274,-0.18540537,0
27,8800,4.400000,2,1.5404754,0.60511805,0.19492461,0.53080394,0.023613568,-0.015170298,-0.039772127,0.072950174,-0.031835163,0.13410727,0.023678567,0.12721372,0.99159266,0.12976249,1.3867701,0
27,8800,4.400000,3,1.5404754,0.57350325,0.64768501,0.18622115,-0.017791956,0.050813392,0.038144211,0.26076182,0.09585463,0.055558194,0.76430956,-0.60530095,-0.2223548,1.7950254,-0.66981791,0
27,8800,4.400000,4,1.5404754,0.22202636,0.19114748,0.91758057,0.038681814,0.023444333,-0.060674573,0.088169014,-0.21768666,-0.016725968,-0.41166738,0.73984734,0.53212393,1.0096891,2.0785567,0
27,8800,4.400000,5,1.5404754,0.24328539,0.54214848,1.3532005,0.04586794,-0.025239417,-0.0019646041,0.10352094,-0.056732498,-0.034219615,-0.76051208,0.56872943,0.31331807,1.2521113,2.4994854,0
27,8800,4.400000,6,1.5404754,0.59616719,0.17904084,1.326764,-0.0056407206,0.0022867299,-0.038588212,0.0071924436,0.47665075,0.076883733,0.53611661,-0.074661448,0.84083569,0.57197107,-0.13837348,0
27,8800,4.400000,7,1.5404754,0.53694278,0.55507776,0.9102798,0.017864337,-0.010862345,0.0067294538,-0.27920242,0.036839765,-0.029066238,-0.48684683,-0.051227717,-0.87198388,2.6300367,-3.036755,0
27,8800,4.400000,8,1.5404754,0.12063887,0.93770225,0.25948549,-0.052286324,-0.03465886,0.068447218,-0.080252874,0.038166272,-0.091063739,0.14639932,-0.34830619,0.92587798,0.38744352,-1.1728981,0
27,8800,4.400000,9,1.5404754,0.18054673,1.3143179,0.54494907,-0.036779428,-0.028921262,-0.020854828,0.084580028,-0.19681168,0.24779448,-0.59094017,-0.80524185,0.048736847,1.5220402,-2.2038919,0
27,8800,4.400000,10,1.5404754,0.53878481,0.97492937,0.5983676,-0.010639611,-0.015476455,0.085607392,0.13764945,-0.19486938,-0.0038100627,-0.37332294,0.10671539,0.92154317,0.39876,2.863165,0
27,8800,4.400000,11,1.5404754,0.60882298,1.315879,0.22009793,0.039053296,-0.040439309,0.0177644,-0.14804199,-0.26281103,-0.11925079,-0.44526249,0.1824986,0.87660457,0.50203613,2.7526089,0
27,8800,4.400000,12,1.5404754,0.1610362,0.93632817,1.0239511,-0.036335492,-0.064936316,0.089295755,-0.15898423,0.27934251,0.19352375,0.35285977,0.31097059,0.88248925,0.48966759,0.72237949,0
27,8800,4.400000,13,1.5404754,0.22205946,1.3303935,1.4668591,-0.0064941335,-0.031012587,0.086474926,0.029326649,-0.31212099,-0.065280791,0.41476153,0.058027673,-0.90807801,2.709468,0.13900386,0
27,8800,4.400000,14,1.5404754,0.55379981,0.98161369,1.3227024,-0.0027982796,0.0084206799,-0.0017485192,0.13343108,-0.044257527,-0.20543717,-0.79686586,-0.37261141,0.47556864,1.075186,-2.7042025,0
27,8800,4.400000,15,1.5404754,0.50652203,1.3351504,0.98301669,-0.10634296,0.019767778,-0.002545167,-0.15328914,-0.24580421,0.24234247,-0.81667042,-0.12071661,0.5643376,0.97116567,-2.9948397,0
27,8800,4.400000,16,1.5404754,1.0352906,0.22997436,0.13796708,0.06171232,0.045581253,-0.12329343,0.10089528,0.015004844,-0.29347048,0.87535442,0.34999446,0.33355436,1.230725,0.38036129,0
27,8800,4.400000,17,1.5404754,0.91507554,0.62530292,0.5816348,-0.0047787784,0.040684752,0.024216874,0.33123327,0.10613466,0.21276947,-0.035867696,-0.86523022,-0.50009018,2.0944992,-1.6122271,0
27,8800,4.400000,18,1.5404754,1.3873988,0.14081774,0.57730029,-0.020898793,0.012480227,0.009312337,0.11200329,0.31857568,-0.1030745,0.6780037,-0.46743888,-0.56728465,2.1740012,-0.60359952,0
27,8800,4.400000,19,1.5404754,1.3605241,0.57812506,0.21524202,-0.007954032,0.027203486,-0.0066579543,-0.21728538,-0.21752267,0.010640005,0.7372913,-0.13314298,-0.66232506,2.2947142,-0.17865851,0
27,8800,4.400000,20,1.5404754,0.93253922,0.2386888,0.97470412,-0.022630125,0.013845868,-0.019421645,-0.19872551,0.10607237,-0.04389755,-0.71361036,0.61665836,-0.33240445,1.9096482,2.4289474,0
27,8800,4.400000,21,1.5404754,0.98774763,0.57240601,1.3251822,-0.033053873,-0.021096239,-0.037776627,-0.076344866,-0.013298791,0.037104504,0.96271547,-0.19782359,0.1845122,1.3852208,-0.202664,0
27,8800,4.400000,22,1.5404754,1.4215562,0.20706106,1.3603296,0.045335971,0.0056885456,0.036533032,0.037095005,-0.18402809,-0.14912619,0.46449929,-0.80668468,0.36537683,1.1967587,-1.0483515,0
27,8800,4.400000,23,1.5404754,1.3165171,0.56603563,0.92200425,-0.0063415487,-0.043874108,-0.065973583,0.16782754,-0.047087272,0.45061543,0.41271945,-0.42670696,0.80472594,0.63558267,-0.80205979,0
27,8800,4.400000,24,1.5404754,0.96622047,0.87572081,0.11100051,0.015011345,-0.062076521,-0.044175906,-0.31365177,0.083686218,-0.048979823,0.42368748,-0.41245805,0.80645352,0.63266678,-0.77196897,0
27,8800,4.400000,25,1.5404754,0.93028165,1.3924966,0.6225495,-0.00037841728,0.069219522,0.0086505021,0.31362148,0.011446025,0.02144868,-0.64459151,-0.52789764,-0.55301525,2.1567752,-2.4553944,0
27,8800,4.400000,26,1.5404754,1.2979193,1.0122505,0.59443614,-0.034299738,0.037682021,0.012343846,-0.090310196,0.022675027,-0.11528532,-0.11087544,0.51208202,0.85175034,0.55147938,1.7840238,0
27,8800,4.400000,27,1.5404754,1.261451,1.2967145,0.20531008,-0.068871365,-0.049194571,0.019404026,0.090281753,0.030398618,-0.20475919,-0.81367646,-0.58121498,0.010943828,1.5598523,-2.5213289,0
27,8800,4.400000,28,1.5404754,0.95563994,0.96390912,0.99386036,-0.0078297717,0.016149477,0.023859401,-0.02628307,-0.0414659,0.06397906,-0.9035579,-0.34404451,-0.2553752,1.8290321,-2.7777761,0
27,8800,4.400000,29,1.5404754,0.96639098,1.3613273,1.3534175,0.014675804,-0.0005574184,-0.015588969,0.17161117,0.19377811,0.084271744,0.47921631,0.86012258,0.17475947,1.3951348,1.0624811,0
27,8800,4.400000,30,1.5404754,1.3713079,1.0065852,1.34774,0.011318499,0.043844819,-0.0060271886,0.034577795,0.21647632,0.0063498593,-0.10191195,-0.97110644,-0.21579212,1.7882993,-1.6753577,0
27,8800,4.400000,31,1.5404754,1.4030003,1.4024993,0.94824007,0.10323801,0.05526263,-0.050155205,0.095215697,-0.12895879,-0.12006871,0.56932817,-0.63813992,-0.51830771,2.1156672,-0.84232505,0
28,8900,4.450000,0,1.5417868,0.2670513,0.21593414,0.17332263,0.050403425,0.053879411,0.0072037526,-0.49937664,-0.21371324,-0.2089889,0.37238722,-0.92807744,-0.00010766547,1.570904,-1.1892164,0
28,8900,4.450000,1,1.5417868,0.16710672,0.52571492,0.54711004,-0.019875469,-0.082876294,-0.01172256,-0.19460384,0.13991155,-0.053359748,0.89018172,-0.24365831,-0.38497679,1.965979,-0.26717348,0
28,8900,4.450000,2,1.5417868,0.61063827,0.19646412,0.53917784,0.0286165,-0.013797315,-0.031853494,0.15047326,0.053576716,0.15415897,-0.19937715,-0.058458282,0.97817758,0.20929526,-2.8563818,0
28,8900,4.450000,3,1.5417868,0.58011449,0.64909711,0.18788355,-0.011671562,0.051673726,0.039647433,0.014048868,-0.067256042,-0.00012146129,0.77607005,-0.60087356,-0.19148432,1.7634706,-0.6588424,0
28,8900,4.450000,4,1.5417868,0.22193342,0.18072823,0.91799622,0.03839997,0.012866849,-0.061039946,-0.052437386,-0.21368847,-0.070756629,-0.49045547,0.7833655,0.38182708,1.179024,2.1301774,0
28,8900,4.450000,5,1.5417868,0.24826535,0.54543556,1.3532875,0.050638756,-0.022415088,-0.0030291797,0.046345599,0.16457612,-0.0012132712,-0.84946725,0.46090735,0.25684588,1.3110392,2.6444609,0
28,8900,4.450000,6,1.5417868,0.59789216,0.19602946,1.3298548,-0.0044238093,0.019115761,-0.036627724,0.042949732,0.19515133,-0.018396751,0.59598922,0.11419828,0.79483055,0.65206804,0.18931666,0
28,8900,4.450000,7,1.5417868,0.52678986,0.56063833,0.90934994,0.0072588055,-0.0057765032,0.0050253543,-0.14933502,0.22781999,-0.019958951,-0.45626813,0.086785408,-0.88560018,2.658581,2.9536309,0
28,8900,4.450000,8,1.5417868,0.11754868,0.93793147,0.25149076,-0.05547786,-0.035227692,0.060235078,-0.070455163,-0.07569514,-0.22246513,0.2275415,-0.30427811,0.92500794,0.38973982,-0.9286998,0
28,8900,4.450000,9,1.5417868,0.18926586,1.3113571,0.55687234,-0.028217644,-0.032999214,-0.0094003649,0.24300508,-0.022038302,0.2815894,-0.62837151,-0.73765697,0.24700494,1.3212081,-2.2763622,0
28,8900,4.450000,10,1.5417868,0.54539649,0.96610704,0.60057108,-0.004489239,-0.02512467,0.087300739,0.15733975,-0.1925312,0.044470355,-0.054691977,0.17987525,0.98216785,0.18913172,1.8659692,0
28,8900,4.450000,11,1.5417868,0.60457855,1.3025186,0.21257821,0.034292586,-0.054913743,0.010060585,-0.072468988,-0.24846006,-0.22241804,-0.53789577,0.44384455,0.71670786,0.7717263,2.4517035,0
28,8900,4.450000,12,1.5417868,0.15209525,0.95270062,1.0293975,-0.045409678,-0.049367613,0.09386839,-0.20831871,0.33183875,-0.028375166,0.074504542,0.38635848,0.91933465,0.40441015,1.3802968,0
28,8900,4.450000,13,1.5417868,0.22242157,1.3205158,1.4628938,-0.0063211508,-0.042018274,0.08126305,-0.021334982,-0.18514139,-0.14677437,0.29821035,0.097461596,-0.94951136,2.822471,0.31587863,0
28,8900,4.450000,14,1.5417868,0.56254421,0.97787529,1.3195819,0.0054711247,0.0038485475,-0.0059932925,0.16770151,-0.12499384,0.003814795,-0.877525,-0.38931617,0.27996928,1.2870342,-2.7240298,0
28,8900,4.450000,15,1.5417868,0.50110233,1.3239741,0.99135557,-0.11219138,0.0074601023,0.0049536416,-0.073457817,-0.27738791,0.10453015,-0.81263267,-0.25219439,0.5253819,1.0176324,-2.8406746,0
28,8900,4.450000,16,1.5417868,1.0367927,0.22572679,0.12837378,0.062332846,0.041139786,-0.13300005,-0.056847698,-0.17266833,-0.12613482,0.91789974,0.099985574,0.38400904,1.176662,0.10850086,0
28,8900,4.450000,17,1.5417868,0.93257356,0.63145017,0.59059759,0.01193309,0.04629727,0.032680895,0.30858935,0.11737637,0.14360399,0.03025751,-0.89196942,-0.45108206,2.0387737,-1.5368872,0
28,8900,4.450000,18,1.5417868,1.3925538,0.16120788,0.57008995,-0.016926638,0.032741864,0.0016137944,0.032915997,0.46928928,-0.14963155,0.77825351,-0.39238498,-0.49026064,2.0831851,-0.46699126,0
28,8900,4.450000,19,1.5417868,1.3559519,0.56850749,0.21874783,-0.013682091,0.017098035,-0.0033368051,-0.047223762,-0.21103471,0.032681476,0.55076998,-0.17815472,-0.81542218,2.5242545,-0.31284277,0
28,8900,4.450000,20,1.5417868,0.92834999,0.24454277,0.9738795,-0.027611144,0.019494233,-0.021075364,-0.064586142,0.1062815,-0.00053602037,-0.71139202,0.5366759,-0.45376246,2.0417793,2.4952799,0
28,8900,4.450000,21,1.5417868,0.98345964,0.56981449,1.3228461,-0.038180588,-0.024173767,-0.041239429,-0.094367407,-0.051128412,-0.13264442,0.96196341,0.067782924,0.26463535,1.3029706,0.070346828,0
28,8900,4.450000,22,1.5417868,1.4272029,0.19524228,1.3543386,0.049770545,-0.0063014136,0.029386909,0.11203015,-0.2500528,-0.12027749,0.2604265,-0.73226838,0.62925437,0.89020287,-1.2291028,0
28,8900,4.450000,23,1.5417868,1.3252702,0.56498816,0.94380321,0.0012875113,-0.04540282,-0.044968489,0.17292219,-0.013670743,0.41415806,0.23100282,-0.48403,0.84400987,0.56607998,-1.1255146,0
28,8900,4.450000,24,1.5417868,0.95501192,0.88872712,0.11314429,0.0029853359,-0.049820953,-0.0421275,-0.17561456,0.39789636,0.14143517,0.32161967,-0.42841734,0.84440474,0.5653433,-0.92683726,0
28,8900,4.450000,25,1.5417868,0.94766782,1.3907663,0.62602899,0.016208716,0.066304987,0.011598739,0.33109058,-0.078379232,0.065096427,-0.70851949,-0.53219685,-0.46342922,2.0526575,-2.4973628,0
28,8900,4.450000,26,1.5417868,1.2925764,1.0145249,0.5904451,-0.040744944,0.039094089,0.0078486553,-0.16267973,-0.0094597228,-0.057104909,-0.17198439,0.72932171,0.66220179,0.84704301,1.8023797,0
28,8900,4.450000,27,1.5417868,1.268278,1.3045662,0.1989022,-0.063120658,-0.042449679,0.012824156,0.17516179,0.19764831,-0.10680988,-0.86736888,-0.4970956,-0.023815915,1.5946145,-2.6211818,0
28,8900,4.450000,28,1.5417868,0.95513645,0.96086691,0.99894012,-0.0091462716,0.012288299,0.028091256,0.012141506,-0.096432025,0.11213459,-0.85856059,-0.28360457,-0.42713248,2.0121154,-2.8225515,0
28,8900,4.450000,29,1.5417868,0.9754567,1.3733533,1.3583452,0.02291529,0.010304962,-0.011814996,0.20756083,0.21455695,0.057773171,0.38358142,0.91737286,0.10626536,1.4643299,1.1747587,0
28,8900,4.450000,30,1.5417868,1.3707277,1.0161232,1.3499521,0.0095716109,0.052522253,-0.0049629496,-0.15417531,0.12204279,0.031941815,-0.010243303,-0.99929685,0.036067661,1.5347208,-1.5810465,0
28,8900,4.450000,31,1.5417868,1.4063464,1.3944364,0.94743309,0.10538877,0.04600961,-0.051768771,0.0091482728,-0.17990437,0.065154375,0.66765515,-0.48423945,-0.56546331,2.1717912,-0.62749418,0
29,9000,4.500000,0,1.5316815,0.24126153,0.20436727,0.16222368,0.026284684,0.043694354,-0.0027920492,-0.44736779,-0.20927489,-0.18682821,0.1032915,-0.99434465,0.024689923,1.5461039,-1.4672886,0
29,9000,4.500000,1,1.5316815,0.15524979,0.53129576,0.54481767,-0.030672623,-0.073819985,-0.010424747,-0.15849174,0.20550302,0.066614069,0.81648909,-0.277361,-0.50637579,2.101773,-0.32746919,0
29,9000,4.500000,2,1.5316815,0.61473191,0.19781251,0.54065892,0.036739149,-0.011152549,-0.02682193,0.15323209,0.014985931,0.082321087,-0.50851304,-0.28989304,0.81078758,0.62529995,-2.6234639,0
29,9000,4.500000,3,1.5316815,0.56979511,0.63412335,0.18404884,-0.018210193,0.040918989,0.03703558,-0.2246964,-0.33177969,-0.10259071,0.71938294,-0.69133178,-0.06744297,1.6382905,-0.76551643,0
29,9000,4.500000,4,1.5316815,0.21782412,0.17360381,0.90828557,0.035736529,0.0069073844,-0.064745956,-0.10137587,-0.025536011,-0.11893907,-0.59616675,0.74871951,0.28983496,1.2767419,2.2432455,0
29,9000,4.500000,5,1.5316815,0.24566975,0.55456369,1.3450404,0.049667163,-0.0096701067,-0.0024043435,-0.031427578,0.33072377,0.039904067,-0.93088134,0.30685158,0.19824743,1.3712268,2.8231738,0
29,9000,4.500000,6,1.5316815,0.59585285,0.20076171,1.319917,-0.0025381531,0.025152694,-0.037853319,-0.013001965,0.023442608,-0.027756978,0.55366747,0.35342118,0.75401976,0.71663582,0.56812579,0
29,9000,4.500000,7,1.5316815,0.51697549,0.57097855,0.90301456,0.00087619011,0.0082845462,0.0046488905,-0.12396533,0.32046229,-0.00077258068,-0.39391861,0.1982293,-0.89751505,2.6848981,2.6753692,0
29,9000,4.500000,8,1.5316815,0.11401884,0.92818625,0.24127207,-0.05824635,-0.038837294,0.05163646,-0.02069758,-0.038592532,-0.16990447,0.36525503,-0.21580789,0.90554719,0.43812858,-0.53365821,0
29,9000,4.500000,9,1.5316815,0.20321379,1.3032162,0.56919339,-0.012979111,-0.032543644,0.00662327,0.37720935,0.021891916,0.31350788,-0.62794507,-0.60355967,0.49132546,1.0571854,-2.3759932,0
29,9000,4.500000,10,1.5316815,0.54762514,0.95254496,0.59656043,0.0013332492,-0.032378445,0.087226166,0.081812535,-0.12415154,0.01262956,0.291472,0.23089586,0.92829477,0.38099592,0.6699493,0
29,9000,4.500000,11,1.5316815,0.59861496,1.2809695,0.20333591,0.032284978,-0.067968695,0.00218569,0.013572781,-0.24104794,-0.059359821,-0.579563,0.64415406,0.49917159,1.0481538,2.3034608,0
29,9000,4.500000,12,1.5316815,0.14335253,0.96160217,1.0177043,-0.053181071,-0.034171821,0.088905935,-0.12091838,0.26014124,-0.16364616,-0.043860378,0.45103206,0.89142938,0.47030661,1.667736,0
29,9000,4.500000,13,1.5316815,0.22102555,1.3010535,1.4436223,-0.0062591414,-0.0528611,0.071547805,-0.021925055,-0.24838082,-0.18614108,0.18372901,0.13512095,-0.97364572,2.911502,0.63411487,0
29,9000,4.500000,14,1.5316815,0.5670795,0.96413951,1.3114863,0.013720625,-0.0035021199,-0.0054381403,0.13044454,-0.15097734,0.014854432,-0.84102279,-0.52074157,0.1466591,1.4236063,-2.587192,0
29,9000,4.500000,15,1.5316815,0.49786919,1.3034022,0.98455405,-0.11213998,-0.0044732897,0.0046487608,0.043243142,-0.18643892,-0.11580373,-0.8360173,-0.34118364,0.42973106,1.1266014,-2.754118,0
29,9000,4.500000,16,1.5316815,1.028684,0.21358119,0.12421225,0.061015192,0.030438476,-0.13633114,-0.009751161,-0.23938041,-0.013333319,0.87484471,-0.27820502,0.39654597,1.1630451,-0.30789224,0
29,9000,4.500000,17,1.5316815,0.93815934,0.62771062,0.59428197,0.023669834,0.046697757,0.040261157,0.19448659,-0.065821,0.13677178,0.059701091,-0.92284863,-0.38050779,1.9611417,-1.5061942,0
29,9000,4.500000,18,1.5316815,1.3847356,0.1836822,0.55551048,-0.015613336,0.056350414,-0.0092649016,0.016353666,0.42332415,-0.23973328,0.78484254,-0.4293649,-0.44684223,2.0340288,-0.50059198,0
29,9000,4.500000,19,1.5316815,1.3435609,0.55557541,0.21610367,-0.017197307,0.0078617497,-0.0045512196,-0.087371296,-0.15824224,-0.097956998,0.32233842,-0.26299241,-0.90935853,2.7125358,-0.68435463,0
29,9000,4.500000,20,1.5316815,0.92311445,0.24541906,0.9659342,-0.026759202,0.021981506,-0.022642715,0.099118537,0.0036861642,-0.099800257,-0.71299914,0.37687479,-0.59126781,2.2034263,2.6553458,0
29,9000,4.500000,21,1.5316815,0.97249382,0.56516353,1.3087628,-0.042715437,-0.025093009,-0.046670212,-0.056008546,0.0027886555,-0.066877365,0.91899443,0.22885271,0.32105402,1.2439541,0.24406093,0
29,9000,4.500000,22,1.5316815,1.4227995,0.17928919,1.3411082,0.054737778,-0.021023225,0.025018943,0.12135217,-0.29142203,-0.05949283,0.071276287,-0.59873908,0.79776639,0.64721461,-1.4523099,0
29,9000,4.500000,23,1.5316815,1.3251381,0.5622818,0.95519503,0.009869924,-0.044402783,-0.027332715,0.14126135,0.031394457,0.29195184,0.14270376,-0.49608755,0.85646528,0.54241357,-1.2907002,0
29,9000,4.500000,24,1.5316815,0.94416473,0.90526918,0.11991321,-0.0016175605,-0.027380131,-0.034592227,-0.027728067,0.49647949,0.16004657,0.27149857,-0.5139531,0.81372031,0.62027213,-1.0848006,0
29,9000,4.500000,25,1.5316815,0.95537045,1.380438,0.62702073,0.030168537,0.065088155,0.016710476,0.25922612,-0.024731307,0.10455708,-0.7530819,-0.53225004,-0.38675257,1.9679038,-2.5263425,0
29,9000,4.500000,26,1.5316815,1.2780147,1.0063328,0.58322214,-0.0468548,0.037546393,0.004484586,-0.079231636,-0.070489895,-0.073936561,-0.21516147,0.86646453,0.45049391,1.1034778,1.8141943,0
29,9000,4.500000,27,1.5316815,1.2688364,1.3056045,0.19533435,-0.05422034,-0.03282926,0.010552502,0.21579718,0.1451579,0.020926867,-0.89176587,-0.45232852,0.012350878,1.5584451,-2.6721795,0
29,9000,4.500000,28,1.5316815,0.95065383,0.94875052,0.99952484,-0.0073627811,0.0064505276,0.035246852,0.037684238,-0.044710315,0.19315386,-0.84998126,-0.11903681,-0.51318816,2.1096916,-3.0024512,0
29,9000,4.500000,29,1.5316815,0.97921055,1.3739136,1.3500473,0.033096048,0.019898141,-0.011207981,0.18195068,0.18788892,-0.0089437254,0.4320662,0.90116018,-0.03505899,1.6058625,1.123719,0
29,9000,4.500000,30,1.5316815,1.3461914,1.0147485,1.3463036,-0.0060318042,0.057824965,0.00025373529,-0.47353499,0.11306319,0.13195146,0.047305179,-0.93217994,0.35889104,1.2037168,-1.520093,0
29,9000,4.500000,31,1.5316815,1.3951808,1.3757089,0.94871632,0.10343441,0.036390101,-0.044251064,-0.089760398,-0.16525564,0.18362358,0.80212602,-0.34602515,-0.48668311,2.0790851,-0.40726636,0
30,9100,4.550000,0,1.5334155,0.2192978,0.19415025,0.15408036,0.004060399,0.033251881,-0.011114315,-0.37055146,-0.19847008,-0.1624813,-0.17317977,-0.97866253,0.1105822,1.4599875,-1.7459388,0
30,9100,4.550000,1,1.5334155,0.15171689,0.54558213,0.55014423,-0.034379191,-0.060142819,-0.0057176279,0.0059168261,0.34046834,0.12384984,0.65980463,-0.41093762,-0.62911694,2.251213,-0.55702806,0
30,9100,4.550000,2,1.5334155,0.62000153,0.19822387,0.54566934,0.04131026,-0.010965231,-0.02242607,0.1009729,-0.024065203,0.10509954,-0.69878906,-0.48302601,0.52761702,1.0150034,-2.5367749,0
30,9100,4.550000,3,1.5334155,0.55980344,0.62165811,0.17554813,-0.028840907,0.02774332,0.028331436,-0.23277946,-0.18098064,-0.232202,0.62482506,-0.77906089,0.051553569,1.5192199,-0.89482283,0
30,9100,4.550000,4,1.5334155,0.20850358,0.17689275,0.90519834,0.026174807,0.0099980404,-0.06885912,-0.19899389,0.12409617,-0.087739296,-0.71161286,0.67543956,0.19336116,1.3762095,2.3822678,0
30,9100,4.550000,5,1.5334155,0.2382373,0.5736626,1.3462023,0.04196096,0.0087905534,-0.0027650125,-0.22515136,0.37778127,-0.050217219,-0.98267515,0.15990418,0.093702734,1.4769559,2.9802832,0
30,9100,4.550000,6,1.5334155,0.59512912,0.19776543,1.3209738,-0.0039356542,0.02193096,-0.03829051,-0.071053004,-0.12863904,0.020414519,0.47650099,0.59006773,0.65174142,0.86091809,0.89147706,0
30,9100,4.550000,7,1.5334155,0.51358203,0.58413455,0.90572133,-0.0031002839,0.020787074,0.0063324227,-0.048584951,0.18835137,0.087485483,-0.29814482,0.23759016,-0.92447855,2.7504618,2.4687478,0
30,9100,4.550000,8,1.5334155,0.11513434,0.92699133,0.23635587,-0.057260488,-0.041081731,0.046450053,0.010895299,-0.082046143,-0.11270265,0.48660924,-0.0060466611,0.87359881,0.50824726,-0.012425473,0
30,9100,4.550000,9,1.5334155,0.2207695,1.3047776,0.58450421,0.0043367461,-0.032457573,0.021281425,0.32945355,-0.022145222,0.2655633,-0.56090648,-0.47807412,0.67589131,0.82862292,-2.4357509,0
30,9100,4.550000,10,1.5334155,0.55031227,0.95287945,0.59638358,0.003399256,-0.033121897,0.086374441,0.026606905,0.098665269,-0.053883027,0.57715565,0.32020718,0.75123812,0.72086039,0.50652258,0
30,9100,4.550000,11,1.5334155,0.60110712,1.2743709,0.20190929,0.034098429,-0.076012948,0.00052981571,0.041304067,-0.071098504,-0.0076302049,-0.54009383,0.7905905,0.28855729,1.2780766,2.1701255,0
30,9100,4.550000,12,1.5334155,0.1379312,0.96969268,1.0065864,-0.058761535,-0.027173885,0.07664277,-0.08242489,0.025558324,-0.29937318,-0.13980447,0.49125895,0.85972051,0.5360741,1.8480508,0
30,9100,4.550000,13,1.5334155,0.22009012,1.2911285,1.4325703,-0.0074441198,-0.064252613,0.058868641,-0.018072375,-0.22981145,-0.30621196,0.14235919,0.25313621,-0.95689912,2.8469264,1.0584967,0
30,9100,4.550000,14,1.5334155,0.57514219,0.95876979,1.3135359,0.02113714,-0.0099596783,-0.0048734975,0.14913695,-0.11425123,0.036068236,-0.74072637,-0.67033591,0.044432126,1.5263496,-2.4060379,0
30,9100,4.550000,15,1.5334155,0.50694796,1.2980094,0.9754653,-0.10362966,-0.011337772,-0.0055488112,0.28778925,-0.099292176,-0.23577472,-0.90739973,-0.32046443,0.27189755,1.295432,-2.8020985,0
30,9100,4.550000,16,1.5334155,1.0289031,0.20187998,0.12758727,0.060070297,0.018502232,-0.13309857,-0.049848192,-0.19987805,0.14567747,0.67917883,-0.62628466,0.38273182,1.1780449,-0.74490278,0
30,9100,4.550000,17,1.5334155,0.95000646,0.62468715,0.60339977,0.034448776,0.042965775,0.048701398,0.21216986,-0.059379825,0.13538802,0.084196671,-0.95726451,-0.27668678,1.8511409,-1.4830666,0
30,9100,4.550000,18,1.5334155,1.3866621,0.20142977,0.54407625,-0.015254724,0.073880122,-0.021321194,-0.025910141,0.28581323,-0.25738044,0.7500155,-0.50042134,-0.43249882,2.0180587,-0.58838189,0
30,9100,4.550000,19,1.5334155,1.3393858,0.5465213,0.21364005,-0.022890286,-0.0018158374,-0.0072579569,-0.15287175,-0.2115711,-0.040580306,0.22559786,-0.32208879,-0.91943701,2.7374427,-0.95978764,0
30,9100,4.550000,20,1.5334155,0.93199422,0.24248539,0.95767472,-0.018928903,0.01877181,-0.031990428,0.16225703,-0.14073037,-0.25765247,-0.70139088,0.2499171,-0.66752698,2.3016788,2.7993018,0
30,9100,4.550000,21,1.5334155,0.96734392,0.56997674,1.306187,-0.048962749,-0.020921975,-0.050725306,-0.14767079,0.18796417,-0.08275479,0.9104105,0.17706734,0.37389823,1.1875878,0.1920936,0
30,9100,4.550000,22,1.5334155,1.4302749,0.1632185,1.34041,0.060599161,-0.037287693,0.022803694,0.087772067,-0.33208937,-0.081800313,-0.097246648,-0.48230429,0.87058926,0.51439761,-1.769758,0
30,9100,4.550000,23,1.5334155,1.3347748,0.56776721,0.9675807,0.018001862,-0.039556669,-0.016034801,0.18041803,0.12789053,0.2539034,0.13246969,-0.52986671,0.83767121,0.57779098,-1.3258123,0
30,9100,4.550000,24,1.5334155,0.95043211,0.92761284,0.12944889,0.0035780046,-0.0060733646,-0.025197612,0.14305253,0.27421446,0.25919613,0.22865289,-0.55087191,0.80265684,0.63905988,-1.1773626,0
30,9100,4.550000,25,1.5334155,0.96540663,1.3815198,0.63318793,0.039118098,0.064607472,0.02216474,0.10391928,-0.046478329,0.15050155,-0.7704204,-0.56284881,-0.29942214,1.8748833,-2.5106408,0
30,9100,4.550000,26,1.5334155,1.2792592,1.0032732,0.5837218,-0.047056995,0.033349903,0.004324084,0.073970757,-0.11558857,0.036386357,-0.25693818,0.91173861,0.32049255,1.2445469,1.8454838,0
30,9100,4.550000,27,1.5334155,1.2815356,1.3104481,0.19887274,-0.042963978,-0.029465667,0.013867881,0.19406658,0.026398368,0.10746893,-0.91688811,-0.38045438,0.12070898,1.4497923,-2.7482729,0
30,9100,4.550000,28,1.5334155,0.9531838,0.94636909,1.0087653,-0.0059098532,0.0029969834,0.043351189,0.059861629,-0.064189508,0.10174476,-0.88251284,0.073711853,-0.46447568,2.0538388,3.0582611,0
30,9100,4.550000,29,1.5334155,0.98773929,1.3849069,1.3459252,0.040512043,0.029330719,-0.016855231,0.13514953,0.24719311,-0.25117275,0.5324012,0.82313647,-0.19747233,1.7695751,0.99667693,0
30,9100,4.550000,30,1.5334155,1.3250733,1.0212246,1.3593633,-0.028661086,0.063149211,0.011782749,-0.39758603,0.066625,0.30936718,0.057693926,-0.79123456,0.60878509,0.91626804,-1.4980088,0
30,9100,4.550000,31,1.5334155,1.3886675,1.3718659,0.96393147,0.095346267,0.030992648,-0.030117937,-0.23499978,-0.062989527,0.35310915,0.91252067,-0.26759704,-0.30935069,1.8853065,-0.28525304,0
31,9200,4.600000,0,1.5397797,0.20554366,0.18329549,0.14747912,-0.010573588,0.021615428,-0.018340077,-0.26015615,-0.27737041,-0.15807256,-0.42129496,-0.86222152,0.28121986,1.2857313,-2.0252951,0
31,9200,4.600000,1,1.5397797,0.15468101,0.56583045,0.55754296,-0.032049563,-0.04219601,-0.00061274557,0.11611857,0.42180648,0.049474815,0.51971149,-0.53825525,-0.66346157,2.2962321,-0.8029241,0
31,9200,4.600000,2,1.5397797,0.62477027,0.19790461,0.551412,0.043501243,-0.012104826,-0.018955307,0.019791354,-0.048173595,0.048668135,-0.73255092,-0.63792103,0.23754139,1.3309623,-2.4251342,0
31,9200,4.600000,3,1.5397797,0.55168211,0.61669425,0.16624067,-0.039264028,0.020214963,0.018316136,-0.20159991,-0.14340088,-0.17696781,0.53904886,-0.83421306,0.1162536,1.4542793,-0.99711369,0
31,9200,4.600000,4,1.5397797,0.19951135,0.18905783,0.90127416,0.016337587,0.021405336,-0.0765243,-0.15246441,0.28453846,-0.13039479,-0.82716222,0.55717253,0.073221766,1.497509,2.5488087,0
31,9200,4.600000,5,1.5397797,0.22458182,0.5900063,1.3450044,0.027346975,0.022724509,-0.0095360078,-0.33867016,0.19948788,-0.21426067,-0.99445129,0.10518951,-0.0013405635,1.5721369,3.0362081,0
31,9200,4.600000,6,1.5397797,0.59327421,0.1927346,1.3256803,-0.0082516064,0.016091436,-0.039064871,-0.11804716,-0.10756421,-0.066785779,0.31352602,0.80736697,0.49985999,1.0473592,1.2003893,0
31,9200,4.600000,7,1.5397797,0.514228,0.59203634,0.91697328,-0.0045827779,0.026253188,0.013809841,-0.0097888688,0.066345482,0.19286141,-0.19805988,0.18761818,-0.96206637,2.8652743,2.3832615,0
31,9200,4.600000,8,1.5397797,0.11749372,0.92745282,0.23433612,-0.055382845,-0.044460569,0.043455548,0.076332468,-0.034769965,0.028780931,0.51350325,0.33768661,0.78884864,0.66186298,0.58170873,0
31,9200,4.600000,9,1.5397797,0.23524765,1.3097063,0.59920131,0.017870605,-0.032943133,0.033527279,0.21376596,0.07290885,0.15910274,-0.49339996,-0.37701419,0.78384742,0.66995852,-2.4891191,0
31,9200,4.600000,10,1.5397797,0.5540175,0.96552266,0.59450785,0.0048175654,-0.024451409,0.082032512,0.030073401,0.15671544,-0.15231156,0.72221189,0.46426209,0.51270918,1.032459,0.57132085,0
31,9200,4.600000,11,1.5397797,0.6037253,1.2787886,0.20641279,0.034221564,-0.076882502,0.0041877531,-0.043168794,-0.013583445,0.16440559,-0.34522549,0.93297461,0.1018712,1.4687481,1.9251997,0
31,9200,4.600000,12,1.5397797,0.13477503,0.96659588,0.99695032,-0.062482456,-0.034280519,0.062857613,-0.053075324,-0.26549368,-0.26100781,-0.25242337,0.49823459,0.82948462,0.59261202,2.0397383,0
31,9200,4.600000,13,1.5397797,0.21520569,1.2877678,1.4209713,-0.013230018,-0.072953854,0.041360314,-0.17907153,-0.066034752,-0.39179751,0.10035701,0.46645818,-0.87883174,2.6442045,1.3588798,0
31,9200,4.600000,14,1.5397797,0.58360506,0.96009719,1.3216424,0.02720042,-0.012606002,-0.0022241313,0.11191335,0.016875879,0.095512794,-0.58602996,-0.80727535,-0.069824082,1.6406773,-2.1987175,0
31,9200,4.600000,15,1.5397797,0.52891855,1.3005864,0.96799817,-0.083804131,-0.014142148,-0.017040657,0.4757161,-0.01145898,-0.18030808,-0.95872603,-0.24914954,0.13699966,1.4333645,-2.8873411,0
31,9200,4.600000,16,1.5397797,1.0279391,0.19461602,0.13974593,0.0548468,0.010417139,-0.12149347,-0.12194112,-0.12480461,0.32705545,0.45776191,-0.82782433,0.32428525,1.2405403,-1.0656758,0
31,9200,4.600000,17,1.5397797,0.96339378,0.6223871,0.61183592,0.043873735,0.038083172,0.054620982,0.085814036,-0.079523075,0.13451704,0.28317496,-0.92089437,-0.26789082,1.8419995,-1.2724731,0
31,9200,4.600000,18,1.5397797,1.388711,0.21226586,0.53311123,-0.018953193,0.083859552,-0.034516986,-0.10254723,0.10245212,-0.24637568,0.67925877,-0.60236316,-0.41924473,2.0034096,-0.72547134,0
31,9200,4.600000,19,1.5397797,1.3393342,0.54163137,0.21146061,-0.028489198,-0.0089592238,-0.010317739,-0.060912972,-0.060433203,-0.069694041,0.25628796,-0.40326332,-0.87846183,2.6434297,-1.0046571,0
31,9200,4.600000,20,1.5397797,0.94597573,0.23773584,0.95122862,-0.0088363824,0.013027768,-0.042389659,0.2283186,-0.089039549,-0.149991,-0.74618226,0.13840823,-0.65119521,2.2799546,2.9581886,0
31,9200,4.600000,21,1.5397797,0.96378685,0.58539846,1.3085163,-0.056518968,-0.0078928277,-0.053810782,-0.17122479,0.28378662,-0.050445252,0.9321889,0.010310858,0.3618253,1.2005712,0.011060459,0
31,9200,4.600000,22,1.5397797,1.4383057,0.14590938,1.3416752,0.062689521,-0.055237048,0.018514634,0.019713522,-0.38173831,-0.098217262,-0.29003936,-0.4194945,0.86017529,0.53518304,-2.1757285,0
31,9200,4.600000,23,1.5397797,1.3500726,0.57788256,0.98441028,0.027739664,-0.031813778,-0.0032474825,0.15942603,0.16164658,0.21044302,0.15444505,-0.58175179,0.79856846,0.64588323,-1.3112996,0
31,9200,4.600000,24,1.5397797,0.96477684,0.93725538,0.14559966,0.013956634,-0.00029269612,-0.0096163587,0.2341228,0.06129559,0.38190093,0.19799086,-0.46395071,0.863452,0.52872287,-1.1674445,0
31,9200,4.600000,25,1.5397797,0.97357916,1.384885,0.64030907,0.04327526,0.062243776,0.026648661,0.082695781,-0.070084716,0.047843968,-0.7319512,-0.65197695,-0.19792296,1.7700348,-2.4139182,0
31,9200,4.600000,26,1.5397797,1.2890809,0.99933098,0.58771967,-0.042553905,0.025260519,0.0058960559,0.12661788,-0.17840957,0.032016812,-0.28969211,0.91448027,0.28249658,1.2844006,1.8775787,0
31,9200,4.600000,27,1.5397797,1.2966348,1.3191336,0.20663574,-0.033203794,-0.026225621,0.020791156,0.19777796,0.067557486,0.14559479,-0.9310738,-0.16594006,0.3249084,1.2398815,-2.9652201,0
31,9200,4.600000,28,1.5397797,0.95979143,0.94946213,1.0143916,-0.0032637335,0.002163998,0.044787751,0.041534532,0.030348881,-0.042212207,-0.89915942,0.26369445,-0.34925287,1.92757,2.8563236,0
31,9200,4.600000,29,1.5397797,0.99625111,1.4002228,1.3393251,0.044915302,0.038879067,-0.029016185,0.025040495,0.10960092,-0.25426802,0.62066559,0.68994552,-0.37249081,1.9524879,0.83820979,0
31,9200,4.600000,30,1.5397797,1.3158575,1.028637,1.3807171,-0.043345995,0.066316678,0.027462286,-0.20610521,0.01309894,0.27106776,0.02380425,-0.67177901,0.74036904,0.73717713,-1.5353765,0
31,9200,4.600000,31,1.5397797,1.3814181,1.374913,0.98606867,0.082360283,0.02835156,-0.012018853,-0.21796812,-0.071263917,0.385934,0.98986695,-0.12817292,-0.061115625,1.6319501,-0.12876853,0
32,9300,4.650000,0,1.5297824,0.19380509,0.16945526,0.14115652,-0.021011634,0.0089239325,-0.023722673,-0.12478657,-0.23729151,-0.0094836989,-0.55130976,-0.66587053,0.50266688,1.0441154,-2.2623511,0
32,9300,4.650000,1,1.5297824,0.16135435,0.58276981,0.55441247,-0.024346845,-0.021515555,-0.0001217032,0.15899887,0.35192492,-0.011887173,0.44527683,-0.64534111,-0.6206959,2.2404263,-0.96682231,0
32,9300,4.650000,2,1.5297824,0.62056719,0.19497781,0.54743508,0.043354105,-0.013752065,-0.019353396,-0.0049497864,-0.020201855,-0.036464903,-0.69879303,-0.71518182,0.01425703,1.5565388,-2.3446044,0
32,9300,4.650000,3,1.5297824,0.54065824,0.60677326,0.1611845,-0.046730333,0.014278617,0.014326314,-0.12145233,-0.10693413,-0.032220449,0.45490699,-0.86896886,0.19481466,1.3747278,-1.0885243,0
32,9300,4.650000,4,1.5297824,0.19433168,0.20471619,0.88819751,0.012440581,0.038346356,-0.083772893,-0.026158935,0.35328293,-0.20441582,-0.89804218,0.43250105,-0.080393294,1.6512765,2.6927695,0
32,9300,4.650000,5,1.5297824,0.20355297,0.59258699,1.3254,0.0077123072,0.029156852,-0.020443263,-0.47864959,0.11253627,-0.23087427,-0.97748032,0.20253219,-0.059270027,1.6301011,2.9372854,0
32,9300,4.650000,6,1.5297824,0.58831768,0.18582652,1.3156641,-0.0093598241,0.010416231,-0.040478495,0.024128959,-0.11122319,-0.0067646211,0.12832012,0.929214,0.34654767,1.2169081,1.4335689,0
32,9300,4.650000,7,1.5297824,0.50979889,0.58619041,0.92103195,-0.0056767461,0.024244604,0.023854818,0.015474579,-0.17077819,0.14939078,-0.098745629,0.056375598,-0.99351452,3.0276409,2.622832,0
32,9300,4.650000,8,1.5297824,0.12009965,0.92019367,0.23279775,-0.052003057,-0.045702131,0.043438584,0.043874878,0.021528092,-0.04750151,0.37789603,0.71453596,0.58875542,0.94127808,1.084321,0
32,9300,4.650000,9,1.5297824,0.24065185,1.3082035,0.59888348,0.024824836,-0.025919625,0.037111528,0.051347933,0.18182236,-0.0077225048,-0.51661917,-0.30441585,0.80027222,0.64304728,-2.6091179,0
32,9300,4.650000,10,1.5297824,0.55008586,0.96512477,0.58202239,0.0044818753,-0.018561316,0.073378801,0.00052875479,0.089572593,-0.15352,0.76892523,0.58139331,0.26596203,1.3015946,0.64740109,0
32,9300,4.650000,11,1.5297824,0.59707075,1.2702091,0.2132964,0.031477855,-0.07716013,0.012438403,-0.060519809,0.0050111363,0.15306328,-0.043270016,0.99901655,-0.0096765279,1.580473,1.6140819,0
32,9300,4.650000,12,1.5297824,0.13366671,0.94651251,0.98017861,-0.062716493,-0.048133226,0.052525099,0.0040320822,-0.2780836,-0.17100227,-0.37431635,0.46956515,0.79962231,0.64413032,2.2438003,0
32,9300,4.650000,13,1.5297824,0.20799744,1.276213,1.3925311,-0.019060003,-0.076158089,0.022083193,-0.099588382,0.0029683702,-0.39018676,0.072435478,0.69085548,-0.71935514,2.3736699,1.4663291,0
32,9300,4.650000,14,1.5297824,0.58395704,0.95914846,1.318499,0.031355076,-0.0073038881,0.0032311985,0.075275953,0.14452632,0.11597901,-0.4075889,-0.87467398,-0.26232942,1.8362317,-2.0068673,0
32,9300,4.650000,15,1.5297824,0.55416419,1.2933365,0.95567782,-0.05503069,-0.01294392,-0.023095843,0.62233782,0.061979199,-0.04429642,-0.97784309,-0.20712729,0.030350987,1.5404407,-2.9328574,0
32,9300,4.650000,16,1.5297824,1.0120592,0.19237353,0.15658165,0.045610944,0.0094350283,-0.10369245,-0.24367537,0.049087557,0.35976782,0.28371238,-0.89627113,0.34088905,1.2229339,-1.2642283,0
32,9300,4.650000,17,1.5297824,0.96174672,0.61192624,0.61345241,0.048496716,0.031642284,0.060228177,0.094278599,-0.17965382,0.076398319,0.52267739,-0.81682137,-0.24415403,1.8174436,-1.0015598,0
32,9300,4.650000,18,1.5297824,1.3717224,0.21264385,0.52048006,-0.026951456,0.085621446,-0.043716812,-0.22317048,-0.004887804,-0.059844,0.56504779,-0.68577007,-0.45873784,2.0473706,-0.88161482,0
32,9300,4.650000,19,1.5297824,1.328325,0.53637603,0.2026881,-0.030810052,-0.010703622,-0.01774148,-0.013350919,-0.027843852,-0.24532925,0.35208939,-0.49589236,-0.79380339,2.4878338,-0.95338264,0
32,9300,4.650000,20,1.5297824,0.95320724,0.23328418,0.9399054,0.0045807185,0.010110137,-0.047553701,0.2845605,-0.042506134,-0.015747562,-0.84346464,0.011728542,-0.53705665,2.1377403,3.1276884,0
32,9300,4.650000,21,1.5297824,0.95087252,0.59122273,1.2990515,-0.063197512,0.0017636845,-0.054783045,-0.04863431,0.072783083,0.056768712,0.95657176,-0.12850765,0.26164144,1.3060738,-0.13354233,0
32,9300,4.650000,22,1.5297824,1.4273645,0.12672276,1.3282706,0.061081468,-0.073535927,0.013805722,-0.0060163716,-0.33343881,-0.0064516508,-0.51786094,-0.3912145,0.76077018,0.70629736,-2.494617,0
32,9300,4.650000,23,1.5297824,1.3477886,0.57987849,0.98664062,0.034242465,-0.026047069,0.005402463,0.095565841,0.070032508,0.11542147,0.18882047,-0.5311503,0.82596985,0.59887583,-1.2292359,0
32,9300,4.650000,24,1.5297824,0.96398017,0.92606721,0.16377612,0.019441791,-0.0054122665,0.0095679039,-0.027231957,-0.18459886,0.43654951,0.20850262,-0.30653569,0.92874245,0.37979017,-0.97348952,0
32,9300,4.650000,25,1.5297824,0.96765131,1.3781473,0.63506277,0.043669811,0.064505012,0.025556103,-0.055040449,0.1454595,-0.09804101,-0.67112237,-0.7295531,-0.13170815,1.7028883,-2.3145025,0
32,9300,4.650000,26,1.5297824,1.286961,0.98376037,0.5891144,-0.03628383,0.016148542,0.011123674,0.14437616,-0.16825021,0.17875678,-0.32180102,0.89522795,0.30823857,1.2574554,1.9158761,0
32,9300,4.650000,27,1.5297824,1.2980234,1.3119331,0.21509031,-0.02336454,-0.024856955,0.030619352,0.22901706,-0.020072356,0.24048521,-0.86380971,0.054009458,0.50091493,1.0461408,3.0791492,0
32,9300,4.650000,28,1.5297824,0.95870488,0.94759362,1.0006392,0.0018981224,0.0064740575,0.037598118,0.13789039,0.1616138,-0.23207676,-0.89092237,0.40508157,-0.20534423,1.7776117,2.7148565,0
32,9300,4.650000,29,1.5297824,0.98382315,1.3979896,1.3216653,0.038936181,0.045759441,-0.038009504,-0.21504351,0.14738884,-0.12645195,0.65569228,0.54940654,-0.51789969,2.1151902,0.69742909,0
32,9300,4.650000,30,1.5297824,1.3005635,1.0234331,1.3812156,-0.050118633,0.067796159,0.0369562,-0.06787228,0.026944981,0.10475532,0.031106664,-0.63263475,0.77382534,0.68593788,-1.5216659,0
32,9300,4.650000,31,1.5297824,1.363362,1.3601023,0.99441367,0.073243578,0.022448483,0.0027765404,-0.15726564,-0.1648013,0.16550307,0.9734135,0.098816,0.20664356,1.3626531,0.10116835,0
33,9400,4.700000,0,1.537257,0.1920734,0.15737804,0.14306597,-0.023683748,-0.0039498665,-0.022505884,0.015005182,-0.27322099,0.097471751,-0.6091312,-0.42979198,0.66651184,0.84127637,-2.5271302,0
33,9400,4.700000,1,1.537257,0.16934024,0.59934554,0.55675856,-0.017166834,-0.0078206333,-0.00048360905,0.19920384,0.23500455,-0.0085637328,0.44299325,-0.66908924,-0.59672152,2.2102056,-0.98597308,0
33,9400,4.700000,2,1.537257,0.62331879,0.19479644,0.54651406,0.043074283,-0.014883343,-0.022940459,-0.019325407,-0.03990327,-0.11022322,-0.56650803,-0.81353777,-0.13124386,1.7024199,-2.1790693,0
33,9400,4.700000,3,1.537257,0.53946109,0.60251541,0.16159869,-0.050559812,0.0070736248,0.013953862,-0.033838084,-0.16083757,-0.0099453898,0.37425196,-0.90328198,0.20980261,1.3594233,-1.1780025,0
33,9400,4.700000,4,1.537257,0.19512259,0.2231489,0.88131906,0.01228237,0.05573644,-0.094963822,0.011784455,0.2955905,-0.2306222,-0.89159645,0.38789726,-0.23364824,1.8066244,2.7312327,0
33,9400,4.700000,5,1.537257,0.17886255,0.60190496,1.3242867,-0.017910233,0.035563812,-0.028014117,-0.52470524,0.12360765,-0.025694034,-0.93531747,0.35138713,-0.041331872,1.61214,2.7822193,0
33,9400,4.700000,6,1.537257,0.59046351,0.17913681,1.319416,-0.010086752,0.002837035,-0.043148424,-0.058852718,-0.1150975,-0.12776382,-0.021350694,0.97287573,0.23034097,1.3383683,1.5927388,0
33,9400,4.700000,7,1.537257,0.51948651,0.57785269,0.93360185,0.0015024865,0.01306998,0.031904918,0.27127084,-0.2531772,0.16082112,-0.037896078,-0.12460742,-0.99148216,3.010979,-1.8660321,0
33,9400,4.700000,8,1.537257,0.12571708,0.92644863,0.22950038,-0.04698467,-0.043947536,0.039014542,0.14278299,0.057145046,-0.091174015,0.23171354,0.93079282,0.28272523,1.2841623,1.3268136,0
33,9400,4.700000,9,1.537257,0.23839806,1.3256587,0.5978448,0.021403552,-0.014883281,0.033156334,-0.17108542,0.28115846,-0.11683658,-0.60301383,-0.32587152,0.72813603,0.75519773,-2.6461461,0
33,9400,4.700000,10,1.537257,0.55766433,0.97060465,0.58260951,0.0093607327,-0.017798912,0.071127641,0.13338562,-0.083428439,0.065137517,0.77439755,0.63239878,0.019499161,1.5512959,0.6848012,0
33,9400,4.700000,11,1.537257,0.5979543,1.2783007,0.21553327,0.02944905,-0.07527936,0.013630191,-0.018028344,0.12866699,-0.098127831,0.28177571,0.95054717,-0.13062364,1.7017943,1.2826131,0
33,9400,4.700000,12,1.537257,0.13572335,0.93994463,0.9763131,-0.06131636,-0.059298574,0.043891464,0.070453733,-0.20386216,-0.16366849,-0.48293667,0.43047244,0.76253895,0.70356769,2.4135693,0
33,9400,4.700000,13,1.537257,0.20621447,1.2844654,1.3812935,-0.021852447,-0.074146205,0.0040854894,-0.040430658,0.051665391,-0.34082189,0.077188015,0.79409976,-0.60286614,2.2178849,1.4738988,0
33,9400,4.700000,14,1.537257,0.58772111,0.97230255,1.3299027,0.032263707,0.0011431915,0.0081806255,-0.062646614,0.15818607,0.08269599,-0.23310091,-0.8077652,-0.54146039,2.1429695,-1.8517389,0
33,9400,4.700000,15,1.537257,0.58793201,1.3043589,0.96093271,-0.024046041,-0.0082522349,-0.022511844,0.57536903,0.071620478,0.019810282,-0.96162077,-0.27335498,-0.023718086,1.5945166,-2.8646336,0
33,9400,4.700000,16,1.537257,1.0003714,0.19590822,0.17423423,0.029018616,0.012023473,-0.086845982,-0.35441484,0.028966485,0.28839724,0.15870215,-0.86258124,0.48038238,1.0697057,-1.388846,0
33,9400,4.700000,17,1.537257,0.97190572,0.60519129,0.61807378,0.053943323,0.021941088,0.061848257,0.12378148,-0.21470332,0.035508588,0.73024899,-0.6419289,-0.23380271,1.8067833,-0.72112193,0
33,9400,4.700000,18,1.537257,1.3630389,0.20835267,0.52465942,-0.042299801,0.080304242,-0.042084505,-0.35009145,-0.15455365,0.10584596,0.44685496,-0.74144046,-0.50058634,2.0950723,-1.028405,0
33,9400,4.700000,19,1.537257,1.3353363,0.53862767,0.18952911,-0.030290255,-0.011071822,-0.031856417,0.019512265,0.023876944,-0.32164101,0.47031259,-0.55935835,-0.68258648,2.3220924,-0.87166336,0
33,9400,4.700000,20,1.537257,0.97179422,0.23412343,0.95002178,0.018476447,0.0098102891,-0.042043147,0.23099671,0.038217821,0.21766581,-0.94934132,-0.083447735,-0.30296458,1.8785982,-3.0539173,0
33,9400,4.700000,21,1.537257,0.95192262,0.59425419,1.309916,-0.06678465,0.0019060728,-0.050276655,-0.045841428,-0.02909862,0.14242562,0.9563053,-0.20402619,0.20941222,1.3598225,-0.21019698,0
33,9400,4.700000,22,1.537257,1.4316765,0.12120335,1.3376153,0.058425798,-0.079659582,0.016653602,-0.1110039,0.12585416,0.12832885,-0.75610681,-0.4319627,0.49164085,1.0568233,-2.6225446,0
33,9400,4.700000,23,1.537257,1.3574528,0.58750736,0.99374557,0.037313778,-0.021263154,0.007681116,0.003453764,0.11842886,0.0053192442,0.21569762,-0.42184683,0.88063601,0.49359341,-1.0981359,0
33,9400,4.700000,24,1.537257,0.96473156,0.92103932,0.18944499,0.015492783,-0.014941718,0.034376111,-0.16354921,-0.18911513,0.55302669,0.22168166,-0.16317571,0.9613693,0.27886204,-0.63453341,0
33,9400,4.700000,25,1.537257,0.96695095,1.3965953,0.63241292,0.038254685,0.07619089,0.01981731,-0.10569381,0.2474684,-0.12793437,-0.61764177,-0.78371284,-0.065672197,1.6365158,-2.2382371,0
33,9400,4.700000,26,1.537257,1.3008938,0.98042174,0.60231616,-0.028657786,0.0080230409,0.021421911,0.15846455,-0.15338077,0.22011336,-0.33303248,0.84341965,0.42158351,1.1356054,1.9468636,0
33,9400,4.700000,27,1.537257,1.315656,1.3171087,0.22973297,-0.012101573,-0.026088562,0.044178034,0.20938772,-0.0082822206,0.27814976,-0.81679294,0.11274078,0.5658081,0.96938334,3.0044307,0
33,9400,4.700000,28,1.537257,0.97325743,0.96516367,0.99174042,0.01174243,0.019382691,0.023843666,0.23870563,0.33525324,-0.33824426,-0.88413827,0.46499101,-0.045638661,1.6164508,2.6574203,0
33,9400,4.700000,29,1.537257,0.97549752,1.412115,1.3256839,0.025835494,0.053036515,-0.040442605,-0.28162192,0.13579548,0.017532966,0.57502724,0.46124885,-0.67571679,2.312733,0.67604075,0
33,9400,4.700000,30,1.537257,1.3061578,1.0241553,1.388811,-0.050877134,0.063528282,0.037800923,0.045554067,-0.21878634,-0.040265224,0.18524181,-0.67329962,0.71578844,0.77304382,-1.3023136,0
33,9400,4.700000,31,1.537257,1.3638316,1.3553515,0.99750442,0.067066829,0.011079923,0.0010128587,-0.042439072,-0.29357009,-0.23917461,0.86675069,0.31315304,0.38817317,1.1721478,0.34670189,0
34,9500,4.750000,0,1.5206129,0.19339197,0.14175657,0.14865486,-0.020266979,-0.017943566,-0.015328947,0.13425792,-0.2930179,0.16832972,-0.62023144,-0.22155563,0.75247995,0.71897691,-2.7985052,0
34,9500,4.750000,1,1.5206129,0.17689187,0.5984165,0.55139361,-0.0077303848,-0.0022300685,0.00018315158,0.16628852,-0.061387348,0.03879407,0.48901613,-0.66370917,-0.56599768,2.1724393,-0.93580156,0
34,9500,4.750000,2,1.5206129,0.61404738,0.19384101,0.53725184,0.040537795,-0.013723382,-0.026303827,-0.10285893,0.038527895,-0.045712386,-0.48628961,-0.84605779,-0.21842306,1.7909945,-2.0924586,0
34,9500,4.750000,3,1.5206129,0.53417704,0.58679,0.15966136,-0.050000024,-0.0021786621,0.013765152,0.087273614,-0.20137725,0.0297125,0.17426482,-0.97543432,0.13475777,1.4356273,-1.3940079,0
34,9500,4.750000,4,1.5206129,0.19044964,0.23173081,0.86104049,0.0097080193,0.066794596,-0.10575902,-0.042542315,0.12716651,-0.16775012,-0.82715156,0.40551274,-0.38907547,1.9704241,2.6857738,0
34,9500,4.750000,5,1.5206129,0.15662246,0.60116223,1.3146413,-0.038324877,0.041369565,-0.023295626,-0.2642792,0.09144272,0.22637445,-0.80932805,0.55372544,0.19589857,1.3736226,2.5415638,0
34,9500,4.750000,6,1.5206129,0.57723575,0.17161581,1.2968773,-0.016958916,-0.0027749823,-0.051446912,-0.17816697,-0.073700577,-0.18929085,-0.046486875,0.9938144,0.10085585,1.4697687,1.6175385,0
34,9500,4.750000,7,1.5206129,0.5284767,0.55726617,0.92856047,0.016197191,-0.001338496,0.036999461,0.29442289,-0.27401993,0.050591436,0.059928741,-0.24830872,-0.96682538,2.8832917,-1.3339774,0
34,9500,4.750000,8,1.5206129,0.13236324,0.92229709,0.22162857,-0.038933535,-0.038036154,0.033598079,0.1742275,0.17324995,-0.11075597,0.15137093,0.97859306,0.1394362,1.4309043,1.4173304,0
34,9500,4.750000,9,1.5206129,0.22521261,1.3264891,0.58623123,0.010741232,0.00038329287,0.027987553,-0.27654747,0.31466316,-0.1055781,-0.65825122,-0.42454598,0.62166393,0.89993111,-2.5687684,0
34,9500,4.750000,10,1.5206129,0.56102217,0.95407481,0.58360998,0.018807871,-0.023852873,0.078476074,0.24994667,-0.14844132,0.18772225,0.77872006,0.61273803,-0.13471144,1.7059186,0.66667276,0
34,9500,4.750000,11,1.5206129,0.59358705,1.2740512,0.20416086,0.031567439,-0.065636151,0.0045419112,0.079984548,0.22167431,-0.23479849,0.61461097,0.77776551,-0.13165929,1.702839,0.90204327,0
34,9500,4.750000,12,1.5206129,0.13687289,0.92451406,0.95945329,-0.058683004,-0.064581032,0.037567869,0.066811415,0.054698882,-0.12962165,-0.56427674,0.43551697,0.70136776,0.79348178,2.4842758,0
34,9500,4.750000,13,1.5206129,0.20493905,1.2764033,1.3465904,-0.020889922,-0.068269253,-0.015770221,-0.026316486,0.15338286,-0.43477648,0.14086701,0.81313728,-0.5647692,2.1709499,1.3992599,0
34,9500,4.750000,14,1.5206129,0.57671151,0.96758441,1.3171944,0.027591988,0.006984062,0.0098806106,-0.13147659,0.046388152,0.011117363,-0.2151491,-0.58303192,-0.78344409,2.4709849,-1.924312,0
34,9500,4.750000,15,1.5206129,0.60499055,1.2952081,0.9534463,-0.00049370658,-0.003253372,-0.019578176,0.36039948,0.16341174,0.11416029,-0.88782884,-0.44465998,-0.11847979,1.6895551,-2.6772735,0
34,9500,4.750000,16,1.5206129,0.96906287,0.19667132,0.18744778,0.008429112,0.014923469,-0.071663348,-0.39529948,0.03718441,0.31954725,0.11015393,-0.76211449,0.63800283,0.87889447,-1.4272532,0
34,9500,4.750000,17,1.5206129,0.96533139,0.58761844,0.6150189,0.057913525,0.010860391,0.065505224,0.086429209,-0.1716722,0.081549502,0.85304952,-0.44362656,-0.27477623,1.8491533,-0.47955695,0
34,9500,4.750000,18,1.5206129,1.3291832,0.19800121,0.52549395,-0.061502333,0.072164332,-0.035533791,-0.3946004,-0.13953869,0.13027521,0.29981443,-0.80661076,-0.50940199,2.105286,-1.214925,0
34,9500,4.750000,19,1.5206129,1.3210356,0.53463581,0.17116257,-0.030132294,-0.0092218442,-0.048260188,0.001938292,0.003240598,-0.35351739,0.53944004,-0.65939026,-0.52364962,2.1219256,-0.88512231,0
34,9500,4.750000,20,1.5206129,0.97253386,0.2358195,0.95135277,0.029799424,0.014064393,-0.030362604,0.27430185,0.16032119,0.24092145,-0.99115849,-0.12907384,-0.03073732,1.6015385,-3.0120962,0
34,9500,4.750000,21,1.5206129,0.94261711,0.58762325,1.3074047,-0.065778124,0.0017080944,-0.038541496,0.0069387119,-0.0039533783,0.30837216,0.97100438,-0.16811413,0.16996508,1.4000021,-0.1714348,0
34,9500,4.750000,22,1.5206129,1.4076876,0.13343432,1.3279055,0.049891425,-0.066042214,0.021452344,-0.2713497,0.37674528,0.036852019,-0.83153717,-0.50315916,0.23532274,1.3332457,-2.5974351,0
34,9500,4.750000,23,1.5206129,1.3366365,0.5817178,0.97647108,0.0311613,-0.020688593,0.0011303399,-0.25507516,-0.022902572,-0.21085598,0.095471696,-0.37670957,0.92139842,0.39913261,-1.3225866,0
34,9500,4.750000,24,1.5206129,0.94631745,0.90414221,0.21295819,0.0074802961,-0.021904542,0.060080349,-0.1698899,-0.094253406,0.46797063,0.28003098,0.0093268586,0.95994565,0.28398814,0.033294217,0
34,9500,4.750000,25,1.5206129,0.95411098,1.3915539,0.6159256,0.035871003,0.086325762,0.010124433,0.0058279796,0.18426389,-0.26196155,-0.57125054,-0.82002201,0.035166988,1.5356221,-2.1792558,0
34,9500,4.750000,26,1.5206129,1.2943478,0.95971967,0.60773952,-0.021077579,-0.0021191166,0.033431981,0.16424235,-0.20519149,0.15256667,-0.41878475,0.7195763,0.55392173,0.98372904,2.0978664,0
34,9500,4.750000,27,1.5206129,1.3118835,1.3025092,0.23840502,-0.0015719688,-0.026429457,0.055398496,0.23545872,-0.047305314,0.11105677,-0.82530461,-0.0055225804,0.56466079,0.97077413,-3.1349012,0
34,9500,4.750000,28,1.5206129,0.97679793,0.96590013,0.96809372,0.025897526,0.030630287,0.010863991,0.25446529,0.10357929,-0.10615946,-0.85783405,0.50464369,0.097239373,1.4734031,2.6098379,0
34,9500,4.750000,29,1.5206129,0.95015474,1.4011602,1.311626,0.010973623,0.057394515,-0.040145599,-0.29659203,0.015190754,0.016774494,0.37436262,0.44520546,-0.81341547,2.5207963,0.87162308,0
34,9500,4.750000,30,1.5206129,1.2980718,1.0003758,1.3713939,-0.044788094,0.050767944,0.035407527,0.1275079,-0.26954247,-0.047022981,0.41703037,-0.70424147,0.57456907,0.95871879,-1.0361544,0
34,9500,4.750000,31,1.5206129,1.3469096,1.3250335,0.97073545,0.064899371,-0.004649224,-0.015043426,-0.042203897,-0.25078862,-0.35841629,0.81396867,0.42559192,0.3953815,1.1643132,0.48176817,0
35,9600,4.800000,0,1.5327757,0.20332796,0.13011282,0.1612367,-0.011911131,-0.030670466,-0.0039813268,0.19423899,-0.2333638,0.20774791,-0.63913327,-0.0049922683,0.7690798,0.69339614,-3.1337818,0
35,9600,4.800000,1,1.5327757,0.18493157,0.59606107,0.55888755,-0.0011318495,-0.0093436285,0.0032545025,0.11713733,-0.21244315,0.02851096,0.60095278,-0.55284529,-0.57725024,2.1861535,-0.7437274,0
35,9600,4.800000,2,1.5327757,0.61267134,0.19857477,0.53755855,0.034275213,-0.010552704,-0.030278518,-0.15806596,0.059761664,-0.098143749,-0.49152034,-0.79928726,-0.34575661,1.9238413,-2.1221348,0
35,9600,4.800000,3,1.5327757,0.54435756,0.58197485,0.16159821,-0.044115587,-0.011649556,0.014422326,0.11310137,-0.19528649,-0.023524445,-0.028062337,-0.99945124,0.017599156,1.5531963,-1.5988667,0
35,9600,4.800000,4,1.5327757,0.19148409,0.23430057,0.86533504,0.0092210879,0.067508001,-0.10834127,-0.0056857067,-0.11780653,0.035994887,-0.73343718,0.4704937,-0.49061755,2.0835946,2.5712221,0
35,9600,4.800000,5,1.5327757,0.14873316,0.61072001,1.3374182,-0.047430656,0.04610007,-0.011082598,-0.1254846,0.11500554,0.1870607,-0.55576116,0.71978421,0.41598103,1.141775,2.2283058,0
35,9600,4.800000,6,1.5327757,0.56893906,0.1707643,1.2978335,-0.029821423,-0.0049903437,-0.060826448,-0.33056394,0.010751809,-0.22148061,0.070316077,0.996748,-0.039358241,1.6101647,1.5003675,0
35,9600,4.800000,7,1.5327757,0.54797538,0.55074874,0.94019142,0.031408229,-0.012269707,0.041186589,0.28084865,-0.18974255,0.11227192,0.15259114,-0.38733566,-0.90922331,2.7122109,-1.1955157,0
35,9600,4.800000,8,1.5327757,0.14493715,0.93884114,0.21729538,-0.027464026,-0.028905519,0.027516404,0.31350481,0.17870071,-0.18062481,0.14674915,0.96287647,0.22656916,1.3422425,1.4195531,0
35,9600,4.800000,9,1.5327757,0.21333907,1.3504161,0.58610068,-0.0028794341,0.013647442,0.023187125,-0.30031552,0.20518675,-0.011895669,-0.71057486,-0.48965767,0.50529074,1.0410775,-2.5382191,0
35,9600,4.800000,10,1.5327757,0.57801653,0.9572605,0.60085393,0.031265242,-0.028280763,0.09100209,0.22781077,-0.014715459,0.28394645,0.81183195,0.54533269,-0.20866514,1.7810062,0.59150049,0
35,9600,4.800000,11,1.5327757,0.60059032,1.2977393,0.19714772,0.033813923,-0.052192166,-0.0040699105,0.036775449,0.2875797,-0.1107889,0.87420283,0.48537785,-0.013332294,1.584129,0.50684463,0
35,9600,4.800000,12,1.5327757,0.14382378,0.93606988,0.96179526,-0.052850129,-0.060436492,0.032256754,0.12799984,0.084117957,-0.11732075,-0.69121279,0.43354234,0.57815734,0.95432781,2.5813987,0
35,9600,4.800000,13,1.5327757,0.2039899,1.2941906,1.3399495,-0.023468017,-0.060721391,-0.033112886,-0.10228458,0.17576431,-0.28262614,0.31086126,0.74193136,-0.59405651,2.2068886,1.1740278,0
35,9600,4.800000,14,1.5327757,0.57392843,0.9754977,1.3289085,0.020225391,0.0071573854,0.011054342,-0.14760222,-0.049750011,0.0078844821,-0.24512768,-0.35587821,-0.90181102,2.6947386,-2.1739636,0
35,9600,4.800000,15,1.5327757,0.62213159,1.3162844,0.96335544,0.01175947,0.0074205725,-0.017304288,0.12016339,0.22661606,-0.014352079,-0.77800983,-0.58715971,-0.22348196,1.7961817,-2.4950939,0
35,9600,4.800000,16,1.5327757,0.95705318,0.20080184,0.19846645,-0.011253275,0.017470761,-0.062181755,-0.39794576,0.088708001,0.056604536,0.15064213,-0.60820926,0.7793513,0.67716647,-1.3280011,0
35,9600,4.800000,17,1.5327757,0.97830861,0.58574787,0.62300357,0.063148633,0.0043157907,0.068558462,0.086134999,-0.084502004,0.018873238,0.88972254,-0.3158886,-0.32955759,1.9066313,-0.34115923,0
35,9600,4.800000,18,1.5327757,1.3252355,0.19553297,0.53730136,-0.076023662,0.068128442,-0.027959734,-0.20512702,-0.010685353,0.15676854,0.13128711,-0.8319425,-0.53910608,2.1401717,-1.4142792,0
35,9600,4.800000,19,1.5327757,1.3334605,0.53864118,0.15588819,-0.02828111,-0.0094917098,-0.06483759,0.031534902,-0.044985478,-0.24236613,0.6229383,-0.71624113,-0.31455766,1.8907869,-0.8549574,0
35,9600,4.800000,20,1.5327757,0.99269871,0.24444682,0.9692802,0.04213627,0.020778753,-0.020085559,0.20366171,0.069747044,0.17017707,-0.97884592,-0.0035596969,0.20456781,1.3647742,-3.137956,0
35,9600,4.800000,21,1.5327757,0.95161408,0.59239815,1.3320707,-0.064326519,0.0017825609,-0.024389275,0.083818049,0.027266769,0.28674236,0.98418411,-0.085229482,0.15529836,1.4148669,-0.086383612,0
35,9600,4.800000,22,1.5327757,1.4047527,0.15463696,1.339655,0.035753313,-0.045986741,0.022576059,-0.2656464,0.37747103,-0.029151674,-0.76795888,-0.62147762,0.15493455,1.4152351,-2.4612314,0
35,9600,4.800000,23,1.5327757,1.3354945,0.58299671,0.97172146,0.019375122,-0.024049197,-0.011379799,-0.14318222,-0.046887162,-0.20991783,-0.058639232,-0.26952493,0.9612064,0.2794532,-1.785023,0
35,9600,4.800000,24,1.5327757,0.94467978,0.91089213,0.23603733,-0.0016900154,-0.02238454,0.081371325,-0.13022173,0.053413625,0.40842775,0.38282746,0.2326713,0.89403982,0.46451304,0.54611363,0
35,9600,4.800000,25,1.5327757,0.96297046,1.4084791,0.60878478,0.037094106,0.092097484,-0.001895031,-0.0032733052,0.036043661,-0.17616672,-0.49852734,-0.86618453,-0.034566574,1.6053698,-2.0930394,0
35,9600,4.800000,26,1.5327757,1.3183271,0.95656126,0.61290432,-0.0075053036,-0.012910913,0.033734537,0.35211993,-0.19180987,-0.12566208,-0.47682849,0.63354012,0.60931232,0.91560329,2.2159858,0
35,9600,4.800000,27,1.5327757,1.3320464,1.3066217,0.24216891,0.0080593651,-0.032710077,0.05724812,0.19493048,-0.14790025,-0.019095127,-0.87565427,-0.20591275,0.43684041,1.1187131,-2.9106357,0
35,9600,4.800000,28,1.5327757,0.99326338,0.97294567,0.97520739,0.034515678,0.02995272,0.010236809,0.11457457,-0.11798693,0.089191674,-0.78197791,0.61372449,0.10887056,1.4617095,2.4761666,0
35,9600,4.800000,29,1.5327757,0.94625438,1.4096178,1.3252914,-0.00048097237,0.054655751,-0.036983948,-0.14770182,-0.071223129,0.13767834,0.18424455,0.41525047,-0.89085408,2.6700181,1.153198,0
35,9600,4.800000,30,1.5327757,1.3102138,0.99574584,1.3795567,-0.043035728,0.038186511,0.032612332,-0.09503807,-0.23059462,-0.054684922,0.52270291,-0.76641309,0.37335324,1.1881753,-0.97224515,0
35,9600,4.800000,31,1.5327757,1.3546501,1.3281177,0.96124396,0.061878544,-0.012133591,-0.032230932,-0.031621341,-0.015749277,-0.30282664,0.82900945,0.45716383,0.32209402,1.2428558,0.50396185,0
36,9700,4.850000,0,1.525342,0.21474136,0.11804384,0.17292967,0.00051859164,-0.042136291,0.00852401,0.25666635,-0.16580283,0.26359566,-0.67051797,0.24120689,0.70158741,0.79317359,2.7962742,0
36,9700,4.850000,1,1.525342,0.19171976,0.58280752,0.55454854,0.0065719565,-0.019731643,0.0016220312,0.18512245,-0.22021423,-0.0014261708,0.69293376,-0.43577324,-0.57440795,2.182677,-0.56138565,0
36,9700,4.850000,2,1.525342,0.60267832,0.20203792,0.5306477,0.027236429,-0.0061157067,-0.034592796,-0.14219615,0.11635665,-0.040854239,-0.55558977,-0.67996954,-0.47849915,2.069741,-2.2558657,0
36,9700,4.850000,3,1.525342,0.54678549,0.5713496,0.15885788,-0.039035268,-0.019471341,0.012460945,0.093612475,-0.1297813,-0.079735142,-0.24750542,-0.95918316,-0.13677987,1.7080063,-1.8233255,0
36,9700,4.850000,4,1.525342,0.19081184,0.22203909,0.86660719,0.0094781298,0.056355724,-0.10285906,0.012150887,-0.29908282,0.1681693,-0.72586257,0.43352752,-0.53402005,2.1341446,2.6031915,0
36,9700,4.850000,5,1.525342,0.14445267,0.61432364,1.3373487,-0.050998493,0.052681591,-0.004650187,0.02516358,0.11983392,0.0042111583,-0.34947937,0.81567002,0.46102775,1.0916433,1.9755913,0
36,9700,4.850000,6,1.525342,0.54545594,0.17404358,1.2794498,-0.050595782,-0.00087288147,-0.072945381,-0.39604982,0.18140146,-0.24745061,0.17930492,0.96692699,-0.18138895,1.753195,1.3874412,0
36,9700,4.850000,7,1.525342,0.55577065,0.54073488,0.94065943,0.041886555,-0.019630424,0.046226617,0.11771381,-0.095724606,0.061683873,0.19844148,-0.50837373,-0.8379601,2.5643308,-1.1986403,0
36,9700,4.850000,8,1.525342,0.16363434,0.94334616,0.21174253,-0.0080166465,-0.01982521,0.023006434,0.44597527,0.22681126,0.003876988,0.18364408,0.89375906,0.40923049,1.1491858,1.3681431,0
36,9700,4.850000,9,1.525342,0.19716442,1.3522671,0.58567501,-0.018056318,0.022068235,0.025609828,-0.2970043,0.098930354,0.075145438,-0.75907541,-0.52183322,0.38922308,1.1710083,-2.5393331,0
36,9700,4.850000,10,1.525342,0.58587083,0.95419401,0.61103925,0.041948798,-0.026700875,0.10413337,0.20104378,0.062103944,0.23069547,0.84218333,0.45784164,-0.28479514,1.859589,0.49794452,0
36,9700,4.850000,11,1.525342,0.5979905,1.3034038,0.19401236,0.034127618,-0.04020468,-0.0062544526,0.017349846,0.22388819,-0.012061433,0.98205964,0.10960762,0.15344392,1.4167438,0.11114994,0
36,9700,4.850000,12,1.525342,0.15172855,0.9351019,0.9543257,-0.044226873,-0.056856,0.029444892,0.17346789,0.065330368,0.013191088,-0.84041817,0.39619351,0.3697675,1.1920376,2.7010658,0
36,9700,4.850000,13,1.525342,0.19726118,1.2965041,1.3210347,-0.029221409,-0.052110408,-0.045559411,-0.13980422,0.12207207,-0.28414053,0.50737365,0.58026449,-0.63707542,2.2614944,0.85231565,0
36,9700,4.850000,14,1.525342,0.56600619,0.96940976,1.3205406,0.015074092,0.0057971299,0.0091266896,-0.09398432,-0.065684128,-0.080417216,-0.34963329,-0.21743161,-0.91130679,2.7172432,-2.5852367,0
36,9700,4.850000,15,1.525342,0.61858708,1.3206564,0.95566967,0.011230908,0.018202545,-0.020325287,-0.09475999,0.1845543,-0.096779614,-0.63958453,-0.72970628,-0.2417858,1.8150022,-2.2904729,0
36,9700,4.850000,16,1.525342,0.93423414,0.20134623,0.19436757,-0.029475065,0.018992704,-0.065325754,-0.30312177,0.012109338,-0.15168442,0.25485018,-0.45496555,0.85326299,0.54858554,-1.0601918,0
36,9700,4.850000,17,1.525342,0.97433533,0.58086018,0.61734979,0.06392186,0.0022638862,0.065919729,-0.049592881,0.013060463,-0.098757947,0.87985556,-0.26491238,-0.3945575,1.9763826,-0.29245302,0
36,9700,4.850000,18,1.525342,1.3177809,0.19768984,0.53981571,-0.077053603,0.071241178,-0.022827098,0.083368425,0.15446571,0.050587969,0.015585151,-0.81818061,-0.57475002,2.183095,-1.5517501,0
36,9700,4.850000,19,1.525342,1.3244211,0.53002938,0.14774099,-0.030859727,-0.015505813,-0.072246768,-0.10207974,-0.1648309,-0.060556768,0.62851331,-0.77590607,-0.054228984,1.6250519,-0.88996462,0
36,9700,4.850000,20,1.525342,0.99591057,0.24582388,0.97176848,0.050182098,0.023347573,-0.012878922,0.05148109,-0.0056272172,0.13983363,-0.92108384,0.21326311,0.32576588,1.2389746,2.9140669,0
36,9700,4.850000,21,1.525342,0.9541619,0.59128701,1.3403903,-0.057146081,0.0035487432,-0.0095732964,0.12801921,-0.0087671149,0.25890159,0.99503975,0.022439218,0.096914242,1.4737297,0.022547256,0
36,9700,4.850000,22,1.525342,1.3857925,0.1701234,1.3292156,0.023576336,-0.029710777,0.018624183,-0.19164601,0.2594173,-0.09545362,-0.62804375,-0.74689391,0.21842742,1.3505936,-2.2699684,0
36,9700,4.850000,23,1.525342,1.3262355,0.5803292,0.95817773,0.016586223,-0.023888882,-0.020232373,0.032843251,0.019601036,-0.12867579,-0.22123002,-0.13025884,0.96648327,0.25963686,-2.6094538,0
36,9700,4.850000,24,1.525342,0.93472041,0.91262893,0.2537242,-0.0070809619,-0.01621508,0.10024883,-0.099999607,0.11048237,0.28545783,0.46619679,0.39679117,0.79070685,0.65883358,0.70514612,0
36,9700,4.850000,25,1.525342,0.95368502,1.3983453,0.59965451,0.032467659,0.08878659,-0.0080878501,-0.1722819,-0.16147011,-0.053121919,-0.38839983,-0.8782159,-0.2790742,1.8536262,-1.9871951,0
36,9700,4.850000,26,1.525342,1.3294723,0.94416648,0.59975065,0.010076336,-0.020685436,0.023528536,0.36948448,-0.16066711,-0.2469501,-0.47299219,0.63730283,0.60837775,0.91678138,2.2092726,0
36,9700,4.850000,27,1.525342,1.336122,1.2898352,0.23769477,0.018620872,-0.043185194,0.053940416,0.2404328,-0.19906066,-0.10904834,-0.86393512,-0.41250252,0.28889062,1.2777285,-2.6961315,0
36,9700,4.850000,28,1.525342,0.9900351,0.95901152,0.97880598,0.036108427,0.02071473,0.01858528,-0.058644257,-0.20305611,0.17338221,-0.59503195,0.80056561,-0.070934351,1.6417903,2.2099727,0
36,9700,4.850000,29,1.525342,0.93736255,1.3948742,1.3282008,-0.0047941112,0.046729292,-0.027624383,-0.033357196,-0.1876627,0.26825667,0.094233083,0.39162648,-0.9152862,2.7270142,1.3346654,0
36,9700,4.850000,30,1.525342,1.2942321,0.98292272,1.3690377,-0.052686641,0.030173102,0.028774577,-0.26527411,-0.053917827,-0.032208188,0.56308514,-0.82024225,0.10068653,1.4699389,-0.9691976,0
36,9700,4.850000,31,1.525342,1.3460497,1.3253185,0.94422532,0.059842985,-0.008482719,-0.044617818,-0.025122002,0.17377163,-0.19460177,0.87278892,0.4333624,0.22458078,1.3442835,0.46086456,0
37,9800,4.900000,0,1.5276798,0.22328188,0.11702416,0.18506502,0.0087236964,-0.043335978,0.020385232,0.058404082,0.089756923,0.21655738,-0.63840132,0.44494538,0.62806636,0.8917305,2.5329044,0
37,9800,4.900000,1,1.5276798,0.20267923,0.57284803,0.55216701,0.017229425,-0.030576081,-0.0016069637,0.23816992,-0.20128444,-0.094325131,0.74938456,-0.3267731,-0.57588377,2.1844811,-0.41119719,0
37,9800,4.900000,2,1.5276798,0.59751317,0.20570081,0.52946302,0.021152235,-0.0027650492,-0.036589253,-0.14941964,0.029330601,-0.018190479,-0.63124474,-0.52121736,-0.57433661,2.1825899,-2.4513776,0
37,9800,4.900000,3,1.5276798,0.54897196,0.56775395,0.15737295,-0.037687876,-0.023939266,0.010733863,-0.038540553,-0.064657468,-0.01924181,-0.46585337,-0.80744665,-0.36195379,1.9411593,-2.0940921,0
37,9800,4.900000,4,1.5276798,0.19265269,0.20556274,0.88121905,0.011025339,0.03955193,-0.089585595,0.074593204,-0.35267212,0.31731841,-0.80275844,0.36046706,-0.47501829,2.0657811,2.7195411,0
37,9800,4.900000,5,1.5276798,0.149773,0.61738517,1.3347816,-0.04590346,0.054799945,-0.0092635464,0.14963621,0.0035204559,-0.12643539,-0.19500744,0.8578801,0.47540912,1.0753673,1.7943114,0
37,9800,4.900000,6,1.5276798,0.52855617,0.18294223,1.2732873,-0.068317988,0.0077524156,-0.08106263,-0.34789772,0.12714899,-0.11782614,0.24424599,0.92103872,-0.30336704,1.8790206,1.3115774,0
37,9800,4.900000,7,1.5276798,0.5598114,0.54113755,0.94295753,0.045073055,-0.020056197,0.047082346,0.030503794,0.045027013,-0.023286971,0.1474075,-0.61921268,-0.77126304,2.4516194,-1.33709,0
37,9800,4.900000,8,1.5276798,0.18904332,0.95334339,0.21557437,0.01712229,-0.011280363,0.026511054,0.51533717,0.1694449,0.098822727,0.30724193,0.75012232,0.58559277,0.94518519,1.1820509,0
37,9800,4.900000,9,1.5276798,0.18110683,1.3548754,0.58978031,-0.034403576,0.022603547,0.028815025,-0.33469887,-0.09732961,0.05713896,-0.83387897,-0.4762612,0.27896438,1.2880808,-2.6226645,0
37,9800,4.900000,10,1.5276798,0.59618778,0.95631908,0.62220386,0.051360589,-0.026038778,0.11435363,0.12535875,-0.026605052,0.18080278,0.82921153,0.46646364,-0.30792843,1.8838112,0.51241892,0
37,9800,4.900000,11,1.5276798,0.60180687,1.3156955,0.19638436,0.03702525,-0.029918595,-0.0041813937,0.11306878,0.14607882,0.053234061,0.90806149,-0.257662,0.33020391,1.2342767,-0.27648223,0
37,9800,4.900000,12,1.5276798,0.15829137,0.94027688,0.95725788,-0.037901454,-0.053117087,0.030913285,0.094869283,0.0516028,0.041725975,-0.92907997,0.32539909,0.17585743,1.3940196,2.8047058,0
37,9800,4.900000,13,1.5276798,0.19241453,1.3028741,1.3102985,-0.034366455,-0.04773089,-0.058310551,-0.12181388,0.053120949,-0.28897197,0.64245093,0.39788967,-0.65493558,2.2848937,0.55451223,0
37,9800,4.900000,14,1.5276798,0.56350488,0.96878529,1.3166353,0.011707857,0.0036884869,0.0032019865,-0.02270831,-0.05161356,-0.084743751,-0.49370323,-0.14768381,-0.85699861,2.6002131,-2.8509298,0
37,9800,4.900000,15,1.5276798,0.61212939,1.3329645,0.95045019,0.003830797,0.028478661,-0.027004386,-0.13569893,0.22530261,-0.12866468,-0.47606261,-0.84847415,-0.23120555,1.804113,-2.0821071,0
37,9800,4.900000,16,1.5276798,0.92443191,0.20172828,0.18187093,-0.040700581,0.019066098,-0.078110501,-0.1888429,-0.024039865,-0.34838402,0.42327104,-0.30448558,0.85330543,0.54850415,-0.62360348,0
37,9800,4.900000,17,1.5276798,0.97162815,0.58404301,0.61255075,0.059724559,0.0045546951,0.060178894,-0.047521124,0.073146777,-0.14291617,0.85336411,-0.21540579,-0.47473155,2.0654553,-0.2472546,0
37,9800,4.900000,18,1.5276798,1.3268725,0.20394704,0.54024158,-0.069987147,0.077190834,-0.023228281,0.19637441,0.12878968,-0.0058840395,-0.082349067,-0.82129858,-0.56452394,2.1706527,-1.6707292,0
37,9800,4.900000,19,1.5276798,1.3218739,0.52580421,0.15219413,-0.03543336,-0.020539497,-0.068023303,-0.076768463,-0.066913061,0.20972292,0.55117753,-0.81376935,0.18434416,1.3853918,-0.97545854,0
37,9800,4.900000,20,1.5276798,1.0006798,0.24288981,0.9770492,0.053422437,0.020039274,-0.0090905082,0.0063877248,-0.10375744,0.0073567366,-0.78665214,0.52760091,0.32064887,1.2443819,2.5508088,0
37,9800,4.900000,21,1.5276798,0.95750998,0.58933837,1.3540284,-0.055261858,0.00069604499,0.0020015157,-0.093914935,-0.065272547,0.20513483,0.99321034,0.11607993,0.0076590778,1.5631372,0.11634564,0
37,9800,4.900000,22,1.5276798,1.3764324,0.18022854,1.326047,0.012101008,-0.019873913,0.013422296,-0.23361928,0.14967525,-0.10791037,-0.41697606,-0.85179772,0.31713028,1.2480943,-2.0260287,0
37,9800,4.900000,23,1.5276798,1.3340075,0.58270356,0.95449267,0.022321148,-0.022405121,-0.02538206,0.20522207,0.045372036,-0.064526833,-0.33830175,0.047304517,0.93984797,0.34861135,3.0026641,0
37,9800,4.900000,24,1.5276798,0.933639,0.91894837,0.26576393,-0.0095930653,-0.011298158,0.11189076,0.0044822418,0.10185327,0.1652745,0.52149666,0.4866351,0.70087625,0.7941711,0.75083158,0
37,9800,4.900000,25,1.5276798,0.94960612,1.3907564,0.59977247,0.026931314,0.079061851,-0.0088883512,-0.018513063,-0.20514566,-0.0012157997,-0.13047543,-0.84649496,-0.51616125,2.1131592,-1.7237289,0
37,9800,4.900000,26,1.5276798,1.3482214,0.93896975,0.58975262,0.026774968,-0.02732418,0.012619639,0.30288184,-0.11309176,-0.21790939,-0.47466553,0.71558752,0.51247159,1.0327357,2.1564804,0
37,9800,4.900000,27,1.5276798,1.3513594,1.2823201,0.23190299,0.031800289,-0.052669858,0.047789044,0.28014442,-0.14840203,-0.12647566,-0.83209033,-0.54192078,0.11809978,1.4524203,-2.5643207,0
37,9800,4.900000,28,1.5276798,0.98586164,0.94987235,0.98821416,0.030421913,0.010113828,0.026487219,-0.1918103,-0.16508535,0.15752964,-0.34943612,0.90027418,-0.25961664,1.8334215,1.9410405,0
37,9800,4.900000,29,1.5276798,0.93778468,1.3878749,1.3462837,-0.0058078754,0.037599156,-0.011589405,-0.058782427,-0.15425818,0.28204513,0.064407139,0.34855689,-0.93507209,2.7792587,1.3880751,0
37,9800,4.900000,30,1.5276798,1.2791433,0.98607392,1.3689424,-0.069746008,0.031816548,0.026582734,-0.37827675,0.051885181,-0.049413015,0.56596882,-0.7975052,-0.20896113,1.7813088,-0.95360711,0
37,9800,4.900000,31,1.5276798,1.345796,1.3413583,0.938209,0.057527995,0.0055150798,-0.052075619,0.015795159,0.35533553,-0.015989065,0.90767273,0.39178209,0.15045601,1.4197668,0.40747596,0
38,9900,4.950000,0,1.5215959,0.21984393,0.12402524,0.19128839,0.006169868,-0.035853924,0.027359537,-0.17930779,0.20174655,0.063884351,-0.49337985,0.55164124,0.67250894,0.83320269,2.3005008,0
38,9900,4.950000,1,1.5215959,0.21489474,0.56337997,0.54245547,0.030278129,-0.037777148,-0.0091345337,0.30140262,-0.10683286,-0.17049356,0.74614915,-0.22501925,-0.62660018,2.2479794,-0.29290028,0
38,9900,4.950000,2,1.5215959,0.58824563,0.20311102,0.52561177,0.014250507,-0.0045391765,-0.038335411,-0.089452974,-0.087991212,-0.045158549,-0.6616524,-0.385345,-0.64321484,2.2694859,-2.6142164,0
38,9900,4.950000,3,1.5215959,0.54474821,0.55882621,0.15303053,-0.039729422,-0.030619261,0.0070107489,-0.085350869,-0.17354772,-0.053824651,-0.64176257,-0.57617495,-0.5061257,2.101483,-2.4099939,0
38,9900,4.950000,4,1.5215959,0.19616502,0.18706539,0.89461906,0.015313462,0.021837886,-0.072642348,0.13025807,-0.32044012,0.28755429,-0.90953337,0.23438749,-0.34323688,1.9211573,2.8893794,0
38,9900,4.950000,5,1.5215959,0.15816964,0.61430967,1.3218782,-0.036892375,0.054181929,-0.016866352,0.22145485,0.0022501264,-0.16933893,-0.10269643,0.84504212,0.52474495,1.0183809,1.6917315,0
38,9900,4.950000,6,1.5215959,0.51192532,0.18671484,1.2687608,-0.082872917,0.012262593,-0.080517206,-0.20583397,0.088450976,0.18115552,0.22113136,0.88045828,-0.41939735,2.0035777,1.324731,0
38,9900,4.950000,7,1.5215959,0.55797812,0.54491374,0.93765464,0.045470004,-0.014113086,0.045531667,0.015406579,0.16361805,0.015096758,0.017364967,-0.70981479,-0.70417429,2.3520559,-1.5463371,0
38,9900,4.950000,8,1.5215959,0.21292265,0.95770935,0.22021777,0.041803719,-0.0031014082,0.032023982,0.5197001,0.15903184,0.11867404,0.48480478,0.52176824,0.70194176,0.79267618,0.82210375,0
38,9900,4.950000,9,1.5215959,0.16834842,1.3421397,0.58979784,-0.046464796,0.015248914,0.031186071,-0.14349528,-0.18619953,0.041257227,-0.91164147,-0.39833807,0.10117619,1.4694467,-2.7296473,0
38,9900,4.950000,10,1.5215959,0.59720744,0.94910607,0.62444528,0.054761344,-0.029450069,0.1190824,-0.025203461,-0.099965987,0.021958463,0.82429386,0.5202711,-0.2232882,1.7959829,0.56302521,0
38,9900,4.950000,11,1.5215959,0.6090043,1.3144408,0.20100273,0.046638546,-0.025925516,0.0012298695,0.23582598,0.054866318,0.096021678,0.67894638,-0.49695029,0.54043707,0.99983984,-0.63184435,0
38,9900,4.950000,12,1.5215959,0.16071452,0.9419951,0.95362757,-0.034841801,-0.047643311,0.031095596,0.0048458486,0.13323957,-0.028173813,-0.96486888,0.25532377,0.061950083,1.5088065,2.8829019,0
38,9900,4.950000,13,1.5215959,0.18404247,1.2991732,1.2917567,-0.041987436,-0.046240154,-0.071660725,-0.20326256,0.067598413,-0.26563063,0.72889204,0.21321609,-0.65058073,2.2791452,0.2845811,0
38,9900,4.950000,14,1.5215959,0.56267762,0.96207194,1.307936,0.013127568,0.00082760016,-0.00026069316,0.08254545,-0.034453,-0.010826404,-0.57402694,-0.16223066,-0.80260469,2.5024453,-2.8661574,0
38,9900,4.950000,15,1.5215959,0.60005506,1.3400918,0.94145711,-0.0058250034,0.040939371,-0.032222733,-0.20183751,0.2248401,-0.070536218,-0.34152321,-0.92470844,-0.16815528,1.7397543,-1.9245874,0
38,9900,4.950000,16,1.5215959,0.91190042,0.20196718,0.16342613,-0.049568234,0.020110463,-0.095866431,-0.21549017,0.027980399,-0.32532485,0.62043293,-0.13069127,0.77329346,0.68677717,-0.20761014,0
38,9900,4.950000,17,1.5215959,0.96412657,0.58536395,0.60353347,0.056085198,0.0082088633,0.053587933,-0.058232348,0.082935836,-0.14527509,0.7901304,-0.17738219,-0.58671075,2.1977873,-0.22083597,0
38,9900,4.950000,18,1.5215959,1.332534,0.20742624,0.5367198,-0.059019515,0.081490825,-0.0246013,0.24267044,0.070835953,-0.089082107,-0.049475365,-0.84220403,-0.53688411,2.1375358,-1.629474,0
38,9900,4.950000,19,1.5215959,1.3147457,0.5220789,0.16267716,-0.037300961,-0.022174061,-0.05691199,-0.00060303319,-0.037743353,0.2283777,0.42529853,-0.85835767,0.28695518,1.2797495,-1.1107717,0
38,9900,4.950000,20,1.5215959,0.99637262,0.23524815,0.97287805,0.053099812,0.013351578,-0.0093711341,-0.011061189,-0.16373579,-0.0056791545,-0.58844542,0.7514788,0.29834811,1.2678349,2.2351161,0
38,9900,4.950000,21,1.5215959,0.94359227,0.58138588,1.3555255,-0.065386503,-0.0049206315,0.0089047677,-0.31376204,-0.13180061,0.10171777,0.97428012,0.16901628,-0.14903607,1.7203897,0.17176863,0
38,9900,4.950000,22,1.5215959,1.3572505,0.18510399,1.3173046,-0.0016266423,-0.014269521,0.0099539373,-0.33560478,0.082688252,-0.060247273,-0.13631652,-0.91428849,0.38143723,1.1794458,-1.7188018,0
38,9900,4.950000,23,1.5215959,1.33924,0.5832084,0.94907943,0.032887414,-0.019574025,-0.026997273,0.17338787,0.081689917,0.04324347,-0.41423763,0.22180522,0.88272851,0.48915863,2.6499857,0
38,9900,4.950000,24,1.5215959,0.93471492,0.91957098,0.27289031,-0.0047893578,-0.0070073028,0.12009191,0.13810213,-0.0099648236,0.13879816,0.49224159,0.5878903,0.64193708,0.87377439,0.87372059,0
38,9900,4.950000,25,1.5215959,0.94806544,1.3746878,0.5970138,0.0291769,0.068510871,-0.0092591818,0.10811961,-0.21873115,-0.0090304547,0.22496414,-0.72875931,-0.64676194,2.2741275,-1.271382,0
38,9900,4.950000,26,1.5215959,1.3556056,0.93181127,0.57958936,0.039553961,-0.030750068,0.0047894267,0.20251711,-0.028385522,-0.092840285,-0.53872604,0.72050505,0.4366311,1.1189458,2.2128277,0
38,9900,4.950000,27,1.5215959,1.358355,1.2730317,0.22277,0.044202379,-0.056859888,0.03956319,0.25034156,-0.02805581,-0.15783796,-0.77846284,-0.62768441,0.002806813,1.5679895,-2.4630144,0
38,9900,4.950000,28,1.5215959,0.96935048,0.93940343,0.9891373,0.017811772,0.0034143933,0.031355615,-0.30872825,-0.10235402,0.012607367,-0.081001402,0.92030821,-0.38271605,1.9635307,1.6585856,0
38,9900,4.950000,29,1.5215959,0.9348117,1.3767309,1.3543288,-0.0050446307,0.03197111,0.0018440512,0.057271649,-0.11867477,0.24440833,0.050329743,0.31942269,-0.94627483,2.8123109,1.4145165,0
38,9900,4.950000,30,1.5215959,1.2559998,0.98422027,1.3614255,-0.087831357,0.033894059,0.024513467,-0.35290104,-0.0059145259,-0.079384855,0.52111454,-0.71015691,-0.47340976,2.0639541,-0.93774281,0
38,9900,4.950000,31,1.5215959,1.3416976,1.3547301,0.94102867,0.058791728,0.024266243,-0.045506443,0.011760716,0.40486692,0.20662181,0.93321736,0.33563134,0.12828469,1.4421571,0.34524544,0
39,10000,5.000000,0,1.5150341,0.20652522,0.13605623,0.19047385,-0.0062275758,-0.023260875,0.027369926,-0.34665779,0.26097465,-0.048695409,-0.31628395,0.64329799,0.69723178,0.79926778,2.0277498,0
39,10000,5.000000,1,1.5150341,0.22940233,0.55403351,0.534458,0.045745853,-0.044709075,-0.014804973,0.32248984,-0.14313042,-0.082828996,0.72905024,-0.092339592,-0.67820288,2.3161107,-0.12598654,0
39,10000,5.000000,2,1.5150341,0.58077245,0.19916436,0.52291423,0.0093033805,-0.0076165934,-0.038767235,-0.042169895,-0.050890843,0.04835087,-0.72917945,-0.20100153,-0.65413738,2.2838379,-2.8726182,0
39,10000,5.000000,3,1.5150341,0.53836075,0.54652814,0.15093656,-0.043776461,-0.04052887,0.0055736029,-0.097669288,-0.21046408,-0.0012496787,-0.69815304,-0.34600353,-0.62678855,2.2482211,-2.6814725,0
39,10000,5.000000,4,1.5150341,0.19709025,0.17497451,0.90341952,0.017088472,0.010529276,-0.059956527,-0.024782658,-0.10618917,0.20735227,-0.9827285,0.18032923,-0.041545894,1.6123542,2.9601131,0
39,10000,5.000000,5,1.5150341,0.16864972,0.61211053,1.3057674,-0.025706029,0.054632914,-0.027299187,0.21612362,0.0031286848,-0.22870754,-0.095731446,0.82982844,0.54974563,0.98873663,1.6856515,0
39,10000,5.000000,6,1.5150341,0.50194048,0.1907203,1.2766851,-0.090666971,0.017083652,-0.067092452,-0.09353461,0.10948797,0.35182069,0.20058584,0.82550413,-0.52754929,2.1265095,1.33243,0
39,10000,5.000000,7,1.5150341,0.55727513,0.55364638,0.93328571,0.047176922,-0.0030065593,0.045205564,0.050356945,0.31178167,-0.031913156,-0.17579359,-0.75429981,-0.63255704,2.2556466,-1.7997646,0
39,10000,5.000000,8,1.5150341,0.24079286,0.96104675,0.22565023,0.070654482,0.004382183,0.038419926,0.61903222,0.11189193,0.061263188,0.64096819,0.25841022,0.72276133,0.76300674,0.38322417,0
39,10000,5.000000,9,1.5150341,0.1647032,1.3273966,0.58938786,-0.049390354,0.0062742886,0.033324152,0.039964626,-0.22965715,0.059818025,-0.96332086,-0.25627215,-0.079608409,1.6504891,-2.8815848,0
39,10000,5.000000,10,1.5150341,0.59385951,0.93824866,0.62155431,0.053987131,-0.036229207,0.11888386,-0.0084799824,-0.1060519,0.031246291,0.78403503,0.62007124,-0.028297061,1.5990972,0.66915016,0
39,10000,5.000000,11,1.5150341,0.61636024,1.3133291,0.20402283,0.056642368,-0.02135901,0.0051251842,0.13827757,0.11383454,0.08841661,0.33723248,-0.56174157,0.75546056,0.71443955,-1.0301314,0
39,10000,5.000000,12,1.5150341,0.15815741,0.94537395,0.94884629,-0.03670989,-0.040186091,0.030425281,-0.03585571,0.21499761,-0.03872226,-0.98006727,0.19865474,0.0021065789,1.5686897,2.9416071,0
39,10000,5.000000,13,1.5150341,0.17494785,1.2924475,1.2761225,-0.050306368,-0.047365715,-0.081746144,-0.14851556,-0.053772385,-0.14906013,0.77007185,0.10657045,-0.62899291,2.2510534,0.1375168,0
39,10000,5.000000,14,1.5150341,0.56737214,0.95380496,1.3062688,0.020263995,-0.0032994662,0.0037210631,0.16600529,-0.15292674,0.11923146,-0.62542218,-0.17804261,-0.75970253,2.4336519,-2.8642533,0
39,10000,5.000000,15,1.5150341,0.58724482,1.3464173,0.93352363,-0.016069708,0.053070059,-0.036104668,-0.25741622,0.23448716,-0.023182839,-0.24326099,-0.96929891,-0.035828835,1.6066328,-1.8166839,0
39,10000,5.000000,16,1.5150341,0.89746812,0.20404519,0.1482036,-0.060090792,0.023065821,-0.11041564,-0.2217543,0.064161727,-0.24995833,0.81559338,0.074853776,0.57376333,0.95970292,0.091521906,0
39,10000,5.000000,17,1.5150341,0.96010681,0.58795244,0.59327319,0.056223432,0.013332749,0.04591374,0.090774658,0.058673375,-0.11806511,0.71222519,-0.160293,-0.68340429,2.323212,-0.22137101,0
39,10000,5.000000,18,1.5150341,1.3372161,0.20657359,0.53366347,-0.048568406,0.081532769,-0.025344685,0.19057258,-0.14978515,0.089607212,0.0053093119,-0.86054302,-0.50935009,2.1052257,-1.5646267,0
39,10000,5.000000,19,1.5150341,1.3067635,0.52250185,0.17295174,-0.039618464,-0.019493913,-0.045912115,-0.084925783,0.14451126,0.12482769,0.30104064,-0.91465591,0.26977603,1.2976359,-1.2528336,0
39,10000,5.000000,20,1.5150341,0.98979635,0.22631517,0.9675955,0.050815357,0.0054159323,-0.010460603,-0.12815812,-0.13871288,-0.075389011,-0.45068506,0.84845576,0.2774992,1.2896062,2.0590778,0
39,10000,5.000000,21,1.5150341,0.92254997,0.57039105,1.3561635,-0.082396416,-0.013426671,0.015402375,-0.37755168,-0.19113891,0.11772567,0.94440849,0.15889427,-0.28782844,1.8627549,0.16668629,0
39,10000,5.000000,22,1.5150341,1.3362375,0.18964261,1.3105163,-0.01681946,-0.0089211069,0.0088439987,-0.27929191,0.13556383,0.030813816,0.10903873,-0.88149814,0.45942528,1.0934483,-1.4477244,0
39,10000,5.000000,23,1.5150341,1.3393501,0.58325181,0.9453837,0.03878556,-0.017010053,-0.026599345,0.055996382,0.080620582,-0.048407783,-0.44927745,0.3702106,0.8130768,0.62137837,2.45238,0
39,10000,5.000000,24,1.5150341,0.94136616,0.9148175,0.27241064,0.0059158739,-0.0077969352,0.12079055,0.24262817,-0.025526526,-0.046573625,0.48866937,0.6673162,0.56204212,0.97394361,0.93872592,0
39,10000,5.000000,25,1.5150341,0.95195729,1.3598341,0.59372707,0.037174465,0.059566104,-0.0099728992,0.20328299,-0.1583812,-0.051820115,0.5974122,-0.49836694,-0.62827467,2.2501299,-0.69525514,0
39,10000,5.000000,26,1.5150341,1.3567559,0.92586194,0.57274487,0.046565347,-0.032685236,0.00043495081,0.1082522,-0.017390577,-0.014683733,-0.59388977,0.63683813,0.49166263,1.0567983,2.3213119,0
39,10000,5.000000,27,1.5150341,1.3647908,1.2659872,0.21267963,0.056522586,-0.058417879,0.030413718,0.24700046,0.01331747,-0.16131477,-0.72251299,-0.69058702,-0.032627445,1.6034296,-2.3787835,0
39,10000,5.000000,28,1.5150341,0.94762059,0.93282916,0.982757,0.00022409268,0.00088572828,0.029236281,-0.38622311,-0.038970363,-0.086524409,0.22114781,0.87918719,-0.42204684,2.0064982,1.3243719,0
39,10000,5.000000,29,1.5150341,0.9334408,1.363562,1.3564191,-0.0023784945,0.024723524,0.0097918791,0.058121101,-0.13414933,0.080107627,0.009557962,0.40282158,-0.91522862,2.7268713,1.5470732,0
39,10000,5.000000,30,1.5150341,1.2385546,0.97491042,1.3495923,-0.09988631,0.028817588,0.018538362,-0.10665691,-0.17506638,-0.15039115,0.56350662,-0.53170996,-0.63225376,2.2552551,-0.75637401,0
39,10000,5.000000,31,1.5150341,1.332869,1.3663871,0.94847417,0.055742459,0.04180324,-0.033977946,-0.10503538,0.22853628,0.21048845,0.88598167,0.41949662,0.19763367,1.3718529,0.44220928,0
