frame,step,time_ps,molecule_id,box_nm,x_nm,y_nm,z_nm,dx_nonaffine_nm,dy_nonaffine_nm,dz_nonaffine_nm,vx_nm_ps,vy_nm_ps,vz_nm_ps,dipole_ux,dipole_uy,dipole_uz,theta_rad,phi_rad,dipole_debye
0,1100,0.550000,0,1.5368865,0.16880148,0.19720548,0.20973449,0.0023485715,0.0015591631,-0.0018883055,0.043988221,-0.045396926,-0.046943893,0.60175501,-0.56573519,0.56376822,0.97185521,-0.7545556,2.3
0,1100,0.550000,1,1.5368865,0.15888452,0.61739059,0.515298,0.0010430994,0.0077035351,0.0031154916,-0.034940959,0.23382014,0.10438732,-0.093016217,0.89553871,0.4351533,1.1205878,1.6742914,2.3
0,1100,0.550000,2,1.5368865,0.58905213,0.17158648,0.5994559,0.0067241163,0.0032193753,0.00022634644,0.12143732,0.085118709,-0.039387734,-0.40662264,0.25035321,0.87862466,0.49782202,2.5897167,2.3
0,1100,0.550000,3,1.5368865,0.56984414,0.54650462,0.23609771,-0.01515183,-0.0020990902,0.0045421021,-0.25764066,-0.032819556,0.10578693,-0.42092491,-0.45667904,0.78375154,0.67011292,-2.3154764,2.3
0,1100,0.550000,4,1.5368865,0.1504422,0.12224942,0.92704105,0.0014458482,0.0038876849,0.000298102,0.025656527,0.074908386,0.0232795,0.59859558,-0.34403538,0.72341067,0.76206671,-0.52163705,2.3
0,1100,0.550000,5,1.5368865,0.1770251,0.55257224,1.2692896,0.0028290959,-1.4243387e-05,0.0036040558,0.053087658,0.016255564,0.1192471,-0.40111223,-0.66429093,-0.63073492,2.2532962,-2.11402,2.3
0,1100,0.550000,6,1.5368865,0.57709994,0.21944922,1.4376725,0.0034172621,-0.0054803425,0.00054796323,0.065221783,-0.12082276,-0.075282434,0.60774936,0.31417819,-0.72933722,2.388149,0.47711828,2.3
0,1100,0.550000,7,1.5368865,0.6322851,0.57693605,0.974465,-0.0046744762,-0.0037346228,-0.011232937,-0.057778465,-0.11237271,-0.21483916,0.59131185,0.65475493,-0.47079324,2.060986,0.83626891,2.3
0,1100,0.550000,8,1.5368865,0.223349,0.96614905,0.17995132,-0.012788372,0.0031178235,0.00015022066,-0.25285473,0.082792133,-0.029311737,0.86337091,-0.49360769,-0.10460456,1.6755926,-0.51936689,2.3
0,1100,0.550000,9,1.5368865,0.20925869,1.3168133,0.53915629,0.0079680875,-0.012859717,0.00020981467,0.19531965,-0.21394653,-0.0053592582,-0.71003838,-0.65477245,-0.25907246,1.8328581,-2.3966659,2.3
0,1100,0.550000,10,1.5368865,0.60048352,0.92489647,0.56088145,-0.00094843663,0.0070560904,0.0042746607,-0.0059737283,0.10621656,0.14599549,0.9254829,0.3516844,-0.14071066,1.7119755,0.36314786,2.3
0,1100,0.550000,11,1.5368865,0.58094856,1.3024792,0.2186476,-0.014616285,0.0037432989,0.0015450043,-0.31232506,0.10332249,2.0047946e-05,-0.24229936,0.44382301,-0.86273528,2.6114507,2.0705147,2.3
0,1100,0.550000,12,1.5368865,0.18465003,0.99519186,0.91861087,-0.007332286,0.0034605488,-0.0034806476,-0.14810454,0.019963957,-0.052756239,0.47248844,-0.57750387,0.66576569,0.84227681,-0.88508209,2.3
0,1100,0.550000,13,1.5368865,0.19269066,1.3496194,1.3618441,-0.00098055917,0.0022130509,-0.00063212793,-0.0073471058,-0.040792518,-0.022753193,-0.3972064,0.6400234,0.65772116,0.85300687,2.1262342,2.3
0,1100,0.550000,14,1.5368865,0.58792585,0.94046393,1.3321907,0.014366211,-0.0061340132,-0.0076497775,0.28284565,-0.12301593,-0.18480592,-0.40393163,-0.84587851,0.34832282,1.2150151,-2.0163062,2.3
0,1100,0.550000,15,1.5368865,0.56676608,1.3665648,1.0181765,-0.001886468,-0.00076295727,-0.004091028,0.040608615,-0.035588442,-0.10960413,-0.39347028,-0.91198986,-0.1159984,1.6870565,-1.9781103,2.3
0,1100,0.550000,16,1.5368865,0.94701712,0.16819329,0.19893139,0.00067526549,-0.0027217534,-0.0025293316,0.032148853,-0.047916273,0.0053793461,-0.53377936,-0.84454972,-0.042607251,1.6134165,-2.1344338,2.3
0,1100,0.550000,17,1.5368865,0.96521162,0.56847468,0.58193947,-0.0040696795,-0.0011851347,-0.0094667251,-0.16906819,-0.01550568,-0.18404275,-0.079820825,-0.79461421,-0.60184457,2.2166052,-1.6709128,2.3
0,1100,0.550000,18,1.5368865,1.3115337,0.24108422,0.52701126,0.010861762,0.0022094841,-9.5597522e-06,0.26308689,0.012600307,0.063368197,0.45698964,0.69365911,-0.5567742,2.1612936,0.98825262,2.3
0,1100,0.550000,19,1.5368865,1.331948,0.60804287,0.16089152,0.0083299773,-0.00064011625,-0.0021980386,0.19187665,0.014478027,-0.039705772,0.41323895,-0.60339932,-0.6820138,2.321309,-0.97030963,2.3
0,1100,0.550000,20,1.5368865,0.94548342,0.18050748,0.95911226,-0.0088766645,0.0017472569,0.0033490987,-0.18520944,0.092226273,0.094667797,0.16414146,-0.32282663,0.93211617,0.37058355,-1.100411,2.3
0,1100,0.550000,21,1.5368865,1.0084768,0.57747725,1.3277326,-0.0069803347,-0.00076586569,-0.0029736676,-0.19878028,-0.057744396,-0.063570805,-0.6375979,0.13555253,0.75834981,0.71001851,2.9321128,2.3
0,1100,0.550000,22,1.5368865,1.3432131,0.20337819,1.3700288,-0.0068345779,0.0037971576,0.0013434624,-0.18843074,0.045988314,-0.029620478,-0.54756628,-0.25998583,0.79534806,0.65121476,-2.6983055,2.3
0,1100,0.550000,23,1.5368865,1.3519426,0.55308576,0.90487863,0.0067351767,0.013650436,0.004851763,0.12163281,0.22535064,0.065400087,-0.47986907,-0.80321796,0.35293991,1.210085,-2.1093263,2.3
0,1100,0.550000,24,1.5368865,0.96129009,0.99821277,0.18231991,-2.484918e-05,-0.0028337863,0.010373046,0.031958881,-0.055425553,0.1679029,0.53983795,0.69728092,0.47156581,1.0797308,0.91198351,2.3
0,1100,0.550000,25,1.5368865,0.94485927,1.3294043,0.61614801,-0.0018374457,-0.0034112825,-0.0018198546,-0.073276094,-0.028312414,-0.032019934,-0.87935681,0.24279897,0.40960988,1.1487699,2.872195,2.3
0,1100,0.550000,26,1.5368865,1.3130308,0.97376938,0.55566894,0.0092000732,0.0029625378,0.0083848817,0.21502692,0.048858211,0.21406353,-0.65562319,-0.55667534,0.51016742,1.0354169,-2.437634,2.3
0,1100,0.550000,27,1.5368865,1.3475294,1.3799109,0.21814663,0.0040984885,0.0033493712,0.0017642057,0.11378763,0.10554482,-0.056516093,-0.41842145,0.3023133,0.85646375,0.54241653,2.5159191,2.3
0,1100,0.550000,28,1.5368865,0.98099781,0.9605903,0.99563257,-0.0061656584,-0.0088282403,-0.0088994319,-0.10606928,-0.17732818,-0.18783427,0.67409673,-0.49839732,0.54515475,0.99422263,-0.63665394,2.3
0,1100,0.550000,29,1.5368865,0.97543154,1.3521155,1.3546696,0.0076754987,-0.017970294,-0.001653324,0.11853043,-0.39014144,-0.023481183,0.27007431,-0.84821438,-0.45562291,2.0438682,-1.2625424,2.3
0,1100,0.550000,30,1.5368865,1.3755037,0.96741936,1.3579759,0.0011887131,-0.0029897158,0.0074409343,-0.023761768,-0.062400478,0.19198608,0.82120006,-0.16813156,-0.5453093,2.1475544,-0.20194797,2.3
0,1100,0.550000,31,1.5368865,1.3168052,1.3630283,0.98095837,0.0043178843,0.0087011035,0.002552553,0.088708842,0.17906984,0.079113277,-0.39345737,0.45224966,-0.80041336,2.4987808,2.2867876,2.3
1,1200,0.600000,0,1.5275909,0.16986373,0.19070568,0.20855998,0.0044381362,-0.0037640181,-0.0017939806,0.019044294,-0.12541275,0.01948439,0.65468463,-0.57859424,0.48643267,1.0627942,-0.72377863,2.3
1,1200,0.600000,1,1.5275909,0.15349634,0.6248172,0.5172666,-0.0033975585,0.018898296,0.0082162724,-0.11365501,0.20595873,0.11066095,-0.2136877,0.93434239,0.28520495,1.2815761,1.7956333,2.3
1,1200,0.600000,2,1.5275909,0.59045257,0.1762205,0.59149928,0.011702444,0.0089084644,-0.0041177259,0.015845377,0.10579607,-0.10934669,-0.36530303,0.37981007,0.84988117,0.55503656,2.3367274,2.3
1,1200,0.600000,3,1.5275909,0.55881869,0.54745464,0.23786415,-0.022753728,0.002169329,0.0077462684,-0.053379413,0.16236851,0.0089850998,-0.41165687,-0.58726028,0.69689597,0.79973614,-2.1821787,2.3
1,1200,0.600000,4,1.5275909,0.14962933,0.12750528,0.92422064,0.0015432039,0.0099011976,0.0030932392,-0.0020749366,0.15420559,0.075521663,0.59845086,-0.37463961,0.70816786,0.78389644,-0.55932935,2.3
1,1200,0.600000,5,1.5275909,0.1806504,0.55071145,1.2671255,0.007539393,0.0014716252,0.009133807,0.13065864,0.076057866,0.10970941,-0.3562376,-0.71394254,-0.60281077,2.2178155,-2.0336215,2.3
1,1200,0.600000,6,1.5275909,0.57656292,0.20755124,1.4219303,0.0063797384,-0.016083175,-0.006520129,0.071881823,-0.27081634,-0.20608345,0.36484181,0.15242952,-0.91850732,2.735085,0.39575317,2.3
1,1200,0.600000,7,1.5275909,0.62559131,0.56647076,0.96091792,-0.0075527164,-0.01073162,-0.018909395,-0.043914647,-0.14068382,-0.087605884,0.56714394,0.58946818,-0.57521737,2.1836662,0.80469717,2.3
1,1200,0.600000,8,1.5275909,0.2087151,0.96446181,0.17440915,-0.026111792,0.007286837,-0.0043170889,-0.30048483,0.033552241,-0.14875593,0.82104986,-0.55457819,-0.13535199,1.706565,-0.5940588,2.3
1,1200,0.600000,9,1.5275909,0.21665094,1.2998775,0.5353471,0.016652354,-0.021858319,-0.00034003418,0.18544671,-0.12397602,-0.019805704,-0.66695103,-0.5977365,-0.44484537,2.0317979,-2.4108685,2.3
1,1200,0.600000,10,1.5275909,0.59536293,0.91981539,0.56541919,-0.0024416214,0.0075706667,0.012228935,-0.047400657,-0.0068643763,0.15314819,0.91854746,0.25873917,-0.29887223,1.874307,0.27456863,2.3
1,1200,0.600000,11,1.5275909,0.55961541,1.3023265,0.21689887,-0.032489873,0.01149194,0.0011174351,-0.3814644,0.19628142,-0.028888903,-0.33653038,0.49299166,-0.80231324,2.5019569,2.1697685,2.3
1,1200,0.600000,12,1.5275909,0.17574415,0.98830442,0.91202599,-0.015145042,0.0025897335,-0.0045125709,-0.16252177,-0.06939446,0.0055932245,0.45834636,-0.67994571,0.57235692,0.96141907,-0.97767032,2.3
1,1200,0.600000,13,1.5275909,0.19341072,1.337755,1.3520849,0.00091069941,-0.0014996223,-0.0021590492,0.056811141,-0.10886922,-0.037646368,-0.44964773,0.59057662,0.67010161,0.83645065,2.221535,2.3
1,1200,0.600000,14,1.5275909,0.60005323,0.92852059,1.3168335,0.030097294,-0.012408133,-0.014971615,0.27121285,-0.15252735,-0.1421326,-0.31846009,-0.92063843,0.22584963,1.3429812,-1.9038248,2.3
1,1200,0.600000,15,1.5275909,0.56821961,1.3563511,1.0042049,0.003009909,-0.0027170996,-0.011928136,0.10940479,-0.076631317,-0.18157141,-0.41090308,-0.87355165,-0.26089495,1.8347455,-2.0104702,2.3
1,1200,0.600000,16,1.5275909,0.94420005,0.16555884,0.19857676,0.0035949454,-0.0043438284,-0.0016781678,0.11434377,-0.024553288,0.042614752,-0.4487069,-0.88823906,-0.098455558,1.6694116,-2.038567,2.3
1,1200,0.600000,17,1.5275909,0.9498462,0.56702835,0.57004,-0.013626152,0.00081293026,-0.01787192,-0.17901237,0.060956025,-0.18092731,-0.16938038,-0.70709312,-0.68653449,2.3275084,-1.8059107,2.3
1,1200,0.600000,18,1.5275909,1.3177538,0.23954533,0.53048002,0.025057485,0.0021285034,0.006666997,0.29967277,0.00082836435,0.17889479,0.34015009,0.83166792,-0.43889223,2.0251618,1.1825576,2.3
1,1200,0.600000,19,1.5275909,1.3336672,0.60703943,0.15836249,0.018135021,0.0020422328,-0.0037586735,0.19151201,0.058476871,-0.021852715,0.42853692,-0.42273196,-0.79853228,2.4956493,-0.77857908,2.3
1,1200,0.600000,20,1.5275909,0.93370381,0.18728751,0.95908636,-0.014956095,0.0096430061,0.0091418179,-0.089408773,0.21643515,0.13488521,0.19566342,-0.32742701,0.92439568,0.39134811,-1.0321591,2.3
1,1200,0.600000,21,1.5275909,0.99153475,0.56994272,1.3165168,-0.017855757,-0.0048199082,-0.0061685873,-0.21132825,-0.11588496,-0.040472558,-0.47175782,0.13810529,0.87084527,0.51387704,2.856804,2.3
1,1200,0.600000,22,1.5275909,1.3230609,0.20388756,1.3585642,-0.018899167,0.0055419293,-0.0018443076,-0.23540166,0.043192433,-0.080456511,-0.39433571,-0.1930534,0.89845965,0.45454784,-2.6863269,2.3
1,1200,0.600000,23,1.5275909,1.3475873,0.56278066,0.90344768,0.010568513,0.026730269,0.0089061359,0.044684857,0.26374016,0.095286861,-0.50809049,-0.83965835,0.19187994,1.377719,-2.1149689,2.3
1,1200,0.600000,24,1.5275909,0.95880162,0.98964061,0.18816322,0.003311018,-0.0053761126,0.017340227,0.074919113,-0.044071099,0.11541804,0.51220335,0.67006078,0.53727673,1.0035914,0.91813436,2.3
1,1200,0.600000,25,1.5275909,0.93473997,1.323374,0.61159231,-0.0062553067,-0.001394822,-0.0026513928,-0.086007928,0.08762429,0.0013357335,-0.91105849,0.24555682,0.33117106,1.2332519,2.8783197,2.3
1,1200,0.600000,26,1.5275909,1.3147785,0.97009352,0.56410638,0.0189189,0.0051831145,0.020219101,0.12454126,0.026063358,0.2595035,-0.57732587,-0.62523344,0.52514569,1.01791,-2.3163775,2.3
1,1200,0.600000,27,1.5275909,1.3437472,1.3774777,0.21225986,0.0084798754,0.0092803959,-0.0028170361,0.067105053,0.063334764,-0.11994806,-0.33072178,0.18812241,0.92478812,0.39031799,2.6244124,2.3
1,1200,0.600000,28,1.5275909,0.97205959,0.94698854,0.979495,-0.0091795966,-0.016643719,-0.01904585,-0.0083822633,-0.16293924,-0.19740067,0.63144344,-0.4763188,0.611882,0.9123585,-0.64626864,2.3
1,1200,0.600000,29,1.5275909,0.97403874,1.3243855,1.3474635,0.012196162,-0.037581691,-0.00066288518,0.086479578,-0.3695173,0.039396852,0.42087832,-0.82972818,-0.36662321,1.9461732,-1.1013668,2.3
1,1200,0.600000,30,1.5275909,1.3656852,0.95626742,1.3578516,-0.00031490427,-0.0083064928,0.015554727,-0.016276227,-0.068497445,0.16699214,0.87296345,-0.17533108,-0.45518549,2.0433768,-0.19820874,2.3
1,1200,0.600000,31,1.5275909,1.3129739,1.3619157,0.97920494,0.0084636677,0.015854219,0.0067450156,0.086761852,0.13494284,0.088043233,-0.41238859,0.29033672,-0.86350463,2.6129741,2.5281626,2.3
2,1300,0.650000,0,1.5307522,0.17013677,0.18439882,0.21381679,0.0043597254,-0.010458616,0.0030262334,0.021072514,-0.16798858,0.13241078,0.66922744,-0.51931589,0.53145615,1.0104777,-0.65993022,2.3
2,1300,0.650000,1,1.5307522,0.14873819,0.63582443,0.52394598,-0.0084681229,0.028602464,0.01381939,-0.085185423,0.19977809,0.091663344,-0.3220449,0.93735121,0.13289019,1.4375119,1.9017306,2.3
2,1300,0.650000,2,1.5307522,0.58776118,0.18054956,0.58948278,0.007793177,0.012868745,-0.0073549684,-0.15255268,0.065888752,-0.019674373,-0.35113882,0.38674485,0.85271915,0.54962753,2.3079776,2.3
2,1300,0.650000,3,1.5307522,0.55973138,0.55821621,0.23846199,-0.022997238,0.011788023,0.007851751,0.014085597,0.24513546,-0.0047968798,-0.41475397,-0.72496292,0.54991627,0.98853234,-2.0904512,2.3
2,1300,0.650000,4,1.5307522,0.1515885,0.13764921,0.92707604,0.0031910188,0.019771056,0.00403503,0.046552621,0.25194244,0.0048627223,0.57488803,-0.50120829,0.64675653,0.86747223,-0.71703539,2.3
2,1300,0.650000,5,1.5307522,0.18831931,0.55624545,1.2786321,0.014826921,0.0058614126,0.018008931,0.15236283,0.091869375,0.19314256,-0.34917008,-0.74973991,-0.56211237,2.167734,-2.0066472,2.3
2,1300,0.650000,6,1.5307522,0.57982323,0.19562366,1.4098679,0.0084447367,-0.028427512,-0.021509745,0.015031331,-0.25687968,-0.33566862,0.27903316,0.069970509,-0.95772889,2.8497971,0.24569435,2.3
2,1300,0.650000,7,1.5307522,0.62289965,0.56123334,0.96118547,-0.011534898,-0.017134714,-0.02062866,-0.078150868,-0.12020134,-0.0076708255,0.51856222,0.47582835,-0.71040876,2.3608752,0.74244965,2.3
2,1300,0.650000,8,1.5307522,0.19519129,0.96839468,0.16400418,-0.040053118,0.0092217844,-0.01507188,-0.25041644,0.053403434,-0.27415928,0.79695597,-0.5729074,-0.19141133,1.7633962,-0.62327817,2.3
2,1300,0.650000,9,1.5307522,0.22765467,1.2991804,0.54075623,0.027196827,-0.025241965,0.0039567737,0.18513857,0.051770192,0.17505417,-0.63999231,-0.50051704,-0.58300303,2.1932163,-2.4778824,2.3
2,1300,0.650000,10,1.5307522,0.59104711,0.92099433,0.57410701,-0.0079837953,0.0068468278,0.019738876,-0.13504171,-0.033871196,0.13844233,0.87971699,0.11413629,-0.46159606,2.0505899,0.12902134,2.3
2,1300,0.650000,11,1.5307522,0.54664984,1.3153825,0.21193907,-0.046598963,0.021842143,-0.0042856503,-0.14963252,0.19901335,-0.16769885,-0.49722979,0.48010234,-0.72267854,2.3784661,2.3737174,2.3
2,1300,0.650000,12,1.5307522,0.16595237,0.98445757,0.91896616,-0.02529003,-0.0032962968,0.00053497508,-0.21121659,-0.15001304,0.19038471,0.4893391,-0.73399992,0.47094731,1.080432,-0.98278823,2.3
2,1300,0.650000,13,1.5307522,0.19666584,1.3340807,1.3516239,0.0037626167,-0.0079356659,-0.0054147805,0.058901785,-0.15038811,-0.099394165,-0.52182352,0.56815749,0.6363154,0.88108386,2.3137111,2.3
2,1300,0.650000,14,1.5307522,0.61413608,0.92348877,1.3137369,0.042925092,-0.019354313,-0.020787371,0.23337441,-0.14100078,-0.085476604,-0.16688226,-0.9838582,0.064601525,1.5061498,-1.7388174,2.3
2,1300,0.650000,15,1.5307522,0.57588231,1.3543542,0.99542674,0.0094900025,-0.0075159728,-0.022773257,0.14390709,-0.1294243,-0.2172483,-0.39844279,-0.80354399,-0.44222211,2.028871,-2.0311239,2.3
2,1300,0.650000,16,1.5307522,0.95117219,0.16551489,0.20267927,0.008607915,-0.0047300006,0.0020095796,0.063430601,-0.014120454,0.074284409,-0.31763574,-0.94817592,0.0083649307,1.5624313,-1.8940431,2.3
2,1300,0.650000,17,1.5307522,0.94378558,0.56961877,0.56280352,-0.021644159,0.0022284414,-0.026279389,-0.14605829,0.01996809,-0.16182385,-0.29072268,-0.59365084,-0.75037258,2.4194219,-2.0261861,2.3
2,1300,0.650000,18,1.5307522,1.3328087,0.23732489,0.54198466,0.037372614,-0.00058485634,0.01706308,0.16334554,-0.063375343,0.23835874,0.28828214,0.92383875,-0.25182408,1.8253609,1.2683232,2.3
2,1300,0.650000,19,1.5307522,1.346316,0.61138724,0.15942278,0.028013594,0.0051306035,-0.0030268666,0.21692119,0.11186312,0.025816587,0.53209716,-0.23351389,-0.81384512,2.5215353,-0.4135478,2.3
2,1300,0.650000,20,1.5307522,0.93601734,0.20081405,0.96678454,-0.01457523,0.022768396,0.014849304,0.069515085,0.24787863,0.067851971,0.12961124,-0.32212584,0.93778242,0.35460872,-1.1882553,2.3
2,1300,0.650000,21,1.5307522,0.98352771,0.56309368,1.316956,-0.027904359,-0.012840136,-0.0084514652,-0.19515916,-0.18152784,-0.0016671071,-0.27035669,0.12523134,0.95458073,0.3025469,2.7078095,2.3
2,1300,0.650000,22,1.5307522,1.3165427,0.20679878,1.3547546,-0.028145857,0.0080286355,-0.0084586296,-0.17016002,0.049423734,-0.16180226,-0.26946642,-0.14357191,0.95224732,0.31028261,-2.6520501,2.3
2,1300,0.650000,23,1.5307522,1.3532727,0.57635176,0.90947248,0.013462096,0.039123903,0.013056994,0.098364986,0.19505217,0.081741865,-0.54796594,-0.83520447,0.046549047,1.5242305,-2.151438,2.3
2,1300,0.650000,24,1.5307522,0.964393,0.98747524,0.19162253,0.0069144666,-0.0095851663,0.020406967,0.057224123,-0.076482203,0.026309513,0.54497605,0.63604579,0.54630289,0.99285247,0.86235684,2.3
2,1300,0.650000,25,1.5307522,0.93148298,1.3304536,0.61341361,-0.011441346,0.0029416022,-0.0020963405,-0.13332559,0.043026239,0.027189608,-0.89918373,0.23339157,0.37013106,1.1916462,2.8876374,2.3
2,1300,0.650000,26,1.5307522,1.3214408,0.97373978,0.57630917,0.022856306,0.006820107,0.031243092,0.024673696,0.0065260819,0.19597373,-0.49913974,-0.68002338,0.53705467,1.0038547,-2.203981,2.3
2,1300,0.650000,27,1.5307522,1.3493576,1.3801231,0.20774374,0.01130651,0.0090753774,-0.0077672974,0.047630035,-0.061222914,-0.07756143,-0.2410325,0.083088039,0.96695383,0.25779759,2.8096319,2.3
2,1300,0.650000,28,1.5307522,0.97336555,0.94197314,0.96912396,-0.009884557,-0.023611674,-0.031431116,-0.053951428,-0.10161279,-0.23582237,0.63286297,-0.42054598,0.65009656,0.86308482,-0.58651046,2.3
2,1300,0.650000,29,1.5307522,0.9780141,1.3105064,1.352505,0.014153759,-0.05418441,0.0015877162,0.017369527,-0.24481265,0.016822585,0.54401535,-0.7850515,-0.29621183,1.8715204,-0.96480562,2.3
2,1300,0.650000,30,1.5307522,1.3676682,0.95657621,1.3672265,-0.0011572731,-0.0099749479,0.022112821,0.038611147,-0.031866802,0.048793762,0.90316462,-0.15961506,-0.39851812,1.9806969,-0.17492245,2.3
2,1300,0.650000,31,1.5307522,1.3201461,1.3707528,0.98664851,0.012914166,0.021866696,0.01215656,0.1130078,0.11404497,0.094542284,-0.37805564,0.17738192,-0.90863061,2.7107894,2.7028911,2.3
3,1400,0.700000,0,1.5322329,0.17088959,0.17932906,0.2202391,0.0049476843,-0.015704214,0.0092387074,0.06057286,-0.055534297,0.13625434,0.62644906,-0.4193623,0.6570364,0.85391557,-0.58991159,2.3
3,1400,0.700000,1,1.5322329,0.1471575,0.64484648,0.52790398,-0.010191862,0.037005385,0.017268889,0.0065829349,0.11341382,0.075012699,-0.42141424,0.90641245,0.028749004,1.5420434,2.0059927,2.3
3,1400,0.700000,2,1.5322329,0.57819807,0.18385475,0.59042461,-0.0023336082,0.01599777,-0.0069835547,-0.25213916,0.048846164,0.025361521,-0.32152518,0.32326688,0.89001128,0.47342642,2.3534933,2.3
3,1400,0.700000,3,1.5322329,0.55908216,0.57095714,0.23545276,-0.024187337,0.023983063,0.0046134064,-0.075613147,0.242553,-0.089625248,-0.40174073,-0.83023198,0.38641848,1.1740511,-2.0214729,2.3
3,1400,0.700000,4,1.5322329,0.15636821,0.15205172,0.9292149,0.0078218488,0.034033521,0.0052764819,0.11593202,0.32835061,0.015717245,0.53022157,-0.65070557,0.54355068,0.99613484,-0.88707129,2.3
3,1400,0.700000,5,1.5322329,0.19632319,0.56139226,1.2899636,0.022644852,0.01046791,0.02809872,0.15692682,0.10783199,0.22921712,-0.28991421,-0.80379886,-0.51947776,2.117036,-1.9169538,2.3
3,1400,0.700000,6,1.5322329,0.58133677,0.18115608,1.3932339,0.0093969278,-0.043077248,-0.039498855,0.027845391,-0.30724355,-0.36667545,0.31234438,0.049236951,-0.9486921,2.8198699,0.15635015,2.3
3,1400,0.700000,7,1.5322329,0.61691321,0.55671613,0.96198197,-0.018120713,-0.022192386,-0.020761891,-0.21501809,-0.1255108,0.0099940157,0.47403907,0.37594212,-0.79621259,2.4918055,0.67049578,2.3
3,1400,0.700000,8,1.5322329,0.18371332,0.97177039,0.14956582,-0.05171427,0.01165955,-0.029661833,-0.18439133,0.023605824,-0.25832857,0.78698385,-0.54557053,-0.28811321,1.8630522,-0.60617622,2.3
3,1400,0.700000,9,1.5322329,0.23356067,1.3051465,0.55283857,0.032879859,-0.020534894,0.015510428,0.043687698,0.11170138,0.25954948,-0.61114674,-0.50673154,-0.60804836,2.2243963,-2.4493291,2.3
3,1400,0.700000,10,1.5322329,0.5852302,0.92087973,0.58136492,-0.014369363,0.0058417993,0.026438185,-0.092037481,0.027137382,0.12286965,0.80919689,-0.026868039,-0.58692292,2.1980494,-0.033191146,2.3
3,1400,0.700000,11,1.5322329,0.54522657,1.3235613,0.2028759,-0.048550089,0.028745133,-0.013549359,0.053898417,0.10970633,-0.15943222,-0.68584101,0.43578281,-0.58285114,2.1930294,2.5755502,2.3
3,1400,0.700000,12,1.5322329,0.15890928,0.97832098,0.93267756,-0.032490175,-0.010381769,0.013351222,-0.083413674,-0.091745254,0.32493533,0.57064201,-0.76327369,0.30295374,1.2630058,-0.92881736,2.3
3,1400,0.700000,13,1.5322329,0.19813447,1.3274205,1.3449448,0.0050403887,-0.015882568,-0.013397481,0.0041825969,-0.17233989,-0.22363089,-0.61080201,0.57076108,0.54877381,0.98989958,2.3900696,2.3
3,1400,0.700000,14,1.5322329,0.62581106,0.91869244,1.3119315,0.054000645,-0.025041221,-0.023862165,0.16144636,-0.042552987,-0.071065961,0.018009139,-0.99766667,-0.065854996,1.636699,-1.552747,2.3
3,1400,0.700000,15,1.5322329,0.58199433,1.348745,0.98610919,0.015042265,-0.014432025,-0.033048762,0.046066819,-0.15386714,-0.20112608,-0.38834255,-0.76536537,-0.51323085,2.1097414,-2.0403424,2.3
3,1400,0.700000,16,1.5322329,0.95478767,0.1635324,0.20839111,0.011301988,-0.0068715667,0.0075226914,0.029706127,-0.068187742,0.12983926,-0.19114356,-0.96158887,0.19700502,1.3724942,-1.7670175,2.3
3,1400,0.700000,17,1.5322329,0.94008665,0.57079283,0.5559618,-0.026253828,0.0028511826,-0.033661961,-0.022269151,0.0082924237,-0.12931185,-0.37035787,-0.50911651,-0.77693979,2.4605867,-2.1997099,2.3
3,1400,0.700000,18,1.5322329,1.3382073,0.23382802,0.55178314,0.041479971,-0.0043095028,0.026332798,0.00035986216,-0.088922248,0.10567164,0.2770239,0.95553519,-0.10104577,1.6720148,1.2886174,2.3
3,1400,0.700000,19,1.5322329,1.3577561,0.61582243,0.1619266,0.038146524,0.008972513,-0.00067840119,0.19134526,0.050383044,0.063768656,0.69465506,-0.1086014,-0.7110978,2.3618547,-0.15508324,2.3
3,1400,0.700000,20,1.5322329,0.94339392,0.21076707,0.9692315,-0.0081072245,0.032522451,0.016360318,0.22908917,0.12964353,-0.014433239,0.027554647,-0.31797326,0.94769919,0.3248482,-1.4843552,2.3
3,1400,0.700000,21,1.5322329,0.9739822,0.55407372,1.3238583,-0.038396205,-0.022400174,-0.0028259033,-0.20681193,-0.13615205,0.19451993,-0.07199475,0.024630614,0.99710084,0.076165085,2.8119579,2.3
3,1400,0.700000,22,1.5322329,1.3105729,0.21184969,1.3468446,-0.035385666,0.012877159,-0.017674674,-0.075310962,0.12358496,-0.20852497,-0.17513531,-0.16869689,0.96998401,0.24563128,-2.3749178,2.3
3,1400,0.700000,23,1.5322329,1.3584077,0.5849673,0.9172778,0.017286195,0.047178019,0.019979197,0.059996755,0.086044789,0.19863967,-0.65696321,-0.74574281,-0.11075653,1.6817806,-2.2929871,2.3
3,1400,0.700000,24,1.5322329,0.96982693,0.98370969,0.19362901,0.011413323,-0.01430366,0.0222272,0.10736903,-0.10300576,0.06911813,0.6326609,0.5997498,0.48993914,1.0587764,0.75869986,2.3
3,1400,0.700000,25,1.5322329,0.92517237,1.3336934,0.61539552,-0.018649532,0.004893516,-0.00070848135,-0.15145037,0.045540616,0.032821339,-0.8707053,0.20640577,0.4463955,1.1080632,2.9088334,2.3
3,1400,0.700000,26,1.5322329,1.3230729,0.9768266,0.58573051,0.023209851,0.0089639506,0.040102656,-0.023622733,0.058773005,0.11426581,-0.49051406,-0.71520218,0.49787729,1.0496469,-2.1719554,2.3
3,1400,0.700000,27,1.5322329,1.3510111,1.3772008,0.2015762,0.011654531,0.0048200784,-0.014132725,-0.015679861,-0.11232637,-0.14268162,-0.14140161,0.030808105,0.98947281,0.14522886,2.9270686,2.3
3,1400,0.700000,28,1.5322329,0.97310918,0.93875735,0.95976119,-0.011081921,-0.027736689,-0.041726388,-0.0004320941,-0.048666481,-0.16429654,0.67844554,-0.36800234,0.63583483,0.88170665,-0.49700491,2.3
3,1400,0.700000,29,1.5322329,0.97933615,1.3021591,1.3544521,0.014529553,-0.063794839,0.002226226,-0.032496157,-0.14692898,0.015886787,0.6134848,-0.72597278,-0.31080528,1.8868365,-0.86918182,2.3
3,1400,0.700000,30,1.5322329,1.3704424,0.95701303,1.3664777,0.00029324401,-0.01046323,0.020042468,0.012368644,0.015247192,-0.14180976,0.9172332,-0.092381392,-0.38749056,1.9687042,-0.10037895,2.3
3,1400,0.700000,31,1.5322329,1.3271163,1.3764511,0.99306217,0.018604556,0.026236881,0.017613159,0.11180818,0.034552251,0.077882181,-0.3143389,0.13954391,-0.9389987,2.7905035,2.7237995,2.3
4,1500,0.750000,0,1.5291035,0.17606735,0.17710614,0.22692051,0.010480127,-0.017562771,0.016377233,0.10372752,0.020161457,0.13844042,0.54158852,-0.26701494,0.79711034,0.64830187,-0.45804947,2.3
4,1500,0.750000,1,1.5291035,0.14897475,0.64772298,0.52805226,-0.0080718881,0.041203226,0.01849663,0.095460093,0.062055679,0.031104823,-0.44155568,0.89720521,-0.0071692916,1.5779657,2.0281408,2.3
4,1500,0.750000,2,1.5291035,0.56518388,0.1852427,0.59015321,-0.014178984,0.017763033,-0.006048096,-0.19027846,0.025086562,0.015286928,-0.30085928,0.1805684,0.93641804,0.3585175,2.601044,2.3
4,1500,0.750000,3,1.5291035,0.55355021,0.58104491,0.227895,-0.028581898,0.035248485,-0.0024706994,-0.079346529,0.21010021,-0.16793229,-0.41392258,-0.87538804,0.2497276,1.3183974,-2.0124846,2.3
4,1500,0.750000,4,1.5291035,0.16393741,0.16851705,0.92796781,0.015718494,0.050826563,0.0059279042,0.16577697,0.32193155,0.0043755074,0.41716413,-0.7748089,0.47502133,1.0758081,-1.0768956,2.3
4,1500,0.750000,5,1.5291035,0.20299384,0.56531924,1.2987488,0.029723713,0.015546682,0.039530244,0.1335685,0.13943995,0.21945372,-0.20978162,-0.86910774,-0.44793236,2.0352477,-1.8076418,2.3
4,1500,0.750000,6,1.5291035,0.57971259,0.16536293,1.3720757,0.0089596288,-0.058516179,-0.057830272,-0.082444113,-0.28495521,-0.36396137,0.39013818,0.036663587,-0.92002608,2.7389434,0.093700708,2.3
4,1500,0.750000,7,1.5291035,0.60394029,0.5486655,0.96129638,-0.029845618,-0.029113039,-0.019481407,-0.26125023,-0.14703653,0.053045099,0.44774622,0.35663228,-0.81996142,2.53214,0.67260645,2.3
4,1500,0.750000,8,1.5291035,0.17798546,0.97207832,0.13947517,-0.057072384,0.013954587,-0.039457024,-0.076684853,0.050297718,-0.13220524,0.74765231,-0.47105496,-0.46810601,2.0579426,-0.5622193,2.3
4,1500,0.750000,9,1.5291035,0.23302691,1.3106958,0.56534646,0.032823074,-0.012311451,0.029161398,-0.050166073,0.1663943,0.25802038,-0.5678367,-0.5933168,-0.5705582,2.1779817,-2.3342542,2.3
4,1500,0.750000,10,1.5291035,0.57739886,0.92539049,0.58814927,-0.021012214,0.012239925,0.03441808,-0.1644496,0.23269021,0.17132735,0.6869674,-0.14752456,-0.71155625,2.362507,-0.21153484,2.3
4,1500,0.750000,11,1.5291035,0.54704282,1.3228324,0.19509982,-0.045617263,0.030721582,-0.020918613,0.11963116,-0.0015473152,-0.1008108,-0.80266776,0.40058189,-0.44188077,2.0284905,2.6786948,2.3
4,1500,0.750000,12,1.5291035,0.15839029,0.97441838,0.94556125,-0.032684798,-0.012288177,0.028154963,0.10072576,0.019930247,0.28598728,0.64918869,-0.74701689,0.14324737,1.4270545,-0.85535102,2.3
4,1500,0.750000,13,1.5291035,0.19796974,1.3142402,1.3311458,0.0052805737,-0.026362463,-0.024460802,0.0067102472,-0.20104863,-0.24201118,-0.69907701,0.591541,0.40170957,1.1574134,2.4393238,2.3
4,1500,0.750000,14,1.5291035,0.63138706,0.91481304,1.3070637,0.06086182,-0.027046321,-0.02605268,0.10959581,0.011010346,-0.023198973,0.18046576,-0.97620776,-0.12021034,1.6912981,-1.387996,2.3
4,1500,0.750000,15,1.5291035,0.58235205,1.3389154,0.97481802,0.016590239,-0.02151413,-0.042335378,0.0091957028,-0.18713037,-0.1404143,-0.3993215,-0.7967676,-0.45354573,2.0415361,-2.035385,2.3
4,1500,0.750000,16,1.5291035,0.95362748,0.15858894,0.21270764,0.012092677,-0.011485738,0.012269691,-0.011414781,-0.12982048,0.055805922,-0.15022609,-0.91409762,0.37663997,1.1846299,-1.7336839,2.3
4,1500,0.750000,17,1.5291035,0.94097593,0.56840651,0.54950909,-0.023441624,0.0016294096,-0.038984608,0.094884882,-0.058381582,-0.11920684,-0.36014507,-0.50944441,-0.78151259,2.4678829,-2.1861628,2.3
4,1500,0.750000,18,1.5291035,1.3311041,0.22861829,0.55330397,0.037105457,-0.0090464955,0.028983313,-0.16102102,-0.11481751,0.023223051,0.24831379,0.96841189,-0.02277428,1.5935726,1.3197907,2.3
4,1500,0.750000,19,1.5291035,1.364368,0.61742829,0.16605235,0.047541114,0.011839074,0.003782633,0.20041275,0.042959941,0.12832008,0.84772073,-0.040575511,-0.52888864,2.1280869,-0.047827741,2.3
4,1500,0.750000,20,1.5291035,0.95350867,0.2119274,0.96400153,0.0039466499,0.03411488,0.013106603,0.24582291,-0.084895755,-0.13440327,-0.1147808,-0.31200022,0.94312313,0.3388934,-1.9233163,2.3
4,1500,0.750000,21,1.5291035,0.9622599,0.546516,1.3329368,-0.048139182,-0.028832829,0.0089686098,-0.18911928,-0.11707864,0.28479179,0.054553174,-0.059876135,0.996714,0.081090076,-0.83188211,2.3
4,1500,0.750000,22,1.5291035,1.30662,0.21869217,1.3338231,-0.036663148,0.020159764,-0.027955838,0.041212409,0.16268344,-0.17747416,-0.10163757,-0.25710434,0.96102402,0.28011367,-1.9472586,2.3
4,1500,0.750000,23,1.5291035,1.3597311,0.58552641,0.92890128,0.021388206,0.048933673,0.033489954,0.078821335,-0.036656039,0.36407062,-0.76554322,-0.61510183,-0.1886619,1.7605957,-2.4647308,2.3
4,1500,0.750000,24,1.5291035,0.97431105,0.97670815,0.19777081,0.017884847,-0.019301163,0.026769114,0.15061617,-0.097965288,0.089681438,0.70396587,0.59403829,0.38929496,1.1709303,0.70091008,2.3
4,1500,0.750000,25,1.5291035,0.91600143,1.3348779,0.61280661,-0.025938339,0.0088059938,-0.0020418633,-0.12629774,0.081840552,-0.066090573,-0.83619241,0.23249131,0.49671928,1.0509817,2.8704064,2.3
4,1500,0.750000,26,1.5291035,1.316332,0.98095213,0.59113892,0.019167177,0.015090833,0.04671414,-0.12124747,0.19014513,0.11170322,-0.54362443,-0.73151756,0.41152708,1.1466674,-2.2098965,2.3
4,1500,0.750000,27,1.5291035,1.3457011,1.3663181,0.19325999,0.0091012617,-0.0032581123,-0.022045322,-0.11629326,-0.20062149,-0.20535002,-0.013831722,-0.0096205253,0.99985805,0.01684927,-2.5338658,2.3
4,1500,0.750000,28,1.5291035,0.96992555,0.93674869,0.95165774,-0.012279286,-0.027828101,-0.047875889,-0.0043563244,0.041385637,-0.091085441,0.73558798,-0.36206382,0.57255578,0.96117654,-0.45739628,2.3
4,1500,0.750000,29,1.5291035,0.97509252,1.2934997,1.3539231,0.012283836,-0.069800798,0.0044658435,-0.046865178,-0.081482181,0.043074409,0.60750361,-0.67694634,-0.41555147,1.9993453,-0.83940976,2.3
4,1500,0.750000,30,1.5291035,1.3660752,0.95399052,1.3508409,-0.0012765486,-0.011532205,0.0071834557,-0.067332971,-0.066818291,-0.35555525,0.90859169,0.067647236,-0.41217108,1.995632,0.074315731,2.3
4,1500,0.750000,31,1.5291035,1.3295195,1.3749724,0.99349148,0.023723528,0.027570845,0.020073226,0.11601912,0.023418383,0.0074020954,-0.22947167,0.16372307,-0.95944646,2.8558283,2.521878,2.3
5,1600,0.800000,0,1.5293026,0.17960101,0.17741267,0.23360519,0.013990638,-0.017279318,0.023031937,0.056180461,-0.033531521,0.10998789,0.39491422,-0.081728202,0.91507555,0.41510112,-0.20407094,2.3
5,1600,0.800000,1,1.5293026,0.15830491,0.64948424,0.53159199,0.001238271,0.042880044,0.021967371,0.26028126,0.0025940344,0.1202843,-0.38557851,0.92255048,-0.015160222,1.5859571,1.9666791,2.3
5,1600,0.800000,2,1.5293026,0.55562815,0.18746765,0.59079216,-0.023807677,0.019963717,-0.0054860294,-0.15686892,0.09378863,0.0066355851,-0.31880209,-0.036980055,0.94709963,0.32672152,-3.0261118,2.3
5,1600,0.800000,3,1.5293026,0.54664973,0.58769463,0.21675406,-0.035553996,0.041822122,-0.01364059,-0.23271444,0.12172097,-0.29785284,-0.40730539,-0.90551864,0.1189046,1.4516097,-1.9934868,2.3
5,1600,0.800000,4,1.5293026,0.17211244,0.17888797,0.92883177,0.023871648,0.061174877,0.0066709919,0.15826038,0.17411903,0.054091209,0.25312043,-0.84284676,0.47490988,1.0759347,-1.2790496,2.3
5,1600,0.800000,5,1.5293026,0.20683634,0.57395099,1.311694,0.033539534,0.024104271,0.052305512,0.069163435,0.1349828,0.29035072,-0.1243156,-0.92219894,-0.3661895,1.9457071,-1.704792,2.3
5,1600,0.800000,6,1.5293026,0.57464494,0.15225596,1.3556878,0.0038168383,-0.071643828,-0.074395714,-0.12749785,-0.24338924,-0.2628643,0.5253415,-0.010743703,-0.85082365,2.5883471,-0.020448044,2.3
5,1600,0.800000,7,1.5293026,0.5911749,0.54050273,0.96243013,-0.042688806,-0.037346716,-0.018472886,-0.21657711,-0.15037301,-0.020988483,0.45776802,0.46831008,-0.75573416,2.4275708,0.79678123,2.3
5,1600,0.800000,8,1.5293026,0.17860361,0.97612717,0.13388986,-0.056477449,0.017876616,-0.045060127,0.096740088,0.10066488,-0.070448939,0.70892017,-0.33798775,-0.61902865,2.2383016,-0.44488677,2.3
5,1600,0.800000,9,1.5293026,0.22916014,1.3168134,0.57928204,0.028926211,-0.0063649416,0.043022471,-0.10385467,0.043130523,0.28695353,-0.46096826,-0.71702555,-0.52286005,2.1209991,-2.1421568,2.3
5,1600,0.800000,10,1.5293026,0.56929632,0.93987947,0.59729625,-0.029189395,0.02660748,0.043487895,-0.13797187,0.29881986,0.15208887,0.57148813,-0.17997584,-0.80063101,2.499144,-0.30509249,2.3
5,1600,0.800000,11,1.5293026,0.55630537,1.3211531,0.19304426,-0.036426533,0.028870151,-0.022999441,0.17622817,-0.054306752,-0.011159106,-0.83920824,0.37820292,-0.39075835,1.9722516,2.7181847,2.3
5,1600,0.800000,12,1.5293026,0.16635945,0.97679096,0.95678284,-0.02473678,-0.010042608,0.039252717,0.21475848,0.067556405,0.16156728,0.74121907,-0.6694947,0.048694396,1.5220827,-0.73459929,2.3
5,1600,0.800000,13,1.5293026,0.19930159,1.3104798,1.3177656,0.0065865617,-0.030293724,-0.038013499,0.062239385,0.014323649,-0.3195691,-0.77430653,0.5729295,0.2687028,1.2987503,2.5045702,2.3
5,1600,0.800000,14,1.5293026,0.63491799,0.9166549,1.3074429,0.064310322,-0.025323686,-0.025843702,0.039104991,0.075401163,-0.0011011815,0.31032069,-0.94573913,-0.096325318,1.6672712,-1.2537405,2.3
5,1600,0.800000,15,1.5293026,0.57934633,1.3303485,0.97230906,0.013508897,-0.030254744,-0.04497109,-0.10818789,-0.17766779,0.0089980329,-0.46295591,-0.84439394,-0.26957504,1.843748,-2.0723104,2.3
5,1600,0.800000,16,1.5293026,0.95147811,0.15035803,0.21375207,0.0098192949,-0.019736763,0.013286367,-0.069139239,-0.19667174,-0.014410975,-0.1525292,-0.81335399,0.56141796,0.97469804,-1.7561744,2.3
5,1600,0.800000,17,1.5293026,0.94988835,0.56690715,0.54466196,-0.014652293,5.614475e-05,-0.043902969,0.2275438,0.0090446341,-0.08937144,-0.33917078,-0.54642014,-0.76575989,2.4430184,-2.1263078,2.3
5,1600,0.800000,18,1.5293026,1.3235593,0.22123668,0.55332938,0.029387815,-0.016457398,0.028936684,-0.17446728,-0.15496768,-0.058982535,0.1905307,0.98114948,-0.032307121,1.6031091,1.3789922,2.3
5,1600,0.800000,19,1.5293026,1.3731555,0.61666054,0.17260581,0.056150394,0.010990993,0.010314052,0.1210005,-0.045601884,0.16832544,0.90996067,-0.026387993,-0.41385414,1.9974801,-0.028990923,2.3
5,1600,0.800000,20,1.5293026,0.96593558,0.20692953,0.95452827,0.016248606,0.029089745,0.0035084528,0.24540106,-0.10656757,-0.19477997,-0.21856076,-0.29527911,0.93007604,0.37617655,-2.2079853,2.3
5,1600,0.800000,21,1.5293026,0.95461814,0.54170992,1.3507525,-0.055905727,-0.033709742,0.026609599,-0.14257045,-0.068178784,0.36314409,0.10608308,-0.12342371,0.98666761,0.16347553,-0.86081095,2.3
5,1600,0.800000,22,1.5293026,1.3102991,0.22537706,1.3262952,-0.033154389,0.026815749,-0.035656938,0.13976439,0.070001222,-0.13339027,-0.096274108,-0.33757391,0.93636272,0.35867512,-1.848615,2.3
5,1600,0.800000,23,1.5293026,1.3626497,0.58363108,0.94524491,0.024129562,0.046962236,0.049711576,0.032737551,-0.055334658,0.30759816,-0.80925288,-0.53246535,-0.24817421,1.8215914,-2.5596339,2.3
5,1600,0.800000,24,1.5293026,0.98074041,0.97178765,0.20139422,0.024186936,-0.0243485,0.030366537,0.079395304,-0.072983452,0.072438038,0.72837978,0.6255038,0.27965675,1.2873597,0.70955806,2.3
5,1600,0.800000,25,1.5293026,0.91225978,1.3367244,0.6089516,-0.029799,0.010478543,-0.0059764013,-0.024293842,0.0075371619,-0.12934876,-0.80135806,0.2810424,0.52805343,1.0144896,2.8042876,2.3
5,1600,0.800000,26,1.5293026,1.3104424,0.99300345,0.59722087,0.013106532,0.027013654,0.052718724,-0.11103074,0.25325557,0.13192024,-0.60331952,-0.75719783,0.25031381,1.317792,-2.2435703,2.3
5,1600,0.800000,27,1.5293026,1.3403946,1.3579903,0.18250201,0.0036199415,-0.011763228,-0.032827757,-0.12361444,-0.16376757,-0.22317176,0.097061631,-0.020132363,0.99507473,0.09929062,-0.20451831,2.3
5,1600,0.800000,28,1.5293026,0.9712257,0.94125852,0.94798522,-0.011105495,-0.023440522,-0.051672068,0.027300297,0.11102704,-0.0015822888,0.78398319,-0.40706556,0.46868753,1.0829919,-0.47891095,2.3
5,1600,0.800000,29,1.5293026,0.96888961,1.294431,1.3546032,0.005954387,-0.069037974,0.0049695905,-0.18976629,0.097689874,-0.019926841,0.50811902,-0.65667058,-0.55731393,2.1619435,-0.91224848,2.3
5,1600,0.800000,30,1.5293026,1.3621615,0.94928227,1.3325039,-0.0053677979,-0.016364358,-0.011328223,-0.096871327,-0.15083372,-0.33044459,0.84453833,0.22333993,-0.48669733,2.0791014,0.25853371,2.3
5,1600,0.800000,31,1.5293026,1.3323335,1.3761815,0.99368172,0.026364224,0.028600853,0.020134107,-0.01752859,0.012022087,-0.081294411,-0.24939758,0.22572162,-0.94172745,2.7985257,2.4059849,2.3
6,1700,0.850000,0,1.5242023,0.17896027,0.17403734,0.23765323,0.013948798,-0.020067634,0.027867135,-0.054225419,-0.079070835,0.0946371,0.21288217,0.069940166,0.97457147,0.22599572,0.31742976,2.3
6,1700,0.850000,1,1.5242023,0.17281493,0.64688885,0.53846204,0.016301405,0.042449994,0.030624768,0.37889248,-0.026216974,0.2104565,-0.27910396,0.95879741,0.052995343,1.5177761,1.8540662,2.3
6,1700,0.850000,2,1.5242023,0.55124156,0.19130332,0.58954295,-0.026345459,0.024432063,-0.0047637122,0.01485353,0.045649959,0.0059242632,-0.36388516,-0.21750306,0.90569311,0.4377845,-2.602848,2.3
6,1700,0.850000,3,1.5242023,0.53085615,0.59139304,0.19732445,-0.049547846,0.047489989,-0.032378606,-0.29635937,0.074495951,-0.42457927,-0.34720327,-0.93714875,-0.034671362,1.6054746,-1.9256063,2.3
6,1700,0.850000,4,1.5242023,0.17715361,0.18569969,0.9297029,0.029496215,0.068595582,0.010646459,0.075176449,0.13599241,0.11666092,0.12985208,-0.82744552,0.54632623,0.99282461,-1.4151346,2.3
6,1700,0.850000,5,1.5242023,0.2091889,0.57705628,1.3211642,0.036586989,0.029132115,0.066173441,0.076731627,0.041416436,0.25038366,-0.054301234,-0.94825991,-0.31281708,1.8889538,-1.6279979,2.3
6,1700,0.850000,6,1.5242023,0.56601838,0.14387364,1.3402607,-0.0029044883,-0.079531541,-0.08531978,-0.1064196,-0.11484292,-0.14095201,0.66758084,-0.082037674,-0.74000381,2.4038723,-0.12227495,2.3
6,1700,0.850000,7,1.5242023,0.58072911,0.52979236,0.95749613,-0.051177189,-0.046269391,-0.020200019,-0.10558123,-0.18686787,-0.015930831,0.44025033,0.65073667,-0.61864484,2.237813,0.97598845,2.3
6,1700,0.850000,8,1.5242023,0.18637627,0.97878774,0.13333247,-0.048095143,0.02380251,-0.04517117,0.16195792,0.15537486,0.031803922,0.71546958,-0.22061752,-0.66289606,2.2954766,-0.2991028,2.3
6,1700,0.850000,9,1.5242023,0.22335739,1.3137639,0.59190022,0.023879296,-0.0050205983,0.057596922,-0.09161444,0.018624272,0.27942753,-0.31513507,-0.8224521,-0.47356355,2.0641287,-1.9367063,2.3
6,1700,0.850000,10,1.5242023,0.5606377,0.95076905,0.59975208,-0.0359607,0.040655061,0.047943179,-0.11144021,0.23567205,0.051953292,0.47984679,-0.14190997,-0.86579941,2.6175421,-0.28754413,2.3
6,1700,0.850000,11,1.5242023,0.56129184,1.3136801,0.19340323,-0.029573314,0.025798145,-0.021994976,0.097962866,-0.068851576,0.042656621,-0.82825985,0.36816632,-0.42242062,2.0069106,2.7233171,2.3
6,1700,0.850000,12,1.5242023,0.17890641,0.97824277,0.95786359,-0.011613087,-0.0053252829,0.043531527,0.27822715,0.074181184,0.0020544765,0.7805269,-0.61019713,0.13578374,1.4345918,-0.66352949,2.3
6,1700,0.850000,13,1.5242023,0.20431776,1.310576,1.3011592,0.012276917,-0.025819478,-0.050245548,0.1225763,0.21742609,-0.17502289,-0.81930039,0.52560825,0.22909132,1.3396523,2.5711927,2.3
6,1700,0.850000,14,1.5242023,0.63032625,0.91985869,1.3069995,0.061831922,-0.019052334,-0.021920166,-0.087821633,0.15755448,0.098423529,0.39135797,-0.91996085,-0.022604819,1.5934031,-1.1685808,2.3
6,1700,0.850000,15,1.5242023,0.57303158,1.3171659,0.97105557,0.0091189629,-0.03901527,-0.042978561,-0.097952142,-0.13468696,0.068301833,-0.53284909,-0.84564746,0.030858044,1.5399334,-2.1330603,2.3
6,1700,0.850000,16,1.5242023,0.94502474,0.14008199,0.21204713,0.0065336544,-0.029527704,0.012292642,-0.10323948,-0.19903782,-0.02264016,-0.15459138,-0.66213671,0.73326426,0.74768594,-1.8001612,2.3
6,1700,0.850000,17,1.5242023,0.95663827,0.56791557,0.53906083,-0.0047178608,0.002960079,-0.047693958,0.16685339,0.11868986,-0.057653351,-0.38408797,-0.58581145,-0.71365354,2.3654964,-2.151134,2.3
6,1700,0.850000,18,1.5242023,1.3106569,0.21159114,0.54680446,0.020885337,-0.025380003,0.024249304,-0.12121269,-0.21308225,-0.11642116,0.073479342,0.9891107,-0.12751788,1.6986624,1.4966442,2.3
6,1700,0.850000,19,1.5242023,1.3734963,0.60966685,0.17940275,0.061078907,0.0060456321,0.017698975,0.11478686,-0.15298265,0.16443261,0.90839199,-0.049502736,-0.41517883,1.9989357,-0.054441057,2.3
6,1700,0.850000,20,1.5242023,0.97200744,0.20079318,0.94014616,0.025557453,0.023634396,-0.007709003,0.1527757,-0.11861895,-0.2371175,-0.22254084,-0.27570921,0.93512567,0.36218276,-2.2498866,2.3
6,1700,0.850000,21,1.5242023,0.94764249,0.53584846,1.3652067,-0.059704025,-0.037771364,0.045600277,-0.073142839,-0.088271281,0.40584016,0.13301427,-0.11723716,0.98415581,0.17824821,-0.72243646,2.3
6,1700,0.850000,22,1.5242023,1.316236,0.22760609,1.317167,-0.022830301,0.029801406,-0.04036972,0.25966655,0.024557401,-0.057407572,-0.1931683,-0.38838315,0.90102416,0.4486715,-2.032334,2.3
6,1700,0.850000,23,1.5242023,1.3598291,0.57882812,0.95769121,0.025856436,0.044100931,0.065336412,0.037459894,-0.0054607952,0.28374209,-0.83526128,-0.51178981,-0.20102186,1.7731973,-2.5918653,2.3
6,1700,0.850000,24,1.5242023,0.97981394,0.96523426,0.20179646,0.026535199,-0.027666479,0.03144224,-0.0013366376,-0.055861979,-0.0063282051,0.68596438,0.69137536,0.22683248,1.3419722,0.78932672,2.3
6,1700,0.850000,25,1.5242023,0.91319181,1.3306335,0.6012558,-0.025817895,0.0088429822,-0.011650801,0.14713162,-0.042302535,-0.12108262,-0.76938178,0.37056569,0.52031985,1.0235709,2.6927399,2.3
6,1700,0.850000,26,1.5242023,1.302865,1.0001914,0.59924832,0.0098942038,0.037530866,0.056744657,-0.024999723,0.17857554,0.017818671,-0.65066017,-0.75928642,0.011201431,1.5595947,-2.2793036,2.3
6,1700,0.850000,27,1.5242023,1.3303447,1.3488203,0.17094919,-0.0019690163,-0.016412072,-0.043790239,-0.10086116,-0.036421977,-0.23127328,0.17627386,0.0092905968,0.98429732,0.1774483,0.052656749,2.3
6,1700,0.850000,28,1.5242023,0.96787415,0.94331442,0.94340304,-0.011218156,-0.018236792,-0.053095052,-0.031778766,0.097244676,-0.032583907,0.80053727,-0.48236524,0.35561757,1.2072216,-0.54229377,2.3
6,1700,0.850000,29,1.5242023,0.95516803,1.2971094,1.3464972,-0.004553454,-0.062030875,0.001375294,-0.18861711,0.15056518,-0.071819789,0.33292795,-0.67180653,-0.66169099,2.2938682,-1.110698,2.3
6,1700,0.850000,30,1.5242023,1.3490337,0.93733699,1.3132931,-0.013967118,-0.025158429,-0.026119821,-0.27700644,-0.19344506,-0.25023219,0.74841977,0.39015078,-0.53633032,2.1368795,0.48054157,2.3
6,1700,0.850000,31,1.5242023,1.3216502,1.3698902,0.98662509,0.020113907,0.026896299,0.016385187,-0.21600163,-0.020144823,-0.11443904,-0.26306823,0.20200775,-0.94339174,2.8035082,2.4867392,2.3
7,1800,0.900000,0,1.5211949,0.17428728,0.16854895,0.24101638,0.0096246367,-0.02521772,0.031702977,-0.13876834,-0.10106326,0.06905446,0.10023694,0.15970393,0.98206273,0.18969001,1.0102992,2.3
7,1800,0.900000,1,1.5211949,0.18921439,0.6427099,0.54686841,0.033058385,0.039544526,0.040102922,0.28759354,-0.070598027,0.2066539,-0.17460308,0.9710745,0.16287444,1.407193,1.7486994,2.3
7,1800,0.900000,2,1.5211949,0.55436083,0.19251386,0.58624676,-0.02213439,0.026021633,-0.0068988032,0.11453131,0.02925972,-0.071082637,-0.37021579,-0.40907203,0.83402658,0.58443022,-2.3063745,2.3
7,1800,0.900000,3,1.5211949,0.51608049,0.59175532,0.1740059,-0.063289664,0.049020644,-0.055330492,-0.21400922,-0.02928966,-0.45027847,-0.2420598,-0.95001047,-0.19719826,1.7692956,-1.8202847,2.3
7,1800,0.900000,4,1.5211949,0.17945408,0.19351023,0.93516215,0.032148834,0.076780604,0.017947281,0.011554827,0.16901751,0.13970536,0.16221885,-0.6955496,0.69992557,0.79550305,-1.3416681,2.3
7,1800,0.900000,5,1.5211949,0.21095304,0.57730802,1.3281862,0.03876602,0.0305238,0.075811654,0.056264411,0.039339347,0.12647375,-0.043328453,-0.96908194,-0.242905,1.8161558,-1.6154774,2.3
7,1800,0.900000,6,1.5211949,0.55943248,0.14036783,1.3313572,-0.0083789969,-0.082756665,-0.091585061,-0.097443805,-0.0092804554,-0.11465297,0.78862714,-0.17925588,-0.58816202,2.1995807,-0.22350366,2.3
7,1800,0.900000,7,1.5211949,0.57609445,0.51977994,0.9542024,-0.054669472,-0.055245353,-0.021605937,-0.0028266672,-0.1695538,0.0015174194,0.40654775,0.80360116,-0.434677,2.0204759,1.102434,2.3
7,1800,0.900000,8,1.5211949,0.19357709,0.98403148,0.13543419,-0.040519103,0.030984551,-0.04280404,0.075816217,0.17239807,0.025450768,0.74092733,-0.13570225,-0.65773215,2.2886004,-0.18114424,2.3
7,1800,0.900000,9,1.5211949,0.21714046,1.3116888,0.60175363,0.018097348,-0.0045029886,0.068629085,-0.12790971,0.0032948398,0.19377894,-0.13838997,-0.90213682,-0.40865313,1.9917742,-1.7230121,2.3
7,1800,0.900000,10,1.5211949,0.55702938,0.95942008,0.59897605,-0.038465319,0.051192433,0.048350899,0.031327647,0.19108686,-0.043322997,0.39743353,-0.089949629,-0.91321173,2.7218939,-0.2225764,2.3
7,1800,0.900000,11,1.5211949,0.56322351,1.3089032,0.19548824,-0.026531168,0.023611031,-0.019525937,0.035305768,-0.0028812251,-0.0091932594,-0.73150825,0.4192055,-0.53773825,2.1385485,2.62121,2.3
7,1800,0.900000,12,1.5211949,0.19086834,0.97400646,0.95627054,0.00071401006,-0.0076337339,0.043828694,0.19744583,-0.14423214,-0.0041624379,0.77029711,-0.53338978,0.34948206,1.2137781,-0.60563871,2.3
7,1800,0.900000,13,1.5211949,0.20830269,1.3202344,1.2938375,0.016669319,-0.013563123,-0.055004671,0.0019603954,0.29449977,0.030447562,-0.81059148,0.54063498,0.22506723,1.3437843,2.5533845,2.3
7,1800,0.900000,14,1.5211949,0.61975807,0.92621007,1.3125672,0.052498198,-0.010877944,-0.013765625,-0.27053159,0.11721466,0.25027231,0.45408386,-0.88762258,0.077032527,1.4936874,-1.0979331,2.3
7,1800,0.900000,15,1.5211949,0.57103926,1.3107965,0.97103538,0.0082564175,-0.042789533,-0.041080922,0.13284922,-0.0050591497,-0.014302311,-0.52652661,-0.80840164,0.26316631,1.3044936,-2.1480976,2.3
7,1800,0.900000,16,1.5211949,0.93842263,0.13183247,0.21122495,0.0017914554,-0.037508713,0.011888442,-0.12247979,-0.07137513,-0.045610401,-0.23538981,-0.54989235,0.80138009,0.64119742,-1.9752604,2.3
7,1800,0.900000,17,1.5211949,0.96142449,0.57514294,0.53581148,0.0019624674,0.01131624,-0.049881859,0.079642705,0.19415842,-0.009300884,-0.44165283,-0.60311306,-0.66422693,2.2972555,-2.2028655,2.3
7,1800,0.900000,18,1.5211949,1.3075542,0.2003047,0.53921857,0.020368162,-0.036259705,0.017735866,0.040950032,-0.21470242,-0.14151476,-0.039425085,0.98243931,-0.18236959,1.7541923,1.6109046,2.3
7,1800,0.900000,19,1.5211949,1.3750916,0.59777407,0.18723852,0.065388479,-0.0046548012,0.025896815,0.079765905,-0.242321,0.20319556,0.84265011,-0.092386971,-0.53047662,2.129959,-0.10920242,2.3
7,1800,0.900000,20,1.5211949,0.97517086,0.19728325,0.93002962,0.030643737,0.020517565,-0.015978733,0.051556636,-0.056843158,-0.14057121,-0.18245042,-0.26405899,0.94709276,0.32674292,-2.1754197,2.3
7,1800,0.900000,21,1.5211949,0.94437394,0.53164406,1.3812054,-0.061104198,-0.040921609,0.064311097,0.027486656,-0.056042221,0.36091381,0.11370406,-0.024962016,0.99320103,0.11667638,-0.21610669,2.3
7,1800,0.900000,22,1.5211949,1.3293111,0.22551514,1.3158165,-0.0071427148,0.028157919,-0.039120144,0.34838423,-0.091573096,0.12497221,-0.29581133,-0.45276476,0.84113003,0.57142706,-2.149519,2.3
7,1800,0.900000,23,1.5211949,1.3595503,0.57808817,0.96431508,0.028262978,0.044503444,0.073858289,0.014577834,0.037263529,0.080975807,-0.85486404,-0.51600404,-0.054289117,1.6251121,-2.5985234,2.3
7,1800,0.900000,24,1.5211949,0.97461703,0.95975967,0.1981776,0.023268307,-0.031240128,0.028218352,-0.086509428,-0.11274818,-0.12763133,0.60707134,0.78179689,0.14233062,1.4279807,0.91054497,2.3
7,1800,0.900000,25,1.5211949,0.91814818,1.3267909,0.59586734,-0.019053058,0.0076245484,-0.015857093,0.14555038,-0.043534744,-0.053138169,-0.74409831,0.45534816,0.48885147,1.0600236,2.5924354,2.3
7,1800,0.900000,26,1.5211949,1.3016661,1.0066022,0.59664002,0.01126722,0.045923409,0.055317308,0.050384973,0.15818829,-0.073076782,-0.64613752,-0.72403089,-0.24142406,1.8146294,-2.2994061,2.3
7,1800,0.900000,27,1.5211949,1.3236566,1.3450099,0.16201461,-0.006036281,-0.017562248,-0.052396019,-0.093618882,-0.014642465,-0.17688119,0.18776314,0.083654101,0.97864549,0.20703115,0.4191304,2.3
7,1800,0.900000,28,1.5211949,0.96127983,0.94661056,0.94163352,-0.01590742,-0.013074333,-0.053003084,-0.12703435,0.092080553,0.02571284,0.77354224,-0.57140116,0.27410421,1.2931382,-0.63621767,2.3
7,1800,0.900000,29,1.5211949,0.94587524,1.3006496,1.3378119,-0.011968957,-0.055925295,-0.0046592323,-0.099151802,0.069489637,-0.10951955,0.12802062,-0.71657382,-0.68566222,2.3263094,-1.394005,2.3
7,1800,0.900000,30,1.5211949,1.3323399,0.92686129,1.3030764,-0.02801303,-0.03379322,-0.033752824,-0.25516222,-0.13913331,-0.060123044,0.65465575,0.57314879,-0.49287556,2.0861879,0.71911111,2.3
7,1800,0.900000,31,1.5211949,1.3092816,1.3679967,0.97706654,0.010343339,0.027706478,0.0087657964,-0.12699098,-0.002909752,-0.18492264,-0.1808632,0.19121877,-0.96474032,2.8752513,2.3283703,2.3
8,1900,0.950000,0,1.5206449,0.16808065,0.16343049,0.24365522,0.0034799118,-0.030276151,0.034429446,-0.11522373,-0.10482552,0.036724979,0.083426418,0.19616182,0.97701616,0.21481354,1.1686768,2.3
8,1900,0.950000,1,1.5206449,0.20208694,0.63687611,0.55505457,0.046001689,0.033942088,0.048488309,0.2341579,-0.15171792,0.1345678,-0.15336471,0.95479446,0.25465036,1.3133102,1.7300618,2.3
8,1900,0.950000,2,1.5206449,0.55850746,0.19560808,0.58187427,-0.017786551,0.029186027,-0.011060088,0.046645861,0.10211411,-0.055195157,-0.33644863,-0.61589784,0.71237081,0.77792571,-2.0707739,2.3
8,1900,0.950000,3,1.5206449,0.50884627,0.58914332,0.15504376,-0.070338578,0.046622149,-0.074233135,-0.07303418,-0.075981297,-0.30293746,-0.11097335,-0.93945987,-0.32419141,1.9009532,-1.6883761,2.3
8,1900,0.950000,4,1.5206449,0.17806021,0.20096954,0.94232666,0.030819608,0.084311238,0.025451252,-0.096630294,0.14374952,0.15608168,0.26389255,-0.50307577,0.82296749,0.60418126,-1.0876957,2.3
8,1900,0.950000,5,1.5206449,0.21072598,0.57809085,1.3274768,0.038615203,0.031515526,0.075582404,-0.05843772,0.034517546,-0.14393706,-0.071468513,-0.9877886,-0.13844105,1.7096835,-1.6430225,2.3
8,1900,0.950000,6,1.5206449,0.55646982,0.14238581,1.3303482,-0.011139905,-0.080687563,-0.092112768,-0.06242884,0.07985626,0.034579845,0.84093635,-0.35545956,-0.40801294,1.9910729,-0.39991664,2.3
8,1900,0.950000,7,1.5206449,0.57811066,0.5112956,0.95515931,-0.052444577,-0.063543273,-0.020303802,0.1189664,-0.17267431,0.03442402,0.31634215,0.88178954,-0.34982117,1.9281765,1.2263476,2.3
8,1900,0.950000,8,1.5206449,0.19386754,0.99205621,0.13757668,-0.040158605,0.039366574,-0.040612187,-0.051162853,0.14346224,0.050418069,0.75534825,-0.12532659,-0.643228,2.2695031,-0.16442108,2.3
8,1900,0.950000,9,1.5206449,0.2109121,1.3143124,0.60811394,0.011946391,-0.0014046653,0.075208148,-0.074585589,0.10375942,0.068780458,0.078542298,-0.91601548,-0.39337862,1.9750999,-1.4852621,2.3
8,1900,0.950000,10,1.5206449,0.56428254,0.96639483,0.59479636,-0.031009414,0.05851537,0.044387055,0.25149388,0.090145179,-0.1035172,0.35571824,-0.010647115,-0.93453259,2.7777397,-0.029922382,2.3
8,1900,0.950000,11,1.5206449,0.56571624,1.3079907,0.1970146,-0.02383432,0.023171714,-0.017928612,0.05278611,-0.047539112,0.0051349037,-0.54435233,0.53584824,-0.64540468,2.2723493,2.364067,2.3
8,1900,0.950000,12,1.5206449,0.19802069,0.96481583,0.95777954,0.0079366769,-0.016473811,0.04568377,0.12737244,-0.1917648,0.06249419,0.71866087,-0.47543724,0.50743077,1.0385958,-0.58445884,2.3
8,1900,0.950000,13,1.5206449,0.20404372,1.3344179,1.3009626,0.012484902,0.0011002806,-0.047410346,-0.15260392,0.29431676,0.21112763,-0.78218479,0.58829904,0.20516137,1.3641677,2.4967343,2.3
8,1900,0.950000,14,1.5206449,0.60675599,0.93184044,1.3258236,0.03971788,-0.0049116305,-3.2191831e-05,-0.21640835,0.10745716,0.32294665,0.52772926,-0.84331083,0.10163006,1.4689905,-1.0116344,2.3
8,1900,0.950000,15,1.5206449,0.57970193,1.3133685,0.96606391,0.01712715,-0.039743013,-0.045702149,0.21119473,0.13135029,-0.12115542,-0.42981517,-0.83951591,0.33237323,1.2319776,-2.0439818,2.3
8,1900,0.950000,16,1.5206449,0.93271483,0.13262305,0.20870719,-0.0035780308,-0.036670326,0.0094466055,-0.11407545,0.10392463,-0.032933795,-0.36662582,-0.48307783,0.79512346,0.65158519,-2.2199929,2.3
8,1900,0.950000,17,1.5206449,0.96273219,0.58505808,0.5371765,0.0036180709,0.021441147,-0.048322842,-0.02119254,0.19541841,0.063032907,-0.50073742,-0.58941606,-0.63391698,2.2574037,-2.2750281,2.3
8,1900,0.950000,18,1.5206449,1.3106077,0.18787657,0.53122869,0.023895046,-0.048617654,0.0099395344,0.10658983,-0.2558242,-0.15091837,-0.067270876,0.97948809,-0.18994134,1.7618987,1.6393683,2.3
8,1900,0.950000,19,1.5206449,1.3792831,0.58635248,0.19519966,0.070077994,-0.015862302,0.033927093,0.10671188,-0.22007285,0.15734867,0.72884534,-0.19848552,-0.65527701,2.2853456,-0.26588105,2.3
8,1900,0.950000,20,1.5206449,0.97369832,0.19513733,0.92174113,0.029523556,0.018442602,-0.023932419,-0.075325425,-0.030380131,-0.21495056,-0.11001947,-0.27793878,0.95427761,0.30356261,-1.9477119,2.3
8,1900,0.950000,21,1.5206449,0.94797073,0.52997037,1.3951033,-0.057165267,-0.042403357,0.078710968,0.075627275,0.045070403,0.23713863,0.12344332,0.14524471,0.98166477,0.19178913,0.86636095,2.3
8,1900,0.950000,22,1.5206449,1.3455557,0.21868829,1.3239964,0.009585494,0.021411379,-0.030462959,0.31364558,-0.16870621,0.24223756,-0.39951245,-0.48446014,0.77825971,0.67890671,-2.260391,2.3
8,1900,0.950000,23,1.5206449,1.3582453,0.58178777,0.96525018,0.027449393,0.04841276,0.075142264,-0.024859305,0.097636514,-0.031031803,-0.82683589,-0.52334836,0.20603132,1.3632788,-2.5772947,2.3
8,1900,0.950000,24,1.5206449,0.96755248,0.95363731,0.19119342,0.016554913,-0.037016537,0.021304566,-0.2040688,-0.12803704,-0.13999767,0.53367399,0.84243201,0.074164566,1.4965636,1.0061137,2.3
8,1900,0.950000,25,1.5206449,0.92463025,1.324957,0.5927123,-0.0122378,0.0062701522,-0.018797237,0.13274752,-0.0053857829,-0.055349777,-0.71324094,0.55365046,0.42983546,1.1264858,2.4815046,2.3
8,1900,0.950000,26,1.5206449,1.306109,1.0109425,0.59140276,0.016181616,0.050628495,0.050294851,0.16875276,0.038810014,-0.15359925,-0.57076212,-0.65090293,-0.50055567,2.0950369,-2.2906887,2.3
8,1900,0.950000,27,1.5206449,1.3189073,1.3406617,0.15394283,-0.010307848,-0.021424863,-0.060410679,-0.070082746,-0.1170194,-0.10292813,0.16089177,0.15566273,0.97461939,0.22578178,0.76888107,2.3
8,1900,0.950000,28,1.5206449,0.95431129,0.94866272,0.94383074,-0.022529617,-0.010679504,-0.050464964,-0.097524364,-0.03701897,0.076238589,0.71418476,-0.67211801,0.19544184,1.3740884,-0.75506291,2.3
8,1900,0.950000,29,1.5206449,0.93856856,1.3040372,1.3310673,-0.01893493,-0.052066772,-0.010921315,-0.16523832,0.091915003,-0.15479094,-0.020829858,-0.77147889,-0.63591387,2.2599884,-1.5977897,2.3
8,1900,0.950000,30,1.5206449,1.3202464,0.92071495,1.302169,-0.039626947,-0.039605516,-0.034189168,-0.25549619,-0.089163264,0.057932789,0.53869509,0.74085181,-0.401181,1.9836021,0.94209383,2.3
8,1900,0.950000,31,1.5206449,1.304451,1.3666455,0.96700279,0.0059853154,0.026849733,-0.00094646009,-0.036970083,0.001948764,-0.20004861,0.036928737,0.19014036,-0.98106214,2.9466673,1.3789662,2.3
9,2000,1.000000,0,1.5232593,0.1659568,0.15936717,0.24387313,0.0010691669,-0.034616722,0.034228639,0.034862357,-0.07540196,-0.061112977,0.17412777,0.17167902,0.96964212,0.24703336,0.77831701,2.3
9,2000,1.000000,1,1.5232593,0.21150722,0.62949264,0.56017569,0.05506675,0.025470963,0.052651597,0.12878543,-0.18646933,0.035695789,-0.19249657,0.92587273,0.32512269,1.2396549,1.7757843,2.3
9,2000,1.000000,2,1.5232593,0.56140522,0.20172696,0.58053208,-0.015850658,0.034963647,-0.013400645,0.067765231,0.13748011,-0.084690594,-0.29161683,-0.75082419,0.59264041,0.93646331,-1.9412591,2.3
9,2000,1.000000,3,1.5232593,0.50816864,0.58329999,0.14518127,-0.071889696,0.039771832,-0.084353488,-0.036398825,-0.17437277,-0.1233595,0.0081091357,-0.92472631,-0.38054632,1.9611833,-1.5620273,2.3
9,2000,1.000000,4,1.5232593,0.17253497,0.20791492,0.94935902,0.024993247,0.090905446,0.030858892,-0.12461636,0.10390488,0.030790893,0.4151088,-0.35503981,0.83763442,0.57785832,-0.70755913,2.3
9,2000,1.000000,5,1.5232593,0.20622247,0.58086447,1.3195702,0.033753586,0.033293748,0.06540238,-0.14001534,0.049497584,-0.27596552,-0.067965082,-0.99758101,-0.014590606,1.5853875,-1.6388211,2.3
9,2000,1.000000,6,1.5232593,0.55696675,0.14790642,1.3355405,-0.011599276,-0.075416276,-0.089210132,0.0031971041,0.11836465,0.07807726,0.8508539,-0.47522126,-0.22408124,1.7967965,-0.50936303,2.3
9,2000,1.000000,7,1.5232593,0.58824665,0.50617157,0.95692689,-0.043310338,-0.069541182,-0.020178469,0.20525303,-0.078995109,-0.018559862,0.22010629,0.91239953,-0.34508016,1.9231205,1.3340802,2.3
9,2000,1.000000,8,1.5232593,0.19003929,1.0018765,0.13982714,-0.044316586,0.047474328,-0.038599982,-0.099619661,0.16472761,0.054220829,0.76491661,-0.13615827,-0.62957406,2.2518012,-0.17615897,2.3
9,2000,1.000000,9,1.5232593,0.20751373,1.3217413,0.60955735,0.0081886379,0.0037602431,0.075605731,-0.059937262,0.11391403,0.0070595032,0.23669293,-0.86348804,-0.44538171,2.0323969,-1.3032553,2.3
9,2000,1.000000,10,1.5232593,0.58315507,0.96734451,0.59063908,-0.013122378,0.057804212,0.039211627,0.4281492,-0.095619232,-0.089513726,0.35694768,-0.031093156,-0.93360675,2.775147,-0.086889117,2.3
9,2000,1.000000,11,1.5232593,0.56939474,1.3093835,0.19743249,-0.021130745,0.022316482,-0.017849502,0.063533513,0.015121769,-0.011156448,-0.38612169,0.65090641,-0.65362901,2.283166,2.1062054,2.3
9,2000,1.000000,12,1.5232593,0.20419056,0.9545466,0.96441139,0.013761107,-0.028391544,0.0506647,0.087610164,-0.23581652,0.15102835,0.6469471,-0.44482173,0.61934892,0.90288318,-0.60233521,2.3
9,2000,1.000000,13,1.5232593,0.19415617,1.3496757,1.314929,0.0022553445,0.014052789,-0.035690657,-0.21383577,0.25197327,0.24731691,-0.77581639,0.59994898,0.19537183,1.3741598,2.4833373,2.3
9,2000,1.000000,14,1.5232593,0.59816107,0.93994343,1.3422837,0.030088074,0.0015837437,0.014136356,-0.15644243,0.12040618,0.23504255,0.60520982,-0.79343562,0.064660605,1.5060906,-0.91917164,2.3
9,2000,1.000000,15,1.5232593,0.59023971,1.3256742,0.96282128,0.026660096,-0.029703979,-0.050601452,0.15256593,0.23924243,-0.11326504,-0.3496429,-0.89070349,0.29051185,1.2760346,-1.9448612,2.3
9,2000,1.000000,16,1.5232593,0.92786027,0.13811527,0.20752508,-0.010030599,-0.031410634,0.007907005,-0.1136955,0.085521771,-0.0058271351,-0.49907942,-0.43228746,0.75103082,0.72117442,-2.4277858,2.3
9,2000,1.000000,17,1.5232593,0.96122823,0.59731296,0.54145759,0.00046166639,0.032680527,-0.044968161,-0.10737476,0.20402724,0.079926108,-0.56503754,-0.53725073,-0.62617428,2.2474331,-2.3813974,2.3
9,2000,1.000000,18,1.5232593,1.3145954,0.17527098,0.52769803,0.025628008,-0.061535148,0.0054993833,-0.034848248,-0.25687953,-0.053854143,-0.021015762,0.9918932,-0.12532448,1.6964512,1.5919807,2.3
9,2000,1.000000,19,1.5232593,1.3865756,0.57856097,0.20579049,0.074994966,-0.024654331,0.044173535,0.082664709,-0.12343189,0.20553066,0.5982971,-0.30357902,-0.74153918,2.406158,-0.46955416,2.3
9,2000,1.000000,20,1.5232593,0.97017797,0.19413751,0.91638394,0.024333656,0.017108437,-0.030868331,-0.10890871,-0.014523085,-0.06571273,0.018981299,-0.26236044,0.96478324,0.26617822,-1.498574,2.3
9,2000,1.000000,21,1.5232593,0.95475188,0.53303634,1.4073622,-0.052018317,-0.040250369,0.08856298,0.11886731,0.016494923,0.15001345,0.20289888,0.32523503,0.92360934,0.39340452,1.0130222,2.3
9,2000,1.000000,22,1.5232593,1.3590659,0.20908454,1.3387225,0.020772773,0.011440219,-0.018023832,0.12625984,-0.14472094,0.24319848,-0.53931233,-0.52416164,0.65908784,0.85119108,-2.3704399,2.3
9,2000,1.000000,23,1.5232593,1.3567537,0.58960139,0.96292245,0.02362596,0.055220301,0.071158464,-0.14293917,0.13598472,-0.091370749,-0.70914537,-0.49427027,0.50280189,1.0439592,-2.5328868,2.3
9,2000,1.000000,24,1.5232593,0.95689707,0.94774297,0.18346195,0.0042466297,-0.044543933,0.013251315,-0.27584973,-0.12438701,-0.1826948,0.52081426,0.85364086,-0.0070557341,1.5778521,1.0229766,2.3
9,2000,1.000000,25,1.5232593,0.93388969,1.3272766,0.59012333,-0.0045745959,0.0063117784,-0.022402113,0.16938866,-0.012001887,-0.074734766,-0.66053372,0.64322234,0.38724698,1.1731526,2.3694718,2.3
9,2000,1.000000,26,1.5232593,1.3208506,1.0120592,0.58463599,0.028667016,0.050007691,0.042518001,0.34998086,-0.057465997,-0.14609149,-0.47096429,-0.54539555,-0.69335152,2.3369261,-2.2830918,2.3
9,2000,1.000000,27,1.5232593,1.319533,1.3354407,0.15025028,-0.011948222,-0.028944297,-0.06436449,-0.030975328,-0.1374824,-0.04727223,0.084257725,0.17585042,0.9808044,0.19625153,1.1239721,2.3
9,2000,1.000000,28,1.5232593,0.95255374,0.94514741,0.94824022,-0.025924927,-0.015821365,-0.047680538,-0.020511952,-0.15318058,0.037702859,0.66767914,-0.73684398,0.10613911,1.4644569,-0.83460277,2.3
9,2000,1.000000,29,1.5232593,0.93004413,1.310845,1.3246002,-0.029064268,-0.047504834,-0.019669338,-0.21693851,0.067193715,-0.15558672,0.014536651,-0.83194309,-0.55467052,2.1587633,-1.553325,2.3
9,2000,1.000000,30,1.5232593,1.312877,0.91974404,1.3105309,-0.049257856,-0.042157147,-0.028071257,-0.16511815,-0.030825511,0.18858042,0.45333881,0.84780962,-0.27514137,1.8495331,1.0797618,2.3
9,2000,1.000000,31,1.5232593,1.3061941,1.3722795,0.95975176,0.0054861972,0.030131322,-0.0098523359,0.020485727,0.085475269,-0.13994455,0.34159713,0.19095821,-0.92024256,2.7394962,0.50973881,2.3
10,2100,1.050000,0,1.5216785,0.17005728,0.15605337,0.23806067,0.0053440946,-0.037766771,0.028666373,0.14729969,-0.048663955,-0.19110516,0.28877715,0.14044277,0.94703938,0.32690919,0.4526569,2.3
10,2100,1.050000,1,1.5216785,0.21355134,0.61937435,0.5619671,0.057331541,0.016001027,0.055025577,-0.025860111,-0.16993071,0.045746808,-0.29285088,0.88098533,0.3716224,1.1900404,1.8917183,2.3
10,2100,1.050000,2,1.5216785,0.56480385,0.20899165,0.57349693,-0.011867346,0.042441565,-0.019836678,0.1154143,0.15394805,-0.12267859,-0.25970249,-0.77132523,0.5810439,0.95078559,-1.8955707,2.3
10,2100,1.050000,3,1.5216785,0.50889401,0.57098421,0.14277966,-0.070636307,0.028055308,-0.086605603,0.087091174,-0.30748327,0.03252872,0.099598371,-0.9230177,-0.37164296,1.9515744,-1.4633071,2.3
10,2100,1.050000,4,1.5216785,0.16858298,0.21219537,0.94606242,0.02121835,0.095404,0.028546317,-0.071572301,0.096160047,-0.070031421,0.55922264,-0.25909183,0.78749061,0.66406951,-0.43386486,2.3
10,2100,1.050000,5,1.5216785,0.1967911,0.58307165,1.3031804,0.024531443,0.036105203,0.050374178,-0.21753646,0.069161953,-0.25043546,-0.064050153,-0.99757412,0.027266221,1.5435267,-1.6349142,2.3
10,2100,1.050000,6,1.5216785,0.55583328,0.15753383,1.3379703,-0.012155026,-0.065630294,-0.085392385,-0.041778066,0.22669868,0.11546012,0.84460807,-0.51863011,-0.13289099,1.7040816,-0.55068512,2.3
10,2100,1.050000,7,1.5216785,0.60019564,0.50551123,0.95591153,-0.030744358,-0.069676299,-0.020200762,0.27040401,0.11026669,0.00090227838,0.18355885,0.90107904,-0.3928902,1.9745688,1.369836,2.3
10,2100,1.050000,8,1.5216785,0.1808356,1.0065172,0.14309019,-0.053327731,0.053157718,-0.035190058,-0.2179181,0.057614793,0.069830859,0.76106828,-0.12931799,-0.63565079,2.2596476,-0.16830891,2.3
10,2100,1.050000,9,1.5216785,0.20400242,1.3254978,0.60911461,0.0048909679,0.0088910948,0.075795674,-0.018031491,0.07691421,-0.0058519745,0.30057379,-0.81144721,-0.50120736,2.0957898,-1.2160497,2.3
10,2100,1.050000,10,1.5216785,0.60261225,0.95826854,0.58567352,0.0069504071,0.049727936,0.034856754,0.37476763,-0.20551525,-0.031957576,0.44110591,-0.12633884,-0.88851791,2.6649013,-0.2789463,2.3
10,2100,1.050000,11,1.5216785,0.57001537,1.310285,0.19403677,-0.019918579,0.024577988,-0.021041982,0.00089070564,0.085463425,-0.10080987,-0.32127607,0.69297456,-0.64542074,2.2723703,2.0049178,2.3
10,2100,1.050000,12,1.5216785,0.21031044,0.94458382,0.97051217,0.020096173,-0.037368378,0.057770008,0.15773247,-0.10116414,0.094551404,0.56918364,-0.46325332,0.6792837,0.82401018,-0.68315372,2.3
10,2100,1.050000,13,1.5216785,0.18332515,1.3600476,1.3238846,-0.0083797144,0.025831485,-0.025365174,-0.22312718,0.16828458,0.12653213,-0.77799452,0.58994196,0.21608565,1.3529927,2.4928099,2.3
10,2100,1.050000,14,1.5216785,0.59192991,0.94268218,1.3503159,0.024474757,0.0052998706,0.023566459,-0.035162583,0.058089378,0.1637584,0.6290562,-0.7767494,-0.030800534,1.6016017,-0.89007365,2.3
10,2100,1.050000,15,1.5216785,0.59417209,1.3371132,0.95701654,0.031207382,-0.01688253,-0.055409497,0.032278455,0.23382594,-0.081586065,-0.30288498,-0.9296933,0.20959737,1.3596332,-1.8857428,2.3
10,2100,1.050000,16,1.5216785,0.92204117,0.14351286,0.20751732,-0.014889302,-0.025866829,0.008114722,-0.037377815,0.086641469,-0.0057115702,-0.60122806,-0.38581655,0.69976454,0.79572848,-2.5710644,2.3
10,2100,1.050000,17,1.5216785,0.95714768,0.60546943,0.54772211,-0.002622944,0.041461434,-0.038138184,-0.035397605,0.14352002,0.16524972,-0.57017969,-0.51569059,-0.6394985,2.2646421,-2.4063325,2.3
10,2100,1.050000,18,1.5216785,1.3101802,0.1639457,0.52509326,0.022575539,-0.072684321,0.003441175,-0.089202636,-0.12909951,-0.016496361,0.026081394,0.99884011,-0.04047475,1.6112821,1.5446906,2.3
10,2100,1.050000,19,1.5216785,1.3884917,0.57518445,0.21425805,0.078351775,-0.027431871,0.052859165,0.026746171,-0.0045915494,0.14617068,0.47790471,-0.44555467,-0.75702584,2.4295454,-0.75038112,2.3
10,2100,1.050000,20,1.5216785,0.96470522,0.19523031,0.91238531,0.019865412,0.01840339,-0.033917541,-0.079335699,0.11320924,-0.06868261,0.13466024,-0.26926574,0.95360504,0.30580455,-1.1070674,2.3
10,2100,1.050000,21,1.5216785,0.95906298,0.52873147,1.4108991,-0.046713633,-0.044004018,0.093562941,0.079988021,-0.17089036,0.041846013,0.36394695,0.45826974,0.81088314,0.62513669,0.89961655,2.3
10,2100,1.050000,22,1.5216785,1.3579832,0.20436058,1.3499337,0.021100659,0.0069309027,-0.0054167093,-0.11647078,-0.078824502,0.24657612,-0.67886149,-0.54082409,0.49664513,1.0510671,-2.4688895,2.3
10,2100,1.050000,23,1.5216785,1.3465374,0.5929289,0.95715631,0.014813031,0.05916174,0.066389151,-0.165015,0.0099239222,-0.097805416,-0.53662996,-0.43084182,0.72553678,0.75898226,-2.4651067,2.3
10,2100,1.050000,24,1.5216785,0.94325522,0.94270906,0.17407476,-0.0084087491,-0.048596392,0.00404974,-0.20513265,-0.067065714,-0.16552869,0.54572371,0.83237276,-0.096649952,1.6675974,0.99047753,2.3
10,2100,1.050000,25,1.5216785,0.94319124,1.3232924,0.58642813,0.005701461,0.0037035988,-0.025486499,0.2180831,-0.079477576,-0.075413354,-0.6084647,0.67417398,0.41864084,1.1388481,2.3050095,2.3
10,2100,1.050000,26,1.5216785,1.3367182,1.0042537,0.576887,0.045914295,0.043248999,0.035372029,0.30177899,-0.22946976,-0.11366511,-0.3559143,-0.4678165,-0.80899489,2.5132365,-2.221173,2.3
10,2100,1.050000,27,1.5216785,1.3151187,1.3281152,0.15091735,-0.014994697,-0.03488705,-0.063541071,-0.058127663,-0.086739913,0.0606158,-0.013653635,0.21689638,0.97609914,0.21907385,1.6336634,2.3
10,2100,1.050000,28,1.5216785,0.95263676,0.93588943,0.94806541,-0.024852816,-0.024102783,-0.04687086,-0.015988596,-0.13097588,-0.024396087,0.65429545,-0.75587166,-0.023569111,1.5943676,-0.8573053,2.3
10,2100,1.050000,29,1.5216785,0.92036737,1.3119868,1.3173221,-0.037780378,-0.045001427,-0.025575841,-0.11157031,0.018674401,-0.11260436,0.11903402,-0.87362447,-0.4718169,2.0621467,-1.4353772,2.3
10,2100,1.050000,30,1.5216785,1.3056442,0.91823057,1.320095,-0.055131273,-0.042716423,-0.017141451,-0.080022362,0.067562306,0.25403903,0.46055857,0.86937645,-0.17908207,1.7508497,1.0836272,2.3
10,2100,1.050000,31,1.5216785,1.3073806,1.3746792,0.95542185,0.0080295028,0.03395721,-0.013187967,0.051313486,0.038247787,0.002455249,0.66342375,0.12693069,-0.73739916,2.4000081,0.18904212,2.3
11,2200,1.100000,0,1.5117496,0.17625455,0.15393439,0.22614158,0.012674969,-0.038871128,0.018266577,0.16857929,-0.045999215,-0.20331445,0.36523137,0.092818381,0.92627793,0.38638359,0.24886742,2.3
11,2200,1.100000,1,1.5117496,0.21149325,0.60716738,0.56229024,0.056664676,0.007808623,0.059028614,-0.0063871718,-0.15310618,0.11510167,-0.41147747,0.8439939,0.34403574,1.2195847,2.0244232,2.3
11,2200,1.100000,2,1.5117496,0.56543405,0.21611037,0.56326185,-0.0075376637,0.0509518,-0.026351043,0.045209144,0.20817397,-0.091248187,-0.30560471,-0.68390922,0.66247562,0.84667752,-1.9910275,2.3
11,2200,1.100000,3,1.5117496,0.50873852,0.55441278,0.14785052,-0.067460909,0.015167325,-0.080583405,0.03480981,-0.22958341,0.21032188,0.16465224,-0.94006758,-0.29860103,1.8740228,-1.3974057,2.3
11,2200,1.100000,4,1.5117496,0.16531322,0.21534929,0.93459629,0.019041453,0.099957386,0.023235796,-0.018555041,0.10750879,-0.11644403,0.7189654,-0.19228978,0.66791721,0.83938963,-0.2613368,2.3
11,2200,1.100000,5,1.5117496,0.18422706,0.57685333,1.288233,0.013214406,0.033683458,0.043908793,-0.24069513,-0.110677,-0.071915219,-0.026840615,-0.99692039,-0.073683955,1.6445471,-1.5977134,2.3
11,2200,1.100000,6,1.5117496,0.55032587,0.1679231,1.3347721,-0.014041832,-0.054175634,-0.079842277,-0.05818188,0.21145811,0.091576932,0.87274406,-0.45707358,-0.17146879,1.7431167,-0.4824431,2.3
11,2200,1.100000,7,1.5117496,0.60800703,0.51228638,0.94957942,-0.018978222,-0.05956964,-0.020295925,0.17722538,0.26588974,-0.014610249,0.28619388,0.78477912,-0.54974066,2.1528501,1.2211032,2.3
11,2200,1.100000,8,1.5117496,0.16869459,0.9985704,0.1456111,-0.064324798,0.051773826,-0.031724145,-0.2140174,-0.069057007,0.071419209,0.73254915,-0.098100797,-0.67360818,2.3098763,-0.13312498,2.3
11,2200,1.100000,9,1.5117496,0.20454282,1.3182881,0.60521626,0.0067686209,0.010334901,0.075872008,0.088533172,-0.015126687,0.0024427571,0.28143646,-0.78222916,-0.55579768,2.1601185,-1.2254287,2.3
11,2200,1.100000,10,1.5117496,0.61430842,0.93917453,0.58180783,0.022629901,0.036844392,0.034812401,0.24048885,-0.27601847,0.011789124,0.52843484,-0.22722419,-0.81800109,2.5287237,-0.4060936,2.3
11,2200,1.100000,11,1.5117496,0.5663285,1.3059172,0.18892331,-0.019886028,0.028773466,-0.024902002,-0.0085375384,0.049274067,-0.056446893,-0.35765111,0.64716042,-0.67325261,2.3093953,2.0756693,2.3
11,2200,1.100000,12,1.5117496,0.21635412,0.93934907,0.96721835,0.027536465,-0.036436739,0.060818696,0.17705905,0.11193207,-0.0065800063,0.58187634,-0.47903869,0.65722284,0.85366824,-0.68876708,2.3
11,2200,1.100000,13,1.5117496,0.17268698,1.3561375,1.3207561,-0.017852705,0.030811879,-0.019837238,-0.13059444,0.021941932,0.05593176,-0.80428303,0.52156096,0.28478583,1.2820133,2.5662872,2.3
11,2200,1.100000,14,1.5117496,0.58648999,0.93791585,1.3461864,0.022891959,0.00668902,0.028263091,-0.042517811,-0.01055493,0.031317836,0.60423181,-0.79022511,-0.10221639,1.6731916,-0.917996,2.3
11,2200,1.100000,15,1.5117496,0.58776108,1.3399356,0.94967462,0.028664975,-0.0052976533,-0.056510554,-0.16388204,0.2803559,0.026987963,-0.29885118,-0.94788054,0.11050095,1.4600693,-1.8762151,2.3
11,2200,1.100000,16,1.5117496,0.91771221,0.14725788,0.20551392,-0.013196472,-0.021170024,0.0074632172,0.12082857,0.067285069,0.015898584,-0.7026542,-0.41142675,0.5805214,0.95142743,-2.6118791,2.3
11,2200,1.100000,17,1.5117496,0.94853338,0.60482,0.54989065,-0.0049996998,0.044773491,-0.03237694,-0.02958112,-0.048311072,0.072528775,-0.56026605,-0.49196934,-0.66638437,2.3001453,-2.4210099,2.3
11,2200,1.100000,18,1.5117496,1.295335,0.15915758,0.52187668,0.01625845,-0.076414919,0.0036514816,-0.11432663,-0.019671265,0.083996936,0.071343794,0.99572892,0.058600248,1.5121625,1.4992687,2.3
11,2200,1.100000,19,1.5117496,1.3814711,0.57335994,0.2186486,0.080397722,-0.025497016,0.058666748,0.014780817,0.068408728,0.091854585,0.37673798,-0.57970182,-0.72250557,2.3782159,-0.99450382,2.3
11,2200,1.100000,20,1.5117496,0.95576599,0.20104402,0.90273343,0.01721214,0.025514237,-0.037628315,-0.037335261,0.17982325,-0.073916034,0.15505825,-0.26014163,0.95303897,0.30767926,-1.0332839,2.3
11,2200,1.100000,21,1.5117496,0.95852508,0.51588948,1.4013431,-0.040974933,-0.053426911,0.09321187,0.12273178,-0.18146376,-0.078226439,0.53166621,0.46308635,0.70914178,0.78251608,0.71656545,2.3
11,2200,1.100000,22,1.5117496,1.3373241,0.19910492,1.350154,0.0092635689,0.0029958028,0.0036414246,-0.33342629,-0.040590979,0.09899017,-0.78513855,-0.50437645,0.35939094,1.2031812,-2.5705756,2.3
11,2200,1.100000,23,1.5117496,1.3297863,0.58767567,0.94462087,0.0068218913,0.057772786,0.060078437,-0.1534309,-0.068221677,-0.13015757,-0.35946574,-0.4241131,0.83121144,0.58951316,-2.2738782,2.3
11,2200,1.100000,24,1.5117496,0.92895169,0.93512398,0.16594283,-0.016584361,-0.050035073,-0.0029693372,-0.11791177,-0.014746601,-0.13333562,0.57142226,0.80594718,-0.15467947,1.7260993,0.95405089,2.3
11,2200,1.100000,25,1.5117496,0.94551372,1.3078609,0.57889042,0.014206031,-0.0031157858,-0.02921,0.10593888,-0.16251817,-0.048100464,-0.54557417,0.66677561,0.50769983,1.0382835,2.2565532,2.3
11,2200,1.100000,26,1.5117496,1.3432282,0.98450186,0.56478404,0.06119636,0.030006474,0.027005834,0.30795991,-0.28307805,-0.14535989,-0.24765731,-0.4113712,-0.87717706,2.6407475,-2.1127063,2.3
11,2200,1.100000,27,1.5117496,1.3035854,1.3145356,0.15204255,-0.017956629,-0.039816854,-0.06142421,-0.070729933,-0.10651154,0.055451382,-0.10747261,0.23335702,0.96643372,0.25982979,2.002389,2.3
11,2200,1.100000,28,1.5117496,0.94645665,0.92748389,0.94110909,-0.024816918,-0.026409263,-0.047643647,0.0386742,0.044736863,0.019631986,0.63207167,-0.74839357,-0.20097879,1.7731533,-0.86946241,2.3
11,2200,1.100000,29,1.5117496,0.91090254,1.3047271,1.3049708,-0.041251233,-0.043696177,-0.029344046,0.0013421594,-0.019014689,-0.028773932,0.23678724,-0.847989,-0.47417977,2.0648285,-1.2984982,2.3
11,2200,1.100000,30,1.5117496,1.2945913,0.91899808,1.3219486,-0.057673239,-0.035935319,-0.0066399548,-0.01028467,0.19339187,0.15432685,0.56076868,0.79703442,-0.22422002,1.7969389,0.9576791,2.3
11,2200,1.100000,31,1.5117496,1.3028563,1.3675912,0.95171238,0.01204895,0.035845008,-0.010655087,0.097924319,0.01731043,0.043813227,0.88167041,0.022166913,-0.4713448,2.0616113,0.025136654,2.3
12,2300,1.150000,0,1.5096502,0.18556023,0.15093043,0.21684618,0.02223206,-0.041663254,0.0092789811,0.16880336,-0.079213004,-0.14613926,0.39923591,0.024053609,0.91653266,0.41147305,0.060176369,2.3
12,2300,1.150000,1,1.5096502,0.21145086,0.59975595,0.56901638,0.056916178,0.0012358248,0.066540853,0.0078483442,-0.13049528,0.16553136,-0.50282159,0.82235814,0.26626592,1.3012793,2.1195842,2.3
12,2300,1.150000,2,1.5096502,0.56495444,0.22733686,0.56106979,-0.0072318208,0.062486431,-0.027761863,-0.042592816,0.18698793,0.035876054,-0.36983045,-0.57180014,0.7323046,0.74909625,-2.1449065,2.3
12,2300,1.150000,3,1.5096502,0.51141108,0.54423665,0.15956186,-0.06407949,0.005754597,-0.068658455,0.076582266,-0.10742662,0.25011187,0.2386663,-0.95641736,-0.16823864,1.7398389,-1.3262488,2.3
12,2300,1.150000,4,1.5096502,0.16310168,0.21824916,0.92849165,0.017058115,0.10315855,0.01842574,-0.019642047,0.061681933,-0.15076192,0.84967228,-0.19618853,0.4894559,1.0593306,-0.2269221,2.3
12,2300,1.150000,5,1.5096502,0.17464638,0.57055753,1.2881069,0.0038830843,0.028184942,0.045572849,-0.15885215,-0.090433864,0.12405021,0.078326764,-0.95399903,-0.28939724,1.8643934,-1.4888765,2.3
12,2300,1.150000,6,1.5096502,0.54458464,0.17696202,1.3358012,-0.019022262,-0.044897063,-0.076957475,-0.088206907,0.15863895,-0.00029298964,0.91895475,-0.25611618,-0.29987776,1.8753608,-0.27180633,2.3
12,2300,1.150000,7,1.5096502,0.61416886,0.52724432,0.94826283,-0.011967148,-0.04388937,-0.020293789,0.099642244,0.39352935,-0.0021448008,0.40193006,0.56184169,-0.72303952,2.3789885,0.94982291,2.3
12,2300,1.150000,8,1.5096502,0.15958534,0.99258127,0.1487754,-0.073205947,0.047168261,-0.028355286,-0.14453519,-0.11640634,0.044020618,0.67097967,-0.036815745,-0.7405612,2.4047014,-0.054813683,2.3
12,2300,1.150000,9,1.5096502,0.21211695,1.3153735,0.60292168,0.014632273,0.0092503254,0.074416913,0.1910821,-0.017385395,-0.05173346,0.20294598,-0.78002111,-0.59192905,2.2042465,-1.3162596,2.3
12,2300,1.150000,10,1.5096502,0.62082721,0.92813161,0.58039638,0.030006939,0.027098981,0.034208519,0.073249708,-0.13193334,0.021805009,0.57781333,-0.29535923,-0.76085129,2.4354203,-0.47254141,2.3
12,2300,1.150000,11,1.5096502,0.56259581,1.3061784,0.18771054,-0.022834276,0.030849714,-0.025853063,-0.11278885,0.040639838,-0.02332663,-0.44401944,0.53027905,-0.72225401,2.3778521,2.2678896,2.3
12,2300,1.150000,12,1.5096502,0.22393333,0.9472363,0.96164429,0.035421618,-0.027238598,0.056584916,0.11903168,0.16886629,-0.11442495,0.73820402,-0.46929923,0.48457513,1.0649189,-0.56627885,2.3
12,2300,1.150000,13,1.5096502,0.16758413,1.35376,1.318793,-0.022719115,0.030317408,-0.019966265,-0.077295236,-0.060138343,-0.033138916,-0.81867006,0.43421308,0.37581689,1.1855182,2.6539309,2.3
12,2300,1.150000,14,1.5096502,0.58482418,0.93348464,1.3411378,0.022040049,0.0035581706,0.025081747,-0.0041557322,-0.12781906,-0.13498374,0.49599417,-0.85736516,-0.137531,1.7087646,-1.0463283,2.3
12,2300,1.150000,15,1.5096502,0.57603022,1.3516742,0.94969836,0.017742786,0.0083112402,-0.055167023,-0.22471818,0.30303586,0.069252077,-0.32651699,-0.94509445,0.013532615,1.5572633,-1.9034442,2.3
12,2300,1.150000,16,1.5096502,0.92179887,0.15153011,0.20643942,-0.0078316105,-0.016690173,0.0086749683,0.11773496,0.095654648,0.032391984,-0.79833962,-0.43306685,0.41845783,1.1390497,-2.6445572,2.3
12,2300,1.150000,17,1.5096502,0.94902247,0.59442949,0.54822369,-0.0031920811,0.035216281,-0.03328086,0.099689082,-0.33391848,-0.09001201,-0.57827317,-0.44095033,-0.6864131,2.3273414,-2.4901208,2.3
12,2300,1.150000,18,1.5096502,1.2904962,0.16141439,0.52765516,0.013216426,-0.073935353,0.01015924,-0.024714004,0.11982032,0.20107016,0.1206885,0.98900649,0.085442665,1.4852494,1.4493667,2.3
12,2300,1.150000,19,1.5096502,1.3797774,0.57523865,0.22157354,0.080622624,-0.022820187,0.061897576,-0.006117143,0.064109314,0.006467647,0.41865337,-0.61944671,-0.6640897,2.2970719,-0.97646261,2.3
12,2300,1.150000,20,1.5096502,0.95268941,0.21141209,0.89970304,0.015461657,0.036168909,-0.03940627,-0.011116846,0.23011459,0.04618393,0.13007261,-0.22495175,0.96564892,0.26286716,-1.0465422,2.3
12,2300,1.150000,21,1.5096502,0.96132304,0.50794114,1.3908109,-0.036842954,-0.060663837,0.084619798,0.020302015,-0.13800228,-0.20954906,0.6616852,0.41080112,0.62722814,0.89280722,0.55560279,2.3
12,2300,1.150000,22,1.5096502,1.3162024,0.19577293,1.3505104,-0.010014349,-6.1807888e-05,0.0058744214,-0.40308581,-0.1068454,-0.074586553,-0.86054762,-0.44205794,0.25306633,1.3149479,-2.6670502,2.3
12,2300,1.150000,23,1.5096502,1.320764,0.57962802,0.93816463,-0.0003586549,0.050536236,0.054930458,-0.13312485,-0.18060437,-0.069354713,-0.26552214,-0.51225411,0.81675805,0.61502668,-2.0490086,2.3
12,2300,1.150000,24,1.5096502,0.92444368,0.93496111,0.16003915,-0.019804526,-0.048898499,-0.0086465141,0.01131405,-0.0018002953,-0.076392106,0.59738944,0.77631687,-0.2011417,1.7733196,0.91492057,2.3
12,2300,1.150000,25,1.5096502,0.94891996,1.2962343,0.5761392,0.018928635,-0.012932904,-0.03115864,0.023945276,-0.22742161,-0.022335978,-0.38308683,0.62593557,0.67930048,0.82398732,2.1200092,2.3
12,2300,1.150000,26,1.5096502,1.3538073,0.97000487,0.55818049,0.073649545,0.01686758,0.021182577,0.13757191,-0.21102164,-0.05287024,-0.16546873,-0.34638149,-0.92338505,2.7476034,-2.0164507,2.3
12,2300,1.150000,27,1.5096502,1.2983141,1.3076403,0.1546573,-0.021420029,-0.044890195,-0.058596349,-0.080480947,-0.10936336,0.081499788,-0.085528419,0.25070905,0.96427686,0.26809656,1.8995618,2.3
12,2300,1.150000,28,1.5096502,0.94792721,0.93121194,0.9432396,-0.02203003,-0.021389686,-0.044203782,0.074412162,0.12671137,0.10885874,0.62178083,-0.67158791,-0.40293707,1.98552,-0.82388872,2.3
12,2300,1.150000,29,1.5096502,0.91119776,1.3012748,1.3053269,-0.03968991,-0.045337675,-0.027174175,0.10291254,-0.017250508,0.10450536,0.35208305,-0.77892724,-0.51895075,2.1164193,-1.146272,2.3
12,2300,1.150000,30,1.5096502,1.2958544,0.92695017,1.324157,-0.054610191,-0.026700564,-0.0025928468,0.14243934,0.21653251,-0.020597054,0.70464625,0.63030497,-0.325867,1.902725,0.72976724,2.3
12,2300,1.150000,31,1.5096502,1.303999,1.3656432,0.9516648,0.015003029,0.035796202,-0.0093800977,0.049675664,0.01601736,-0.039460568,0.96909098,-0.047635002,-0.24206112,1.8152859,-0.049114783,2.3
13,2400,1.200000,0,1.5070364,0.1893894,0.14750855,0.21348828,0.026386112,-0.044826545,0.0062939453,-0.042580829,-0.035940135,0.021103771,0.43400847,-0.038123257,0.90010181,0.45079319,-0.087615012,2.3
13,2400,1.200000,1,1.5070364,0.2139113,0.59325721,0.57709824,0.059745172,-0.004229233,0.075615772,0.072174824,-0.094628112,0.23014793,-0.54372188,0.82204353,0.16914771,1.4008315,2.1551628,2.3
13,2400,1.200000,2,1.5070364,0.56229725,0.23401305,0.56529128,-0.0089123012,0.069562362,-0.022564426,0.0096717604,0.060625564,0.17431097,-0.41899375,-0.45698459,0.78460775,0.66873313,-2.312852,2.3
13,2400,1.200000,3,1.5070364,0.51564399,0.54320699,0.16938118,-0.058956678,0.0056671565,-0.05855411,0.14140875,0.096561111,0.15553921,0.24957433,-0.96773561,-0.034647451,1.6054507,-1.3184008,2.3
13,2400,1.200000,4,1.5070364,0.16238717,0.21821987,0.91884101,0.01662563,0.10350743,0.010375716,-0.010582913,-0.049941866,-0.16628999,0.91850639,-0.27539436,0.2837322,1.2831123,-0.29129942,2.3
13,2400,1.200000,5,1.5070364,0.16966847,0.56729072,1.2944693,-0.0007964944,0.025904019,0.054172905,-0.021823454,-0.0048724986,0.21542459,0.20564344,-0.84834576,-0.4878732,2.080448,-1.3329784,2.3
13,2400,1.200000,6,1.5070364,0.54027729,0.18298361,1.330489,-0.022389637,-0.038563586,-0.079959433,-0.031041199,0.14860479,-0.075111922,0.89466471,-0.036595941,-0.44523678,2.032235,-0.040881853,2.3
13,2400,1.200000,7,1.5070364,0.61467697,0.54803264,0.94656746,-0.010394296,-0.022169357,-0.020347374,-0.010568904,0.50641785,0.0020420309,0.46949997,0.26577016,-0.84198337,2.5717454,0.51509776,2.3
13,2400,1.200000,8,1.5070364,0.15766549,0.98339348,0.1486796,-0.074850911,0.039692551,-0.028193354,0.078584922,-0.16667389,0.0020241785,0.55345215,-0.044682075,-0.83168157,2.5529256,-0.080558681,2.3
13,2400,1.200000,9,1.5070364,0.22403597,1.3135884,0.59786961,0.026929206,0.009743098,0.070405263,0.24756703,-0.022743526,-0.11054394,0.13060784,-0.80597369,-0.57736297,2.1862916,-1.4101431,2.3
13,2400,1.200000,10,1.5070364,0.61927927,0.92266532,0.58072911,0.029533486,0.023236311,0.035547306,-0.12396407,-0.046918784,0.0054524804,0.61157073,-0.3334377,-0.71749602,2.3709972,-0.49916229,2.3
13,2400,1.200000,11,1.5070364,0.55345654,1.3037544,0.18990446,-0.03100655,0.030687078,-0.023331963,-0.21347112,-0.064285033,0.060645293,-0.49464241,0.33387094,-0.80240831,2.5021162,2.5478606,2.3
13,2400,1.200000,12,1.5070364,0.22823219,0.95449975,0.95610457,0.040112262,-0.018327369,0.052706831,0.073510311,0.12757338,-0.053519111,0.8577643,-0.48687113,0.16491486,1.4051246,-0.51625883,2.3
13,2400,1.200000,13,1.5070364,0.16497211,1.3467617,1.3117938,-0.025042993,0.025658983,-0.024686211,-0.01047914,-0.090077697,-0.16950812,-0.8096986,0.35276425,0.46898355,1.0826568,2.7307163,2.3
13,2400,1.200000,14,1.5070364,0.58391586,0.92400411,1.3283952,0.022144384,-0.0043129458,0.014652221,0.025474645,-0.22179495,-0.26740409,0.33861488,-0.9311069,-0.1355725,1.7067876,-1.2219963,2.3
13,2400,1.200000,15,1.5070364,0.56291492,1.3638166,0.95260058,0.0056143147,0.022806495,-0.050616542,-0.20716709,0.28138725,0.1213094,-0.38133197,-0.92442954,-0.0039945488,1.5747909,-1.9620363,2.3
13,2400,1.200000,16,1.5070364,0.92792024,0.15511096,0.20553029,-0.00010754636,-0.012843637,0.0081227935,0.18288407,0.080365458,-0.037464553,-0.82784649,-0.51752854,0.21641256,1.3526579,-2.5828852,2.3
13,2400,1.200000,17,1.5070364,0.95297355,0.57607137,0.54027809,0.0024069894,0.017872336,-0.040283339,0.13861728,-0.34245957,-0.18671426,-0.56209131,-0.40358621,-0.7219221,2.3773723,-2.5188826,2.3
13,2400,1.200000,18,1.5070364,1.2893211,0.16713456,0.53915916,0.014276656,-0.067930509,0.022587595,0.086100525,0.099787194,0.27868991,0.092369541,0.99466685,0.045888275,1.5248919,1.4781971,2.3
13,2400,1.200000,19,1.5070364,1.378365,0.57439293,0.21845859,0.081600115,-0.022669808,0.059163889,0.045202044,-0.076041805,-0.1046492,0.60589618,-0.53738803,-0.58660372,2.1976552,-0.72554749,2.3
13,2400,1.200000,20,1.5070364,0.95322387,0.21897436,0.90279496,0.017647508,0.044104093,-0.034752567,0.044026602,0.10933485,0.1450389,0.10778242,-0.18290052,0.97720538,0.21392406,-1.0382851,2.3
13,2400,1.200000,21,1.5070364,0.95711047,0.50420381,1.3767252,-0.039393294,-0.0635242,0.072932015,-0.10303139,0.014422496,-0.22597434,0.71160611,0.39989665,0.57766722,0.95492838,0.5119818,2.3
13,2400,1.200000,22,1.5070364,1.2937045,0.18758663,1.3400145,-0.030250856,-0.007915944,-0.0022903236,-0.40022922,-0.17533869,-0.25878865,-0.86519721,-0.47459946,0.16183061,1.4082509,-2.6398673,2.3
13,2400,1.200000,23,1.5070364,1.3140336,0.57093201,0.93606478,-0.0048061816,0.042837125,0.054454537,-0.10824258,-0.13109115,0.063632661,-0.3316063,-0.56588669,0.75485728,0.71535983,-2.1008538,2.3
13,2400,1.200000,24,1.5070364,0.92464885,0.93140203,0.16017069,-0.017997201,-0.050840467,-0.0082375273,0.03351584,-0.051434276,0.08055073,0.5391664,0.81535084,-0.21095637,1.7833496,0.98653975,2.3
13,2400,1.200000,25,1.5070364,0.94608444,1.2807534,0.57467338,0.017735053,-0.026180994,-0.031627333,-0.015815408,-0.27200909,0.041531005,-0.18183568,0.55959791,0.80857032,0.62907806,1.8849738,2.3
13,2400,1.200000,26,1.5070364,1.3518041,0.96262958,0.55756547,0.073990607,0.01116682,0.021534304,-0.11234524,-0.031869222,0.031244652,-0.19937799,-0.3213878,-0.92572042,2.7537323,-2.1260562,2.3
13,2400,1.200000,27,1.5070364,1.2913468,1.3033121,0.15986985,-0.026143456,-0.046956062,-0.053111275,-0.088405767,0.058404649,0.14297104,0.065163145,0.23210272,0.9705061,0.24347498,1.2970911,2.3
13,2400,1.200000,28,1.5070364,0.94799434,0.93695851,0.9458816,-0.02032017,-0.014024423,-0.039924953,0.049890591,0.19029183,0.023784554,0.67447937,-0.47517015,-0.56505832,2.1713003,-0.61373916,2.3
13,2400,1.200000,29,1.5070364,0.91495911,1.3013444,1.3081399,-0.034346277,-0.043013091,-0.022096629,0.048589583,0.10993734,0.06909274,0.49001263,-0.66171252,-0.56747173,2.1742284,-0.93338884,2.3
13,2400,1.200000,30,1.5070364,1.3025311,0.93428099,1.3173338,-0.045682051,-0.017757069,-0.0071273232,0.17075357,0.14157001,-0.1898443,0.77947675,0.43066125,-0.45491415,2.0430721,0.50476091,2.3
13,2400,1.200000,31,1.5070364,1.3033029,1.3610779,0.94863282,0.016566022,0.033593508,-0.010765554,0.014414057,-0.089405044,-0.0059563153,0.98946874,-0.060412849,-0.13153671,1.7027153,-0.060980145,2.3
14,2500,1.250000,0,1.5080833,0.18311116,0.14500849,0.21935529,0.019978532,-0.047428175,0.012010656,-0.19211679,-0.023808837,0.18746129,0.50725237,-0.024048362,0.86146196,0.53265476,-0.047373597,2.3
14,2500,1.250000,1,1.5080833,0.21830307,0.59149813,0.58915851,0.063986865,-0.0063996868,0.087271091,0.051150328,0.018523245,0.2349916,-0.5675661,0.81943829,0.079935008,1.4907759,2.1765576,2.3
14,2500,1.250000,2,1.5080833,0.5669866,0.23404995,0.57617087,-0.0046150689,0.06943674,-0.01208118,0.12896296,-0.09085509,0.23487612,-0.47762871,-0.40415095,0.78008513,0.67599445,-2.4393314,2.3
14,2500,1.250000,3,1.5080833,0.52157649,0.55163003,0.17509767,-0.053384328,0.013710041,-0.052957236,0.11476371,0.1719599,0.04897738,0.25776266,-0.96590383,0.02425281,1.5465411,-1.3100119,2.3
14,2500,1.250000,4,1.5080833,0.16307235,0.21514067,0.91225742,0.017197795,0.10027776,0.003156321,0.019906831,-0.068357836,-0.11308504,0.93035654,-0.28396496,0.23194959,1.3367149,-0.29624039,2.3
14,2500,1.250000,5,1.5080833,0.17083956,0.56820032,1.3060664,0.00025636858,0.026419348,0.06486707,0.074409766,0.010332862,0.16879671,0.34339506,-0.74271161,-0.57485589,2.1832243,-1.1377171,2.3
14,2500,1.250000,6,1.5080833,0.53873486,0.1881384,1.3272073,-0.024306728,-0.033537661,-0.084163993,-0.057392584,0.075197175,-0.10485917,0.80588138,0.11485372,-0.5808303,2.1905446,0.14156603,2.3
14,2500,1.250000,7,1.5080833,0.61307328,0.57375159,0.94649316,-0.012424303,0.0031600807,-0.021078999,-0.077332936,0.46701914,-0.030190335,0.52588421,0.0029224671,-0.85055115,2.5878288,0.0055571873,2.3
14,2500,1.250000,8,1.5080833,0.16376806,0.97673968,0.1444244,-0.068859949,0.032358143,-0.032550335,0.17209355,-0.14551412,-0.13523233,0.41227565,-0.15633898,-0.89754494,2.6849659,-0.36245637,2.3
14,2500,1.250000,9,1.5080833,0.23562803,1.30962,0.5908706,0.038361658,0.004863871,0.062993488,0.17689873,-0.15654954,-0.15442812,0.059426034,-0.87827225,-0.47445379,2.0651398,-1.5032369,2.3
14,2500,1.250000,10,1.5080833,0.60968683,0.92485606,0.58193473,0.019514319,0.024785548,0.036349216,-0.27419503,0.044160706,0.057102826,0.60142507,-0.3181878,-0.73283314,2.3932729,-0.48662165,2.3
14,2500,1.250000,11,1.5080833,0.54419715,1.3000048,0.19232428,-0.040647073,0.026033378,-0.021044859,-0.17760831,-0.10497428,0.034671645,-0.47257983,0.11650797,-0.87355263,2.6332505,2.8998768,2.3
14,2500,1.250000,12,1.5080833,0.23136401,0.95941423,0.9560248,0.043084501,-0.014077456,0.051963119,0.041656186,0.0045450543,-0.027199706,0.86625162,-0.47709987,-0.14826946,1.7196145,-0.50342929,2.3
14,2500,1.250000,13,1.5080833,0.16523022,1.342755,1.3045058,-0.024899535,0.020718421,-0.032882621,-0.003797691,-0.1126085,-0.15914066,-0.7497113,0.31020356,0.58455685,0.94646256,2.7492773,2.3
14,2500,1.250000,14,1.5080833,0.58483925,0.9148571,1.3159346,0.02266195,-0.014098453,0.0012733968,-0.01994824,-0.17171577,-0.21783624,0.1546367,-0.98481924,-0.078857808,1.6497361,-1.4150476,2.3
14,2500,1.250000,15,1.5080833,0.5580831,1.3750135,0.96110166,0.00039324954,0.033052363,-0.042779956,0.032560813,0.11814433,0.12384276,-0.39906243,-0.91651809,0.027272154,1.5435208,-1.9814524,2.3
14,2500,1.250000,16,1.5080833,0.93817698,0.15812419,0.20398223,0.0095012368,-0.0099391665,0.0064325419,0.22968433,0.027128514,-0.030886871,-0.76162154,-0.6477796,-0.017726457,1.5885237,-2.4367928,2.3
14,2500,1.250000,17,1.5080833,0.95982624,0.56050279,0.53121054,0.0085955055,0.0019090989,-0.049722935,0.15382509,-0.25318913,-0.18856929,-0.51049368,-0.41672032,-0.75215715,2.4221258,-2.4569863,2.3
14,2500,1.250000,18,1.5080833,1.2968641,0.17228018,0.55331953,0.02092162,-0.062902746,0.036368621,0.16509014,0.11643197,0.24960036,0.057205764,0.99754223,0.040459738,1.5303255,1.5135124,2.3
14,2500,1.250000,19,1.5080833,1.3825877,0.57147511,0.20924004,0.084864115,-0.025985512,0.04979683,0.083369048,-0.081434909,-0.21697755,0.80031792,-0.40690251,-0.44036528,2.0268018,-0.47036573,2.3
14,2500,1.250000,20,1.5080833,0.95484617,0.22302189,0.90935914,0.01860727,0.047998147,-0.028817625,-0.0050926209,0.063648023,0.1292852,0.098670886,-0.1465032,0.98427683,0.17756436,-0.97807325,2.3
14,2500,1.250000,21,1.5080833,0.95032895,0.50926043,1.3670716,-0.046837128,-0.058819481,0.062325667,-0.18644295,0.16194204,-0.20450337,0.69039136,0.4171396,0.59106202,0.9384215,0.54350747,2.3
14,2500,1.250000,22,1.5080833,1.2783562,0.17795188,1.3260836,-0.046492293,-0.017677624,-0.017146907,-0.27717544,-0.19879349,-0.2630283,-0.78704142,-0.6019463,0.13500541,1.4353774,-2.488673,2.3
14,2500,1.250000,23,1.5080833,1.3090004,0.56407424,0.94396655,-0.010750097,0.035585248,0.061703506,-0.11530237,-0.091671468,0.23189129,-0.46379234,-0.58299542,0.66709295,0.8404966,-2.2428078,2.3
14,2500,1.250000,24,1.5080833,0.92506891,0.92652091,0.16431705,-0.018219421,-0.05636671,-0.0042038342,-0.037871633,-0.13041604,0.067492145,0.40704772,0.90129128,-0.1482774,1.7196225,1.14659,2.3
14,2500,1.250000,25,1.5080833,0.94750429,1.2700042,0.57843123,0.018497392,-0.037815886,-0.028269868,-0.0028876774,-0.18958687,0.057417746,0.029663904,0.48441184,0.87433702,0.50672826,1.5096357,2.3
14,2500,1.250000,26,1.5080833,1.3428018,0.96491833,0.56094027,0.064052612,0.012786276,0.024520726,-0.2860743,0.078322165,0.085316156,-0.31243318,-0.32990745,-0.89081231,2.6699261,-2.3289971,2.3
14,2500,1.250000,27,1.5080833,1.2886093,1.3098304,0.16931773,-0.029776844,-0.041345192,-0.043777693,-0.09216232,0.15098423,0.18120597,0.24793235,0.21110966,0.94549578,0.33168258,0.70535316,2.3
14,2500,1.250000,28,1.5080833,0.95288745,0.94624067,0.94605577,-0.016087099,-0.0053961699,-0.040407714,0.1078834,0.1338071,-0.026111104,0.78863979,-0.14561456,-0.59736394,2.2110064,-0.18258379,2.3
14,2500,1.250000,29,1.5080833,0.91563119,1.308848,1.3144051,-0.034309834,-0.036415787,-0.016742098,-0.034447235,0.15197025,0.1021966,0.62034195,-0.53993174,-0.56890208,2.1759665,-0.716206,2.3
14,2500,1.250000,30,1.5080833,1.311486,0.94197073,1.3031636,-0.037634815,-0.010718813,-0.022207392,0.18023019,0.1555488,-0.38772485,0.71833113,0.27957361,-0.63705493,2.2614678,0.37116046,2.3
14,2500,1.250000,31,1.5080833,1.3063331,1.3542513,0.94989534,0.018690122,0.025824114,-0.010162257,0.058281164,-0.1503514,0.045062221,0.99268828,-0.078013889,-0.092107612,1.6630347,-0.078427311,2.3
15,2600,1.300000,0,1.5060195,0.17388225,0.14329253,0.22875498,0.010994052,-0.048946732,0.021717182,-0.16792918,-0.046689089,0.16658986,0.61880634,0.017028851,0.78535898,0.66752051,0.027511926,2.3
15,2600,1.300000,1,1.5060195,0.2204604,0.59427432,0.59588957,0.066444635,-0.0028115659,0.094813583,0.040921756,0.10542678,0.068091902,-0.63190763,0.77471838,-0.022454122,1.5932523,2.255014,2.3
15,2600,1.300000,2,1.5060195,0.57504039,0.22546974,0.58548852,0.0042207004,0.061171168,-0.0019681102,0.212237,-0.22192185,0.16625486,-0.49535608,-0.32633233,0.80506494,0.63501138,-2.5590676,2.3
15,2600,1.300000,3,1.5060195,0.52581588,0.56160952,0.17529179,-0.04842776,0.024451796,-0.052523195,0.066535391,0.24642165,0.0018074093,0.30021138,-0.95280924,0.045029645,1.5257514,-1.2655625,2.3
15,2600,1.300000,4,1.5060195,0.16605322,0.21128198,0.91021103,0.020404034,0.096711055,0.0023578202,0.091722125,-0.065434868,0.059106953,0.91759525,-0.28687074,0.27518019,1.2920192,-0.30300622,2.3
15,2600,1.300000,5,1.5060195,0.17653801,0.56918138,1.307941,0.006192672,0.028179196,0.068531593,0.1672862,0.079111031,-0.056269381,0.41322782,-0.7275706,-0.54761646,2.1503093,-1.0542722,2.3
15,2600,1.300000,6,1.5060195,0.53425585,0.19028118,1.3202232,-0.028051038,-0.031135763,-0.08933533,-0.080717766,0.060224935,-0.065684035,0.66557197,0.2848189,-0.68984936,2.3320773,0.40435063,2.3
15,2600,1.300000,7,1.5060195,0.60570334,0.59109538,0.93818512,-0.018959711,0.02130148,-0.028096554,-0.14644719,0.2675613,-0.23703063,0.6443025,-0.11188603,-0.756542,2.4288052,-0.17193985,2.3
15,2600,1.300000,8,1.5060195,0.17150939,0.96772809,0.14219589,-0.060889051,0.024677981,-0.034582583,0.12494097,-0.16281207,0.048392767,0.23987319,-0.27121895,-0.93214867,2.7710989,-0.84665237,2.3
15,2600,1.300000,9,1.5060195,0.24236628,1.2975492,0.58308243,0.04542721,-0.0054217652,0.056009156,0.1268717,-0.2298207,-0.08101082,0.0061129158,-0.96059241,-0.2778936,1.852397,-1.5644327,2.3
15,2600,1.300000,10,1.5060195,0.594502,0.92880545,0.5835437,0.0051540251,0.030004188,0.03875622,-0.27663049,0.12940536,0.0073011607,0.49893147,-0.31437059,-0.80761285,2.5108892,-0.56224953,2.3
15,2600,1.300000,11,1.5060195,0.53581899,1.292572,0.19150925,-0.048285725,0.020375789,-0.021597069,-0.14850589,-0.11613938,-0.052744378,-0.3991786,-0.062163669,-0.91476342,2.7257183,-2.9871046,2.3
15,2600,1.300000,12,1.5060195,0.23071411,0.95435788,0.95347048,0.042750998,-0.017823396,0.050716277,-0.073748832,-0.14594069,0.020012308,0.81344431,-0.42419182,-0.39795685,1.980085,-0.48068056,2.3
15,2600,1.300000,13,1.5060195,0.16156335,1.3362284,1.2971948,-0.028342646,0.01602623,-0.038412251,-0.11928558,-0.063740269,-0.06031138,-0.66516028,0.24723161,0.7045838,0.78895987,2.7857294,2.3
15,2600,1.300000,14,1.5060195,0.58194281,0.90901518,1.3089449,0.020564432,-0.018691522,-0.0039189346,-0.087481413,-0.0064533179,-0.056008516,-0.00091602913,-0.99722931,0.074383212,1.4963444,-1.5717149,2.3
15,2600,1.300000,15,1.5060195,0.5652017,1.3756457,0.96427724,0.0082810025,0.035568011,-0.038286015,0.21271455,-0.05514986,0.053637247,-0.40782115,-0.9054924,0.11732613,1.4531993,-1.9939712,2.3
15,2600,1.300000,16,1.5060195,0.94540461,0.1569411,0.20203098,0.018018608,-0.01090652,0.0047592911,0.1289265,-0.084555572,-0.076348091,-0.62813679,-0.74945404,-0.20919564,1.7815487,-2.2683563,2.3
15,2600,1.300000,17,1.5060195,0.96497611,0.55198586,0.52183801,0.015063343,-0.0058460852,-0.058374416,0.12612187,-0.019804542,-0.13191493,-0.46739775,-0.47063403,-0.74836018,2.4163827,-2.3527444,2.3
15,2600,1.300000,18,1.5060195,1.3043267,0.17672722,0.5645575,0.03016537,-0.058216722,0.048372042,0.20021661,0.056386788,0.18903298,0.0015212645,0.99866958,0.051543771,1.5192297,1.569273,2.3
15,2600,1.300000,19,1.5060195,1.3836743,0.56795654,0.19875222,0.087844861,-0.028723879,0.039588375,0.027762615,-0.076426213,-0.15962281,0.92002335,-0.31886252,-0.22777999,1.8005935,-0.3336256,2.3
15,2600,1.300000,20,1.5060195,0.95179694,0.22205578,0.91645742,0.016863573,0.047336793,-0.020469148,-0.036831533,-0.069793963,0.19471502,0.1064809,-0.13741361,0.98477374,0.1747287,-0.91155287,2.3
15,2600,1.300000,21,1.5060195,0.94080714,0.51858763,1.3561165,-0.055064031,-0.048788477,0.053235204,-0.12319634,0.18607172,-0.16062032,0.66208776,0.38734484,0.64156353,0.87426148,0.52934351,2.3
15,2600,1.300000,22,1.5060195,1.2679971,0.16919806,1.3125771,-0.055107851,-0.026193751,-0.028846683,-0.079050772,-0.12283719,-0.17327518,-0.68356955,-0.71664119,0.13841266,1.4319379,-2.3325798,2.3
15,2600,1.300000,23,1.5060195,1.3045056,0.56273085,0.95411585,-0.013455447,0.035013413,0.073152488,-0.035597523,0.09038412,0.23793391,-0.56451298,-0.53953364,0.62468275,0.89607113,-2.3788159,2.3
15,2600,1.300000,24,1.5060195,0.92141764,0.9191486,0.16731959,-0.02060635,-0.062475245,-0.00097421276,-0.078134165,-0.1349315,0.06948548,0.2382169,0.96643458,-0.096212862,1.6671582,1.3291235,2.3
15,2600,1.300000,25,1.5060195,0.94852954,1.2641812,0.57856752,0.020820908,-0.041903709,-0.02734135,0.065449769,0.01112298,-0.017645941,0.1248804,0.39991796,0.90800359,0.43230228,1.2681255,2.3
15,2600,1.300000,26,1.5060195,1.3241409,0.96702375,0.56537639,0.047217903,0.016214546,0.029728064,-0.29870587,0.066908801,0.090195832,-0.50533046,-0.38521429,-0.77217296,2.4530502,-2.4902648,2.3
15,2600,1.300000,27,1.5060195,1.2817242,1.3147864,0.18044327,-0.034901933,-0.03459198,-0.032412661,-0.10698901,0.15160889,0.25219689,0.43119794,0.18690355,0.88268647,0.48924811,0.40900762,2.3
15,2600,1.300000,28,1.5060195,0.95895878,0.94985955,0.9419499,-0.0087066728,-0.00047896804,-0.043220814,0.16613669,0.059295622,-0.058176812,0.8475257,0.1083003,-0.51958757,2.1171645,0.1270953,2.3
15,2600,1.300000,29,1.5060195,0.90928949,1.3136162,1.317441,-0.039401962,-0.029851926,-0.011904089,-0.15837243,0.088842691,0.092553047,0.68232916,-0.45960515,-0.56849805,2.1754754,-0.59277539,2.3
15,2600,1.300000,30,1.5060195,1.3166963,0.94800393,1.2807201,-0.030624912,-0.003391492,-0.042881661,0.11079692,0.13202816,-0.41907349,0.61614527,0.1934552,-0.76350513,2.4395197,0.30422954,2.3
15,2600,1.300000,31,1.5060195,1.3100834,1.3455774,0.95219986,0.024231999,0.018998846,-0.0065553246,0.17548708,-0.13046552,0.072647207,0.98578192,-0.064176642,-0.15529122,1.7267186,-0.06501053,2.3
16,2700,1.350000,0,1.5118829,0.16470895,0.14336708,0.23970691,0.001162875,-0.049429135,0.031758978,-0.15730923,0.027697026,0.19466651,0.72316747,0.059738066,0.68808442,0.81195047,0.082418999,2.3
16,2700,1.350000,1,1.5118829,0.22321228,0.60159057,0.59788467,0.068334513,0.0021812663,0.094489306,0.013432345,0.10637212,-0.085250693,-0.67446642,0.73137382,-0.10093254,1.671901,2.3157373,2.3
16,2700,1.350000,2,1.5118829,0.58676276,0.21533811,0.59391261,0.013685854,0.05018305,0.0041645528,0.18775273,-0.21567125,0.032214114,-0.45508869,-0.21302329,0.86458971,0.52646306,-2.7037959,2.3
16,2700,1.350000,3,1.5118829,0.52950409,0.57656826,0.17536284,-0.046789916,0.037199223,-0.053133434,0.013688872,0.25161005,0.013600875,0.39462815,-0.91879686,-0.0089971558,1.5797936,-1.1651158,2.3
16,2700,1.350000,4,1.5118829,0.17067263,0.2071748,0.92063016,0.024369231,0.091790839,0.009219848,0.085662755,-0.10608997,0.1796465,0.89269743,-0.27079594,0.36022334,1.202289,-0.29452342,2.3
16,2700,1.350000,5,1.5118829,0.18504058,0.57486671,1.3066587,0.013992768,0.03164178,0.062169335,0.12835683,0.033864454,-0.16477418,0.43756185,-0.7884949,-0.4322215,2.0177511,-1.0641737,2.3
16,2700,1.350000,6,1.5118829,0.53156394,0.19320208,1.3252368,-0.032813735,-0.028959929,-0.089461608,-0.078421388,0.011772867,0.038475993,0.45985245,0.41759935,-0.783675,2.4713565,0.73728101,2.3
16,2700,1.350000,7,1.5118829,0.60173936,0.59980398,0.92814147,-0.02526965,0.027696316,-0.041766328,-0.157481,0.024680151,-0.26767623,0.83871685,-0.055340217,-0.54174857,2.1433123,-0.065886498,2.3
16,2700,1.350000,8,1.5118829,0.17578741,0.96648364,0.1479459,-0.057285777,0.01967554,-0.029396275,-0.01112935,-0.06946017,0.088736802,0.10645267,-0.317924,-0.9421211,2.7996979,-1.2476932,2.3
16,2700,1.350000,9,1.5118829,0.2455544,1.2900011,0.58293929,0.047667354,-0.017997274,0.053600549,-0.021685825,-0.247822,-0.019369545,-0.079186793,-0.98969727,-0.11928439,1.6903654,-1.6506374,2.3
16,2700,1.350000,10,1.5118829,0.58550631,0.93678387,0.58175561,-0.0061343396,0.034357988,0.03470407,-0.15124489,0.023889752,-0.12183773,0.30946559,-0.38110745,-0.87119927,2.6284362,-0.888771,2.3
16,2700,1.350000,11,1.5118829,0.53165945,1.2909151,0.18916896,-0.054519285,0.013699441,-0.024676988,-0.10845219,-0.15181538,-0.099347264,-0.32824795,-0.21538729,-0.91970734,2.7381307,-2.5608904,2.3
16,2700,1.350000,12,1.5118829,0.22701511,0.9492501,0.9620971,0.038162661,-0.026629717,0.055621174,-0.10730379,-0.17634564,0.13680105,0.76949769,-0.37123036,-0.51967425,2.117266,-0.44949474,2.3
16,2700,1.350000,13,1.5118829,0.15750832,1.3383551,1.3018275,-0.033017613,0.012956415,-0.038829137,-0.10024652,-0.066634117,0.020288574,-0.63490081,0.21364516,0.74246664,0.73405125,2.8169933,2.3
16,2700,1.350000,14,1.5118829,0.58010538,0.91758403,1.311966,0.016469253,-0.013671539,-0.0059900123,-0.060352454,0.18116395,-0.01156856,-0.06380662,-0.95453318,0.29119603,1.2753195,-1.6375429,2.3
16,2700,1.350000,15,1.5118829,0.5791642,1.3758709,0.97107452,0.020020166,0.03044731,-0.035248907,0.25623919,-0.17190198,0.042194415,-0.4083493,-0.88348989,0.22955711,1.3391737,-2.0037496,2.3
16,2700,1.350000,16,1.5118829,0.95611737,0.15185092,0.19539047,0.025036947,-0.016596678,-0.0026533949,0.089237009,-0.13587291,-0.22397767,-0.57074252,-0.79525606,-0.20450131,1.7767505,-2.1932924,2.3
16,2700,1.350000,17,1.5118829,0.97758523,0.55751772,0.52058151,0.023898304,-0.0024698613,-0.061656241,0.18593154,0.16013197,-0.02259556,-0.39718533,-0.49494628,-0.77283374,2.4540908,-2.2470487,2.3
16,2700,1.350000,18,1.5118829,1.3197661,0.18126799,0.57589078,0.040506476,-0.054371485,0.057489591,0.17811242,0.08278767,0.19501233,0.0031759822,0.99676687,0.08028529,1.4904245,1.5676101,2.3
16,2700,1.350000,19,1.5118829,1.3880816,0.56774675,0.19431267,0.086866906,-0.031140225,0.034385124,-0.0199527,0.0043112251,-0.080703427,0.95596481,-0.29255637,0.023282087,1.5475121,-0.29698203,2.3
16,2700,1.350000,20,1.5118829,0.9523689,0.21647703,0.92896453,0.013735924,0.040906002,-0.011547466,-0.049470602,-0.17288497,0.1742923,0.089595059,-0.19176081,0.9773436,0.21327199,-1.1337124,2.3
16,2700,1.350000,21,1.5118829,0.93723336,0.53026012,1.3514099,-0.062286676,-0.039153751,0.043268097,-0.13349378,0.1828436,-0.22254256,0.64199924,0.37064129,0.67116467,0.83501756,0.52357875,2.3
16,2700,1.350000,22,1.5118829,1.2755449,0.16528654,1.3132635,-0.052501892,-0.030755149,-0.033261999,0.18799995,-0.015084866,0.017242524,-0.57753248,-0.79595105,0.18143364,1.3883522,-2.1984898,2.3
16,2700,1.350000,23,1.5118829,1.3089551,0.57325702,0.96881833,-0.014083615,0.043332516,0.084118945,-0.0011451509,0.19538262,0.20129272,-0.65246372,-0.47746966,0.58848433,0.94161341,-2.5098449,2.3
16,2700,1.350000,24,1.5118829,0.92046347,0.91942786,0.17045688,-0.025139116,-0.065768155,0.0015068245,-0.11606007,-0.026167761,0.01317044,0.067498891,0.99543428,-0.067487054,1.6383347,1.5030915,2.3
16,2700,1.350000,25,1.5118829,0.95246751,1.2721334,0.57498001,0.02106544,-0.038879228,-0.033170108,-0.040321391,0.15971759,-0.17083436,0.14271226,0.34739067,0.92679714,0.38500345,1.1810041,2.3
16,2700,1.350000,26,1.5118829,1.3183982,0.97422923,0.56922434,0.036340928,0.0196484,0.031371614,-0.11614855,0.025915914,-0.019599362,-0.64987767,-0.48282291,-0.58697619,2.1981152,-2.5026225,2.3
16,2700,1.350000,27,1.5118829,1.2861572,1.3271149,0.19413167,-0.035458081,-0.027396408,-0.019451966,0.062944161,0.14466568,0.26217533,0.61743675,0.14284246,0.77354243,0.6863844,0.22734783,2.3
16,2700,1.350000,28,1.5118829,0.96929463,0.95334343,0.94344277,-0.0021171859,-0.00069281309,-0.04539107,0.10249778,-0.012060154,0.0049922774,0.89583668,0.15042817,-0.41814831,2.0022022,0.16636711,2.3
16,2700,1.350000,29,1.5118829,0.90104726,1.3216655,1.3262227,-0.05116153,-0.026922708,-0.0082587221,-0.26387887,0.026122053,0.073551632,0.65567552,-0.50306071,-0.56304488,2.1688619,-0.65444393,2.3
16,2700,1.350000,30,1.5118829,1.3258781,0.95634885,1.2679175,-0.026577398,0.0012534957,-0.060636087,0.0001637172,0.062205796,-0.25399979,0.47846064,0.1974741,-0.85561638,2.5975368,0.39143041,2.3
16,2700,1.350000,31,1.5118829,1.3246916,1.3454656,0.95907356,0.033721093,0.013658569,-0.0033950079,0.19745372,-0.11981668,0.045456622,0.94344368,-0.011602574,-0.33132975,1.9085089,-0.01229749,2.3
17,2800,1.400000,0,1.5076105,0.15733551,0.14423927,0.24721913,-0.0057549108,-0.048149989,0.039960194,-0.051117625,0.07818977,0.089160016,0.80840558,0.045274484,0.58688214,0.94359366,0.055946223,2.3
17,2800,1.400000,1,1.5076105,0.22333153,0.6038147,0.58652021,0.069085598,0.0061109835,0.084800697,-0.030397748,0.04498274,-0.26905346,-0.6946286,0.71441434,-0.08428086,1.6551773,2.3421534,2.3
17,2800,1.400000,2,1.5076105,0.59458926,0.20532994,0.58926692,0.023183918,0.040770091,0.0011929961,0.16374564,-0.17906645,-0.13135697,-0.41439542,-0.093547224,0.90527639,0.43876645,-2.9195703,2.3
17,2800,1.400000,3,1.5076105,0.52872708,0.58157002,0.1778589,-0.04606959,0.043839699,-0.050137577,0.017565258,0.029202606,0.12412901,0.52359101,-0.84647277,-0.09662455,1.6675719,-1.0168442,2.3
17,2800,1.400000,4,1.5076105,0.17460254,0.20164282,0.92911768,0.028787695,0.086837296,0.02032468,0.10192791,-0.10577641,0.24311486,0.8537628,-0.29911504,0.42616813,1.1305436,-0.3369858,2.3
17,2800,1.400000,5,1.5076105,0.18792965,0.57425508,1.2926348,0.017409579,0.032656091,0.051823256,0.059569865,0.026186976,-0.22966141,0.45173117,-0.85277832,-0.26212228,1.8360171,-1.0836587,2.3
17,2800,1.400000,6,1.5076105,0.52698721,0.19162872,1.3243908,-0.035892681,-0.02998877,-0.086558479,-0.050013303,-0.046531603,0.083876139,0.28326859,0.52714242,-0.801174,2.5000508,1.0777044,2.3
17,2800,1.400000,7,1.5076105,0.59418052,0.59592613,0.91456439,-0.031136345,0.02551035,-0.052736107,-0.040287889,-0.079020122,-0.1463264,0.9595828,0.086915921,-0.2676686,1.8417688,0.090330292,2.3
17,2800,1.400000,8,1.5076105,0.17136773,0.96247611,0.15350257,-0.06121426,0.018397379,-0.023413059,-0.14787974,0.0028739687,0.092382591,0.030215109,-0.31971302,-0.94703254,2.8146622,-1.4765692,2.3
17,2800,1.400000,9,1.5076105,0.2419767,1.2782746,0.58451309,0.04477948,-0.026089821,0.056826239,-0.076968993,-0.086309045,0.13895232,-0.26435225,-0.96188006,-0.070033174,1.6408869,-1.8390033,2.3
17,2800,1.400000,10,1.5076105,0.5806995,0.93685372,0.57170819,-0.0092910419,0.037078929,0.026288721,0.0033457655,0.074717219,-0.20018014,0.083343687,-0.45635277,-0.88588711,2.6591992,-1.3901571,2.3
17,2800,1.400000,11,1.5076105,0.52594388,1.2808088,0.18422874,-0.058738409,0.0072319462,-0.029088876,-0.042730437,-0.076761957,-0.081195418,-0.2737882,-0.34856211,-0.89640643,2.6823905,-2.23662,2.3
17,2800,1.400000,12,1.5076105,0.2217242,0.938575,0.96615191,0.03350668,-0.034633662,0.062404363,-0.057749149,-0.11068125,0.093521653,0.71316882,-0.40049701,-0.57531937,2.1837909,-0.51168569,2.3
17,2800,1.400000,13,1.5076105,0.15142827,1.3304414,1.3033342,-0.03866055,0.008818942,-0.033636248,-0.10923772,-0.059028275,0.19882292,-0.61706326,0.17434113,0.76735787,0.69608587,2.8662361,2.3
17,2800,1.400000,14,1.5076105,0.57522138,0.92556564,1.3074228,0.013219976,-0.0030819552,-0.0068269663,-0.10955144,0.20399709,-0.058898566,-0.06486425,-0.92787564,0.36720489,1.1947941,-1.640589,2.3
17,2800,1.400000,15,1.5076105,0.5916612,1.3591357,0.96832923,0.034173846,0.017581952,-0.035250052,0.22566966,-0.32240235,-0.0750559,-0.44253861,-0.84951818,0.2871906,1.2795037,-2.0510466,2.3
17,2800,1.400000,16,1.5076105,0.95511263,0.14801078,0.18303561,0.026736493,-0.020012538,-0.014472826,-0.034034403,-0.030253265,-0.2358357,-0.62894536,-0.77714369,-0.021804281,1.5926023,-2.2511846,2.3
17,2800,1.400000,17,1.5076105,0.98204416,0.56628853,0.52313019,0.031130017,0.0078911023,-0.057630757,0.10970188,0.21041295,0.17336272,-0.33532139,-0.49592029,-0.80101351,2.4997826,-2.1653424,2.3
17,2800,1.400000,18,1.5076105,1.3229073,0.18471652,0.58234164,0.047386874,-0.050405104,0.065579302,0.093232682,0.09949277,0.11761372,0.042107357,0.99280695,0.1120773,1.458483,1.5284093,2.3
17,2800,1.400000,19,1.5076105,1.3828161,0.56660739,0.18861352,0.08552208,-0.030674543,0.029227774,-0.032519227,0.0039320873,-0.15328272,0.91576467,-0.2943651,0.27335736,1.2939147,-0.31101033,2.3
17,2800,1.400000,20,1.5076105,0.94793739,0.20796615,0.93413392,0.011993244,0.032995666,-0.0037418829,-0.0061547848,-0.16552024,0.17924139,-0.05799616,-0.30267067,0.95132902,0.31327621,-1.7601163,2.3
17,2800,1.400000,21,1.5076105,0.92739338,0.53779136,1.3353433,-0.069488324,-0.030111258,0.031003099,-0.1335673,0.13775094,-0.2242547,0.63165797,0.3086524,0.71115533,0.77965613,0.45451717,2.3
17,2800,1.400000,22,1.5076105,1.2861088,0.16711971,1.3146629,-0.038313318,-0.028451644,-0.028144285,0.32658717,0.14509291,0.14109612,-0.49671293,-0.81954751,0.28568889,1.2810711,-2.1156758,2.3
17,2800,1.400000,23,1.5076105,1.3067563,0.58015692,0.97429429,-0.01258126,0.051864445,0.092344318,0.052728772,0.13624667,0.10267589,-0.6873125,-0.40199877,0.60497811,0.92105795,-2.6123613,2.3
17,2800,1.400000,24,1.5076105,0.91315726,0.91624209,0.16695423,-0.02985086,-0.066356552,-0.0015184158,-0.03930042,0.059943916,-0.097376783,-0.023901526,0.99491297,-0.097861658,1.6688149,1.5948154,2.3
17,2800,1.400000,25,1.5076105,0.94409608,1.2790788,0.56422217,0.015377532,-0.028324016,-0.04231606,-0.17294277,0.24302559,-0.15728876,0.10528503,0.41607837,0.90321307,0.44359848,1.3229573,2.3
17,2800,1.400000,26,1.5076105,1.3127838,0.97126975,0.56562817,0.034449507,0.019441685,0.029381188,0.015268923,-0.05046857,-0.10618658,-0.65219222,-0.61300464,-0.44594912,2.0330307,-2.3871581,2.3
17,2800,1.400000,27,1.5076105,1.2878799,1.3272822,0.20718828,-0.030093203,-0.023473304,-0.0058274852,0.11895126,-0.019190503,0.24929892,0.70457046,0.14879302,0.69385957,0.80396133,0.20812457,2.3
17,2800,1.400000,28,1.5076105,0.96949751,0.94868418,0.93971749,0.00082898215,-0.0026608069,-0.046451783,-0.0079031373,-0.06386669,0.0039753696,0.92678056,0.039094064,-0.37356319,1.9536437,0.042157662,2.3
17,2800,1.400000,29,1.5076105,0.88815973,1.3156869,1.3249476,-0.061517445,-0.02916961,-0.0057826065,-0.1373913,-0.078777869,0.052149656,0.6293049,-0.59278751,-0.5025717,2.0973672,-0.75552602,2.3
17,2800,1.400000,30,1.5076105,1.3170053,0.95716931,1.2606643,-0.031710688,0.0047814777,-0.064311531,-0.17932526,0.040532354,0.11268541,0.38936981,0.20278936,-0.89848073,2.6870928,0.48016006,2.3
17,2800,1.400000,31,1.5076105,1.3299328,1.3375104,0.95650061,0.042718476,0.0094996711,-0.0032575296,0.16826468,-0.046282321,-0.070745441,0.83567212,0.08627566,-0.54241002,2.1440995,0.10287656,2.3
18,2900,1.450000,0,1.5086874,0.15939627,0.15100433,0.25060356,-0.0038072246,-0.041490341,0.043166883,0.10298429,0.15306969,0.055100868,0.84410522,-0.033763275,0.53511346,1.0061543,-0.039977583,2.3
18,2900,1.450000,1,1.5086874,0.22220994,0.60336215,0.57334166,0.067804935,0.0052274426,0.071208047,-0.067902924,-0.027247699,-0.25003908,-0.6470247,0.76238503,0.011318218,1.5594779,2.2745264,2.3
18,2900,1.450000,2,1.5086874,0.60197472,0.19594878,0.58155731,0.030142171,0.031245658,-0.0069346323,0.14119608,-0.19329996,-0.20478403,-0.41739548,0.0020492696,0.90872263,0.43058284,3.136683,2.3
18,2900,1.450000,3,1.5086874,0.53046899,0.58031192,0.18440221,-0.044705837,0.042166778,-0.043723596,0.04224208,-0.095492159,0.069781243,0.67118308,-0.72239207,-0.16632187,1.7378947,-0.82212812,2.3
18,2900,1.450000,4,1.5086874,0.18245517,0.19538459,0.94034662,0.036512854,0.080437317,0.030886177,0.20426797,-0.15803705,0.17939068,0.82444213,-0.37584329,0.42312763,1.1339019,-0.42772956,2.3
18,2900,1.450000,5,1.5086874,0.18978411,0.57513955,1.2842588,0.019129187,0.033130203,0.04252726,-0.042040204,0.020827131,-0.15446775,0.43953413,-0.88127638,-0.17367121,1.7453526,-1.1081515,2.3
18,2900,1.450000,6,1.5086874,0.52597413,0.189519,1.3316027,-0.037281696,-0.03223457,-0.080294865,-0.0038222622,-0.069726378,0.1466326,0.16721409,0.55046025,-0.81794435,2.528625,1.2758831,2.3
18,2900,1.450000,7,1.5086874,0.59387754,0.58748565,0.91042654,-0.031863492,0.016647367,-0.057525523,0.046523768,-0.26426676,-0.039392452,0.94918735,0.28105236,-0.14160842,1.7128823,0.28787303,2.3
18,2900,1.450000,8,1.5086874,0.16262153,0.96412895,0.1586425,-0.070079696,0.019362373,-0.018384569,-0.17128207,0.050551825,0.11460279,0.0043284991,-0.21006845,-0.9776771,2.9299021,-1.5501941,2.3
18,2900,1.450000,9,1.5086874,0.23551827,1.2781481,0.59362565,0.038150573,-0.027128989,0.065518174,-0.1410473,0.019781905,0.16607745,-0.48009666,-0.86471889,-0.1475413,1.7188782,-2.0776273,2.3
18,2900,1.450000,10,1.5086874,0.58396074,0.93839245,0.56210689,-0.0064456098,0.037948151,0.016282617,0.098840644,-0.0014820597,-0.18179026,-0.17811805,-0.50013921,-0.84742831,2.5819188,-1.9129279,2.3
18,2900,1.450000,11,1.5086874,0.52534837,1.2816199,0.18070143,-0.059709259,0.0071282327,-0.032746478,-0.0022256404,0.061819625,-0.041445799,-0.27780512,-0.3996098,-0.87357674,2.6333,-2.1782874,2.3
18,2900,1.450000,12,1.5086874,0.22140876,0.93755689,0.96862488,0.033033037,-0.036321602,0.064186568,0.016080401,-0.016042607,-0.02225134,0.67655303,-0.47704066,-0.56098859,2.1663759,-0.61414367,2.3
18,2900,1.450000,13,1.5086874,0.1462643,1.328366,1.3165764,-0.043930805,0.0057942659,-0.021329411,-0.10806857,-0.035596248,0.29763094,-0.59093695,0.086150903,0.80210445,0.63998545,2.9968256,2.3
18,2900,1.450000,14,1.5086874,0.56850442,0.93510979,1.3033315,0.0060946679,0.0057978821,-0.011850382,-0.16055997,0.12281497,-0.12108809,-0.068579601,-0.94155067,0.32981687,1.2346867,-1.6435048,2.3
18,2900,1.450000,15,1.5086874,0.59856262,1.3406879,0.96071141,0.040650328,-0.0018297409,-0.043556582,0.055809735,-0.43017693,-0.2482274,-0.55153331,-0.78151081,0.29163651,1.2748591,-2.1853556,2.3
18,2900,1.450000,16,1.5086874,0.9503371,0.14822333,0.17435157,0.021280668,-0.019905749,-0.023284457,-0.15082585,0.067576475,-0.11817889,-0.70163005,-0.6726094,0.23518475,1.3333877,-2.377309,2.3
18,2900,1.450000,17,1.5086874,0.98663576,0.57652665,0.53348893,0.035018747,0.017721208,-0.047649257,0.040583794,0.14718534,0.18141941,-0.23668882,-0.53986523,-0.80778954,2.5111888,-1.9839804,2.3
18,2900,1.450000,18,1.5086874,1.3248617,0.19009271,0.58845839,0.048395994,-0.045162734,0.071278043,-0.0024653391,0.12662833,0.10690807,0.099025681,0.99050747,0.095335496,1.4753158,1.4711527,2.3
18,2900,1.450000,19,1.5086874,1.3809016,0.56821861,0.18205382,0.082620834,-0.02946848,0.022535741,-0.048448309,0.054318105,-0.16741861,0.826041,-0.27851337,0.48998629,1.0587223,-0.32519645,2.3
18,2900,1.450000,20,1.5086874,0.95281701,0.19949918,0.9435664,0.016194244,0.024383217,0.0050202181,0.14001685,-0.15963351,0.17965327,-0.24927053,-0.47044854,0.84648826,0.561442,-2.0580434,2.3
18,2900,1.450000,21,1.5086874,0.92003933,0.54300577,1.3259775,-0.077501954,-0.025282719,0.020687165,-0.18363165,0.065077111,-0.20367314,0.68061564,0.2462783,0.69000678,0.80929791,0.34718915,2.3
18,2900,1.450000,22,1.5086874,1.3042866,0.17569555,1.3234387,-0.021060379,-0.019998197,-0.020310306,0.34059547,0.12918426,0.19032613,-0.41049041,-0.81781751,0.40332634,1.1556473,-2.0359899,2.3
18,2900,1.450000,23,1.5086874,1.3115983,0.58703625,0.976186,-0.0086740805,0.058327056,0.093539659,0.10273266,0.11179053,-0.029929641,-0.66405511,-0.38839675,0.6388887,0.87774349,-2.6123603,2.3
18,2900,1.450000,24,1.5086874,0.91187397,0.92101544,0.16099924,-0.03178574,-0.062239152,-0.0075904948,-0.022284039,0.12030356,-0.12767064,-0.079374027,0.98408579,-0.15898089,1.7304547,1.6512797,2.3
18,2900,1.450000,25,1.5086874,0.9374086,1.2971898,0.56121384,0.0080183121,-0.011132763,-0.045726199,-0.13651834,0.42210309,0.0039538828,0.063305356,0.55674703,0.82826637,0.59478968,1.4575768,2.3
18,2900,1.450000,26,1.5086874,1.317192,0.96818853,0.55701862,0.037918761,0.01566803,0.020370824,0.076837235,-0.098628653,-0.2473509,-0.53291188,-0.69933945,-0.47637093,2.0673189,-2.2219471,2.3
18,2900,1.450000,27,1.5086874,1.2964872,1.3221367,0.21640213,-0.022408604,-0.029564672,0.0032351363,0.13674511,-0.19852694,0.14661902,0.67743031,0.24515013,0.69353413,0.80441316,0.34722104,2.3
18,2900,1.450000,28,1.5086874,0.96503897,0.94803561,0.93695307,-0.0043202401,-0.0039865559,-0.049886229,-0.16013846,-0.010160197,-0.088160934,0.89037729,-0.079941372,-0.44814915,2.0354902,-0.089543614,2.3
18,2900,1.450000,29,1.5086874,0.88820525,1.3140486,1.3296878,-0.062106131,-0.031746773,-0.0019901679,0.076626967,-0.060536476,0.10850038,0.57993767,-0.73591834,-0.34942309,1.9277516,-0.90338689,2.3
18,2900,1.450000,30,1.5086874,1.3080626,0.9591534,1.2772811,-0.041590571,0.0060813986,-0.048600835,-0.19075236,0.025960525,0.45794862,0.40909576,0.21171805,-0.88759007,2.6628831,0.4775706,2.3
18,2900,1.450000,31,1.5086874,1.334397,1.3389868,0.95139605,0.046231435,0.010020467,-0.0090432522,-0.016928346,0.078935934,-0.1669758,0.73025921,0.12107955,-0.67235499,2.308182,0.16430874,2.3
19,3000,1.500000,0,1.5014857,0.16616529,0.15824569,0.24910908,0.0037407204,-0.033509077,0.042867942,0.17952401,0.13099238,-0.047172147,0.82755149,-0.15553074,0.53941516,1.0010539,-0.1857738,2.3
19,3000,1.500000,1,1.5014857,0.21618999,0.59657084,0.56188344,0.062833803,0.0013068744,0.062465739,-0.15609579,-0.1050358,-0.14474031,-0.5688241,0.80851197,0.15082289,1.4193957,2.1838971,2.3
19,3000,1.500000,2,1.5014857,0.60212005,0.18745776,0.56869469,0.033168246,0.02367187,-0.017045402,-0.027820943,-0.13361267,-0.19695031,-0.45993676,0.047331668,0.88668928,0.48066145,3.0390446,2.3
19,3000,1.500000,3,1.5014857,0.52983248,0.57032391,0.18410241,-0.042805621,0.034931558,-0.043141769,0.066846471,-0.19370999,-0.041039182,0.77771566,-0.61715219,-0.11950533,1.690588,-0.67079241,2.3
19,3000,1.500000,4,1.5014857,0.19289642,0.18622145,0.94370648,0.04785217,0.0721871,0.038753571,0.20245087,-0.19903868,0.13494422,0.74968787,-0.55614591,0.35870576,1.2039153,-0.63825604,2.3
19,3000,1.500000,5,1.5014857,0.18489146,0.57546616,1.2737931,0.0151329,0.036209593,0.038181491,-0.087782709,0.09206252,-0.017050397,0.41857701,-0.89328379,-0.16382112,1.7353592,-1.1325972,2.3
19,3000,1.500000,6,1.5014857,0.52567641,0.18485083,1.3331071,-0.035063385,-0.036007107,-0.072415224,0.080485214,-0.06789704,0.15191061,0.17219907,0.49886489,-0.84940055,2.5856447,1.2384203,2.3
19,3000,1.500000,7,1.5014857,0.59394078,0.56764204,0.90622268,-0.028958445,-0.00043276652,-0.057383151,0.056279829,-0.37921066,0.023816008,0.85084365,0.50091804,-0.15857556,1.7300441,0.53209227,2.3
19,3000,1.500000,8,1.5014857,0.15095038,0.9606423,0.16331718,-0.081000712,0.020480636,-0.012939589,-0.21347821,0.0017414548,0.15189862,-0.066613448,-0.086256012,-0.99404353,3.032392,-2.2284023,2.3
19,3000,1.500000,9,1.5014857,0.22973954,1.2749276,0.59918504,0.033484917,-0.024241456,0.073931341,-0.03252233,0.045740674,0.17814302,-0.60669626,-0.71759385,-0.34202152,1.9198636,-2.2726483,2.3
19,3000,1.500000,10,1.5014857,0.58798535,0.9359678,0.55488926,0.00038284841,0.040007817,0.011737314,0.15569726,0.040577511,-0.067589122,-0.38906532,-0.455295,-0.80083372,2.4994824,-2.2779171,2.3
19,3000,1.500000,11,1.5014857,0.5248966,1.2795272,0.17643085,-0.057648362,0.011162901,-0.036162656,0.065267911,0.079812619,-0.068230472,-0.30202798,-0.36732549,-0.87968806,2.6460022,-2.2589491,2.3
19,3000,1.500000,12,1.5014857,0.22102288,0.93523115,0.96179954,0.033705652,-0.034166789,0.061979655,-0.018817419,0.06688108,-0.04499545,0.62681815,-0.60565547,-0.4901841,2.0830973,-0.76822896,2.3
19,3000,1.500000,13,1.5014857,0.14168733,1.3223028,1.323818,-0.04781889,0.0060726642,-0.0077707946,-0.036472345,0.069373581,0.26170615,-0.57803635,-0.0088440366,0.81596309,0.61640314,-3.1262937,2.3
19,3000,1.500000,14,1.5014857,0.55782418,0.93388028,1.2915642,-0.0018909379,0.0090398503,-0.017409562,-0.14535734,0.041285986,-0.11397565,-0.029834089,-0.97992097,0.19714164,1.3723548,-1.6012323,2.3
19,3000,1.500000,15,1.5014857,0.59614109,1.313991,0.94378736,0.041087063,-0.022175522,-0.055924299,-0.013689014,-0.36932298,-0.28294331,-0.69680561,-0.66130904,0.27772701,1.2893691,-2.3823252,2.3
19,3000,1.500000,16,1.5014857,0.93603468,0.15206146,0.17043938,0.011491228,-0.015349172,-0.026371772,-0.22425307,0.097636341,-0.041880224,-0.70176243,-0.57426472,0.42160352,1.1355834,-2.4557817,2.3
19,3000,1.500000,17,1.5014857,0.98140339,0.57932601,0.53955093,0.034494799,0.023285906,-0.039020024,-0.034728402,0.093176146,0.16299615,-0.16944307,-0.56315949,-0.80878949,2.5128872,-1.8630597,2.3
19,3000,1.500000,18,1.5014857,1.3184825,0.19549415,0.58834754,0.048340898,-0.03883876,0.073982652,0.012302292,0.17062094,0.053974883,0.21363919,0.97051219,0.11164402,1.4589191,1.3541217,2.3
19,3000,1.500000,19,1.5014857,1.3705011,0.56686371,0.17447428,0.07880285,-0.028107748,0.015809135,-0.10023819,0.014472405,-0.12819761,0.71946448,-0.3266935,0.61289658,0.91107512,-0.42624061,2.3
19,3000,1.500000,20,1.5014857,0.95598748,0.19205359,0.9489845,0.023931463,0.017874365,0.014966197,0.15097206,-0.112015,0.15332662,-0.36816205,-0.62113921,0.69184015,0.80676188,-2.1058462,2.3
19,3000,1.500000,21,1.5014857,0.90708339,0.54380492,1.3103665,-0.086086654,-0.021883422,0.011383425,-0.16078657,0.044235866,-0.16076915,0.78302889,0.17422587,0.59708551,0.93093338,0.218936,2.3
19,3000,1.500000,22,1.5014857,1.3143957,0.18033133,1.326547,-0.0046861213,-0.014510607,-0.010861996,0.29998688,0.094015268,0.17199386,-0.37050832,-0.78600365,0.4948958,1.0530814,-2.0112889,2.3
19,3000,1.500000,23,1.5014857,1.3107281,0.59067117,0.96646913,-0.0032705105,0.064779611,0.088470454,0.12400446,0.13526231,-0.16314536,-0.65076706,-0.37725515,0.65892396,0.85140897,-2.6162271,2.3
19,3000,1.500000,24,1.5014857,0.90839143,0.92196483,0.15496154,-0.030913387,-0.056880503,-0.012872304,0.058899278,0.088549181,-0.045798488,-0.11572819,0.97687232,-0.17979838,1.7515778,1.6887148,2.3
19,3000,1.500000,25,1.5014857,0.92778408,1.3110294,0.55988931,0.0028561259,0.0089469301,-0.044368537,-0.08064261,0.36394778,0.093736659,0.028232606,0.6753541,0.73695303,0.74224485,1.5290165,2.3
19,3000,1.500000,26,1.5014857,1.3152367,0.95851246,0.53968091,0.04226147,0.010601454,0.0056568207,0.072353421,-0.13383948,-0.31409854,-0.35273464,-0.66744103,-0.65582067,2.2860655,-2.0569738,2.3
19,3000,1.500000,27,1.5014857,1.2972195,1.303737,0.22157607,-0.015470931,-0.041682251,0.009456947,0.13550763,-0.2174378,0.11591931,0.55410647,0.40885936,0.72512071,0.75958665,0.63569356,2.3
19,3000,1.500000,28,1.5014857,0.953626,0.94565327,0.92857406,-0.011142953,-0.0018383364,-0.05380209,-0.096307529,0.13570658,-0.050020902,0.75581318,-0.10965526,-0.64554021,2.2725267,-0.14407722,2.3
19,3000,1.500000,29,1.5014857,0.89029676,1.3060908,1.326817,-0.055759628,-0.033435998,0.0014946162,0.16535456,0.026424942,0.028645888,0.53589543,-0.82836492,-0.16317982,1.7347091,-0.99658119,2.3
19,3000,1.500000,30,1.5014857,1.2917136,0.95667704,1.2942384,-0.051719835,0.0081885614,-0.025491204,-0.23158346,0.044270511,0.44131822,0.48071523,0.19499185,-0.85492166,2.5961961,0.38534918,2.3
19,3000,1.500000,31,1.5014857,1.322447,1.336383,0.93781272,0.040637802,0.013817351,-0.018106812,-0.1734554,0.058393671,-0.16066528,0.68290397,0.11151768,-0.72194597,2.3774068,0.16187046,2.3
20,3100,1.550000,0,1.5039086,0.176857,0.16426959,0.24725143,0.014155907,-0.027745175,0.04061014,0.21281501,0.092011628,-0.027936474,0.7794361,-0.22511132,0.58464028,0.94635973,-0.2811622,2.3
20,3100,1.550000,1,1.5039086,0.20806866,0.59062317,0.55940219,0.054370437,-0.0055978789,0.059080534,-0.16285761,-0.18940179,0.022442342,-0.44543709,0.85018751,0.28065458,1.2863203,2.0534026,2.3
20,3100,1.550000,2,1.5039086,0.59804581,0.18486854,0.56365198,0.028126463,0.020782496,-0.023000984,-0.1455838,0.030786789,-0.052163388,-0.51997974,0.032478767,0.8535609,0.548014,3.0792121,2.3
20,3100,1.550000,3,1.5039086,0.53409592,0.56099125,0.17785488,-0.039399894,0.024686858,-0.049681104,0.0533921,-0.23669367,-0.19927501,0.78930716,-0.61393933,0.0085264947,1.5622697,-0.66106982,2.3
20,3100,1.550000,4,1.5039086,0.20191151,0.17852545,0.95145731,0.056548982,0.064197048,0.044976571,0.16659508,-0.16372482,0.085145732,0.57782835,-0.76845848,0.27492902,1.2922805,-0.92606003,2.3
20,3100,1.550000,5,1.5039086,0.17980419,0.5814591,1.2779815,0.0097516214,0.041269848,0.040312801,-0.13557593,0.11594935,0.086554521,0.32706293,-0.92551095,-0.19094322,1.7629193,-1.2311079,2.3
20,3100,1.550000,6,1.5039086,0.53168517,0.17999568,1.3419462,-0.029907046,-0.041156391,-0.065732673,0.108976,-0.083768903,0.10312223,0.30515979,0.35832118,-0.88231708,2.6515591,0.86535232,2.3
20,3100,1.550000,7,1.5039086,0.5964936,0.55137494,0.90531792,-0.027365323,-0.017602,-0.059748331,0.015693671,-0.32959621,-0.051128691,0.6861873,0.67699964,-0.26611741,1.8401593,0.77865843,2.3
20,3100,1.550000,8,1.5039086,0.14439411,0.95905986,0.1726248,-0.087795086,0.017350578,-0.0039027904,-0.042821692,-0.12927771,0.19236251,-0.14565589,-0.03497221,-0.988717,2.9912312,-2.9059516,2.3
20,3100,1.550000,9,1.5039086,0.22822211,1.2799846,0.60711368,0.031598287,-0.02124414,0.080887495,-0.064912094,0.068238619,0.089801649,-0.59618951,-0.51657324,-0.61458128,2.2326514,-2.4276211,2.3
20,3100,1.550000,10,1.5039086,0.59633377,0.93823238,0.55333623,0.0077765018,0.040761464,0.0092908537,0.1137616,-0.00682612,-0.066656429,-0.45761475,-0.34703882,-0.81862861,2.5298154,-2.4927597,2.3
20,3100,1.550000,11,1.5039086,0.52808738,1.2878923,0.1743472,-0.055306478,0.017458189,-0.038529097,0.021020219,0.14103585,0.0040588389,-0.24803729,-0.28366367,-0.9262896,2.75524,-2.28929,2.3
20,3100,1.550000,12,1.5039086,0.21872382,0.94217337,0.95911466,0.031052071,-0.028738084,0.05774617,-0.065990891,0.18311293,-0.11899627,0.5404753,-0.73534105,-0.40885204,1.9919921,-0.93696487,2.3
20,3100,1.550000,13,1.5039086,0.14122737,1.3293996,1.3366758,-0.048506922,0.011031696,0.0029422119,0.051721972,0.12179839,0.14356851,-0.59721846,-0.033169622,0.80139247,0.64117672,-3.0861095,2.3
20,3100,1.550000,14,1.5039086,0.55206717,0.93570512,1.2923528,-0.0085427162,0.0093574763,-0.018704058,-0.11819231,-0.067327861,0.024486998,0.10263959,-0.99469169,0.0073188884,1.5634774,-1.4679729,2.3
20,3100,1.550000,15,1.5039086,0.59594343,1.3009225,0.93222335,0.039928369,-0.03735219,-0.069000717,0.0042009221,-0.21364131,-0.21110855,-0.80561199,-0.5260649,0.27247943,1.2948273,-2.5631111,2.3
20,3100,1.550000,16,1.5039086,0.93064807,0.15906947,0.16812678,0.0045997357,-0.008591993,-0.028957321,-0.010319782,0.1655351,-0.075753441,-0.66994626,-0.60172522,0.43485488,1.1209192,-2.4097899,2.3
20,3100,1.550000,17,1.5039086,0.97991198,0.58236881,0.54678463,0.031422221,0.025392177,-0.032662092,-0.081393949,-0.022066903,0.12053651,-0.12245074,-0.54483164,-0.82955669,2.5491097,-1.7918725,2.3
20,3100,1.550000,18,1.5039086,1.321802,0.20416098,0.59179455,0.049531811,-0.030494119,0.076478262,0.040891463,0.16167946,-0.00058608223,0.36473185,0.88928212,0.27594924,1.2912192,1.1815776,2.3
20,3100,1.550000,19,1.5039086,1.3673845,0.56741607,0.16581142,0.073479074,-0.028469818,0.0068719408,-0.1296916,-0.024688803,-0.19888538,0.64735226,-0.38746104,0.65636041,0.85481192,-0.53933938,2.3
20,3100,1.550000,20,1.5039086,0.96533769,0.19032238,0.95781699,0.031732751,0.015834884,0.022261471,0.16620114,0.028546371,0.1521721,-0.34737089,-0.70517272,0.61811399,0.90445513,-2.0285096,2.3
20,3100,1.550000,21,1.5039086,0.90267627,0.54665638,1.3082288,-0.091952762,-0.019911065,0.0071346872,-0.11100944,0.020495575,-0.014039263,0.90189056,0.12797503,0.41257218,1.1455204,0.14095541,2.3
20,3100,1.550000,22,1.5039086,1.3293607,0.18443099,1.334752,0.0081475749,-0.010705009,-0.004802465,0.18604332,0.075055467,0.075222019,-0.39775554,-0.71862909,0.57040578,0.96379652,-2.0763167,2.3
20,3100,1.550000,23,1.5039086,1.3184459,0.59836737,0.95712597,0.0023277373,0.071517246,0.077576532,0.061111621,0.17205386,-0.26032765,-0.61423443,-0.39799509,0.68140734,0.82111256,-2.5666577,2.3
20,3100,1.550000,24,1.5039086,0.91359558,0.92439665,0.15704356,-0.027178074,-0.055937175,-0.011041816,0.059044288,-0.039476639,0.10217438,-0.12257881,0.98953531,-0.076120383,1.6469904,1.6940436,2.3
20,3100,1.550000,25,1.5039086,0.92927317,1.3276526,0.56512435,0.0028481078,0.0234429,-0.040040455,0.073191543,0.25989865,0.058826286,0.015117347,0.7483305,0.66315378,0.84577183,1.5505976,2.3
20,3100,1.550000,26,1.5039086,1.3191983,0.95032752,0.52759486,0.044099218,0.00087765233,-0.0072896474,-0.010110805,-0.27679764,-0.18127607,-0.19513026,-0.50371985,-0.84154055,2.5709251,-1.940375,2.3
20,3100,1.550000,27,1.5039086,1.3032467,1.2967502,0.22458525,-0.011540204,-0.050765498,0.012106446,0.011546521,-0.12070125,-0.0019057887,0.35723978,0.56477418,0.74391522,0.73188621,1.0067965,2.3
20,3100,1.550000,28,1.5039086,0.95267642,0.954556,0.92943473,-0.013629349,0.0055324977,-0.054439297,-0.0085856659,0.15324303,0.031822515,0.49859304,-0.0078518872,-0.86680063,2.6195464,-0.015746786,2.3
20,3100,1.550000,29,1.5039086,0.89838687,1.3100381,1.3282105,-0.049111504,-0.031597753,0.00074765442,0.1147211,0.086850005,-0.061301182,0.50620742,-0.86152712,-0.039052031,1.6098583,-1.0395667,2.3
20,3100,1.550000,30,1.5039086,1.2821421,0.96074442,1.315146,-0.063366323,0.010710166,-0.0066871342,-0.22366952,0.036840967,0.30602497,0.60061093,0.19923476,-0.77432036,2.4564367,0.320298,2.3
20,3100,1.550000,31,1.5039086,1.3159634,1.3399117,0.93274177,0.032027133,0.015188493,-0.024685762,-0.17854717,-0.035789618,-0.070937856,0.67400632,0.074241206,-0.73498553,2.3964417,0.10970687,2.3
21,3200,1.600000,0,1.5040612,0.18763664,0.16510106,0.24434409,0.024917055,-0.026930407,0.037677863,0.17412845,-0.010921851,-0.049201046,0.73216917,-0.19008547,0.65406102,0.85785568,-0.25401172,2.3
21,3200,1.600000,1,1.5040612,0.20195981,0.58064282,0.562741,0.048240797,-0.015637634,0.062362436,-0.092250092,-0.24436697,0.098442698,-0.31786518,0.8699261,0.37708131,1.1841534,1.9211182,2.3
21,3200,1.600000,2,1.5040612,0.58814734,0.18834891,0.56622366,0.01816784,0.024243937,-0.020486603,-0.22868223,0.041055775,0.079271408,-0.57695993,-0.089914694,0.81180822,0.62355418,-2.986994,2.3
21,3200,1.600000,3,1.5040612,0.53826118,0.55013104,0.16462542,-0.035289021,0.013770297,-0.062927931,0.080177143,-0.19742975,-0.25339254,0.79286945,-0.57495391,0.20195553,1.3674421,-0.62741033,2.3
21,3200,1.600000,4,1.5040612,0.20925217,0.17135794,0.95489209,0.063868796,0.057011797,0.048314677,0.10956226,-0.10328322,0.046994081,0.34357929,-0.91745945,0.2005528,1.3688742,-1.2124729,2.3
21,3200,1.600000,5,1.5040612,0.17347902,0.58841627,1.2851889,0.0034085343,0.048167686,0.047390176,-0.094168253,0.14627112,0.18525558,0.20842809,-0.94950204,-0.23452847,1.8075298,-1.3547105,2.3
21,3200,1.600000,6,1.5040612,0.53662845,0.17677016,1.3473693,-0.025017937,-0.044400008,-0.060445989,0.11033046,-0.080948229,0.071939969,0.48039614,0.073366349,-0.87397765,2.6341244,0.15154954,2.3
21,3200,1.600000,7,1.5040612,0.59464878,0.5350276,0.90317061,-0.029270548,-0.034004439,-0.061987356,-0.057623298,-0.28470546,-0.0087651609,0.56327949,0.72004861,-0.40527301,1.9880738,0.90695416,2.3
21,3200,1.600000,8,1.5040612,0.14784852,0.95249141,0.17976111,-0.084355493,0.010685188,0.0032156527,0.19506277,-0.10724869,0.075432613,-0.25620806,-0.11601404,-0.9596344,2.8564957,-2.7164029,2.3
21,3200,1.600000,9,1.5040612,0.22432312,1.2817551,0.60854673,0.027676346,-0.019603557,0.0822589,-0.098802861,0.018565348,-0.097084979,-0.45164584,-0.36207841,-0.81542337,2.5242565,-2.4658242,2.3
21,3200,1.600000,10,1.5040612,0.59841024,0.93571529,0.54962397,0.0097923905,0.03814934,0.0055226602,-0.0048133849,-0.064464899,-0.10299798,-0.47905028,-0.2156234,-0.85089211,2.5884774,-2.7186506,2.3
21,3200,1.600000,11,1.5040612,0.52886174,1.294984,0.17587111,-0.054585717,0.024418944,-0.037022948,-0.030166406,0.13474579,0.047535863,-0.17545958,-0.11617123,-0.9776084,2.9295754,-2.5567605,2.3
21,3200,1.600000,12,1.5040612,0.21402773,0.95178733,0.95151345,0.026334038,-0.019220174,0.050048062,-0.096313122,0.17503396,-0.16160145,0.46232171,-0.82738269,-0.31889891,1.8953638,-1.0612402,2.3
21,3200,1.600000,13,1.5040612,0.14523494,1.3382494,1.3424678,-0.044513887,0.019746262,0.0085983753,0.087189697,0.21607206,0.068021424,-0.59969982,-0.038490757,0.79929881,0.64466885,-3.0774972,2.3
21,3200,1.600000,14,1.5040612,0.54857392,0.93277032,1.2956614,-0.012091781,0.0063279164,-0.015526707,-0.023569485,-0.057777062,0.07363657,0.24483444,-0.94945023,-0.19646974,1.7685525,-1.3184247,2.3
21,3200,1.600000,15,1.5040612,0.59802021,1.2921663,0.92851373,0.041944602,-0.046239882,-0.072804698,0.11524001,-0.14876083,0.076991964,-0.84081649,-0.43909837,0.31657583,1.2486789,-2.6603208,2.3
21,3200,1.600000,16,1.5040612,0.93170364,0.16677752,0.16265684,0.005560861,-0.00090046382,-0.034444035,0.01233185,0.12414825,-0.081621791,-0.603363,-0.73315973,0.31373541,1.2516718,-2.2593828,2.3
21,3200,1.600000,17,1.5040612,0.9760763,0.57736001,0.54987053,0.027487348,0.020324565,-0.02963181,-0.076407886,-0.13695826,-0.045408676,-0.087615776,-0.49717435,-0.86321558,2.6124013,-1.7452327,2.3
21,3200,1.600000,18,1.5040612,1.3253014,0.21344608,0.59028573,0.052896961,-0.021230196,0.074909495,0.086102047,0.17014283,-0.079684942,0.49201324,0.74692478,0.44724305,1.1071158,0.98831643,2.3
21,3200,1.600000,19,1.5040612,1.3594318,0.56384747,0.15514037,0.065388065,-0.032095788,-0.0038153861,-0.22158672,-0.142105,-0.21417638,0.59463336,-0.45903635,0.66007332,0.84987996,-0.65741136,2.3
21,3200,1.600000,20,1.5040612,0.97158312,0.19452718,0.96672344,0.037879953,0.020020176,0.031070322,0.064556327,0.11781929,0.22146247,-0.24274813,-0.72946133,0.63949943,0.87694936,-1.8920463,2.3
21,3200,1.600000,21,1.5040612,0.8975122,0.54744624,1.3089147,-0.097208128,-0.019176688,0.0076878369,-0.083054391,0.02660036,0.012158422,0.98043762,0.12481382,0.15219589,1.4180067,0.12662309,2.3
21,3200,1.600000,22,1.5040612,1.3354104,0.18934417,1.3373573,0.014062081,-0.0058107858,-0.0023326679,0.017621305,0.11884531,0.015153755,-0.48728144,-0.61863485,0.61631788,0.90673795,-2.237975,2.3
21,3200,1.600000,23,1.5040612,1.3232184,0.60934972,0.94606955,0.0069662653,0.082438349,0.066423592,0.058965713,0.24338208,-0.21611143,-0.58831408,-0.44742551,0.6735703,0.83176765,-2.4913917,2.3
21,3200,1.600000,24,1.5040612,0.91161029,0.92026894,0.16314716,-0.029255935,-0.060158435,-0.0049544548,-0.098479259,-0.092657923,0.15980768,-0.085163643,0.98783441,0.13011659,1.4403098,1.6567961,2.3
21,3200,1.600000,25,1.5040612,0.93799584,1.3384414,0.56562897,0.011476075,0.034096522,-0.039593183,0.27275436,0.15391449,-0.039812741,-0.0011063734,0.80929476,0.58740171,0.9429518,1.5721634,2.3
21,3200,1.600000,26,1.5040612,1.3141611,0.93665688,0.52113697,0.038928434,-0.012888685,-0.013800722,-0.15768285,-0.27021823,-0.041533208,-0.19173129,-0.31169082,-0.93063846,2.76695,-2.1222687,2.3
21,3200,1.600000,27,1.5040612,1.3022655,1.2968144,0.22296818,-0.012653534,-0.050832755,0.010466676,-0.029744629,0.099808667,-0.053692219,0.15314362,0.70133289,0.69618907,0.80072135,1.3558101,2.3
21,3200,1.600000,28,1.5040612,0.95531288,0.95893763,0.9327615,-0.011089645,0.0098170888,-0.051206971,0.12091527,0.051154258,0.12796328,0.15600515,0.28999944,-0.94422599,2.8060325,1.0772517,2.3
21,3200,1.600000,29,1.5040612,0.90451053,1.3162913,1.3257103,-0.043079272,-0.025477735,-0.0018870749,0.11402333,0.12255366,-0.060305646,0.46474989,-0.88460676,-0.038450132,1.6092559,-1.0870557,2.3
21,3200,1.600000,30,1.5040612,1.2754043,0.96357848,1.3244361,-0.070233813,0.013446637,0.0024690513,-0.015189813,0.088581033,0.074202052,0.692538,0.27781518,-0.66574007,2.2992815,0.3815018,2.3
21,3200,1.600000,31,1.5040612,1.3076603,1.3364157,0.93205908,0.023590945,0.011556785,-0.02546302,-0.17229345,-0.079775809,0.037883918,0.68566566,0.0077860918,-0.72787498,2.3860141,0.011355034,2.3
22,3300,1.650000,0,1.4915759,0.19211125,0.16172735,0.23815434,0.030974493,-0.028941995,0.033499005,0.070485175,-0.082654456,-0.1091429,0.70502839,-0.076263671,0.70506654,0.78827935,-0.1077521,2.3
22,3300,1.650000,1,1.4915759,0.19768557,0.56524169,0.5632791,0.04563216,-0.026263112,0.067593665,-0.0050578328,-0.1593454,0.11298693,-0.21430619,0.86442738,0.45479464,1.0986547,1.8138135,2.3
22,3300,1.650000,2,1.4915759,0.57267307,0.18522046,0.56732439,0.0075314631,0.022672426,-0.014661353,-0.15865244,-0.087369895,0.088526555,-0.59273395,-0.34795289,0.72635752,0.75778888,-2.6107642,2.3
22,3300,1.650000,3,1.4915759,0.53727309,0.53692305,0.15542551,-0.031794425,0.0050927949,-0.070794064,0.058169729,-0.12255658,-0.079262972,0.74429866,-0.51184621,0.42899064,1.1274213,-0.60241586,2.3
22,3300,1.650000,4,1.4915759,0.21304751,0.16520209,0.94802691,0.069424293,0.052258583,0.04938052,0.053800239,-0.095246165,0.036602044,0.15380289,-0.96943134,0.19117413,1.3784381,-1.413455,2.3
22,3300,1.650000,5,1.4915759,0.16874375,0.59088526,1.2861397,9.9524663e-05,0.055551916,0.059058002,-0.080415506,0.1548716,0.2281708,0.15619236,-0.95340214,-0.2581246,1.8318768,-1.4084125,2.3
22,3300,1.650000,6,1.4915759,0.53563534,0.17152279,1.3387822,-0.021541998,-0.048195822,-0.057837654,0.0039310949,-0.07779372,-0.045889262,0.61165527,-0.20885189,-0.76305879,2.4388289,-0.32904089,2.3
22,3300,1.650000,7,1.4915759,0.58549821,0.52062704,0.8954713,-0.033502556,-0.044005405,-0.062190272,-0.11371809,-0.11934512,0.036121878,0.5003032,0.67854552,-0.53784076,2.1386701,0.93546182,2.3
22,3300,1.650000,8,1.4915759,0.15830894,0.93987626,0.1819402,-0.072618861,0.0059569846,0.0069023036,0.24168212,-0.12045974,0.093179692,-0.31388985,-0.1972701,-0.92873983,2.7617954,-2.5805025,2.3
22,3300,1.650000,9,1.4915759,0.21729236,1.2737628,0.59223909,0.022486068,-0.016944839,0.070955713,-0.11519511,0.079548683,-0.32099307,-0.29546851,-0.35424493,-0.88724793,2.6621408,-2.2659749,2.3
22,3300,1.650000,10,1.4915759,0.58944326,0.92241386,0.53837815,0.0057760846,0.032592142,-0.001188689,-0.16693748,-0.14311636,-0.1261815,-0.49609471,-0.047236538,-0.86698255,2.6199114,-3.0466621,2.3
22,3300,1.650000,11,1.4915759,0.52319711,1.288858,0.17964743,-0.055865583,0.029061991,-0.031764809,0.025743181,0.10978164,0.20662493,-0.11914309,0.037891161,-0.99215381,3.0162414,2.8336771,2.3
22,3300,1.650000,12,1.4915759,0.20700411,0.95032256,0.93868329,0.021065111,-0.012757191,0.045095811,-0.1199217,0.06164324,-0.038442307,0.42904038,-0.86179219,-0.27062624,1.8448398,-1.1088729,2.3
22,3300,1.650000,13,1.4915759,0.14977649,1.3363061,1.3332069,-0.038742686,0.028950152,0.010489175,0.17641809,0.11575356,0.019642219,-0.5804776,0.057465824,0.81224592,0.6228042,3.0429167,2.3
22,3300,1.650000,14,1.4915759,0.54548633,0.92330642,1.2896847,-0.010619509,0.0045997694,-0.010728032,0.050133817,-0.014451946,0.11394699,0.36654837,-0.84629232,-0.38656385,1.9676992,-1.1620659,2.3
22,3300,1.650000,15,1.4915759,0.60043528,1.276864,0.92997805,0.049354736,-0.050835005,-0.063594376,0.15235213,-0.045964996,0.27321401,-0.80090735,-0.45243649,0.39223543,1.1677358,-2.6273782,2.3
22,3300,1.650000,16,1.4915759,0.92666018,0.17250711,0.15877897,0.0082627656,0.0062433257,-0.036982265,0.10565211,0.15185963,-0.037173252,-0.51818641,-0.84223639,0.1487303,1.4215122,-2.1223541,2.3
22,3300,1.650000,17,1.4915759,0.96495863,0.56402587,0.54099029,0.024459495,0.011747359,-0.033965623,-0.067697049,-0.20959727,-0.083765535,-0.057875467,-0.43960334,-0.89632546,2.6822079,-1.7016973,2.3
22,3300,1.650000,18,1.4915759,1.3193776,0.21949812,0.58000266,0.057995767,-0.013373586,0.069503869,0.11258243,0.17068134,-0.13439939,0.56970662,0.59143075,0.57065229,0.96349637,0.80410534,2.3
22,3300,1.650000,19,1.4915759,1.3348268,0.55009562,0.14302262,0.052011972,-0.041205097,-0.014690642,-0.31514999,-0.19292654,-0.20401457,0.59094341,-0.50412227,0.62979888,0.88950207,-0.7062797,2.3
22,3300,1.650000,20,1.4915759,0.9663027,0.20037631,0.96885409,0.040676324,0.027515314,0.041268276,0.073234146,0.17844338,0.2086498,-0.15589748,-0.66741521,0.72818467,0.75512676,-1.8002659,2.3
22,3300,1.650000,21,1.4915759,0.88769632,0.5428596,1.2967515,-0.099583638,-0.019219143,0.0063845763,0.02189685,0.025222766,-0.094199952,0.98328537,0.13321478,-0.12411169,1.6952289,0.13465938,2.3
22,3300,1.650000,22,1.4915759,1.3205913,0.19434241,1.3229973,0.010312672,0.00078670748,-0.0056048876,-0.12521347,0.18102592,-0.15692073,-0.57416343,-0.44963826,0.68422349,0.81725793,-2.4772301,2.3
22,3300,1.650000,23,1.4915759,1.3133001,0.61676793,0.93023831,0.0080364789,0.094967003,0.058412319,0.0038131043,0.25647576,-0.11709547,-0.59656637,-0.48510852,0.63935772,0.87713366,-2.458874,2.3
22,3300,1.650000,24,1.4915759,0.89624165,0.90858336,0.17149026,-0.037089922,-0.064221772,0.0047835205,-0.17277125,-0.030580738,0.22173159,0.030669311,0.95754711,0.28664075,1.2800777,1.5387782,2.3
22,3300,1.650000,25,1.4915759,0.94459274,1.334876,0.55572944,0.025919509,0.041673107,-0.044819186,0.28633935,0.18714548,-0.10540534,0.0036303792,0.86687542,0.4985116,1.0489154,1.5666085,2.3
22,3300,1.650000,26,1.4915759,1.2918233,0.91753693,0.51701835,0.027451669,-0.024280897,-0.013592498,-0.23124113,-0.24730202,0.0087749874,-0.33184015,-0.22418746,-0.91630895,2.7295606,-2.5474387,2.3
22,3300,1.650000,27,1.4915759,1.2887714,1.2954427,0.21650664,-0.015348772,-0.041400263,0.0058367004,-0.049534469,0.23315177,-0.13973801,-0.058443089,0.75280764,0.65564096,0.85576515,1.6482744,2.3
22,3300,1.650000,28,1.4915759,0.95481191,0.95178911,0.9344369,-0.0036294478,0.01063213,-0.041749277,0.16540307,-0.044595618,0.20111919,-0.10863188,0.59967614,-0.7928352,2.4862435,1.7500038,2.3
22,3300,1.650000,29,1.4915759,0.9027447,1.3100567,1.311621,-0.037312704,-0.020766154,-0.0049845252,0.11559007,0.040567357,-0.097093357,0.39599186,-0.90866027,-0.1323894,1.7035755,-1.1598158,2.3
22,3300,1.650000,30,1.4915759,1.268766,0.95818071,1.3114224,-0.066268345,0.016058446,0.00044107178,0.11993729,-0.027765911,-0.10229006,0.71354813,0.36352974,-0.59891168,2.2129377,0.47119307,2.3
22,3300,1.650000,31,1.4915759,1.2897091,1.3193347,0.92936464,0.016465023,0.0055443606,-0.020399309,-0.14935046,-0.15304987,0.164993,0.65128597,-0.093217763,-0.75308501,2.4235349,-0.14216324,2.3
23,3400,1.700000,0,1.4882182,0.19191597,0.15559796,0.23316542,0.031211946,-0.034713815,0.029041184,-0.053915056,-0.13895592,-0.059253921,0.70092494,0.084635723,0.70819561,0.78385714,0.12016686,2.3
23,3400,1.700000,1,1.4882182,0.1996035,0.55881767,0.56733896,0.047997769,-0.031420502,0.072927558,0.097798875,-0.049573623,0.059749765,-0.19753277,0.8387285,0.50745966,1.0385622,1.8020959,2.3
23,3400,1.700000,2,1.4882182,0.56646393,0.17714095,0.56879812,0.0026059462,0.015001228,-0.011907397,-0.047205675,-0.21044203,0.041393586,-0.54941433,-0.62219323,0.5576912,0.97919466,-2.2941554,2.3
23,3400,1.700000,3,1.4882182,0.53572862,0.53376938,0.15348951,-0.03212979,0.0031456139,-0.072381975,-0.042482328,0.027144921,0.05376571,0.66060417,-0.48873037,0.5698638,0.96445622,-0.63695616,2.3
23,3400,1.700000,4,1.4882182,0.21360636,0.16329033,0.94625503,0.070463913,0.050716977,0.049743192,-0.011798591,-0.011785061,-0.012995263,0.012285358,-0.96643358,0.25662271,1.3112701,-1.558085,2.3
23,3400,1.700000,5,1.4882182,0.16483437,0.59674612,1.2888002,-0.0034339758,0.06275105,0.064620039,-0.056032469,0.12693475,-0.013234329,0.23427259,-0.95865456,-0.16154811,1.7330555,-1.3311174,2.3
23,3400,1.700000,6,1.4882182,0.53028372,0.16708081,1.3310138,-0.025692503,-0.052256248,-0.062597652,-0.13301774,-0.043351281,-0.15045602,0.70113756,-0.31773007,-0.63832101,2.2631115,-0.42548172,2.3
23,3400,1.700000,7,1.4882182,0.57701337,0.5168474,0.89706021,-0.040677441,-0.046615977,-0.05858146,-0.12653371,0.001328148,0.11754096,0.44451429,0.55385235,-0.70402743,2.3518491,0.89448037,2.3
23,3400,1.700000,8,1.4882182,0.17132113,0.93182038,0.18507781,-0.059235211,1.0202203e-05,0.010453495,0.2569186,-0.12540659,0.068449012,-0.33626144,-0.21579991,-0.91671078,2.7305652,-2.5710303,2.3
23,3400,1.700000,9,1.4882182,0.21090678,1.2770435,0.57261313,0.016582997,-0.010789791,0.052642333,-0.15179714,0.12375696,-0.36596188,-0.21613026,-0.43208283,-0.87555248,2.6373745,-2.0346084,2.3
23,3400,1.700000,10,1.4882182,0.57765063,0.9099147,0.53240384,-0.0047014238,0.022157711,-0.0059564111,-0.27313283,-0.24351205,-0.040765049,-0.45228135,0.086968417,-0.88762496,2.6629588,2.9516231,2.3
23,3400,1.700000,11,1.4882182,0.5247892,1.2923249,0.18950285,-0.053092578,0.035437498,-0.021493402,0.13156546,0.094154729,0.18865617,-0.091301499,0.081690293,-0.99246699,3.0187718,2.4116962,2.3
23,3400,1.700000,12,1.4882182,0.19913258,0.94900204,0.93715498,0.013651222,-0.011937477,0.045681262,-0.12203725,0.016635374,0.083196497,0.44869864,-0.85379832,-0.26400372,1.8379672,-1.0869321,2.3
23,3400,1.700000,13,1.4882182,0.16031163,1.3339312,1.3307358,-0.027858113,0.029584136,0.011019906,0.24992681,-0.12987106,0.035802755,-0.48262177,0.16325926,0.86047814,0.53458892,2.8154005,2.3
23,3400,1.700000,14,1.4882182,0.54529201,0.92262009,1.2932226,-0.0095846945,0.0059935049,-0.0042796064,-0.0041240337,0.059910194,0.11759765,0.43388366,-0.70451862,-0.5616035,2.1671188,-1.0187978,2.3
23,3400,1.700000,15,1.4882182,0.60593948,1.275116,0.94268876,0.056218339,-0.049707357,-0.048773451,0.069973635,0.079610055,0.26286017,-0.71200373,-0.55817178,0.42602225,1.1307048,-2.4767183,2.3
23,3400,1.700000,16,1.4882182,0.92945294,0.17918955,0.16131668,0.013147073,0.013322077,-0.034083855,0.07147187,0.1390643,0.13825948,-0.47899085,-0.8767188,0.043953566,1.5268286,-2.070829,2.3
23,3400,1.700000,17,1.4882182,0.95992046,0.55281881,0.53420926,0.021590345,0.0017987902,-0.039535085,-0.04883736,-0.16829982,-0.13339525,-0.0030508881,-0.38203619,-0.92414233,2.7495809,-1.578782,2.3
23,3400,1.700000,18,1.4882182,1.3206551,0.22668634,0.57196209,0.062248175,-0.0056825765,0.062761373,0.096117152,0.15157402,-0.099582735,0.57674404,0.45038539,0.68155654,0.82090869,0.66299204,2.3
23,3400,1.700000,19,1.4882182,1.3154565,0.53900035,0.13725526,0.035628111,-0.051073141,-0.020142177,-0.34237788,-0.23087808,-0.042129284,0.63345278,-0.47894329,0.60774246,0.91758161,-0.64738329,2.3
23,3400,1.700000,20,1.4882182,0.96874201,0.21151501,0.97170429,0.04529613,0.039118165,0.046305176,0.089484242,0.29131237,-0.020388581,-0.10021083,-0.56056262,0.82202636,0.60583594,-1.747696,2.3
23,3400,1.700000,21,1.4882182,0.88690055,0.5418686,1.2879054,-0.098379714,-0.018987823,0.00045092735,0.026430945,-0.038140842,-0.099344752,0.94397539,0.19147568,-0.268789,1.8429319,0.20012454,2.3
23,3400,1.700000,22,1.4882182,1.3112368,0.20179209,1.3097671,0.0039237664,0.0086827778,-0.015868434,-0.13354475,0.16371006,-0.26593451,-0.61811125,-0.29462068,0.72879156,0.75424087,-2.6968016,2.3
23,3400,1.700000,23,1.4882182,1.3134954,0.62442323,0.92640056,0.011191806,0.10402094,0.056666694,0.13709698,0.11238606,0.035122953,-0.68367839,-0.46406086,0.56323297,0.97250313,-2.5452571,2.3
23,3400,1.700000,24,1.4882182,0.88618495,0.90689786,0.18119289,-0.045138125,-0.063861516,0.014883581,-0.17985053,0.071798403,0.16139689,0.15406154,0.92812656,0.33888956,1.22506,1.4063042,2.3
23,3400,1.700000,25,1.4882182,0.95669072,1.3402759,0.55106192,0.040159947,0.050087488,-0.048239542,0.24553485,0.14017412,-0.010642165,0.0064873829,0.90263814,0.43035137,1.1259143,1.5636093,2.3
23,3400,1.700000,26,1.4882182,1.2780127,0.9076152,0.51865234,0.016536901,-0.032145987,-0.010791471,-0.1430358,-0.045256085,0.075773715,-0.5060826,-0.30412537,-0.80708622,2.5099967,-2.6004821,2.3
23,3400,1.700000,27,1.4882182,1.2832057,1.3040891,0.21084914,-0.018016261,-0.029824596,0.00066075859,-0.020135159,0.1971051,-0.085752063,-0.1722211,0.74158969,0.64837075,0.86535386,1.7989838,2.3
23,3400,1.700000,28,1.4882182,0.95839013,0.94512399,0.93786418,0.0021046558,0.0061045272,-0.036212204,0.048061811,-0.11894277,-0.0044550907,-0.13772764,0.78932831,-0.59832426,2.2122044,1.7435443,2.3
23,3400,1.700000,29,1.4882182,0.90812573,1.3036505,1.3055684,-0.029891107,-0.024227101,-0.0080880531,0.17073628,-0.15133716,-0.037847121,0.28499677,-0.91965535,-0.27020526,1.8444025,-1.2702863,2.3
23,3400,1.700000,30,1.4882182,1.2769675,0.95481678,1.3024341,-0.055198272,0.014850159,-0.0056017734,0.27769396,-0.084024141,-0.12167532,0.72095283,0.42117186,-0.55031017,2.153532,0.52871175,2.3
23,3400,1.700000,31,1.4882182,1.2827601,1.3107693,0.93440473,0.01241481,-5.7366869e-05,-0.013259042,-0.061489546,-0.023182962,0.13122222,0.57169476,-0.22895542,-0.78787341,2.4781445,-0.38092477,2.3
24,3500,1.750000,0,1.4891068,0.18623864,0.15129191,0.23311077,0.025421752,-0.03911146,0.028847366,-0.1431212,-0.050626254,0.040536878,0.72875424,0.28337905,0.62338878,0.8977271,0.37086104,2.3
24,3500,1.750000,1,1.4891068,0.20526745,0.56063842,0.56990401,0.053540882,-0.029933879,0.075153181,0.099040535,0.10132383,0.032727788,-0.2421692,0.80852494,0.5363222,1.0047228,1.8618125,2.3
24,3500,1.750000,2,1.4891068,0.56848315,0.16611377,0.57245231,0.0042864214,0.0038716014,-0.0085938288,0.11218027,-0.18613579,0.075578,-0.47676346,-0.80088181,0.36233262,1.200027,-2.1077514,2.3
24,3500,1.750000,3,1.4891068,0.529412,0.53709381,0.15895133,-0.038764322,0.0061504294,-0.067013409,-0.21127964,0.097881053,0.20419494,0.63923357,-0.50922639,0.57625423,0.95665836,-0.67267671,2.3
24,3500,1.750000,4,1.4891068,0.21226354,0.16397704,0.94385967,0.068993985,0.051306011,0.046783695,-0.05891332,0.032585899,-0.11763736,-0.029396869,-0.93081966,0.36429464,1.197921,-1.6023675,2.3
24,3500,1.750000,5,1.4891068,0.16308981,0.59909271,1.2851683,-0.0052764087,0.064740729,0.060219909,-0.037104774,-0.025346381,-0.16890626,0.35236979,-0.93550779,-0.025704294,1.5965035,-1.2105698,2.3
24,3500,1.750000,6,1.4891068,0.52164606,0.16553934,1.3226602,-0.034644126,-0.053896995,-0.07174324,-0.24632656,-0.010640892,-0.21190749,0.77241643,-0.26461231,-0.57736746,2.1862971,-0.3300469,2.3
24,3500,1.750000,7,1.4891068,0.5712373,0.51905885,0.90534334,-0.046796233,-0.044713707,-0.050836292,-0.11028422,0.11268927,0.21636992,0.46165289,0.35076349,-0.81476474,2.5231196,0.64974314,2.3
24,3500,1.750000,8,1.4891068,0.18184934,0.92570778,0.18798711,-0.048812417,-0.0066568095,0.013251449,0.13577711,-0.13212371,0.0068368885,-0.35679179,-0.14992055,-0.92207562,2.7442062,-2.7438027,2.3
24,3500,1.750000,9,1.4891068,0.20003794,1.2842694,0.5589285,0.0055914955,-0.0043283566,0.038619971,-0.23246153,0.12245287,-0.21381201,-0.21460934,-0.53831564,-0.81495957,2.5234558,-1.9501541,2.3
24,3500,1.750000,10,1.4891068,0.56411418,0.89621086,0.53434081,-0.018578659,0.0079147979,-0.0043378298,-0.29585735,-0.30881555,0.14803761,-0.43927018,0.12751066,-0.88925966,2.6665204,2.8590784,2.3
24,3500,1.750000,11,1.4891068,0.53672625,1.2990466,0.19961417,-0.041472359,0.041385741,-0.011498218,0.32569869,0.10901061,0.19586822,-0.12537006,-0.024001598,-0.99181968,3.0135966,-2.9524354,2.3
24,3500,1.750000,12,1.4891068,0.19679735,0.9521612,0.93916888,0.011197816,-0.0093457587,0.047135142,0.042468065,0.046336006,-0.028100009,0.52221136,-0.8101809,-0.26627468,1.8403224,-0.99825386,2.3
24,3500,1.750000,13,1.4891068,0.17277817,1.3231278,1.3325368,-0.015490989,0.017987666,0.012025999,0.2277229,-0.3244995,-0.068854225,-0.3764245,0.28728015,0.88078074,0.49328786,2.4897087,2.3
24,3500,1.750000,14,1.4891068,0.54698958,0.92613606,1.2973791,-0.0082131348,0.0089576774,-0.00089636598,0.065997925,0.00028126178,0.066086786,0.44623019,-0.57724726,-0.68385979,2.3238361,-0.91271739,2.3
24,3500,1.750000,15,1.4891068,0.60502007,1.2825755,0.95292728,0.054937493,-0.043011178,-0.039100711,-0.079097521,0.21961004,0.15469238,-0.58641102,-0.6868142,0.42942796,1.1269371,-2.2775,2.3
24,3500,1.750000,16,1.4891068,0.931309,0.1846369,0.17081877,0.014447751,0.018660843,-0.024680897,-0.021389423,0.07540523,0.20807177,-0.53450296,-0.84504983,-0.01404859,1.5848454,-2.1347783,2.3
24,3500,1.750000,17,1.4891068,0.95559339,0.54658895,0.52973523,0.016691558,-0.0047592019,-0.044326669,-0.13972191,-0.086552572,-0.081672408,0.062440242,-0.36850867,-0.92752497,2.7585318,-1.4029501,2.3
24,3500,1.750000,18,1.4891068,1.3266862,0.23102692,0.57026376,0.067489096,-0.0014786086,0.060722122,0.087779614,0.054155512,0.0072790343,0.52987737,0.31221269,0.78851329,0.66240844,0.53245301,2.3
24,3500,1.750000,19,1.4891068,1.301499,0.53216385,0.13983173,0.02088956,-0.058229348,-0.017648411,-0.22541918,-0.055965361,0.12055773,0.69966231,-0.44562019,0.55847587,0.97824903,-0.56711625,2.3
24,3500,1.750000,20,1.4891068,0.9704888,0.22475117,0.96463775,0.046464121,0.052224116,0.0386607,-0.051855563,0.20054287,-0.24004441,-0.14425619,-0.41219186,0.89960437,0.4519336,-1.9074475,2.3
24,3500,1.750000,21,1.4891068,0.88979259,0.54247027,1.2855968,-0.096017958,-0.018709795,-0.0026258111,0.027586352,0.034041675,-0.010834875,0.87496185,0.36429538,-0.3189524,1.8954203,0.39452615,2.3
24,3500,1.750000,22,1.4891068,1.3088145,0.20741964,1.2930031,0.00071952245,0.014188188,-0.033409291,0.040676715,0.067032118,-0.38754336,-0.61255718,-0.25077441,0.74959048,0.72335316,-2.7530183,2.3
24,3500,1.750000,23,1.4891068,1.3193509,0.626143,0.93155318,0.016261434,0.10536745,0.061264779,0.057155449,-0.053562277,0.08788809,-0.80230704,-0.40943824,0.4343544,1.1214749,-2.6697183,2.3
24,3500,1.750000,24,1.4891068,0.87976055,0.91145717,0.18492852,-0.052089602,-0.059844923,0.018509934,-0.046464027,0.077158057,-0.0172643,0.25318771,0.91412499,0.31665674,1.2485936,1.300597,2.3
24,3500,1.750000,25,1.4891068,0.96492144,1.3467941,0.55339436,0.047817131,0.055803745,-0.04623674,0.064933058,0.075010002,0.11019052,0.011751783,0.92533142,0.37897713,1.1821056,1.5580969,2.3
24,3500,1.750000,26,1.4891068,1.2759805,0.91190806,0.52361036,0.013742456,-0.028396201,-0.0061445286,0.0040907581,0.16423337,0.10715515,-0.64149226,-0.49699767,-0.58436375,2.1948921,-2.4824373,2.3
24,3500,1.750000,27,1.4891068,1.2849954,1.3144071,0.20630153,-0.016993073,-0.020288162,-0.0040113612,0.070328349,0.16472558,-0.078807694,-0.11151268,0.79964647,0.5900258,0.93970553,1.7093552,2.3
24,3500,1.750000,28,1.4891068,0.95992042,0.93968185,0.93459679,0.0030623835,9.982819e-05,-0.040038459,-0.036896052,-0.13821314,-0.12713901,0.069245679,0.82910943,-0.55478157,2.1588967,1.4874716,2.3
24,3500,1.750000,29,1.4891068,0.919273,1.2924354,1.3075177,-0.019289255,-0.03621712,-0.0069186394,0.2170269,-0.31122852,0.044610224,0.1399955,-0.91526253,-0.37775094,1.9581624,-1.419016,2.3
24,3500,1.750000,30,1.4891068,1.2908888,0.95147545,1.2963376,-0.04204339,0.01093986,-0.012473933,0.28853233,-0.064046993,-0.12863328,0.75354228,0.46080391,-0.46886436,2.0588009,0.54884487,2.3
24,3500,1.750000,31,1.4891068,1.2840674,1.31041,0.93970608,0.012955909,-0.0011989959,-0.0085170516,0.086113115,-0.024616121,0.037977878,0.47047269,-0.37458167,-0.79896435,2.4963674,-0.67240827,2.3
25,3600,1.800000,0,1.4949468,0.17987301,0.15283207,0.23618618,0.018339596,-0.038166486,0.031004339,-0.08414802,0.090811866,0.087452471,0.74471595,0.49180511,0.45113844,1.1027558,0.58364663,2.3
25,3600,1.800000,1,1.4949468,0.21076696,0.56744506,0.57315053,0.058226204,-0.025334945,0.076162671,0.050381256,0.076861784,0.011900127,-0.34757196,0.75971197,0.54957388,0.98894222,1.9998738,2.3
25,3600,1.800000,2,1.4949468,0.57911496,0.16041744,0.57993052,0.01267234,-0.0024638021,-0.0033708779,0.23235507,-0.070897881,0.11368965,-0.39881894,-0.87676925,0.26873617,1.2987156,-1.9976955,2.3
25,3600,1.800000,3,1.4949468,0.520762,0.54173736,0.17141131,-0.049469618,0.008682654,-0.055199922,-0.2030554,0.040026987,0.24901519,0.68903846,-0.49621103,0.52820508,1.014311,-0.62412182,2.3
25,3600,1.800000,4,1.4949468,0.20777943,0.16668923,0.94162667,0.063687805,0.053371071,0.040860667,-0.12669451,0.028802485,-0.12186299,0.030601018,-0.87482046,0.48347982,1.0661706,-1.5358308,2.3
25,3600,1.800000,5,1.4949468,0.16343963,0.5974737,1.2847226,-0.0055656202,0.060779952,0.054744764,0.070930735,-0.11193555,-0.085742515,0.46956956,-0.88142953,0.050856779,1.5199176,-1.0813039,2.3
25,3600,1.800000,6,1.4949468,0.5113356,0.16520815,1.3174811,-0.046976247,-0.054875488,-0.082089357,-0.24025616,-0.012604822,-0.21628894,0.78688319,-0.14859359,-0.59894473,2.212979,-0.18664037,2.3
25,3600,1.800000,7,1.4949468,0.57131616,0.52853133,0.91990337,-0.048953419,-0.037291394,-0.039848331,-0.019265819,0.11336068,0.24605998,0.49065932,0.087506446,-0.8669464,2.6198388,0.17648904,2.3
25,3600,1.800000,8,1.4949468,0.18280204,0.92402617,0.1874726,-0.048573358,-0.011958484,0.012002131,-0.080699362,-0.11456596,-0.055652369,-0.30654,-0.098839127,-0.94671224,2.8136662,-2.8296827,2.3
25,3600,1.800000,9,1.4949468,0.18525018,1.2956457,0.55351652,-0.0099503476,0.0019989184,0.031030836,-0.35662791,0.14106002,-0.059020286,-0.28294352,-0.64077438,-0.71368842,2.3655462,-1.9866136,2.3
25,3600,1.800000,10,1.4949468,0.55590596,0.88519614,0.54849432,-0.028978869,-0.0065862954,0.0076965583,-0.14154994,-0.26438919,0.2584287,-0.41539492,0.16641528,-0.89428911,2.6776364,2.7605524,2.3
25,3600,1.800000,11,1.4949468,0.5546331,1.3097794,0.20917094,-0.025701303,0.047012989,-0.0027414276,0.30763031,0.10518908,0.15197055,-0.2053551,-0.22090216,-0.95343145,2.835212,-2.3197372,2.3
25,3600,1.800000,12,1.4949468,0.20523661,0.96091782,0.93841358,0.018850301,-0.0043331288,0.042705292,0.25329152,0.12404174,-0.17162777,0.58192151,-0.77563879,-0.24444185,1.8177404,-0.92713647,2.3
25,3600,1.800000,13,1.4949468,0.18177663,1.3102353,1.3296576,-0.0071863735,-5.8528751e-05,0.0039367411,0.15373432,-0.3438731,-0.1989605,-0.28546432,0.33280356,0.89875019,0.45388563,2.2797761,2.3
25,3600,1.800000,14,1.4949468,0.54985702,0.92725687,1.3050774,-0.0074922888,0.0064512748,0.0017088626,-0.068067131,-0.083294801,0.059103745,0.48170976,-0.55508914,-0.67810896,2.3159829,-0.85605529,2.3
25,3600,1.800000,15,1.4949468,0.60366253,1.3002199,0.95946711,0.051214479,-0.030421501,-0.036303534,-0.048383167,0.22684514,0.02850615,-0.54026932,-0.77730639,0.32234118,1.2425947,-2.1781946,2.3
25,3600,1.800000,16,1.4949468,0.93162712,0.18487944,0.18071936,0.011119979,0.018180215,-0.015468247,-0.15061316,-0.11840387,0.14458573,-0.68866561,-0.72452698,-0.028290119,1.5990902,-2.3308238,2.3
25,3600,1.800000,17,1.4949468,0.95187184,0.54560584,0.53166725,0.0092369618,-0.0078798172,-0.044471876,-0.14275248,0.024252611,0.084938057,0.080804644,-0.38813843,-0.91805183,2.7339346,-1.365543,2.3
25,3600,1.800000,18,1.4949468,1.3342954,0.23251154,0.57189755,0.069890661,-0.00090115767,0.060120632,-0.002640204,-0.018703426,-0.039358526,0.43609468,0.17150365,0.883407,0.48771272,0.3746926,2.3
25,3600,1.800000,19,1.4949468,1.2990871,0.53829961,0.14764885,0.013388129,-0.054188529,-0.010393878,-0.080510751,0.18606504,0.13635078,0.75280398,-0.45542133,0.4752658,1.0755302,-0.54406348,2.3
25,3600,1.800000,20,1.4949468,0.97109965,0.22808747,0.95223828,0.043275157,0.054674188,0.022509727,-0.12523276,-0.057843222,-0.34745839,-0.31189917,-0.28353371,0.90682277,0.43511215,-2.4037969,2.3
25,3600,1.800000,21,1.4949468,0.89647363,0.5475016,1.2939464,-0.092832736,-0.015811587,0.00067547806,0.07410884,0.063719952,0.15633162,0.73190879,0.6067038,-0.31019353,1.8861929,0.6921361,2.3
25,3600,1.800000,22,1.4949468,1.3171496,0.20951337,1.2821499,0.003915495,0.015465963,-0.04930228,0.082827911,0.0086156237,-0.26291624,-0.61798171,-0.30307558,0.72542664,0.75914229,-2.6856319,2.3
25,3600,1.800000,23,1.4949468,1.328808,0.62218958,0.93828428,0.020535967,0.098970952,0.064336503,0.11151647,-0.18456782,-0.011498189,-0.87114431,-0.35099543,0.34337996,1.220283,-2.7585775,2.3
25,3600,1.800000,24,1.4949468,0.88329587,0.92232806,0.18233495,-0.052004689,-0.05256284,0.015197592,0.086757349,0.19524647,-0.083437806,0.34495854,0.89443841,0.28457606,1.2822322,1.2027036,2.3
25,3600,1.800000,25,1.4949468,0.96913032,1.3551911,0.56503024,0.048240952,0.058912723,-0.036789651,-0.032686517,0.061253837,0.20640875,0.062559772,0.92767152,0.3681193,1.1938109,1.5034609,2.3
25,3600,1.800000,26,1.4949468,1.285525,0.92606262,0.53064281,0.018273919,-0.017838617,-0.0011752997,0.15666344,0.26637713,0.072914183,-0.64760788,-0.6817698,-0.34028513,1.9180164,-2.3305025,2.3
25,3600,1.800000,27,1.4949468,1.2928303,1.3266073,0.20220155,-0.014203151,-0.013256583,-0.0089108173,0.0021581013,0.10011542,-0.11664731,0.085785133,0.86993737,0.48564378,1.0636969,1.4725034,2.3
25,3600,1.800000,28,1.4949468,0.95935329,0.93767003,0.927605,-0.0012608944,-0.0055860971,-0.050674736,-0.12905336,-0.11770156,-0.24015079,0.43025552,0.6916951,-0.58003282,2.1895653,1.0143352,2.3
25,3600,1.800000,29,1.4949468,0.93320314,1.2801651,1.3167744,-0.0089844813,-0.053522223,-0.0027977712,0.1915704,-0.37737345,0.13322326,-0.0079124657,-0.87640225,-0.48151478,2.0731786,-1.5798244,2.3
25,3600,1.800000,30,1.4949468,1.3071989,0.9530041,1.2968027,-0.030817835,0.0087413177,-0.017083857,0.13498437,-0.046820285,-0.096369872,0.78869892,0.46517479,-0.40195327,1.9844454,0.5328859,2.3
25,3600,1.800000,31,1.4949468,1.2942185,1.316049,0.9439281,0.018061238,-0.00070011605,-0.007981414,0.13718128,0.061885006,-0.028133932,0.39956218,-0.46099708,-0.79235835,2.4854615,-0.85666676,2.3
26,3700,1.850000,0,1.5047796,0.18122796,0.16272432,0.23948026,0.018510888,-0.029308502,0.032739249,0.081298404,0.24180227,0.00047482229,0.69118702,0.64330081,0.32927886,1.2352566,0.74952997,2.3
26,3700,1.850000,1,1.5047796,0.21171138,0.57323037,0.57841546,0.057785782,-0.02328864,0.077652897,-0.020033891,0.015078185,0.00087599362,-0.4886471,0.69782156,0.52370707,1.0195996,2.1816877,2.3
26,3700,1.850000,2,1.5047796,0.59199094,0.15843621,0.59030742,0.021709647,-0.0054902306,0.0031701548,0.13624367,-0.014309708,0.14964123,-0.39822708,-0.87534151,0.27421237,1.2930257,-1.99775,2.3
26,3700,1.850000,3,1.5047796,0.51425348,0.54809616,0.18308799,-0.059370922,0.011469114,-0.044685145,-0.16343575,0.072954596,0.16193906,0.77616285,-0.41776031,0.4722791,1.0789217,-0.49376803,2.3
26,3700,1.850000,4,1.5047796,0.20473321,0.17114528,0.93886129,0.059289359,0.056719768,0.031931124,-0.066744384,0.10401163,-0.20220528,0.088484283,-0.82303119,0.56106166,0.97512853,-1.4636975,2.3
26,3700,1.850000,5,1.5047796,0.17005118,0.5909243,1.2904521,-4.7166504e-05,0.050334979,0.052033037,0.1623871,-0.20992746,-0.063657696,0.51476422,-0.85659693,0.035489376,1.5352995,-1.0296852,2.3
26,3700,1.850000,6,1.5047796,0.50546355,0.16678611,1.3169208,-0.056181361,-0.05438577,-0.091285058,-0.076715331,0.01336481,-0.16195953,0.74995707,-0.034021709,-0.66061102,2.2924287,-0.045333794,2.3
26,3700,1.850000,7,1.5047796,0.57363034,0.53903536,0.93933365,-0.050392283,-0.030286676,-0.026512311,-0.074329821,0.10654097,0.31266775,0.48788133,-0.20497517,-0.8485028,2.5839459,-0.39774125,2.3
26,3700,1.850000,8,1.5047796,0.17961201,0.92517826,0.18512646,-0.052951393,-0.016867957,0.0084346062,-0.098070954,-0.087158459,-0.11644131,-0.26538379,-0.07237915,-0.96142223,2.862923,-2.8753345,2.3
26,3700,1.850000,9,1.5047796,0.16904115,1.3113046,0.55723228,-0.027320904,0.0091125403,0.031105668,-0.27454,0.11697967,0.037380879,-0.31519003,-0.73363453,-0.60202626,2.2168327,-1.9765805,2.3
26,3700,1.850000,10,1.5047796,0.55655239,0.88140422,0.56535278,-0.031979003,-0.016169069,0.020904076,0.017940188,-0.12476378,0.26553881,-0.34430715,0.15683187,-0.92566535,2.7535868,2.7141744,2.3
26,3700,1.850000,11,1.5047796,0.57052874,1.3206541,0.21661082,-0.013493707,0.049265365,0.0033028455,0.16130836,0.013423024,0.067292898,-0.28671563,-0.40168211,-0.86973883,2.6254692,-2.1907158,2.3
26,3700,1.850000,12,1.5047796,0.22038697,0.9717741,0.93561421,0.032605652,0.00018802271,0.033762935,0.2883093,0.073369052,-0.20406402,0.6499402,-0.75425025,-0.093189614,1.6641214,-0.85954681,2.3
26,3700,1.850000,13,1.5047796,0.18871096,1.3026586,1.329099,-0.0014664089,-0.016200167,-0.0053370836,0.079224859,-0.27560642,-0.11127273,-0.28966439,0.31991917,0.90207886,0.44623385,2.3066033,2.3
26,3700,1.850000,14,1.5047796,0.54967179,0.92749213,1.3186668,-0.01128171,0.00060678312,0.0066978612,-0.067796592,-0.12220543,0.11373397,0.44662104,-0.67363353,-0.58885271,2.2004349,-0.98533442,2.3
26,3700,1.850000,15,1.5047796,0.60634377,1.3199631,0.96674644,0.049929419,-0.019266877,-0.035338138,-0.031346048,0.23737468,0.035504336,-0.59114522,-0.79592595,0.13057264,1.4398498,-2.209618,2.3
26,3700,1.850000,16,1.5047796,0.92792875,0.17846511,0.18599949,0.0013260622,0.010574789,-0.011390143,-0.24149097,-0.1564911,0.05445885,-0.86775734,-0.49611005,0.029529953,1.5412621,-2.6222305,2.3
26,3700,1.850000,17,1.5047796,0.94930367,0.55246745,0.54201544,0.00043682444,-0.0046175573,-0.037643039,-0.20828001,0.09712263,0.15893661,0.034616106,-0.42715732,-0.90351445,2.6986969,-1.4899347,2.3
26,3700,1.850000,18,1.5047796,1.342204,0.23362219,0.57596466,0.069025961,-0.0013184542,0.060425164,0.007884135,-0.013062753,0.072187054,0.3501734,0.029721973,0.93621322,0.35910077,0.084674921,2.3
26,3700,1.850000,19,1.5047796,1.3054281,0.55323541,0.15424732,0.011191772,-0.042830558,-0.0047849293,0.020842063,0.27027202,0.10279436,0.7871901,-0.5190456,0.33305166,1.2312582,-0.58293056,2.3
26,3700,1.850000,20,1.5047796,0.9690653,0.22704913,0.93985262,0.034881041,0.052143936,0.0039217712,-0.23393852,-0.068670114,-0.30454412,-0.48760719,-0.26196441,0.83283484,0.58658673,-2.648595,2.3
26,3700,1.850000,21,1.5047796,0.90784809,0.55374461,1.3133386,-0.087372619,-0.013178332,0.011521394,0.12007853,-0.0058895183,0.24269642,0.54974383,0.79571318,-0.25420909,1.8278262,0.96621614,2.3
26,3700,1.850000,22,1.5047796,1.3286234,0.21391738,1.2823368,0.0067166963,0.018482036,-0.057521555,0.022684633,0.084252432,-0.14306825,-0.66901665,-0.4334969,0.60373601,0.92261698,-2.5666519,2.3
26,3700,1.850000,23,1.5047796,1.3397025,0.61545055,0.94180985,0.022683406,0.088174941,0.061699284,-0.014954529,-0.25997109,-0.072227851,-0.83735726,-0.36525294,0.40672241,1.1519329,-2.7302762,2.3
26,3700,1.850000,24,1.5047796,0.89715693,0.93696379,0.17922244,-0.043979692,-0.044021594,0.010899887,0.17971806,0.15030153,-0.096147631,0.39233979,0.88039382,0.2664136,1.3011261,1.1515731,2.3
26,3700,1.850000,25,1.5047796,0.97490575,1.3651863,0.57923466,0.047644012,0.059990875,-0.026335909,0.014121079,-0.039469562,0.16367234,0.16484556,0.92549681,0.34100087,1.2228149,1.3945291,2.3
26,3700,1.850000,26,1.5047796,1.3040369,0.94444556,0.53733193,0.028297624,-0.0055868908,0.0020131335,0.22486474,0.22952777,0.098909174,-0.54188119,-0.82471846,-0.16187725,1.733389,-2.1521116,2.3
26,3700,1.850000,27,1.5047796,1.2985255,1.3348066,0.19769733,-0.017002129,-0.013781094,-0.014725937,-0.11369851,-0.10160124,-0.10727394,0.20811603,0.89861248,0.38624259,1.1742418,1.3432116,2.3
26,3700,1.850000,28,1.5047796,0.95542096,0.93805972,0.92016216,-0.011469779,-0.011344938,-0.064174523,-0.25984845,-0.090853121,-0.24828309,0.75678511,0.39251589,-0.52269261,2.1208026,0.47846573,2.3
26,3700,1.850000,29,1.5047796,0.94982341,1.2718911,1.3315418,0.0014635196,-0.070161768,0.0032886912,0.18347625,-0.29053706,0.11246016,-0.12844529,-0.84958934,-0.51156599,2.1078027,-1.7208451,2.3
26,3700,1.850000,30,1.5047796,1.3197031,0.9575276,1.2994257,-0.026924314,0.0070022561,-0.02297103,0.018732843,-0.014830175,-0.14522237,0.81314978,0.46839923,-0.345528,1.9235977,0.52260853,2.3
26,3700,1.850000,31,1.5047796,1.3123934,1.3289386,0.94540669,0.027691963,0.0035194692,-0.012695934,0.19038571,0.095662935,-0.16424229,0.41139342,-0.51381002,-0.75283113,2.4231491,-0.89564562,2.3
27,3800,1.900000,0,1.501976,0.18849124,0.17308842,0.23890051,0.026118914,-0.01863127,0.032605556,0.19875267,0.20440218,-0.0042723626,0.60520522,0.72503609,0.32870855,1.2358605,0.87523773,2.3
27,3800,1.900000,1,1.501976,0.20920773,0.57285991,0.57946194,0.055674606,-0.022590437,0.079779025,-0.081072644,-0.016026364,0.062273651,-0.64087018,0.64449355,0.41702935,1.1406219,2.3533756,2.3
27,3800,1.900000,2,1.501976,0.59577199,0.16096863,0.59648573,0.026598218,-0.0026599834,0.010455088,0.064559881,0.097992953,0.1358874,-0.46418675,-0.82574239,0.32043747,1.2446051,-2.0829159,2.3
27,3800,1.900000,3,1.501976,0.50806078,0.55084737,0.18974127,-0.064610381,0.015245026,-0.037684215,-0.029559181,0.063222311,0.079361233,0.81088245,-0.36826272,0.45481008,1.0986374,-0.42630017,2.3
27,3800,1.900000,4,1.501976,0.20003006,0.176923,0.92916227,0.054963624,0.062822042,0.023973912,-0.019904792,0.12218986,-0.096471661,0.021984905,-0.80030762,0.59918642,0.9283118,-1.5433327,2.3
27,3800,1.900000,5,1.501976,0.17967548,0.57833784,1.2842868,0.0099032423,0.03883878,0.048268481,0.19339913,-0.22083972,-0.10198189,0.51680585,-0.85338087,-0.068211463,1.6390608,-1.0262707,2.3
27,3800,1.900000,6,1.501976,0.50479672,0.16675371,1.310071,-0.055906184,-0.054107165,-0.095685347,0.037264784,0.044682074,0.015856027,0.67430017,0.081783151,-0.73391471,2.3948638,0.12069645,2.3
27,3800,1.900000,7,1.501976,0.56960514,0.54074125,0.95150564,-0.053351497,-0.027573956,-0.01257722,-0.057380921,0.02019354,0.25831536,0.41577574,-0.43395874,-0.79925612,2.4968528,-0.80679335,2.3
27,3800,1.900000,8,1.501976,0.17113578,0.92045758,0.17827235,-0.061100578,-0.019867703,0.0019193424,-0.23057099,-0.037014018,-0.11224977,-0.24070946,-0.078470784,-0.96741992,2.8856296,-2.8264584,2.3
27,3800,1.900000,9,1.501976,0.16084986,1.3173375,0.55841377,-0.035204592,0.017596545,0.033327438,-0.071515091,0.24591525,0.046715489,-0.24971493,-0.80021246,-0.5452545,2.147489,-1.873281,2.3
27,3800,1.900000,10,1.501976,0.55966741,0.88041132,0.57449386,-0.027823176,-0.015519178,0.031108002,0.13811125,0.12651515,0.12099527,-0.23825829,0.1619856,-0.95759785,2.8493419,2.5445022,2.3
27,3800,1.900000,11,1.501976,0.571946,1.314453,0.21932398,-0.011011152,0.045521319,0.0064224852,-0.051651885,-0.11147803,0.061371117,-0.34233362,-0.51665342,-0.78477827,2.4731346,-2.155977,2.3
27,3800,1.900000,12,1.501976,0.23196236,0.97104095,0.92256378,0.044602843,0.001266432,0.022445133,0.17487424,-0.025711518,-0.22622231,0.67407813,-0.7140198,0.18919408,1.380455,-0.81416462,2.3
27,3800,1.900000,13,1.501976,0.19365796,1.2889223,1.3223011,0.0038371359,-0.02752006,-0.0096627364,0.060471386,-0.15486681,-0.082898024,-0.31962996,0.27586562,0.90649592,0.43588694,2.4295549,2.3
27,3800,1.900000,14,1.501976,0.54490951,0.92044569,1.3207839,-0.015023366,-0.0047165725,0.011276085,-0.04584553,-0.086518479,0.10743241,0.36326691,-0.83547647,-0.41233023,1.9958067,-1.1606526,2.3
27,3800,1.900000,15,1.501976,0.60628981,1.3281132,0.96620351,0.05100616,-0.0086475888,-0.034078711,0.040213346,0.18388776,0.02987935,-0.66204341,-0.74498899,-0.081791996,1.6526798,-2.2973119,2.3
27,3800,1.900000,16,1.501976,0.91409323,0.17172306,0.18562547,-0.010791895,0.0041592619,-0.011417651,-0.18780742,-0.11653854,-0.026625142,-0.98645814,-0.15941479,0.038565128,1.5322216,-2.9813746,2.3
27,3800,1.900000,17,1.501976,0.93851196,0.55907101,0.54944175,-0.0085946214,0.0030224566,-0.02919901,-0.13969247,0.21438042,0.17751009,-0.066924466,-0.48583373,-0.87148534,2.6290193,-1.7076866,2.3
27,3800,1.900000,18,1.501976,1.3396826,0.23351485,0.57754925,0.069005275,-0.00099022275,0.063085333,-0.025021085,-0.048234904,0.0049157268,0.26823222,-0.051640235,0.96196921,0.27667425,-0.19019362,2.3
27,3800,1.900000,19,1.501976,1.3063407,0.56519772,0.1611304,0.014539712,-0.029825371,0.0023922216,0.077901663,0.24650464,0.17955998,0.77902033,-0.60393703,0.16848559,1.4015032,-0.65946745,2.3
27,3800,1.900000,20,1.501976,0.958147,0.22107039,0.92698525,0.025759736,0.046583025,-0.0072048938,-0.14947834,-0.12947361,-0.11842784,-0.65550554,-0.28228032,0.70045007,0.79476841,-2.7349631,2.3
27,3800,1.900000,21,1.501976,0.90982782,0.54912481,1.3221423,-0.083698013,-0.016769781,0.022782511,0.029845032,-0.15102312,0.15966271,0.40463151,0.89626894,-0.18159111,1.7534005,1.1467271,2.3
27,3800,1.900000,22,1.501976,1.3243726,0.21785545,1.2740157,0.0049396718,0.022822714,-0.063459045,-0.086126044,0.09144826,-0.065146393,-0.6871824,-0.56536922,0.45622143,1.097052,-2.4531416,2.3
27,3800,1.900000,23,1.501976,1.3357211,0.60113874,0.93450305,0.021196634,0.074997514,0.056142019,-0.032330494,-0.2504988,-0.11111821,-0.72890948,-0.45006442,0.51588079,1.0287608,-2.5884417,2.3
27,3800,1.900000,24,1.501976,0.90711742,0.94200726,0.17571467,-0.032336823,-0.037226096,0.0077230704,0.2295994,0.10485973,-0.016172255,0.47352424,0.8211785,0.3184975,1.2466523,1.0477305,2.3
27,3800,1.900000,25,1.501976,0.97453239,1.3564016,0.58362852,0.049088383,0.053743807,-0.02085775,0.041771253,-0.18357045,0.059229215,0.31360264,0.91501121,0.25378706,1.3142028,1.2406119,2.3
27,3800,1.900000,26,1.501976,1.3116699,0.95131419,0.54092034,0.03836961,0.0030494262,0.0066069486,0.19383625,0.039407477,0.065510257,-0.39596812,-0.90935009,-0.12763878,1.6987842,-1.9814771,2.3
27,3800,1.900000,27,1.501976,1.288354,1.32558,0.19237828,-0.024761536,-0.020527114,-0.01968127,-0.10713749,-0.15303819,-0.090591195,0.18763646,0.90632093,0.37864883,1.1824603,1.3666495,2.3
27,3800,1.900000,28,1.501976,0.9404527,0.93270462,0.9076523,-0.024670262,-0.014955669,-0.074980068,-0.26831274,-0.024318327,-0.18880063,0.91045344,0.049690576,-0.41061585,1.9939257,0.054523739,2.3
27,3800,1.900000,29,1.501976,0.95222435,1.2596173,1.3329974,0.0056380082,-0.080075055,0.007228867,-0.012921316,-0.093800081,0.020628504,-0.1914605,-0.84750947,-0.49504603,2.0886841,-1.7929763,2.3
27,3800,1.900000,30,1.501976,1.3154765,0.95365432,1.2894404,-0.028693739,0.0049110377,-0.030542417,-0.03563402,-0.083125423,-0.18417316,0.83093397,0.46956898,-0.29841869,1.8738317,0.51436982,2.3
27,3800,1.900000,31,1.501976,1.3185605,1.3300605,0.9359389,0.036312342,0.0071207135,-0.020409491,0.14367291,0.044640197,-0.16644393,0.45562243,-0.53926788,-0.70823609,2.3577928,-0.86927595,2.3
28,3900,1.950000,0,1.498937,0.20043818,0.17742596,0.23503198,0.038459732,-0.013938766,0.029216967,0.27869373,-0.024191065,-0.11484512,0.5277182,0.71783029,0.45412904,1.0994019,0.9368624,2.3
28,3900,1.950000,1,1.498937,0.20587095,0.5695671,0.57790355,0.052758164,-0.024726345,0.079392678,-0.016303026,0.005322206,-0.031220591,-0.73217761,0.64494068,0.21901474,1.3499917,2.4194574,2.3
28,3900,1.950000,2,1.498937,0.59637229,0.16782184,0.60158153,0.02840578,0.0045261945,0.016764154,-0.027874912,0.14236576,0.10816286,-0.59808409,-0.7016515,0.38727328,1.1731241,-2.2766791,2.3
28,3900,1.950000,3,1.498937,0.51063463,0.5543603,0.19104648,-0.061004921,0.019877179,-0.03599339,0.15129733,0.1369946,-0.027066175,0.84408579,-0.30851668,0.43856201,1.1167984,-0.35041948,2.3
28,3900,1.950000,4,1.498937,0.19992299,0.18235618,0.92557034,0.055261577,0.068619069,0.022260235,0.022251696,0.070863877,0.047984118,-0.11128664,-0.79909603,0.59081369,0.93872932,-1.709172,2.3
28,3900,1.950000,5,1.498937,0.1870119,0.57032245,1.2783424,0.017611,0.031986602,0.044919204,0.10579059,-0.067259945,-0.022474971,0.47603361,-0.87250818,-0.1100976,1.6811176,-1.0713436,2.3
28,3900,1.950000,6,1.498937,0.50722676,0.17114392,1.3129598,-0.052451285,-0.049374763,-0.090140207,0.088699682,0.10032876,0.22062006,0.56702595,0.180583,-0.80366121,2.5042186,0.30831804,2.3
28,3900,1.950000,7,1.498937,0.56626538,0.53810015,0.96006981,-0.055540979,-0.029122544,-0.0020772203,-0.014568182,-0.052980776,0.17829455,0.26973244,-0.54289939,-0.79530162,2.4903013,-1.1096824,2.3
28,3900,1.950000,8,1.498937,0.15984895,0.91879896,0.17266243,-0.072052243,-0.019663744,-0.003335202,-0.215722,0.056453712,-0.10792191,-0.29065747,-0.12767217,-0.94827109,2.8185411,-2.7277118,2.3
28,3900,1.950000,9,1.498937,0.16258018,1.3270324,0.55686774,-0.033146745,0.02996927,0.032910827,0.11709149,0.22491679,-0.053166316,-0.08133335,-0.83136056,-0.5497495,2.1528606,-1.6683176,2.3
28,3900,1.950000,10,1.498937,0.56542205,0.88798265,0.57523707,-0.020929169,-0.00615703,0.033015519,0.093323617,0.26815593,-0.03053919,-0.09659222,0.22113123,-0.97044883,2.8978802,1.982627,2.3
28,3900,1.950000,11,1.498937,0.56692668,1.3023639,0.22254728,-0.014877162,0.036082234,0.010093265,-0.082220295,-0.22178407,0.088901329,-0.37097097,-0.58238536,-0.72333106,2.3794107,-2.137968,2.3
28,3900,1.950000,12,1.498937,0.23570974,0.96492622,0.91097509,0.048823832,-0.0028877936,0.012713217,-0.009534284,-0.15160764,-0.22153891,0.5708934,-0.61793538,0.54058911,0.99965912,-0.82494756,2.3
28,3900,1.950000,13,1.498937,0.19526415,1.2834446,1.3160764,0.0058371798,-0.030392777,-0.013215659,0.0022116218,0.036507733,-0.082206734,-0.33302106,0.18764761,0.92405917,0.3922294,2.6284661,2.3
28,3900,1.950000,14,1.498937,0.54209538,0.91510909,1.3236253,-0.016736711,-0.0081943525,0.016795483,-0.017793455,-0.03161902,0.12836684,0.26378289,-0.93625978,-0.2320263,1.8049566,-1.2961738,2.3
28,3900,1.950000,15,1.498937,0.60843148,1.3301821,0.96555301,0.05437796,-0.003886662,-0.032772961,0.059060251,-0.027876045,-0.01435331,-0.69290858,-0.67534713,-0.25255485,1.8261161,-2.3690287,2.3
28,3900,1.950000,16,1.498937,0.90385128,0.1663882,0.18417465,-0.019192865,-0.00083320416,-0.012493983,-0.16178583,-0.0821981,-0.034171144,-0.97692074,0.20165304,-0.0704409,1.6412956,2.9380346,2.3
28,3900,1.950000,17,1.498937,0.9308141,0.56729162,0.55679883,-0.014399469,0.012383718,-0.020721652,-0.068261304,0.1295078,0.14577151,-0.21903747,-0.51923393,-0.82608639,2.5429236,-1.9699936,2.3
28,3900,1.950000,18,1.498937,1.3348182,0.23137522,0.57496088,0.06684926,-0.0026590671,0.061664089,-0.058287099,-0.0098997049,-0.01059768,0.24202459,-0.20749833,0.94782305,0.32445988,-0.70874221,2.3
28,3900,1.950000,19,1.498937,1.3070862,0.57481732,0.16842423,0.017931708,-0.019051294,0.010019795,0.086918118,0.17225705,0.15617736,0.68990238,-0.71736627,-0.097058507,1.6680079,-0.80491143,2.3
28,3900,1.950000,20,1.498937,0.95252695,0.21712368,0.92437652,0.022074585,0.043080066,-0.0079387952,0.029190328,-0.046008377,0.064344778,-0.78547556,-0.30638492,0.53773267,1.0030508,-2.7696819,2.3
28,3900,1.950000,21,1.498937,0.90914083,0.54092516,1.3258855,-0.08254297,-0.023865567,0.029207366,0.033004502,-0.10695258,0.064678054,0.314208,0.93977503,-0.13452221,1.7057276,1.2481366,2.3
28,3900,1.950000,22,1.498937,1.3126948,0.22112553,1.2705487,-0.004067658,0.026537343,-0.064349242,-0.24508066,0.0535088,0.033074628,-0.68444146,-0.6557916,0.31855496,1.2465917,-2.377568,2.3
28,3900,1.950000,23,1.498937,1.329332,0.59053883,0.92847363,0.017506382,0.06560438,0.051999191,-0.099796767,-0.076237918,-0.071861841,-0.58270319,-0.53692047,0.61006016,0.91465981,-2.3970629,2.3
28,3900,1.950000,24,1.498937,0.91730901,0.94319706,0.17864477,-0.020297659,-0.034127189,0.011012033,0.22168036,0.0062737212,0.14470752,0.54436337,0.70128853,0.46028568,1.0924794,0.91071633,2.3
28,3900,1.950000,25,1.498937,0.97338469,1.3418667,0.58110175,0.049913299,0.041941464,-0.022205025,-0.0030670924,-0.30553699,-0.092384243,0.44474056,0.88176855,0.15713068,1.4130118,1.1036562,2.3
28,3900,1.950000,26,1.498937,1.3152102,0.94928132,0.54164309,0.044570057,0.0029412498,0.0084259978,0.068213082,-0.045773078,-0.00055201603,-0.23258553,-0.94079226,-0.24660475,1.8199716,-1.8131597,2.3
28,3900,1.950000,27,1.498937,1.2852909,1.3128,0.18809128,-0.025218405,-0.030635289,-0.023582973,0.10102437,-0.2088631,-0.065348749,0.07406126,0.92420668,0.37464243,1.1867852,1.4908322,2.3
28,3900,1.950000,28,1.498937,0.92712927,0.93294015,0.90419086,-0.036102446,-0.012830838,-0.076606695,-0.17863204,0.12280875,0.085145359,0.91795954,-0.24214275,-0.3141929,1.8904027,-0.25790888,2.3
28,3900,1.950000,29,1.498937,0.94395429,1.2562707,1.3270642,-0.00071183859,-0.080873895,0.00398946,-0.20341262,0.072135532,-0.11501525,-0.23086564,-0.83775784,-0.49483619,2.0884426,-1.8396976,2.3
28,3900,1.950000,30,1.498937,1.3089885,0.94626494,1.2763142,-0.032524054,-0.00055433934,-0.041070388,-0.092273099,-0.12842501,-0.24363631,0.81910605,0.47686865,-0.31884411,1.895306,0.52721485,2.3
28,3900,1.950000,31,1.498937,1.3209767,1.3299662,0.92666251,0.041401521,0.0097202245,-0.027799678,0.049355607,-0.018097285,-0.12425808,0.50079582,-0.56564998,-0.65516688,2.2851998,-0.84613673,2.3
29,4000,2.000000,0,1.5066618,0.21208611,0.1738485,0.22955742,0.049047489,-0.018419085,0.022548303,0.1631079,-0.13105186,-0.16424092,0.44803149,0.61427722,0.64956237,0.86378762,0.94063381,2.3
29,4000,2.000000,1,1.5066618,0.20666388,0.57089445,0.5779362,0.05249082,-0.026330142,0.076454636,0.0033287229,-0.0038336931,-0.09154399,-0.77265895,0.63225443,-0.057030527,1.6278578,2.455802,2.3
29,4000,2.000000,2,1.5066618,0.59662736,0.17429473,0.60508823,0.025594658,0.010119827,0.017169547,-0.034647074,0.06006968,-0.048434365,-0.72742967,-0.53950202,0.42400902,1.1329289,-2.5034536,2.3
29,4000,2.000000,3,1.5066618,0.52599137,0.56308724,0.18634378,-0.048312373,0.02573216,-0.041666066,0.3093267,0.10478261,-0.13276042,0.88832024,-0.21620168,0.40514688,1.1536569,-0.23874088,2.3
29,4000,2.000000,4,1.5066618,0.20394754,0.18508083,0.93788975,0.058248151,0.070399362,0.029790343,0.022205968,-0.013272914,0.23709431,-0.25584474,-0.8257864,0.50261346,1.0441771,-1.8712373,2.3
29,4000,2.000000,5,1.5066618,0.189348,0.57289602,1.2836147,0.018979817,0.031621939,0.043606903,-0.026940799,0.072553343,-0.031614475,0.36802297,-0.91779238,-0.14905112,1.7204049,-1.1894392,2.3
29,4000,2.000000,6,1.5066618,0.51624643,0.17523953,1.3338769,-0.046062046,-0.046169385,-0.076025726,0.16549843,0.041411786,0.32898468,0.43508262,0.27788626,-0.85643584,2.599122,0.56838876,2.3
29,4000,2.000000,7,1.5066618,0.56921409,0.54125288,0.97294406,-0.055510612,-0.028743896,0.0058289612,0.029772507,0.07545384,0.10071261,0.1162656,-0.49323739,-0.86209001,2.6101759,-1.3393028,2.3
29,4000,2.000000,8,1.5066618,0.15006382,0.9280504,0.17172206,-0.082633959,-0.015158935,-0.005160699,-0.18984558,0.12919123,0.0051478687,-0.34273759,-0.22412744,-0.91230359,2.7196708,-2.5624575,2.3
29,4000,2.000000,9,1.5066618,0.16925533,1.3432504,0.55550173,-0.027324416,0.039324345,0.028685841,0.14878722,0.14383319,-0.13691836,0.11219622,-0.81882156,-0.56297714,2.1687799,-1.4346227,2.3
29,4000,2.000000,10,1.5066618,0.57246756,0.90573924,0.57232318,-0.016808162,0.0069895414,0.027152203,0.056717504,0.24512388,-0.17575228,0.073651469,0.40582709,-0.91097741,2.7164439,1.3912655,2.3
29,4000,2.000000,11,1.5066618,0.56344855,1.2980675,0.22716935,-0.021260559,0.025102231,0.013559521,-0.16566693,-0.19567229,0.004038041,-0.34804965,-0.57562475,-0.73994432,2.4037839,-2.1146256,2.3
29,4000,2.000000,12,1.5066618,0.23301482,0.96007775,0.90651313,0.044924197,-0.012683858,0.0035800023,-0.12816072,-0.25192938,-0.13449344,0.33371279,-0.46356902,0.82081638,0.60795751,-0.94685413,2.3
29,4000,2.000000,13,1.5066618,0.19515255,1.2948735,1.3193822,0.0047221417,-0.025590473,-0.016683381,-0.0076029589,0.14190336,-0.052711315,-0.31632173,0.076646811,0.94555054,0.33151435,2.9038679,2.3
29,4000,2.000000,14,1.5066618,0.54600749,0.92104791,1.3377994,-0.015621167,-0.0069746976,0.02412938,0.063363331,0.10619252,0.1454444,0.22951327,-0.97328655,0.0060794588,1.5647168,-1.3392144,2.3
29,4000,2.000000,15,1.5066618,0.61251898,1.3337442,0.96872846,0.055327448,-0.0071712114,-0.034568891,-0.02590482,-0.11683054,-0.054538703,-0.69467035,-0.61749981,-0.36895403,1.9486797,-2.4149382,2.3
29,4000,2.000000,16,1.5066618,0.9015627,0.16481792,0.18258188,-0.026121653,-0.0032547461,-0.015029381,-0.14625037,-0.032857398,-0.035437179,-0.86876942,0.440152,-0.22694915,1.7997403,2.6726484,2.3
29,4000,2.000000,17,1.5066618,0.93649045,0.57758915,0.56532533,-0.013522341,0.019738798,-0.015079126,0.094274144,0.14202818,0.058918028,-0.41871676,-0.44635303,-0.79085097,2.4829945,-2.3242585,2.3
29,4000,2.000000,18,1.5066618,1.3391915,0.23343876,0.57721628,0.064349931,-0.0017901582,0.060958226,-0.045012855,0.016646173,-0.015868706,0.24591235,-0.37397862,0.89424108,0.4640636,-0.9891268,2.3
29,4000,2.000000,19,1.5066618,1.3176301,0.58434823,0.17673087,0.021729729,-0.012499552,0.017439383,0.069469929,0.069721922,0.084469457,0.56348788,-0.76244213,-0.31806195,1.8944809,-0.93433588,2.3
29,4000,2.000000,20,1.5066618,0.96087833,0.21650019,0.93397316,0.025508274,0.041342094,-0.0031183357,0.10474501,-2.327969e-05,0.10423823,-0.83383564,-0.33765644,0.43669927,1.11887,-2.7568318,2.3
29,4000,2.000000,21,1.5066618,0.91775103,0.53882952,1.3344032,-0.078628104,-0.028736361,0.030887702,0.086026504,-0.1087892,0.037711035,0.28353116,0.949163,-0.13674676,1.7079729,1.280517,2.3
29,4000,2.000000,22,1.5066618,1.3045316,0.22046521,1.2819473,-0.018957591,0.02474206,-0.059510857,-0.31474609,-0.144737,0.17054199,-0.72306073,-0.6638383,0.19105469,1.3785598,-2.3988699,2.3
29,4000,2.000000,23,1.5066618,1.3321852,0.59360979,0.93058461,0.013519095,0.065631915,0.049332115,-0.063301301,0.07677074,-0.034547159,-0.4696836,-0.60175483,0.64597867,0.86849167,-2.2335478,2.3
29,4000,2.000000,24,1.5066618,0.93242448,0.94803289,0.18870864,-0.0099361957,-0.034152082,0.020131811,0.15290037,0.014046452,0.21777247,0.63963017,0.4684161,0.60947486,0.91539829,0.63209173,2.3
29,4000,2.000000,25,1.5066618,0.97631141,1.3328986,0.5770315,0.047829017,0.02609874,-0.029251877,-0.080155979,-0.26788309,-0.18451875,0.49899329,0.86545104,-0.04472351,1.6155348,1.0477828,2.3
29,4000,2.000000,26,1.5066618,1.3218767,0.95395496,0.54426259,0.044458906,0.0027233107,0.0082545648,-0.03816307,0.029321157,0.039973615,-0.12252472,-0.90728741,-0.40226514,1.984786,-1.7050293,2.3
29,4000,2.000000,27,1.5066618,1.2989151,1.3093514,0.18580609,-0.018235882,-0.040823252,-0.026829159,0.2147094,-0.21464746,-0.064118975,-0.097389944,0.92123919,0.37660797,1.1846644,1.6761214,2.3
29,4000,2.000000,28,1.5066618,0.92612271,0.94341599,0.9198619,-0.041872152,-0.007177459,-0.065623654,-0.061834857,0.086007411,0.27510734,0.88221822,-0.38994128,-0.26388787,1.8378471,-0.41618203,2.3
29,4000,2.000000,29,1.5066618,0.93669628,1.2692572,1.32549,-0.012803461,-0.074378328,-0.0044022345,-0.19712025,0.14493964,-0.15909101,-0.28760371,-0.82175404,-0.49193943,2.0851123,-1.9074601,2.3
29,4000,2.000000,30,1.5066618,1.3114105,0.94439748,1.2691992,-0.03683684,-0.0072811122,-0.054727729,-0.13807939,-0.15823772,-0.28758596,0.76804558,0.49835596,-0.40217822,1.984691,0.57557514,2.3
29,4000,2.000000,31,1.5066618,1.3300064,1.334444,0.92756152,0.043617826,0.0073501083,-0.0316663,-0.007284568,-0.096047236,-0.01665291,0.55839677,-0.63399833,-0.53501324,2.1353197,-0.84871652,2.3
30,4100,2.050000,0,1.5097981,0.21746402,0.16743422,0.22335185,0.05397878,-0.02518821,0.015871818,0.060813608,-0.11305859,-0.15068242,0.3894952,0.46705392,0.79382248,0.65372743,0.87569981,2.3
30,4100,2.050000,1,1.5097981,0.20668229,0.57286096,0.57288649,0.052079459,-0.025552843,0.070208369,-0.016057918,-0.0093311973,-0.15040013,-0.76569268,0.5579639,-0.31998594,1.896511,2.5118604,2.3
30,4100,2.050000,2,1.5097981,0.59603895,0.17691175,0.60264598,0.023766187,0.01237169,0.013471569,-0.031753512,-0.0037968691,-0.075504245,-0.81632786,-0.39959531,0.41705205,1.1405969,-2.6863775,2.3
30,4100,2.050000,3,1.5097981,0.54176778,0.56845209,0.18094853,-0.033646135,0.029920511,-0.047443211,0.29455516,0.06853917,-0.063073423,0.91573939,-0.070481012,0.39554241,1.164138,-0.076814795,2.3
30,4100,2.050000,4,1.5097981,0.20324749,0.18622833,0.95418497,0.057124721,0.071160807,0.044118315,-0.039323925,-0.0091852884,0.3345373,-0.3013407,-0.88117076,0.36432386,1.1978897,-1.9003065,2.3
30,4100,2.050000,5,1.5097981,0.18606631,0.57853631,1.2859329,0.015307789,0.036065053,0.043253458,-0.14591659,0.10139936,-0.018875665,0.20580835,-0.95778339,-0.20073343,1.7729029,-1.359135,2.3
30,4100,2.050000,6,1.5097981,0.52580019,0.17714676,1.3506058,-0.037591728,-0.044628541,-0.062087966,0.16282507,0.033438934,0.2647174,0.33730178,0.28933494,-0.89583079,2.6810935,0.70900066,2.3
30,4100,2.050000,7,1.5097981,0.57470428,0.54880638,0.97603781,-0.051209787,-0.022323765,0.0068962871,0.082289231,0.16484412,0.012258391,-0.04711794,-0.28903828,-0.9561573,2.8443827,-1.7323912,2.3
30,4100,2.050000,8,1.5097981,0.14508336,0.93542157,0.1699832,-0.087921304,-0.0097252785,-0.0072548419,-0.040512817,0.10499327,-0.056564585,-0.3722159,-0.32373927,-0.86985528,2.6257052,-2.425737,2.3
30,4100,2.050000,9,1.5097981,0.17654854,1.3503542,0.54965664,-0.020390741,0.043627517,0.021691673,0.075858374,0.071670014,-0.16072472,0.37440275,-0.72684123,-0.57578157,2.1843561,-1.0951344,2.3
30,4100,2.050000,10,1.5097981,0.57879272,0.92026518,0.56560449,-0.011680007,0.01961693,0.019250357,0.14918275,0.18685424,-0.15750041,0.18220352,0.61825197,-0.76456941,2.4411693,1.284202,2.3
30,4100,2.050000,11,1.5097981,0.55837206,1.2923833,0.22523684,-0.027503454,0.016724668,0.011156627,-0.094682986,-0.075505562,-0.095296398,-0.29063234,-0.47715353,-0.82937166,2.5487784,-2.1178773,2.3
30,4100,2.050000,12,1.5097981,0.22319857,0.94868435,0.90167636,0.034633591,-0.026061877,-0.0031368198,-0.2466166,-0.26302843,-0.10727274,0.15166569,-0.30547119,0.94004514,0.34803368,-1.1099546,2.3
30,4100,2.050000,13,1.5097981,0.19596702,1.3061709,1.3180304,0.0051299553,-0.016997407,-0.020777409,0.014322238,0.20209538,-0.10722645,-0.29349859,0.063582257,0.95384269,0.3050142,2.9282536,2.3
30,4100,2.050000,14,1.5097981,0.54869494,0.92807269,1.3458036,-0.014071917,-0.0018725084,0.029343355,-0.0027121958,0.099524129,0.040886095,0.21020516,-0.95272942,0.21936373,1.3496341,-1.3536407,2.3
30,4100,2.050000,15,1.5097981,0.60835064,1.3291933,0.96567216,0.049889722,-0.014490864,-0.039636472,-0.168527,-0.17809364,-0.15234664,-0.62234485,-0.65316174,-0.43135442,2.0167898,-2.3320387,2.3
30,4100,2.050000,16,1.5097981,0.89654387,0.16249639,0.18280099,-0.033010047,-0.0059165944,-0.015190179,-0.10258118,-0.075143041,0.013433885,-0.74841127,0.55581842,-0.36186524,1.9410643,2.5028029,2.3
30,4100,2.050000,17,1.5097981,0.94478512,0.585681,0.56850612,-0.0071836927,0.026621154,-0.013077218,0.17553856,0.14094045,0.037951732,-0.55527272,-0.34301776,-0.75763515,2.4304785,-2.5882264,2.3
30,4100,2.050000,18,1.5097981,1.3373093,0.23630822,0.57625535,0.059684919,0.00059089104,0.058797986,-0.10005754,0.053110377,-0.044805051,0.23693613,-0.52095143,0.82004322,0.6093098,-1.1439461,2.3
30,4100,2.050000,19,1.5097981,1.3237727,0.58509618,0.17691382,0.025125972,-0.01296752,0.017254635,0.095858189,-0.062931934,-0.112619,0.52414485,-0.72600585,-0.44518276,2.0321747,-0.94548575,2.3
30,4100,2.050000,20,1.5097981,0.96831889,0.21715973,0.94114259,0.03094298,0.04155074,0.0021014746,0.063640316,0.026507447,0.063169504,-0.8246392,-0.39655479,0.40337885,1.1555899,-2.6933554,2.3
30,4100,2.050000,21,1.5097981,0.9273989,0.53321476,1.3384024,-0.070898697,-0.035465766,0.032107974,0.22133997,-0.12333232,0.027735377,0.31884635,0.93658931,-0.14538732,1.7167008,1.2426693,2.3
30,4100,2.050000,22,1.5097981,1.2923121,0.21377246,1.2957853,-0.033877178,0.017597809,-0.048353016,-0.27587907,-0.14564746,0.28138159,-0.7379969,-0.66245645,0.12849914,1.4419409,-2.4100823,2.3
30,4100,2.050000,23,1.5097981,1.3325768,0.59979604,0.93070995,0.01114004,0.070577335,0.047522204,-0.026506555,0.086903183,-0.021743868,-0.4194445,-0.63945166,0.64433523,0.87064263,-2.1513388,2.3
30,4100,2.050000,24,1.5097981,0.94091697,0.95122877,0.19761626,-0.0033914798,-0.032930928,0.02863776,0.1117792,0.059965036,0.076577651,0.69550411,0.21795916,0.68466623,0.81665067,0.3036891,2.3
30,4100,2.050000,25,1.5097981,0.97137963,1.3247335,0.57209357,0.040872142,0.015170369,-0.035384607,-0.16119562,-0.15916856,-0.070730975,0.51244681,0.83006851,-0.21996486,1.7925748,1.0177135,2.3
30,4100,2.050000,26,1.5097981,1.3229266,0.95703527,0.55113718,0.042758836,0.0038166931,0.013990232,-0.059012465,0.014112804,0.21901552,-0.044980247,-0.8578713,-0.51189218,2.1081823,-1.6231808,2.3
30,4100,2.050000,27,1.5097981,1.3160827,1.3030294,0.1826857,-0.0037871574,-0.049861412,-0.030332681,0.36256712,-0.19667048,-0.053399844,-0.21031887,0.88182507,0.4220788,1.1350592,1.8049264,2.3
30,4100,2.050000,28,1.5097981,0.92492894,0.94621086,0.939338,-0.044990539,-0.0063473019,-0.048080613,-0.073185789,-0.027914638,0.36869454,0.87294717,-0.35015397,-0.33964014,1.9173306,-0.38146896,2.3
30,4100,2.050000,29,1.5097981,0.93257984,1.2795624,1.3247153,-0.018863463,-0.066723257,-0.0079325063,-0.06935277,0.14135329,-0.01401205,-0.31983106,-0.82315719,-0.46916984,2.0591468,-1.9413862,2.3
30,4100,2.050000,30,1.5097981,1.3079502,0.94017841,1.2609168,-0.043020603,-0.013459648,-0.065640805,-0.10579945,-0.081774015,-0.15005487,0.66373962,0.52182523,-0.53586206,2.1363248,0.6662631,2.3
30,4100,2.050000,31,1.5097981,1.3296053,1.3345494,0.93005668,0.040451447,0.0046804291,-0.031102574,-0.12350981,-0.013747173,-0.0042382775,0.60809352,-0.70874195,-0.35764104,1.936537,-0.86168189,2.3
31,4200,2.100000,0,1.5114318,0.2181465,0.1652963,0.21712492,0.054425714,-0.027506049,0.0094067095,-0.10202758,-0.024674907,-0.097334193,0.42973037,0.41573114,0.80156062,0.64089555,0.76884159,2.3
31,4200,2.100000,1,1.5114318,0.2031056,0.57153388,0.56416715,0.048281179,-0.027498731,0.060874188,-0.11107805,-0.073279224,-0.24991097,-0.7129721,0.5129236,-0.47810058,2.0692872,2.5179543,2.3
31,4200,2.100000,2,1.5114318,0.59517607,0.17768877,0.59876315,0.022259175,0.012956971,0.0089390956,-0.063449003,-0.0093195053,-0.055778456,-0.82906339,-0.34691693,0.43852314,1.1168416,-2.7452877,2.3
31,4200,2.100000,3,1.5114318,0.55179814,0.57185765,0.17969562,-0.024207096,0.032709469,-0.048891137,0.077985587,0.0395874,-0.019403653,0.90833382,0.080846067,0.41035787,1.1479499,0.08877088,2.3
31,4200,2.100000,4,1.5114318,0.20215972,0.18580661,0.97093523,0.05581773,0.070537907,0.059827606,-0.015563895,-0.026780496,0.26143823,-0.27284496,-0.94343591,0.18837279,1.3812913,-1.8523189,2.3
31,4200,2.100000,5,1.5114318,0.17572346,0.58428277,1.2871959,0.0047693053,0.041182734,0.043125076,-0.24276829,0.10322623,-0.029969061,0.14914449,-0.97115562,-0.18604484,1.7579315,-1.4184126,2.3
31,4200,2.100000,6,1.5114318,0.53587161,0.17631631,1.3614128,-0.028094387,-0.045650123,-0.052747533,0.20784877,-0.049173515,0.08804243,0.18763016,0.24193376,-0.95197846,2.8304307,0.91114677,2.3
31,4200,2.100000,7,1.5114318,0.58053131,0.56103455,0.9770097,-0.04600743,-0.010695721,0.0068120955,0.13259399,0.28322371,-0.023180598,-0.20406049,-0.046383415,-0.97785883,2.9307688,-2.9180879,2.3
31,4200,2.100000,8,1.5114318,0.14696769,0.94201284,0.16790641,-0.086194893,-0.0041492005,-0.0095143402,0.12177017,0.1099627,-0.044502511,-0.41279072,-0.39002785,-0.82309301,2.5376324,-2.3845406,2.3
31,4200,2.100000,9,1.5114318,0.1792742,1.3526018,0.54432855,-0.01785749,0.044413575,0.015772023,0.039149745,-0.024222958,-0.056992123,0.54826641,-0.65304884,-0.52242813,2.1204924,-0.87240106,2.3
31,4200,2.100000,10,1.5114318,0.58883197,0.92816112,0.55892862,-0.0022721273,0.026513363,0.01196641,0.16900504,0.063398876,-0.14688331,0.15714393,0.82908389,-0.53658708,2.1371837,1.3834791,2.3
31,4200,2.100000,11,1.5114318,0.55494778,1.2942103,0.2169507,-0.031529741,0.017153049,0.0026313753,-0.028427641,0.087444406,-0.2468238,-0.20314443,-0.29364621,-0.93407936,2.7764683,-2.1759977,2.3
31,4200,2.100000,12,1.5114318,0.2099386,0.93799804,0.89977694,0.021139406,-0.037768386,-0.0060103422,-0.24021839,-0.20541432,-0.058906088,0.10788654,-0.30173548,0.94726775,0.32619726,-1.2274083,2.3
31,4200,2.100000,13,1.5114318,0.19623278,1.3172653,1.313934,0.0051836409,-0.0073216581,-0.026296963,0.020586353,0.16267044,-0.10768489,-0.22157134,0.093909662,0.97061172,0.24303647,2.7407093,2.3
31,4200,2.100000,14,1.5114318,0.5475592,0.93361864,1.3449138,-0.015800438,0.0026667607,0.026998576,-0.048074516,0.059948923,-0.09008024,0.21611669,-0.90116759,0.37575332,1.1855868,-1.3354229,2.3
31,4200,2.100000,15,1.5114318,0.59594485,1.3219756,0.95832754,0.036832727,-0.023142194,-0.048021467,-0.30618771,-0.17775553,-0.16664862,-0.43402644,-0.8014339,-0.4114909,1.9948856,-2.0671384,2.3
31,4200,2.100000,16,1.5114318,0.89656078,0.15605758,0.18778044,-0.033962731,-0.012527661,-0.010411106,0.089551073,-0.12007409,0.13065265,-0.68147947,0.57774979,-0.44921143,2.0366788,2.4383845,2.3
31,4200,2.100000,17,1.5114318,0.9542603,0.59226666,0.5719164,0.0012646047,0.032569862,-0.010283606,0.17004662,0.094291565,0.040216504,-0.5982604,-0.26764707,-0.7552811,2.4268792,-2.7209234,2.3
31,4200,2.100000,18,1.5114318,1.3372306,0.24098422,0.57216751,0.058159988,0.0050088015,0.054089156,0.024317734,0.12959802,-0.096624379,0.21970546,-0.54632722,0.80824259,0.62963484,-1.1884379,2.3
31,4200,2.100000,19,1.5114318,1.3296437,0.57798833,0.16923664,0.02956226,-0.020704292,0.0093902771,0.074320994,-0.21442596,-0.16928812,0.58688851,-0.65205003,-0.47999232,2.0714423,-0.83794439,2.3
31,4200,2.100000,20,1.5114318,0.97031259,0.21890828,0.94511672,0.031888394,0.043063489,0.0050556431,-0.076037967,0.066273179,0.084881112,-0.77078393,-0.46872487,0.43149638,1.1246455,-2.595228,2.3
31,4200,2.100000,21,1.5114318,0.94087742,0.53126984,1.3429838,-0.058430416,-0.03798629,0.035239394,0.24324734,0.016048527,0.13184031,0.45668049,0.87759705,-0.14582985,1.7171481,1.0909811,2.3
31,4200,2.100000,22,1.5114318,1.2816238,0.2061159,1.3132712,-0.045957282,0.0097142039,-0.032277885,-0.20971823,-0.18799181,0.36133734,-0.73543513,-0.65483555,0.17414237,1.3957616,-2.4141037,2.3
31,4200,2.100000,23,1.5114318,1.3347023,0.6026658,0.9306197,0.011823253,0.072796889,0.046425464,0.052984558,0.018546049,0.0024942337,-0.39058267,-0.6836671,0.61647748,0.90653527,-2.0898495,2.3
31,4200,2.100000,24,1.5114318,0.94837667,0.95709365,0.19918665,0.0030466221,-0.028097946,0.029993593,0.12132025,0.10599304,-0.030548009,0.70285008,0.089259752,0.70571556,0.78736371,0.12632065,2.3
31,4200,2.100000,25,1.5114318,0.96266939,1.317937,0.57254936,0.031116093,0.00694482,-0.035547758,-0.19955957,-0.13678669,0.053746503,0.48781248,0.80714365,-0.3325028,1.9097525,1.0271706,2.3
31,4200,2.100000,26,1.5114318,1.3238825,0.96114689,0.56141693,0.042283598,0.0068910841,0.02366839,0.012024022,0.095750644,0.140734,0.027729746,-0.85962398,-0.51017416,2.1061836,-1.5385495,2.3
31,4200,2.100000,27,1.5114318,1.3361546,1.2963835,0.17945415,0.014850553,-0.057912915,-0.033760057,0.3464587,-0.11815649,-0.099564285,-0.21912681,0.81266562,0.53996114,1.0004054,1.8341722,2.3
31,4200,2.100000,28,1.5114318,0.92250874,0.94141423,0.95560506,-0.048409714,-0.012164632,-0.032838207,-0.043683383,-0.18383625,0.22696749,0.86395896,-0.15068745,-0.48048747,2.0720068,-0.17267805,2.3
31,4200,2.100000,29,1.5114318,0.93283512,1.286552,1.3301658,-0.019616881,-0.061121179,-0.0039175317,0.03586585,0.086759434,0.20788418,-0.3379026,-0.83790526,-0.42864509,2.0137889,-1.954119,2.3
31,4200,2.100000,30,1.5114318,1.3034725,0.93888503,1.25958,-0.048910367,-0.015769101,-0.068340515,-0.11022637,-0.017935213,0.054788863,0.56639122,0.55410814,-0.61005341,2.2269243,0.77443646,2.3
31,4200,2.100000,31,1.5114318,1.324958,1.335786,0.93100258,0.034368668,0.0044730893,-0.031163013,-0.13101537,0.014096421,0.019605013,0.64858127,-0.73014139,-0.21502532,1.7875141,-0.84448559,2.3
32,4300,2.150000,0,1.5041556,0.21122758,0.16631536,0.21206349,0.048542782,-0.025686848,0.0053808261,-0.12312509,0.088889643,-0.049016508,0.5627187,0.42823085,0.70708274,0.78543216,0.65050618,2.3
32,4300,2.150000,1,1.5041556,0.19652209,0.5628288,0.54746202,0.042661887,-0.033466783,0.046851187,-0.14697514,-0.12268003,-0.27540742,-0.6236853,0.51814741,-0.58526909,2.1960082,2.4483611,2.3
32,4300,2.150000,2,1.5041556,0.59022921,0.17616064,0.59544176,0.020172521,0.012282622,0.0084991524,-0.0050647521,0.0077549125,0.037038167,-0.80787887,-0.34115721,0.4805658,1.0694965,-2.7420217,2.3
32,4300,2.150000,3,1.5041556,0.54900785,0.57053911,0.17913727,-0.02434129,0.034147391,-0.048583673,-0.046667055,0.043161822,0.037332952,0.90127987,0.20677157,0.38071001,1.1802323,0.22551739,2.3
32,4300,2.150000,4,1.5041556,0.20064016,0.18376445,0.9742013,0.055270075,0.069387471,0.067787074,-0.018631153,-0.017286376,0.042548938,-0.21599073,-0.97591953,0.030480796,1.5403108,-1.7886056,2.3
32,4300,2.150000,5,1.5041556,0.16491056,0.5891073,1.2808005,-0.005221748,0.048838541,0.042925967,-0.1610314,0.17452119,0.0412278,0.20445163,-0.9772857,-0.055787039,1.6266123,-1.3645671,2.3
32,4300,2.150000,6,1.5041556,0.54230473,0.17273061,1.35364,-0.019059716,-0.048393631,-0.053969257,0.1490328,-0.04881372,-0.10133901,0.037267981,0.25820539,-0.96537095,2.8776579,1.4274516,2.3
32,4300,2.150000,7,1.5041556,0.58415953,0.57004944,0.97033683,-0.039568929,0.0010483948,0.004837906,0.099564584,0.18278806,-0.052288749,-0.30921517,0.14889825,-0.93926316,2.7912733,2.692825,2.3
32,4300,2.150000,8,1.5041556,0.15854617,0.94067399,0.16426433,-0.073879177,-0.00094535339,-0.01235496,0.31403738,0.03640381,-0.062457424,-0.46692773,-0.42200311,-0.77710481,2.4608488,-2.4066893,2.3
32,4300,2.150000,9,1.5041556,0.17748277,1.3423392,0.54379823,-0.018788114,0.040653517,0.01786722,-0.061786282,-0.1303371,0.10289469,0.63268678,-0.62757055,-0.45372088,2.0417327,-0.78133852,2.3
32,4300,2.150000,10,1.5041556,0.59355514,0.92269435,0.55145892,0.0053040231,0.025512454,0.0071759023,0.081832841,-0.10157657,-0.0071996796,0.050975872,0.96310388,-0.26425815,1.838231,1.5179169,2.3
32,4300,2.150000,11,1.5041556,0.55326144,1.2965347,0.20048964,-0.030542116,0.025728542,-0.01282254,0.042701174,0.24733477,-0.41185339,-0.1031289,-0.13086391,-0.98602184,2.9741958,-2.2382156,2.3
32,4300,2.150000,12,1.5041556,0.19737444,0.9274987,0.8895379,0.0095579716,-0.043766566,-0.011932042,-0.23066637,-0.0088581236,-0.17127829,0.20272843,-0.40633633,0.89095004,0.4713633,-1.1080148,2.3
32,4300,2.150000,13,1.5041556,0.193448,1.3158672,1.3004201,0.0033390899,-0.0023662473,-0.033502827,-0.06989026,0.054428198,-0.16298811,-0.057563289,0.20208412,0.97767504,0.21170039,1.848295,2.3
32,4300,2.150000,14,1.5041556,0.54044678,0.9323906,1.3327384,-0.020287676,0.0059411762,0.021283932,-0.11582056,0.038683784,-0.13940573,0.26017538,-0.84752254,0.46261682,1.0898517,-1.2729451,2.3
32,4300,2.150000,15,1.5041556,0.57450375,1.3099867,0.94680171,0.018215652,-0.028780515,-0.054950507,-0.42254611,-0.081099454,-0.11433291,-0.17949699,-0.93104455,-0.31770565,1.8941051,-1.7612506,2.3
32,4300,2.150000,16,1.5041556,0.89958103,0.14956154,0.19565874,-0.02660859,-0.018286312,-0.0016075669,0.21835317,-0.085352957,0.24663229,-0.69712265,0.55987684,-0.44783695,2.035141,2.4649489,2.3
32,4300,2.150000,17,1.5041556,0.95945606,0.59222369,0.57049981,0.011077969,0.035384926,-0.0089436936,0.23118283,0.0029827325,0.017657763,-0.57808664,-0.27369771,-0.76870371,2.4476083,-2.6994061,2.3
32,4300,2.150000,18,1.5041556,1.334591,0.24495452,0.56497862,0.061967135,0.010151639,0.049644027,0.1169294,0.038582554,-0.040241781,0.21677397,-0.47512042,0.85280105,0.54947072,-1.1427566,2.3
32,4300,2.150000,19,1.5041556,1.3255214,0.56410603,0.15926997,0.031846513,-0.031830932,0.00021620141,-0.0088862344,-0.23658194,-0.19143703,0.68866207,-0.53195795,-0.49271219,2.0860001,-0.65771582,2.3
32,4300,2.150000,20,1.5041556,0.95980525,0.22336512,0.94574404,0.026038137,0.048587513,0.010245388,-0.12063027,0.12261101,0.11615857,-0.67601548,-0.53726093,0.50433498,1.0421847,-2.4700633,2.3
32,4300,2.150000,21,1.5041556,0.94696551,0.53249947,1.3441355,-0.047787153,-0.034189906,0.04287487,0.19068855,0.09385161,0.18653844,0.58339119,0.78101097,-0.22288243,1.7955666,0.92923771,2.3
32,4300,2.150000,22,1.5041556,1.2694889,0.19482562,1.3249132,-0.051936702,-0.00060871799,-0.014270209,0.00097101006,-0.24258647,0.31533137,-0.69481493,-0.64507407,0.31798059,1.2471976,-2.3933006,2.3
32,4300,2.150000,23,1.5041556,1.3333924,0.59756149,0.92732211,0.016951067,0.070588556,0.047610845,0.13465741,-0.096239576,0.02410915,-0.39479348,-0.72932885,0.55876429,0.97790129,-2.0669438,2.3
32,4300,2.150000,24,1.5041556,0.94871765,0.95693116,0.19535537,0.0079650684,-0.023642125,0.027114271,0.086422523,0.08725254,-0.061118603,0.72108189,0.073858901,0.68890186,0.81082335,0.10207193,2.3
32,4300,2.150000,25,1.5041556,0.94899587,1.3053032,0.57454558,0.022055111,0.00064059979,-0.03078373,-0.16010415,-0.14511428,0.12805136,0.46285952,0.81623483,-0.3457192,1.9238015,1.0549446,2.3
32,4300,2.150000,26,1.5041556,1.3178566,0.96281138,0.56189487,0.042631824,0.01319787,0.026856749,0.010062698,0.13048549,-0.034632735,0.15058497,-0.86930087,-0.47078675,2.0609787,-1.3992731,2.3
32,4300,2.150000,27,1.5041556,1.3439018,1.2859431,0.17659424,0.029064449,-0.062122501,-0.035760879,0.20985458,-0.034569165,-0.0031198347,-0.1417585,0.70815579,0.69167905,0.80698496,1.7683648,2.3
32,4300,2.150000,28,1.5041556,0.91514613,0.9255916,0.95966882,-0.051338323,-0.023482491,-0.024153096,-0.072874748,-0.18773825,0.08496404,0.75146655,0.13193382,-0.64644528,2.2737124,0.17379717,2.3
32,4300,2.150000,29,1.5041556,0.9310541,1.283705,1.3335189,-0.016900568,-0.05776645,0.0058626965,0.055912445,0.049746255,0.15032679,-0.37151937,-0.86599701,-0.33469768,1.9120807,-1.9760566,2.3
32,4300,2.150000,30,1.5041556,1.2934467,0.9369797,1.2608226,-0.052670234,-0.013148208,-0.06101647,-0.030626223,0.099714403,0.25136549,0.42698973,0.6298253,-0.64884503,2.2768619,0.97502317,2.3
32,4300,2.150000,31,1.5041556,1.3102825,1.3307681,0.92947209,0.026051647,0.0058892499,-0.028204411,-0.15377916,0.039655376,0.10022391,0.71520472,-0.6800724,-0.16119473,1.7326974,-0.76022403,2.3
33,4400,2.200000,0,1.4954184,0.20369653,0.16842945,0.20735353,0.042220267,-0.022597688,0.001892524,-0.12963317,0.041653566,-0.044307628,0.69837906,0.44322795,0.56197479,0.974025,0.56551027,2.3
33,4400,2.200000,1,1.4954184,0.19059022,0.5563353,0.53343914,0.037857558,-0.036700401,0.035976672,-0.017626298,-0.027862338,-0.17782074,-0.51568988,0.56527209,-0.64384114,2.2703041,2.310358,2.3
33,4400,2.200000,2,1.4954184,0.58733538,0.17871308,0.59652568,0.020708716,0.015868778,0.01305509,0.0059567176,0.12118134,0.13599072,-0.75269992,-0.39114807,0.52957154,1.0127009,-2.662341,2.3
33,4400,2.200000,3,1.4954184,0.5424797,0.56865635,0.18042609,-0.02769017,0.0355829,-0.046247493,-0.089027194,0.020555302,0.023932515,0.8587879,0.3121206,0.40628079,1.1524162,0.34860037,2.3
33,4400,2.200000,4,1.4954184,0.19748196,0.18332344,0.96408525,0.053271509,0.070015724,0.063316847,-0.1017158,0.01609,-0.17630727,-0.18540635,-0.97997035,-0.072681458,1.6435419,-1.7577821,2.3
33,4400,2.200000,5,1.4954184,0.1589909,0.59183012,1.2758399,-0.010197982,0.05500126,0.045412327,-0.057472911,0.054262137,0.040424725,0.34309221,-0.93234143,0.11413669,1.4564104,-1.2181856,2.3
33,4400,2.200000,6,1.4954184,0.54390969,0.16835216,1.3354802,-0.014290788,-0.051778604,-0.064296276,0.085367208,-0.025207336,-0.30057016,-0.038640854,0.32773433,-0.94397939,2.8052844,1.6881575,2.3
33,4400,2.200000,7,1.4954184,0.5845047,0.57317311,0.9622364,-0.035819633,0.0075021135,0.0023666715,0.010734512,0.097920448,-0.086322206,-0.30064055,0.31444918,-0.90040934,2.6915058,2.3337485,2.3
33,4400,2.200000,8,1.4954184,0.17653718,0.93641899,0.16097841,-0.054911971,0.00026726803,-0.014693522,0.44242541,0.015229294,-0.0080295254,-0.54564681,-0.4228579,-0.72350588,2.3796639,-2.4823036,2.3
33,4400,2.200000,9,1.4954184,0.17252485,1.3267816,0.54839732,-0.022726567,0.032870421,0.025647738,-0.055632002,-0.16911056,0.15048625,0.62917231,-0.69257969,-0.35281096,1.9313699,-0.83333364,2.3
33,4400,2.200000,10,1.4954184,0.59158748,0.91049611,0.54807704,0.0067884698,0.018653887,0.0069967646,-0.04696071,-0.12388558,0.024644516,-0.056140458,0.99842052,0.0021717069,1.5686246,1.6269664,2.3
33,4400,2.200000,11,1.4954184,0.55210143,1.3006356,0.18158757,-0.028482396,0.037394624,-0.03061184,0.049434479,0.19354093,-0.31938154,-0.0037791394,-0.064633625,-0.99790191,3.0768033,-1.6292,2.3
33,4400,2.200000,12,1.4954184,0.1879658,0.92470486,0.8748767,0.001271681,-0.041165272,-0.021453916,-0.0771998,0.13271848,-0.18011853,0.24838726,-0.58230444,0.77409644,0.68550975,-1.1676058,2.3
33,4400,2.200000,13,1.4954184,0.18640286,1.3091167,1.2855539,-0.0025996618,-0.0014707406,-0.040836604,-0.096180602,-0.037400976,-0.11314177,0.12878587,0.35478451,0.92603572,0.38702582,1.2225897,2.3
33,4400,2.200000,14,1.4954184,0.53117777,0.92440101,1.3180656,-0.026435295,0.0033600396,0.014332371,-0.10772503,-0.088917438,-0.12668294,0.34567632,-0.82435153,0.44827719,1.1059592,-1.173737,2.3
33,4400,2.200000,15,1.4954184,0.54948446,1.29621,0.93586256,-0.0035298597,-0.034965944,-0.060405868,-0.46982695,-0.15276431,-0.080774449,0.077391785,-0.97472331,-0.20958285,1.7819446,-1.4915638,2.3
33,4400,2.200000,16,1.4954184,0.90679794,0.14710167,0.20939948,-0.014129935,-0.019882075,0.013313147,0.24441676,-0.01827838,0.27637718,-0.7359055,0.56798148,-0.36856498,1.9482612,2.4842767,2.3
33,4400,2.200000,17,1.4954184,0.96520344,0.58647338,0.56652759,0.02243161,0.033067921,-0.0096039691,0.21894226,-0.077541123,-0.067847377,-0.52705849,-0.36174999,-0.76899044,2.4480567,-2.5400822,2.3
33,4400,2.200000,18,1.4954184,1.3322861,0.24491408,0.56018541,0.067430405,0.0115381,0.048128193,0.067541964,0.020908591,0.0026244207,0.23704686,-0.3613731,0.90178616,0.44691159,-0.99024162,2.3
33,4400,2.200000,19,1.4954184,1.3169187,0.54828724,0.15022457,0.030940733,-0.044409639,-0.0079277756,-0.027647747,-0.24593597,-0.11630206,0.76268952,-0.4444212,-0.46988774,2.0599599,-0.52760375,2.3
33,4400,2.200000,20,1.4954184,0.94592256,0.22692696,0.94346573,0.017706403,0.053461007,0.01347001,-0.18640753,0.07933985,0.033614412,-0.5594659,-0.58137091,0.5907671,0.93878707,-2.336996,2.3
33,4400,2.200000,21,1.4954184,0.94836148,0.53551795,1.3455756,-0.040870402,-0.028060445,0.052149607,0.082092384,0.15041963,0.16737495,0.62520659,0.68197188,-0.37951425,1.9600675,0.82879671,2.3
33,4400,2.200000,22,1.4954184,1.2679296,0.18018407,1.3316619,-0.046104947,-0.014158053,0.00021666895,0.22367544,-0.2526382,0.2700524,-0.58113528,-0.61947019,0.52776744,1.0148264,-2.3242757,2.3
33,4400,2.200000,23,1.4954184,1.3328675,0.58856907,0.92138551,0.024192547,0.065051062,0.047059181,0.10470951,-0.15171591,0.0001707103,-0.40189609,-0.74842417,0.52758014,1.0150468,-2.063596,2.3
33,4400,2.200000,24,1.4954184,0.94662408,0.95522396,0.19370617,0.011392294,-0.019779543,0.026598326,0.061863278,0.037760412,0.034319354,0.76699749,0.086442119,0.63580077,0.88175079,0.11222839,2.3
33,4400,2.200000,25,1.4954184,0.93510867,1.295762,0.58094722,0.013655877,-0.0013242907,-0.021016274,-0.16629637,0.010417878,0.26904017,0.43552774,0.8486104,-0.30029314,1.8757963,1.0966251,2.3
33,4400,2.200000,26,1.4954184,1.3122269,0.96390768,0.55364373,0.044663056,0.019906391,0.021854922,0.039740209,0.12054352,-0.15511784,0.29534575,-0.85128236,-0.43369255,2.0193831,-1.2368482,2.3
33,4400,2.200000,27,1.4954184,1.3427608,1.2792948,0.17563953,0.035749263,-0.061298753,-0.035689598,0.075000395,0.051012923,0.0017878035,-0.052776064,0.55034633,0.83326682,0.58580585,1.6664001,2.3
33,4400,2.200000,28,1.4954184,0.90830544,0.91383979,0.95757179,-0.052867656,-0.029876448,-0.020665542,0.023978123,-0.075668047,0.043112719,0.53082725,0.30114196,-0.79217166,2.4851555,0.51603349,2.3
33,4400,2.200000,29,1.4954184,0.92792187,1.2781936,1.3305125,-0.014617929,-0.055815526,0.010616185,0.038646244,-0.0012644185,0.01118667,-0.43589029,-0.85189721,-0.29029433,1.8653307,-2.0437363,2.3
33,4400,2.200000,30,1.4954184,1.2858891,0.93869374,1.2682113,-0.052714655,-0.0059706299,-0.046261095,0.022044942,0.17121623,0.33045548,0.33198067,0.68974073,-0.6434645,2.269812,1.1222104,2.3
33,4400,2.200000,31,1.4954184,1.294083,1.3263822,0.92963839,0.01743806,0.0092431292,-0.02262283,-0.18086416,0.12366611,0.11998272,0.76040045,-0.6025865,-0.24224093,1.8154712,-0.67012608,2.3
34,4500,2.250000,0,1.4941695,0.19677727,0.16930935,0.20364928,0.03546831,-0.021576697,-0.0016400288,-0.13467595,0.016260823,-0.062887285,0.78116462,0.40155875,0.47805063,1.0723624,0.47482542,2.3
34,4500,2.250000,1,1.4941695,0.19311797,0.55598312,0.52659932,0.04054561,-0.036587901,0.029579687,0.14531214,0.015023802,-0.042133202,-0.44259167,0.61112352,-0.65623216,2.2866107,2.1975971,2.3
34,4500,2.250000,2,1.4941695,0.58539858,0.18635974,0.60084547,0.019261832,0.023667946,0.017875083,-0.049353385,0.16313529,0.059893579,-0.65374602,-0.47924261,0.58561306,0.94516017,-2.5090141,2.3
34,4500,2.250000,3,1.4941695,0.53683795,0.56312304,0.17992176,-0.032881033,0.030522391,-0.046601285,-0.15192428,-0.20021147,-0.0067806587,0.78504084,0.33061421,0.52383692,1.0194472,0.39859894,2.3
34,4500,2.250000,4,1.4941695,0.18913669,0.18604194,0.95326325,0.045087745,0.072888527,0.05329582,-0.1937878,0.072662697,-0.2321676,-0.20717054,-0.96218976,-0.17683674,1.7485679,-1.7828702,2.3
34,4500,2.250000,5,1.4941695,0.16025324,0.59005345,1.2778122,-0.0088022783,0.053718327,0.048451471,0.12159355,-0.098569984,0.053169234,0.43350369,-0.86379927,0.25675938,1.3111287,-1.1056642,2.3
34,4500,2.250000,6,1.4941695,0.5472691,0.17064288,1.3181681,-0.010475534,-0.049346272,-0.080499813,0.062757884,0.11317007,-0.378393,-0.098334445,0.39801219,-0.91209464,2.7191608,1.8130097,2.3
34,4500,2.250000,7,1.4941695,0.58178991,0.57581089,0.95607037,-0.038047201,0.010619885,-0.0029979852,-0.10282355,0.027341422,-0.13459976,-0.20163795,0.37567268,-0.90455081,2.7011213,2.0634009,2.3
34,4500,2.250000,8,1.4941695,0.19840115,0.93487715,0.16298463,-0.032891365,-0.00049283298,-0.012551971,0.40923847,-0.038985255,0.020181625,-0.61561872,-0.38810876,-0.68584632,2.3265623,-2.5790932,2.3
34,4500,2.250000,9,1.4941695,0.17037361,1.3202071,0.55650856,-0.024734555,0.027401755,0.034220557,-0.0022914195,0.00028749285,0.16666622,0.57469643,-0.77444093,-0.26450948,1.8384916,-0.9323839,2.3
34,4500,2.250000,10,1.4941695,0.58463986,0.90545064,0.5460383,0.0003322249,0.014367037,0.0054150916,-0.16642892,-0.032603114,-0.041076962,-0.18795511,0.9681011,0.16568988,1.4043388,1.7625589,2.3
34,4500,2.250000,11,1.4941695,0.55413088,1.3059609,0.17361601,-0.025990822,0.043808845,-0.038435018,0.054524105,0.06915214,-0.048357712,0.056751897,-0.11196498,-0.99209025,3.015734,-1.1016664,2.3
34,4500,2.250000,12,1.4941695,0.18871893,0.93304777,0.86768039,0.0021821792,-0.032046275,-0.027922272,0.10079962,0.18941541,-0.018547675,0.21673538,-0.7211078,0.65804963,0.85257073,-1.2788268,2.3
34,4500,2.250000,13,1.4941695,0.17799713,1.3058572,1.2818133,-0.010853165,-0.003637832,-0.043504744,-0.24943343,-0.052733357,-0.02053146,0.30119133,0.48795411,0.81925855,0.61067953,1.017787,2.3
34,4500,2.250000,14,1.4941695,0.52606268,0.9173799,1.3081163,-0.031108726,-0.002891666,0.0054802252,-0.068863438,-0.15186182,-0.18004493,0.44638178,-0.79158019,0.41730577,1.1403177,-1.0573347,2.3
34,4500,2.250000,15,1.4941695,0.52901903,1.2863732,0.93267454,-0.023544741,-0.043723911,-0.0628133,-0.32904772,-0.16302629,-0.025173683,0.28176065,-0.9510468,-0.12696819,1.6981082,-1.2827708,2.3
34,4500,2.250000,16,1.4941695,0.91826844,0.14873854,0.22073064,-0.0018970066,-0.018121623,0.024824006,0.24993658,0.029901363,0.1762186,-0.79101586,0.57047015,-0.22103782,1.7936748,2.5167885,2.3
34,4500,2.250000,17,1.4941695,0.97609687,0.58136323,0.55938012,0.034136032,0.028445633,-0.016281097,0.24589555,-0.0978019,-0.17109889,-0.43384321,-0.56654477,-0.70057626,2.3470011,-2.2243143,2.3
34,4500,2.250000,18,1.4941695,1.3337638,0.24209925,0.56126402,0.070021862,0.0089267266,0.049675289,0.036562725,-0.14795397,0.058289517,0.24782801,-0.22518696,0.94226966,0.34145137,-0.73756926,2.3
34,4500,2.250000,19,1.4941695,1.3144895,0.54169717,0.14425864,0.029610838,-0.050544366,-0.013770678,-0.036945384,-0.026759347,-0.082456741,0.77855322,-0.40951555,-0.4755543,2.0663904,-0.48422714,2.3
34,4500,2.250000,20,1.4941695,0.93783846,0.22763839,0.94685063,0.010409247,0.054362334,0.0176446,-0.097428368,-0.013960827,0.1208493,-0.4333417,-0.58634635,0.68440699,0.81700629,-2.2072552,2.3
34,4500,2.250000,21,1.4941695,0.94763715,0.54016367,1.3507466,-0.040802666,-0.022965352,0.058446978,-0.053119421,0.092400514,0.071005239,0.60291939,0.53490643,-0.59191495,2.204229,0.72569471,2.3
34,4500,2.250000,22,1.4941695,1.2824337,0.17036764,1.3405923,-0.030535453,-0.023828044,0.010263409,0.35407006,-0.13458686,0.084291289,-0.39545959,-0.5545076,0.73221106,0.7492336,-2.1903083,2.3
34,4500,2.250000,23,1.4941695,1.3357123,0.5798468,0.92259215,0.02815221,0.056816896,0.04903614,0.034050844,-0.14721967,0.065973304,-0.36084564,-0.75559813,0.54668262,0.99239904,-2.0163337,2.3
34,4500,2.250000,24,1.4941695,0.94657937,0.95272399,0.19582474,0.012138469,-0.021482464,0.028879623,-0.034132022,-0.067662254,0.026415634,0.79983815,0.16346517,0.57752756,0.95509947,0.20159663,2.3
34,4500,2.250000,25,1.4941695,0.92682066,1.2989562,0.5942059,0.006145699,0.0029539201,-0.0072666675,-0.085038095,0.14225913,0.29043688,0.49773894,0.84828155,-0.18076051,1.752556,1.0401679,2.3
34,4500,2.250000,26,1.4941695,1.3141546,0.96960293,0.54458215,0.047687995,0.02640937,0.013252128,0.10600898,0.081492081,-0.16414819,0.46941519,-0.77406225,-0.42482587,2.0095659,-1.0256617,2.3
34,4500,2.250000,27,1.4941695,1.3414219,1.2829608,0.17544379,0.035531667,-0.056562363,-0.035738671,-0.085401099,0.13082359,0.050222255,0.033082843,0.3897799,0.92031362,0.40191487,1.4861236,2.3
34,4500,2.250000,28,1.4941695,0.91316175,0.91138705,0.95760003,-0.047250421,-0.031566686,-0.019837232,0.17075395,-0.033393306,-0.015056446,0.28067627,0.27454383,-0.91969915,2.7381099,0.77435355,2.3
34,4500,2.250000,29,1.4941695,0.9264806,1.2760723,1.3281007,-0.015284519,-0.056869841,0.0093149764,-0.066998567,-0.0061376244,-0.072455021,-0.48137674,-0.81047716,-0.33377121,1.9110977,-2.1067498,2.3
34,4500,2.250000,30,1.4941695,1.2864075,0.94700524,1.2831559,-0.051121721,0.0031286375,-0.030250598,0.00082615576,0.16092029,0.27084132,0.33254758,0.70979387,-0.62097083,2.240777,1.1326542,2.3
34,4500,2.250000,31,1.4941695,1.2849321,1.3297427,0.93601263,0.0093645701,0.013713204,-0.015469203,-0.15963754,0.09447176,0.17454676,0.73834694,-0.50816049,-0.44341483,2.0302013,-0.60279021,2.3
35,4600,2.300000,0,1.4923879,0.18919974,0.17000127,0.19950831,0.028121028,-0.020682361,-0.0055405065,-0.091043645,0.008553614,-0.07679316,0.81415746,0.26814716,0.51501916,1.0297663,0.31816616,2.3
35,4600,2.300000,1,1.4923879,0.20336553,0.55505483,0.5250783,0.051029689,-0.03685341,0.028686037,0.22659185,0.025443698,0.058884111,-0.44440023,0.60060135,-0.66467018,2.2978486,2.2078185,2.3
35,4600,2.300000,2,1.4923879,0.58067163,0.19397856,0.60442772,0.015230492,0.031513659,0.022176332,-0.12343477,0.14308273,0.07661506,-0.52203458,-0.58044879,0.62494728,0.89573233,-2.3032598,2.3
35,4600,2.300000,3,1.4923879,0.52781287,0.55063758,0.1767407,-0.041271012,0.018701334,-0.049569575,-0.16920368,-0.27345128,-0.076770039,0.71757805,0.31874806,0.61925877,0.90299799,0.41802006,2.3
35,4600,2.300000,4,1.4923879,0.17832658,0.19171371,0.9411493,0.034496838,0.078785641,0.042311966,-0.20924227,0.1314567,-0.16805977,-0.27812106,-0.91397772,-0.29545457,1.8707276,-1.866191,2.3
35,4600,2.300000,5,1.4923879,0.17065564,0.5823182,1.2808554,0.001797519,0.046682448,0.053020981,0.28384389,-0.14396124,0.13385345,0.51319924,-0.79161677,0.3316164,1.2327799,-0.99562237,2.3
35,4600,2.300000,6,1.4923879,0.55220814,0.17887182,1.2964791,-0.0048806045,-0.040908829,-0.10062901,0.18001307,0.20726534,-0.35979079,-0.16571203,0.4415332,-0.88180948,2.6504817,1.9298391,2.3
35,4600,2.300000,7,1.4923879,0.57657464,0.5739945,0.94804253,-0.042571454,0.0094894062,-0.0098899353,-0.075611104,-0.075840872,-0.17488158,-0.018408364,0.3133698,-0.94945274,2.8222842,1.6294722,2.3
35,4600,2.300000,8,1.4923879,0.21481058,0.93340575,0.16504688,-0.016235426,-0.00084972579,-0.010294034,0.23606277,0.040950687,0.0500666,-0.67324579,-0.28180904,-0.68361083,2.323495,-2.7451701,2.3
35,4600,2.300000,9,1.4923879,0.17465377,1.3242033,0.56297193,-0.020248578,0.032975424,0.041351747,0.18280816,0.20683668,0.11194338,0.58229725,-0.77514536,-0.24511137,1.8184309,-0.92652102,2.3
35,4600,2.300000,10,1.4923879,0.57552971,0.90482976,0.54697521,-0.008085838,0.01482607,0.0070040275,-0.18687564,0.043801189,0.049182594,-0.26660615,0.95599058,0.12248743,1.4480005,1.8427657,2.3
35,4600,2.300000,11,1.4923879,0.55749518,1.3088937,0.17437199,-0.021963386,0.048301506,-0.037471448,0.10752884,0.071553436,0.099597868,0.13985145,-0.27731575,-0.95054592,2.8257852,-1.1037114,2.3
35,4600,2.300000,12,1.4923879,0.19502061,0.93513539,0.86764106,0.008712773,-0.028844195,-0.026926403,0.11428435,-0.07267925,0.088977006,0.19629948,-0.78780675,0.58380394,0.94739022,-1.326597,2.3
35,4600,2.300000,13,1.4923879,0.1637565,1.3018583,1.280735,-0.024889926,-0.0060811031,-0.043054329,-0.26202428,-0.026623369,0.027722414,0.44017384,0.6315653,0.63825721,0.87856408,0.96211559,2.3
35,4600,2.300000,14,1.4923879,0.52617674,0.90833538,1.2987179,-0.030366958,-0.010847065,-0.0023630837,0.066966812,-0.21762892,-0.14238607,0.54815335,-0.73968059,0.3903851,1.1697465,-0.93303649,2.3
35,4600,2.300000,15,1.4923879,0.51524967,1.2773288,0.93210816,-0.036691159,-0.051238875,-0.062267254,-0.19101574,-0.13037506,-0.012500832,0.43326304,-0.89968697,-0.053352587,1.6241743,-1.1220004,2.3
35,4600,2.300000,16,1.4923879,0.92968367,0.1461693,0.22843809,0.010620618,-0.020514933,0.032799409,0.25851877,-0.071730054,0.09699045,-0.84751598,0.52222212,-0.094872121,1.6658113,2.5893612,2.3
35,4600,2.300000,17,1.4923879,0.98699156,0.57634112,0.54790017,0.046201791,0.024114142,-0.027100504,0.2197103,-0.075080301,-0.24691106,-0.2861698,-0.79112569,-0.54058024,2.141923,-1.917878,2.3
35,4600,2.300000,18,1.4923879,1.3310567,0.23200669,0.56288001,0.068904468,-0.00088301536,0.051961877,-0.065885076,-0.22074146,0.03415238,0.19906369,-0.075355841,0.97708502,0.21449023,-0.3618806,2.3
35,4600,2.300000,19,1.4923879,1.3131663,0.5430196,0.1458352,0.029855093,-0.04857485,-0.012021068,0.091335666,0.098945972,0.13914801,0.76432229,-0.41241757,-0.49570474,2.0894424,-0.49481264,2.3
35,4600,2.300000,20,1.4923879,0.93335905,0.22650844,0.95049934,0.0070460832,0.053503301,0.022425161,-0.06827718,-0.032785509,0.027347898,-0.31573936,-0.54599206,0.77601632,0.68247145,-2.0950963,2.3
35,4600,2.300000,21,1.4923879,0.94141129,0.54389343,1.3484315,-0.045901628,-0.018588906,0.057742098,-0.15904058,0.043094958,-0.080988962,0.54367381,0.3853454,-0.7456056,2.4122395,0.61659465,2.3
35,4600,2.300000,22,1.4923879,1.2963436,0.16503387,1.3397636,-0.015087126,-0.028961733,0.011033716,0.26340463,-0.037266583,-0.060345559,-0.28715236,-0.42676481,0.8575636,0.54028212,-2.1630734,2.3
35,4600,2.300000,23,1.4923879,1.3312802,0.57201571,0.92415109,0.025311075,0.049672939,0.051696752,-0.12376179,-0.10529641,0.028748333,-0.28883815,-0.6981551,0.65509692,0.85648543,-1.9630709,2.3
35,4600,2.300000,24,1.4923879,0.93713692,0.94683963,0.19431698,0.0038197453,-0.026233652,0.027604605,-0.28937036,-0.1151401,-0.050565812,0.81595692,0.26013335,0.51627991,1.0282949,0.30862103,2.3
35,4600,2.300000,25,1.4923879,0.92087256,1.3058072,0.60806365,0.0012998259,0.011358716,0.0073083006,-0.13630793,0.22340952,0.32737422,0.59103108,0.8048956,-0.053153916,1.6239753,0.9374222,2.3
35,4600,2.300000,26,1.4923879,1.317464,0.97021694,0.53710344,0.052567209,0.028180573,0.0064186903,0.14277633,0.037745988,-0.12796741,0.61472385,-0.64374355,-0.45575085,2.0440119,-0.80845363,2.3
35,4600,2.300000,27,1.4923879,1.3352792,1.2877258,0.17962488,0.030985736,-0.050263884,-0.031345766,-0.088049841,0.15361991,0.10692457,0.019737326,0.28459017,0.95844607,0.28929206,1.5015537,2.3
35,4600,2.300000,28,1.4923879,0.92281983,0.91048509,0.95353812,-0.036497099,-0.031381819,-0.022759064,0.23995833,0.014327709,-0.10816817,0.11283421,0.15987118,-0.98066796,2.9446426,0.95620031,2.3
35,4600,2.300000,29,1.4923879,0.91932609,1.2769377,1.3206887,-0.021337924,-0.054481432,0.0034830914,-0.18042434,0.044156286,-0.12030377,-0.51005748,-0.76972351,-0.3838842,1.9647955,-2.1560132,2.3
35,4600,2.300000,30,1.4923879,1.2852488,0.95151971,1.2934306,-0.050746306,0.0087756627,-0.01843886,-0.020690281,0.036912791,0.20069141,0.35906945,0.70899959,-0.60695034,2.223014,1.1020059,2.3
35,4600,2.300000,31,1.4923879,1.2748326,1.3333596,0.94310443,0.00079206479,0.018918805,-0.0072564264,-0.17814486,0.077030662,0.16775725,0.66246758,-0.37450983,-0.64875195,2.2767396,-0.51453326,2.3
36,4700,2.350000,0,1.4906013,0.18872544,0.16795797,0.19804136,0.027873079,-0.022523254,-0.0067693511,0.043987888,-0.03379951,-0.011547091,0.76475421,0.041469594,0.64298622,0.87240533,0.054172986,2.3
36,4700,2.350000,1,1.4906013,0.21325638,0.55339368,0.53062463,0.06117007,-0.037850694,0.034864646,0.156998,-0.069100729,0.15323261,-0.48111433,0.59903476,-0.64006747,2.2653824,2.2474546,2.3
36,4700,2.350000,2,1.4906013,0.57474491,0.20060289,0.60424452,0.0099957656,0.038374308,0.022717029,-0.084282046,0.093362319,-0.047230966,-0.36597631,-0.65648524,0.65961236,0.85049343,-2.0793629,2.3
36,4700,2.350000,3,1.4906013,0.5217112,0.53776704,0.17291691,-0.046744106,0.0064826514,-0.053183953,-0.054802882,-0.2247415,-0.0076216888,0.66766689,0.26299547,0.6964584,0.80034609,0.37523864,2.3
36,4700,2.350000,4,1.4906013,0.16975394,0.19950628,0.93413727,0.02613267,0.086812522,0.036423075,-0.14382993,0.2425697,-0.060071138,-0.38511426,-0.85315743,-0.3518656,1.9303597,-1.9948129,2.3
36,4700,2.350000,5,1.4906013,0.18372439,0.57242935,1.2856123,0.015078524,0.03748519,0.059315065,0.19821593,-0.22921397,0.11384749,0.55733356,-0.78641138,0.26633898,1.3012035,-0.95425204,2.3
36,4700,2.350000,6,1.4906013,0.55954228,0.18759471,1.2803064,0.0031193835,-0.031966449,-0.1152585,0.13987966,0.10972703,-0.17229722,-0.24538288,0.43718751,-0.86524813,2.6164414,2.0822555,2.3
36,4700,2.350000,7,1.4906013,0.57430819,0.56778979,0.93859849,-0.044148628,0.0039685209,-0.018204042,0.011907553,-0.12569939,-0.17254435,0.1567491,0.21713253,-0.96347454,2.8704838,0.94551967,2.3
36,4700,2.350000,8,1.4906013,0.22091341,0.93483939,0.16571224,-0.0098716379,0.0017028378,-0.0094305776,0.069450272,0.092321417,-0.016172489,-0.65304587,-0.15485272,-0.74131756,2.4058277,-2.908769,2.3
36,4700,2.350000,9,1.4906013,0.18531571,1.3359318,0.56284217,-0.0093710422,0.04629709,0.041896254,0.23998149,0.2517031,-0.062803674,0.65420331,-0.68443788,-0.32181178,1.8984388,-0.80798034,2.3
36,4700,2.350000,10,1.4906013,0.5674924,0.90784349,0.54961586,-0.01543858,0.018925436,0.010301443,-0.068782504,0.13713557,0.031607336,-0.35020043,0.93255826,-0.087719726,1.6586289,1.9300286,2.3
36,4700,2.350000,11,1.4906013,0.56473308,1.3112321,0.18265332,-0.014053363,0.052209145,-0.028976288,0.14643348,0.07783872,0.20551389,0.1889825,-0.50544377,-0.84190986,2.5716091,-1.2129955,2.3
36,4700,2.350000,12,1.4906013,0.19569507,0.92323616,0.87157461,0.0096212394,-0.039630432,-0.02195121,-0.036331603,-0.31160584,0.10116816,0.20628215,-0.79994721,0.56349989,0.97218005,-1.3184247,2.3
36,4700,2.350000,13,1.4906013,0.15332996,1.3013065,1.2789376,-0.035126564,-0.0050737804,-0.043318707,-0.10553628,0.05127708,-0.04877723,0.54427939,0.69740687,0.46624415,1.0857559,0.90810082,2.3
36,4700,2.350000,14,1.4906013,0.53102881,0.89867068,1.2913945,-0.024881708,-0.019429529,-0.0081352679,0.15379617,-0.16377799,-0.10767038,0.65575409,-0.67346301,0.3412245,1.2225771,-0.7987202,2.3
36,4700,2.350000,15,1.4906013,0.50815979,1.2711624,0.9306285,-0.043168102,-0.055878971,-0.062631288,-0.063845569,-0.068120919,0.031669231,0.57980009,-0.8136796,0.041920813,1.5288632,-0.95168676,2.3
36,4700,2.350000,16,1.4906013,0.93764497,0.14204853,0.23116714,0.019700293,-0.024463082,0.035803724,0.1312826,-0.10427632,0.021624489,-0.88414225,0.46120295,-0.074728293,1.6455943,2.6607842,2.3
36,4700,2.350000,17,1.4906013,0.99468899,0.57436142,0.53537058,0.055086079,0.022823611,-0.03898131,0.094955607,0.021483402,-0.21319391,-0.16395467,-0.91939135,-0.35754498,1.9364341,-1.7472708,2.3
36,4700,2.350000,18,1.4906013,1.3232031,0.21927209,0.56350307,0.062640482,-0.013347338,0.053259543,-0.16775941,-0.23898116,-0.043165191,0.06673895,0.066483517,0.99555304,0.09434257,0.78348082,2.3
36,4700,2.350000,19,1.4906013,1.3177295,0.55142401,0.15515057,0.035993997,-0.039514959,-0.0025254254,0.15363629,0.22378533,0.230898,0.68446313,-0.51875473,-0.51225359,2.1086031,-0.64853808,2.3
36,4700,2.350000,20,1.4906013,0.93016282,0.22452555,0.95153584,0.004965945,0.051790542,0.024600815,0.017127137,-0.014745517,0.033096212,-0.1736699,-0.44518872,0.8784337,0.49822177,-1.9427427,2.3
36,4700,2.350000,21,1.4906013,0.93261057,0.54333876,1.3427518,-0.053579974,-0.018492414,0.053674171,-0.1410054,-0.029934254,-0.073404834,0.48667958,0.30003124,-0.82044149,2.5329791,0.55245359,2.3
36,4700,2.350000,22,1.4906013,1.3043616,0.16346346,1.3300041,-0.0055115948,-0.030335402,0.0028731392,0.095758562,0.0014522547,-0.24698636,-0.30343755,-0.32771228,0.89472359,0.46298439,-2.3177523,2.3
36,4700,2.350000,23,1.4906013,1.3219443,0.56676157,0.92315518,0.01756418,0.045100827,0.051807215,-0.19708852,-0.083915661,-0.014348931,-0.18021661,-0.57429592,0.79856507,0.64588886,-1.8748691,2.3
36,4700,2.350000,24,1.4906013,0.92046363,0.93783355,0.1935372,-0.011741016,-0.034110977,0.027057116,-0.30424764,-0.14377027,0.039303509,0.83369581,0.40599863,0.37432127,1.1871316,0.45318274,2.3
36,4700,2.350000,25,1.4906013,0.91390074,1.31874,0.62212831,-0.0045731262,0.025863488,0.02210974,-0.10751411,0.31019348,0.22664101,0.72153568,0.6908096,0.046565707,1.5242138,0.76364623,2.3
36,4700,2.350000,26,1.4906013,1.3233433,0.97047218,0.53274753,0.060028116,0.029598115,0.0027035278,0.14675379,0.052118931,0.016690185,0.70387904,-0.53644894,-0.46559299,2.0551009,-0.65122066,2.3
36,4700,2.350000,27,1.4906013,1.329787,1.2926498,0.1865695,0.027089658,-0.043794367,-0.024181827,-0.084926025,0.12332133,0.21267363,-0.053881109,0.34925752,0.93547636,0.36119169,1.7238629,2.3
36,4700,2.350000,28,1.4906013,0.93436212,0.91011048,0.94619421,-0.023842505,-0.030666048,-0.028965199,0.23748516,0.029660055,-0.1854599,0.045169798,0.010108847,-0.99892818,3.095289,0.22016873,2.3
36,4700,2.350000,29,1.4906013,0.90645955,1.2797523,1.3136979,-0.033110982,-0.05013553,-0.0019298453,-0.25555081,0.11282773,-0.072370308,-0.48348283,-0.73203679,-0.4799651,2.0714113,-2.1544914,2.3
36,4700,2.350000,30,1.4906013,1.2808504,0.94901694,1.3002741,-0.053607854,0.0074111515,-0.010041969,-0.13136469,-0.12976036,0.15608514,0.34680014,0.69073166,-0.634523,2.2581875,1.1054889,2.3
36,4700,2.350000,31,1.4906013,1.2652853,1.3348305,0.94441764,-0.0072338577,0.021987753,-0.0048127502,-0.1162298,0.01548689,0.0026034888,0.61637414,-0.27800154,-0.73674831,2.399045,-0.42370787,2.3
37,4800,2.400000,0,1.4909537,0.19250488,0.16580762,0.1988205,0.031607455,-0.024713048,-0.006037126,0.096153472,-0.028765258,0.016349626,0.63921465,-0.10977686,0.76115286,0.70570753,-0.17007796,2.3
37,4800,2.400000,1,1.4909537,0.21880766,0.5517809,0.5395212,0.066670275,-0.039594107,0.043634723,0.085639318,-0.031375095,0.20278343,-0.50370671,0.60393956,-0.61768645,2.2365938,2.2659485,2.3
37,4800,2.400000,2,1.4909537,0.57302862,0.20153452,0.60070856,0.0081438142,0.039258413,0.019038642,-0.0061914805,-0.068204805,-0.091729732,-0.24980288,-0.65499788,0.71314536,0.77682144,-1.9351484,2.3
37,4800,2.400000,3,1.4909537,0.52482014,0.52714336,0.17326663,-0.043758859,-0.0042668935,-0.052875156,0.12978668,-0.20284604,0.077941167,0.68101881,0.16531039,0.71336236,0.77651184,0.23813398,2.3
37,4800,2.400000,4,1.4909537,0.16411264,0.21331024,0.93291612,0.020451905,0.10056769,0.034981246,-0.10260491,0.26082988,-0.015910853,-0.49683391,-0.81279462,-0.3041726,1.8798661,-2.1194587,2.3
37,4800,2.400000,5,1.4909537,0.18933624,0.56210889,1.2895233,0.020646273,0.02703063,0.062921595,-0.0405127,-0.18904457,0.038492806,0.5245749,-0.84342864,0.11597112,1.4545637,-1.0143895,2.3
37,4800,2.400000,6,1.4909537,0.56355812,0.18957268,1.2747622,0.0070024754,-0.030033057,-0.12110464,0.016920142,-0.0084083311,-0.049554969,-0.37398909,0.35808047,-0.8555177,2.5973462,2.3779221,2.3
37,4800,2.400000,7,1.4909537,0.57723493,0.56224266,0.92849958,-0.041357997,-0.0017121802,-0.028523635,0.13902801,-0.084525443,-0.21845165,0.31884466,0.050191719,-0.94647708,2.8129369,0.15613618,2.3
37,4800,2.400000,8,1.4909537,0.22146894,0.93939623,0.16256003,-0.0093683907,0.0060381499,-0.012621588,-0.056254368,0.12908384,-0.1078678,-0.57214357,-0.081842685,-0.81605975,2.5253567,-2.9995108,2.3
37,4800,2.400000,9,1.4909537,0.1961683,1.3439923,0.55753905,0.0014364648,0.054040865,0.03646071,0.18120766,0.039090361,-0.10530572,0.7302447,-0.5839074,-0.35467566,1.9333635,-0.67450011,2.3
37,4800,2.400000,10,1.4909537,0.56608131,0.91582044,0.55214821,-0.016983653,0.026686832,0.012703574,0.0024351636,0.16117327,0.070506205,-0.41919968,0.85737478,-0.2986304,1.8740536,2.025552,2.3
37,4800,2.400000,11,1.4909537,0.56945102,1.3159069,0.19284229,-0.0094694734,0.05657342,-0.0188317,0.047717987,0.045241462,0.20819262,0.21449785,-0.69568853,-0.6855714,2.3261846,-1.2717199,2.3
37,4800,2.400000,12,1.4909537,0.19102773,0.90692635,0.87937871,0.0049081945,-0.056156553,-0.014354071,-0.16075303,-0.30951021,0.14354016,0.25257569,-0.78928944,0.5596675,0.97681181,-1.2610899,2.3
37,4800,2.400000,13,1.4909537,0.15475659,1.3063832,1.2745626,-0.033736347,-0.00030533081,-0.047995512,0.14828925,0.093630688,-0.077659326,0.58824332,0.70156668,0.40221138,1.1568654,0.87303363,2.3
37,4800,2.400000,14,1.4909537,0.54149367,0.89334371,1.2881629,-0.014543612,-0.024968303,-0.011671774,0.2206831,-0.027934138,-0.06348009,0.73737963,-0.60079409,0.30873573,1.2569328,-0.6836818,2.3
37,4800,2.400000,15,1.4909537,0.50690288,1.2677733,0.93637852,-0.044544988,-0.059568205,-0.05710195,0.019169094,-0.024442857,0.18770006,0.68489565,-0.71749268,0.12697326,1.4434794,-0.80863792,2.3
37,4800,2.400000,16,1.4909537,0.94016704,0.13839436,0.23090355,0.022000412,-0.028150408,0.035485517,-0.056677886,-0.074128363,-0.035580612,-0.89361716,0.43452307,-0.1124192,1.6834537,2.6890039,2.3
37,4800,2.400000,17,1.4909537,0.99499025,0.57618279,0.52543382,0.055152173,0.024508994,-0.049043458,-0.07709766,0.035329783,-0.19628521,-0.1046109,-0.96361812,-0.24596073,1.8193071,-1.6789334,2.3
37,4800,2.400000,18,1.4909537,1.3134267,0.20798415,0.56160548,0.052552451,-0.024685776,0.051228976,-0.20341325,-0.1703649,-0.024281714,-0.19573388,0.1737555,0.96514107,0.26481451,2.4156076,2.3
37,4800,2.400000,19,1.4909537,1.3259583,0.56461484,0.16700254,0.043910279,-0.026456048,0.0092884625,0.17930006,0.24045845,0.24895415,0.51503604,-0.6972211,-0.4986187,2.0928009,-0.93456763,2.3
37,4800,2.400000,20,1.4909537,0.9351105,0.22653902,0.95255719,0.0096931566,0.053750697,0.025397108,0.14062437,0.019510091,0.019054735,-0.0085317473,-0.34858897,0.93723686,0.3561766,-1.5952665,2.3
37,4800,2.400000,21,1.4909537,0.92717668,0.54186854,1.3399908,-0.059233684,-0.020090907,0.050596135,-0.075884057,-0.029386194,-0.055377782,0.4302865,0.29967969,-0.8514961,2.5896282,0.60834987,2.3
37,4800,2.400000,22,1.4909537,1.3071216,0.16804764,1.3171747,-0.0030602071,-0.025790405,-0.010269097,-0.0035682473,0.13430943,-0.28614761,-0.41065826,-0.36264817,0.83656805,0.57980765,-2.4181991,2.3
37,4800,2.400000,23,1.4909537,1.3127526,0.56563106,0.92238391,0.0080610967,0.043836477,0.050817809,-0.15750904,0.03801382,-0.031362448,-0.093168332,-0.39169774,0.91536471,0.41438352,-1.8043147,2.3
37,4800,2.400000,24,1.4909537,0.90407201,0.93449768,0.19455402,-0.028348287,-0.037668147,0.028028058,-0.34832856,-0.025420985,-0.028911173,0.82828365,0.51989581,0.20893668,1.3603088,0.56052309,2.3
37,4800,2.400000,25,1.4909537,0.90979869,1.3323067,0.62999989,-0.0088907294,0.039116833,0.029833325,-0.06668529,0.2541093,0.078882691,0.7990128,0.59567008,0.082193096,1.4885104,0.64061974,2.3
37,4800,2.400000,26,1.4909537,1.3313253,0.97194948,0.53623887,0.067696412,0.030845831,0.0060685142,0.14033138,0.0254853,0.089757945,0.74208637,-0.48295829,-0.46482159,2.0542294,-0.57694543,2.3
37,4800,2.400000,27,1.4909537,1.3266062,1.297166,0.19864105,0.023594895,-0.039584283,-0.01215581,-0.037924102,0.044200914,0.25497676,-0.11303749,0.56431022,0.81778757,0.61324011,1.7684908,2.3
37,4800,2.400000,28,1.4909537,0.94470808,0.91183868,0.9349237,-0.013718652,-0.029153197,-0.04045805,0.17534302,0.043996951,-0.23854019,0.11838848,-0.10218429,-0.98769557,2.9845592,-0.71206578,2.3
37,4800,2.400000,29,1.4909537,0.89552782,1.2863441,1.3101764,-0.044255696,-0.043847085,-0.005761533,-0.18393669,0.12035883,-0.09582957,-0.42824641,-0.71534805,-0.55216137,2.1557507,-2.110226,2.3
37,4800,2.400000,30,1.4909537,1.2728667,0.93825612,1.3091324,-0.061893364,-0.0035727433,-0.0014921101,-0.15130275,-0.26554096,0.14998501,0.31373706,0.65273306,-0.68957132,2.3316933,1.1227471,2.3
37,4800,2.400000,31,1.4909537,1.2625491,1.3308543,0.94325339,-0.010268887,0.017696442,-0.0062001142,0.032865767,-0.13165181,-0.069364416,0.69593912,-0.23540194,-0.67842072,2.3164072,-0.3261697,2.3
38,4900,2.450000,0,1.4941998,0.19477248,0.16603971,0.1973812,0.033453939,-0.024841805,-0.0079072465,-0.02871853,0.0216127,-0.061842445,0.48669789,-0.13572443,0.86296237,0.52969273,-0.27195861,2.3
38,4900,2.450000,1,1.4941998,0.21941907,0.55194475,0.55032199,0.066805163,-0.040630426,0.053250445,-0.087183881,0.02275115,0.17467233,-0.45837218,0.59857954,-0.65696079,2.2875768,2.2243119,2.3
38,4900,2.450000,2,1.4941998,0.57422331,0.19660272,0.59643162,0.008090995,0.033893674,0.013459947,-0.02660801,-0.16887164,-0.09092788,-0.26584165,-0.55695444,0.78684812,0.66511127,-2.0161302,2.3
38,4900,2.450000,3,1.4941998,0.53597201,0.52178846,0.17954319,-0.033760472,-0.010762391,-0.046982225,0.20261543,-0.038391977,0.16594039,0.76145269,0.12362515,0.63632274,0.88107435,0.16094999,2.3
38,4900,2.450000,4,1.4941998,0.15885024,0.22466432,0.93350751,0.014838319,0.11144554,0.033543113,-0.081757094,0.13569762,-0.055176846,-0.58827399,-0.79290785,-0.15884226,1.7303142,-2.209106,2.3
38,4900,2.450000,5,1.4941998,0.18464292,0.55681065,1.2939026,0.015546293,0.020515683,0.064491797,-0.15438526,-0.049802097,0.058259721,0.53538009,-0.84354393,-0.042447611,1.6132567,-1.0052667,2.3
38,4900,2.450000,6,1.4941998,0.56624078,0.18562371,1.2762682,0.0084566072,-0.034390016,-0.12237262,0.038624223,-0.09228847,-0.04818118,-0.51389469,0.27388164,-0.81295824,2.5200106,2.6519316,2.3
38,4900,2.450000,7,1.4941998,0.58906341,0.56099034,0.92056337,-0.030797724,-0.0041858872,-0.0384705,0.28695521,-0.057617688,-0.19363524,0.38755703,-0.078283998,-0.91851574,2.7351063,-0.19931164,2.3
38,4900,2.450000,8,1.4941998,0.21773713,0.94622214,0.15781706,-0.013577801,0.010813667,-0.017712937,-0.090035109,0.052462764,-0.12457134,-0.48625081,-0.059611842,-0.87178356,2.6296277,-3.0196065,2.3
38,4900,2.450000,9,1.4941998,0.20221555,1.3438815,0.55743538,0.0070505204,0.051007364,0.035144635,0.049600731,-0.14598879,0.032597393,0.78231504,-0.50855061,-0.35966575,1.938706,-0.57641641,2.3
38,4900,2.450000,10,1.4941998,0.56791823,0.92858095,0.55608404,-0.016379822,0.037441783,0.015434326,0.00042906946,0.22001489,0.062784084,-0.4318478,0.76300873,-0.48096273,2.0725488,2.0858255,2.3
38,4900,2.450000,11,1.4941998,0.56999031,1.320586,0.20160991,-0.010169202,0.058385629,-0.010492994,-0.065021954,-0.033568913,0.11824572,0.17791668,-0.81714367,-0.54828996,2.1511144,-1.3564123,2.3
38,4900,2.450000,12,1.4941998,0.18538794,0.89361785,0.88828358,-0.0011409128,-0.071422958,-0.0073713157,-0.063417838,-0.29493165,0.10460517,0.29941511,-0.7845885,0.54292861,0.99687578,-1.206234,2.3
38,4900,2.450000,13,1.4941998,0.16636069,1.3135119,1.2742287,-0.022481414,0.0039745169,-0.051100965,0.24210988,0.078869043,-0.064413626,0.60484426,0.67860702,0.41672045,1.1409617,0.8428072,2.3
38,4900,2.450000,14,1.4941998,0.55185336,0.89725266,1.2925412,-0.0053728018,-0.023006427,-0.010099654,0.14230452,0.085963931,0.11247692,0.76535084,-0.56361122,0.31077401,1.2547891,-0.63474595,2.3
38,4900,2.450000,15,1.4941998,0.50986444,1.2682305,0.94502868,-0.04268904,-0.061868567,-0.05049759,0.078360457,-0.014652752,0.077470249,0.71947958,-0.68203707,0.13105181,1.4393665,-0.75868881,2.3
38,4900,2.450000,16,1.4941998,0.93535227,0.13712924,0.22862936,0.015146217,-0.029715128,0.032711627,-0.17839329,0.019582508,-0.069134425,-0.8703811,0.46743012,-0.15474439,1.726165,2.6487534,2.3
38,4900,2.450000,17,1.4941998,0.98819071,0.57988825,0.51877676,0.046196134,0.026957362,-0.056835984,-0.2580761,0.047890524,-0.12744774,-0.090262665,-0.96167632,-0.25890404,1.8326837,-1.6643819,2.3
38,4900,2.450000,18,1.4941998,1.3086343,0.20219947,0.56338341,0.044908816,-0.030916499,0.051783607,-0.08949323,-0.079508279,0.051726733,-0.49744621,0.18890023,0.8466782,0.56108515,2.7786728,2.3
38,4900,2.450000,19,1.4941998,1.3397567,0.57562637,0.18063827,0.054810042,-0.016684382,0.022546196,0.23210376,0.12499424,0.28600079,0.25068465,-0.85878963,-0.44680821,2.0339907,-1.2867829,2.3
38,4900,2.450000,20,1.4941998,0.94525593,0.22807226,0.95314756,0.01779391,0.054789604,0.023915248,0.14382118,0.082195625,-0.061611255,0.13023788,-0.32300616,0.93739272,0.35572936,-1.1875296,2.3
38,4900,2.450000,21,1.4941998,0.92987676,0.53973542,1.3407906,-0.058552939,-0.023400146,0.048480825,0.10800212,-0.094512413,-0.023574967,0.34241657,0.40410512,-0.84820396,2.5833815,0.86784548,2.3
38,4900,2.450000,22,1.4941998,1.3078757,0.17481686,1.3074934,-0.0051496605,-0.019393997,-0.022804508,-0.072810158,0.13723852,-0.18610394,-0.54979308,-0.4545102,0.70081956,0.79425057,-2.450786,2.3
38,4900,2.450000,23,1.4941998,1.3083476,0.57037588,0.92341182,0.00080598187,0.047346024,0.049838632,-0.090223395,0.10619236,-0.012548443,-0.057053241,-0.13962076,0.98856005,0.15140561,-1.9587202,2.3
38,4900,2.450000,24,1.4941998,0.89141539,0.93651286,0.19396347,-0.042957305,-0.037687481,0.027015047,-0.23760822,0.028453464,-0.022528393,0.78782488,0.60145957,0.13258335,1.4378214,0.65204941,2.3
38,4900,2.450000,25,1.4941998,0.90836337,1.345303,0.63091583,-0.012303096,0.049201543,0.029378165,-0.041694983,0.11961453,-0.03458376,0.83401887,0.55106524,-0.027196266,1.5979959,0.58388463,2.3
38,4900,2.450000,26,1.4941998,1.3386927,0.98021052,0.54221547,0.072160501,0.036984127,0.010872423,0.0051937295,0.16984344,0.089610976,0.70216887,-0.52394006,-0.48212621,2.0738763,-0.64104788,2.3
38,4900,2.450000,27,1.4941998,1.3319423,1.3019376,0.20945095,0.026040112,-0.037638983,-0.0017896478,0.083659096,0.014073961,0.12711208,-0.15181183,0.69408225,0.70370662,0.79019524,1.7861284,2.3
38,4900,2.450000,28,1.4941998,0.95481831,0.91465027,0.92563341,-0.0056739265,-0.028327705,-0.051771493,0.14348387,0.024991319,-0.21536844,0.27601647,-0.16227056,-0.94735588,2.8156705,-0.53147621,2.3
38,4900,2.450000,29,1.4941998,0.88828378,1.2943291,1.3103407,-0.05343944,-0.03866822,-0.0084467552,-0.15905322,0.066239636,-0.0053388479,-0.44129646,-0.67977519,-0.58580127,2.1966647,-2.1465949,2.3
38,4900,2.450000,30,1.4941998,1.2682768,0.9266315,1.3168161,-0.069246476,-0.01722523,0.0033361879,-0.16358711,-0.23698337,0.028556115,0.31099271,0.59096058,-0.74434477,2.4103494,1.0863703,2.3
38,4900,2.450000,31,1.4941998,1.2671965,1.323784,0.94091811,-0.0083723057,0.007739523,-0.010584219,0.06939754,-0.23757194,-0.11132436,0.82235796,-0.24503601,-0.51350242,2.1100578,-0.28959115,2.3
39,5000,2.500000,0,1.4986271,0.19279435,0.17120716,0.19184515,0.03090246,-0.020173247,-0.014019099,-0.050362343,0.13143899,-0.17120656,0.40745061,-0.0052838665,0.91321196,0.4196982,-0.012967388,2.3
39,5000,2.500000,1,1.4986271,0.21456403,0.5562531,0.55827786,0.061308116,-0.037961452,0.059566358,-0.08352682,0.084392727,0.090377033,-0.40414252,0.57683621,-0.70987944,2.3601233,2.1819377,2.3
39,5000,2.500000,2,1.4986271,0.5723893,0.19011889,0.5958769,0.0045607789,0.026837743,0.011141413,-0.10540228,-0.15610129,-0.024124453,-0.37638175,-0.41045835,0.83057855,0.59065058,-2.3129134,2.3
39,5000,2.500000,3,1.4986271,0.55039537,0.52420904,0.18926004,-0.02094417,-0.009889175,-0.037810939,0.23748372,0.065408715,0.19678442,0.81001118,0.088760474,0.57965805,0.95248734,0.10914386,2.3
39,5000,2.500000,4,1.4986271,0.15665662,0.22370793,0.93175167,0.012177951,0.10982586,0.029027941,-0.023047351,-0.21478568,-0.075681375,-0.67570082,-0.73674412,0.025228819,1.5455648,-2.3130032,2.3
39,5000,2.500000,5,1.4986271,0.17532629,0.55852532,1.3050838,0.0056971261,0.020580418,0.071828249,-0.22645993,0.038418484,0.18207812,0.58477557,-0.8013173,-0.12620666,1.6973405,-0.94037006,2.3
39,5000,2.500000,6,1.4986271,0.57058181,0.18274564,1.2782238,0.011115927,-0.03781303,-0.12419589,0.052887471,-0.04370873,-0.062714735,-0.60629311,0.13832332,-0.78311897,2.4704619,2.9172859,2.3
39,5000,2.500000,7,1.4986271,0.60712275,0.56151383,0.91667373,-0.014507886,-0.0053229437,-0.045078024,0.3300454,-0.0090494627,-0.077008164,0.39568711,-0.081787517,-0.91473631,2.7256511,-0.20382704,2.3
39,5000,2.500000,8,1.4986271,0.21178178,0.94989271,0.15095251,-0.020168558,0.011679287,-0.025034274,-0.13753851,-0.012062888,-0.15832363,-0.44608372,-0.05403389,-0.89335864,2.6755614,-3.0210504,2.3
39,5000,2.500000,9,1.4986271,0.20203224,1.338976,0.56444346,0.0062691941,0.042132946,0.040493106,-0.070420918,-0.21502722,0.15649449,0.79259234,-0.47692323,-0.37992316,1.9605096,-0.54168748,2.3
39,5000,2.500000,10,1.4986271,0.56849864,0.94083892,0.56185326,-0.017480546,0.046934303,0.019549772,-0.075270469,0.16029723,0.10621306,-0.45387712,0.6680282,-0.58968965,2.2014708,2.1675818,2.3
39,5000,2.500000,11,1.4986271,0.56660156,1.3211112,0.20319129,-0.015239345,0.055002961,-0.0095104441,-0.12347595,-0.082489177,-0.10403913,0.13487666,-0.85039311,-0.50856646,2.1043154,-1.4135015,2.3
39,5000,2.500000,12,1.4986271,0.18350128,0.88587582,0.89916204,-0.0035732801,-0.08179745,0.00086295807,-0.0025384698,-0.12038471,0.18768563,0.38097398,-0.78873198,0.48245279,1.0673435,-1.1208241,2.3
39,5000,2.500000,13,1.4986271,0.17709968,1.3212656,1.2767864,-0.012250486,0.0078305514,-0.052317,0.16569175,0.065541057,0.049792687,0.64216774,0.62190485,0.44816844,1.1060809,0.76936969,2.3
39,5000,2.500000,14,1.4986271,0.55842896,0.90318111,1.3053714,-0.00043966107,-0.019741385,-0.00111266,0.039607916,0.037624806,0.24650827,0.69617726,-0.64703002,0.31094915,1.2546048,-0.74882501,2.3
39,5000,2.500000,15,1.4986271,0.51660221,1.2708987,0.94877609,-0.037469733,-0.062956534,-0.049551722,0.11309963,-0.027185173,-0.033519584,0.67729935,-0.72606848,0.11870197,1.4518138,-0.82013568,2.3
39,5000,2.500000,16,1.4986271,0.93064368,0.14119799,0.22458918,0.0076772077,-0.026058102,0.028000981,-0.13769127,0.17659911,-0.09933501,-0.8265839,0.49792383,-0.26235645,1.8362597,2.5994195,2.3
39,5000,2.500000,17,1.4986271,0.97728194,0.58246143,0.51188086,0.03237977,0.027811056,-0.065256579,-0.29222397,-0.028321337,-0.17755192,-0.12950637,-0.92657271,-0.35311629,1.9316962,-1.7096659,2.3
39,5000,2.500000,18,1.4986271,1.3099884,0.20095391,0.56681703,0.042389199,-0.032758451,0.053545302,0.0016784753,0.013789362,0.027016174,-0.69169689,0.13439283,0.7095731,0.78190415,2.9496892,2.3
39,5000,2.500000,19,1.4986271,1.3553595,0.58030209,0.19638904,0.066425974,-0.01371865,0.037739254,0.20039008,0.01988261,0.31028012,-0.089422638,-0.90953884,-0.40588507,1.9887434,-1.6687978,2.3
39,5000,2.500000,20,1.4986271,0.95521538,0.23102847,0.9522173,0.024941971,0.057066662,0.020166333,0.12695752,0.036459176,-0.094849598,0.20860225,-0.37382303,0.90373749,0.44237505,-1.0618135,2.3
39,5000,2.500000,21,1.4986271,0.94107143,0.53373793,1.3469874,-0.050125983,-0.030985667,0.050701576,0.24163753,-0.18998431,0.058855012,0.19213538,0.5754814,-0.79492462,2.4896797,1.2485638,2.3
39,5000,2.500000,22,1.4986271,1.3078721,0.18209445,1.3054121,-0.0090227173,-0.012644378,-0.028751079,-0.072384944,0.13661767,-0.039324938,-0.64248207,-0.56575464,0.51685441,1.0276239,-2.419613,2.3
39,5000,2.500000,23,1.4986271,1.3082968,0.57717769,0.92499732,-0.0031157452,0.052450246,0.048689732,-0.052828526,0.093524227,-0.0013321275,0.027351816,0.14966216,0.9883588,0.15273413,1.3900341,2.3
39,5000,2.500000,24,1.4986271,0.88602751,0.93890593,0.19091997,-0.050974613,-0.038068755,0.023402169,-0.10878879,-0.014148168,-0.1167824,0.74142825,0.64961944,0.16816282,1.4018307,0.71949399,2.3
39,5000,2.500000,25,1.4986271,0.91029465,1.3538914,0.62749973,-0.013062197,0.0537969,0.024100446,0.0057315372,0.044807601,-0.13141343,0.81714464,0.53534195,-0.2137373,1.7861954,0.57997822,2.3
39,5000,2.500000,26,1.4986271,1.339326,0.99224467,0.54709466,0.068832135,0.0461004,0.014140178,-0.13165179,0.18895299,0.083717496,0.63624937,-0.62737437,-0.44898567,2.0364262,-0.77837482,2.3
39,5000,2.500000,27,1.4986271,1.3427391,1.3070749,0.21281938,0.032880236,-0.036361199,0.00095411322,0.17380278,0.020167164,-0.046784774,-0.19633377,0.7340058,0.65014501,0.86302106,1.8321603,2.3
39,5000,2.500000,28,1.4986271,0.96303235,0.91819496,0.91875695,-0.00029698691,-0.027494379,-0.061376418,0.059068218,0.035213863,-0.21227667,0.41414329,-0.14423966,-0.89871033,2.6876161,-0.33514565,2.3
39,5000,2.500000,29,1.4986271,0.88461819,1.2990995,1.3147256,-0.059727732,-0.037734364,-0.007945196,-0.08076243,-0.011219836,0.035208577,-0.43645912,-0.64808183,-0.62409405,2.2447678,-2.1634893,2.3
39,5000,2.500000,30,1.4986271,1.2643831,0.92266822,1.3200859,-0.076886772,-0.023924228,0.0027051177,-0.14456474,-0.042779059,-0.052829085,0.40054402,0.58054086,-0.7088983,2.3587313,0.96684739,2.3
39,5000,2.500000,31,1.4986271,1.2770942,1.3170133,0.93954936,-0.0022383582,-0.0029378272,-0.014734796,0.16396882,-0.17861385,-0.042635982,0.89969881,-0.29120895,-0.32517596,1.9019941,-0.31303195,2.3
