frame,step,time_ps,molecule_id,box_nm,x_nm,y_nm,z_nm,dx_nonaffine_nm,dy_nonaffine_nm,dz_nonaffine_nm,vx_nm_ps,vy_nm_ps,vz_nm_ps,dipole_ux,dipole_uy,dipole_uz,theta_rad,phi_rad,dipole_debye
0,1100,0.550000,0,1.5124632,0.17114922,0.19785252,0.16809025,-0.012105089,0.0067391538,0.0089188775,-0.22217427,0.13649194,0.20624676,0.96862906,0.24529346,-0.039860666,1.6106676,0.24802364,3.96
0,1100,0.550000,1,1.5124632,0.19449788,0.57205498,0.58977593,-0.002526526,0.0095302098,0.013034646,-0.077339283,0.16214944,0.24923035,0.20695181,0.60767158,0.76675041,0.69703269,1.2425512,3.96
0,1100,0.550000,2,1.5124632,0.56536431,0.20061113,0.61273996,-0.0042573924,-0.0022886843,0.00037035034,-0.073442791,-0.03798842,-0.044147343,0.050710393,-0.53662872,0.84229334,0.56927249,-1.476578,3.96
0,1100,0.550000,3,1.5124632,0.58447724,0.56379138,0.21922383,0.0024417293,-0.0099651316,0.0034307211,0.0081670979,-0.17324455,0.029806148,-0.65847889,-0.13492966,0.74040498,0.73712366,-2.9394793,3.96
0,1100,0.550000,4,1.5124632,0.15005545,0.14703832,0.91213449,0.001730367,0.0031644348,-0.0094427472,0.030918242,0.11609791,-0.14685644,0.62539794,-0.47272692,0.6208113,0.90101917,-0.64725484,3.96
0,1100,0.550000,5,1.5124632,0.18015222,0.53183755,1.2784968,0.015866973,0.0073594556,-0.0058511626,0.29282039,0.12416008,-0.06330354,0.25633248,-0.76883266,-0.58582421,2.196693,-1.2489815,3.96
0,1100,0.550000,6,1.5124632,0.58254066,0.19563461,1.3532528,-0.0071638915,0.0098391781,0.0079151371,-0.19074171,0.22587712,0.15842845,0.61819213,0.72478808,-0.30417221,1.8798657,0.8646048,3.96
0,1100,0.550000,7,1.5124632,0.59864564,0.56289902,0.94589349,0.0036023923,-0.0020048222,0.0019629848,0.062662041,-0.11984755,0.058907623,0.40377904,0.68795694,-0.60305699,2.2181242,1.0400464,3.96
0,1100,0.550000,8,1.5124632,0.20469536,0.91050127,0.25696686,-0.0095423151,0.0080869578,0.00027362128,-0.046913562,0.24867055,-0.062522283,-0.56310796,0.55764284,0.60987203,0.91489722,2.3610708,3.96
0,1100,0.550000,9,1.5124632,0.22249272,1.352009,0.55694204,0.011906393,-0.0074245488,-0.0071306684,0.20637033,-0.20521097,-0.069619144,-0.55410177,0.53090762,-0.6411773,2.2668278,2.3775681,3.96
0,1100,0.550000,10,1.5124632,0.59435459,0.92835356,0.55410157,-0.008295407,0.003747253,-0.00087034782,-0.22594098,0.062266496,-0.02860846,0.30231646,0.87319915,-0.38226692,1.9630446,1.2374956,3.96
0,1100,0.550000,11,1.5124632,0.5049787,1.304562,0.17575445,-0.0035282441,0.0023822264,0.0023159696,-0.049947511,-0.027302366,-0.030347912,0.75020199,-0.54003735,-0.38151885,1.9622352,-0.62392816,3.96
0,1100,0.550000,12,1.5124632,0.22300276,0.93543234,0.9368169,-0.0024179399,-0.011134998,-0.0039532352,-0.12136506,-0.23922315,-0.12919759,-0.36636779,0.88126491,-0.2985746,1.8739951,1.9647886,3.96
0,1100,0.550000,13,1.5124632,0.17920067,1.3071878,1.3256147,-0.0033594669,0.0055541506,0.0068103003,-0.0051769888,0.07685498,0.096372414,-0.37832026,0.58642502,0.71622586,0.77241723,2.1437402,3.96
0,1100,0.550000,14,1.5124632,0.57273786,0.90261138,1.3011618,0.0042754157,-0.0026379734,-0.002889781,0.048352312,-0.018236675,-0.016630627,-0.68450073,-0.48072124,0.54805642,0.99075749,-2.5293283,3.96
0,1100,0.550000,15,1.5124632,0.57150043,1.3215341,0.97317074,0.0011899469,0.00043354653,-0.012928844,0.064902991,-0.011032752,-0.18739269,-0.14108283,-0.92053908,0.36428482,1.1979316,-1.7228741,3.96
0,1100,0.550000,16,1.5124632,0.92674758,0.21707614,0.20022258,0.0083456051,-0.0011593194,0.0012850927,0.16115221,-0.055076055,-0.0063036244,-0.81120451,-0.33889575,0.47654687,1.0740736,-2.745863,3.96
0,1100,0.550000,17,1.5124632,0.97470071,0.58008709,0.57659703,-0.0099836061,-0.0045207914,0.0072701374,-0.2425725,-0.093181868,0.17102488,-0.44922588,-0.47255997,-0.75821051,2.4313605,-2.3308859,3.96
0,1100,0.550000,18,1.5124632,1.3167283,0.20082509,0.52798321,0.00036199975,-0.0039300437,0.0043355627,-0.02526033,-0.095970406,0.11375291,0.39577194,0.82607624,0.40120147,1.1579682,1.1240092,3.96
0,1100,0.550000,19,1.5124632,1.3503694,0.61641744,0.20853353,-0.015407286,-0.0032975725,-0.0039658722,-0.37763566,-0.060988655,-0.11472485,0.69647994,-0.3192979,-0.64262317,2.2687134,-0.42985474,3.96
0,1100,0.550000,20,1.5124632,0.9601935,0.17673396,0.93733559,0.0013818087,-0.00049923757,-0.00013304685,0.021481327,0.029328548,-0.03598869,-0.50183694,-0.20085541,0.84131848,0.57107852,-2.7608791,3.96
0,1100,0.550000,21,1.5124632,0.94557321,0.58847519,1.3471934,0.0012507662,0.0043624351,0.005051817,0.0324997,0.060187307,0.028636,0.36074929,0.58160567,0.72910547,0.75378231,1.0156096,3.96
0,1100,0.550000,22,1.5124632,1.3263122,0.17848468,1.3220416,0.0065432843,0.0013933775,-0.0068948969,0.085957743,0.092298194,-0.16226424,-0.27731245,0.28596009,0.9172375,0.40970719,2.3408432,3.96
0,1100,0.550000,23,1.5124632,1.3152968,0.56055624,0.94814799,-0.002327895,-0.0049257495,-0.00099134163,0.044172886,-0.10807027,0.0095228432,-0.24534993,-0.91836914,0.31048598,1.2550921,-1.8318576,3.96
0,1100,0.550000,24,1.5124632,0.92770327,0.96800186,0.18456249,-0.0069976076,0.0024591222,-0.0032529278,-0.10987906,0.042154113,-0.039531274,0.83669218,-0.080771207,0.5416846,0.99835642,-0.09623813,3.96
0,1100,0.550000,25,1.5124632,0.88953884,1.3504961,0.54423558,0.010533913,-0.0012556237,0.0061246342,0.24264117,-0.043982863,0.10872914,0.21858394,0.11474847,0.96904791,0.24945177,0.48341795,3.96
0,1100,0.550000,26,1.5124632,1.3544889,0.96134006,0.59686541,-0.0020346627,0.0068709449,0.0089196494,-0.091610694,0.19934508,0.2458501,-0.68073903,-0.73041466,0.055576945,1.5151907,-2.3210069,3.96
0,1100,0.550000,27,1.5124632,1.2719486,1.3150161,0.18161051,0.0022965823,-0.0012745157,-0.0048153481,0.10305779,-0.01114809,-0.14263951,-0.47256953,0.70833696,0.52434415,1.0188516,2.1591359,3.96
0,1100,0.550000,28,1.5124632,0.9577142,0.95513638,0.93409928,0.0063964757,-0.01280782,0.0004755259,0.16705689,-0.26685011,0.025781459,0.38939107,-0.77585594,0.49640926,1.0513388,-1.1056412,3.96
0,1100,0.550000,29,1.5124632,0.9583899,1.3397048,1.3081396,0.0051339981,0.0060781905,-0.010655162,0.13230056,0.091798738,-0.21049238,0.28630119,-0.9571896,-0.042657976,1.6134673,-1.2801599,3.96
0,1100,0.550000,30,1.5124632,1.3080013,0.93928661,1.2883097,0.0081194723,-0.0038862075,-0.0078151609,0.21782867,-0.065692848,-0.10469107,0.84156899,0.33005764,-0.42757876,2.012609,0.37375832,3.96
0,1100,0.550000,31,1.5124632,1.3184082,1.3144793,0.93317468,-0.0014757847,-0.004973477,0.0030822158,-0.02078264,-0.053211281,0.075692333,-0.19814487,0.64776111,-0.73562501,2.3973852,1.8676497,3.96
1,1200,0.600000,0,1.517519,0.1606973,0.20588422,0.17760736,-0.023110746,0.014097213,0.017859192,-0.20409785,0.11992948,0.15986058,0.94410366,0.28742086,0.16142345,1.4086635,0.2955232,3.96
1,1200,0.600000,1,1.517519,0.1909614,0.57895132,0.60133139,-0.0067061835,0.014506031,0.0226027,-0.10268364,0.015567774,0.11434896,0.31856382,0.52572179,0.78875452,0.6620161,1.0260096,3.96
1,1200,0.600000,2,1.517519,0.56310164,0.20168276,0.61013354,-0.0084029888,-0.0018883044,-0.0042765282,-0.10448253,0.010769872,-0.1555773,0.043680761,-0.36231164,0.9310329,0.37356326,-1.4508141,3.96
1,1200,0.600000,3,1.517519,0.58528804,0.55630671,0.21950309,0.0013006966,-0.019318785,0.0029779406,0.0071715404,-0.17603697,-0.05677409,-0.69967761,0.014516671,0.71431121,0.77515694,3.120848,3.96
1,1200,0.600000,4,1.517519,0.1522652,0.15135394,0.91102598,0.0034356862,0.00698218,-0.01359333,0.045069183,-0.0088443701,-0.043306259,0.58184595,-0.63118883,0.51288981,1.0322486,-0.82605297,3.96
1,1200,0.600000,5,1.517519,0.19136333,0.53783606,1.2810337,0.026458215,0.011573165,-0.007584971,0.11548081,0.067600142,-0.050267555,0.35484955,-0.66985282,-0.65221086,2.2812937,-1.0836387,3.96
1,1200,0.600000,6,1.517519,0.57453292,0.207313,1.3666799,-0.017102309,0.020845254,0.016803904,-0.2149683,0.17438173,0.19896528,0.67120086,0.70088259,-0.24135657,1.8145598,0.80702739,3.96
1,1200,0.600000,7,1.517519,0.60447072,0.55981299,0.95184966,0.0074200048,-0.0069641753,0.0047526623,0.099171024,-0.089625554,0.037796128,0.41195779,0.80202746,-0.43248437,2.0180427,1.096292,3.96
1,1200,0.600000,8,1.517519,0.20555745,0.92775594,0.25210359,-0.0093647536,0.022274421,-0.0054390857,0.017481757,0.29078952,-0.11975664,-0.45796509,0.64469086,0.61207979,0.91210841,2.1884441,3.96
1,1200,0.600000,9,1.517519,0.23033752,1.3453782,0.55787476,0.018995642,-0.018556178,-0.0080580899,0.068055678,-0.20979989,0.036305084,-0.48642858,0.64824128,-0.58580754,2.1966724,2.2145419,3.96
1,1200,0.600000,10,1.517519,0.58344531,0.93479798,0.55713675,-0.021169951,0.0070828923,0.00031066802,-0.26031763,0.082298962,0.059146175,0.17731807,0.93515492,-0.30666524,1.8824838,1.3834074,3.96
1,1200,0.600000,11,1.517519,0.50715732,1.3060874,0.16849549,-0.0030384282,-0.00044846677,-0.0055174108,0.077177438,-0.094561457,-0.27476246,0.71262033,-0.52135279,-0.46942895,2.0594403,-0.63162051,3.96
1,1200,0.600000,12,1.517519,0.21822637,0.93204786,0.93584376,-0.0079305662,-0.017635504,-0.0080510354,-0.081426814,-0.0010864644,-0.0093630912,-0.31775177,0.84341933,-0.43321779,2.0188563,1.9310937,3.96
1,1200,0.600000,13,1.517519,0.18075382,1.3158432,1.3351167,-0.0024069253,0.0098328469,0.011872778,0.048888872,0.089649638,0.102778,-0.60019967,0.64023535,0.47943617,1.0707842,2.3239302,3.96
1,1200,0.600000,14,1.517519,0.5762988,0.9050065,1.3046485,0.005919119,-0.0032589787,-0.0037510278,0.01607756,0.0045343865,0.029578507,-0.66315796,-0.51576471,0.5424097,0.99749356,-2.4805728,3.96
1,1200,0.600000,15,1.517519,0.57911983,1.3253081,0.96941339,0.0068894771,-0.00020880704,-0.019927535,0.10253987,-0.010357671,-0.083655884,-0.07780546,-0.89779528,0.43348581,1.122439,-1.6572431,3.96
1,1200,0.600000,16,1.517519,0.93692356,0.21416547,0.19946569,0.015411958,-0.0047895519,-0.00013870514,0.17084541,-0.052230273,-0.020242063,-0.74457329,-0.47973014,0.46418704,1.0880798,-2.5692334,3.96
1,1200,0.600000,17,1.517519,0.96302578,0.57807813,0.58568309,-0.024891801,-0.0084622386,0.014416884,-0.33542306,-0.099373893,0.093499191,-0.43132715,-0.49626958,-0.75344104,2.4240762,-2.2862971,3.96
1,1200,0.600000,18,1.517519,1.3176022,0.19632488,0.53569193,-0.0031597071,-0.0090929337,0.010269493,-0.10801531,-0.10209959,0.11588571,0.35638355,0.868799,0.34377182,1.2198658,1.1815257,3.96
1,1200,0.600000,19,1.517519,1.3358808,0.61424269,0.20261613,-0.034378114,-0.0075257751,-0.010569319,-0.35282723,-0.10129312,-0.13058102,0.7326938,-0.44229336,-0.51723919,2.1144183,-0.54310175,3.96
1,1200,0.600000,20,1.517519,0.96463005,0.17989428,0.93652106,0.0026066761,0.0020660318,-0.0040742405,0.040181037,0.091797594,-0.085226868,-0.47866835,-0.2642827,0.8372761,0.57851398,-2.6371227,3.96
1,1200,0.600000,21,1.517519,0.94950232,0.590397,1.3526054,0.0020178325,0.0043172226,0.005959122,-0.048546393,-0.01422288,0.0037796249,0.29711278,0.60690976,0.73714621,0.741959,1.1155435,3.96
1,1200,0.600000,22,1.517519,1.3359008,0.18522732,1.3174156,0.011689873,0.0075291597,-0.015925097,0.10423582,0.097381868,-0.21837968,-0.28614875,0.24642126,0.92595651,0.38723562,2.4306524,3.96
1,1200,0.600000,23,1.517519,1.3248897,0.55832183,0.95333295,0.0028597307,-0.0090270917,0.001020882,0.16834002,-0.034675002,0.056409274,-0.3984318,-0.85997241,0.31890368,1.2462238,-2.0046616,3.96
1,1200,0.600000,24,1.517519,0.92577204,0.97368131,0.18492489,-0.012021488,0.0048987523,-0.0035070408,-0.03291284,0.077675598,0.05871157,0.81383064,-0.17696233,0.5535016,0.98423357,-0.2141107,3.96
1,1200,0.600000,25,1.517519,0.90438202,1.3518438,0.55026291,0.022383853,-0.0044169199,0.010325735,0.22275619,-0.059932652,0.055391141,0.18539738,0.16679018,0.96840531,0.25204156,0.73261403,3.96
1,1200,0.600000,26,1.517519,1.3546256,0.97330297,0.61041028,-0.0064182873,0.015605804,0.020450136,-0.070291859,0.12153611,0.15532877,-0.63255797,-0.77447716,-0.0074527425,1.5782491,-2.2556705,3.96
1,1200,0.600000,27,1.517519,1.2820894,1.3189621,0.17374454,0.0081758376,-0.0017234477,-0.013274278,0.13003453,-0.011229479,-0.20631097,-0.51225589,0.71281284,0.47905299,1.0712208,2.1939232,3.96
1,1200,0.600000,28,1.517519,0.96706564,0.94708516,0.9405759,0.012536319,-0.024033053,0.0038241433,0.054950819,-0.16152916,0.061648516,0.25186262,-0.8082329,0.53228264,1.0095017,-1.2687121,3.96
1,1200,0.600000,29,1.517519,0.97062787,1.3472405,1.3049072,0.014153308,0.0091304933,-0.018247609,0.19814318,-0.0037707712,-0.09090749,0.31930417,-0.94754776,0.014074263,1.5567216,-1.2457678,3.96
1,1200,0.600000,30,1.517519,1.3260318,0.93868963,1.2912367,0.021754938,-0.0076167148,-0.0091923349,0.31057355,-0.059022093,0.047963459,0.9429721,0.19184347,-0.27202886,1.8462971,0.20070638,3.96
1,1200,0.600000,31,1.517519,1.320347,1.3180738,0.9408715,-0.0039399495,-0.0057715985,0.0076520774,-0.075714436,0.056442383,0.12435642,-0.36247247,0.59152989,-0.72021253,2.374905,2.1205535,3.96
2,1300,0.650000,0,1.5141952,0.15123383,0.21005764,0.18440296,-0.032232249,0.018726656,0.025051686,-0.13237002,0.047778526,0.13453041,0.88432444,0.32568707,0.33451191,1.2297091,0.35287422,3.96
2,1300,0.650000,1,1.5141952,0.18447295,0.57424455,0.60094184,-0.012783035,0.011063561,0.023531258,-0.12999131,-0.1140846,-0.051906257,0.4540043,0.31313686,0.8341615,0.58418564,0.60379478,3.96
2,1300,0.650000,2,1.5141952,0.55897636,0.20248741,0.59968695,-0.011298097,-0.00064054242,-0.013396757,-0.032174498,0.038611013,-0.19352302,0.0044732711,-0.17083892,0.98528882,0.17174047,-1.5446182,3.96
2,1300,0.650000,3,1.5141952,0.58167632,0.54978706,0.21662846,-0.0010316379,-0.024625781,0.00058145549,-0.10377337,-0.030663596,-0.089681051,-0.72855805,0.26407303,0.63203528,0.88661954,2.7938612,3.96
2,1300,0.650000,4,1.5141952,0.15423217,0.14895281,0.90956807,0.0057386838,0.0049102926,-0.013055243,0.0703994,-0.076134257,0.033028264,0.46233898,-0.78722719,0.40806375,1.1504641,-1.039767,3.96
2,1300,0.650000,5,1.5141952,0.19389033,0.53995541,1.2775585,0.029407583,0.014874144,-0.0082551215,-0.011233702,0.058691088,0.02062728,0.45378401,-0.42648925,-0.7824238,2.4693448,-0.75440095,3.96
2,1300,0.650000,6,1.5141952,0.56397543,0.21425734,1.3734497,-0.026411623,0.028251789,0.026577813,-0.1698803,0.12412866,0.17630941,0.79196491,0.59159612,-0.15101531,1.7223916,0.64157699,3.96
2,1300,0.650000,7,1.5141952,0.60579557,0.55418656,0.9503932,0.010071731,-0.011369288,0.0053817132,0.030453577,-0.12118275,-0.044294505,0.43982973,0.87483761,-0.20299991,1.775217,1.1049465,3.96
2,1300,0.650000,8,1.5141952,0.20416701,0.93687998,0.243464,-0.010305993,0.033442759,-0.013535377,-0.073637917,0.18852039,-0.19214626,-0.47231814,0.71104013,0.52090067,1.0228906,2.1571335,3.96
2,1300,0.650000,9,1.5141952,0.23100429,1.3338865,0.56026485,0.020168203,-0.02711044,-0.0044421316,0.00057218952,-0.12477201,0.09754236,-0.43768796,0.76397252,-0.47410467,2.0647432,2.091059,3.96
2,1300,0.650000,10,1.5141952,0.57116718,0.9367907,0.55792761,-0.03218224,0.011127518,0.0023240233,-0.20027003,0.067152628,0.044006344,0.038015799,0.96570282,-0.25685183,1.8305597,1.5314507,3.96
2,1300,0.650000,11,1.5141952,0.51179253,1.3000598,0.15187346,0.0027139063,-0.0036188382,-0.021788224,0.1801979,-0.042450899,-0.33002463,0.58089362,-0.48618561,-0.65282934,2.2821099,-0.69687568,3.96
2,1300,0.650000,12,1.5141952,0.21629795,0.93516555,0.9355117,-0.0093826024,-0.012470707,-0.0063314511,0.021703143,0.18969661,0.093589068,-0.40827217,0.72706048,-0.55199357,2.1555495,2.0824548,3.96
2,1300,0.650000,13,1.5141952,0.18336177,1.3167012,1.3338739,0.00060023093,0.013576999,0.013556088,0.086366956,0.057662507,-0.029703599,-0.74464533,0.60515535,0.28158539,1.2853504,2.4591701,3.96
2,1300,0.650000,14,1.5141952,0.57854498,0.90288506,1.3048516,0.0094314153,-0.0033983485,-0.00068702237,0.068193912,-0.0096921275,0.088627079,-0.64803377,-0.49501966,0.57879856,0.95354172,-2.4892677,3.96
2,1300,0.650000,15,1.5141952,0.58266245,1.3223459,0.96375871,0.011705814,-0.00026827652,-0.023462798,0.15037046,-0.018263792,-0.090360091,-0.048578053,-0.85691902,0.51315686,1.0319375,-1.6274249,3.96
2,1300,0.650000,16,1.5141952,0.94443282,0.21120074,0.19757733,0.024983836,-0.00728794,-0.0015917708,0.21336805,-0.063099945,-0.026016224,-0.71757914,-0.58918873,0.37139845,1.1902816,-2.4541305,3.96
2,1300,0.650000,17,1.5141952,0.94659392,0.57018707,0.5875777,-0.039230082,-0.015094416,0.017597787,-0.26293862,-0.17727249,0.040430116,-0.40077823,-0.53492365,-0.74379668,2.4095291,-2.2138013,3.96
2,1300,0.650000,18,1.5141952,1.3112989,0.19143716,0.54069105,-0.0065808416,-0.013555543,0.016448709,-0.040247941,-0.09993449,0.10152879,0.27746526,0.94939469,0.1471827,1.423077,1.2864602,3.96
2,1300,0.650000,19,1.5141952,1.3154577,0.60837777,0.19694878,-0.051894468,-0.012050286,-0.015798614,-0.30111303,-0.045920171,-0.090030513,0.76748849,-0.51633974,-0.37994038,1.9605282,-0.59221296,3.96
2,1300,0.650000,20,1.5141952,0.96258475,0.18697089,0.93184886,0.0026742632,0.0095448608,-0.0066980698,-0.041059847,0.23762686,-0.041974053,-0.39216436,-0.22133581,0.89287041,0.46711664,-2.6277644,3.96
2,1300,0.650000,21,1.5141952,0.94543491,0.58701749,1.3469693,2.7911982e-05,0.0022285644,0.0032826129,-0.033890167,-0.058083529,-0.086882771,0.12043222,0.54852982,0.8274123,0.59631217,1.3546709,3.96
2,1300,0.650000,22,1.5141952,1.3337808,0.18950065,1.3051106,0.012496771,0.012213325,-0.025354878,-0.029879356,0.059779339,-0.18111203,-0.38114695,0.18491172,0.90583368,0.4374528,2.6898991,3.96
2,1300,0.650000,23,1.5141952,1.3321161,0.55792575,0.9560471,0.012999142,-0.0081993755,0.0058283765,0.24739101,0.086361628,0.12992125,-0.60654244,-0.71909302,0.33913346,1.2248007,-2.2714945,3.96
2,1300,0.650000,24,1.5141952,0.92289179,0.97450739,0.18901073,-0.01287498,0.0078607154,0.00098876563,0.0065550517,0.032116662,0.12670292,0.77952606,-0.35686487,0.51476848,1.0300587,-0.42931915,3.96
2,1300,0.650000,25,1.5141952,0.91112141,1.3451635,0.55194576,0.031113667,-0.0081403934,0.013216983,0.12119022,-0.10157407,0.067525999,0.19423501,0.27920363,0.94038189,0.34704496,0.96297889,3.96
2,1300,0.650000,26,1.5141952,1.3476024,0.97381887,0.61386321,-0.010478961,0.018256412,0.025245302,-0.12413312,0.021489137,0.077471807,-0.55621237,-0.83103799,0.0019107035,1.5688856,-2.1606187,3.96
2,1300,0.650000,27,1.5141952,1.2864629,1.3161988,0.16429361,0.015365415,-0.0015977086,-0.022354613,0.14266881,0.0013559915,-0.16811294,-0.56061075,0.71213254,0.42259062,1.1344945,2.2377009,3.96
2,1300,0.650000,28,1.5141952,0.96648964,0.93967903,0.94040459,0.014080159,-0.029370646,0.0057150321,0.013948701,-0.057177934,0.017017687,0.22837983,-0.78265418,0.5790467,0.95323739,-1.2868778,3.96
2,1300,0.650000,29,1.5141952,0.97782936,1.341083,1.2992196,0.023490984,0.0059204063,-0.021080203,0.14863671,-0.089162392,-0.030404896,0.36149076,-0.93043152,-0.060179857,1.6310126,-1.200226,3.96
2,1300,0.650000,30,1.5141952,1.3382927,0.93154606,1.2953871,0.036936826,-0.012709873,-0.0022060701,0.28867374,-0.12878153,0.20584122,0.98871714,0.052805501,-0.14017843,1.7114379,0.053357403,3.96
2,1300,0.650000,31,1.5141952,1.3139665,1.3205133,0.94590474,-0.0074324054,-0.00043929872,0.014753878,-0.070455584,0.1438303,0.1752745,-0.57545912,0.4890052,-0.65553086,2.2856817,2.4372348,3.96
3,1400,0.700000,0,1.5083842,0.14424833,0.21215398,0.18861554,-0.038649706,0.021634714,0.029981418,-0.12850421,0.046208831,0.11285381,0.84271923,0.31534636,0.43632668,1.1192841,0.35806997,3.96
3,1400,0.700000,1,1.5083842,0.17877573,0.56402345,0.59116132,-0.01778193,0.0030307552,0.016042532,-0.066613586,-0.18286072,-0.21370912,0.58213266,0.0076274766,0.81305805,0.62141058,0.013101894,3.96
3,1400,0.700000,2,1.5083842,0.5541273,0.20339391,0.58685306,-0.01400721,0.0010462702,-0.023949555,-0.089160481,-0.034669133,-0.22493621,-0.050068788,-0.029979131,0.99829573,0.058390967,-2.6020862,3.96
3,1400,0.700000,3,1.5083842,0.57200321,0.55043412,0.21441507,-0.0084868188,-0.021863534,-0.00080325644,-0.19197375,0.12903048,0.0087727013,-0.74698429,0.49374893,0.4452263,1.1093693,2.5575306,3.96
3,1400,0.700000,4,1.5083842,0.15796877,0.14464401,0.90938014,0.010075504,0.0011659156,-0.0097462217,0.077143922,-0.050590002,0.088852154,0.23845292,-0.85371604,0.46293534,1.0894924,-1.298426,3.96
3,1400,0.700000,5,1.5083842,0.18987377,0.53955127,1.2738681,0.026128802,0.016545369,-0.0070403143,-0.084028245,-0.005264826,0.042798945,0.40962723,-0.11302337,-0.90522442,2.7027039,-0.26921911,3.96
3,1400,0.700000,6,1.5083842,0.55387526,0.21737854,1.3742881,-0.034362746,0.032202824,0.032698781,-0.17614153,0.055768583,0.059511249,0.87856956,0.46254004,-0.11904724,1.6901266,0.48459826,3.96
3,1400,0.700000,7,1.5083842,0.60509467,0.546027,0.94612271,0.011698781,-0.017413708,0.0047572826,0.043673836,-0.12782363,0.028972833,0.40309994,0.91504932,-0.013970838,1.5847676,1.1558517,3.96
3,1400,0.700000,8,1.5083842,0.20061781,0.94043995,0.232498,-0.013077006,0.04061191,-0.023586367,-0.065543514,0.13835491,-0.24592432,-0.5783587,0.70421286,0.41180755,1.1463596,2.2583812,3.96
3,1400,0.700000,9,1.5083842,0.22890118,1.3261195,0.56515052,0.018949259,-0.029763579,0.0026071856,-0.10753812,0.039341876,0.19622816,-0.44536373,0.77308211,-0.45165828,2.0394195,2.0934483,3.96
3,1400,0.700000,10,1.5083842,0.55797227,0.93751108,0.55817734,-0.043206422,0.015451269,0.0047194795,-0.13237743,0.061412354,0.05438706,-0.020335103,0.97271107,-0.23112694,1.8040322,1.5916989,3.96
3,1400,0.700000,11,1.5083842,0.52122094,1.2936789,0.1350552,0.014128329,-0.0050132453,-0.038054923,0.26014038,-0.010418748,-0.2677596,0.39102841,-0.36711778,-0.8439913,2.5754781,-0.75387033,3.96
3,1400,0.700000,12,1.5083842,0.21856692,0.9421758,0.93823129,-0.0062775882,-0.0018512201,-9.5503567e-06,0.12096749,0.19293216,0.11856916,-0.5329179,0.55229271,-0.64107041,2.2666885,2.3383429,3.96
3,1400,0.700000,13,1.5083842,0.1845698,1.3147262,1.3249394,0.0025156173,0.016660962,0.0097331026,-0.00034315101,0.07640125,-0.14205281,-0.74972753,0.62243284,0.22469087,1.3441705,2.4486993,3.96
3,1400,0.700000,14,1.5083842,0.57908047,0.89917406,1.306354,0.012192453,-0.0036448862,0.0058354858,0.077687254,0.0099663872,0.12397606,-0.68667803,-0.39075617,0.61301134,0.91092988,-2.6242392,3.96
3,1400,0.700000,15,1.5083842,0.59017983,1.3167509,0.95599793,0.021478027,-0.00078966641,-0.027532847,0.22189284,0.010284331,-0.071397223,-0.11155042,-0.83039776,0.54589015,0.99334516,-1.7043306,3.96
3,1400,0.700000,16,1.5083842,0.95327898,0.20498451,0.19558993,0.0374784,-0.012704068,-0.0028233079,0.26361454,-0.18253949,-0.040847708,-0.71537395,-0.65255301,0.24982929,1.3182924,-2.4020864,3.96
3,1400,0.700000,17,1.5083842,0.93073445,0.55746996,0.58527818,-0.051480423,-0.025643635,0.017553089,-0.19722827,-0.20014022,-0.026988392,-0.43292114,-0.57854124,-0.69128093,2.3340566,-2.2132071,3.96
3,1400,0.700000,18,1.5083842,1.3054575,0.18527702,0.54275881,-0.0073914885,-0.018991466,0.02059942,0.016773361,-0.14080239,0.030162951,0.1428931,0.98736706,-0.068467844,1.6393178,1.4270728,3.96
3,1400,0.700000,19,1.5083842,1.300199,0.60605933,0.19175436,-0.062124607,-0.012033966,-0.020245765,-0.089721213,0.04009866,-0.098344497,0.81520956,-0.51556189,-0.26387367,1.8378323,-0.56392344,3.96
3,1400,0.700000,20,1.5083842,0.95471605,0.19656413,0.92998916,-0.0015084338,0.019875492,-0.0049783653,-0.11079742,0.23701118,0.099156835,-0.24544669,-0.050095149,0.96811487,0.25320359,-2.9402599,3.96
3,1400,0.700000,21,1.5083842,0.94094727,0.58025935,1.335746,-0.00083314445,-0.0022854955,-0.0027831602,0.015611423,-0.085949611,-0.11680996,-0.024551838,0.42828392,0.90331063,0.44337113,1.6280597,3.96
3,1400,0.700000,22,1.5083842,1.3237737,0.19180481,1.2924545,0.0075987874,0.015250562,-0.033017196,-0.170487,0.067217476,-0.13023005,-0.43252075,0.093613873,0.89675094,0.45842425,2.9284426,3.96
3,1400,0.700000,23,1.5083842,1.3405209,0.56153041,0.95682046,0.026542112,-0.0024425394,0.010279245,0.24507904,0.13385431,0.056951543,-0.74535524,-0.54878616,0.37852254,1.1825968,-2.5069338,3.96
3,1400,0.700000,24,1.5083842,0.91950893,0.97105278,0.19598275,-0.01271581,0.0081464658,0.0087009653,-0.0024275669,-0.018023716,0.16569352,0.68084478,-0.49140755,0.5431105,0.99665917,-0.62518218,3.96
3,1400,0.700000,25,1.5083842,0.91077789,1.3361613,0.55281514,0.034272766,-0.011987821,0.016210291,-0.0079627469,-0.025965074,0.0076728656,0.16663112,0.38432837,0.90803401,0.43222965,1.1616939,3.96
3,1400,0.700000,26,1.5083842,1.3364594,0.97042071,0.61316889,-0.016461803,0.018596073,0.026909961,-0.092963544,-0.05812773,-0.01057526,-0.40535056,-0.91268674,0.051902283,1.5188707,-1.9887571,3.96
3,1400,0.700000,27,1.5083842,1.2884083,1.3097827,0.15150309,0.022261037,-0.0029653531,-0.034538057,0.10929883,-0.065744357,-0.25808913,-0.62750835,0.67765546,0.38342711,1.1772922,2.3177913,3.96
3,1400,0.700000,28,1.5083842,0.96483875,0.93669521,0.93771971,0.016142268,-0.028747131,0.0066408623,0.092668087,0.1055899,0.022734338,0.30517639,-0.72675251,0.61538456,0.90792257,-1.1732381,3.96
3,1400,0.700000,29,1.5083842,0.978257,1.3326662,1.2940992,0.02767922,0.0026438129,-0.021214975,-0.0046475147,-0.051384844,0.041510816,0.32648848,-0.93227492,-0.15578426,1.7272177,-1.2339378,3.96
3,1400,0.700000,30,1.5083842,1.3446674,0.91979869,1.3025762,0.04846965,-0.020898055,0.0099776795,0.17658136,-0.21212933,0.26515184,0.9942638,-0.10688976,0.0037504296,1.5670459,-0.10709511,3.96
3,1400,0.700000,31,1.5083842,1.3070479,1.3220797,0.95456014,-0.009312046,0.0062075324,0.027062981,-0.019654358,0.086369802,0.29233436,-0.71553051,0.39401719,-0.57685921,2.1856747,2.6382395,3.96
4,1500,0.750000,0,1.5032695,0.13840014,0.21297327,0.19494677,-0.044017874,0.023176012,0.036964084,-0.13372907,-0.00031775712,0.12604295,0.88095132,0.31219011,0.3556151,1.2072242,0.34057005,3.96
4,1500,0.750000,1,1.5032695,0.17647758,0.55417592,0.57673624,-0.019476747,-0.0049177335,0.0036008846,-0.023234378,-0.14547382,-0.25936974,0.63298102,-0.29234917,0.71684516,0.7715294,-0.43267355,3.96
4,1500,0.750000,2,1.5032695,0.54863346,0.19690904,0.57337842,-0.017628224,-0.0047587672,-0.035453776,-0.045397915,-0.21764449,-0.20591323,-0.054255241,-0.013719951,0.99843284,0.05599235,-2.8939072,3.96
4,1500,0.750000,3,1.5032695,0.56038072,0.55768161,0.21282995,-0.01818618,-0.012734079,-0.0016627773,-0.21110529,0.22458438,-0.037623277,-0.75960539,0.60089925,0.24883677,1.3193173,2.472322,3.96
4,1500,0.750000,4,1.5032695,0.16336177,0.14160005,0.91067442,0.016014243,-0.0013919162,-0.0053608876,0.2020466,-0.038207294,0.069088675,0.065782095,-0.76987076,0.63480054,0.88304598,-1.4855577,3.96
4,1500,0.750000,5,1.5032695,0.18497537,0.5357269,1.2750944,0.021867005,0.014547169,-0.001485032,0.0082090268,-0.0675913,0.15125817,0.24070897,0.043259753,-0.96963281,2.8945212,0.17781985,3.96
4,1500,0.750000,6,1.5032695,0.54264904,0.21567863,1.3690572,-0.043726739,0.031238385,0.032126937,-0.21152803,-0.10845543,-0.067168877,0.90995771,0.38339816,-0.15805953,1.7295215,0.39876332,3.96
4,1500,0.750000,7,1.5032695,0.60300418,0.5393772,0.94499667,0.011660029,-0.022220148,0.006842975,-0.07310689,-0.081922544,0.098340103,0.30633113,0.95129718,0.03456741,1.536222,1.2592674,3.96
4,1500,0.750000,8,1.5032695,0.19464628,0.94196089,0.21816349,-0.018377264,0.045329791,-0.037155546,-0.1684128,0.099382081,-0.33699532,-0.65879776,0.67260289,0.33703243,1.2270332,2.345826,3.96
4,1500,0.750000,9,1.5032695,0.22082727,1.3281852,0.57278522,0.011639114,-0.023189971,0.01217449,-0.14019255,0.16919704,0.14730995,-0.42532772,0.70759531,-0.56427406,2.17035,2.1120161,3.96
4,1500,0.750000,10,1.5032695,0.55381052,0.93594002,0.55945392,-0.045480006,0.017061946,0.0078941682,0.039442266,-0.0055783091,0.077425477,0.020508318,0.97508749,-0.22087053,1.7935033,1.5497671,3.96
4,1500,0.750000,11,1.5032695,0.53401869,1.2901391,0.12233214,0.028718265,-0.0041648428,-0.050340893,0.31185002,0.096649117,-0.18588995,0.27756725,-0.14901449,-0.94907908,2.821096,-0.49269823,3.96
4,1500,0.750000,12,1.5032695,0.22474733,0.94785882,0.9400741,0.00065573185,0.0070417185,0.0050232431,0.13692352,0.15353861,0.090586289,-0.61458317,0.41187811,-0.67278819,2.3087674,2.5511653,3.96
4,1500,0.750000,13,1.5032695,0.18217188,1.3145227,1.3111082,0.00074054121,0.020922822,0.00037879189,-0.060805592,0.063954999,-0.16455594,-0.66241035,0.68500085,0.30329252,1.2626503,2.3394302,3.96
4,1500,0.750000,14,1.5032695,0.58011051,0.89864054,1.3088069,0.015191185,-0.0011251205,0.012729752,0.021020975,0.079259712,0.14866534,-0.77129392,-0.27075514,0.57601853,0.95694672,-2.8039915,3.96
4,1500,0.750000,15,1.5032695,0.60007727,1.3142528,0.94826257,0.033396949,0.0011806124,-0.032034175,0.23791109,0.072084296,-0.06676522,-0.28894372,-0.80434966,0.51916582,1.0249217,-1.915667,3.96
4,1500,0.750000,16,1.5032695,0.96326341,0.19351034,0.19342779,0.050717785,-0.023501497,-0.004324783,0.23634639,-0.23874635,-0.062301063,-0.70819849,-0.6714769,0.21811389,1.3509149,-2.3828043,3.96
4,1500,0.750000,17,1.5032695,0.92246081,0.54724893,0.58142246,-0.05660675,-0.033988524,0.015678808,-0.061053216,-0.094409174,-0.080878412,-0.56743582,-0.57494547,-0.58945255,2.2011773,-2.3496209,3.96
4,1500,0.750000,18,1.5032695,1.3033098,0.17906924,0.5443516,-0.0051086068,-0.024580482,0.024038482,0.07872696,-0.087947703,0.11809058,0.020304311,0.97602778,-0.2166968,1.7892259,1.5499963,3.96
4,1500,0.750000,19,1.5032695,1.2928945,0.60586894,0.1866954,-0.065025148,-0.010166099,-0.024662012,-0.0021939686,-0.047544249,-0.11222832,0.83111932,-0.48998485,-0.26297436,1.8369001,-0.53269886,3.96
4,1500,0.750000,20,1.5032695,0.94365431,0.20703392,0.93351243,-0.0093461443,0.031030749,0.0017097518,-0.18611655,0.14577064,0.14075471,-0.10840255,0.16726874,0.9799337,0.20066774,2.1458165,3.96
4,1500,0.750000,21,1.5032695,0.94003971,0.57416958,1.3263655,0.0014538237,-0.0064146862,-0.0076425785,0.087737978,-0.060813313,-0.045306868,-0.13265915,0.33280398,0.93361826,0.36641355,1.9501043,3.96
4,1500,0.750000,22,1.5032695,1.3097699,0.19401494,1.2825989,-0.0019324467,0.018115945,-0.038499496,-0.21739736,0.06803004,-0.087435832,-0.41491309,-0.043108243,0.90883927,0.43030331,-3.038067,3.96
4,1500,0.750000,23,1.5032695,1.3428698,0.5689865,0.9563623,0.033448338,0.0069335707,0.0130703,0.045802148,0.21323654,0.016283965,-0.77005644,-0.49918924,0.39726966,1.1622566,-2.5664485,3.96
4,1500,0.750000,24,1.5032695,0.91559261,0.96469011,0.20445427,-0.013515539,0.0050712976,0.017852588,-0.00093049586,-0.070708315,0.16729471,0.47624699,-0.50142462,0.72233105,0.76362914,-0.81114512,3.96
4,1500,0.750000,25,1.5032695,0.90662883,1.3320513,0.55161815,0.033210252,-0.011566261,0.016888988,-0.020920046,0.0044731012,0.014404989,0.11656076,0.45644753,0.88208233,0.49053206,1.3207746,3.96
4,1500,0.750000,26,1.5032695,1.3262759,0.96255569,0.60820831,-0.022123137,0.014013861,0.024023666,-0.16734357,-0.10379481,-0.085553053,-0.24314264,-0.9677534,0.065840873,1.5049078,-1.8169459,3.96
4,1500,0.750000,27,1.5032695,1.2906744,1.3000178,0.14095198,0.028907215,-0.0082980152,-0.044592512,0.15891735,-0.10470529,-0.1312613,-0.64818779,0.60619169,0.46085163,1.0918418,2.3896616,3.96
4,1500,0.750000,28,1.5032695,0.96409711,0.9424573,0.93387416,0.018676592,-0.019793598,0.0059738836,0.049176677,0.22055885,-0.028557114,0.41343424,-0.66126318,0.62594181,0.89445773,-1.0120396,3.96
4,1500,0.750000,29,1.5032695,0.97162586,1.3257443,1.2928584,0.024359611,0.00023676917,-0.018062281,-0.14084918,-0.0051287767,0.10622343,0.20384288,-0.95834678,-0.2000488,1.7722041,-1.3612171,3.96
4,1500,0.750000,30,1.5032695,1.3493838,0.90603733,1.3124449,0.057761396,-0.031558586,0.024287553,0.19619089,-0.18366157,0.27303442,0.97227057,-0.12545867,0.19735769,1.3721345,-0.12832769,3.96
4,1500,0.750000,31,1.5032695,1.3040005,1.3199048,0.96421698,-0.0079250003,0.0085195824,0.039978567,0.044795338,0.026053857,0.23385568,-0.75613678,0.31537071,-0.57340953,2.1814578,2.7464481,3.96
5,1600,0.800000,0,1.4998398,0.13288613,0.21276174,0.19966779,-0.049222075,0.023450686,0.042135776,-0.010287222,0.017524176,0.079024832,0.9477776,0.28856694,0.13581876,1.4345565,0.29554984,3.96
5,1600,0.800000,1,1.4998398,0.1752412,0.54956677,0.56240298,-0.020311451,-0.0082663642,-0.0094314504,0.0073238586,-0.010977859,-0.27301056,0.61858605,-0.46990361,0.62971573,0.88960911,-0.64964314,3.96
5,1600,0.800000,2,1.4998398,0.54400768,0.18041541,0.56363786,-0.021006164,-0.0208215,-0.043895825,-0.074007999,-0.38557451,-0.13660335,-0.025856873,-0.094198231,0.99521762,0.097838587,-1.8386923,3.96
5,1600,0.800000,3,1.4998398,0.55062625,0.56802496,0.21160197,-0.026671842,-0.0011051088,-0.0024060436,-0.11027185,0.17771053,-0.017944068,-0.77365797,0.63114062,0.055810955,1.5149564,2.457299,3.96
5,1600,0.800000,4,1.4998398,0.17344946,0.14415326,0.91342283,0.0264866,0.001487643,-0.00052926809,0.20322156,0.12968436,0.087868544,-0.049108819,-0.65000194,0.75834412,0.71002724,-1.6462049,3.96
5,1600,0.800000,5,1.4998398,0.18722362,0.53020592,1.279523,0.024540325,0.010243516,0.0058609854,0.12466701,-0.08016311,0.1447878,0.10546081,-0.026035698,-0.99408257,3.0327508,-0.24203587,3.96
5,1600,0.800000,6,1.4998398,0.53151042,0.2086928,1.362436,-0.053638636,0.024737192,0.028625278,-0.18204347,-0.1664863,-0.13558031,0.90008755,0.38430428,-0.20531103,1.7775778,0.40353233,3.96
5,1600,0.800000,7,1.4998398,0.59587156,0.53849247,0.94818019,0.0058965694,-0.021873901,0.012188595,-0.13091725,0.059957303,0.093754856,0.2290551,0.97299519,0.028532933,1.5422595,1.3395936,3.96
5,1600,0.800000,8,1.4998398,0.18370363,0.94546632,0.20067792,-0.028887833,0.050990756,-0.054162803,-0.23033233,0.13283965,-0.33591711,-0.6351246,0.62941131,0.44772553,1.1065763,2.3607126,3.96
5,1600,0.800000,9,1.4998398,0.21197139,1.3329531,0.57630948,0.0032774909,-0.015383,0.017011078,-0.2007091,0.1221409,0.066260614,-0.48676277,0.53956481,-0.68697295,2.3281116,2.3047923,3.96
5,1600,0.800000,10,1.4998398,0.55561556,0.93342506,0.5626603,-0.042407948,0.016681876,0.012382054,0.102978,0.027007412,0.10718697,0.11208681,0.97379026,-0.19791181,1.7700235,1.456197,3.96
5,1600,0.800000,11,1.4998398,0.54921902,1.2944778,0.11786573,0.045155719,0.0031255797,-0.054532994,0.29180408,0.12574773,0.0066338112,0.30246263,0.032408645,-0.95261012,2.8325005,0.106742,3.96
5,1600,0.800000,12,1.4998398,0.2309468,0.9492105,0.94100334,0.0073756289,0.010559942,0.0081007558,0.10368595,0.029592095,0.028887793,-0.6674052,0.37661964,-0.64243906,2.2684731,2.6278336,3.96
5,1600,0.800000,13,1.4998398,0.18063053,1.3136852,1.3013646,-0.00038648111,0.023086762,-0.0063812332,0.033809798,0.036056035,-0.068379723,-0.52528416,0.7137679,0.46326228,1.0891235,2.2052325,3.96
5,1600,0.800000,14,1.4998398,0.58049402,0.90128913,1.3139849,0.016900156,0.003579069,0.0209031,-0.0068791058,0.15163863,0.14071796,-0.85789669,-0.14166163,0.49390814,1.0542177,-2.9779427,3.96
5,1600,0.800000,15,1.4998398,0.60977066,1.3148587,0.94489823,0.044472046,0.0047890714,-0.033236447,0.1528384,0.03385903,0.058524242,-0.44441452,-0.81985262,0.36102274,1.201432,-2.0675281,3.96
5,1600,0.800000,16,1.4998398,0.96880505,0.1801509,0.19020847,0.058465942,-0.036434212,-0.0071059751,0.09044921,-0.28257992,-0.07491163,-0.74478243,-0.59275484,0.30649768,1.2592849,-2.4693711,3.96
5,1600,0.800000,17,1.4998398,0.9194516,0.54075245,0.57554972,-0.057512421,-0.039242465,0.011127372,0.00039104952,-0.07084496,-0.091767789,-0.7170615,-0.53370958,-0.44830446,2.0356639,-2.5017489,3.96
5,1600,0.800000,18,1.4998398,1.3037084,0.17325815,0.5477262,-0.0017327591,-0.029989207,0.028660289,0.022182129,-0.10872756,0.11032828,-0.091769305,0.96546435,-0.24383801,1.8171177,1.6655636,3.96
5,1600,0.800000,19,1.4998398,1.2916506,0.601972,0.18201005,-0.063317447,-0.012683638,-0.02892629,0.010445334,-0.012987679,-0.039311945,0.83981044,-0.43084506,-0.33028921,1.9074063,-0.47401447,3.96
5,1600,0.800000,20,1.4998398,0.93393978,0.20970823,0.93650587,-0.016916395,0.034181004,0.0068388364,-0.090231743,0.00018809561,0.064412923,-0.062659453,0.29477317,0.95351066,0.30611791,1.7802471,3.96
5,1600,0.800000,21,1.4998398,0.94336225,0.5690664,1.3225941,0.0069272981,-0.010212248,-0.0083887314,0.13107604,-0.10863828,0.042744385,-0.17461994,0.35460703,0.91856504,0.40636163,2.0283714,3.96
5,1600,0.800000,22,1.4998398,1.2965116,0.19770255,1.2791363,-0.012214261,0.022250915,-0.039036542,-0.16911795,0.077031251,0.053803389,-0.38841429,-0.2010705,0.89928026,0.4526752,-2.663909,3.96
5,1600,0.800000,23,1.4998398,1.3413131,0.57915186,0.95052184,0.034957106,0.018410168,0.0094075739,-0.027313441,0.23405749,-0.13347595,-0.72523267,-0.56086107,0.39933999,1.1599995,-2.4833122,3.96
5,1600,0.800000,24,1.4998398,0.91394777,0.95649772,0.21112458,-0.013070958,-0.00092701847,0.024997515,0.042321284,-0.14754048,0.17084827,0.15490199,-0.36163878,0.91935997,0.40434578,-1.1661056,3.96
5,1600,0.800000,25,1.4998398,0.90330733,1.3310053,0.54859334,0.03195578,-0.0095709889,0.01512066,-0.00026135315,0.055914853,-0.070117408,-0.014466364,0.47936245,0.87749779,0.50017679,1.6009655,3.96
5,1600,0.800000,26,1.4998398,1.3146349,0.95384407,0.59932258,-0.0307481,0.0074908418,0.016516983,-0.17982179,-0.14558632,-0.19682194,-0.079157204,-0.99618902,0.036627518,1.5341606,-1.6500897,3.96
5,1600,0.800000,27,1.4998398,1.2945905,1.2920412,0.1368945,0.035775835,-0.013314362,-0.048332686,0.097930743,-0.069274448,0.0034021267,-0.6239475,0.47015607,0.62421374,0.89667161,2.4958434,3.96
5,1600,0.800000,28,1.4998398,0.96662191,0.95311001,0.92765431,0.023406364,-0.0069760579,0.0018799745,0.13871488,0.25576662,-0.14645495,0.56147253,-0.5805614,0.58965843,0.94016047,-0.80211141,3.96
5,1600,0.800000,29,1.4998398,0.95713224,1.3240397,1.2984166,0.012068695,0.0015583539,-0.0095447076,-0.27999725,0.031200423,0.21035835,0.053911582,-0.98180668,-0.18206918,1.7538867,-1.5159408,3.96
5,1600,0.800000,30,1.4998398,1.3534259,0.89714605,1.320182,0.064890285,-0.038390559,0.035031229,0.085022762,-0.078292892,0.13885212,0.94675431,0.029504862,0.32060216,1.2444312,0.031154139,3.96
5,1600,0.800000,31,1.4998398,1.3043521,1.3169952,0.97119413,-0.0045945434,0.0086214365,0.049166043,0.037472024,-0.011711505,0.13794005,-0.68347045,0.37908544,-0.6238288,2.2444284,2.635188,3.96
6,1700,0.850000,0,1.48884,0.13359314,0.21146854,0.19760984,-0.047534273,0.023718863,0.041539988,0.02951356,-0.016145336,-0.033884971,0.97391837,0.22232649,-0.045320453,1.6161323,0.22443459,3.96
6,1700,0.850000,1,1.48884,0.17443124,0.5440414,0.54510685,-0.019834443,-0.0097667534,-0.022651586,0.02260964,-0.03112249,-0.28090222,0.54933509,-0.53296197,0.64357013,0.87164268,-0.7702712,3.96
6,1700,0.850000,2,1.48884,0.53665878,0.15739694,0.55323816,-0.02437773,-0.042596956,-0.050184966,-0.045992118,-0.45327381,-0.091092811,0.016503828,-0.22838877,0.97343012,0.23103413,-1.4986597,3.96
6,1700,0.850000,3,1.48884,0.54494347,0.5733453,0.20748596,-0.028322423,0.0084161556,-0.0049796421,0.01258173,0.17890031,-0.1165629,-0.82781614,0.5608569,-0.012648197,1.5834449,2.546118,3.96
6,1700,0.850000,4,1.48884,0.18321714,0.15164288,0.91313031,0.037567137,0.010066053,0.0059008877,0.21192109,0.21551176,0.17017229,-0.096824718,-0.57602615,0.81167656,0.62377961,-1.7373304,3.96
6,1700,0.850000,5,1.48884,0.19145665,0.52497365,1.2769567,0.030167163,0.0088948038,0.012703911,0.03792376,0.028626541,0.14055503,0.039056335,-0.23154103,-0.97204082,2.9045676,-1.4036894,3.96
6,1700,0.850000,6,1.48884,0.52053603,0.20005888,1.3439411,-0.060741082,0.017607586,0.020090996,-0.057785414,-0.14524467,-0.23127045,0.8861469,0.43250998,-0.16636944,1.737943,0.45406567,3.96
6,1700,0.850000,7,1.48884,0.58361483,0.53971145,0.94433229,-0.0020191894,-0.016686545,0.015306094,-0.1456165,0.17643389,0.045321854,0.2892934,0.95723798,-0.0021846264,1.572981,1.277307,3.96
6,1700,0.850000,8,1.48884,0.17100155,0.94832369,0.18636584,-0.040284587,0.060818312,-0.067050557,-0.21921766,0.25738816,-0.16223978,-0.50621943,0.51902406,0.68873501,0.81105351,2.3437058,3.96
6,1700,0.850000,9,1.48884,0.20028952,1.3262613,0.57127209,-0.0068871909,-0.012287535,0.016197332,-0.19674652,-0.016257769,-0.063617183,-0.56771426,0.33426208,-0.75230936,2.4223568,2.6094597,3.96
6,1700,0.850000,10,1.48884,0.5571849,0.9284424,0.56247228,-0.036742887,0.018551817,0.016335122,0.1056756,0.03029052,0.055621751,0.15387661,0.98009345,-0.12545442,1.6965822,1.4150656,3.96
6,1700,0.850000,11,1.48884,0.55779983,1.288485,0.122312,0.057811059,0.0066393499,-0.049202677,0.22123189,0.01096358,0.18827329,0.4411618,0.13457998,-0.88727926,2.6622088,0.29609076,3.96
6,1700,0.850000,12,1.48884,0.23318014,0.93879059,0.93504116,0.011317238,0.007088731,0.009043346,0.020205531,-0.13137934,-0.0079097842,-0.73177591,0.43619467,-0.5236776,2.1219584,2.6040628,3.96
6,1700,0.850000,13,1.48884,0.18506563,1.3055896,1.2920883,0.0053946411,0.024631383,-0.0061124131,0.14741091,0.020551126,0.10580719,-0.48583942,0.66548953,0.56664252,0.968371,2.2014055,3.96
6,1700,0.850000,14,1.48884,0.57468307,0.9024184,1.3122833,0.01534079,0.011346955,0.02886755,-0.050417046,0.16283851,0.13243974,-0.90454119,-0.08156893,0.41851134,1.1389907,-3.0516588,3.96
6,1700,0.850000,15,1.48884,0.60794203,1.3057447,0.94546836,0.047125228,0.0053200973,-0.025708748,-0.069004085,0.001674538,0.19434736,-0.51042359,-0.85800504,0.057403032,1.5133617,-2.1074543,3.96
6,1700,0.850000,16,1.48884,0.96100452,0.16708107,0.18644885,0.057768031,-0.048226222,-0.009479341,-0.12176326,-0.19118267,-0.0046687987,-0.7987135,-0.46378638,0.38335225,1.1773732,-2.6155101,3.96
6,1700,0.850000,17,1.48884,0.91393,0.53503057,0.56959923,-0.056286276,-0.041004963,0.0093915616,0.10867244,0.012271027,-0.014595018,-0.79306959,-0.48859792,-0.36374812,1.9430848,-2.5894301,3.96
6,1700,0.850000,18,1.48884,1.2930826,0.16711101,0.55137745,-0.0028011349,-0.034883694,0.036356872,-0.080290747,-0.05783792,0.19774215,-0.13237422,0.97090114,-0.19956965,1.771715,1.7063024,3.96
6,1700,0.850000,19,1.48884,1.2832244,0.59843812,0.18459422,-0.062266806,-0.011799423,-0.02499279,0.028265848,-0.015573921,0.1508861,0.82668499,-0.37578595,-0.41878019,2.002898,-0.42664759,3.96
6,1700,0.850000,20,1.48884,0.92619317,0.20672688,0.92907014,-0.017816826,0.032732311,0.0062693226,0.0441824,-0.050685253,-0.055720303,-0.14809967,0.28875094,0.94588022,0.33049996,2.0447087,3.96
6,1700,0.850000,21,1.48884,0.94192798,0.56131228,1.315894,0.012431884,-0.01380608,-0.0053778606,0.078656986,-0.0059253214,0.095063442,-0.17806236,0.44365154,0.87833201,0.49843454,1.9524714,3.96
6,1700,0.850000,22,1.48884,1.2827286,0.1987741,1.2729313,-0.01650449,0.024781726,-0.035848588,0.023248723,0.035035759,0.062163975,-0.40422853,-0.33241826,0.85211349,0.55078588,-2.4533701,3.96
6,1700,0.850000,23,1.48884,1.3271553,0.584495,0.93323262,0.030620452,0.028036219,-0.0009486535,-0.08001854,0.11353215,-0.20672009,-0.69902435,-0.63202502,0.33452852,1.2296914,-2.4064878,3.96
6,1700,0.850000,24,1.48884,0.91003982,0.94148641,0.2167233,-0.010265722,-0.0089529348,0.032171017,0.098696901,-0.17819072,0.072475228,-0.1228557,-0.22156618,0.96737527,0.25613937,-2.0770784,3.96
6,1700,0.850000,25,1.48884,0.90125514,1.3241702,0.54143072,0.036545313,-0.0066337093,0.011969813,0.1537227,0.078088771,-0.079853942,-0.085615306,0.43308396,0.89727828,0.45723117,1.7659674,3.96
6,1700,0.850000,26,1.48884,1.2953592,0.94035122,0.58299525,-0.04041796,0.00096945236,0.0045409894,-0.19731004,-0.10842842,-0.2469369,0.021685441,-0.99961614,-0.017242864,1.58804,-1.549106,3.96
6,1700,0.850000,27,1.48884,1.2909401,1.2806135,0.1386373,0.041641512,-0.015273536,-0.045575759,0.11370512,-0.031556577,0.12792636,-0.54915441,0.25941924,0.79443759,0.65271532,2.7002698,3.96
6,1700,0.850000,28,1.48884,0.96407224,0.95625176,0.91307418,0.027962641,0.003193201,-0.0059254936,0.048993935,0.1774391,-0.11473412,0.6513524,-0.50395544,0.56724683,0.96763739,-0.65850131,3.96
6,1700,0.850000,29,1.48884,0.93487139,1.3170114,1.2979602,-0.0032288746,0.0042504706,-0.00044502339,-0.29336734,0.022497822,0.14522976,0.043009288,-0.9735248,-0.22449868,1.7972249,-1.5266461,3.96
6,1700,0.850000,30,1.48884,1.3472892,0.88729408,1.3106635,0.068693515,-0.041674976,0.035195534,0.020131292,-0.060023222,-0.15643281,0.90506132,0.31616326,0.2844377,1.2823765,0.33607603,3.96
6,1700,0.850000,31,1.48884,1.2951511,1.3052827,0.96755172,-0.0042281471,0.0065601308,0.052659207,0.0049366843,-0.022784058,0.011725278,-0.50111532,0.55183925,-0.66660099,2.3004359,2.3080587,3.96
7,1800,0.900000,0,1.4852096,0.13738076,0.20710973,0.19209254,-0.043415868,0.019871001,0.036498391,0.12794714,-0.11967592,-0.15056491,0.97975446,0.17523626,-0.096816613,1.6677648,0.1769859,3.96
7,1800,0.900000,1,1.4852096,0.17787028,0.54270923,0.52972409,-0.015965348,-0.0097723349,-0.036722327,0.12598852,-7.6241453e-05,-0.24530286,0.46325009,-0.58384336,0.66672805,0.84098632,-0.90006252,3.96
7,1800,0.900000,2,1.4852096,0.53462555,0.13953964,0.54917646,-0.025103253,-0.060091814,-0.05290096,0.031509809,-0.25311339,-0.040566915,0.064290038,-0.36592199,0.92842226,0.38065291,-1.396878,3.96
7,1800,0.900000,3,1.4852096,0.54600387,0.57902034,0.19843638,-0.025930303,0.015497885,-0.013533727,0.038454497,0.10415156,-0.20722237,-0.87062913,0.49006989,0.042853484,1.5279297,2.6289057,3.96
7,1800,0.900000,4,1.4852096,0.19043222,0.16136825,0.92032194,0.045238343,0.02017352,0.015330618,0.098079088,0.1748768,0.15762158,-0.0041657123,-0.57360692,0.81912011,0.61092091,-1.5780585,3.96
7,1800,0.900000,5,1.4852096,0.1908736,0.52561293,1.2792585,0.030050818,0.010816523,0.018126096,-0.0013875291,0.048516697,0.094307823,-0.060838738,-0.3839408,-0.92135124,2.7423386,-1.7279483,3.96
7,1800,0.900000,6,1.4852096,0.5194099,0.19392412,1.3291879,-0.06059776,0.011953744,0.0086008895,0.069768634,-0.055341713,-0.21443461,0.85745863,0.51190999,-0.052085155,1.6229051,0.53821688,3.96
7,1800,0.900000,7,1.4852096,0.57513123,0.54678913,0.9448292,-0.0090883293,-0.0082825755,0.018109095,-0.086698336,0.17508522,0.056397534,0.41606855,0.90908214,-0.021368802,1.5921668,1.1415742,3.96
7,1800,0.900000,8,1.4852096,0.1612984,0.95740226,0.18124538,-0.049582108,0.072223199,-0.071722282,-0.12595778,0.19071586,-0.027414582,-0.30452722,0.29450959,0.90582961,0.43746242,2.3729158,3.96
7,1800,0.900000,9,1.4852096,0.18808885,1.3154328,0.56563653,-0.018613795,-0.019891336,0.011949577,-0.26910111,-0.25016967,-0.13928895,-0.6508992,0.27696309,-0.70683922,2.3558162,2.7392914,3.96
7,1800,0.900000,10,1.4852096,0.55742876,0.92893834,0.56312943,-0.035138435,0.021315043,0.018366287,-0.017541894,0.073177561,0.044695013,0.11103732,0.99378377,-0.0080332827,1.5788297,1.459526,3.96
7,1800,0.900000,11,1.4852096,0.56300111,1.2830188,0.13942638,0.064380503,0.0043121766,-0.031768769,-0.005676065,-0.11046647,0.50342937,0.63247225,0.1648617,-0.75683517,2.4292537,0.25498836,3.96
7,1800,0.900000,12,1.4852096,0.23062044,0.93045987,0.93127088,0.0093236897,0.0010397828,0.0075512469,-0.091297292,-0.12114261,-0.071406539,-0.80603557,0.49496634,-0.32452269,1.9013034,2.5908881,3.96
7,1800,0.900000,13,1.4852096,0.19231694,1.3018596,1.2988688,0.01310663,0.024084345,0.0038308472,0.15089618,-0.039380462,0.26031439,-0.52363585,0.59803267,0.6067639,0.91881326,2.2899646,3.96
7,1800,0.900000,14,1.4852096,0.57075538,0.90959334,1.3116645,0.01281133,0.02073382,0.031451827,-0.069795639,0.17992715,-0.011655125,-0.93961196,-0.0041578354,0.34221643,1.2215216,-3.1371676,3.96
7,1800,0.900000,15,1.4852096,0.59817007,1.3023808,0.95631419,0.038825538,0.0051399561,-0.012541415,-0.25600287,-0.025807541,0.32368216,-0.48100379,-0.85678205,-0.18590286,1.757787,-2.0823554,3.96
7,1800,0.900000,16,1.4852096,0.95341014,0.1657989,0.18955192,0.052510552,-0.049102053,-0.0059172838,-0.102051,0.13022608,0.12281452,-0.85978011,-0.29694268,0.41545541,1.1423529,-2.8090481,3.96
7,1800,0.900000,17,1.4852096,0.9189029,0.535005,0.56878776,-0.049076044,-0.039724353,0.0099697013,0.13440292,0.068079663,0.032674927,-0.79524037,-0.47445847,-0.37746776,1.9578566,-2.6036601,3.96
7,1800,0.900000,18,1.4852096,1.2855352,0.16453877,0.55969796,-0.007200834,-0.037051089,0.046033685,-0.055925879,0.0038113528,0.1716542,-0.095907091,0.9842981,-0.14818595,1.71953,1.6679268,3.96
7,1800,0.900000,19,1.4852096,1.283509,0.59459795,0.19409192,-0.058848979,-0.014183262,-0.015032817,0.064447546,-0.084219947,0.23951877,0.73398664,-0.30974376,-0.60441907,2.2198328,-0.39932849,3.96
7,1800,0.900000,20,1.4852096,0.92677426,0.20476182,0.92267526,-0.014973828,0.031269557,0.0021348388,0.086895209,0.010349184,-0.1015773,-0.36298057,0.17735353,0.91476272,0.41587614,2.6871039,3.96
7,1800,0.900000,21,1.4852096,0.94227257,0.55872658,1.3158158,0.015076504,-0.015024557,-0.002243538,0.031205305,-0.01028067,0.081359387,-0.055592506,0.56908653,0.82039624,0.60869268,1.6681746,3.96
7,1800,0.900000,22,1.4852096,1.2833074,0.19708472,1.2736203,-0.012793304,0.023575562,-0.032051017,0.14043791,-0.092227785,0.071147278,-0.41771381,-0.47603145,0.77389226,0.68583222,-2.291036,3.96
7,1800,0.900000,23,1.4852096,1.321058,0.58507024,0.91709107,0.027755826,0.030039136,-0.014831558,-0.048361541,-0.019467237,-0.29759075,-0.68309773,-0.66435542,0.30333046,1.2626105,-2.370103,3.96
7,1800,0.900000,24,1.4852096,0.91305952,0.9299414,0.21741849,-0.005020573,-0.018213524,0.03339616,0.10285861,-0.20417081,-0.020628614,-0.22836363,-0.16589347,0.95933801,0.28614887,-2.5133384,3.96
7,1800,0.900000,25,1.4852096,0.90810378,1.3224368,0.53810194,0.045602628,-0.0051363693,0.0099588041,0.21492187,-0.034419941,-0.020817042,0.0044733668,0.30272941,0.95306605,0.30758983,1.5560206,3.96
7,1800,0.900000,26,1.4852096,1.2843832,0.93545251,0.5667641,-0.048244876,-0.0016394812,-0.010286689,-0.11490959,-0.014123937,-0.2959283,0.004716901,-0.99513611,-0.098396504,1.6693523,-1.5660564,3.96
7,1800,0.900000,27,1.4852096,1.2915632,1.278653,0.14650081,0.045417057,-0.014109898,-0.037364171,0.0073864166,0.043866837,0.17604855,-0.44551496,0.032918895,0.89466908,0.46310643,3.0678371,3.96
7,1800,0.900000,28,1.4852096,0.96269336,0.9612237,0.90520732,0.028935751,0.010505801,-0.011572803,-0.034387872,0.073863104,-0.11700052,0.69375911,-0.44755546,0.56426271,0.97125639,-0.57293453,3.96
7,1800,0.900000,29,1.4852096,0.92246612,1.3153674,1.2983636,-0.013366922,0.0058197265,0.0031276314,-0.1138223,0.071675748,-0.0029702573,0.14301265,-0.9591478,-0.24409605,1.8173838,-1.4227829,3.96
7,1800,0.900000,30,1.4852096,1.3440544,0.88381589,1.2935252,0.068743978,-0.042991191,0.02123618,-0.053423162,0.010573752,-0.36580984,0.80640735,0.59003668,0.039546112,1.5312399,0.63167652,3.96
7,1800,0.900000,31,1.4852096,1.291166,1.3024697,0.9652297,-0.0050562048,0.0069303515,0.052696517,-0.0040007985,0.045185663,0.0068022583,-0.29210346,0.69193107,-0.66023251,2.2919246,1.9702564,3.96
8,1900,0.950000,0,1.4824641,0.14440254,0.20195685,0.18310254,-0.036133395,0.015096558,0.027855485,0.18118443,-0.062463327,-0.18194432,0.9857337,0.15393826,-0.068059494,1.6389085,0.15491491,3.96
8,1900,0.950000,1,1.4824641,0.18445465,0.5440461,0.5184644,-0.0090457648,-0.0074300615,-0.047012314,0.16215335,0.056682753,-0.17008739,0.35076579,-0.62272895,0.69940833,0.796227,-1.0578206,3.96
8,1900,0.950000,2,1.4824641,0.53593015,0.13297481,0.54736705,-0.022808247,-0.06640453,-0.053695926,0.073198755,-0.054199298,-0.013958077,0.10454593,-0.4169588,0.90289285,0.444344,-1.3251265,3.96
8,1900,0.950000,3,1.4824641,0.54934546,0.58189356,0.18516196,-0.021575363,0.019445116,-0.02645328,0.10314046,0.045740923,-0.31268056,-0.85916049,0.48646627,0.15872564,1.4113965,2.6263885,3.96
8,1900,0.950000,4,1.4824641,0.19504575,0.16958111,0.92598253,0.050208493,0.028692561,0.022699291,0.087994305,0.12243989,0.07862823,0.29325856,-0.59095752,0.75151089,0.72044702,-1.1101588,3.96
8,1900,0.950000,5,1.4824641,0.19391497,0.52981834,1.2822493,0.033448173,0.015998358,0.0234866,0.077771956,0.19120786,0.10467374,-0.25558505,-0.40381999,-0.87841089,2.6433232,-2.1350694,3.96
8,1900,0.950000,6,1.4824641,0.52451198,0.19236965,1.3161606,-0.054529901,0.01075665,-0.0019791665,0.15515954,-0.0043594876,-0.15333846,0.79776673,0.60256268,0.022056063,1.5487385,0.64689205,3.96
8,1900,0.950000,7,1.4824641,0.57214274,0.55357287,0.9437883,-0.011015434,-0.00048083657,0.018815427,0.0066987942,0.12031353,0.0017195313,0.52606145,0.85043037,0.0052477387,1.5655486,1.0168251,3.96
8,1900,0.950000,8,1.4824641,0.15603203,0.95977201,0.18392196,-0.054554917,0.076366605,-0.068707874,-0.075477519,-0.037487812,0.12829022,-0.09412885,0.023422569,0.99528445,0.09715202,2.8977106,3.96
8,1900,0.950000,9,1.4824641,0.1741555,1.3010428,0.55937961,-0.032212032,-0.031860787,0.0067334443,-0.27288519,-0.21779981,-0.058120043,-0.64920148,0.40846974,-0.64163067,2.2674187,2.5799874,3.96
8,1900,0.950000,10,1.4824641,0.55228263,0.92809781,0.56448354,-0.03925793,0.022192534,0.020763594,-0.11358633,-0.015566291,0.050808036,0.052341389,0.98793132,0.14578097,1.424494,1.517865,3.96
8,1900,0.950000,11,1.4824641,0.55836801,1.2758036,0.16867763,0.060784819,-0.00053574056,-0.0022324556,-0.11198669,-0.076568594,0.63724865,0.78596962,0.15574313,-0.59832753,2.2122085,0.19562006,3.96
8,1900,0.950000,12,1.4824641,0.22111092,0.92321747,0.92229765,0.00023207704,-0.00448772,0.000292821,-0.22487504,-0.12336839,-0.17721776,-0.85949688,0.49061018,-0.14341121,1.7147037,2.6229123,3.96
8,1900,0.950000,13,1.4824641,0.20290671,1.2956314,1.3087084,0.024062044,0.020259091,0.016082779,0.25227904,-0.077315247,0.26354256,-0.54107244,0.5273932,0.65505498,0.85654094,2.3689965,3.96
8,1900,0.950000,14,1.4824641,0.56765194,0.91404904,1.3071992,0.010761068,0.026876646,0.029409353,-0.039055779,0.063461359,-0.060033685,-0.96242166,0.026221933,0.27029051,1.2971016,3.1143536,3.96
8,1900,0.950000,15,1.4824641,0.58284827,1.2981074,0.97240536,0.024596335,0.0032724015,0.0053341024,-0.35157709,-0.010195965,0.3288677,-0.37348055,-0.91363957,-0.16054598,1.7320401,-1.9588515,3.96
8,1900,0.950000,16,1.4824641,0.94696931,0.17684526,0.1946438,0.047827823,-0.037738689,-0.00046997178,-0.085271653,0.25975591,0.078558142,-0.93352856,-0.17514649,0.31280686,1.2526496,-2.956131,3.96
8,1900,0.950000,17,1.4824641,0.92150294,0.54040389,0.57117854,-0.044773365,-0.033330552,0.013415117,0.004201055,0.17801293,0.075548587,-0.69053138,-0.49296304,-0.52929561,2.1285665,-2.5216056,3.96
8,1900,0.950000,18,1.4824641,1.2804005,0.16712583,0.56450229,-0.0099616481,-0.034157198,0.051878049,-0.0089367366,0.088086149,0.050253074,0.0015360422,0.9974725,-0.071036981,1.6418932,1.5692564,3.96
8,1900,0.950000,19,1.4824641,1.2840048,0.58530766,0.20283728,-0.055977954,-0.02238199,-0.005920235,0.059202521,-0.21382593,0.10418764,0.5745186,-0.17429539,-0.79971838,2.4976223,-0.29455154,3.96
8,1900,0.950000,20,1.4824641,0.92876604,0.20381459,0.91573771,-0.011265418,0.030700315,-0.0031019317,0.023266068,-0.018063684,-0.090140555,-0.53792681,0.032250145,0.84237442,0.56912204,3.0817117,3.96
8,1900,0.950000,21,1.4824641,0.93922571,0.55667642,1.3174278,0.013770282,-0.016042821,0.0018045829,-0.091476901,-0.061969455,0.08209392,0.12781326,0.65121811,0.74804996,0.72567752,1.3769918,3.96
8,1900,0.950000,22,1.4824641,1.2879015,0.19043629,1.2726438,-0.0058204576,0.017285641,-0.030671917,0.12625322,-0.13394954,0.032114036,-0.43523381,-0.54312442,0.71804414,0.76980824,-2.2463611,3.96
8,1900,0.950000,23,1.4824641,1.3175338,0.58040072,0.900735,0.026672632,0.026447832,-0.029505897,-0.013333983,-0.12682402,-0.25544058,-0.6886052,-0.65937795,0.3017343,1.2642851,-2.3778733,3.96
8,1900,0.950000,24,1.4824641,0.91731924,0.91935073,0.21257501,0.00093250401,-0.027093358,0.028950479,0.15705487,-0.1316899,-0.12991033,-0.25334947,-0.25716795,0.93256565,0.36934043,-2.348715,3.96
8,1900,0.950000,25,1.4824641,0.918275,1.3168112,0.53992925,0.057463508,-0.0083203212,0.012783448,0.20825451,-0.081882614,0.099139177,0.28061649,0.11598096,0.95278686,0.30851062,0.39192563,3.96
8,1900,0.950000,26,1.4824641,1.2781607,0.93626669,0.55137712,-0.052096712,0.00090629089,-0.024639243,-0.0085695144,0.14949456,-0.24757952,-0.085123184,-0.98110293,-0.17375583,1.7454386,-1.6573423,3.96
8,1900,0.950000,27,1.4824641,1.2833515,1.2783009,0.15665891,0.039587463,-0.012096443,-0.026925593,-0.19863749,0.039502654,0.1774193,-0.35335536,-0.14991368,0.92339909,0.39395264,-2.740351,3.96
8,1900,0.950000,28,1.4824641,0.95730738,0.95885972,0.89950934,0.025326025,0.0099181622,-0.015601169,-0.074929447,-0.094399986,-0.073578272,0.70932436,-0.4502188,0.54236701,0.99754437,-0.56555489,3.96
8,1900,0.950000,29,1.4824641,0.91975027,1.3171715,1.294364,-0.014378475,0.010059307,0.001526718,0.083902587,0.09891601,-0.021390743,0.28677754,-0.93485748,-0.20928481,1.7816398,-1.2731486,3.96
8,1900,0.950000,30,1.4824641,1.3384535,0.88326797,1.2720598,0.065624831,-0.041904315,0.002144216,-0.054602401,0.04552891,-0.36778102,0.61997991,0.74066699,-0.25891567,1.8326958,0.87386495,3.96
8,1900,0.950000,31,1.4824641,1.2877469,1.3030933,0.9636259,-0.0060893939,0.0099644967,0.052877169,0.0090815679,0.078988321,-0.015523236,-0.097992202,0.77473864,-0.62464196,2.2454693,1.6966124,3.96
9,2000,1.000000,0,1.4856781,0.15441268,0.19988847,0.17417308,-0.026446808,0.012593051,0.018539151,0.22549058,-0.036280182,-0.19208749,0.9828563,0.18421327,-0.007678618,1.578475,0.1852769,3.96
9,2000,1.000000,1,1.4856781,0.1930259,0.54891091,0.51604443,-0.00088324842,-0.0037487261,-0.050552473,0.17765818,0.079813533,-0.0006625326,0.23604013,-0.64541617,0.72644547,0.75766091,-1.2201883,3.96
9,2000,1.000000,2,1.4856781,0.54147929,0.1330017,0.54712726,-0.018425743,-0.066665645,-0.055120854,0.088686559,0.048466351,-0.014557157,0.15556369,-0.44428949,0.88227365,0.4901258,-1.2339964,3.96
9,2000,1.000000,3,1.4856781,0.55690802,0.58266804,0.16814711,-0.015210673,0.018958584,-0.043850722,0.15451265,-0.094233342,-0.33599474,-0.78156173,0.57341018,0.24568686,1.3225681,2.5086234,3.96
9,2000,1.000000,4,1.4856781,0.19693883,0.1737379,0.92679544,0.051677121,0.032477602,0.021505978,-0.0070955724,0.042863448,-0.098943343,0.63495441,-0.48996387,0.59730085,0.9306649,-0.65721503,3.96
9,2000,1.000000,5,1.4856781,0.19836538,0.54313076,1.2922541,0.03747382,0.028148986,0.030703705,0.086369682,0.24142887,0.15009859,-0.49200678,-0.32685221,-0.80690579,2.5096912,-2.5552132,3.96
9,2000,1.000000,6,1.4856781,0.53402858,0.19510859,1.3156621,-0.046159499,0.013076019,-0.0053274266,0.21934088,0.079094809,0.0031786284,0.79463062,0.60666659,-0.022755579,1.5935539,0.65205833,3.96
9,2000,1.000000,7,1.4856781,0.57547896,0.55775807,0.9463241,-0.0089218751,0.0025009918,0.019304568,0.083938604,-0.0092466018,0.014829541,0.51999385,0.85246524,0.053939007,1.5168311,1.0230648,3.96
9,2000,1.000000,8,1.4856781,0.15375879,0.9564559,0.19139837,-0.0571636,0.070975561,-0.061637854,-0.029723363,-0.17643727,0.14697052,0.20342601,-0.1809594,0.9622222,0.27574658,-0.72701645,3.96
9,2000,1.000000,9,1.4856781,0.16344384,1.2963367,0.5588929,-0.043289256,-0.039379319,0.0050358432,-0.14441073,-0.067670007,-0.033098184,-0.50455517,0.62177322,-0.59901765,2.2130701,2.2524968,3.96
9,2000,1.000000,10,1.4856781,0.54702156,0.92915433,0.56643144,-0.04570935,0.02123798,0.021486919,-0.17639136,-0.031303373,-0.010672573,-0.059811421,0.92721404,0.36972518,1.1920831,1.6352137,3.96
9,2000,1.000000,11,1.4856781,0.55046495,1.2751613,0.199246,0.051681078,-0.0039403349,0.027937553,-0.18627214,-0.037343323,0.58591274,0.87812077,0.11442048,-0.46455556,2.053929,0.12957151,3.96
9,2000,1.000000,12,1.4856781,0.21007953,0.92157052,0.91604556,-0.011266229,-0.0081322473,-0.0079498803,-0.19825154,-0.044128755,-0.12254297,-0.89947323,0.42897359,-0.083244062,1.6541368,2.6965818,3.96
9,2000,1.000000,13,1.4856781,0.21388864,1.2916462,1.3239543,0.034592666,0.013472407,0.02847803,0.11879548,-0.13929232,0.2167469,-0.47844942,0.46525791,0.74472896,0.73066771,2.370172,3.96
9,2000,1.000000,14,1.4856781,0.56813882,0.91857395,1.3083778,0.010018092,0.029417157,0.027755732,0.016167539,0.077657457,-0.029721203,-0.97321674,0.043287517,0.22577725,1.3430555,3.0971431,3.96
9,2000,1.000000,15,1.4856781,0.5670218,1.3007866,0.98504252,0.0075247425,0.0031374332,0.015851711,-0.29398626,0.0057125082,0.080312416,-0.25973778,-0.95686693,0.13016131,1.4402647,-1.8358555,3.96
9,2000,1.000000,16,1.4856781,0.94495645,0.19455686,0.19889599,0.043766346,-0.020429229,0.0033560947,-0.060813234,0.35062422,0.044152054,-0.9868854,-0.10983879,0.11829049,1.4522282,-3.0307504,3.96
9,2000,1.000000,17,1.4856781,0.91974223,0.54960297,0.57525649,-0.04852782,-0.025311752,0.016251687,-0.11561055,0.14653641,0.04943749,-0.47684415,-0.56849481,-0.67039788,2.3055412,-2.2687426,3.96
9,2000,1.000000,18,1.4856781,1.2863869,0.17551514,0.56529184,-0.0067545817,-0.026138891,0.051444244,0.13735477,0.19563094,-0.054962687,0.11832082,0.99253263,-0.029650816,1.6004515,1.4521453,3.96
9,2000,1.000000,19,1.4856781,1.292161,0.57347151,0.20105389,-0.050611198,-0.035472906,-0.0081409617,0.10021345,-0.26959558,-0.15217986,0.43358952,-0.0039483964,-0.90110185,2.6931003,-0.0091060488,3.96
9,2000,1.000000,20,1.4856781,0.92760428,0.19990137,0.91719294,-0.014437296,0.026349936,-0.0036314307,-0.10816926,-0.11043023,0.031583196,-0.60775334,-0.081096011,0.78997425,0.66002933,-3.0089405,3.96
9,2000,1.000000,21,1.4856781,0.93581603,0.55448055,1.3220632,0.008330261,-0.019441876,0.0035818234,-0.056309738,-0.099548392,-0.010787258,0.25890201,0.69475419,0.6710338,0.83519407,1.2140852,3.96
9,2000,1.000000,22,1.4856781,1.2939974,0.18420068,1.2792068,-0.0025203479,0.010644357,-0.026872098,-0.0010262427,-0.094235446,0.082433394,-0.48104712,-0.54363284,0.68779139,0.81235422,-2.295192,3.96
9,2000,1.000000,23,1.4856781,1.3208221,0.57259905,0.88969843,0.02710406,0.01739766,-0.042481196,0.011167285,-0.21547603,-0.26149496,-0.69869736,-0.625511,0.34721461,1.216197,-2.4114063,3.96
9,2000,1.000000,24,1.4856781,0.92818824,0.91873627,0.20596596,0.00980316,-0.02969814,0.021888215,0.19056016,-0.031807211,-0.14582101,-0.31631444,-0.41977712,0.8507246,0.55343399,-2.2165525,3.96
9,2000,1.000000,25,1.4856781,0.93005739,1.3150708,0.54835121,0.0672445,-0.01291063,0.020027002,0.14704136,-0.090899502,0.16810204,0.59055908,-0.01333466,0.80688423,0.63193799,-0.022575886,3.96
9,2000,1.000000,26,1.4856781,1.2816928,0.94785129,0.54472295,-0.051336446,0.010450747,-0.0324803,3.2887864e-05,0.192891,-0.087279589,-0.19996851,-0.96608904,-0.16335411,1.7348858,-1.7749017,3.96
9,2000,1.000000,27,1.4856781,1.2760712,1.2831044,0.1624866,0.029535769,-0.01006654,-0.021443477,-0.20317426,0.09554563,0.084633753,-0.32499262,-0.2206748,0.91960993,0.40370996,-2.54509,3.96
9,2000,1.000000,28,1.4856781,0.95223825,0.9544002,0.9013566,0.018189197,0.0033869144,-0.015703928,-0.21628182,-0.13202918,0.066117994,0.69760176,-0.49277157,0.52012303,1.0238013,-0.61499468,3.96
9,2000,1.000000,29,1.4856781,0.92879831,1.3234772,1.2995614,-0.0073320738,0.013505689,0.0039153849,0.1314341,0.014557968,0.098308628,0.4200827,-0.9046424,-0.071781919,1.64264,-1.1360623,3.96
9,2000,1.000000,30,1.4856781,1.3383862,0.88548921,1.260234,0.062658934,-0.041598324,-0.012423621,-0.098069939,-0.0010645865,-0.19581419,0.4669907,0.80432426,-0.3673992,1.9470074,1.0447636,3.96
9,2000,1.000000,31,1.4856781,1.2918797,1.3111743,0.96337349,-0.0047499066,0.015214725,0.050538162,0.01926104,0.10744152,-0.072934941,0.099618349,0.76662346,-0.6343222,2.2579278,1.4415761,3.96
10,2100,1.050000,0,1.4811891,0.1663116,0.19883447,0.16729372,-0.014062592,0.012142332,0.012176425,0.28698403,0.010655275,-0.04660795,0.9646608,0.26310097,-0.014401916,1.5851987,0.2662633,3.96
10,2100,1.050000,1,1.4811891,0.20045817,0.55008365,0.51640744,0.0071443975,-0.00091315612,-0.048627314,0.17540833,0.030567748,0.067514893,0.16663692,-0.60271482,0.78036336,0.67554964,-1.3010573,3.96
10,2100,1.050000,2,1.4811891,0.54212563,0.13651081,0.54451666,-0.016139858,-0.06274875,-0.056079758,-0.016603524,0.13664549,-0.042299537,0.20242611,-0.53356109,0.82117978,0.60732101,-1.2081851,3.96
10,2100,1.050000,3,1.4811891,0.56234314,0.57599109,0.15556029,-0.0080820636,0.014034719,-0.055947785,0.12724677,-0.112724,-0.12948222,-0.71129497,0.66789418,0.21903614,1.3499698,2.3876525,3.96
10,2100,1.050000,4,1.4811891,0.19367379,0.17423786,0.9165175,0.049003095,0.033504067,0.01401703,-0.07306186,0.034558657,-0.1978171,0.84496675,-0.32378946,0.42566604,1.1310985,-0.36593841,3.96
10,2100,1.050000,5,1.4811891,0.20161898,0.55270418,1.2929911,0.041332613,0.039380468,0.035352299,0.056595513,0.20725871,0.038466636,-0.66323498,-0.24824279,-0.7060417,2.3546894,-2.7834438,3.96
10,2100,1.050000,6,1.4811891,0.54255417,0.19919798,1.3132442,-0.03600498,0.017762029,-0.0037677355,0.20990843,0.049103029,0.055230855,0.77875637,0.59700518,-0.19267415,1.764683,0.65404927,3.96
10,2100,1.050000,7,1.4811891,0.57779295,0.55366932,0.94386057,-0.0048629299,9.3874267e-05,0.019700968,0.050543326,-0.089180573,-0.031363996,0.42923527,0.89884549,0.088509129,1.4821712,1.1252771,3.96
10,2100,1.050000,8,1.4811891,0.15057664,0.94355363,0.19871897,-0.059885283,0.060948059,-0.053726972,-0.074609791,-0.18649082,0.15132245,0.46477552,-0.22135499,0.85731306,0.540769,-0.44447764,3.96
10,2100,1.050000,9,1.4811891,0.15821269,1.2937607,0.55792267,-0.048033744,-0.038036466,0.0057554046,-0.047209001,0.14752677,0.017621653,-0.25092032,0.73695438,-0.62764419,2.2493197,1.8989676,3.96
10,2100,1.050000,10,1.4811891,0.54077295,0.92451343,0.56310623,-0.050312094,0.019401753,0.019870746,-0.0063301645,-0.042319896,-0.064723705,-0.18678213,0.78530566,0.5902605,0.9394148,1.804304,3.96
10,2100,1.050000,11,1.4811891,0.53884884,1.2693218,0.22239818,0.041713122,-0.0059299198,0.051727753,-0.20788979,-0.066668045,0.39546381,0.93174823,0.07133115,-0.35602963,1.934812,0.076407211,3.96
10,2100,1.050000,12,1.4811891,0.20195084,0.91811321,0.90744231,-0.018771515,-0.0088060389,-0.013794129,-0.14238737,0.0046653095,-0.081430288,-0.90809829,0.33035757,-0.25733512,1.8310598,2.7926855,3.96
10,2100,1.050000,13,1.4811891,0.2144844,1.2797868,1.3294225,0.03583658,0.0055035985,0.037960913,-0.077275666,-0.17609242,0.1851132,-0.26599671,0.45853296,0.84793471,0.55871929,2.0964578,3.96
10,2100,1.050000,14,1.4811891,0.56785434,0.91725371,1.3047189,0.011452417,0.030874599,0.028050542,0.0013652192,0.010746191,0.017825056,-0.96631359,0.026002613,0.25605062,1.3118619,3.1146901,3.96
10,2100,1.050000,15,1.4811891,0.55425255,1.2995088,0.97874207,-0.0035479957,0.0057939381,0.012522541,-0.1391311,0.072752505,-0.15894255,-0.16083411,-0.84986109,0.50186503,1.0450427,-1.7578319,3.96
10,2100,1.050000,16,1.4811891,0.9370346,0.20873568,0.19735409,0.038692018,-0.0056401813,0.0024137315,-0.15500704,0.2259907,-0.1365891,-0.99176468,-0.060803364,-0.11271986,1.6837563,-3.080361,3.96
10,2100,1.050000,17,1.4811891,0.90874769,0.55411781,0.57533432,-0.0567558,-0.019126914,0.018070405,-0.18998978,0.062257246,0.038722192,-0.29367623,-0.66528146,-0.68640721,2.3273333,-1.9865019,3.96
10,2100,1.050000,18,1.4811891,1.2914196,0.18723068,0.55945804,0.0021784645,-0.013874474,0.047312229,0.220763,0.24514383,-0.10368154,0.14715456,0.98409738,-0.099488103,1.6704493,1.4223636,3.96
10,2100,1.050000,19,1.4811891,1.2938054,0.55963003,0.19323441,-0.045054183,-0.047599977,-0.01536389,0.15930742,-0.19584867,-0.12324275,0.39763002,0.10315561,-0.91172873,2.7182692,0.25383043,3.96
10,2100,1.050000,20,1.4811891,0.92065771,0.1910172,0.91994979,-0.018587384,0.01805722,0.001905099,-0.051895774,-0.22039506,0.12756297,-0.63990468,-0.12267159,0.75859982,0.70963488,-2.9521876,3.96
10,2100,1.050000,21,1.4811891,0.93379882,0.54497184,1.3136481,0.0091418639,-0.027287084,-0.00084530625,0.067876657,-0.17141197,-0.1183122,0.3072873,0.72977622,0.61073823,0.91380376,1.1722586,3.96
10,2100,1.050000,22,1.4811891,1.2895433,0.18138164,1.2815222,-0.0030654043,0.0083784576,-0.020682189,-0.030913852,0.04190181,0.12477224,-0.51215556,-0.52122,0.68266126,0.81939796,-2.347423,3.96
10,2100,1.050000,23,1.4811891,1.317759,0.56152042,0.87617956,0.028033252,0.0080349807,-0.053328245,-0.015657769,-0.16527422,-0.11959719,-0.6370616,-0.643355,0.42455489,1.1323261,-2.3512794,3.96
10,2100,1.050000,24,1.4811891,0.9358486,0.91726603,0.20006112,0.020283912,-0.028390431,0.016597697,0.21789979,0.055111589,-0.065930474,-0.41892815,-0.52788373,0.73880848,0.73949574,-2.2416222,3.96
10,2100,1.050000,25,1.4811891,0.93224966,1.3045795,0.55783612,0.072254526,-0.019438292,0.031185641,0.013267224,-0.15561768,0.23262626,0.83452017,-0.029596714,0.5501819,0.98821428,-0.035450688,3.96
10,2100,1.050000,26,1.4811891,1.2762579,0.95278525,0.54098819,-0.052901042,0.018260467,-0.034572341,-0.023672243,0.11744894,-0.026866742,-0.28009858,-0.95669467,-0.079247005,1.6501265,-1.8556138,3.96
10,2100,1.050000,27,1.4811891,1.2649075,1.2867033,0.16221055,0.022216668,-0.0025793611,-0.021228251,-0.090649549,0.15671789,-0.039346979,-0.34189276,-0.14865771,0.92790637,0.38203908,-2.731444,3.96
10,2100,1.050000,28,1.4811891,0.93834836,0.94376285,0.90393643,0.0071598119,-0.0043784519,-0.010392604,-0.2141697,-0.18863881,0.11520279,0.70165099,-0.5149895,0.49241417,1.055935,-0.63316154,3.96
10,2100,1.050000,29,1.4811891,0.92973163,1.3169396,1.2988579,-0.0035867134,0.010963087,0.007143346,0.061017249,-0.10415428,0.034080337,0.48684219,-0.8715156,0.058696232,1.5120663,-1.0613625,3.96
10,2100,1.050000,30,1.4811891,1.3289849,0.88334403,1.25055,0.057293519,-0.041067176,-0.018308651,-0.1230895,0.062814649,-0.011952697,0.48806529,0.86141933,-0.14053119,1.7117942,1.0553109,3.96
10,2100,1.050000,31,1.4811891,1.2885593,1.3147437,0.95490891,-0.004165984,0.0227573,0.044976012,0.040445986,0.1808019,-0.13952741,0.3339006,0.69721961,-0.63434628,2.2579589,1.1241683,3.96
11,2200,1.100000,0,1.4865173,0.1783682,0.20245377,0.16839405,-0.0026247922,0.015041164,0.012674068,0.2063285,0.093003419,0.056855168,0.92960671,0.36678753,-0.036031599,1.6068357,0.37580971,3.96
11,2200,1.100000,1,1.4865173,0.21234657,0.55014376,0.52456427,0.018291676,-0.002828408,-0.042339431,0.21361683,-0.089105524,0.21524562,0.17987423,-0.42153784,0.88879194,0.47609382,-1.1674786,3.96
11,2200,1.100000,2,1.4865173,0.54526011,0.14700128,0.54440594,-0.014957671,-0.052767269,-0.058145539,0.050912505,0.2676824,-0.049414699,0.24195068,-0.6418343,0.72767342,0.75587241,-1.2103018,3.96
11,2200,1.100000,3,1.4865173,0.57013345,0.57325378,0.15608492,-0.0023249952,0.0092340344,-0.055982681,0.08111188,-0.073786747,0.12723933,-0.70571323,0.67731448,0.20787961,1.3613896,2.3767254,3.96
11,2200,1.100000,4,1.4865173,0.19073734,0.17932291,0.90800893,0.04537646,0.037954351,0.0022326508,-0.04268709,0.13463847,-0.235771,0.90740444,-0.21089495,0.36351136,1.198762,-0.22836141,3.96
11,2200,1.100000,5,1.4865173,0.20116639,0.56407813,1.2955002,0.04015686,0.048749374,0.033214017,-0.052628111,0.24330306,-0.084586463,-0.68274433,-0.29733634,-0.66742136,2.301537,-2.7308607,3.96
11,2200,1.100000,6,1.4865173,0.55292996,0.20072655,1.320436,-0.027595999,0.018572566,-0.0013044452,0.10489861,-0.046578355,0.015345908,0.66824361,0.62111085,-0.40947746,1.9926776,0.74885911,3.96
11,2200,1.100000,7,1.4865173,0.5801394,0.55124006,0.94341327,-0.0045954453,-0.0043191662,0.01586523,-0.018093564,-0.11821456,-0.10559406,0.34841081,0.93255787,0.09458184,1.4760729,1.2132469,3.96
11,2200,1.100000,8,1.4865173,0.1441043,0.93789901,0.20503436,-0.066886727,0.05191543,-0.048136472,-0.18074079,-0.15199798,0.11942951,0.61789154,-0.10385482,0.77937425,0.67712984,-0.16652288,3.96
11,2200,1.100000,9,1.4865173,0.15726975,1.3116515,0.56011933,-0.049543102,-0.024823376,0.0059447228,-0.024617014,0.31970086,-0.016709297,-0.10328732,0.72871409,-0.67698413,2.3144535,1.7115976,3.96
11,2200,1.100000,10,1.4865173,0.54455758,0.92789238,0.56339598,-0.048476078,0.019454875,0.018137952,0.099817592,0.066929021,-0.021521313,-0.22120823,0.63226076,0.74250471,0.73399441,1.9073541,3.96
11,2200,1.100000,11,1.4865173,0.5324443,1.2714682,0.23743169,0.033385151,-0.008345267,0.065935724,-0.091494144,-0.026248656,0.17622749,0.9745982,0.030609682,-0.22185894,1.7945168,0.031397168,3.96
11,2200,1.100000,12,1.4865173,0.19834393,0.92066797,0.91099312,-0.023097137,-0.0095526411,-0.013508156,-0.066702358,-0.049176033,0.054352255,-0.79925954,0.26432404,-0.53973789,2.1409221,2.8222039,3.96
11,2200,1.100000,13,1.4865173,0.20537501,1.2749002,1.338933,0.02597334,-0.0039696647,0.042680688,-0.28889237,-0.20677046,0.0015863027,0.03168163,0.48446541,0.87423655,0.50693525,1.5054943,3.96
11,2200,1.100000,14,1.4865173,0.57212783,0.92018459,1.312345,0.013679178,0.030506529,0.030977956,0.040625184,-0.041006996,0.070526748,-0.97402471,0.041229809,0.22265661,1.3462577,3.0992886,3.96
11,2200,1.100000,15,1.4865173,0.55254295,1.3080474,0.9719772,-0.0072447606,0.0096509942,0.0022552965,-0.005647403,0.071310579,-0.22447335,-0.034285974,-0.65411684,0.75561606,0.71420219,-1.6231641,3.96
11,2200,1.100000,16,1.4865173,0.93137015,0.21500661,0.19086968,0.029672982,-0.00013001943,-0.0047677182,-0.20836928,-0.028085432,-0.14688291,-0.95715784,-0.035148914,-0.28742551,1.8623342,-3.104887,3.96
11,2200,1.100000,17,1.4865173,0.90296371,0.55609422,0.57825033,-0.065792568,-0.019143789,0.018915271,-0.17129666,-0.036889154,-0.02798564,-0.22248368,-0.79804111,-0.56002804,2.165216,-1.8426801,3.96
11,2200,1.100000,18,1.4865173,1.3053886,0.19898945,0.55425476,0.011485137,-0.0028090928,0.040109349,0.17026098,0.19894514,-0.16807707,0.1090474,0.96536344,-0.23702762,1.8101015,1.4583132,3.96
11,2200,1.100000,19,1.4865173,1.3091423,0.55363291,0.18659677,-0.034390518,-0.055595885,-0.0226835,0.22689997,-0.13497065,-0.13871756,0.54383301,0.065856146,-0.83660542,2.5618532,0.12050949,3.96
11,2200,1.100000,20,1.4865173,0.92401747,0.17780222,0.92885104,-0.018539568,0.0041800204,0.0074870123,0.054733538,-0.3363019,0.049769792,-0.63707721,-0.1299597,0.75976516,0.70784447,-2.94036,3.96
11,2200,1.100000,21,1.4865173,0.94224137,0.53899477,1.3124854,0.014216164,-0.035210343,-0.0067230446,0.13186684,-0.11305552,-0.12103369,0.22337828,0.76627438,0.60243317,0.92425028,1.2871446,3.96
11,2200,1.100000,22,1.4865173,1.2909328,0.18944088,1.2911497,-0.0063089379,0.015771942,-0.015673725,-0.055292854,0.18746289,0.096641661,-0.51268908,-0.51674791,0.68565407,0.81529447,-2.3522517,3.96
11,2200,1.100000,23,1.4865173,1.3200819,0.55319899,0.87695711,0.025620136,-0.0022878609,-0.055698306,-0.079352631,-0.21404915,-0.028159756,-0.53092801,-0.68600885,0.49750106,1.0500807,-2.2294423,3.96
11,2200,1.100000,24,1.4865173,0.9478241,0.92082107,0.19743628,0.028877478,-0.028135503,0.013259175,0.1548288,0.011700374,-0.074651109,-0.5035313,-0.57677211,0.64326524,0.87204096,-2.2885016,3.96
11,2200,1.100000,25,1.4865173,0.93547114,1.3041194,0.57231343,0.072122684,-0.024582118,0.04363391,-0.047413211,-0.053389275,0.25627433,0.92498913,0.06949341,0.37358502,1.1879254,0.074988018,3.96
11,2200,1.100000,26,1.4865173,1.2797654,0.95772212,0.54328927,-0.053982627,0.019767193,-0.034217981,0.0078097845,-0.05628838,0.061652901,-0.20934143,-0.97750089,-0.025848885,1.5966481,-1.7817693,3.96
11,2200,1.100000,27,1.4865173,1.2693604,1.2998934,0.15981884,0.02211952,0.0059667843,-0.024198144,0.080417868,0.20700704,-0.096778242,-0.3771023,0.057400513,0.92439117,0.39135995,2.9905374,3.96
11,2200,1.100000,28,1.4865173,0.93190509,0.93970334,0.91580995,-0.0026413525,-0.011819576,-0.0017862428,-0.16654884,-0.11344993,0.22069678,0.73306762,-0.53976362,0.41384429,1.1441234,-0.63468054,3.96
11,2200,1.100000,29,1.4865173,0.93326285,1.3151402,1.3080256,-0.0034003212,0.0044379993,0.011630675,-0.071029605,-0.1780902,0.07851273,0.50271503,-0.86444946,0.0021742782,1.568622,-1.0440583,3.96
11,2200,1.100000,30,1.4865173,1.328498,0.89317692,1.2571321,0.05203533,-0.034423847,-0.016228866,-0.12272021,0.17902161,0.085567723,0.47118489,0.82770621,0.30477406,1.2610951,1.0532821,3.96
11,2200,1.100000,31,1.4865173,1.2967242,1.3263292,0.9499176,-0.00064273844,0.029600962,0.036564732,0.095520005,0.082464881,-0.17643579,0.55782541,0.64007438,-0.52833285,2.1274321,0.85395155,3.96
12,2300,1.150000,0,1.4865084,0.18734596,0.20452713,0.17341305,0.0063540672,0.017115751,0.017694095,0.14612676,0.013109491,0.11023301,0.87870316,0.47733786,0.0054143447,1.565382,0.49763061,3.96
12,2300,1.150000,1,1.4865084,0.2259354,0.54830337,0.53817701,0.03188182,-0.004665501,-0.028723504,0.27727847,0.021626744,0.30439579,0.25588467,-0.19410301,0.94702009,0.32696924,-0.64895491,3.96
12,2300,1.150000,2,1.4865084,0.54878805,0.16354697,0.54112415,-0.011426449,-0.03622064,-0.06142407,0.10406312,0.34732091,-0.10646287,0.3842232,-0.73058046,0.56446853,0.97100706,-1.0866323,3.96
12,2300,1.150000,3,1.4865084,0.57326306,0.57218615,0.16804252,0.00080805433,0.0081698376,-0.044024112,0.026096069,0.015533412,0.3265573,-0.77626322,0.58734393,0.22900332,1.3397427,2.4938619,3.96
12,2300,1.150000,4,1.4865084,0.19107845,0.18913887,0.89984152,0.045718707,0.047771414,-0.0059293346,0.040821043,0.21249755,-0.096240325,0.90869089,-0.23110906,0.34766287,1.215719,-0.24905155,3.96
12,2300,1.150000,5,1.4865084,0.19803403,0.57304593,1.2878379,0.037025701,0.05772059,0.025559422,-0.047919674,0.16758689,-0.190623,-0.61310531,-0.36313832,-0.70159278,2.3484266,-2.6068589,3.96
12,2300,1.150000,6,1.4865084,0.55453537,0.19783331,1.3176231,-0.025987261,0.01568053,-0.0041093943,-0.08058576,-0.044291083,-0.13407617,0.44138845,0.71435031,-0.54302842,2.1448357,1.0173276,3.96
12,2300,1.150000,7,1.4865084,0.57732455,0.54366914,0.93644654,-0.007406817,-0.011886797,0.0089041429,-0.12554585,-0.1573764,-0.15132983,0.33996692,0.92899763,0.14623916,1.4240308,1.2199832,3.96
12,2300,1.150000,8,1.4865084,0.13900022,0.93201125,0.20960824,-0.071989952,0.04603329,-0.043561346,-0.037474129,-0.13445825,0.095915962,0.66569646,0.14315977,0.7323616,0.74901255,0.21182646,3.96
12,2300,1.150000,9,1.4865084,0.15595213,1.328089,0.56088097,-0.050859782,-0.0083779493,0.0067097248,0.0047396815,0.29956985,0.082442565,-0.15313788,0.65680939,-0.73834288,2.4014063,1.7998584,3.96
12,2300,1.150000,10,1.4865084,0.55076211,0.93412902,0.56407662,-0.042268253,0.025697107,0.018821974,0.1387425,0.1425252,0.077412795,-0.12767219,0.53051574,0.83800529,0.57717902,1.8069622,3.96
12,2300,1.150000,11,1.4865084,0.53145441,1.2728249,0.24132995,0.032398448,-0.0069809494,0.069835423,0.088596083,0.072262758,-0.062719511,0.99854268,-0.0161842,-0.05148386,1.622303,-0.016206401,3.96
12,2300,1.150000,12,1.4865084,0.19313588,0.91974966,0.9155001,-0.028304011,-0.010465427,-0.0089956887,-0.12511135,0.0031816095,0.14521875,-0.64916777,0.24452076,-0.72027135,2.3749897,2.7813604,3.96
12,2300,1.150000,13,1.4865084,0.18896884,1.2675019,1.3365265,0.0095683566,-0.011360325,0.040282181,-0.28076507,-0.078728207,-0.13483655,0.20449676,0.49428801,0.84490262,0.56441323,1.1785187,3.96
12,2300,1.150000,14,1.4865084,0.57407687,0.9179464,1.3152665,0.015631659,0.028273851,0.033907304,0.050861112,-0.023115402,0.084788348,-0.99612417,0.041790964,0.077396037,1.4933228,3.0996637,3.96
12,2300,1.150000,15,1.4865084,0.55088904,1.3131429,0.95940414,-0.0088953638,0.01475434,-0.010311961,-0.008111656,0.081167257,-0.22723725,0.054391181,-0.49110609,0.86940003,0.51680955,-1.4604934,3.96
12,2300,1.150000,16,1.4865084,0.92226551,0.20647979,0.18188468,0.020573907,-0.0086555715,-0.013751598,-0.14354936,-0.25933553,-0.12800303,-0.90485673,-0.053737181,-0.42231103,2.0067897,-3.0822748,3.96
12,2300,1.150000,17,1.4865084,0.89451981,0.55106589,0.57698537,-0.074231078,-0.0241688,0.017653779,-0.14048296,-0.10448365,-0.028891197,-0.23203159,-0.92512211,-0.30051694,1.8760309,-1.8165389,3.96
12,2300,1.150000,18,1.4865084,1.3127467,0.20744598,0.54413412,0.018851092,0.0056486545,0.029992009,0.11269728,0.12079035,-0.24754638,0.041509375,0.93996478,-0.33873764,1.9163712,1.5266644,3.96
12,2300,1.150000,19,1.4865084,1.3187908,0.55164522,0.17869982,-0.02473414,-0.057580265,-0.03057936,0.12266152,0.069601638,-0.18826835,0.73624149,-0.14368388,-0.6612892,2.2933324,-0.1927361,3.96
12,2300,1.150000,20,1.4865084,0.92787148,0.16251848,0.92879953,-0.014680002,-0.011102702,0.0074410791,0.090317655,-0.2801495,-0.0684773,-0.56286086,-0.19127977,0.80411423,0.63661236,-2.8140021,3.96
12,2300,1.150000,21,1.4865084,0.95133148,0.53267175,1.3042356,0.023311961,-0.041530148,-0.01496492,0.21587039,-0.1347907,-0.20259488,0.13493378,0.756452,0.6399791,0.87632527,1.3942757,3.96
12,2300,1.150000,22,1.4865084,1.2876719,0.19914825,1.2948397,-0.0095621353,0.025480476,-0.011975934,-0.022083493,0.1901022,0.015677809,-0.48240559,-0.5416924,0.68837068,0.8115559,-2.2983673,3.96
12,2300,1.150000,23,1.4865084,1.3149496,0.54330544,0.88021204,0.020495813,-0.012178119,-0.052438097,-0.13311415,-0.17658815,0.10027273,-0.47298573,-0.67547585,0.56570034,0.96951403,-2.1816739,3.96
12,2300,1.150000,24,1.4865084,0.95418508,0.91903796,0.19375738,0.035244162,-0.029913092,0.0095814543,0.067625069,-0.035359714,-0.075381711,-0.49106758,-0.60257875,0.62908781,0.89041715,-2.2545829,3.96
12,2300,1.150000,25,1.4865084,0.93048917,1.3028297,0.58460505,0.067146315,-0.025863966,0.055929011,-0.11751199,-0.036996025,0.20338578,0.88277705,0.26046512,0.39097648,1.169104,0.28691117,3.96
12,2300,1.150000,26,1.4865084,1.278911,0.94947403,0.5457209,-0.054829364,0.011524831,-0.031783083,-0.047101916,-0.22462387,0.012462273,-0.055497213,-0.99614415,-0.067947766,1.6387965,-1.6264508,3.96
12,2300,1.150000,27,1.4865084,1.2747256,1.3109671,0.1577802,0.027492348,0.017048266,-0.026235825,0.088807582,0.24648217,0.016929834,-0.39334138,0.29628561,0.87034326,0.51489738,2.4960128,3.96
12,2300,1.150000,28,1.4865084,0.92504129,0.93185463,0.92824013,-0.0094995772,-0.019662668,0.010649468,-0.12820536,-0.12133347,0.26590644,0.82604339,-0.51039313,0.23906309,1.3293955,-0.55346068,3.96
12,2300,1.150000,29,1.4865084,0.92913974,1.3053377,1.3118814,-0.0075178442,-0.0053565962,0.015494313,-0.10468779,-0.24950593,0.046367194,0.52720406,-0.81777098,-0.23088201,1.8037804,-0.99816711,3.96
12,2300,1.150000,30,1.4865084,1.32108,0.90324175,1.2628962,0.044625309,-0.024353625,-0.010457251,-0.17718593,0.18492797,0.20969264,0.34831697,0.67354919,0.65192544,0.86067545,1.0935336,3.96
12,2300,1.150000,31,1.4865084,1.3024984,1.3260993,0.94418145,0.0051393248,0.029379045,0.030834263,0.14256071,-0.08599636,-0.0584199,0.69357471,0.65096846,-0.30853554,1.8844494,0.75372049,3.96
13,2400,1.200000,0,1.490762,0.19488499,0.20522159,0.17709168,0.013347011,0.017224806,0.020871964,0.13009454,-0.040278072,0.029953426,0.83218841,0.54482336,0.10310171,1.4675111,0.57966343,3.96
13,2400,1.200000,1,1.490762,0.23618339,0.5514162,0.55584654,0.0414696,-0.0031238428,-0.012616975,0.089053479,0.074769157,0.33899567,0.37480911,-0.0070999316,0.92707482,0.3842634,-0.018940528,3.96
13,2400,1.200000,2,1.490762,0.55719223,0.18001026,0.53761205,-0.0046023702,-0.020248159,-0.066477382,0.1343232,0.27725063,-0.12038405,0.51246306,-0.73753542,0.43979896,1.1154215,-0.96354738,3.96
13,2400,1.200000,3,1.490762,0.57703161,0.57480783,0.18539475,0.0029331725,0.0091528094,-0.027176799,0.052376259,0.058743705,0.32543185,-0.84851671,0.44039085,0.29338593,1.2730296,2.6628509,3.96
13,2400,1.200000,4,1.490762,0.19575113,0.20053826,0.89743364,0.049838733,0.058614089,-0.01090499,0.12599542,0.19672719,-0.094881181,0.83295306,-0.42439928,0.35506963,1.2078078,-0.47122794,3.96
13,2400,1.200000,5,1.490762,0.19591157,0.57896707,1.278767,0.034340404,0.061995847,0.012821579,-0.0097719634,0.010527796,-0.31054882,-0.54670179,-0.26483653,-0.79434172,2.4887195,-2.6904817,3.96
13,2400,1.200000,6,1.490762,0.54910737,0.19814815,1.314074,-0.032992059,0.015429629,-0.011418458,-0.19162977,0.011571485,-0.14238268,0.1869825,0.85218756,-0.48868591,2.0813792,1.3548043,3.96
13,2400,1.200000,7,1.490762,0.57430087,0.53851647,0.93385241,-0.01207584,-0.018585609,0.0036379053,-0.049601383,-0.079470117,-0.041366886,0.30982992,0.91969958,0.2411599,1.3272355,1.2458557,3.96
13,2400,1.200000,8,1.490762,0.13989142,0.93014333,0.21412303,-0.071497207,0.041504897,-0.039651932,0.058906825,-0.045413666,0.078756617,0.6210289,0.40271308,0.67241749,0.83332625,0.57529263,3.96
13,2400,1.200000,9,1.490762,0.15938772,1.3447841,0.56490225,-0.047874718,0.0044984522,0.009122605,0.095086661,0.18131322,0.038397531,-0.27729898,0.56225799,-0.77908358,2.463999,2.0289796,3.96
13,2400,1.200000,10,1.490762,0.55763579,0.94338333,0.5685922,-0.036978136,0.032269022,0.021719319,0.067006504,0.12689619,0.043964563,0.10842992,0.49879362,0.85991155,0.53569996,1.3567423,3.96
13,2400,1.200000,11,1.490762,0.54046941,1.2807674,0.23393969,0.039882004,-0.0026867853,0.06176613,0.19494835,0.12044908,-0.23330365,0.98651681,-0.13118876,0.097847313,1.4727922,-0.13220611,3.96
13,2400,1.200000,12,1.490762,0.18576227,0.92038976,0.92223723,-0.036218968,-0.012454341,-0.0048841262,-0.18128613,-0.075153365,0.0062330092,-0.68054575,0.32142473,-0.65844029,2.2895409,2.700346,3.96
13,2400,1.200000,13,1.490762,0.17651387,1.2709331,1.3326557,-0.0034088079,-0.011555882,0.032597876,-0.22094441,0.050205377,-0.1684497,0.24095056,0.446141,0.86191707,0.53175788,1.0756033,3.96
13,2400,1.200000,14,1.490762,0.57857025,0.91886994,1.3241294,0.018478253,0.026573124,0.038999293,0.054717167,-0.046342694,0.11657468,-0.99598101,0.02519075,-0.085949102,1.6568516,3.1163056,3.96
13,2400,1.200000,15,1.490762,0.54979836,1.3186927,0.95236712,-0.011558598,0.01654401,-0.020080355,-0.061049948,-0.019179524,-0.10368479,0.10055695,-0.47255216,0.87554712,0.50422923,-1.3611283,3.96
13,2400,1.200000,16,1.490762,0.91878593,0.19167833,0.17663241,0.014464,-0.024025912,-0.019516102,-0.13135892,-0.35511155,-0.087905313,-0.8385919,-0.056398156,-0.54183289,2.1434127,-3.0744404,3.96
13,2400,1.200000,17,1.490762,0.89246843,0.54392777,0.57692231,-0.078835539,-0.03287136,0.015942118,-0.058263233,-0.17500682,-0.11048243,-0.2545044,-0.96514994,-0.060935192,1.6317693,-1.8286215,3.96
13,2400,1.200000,18,1.490762,1.3184527,0.21400206,0.53324044,0.020797869,0.011602619,0.017559057,-0.034365585,0.18140408,-0.2280174,0.081623321,0.91427445,-0.39678692,1.9788101,1.4817558,3.96
13,2400,1.200000,19,1.490762,1.3270014,0.55800876,0.16986398,-0.020303642,-0.05280208,-0.039913214,0.016511578,0.12002942,-0.2053385,0.82955469,-0.33488195,-0.44687034,2.0340602,-0.38368234,3.96
13,2400,1.200000,20,1.490762,0.93528819,0.15316743,0.92818801,-0.0099251755,-0.020904792,0.0041764765,0.094523951,-0.15079187,-0.06696472,-0.3806995,-0.30245175,0.87383684,0.50775792,-2.4702369,3.96
13,2400,1.200000,21,1.490762,0.96263218,0.53060314,1.2976572,0.031878196,-0.045117868,-0.025260714,0.061361225,0.029983572,-0.15589351,0.15474423,0.67363952,0.72267837,0.76312678,1.3449999,3.96
13,2400,1.200000,22,1.490762,1.2943431,0.20574428,1.2994882,-0.0065797795,0.031498053,-0.011033966,0.14094396,0.010564134,0.02357512,-0.49702935,-0.58735959,0.63872571,0.87795534,-2.2730858,3.96
13,2400,1.200000,23,1.490762,1.3093353,0.53888575,0.88909342,0.011132174,-0.018143954,-0.046084513,-0.2231041,-0.089274418,0.088116734,-0.42428625,-0.64110581,0.63950333,0.87694427,-2.1554248,3.96
13,2400,1.200000,24,1.490762,0.95666725,0.92147051,0.19109993,0.034996294,-0.030110086,0.0063741554,-0.0590599,0.040176901,-0.052036726,-0.40723752,-0.57438024,0.71010207,0.78115316,-2.1875393,3.96
13,2400,1.200000,25,1.490762,0.92735955,1.302347,0.59398631,0.061362373,-0.030068636,0.063626426,-0.099458033,-0.14765475,0.11344756,0.77297313,0.37974363,0.50823943,1.0376571,0.45664459,3.96
13,2400,1.200000,26,1.490762,1.2833707,0.94259463,0.55035588,-0.054030413,0.0019422092,-0.02871406,0.10323346,-0.1660857,0.069437792,0.038874888,-0.98695195,-0.15625166,1.7276909,-1.5314278,3.96
13,2400,1.200000,27,1.490762,1.2836377,1.3285522,0.16277187,0.032749341,0.030862317,-0.021702125,0.11458327,0.25825638,0.17754263,-0.43828156,0.41047104,0.79963917,0.64410225,2.3889491,3.96
13,2400,1.200000,28,1.490762,0.92061722,0.93169295,0.94552036,-0.016560564,-0.022486807,0.025252681,-0.10377686,0.018087349,0.26692696,0.91402791,-0.39966408,-0.069437739,1.64029,-0.41220553,3.96
13,2400,1.200000,29,1.490762,0.92730374,1.2955516,1.3195078,-0.012006164,-0.018858604,0.019361257,-0.081851628,-0.27270844,0.11646974,0.50193918,-0.7492836,-0.43200828,2.0175147,-0.98056404,3.96
13,2400,1.200000,30,1.490762,1.316062,0.91195693,1.276132,0.035839528,-0.018231812,-0.00084895683,-0.18630211,0.03859246,0.16897375,0.20330723,0.53004863,0.82323425,0.60371153,1.2045393,3.96
13,2400,1.200000,31,1.490762,1.3130534,1.3230351,0.948686,0.011957412,0.022530035,0.032634473,0.13660495,-0.17781202,0.095725372,0.75414443,0.64446997,-0.12619286,1.6973265,0.70714179,3.96
14,2500,1.250000,0,1.4889167,0.20079361,0.20113051,0.17560169,0.019500688,0.013385376,0.019600394,0.10854967,-0.11160183,-0.059513149,0.79339672,0.54540238,0.27029223,1.2970998,0.60223782,3.96
14,2500,1.250000,1,1.4889167,0.23435683,0.55861015,0.5668804,0.039934453,0.0047575649,-0.00088779305,-0.12632993,0.25349419,0.13441106,0.48383356,0.17376436,0.85773599,0.53994687,0.34479472,3.96
14,2500,1.250000,2,1.4889167,0.56182893,0.18768095,0.53111325,0.000727348,-0.012349754,-0.072314304,0.089853573,-0.0077429766,-0.082608866,0.56084938,-0.693186,0.45270425,1.1010005,-0.89053765,3.96
14,2500,1.250000,3,1.4889167,0.58079094,0.58154887,0.19647839,0.0074095559,0.016609993,-0.015856662,0.11332897,0.18164072,0.13832214,-0.85694702,0.31356508,0.40904614,1.1493878,2.7908154,3.96
14,2500,1.250000,4,1.4889167,0.20071583,0.20819186,0.8950746,0.055048969,0.066520833,-0.01215392,0.080327551,0.091346195,0.019002957,0.69641869,-0.65713061,0.28841008,1.2782304,-0.75638035,3.96
14,2500,1.250000,5,1.4889167,0.19632283,0.57555435,1.2623141,0.03499458,0.059298133,-0.0020575538,0.017613258,-0.13798739,-0.27132962,-0.51655695,-0.00057306836,-0.85625264,2.5987673,-3.1404833,3.96
14,2500,1.250000,6,1.4889167,0.53909075,0.19890966,1.3058184,-0.042334746,0.016437037,-0.018051506,-0.22266112,0.010227761,-0.12236469,-0.0021727505,0.95691025,-0.29037572,1.8654158,1.5730669,3.96
14,2500,1.250000,7,1.4889167,0.57459232,0.53744112,0.93589837,-0.011072863,-0.018994604,0.0068418158,0.077538598,0.050318266,0.1336775,0.242307,0.93092224,0.27326015,1.2940158,1.3161594,3.96
14,2500,1.250000,8,1.4889167,0.1489994,0.93204868,0.2169023,-0.062210313,0.044563515,-0.03660572,0.28297346,0.15598957,0.02628576,0.47282272,0.62081882,0.62531805,0.89525729,0.91990522,3.96
14,2500,1.250000,9,1.4889167,0.16378132,1.3479247,0.56497971,-0.043280967,0.0093066866,0.0098998135,0.11461149,0.014607931,0.010393028,-0.37792936,0.48099021,-0.79108648,2.4833794,2.2367765,3.96
14,2500,1.250000,10,1.4889167,0.55745545,0.94459027,0.57286687,-0.03646789,0.034645209,0.026700907,-0.013241168,0.0090924185,0.10449924,0.42828627,0.44443087,0.78679863,0.66519146,0.80389529,3.96
14,2500,1.250000,11,1.4889167,0.55138553,1.2845207,0.21923798,0.051474329,0.0026552771,0.047345062,0.24860798,0.059734353,-0.32633732,0.95993542,-0.25931518,0.10620559,1.4643901,-0.26384059,3.96
14,2500,1.250000,12,1.4889167,0.1776119,0.91931197,0.91870113,-0.0441443,-0.012392788,-0.0072801168,-0.10050471,0.018436393,-0.11225764,-0.84818812,0.43108912,-0.30779716,1.8836732,2.6713692,3.96
14,2500,1.250000,13,1.4889167,0.169396,1.2724189,1.3223199,-0.010312463,-0.0084948761,0.023906338,-0.044517974,0.11514004,-0.20237901,0.19842496,0.39270464,0.89800368,0.45558526,1.1029354,3.96
14,2500,1.250000,14,1.4889167,0.57830492,0.9171527,1.3299464,0.018929394,0.025992958,0.046460045,-0.11127834,0.036892201,0.20767738,-0.97342765,0.041792954,-0.22514873,1.797892,3.0986852,3.96
14,2500,1.250000,15,1.4889167,0.54858113,1.3146114,0.94702209,-0.012095597,0.014093573,-0.024249074,0.059886342,-0.083895625,-0.048314971,0.027838401,-0.57125484,0.82030051,0.60886008,-1.5221028,3.96
14,2500,1.250000,16,1.4889167,0.91046852,0.17477921,0.17493045,0.0072794638,-0.040698088,-0.021000329,-0.17080278,-0.27554674,0.020086683,-0.7934402,-0.075475558,-0.6039504,2.2192446,-3.0467536,3.96
14,2500,1.250000,17,1.4889167,0.8930965,0.53593492,0.57072641,-0.077101652,-0.040195439,0.010456971,0.13659811,-0.061622757,-0.096376271,-0.22021141,-0.97360533,0.059996668,1.5107636,-1.7932349,3.96
14,2500,1.250000,18,1.4889167,1.3116199,0.22302498,0.52358605,0.015593939,0.020896202,0.0085591625,-0.14104156,0.13448526,-0.14020063,0.21924392,0.88394191,-0.41301186,1.996555,1.3276728,3.96
14,2500,1.250000,19,1.4889167,1.3231001,0.56410744,0.1566153,-0.02256364,-0.046008457,-0.052959704,-0.11434039,0.14228771,-0.33064148,0.90948494,-0.34095533,-0.2378794,1.8109783,-0.35867281,3.96
14,2500,1.250000,20,1.4889167,0.93878157,0.14780782,0.92536061,-0.0052711644,-0.026078004,0.0024969949,0.072896995,-0.049799936,0.043965608,-0.13682268,-0.4806783,0.86615699,0.52333555,-1.8481071,3.96
14,2500,1.250000,21,1.4889167,0.96151932,0.53572468,1.2908497,0.031956977,-0.039335934,-0.03046509,-0.08628003,0.15176862,-0.081350307,0.28026525,0.56961121,0.77265417,0.68778482,1.1135458,3.96
14,2500,1.250000,22,1.4889167,1.3017937,0.20316804,1.3011875,0.0024785471,0.029175054,-0.0077240169,0.22517561,-0.11799558,0.10017568,-0.60082867,-0.597228,0.53134134,1.0106132,-2.3591999,3.96
14,2500,1.250000,23,1.4889167,1.2913645,0.5361725,0.89119066,-0.0052280244,-0.020191411,-0.042884733,-0.39135831,0.0086462386,0.033906615,-0.40871249,-0.62537235,0.66472816,0.84366644,-2.1496635,3.96
14,2500,1.250000,24,1.4889167,0.95036447,0.92216147,0.1910369,0.029874555,-0.028277339,0.0065477845,-0.13537217,0.0617095,0.034181788,-0.32938723,-0.48070014,0.81266932,0.62207798,-2.1715365,3.96
14,2500,1.250000,25,1.4889167,0.92565086,1.2896047,0.59563599,0.060801271,-0.041205761,0.066012854,0.041011096,-0.28331635,-0.027442007,0.69819282,0.32580875,0.63747584,0.87957864,0.43661002,3.96
14,2500,1.250000,26,1.4889167,1.2854427,0.93354177,0.5522092,-0.050367512,-0.0059487393,-0.026177909,0.067413529,-0.17227811,0.027715979,0.041032913,-0.96477641,-0.25985144,1.8336647,-1.5282909,3.96
14,2500,1.250000,27,1.4889167,1.2855022,1.3364378,0.17325615,0.03620491,0.040398373,-0.011009736,0.012392683,0.13600885,0.27935606,-0.48932592,0.43425301,0.75629655,0.71316267,2.4157539,3.96
14,2500,1.250000,28,1.4889167,0.91542906,0.93050683,0.95395936,-0.020611646,-0.022519656,0.034868055,-0.038308489,-0.0018772239,0.13096297,0.89367819,-0.28221753,-0.34884461,1.9271343,-0.30588229,3.96
14,2500,1.250000,29,1.4889167,0.92338611,1.2818414,1.323717,-0.01477764,-0.030972616,0.025207418,-0.021945527,-0.18252308,0.14657015,0.47048686,-0.72773061,-0.49904937,2.0932978,-0.99687676,3.96
14,2500,1.250000,30,1.4889167,1.3070963,0.90952003,1.2841278,0.028498399,-0.019540657,0.0087324204,-0.11809069,-0.065207622,0.19832495,0.10870608,0.44268958,0.89006119,0.47331694,1.3300025,3.96
14,2500,1.250000,31,1.4889167,1.3166028,1.3132878,0.95315133,0.017135486,0.014415435,0.038277635,0.10385194,-0.10510361,0.12038064,0.78610475,0.60568774,-0.12321394,1.6943242,0.65648777,3.96
15,2600,1.300000,0,1.4821322,0.20340009,0.19414751,0.16807071,0.023030175,0.0073049782,0.012854167,0.03487294,-0.076319448,-0.17833831,0.75421522,0.50065348,0.42485938,1.1319898,0.58602034,3.96
15,2600,1.300000,1,1.4821322,0.21939662,0.57150289,0.56645471,0.026010337,0.020231039,0.0012745417,-0.39053351,0.30664242,-0.029764271,0.60252143,0.28682167,0.74478269,0.73058719,0.44429298,3.96
15,2600,1.300000,2,1.4821322,0.56181045,0.17946253,0.52640418,0.003274759,-0.01972982,-0.074608512,0.034129925,-0.26463535,-0.036622155,0.4936016,-0.66942556,0.55518184,0.98221475,-0.93543986,3.96
15,2600,1.300000,3,1.4821322,0.58338443,0.58591202,0.19770173,0.012661512,0.02363913,-0.013733181,0.074883065,0.1152828,-0.017552205,-0.77470298,0.31811116,0.54648017,0.9926408,2.7519619,3.96
15,2600,1.300000,4,1.4821322,0.20268327,0.20798391,0.89407259,0.057937602,0.06726323,-0.0090703277,0.043584725,-0.055519733,0.12694408,0.6160231,-0.76189182,0.20009096,1.3693456,-0.89086727,3.96
15,2600,1.300000,5,1.4821322,0.19300212,0.56549257,1.2459262,0.032562893,0.051841941,-0.012717866,-0.074337611,-0.16866744,-0.13232777,-0.56098916,0.24106632,-0.79194582,2.4847856,2.7357338,3.96
15,2600,1.300000,6,1.4821322,0.52439732,0.1951145,1.2928627,-0.054599729,0.013541632,-0.02507305,-0.21364538,-0.087892016,-0.18483286,-0.076800405,0.99682896,-0.02082614,1.591624,1.6476891,3.96
15,2600,1.300000,7,1.4821322,0.57751603,0.53864247,0.93915715,-0.005518243,-0.015335958,0.014382401,0.13881895,0.084576563,0.15458368,0.14269903,0.9500785,0.27746681,1.2896399,1.4217136,3.96
15,2600,1.300000,8,1.4821322,0.16562693,0.93796974,0.2168113,-0.044864222,0.05475489,-0.035706313,0.4007749,0.21923186,0.0073440463,0.24425137,0.74177173,0.62459264,0.89618652,1.2526973,3.96
15,2600,1.300000,9,1.4821322,0.17097605,1.3406918,0.56258291,-0.035321768,0.0082132942,0.010077849,0.19476114,-0.039460541,-0.014011295,-0.47684101,0.46016299,-0.74891433,2.4172185,2.3739919,3.96
15,2600,1.300000,10,1.4821322,0.55248726,0.94103278,0.57512655,-0.038901491,0.035393614,0.031582101,-0.055730606,0.019850546,0.070367701,0.66075853,0.36194997,0.65756398,0.85321552,0.50113681,3.96
15,2600,1.300000,11,1.4821322,0.55872363,1.2805477,0.20099134,0.061347461,0.0045396861,0.03005795,0.14210872,0.01123382,-0.38094747,0.9098369,-0.41469089,0.015108983,1.5556868,-0.42765511,3.96
15,2600,1.300000,12,1.4821322,0.17356448,0.91816098,0.91111598,-0.047389809,-0.0093478238,-0.010686833,-0.022008784,0.15116463,-0.052709266,-0.87694664,0.4460216,0.17896738,1.3908595,2.6710828,3.96
15,2600,1.300000,13,1.4821322,0.17041959,1.2728752,1.3086793,-0.008512878,-0.0022262589,0.016273725,0.11485321,0.10010899,-0.13230251,0.069581478,0.35412273,0.93260684,0.36922633,1.3767783,3.96
15,2600,1.300000,14,1.4821322,0.56612582,0.91370747,1.3364391,0.0093635932,0.026728569,0.059041617,-0.30268244,0.022470896,0.25685764,-0.94802439,0.061861088,-0.31212652,1.8882269,3.0764324,3.96
15,2600,1.300000,15,1.4821322,0.55217113,1.3040326,0.94152564,-0.0059919495,0.0094944684,-0.025432961,0.1808633,-0.13961343,0.049889393,-0.19808455,-0.64339048,0.73946684,0.7385183,-1.8694631,3.96
15,2600,1.300000,16,1.4821322,0.89708267,0.16403142,0.17679739,-0.0019788173,-0.050672251,-0.018330197,-0.21060916,-0.074229067,0.11146349,-0.75858826,-0.045897446,-0.64995175,2.2783173,-3.0811626,3.96
15,2600,1.300000,17,1.4821322,0.901888,0.53446371,0.56327105,-0.064211168,-0.039222347,0.0055911083,0.33985424,0.086218353,-0.081838351,-0.031589737,-0.99935478,0.017091248,1.5537042,-1.6023959,3.96
15,2600,1.300000,18,1.4821322,1.3005007,0.22848751,0.51997938,0.010439579,0.027389807,0.0073355138,-0.068578994,0.10387354,0.064875745,0.35963332,0.85709273,-0.36885759,1.948576,1.1735112,3.96
15,2600,1.300000,19,1.4821322,1.3105324,0.56558344,0.13695638,-0.029117393,-0.041952738,-0.07194834,-0.11424825,0.0076876743,-0.38142225,0.9810397,-0.16358892,-0.10392196,1.6749063,-0.1652303,3.96
15,2600,1.300000,20,1.4821322,0.93612066,0.14666808,0.92552525,-0.0036506554,-0.026545308,0.0068882244,-0.027235937,-0.016988386,0.095036587,0.034875013,-0.5768036,0.81613806,0.61610041,-1.5104073,3.96
15,2600,1.300000,21,1.4821322,0.94759172,0.5430228,1.2809186,0.022388858,-0.029574408,-0.034523525,-0.27347639,0.23563979,-0.08323434,0.3442722,0.54942323,0.76132172,0.70544712,1.0110426,3.96
15,2600,1.300000,22,1.4821322,1.3074836,0.19655044,1.2995718,0.014126908,0.02347019,-0.0034007563,0.21932352,-0.13087646,0.043605648,-0.67798588,-0.58858028,0.44035031,1.1148075,-2.4266666,3.96
15,2600,1.300000,23,1.4821322,1.2659664,0.5349748,0.88754058,-0.024786486,-0.018943098,-0.042473007,-0.38456041,0.045262393,-0.0031869996,-0.44302884,-0.64168494,0.62607179,0.89429105,-2.1750603,3.96
15,2600,1.300000,24,1.4821322,0.94189489,0.92365236,0.19442825,0.025726007,-0.022571431,0.010819376,-0.023530818,0.16383176,0.13112926,-0.34611768,-0.42629966,0.83574587,0.58130664,-2.2527584,3.96
15,2600,1.300000,25,1.4821322,0.9268338,1.2703569,0.58911712,0.066214457,-0.054607906,0.062199389,0.14099688,-0.26316504,-0.12790558,0.64872331,0.21463652,0.7301296,0.75228473,0.3195228,3.96
15,2600,1.300000,26,1.4821322,1.2848933,0.92345062,0.54997437,-0.045047402,-0.011799406,-0.025895866,0.12848612,-0.062938518,-0.009537489,0.0089076339,-0.94331727,-0.3317728,1.9089785,-1.5613537,3.96
15,2600,1.300000,27,1.4821322,1.2788164,1.332142,0.18612707,0.03537483,0.042196429,0.0026819199,-0.062736791,-0.057089739,0.30520386,-0.61324484,0.38483167,0.6898082,0.80957223,2.5811736,3.96
15,2600,1.300000,28,1.4821322,0.91318826,0.92368715,0.95275645,-0.018676717,-0.025105225,0.038019218,0.054140034,-0.072259548,-0.0025847581,0.83334551,-0.28534007,-0.47340923,2.0639535,-0.329891,3.96
15,2600,1.300000,29,1.4821322,0.92087873,1.267953,1.3226855,-0.013073558,-0.039038455,0.030219168,0.067074101,-0.12702491,0.078006747,0.44677056,-0.82120125,-0.3549994,1.9337098,-1.0725365,3.96
15,2600,1.300000,30,1.4821322,1.2954013,0.90321722,1.288539,0.022746259,-0.02170402,0.019018504,-0.037588205,-0.031229741,0.20013722,0.04134519,0.42463633,0.90441946,0.44077928,1.4737362,3.96
15,2600,1.300000,31,1.4821322,1.3119886,1.3052786,0.95589599,0.018523719,0.012385804,0.045381716,-0.063622754,0.0047027155,0.15683093,0.81944629,0.51459799,-0.25238202,1.8259375,0.56074121,3.96
16,2700,1.350000,0,1.4824502,0.20187812,0.19025241,0.15999546,0.021464733,0.0033686463,0.0047437251,-0.051034881,-0.038997939,-0.13533943,0.75961917,0.48340104,0.43508867,1.1206596,0.5667358,3.96
16,2700,1.350000,1,1.4824502,0.19651733,0.58262859,0.56016179,0.0030864254,0.031232934,-0.0051392313,-0.46970512,0.11626324,-0.22424467,0.66973778,0.26049923,0.6954074,0.80180966,0.37095049,3.96
16,2700,1.350000,2,1.4824502,0.56101069,0.16620932,0.52744366,0.0023545481,-0.033020111,-0.073682077,-0.080582265,-0.24846592,0.095795743,0.35290681,-0.71544431,0.6029894,0.9235532,-1.1125477,3.96
16,2700,1.350000,3,1.4824502,0.58662076,0.5884056,0.19408955,0.015772338,0.026006736,-0.017387389,0.016381599,-0.041876778,-0.097182365,-0.64030458,0.4640009,0.61213822,0.91203451,2.5145096,3.96
16,2700,1.350000,4,1.4824502,0.2036819,0.20517971,0.90058188,0.058892649,0.064414712,-0.0027535521,0.027631878,-0.053577783,0.1024482,0.67210933,-0.71940676,0.17527966,1.3946065,-0.81937493,3.96
16,2700,1.350000,5,1.4824502,0.18710036,0.55837562,1.2413472,0.026620361,0.044604429,-0.017563745,-0.15734826,-0.09080738,-0.068965141,-0.6504566,0.24626469,-0.71851229,2.3724573,2.7796671,3.96
16,2700,1.350000,6,1.4824502,0.51773893,0.18744422,1.2842208,-0.06136991,0.0058303166,-0.033991386,-0.082471358,-0.15908961,-0.15429821,-0.041140851,0.98225656,0.18297402,1.3867856,1.6126559,3.96
16,2700,1.350000,7,1.4824502,0.58376857,0.54441262,0.94626899,0.00060972166,-0.0096819909,0.021291984,0.088367813,0.14081732,0.069747253,0.12706154,0.93068432,0.34304819,1.2206362,1.4351103,3.96
16,2700,1.350000,8,1.4824502,0.18534715,0.94855343,0.2131893,-0.025181661,0.065136211,-0.039374446,0.41316795,0.18048602,-0.096249296,-0.030215154,0.7409217,0.67091138,0.83535918,1.6115542,3.96
16,2700,1.350000,9,1.4824502,0.18038627,1.3395375,0.5634322,-0.025949242,0.0067714675,0.010806341,0.20479772,-0.013608821,0.015864865,-0.50774167,0.50954245,-0.6946689,2.3387558,2.3544243,3.96
16,2700,1.350000,10,1.4824502,0.55088494,0.94205282,0.57668219,-0.040622178,0.036211649,0.033014178,0.0035527928,0.0074440394,-0.039405882,0.74259371,0.3104039,0.59346778,0.93543573,0.39592636,3.96
16,2700,1.350000,11,1.4824502,0.56292896,1.2788101,0.18282523,0.065432462,0.0025275731,0.011850664,0.016937145,-0.030343635,-0.33426377,0.83039381,-0.54975382,-0.090646918,1.6615678,-0.58479261,3.96
16,2700,1.350000,12,1.4824502,0.17329229,0.92992809,0.91134227,-0.047699205,0.0022210353,-0.010656038,0.017216315,0.276497,0.041795742,-0.83138589,0.36064252,0.42277001,1.1342966,2.7323048,3.96
16,2700,1.350000,13,1.4824502,0.17820915,1.2777456,1.3013568,-0.00076071078,0.0023705286,0.0086712049,0.15024094,0.081219282,-0.14951008,-0.06952236,0.43381803,0.89831429,0.45487879,1.7297021,3.96
16,2700,1.350000,14,1.4824502,0.54664373,0.91534131,1.3464507,-0.01023787,0.0281662,0.068765415,-0.458098,0.072651412,0.11725309,-0.92845941,0.046675617,-0.3684895,1.94818,3.0913628,3.96
16,2700,1.350000,15,1.4824502,0.56167566,1.2935394,0.94611933,0.0033930896,-0.00127736,-0.021041768,0.19143729,-0.2887078,0.1093977,-0.47403714,-0.60252827,0.64206578,0.87360653,-2.2374036,3.96
16,2700,1.350000,16,1.4824502,0.88694427,0.16447154,0.18124876,-0.012308595,-0.050267365,-0.013917229,-0.17683434,0.037437092,0.05888922,-0.68570277,0.027843431,-0.72734892,2.3852473,3.1010093,3.96
16,2700,1.350000,17,1.4824502,0.91571294,0.54291082,0.56002342,-0.050581207,-0.030890807,0.0022229853,0.18482605,0.22503113,-0.023649571,0.15836572,-0.97493447,-0.15627884,1.7277184,-1.4097655,3.96
16,2700,1.350000,18,1.4824502,1.3020195,0.23200762,0.52585956,0.011679219,0.030860525,0.013103502,0.083916291,0.03292122,0.12903726,0.43420721,0.83195398,-0.34542246,1.9234852,1.0897727,3.96
16,2700,1.350000,19,1.4824502,1.3085185,0.56344041,0.12452745,-0.031412287,-0.044216889,-0.084405321,-0.0098950057,-0.1068348,-0.090224586,0.99683904,0.023728851,-0.075821336,1.6466905,0.0237996,3.96
16,2700,1.350000,20,1.4824502,0.93272588,0.14431562,0.93288993,-0.0072459146,-0.028928975,0.014053554,-0.078458,-0.065315701,0.12484795,0.05670934,-0.55897759,0.82724126,0.59661667,-1.4696904,3.96
16,2700,1.350000,21,1.4824502,0.9334471,0.55591599,1.276701,0.0080424567,-0.0167991,-0.03901549,-0.3000545,0.22590001,-0.063152333,0.23292321,0.64133619,0.73105038,0.75093622,1.2224247,3.96
16,2700,1.350000,22,1.4824502,1.315963,0.19125311,1.2996278,0.022324935,0.018131263,-0.0036236074,0.055474982,-0.11256918,-0.085854871,-0.70460272,-0.56667621,0.42709843,1.129515,-2.4642661,3.96
16,2700,1.350000,23,1.4824502,1.2505454,0.53779522,0.88876312,-0.040477414,-0.016237757,-0.041441014,-0.18684724,0.085802776,0.093824483,-0.50039123,-0.70978736,0.49579282,1.0520488,-2.1848618,3.96
16,2700,1.350000,24,1.4824502,0.94393041,0.93229129,0.20535449,0.027559226,-0.014131597,0.021702729,0.10718874,0.094744288,0.25969547,-0.51579179,-0.43033498,0.74079054,0.73654987,-2.4462729,3.96
16,2700,1.350000,25,1.4824502,0.93509641,1.2591839,0.58241529,0.074277334,-0.066052249,0.055371892,0.15167492,-0.18334049,-0.13154806,0.5301366,0.09364102,0.84272566,0.56846993,0.17483227,3.96
16,2700,1.350000,26,1.4824502,1.2913614,0.92154751,0.54943429,-0.038855706,-0.013900437,-0.026553879,0.13492633,-0.025674786,-0.0239716,-0.025886245,-0.94731048,-0.3192691,1.8957544,-1.5981156,3.96
16,2700,1.350000,27,1.4824502,1.2758659,1.3252203,0.20038355,0.03215028,0.034989617,0.016896944,-0.053325339,-0.20871802,0.29057957,-0.71252255,0.32131059,0.62375566,0.89725781,2.7179507,3.96
16,2700,1.350000,28,1.4824502,0.92110247,0.92125293,0.9509111,-0.010959272,-0.027737354,0.035969657,0.18970018,-0.023717768,-0.082768505,0.83487898,-0.368428,-0.4089473,1.9920965,-0.41559139,3.96
16,2700,1.350000,29,1.4824502,0.9253392,1.2638556,1.3241091,-0.00881114,-0.043407487,0.031358786,0.10596733,-0.030787439,-0.0087042718,0.35468953,-0.92961556,-0.10005119,1.6710152,-1.2063006,3.96
16,2700,1.350000,30,1.4824502,1.2989805,0.90296364,1.2984712,0.026047211,-0.022151354,0.028673197,0.14641611,0.034547035,0.17110325,0.0079999996,0.50870201,0.86090549,0.53374954,1.5550713,3.96
16,2700,1.350000,31,1.4824502,1.3066014,1.3091536,0.96283704,0.012855658,0.015980359,0.052116936,-0.15906528,0.11389723,0.14080692,0.80509746,0.40338567,-0.43485409,2.0206726,0.4644789,3.96
17,2800,1.400000,0,1.4791336,0.19829508,0.19148301,0.15700308,0.018329826,0.0050267464,0.0021063436,-0.035186202,0.076492538,0.015128424,0.7885816,0.52256422,0.32413839,1.2406955,0.58522604,3.96
17,2800,1.400000,1,1.4791336,0.17602771,0.58514168,0.54562078,-0.016986015,0.035053786,-0.018441924,-0.34819508,0.047506079,-0.27037059,0.67509637,0.07883392,0.73350535,0.7473313,0.11624783,3.96
17,2800,1.400000,2,1.4791336,0.55679104,0.15531083,0.53285516,-0.00061330733,-0.043558555,-0.067083164,-0.036215586,-0.13278201,0.12434917,0.33559119,-0.78775997,0.51653923,1.027992,-1.1680731,3.96
17,2800,1.400000,3,1.4791336,0.58591491,0.58229549,0.19218025,0.016379577,0.021207655,-0.018864125,-0.024086343,-0.13087312,0.049760481,-0.5371143,0.57414028,0.61795726,0.90465449,2.3228877,3.96
17,2800,1.400000,4,1.4791336,0.20229993,0.20103951,0.903266,0.057965322,0.060729421,0.0019506635,-0.051614113,-0.088451981,0.041779666,0.75739124,-0.56700593,0.32382525,1.2410265,-0.64262384,3.96
17,2800,1.400000,5,1.4791336,0.17867604,0.55545101,1.2362897,0.018605649,0.04292717,-0.019846589,-0.16252799,0.012938265,-0.038667384,-0.72990532,0.048026651,-0.68185898,2.3210973,3.0758889,3.96
17,2800,1.400000,6,1.4791336,0.51523783,0.17987112,1.2737906,-0.0627142,-0.0013314483,-0.041556977,0.022623617,-0.070129727,-0.14925912,0.084762881,0.95197547,0.29420734,1.2721703,1.4819916,3.96
17,2800,1.400000,7,1.4791336,0.58174505,0.54873111,0.94377636,-0.00010857009,-0.0041393035,0.020915967,-0.12502252,0.08334711,-0.066343121,0.12247592,0.90720071,0.4024755,1.1565769,1.4366035,3.96
17,2800,1.400000,8,1.4791336,0.20140587,0.95507536,0.20529655,-0.0086897978,0.073789981,-0.046798547,0.20859978,0.16712677,-0.11467854,-0.20792925,0.64690007,0.73367958,0.74707492,1.8817905,3.96
17,2800,1.400000,9,1.4791336,0.18855901,1.3352852,0.56394838,-0.01736332,0.0055146256,0.012585056,0.11656305,-0.030094098,-0.022267802,-0.45776755,0.5795884,-0.67418555,2.3106577,2.2392959,3.96
17,2800,1.400000,10,1.4791336,0.55158809,0.94112264,0.57201386,-0.038684385,0.037390395,0.02963224,0.071166354,0.0036552218,-0.09853217,0.66434463,0.28695516,0.69014704,0.8091041,0.40773182,3.96
17,2800,1.400000,11,1.4791336,0.55759172,1.2761995,0.16891252,0.061350062,0.0027782453,-0.0016681584,-0.1184429,0.065792457,-0.19500501,0.78781805,-0.60260614,-0.12731285,1.6984556,-0.6529724,3.96
17,2800,1.400000,12,1.4791336,0.17406289,0.94050563,0.91243041,-0.04653961,0.014893247,-0.007525492,0.046282598,0.21404426,0.044045507,-0.87819471,0.27191298,0.39349382,1.1663674,2.8413271,3.96
17,2800,1.400000,13,1.4791336,0.18281898,1.2782355,1.2934767,0.0042534286,0.0057227298,0.0036970147,0.022112767,0.037190462,-0.047655825,-0.17519848,0.62239989,0.76283935,0.70310323,1.8451849,3.96
17,2800,1.400000,14,1.4791336,0.52640189,0.91820342,1.3436613,-0.029278055,0.03308166,0.068988534,-0.26373901,0.06998199,-0.1586097,-0.93439782,-0.015676849,-0.35588614,1.9346584,-3.1248167,3.96
17,2800,1.400000,15,1.4791336,0.56963756,1.2761577,0.94750168,0.01262194,-0.015781346,-0.017538792,0.16789748,-0.31905665,0.032245273,-0.68677382,-0.42979948,0.58618609,0.94445305,-2.5824011,3.96
17,2800,1.400000,16,1.4791336,0.87798326,0.16801046,0.18179666,-0.019293116,-0.046356104,-0.012962768,-0.08169585,0.098095122,0.002793745,-0.63898047,0.21841722,-0.73756212,2.4002494,2.8122224,3.96
17,2800,1.400000,17,1.4791336,0.91916427,0.55423645,0.55541896,-0.045075028,-0.018336494,-0.0011323227,0.031038169,0.24451434,-0.12298838,0.19612385,-0.90922167,-0.36722117,1.946816,-1.3583462,3.96
17,2800,1.400000,18,1.4791336,1.304179,0.22761052,0.53032304,0.016757342,0.026978136,0.018749781,0.15274289,-0.20598259,0.092525588,0.40995818,0.83707565,-0.36226875,1.9414972,1.1153819,3.96
17,2800,1.400000,19,1.4791336,1.305583,0.55321425,0.12647748,-0.031420252,-0.053192537,-0.082174188,0.0059137383,-0.24895982,0.16750854,0.98506629,0.074107833,-0.15541051,1.7268393,0.075089866,3.96
17,2800,1.400000,20,1.4791336,0.92545376,0.14212078,0.93570901,-0.012437107,-0.030803052,0.018965232,-0.13852007,0.0033330279,0.08190272,-0.14991144,-0.38986469,0.90858796,0.43090535,-1.9378886,3.96
17,2800,1.400000,21,1.4791336,0.91829007,0.5642477,1.2750461,-0.0050408725,-0.0072129371,-0.037812771,-0.22704173,0.21072062,0.13408858,-0.043798257,0.77719521,0.62773347,0.89215822,1.627091,3.96
17,2800,1.400000,22,1.4791336,1.3118723,0.18298415,1.2918833,0.021177025,0.010281392,-0.0084658963,-0.073439702,-0.18215435,-0.10278351,-0.67417106,-0.48448623,0.55746432,0.97946797,-2.5184659,3.96
17,2800,1.400000,23,1.4791336,1.2456393,0.54133085,0.89475084,-0.042588113,-0.011493629,-0.033455972,0.047984859,0.07949324,0.21385287,-0.53304768,-0.73800838,0.41376781,1.1442074,-2.1963184,3.96
17,2800,1.400000,24,1.4791336,0.94804182,0.93071274,0.21936233,0.033789416,-0.013623812,0.036186226,0.14473923,-0.071486533,0.27408699,-0.72484925,-0.4523777,0.51956519,1.0244543,-2.5836415,3.96
17,2800,1.400000,25,1.4791336,0.93835293,1.2508129,0.57610759,0.079631888,-0.07161236,0.050361582,0.060132111,-0.048756187,-0.01421984,0.42896621,0.068588167,0.90071286,0.44938863,0.15854973,3.96
17,2800,1.400000,26,1.4791336,1.2974749,0.9184911,0.54781539,-0.029843026,-0.014896235,-0.026944,0.23888485,0.026411519,0.035705562,-0.058747604,-0.96039809,-0.27236783,1.8466494,-1.6318903,3.96
17,2800,1.400000,27,1.4791336,1.2713413,1.308916,0.2122223,0.030478248,0.021635239,0.029197774,-0.0070142538,-0.29973938,0.20137888,-0.75797439,0.31142794,0.57313826,0.9604659,2.751752,3.96
17,2800,1.400000,28,1.4791336,0.92939001,0.92045947,0.94347918,-0.00059939988,-0.026468321,0.030659218,0.19987438,0.062123291,-0.11741491,0.87729958,-0.41568795,-0.23989369,1.8130527,-0.44249058,3.96
17,2800,1.400000,29,1.4791336,0.92786543,1.2613658,1.3164998,-0.004209546,-0.043069331,0.02670668,0.098095317,0.06445245,-0.10823725,0.20093363,-0.97598053,0.084188344,1.4865082,-1.3677546,3.96
17,2800,1.400000,30,1.4791336,1.3047125,0.90456249,1.3025195,0.034695028,-0.018528293,0.035634275,0.17137376,0.10936132,0.10401319,0.10678296,0.67763485,0.72760456,0.75597278,1.4144997,3.96
17,2800,1.400000,31,1.4791336,1.2964306,1.3136835,0.96460704,0.0055998853,0.023447487,0.056045442,-0.11043585,0.15803754,0.017315964,0.68479007,0.36730208,-0.62940586,2.2515847,0.49231992,3.96
18,2900,1.450000,0,1.4745448,0.19466011,0.19864694,0.1618501,0.015305348,0.012796795,0.0074487417,-0.086832251,0.2351582,0.17818283,0.81767047,0.57006791,0.080234536,1.4904755,0.60883447,3.96
18,2900,1.450000,1,1.4745448,0.16501952,0.58526424,0.53140573,-0.027464381,0.036994693,-0.030983733,-0.071438307,0.006195663,-0.20419559,0.57985905,-0.10677973,0.80768903,0.6305743,-0.18210757,3.96
18,2900,1.450000,2,1.4745448,0.55391,0.15107444,0.53954491,-0.0017687657,-0.047318959,-0.058727314,0.0082380601,-0.045648899,0.15724971,0.48118498,-0.80421936,0.34884413,1.2144589,-1.031609,3.96
18,2900,1.450000,3,1.4745448,0.5778181,0.57053409,0.19426479,0.010090729,0.011237273,-0.016179197,-0.21813473,-0.21348632,0.028281276,-0.49010271,0.59203273,0.63976291,0.87660658,2.2622782,3.96
18,2900,1.450000,4,1.4745448,0.19655416,0.1960026,0.89909712,0.052839195,0.056309349,0.00058192459,-0.12089833,-0.10080661,-0.12678749,0.76752388,-0.45987592,0.44656605,1.1078726,-0.53980768,3.96
18,2900,1.450000,5,1.4745448,0.17216895,0.55575378,1.2299347,0.012643618,0.044956305,-0.02237009,-0.072022206,0.051471673,-0.083958875,-0.71600148,-0.2185577,-0.66300408,2.2956208,-2.8453286,3.96
18,2900,1.450000,6,1.4745448,0.51649262,0.17733145,1.2660101,-0.059856516,-0.0033161745,-0.04539162,0.1073929,0.0047946356,-0.0027934285,0.19045073,0.93726051,0.29201243,1.274466,1.3703264,3.96
18,2900,1.450000,7,1.4745448,0.57227819,0.55054492,0.93526327,-0.0077825581,-0.00061765523,0.015322144,-0.16059357,0.047619838,-0.14626957,0.065007323,0.90080784,0.42932422,1.1270519,1.4987556,3.96
18,2900,1.450000,8,1.4745448,0.20402051,0.95777241,0.20075927,-0.0054452842,0.07945884,-0.050704996,-0.04369463,0.046564607,-0.030694513,-0.26844173,0.5789784,0.76988509,0.69213526,2.0049412,3.96
18,2900,1.450000,9,1.4745448,0.1893327,1.330387,0.56229344,-0.016002531,0.0047578488,0.01267984,0.027781264,-0.027030686,0.052271968,-0.43680138,0.58787377,-0.68088838,2.3197713,2.2098146,3.96
18,2900,1.450000,10,1.4745448,0.55402211,0.93713281,0.56287803,-0.034532682,0.036318611,0.022259561,0.089952796,-0.062253699,-0.16388425,0.37449161,0.33821244,0.8633472,0.5289306,0.7345385,3.96
18,2900,1.450000,11,1.4745448,0.54897242,1.2810284,0.16154798,0.054449902,0.011580095,-0.0085193147,-0.14499957,0.26187768,-0.072595915,0.81147188,-0.58214445,-0.051197945,1.6220167,-0.62230416,3.96
18,2900,1.450000,12,1.4745448,0.17781265,0.94251935,0.91139243,-0.042243165,0.019832442,-0.0057299841,0.077605754,-0.057052974,0.044022773,-0.96159176,0.22822054,0.15250138,1.4176976,2.9085679,3.96
18,2900,1.450000,13,1.4745448,0.17974216,1.2784725,1.2883593,0.0017398771,0.0099318511,0.0025906931,-0.12602927,0.12595942,-0.001365903,-0.23872009,0.79175124,0.56226568,0.97367329,1.8636369,3.96
18,2900,1.450000,14,1.4745448,0.51891295,0.9155017,1.3253988,-0.035143006,0.033228784,0.054872684,0.034640887,-0.0093756898,-0.40316934,-0.93843877,-0.12615273,-0.32158695,1.8982013,-3.0079654,3.96
18,2900,1.450000,15,1.4745448,0.57610856,1.2578183,0.94815826,0.020872986,-0.03018399,-0.013937107,0.15983323,-0.22934628,0.12336382,-0.77631252,-0.20977246,0.59441937,0.93425291,-2.877679,3.96
18,2900,1.450000,16,1.4745448,0.87712871,0.17238591,0.17892229,-0.017420919,-0.0414518,-0.015276727,0.11873847,0.078542769,-0.062365619,-0.57525339,0.3757567,-0.72656069,2.3840994,2.5629697,3.96
18,2900,1.450000,17,1.4745448,0.91482187,0.56278171,0.54818648,-0.046568158,-0.0080558105,-0.0066502582,-0.052218004,0.15566773,-0.064154914,0.082325381,-0.86897543,-0.48795925,2.0805466,-1.4763398,3.96
18,2900,1.450000,18,1.4745448,1.304317,0.21295155,0.53265873,0.020947878,0.013003585,0.022736927,0.028142104,-0.35203821,0.092688314,0.33318372,0.83868785,-0.43080309,2.0161788,1.1926475,3.96
18,2900,1.450000,19,1.4745448,1.3014423,0.53881436,0.13528677,-0.031510741,-0.06589589,-0.072958202,-0.067539629,-0.22945721,0.21336329,0.93939494,0.1088247,-0.32510664,1.9019208,0.11533144,3.96
18,2900,1.450000,20,1.4745448,0.91546818,0.1431471,0.93435171,-0.019562656,-0.029333535,0.020513258,-0.17583233,0.082463546,-0.046477025,-0.37470295,-0.093676865,0.92240032,0.3965466,-2.8966112,3.96
18,2900,1.450000,21,1.4745448,0.90704178,0.57240257,1.2812552,-0.013453351,0.0027078544,-0.02763217,-0.11040434,0.12942331,0.20331102,-0.26247471,0.85216718,0.45267883,1.101029,1.8695841,3.96
18,2900,1.450000,22,1.4745448,1.300519,0.17450285,1.2816081,0.013882354,0.0023554619,-0.01474297,-0.2421268,-0.10547481,-0.12116303,-0.55898635,-0.39585568,0.72858255,0.75454605,-2.5254065,3.96
18,2900,1.450000,23,1.4745448,1.2487291,0.5418417,0.90251373,-0.035623006,-0.0092999609,-0.022900825,0.21089467,-0.0295259,0.15328455,-0.51949133,-0.75957001,0.39138492,1.1686602,-2.1706542,3.96
18,2900,1.450000,24,1.4745448,0.95266322,0.91835248,0.22749419,0.041363772,-0.023111387,0.045012341,0.083063375,-0.25506076,0.062970153,-0.8531714,-0.36141621,0.37613412,1.1851759,-2.7408957,3.96
18,2900,1.450000,25,1.4745448,0.93541214,1.2495197,0.57648381,0.079602183,-0.069020985,0.052528469,-0.027492959,0.1487415,0.10672039,0.44139577,0.1599038,0.88294991,0.48868724,0.34756238,3.96
18,2900,1.450000,26,1.4745448,1.3051563,0.92035327,0.54946598,-0.018118183,-0.010177227,-0.02358866,0.19008262,0.17488422,0.095265071,-0.21122718,-0.92563006,-0.31399374,1.8901929,-1.7951528,3.96
18,2900,1.450000,27,1.4745448,1.2716225,1.2918181,0.21875429,0.03471021,0.0085777669,0.036399349,0.1469966,-0.17393544,0.078875031,-0.79477542,0.34835599,0.49697097,1.0506917,2.7285047,3.96
18,2900,1.450000,28,1.4745448,0.93798196,0.92022007,0.93608208,0.01089373,-0.023848037,0.026182186,0.25104899,0.031067511,-0.063352005,0.92917913,-0.36496048,-0.058566136,1.629396,-0.37426446,3.96
18,2900,1.450000,29,1.4745448,0.92897447,1.262002,1.309129,-0.00021571283,-0.038512847,0.023415045,0.071624293,0.096697888,0.0080790596,0.084267616,-0.99390695,0.071048817,1.4996876,-1.4862144,3.96
18,2900,1.450000,30,1.4745448,1.3082069,0.90727702,1.3023789,0.042248831,-0.012998877,0.03954066,0.11853545,0.14069445,0.049971577,0.31296519,0.77133707,0.55415874,0.98344433,1.1853483,3.96
18,2900,1.450000,31,1.4745448,1.2881992,1.3153259,0.95981249,0.0013839701,0.029174323,0.054240662,-0.047989706,0.061250145,-0.054725225,0.39442583,0.51997214,-0.75766565,2.4305252,0.92184446,3.96
19,3000,1.500000,0,1.483426,0.19065961,0.2140204,0.17357885,0.010147891,0.026931367,0.018170477,-0.13224605,0.31601037,0.22396154,0.84403174,0.52595351,-0.10480136,1.6757905,0.55726371,3.96
19,3000,1.500000,1,1.483426,0.16852384,0.58734173,0.5256253,-0.024961485,0.035551458,-0.039937944,0.13337649,-0.059054832,-0.112947,0.43034324,-0.14258445,0.89133292,0.47051945,-0.31994401,3.96
19,3000,1.500000,2,1.483426,0.55746209,0.15256574,0.55186816,-0.0015535256,-0.046739318,-0.04968091,0.059698031,0.083361441,0.13444084,0.65544167,-0.71858314,0.23245318,1.3361971,-0.83131952,3.96
19,3000,1.500000,3,1.483426,0.56563004,0.56600567,0.19610469,-0.0055306363,0.0032963542,-0.01551136,-0.37004899,-0.13637756,0.00084455576,-0.47376628,0.55142752,0.68663906,0.81394046,2.2805862,3.96
19,3000,1.500000,4,1.483426,0.19161749,0.19275854,0.89442289,0.046736998,0.051898007,-0.0094773779,-0.10824507,-0.062489929,-0.22260389,0.73148268,-0.4818827,0.48241285,1.0673891,-0.58251941,3.96
19,3000,1.500000,5,1.483426,0.17179196,0.55822269,1.2324242,0.011233889,0.044080533,-0.027273695,-0.011738476,-0.055131334,-0.083733898,-0.69018482,-0.32697624,-0.64554741,2.2725362,-2.6991633,3.96
19,3000,1.500000,6,1.483426,0.52776029,0.1831701,1.2764929,-0.0517241,0.0014401251,-0.042542622,0.19390552,0.19357833,0.081316934,0.23045099,0.95426845,0.19043124,1.3791949,1.3338383,3.96
19,3000,1.500000,7,1.483426,0.56812986,0.55660512,0.93242339,-0.015354995,0.0021183915,0.0068745177,-0.12280475,0.049842908,-0.19508465,-0.0012137545,0.9458793,0.32451637,1.2402959,1.5720795,3.96
19,3000,1.500000,8,1.483426,0.19932412,0.96389461,0.20135011,-0.011352752,0.079811301,-0.051321481,-0.14985961,-0.036413616,0.017078049,-0.15677036,0.58265411,0.79745673,0.64772799,1.8336341,3.96
19,3000,1.500000,9,1.483426,0.19287945,1.3358879,0.56829841,-0.013603336,0.0022533513,0.015290269,0.09628747,-0.066622967,0.090028594,-0.46583218,0.53617598,-0.70392876,2.3517101,2.2861067,3.96
19,3000,1.500000,10,1.483426,0.55914629,0.93901346,0.5598956,-0.032750735,0.032566163,0.015905983,-0.022378871,-0.087265065,-0.11363021,0.013778118,0.35294336,0.93554324,0.36100239,1.5317784,3.96
19,3000,1.500000,11,1.483426,0.54187955,1.3038263,0.16044289,0.044081692,0.026617229,-0.010591187,-0.28787794,0.34178258,-0.0036090839,0.83868254,-0.53812698,0.083850791,1.486847,-0.57047131,3.96
19,3000,1.500000,12,1.483426,0.1848979,0.94148852,0.92072497,-0.036246894,0.013144886,-0.0018982801,0.14551971,-0.22488032,0.10198742,-0.96301232,0.23059844,-0.13939738,1.7106492,2.9065627,3.96
19,3000,1.500000,13,1.483426,0.17324192,1.2930019,1.2956093,-0.0058202512,0.016740576,0.0020824855,-0.18524243,0.1724214,0.0016186276,-0.23350973,0.87463411,0.42483923,1.132012,1.8316911,3.96
19,3000,1.500000,14,1.483426,0.52779828,0.91954128,1.3130064,-0.029400335,0.031758692,0.034558361,0.1581442,-0.027862649,-0.39512746,-0.91861989,-0.22910258,-0.32194643,1.898581,-2.89718,3.96
19,3000,1.500000,15,1.483426,0.58414809,1.2598537,0.95999819,0.02542892,-0.035707889,-0.0078262993,0.01035374,-0.016844126,0.1469847,-0.72895742,-0.11757995,0.67438568,0.83066393,-2.9816713,3.96
19,3000,1.500000,16,1.483426,0.8945764,0.17504663,0.17681924,-0.0052926083,-0.039834223,-0.018447907,0.29533799,-0.013292885,-0.019550347,-0.49097513,0.45864073,-0.74067003,2.4048634,2.3902313,3.96
19,3000,1.500000,17,1.483426,0.91517693,0.56755938,0.55204916,-0.051707657,-0.0066719422,-0.0060909913,-0.11359477,-0.10515892,0.078497631,-0.050103707,-0.86839044,-0.49334335,2.0867256,-1.6284296,3.96
19,3000,1.500000,18,1.483426,1.3121299,0.19661497,0.54158841,0.020904966,-0.0045628563,0.028441271,-0.034005154,-0.34276144,0.090101825,0.20363767,0.85318702,-0.48021205,2.0716928,1.3365009,3.96
19,3000,1.500000,19,1.483426,1.3023644,0.53095292,0.14674492,-0.038406573,-0.076969371,-0.062346745,-0.22400415,-0.15466631,0.19768847,0.85096099,0.2280683,-0.47312814,2.0636344,0.26185859,3.96
19,3000,1.500000,20,1.483426,0.91320173,0.14990296,0.93641362,-0.027319695,-0.02345749,0.016958227,-0.12794142,0.15052054,-0.0882543,-0.54257373,0.097343812,0.83434881,0.58384593,2.9640701,3.96
19,3000,1.500000,21,1.483426,0.91007545,0.58147695,1.2992143,-0.015875534,0.0083178063,-0.017420673,0.023457588,0.081384317,0.19624178,-0.32979994,0.88957742,0.31604433,1.2492391,1.925825,3.96
19,3000,1.500000,22,1.483426,1.2918821,0.17241625,1.284509,-0.0025383005,-0.00077277373,-0.019546821,-0.39120283,0.010304848,-0.036631366,-0.48726576,-0.32119809,0.81203686,0.62316251,-2.5587878,3.96
19,3000,1.500000,23,1.483426,1.2690626,0.54162355,0.91018987,-0.022848973,-0.01277121,-0.020667243,0.25470581,-0.13653488,-0.038949492,-0.51354236,-0.76963283,0.37939365,1.1816555,-2.159207,3.96
19,3000,1.500000,24,1.483426,0.96194303,0.91041353,0.2267406,0.044895077,-0.03654127,0.042894901,0.064726722,-0.22822399,-0.14842075,-0.8861444,-0.14758457,0.43927997,1.1159993,-2.9765605,3.96
19,3000,1.500000,25,1.483426,0.93937786,1.2649923,0.58670896,0.077938888,-0.061098081,0.059261235,-0.024273279,0.14369658,0.073423613,0.55245571,0.30421751,0.77604407,0.68242744,0.50335291,3.96
19,3000,1.500000,26,1.483426,1.3181428,0.93627776,0.55842412,-0.013007921,0.00017288267,-0.01795687,0.035315562,0.25870583,0.14039836,-0.45135016,-0.80826033,-0.37815113,1.9585946,-2.0800824,3.96
19,3000,1.500000,27,1.483426,1.2898939,1.2943211,0.21963339,0.045290826,0.0033159215,0.035962204,0.22810756,-0.05476375,-0.093657973,-0.79289908,0.43002958,0.43172399,1.1243931,2.644641,3.96
19,3000,1.500000,28,1.483426,0.95840779,0.92513998,0.93953,0.025625847,-0.024468769,0.02399863,0.33286436,-0.032388524,0.0043646812,0.99722667,-0.074279087,-0.0046458756,1.5754422,-0.074348366,3.96
19,3000,1.500000,29,1.483426,0.93848301,1.2767032,1.3193491,0.0036858913,-0.031433949,0.02574324,0.092645645,0.15923201,0.071502896,0.045170334,-0.99753124,-0.053768623,1.6245909,-1.5255451,3.96
19,3000,1.500000,30,1.483426,1.3232245,0.91820227,1.3125938,0.049365758,-0.0075545241,0.041904225,0.14188,0.047822649,0.035281759,0.54504756,0.71121492,0.44395551,1.1107881,0.91690598,3.96
19,3000,1.500000,31,1.483426,1.2947908,1.3226794,0.96180936,0.00022024097,0.028607294,0.050467895,0.040667079,-0.091390681,-0.13020651,0.043207173,0.71831807,-0.69437186,2.338343,1.5107182,3.96
20,3100,1.550000,0,1.4807479,0.18081625,0.22458126,0.18273383,0.00064014599,0.037888507,0.02764739,-0.26010119,0.16197132,0.19468425,0.90097124,0.38513731,-0.19980009,1.7719502,0.40396009,3.96
20,3100,1.550000,1,1.4807479,0.17546127,0.58481873,0.52340091,-0.017713268,0.03408749,-0.041214562,0.10876126,-0.019206416,0.046630057,0.27236553,-0.13082183,0.95325897,0.30695197,-0.44777768,3.96
20,3100,1.550000,2,1.4807479,0.56080684,0.15942072,0.55572096,0.0028015605,-0.039602455,-0.044827422,0.086588853,0.1817601,0.054121622,0.71589746,-0.66951176,0.19810309,1.3713741,-0.75192908,3.96
20,3100,1.550000,3,1.4807479,0.54697871,0.55778951,0.19364533,-0.023176752,-0.0039044779,-0.017618584,-0.31036421,-0.15350573,-0.088905227,-0.50860317,0.48689809,0.71010778,0.78114505,2.3779942,3.96
20,3100,1.550000,4,1.4807479,0.18725785,0.18949535,0.88396403,0.042719672,0.048980171,-0.018329498,-0.056052214,-0.014721069,-0.13426118,0.6553085,-0.62434534,0.4251631,1.1316542,-0.76120638,3.96
20,3100,1.550000,5,1.4807479,0.17418699,0.55451846,1.2284723,0.013941508,0.041381649,-0.029002237,0.11125791,-0.047541979,0.065057291,-0.66350973,-0.26590456,-0.69932082,2.3452432,-2.760436,3.96
20,3100,1.550000,6,1.4807479,0.5367726,0.19486402,1.276682,-0.041750001,0.013475607,-0.040046763,0.18953178,0.28849078,-0.019947086,0.27856542,0.95702637,0.080633985,1.4900747,1.2875486,3.96
20,3100,1.550000,7,1.4807479,0.56156278,0.55615068,0.92115305,-0.020901419,0.0026693092,-0.0027211476,-0.062496391,0.0042620977,-0.18809519,0.052695863,0.99485982,0.086470127,1.4842181,1.5178777,3.96
20,3100,1.550000,8,1.4807479,0.18943505,0.95710812,0.20075811,-0.020890596,0.074760405,-0.051550183,-0.14936367,-0.12407779,-0.025357055,-0.017569313,0.60977571,0.79237926,0.6560969,1.5996011,3.96
20,3100,1.550000,9,1.4807479,0.19844919,1.3277355,0.57024983,-0.0076800372,-0.0034925762,0.018270358,0.14729707,-0.16089057,0.038456528,-0.47254481,0.48295644,-0.73719365,2.3997039,2.3452984,3.96
20,3100,1.550000,10,1.4807479,0.55673629,0.93389397,0.55440999,-0.034152557,0.029138817,0.011427133,-0.068632794,-0.05959188,-0.079693337,-0.17423427,0.36170034,0.91586859,0.41313023,2.0197043,3.96
20,3100,1.550000,11,1.4807479,0.5295739,1.3185019,0.16241413,0.032744078,0.043662065,-0.0083282506,-0.15038163,0.2876442,0.086357671,0.82802421,-0.53573992,0.1654045,1.4046282,-0.57427039,3.96
20,3100,1.550000,12,1.4807479,0.19144953,0.92579214,0.9237287,-0.029355234,-0.00086444865,0.0027718849,0.10879778,-0.32016707,0.032737183,-0.90949674,0.33795108,-0.24208416,1.8153097,2.7858234,3.96
20,3100,1.550000,13,1.4807479,0.16698563,1.3002852,1.29556,-0.011769156,0.026366928,0.0043742447,-0.020533426,0.20526287,0.0703699,-0.20680201,0.89739374,0.38976583,1.170419,1.7972895,3.96
20,3100,1.550000,14,1.4807479,0.53809948,0.91716888,1.2971874,-0.018136106,0.031045737,0.021097625,0.2275473,0.0038740782,-0.13543923,-0.95033227,-0.24795538,-0.18811353,1.7600374,-2.8863683,3.96
20,3100,1.550000,15,1.4807479,0.58346633,1.2592235,0.9662957,0.025802089,-0.034062141,0.00021159699,-0.019295808,0.064302867,0.17849196,-0.60872137,-0.069766149,0.79031069,0.65948042,-3.0274796,3.96
20,3100,1.550000,16,1.4807479,0.90522297,0.17534427,0.1784755,0.0069800624,-0.03922001,-0.016470648,0.21872541,0.036709979,0.13480591,-0.40245114,0.50980791,-0.76034793,2.4346449,2.2390509,3.96
20,3100,1.550000,17,1.4807479,0.90697015,0.55597324,0.55716677,-0.058268155,-0.017242999,2.8776076e-05,-0.20070892,-0.28512603,0.099984774,-0.1513123,-0.88338955,-0.44353972,2.0303406,-1.7404361,3.96
20,3100,1.550000,18,1.4807479,1.3062301,0.18136037,0.54477016,0.017370775,-0.019475976,0.032604533,-0.11554893,-0.26149309,0.10341057,0.088154908,0.89689378,-0.43337081,2.019026,1.4728219,3.96
20,3100,1.550000,19,1.4807479,1.2852396,0.52599315,0.15326628,-0.053193433,-0.080974202,-0.055554332,-0.32833869,-0.045820652,0.080061011,0.69533368,0.42758381,-0.57765315,2.186647,0.55132755,3.96
20,3100,1.550000,20,1.4807479,0.90681901,0.15976368,0.93163773,-0.032058055,-0.013316987,0.01387009,-0.029516594,0.21013432,-0.04307354,-0.62665591,0.16410102,0.76182231,0.70467472,2.8854758,3.96
20,3100,1.550000,21,1.4807479,0.91155075,0.58075997,1.3057439,-0.012754425,0.008650885,-0.0085375174,0.11600381,-0.044664925,0.17592309,-0.18538813,0.94824917,0.25778821,1.310064,1.7638667,3.96
20,3100,1.550000,22,1.4807479,1.2709539,0.17676675,1.2838797,-0.021151076,0.0038932111,-0.017855535,-0.35003096,0.12441424,0.081155112,-0.47750988,-0.32446011,0.81652309,0.6154338,-2.5447692,3.96
20,3100,1.550000,23,1.4807479,1.2774812,0.53331745,0.90307825,-0.012129625,-0.020106123,-0.026140608,0.18926109,-0.094757843,-0.15367432,-0.55751031,-0.74619446,0.36383523,1.1984143,-2.2124633,3.96
20,3100,1.550000,24,1.4807479,0.96126855,0.9001199,0.21630196,0.045958185,-0.045199112,0.032856541,-0.021593266,-0.078462446,-0.24379925,-0.83863886,0.10474712,0.53452119,1.0068552,3.0173348,3.96
20,3100,1.550000,25,1.4807479,0.93643706,1.2676176,0.58430227,0.076692862,-0.056184634,0.057912541,-0.047895205,0.060328348,-0.10874752,0.61525514,0.43244358,0.65913099,0.85113371,0.61264867,3.96
20,3100,1.550000,26,1.4807479,1.3151089,0.94669556,0.56361555,-0.013662786,0.012291935,-0.011751693,-0.059706341,0.21249693,0.10787336,-0.6141588,-0.68265146,-0.39597469,1.9779254,-2.3034273,3.96
20,3100,1.550000,27,1.4807479,1.2969159,1.2918847,0.2109845,0.054650013,0.003216162,0.027702364,0.14901721,0.04860304,-0.24282707,-0.78389864,0.43436144,0.44365872,1.1111193,2.635604,3.96
20,3100,1.550000,28,1.4807479,0.97185267,0.92165385,0.93875284,0.0408147,-0.026286347,0.024918465,0.26476818,-0.059494174,-0.00035263594,0.94351461,0.31811309,-0.092651145,1.6635805,0.32518841,3.96
20,3100,1.550000,29,1.4807479,0.93991753,1.279991,1.3199863,0.0068175148,-0.025836251,0.028765013,0.057867269,0.063261029,0.05018101,0.06109585,-0.97448325,-0.21598538,1.7884972,-1.5081826,3.96
20,3100,1.550000,30,1.4807479,1.3275137,0.91580969,1.3116318,0.056049849,-0.0082900973,0.043313163,0.081623883,-0.084401225,0.003801312,0.72675885,0.57148691,0.38108305,1.1798289,0.66636225,3.96
20,3100,1.550000,31,1.4807479,1.297253,1.3143035,0.95181982,0.0050242965,0.022613851,0.042207286,0.16571731,-0.12026336,-0.11986415,-0.12041446,0.85619586,-0.50242313,2.0971954,1.7105188,3.96
21,3200,1.600000,0,1.481608,0.16542696,0.22765931,0.1920901,-0.014849677,0.040835252,0.036894832,-0.33717295,-0.03232773,0.097516419,0.94573535,0.27060185,-0.17988686,1.7516678,0.27868259,3.96
21,3200,1.600000,1,1.481608,0.17652898,0.58563815,0.53084402,-0.016747754,0.034567073,-0.034077537,-0.036294445,0.01840906,0.21896611,0.16912049,-0.17495287,0.96994317,0.24579917,-0.80234751,3.96
21,3200,1.600000,2,1.481608,0.56449966,0.1698232,0.55666692,0.0061676668,-0.029295573,-0.044204432,0.0093735978,0.20482652,-0.046804237,0.6695435,-0.70263304,0.2408699,1.3275343,-0.80950813,3.96
21,3200,1.600000,3,1.481608,0.53219209,0.55322485,0.18765057,-0.038276698,-0.0087917165,-0.023724049,-0.25731816,-0.060251514,-0.1403913,-0.55193006,0.46967345,0.68904286,0.81062881,2.4365383,3.96
21,3200,1.600000,4,1.481608,0.18577966,0.18811732,0.88210311,0.041133173,0.047492513,-0.020703179,0.020445437,-0.04933318,0.044885269,0.58391558,-0.7593709,0.28705129,1.2796492,-0.91527933,3.96
21,3200,1.600000,5,1.481608,0.18205135,0.55063951,1.2360337,0.021702437,0.037181825,-0.022156409,0.17464565,-0.087695098,0.19710392,-0.60491526,-0.11292022,-0.7882427,2.4787444,-2.9570455,3.96
21,3200,1.600000,6,1.481608,0.54333018,0.20627946,1.2757843,-0.035506012,0.024774579,-0.041685482,0.088952648,0.22983097,0.025454518,0.27517515,0.95976737,0.055903708,1.5148635,1.2915761,3.96
21,3200,1.600000,7,1.481608,0.56090089,0.55481727,0.91364465,-0.021889207,0.0010133445,-0.010762268,0.089070071,-0.083244727,-0.12873332,0.21416789,0.97382447,-0.076144677,1.6470148,1.354318,3.96
21,3200,1.600000,8,1.481608,0.18592931,0.95046803,0.19651031,-0.024505313,0.067566473,-0.055913322,-0.0082766523,-0.17771922,-0.11807261,0.040172616,0.64631847,0.76200957,0.70438558,1.5087201,3.96
21,3200,1.600000,9,1.481608,0.20847706,1.320898,0.571614,0.0022296872,-0.011099083,0.019302997,0.20783071,-0.11057605,0.0081409716,-0.47324408,0.46954977,-0.74536102,2.4118725,2.3601129,3.96
21,3200,1.600000,10,1.481608,0.55104908,0.93099206,0.54992002,-0.040161399,0.025695457,0.0066165255,-0.16274453,-0.093217378,-0.08421349,-0.18650653,0.41735384,0.88939929,0.47476694,1.9910515,3.96
21,3200,1.600000,11,1.481608,0.52556027,1.3324269,0.1682059,0.028424097,0.056817316,-0.0026324735,-0.025441726,0.21512501,0.13900599,0.84290794,-0.53065547,0.088943658,1.481735,-0.56186689,3.96
21,3200,1.600000,12,1.481608,0.19755761,0.91326958,0.92514115,-0.023360093,-0.013920962,0.0036475371,0.093514722,-0.19349538,0.0099851969,-0.86718588,0.48144904,-0.12726145,1.6984038,2.634777,3.96
21,3200,1.600000,13,1.481608,0.16737886,1.3110481,1.2995128,-0.011473008,0.036371619,0.0075735638,0.017479902,0.21108567,0.058435478,-0.24372369,0.88083154,0.40587506,1.1528602,1.8407398,3.96
21,3200,1.600000,14,1.481608,0.54972838,0.91580361,1.2994168,-0.0068230496,0.029148274,0.022573163,0.22239084,-0.078618177,0.18888746,-0.95706429,-0.27511972,0.091307603,1.4793614,-2.8616778,3.96
21,3200,1.600000,15,1.481608,0.58317824,1.2655139,0.97383502,0.025175275,-0.028504769,0.0071876179,-0.013620739,0.17599419,0.09742641,-0.5106851,-0.0477102,0.85844304,0.53856995,-3.0484391,3.96
21,3200,1.600000,16,1.481608,0.91365492,0.17591229,0.18909883,0.014883921,-0.038753967,-0.0059540404,0.059233679,-0.0086552982,0.24909581,-0.34317712,0.52266904,-0.78041434,2.4661245,2.1517874,3.96
21,3200,1.600000,17,1.481608,0.89778113,0.54450036,0.56031044,-0.067981165,-0.029035387,0.0028480033,-0.16790694,-0.18870141,0.017810584,-0.28503757,-0.88778186,-0.361382,1.940546,-1.881467,3.96
21,3200,1.600000,18,1.481608,1.2992723,0.1715083,0.55057474,0.0096565242,-0.0294305,0.038091086,-0.15503784,-0.15034822,0.11535668,0.031462596,0.9516674,-0.30551474,1.8812753,1.5377479,3.96
21,3200,1.600000,19,1.481608,1.2696058,0.52677327,0.15662656,-0.069569022,-0.080499751,-0.052284022,-0.27993783,0.064466309,0.094078969,0.51675206,0.61713708,-0.59338784,2.2060576,0.87369954,3.96
21,3200,1.600000,20,1.481608,0.90523228,0.16962452,0.92845662,-0.034170895,-0.0035517785,0.010148926,-0.013388473,0.14733197,-0.082397119,-0.64257054,0.14262324,0.75283578,0.71843647,2.9231762,3.96
21,3200,1.600000,21,1.481608,0.91962456,0.57610578,1.3111245,-0.0052122759,0.0036608172,-0.0039167478,0.15347383,-0.15612374,0.050304313,0.032499518,0.98177618,0.18724133,1.3824433,1.5377056,3.96
21,3200,1.600000,22,1.481608,1.2586444,0.18459858,1.2912235,-0.034194975,0.011620123,-0.011259465,-0.21865563,0.19349461,0.1293343,-0.42472252,-0.37824082,0.82252335,0.60496263,-2.4140177,3.96
21,3200,1.600000,23,1.481608,1.2852438,0.53289771,0.89373412,-0.0051111111,-0.020835424,-0.03600643,0.051639788,0.077072656,-0.25443352,-0.61431869,-0.71211979,0.33984989,1.224039,-2.2825956,3.96
21,3200,1.600000,24,1.481608,0.96107454,0.89997623,0.20525006,0.045206039,-0.045865425,0.021682247,-0.033996317,0.083858988,-0.20334217,-0.78738251,0.28677001,0.54570298,0.99356854,2.792318,3.96
21,3200,1.600000,25,1.481608,0.93719485,1.272131,0.57640362,0.076906666,-0.052408568,0.049676883,0.029382842,0.076737262,-0.2393168,0.62440487,0.54136012,0.56306996,0.97270039,0.71428203,3.96
21,3200,1.600000,26,1.481608,1.3136567,0.95802209,0.56562248,-0.015878187,0.023065445,-0.01007263,-0.012950734,0.16006422,-0.061700401,-0.64768745,-0.64577062,-0.40432817,1.9870405,-2.3576764,3.96
21,3200,1.600000,27,1.481608,1.3026874,1.2942459,0.19798301,0.059666732,0.0048264455,0.014582132,0.01824493,0.0079960705,-0.28006815,-0.7953756,0.36840411,0.48130662,1.0686516,2.7078303,3.96
21,3200,1.600000,28,1.481608,0.98233892,0.91540039,0.9379828,0.050733568,-0.033073179,0.023603533,0.14052913,-0.22853148,-0.012107893,0.8067245,0.56138933,-0.18449285,1.7563522,0.60796042,3.96
21,3200,1.600000,29,1.481608,0.94256787,1.2841896,1.3232296,0.0089212929,-0.022382146,0.031240849,0.020814233,0.017112887,0.046075263,0.19990716,-0.93948828,-0.27820658,1.8527228,-1.3611402,3.96
21,3200,1.600000,30,1.481608,1.3301099,0.91073703,1.3087404,0.057874398,-0.013893077,0.039660959,0.031960245,-0.09784043,-0.14067008,0.80195669,0.47377227,0.3638754,1.1983712,0.53360538,3.96
21,3200,1.600000,31,1.481608,1.3104174,1.3092857,0.95024549,0.017431586,0.016834332,0.040080712,0.31913973,-0.080712419,-0.017067959,-0.060108615,0.94653954,-0.31693825,1.8932959,1.6342147,3.96
22,3300,1.650000,0,1.4899979,0.14798895,0.22275246,0.19538439,-0.03317272,0.034656669,0.03909516,-0.35358242,-0.16210986,-0.025815367,0.95680958,0.27772188,-0.085941731,1.6568442,0.28249563,3.96
22,3300,1.650000,1,1.4899979,0.17145547,0.5893216,0.54799148,-0.022803804,0.034933186,-0.01997591,-0.14297633,-0.059635703,0.2832103,0.15616024,-0.27829584,0.94771589,0.32479587,-1.0594479,3.96
22,3300,1.650000,2,1.4899979,0.56744996,0.17992512,0.55543346,0.0059220548,-0.02018105,-0.048577792,-0.050679063,0.12814013,-0.059695797,0.5464141,-0.77362245,0.32084254,1.2441774,-0.95585075,3.96
22,3300,1.650000,3,1.4899979,0.52677097,0.557056,0.17862606,-0.046687729,-0.0080952876,-0.033782773,-0.099499691,0.067668197,-0.19175531,-0.64515086,0.51221346,0.56693716,0.96801337,2.4705555,3.96
22,3300,1.650000,4,1.4899979,0.19077386,0.18587465,0.89484554,0.045064253,0.044193892,-0.012977659,0.14954507,-0.087925811,0.25018769,0.6177553,-0.77390681,0.13945122,1.4308891,-0.89713584,3.96
22,3300,1.650000,5,1.4899979,0.19018102,0.54674381,1.2579851,0.02878121,0.030187758,-0.0072463728,0.06221104,-0.17622965,0.33875174,-0.48457777,0.0040093642,-0.874739,2.6356933,3.1333189,3.96
22,3300,1.650000,6,1.4899979,0.54614575,0.21673759,1.2870474,-0.03576643,0.034038446,-0.037658246,-0.06686783,0.12038847,0.11756765,0.20209491,0.96565743,0.16328923,1.4067726,1.3644917,3.96
22,3300,1.650000,7,1.4899979,0.57161712,0.55168447,0.91221813,-0.014370426,-0.0052435712,-0.017343914,0.16905618,-0.15291647,-0.11262763,0.39037775,0.91555938,-0.096727652,1.6676755,1.167756,3.96
22,3300,1.650000,8,1.4899979,0.18898775,0.94585857,0.19099413,-0.022505385,0.057602905,-0.062523616,0.077719964,-0.22242719,-0.1548183,-0.0076913166,0.64763871,0.76190875,0.70454126,1.5826717,3.96
22,3300,1.650000,9,1.4899979,0.21910777,1.3257352,0.57394889,0.011653249,-0.013734293,0.01840354,0.16526614,-0.0079501905,-0.064409857,-0.5212281,0.46633408,-0.71474037,2.3670491,2.4117227,3.96
22,3300,1.650000,10,1.4899979,0.5454554,0.93080271,0.548998,-0.048850981,0.020249533,0.0025918267,-0.12770992,-0.1011964,-0.0665306,-0.073351831,0.49927623,0.86333235,0.52896001,1.7166691,3.96
22,3300,1.650000,11,1.4899979,0.52853817,1.3518078,0.1796912,0.028425895,0.06861974,0.0078706734,0.034232631,0.21864223,0.25495306,0.85000919,-0.51877341,-0.091425021,1.6623492,-0.5479696,3.96
22,3300,1.650000,12,1.4899979,0.20149224,0.9101565,0.92933297,-0.020552106,-0.022182311,0.0026034923,0.03508414,-0.11800159,-0.012451048,-0.81332861,0.57715924,0.07337429,1.497356,2.5244354,3.96
22,3300,1.650000,13,1.4899979,0.17110081,1.3308194,1.3092692,-0.0087066893,0.048684097,0.0099644233,0.094100797,0.26550777,0.040559554,-0.32033151,0.81449273,0.48372442,1.0658912,1.9455045,3.96
22,3300,1.650000,14,1.4899979,0.56218075,0.91581253,1.3192123,0.0024900667,0.02398584,0.034975419,0.18068123,-0.088422901,0.29304698,-0.89761335,-0.29509889,0.32742467,1.2372196,-2.8239642,3.96
22,3300,1.650000,15,1.4899979,0.58521236,1.2804603,0.98333633,0.023910589,-0.020746457,0.011163153,-0.050703873,0.14907793,0.086574621,-0.52187431,-0.055354634,0.85122445,0.55248226,-3.0359189,3.96
22,3300,1.650000,16,1.4899979,0.91605943,0.17592815,0.20358438,0.012122455,-0.039731496,0.0074229378,-0.17254233,-0.0047960066,0.25821613,-0.29478915,0.54353866,-0.78591672,2.4749736,2.0677486,3.96
22,3300,1.650000,17,1.4899979,0.89785297,0.54078592,0.56282853,-0.072979097,-0.035814042,0.002195059,-0.021304933,-0.02697492,-0.077720525,-0.42429769,-0.8504526,-0.31096921,1.887009,-2.03357,3.96
22,3300,1.650000,18,1.4899979,1.2987203,0.16513357,0.55819182,0.0017693892,-0.03675575,0.042577753,-0.10137335,-0.11146515,0.018851521,0.04506386,0.97455501,-0.21957181,1.7921719,1.5245888,3.96
22,3300,1.650000,19,1.4899979,1.2664447,0.53220434,0.16318471,-0.079890431,-0.078058541,-0.046628767,-0.11662127,0.063111985,0.14103791,0.50337266,0.68194026,-0.53063495,2.1301458,0.93492391,3.96
22,3300,1.650000,20,1.4899979,0.91305798,0.17655441,0.92902586,-0.031478872,0.0024007713,0.0054737695,0.064081874,0.12968843,-0.10038327,-0.59106241,0.092349157,0.80132195,0.64129462,2.9866031,3.96
22,3300,1.650000,21,1.4899979,0.9324141,0.57052167,1.3169171,0.0023483457,-0.0051607111,-0.0055440759,0.10146555,-0.21018059,-0.078655978,0.1739902,0.97579578,0.13247641,1.4379293,1.3943447,3.96
22,3300,1.650000,22,1.4899979,1.2583724,0.19470055,1.3058238,-0.04157344,0.020651262,-0.0039915365,-0.067649222,0.18119446,0.12819564,-0.3936159,-0.37385668,0.83982004,0.57384469,-2.3819346,3.96
22,3300,1.650000,23,1.4899979,1.2928833,0.54286743,0.88803782,-0.0047505484,-0.013902928,-0.046733412,-0.01715476,0.19940743,-0.17225768,-0.6692468,-0.64348496,0.37153172,1.190138,-2.3758166,3.96
22,3300,1.650000,24,1.4899979,0.96274031,0.91317549,0.19655346,0.041440145,-0.037785294,0.011851129,-0.14147556,0.18740715,-0.21260198,-0.82675109,0.24197359,0.50786948,1.0380866,2.8568648,3.96
22,3300,1.650000,25,1.4899979,0.94489461,1.2826548,0.5700666,0.07929261,-0.049097908,0.040102891,0.037519531,0.028898391,-0.1611443,0.53510533,0.6753435,0.50751694,1.0384958,0.90074027,3.96
22,3300,1.650000,26,1.4899979,1.3214519,0.96964265,0.5627381,-0.015522908,0.029243553,-0.016142827,0.017752093,0.077738338,-0.17374882,-0.57919809,-0.73459738,-0.35340665,1.9320066,-2.2384588,3.96
22,3300,1.650000,27,1.4899979,1.3105267,1.3011328,0.18538543,0.060127937,0.0043856662,0.0009020488,-0.02331964,-0.011508339,-0.25923649,-0.79071748,0.30148731,0.53279572,1.0088955,2.7773248,3.96
22,3300,1.650000,28,1.4899979,0.99078785,0.90976636,0.93991777,0.053611665,-0.043860411,0.020236481,-0.045625429,-0.19698846,-0.092535952,0.71180341,0.63001556,-0.31050975,1.8865256,0.72452051,3.96
22,3300,1.650000,29,1.4899979,0.94859979,1.2912629,1.3303552,0.0096137642,-0.022580248,0.030874464,0.031631895,-0.049433845,-0.05794649,0.38386199,-0.87411728,-0.29760535,1.8729797,-1.1570081,3.96
22,3300,1.650000,30,1.4899979,1.3388075,0.91341362,1.3052205,0.059036684,-0.016366757,0.028760817,0.037535742,-0.032591291,-0.24094586,0.7754584,0.49319304,0.39423964,1.165556,0.56647173,3.96
22,3300,1.650000,31,1.4899979,1.3349004,1.3153637,0.95766372,0.034446039,0.015501956,0.042112228,0.32134533,-0.027183478,0.090264245,0.11243837,0.97102988,-0.21085203,1.7832428,1.4555168,3.96
23,3400,1.700000,0,1.4823938,0.13050232,0.21205084,0.19456997,-0.049947007,0.025067325,0.039278334,-0.30751294,-0.22492887,0.047377623,0.90559538,0.42017135,0.057905477,1.5128584,0.43441251,3.96
23,3400,1.700000,1,1.4823938,0.16554211,0.58371825,0.55672662,-0.027855075,0.032330737,-0.0084145627,-0.05876218,-0.068249594,0.15620158,0.27986677,-0.37189853,0.8850797,0.48413111,-0.92567462,3.96
23,3400,1.700000,2,1.4823938,0.55746988,0.18117661,0.54950455,-0.0011802607,-0.018005753,-0.051680024,-0.21064215,0.0058338834,-0.075766974,0.43415327,-0.82085885,0.37108179,1.1906226,-1.0842959,3.96
23,3400,1.700000,3,1.4823938,0.52281359,0.55696108,0.17186268,-0.047960033,-0.0053402677,-0.039649562,0.033250933,0.0729925,0.017573282,-0.80150119,0.49960944,0.32861263,1.2359621,2.5841864,3.96
23,3400,1.700000,4,1.4823938,0.19858834,0.18068157,0.9047817,0.053874869,0.03993853,0.0015624709,0.21531479,-0.10141205,0.29265099,0.77371914,-0.62562473,0.099761679,1.4708684,-0.67995932,3.96
23,3400,1.700000,5,1.4823938,0.18752522,0.53404258,1.2675805,0.027091669,0.020251367,0.0088101182,-0.10171495,-0.22508438,0.26947168,-0.32037353,-0.012692152,-0.94720627,2.8152036,-3.1019966,3.96
23,3400,1.700000,6,1.4823938,0.53968391,0.21939583,1.2855658,-0.039450492,0.037812443,-0.032558378,-0.05262283,0.0022034641,0.098412484,0.12464451,0.9362583,0.32845721,1.2361266,1.4384441,3.96
23,3400,1.700000,7,1.4823938,0.5798528,0.54261997,0.90565369,-0.0031889361,-0.011508616,-0.019257823,0.28875524,-0.10881296,0.043025844,0.50871472,0.85990045,0.042196481,1.5285873,1.0365783,3.96
23,3400,1.700000,8,1.4823938,0.19123048,0.93353792,0.18343365,-0.01928995,0.050090152,-0.069126265,0.028916963,-0.093110249,-0.1552174,-0.015323335,0.59160678,0.80608102,0.63329647,1.5966918,3.96
23,3400,1.700000,9,1.4823938,0.22628875,1.3176965,0.56949628,0.019973707,-0.015010487,0.016876122,0.10379788,-0.041020127,0.0064297238,-0.57058251,0.46570247,-0.67642946,2.3137002,2.4570588,3.96
23,3400,1.700000,10,1.4823938,0.5380828,0.92295553,0.54403496,-0.053451668,0.017144687,0.00042501395,-0.034093539,-0.032596631,-0.031377839,0.02793552,0.51118664,0.85901561,0.53745259,1.5162023,3.96
23,3400,1.700000,11,1.4823938,0.5303141,1.3539764,0.18888573,0.032910648,0.077710471,0.018008171,0.077269321,0.16818683,0.12913497,0.83992606,-0.46752604,-0.2755787,1.849988,-0.50791735,3.96
23,3400,1.700000,12,1.4823938,0.20379891,0.90191703,0.92460226,-0.017208586,-0.025786088,0.0026155914,0.098438092,-0.0089129925,0.0047558131,-0.82040496,0.5497375,0.15723987,1.4129012,2.5512302,3.96
23,3400,1.700000,13,1.4823938,0.17522199,1.3376951,1.3027173,-0.0036994989,0.062386549,0.010094664,0.13888966,0.29915439,0.0044770591,-0.31840958,0.79668562,0.51371915,1.0312823,1.9510163,3.96
23,3400,1.700000,14,1.4823938,0.56715276,0.90603261,1.3267584,0.01035124,0.018866592,0.049290652,0.16902196,-0.088231995,0.24449914,-0.86623887,-0.30614558,0.3948482,1.1648937,-2.8018749,3.96
23,3400,1.700000,15,1.4823938,0.58112656,1.2808091,0.97995998,0.022808553,-0.013845321,0.012809395,0.0088062066,0.11540841,-0.024958432,-0.58926671,-0.090733543,0.80282761,0.63877351,-2.9888155,3.96
23,3400,1.700000,16,1.4823938,0.90027577,0.17291544,0.21490016,0.00098534372,-0.04185179,0.019809382,-0.26274599,-0.054184405,0.2023085,-0.30334942,0.6246249,-0.7195991,2.3740211,2.0228986,3.96
23,3400,1.700000,17,1.4823938,0.89677343,0.54112405,0.55525068,-0.069467533,-0.032708113,-0.0025225178,0.15490186,0.15069533,-0.1400811,-0.52662505,-0.79506547,-0.3008936,1.8764259,-2.1558163,3.96
23,3400,1.700000,18,1.4823938,1.2897737,0.15957078,0.55523671,-0.00055527498,-0.041487904,0.042471052,0.016695998,-0.060863567,-0.020282895,0.037965375,0.98113617,-0.18955328,1.7615035,1.5321203,3.96
23,3400,1.700000,19,1.4823938,1.2584907,0.53342117,0.17151909,-0.081385052,-0.074115555,-0.037438083,0.029204032,0.099582027,0.2307532,0.66423867,0.6163028,-0.4230341,2.0075875,0.74798157,3.96
23,3400,1.700000,20,1.4823938,0.91103689,0.18158624,0.92045932,-0.028833477,0.0083488453,0.0016386312,0.0358207,0.091072886,-0.045498916,-0.5320046,-0.03579507,0.84598453,0.56238743,-3.0744105,3.96
23,3400,1.700000,21,1.4823938,0.92930744,0.55521528,1.3014933,0.0040044233,-0.017587286,-0.014269447,0.062022166,-0.24629349,-0.21370062,0.29418712,0.94987204,0.10581614,1.4647817,1.2704531,3.96
23,3400,1.700000,22,1.4823938,1.2523862,0.20349014,1.3044106,-0.041136598,0.030459587,0.0012729193,0.12847381,0.18214256,0.083051332,-0.40839138,-0.32453637,0.85316623,0.54877105,-2.4701102,3.96
23,3400,1.700000,23,1.4823938,1.2833061,0.55048748,0.87808905,-0.0077373278,-0.003485747,-0.05216404,-0.092400391,0.20326986,0.0050971991,-0.68659619,-0.60853489,0.39783282,1.1616428,-2.4163946,3.96
23,3400,1.700000,24,1.4823938,0.94729701,0.92052639,0.18676373,0.030883108,-0.02574327,0.0030419599,-0.25895516,0.25161906,-0.13484124,-0.89946926,-0.0090901799,0.43688948,1.1186586,-3.1314868,3.96
23,3400,1.700000,25,1.4823938,0.93967812,1.2737804,0.56165684,0.078897308,-0.051432336,0.034588305,-0.09142094,-0.10914868,-0.064427952,0.43154276,0.71431137,0.55093567,0.98731133,1.0273396,3.96
23,3400,1.700000,26,1.4823938,1.3158411,0.96673076,0.54915164,-0.014386795,0.031285384,-0.026884876,0.0032061157,-0.0020758024,-0.2394821,-0.41449456,-0.87676911,-0.24386511,1.8171456,-2.0124091,3.96
23,3400,1.700000,27,1.4823938,1.3014611,1.2933625,0.17260401,0.057744502,0.0032526669,-0.010963629,-0.1069307,-0.064903018,-0.21645003,-0.74066934,0.24657499,0.62498776,0.89568048,2.8202247,3.96
23,3400,1.700000,28,1.4823938,0.98015043,0.89808184,0.92791411,0.048016338,-0.050920064,0.013011136,-0.1936508,-0.092833288,-0.15585002,0.64042629,0.61894333,-0.45471235,2.0428455,0.76834132,3.96
23,3400,1.700000,29,1.4823938,0.94424294,1.2819437,1.3185092,0.010099257,-0.0253166,0.025804883,-0.0026602666,-0.014633536,-0.15141735,0.49310992,-0.80621811,-0.32688678,1.9038038,-1.0218667,3.96
23,3400,1.700000,30,1.4823938,1.3356448,0.90800694,1.286286,0.062715857,-0.017113807,0.016455887,0.065676995,-0.017049886,-0.26026128,0.62648833,0.63812786,0.44755469,1.1067673,0.7946019,3.96
23,3400,1.700000,31,1.4823938,1.3403264,1.309433,0.95779376,0.046716004,0.016286159,0.047142496,0.13703886,0.019938904,0.06812521,0.32899916,0.91834712,-0.21999574,1.7926064,1.2267896,3.96
24,3500,1.750000,0,1.4809997,0.11710041,0.20335025,0.19839785,-0.063232433,0.016562162,0.043291098,-0.24490627,-0.12517022,0.14148047,0.77276541,0.5883711,0.23801905,1.3304706,0.65074705,3.96
24,3500,1.750000,1,1.4809997,0.16652868,0.57840714,0.55942577,-0.026712277,0.027566363,-0.0051903039,0.085140976,-0.16422189,0.020482429,0.47522924,-0.43461822,0.7650256,0.69971525,-0.74079279,3.96
24,3500,1.750000,2,1.4809997,0.54603818,0.18151346,0.54776366,-0.012092808,-0.017498273,-0.052904694,-0.21783427,0.003554836,-0.013376265,0.44843513,-0.8057688,0.38683662,1.1735977,-1.0629529,3.96
24,3500,1.750000,3,1.4809997,0.52917089,0.56172147,0.17695359,-0.041107809,-5.3578238e-05,-0.034394543,0.20250281,0.12663054,0.1543682,-0.93945565,0.30891562,0.14830447,1.4219428,2.8239059,3.96
24,3500,1.750000,4,1.4809997,0.20918968,0.17714596,0.91834893,0.064668056,0.036571261,0.015987418,0.20448913,-0.034502994,0.21972778,0.94053954,-0.31839635,0.11836019,1.452158,-0.32641595,3.96
24,3500,1.750000,5,1.4809997,0.17798385,0.5256457,1.2796164,0.017722248,0.012353026,0.02204431,-0.24805489,-0.15007051,0.22471825,-0.16448048,-0.010448804,-0.98632499,2.9760252,-3.0781518,3.96
24,3500,1.750000,6,1.4809997,0.53836561,0.21530929,1.2877587,-0.040261601,0.033930419,-0.029154873,0.0042677097,-0.10685565,0.11984831,0.13182914,0.90423382,0.40618011,1.1525264,1.4260253,3.96
24,3500,1.750000,7,1.4809997,0.59290863,0.53837179,0.91030254,0.010418634,-0.015248227,-0.013754632,0.24304035,-0.050657069,0.12258446,0.59405874,0.76670543,0.24342758,1.3248982,0.91159869,3.96
24,3500,1.750000,8,1.4809997,0.188955,0.93316082,0.17769811,-0.021386565,0.050591266,-0.074691912,-0.1079385,0.059879559,-0.086958769,0.0022896336,0.53172162,0.8469161,0.5606379,1.5664903,3.96
24,3500,1.750000,9,1.4809997,0.22502146,1.3125865,0.57206391,0.018918741,-0.018883035,0.019980812,-0.1241192,-0.10591346,0.12456109,-0.62254817,0.46638223,-0.62842772,2.2503266,2.4986355,3.96
24,3500,1.750000,10,1.4809997,0.53721875,0.92009591,0.54330943,-0.053809832,0.015152158,0.00021104366,0.075020087,-0.046688725,0.036096218,0.14869972,0.5315518,0.83387114,0.5847119,1.2980228,3.96
24,3500,1.750000,11,1.4809997,0.53255376,1.3570506,0.18806668,0.035650348,0.082060154,0.017366461,0.033723707,-0.00073182447,-0.13423099,0.82867161,-0.39444029,-0.39714006,1.9791948,-0.44425665,3.96
24,3500,1.750000,12,1.4809997,0.20777719,0.90288857,0.92684604,-0.01303667,-0.023965456,0.005730412,0.068169544,0.050735037,0.079450316,-0.8739566,0.48467107,0.03596972,1.5348188,2.6352467,3.96
24,3500,1.750000,13,1.4809997,0.18284041,1.3495025,1.3000991,0.0040873788,0.075458182,0.0087010068,0.16567117,0.24432471,-0.058655896,-0.27980446,0.82675804,0.48803751,1.0609564,1.897132,3.96
24,3500,1.750000,14,1.4809997,0.57358131,0.90221341,1.3332166,0.017316459,0.015898111,0.057000214,0.098526299,-0.054859016,0.076040612,-0.91344998,-0.31705605,0.25511683,1.3128278,-2.8075061,3.96
24,3500,1.750000,15,1.4809997,0.58486927,1.2845007,0.97621282,0.027099826,-0.0089468636,0.0099825417,0.17676952,0.032130486,-0.1268385,-0.60315974,-0.22918704,0.76398405,0.70133101,-2.7784654,3.96
24,3500,1.750000,16,1.4809997,0.88714037,0.16940846,0.2228402,-0.01130915,-0.045197719,0.027955356,-0.19124,-0.072338316,0.09890135,-0.40272378,0.68063866,-0.61200046,2.2293839,2.1050795,3.96
24,3500,1.750000,17,1.4809997,0.90249603,0.54978476,0.5445385,-0.062898447,-0.023534162,-0.012717286,0.15043332,0.23543913,-0.20034455,-0.61452797,-0.7229595,-0.3157292,1.8920214,-2.2753003,3.96
24,3500,1.750000,18,1.4809997,1.2918979,0.16030493,0.55686023,0.0027835748,-0.040603264,0.04461778,0.078305379,0.080456198,0.096034434,-0.097973379,0.97751726,-0.18671161,1.7586102,1.6706895,3.96
24,3500,1.750000,19,1.4809997,1.2615182,0.54085332,0.17997441,-0.077172006,-0.066178006,-0.028817388,0.12974739,0.17956661,0.12097509,0.8170423,0.49885012,-0.28912011,1.8641039,0.54814517,3.96
24,3500,1.750000,20,1.4809997,0.91188937,0.18321492,0.91588774,-0.027123382,0.010149157,-0.0020690125,0.034108623,0.015745956,-0.085724233,-0.41774744,-0.21123244,0.88366732,0.48715691,-2.6734382,3.96
24,3500,1.750000,21,1.4809997,0.9317846,0.54310325,1.2905875,0.0073571522,-0.0291826,-0.023955733,0.029053106,-0.17416884,-0.20243598,0.40257134,0.91121434,0.087319813,1.4833652,1.1547853,3.96
24,3500,1.750000,22,1.4809997,1.2596287,0.20965825,1.3047198,-0.032712238,0.036822064,0.0028096308,0.1773946,0.090713227,-0.0040528149,-0.45862672,-0.30537938,0.83450882,0.58355558,-2.5541515,3.96
24,3500,1.750000,23,1.4809997,1.2778749,0.56053913,0.88452083,-0.011963582,0.0070886014,-0.044903018,-0.080912847,0.17732993,0.23672145,-0.67048743,-0.59790536,0.43926732,1.1160134,-2.4133558,3.96
24,3500,1.750000,24,1.4809997,0.93519463,0.93116399,0.18099554,0.019666371,-0.014234519,-0.0025532205,-0.18998312,0.18604409,-0.054194498,-0.88106528,-0.31905998,0.34917719,1.2141035,-2.7941529,3.96
24,3500,1.750000,25,1.4809997,0.92964705,1.267444,0.56057661,0.069745679,-0.056573172,0.034036047,-0.1946002,-0.061388733,0.055062483,0.3594893,0.673839,0.64552958,0.86907983,1.0807136,3.96
24,3500,1.750000,26,1.4809997,1.3152492,0.96314265,0.53636504,-0.013740946,0.0286052,-0.039160787,0.028918234,-0.03683038,-0.26291157,-0.24722169,-0.96156108,-0.11950617,1.6905888,-1.8224503,3.96
24,3500,1.750000,27,1.4809997,1.2938827,1.2864191,0.16116033,0.051387041,-0.0024769685,-0.022250283,-0.1547115,-0.15967852,-0.21807279,-0.6445823,0.2498525,0.72255615,0.76330358,2.7718047,3.96
24,3500,1.750000,28,1.4809997,0.96732082,0.89517642,0.92139665,0.036102931,-0.052981829,0.0073637027,-0.27461465,0.043505216,-0.12643742,0.5940186,0.55951808,-0.57799776,2.1870693,0.75549861,3.96
24,3500,1.750000,29,1.4809997,0.94412941,1.2788731,1.3079859,0.010874133,-0.02718241,0.016517209,0.0060979883,-0.055211239,-0.19590479,0.48427589,-0.77182707,-0.41201922,1.9954653,-1.0104437,3.96
24,3500,1.750000,30,1.4809997,1.3374372,0.90247885,1.2751447,0.065765842,-0.021790139,0.0065197053,0.06965213,-0.10366519,-0.12290898,0.35124201,0.82007536,0.45178032,1.1020364,1.16613,3.96
24,3500,1.750000,31,1.4809997,1.3416365,1.3075929,0.95625108,0.049287795,0.015677301,0.046500304,-0.012035507,-0.020393532,-0.062297511,0.52686888,0.77957902,-0.33862329,1.9162497,0.9764714,3.96
25,3600,1.800000,0,1.4857787,0.1086521,0.19968114,0.20712911,-0.07204442,0.012243814,0.051369132,-0.14182285,-0.048907431,0.17061261,0.65714809,0.64595262,0.38846056,1.171836,0.77680696,3.96
25,3600,1.800000,1,1.4857787,0.17306669,0.5698317,0.56180736,-0.020721292,0.017141259,-0.0046148583,0.14753204,-0.19915007,0.018658245,0.67707413,-0.35332578,0.64554745,0.86905644,-0.48096821,3.96
25,3600,1.800000,2,1.4857787,0.53746447,0.18216707,0.55030444,-0.0224119,-0.017430497,-0.052132734,-0.15418951,-0.031177664,0.025065121,0.57885446,-0.70251116,0.41401158,1.1439396,-0.88160408,3.96
25,3600,1.800000,3,1.4857787,0.54134166,0.56836081,0.18456856,-0.030661449,0.0047653859,-0.027361916,0.21867215,0.079795029,0.13348538,-0.98042928,0.061647329,0.18697069,1.3827188,3.0787974,3.96
25,3600,1.800000,4,1.4857787,0.22151595,0.18048159,0.92845408,0.07630056,0.039330807,0.023117658,0.29764502,0.11897069,0.057228088,0.99807879,-0.042176994,0.045385452,1.5253953,-0.042233053,3.96
25,3600,1.800000,5,1.4857787,0.16612926,0.52210592,1.2930122,0.0053133177,0.0071254663,0.031296039,-0.226453,-0.086360171,0.16463647,-0.14845623,0.12082702,-0.98150985,2.9489925,2.4584395,3.96
25,3600,1.800000,6,1.4857787,0.54209674,0.20992977,1.2974492,-0.038270935,0.027865886,-0.023628777,0.059697312,-0.13905177,0.14240398,0.1127724,0.88399843,0.45368398,1.0999014,1.4439109,3.96
25,3600,1.800000,7,1.4857787,0.60525761,0.53863299,0.91963587,0.020837574,-0.016721932,-0.0073690395,0.13288703,-0.014538452,0.13778425,0.61501584,0.65922684,0.43263781,1.1233798,0.82008015,3.96
25,3600,1.800000,8,1.4857787,0.18193348,0.93805869,0.17681182,-0.029005554,0.052474884,-0.076149271,-0.1637566,0.02851641,0.00219919,0.01796377,0.5202773,0.85380843,0.5475387,1.5362827,3.96
25,3600,1.800000,9,1.4857787,0.21769975,1.3123967,0.58397865,0.010883852,-0.023301326,0.03003337,-0.1548137,-0.070275382,0.24809284,-0.65959437,0.40958467,-0.63021874,2.2526312,2.5859006,3.96
25,3600,1.800000,10,1.4857787,0.54313433,0.92132412,0.54856958,-0.049634521,0.013414112,0.0037123462,0.084688926,-0.055011554,0.099883442,0.27575206,0.59439583,0.75541671,0.71450648,1.1364271,3.96
25,3600,1.800000,11,1.4857787,0.53420599,1.3574569,0.17579106,0.035584189,0.078093738,0.004504692,-0.062616895,-0.16612041,-0.30159755,0.81469344,-0.43078781,-0.38819642,1.9694701,-0.48640009,3.96
25,3600,1.800000,12,1.4857787,0.21257909,0.90852063,0.93419581,-0.0089118877,-0.021251297,0.010082328,0.083990465,0.030225333,0.074899179,-0.90278894,0.34498905,-0.25681646,1.8305231,2.7765796,3.96
25,3600,1.800000,13,1.4857787,0.19215824,1.3621822,1.3012429,0.012801159,0.083769802,0.0056544408,0.16759209,0.063807555,-0.075970308,-0.31720407,0.83076351,0.4573987,1.0957286,1.9355348,3.96
25,3600,1.800000,14,1.4857787,0.57818674,0.90353328,1.3373377,0.020066571,0.014309182,0.056819424,-0.067529502,-0.016239392,-0.10436815,-0.95904699,-0.28324668,-0.00043849666,1.5712348,-2.8544149,3.96
25,3600,1.800000,15,1.4857787,0.59519274,1.2882205,0.97037994,0.035522409,-0.0093712975,0.0010139659,0.13978175,-0.0461819,-0.2224679,-0.56807678,-0.43222301,0.70033709,0.7949267,-2.4911816,3.96
25,3600,1.800000,16,1.4857787,0.8849187,0.16855818,0.22374833,-0.016385353,-0.04659242,0.028144103,-0.032827151,0.0088913334,-0.064130003,-0.54476007,0.66729831,-0.50788722,2.1035267,2.2554376,3.96
25,3600,1.800000,17,1.4857787,0.91015735,0.5644866,0.53772244,-0.058157023,-0.010627213,-0.021276729,0.072959244,0.31748998,-0.12775598,-0.66541933,-0.6370521,-0.38907807,1.9704269,-2.3779706,3.96
25,3600,1.800000,18,1.4857787,1.3002191,0.16489333,0.56378263,0.0069292174,-0.036538694,0.049735002,0.024269139,0.13430241,0.1221659,-0.31503091,0.93153939,-0.1816312,1.7534413,1.8969053,3.96
25,3600,1.800000,19,1.4857787,1.2712716,0.55447023,0.18633239,-0.071498529,-0.054325467,-0.023049464,0.065150421,0.27254051,0.051202249,0.88480194,0.43658607,-0.16284387,1.7343686,0.45837622,3.96
25,3600,1.800000,20,1.4857787,0.91832819,0.18444437,0.91816463,-0.023632759,0.010786358,-0.0027465104,0.1090813,-0.030241504,0.021036414,-0.24597342,-0.36545984,0.89773949,0.45618534,-2.1632064,3.96
25,3600,1.800000,21,1.4857787,0.93502475,0.53857648,1.2874967,0.0075901568,-0.035451805,-0.031199463,-0.02571373,-0.065624092,-0.11505136,0.50819572,0.84711675,0.15533935,1.4148254,1.0304413,3.96
25,3600,1.800000,22,1.4857787,1.2704994,0.2126917,1.307363,-0.025917172,0.039175175,0.001245204,0.12907601,-0.0054122514,-0.038405996,-0.50887552,-0.31721206,0.80026384,0.64306125,-2.5841744,3.96
25,3600,1.800000,23,1.4857787,1.2812391,0.56946036,0.90072541,-0.012721718,0.014189592,-0.031574168,0.042694457,0.1391894,0.26971392,-0.6439232,-0.56991524,0.51045033,1.0350879,-2.4170893,3.96
25,3600,1.800000,24,1.4857787,0.93135505,0.93769279,0.1811287,0.012820043,-0.010716153,-0.0030033842,-0.022972007,-0.01884981,0.032415618,-0.78598261,-0.49778576,0.36666153,1.1953782,-2.5770262,3.96
25,3600,1.800000,25,1.4857787,0.92202865,1.2686017,0.56576797,0.05914448,-0.059500682,0.037413042,-0.20716805,-0.030035509,0.036230068,0.34725263,0.60645967,0.71527777,0.77377483,1.0507753,3.96
25,3600,1.800000,26,1.4857787,1.322043,0.96377966,0.52532614,-0.0111954,0.026138221,-0.051909945,0.065761664,-0.047100218,-0.23433431,-0.21412473,-0.96798787,-0.13095833,1.7021319,-1.7884967,3.96
25,3600,1.800000,27,1.4857787,1.2895082,1.2829419,0.15137133,0.042851061,-0.010093083,-0.032542751,-0.18793481,-0.13463191,-0.13229699,-0.52689084,0.28082374,0.80219952,0.63982623,2.6519083,3.96
25,3600,1.800000,28,1.4857787,0.95603153,0.90534526,0.91876595,0.021715373,-0.045713342,0.0017687613,-0.2753371,0.2301093,-0.071688502,0.57670292,0.39733156,-0.71382167,2.3657364,0.6032855,3.96
25,3600,1.800000,29,1.4857787,0.94650901,1.2828769,1.3023372,0.010208195,-0.02730518,0.0066636059,0.00014660469,0.044558697,-0.21587325,0.42505564,-0.80286409,-0.4180155,2.002056,-1.0838874,3.96
25,3600,1.800000,30,1.4857787,1.3442021,0.89974011,1.2760135,0.068211095,-0.027431997,0.0032789487,0.047629723,-0.11868408,-0.010827624,0.060052308,0.90193806,0.4276698,1.128883,1.504313,3.96
25,3600,1.800000,31,1.4857787,1.3413679,1.3076348,0.95565167,0.044697292,0.011506444,0.042821093,-0.1262123,-0.14903196,-0.098762561,0.64331285,0.60575293,-0.46820077,2.0580498,0.75533681,3.96
26,3700,1.850000,0,1.4838258,0.10277884,0.195576,0.21505474,-0.077778635,0.0083986131,0.059572408,-0.075601024,-0.12704817,0.19429937,0.59137274,0.61026376,0.52712089,1.0155874,0.80111794,3.96
26,3700,1.850000,1,1.4838258,0.18077073,0.56037604,0.56445199,-0.012784545,0.0084288614,-0.0012295469,0.13265355,-0.13134147,0.089126385,0.78994191,-0.14064906,0.59683299,0.93124814,-0.17620338,3.96
26,3700,1.850000,2,1.4838258,0.53004068,0.1781741,0.54925951,-0.029133663,-0.021186497,-0.052454547,-0.077537296,-0.09269784,-0.048410711,0.65111617,-0.57608402,0.49414059,1.0539503,-0.72433326,3.96
26,3700,1.850000,3,1.4838258,0.55164056,0.56970775,0.18850345,-0.01964376,0.0068607586,-0.023181677,0.15885767,0.00044462339,0.01977335,-0.95451454,-0.07472444,0.288649,1.2779808,-3.0634667,3.96
26,3700,1.850000,4,1.4838258,0.23264976,0.18492784,0.92791297,0.087733044,0.044017376,0.023797367,0.16249135,0.097331737,-0.014262258,0.99355384,0.068476178,-0.090342622,1.6612623,0.068811635,3.96
26,3700,1.850000,5,1.4838258,0.15854024,0.51767186,1.2991245,-0.002062191,0.0033752023,0.039113021,-0.049927246,-0.076794398,0.17690175,-0.31080396,0.2760217,-0.90951246,2.712906,2.4153971,3.96
26,3700,1.850000,6,1.4838258,0.54644204,0.20308426,1.3014545,-0.033209772,0.021291983,-0.017914244,0.10691792,-0.10848031,0.047957697,-0.0078696001,0.87448061,0.48499663,1.064437,1.5797953,3.96
26,3700,1.850000,7,1.4838258,0.60635986,0.53646765,0.92363646,0.022736632,-0.018180245,-0.0021562434,-0.049383121,-0.0063602395,0.065608831,0.59912323,0.53800393,0.59296132,0.93606484,0.73170097,3.96
26,3700,1.850000,8,1.4838258,0.17591598,0.93908256,0.17863125,-0.034787718,0.05473323,-0.074096085,-0.060940941,0.02613105,0.03509469,0.11342648,0.58572311,0.80253528,0.63926367,1.3795119,3.96
26,3700,1.850000,9,1.4838258,0.21043746,1.3085965,0.59392434,0.0039031205,-0.025377771,0.040753693,-0.11011372,0.00011897724,0.15485954,-0.60187547,0.37797667,-0.70347677,2.351074,2.5808403,3.96
26,3700,1.850000,10,1.4838258,0.54715039,0.91658954,0.55628523,-0.044901448,0.0098882052,0.012154592,0.060298951,-0.079707704,0.24977352,0.38940541,0.64262959,0.65984137,0.85018869,1.0260087,3.96
26,3700,1.850000,11,1.4838258,0.52764944,1.3450971,0.15869842,0.029725955,0.067511246,-0.012367982,-0.13732119,-0.24074034,-0.31658105,0.77332631,-0.52936302,-0.34891433,1.9272087,-0.60026599,3.96
26,3700,1.850000,12,1.4838258,0.21789205,0.90745556,0.93657733,-0.0033158388,-0.021122111,0.013694138,0.12338278,-0.036519217,0.060046724,-0.80803496,0.23249819,-0.541317,2.142799,2.8614278,3.96
26,3700,1.850000,13,1.4838258,0.19785882,1.3584134,1.2953385,0.018758234,0.081790093,0.0014576125,0.067419315,-0.13969847,-0.12870085,-0.42674023,0.80631647,0.40956871,1.1488151,2.0575665,3.96
26,3700,1.850000,14,1.4838258,0.57063232,0.90309299,1.3271162,0.013267658,0.015056999,0.048350239,-0.21708142,0.018407879,-0.2041615,-0.94587018,-0.17019585,-0.27633851,1.8507785,-2.963562,3.96
26,3700,1.850000,15,1.4838258,0.60180406,1.2820574,0.95704769,0.042920927,-0.013844111,-0.011050739,0.10870516,-0.14623109,-0.24706688,-0.52855161,-0.54699293,0.64917789,0.8642932,-2.3390501,3.96
26,3700,1.850000,16,1.4838258,0.8856238,0.17136604,0.21647563,-0.014515873,-0.043561011,0.021160905,0.10928266,0.13015248,-0.19142059,-0.63091097,0.5701585,-0.52618498,2.1249043,2.4067334,3.96
26,3700,1.850000,17,1.4838258,0.9107551,0.58211379,0.53133544,-0.056361778,0.0077540319,-0.026960676,0.023052933,0.33161543,-0.042990874,-0.71413566,-0.56453856,-0.41389186,1.9975215,-2.472659,3.96
26,3700,1.850000,18,1.4838258,1.2962216,0.17265519,0.57122975,0.0046392993,-0.028554853,0.057928548,-0.093876469,0.15798579,0.1795176,-0.40616855,0.89556705,-0.18162261,1.7534326,1.9965838,3.96
26,3700,1.850000,19,1.4838258,1.2725789,0.56708041,0.18649735,-0.068518247,-0.040977707,-0.022639318,0.055755877,0.21149799,-0.024107154,0.8684689,0.48054984,-0.12179336,1.6928928,0.50539619,3.96
26,3700,1.850000,20,1.4838258,0.92362559,0.18211058,0.91960396,-0.017124017,0.0086936303,-9.859061e-05,0.15709842,-0.048904238,0.032990304,-0.02541141,-0.46366159,0.88564789,0.48290892,-1.6255475,3.96
26,3700,1.850000,21,1.4838258,0.93566321,0.53793352,1.2867489,0.00945885,-0.035386818,-0.030254373,0.12905208,0.043341939,0.16729656,0.57642827,0.75684786,0.30807753,1.2576247,0.91990164,3.96
26,3700,1.850000,22,1.4838258,1.2739791,0.20831904,1.3039485,-0.020764142,0.035079386,-0.00045207538,0.078422882,-0.14933917,-0.0090845051,-0.46676608,-0.35908477,0.80820019,0.62970683,-2.4858513,3.96
26,3700,1.850000,23,1.4838258,1.2824828,0.57311467,0.9084632,-0.0097920074,0.018595299,-0.022646581,0.0479431,0.058696335,0.1176454,-0.60739877,-0.56359997,0.55984087,0.97660258,-2.39358,3.96
26,3700,1.850000,24,1.4838258,0.93099727,0.93277649,0.18444828,0.013687008,-0.014402369,0.00055661247,0.052992552,-0.10789462,0.060385961,-0.72077327,-0.48779824,0.49248226,1.0558568,-2.5466275,3.96
26,3700,1.850000,25,1.4838258,0.91232091,1.265443,0.56644261,0.050643074,-0.060992845,0.038832272,-0.14677161,0.0064993834,0.011519973,0.42420469,0.60641912,0.67253716,0.83316455,0.96038995,3.96
26,3700,1.850000,26,1.4838258,1.3218033,0.96140747,0.51629268,-0.0096963749,0.025032106,-0.060258399,0.0046177425,0.035046006,-0.070290723,-0.32405464,-0.90642699,-0.27088504,1.8451087,-1.9141438,3.96
26,3700,1.850000,27,1.4838258,1.279902,1.2793298,0.14416343,0.034934613,-0.012020097,-0.039556302,-0.13512455,0.041045406,-0.11296823,-0.50509503,0.2857156,0.81439892,0.61910368,2.6268006,3.96
26,3700,1.850000,28,1.4838258,0.94225921,0.92027316,0.91530712,0.0091914355,-0.029584835,-0.00048391209,-0.20635093,0.3651704,-0.036769425,0.60972848,0.1332554,-0.78132847,2.4675879,0.21516564,3.96
26,3700,1.850000,29,1.4838258,0.94448139,1.2860915,1.2918696,0.0094241649,-0.022401181,-0.0020978967,-0.020396548,0.11554537,-0.14128429,0.35571269,-0.86378665,-0.35684886,1.9356888,-1.1801538,3.96
26,3700,1.850000,30,1.4838258,1.3405551,0.892982,1.2744641,0.066329711,-0.033011148,0.0034068395,-0.094493373,-0.063928299,0.014604104,-0.10387077,0.89063383,0.44269882,1.1121901,1.6868975,3.96
26,3700,1.850000,31,1.4838258,1.3322569,1.2984965,0.95064203,0.037344551,0.0040819836,0.039065099,-0.098674194,-0.12122701,-0.077693563,0.71085611,0.44726631,-0.54280424,2.1445688,0.56160945,3.96
27,3800,1.900000,0,1.4875612,0.099733372,0.19086811,0.22415053,-0.081078693,0.0032049093,0.068116084,-0.0099447827,-0.057384601,0.1375951,0.57810042,0.56708362,0.58669931,0.94381944,0.77577835,3.96
27,3800,1.900000,1,1.4875612,0.18566115,0.55741767,0.56815612,-0.0083547672,0.0040652807,0.0010507561,0.033138341,-0.10524032,0.029213049,0.73854964,0.011027694,0.67410891,0.83103869,0.014930445,3.96
27,3800,1.900000,2,1.4875612,0.53108745,0.17485371,0.54577993,-0.029420852,-0.024950687,-0.057310732,0.10936157,-0.032798833,-0.1589277,0.62421968,-0.54343169,0.56127693,0.97486846,-0.7163198,3.96
27,3800,1.900000,3,1.4875612,0.55668528,0.57048512,0.18761279,-0.015992323,0.0062047697,-0.02454516,0.0018684625,-0.049051541,-0.05261645,-0.92270017,-0.048775991,0.38242032,1.178382,-3.0887796,3.96
27,3800,1.900000,4,1.4875612,0.24036018,0.18679459,0.92987317,0.09484885,0.045416829,0.023422107,0.10489344,0.021781167,-0.017229089,0.99523404,-0.018328033,-0.095777322,1.6667207,-0.018413721,3.96
27,3800,1.900000,5,1.4875612,0.16073162,0.51260868,1.312528,-0.00027217289,-0.0029831771,0.049233453,0.12070086,-0.20305509,0.21361202,-0.53541114,0.3200584,-0.78159934,2.468022,2.6028067,3.96
27,3800,1.900000,6,1.4875612,0.55273696,0.19903653,1.3051458,-0.028296639,0.016738734,-0.017499771,0.051927022,-0.047363979,-0.033062275,-0.26265988,0.77672375,0.5724596,0.96129384,1.896888,3.96
27,3800,1.900000,7,1.4875612,0.6008428,0.54159044,0.92489786,0.015701969,-0.01441269,-0.0032186751,-0.18878106,0.1979646,-0.088281034,0.58212401,0.43425939,0.68742303,0.81286155,0.64093054,3.96
27,3800,1.900000,8,1.4875612,0.17749919,0.94127412,0.18128493,-0.033648789,0.054560962,-0.071894853,0.098551016,-0.057132519,0.043572089,0.29368586,0.74055415,0.60442383,0.92175388,1.1932453,3.96
27,3800,1.900000,9,1.4875612,0.20638877,1.3117604,0.60127338,-0.00066957489,-0.025508007,0.04660024,-0.073284613,-0.0053411604,0.076438701,-0.51145624,0.42274057,-0.74813295,2.4160402,2.4508752,3.96
27,3800,1.900000,10,1.4875612,0.54816299,0.91386527,0.57415979,-0.045265791,0.0048628268,0.028608071,-0.084694153,-0.11859554,0.33761386,0.48367881,0.67906918,0.55219549,0.985801,0.9518846,3.96
27,3800,1.900000,11,1.4875612,0.52327077,1.3352213,0.14538352,0.024026145,0.054265958,-0.026065171,-0.051916014,-0.28983917,-0.18531799,0.67140154,-0.62835207,-0.39292956,1.9746116,-0.75228901,3.96
27,3800,1.900000,12,1.4875612,0.22429264,0.90820834,0.93916218,0.0025288825,-0.022651838,0.013920963,0.072982395,-0.039249437,-0.099058178,-0.69855097,0.2150356,-0.68248533,2.321954,2.8429671,3.96
27,3800,1.900000,13,1.4875612,0.20096271,1.3516114,1.2891353,0.021360764,0.071581277,-0.0079945879,0.014066431,-0.27865302,-0.24737558,-0.50421933,0.78514936,0.35958776,1.2029703,2.1416655,3.96
27,3800,1.900000,14,1.4875612,0.56246925,0.90730703,1.320946,0.0036801314,0.016995158,0.038851062,-0.15028119,0.085924419,-0.091626823,-0.88755763,-0.10577648,-0.44838911,2.0357586,-3.0229751,3.96
27,3800,1.900000,15,1.4875612,0.60732161,1.2802685,0.94662829,0.046918463,-0.018854125,-0.023863305,0.0089523498,-0.034190991,-0.20925445,-0.51659747,-0.58281892,0.62725526,0.8927724,-2.2960339,3.96
27,3800,1.900000,16,1.4875612,0.89643095,0.17717968,0.20599163,-0.0059489676,-0.038185531,0.010145795,0.20117885,0.088883829,-0.22020518,-0.64708841,0.37619489,-0.6631395,2.2958017,2.6149877,3.96
27,3800,1.900000,17,1.4875612,0.91531105,0.59700485,0.53759184,-0.054101402,0.021162822,-0.02204804,0.030994253,0.16489158,0.23587066,-0.70339277,-0.60112801,-0.37932009,1.9598577,-2.4344271,3.96
27,3800,1.900000,18,1.4875612,1.2908202,0.18282697,0.58318845,-0.0040143918,-0.018829934,0.06843603,-0.24078847,0.15792705,0.24291942,-0.38678364,0.90805567,-0.16072749,1.732224,1.9734689,3.96
27,3800,1.900000,19,1.4875612,1.2774691,0.57537251,0.18397472,-0.06683375,-0.034121791,-0.025627679,0.067976697,0.021286269,-0.09615433,0.82738848,0.53534307,-0.16981194,1.7414352,0.57428272,3.96
27,3800,1.900000,20,1.4875612,0.93562064,0.18045218,0.91924611,-0.0074662413,0.0065794365,-0.0027680986,0.17751157,-0.019943625,-0.13595084,0.1956033,-0.47996712,0.85520226,0.54485537,-1.1838114,3.96
27,3800,1.900000,21,1.4875612,0.94515304,0.54545075,1.3042099,0.016584282,-0.02923152,-0.016050451,0.11449424,0.18781658,0.34508756,0.52051162,0.74451799,0.4180438,1.1395055,0.96065741,3.96
27,3800,1.900000,22,1.4875612,1.2778368,0.19925811,1.3055681,-0.0201144,0.025506077,-0.0021129099,-0.040442971,-0.22246994,-0.044055112,-0.35127522,-0.42341976,0.83505774,0.58255861,-2.2633359,3.96
27,3800,1.900000,23,1.4875612,1.2864497,0.57574154,0.91248077,-0.0090545904,0.019777928,-0.02091815,0.02037168,0.011677789,-0.058963956,-0.51420355,-0.62828014,0.58383111,0.94735676,-2.2566747,3.96
27,3800,1.900000,24,1.4875612,0.93735638,0.9298985,0.18693358,0.017697388,-0.019621961,0.0025750462,0.086510657,-0.098650772,-0.0028989238,-0.71255248,-0.35738981,0.60377271,0.92257094,-2.6766956,3.96
27,3800,1.900000,25,1.4875612,0.91134281,1.2708692,0.56663999,0.047372407,-0.058755145,0.037605228,0.049401345,0.10012199,-0.099980172,0.56243468,0.5977117,0.57132123,0.96268154,0.81579618,3.96
27,3800,1.900000,26,1.4875612,1.3235616,0.96568496,0.52000366,-0.011263631,0.026887015,-0.057850165,-0.037735693,0.045961832,0.14657112,-0.42478439,-0.80312872,-0.41778281,2.0017999,-2.0573051,3.96
27,3800,1.900000,27,1.4875612,1.278359,1.2862653,0.14362573,0.030175588,-0.0083098447,-0.040455791,-0.089434157,0.089512566,0.043026903,-0.56651909,0.34624802,0.74777565,0.72609076,2.5929894,3.96
27,3800,1.900000,28,1.4875612,0.93548028,0.93940836,0.91369942,5.195475e-05,-0.012787446,-0.0043908995,-0.1582423,0.30282715,-0.094174266,0.65613989,-0.089999022,-0.74925338,2.4177303,-0.13631376,3.96
27,3800,1.900000,29,1.4875612,0.94631753,1.2964224,1.293393,0.0088833468,-0.015316801,-0.0038245047,-0.035789607,0.17567558,0.057898396,0.28168026,-0.91303049,-0.2950111,1.8702635,-1.2715494,3.96
27,3800,1.900000,30,1.4875612,1.3367618,0.89524119,1.2783294,0.059170653,-0.032999964,0.0040629215,-0.15642686,0.06990775,0.039645646,-0.049856843,0.91016049,0.41124468,1.1469772,1.6255197,3.96
27,3800,1.900000,31,1.4875612,1.3313758,1.2972169,0.94968245,0.033114986,-0.00046068778,0.035716581,-0.062691063,-0.073715777,-0.039406113,0.78134263,0.36125994,-0.50891547,2.1047208,0.43308311,3.96
28,3900,1.950000,0,1.4822701,0.10025024,0.18623969,0.22747101,-0.080205524,-0.00075166219,0.072241185,0.056492977,-0.092861246,0.065507341,0.6469161,0.52580155,0.55229729,0.98567889,0.6824862,3.96
28,3900,1.950000,1,1.4822701,0.18393234,0.55216618,0.56996373,-0.0094251113,0.00079063167,0.0048860751,-0.098518401,-0.064917895,0.10474322,0.59487676,0.013116484,0.80370989,0.63729221,0.022045506,3.96
28,3900,1.950000,2,1.4822701,0.53826063,0.17541898,0.53211261,-0.020342475,-0.023761363,-0.069057702,0.24851468,0.031536586,-0.26233141,0.56493429,-0.61359189,0.5516831,0.98641546,-0.82666155,3.96
28,3900,1.950000,3,1.4822701,0.5532271,0.56721407,0.18382015,-0.017473075,0.0049606665,-0.027676062,-0.025062913,0.00057626742,-0.039734103,-0.91079815,0.12479352,0.39353947,1.1663178,3.005425,3.96
28,3900,1.950000,4,1.4822701,0.24203814,0.18604324,0.92747778,0.097386265,0.045329725,0.024335812,-0.022530519,-0.035197913,0.031513338,0.95979513,-0.27965898,0.024169395,1.5466246,-0.28352402,3.96
28,3900,1.950000,5,1.4822701,0.16971407,0.5009846,1.3185884,0.0092990379,-0.012801455,0.059981484,0.19515047,-0.1666364,0.16137131,-0.70207485,0.24241568,-0.66957116,2.3044276,2.8091247,3.96
28,3900,1.950000,6,1.4822701,0.5548831,0.19304777,1.294506,-0.024177135,0.011448506,-0.02350801,0.10706562,-0.17897968,-0.1605172,-0.50793549,0.52923014,0.67964476,0.82351808,2.3356658,3.96
28,3900,1.950000,7,1.4822701,0.59133268,0.55078051,0.91753129,0.0083158191,-0.0032764034,-0.0073027546,-0.088383001,0.23144195,-0.085424409,0.55328514,0.32297445,0.7678301,0.6953491,0.52837751,3.96
28,3900,1.950000,8,1.4822701,0.18521896,0.93598128,0.18391255,-0.02528277,0.052612666,-0.068616587,0.19654949,-0.0022642782,0.089728822,0.42604383,0.845336,0.32232548,1.2426113,1.103959,3.96
28,3900,1.950000,9,1.4822701,0.20419583,1.3064801,0.60066916,-0.0021310111,-0.026123597,0.048137428,0.010224757,0.029327414,-0.021454193,-0.41447854,0.5127487,-0.75186189,2.4216778,2.2506058,3.96
28,3900,1.950000,10,1.4822701,0.54040575,0.90382474,0.58681037,-0.051083631,-0.001939292,0.043327103,-0.11201351,-0.11570134,0.24639313,0.48817381,0.64548099,0.58740159,0.94295195,0.92327881,3.96
28,3900,1.950000,11,1.4822701,0.52080164,1.3182099,0.13739278,0.023417147,0.041981933,-0.033552133,0.031983802,-0.19731274,-0.13829831,0.58505637,-0.62234796,-0.51999236,2.1176383,-0.8162741,3.96
28,3900,1.950000,12,1.4822701,0.22044499,0.90324279,0.92495237,-0.00052642109,-0.024390077,0.0030322587,-0.22666334,-0.032429785,-0.24069945,-0.69731619,0.27341656,-0.66256586,2.2950356,2.7679165,3.96
28,3900,1.950000,13,1.4822701,0.19759805,1.3318629,1.273237,0.018706175,0.056613705,-0.019327809,-0.10187257,-0.3024915,-0.18608364,-0.50915522,0.78865254,0.34465654,1.2189234,2.1440732,3.96
28,3900,1.950000,14,1.4822701,0.55629199,0.90855756,1.3200796,-0.00050394112,0.021480879,0.042689948,-0.028376439,0.1331427,0.16977797,-0.8897488,-0.1322495,-0.43687199,2.0229146,-2.9940361,3.96
28,3900,1.950000,15,1.4822701,0.60215034,1.2763348,0.93601717,0.043901999,-0.018232912,-0.0311203,-0.096306996,0.10892605,-0.095422173,-0.49545967,-0.57782489,0.6485662,0.86509711,-2.2796033,3.96
28,3900,1.950000,16,1.4822701,0.90347538,0.17969409,0.19631321,0.0043022427,-0.035035291,0.0011841005,0.19528957,0.047364707,-0.1424611,-0.52980728,0.1874187,-0.82715082,2.544815,2.801582,3.96
28,3900,1.950000,17,1.4822701,0.91204163,0.59756597,0.5492844,-0.054115179,0.023852219,-0.0084190396,-0.024917068,0.0092494508,0.32369614,-0.60660536,-0.74380955,-0.28067292,1.8552915,-2.2549404,3.96
28,3900,1.950000,18,1.4822701,1.2723862,0.19132274,0.59261035,-0.01788179,-0.0096675518,0.079952788,-0.26745751,0.17530728,0.17810622,-0.31737895,0.93266276,-0.17149573,1.743144,1.8987978,3.96
28,3900,1.950000,19,1.4822701,1.276904,0.56972078,0.18131181,-0.062847975,-0.037733416,-0.027639788,0.11387189,-0.16396609,-0.0057009979,0.80120478,0.55770593,-0.21687552,1.789409,0.60809303,3.96
28,3900,1.950000,20,1.4822701,0.94253562,0.18039142,0.90819674,0.0027949222,0.0071615683,-0.01056169,0.18528045,0.043248799,-0.13377991,0.34952246,-0.51425262,0.78318471,0.67102506,-0.97384485,3.96
28,3900,1.950000,21,1.4822701,0.94458833,0.55220086,1.316224,0.019386376,-0.020525785,0.0006323075,-0.0085148664,0.14114776,0.25799614,0.34668067,0.81004938,0.472898,1.0782194,1.1664088,3.96
28,3900,1.950000,22,1.4822701,1.2702609,0.18754769,1.2981387,-0.023150522,0.014484756,-0.0049034912,-0.06149484,-0.22705726,-0.093223156,-0.23452553,-0.44880503,0.86230611,0.53099012,-2.0523251,3.96
28,3900,1.950000,23,1.4822701,1.2823241,0.57257724,0.90343043,-0.0086036022,0.018659483,-0.02673325,0.017379114,-0.054879254,-0.18788456,-0.43473296,-0.7191571,0.54205195,0.99791934,-2.1145206,3.96
28,3900,1.950000,24,1.4822701,0.93955138,0.92239231,0.18338905,0.02323634,-0.023828092,-0.0003097198,0.12864448,-0.03551191,-0.074620768,-0.76103956,-0.16284772,0.62793265,0.89190232,-2.930791,3.96
28,3900,1.950000,25,1.4822701,0.91401506,1.2756707,0.55575981,0.053296764,-0.04941665,0.028724704,0.19851795,0.23047889,-0.25081473,0.61768616,0.62308696,0.47981917,1.0703477,0.78975091,3.96
28,3900,1.950000,26,1.4822701,1.3137312,0.96414423,0.52661621,-0.016395357,0.028784508,-0.049372912,-0.13483905,0.037410542,0.1593316,-0.49324831,-0.7123399,-0.49927746,2.093561,-2.1764263,3.96
28,3900,1.950000,27,1.4822701,1.2719015,1.2849975,0.14792782,0.028261704,-0.0049966314,-0.035634247,-0.011526628,0.032662189,0.16091634,-0.65811671,0.47791723,0.58178821,0.94987076,2.5135054,3.96
28,3900,1.950000,28,1.4822701,0.93066568,0.94740507,0.90848215,-0.0014378943,-0.0014291238,-0.0063617482,0.072123786,0.14142807,0.0086647849,0.73528888,-0.14868533,-0.66124348,2.2932715,-0.199523,3.96
28,3900,1.950000,29,1.4822701,0.93676506,1.2998269,1.2920582,0.0026857853,-0.0072867424,-0.00055300722,-0.19054863,0.09486331,0.11244561,0.21133479,-0.93363182,-0.28925635,1.8642462,-1.3481899,3.96
28,3900,1.950000,30,1.4822701,1.3245341,0.89990217,1.2748862,0.051684372,-0.025140704,0.0051686668,-0.14894797,0.20283214,0.018145092,0.10686037,0.93010774,0.35139785,1.2117326,1.4564076,3.96
28,3900,1.950000,31,1.4822701,1.3228327,1.291116,0.94684428,0.029300678,-0.0019502043,0.036257301,-0.089381334,-0.003643949,0.023470107,0.84649397,0.31853117,-0.426598,2.0115243,0.35990525,3.96
29,4000,2.000000,0,1.4858472,0.10510114,0.18391092,0.22807151,-0.075602106,-0.003526534,0.072292683,0.14588808,-0.031390872,-0.05835104,0.7117563,0.5308713,0.45997677,1.0928273,0.64084691,3.96
29,4000,2.000000,1,1.4858472,0.17577247,0.54948638,0.57406695,-0.018018502,-0.0032168507,0.0076105424,-0.20775736,-0.060288213,0.043823295,0.44759971,-0.066110783,0.89178689,0.46951708,-0.14664047,3.96
29,4000,2.000000,2,1.4858472,0.55213136,0.17788543,0.51984082,-0.0077858431,-0.021720709,-0.082597299,0.25508676,0.052186165,-0.29049232,0.56496619,-0.63814012,0.52305868,1.0203606,-0.84614417,3.96
29,4000,2.000000,3,1.4858472,0.55395462,0.56918801,0.18466228,-0.018079898,0.0055650418,-0.02727802,0.016460819,0.012606002,0.047293238,-0.87168522,0.38994486,0.29682972,1.2694253,2.720948,3.96
29,4000,2.000000,4,1.4858472,0.24119679,0.18708695,0.9294442,0.095962536,0.045923756,0.024064314,-0.070151999,0.054115709,-0.050636186,0.85391761,-0.51459792,0.07754804,1.4931704,-0.54235241,3.96
29,4000,2.000000,5,1.4858472,0.17814067,0.49766452,1.3274231,0.017306417,-0.017325086,0.06562733,0.049614716,-0.058483898,0.048774301,-0.81092731,0.10238769,-0.57611948,2.1847694,3.0159972,3.96
29,4000,2.000000,6,1.4858472,0.56253191,0.18315085,1.2898157,-0.017874996,0.0010981798,-0.031312917,0.15658464,-0.22245935,-0.10061898,-0.53611977,0.24574262,0.80758043,0.63075846,2.7117979,3.96
29,4000,2.000000,7,1.4858472,0.59124107,0.55926314,0.91513581,0.0067989958,0.003868439,-0.01190692,0.0082577164,0.033535128,0.00238018,0.53734842,0.24208842,0.80786749,0.63027157,0.4232897,3.96
29,4000,2.000000,8,1.4858472,0.19428977,0.94068182,0.18761918,-0.016669326,0.055051503,-0.065357711,0.12407692,0.072460684,0.067339211,0.41177683,0.88980522,0.19668888,1.3728167,1.1373722,3.96
29,4000,2.000000,9,1.4858472,0.20771769,1.3136869,0.60029931,0.00089442199,-0.022074535,0.046320193,0.13065035,0.10960612,-0.071218383,-0.36283756,0.561027,-0.7440414,2.4098953,2.1448751,3.96
29,4000,2.000000,10,1.4858472,0.53883727,0.89939538,0.59541614,-0.053952799,-0.0085418586,0.0505081,-0.0018128854,-0.12895691,0.029179425,0.43011358,0.53441412,0.72760144,0.75597733,0.89311599,3.96
29,4000,2.000000,11,1.4858472,0.52562975,1.3164039,0.13404219,0.026984134,0.037000703,-0.037229857,0.087642218,-0.0080144889,-0.039683039,0.58358778,-0.50906656,-0.63267412,2.2557978,-0.71730161,3.96
29,4000,2.000000,12,1.4858472,0.2046267,0.90446339,0.91786426,-0.016857021,-0.025348086,-0.0062767804,-0.41332562,-0.020840436,-0.12142295,-0.74702247,0.31284056,-0.58659033,2.1976386,2.7449993,3.96
29,4000,2.000000,13,1.4858472,0.19153841,1.3201292,1.2696461,0.012177555,0.041683784,-0.025983287,-0.12286183,-0.2424881,-0.051910294,-0.48057547,0.78049716,0.39983921,1.1594549,2.1227017,3.96
29,4000,2.000000,14,1.4858472,0.55307847,0.9148343,1.3305102,-0.0050544487,0.025560115,0.049926175,-0.13207257,0.035255874,0.098129536,-0.88371105,-0.3028475,-0.35684474,1.9356844,-2.8114362,3.96
29,4000,2.000000,15,1.4858472,0.59628567,1.2884318,0.93288945,0.036592997,-0.0092269413,-0.036500385,-0.20844164,0.23947451,-0.085971677,-0.41872974,-0.58962979,0.6906534,0.80840416,-2.1883066,3.96
29,4000,2.000000,16,1.4858472,0.91559702,0.17988303,0.19284793,0.014231589,-0.035279708,-0.0027501912,0.19495252,-0.049964001,-0.028787747,-0.34980104,0.17346613,-0.9206241,2.7404722,2.6812309,3.96
29,4000,2.000000,17,1.4858472,0.91026919,0.59486815,0.56660077,-0.058083826,0.019717302,0.0075525174,-0.13168403,-0.12423238,0.21863916,-0.46553187,-0.87064042,-0.15895075,1.7304241,-2.0618175,3.96
29,4000,2.000000,18,1.4858472,1.2684709,0.19917643,0.59955355,-0.024859226,-0.0022844655,0.085459228,0.0012586609,0.10578561,0.03057688,-0.2550267,0.93085455,-0.26167,1.8355484,1.8382052,3.96
29,4000,2.000000,19,1.4858472,1.2871731,0.56043111,0.18102979,-0.055669066,-0.048385133,-0.028358501,0.17685007,-0.21340413,0.016292873,0.75271171,0.56798749,-0.33288931,1.9101623,0.64643119,3.96
29,4000,2.000000,20,1.4858472,0.94935281,0.18600914,0.90714009,0.0073320657,0.012337718,-0.013806149,-0.044990359,0.19244119,0.009337488,0.43239895,-0.56402459,0.70349656,0.79049084,-0.91673582,3.96
29,4000,2.000000,21,1.4858472,0.94203411,0.55922327,1.3282599,0.014558443,-0.014842826,0.009481143,-0.14252296,0.060203095,0.076316327,0.12867499,0.84924029,0.51208757,1.0331829,1.4204223,3.96
29,4000,2.000000,22,1.4858472,1.2712936,0.1773121,1.295389,-0.025180928,0.0038094312,-0.010778913,-0.0014123852,-0.14830998,-0.099815731,-0.2125271,-0.32170204,0.92268089,0.39581953,-2.1546104,3.96
29,4000,2.000000,23,1.4858472,1.2885041,0.57141355,0.8976758,-0.0055218912,0.016117081,-0.034658541,0.099197653,-0.021781391,-0.13852163,-0.38572845,-0.79915119,0.46105416,1.0916135,-2.0204862,3.96
29,4000,2.000000,24,1.4858472,0.94603387,0.92364721,0.18279824,0.027446374,-0.024797998,-0.0013418546,0.015423847,-0.037715499,0.06314113,-0.84421564,-0.041390177,0.53440323,1.0069948,-3.0926039,3.96
29,4000,2.000000,25,1.4858472,0.92696639,1.289121,0.54441127,0.064029409,-0.039057316,0.016050247,0.21959016,0.14446884,-0.27178155,0.57445987,0.64112173,0.50887993,1.0369132,0.84018277,3.96
29,4000,2.000000,26,1.4858472,1.3115781,0.96928536,0.53468854,-0.021712469,0.031595529,-0.042579631,-0.071762467,0.050275196,0.091383044,-0.47012642,-0.65145879,-0.59546839,2.2086449,-2.1959064,3.96
29,4000,2.000000,27,1.4858472,1.2741135,1.2862398,0.15973892,0.027405256,-0.0068531783,-0.024193922,-0.0053940596,-0.087762857,0.23617675,-0.76058289,0.50791105,0.40440084,1.1544727,2.5528115,3.96
29,4000,2.000000,28,1.4858472,0.94163644,0.95394936,0.91553967,0.0072764211,0.0028237105,-0.0015024805,0.26320537,0.015084651,0.16850391,0.86081303,-0.077791759,-0.50294072,2.0977941,-0.090125287,3.96
29,4000,2.000000,29,1.4858472,0.92812772,1.3059651,1.3015479,-0.0081990866,-0.0042889951,0.0058109791,-0.20534574,-0.0069414985,0.11677078,0.1725532,-0.92707962,-0.33278938,1.9100563,-1.3867765,3.96
29,4000,2.000000,30,1.4858472,1.322241,0.91243658,1.2765121,0.046201382,-0.014790467,0.0037196747,-0.05293936,0.24399628,-0.048320819,0.33573374,0.90269529,0.26911719,1.29832,1.2147254,3.96
29,4000,2.000000,31,1.4858472,1.3208819,1.2954882,0.9526931,0.024163695,-0.00069530848,0.039816846,-0.14690395,0.047042844,0.10445429,0.88143089,0.29513392,-0.36874862,1.9484587,0.32310145,3.96
30,4100,2.050000,0,1.4923361,0.1147824,0.18505099,0.22395255,-0.06639989,-0.003190372,0.067188819,0.24389999,0.038024433,-0.15325559,0.73825678,0.5402289,0.40389314,1.1550278,0.63172681,3.96
30,4100,2.050000,1,1.4923361,0.1647491,0.54876274,0.57638087,-0.029783855,-0.0063334032,0.0074178406,-0.2468874,-0.05694972,-0.032749075,0.4105535,-0.14463271,0.90029284,0.45035452,-0.33871089,3.96
30,4100,2.050000,2,1.4923361,0.56477086,0.1816529,0.5108494,0.0024201705,-0.018736597,-0.093834466,0.11920186,0.06965306,-0.15902643,0.62807269,-0.6260938,0.46209441,1.0904409,-0.78382032,3.96
30,4100,2.050000,3,1.4923361,0.55624829,0.57136934,0.18866958,-0.018205169,0.0052612935,-0.024084129,0.036971546,-0.0083793564,0.10622686,-0.79444149,0.54248907,0.27307201,1.2942114,2.5424657,3.96
30,4100,2.050000,4,1.4923361,0.23776986,0.19227501,0.93114893,0.091491995,0.050285265,0.021715125,-0.12834168,0.10882314,-0.029351843,0.79684573,-0.60027812,-0.068578936,1.6394291,-0.64562116,3.96
30,4100,2.050000,5,1.4923361,0.17951423,0.49799896,1.3320608,0.017900712,-0.019160027,0.064470396,-0.034189871,-0.043418033,-0.083251521,-0.82726841,-0.014952896,-0.56160786,2.1671241,-3.1235196,3.96
30,4100,2.050000,6,1.4923361,0.57215686,0.17385886,1.2940367,-0.010722293,-0.0089717186,-0.03272171,0.11941758,-0.13828164,-0.026038884,-0.37198771,0.10730925,0.92201403,0.39754554,2.8607423,3.96
30,4100,2.050000,7,1.4923361,0.59365931,0.560952,0.92355369,0.0066355463,0.0031165517,-0.0074951976,-0.02102261,-0.072542208,0.16462504,0.5315829,0.24838283,0.80976885,0.62703827,0.43710717,3.96
30,4100,2.050000,8,1.4923361,0.19726961,0.95042058,0.19208865,-0.014542607,0.060669908,-0.061715544,-0.046815962,0.10569711,0.056397384,0.33697237,0.89991621,0.27676784,1.2903674,1.2125092,3.96
30,4100,2.050000,9,1.4923361,0.2161232,1.325785,0.59456824,0.008376497,-0.015727336,0.037985685,0.14254372,0.16578139,-0.18947487,-0.38902799,0.48756066,-0.78162768,2.4680674,2.2442597,3.96
30,4100,2.050000,10,1.4923361,0.54184749,0.9001465,0.59448474,-0.053297191,-0.011711638,0.0469841,0.035243087,0.010298544,-0.14414084,0.35756193,0.33526481,0.87163466,0.51226886,0.75322644,3.96
30,4100,2.050000,11,1.4923361,0.53269516,1.3243047,0.1361744,0.031743654,0.039147869,-0.035686398,0.11403477,0.078695448,0.11474859,0.6935783,-0.3396214,-0.63530028,2.2591936,-0.45534593,3.96
30,4100,2.050000,12,1.4923361,0.18185866,0.90805179,0.91956462,-0.040467256,-0.025708836,-0.0085798617,-0.46215573,-0.0045094492,0.011770982,-0.7872364,0.31316998,-0.53120939,2.1308237,2.7629762,3.96
30,4100,2.050000,13,1.4923361,0.18640485,1.3151759,1.2765218,0.0062204869,0.030988625,-0.024655238,-0.12003914,-0.15587112,0.086830808,-0.43841006,0.74161223,0.50774789,1.0382277,2.1046891,3.96
30,4100,2.050000,14,1.4923361,0.54895529,0.91679171,1.3386934,-0.0115788,0.023526722,0.052293701,-0.12696419,-0.070092812,0.0031093206,-0.79019129,-0.54700347,-0.27637823,1.8508198,-2.5360925,3.96
30,4100,2.050000,15,1.4923361,0.59051173,1.3032385,0.93413905,0.0282332,-6.7006483e-05,-0.039318725,-0.11099733,0.090716342,-0.0071303861,-0.35591767,-0.68460127,0.63611612,0.88134216,-2.0502294,3.96
30,4100,2.050000,16,1.4923361,0.92655793,0.17919565,0.19224465,0.021178809,-0.036749459,-0.0041925238,0.14515192,-0.006805124,0.014813137,-0.25034675,0.32129449,-0.91328876,2.722083,2.2327136,3.96
30,4100,2.050000,17,1.4923361,0.9092015,0.59177313,0.57667467,-0.063115849,0.014036767,0.015135458,-0.064332892,-0.13063027,0.041124469,-0.38996042,-0.91680714,-0.085997334,1.6569,-1.9729602,3.96
30,4100,2.050000,18,1.4923361,1.2806764,0.20502688,0.59776776,-0.018207871,0.0026853162,0.08106467,0.2237662,0.089867462,-0.18869394,-0.19664181,0.86614719,-0.45947909,2.048205,1.7940426,3.96
30,4100,2.050000,19,1.4923361,1.3020049,0.55010413,0.18131488,-0.046478553,-0.061131836,-0.028862892,0.13343935,-0.2317802,-0.04496232,0.69317336,0.5752797,-0.43423952,2.0199902,0.69272154,3.96
30,4100,2.050000,20,1.4923361,0.94742388,0.19483028,0.91575225,0.00127037,0.020329113,-0.0091657232,-0.17542701,0.12815558,0.14325924,0.36558429,-0.65428415,0.66201237,0.84729577,-1.0612566,3.96
30,4100,2.050000,21,1.4923361,0.9372629,0.56555631,1.3321398,0.0056925333,-0.010960469,0.0075645341,-0.17345124,0.050773689,-0.11986335,-0.10363925,0.86591998,0.4893276,1.0594778,1.6899165,3.96
30,4100,2.050000,22,1.4923361,1.2801634,0.17163502,1.2984529,-0.021870193,-0.0026279689,-0.013366524,0.090697319,-0.059714371,-0.046584972,-0.28580786,-0.11252268,0.95165777,0.3122077,-2.7665287,3.96
30,4100,2.050000,23,1.4923361,1.2999397,0.57414948,0.89773047,0.00027394705,0.016357038,-0.038515765,0.093276631,0.010923408,-0.00094067809,-0.36319655,-0.79462618,0.48647457,1.0627462,-1.9995107,3.96
30,4100,2.050000,24,1.4923361,0.94838145,0.92743513,0.18845838,0.025666349,-0.025043258,0.0035094093,-0.073981175,0.016107806,0.09263319,-0.90060542,-0.031370195,0.43350409,1.1224187,-3.1067744,3.96
30,4100,2.050000,25,1.4923361,0.93942322,1.2991777,0.53720638,0.072419745,-0.034640094,0.0064886568,0.1578748,-0.031075481,-0.093658101,0.47660527,0.65563167,0.58565736,0.94510551,0.94221731,3.96
30,4100,2.050000,26,1.4923361,1.3166017,0.9764485,0.53940588,-0.022415256,0.03451927,-0.040202541,0.027106983,0.084420855,0.037976156,-0.38028205,-0.68349448,-0.62307371,2.2434627,-2.0785239,3.96
30,4100,2.050000,27,1.4923361,1.2807293,1.2867518,0.17216124,0.028454566,-0.011947303,-0.012494693,0.030058258,-0.12104108,0.20155765,-0.82342542,0.3893281,0.41278834,1.1452831,2.6999284,3.96
30,4100,2.050000,28,1.4923361,0.95966915,0.95573738,0.92901579,0.021166587,0.00045084015,0.0079547181,0.23819245,-0.091454934,0.18248022,0.93094683,0.012037364,-0.3649563,1.9443822,0.012929517,3.96
30,4100,2.050000,29,1.4923361,0.92533985,1.3064578,1.3120432,-0.015025369,-0.0094882626,0.010611712,-0.06904595,-0.18514085,0.053284702,0.1311319,-0.89865632,-0.41859436,2.0026933,-1.425899,3.96
30,4100,2.050000,30,1.4923361,1.3272826,0.9264972,1.2793108,0.045470164,-0.0047365125,0.00094961543,0.00076588675,0.13200422,-0.026192815,0.57464356,0.80041822,0.17063249,1.3993248,0.94813847,3.96
30,4100,2.050000,31,1.4923361,1.3202328,1.3072517,0.96033097,0.017760039,0.005397286,0.043286596,-0.11258426,0.19389249,0.037075874,0.86346345,0.31144024,-0.39678187,1.9788046,0.34616384,3.96
31,4200,2.100000,0,1.48547,0.12831054,0.18883136,0.21381451,-0.052311158,0.0014521063,0.058060107,0.32893745,0.12928634,-0.19063295,0.73530935,0.53966041,0.40998391,1.1483599,0.63313215,3.96
31,4200,2.100000,1,1.48547,0.15557545,0.54298993,0.5692477,-0.03821897,-0.0095889136,0.002926186,-0.12304844,-0.046374049,-0.17763461,0.47901377,-0.25188094,0.84089345,0.57186434,-0.48409928,3.96
31,4200,2.100000,2,1.48547,0.56574496,0.18132647,0.50352906,0.0060009805,-0.018226075,-0.098815918,-0.023408062,-0.028108997,-0.077825227,0.72543426,-0.58643576,0.36033073,1.2021739,-0.67983753,3.96
31,4200,2.100000,3,1.48547,0.55808634,0.56691276,0.19206006,-0.013797712,0.0034293011,-0.01981575,0.12005307,-0.061978735,0.10093581,-0.73459847,0.53523328,0.41700171,1.1406523,2.5119245,3.96
31,4200,2.100000,4,1.48547,0.22717438,0.19696144,0.92787392,0.081968514,0.055869214,0.022726571,-0.19568076,0.10928822,0.044578412,0.78739968,-0.53445606,-0.30717824,1.8830228,-0.59632882,3.96
31,4200,2.100000,5,1.48547,0.17707657,0.49447556,1.3210452,0.016285258,-0.020395035,0.059572253,-0.030085018,-0.008187663,-0.11321308,-0.79419261,-0.066988844,-0.60396241,2.2192597,-3.0574435,3.96
31,4200,2.100000,6,1.48547,0.57401996,0.17285005,1.2861776,-0.0062163644,-0.0091811046,-0.03463146,0.048041959,0.11122391,-0.070308868,-0.18506845,0.15800528,0.96994021,0.24581136,2.4349159,3.96
31,4200,2.100000,7,1.48547,0.58757222,0.55373809,0.93017063,0.0032720762,-0.00152719,0.0033960282,-0.083771865,-0.12450011,0.24200636,0.572638,0.3412941,0.74538853,0.72967885,0.53747553,3.96
31,4200,2.100000,8,1.48547,0.19324125,0.9509278,0.19285455,-0.01767057,0.065561196,-0.06006205,-0.067776826,0.048514801,0.030377651,0.20197808,0.86839238,0.45287916,1.1008043,1.3422709,3.96
31,4200,2.100000,9,1.48547,0.2227265,1.3268673,0.58051801,0.015991709,-0.0085286381,0.026644848,0.1477883,0.084278967,-0.28315115,-0.43328982,0.3781723,-0.81807435,2.528851,2.424014,3.96
31,4200,2.100000,10,1.48547,0.54125769,0.8988368,0.58334666,-0.051389605,-0.0088733035,0.038561762,0.04239191,0.077730642,-0.16928046,0.33640235,0.10491867,0.93585551,0.36011727,0.30232401,3.96
31,4200,2.100000,11,1.48547,0.53501319,1.3225647,0.14865317,0.036523588,0.043510952,-0.022550811,0.066070288,0.08077773,0.32504816,0.83995214,-0.23453026,-0.48936281,2.0821553,-0.27228396,3.96
31,4200,2.100000,12,1.48547,0.16224563,0.9035608,0.91837936,-0.05928697,-0.026022695,-0.0055272567,-0.26564243,0.029635098,0.070617958,-0.79189484,0.30324464,-0.53004268,2.1294472,2.7758831,3.96
31,4200,2.100000,13,1.48547,0.17931616,1.3036512,1.2763841,-2.497293e-05,0.025502307,-0.018906501,-0.11029889,-0.026608563,0.1430138,-0.3801626,0.7030434,0.60100447,0.92603904,2.0665011,3.96
31,4200,2.100000,14,1.48547,0.53932676,0.90820945,1.3293085,-0.018698056,0.01915245,0.049060528,-0.13288591,-0.058951962,-0.072538022,-0.67610717,-0.70641954,-0.20940518,1.7817629,-2.3342727,3.96
31,4200,2.100000,15,1.48547,0.58298123,1.2988491,0.93100916,0.023408456,0.0015434048,-0.03814803,-0.075513426,-0.047955495,0.050245107,-0.35970929,-0.76896137,0.52849564,1.0139688,-2.0083422,3.96
31,4200,2.100000,16,1.48547,0.9321327,0.17946017,0.19481175,0.031039316,-0.035657961,-0.0007329477,0.21734511,0.020361434,0.10912683,-0.24146726,0.52246216,-0.81775721,2.5282998,2.0037261,3.96
31,4200,2.100000,17,1.48547,0.90142388,0.58327064,0.56958609,-0.06671863,0.0082436071,0.01068985,-0.042621616,-0.10289889,-0.19685124,-0.4094583,-0.90639855,-0.10385361,1.6748375,-1.995098,3.96
31,4200,2.100000,18,1.48547,1.2891676,0.2084153,0.58343583,-0.0037911539,0.0070270626,0.069456237,0.30424215,0.077593385,-0.25901086,-0.18762807,0.75506051,-0.62823509,2.250079,1.8143572,3.96
31,4200,2.100000,19,1.48547,1.2977486,0.53998301,0.17685201,-0.044740387,-0.06873952,-0.032499943,-0.057042752,-0.086617797,-0.115018,0.64930969,0.60217591,-0.46452244,2.0538916,0.74775369,3.96
31,4200,2.100000,20,1.48547,0.93126524,0.2001465,0.91987534,-0.01055654,0.026556083,-0.00081008144,-0.24837071,0.12364179,0.15505084,0.18248587,-0.75550248,0.62921769,0.89025006,-1.3337935,3.96
31,4200,2.100000,21,1.48547,0.92607907,0.56348753,1.3178323,-0.0011949247,-0.010425949,-0.00063287604,-0.09863944,0.016188421,-0.17779939,-0.30562744,0.86562182,0.39659895,1.1629873,1.9102059,3.96
31,4200,2.100000,22,1.48547,1.2780672,0.16852763,1.2910633,-0.018067778,-0.0049510459,-0.014785283,0.08934777,-0.013066197,2.6014395e-06,-0.42518863,0.052279998,0.90359362,0.442711,3.0192495,3.96
31,4200,2.100000,23,1.48547,1.29409,0.57157304,0.89554294,0.0004054838,0.016422348,-0.036568431,-0.046353078,-0.036655665,0.11135967,-0.32927115,-0.73728502,0.58990788,0.93985157,-1.9908188,3.96
31,4200,2.100000,24,1.48547,0.93923843,0.92318273,0.19253952,0.020875687,-0.025028584,0.0084690603,-0.1620678,-0.051135855,0.066284662,-0.89747712,-0.05765948,0.43727589,1.1182289,-3.0774346,3.96
31,4200,2.100000,25,1.48547,0.94069538,1.2911382,0.53696919,0.078027026,-0.036706979,0.008728263,0.056871555,-0.048568815,0.19748534,0.44340893,0.61053391,0.65622928,0.85498572,0.94265998,3.96
31,4200,2.100000,26,1.48547,1.3136771,0.9738819,0.53701184,-0.019274995,0.036449662,-0.040114631,0.067638549,-0.0034753043,-0.006199214,-0.24585803,-0.79638505,-0.55256192,2.1562312,-1.8702315,3.96
31,4200,2.100000,27,1.48547,1.2780732,1.2761678,0.17525784,0.031698417,-0.016621828,-0.008597017,0.1363126,-0.054519171,-0.011552565,-0.82388157,0.24203863,0.51248069,1.0327251,2.8558535,3.96
31,4200,2.100000,28,1.48547,0.96379095,0.94244599,0.93510924,0.029723468,-0.0084638475,0.018346443,0.08231126,-0.23697864,0.20002445,0.928172,0.0091731315,-0.37203843,1.9520004,0.0098826865,3.96
31,4200,2.100000,29,1.48547,0.92247845,1.2882104,1.3097876,-0.01362615,-0.021753102,0.014401448,0.10102351,-0.28187164,0.11605005,0.08153218,-0.86058471,-0.50273896,2.0975607,-1.4763378,3.96
31,4200,2.100000,30,1.48547,1.3216046,0.92716841,1.2727613,0.045899869,0.00020882567,0.00028462745,-0.019419372,0.061001614,0.0046601614,0.7498113,0.6532235,0.10527144,1.4653295,0.71666455,3.96
31,4200,2.100000,31,1.48547,1.3110316,1.3153793,0.95420612,0.014625842,0.019572145,0.041576192,-0.031059185,0.30532669,-0.069467772,0.79510581,0.32618542,-0.51128253,2.1074728,0.38930398,3.96
32,4300,2.150000,0,1.4803921,0.14356401,0.19395586,0.1999996,-0.036592168,0.0072319979,0.044953658,0.2908944,0.1510427,-0.35291723,0.71954316,0.58064598,0.38093029,1.1799941,0.67897335,3.96
32,4300,2.150000,1,1.4803921,0.15453477,0.54147515,0.55690363,-0.0387287,-0.009246969,-0.0074898171,0.0074649131,0.080315812,-0.20454213,0.57814662,-0.37009875,0.72716807,0.75660885,-0.56941737,3.96
32,4300,2.150000,2,1.4803921,0.55989453,0.17853509,0.5043051,0.002077759,-0.020401342,-0.096314344,-0.087503948,-0.031703469,0.16480001,0.76758511,-0.58677128,0.25790031,1.309948,-0.65267762,3.96
32,4300,2.150000,3,1.4803921,0.56011894,0.56041855,0.19755214,-0.0098506071,-0.0011348022,-0.013656591,0.045034184,-0.085077223,0.080389487,-0.67903083,0.41734245,0.60393908,0.92236223,2.5904962,3.96
32,4300,2.150000,4,1.4803921,0.21762868,0.1981971,0.9255306,0.073184337,0.05778143,0.023556489,-0.13392888,-0.059089653,-0.072277938,0.80117499,-0.3758076,-0.46571159,2.0552349,-0.43859934,3.96
32,4300,2.150000,5,1.4803921,0.17430282,0.49645222,1.3095809,0.0141131,-0.016721783,0.052611826,-0.081975955,0.18102393,-0.12932798,-0.6929071,-0.089358784,-0.71546821,2.3680904,-3.0133384,3.96
32,4300,2.150000,6,1.4803921,0.57197608,0.18066664,1.2786654,-0.0062981746,-0.00075922732,-0.037752366,-0.051868517,0.24246605,-0.047730098,-0.044063557,0.31118859,0.94932611,0.31971157,1.7114588,3.96
32,4300,2.150000,7,1.4803921,0.58023451,0.54539944,0.93624817,-0.0020662397,-0.007984012,0.012669118,-0.11646696,-0.11219006,0.096608242,0.63834042,0.40558721,0.65423277,0.85762861,0.56602708,3.96
32,4300,2.150000,8,1.4803921,0.18641741,0.9517939,0.19287061,-0.023844404,0.06968498,-0.059385575,-0.16074151,0.11195156,-0.043202785,0.044720646,0.76800906,0.63887569,0.8777604,1.5126327,3.96
32,4300,2.150000,9,1.4803921,0.22754819,1.3234974,0.56585066,0.021584344,-0.0073608578,0.013940174,0.069574838,-0.037181168,-0.22878394,-0.41369786,0.38975661,-0.82276598,2.5370568,2.3859836,3.96
32,4300,2.150000,10,1.4803921,0.53982248,0.90074863,0.57487856,-0.050973886,-0.0038803728,0.032076657,-0.053026685,0.084393652,-0.14465946,0.27284488,-0.047505975,0.96088441,0.28061819,-0.17238538,3.96
32,4300,2.150000,11,1.4803921,0.53671095,1.3209345,0.1634297,0.040056274,0.046406696,-0.0072399211,0.09884945,0.016467024,0.32262182,0.95310487,-0.26157158,-0.15222159,1.723612,-0.26784696,3.96
32,4300,2.150000,12,1.4803921,0.15752601,0.90401039,0.9174795,-0.063459118,-0.022478332,-0.0032839186,0.031489955,0.086463615,0.021792528,-0.74618309,0.35614791,-0.5624673,2.1681632,2.6962752,3.96
32,4300,2.150000,13,1.4803921,0.17841228,1.3000919,1.2810995,-0.00031637673,0.0264009,-0.009812436,0.11157836,0.087574257,0.19930358,-0.3256289,0.69950764,0.63612489,0.88133079,2.0064745,3.96
32,4300,2.150000,14,1.4803921,0.52907682,0.90281095,1.3221874,-0.027118801,0.016854607,0.046479054,-0.17203652,-0.0050264227,-0.020461879,-0.66905862,-0.71343605,-0.20825362,1.7805854,-2.324106,3.96
32,4300,2.150000,15,1.4803921,0.58195804,1.2888203,0.93149243,0.024379778,-0.0040550169,-0.034475945,0.064643693,-0.19770177,0.088639907,-0.46505563,-0.71061095,0.52797285,1.0145845,-2.1502898,3.96
32,4300,2.150000,16,1.4803921,0.93685186,0.17976836,0.19960493,0.03895841,-0.034734736,0.0047355361,0.12136065,0.025520662,0.13062597,-0.24002515,0.67207025,-0.70050661,2.3469035,1.9138204,3.96
32,4300,2.150000,17,1.4803921,0.89688668,0.57778005,0.55528466,-0.068176925,0.0047408613,-0.0016857095,-0.045996024,-0.094928834,-0.26754185,-0.45728316,-0.87959728,-0.13115159,1.7023268,-2.0502195,3.96
32,4300,2.150000,18,1.4803921,1.2959734,0.2101556,0.57043743,0.0074407171,0.0094840065,0.058433371,0.1658729,-0.00076599823,-0.18464956,-0.32662674,0.64642076,-0.68953258,2.3316398,2.038663,3.96
32,4300,2.150000,19,1.4803921,1.2862073,0.539276,0.16945925,-0.051857778,-0.06759871,-0.039299801,-0.18635386,0.13249227,-0.17012642,0.64384893,0.65263813,-0.39940208,1.9816609,0.7921773,3.96
32,4300,2.150000,20,1.4803921,0.91878504,0.20513868,0.9241568,-0.019869275,0.032242175,0.0066285886,-0.11898946,0.088409434,0.14944554,-0.045957786,-0.73633703,0.67505234,0.82976068,-1.6331295,3.96
32,4300,2.150000,21,1.4803921,0.92385978,0.5619026,1.3071738,-0.00024690532,-0.010084075,-0.0067971264,0.14715543,0.021023604,-0.053622395,-0.34230855,0.8958115,0.28345478,1.2834016,1.9357956,3.96
32,4300,2.150000,22,1.4803921,1.2795273,0.16879252,1.2898177,-0.012228804,-0.0041086266,-0.011612195,0.13128051,0.0025733089,0.12082233,-0.53841476,-0.035058478,0.84195038,0.56990844,-3.0765702,3.96
32,4300,2.150000,23,1.4803921,1.2855879,0.56561931,0.89787359,-0.0036799033,0.012415607,-0.031167243,-0.092091297,-0.15576955,0.11565974,-0.23367872,-0.69535727,0.67961204,0.82356268,-1.8949949,3.96
32,4300,2.150000,24,1.4803921,0.92585644,0.91608205,0.19197052,0.010686918,-0.028980258,0.0085583855,-0.1892466,-0.0810067,-0.014233016,-0.85221246,0.024911552,0.52260246,1.0208958,3.1123694,3.96
32,4300,2.150000,25,1.4803921,0.93569279,1.2832628,0.55280129,0.076237014,-0.040174648,0.02642623,-0.055274032,-0.11430039,0.4922968,0.46718693,0.53010667,0.70761804,0.78467487,0.84840514,3.96
32,4300,2.150000,26,1.4803921,1.3120309,0.97048939,0.53353371,-0.016425714,0.036386132,-0.041759873,0.011129342,-0.026989491,-0.05249261,-0.16442658,-0.89908828,-0.40571438,1.9885566,-1.7516789,3.96
32,4300,2.150000,27,1.4803921,1.2811954,1.2714762,0.16859674,0.039202338,-0.01695158,-0.014669414,0.13714867,0.062254625,-0.18716033,-0.78841242,0.11612874,0.60408606,0.9221778,2.9953498,3.96
32,4300,2.150000,28,1.4803921,0.96253191,0.9273889,0.93944571,0.03176251,-0.020319605,0.025892383,-0.021632023,-0.23028407,0.10081458,0.89636519,0.042325567,-0.44129128,2.0278335,0.047184064,3.96
32,4300,2.150000,29,1.4803921,0.92544139,1.2711753,1.3106212,-0.0074993403,-0.034406298,0.019721533,0.12367811,-0.17832622,0.097182234,0.079284429,-0.8308793,-0.55077543,2.1540893,-1.4756621,3.96
32,4300,2.150000,30,1.4803921,1.315974,0.92389178,1.2737732,0.04478512,0.00010141398,0.0056564842,0.0098033243,-0.061545534,0.19723104,0.80228236,0.58164659,0.13427684,1.4361127,0.62730156,3.96
32,4300,2.150000,31,1.4803921,1.3068669,1.3228011,0.94310996,0.014943279,0.031510812,0.033728425,-0.00026011259,0.18131127,-0.18685687,0.70540606,0.43272033,-0.56138703,2.1668572,0.5502392,3.96
33,4400,2.200000,0,1.4860827,0.15600071,0.1999964,0.18292617,-0.024730078,0.012516844,0.027145607,0.19702004,0.083756109,-0.32683287,0.72800042,0.62534513,0.2809962,1.2859644,0.70969017,3.96
33,4400,2.200000,1,1.4860827,0.16037131,0.552499,0.54960132,-0.033496221,-0.00032163753,-0.016914752,0.18560761,0.29150191,-0.13209913,0.55129812,-0.48376979,0.67973317,0.82339756,-0.72025001,3.96
33,4400,2.200000,2,1.4860827,0.55754599,0.17679139,0.51909994,-0.0024143613,-0.022826673,-0.083482645,-0.061452555,-0.041814698,0.34020616,0.6565202,-0.72159732,0.21972377,1.349265,-0.83258487,3.96
33,4400,2.200000,3,1.4860827,0.56267436,0.56090499,0.20128034,-0.0094490257,-0.0027993888,-0.010693463,0.0042366292,0.00010618032,0.028856595,-0.7090596,0.27747609,0.64826037,0.86549884,2.7685829,3.96
33,4400,2.200000,4,1.4860827,0.21315551,0.19230763,0.92358761,0.067884783,0.051142837,0.018066344,-0.070487422,-0.19307399,-0.11694882,0.82686811,-0.27149798,-0.49252205,2.0857816,-0.31725432,3.96
33,4400,2.200000,5,1.4860827,0.17446655,0.51157779,1.3078296,0.013607791,-0.003529849,0.045839548,0.056235007,0.31787186,-0.14934377,-0.54479501,-0.10731785,-0.83167378,2.5529116,-2.9470953,3.96
33,4400,2.200000,6,1.4860827,0.56796361,0.19508049,1.2834682,-0.012497399,0.012933881,-0.037864436,-0.18308949,0.28432143,0.064422006,0.040726185,0.48953856,0.87103006,0.51350098,1.4877945,3.96
33,4400,2.200000,7,1.4860827,0.57448657,0.54505821,0.94458394,-0.010029295,-0.010417054,0.017396932,-0.21025606,-0.0037945539,0.069131945,0.6926338,0.38922026,0.60726107,0.91818765,0.51196574,3.96
33,4400,2.200000,8,1.4860827,0.18030693,0.95945541,0.18778233,-0.030658394,0.073680185,-0.065204086,-0.076617873,0.047650916,-0.16284885,0.033131004,0.67062242,0.74105864,0.73615067,1.5214331,3.96
33,4400,2.200000,9,1.4860827,0.22781095,1.3243296,0.55816392,0.020973593,-0.011607989,0.0040972197,-0.11608405,-0.11791308,-0.18463902,-0.37392946,0.4615918,-0.80443134,2.5055139,2.2516576,3.96
33,4400,2.200000,10,1.4860827,0.54005508,0.91074799,0.5707812,-0.052812804,0.0026440404,0.025781569,-0.031469759,0.15175078,-0.10166862,0.17470864,-0.034248726,0.98402435,0.17898811,-0.19357861,3.96
33,4400,2.200000,11,1.4860827,0.54400301,1.3265102,0.17626789,0.045275227,0.046903873,0.0049466771,0.11906186,0.0046520629,0.17308164,0.92003654,-0.32141977,0.22410287,1.3447739,-0.33610049,3.96
33,4400,2.200000,12,1.4860827,0.16246617,0.91095156,0.92250167,-0.059132774,-0.019018762,-0.0017913574,0.09202034,0.061476356,0.041511031,-0.71062708,0.43480314,-0.55313233,2.1569158,2.5924993,3.96
33,4400,2.200000,13,1.4860827,0.18739058,1.3100009,1.2916381,0.0079602368,0.031303026,-0.0042089978,0.21132831,0.11806758,0.021909213,-0.22512826,0.7741377,0.59163171,0.93771505,1.8538023,3.96
33,4400,2.200000,14,1.4860827,0.52092167,0.90668661,1.3251164,-0.037288178,0.017259139,0.044329705,-0.20654905,0.054270109,-0.062733433,-0.80757002,-0.53650603,-0.24493251,1.8182464,-2.5551983,3.96
33,4400,2.200000,15,1.4860827,0.589545,1.2835215,0.9396577,0.029719475,-0.014288319,-0.029900051,0.10799235,-0.22322793,0.096428034,-0.63224676,-0.49448117,0.59644984,0.93172558,-2.4778611,3.96
33,4400,2.200000,16,1.4860827,0.94373062,0.18046191,0.20852557,0.042229681,-0.03473221,0.012873289,-0.005138367,-0.043168385,0.2054322,-0.22922661,0.77743813,-0.58570053,2.1965404,1.8575205,3.96
33,4400,2.200000,17,1.4860827,0.90111605,0.57733885,0.54633745,-0.067396633,0.0020837985,-0.012746185,0.053047916,-0.053963035,-0.16443001,-0.45081183,-0.87021908,-0.19871447,1.7708424,-2.0487748,3.96
33,4400,2.200000,18,1.4860827,1.3087635,0.20736016,0.56345218,0.015234202,0.0058876357,0.049272956,0.1584203,-0.10526776,-0.20069362,-0.54601713,0.58798598,-0.59677281,2.2102695,2.3192019,3.96
33,4400,2.200000,19,1.4860827,1.2825492,0.5520945,0.16100682,-0.060443466,-0.056873738,-0.048386192,-0.11501505,0.26445429,-0.17542077,0.65208261,0.67567184,-0.34388348,1.9218458,0.80316255,3.96
33,4400,2.200000,20,1.4860827,0.92143007,0.20710893,0.93518609,-0.020754305,0.033421626,0.014091154,0.07267441,-0.02476985,0.11500869,-0.20229259,-0.57367533,0.79370922,0.65391365,-1.9098083,3.96
33,4400,2.200000,21,1.4860827,0.9354204,0.56399085,1.3095881,0.0077471136,-0.010155617,-0.0094025281,0.19162191,-0.052899236,-0.051274663,-0.22715431,0.9525258,0.2027203,1.3666612,1.8048996,3.96
33,4400,2.200000,22,1.4860827,1.2904204,0.169471,1.3005688,-0.0062655365,-0.0040790265,-0.0058301744,0.10301549,0.042503873,0.092405202,-0.60848405,-0.32532266,0.72381788,0.76147671,-2.6506151,3.96
33,4400,2.200000,23,1.4860827,1.2841089,0.55797549,0.90654654,-0.01008836,0.0026163724,-0.025955663,-0.16356235,-0.23636294,0.069035174,-0.1206085,-0.67861089,0.72452802,0.76044696,-1.7466882,3.96
33,4400,2.200000,24,1.4860827,0.92054026,0.91723755,0.19224684,0.0018287936,-0.031341596,0.0080976682,-0.14730947,-0.014868039,0.016624983,-0.80945882,0.11926619,0.57493651,0.95826978,2.9953045,3.96
33,4400,2.200000,25,1.4860827,0.9358169,1.2782683,0.57982,0.072771023,-0.050082982,0.051272335,-0.09499132,-0.21130513,0.41992502,0.50734969,0.47836299,0.71677412,0.77163128,0.7559998,3.96
33,4400,2.200000,26,1.4860827,1.3161815,0.96989152,0.53162533,-0.017316797,0.032066038,-0.045711545,-0.059770719,-0.13371055,-0.090592353,-0.20404161,-0.94107759,-0.26970352,1.8438815,-1.7843085,3.96
33,4400,2.200000,27,1.4860827,1.2904193,1.2795085,0.16110943,0.04349317,-0.013812753,-0.022789228,0.01636675,0.052974798,-0.12705742,-0.77439505,0.00036309121,0.63270229,0.88575852,3.1411238,3.96
33,4400,2.200000,28,1.4860827,0.95876235,0.91889375,0.94366782,0.024307332,-0.032356498,0.026502141,-0.22906999,-0.24459308,-0.038985454,0.82866315,0.13464338,-0.54331257,2.1451742,0.161075,3.96
33,4400,2.200000,29,1.4860827,0.93667035,1.2700049,1.3214491,0.00015758619,-0.040451378,0.025500307,0.11314919,-0.093116272,0.14759546,0.16922774,-0.8486709,-0.50111843,2.095687,-1.3739746,3.96
33,4400,2.200000,30,1.4860827,1.3217511,0.92306598,1.2918817,0.045502234,-0.0042673875,0.018843302,0.040086977,-0.11025139,0.31625096,0.72991001,0.64281548,0.23242125,1.33623,0.72203667,3.96
33,4400,2.200000,31,1.4860827,1.3132148,1.3347379,0.9394813,0.01626517,0.03834975,0.026488393,0.035121474,0.10917344,-0.098845428,0.65223356,0.61112519,-0.44846114,2.0358392,0.75287069,3.96
34,4500,2.250000,0,1.4864313,0.16368966,0.20445936,0.17049145,-0.017078612,0.016932369,0.014669439,0.096699806,0.069787166,-0.17313036,0.70782495,0.69854282,0.10498463,1.4656179,0.77879819,3.96
34,4500,2.250000,1,1.4864313,0.16976722,0.56991842,0.54602587,-0.024139035,0.016966147,-0.020618694,0.16773721,0.38245335,-0.04126565,0.34649026,-0.54705673,0.76201932,0.70437053,-1.0061995,3.96
34,4500,2.250000,2,1.4864313,0.55719977,0.17350721,0.53460702,-0.0028913167,-0.026151929,-0.068099142,0.010149386,-0.094531535,0.26661446,0.49821877,-0.82507522,0.26651256,1.3010234,-1.0275533,3.96
34,4500,2.250000,3,1.4864313,0.56142662,0.56327195,0.19954497,-0.010828593,-0.00056426418,-0.012475832,-0.062314943,0.097713879,-0.08637315,-0.80524685,0.26162857,0.53209773,1.0097201,2.8274469,3.96
34,4500,2.250000,4,1.4864313,0.21098367,0.1808993,0.91982034,0.065663203,0.039690745,0.014082892,-0.0038691989,-0.26504594,-0.046062082,0.85694455,-0.29641759,-0.42164279,2.0060526,-0.33301809,3.96
34,4500,2.250000,5,1.4864313,0.17837839,0.53219154,1.2991359,0.01747825,0.016961489,0.036840102,0.088168349,0.44981356,-0.20517235,-0.41682625,-0.13248921,-0.89927887,2.6889143,-2.8338391,3.96
34,4500,2.250000,6,1.4864313,0.55817791,0.2078312,1.2911277,-0.02241516,0.025637347,-0.030506861,-0.2152578,0.24407331,0.16882222,0.11181467,0.65170988,0.75018112,0.72246037,1.4008795,3.96
34,4500,2.250000,7,1.4864313,0.56597147,0.54643662,0.94457092,-0.018678134,-0.0091666558,0.017162356,-0.15110737,0.026828562,-0.049120466,0.70021206,0.39818533,0.59258038,0.93653783,0.51705951,3.96
34,4500,2.250000,8,1.4864313,0.17805164,0.95958775,0.17963281,-0.032955706,0.073587475,-0.073396687,0.0086115297,0.00932066,-0.13272381,0.14737036,0.64591823,0.74904714,0.72417366,1.3464796,3.96
34,4500,2.250000,9,1.4864313,0.21900924,1.3188659,0.5510466,0.012119478,-0.017381674,-0.0031501827,-0.22602354,-0.08502784,-0.057097386,-0.38914358,0.55434892,-0.73570684,2.397506,2.182852,3.96
34,4500,2.250000,10,1.4864313,0.53914939,0.91736562,0.5669808,-0.053845064,0.0090472812,0.02184774,-0.040887438,0.094274697,-0.027618823,0.11385622,0.10835037,0.98757124,0.15782642,0.7606252,3.96
34,4500,2.250000,11,1.4864313,0.55022282,1.326256,0.18448943,0.051366719,0.046338611,0.013125918,0.14613987,-0.032941009,0.17197626,0.7656435,-0.45074157,0.4589358,1.0939993,-0.53207627,3.96
34,4500,2.250000,12,1.4864313,0.16845161,0.91142019,0.92449344,-0.053186139,-0.018763852,-1.6189502e-05,0.16424246,-0.031409274,-0.0024174889,-0.70918497,0.52709508,-0.46821732,2.0580685,2.5024316,3.96
34,4500,2.250000,13,1.4864313,0.19897669,1.3163509,1.2891797,0.019501037,0.037344963,-0.0069701514,0.22869528,0.1174866,-0.1190706,-0.01947085,0.87057505,0.49165025,1.0568125,1.5931581,3.96
34,4500,2.250000,14,1.4864313,0.5134165,0.91008989,1.3234071,-0.044914657,0.020449354,0.042309809,-0.074104778,0.097446068,-0.063102742,-0.95534321,-0.19874736,-0.21867518,1.7912529,-2.9364807,3.96
34,4500,2.250000,15,1.4864313,0.59563383,1.2738053,0.94799467,0.035669321,-0.024304475,-0.021784461,0.098016538,-0.21532481,0.27513769,-0.75988529,-0.1932892,0.6206558,0.9012175,-2.8925088,3.96
34,4500,2.250000,16,1.4864313,0.94058701,0.17738688,0.21784886,0.038865094,-0.037849209,0.022146577,-0.15678641,-0.068761377,0.14950377,-0.206825,0.76882297,-0.60509062,2.220676,1.83359,3.96
34,4500,2.250000,17,1.4864313,0.90366467,0.57558076,0.54012593,-0.065059667,0.00019050014,-0.019085122,0.088498594,-0.021270398,-0.033990936,-0.40501616,-0.88613688,-0.22521844,1.7979636,-1.9995044,3.96
34,4500,2.250000,18,1.4864313,1.3198168,0.20239354,0.55675115,0.025979268,0.00087296876,0.042440556,0.24387349,-0.090451822,-0.082259325,-0.71809288,0.5768574,-0.38933039,1.9707008,2.4648314,3.96
34,4500,2.250000,19,1.4864313,1.2797095,0.56518677,0.15344858,-0.063583681,-0.043912488,-0.055981308,0.01565909,0.22398938,-0.1481109,0.64225307,0.65181433,-0.40329775,1.9859141,0.79278656,3.96
34,4500,2.250000,20,1.4864313,0.92730298,0.20292113,0.93915153,-0.015098204,0.029185741,0.01783678,0.12070669,-0.17003366,0.012604282,-0.24308866,-0.34376088,0.90704816,0.43457714,-2.1863013,3.96
34,4500,2.250000,21,1.4864313,0.94222982,0.56017611,1.3058121,0.014336324,-0.014102193,-0.013485229,0.096394121,-0.10876305,-0.13848757,-0.021605924,0.98240525,0.18550771,1.3842078,1.5927857,3.96
34,4500,2.250000,22,1.4864313,1.2922768,0.17383622,1.3055254,-0.0047120366,0.00024593138,-0.0011791391,0.0051054443,0.13323312,0.11316103,-0.53953157,-0.63970869,0.54742897,0.99150745,-2.2714474,3.96
34,4500,2.250000,23,1.4864313,1.277175,0.54945087,0.90940906,-0.017322646,-0.0060381166,-0.023306112,-0.11727102,-0.10013509,0.036057734,-0.13148605,-0.66584845,0.73440946,0.74600015,-1.7657594,3.96
34,4500,2.250000,24,1.4864313,0.91595511,0.91956176,0.1906206,-0.0029717361,-0.029232788,0.0064265262,-0.02532581,0.07003932,-0.051526231,-0.79047291,0.1825687,0.58465482,0.94634181,2.9146114,3.96
34,4500,2.250000,25,1.4864313,0.93268412,1.2682548,0.59673624,0.06941912,-0.060395068,0.068050595,-0.07195259,-0.16026033,0.22259493,0.52099878,0.52271249,0.67478287,0.83012588,0.7870401,3.96
34,4500,2.250000,26,1.4864313,1.3127075,0.96379347,0.52725055,-0.021099109,0.025741219,-0.050210499,-0.087878187,-0.1235062,-0.05087307,-0.3174575,-0.92979135,-0.18630292,1.7581942,-1.899815,3.96
34,4500,2.250000,27,1.4864313,1.2883394,1.2800926,0.15766512,0.041110844,-0.013528863,-0.026270918,-0.10080978,-0.018101348,-0.0032599954,-0.76202205,-0.048195954,0.64575502,0.86878462,-3.0784293,3.96
34,4500,2.250000,28,1.4864313,0.94502688,0.90668317,0.94104721,0.01034859,-0.044781172,0.023660503,-0.32021865,-0.24748312,-0.093974263,0.77623517,0.2022669,-0.59711561,2.2106968,0.25490587,3.96
34,4500,2.250000,29,1.4864313,0.93916536,1.2680325,1.3283783,0.0024326078,-0.042721461,0.032118828,-0.041612531,-0.015035724,0.076129899,0.24053476,-0.88530304,-0.3979718,1.9801013,-1.3055029,3.96
34,4500,2.250000,30,1.4864313,1.3263764,0.91705965,1.3030935,0.049817053,-0.010489524,0.029750864,0.11386029,-0.12724655,0.12391584,0.57241672,0.7303078,0.3728131,1.1887575,0.90601054,3.96
34,4500,2.250000,31,1.4864313,1.3141393,1.3367448,0.93696046,0.016881537,0.040043338,0.023747491,0.0074647588,-0.003263054,-0.020324303,0.62925085,0.72504004,-0.27992913,1.8545166,0.85601071,3.96
35,4600,2.300000,0,1.4822928,0.16407654,0.20748317,0.16633102,-0.016234824,0.020530444,0.010978536,-0.050669321,0.074123717,-0.030112724,0.6686902,0.74331559,-0.018312501,1.5891099,0.83819966,3.96
35,4600,2.300000,1,1.4822928,0.17606522,0.586509,0.54699922,-0.017358927,0.03516884,-0.018121652,0.072785849,0.3501243,0.1148517,0.10190814,-0.51100233,0.85351705,0.54809816,-1.3739509,3.96
35,4600,2.300000,2,1.4822928,0.556145,0.16907255,0.54444555,-0.0023940701,-0.030109036,-0.05675637,0.037193727,-0.081514112,0.19136774,0.44508471,-0.81543195,0.37009505,1.191685,-1.0711627,3.96
35,4600,2.300000,3,1.4822928,0.5553869,0.56861705,0.19400224,-0.015311468,0.0063587176,-0.017469961,-0.12101379,0.15249676,-0.14156296,-0.8765424,0.38136169,0.29366083,1.272742,2.7312194,3.96
35,4600,2.300000,4,1.4822928,0.21305376,0.16803709,0.91665989,0.06832441,0.027314932,0.013482514,0.11286638,-0.20779167,0.018422044,0.88211059,-0.36432905,-0.29857203,1.8739924,-0.39167963,3.96
35,4600,2.300000,5,1.4822928,0.18390049,0.55060082,1.282144,0.02350538,0.036880238,0.023446555,0.12929693,0.34077333,-0.31031862,-0.38942646,-0.13759274,-0.91072239,2.7158261,-2.8019619,3.96
35,4600,2.300000,6,1.4822928,0.54557266,0.2176514,1.2956299,-0.033481798,0.036050694,-0.022398666,-0.18731518,0.17505659,0.16714073,0.18238388,0.73528419,0.65275821,0.85957669,1.3276581,3.96
35,4600,2.300000,7,1.4822928,0.55967621,0.546228,0.93629015,-0.023404243,-0.0078520847,0.011503519,-0.088627894,-0.011077859,-0.17354672,0.63686796,0.46469833,0.61518669,0.90817358,0.6303572,3.96
35,4600,2.300000,8,1.4822928,0.17742378,0.9560668,0.17708452,-0.033088032,0.072736966,-0.07544772,0.024043568,0.0044129693,0.047037355,0.30862859,0.68086194,0.66421037,0.84435931,1.145209,3.96
35,4600,2.300000,9,1.4822928,0.20498876,1.3137924,0.5485485,-0.0013099734,-0.01878518,-0.0041154338,-0.27648452,-0.0052328367,0.018416668,-0.56905872,0.54538698,-0.61540654,2.233698,2.3774321,3.96
35,4600,2.300000,10,1.4822928,0.53581891,0.91834726,0.56673721,-0.055677024,0.012587932,0.023184561,-0.018148341,0.027759212,0.047505495,0.075611759,0.169717,0.98258791,0.18688422,1.151677,3.96
35,4600,2.300000,11,1.4822928,0.55647232,1.3218007,0.19199335,0.059158974,0.045574713,0.021154667,0.15357979,-0.00078364226,0.16228369,0.59127237,-0.60038828,0.53845232,1.002197,-0.79304777,3.96
35,4600,2.300000,12,1.4822928,0.17449825,0.90910825,0.92148394,-0.046661414,-0.018537952,-0.00045237361,0.091852222,0.026913653,0.0037345014,-0.73078625,0.58566974,-0.35063145,1.9290416,2.4659839,3.96
35,4600,2.300000,13,1.4822928,0.20881253,1.3201182,1.2784302,0.029905363,0.044787544,-0.014140301,0.13098002,0.18804853,-0.16712695,0.20634932,0.86605311,0.45538112,1.0979961,1.3368934,3.96
35,4600,2.300000,14,1.4822928,0.51100733,0.91227277,1.3168246,-0.045895767,0.025172636,0.039407834,0.053444883,0.12636037,-0.02952255,-0.96679306,0.15783548,-0.20099539,1.7731703,2.9797636,3.96
35,4600,2.300000,15,1.4822928,0.59788867,1.2602558,0.96335709,0.039587951,-0.034321445,-0.0037575587,0.051601351,-0.16473738,0.39098953,-0.79583165,-0.045940621,0.60377267,0.92257099,-3.0839301,3.96
35,4600,2.300000,16,1.4822928,0.92708731,0.17079868,0.2253579,0.027968925,-0.043952045,0.030273464,-0.23000448,-0.14281147,0.14431433,-0.19136508,0.69028527,-0.69777192,2.3430786,1.8412309,3.96
35,4600,2.300000,17,1.4822928,0.90369825,0.57416764,0.53865461,-0.062506607,0.00038014891,-0.019052614,0.0067269203,0.046363093,0.025919947,-0.35686548,-0.90838284,-0.21791661,1.7904756,-1.9451307,3.96
35,4600,2.300000,18,1.4822928,1.3278296,0.19942323,0.55070259,0.037682952,-0.0015372091,0.037935792,0.23062381,-0.056101709,-0.10013391,-0.77461493,0.59891691,-0.20315079,1.7753711,2.4834205,3.96
35,4600,2.300000,19,1.4822928,1.2793723,0.56737901,0.14991261,-0.060353456,-0.040141432,-0.059094393,0.095006636,-0.036933633,0.072147933,0.63559152,0.58810396,-0.50015714,2.0945766,0.74661094,3.96
35,4600,2.300000,20,1.4822928,0.93167617,0.18864348,0.9337122,-0.0081335627,0.015453907,0.015008238,0.15025509,-0.34061225,-0.055665007,-0.16521152,-0.11107868,0.979983,0.20042025,-2.5496711,3.96
35,4600,2.300000,21,1.4822928,0.94395557,0.55231272,1.2943471,0.018691447,-0.020414773,-0.021325568,0.062781287,-0.14044045,-0.14750684,0.22797005,0.9465173,0.22833017,1.3404341,1.3344464,3.96
35,4600,2.300000,22,1.4822928,1.2886459,0.18028735,1.308878,-0.0047450777,0.0071907249,0.0058179657,0.01634562,0.099485622,0.085473291,-0.3759344,-0.83270564,0.40653983,1.1521327,-1.9948648,3.96
35,4600,2.300000,23,1.4822928,1.2707142,0.5453853,0.90774254,-0.02023168,-0.0085774812,-0.022439498,0.0061356098,-0.020301956,-0.0065921285,-0.21732462,-0.66256352,0.7167842,0.77161683,-1.8877444,3.96
35,4600,2.300000,24,1.4822928,0.91373456,0.92169468,0.18622748,-0.0026416747,-0.02453313,0.0025587304,0.039977877,0.13689401,-0.048560858,-0.81372809,0.089629006,0.57429369,0.95905522,3.0318887,3.96
35,4600,2.300000,25,1.4822928,0.92857936,1.2596953,0.59995041,0.067908978,-0.065430611,0.072932969,-0.0021641831,-0.028295802,-0.028042745,0.50568413,0.60216013,0.61780801,0.90484431,0.87226346,3.96
35,4600,2.300000,26,1.4822928,1.3046821,0.95370588,0.52367808,-0.025475857,0.018326631,-0.05231797,-0.07138367,-0.19461807,-0.0068752188,-0.43149331,-0.8806696,-0.19553667,1.767601,-2.0263801,3.96
35,4600,2.300000,27,1.4822928,1.2799527,1.2759414,0.1605462,0.036304417,-0.014116921,-0.02294624,-0.059501493,0.043276035,0.11247831,-0.72246596,-0.036177007,0.69045938,0.80867241,-3.0915601,3.96
35,4600,2.300000,28,1.4822928,0.92762453,0.89213593,0.9332926,-0.0044432867,-0.056820863,0.018518733,-0.26112393,-0.24503601,-0.11136168,0.7546595,0.21305326,-0.62056213,2.2402557,0.27515603,3.96
35,4600,2.300000,29,1.4822928,0.93169841,1.2671083,1.3258894,-0.0024263555,-0.040111618,0.033329971,-0.15995653,0.079997162,-0.0155088,0.25861709,-0.92855941,-0.26626044,1.8403077,-1.2991658,3.96
35,4600,2.300000,30,1.4822928,1.3282077,0.90847364,1.2962009,0.055348811,-0.016530728,0.026481629,0.07125646,-0.079863657,-0.24105906,0.33835751,0.79035508,0.51073774,1.0347537,1.1662959,3.96
35,4600,2.300000,31,1.4822928,1.3111306,1.3300711,0.93403919,0.017532495,0.037087202,0.023434414,0.0094757018,-0.1200566,0.013241529,0.61773244,0.76640662,-0.17614632,1.7478665,0.89240065,3.96
36,4700,2.350000,0,1.48134,0.16057751,0.21158315,0.16870817,-0.019629475,0.024765155,0.013463401,-0.058940362,0.069344658,0.10887318,0.59714555,0.80190196,-0.019246792,1.5900443,0.93072059,3.96
36,4700,2.350000,1,1.48134,0.18005393,0.60008596,0.55296305,-0.013255724,0.049127295,-0.011804179,0.065881559,0.18962602,0.10727674,-0.07420926,-0.48426577,0.87176812,0.51199651,-1.7228542,3.96
36,4700,2.350000,2,1.48134,0.55807301,0.16418314,0.55221106,-0.00010782902,-0.034891307,-0.048638285,0.062817716,-0.088045515,0.12223152,0.44604685,-0.74183437,0.50072345,1.046362,-1.0294395,3.96
36,4700,2.350000,3,1.48134,0.54805642,0.57606609,0.18422165,-0.022287194,0.014175776,-0.027128959,-0.14339542,0.13687896,-0.21148255,-0.8330643,0.5450479,0.094481032,1.4761742,2.5622224,3.96
36,4700,2.350000,4,1.48134,0.21931939,0.15997767,0.91889972,0.074729057,0.019360969,0.01631249,0.083786374,-0.10033512,0.061699311,0.89130679,-0.41430209,-0.18419009,1.7560441,-0.43511415,3.96
36,4700,2.350000,5,1.48134,0.18890117,0.56242151,1.2636813,0.02862592,0.049058767,0.0058023545,0.067063529,0.13807632,-0.34941499,-0.40308736,-0.10143056,-0.90952318,2.7129318,-2.8950765,3.96
36,4700,2.350000,6,1.48134,0.53756326,0.22540429,1.3011817,-0.041142958,0.043946025,-0.016011989,-0.092728227,0.15047678,0.067538394,0.27839168,0.74511699,0.60605177,0.91970885,1.2132348,3.96
36,4700,2.350000,7,1.48134,0.5542913,0.54254554,0.92621783,-0.028431009,-0.011184496,0.0020300075,-0.092297014,-0.12694152,-0.15871073,0.48732252,0.60472422,0.62994078,0.88931937,0.89249296,3.96
36,4700,2.350000,8,1.48134,0.17767261,0.95756461,0.17956467,-0.032725037,0.07485002,-0.072852899,0.011228149,0.074184825,0.04975785,0.42447029,0.69129836,0.58474914,0.94622555,1.0201325,3.96
36,4700,2.350000,9,1.48134,0.19409356,1.3129525,0.55048128,-0.012076862,-0.018780574,-0.0018293122,-0.13293239,-0.039542098,0.028602419,-0.72320977,0.38444417,-0.57373365,2.1818535,2.653001,3.96
36,4700,2.350000,10,1.48134,0.53454319,0.91852242,0.56838499,-0.056608625,0.013353655,0.02519729,0.020061251,0.04784007,0.017975277,0.027356331,0.13023578,0.99110558,0.13347386,1.363754,3.96
36,4700,2.350000,11,1.48134,0.56348537,1.3216591,0.20060658,0.066532102,0.046282994,0.029894124,0.1010951,0.013578456,0.14718656,0.48425363,-0.70720591,0.51512932,1.0296378,-0.97038417,3.96
36,4700,2.350000,12,1.48134,0.17651769,0.9118088,0.92099492,-0.044529124,-0.015251969,-0.00034902396,0.014404462,0.15825559,-0.046373774,-0.8273921,0.50443764,-0.24691088,1.8202875,2.5940919,3.96
36,4700,2.350000,13,1.48134,0.20869411,1.3280203,1.2727289,0.029921166,0.053541058,-0.01902146,-0.16083046,0.15563999,-0.031915624,0.30903778,0.78806019,0.53240659,1.0093553,1.1970755,3.96
36,4700,2.350000,14,1.48134,0.51603861,0.9157558,1.3147916,-0.040534282,0.029243391,0.03822091,0.14013353,0.032271347,-0.00073182032,-0.90441645,0.38563893,-0.18251986,1.7543451,2.7385408,3.96
36,4700,2.350000,15,1.48134,0.59936065,1.2528811,0.98079718,0.041444849,-0.04088815,0.014307595,0.03985283,-0.050941086,0.31075859,-0.79882914,-0.078197723,0.59645379,0.93172065,-3.0440131,3.96
36,4700,2.350000,16,1.48134,0.917619,0.16391966,0.23165431,0.019093701,-0.050723453,0.036716814,-0.11058253,-0.10230252,0.099230212,-0.22060873,0.49382015,-0.84111441,2.5701367,1.9909351,3.96
36,4700,2.350000,17,1.48134,0.90218839,0.57546388,0.54230984,-0.06343586,0.0020459987,-0.015049838,-0.011146164,0.019311601,0.11374039,-0.37901507,-0.90739861,-0.18159111,1.7534005,-1.9664626,3.96
36,4700,2.350000,18,1.48134,1.3341533,0.2020704,0.5463036,0.044862433,0.00123904,0.033889493,0.047932453,0.14010828,-0.047151465,-0.72933524,0.66592407,-0.15689241,1.7283396,2.4016108,3.96
36,4700,2.350000,19,1.48134,1.2844782,0.56118747,0.15738325,-0.054423295,-0.045970141,-0.051524953,0.14495556,-0.18701378,0.2405776,0.67714246,0.44167642,-0.58855758,2.2000698,0.57796593,3.96
36,4700,2.350000,20,1.48134,0.93607447,0.16861505,0.93005837,-0.0031347685,-0.0044596665,0.011953619,0.087408049,-0.39400869,-0.052976941,-0.11578906,0.0078305707,0.99324296,0.11631564,3.0740676,3.96
36,4700,2.350000,21,1.48134,0.94375889,0.54525675,1.2901564,0.019101687,-0.027117867,-0.024685324,-0.046406708,-0.13776777,0.013215009,0.35659372,0.87616483,0.32430865,1.2405155,1.1842753,3.96
36,4700,2.350000,22,1.48134,1.2887215,0.18731448,1.312043,-0.0038408287,0.014336042,0.0098255722,0.049254744,0.14377229,0.058142551,-0.16657414,-0.91178881,0.37535879,1.1860125,-1.751493,3.96
36,4700,2.350000,23,1.48134,1.2728044,0.54432714,0.90448154,-0.017323674,-0.0092852853,-0.025117859,0.095583593,0.035391315,-0.10842822,-0.29803429,-0.67178254,0.67814731,0.82555755,-1.9883545,3.96
36,4700,2.350000,24,1.48134,0.91838748,0.92541415,0.18452999,0.00260028,-0.020219806,0.0009804355,0.19170574,0.011563522,0.029077961,-0.80795716,-0.082248458,0.58347272,0.94779812,-3.0401441,3.96
36,4700,2.350000,25,1.48134,0.93189756,1.2588731,0.59180073,0.071825334,-0.065443125,0.065166448,0.10076543,-0.010207064,-0.27014945,0.44306929,0.66025889,0.60642213,0.91924316,0.97976257,3.96
36,4700,2.350000,26,1.48134,1.301134,0.94370955,0.52150125,-0.028186148,0.0089403294,-0.054158764,-0.054265838,-0.18606985,0.011872682,-0.47884773,-0.82778889,-0.29235323,1.867483,-2.0952315,3.96
36,4700,2.350000,27,1.48134,1.2758668,1.2772084,0.16807988,0.033040246,-0.012029102,-0.015306902,-0.056891174,0.07704963,0.20780556,-0.67193754,0.033813648,0.73983551,0.73797049,3.0913125,3.96
36,4700,2.350000,28,1.48134,0.92055623,0.88258388,0.92727198,-0.010917385,-0.065802329,0.013096293,-0.032108765,-0.12309602,-0.098680919,0.70562607,0.23762118,-0.66755376,2.3017148,0.32482444,3.96
36,4700,2.350000,29,1.48134,0.9226504,1.2727649,1.3226261,-0.010878173,-0.033638498,0.030918176,-0.1571929,0.17170883,-0.081168697,0.17675956,-0.95329852,-0.24490405,1.8182171,-1.3874596,3.96
36,4700,2.350000,30,1.48134,1.3292873,0.9069847,1.2787518,0.057282859,-0.017435992,0.0098603716,-0.017783095,0.013201013,-0.37041293,0.17398184,0.76943468,0.61457351,0.90895112,1.3484195,3.96
36,4700,2.350000,31,1.48134,1.3072794,1.3207942,0.93541308,0.014523131,0.02866258,0.025409339,-0.14002562,-0.18899464,0.030028789,0.60198981,0.76767597,-0.21973137,1.7923354,0.90578155,3.96
37,4800,2.400000,0,1.4843323,0.15860749,0.21359478,0.1758171,-0.02192155,0.026347789,0.02022472,-0.0052556734,0.027879452,0.18755872,0.48952975,0.86373946,0.11964436,1.4508647,1.0551795,3.96
37,4800,2.400000,1,1.4843323,0.18242591,0.60481331,0.55857386,-0.011249473,0.052638931,-0.0073148821,0.065087506,-0.01833196,0.087167675,-0.048691319,-0.47131833,0.88061807,0.49363128,-1.6737399,3.96
37,4800,2.400000,2,1.4843323,0.56228616,0.16111772,0.5609655,0.0029748971,-0.038284952,-0.041007015,0.015780925,-0.07835006,0.12451354,0.4929781,-0.66870196,0.55660603,0.98050144,-0.935527,3.96
37,4800,2.400000,3,1.4843323,0.54427842,0.58355156,0.17520449,-0.027167344,0.020491224,-0.036508783,-0.048397696,0.14704119,-0.13714839,-0.71902363,0.69342642,0.046527605,1.5242519,2.3743151,3.96
37,4800,2.400000,4,1.4843323,0.21940294,0.15874774,0.92170205,0.074369935,0.017809447,0.017257683,-0.066241292,0.050643676,-0.022181384,0.87239262,-0.47384887,-0.11999314,1.6910793,-0.49757669,3.96
37,4800,2.400000,5,1.4843323,0.19159996,0.5664421,1.2502722,0.030940795,0.051940356,-0.010143356,0.018979376,-0.036647163,-0.24999632,-0.4176354,-0.072083214,-0.9057509,2.7039445,-2.9706781,3.96
37,4800,2.400000,6,1.4843323,0.53765459,0.22825492,1.3061013,-0.042136505,0.046338922,-0.013723106,-0.0017852556,-0.077150335,-0.004284862,0.33997053,0.71292406,0.61331829,0.91054132,1.1258251,3.96
37,4800,2.400000,7,1.4843323,0.55100541,0.53569274,0.91987302,-0.032832126,-0.019125225,-0.0061774912,-0.075596838,-0.16533633,-0.13883327,0.24240711,0.72540907,0.64422083,0.87079222,1.2482965,3.96
37,4800,2.400000,8,1.4843323,0.17757589,0.96200033,0.17943312,-0.033180203,0.077348925,-0.073346672,-0.03421326,0.063008056,-0.0051626807,0.45963629,0.69922157,0.54756158,0.99134898,0.9892685,3.96
37,4800,2.400000,9,1.4843323,0.19416507,1.3110813,0.55459328,-0.012397099,-0.023299413,0.0011676848,0.09954802,-0.11489149,0.041598341,-0.77794896,0.19143754,-0.59845391,2.2123662,2.900307,3.96
37,4800,2.400000,10,1.4843323,0.54004619,0.92298365,0.5697366,-0.052189856,0.015956845,0.025400562,0.16747054,0.064429225,-0.047056455,-0.035000989,0.021839433,0.99914862,0.041267379,2.5837371,3.96
37,4800,2.400000,11,1.4843323,0.5681535,1.3228195,0.20864464,0.070058428,0.044775147,0.037519261,0.019466235,-0.080317134,0.14564916,0.5131692,-0.70324101,0.49204618,1.0563577,-0.9404011,3.96
37,4800,2.400000,12,1.4843323,0.17725582,0.92583775,0.92010772,-0.044147943,-0.0030771573,-0.0030938728,0.0026772458,0.29703115,-0.07382595,-0.94705437,0.26735276,-0.17779347,1.7495401,2.8664531,3.96
37,4800,2.400000,13,1.4843323,0.1938361,1.3376249,1.2769073,0.014656999,0.060456091,-0.017415557,-0.39099999,0.071257258,0.1124679,0.21689067,0.69490529,0.68561292,0.815351,1.2682618,3.96
37,4800,2.400000,14,1.4843323,0.52441881,0.91769203,1.3182635,-0.033203881,0.029329702,0.039036152,0.14588703,-0.0029372913,0.061747141,-0.87736708,0.45751506,-0.14459242,1.7158974,2.6609219,3.96
37,4800,2.400000,15,1.4843323,0.60247285,1.2562806,0.99145752,0.04334442,-0.040020387,0.022977965,0.058491589,0.10005128,0.024953593,-0.76760794,-0.19633815,0.61010605,0.9146019,-2.8911822,3.96
37,4800,2.400000,16,1.4843323,0.91711048,0.15841434,0.23585894,0.016733967,-0.056554004,0.040449737,-0.0043222201,-0.11894609,0.044356028,-0.3226277,0.2783529,-0.90467178,2.7014051,2.4297326,3.96
37,4800,2.400000,17,1.4843323,0.9022783,0.57694909,0.54947941,-0.06516663,0.0023684479,-0.0089818597,-0.089197416,-0.0070766102,0.12124459,-0.4739764,-0.87150892,-0.12577192,1.6969022,-2.0689111,3.96
37,4800,2.400000,18,1.4843323,1.3347142,0.21306768,0.54710439,0.042730557,0.011817468,0.033587056,-0.12219359,0.23184376,0.066640411,-0.62954676,0.72511388,-0.27907122,1.8536231,2.2857643,3.96
37,4800,2.400000,19,1.4843323,1.2941596,0.55326119,0.17019859,-0.047343668,-0.055020882,-0.039040128,0.13842593,-0.15342123,0.25590979,0.72234227,0.24863352,-0.64529297,2.2722031,0.33150256,3.96
37,4800,2.400000,20,1.4843323,0.9411998,0.15451396,0.92966103,9.6424217e-05,-0.018886805,0.009679853,0.0028271917,-0.21860244,0.00010067964,-0.24187273,-0.066273112,0.96804207,0.25349402,-2.8741564,3.96
37,4800,2.400000,21,1.4843323,0.93986177,0.54162105,1.2964708,0.013304014,-0.031850213,-0.020980833,-0.19413866,-0.046422936,0.089961041,0.41040506,0.83000756,0.37769714,1.1834884,1.111591,3.96
37,4800,2.400000,22,1.4843323,1.2959447,0.19296619,1.3169586,0.00077446456,0.019604064,0.012088603,0.15431131,0.10398223,-0.006180981,0.034960682,-0.90775034,0.41805151,1.139497,-1.5323018,3.96
37,4800,2.400000,23,1.4843323,1.2814393,0.54796447,0.89939921,-0.01126604,-0.006750063,-0.032020284,0.17267205,0.058829456,-0.18488624,-0.38446021,-0.6460084,0.6594418,0.85072033,-2.1076287,3.96
37,4800,2.400000,24,1.4843323,0.92939701,0.92423028,0.18416781,0.011745444,-0.023269934,0.00024624918,0.20860091,-0.13261557,-0.10133102,-0.73130858,-0.33568991,0.59371714,0.93512588,-2.7112578,3.96
37,4800,2.400000,25,1.4843323,0.93956237,1.261062,0.57882517,0.077601871,-0.065796779,0.051009728,0.10355565,0.01158477,-0.27726258,0.39975551,0.68292556,0.61139857,0.91296955,1.041213,3.96
37,4800,2.400000,26,1.4843323,1.3033894,0.937357,0.52506049,-0.028558628,0.00068980693,-0.051655493,-0.010390199,-0.090710172,0.13640463,-0.47419962,-0.78946914,-0.38970912,1.971112,-2.1116983,3.96
37,4800,2.400000,27,1.4843323,1.2761071,1.2859842,0.17917552,0.030705637,-0.0058395072,-0.0045616302,-0.0035620644,0.16454675,0.20911964,-0.62135138,0.16980136,0.76491173,0.69989204,2.8748285,3.96
37,4800,2.400000,28,1.4843323,0.92402888,0.88248241,0.92628003,-0.0093058948,-0.067684727,0.010234141,0.10844919,0.011091859,0.00070274641,0.63972518,0.22822106,-0.73393926,2.3949,0.34267423,3.96
37,4800,2.400000,29,1.4843323,0.91927717,1.2832001,1.3199237,-0.016109886,-0.025782129,0.025549481,-0.063035772,0.14395202,-0.1160838,0.077701524,-0.93474989,-0.3467061,1.9248534,-1.4878615,3.96
37,4800,2.400000,30,1.4843323,1.3284651,0.91093674,1.2637466,0.053778981,-0.015318199,-0.0077101534,-0.13274021,0.052739619,-0.28509131,0.10979732,0.71445808,0.69100955,0.80791157,1.4183101,3.96
37,4800,2.400000,31,1.4843323,1.2998592,1.3132112,0.93872658,0.0044723847,0.018421878,0.026831873,-0.23717227,-0.23827251,0.0099215754,0.56472907,0.7163516,-0.40978222,1.9930116,0.9032053,3.96
38,4900,2.450000,0,1.4796408,0.16137744,0.21112169,0.18621433,-0.018645109,0.024546947,0.031195008,0.12441969,-0.068922674,0.27116883,0.48083971,0.82418857,0.29917616,1.2669672,1.0426648,3.96
38,4900,2.450000,1,1.4796408,0.1861741,0.59854785,0.56102907,-0.0069178376,0.048278176,-0.0030875165,0.081747845,-0.19077813,0.059736622,0.090812114,-0.47920169,0.87299421,0.50948826,-1.3835102,3.96
38,4900,2.450000,2,1.4796408,0.56044155,0.15774493,0.56411306,0.0029073826,-0.041153043,-0.036078628,-0.014885489,-0.06199158,0.11786491,0.57976272,-0.55154689,0.59972595,0.92763773,-0.76046248,3.96
38,4900,2.450000,3,1.4796408,0.54368712,0.58667146,0.17307947,-0.026036571,0.025463405,-0.038082524,0.038106532,0.037390215,0.068862117,-0.66310311,0.74393082,0.08283235,1.487869,2.2988121,3.96
38,4900,2.450000,4,1.4796408,0.21264508,0.16338541,0.91694513,0.068295928,0.022957013,0.015411027,-0.2102155,0.16657059,-0.047661795,0.81505209,-0.56600134,-0.12382478,1.6949397,-0.60698183,3.96
38,4900,2.450000,5,1.4796408,0.18867726,0.56081895,1.236775,0.028620003,0.048101458,-0.019703964,-0.13223798,-0.093197453,-0.1116914,-0.43283221,-0.14388742,-0.88991724,2.66796,-2.8206532,3.96
38,4900,2.450000,6,1.4796408,0.53459184,0.21854364,1.3003346,-0.043502078,0.037334826,-0.015364241,-0.038896204,-0.26794974,-0.061157218,0.36954472,0.68602111,0.62674694,0.89342491,1.0766869,3.96
38,4900,2.450000,7,1.4796408,0.54927762,0.52866334,0.91143989,-0.032818352,-0.024469941,-0.011711966,0.068832295,-0.041315586,-0.025922762,-0.025467528,0.78012556,0.62510441,0.89553104,1.6034302,3.96
38,4900,2.450000,8,1.4796408,0.17191913,0.96038451,0.17715171,-0.038283781,0.078775932,-0.075063676,-0.14613523,-0.0040901052,-0.093450809,0.44025955,0.68772006,0.57724574,0.95544464,1.0013607,3.96
38,4900,2.450000,9,1.4796408,0.19972798,1.303086,0.55497479,-0.0062107048,-0.027156933,0.003305464,0.16093632,-0.024632278,0.11251642,-0.74518812,0.093363324,-0.66028627,2.2919962,3.0169538,3.96
38,4900,2.450000,10,1.4796408,0.54901781,0.92097533,0.56415974,-0.0414944,0.016867202,0.021618454,0.26740564,0.016106609,-0.12614638,-0.037138236,-0.068385623,0.99696748,0.077898049,-2.0683041,3.96
38,4900,2.450000,11,1.4796408,0.56360427,1.3137762,0.21477966,0.067300581,0.039905077,0.044324511,-0.10030401,-0.1268915,0.1298523,0.62718877,-0.56387004,0.53729398,1.003571,-0.73228644,3.96
38,4900,2.450000,12,1.4796408,0.17783366,0.94054179,0.91388727,-0.043008049,0.014581097,-0.0064114231,0.039768589,0.38999926,-0.098698278,-0.97738386,0.023177701,-0.21019893,1.7825748,3.1178831,3.96
38,4900,2.450000,13,1.4796408,0.17258364,1.3331764,1.2810462,-0.0060155298,0.060234996,-0.0092278375,-0.40934179,-0.0479342,0.21883952,0.10278367,0.57079797,0.81463194,0.61870203,1.3926354,3.96
38,4900,2.450000,14,1.4796408,0.53003458,0.91477836,1.3169386,-0.025919065,0.02931653,0.041882325,0.14298562,-0.0013923988,0.060832125,-0.93446889,0.34658745,-0.081517092,1.652404,2.786428,3.96
38,4900,2.450000,15,1.4796408,0.5985866,1.2600422,0.97912749,0.041359242,-0.032275832,0.013767024,-0.12859113,0.18806549,-0.37790672,-0.72679293,-0.30788061,0.61398825,0.90969281,-2.7408954,3.96
38,4900,2.450000,16,1.4796408,0.9154255,0.1566707,0.23519294,0.017949592,-0.057798923,0.040529326,0.048238711,0.075721574,-0.05122572,-0.50836369,0.16641665,-0.84490938,2.5771921,2.82523,3.96
38,4900,2.450000,17,1.4796408,0.89596072,0.57273115,0.55108075,-0.068637899,-2.9745714e-05,-0.0056385091,-0.098368647,-0.10929795,0.046012296,-0.58564614,-0.8105655,0.0014723002,1.569324,-2.1964741,3.96
38,4900,2.450000,18,1.4796408,1.3235304,0.22131835,0.5507638,0.035754252,0.020755713,0.038984222,-0.13098521,0.11874591,0.17553877,-0.46180854,0.79098905,-0.40133427,1.9837694,2.0992464,3.96
38,4900,2.450000,19,1.4796408,1.2973229,0.54363035,0.1792155,-0.040078457,-0.062915548,-0.029470131,0.12257535,-0.10365351,0.089150751,0.75077119,0.093726661,-0.65387914,2.2834966,0.12419796,3.96
38,4900,2.450000,20,1.4796408,0.93725127,0.14620831,0.926462,-0.00087883822,-0.026716474,0.0094187564,-0.039949562,-0.051313103,-0.014565554,-0.4433221,-0.17986816,0.87813038,0.49885615,-2.7561582,3.96
38,4900,2.450000,21,1.4796408,0.92575146,0.53907093,1.2978036,0.002146636,-0.032689776,-0.015541709,-0.23270742,-0.022377912,0.12952306,0.39129924,0.820976,0.41579238,1.1419824,1.1260214,3.96
38,4900,2.450000,22,1.4796408,1.3003944,0.19888941,1.3106016,0.0093337444,0.026147539,0.0098906036,0.13020513,0.13507527,-0.12658794,0.11509996,-0.87989789,0.4610116,1.0916615,-1.4407243,3.96
38,4900,2.450000,23,1.4796408,1.2824372,0.54933391,0.88606475,-0.0062098601,-0.0036437679,-0.042528674,0.039261777,0.050592832,-0.21443622,-0.5128036,-0.56784809,0.64387966,0.8712382,-2.3053021,3.96
38,4900,2.450000,24,1.4796408,0.93768949,0.91176802,0.17562572,0.022993238,-0.032826143,-0.0077263711,0.27677899,-0.22389572,-0.21872514,-0.59121031,-0.50816554,0.62628919,0.89401221,-2.4315894,3.96
38,4900,2.450000,25,1.4796408,0.94120744,1.2589629,0.56601507,0.082223902,-0.063907062,0.040011697,0.10368038,0.054314557,-0.14766722,0.39065643,0.69563612,0.60289131,0.92367616,1.0591048,3.96
38,4900,2.450000,26,1.4796408,1.3017227,0.93029275,0.53006961,-0.02610187,-0.0034182717,-0.044976258,0.13447872,-0.044038169,0.13909632,-0.42328104,-0.74391907,-0.51712434,2.1142841,-2.0881007,3.96
38,4900,2.450000,27,1.4796408,1.2743212,1.2904315,0.18800397,0.032956652,0.0026859063,0.004848024,0.088744302,0.13755381,0.13094517,-0.61843075,0.37246391,0.69196391,0.80659046,2.5995038,3.96
38,4900,2.450000,28,1.4796408,0.92725813,0.8827744,0.92451575,-0.003146348,-0.064598619,0.011399369,0.09956983,0.088586993,0.019883953,0.61430662,0.31100543,-0.72519169,2.3821091,0.46865156,3.96
38,4900,2.450000,29,1.4796408,0.91751971,1.2855902,1.3127609,-0.014959998,-0.019326085,0.022553795,0.053148694,0.10812645,0.011394786,0.087962557,-0.89468125,-0.43795896,2.0241234,-1.4727941,3.96
38,4900,2.450000,30,1.4796408,1.3164439,0.9103192,1.2502418,0.045944235,-0.013052986,-0.017235699,-0.14761753,0.035648419,-0.087653771,0.11677738,0.7208388,0.68319431,0.81866824,1.4101896,3.96
38,4900,2.450000,31,1.4796408,1.2824906,1.3004378,0.93722493,-0.0088089011,0.0097854758,0.028299539,-0.23453229,-0.13668456,0.024114822,0.538883,0.5897969,-0.60145218,2.2161139,0.83047684,3.96
39,5000,2.500000,0,1.4824709,0.17088381,0.20564995,0.20118071,-0.0094561792,0.018677025,0.045791289,0.21606086,-0.15783491,0.2973829,0.63277242,0.63576671,0.44204045,1.1129242,0.78775858,3.96
39,5000,2.500000,1,1.4824709,0.1937503,0.58576714,0.56378313,0.00029538848,0.034365951,-0.0014081076,0.20332928,-0.31015147,0.015964573,0.27494558,-0.51186477,0.81387922,0.61999869,-1.0778762,3.96
39,5000,2.500000,2,1.4824709,0.5598788,0.15588755,0.56696038,0.001274264,-0.04331007,-0.034311937,-0.0034404954,-0.02967021,-0.010512842,0.60779133,-0.46767345,0.64177196,0.87398973,-0.65584203,3.96
39,5000,2.500000,3,1.4824709,0.5460156,0.5876831,0.18124788,-0.024749199,0.025353054,-0.030252641,0.00046269303,-0.0023234686,0.24376382,-0.72302082,0.67597885,0.14245525,1.4278548,2.3898073,3.96
39,5000,2.500000,4,1.4824709,0.20121331,0.17332811,0.9175027,0.056468742,0.032578028,0.014215966,-0.25800975,0.19392764,0.00033380782,0.73513103,-0.66364868,-0.13839366,1.7096356,-0.73433921,3.96
39,5000,2.500000,5,1.4824709,0.18270429,0.55682915,1.2384265,0.022292214,0.043043852,-0.020417281,-0.089016565,-0.12840378,0.06345055,-0.49203931,-0.23864649,-0.83722468,2.5629846,-2.6900047,3.96
39,5000,2.500000,6,1.4824709,0.53158643,0.20315551,1.2971091,-0.047526116,0.02154379,-0.021071328,-0.1112051,-0.35010753,-0.15881005,0.30403944,0.70975145,0.63546274,0.88218865,1.1660709,3.96
39,5000,2.500000,7,1.4824709,0.55703475,0.52821841,0.91561181,-0.026118188,-0.025924626,-0.009285617,0.11473472,-0.0067124883,0.11403901,-0.2213665,0.76356147,0.60660593,0.91901198,1.8529736,3.96
39,5000,2.500000,8,1.4824709,0.1648828,0.96014202,0.17187027,-0.045641895,0.076698557,-0.080678574,-0.12998547,-0.065595756,-0.1325132,0.34737639,0.63449562,0.6904672,0.8086616,1.0698866,3.96
39,5000,2.500000,9,1.4824709,0.20802166,1.3079928,0.56316765,0.001693409,-0.024744694,0.010430052,0.162501,0.093278588,0.17150446,-0.6937479,0.23373325,-0.6812361,2.3202462,2.8166231,3.96
39,5000,2.500000,10,1.4824709,0.56420693,0.92389747,0.56108649,-0.027368855,0.018026752,0.017470136,0.26325977,0.037157737,-0.078265578,-0.0052653936,-0.01675514,0.99984576,0.017563906,-1.8752796,3.96
39,5000,2.500000,11,1.4824709,0.55684904,1.3090752,0.21788163,0.059474859,0.032698231,0.04701312,-0.2081299,-0.17393167,-0.0077642857,0.75700579,-0.37031852,0.53833672,1.0023341,-0.45496105,3.96
39,5000,2.500000,12,1.4824709,0.18227152,0.9596579,0.91225391,-0.03891423,0.03188176,-0.0097894819,0.13291297,0.28603061,-0.03499764,-0.93966534,-0.070471325,-0.33475789,1.9121446,-3.0667366,3.96
39,5000,2.500000,13,1.4824709,0.15714497,1.3286488,1.2964584,-0.021769244,0.053164287,0.0037218539,-0.20656967,-0.25650842,0.29470121,0.088764703,0.44325032,0.89199214,0.46906324,1.3731521,3.96
39,5000,2.500000,14,1.4824709,0.53693501,0.91633325,1.3209225,-0.020038024,0.029121969,0.043345949,0.11147544,-0.013320554,-0.021318236,-0.97539364,0.22029452,-0.0088077785,1.5796042,2.9194675,3.96
39,5000,2.500000,15,1.4824709,0.58883305,1.2726197,0.95744179,0.030471218,-0.022118063,-0.0097689065,-0.24727602,0.20855246,-0.48859139,-0.69626691,-0.35609503,0.62322445,0.89793725,-2.6688392,3.96
39,5000,2.500000,16,1.4824709,0.91812077,0.16616198,0.23252157,0.018893088,-0.048616068,0.037411099,0.0098243956,0.30567061,-0.072341077,-0.66702938,0.1143194,-0.73620845,2.3982469,2.9718559,3.96
39,5000,2.500000,17,1.4824709,0.889681,0.56726205,0.55502865,-0.076623634,-0.0065880148,-0.0027473909,-0.2153434,-0.13098252,0.050888434,-0.6821163,-0.72632499,0.084672082,1.4860227,-2.3248164,3.96
39,5000,2.500000,18,1.4824709,1.3183916,0.22474857,0.56103808,0.028091392,0.02375977,0.048196291,-0.17506219,-0.022310752,0.14299714,-0.3473519,0.86963069,-0.3508406,1.9292649,1.9508066,3.96
39,5000,2.500000,19,1.4824709,1.3051749,0.54285175,0.17545075,-0.034712871,-0.064732174,-0.033573735,0.091480921,0.048912403,-0.21973501,0.75688281,0.075568625,-0.649167,2.2772851,0.099512125,3.96
39,5000,2.500000,20,1.4824709,0.93826205,0.14914358,0.9296301,-0.0016599224,-0.024063387,0.010813539,0.033946679,0.11675272,0.027621512,-0.58181901,-0.24014529,0.77705655,0.68082048,-2.7501442,3.96
39,5000,2.500000,21,1.4824709,0.91783207,0.5389037,1.3029306,-0.0075341376,-0.033886916,-0.012899425,-0.16113366,-0.058289659,-0.032857215,0.41396816,0.79357068,0.44595508,1.1085553,1.0899771,3.96
39,5000,2.500000,22,1.4824709,1.3051437,0.20700099,1.3048704,0.01159378,0.033871338,0.001660495,-0.053929201,0.15699955,-0.19165828,-0.045257359,-0.88447033,0.46439639,1.0878434,-1.6219206,3.96
39,5000,2.500000,23,1.4824709,1.284968,0.54945314,0.88086457,-0.0061319886,-0.0045743325,-0.049416988,-0.065629554,-0.035492191,-0.036890235,-0.69660326,-0.46230072,0.54865467,0.99004209,-2.5556815,3.96
39,5000,2.500000,24,1.4824709,0.95410491,0.90404698,0.16411667,0.037601247,-0.042282027,-0.019560022,0.3109706,-0.13618487,-0.21070462,-0.49231256,-0.55599603,0.669699,0.83699292,-2.2955203,3.96
39,5000,2.500000,25,1.4824709,0.94792874,1.2628359,0.56056939,0.087140324,-0.062443417,0.033489668,0.074048335,0.048191877,-0.082805819,0.44365569,0.67420176,0.59044188,0.93919009,0.98878573,3.96
39,5000,2.500000,26,1.4824709,1.3106612,0.93419059,0.53586702,-0.019659252,-0.001301761,-0.040197243,0.13485307,0.1039044,0.051686045,-0.30782782,-0.70735889,-0.63630609,2.2604967,-1.9812571,3.96
39,5000,2.500000,27,1.4824709,1.2836536,1.2995706,0.19525611,0.039845108,0.0093504489,0.011734004,0.15523871,0.12376295,0.11608298,-0.64982358,0.54179354,0.53309387,1.0085431,2.4466057,3.96
39,5000,2.500000,28,1.4824709,0.93515109,0.8903457,0.92628333,0.0029672631,-0.058721355,0.011398681,0.11440365,0.12835898,-0.032349193,0.64824604,0.44090269,-0.62079134,2.240548,0.59727726,3.96
39,5000,2.500000,29,1.4824709,0.92363538,1.2936132,1.3169586,-0.010603367,-0.013767313,0.024239097,0.11355139,0.095103183,0.032774911,0.16684038,-0.86924954,-0.46537032,2.0548493,-1.3811664,3.96
39,5000,2.500000,30,1.4824709,1.3132144,0.91366695,1.2534011,0.040202337,-0.011447875,-0.016468467,-0.13077679,0.0035981108,0.090103297,0.1718798,0.75208574,0.6362581,0.88115813,1.3461174,3.96
39,5000,2.500000,31,1.4824709,1.2740772,1.2973199,0.94125037,-0.019664833,0.0041855931,0.030530284,-0.17477625,-0.058152271,0.076860808,0.61296925,0.4117066,-0.67436368,2.3108989,0.5914512,3.96
