frame,step,time_ps,molecule_id,box_nm,x_nm,y_nm,z_nm,dx_nonaffine_nm,dy_nonaffine_nm,dz_nonaffine_nm,vx_nm_ps,vy_nm_ps,vz_nm_ps,dipole_ux,dipole_uy,dipole_uz,theta_rad,phi_rad,dipole_debye
0,11100,5.550000,0,1.996288,1.9636235,1.8556045,0.38008899,-0.013336883,-0.007526246,0.0052288334,-0.27003433,-0.1084919,0.10636172,-0.78387981,0.36632247,-0.50133849,2.0959413,2.7044294,1.7
0,11100,5.550000,1,1.996288,0.35839673,0.61725703,0.89795589,-4.4695131e-05,-0.013528532,-0.008204007,0.087478054,-0.31619109,-0.10249449,0.98116736,0.14858822,-0.12341862,1.6945304,0.1502982,1.7
0,11100,5.550000,2,1.996288,0.85401685,0.50745933,0.53723641,-0.00026035056,-0.00014091488,0.002966256,-0.041748326,-0.0011964692,0.032824557,0.79942475,0.58775178,-0.12437005,1.6954893,0.63397357,1.7
0,11100,5.550000,3,1.996288,1.0791372,1.0265479,0.015888093,-0.001494111,-0.0097262244,0.0091124046,-0.052037982,-0.1891135,0.23096439,-0.6980505,0.51934438,-0.49295731,2.0862818,2.5019474,1.7
0,11100,5.550000,4,1.996288,0.23419291,0.32758011,1.3850975,-0.018474105,-0.0058383788,0.0032362181,-0.39291254,-0.1654481,0.0054854381,-0.73238889,-0.67579566,0.083106823,1.4875935,-2.3963617,1.7
0,11100,5.550000,5,1.996288,0.51284946,0.74552749,0.069999571,0.021722478,0.013091644,0.013826083,0.38456521,0.25995148,0.26416873,-0.59900526,-0.61142951,-0.51705575,2.1142039,-2.3459306,1.7
0,11100,5.550000,6,1.996288,0.50044984,0.12416951,1.9745547,-0.0022774167,0.0042863368,0.0065037461,-0.040548294,0.025585854,0.14867876,-0.93681379,-0.10044303,0.33509866,1.2290864,-3.034783,1.7
0,11100,5.550000,7,1.996288,0.86304214,0.71429508,1.3474036,-0.0034075712,-0.0015120385,-0.011514226,-0.10595924,-0.12750717,-0.20023144,-0.56184402,-0.050029314,0.82572899,0.59930297,-3.052782,1.7
0,11100,5.550000,8,1.996288,0.39356478,1.3835137,0.22785175,0.0037536968,0.0040849698,-0.014857749,0.053149937,0.079428159,-0.277549,-0.69850207,-0.46595112,0.54312468,0.99664228,-2.5533095,1.7
0,11100,5.550000,9,1.996288,0.20302656,1.5929855,1.1563617,-0.0031813118,0.003974366,0.0089639173,-0.092223632,0.13651931,0.17271963,-0.023104575,-0.80985365,-0.5861768,2.1971281,-1.5993179,1.7
0,11100,5.550000,10,1.996288,0.53094387,1.1512996,0.78815949,0.0049544576,-0.010495182,-0.0078708476,0.094327102,-0.26252443,-0.089822494,-0.22437272,0.95547083,0.19165694,1.3779462,1.8014467,1.7
0,11100,5.550000,11,1.996288,0.91304389,1.7020853,0.010469608,0.011163261,0.010433464,0.012508006,0.20255721,0.19317599,0.28444122,0.13875471,0.76132288,0.63335188,0.8849194,1.3905203,1.7
0,11100,5.550000,12,1.996288,1.9223859,1.0989427,0.92787587,-0.0048558844,0.00029166249,0.0095649975,-0.11643934,0.046175007,0.05088424,0.013826504,0.33083823,-0.94358619,2.8040949,1.5290283,1.7
0,11100,5.550000,13,1.996288,0.15395989,1.7080033,1.8332686,0.0057975776,-0.0099034009,0.00346076,0.11713379,-0.21148921,0.014533697,0.29926007,-0.7429836,0.59868087,0.92894311,-1.1878944,1.7
0,11100,5.550000,14,1.996288,0.71571973,1.3942503,1.3565435,0.00037936793,-0.0060482193,-0.0097903006,-0.0085525049,-0.095073116,-0.15147114,-0.65312306,0.57986271,0.48702105,1.0621206,2.4155417,1.7
0,11100,5.550000,15,1.996288,0.81486647,0.03611778,1.4069299,0.00090460257,0.0086588858,-0.00059810888,-0.025260625,0.18832828,-0.048254741,-0.32599666,0.1863449,-0.92682348,2.7566593,2.6223053,1.7
0,11100,5.550000,16,1.996288,1.472593,0.3229242,0.39474268,0.0024579676,0.018942621,-0.012313023,-0.0071678818,0.39786741,-0.33092063,-0.19748693,-0.60748593,-0.76938921,2.4486808,-1.8851086,1.7
0,11100,5.550000,17,1.996288,1.1363262,1.0081459,0.71261896,0.00021676384,0.003606265,0.0084924986,-0.015639302,0.035292205,0.12570031,0.82293425,-0.1764798,0.54003157,1.0003217,-0.2112522,1.7
0,11100,5.550000,18,1.996288,1.8286711,0.35302027,0.88524927,0.0069570306,0.0091301351,0.0040716784,0.22656554,0.20830007,-0.015169401,0.26894737,-0.56269219,0.78169355,0.67341962,-1.1249313,1.7
0,11100,5.550000,19,1.996288,0.10238838,0.6802205,0.43859859,-0.0010267802,0.0065114495,-0.0029535448,-0.031632572,0.11971658,-0.1057049,0.84014248,0.22824586,0.49200045,1.0564103,0.26527253,1.7
0,11100,5.550000,20,1.996288,1.2029354,0.10193454,0.92559681,-0.0015755323,-0.008788462,0.0017503283,-0.023070663,-0.14393645,0.068724998,0.74340072,-0.30165364,0.59695934,0.93109065,-0.38547513,1.7
0,11100,5.550000,21,1.996288,1.0098076,0.40585159,1.931633,-0.0039733215,-0.012874029,-0.00070241078,0.035340628,-0.17034055,-0.055815694,-0.94008712,-0.2616105,0.21862331,1.3503929,-2.8701766,1.7
0,11100,5.550000,22,1.996288,1.9227539,0.19249142,1.8966664,0.007685933,-0.0060636777,-0.002469097,0.05750834,-0.09830523,-0.034136552,0.86699592,0.49575423,0.050456145,1.5203187,0.51943125,1.7
0,11100,5.550000,23,1.996288,1.4403142,0.62375755,1.2346563,-0.00091505067,-0.011393352,0.0033278851,0.076454038,-0.17959333,0.046736422,-0.95548879,-0.11519192,0.27161001,1.2957308,-3.0216136,1.7
0,11100,5.550000,24,1.996288,1.6440769,0.93185097,0.10944667,0.013696609,-0.0012119637,0.0051280337,0.27236165,-0.069395641,0.12674173,0.34097272,-0.81420846,0.46989594,1.0816234,-1.1742074,1.7
0,11100,5.550000,25,1.996288,0.70135216,1.7126389,0.54925744,-0.030645924,-0.014600847,-0.010945392,-0.60496987,-0.30617432,-0.16842382,0.75507655,-0.61865487,0.21708423,1.3519699,-0.68641532,1.7
0,11100,5.550000,26,1.996288,1.638966,1.5916545,0.69890277,-0.01632252,-0.011971314,-0.0031601192,-0.36392792,-0.25072446,-0.061051178,0.69380995,0.31000795,0.65001756,0.86318878,0.42020604,1.7
0,11100,5.550000,27,1.996288,1.4497197,1.6870531,0.12421406,0.00056105611,-0.0051323771,-0.0027686601,0.040274348,-0.14590149,-0.083574193,0.397694,0.50842445,-0.76376964,2.4399294,0.90699831,1.7
0,11100,5.550000,28,1.996288,1.3389917,1.2234579,1.2853556,-0.0073392976,0.0046835727,-0.009703039,-0.064099701,0.17753976,-0.1736063,-0.22548323,-0.92753078,0.29806704,1.2681293,-1.8092709,1.7
0,11100,5.550000,29,1.996288,1.3022397,0.024062157,1.6732725,0.010561677,0.020887632,0.0063750329,0.2056061,0.38547315,0.18916827,-0.98828486,0.1271836,0.08436449,1.4863314,3.0136049,1.7
0,11100,5.550000,30,1.996288,0.010158136,1.142549,1.480463,0.01198966,0.0032084305,-0.0096829777,0.31255661,0.075833063,-0.12976768,0.039926881,0.23548959,-0.97105638,2.9004109,1.4028451,1.7
0,11100,5.550000,31,1.996288,1.7256043,1.9580678,1.2877314,0.0064189942,0.024980348,0.0031596381,0.12730284,0.46842499,0.10136396,-0.29114821,-0.9518675,0.095817422,1.4748317,-1.8676302,1.7
1,11200,5.600000,0,1.9988901,1.9534647,1.8547903,0.38737313,-0.026046872,-0.010756972,0.012013135,-0.26418278,-0.044080763,0.1346066,-0.77975868,0.37113638,-0.50421641,2.0992707,2.6973588,1.7
1,11200,5.600000,1,1.9988901,0.35936607,0.60376658,0.89357471,0.00045716357,-0.027814241,-0.013752006,-0.02146417,-0.35013087,-0.10915407,0.94732917,0.035433382,-0.31829532,1.8947271,0.037386025,1.7
1,11200,5.600000,2,1.9988901,0.85526833,0.50926188,0.54068263,-0.00012211948,0.00099944836,0.0057104343,0.041870545,0.087362838,0.041328014,0.71045806,0.70197501,0.049803959,1.5209718,0.77939225,1.7
1,11200,5.600000,3,1.9988901,1.078413,1.0184327,0.02489161,-0.0036234653,-0.019173302,0.018089366,-0.039952502,-0.22122226,0.18315578,-0.56919312,0.579089,-0.58367381,2.1940422,2.3475767,1.7
1,11200,5.600000,4,1.9988901,0.21777315,0.32137702,1.3870793,-0.035188235,-0.012464142,0.0034125153,-0.29329032,-0.12237246,-0.055501638,-0.7762658,-0.62880055,0.044958583,1.5258226,-2.4607642,1.7
1,11200,5.600000,5,1.9988901,0.53346486,0.75774421,0.081288133,0.041656417,0.024329294,0.025016117,0.39206436,0.1888808,0.18119478,-0.59549006,-0.76789848,-0.23605828,1.8091038,-2.2304063,1.7
1,11200,5.600000,6,1.9988901,0.49787374,0.12471658,1.9844811,-0.0055037331,0.0046713099,0.013851653,-0.036596876,-0.056897059,0.14027069,-0.9815348,0.031879784,0.18860839,1.3810514,3.1091245,1.7
1,11200,5.600000,7,1.9988901,0.85796154,0.71008062,1.3369451,-0.0096090585,-0.0066541908,-0.023721058,-0.11036556,-0.090300133,-0.28255821,-0.20287595,-0.19246409,0.9601036,0.28342387,-2.3825248,1.7
1,11200,5.600000,8,1.9988901,0.39466436,1.3888708,0.2170782,0.0043399052,0.0076364496,-0.025921082,-0.071624743,0.070781579,-0.14610353,-0.78446739,-0.51701469,0.34250068,1.2212191,-2.5588715,1.7
1,11200,5.600000,9,1.9988901,0.20051137,1.6059068,1.1642704,-0.005959332,0.0148122,0.015361211,-0.12041039,0.27836999,0.13465044,0.094957973,-0.63606619,-0.7657694,2.4430332,-1.4226014,1.7
1,11200,5.600000,10,1.9988901,0.53545855,1.1397155,0.78611144,0.0087745945,-0.023571387,-0.010944225,0.082222717,-0.23774406,-0.058884849,-0.28286098,0.95721356,0.061089009,1.5096693,1.8581238,1.7
1,11200,5.600000,11,1.9988901,0.92499899,1.7127242,0.023777673,0.021921252,0.018848304,0.025793772,0.27335143,0.20415659,0.26084804,0.194945,0.9147271,0.35393614,1.20902,1.3608195,1.7
1,11200,5.600000,12,1.9988901,1.9194276,1.1003148,0.92937951,-0.010316348,0.00023140975,0.0098590077,-0.080757454,-0.066581021,-0.01853745,0.22910873,0.28744125,-0.92999286,2.7651897,0.89784892,1.7
1,11200,5.600000,13,1.9988901,0.15776158,1.6983968,1.8355682,0.0093962383,-0.021728544,0.0033709315,0.096089571,-0.24036974,-0.035540565,0.39044418,-0.65847188,0.64340354,0.87186031,-1.0355731,1.7
1,11200,5.600000,14,1.9988901,0.71432503,1.3899979,1.3479189,-0.0019467137,-0.01211401,-0.020176256,-0.072120658,-0.10250943,-0.23892297,-0.60994141,0.71087807,0.35017687,1.2130364,2.279923,1.7
1,11200,5.600000,15,1.9988901,0.81387166,0.047076138,1.4084065,-0.0011510125,0.019563063,-0.00095506032,-0.067026549,0.20631165,-0.012393643,-0.26729082,0.31920373,-0.90921097,2.7121813,2.2679107,1.7
1,11200,5.600000,16,1.9988901,1.4727671,0.34122144,0.38017968,0.00071376224,0.036807317,-0.02738074,-0.039820681,0.38383131,-0.22618256,-0.17295508,-0.71745786,-0.67478942,2.3114757,-1.8073495,1.7
1,11200,5.600000,17,1.9988901,1.1391108,1.0118758,0.72010784,0.0015193612,0.0060205693,0.015048246,-0.0041821757,0.11226814,0.1339221,0.79457327,-0.22337273,0.56458652,0.97086412,-0.27404965,1.7
1,11200,5.600000,18,1.9988901,1.8422654,0.36678377,0.88336129,0.018160439,0.022424829,0.0010318033,0.24389453,0.31639458,-0.11026318,0.38276225,-0.59935925,0.70303738,0.79113674,-1.0024634,1.7
1,11200,5.600000,19,1.9988901,0.099877087,0.68664474,0.43534167,-0.0036698114,0.012045452,-0.0067796631,-0.064914279,0.1266379,-0.053826119,0.81692986,0.42368642,0.39129965,1.1687529,0.4784423,1.7
1,11200,5.600000,20,1.9988901,1.2032313,0.098456893,0.9276433,-0.0028467772,-0.012396629,0.0025898019,-0.040781561,-0.059676994,-0.073897802,0.88100839,-0.034772487,0.47182105,1.0794413,-0.039448487,1.7
1,11200,5.600000,21,1.9988901,1.0140608,0.39987749,1.9326302,-0.0010383153,-0.019372907,-0.002222021,0.060711226,-0.10449605,0.066563476,-0.90076978,-0.33333695,0.27838871,1.2886802,-2.7871618,1.7
1,11200,5.600000,22,1.9988901,1.9238922,0.19071767,1.8991217,0.0063188297,-0.0080870125,-0.0024860686,-0.097150466,-0.026485018,0.04086772,0.83497659,0.54732996,0.056956118,1.5138094,0.58023429,1.7
1,11200,5.600000,23,1.9988901,1.4492585,0.61618858,1.2401942,0.0061472807,-0.019769905,0.0072539157,0.15520525,-0.18697445,0.060171932,-0.98540196,0.064531496,0.15753938,1.4125979,3.0761985,1.7
1,11200,5.600000,24,1.9988901,1.6586471,0.9280101,0.11624547,0.026115766,-0.0062641554,0.011779848,0.23398921,-0.083325745,0.13338374,0.25381337,-0.95120532,0.17546287,1.3944204,-1.3100383,1.7
1,11200,5.600000,25,1.9988901,0.6707256,1.6990812,0.54004354,-0.062166133,-0.030380577,-0.020868759,-0.65069631,-0.33904148,-0.12133113,0.72089194,-0.6824475,0.12074856,1.4497524,-0.75801004,1.7
1,11200,5.600000,26,1.9988901,1.6244681,1.5777221,0.69719349,-0.03294588,-0.027967993,-0.0057786746,-0.29532469,-0.36168365,-0.070272331,0.58774144,0.29693662,0.75258797,0.71881288,0.46781203,1.7
1,11200,5.600000,27,1.9988901,1.4538882,1.6777733,0.12080735,0.0028384301,-0.016603659,-0.0063349572,0.034517412,-0.28524323,-0.026485228,0.37406711,0.58558431,-0.71914172,2.3733627,1.0023399,1.7
1,11200,5.600000,28,1.9988901,1.3397292,1.2333101,1.2795963,-0.0083464205,0.012935702,-0.017132965,0.025700486,0.071600563,-0.14986074,-0.23454365,-0.94766213,0.21662356,1.3524418,-1.813418,1.7
1,11200,5.600000,29,1.9988901,1.3177708,0.042712273,1.6853004,0.024386363,0.039494266,0.016215502,0.30664996,0.40823796,0.1697955,-0.98761011,0.13249902,0.084085013,1.4866119,3.0082277,1.7
1,11200,5.600000,30,1.9988901,0.024298778,1.1462503,1.4810938,0.026107866,0.0054190867,-0.010981052,0.30137966,-0.019266815,-0.0075267184,0.039004841,0.67454672,-0.73720102,2.3997148,1.5130369,1.7
1,11200,5.600000,31,1.9988901,1.7331574,1.9846596,1.295465,0.011719353,0.049004328,0.0092108017,0.10959432,0.53419356,0.1178569,-0.41147928,-0.89513824,0.17150022,1.3984441,-2.0016729,1.7
2,11300,5.650000,0,1.9991477,1.9390068,1.852954,0.39460809,-0.040755587,-0.012832194,0.01919772,-0.34946425,-0.042267592,0.12654078,-0.81994083,0.35233496,-0.45117304,2.0388757,2.7357412,1.7
2,11300,5.650000,1,1.9991477,0.35820284,0.58600125,0.88748032,-0.00075229458,-0.045656216,-0.019961143,-0.054802735,-0.35535,-0.1465929,0.86874525,-0.14185697,-0.47450847,2.0652019,-0.16186099,1.7
2,11300,5.650000,2,1.9991477,0.85731777,0.51242304,0.54224126,0.0018169833,0.0040947868,0.0071992972,0.050927681,0.024095051,0.029521425,0.59516464,0.7800525,0.19312469,1.3764505,0.91903949,1.7
2,11300,5.650000,3,1.9991477,1.0756699,1.0077386,0.033767727,-0.0065053697,-0.029997991,0.026961703,-0.049463485,-0.18683487,0.20884163,-0.35491395,0.59251894,-0.72315793,2.3791599,2.1104741,1.7
2,11300,5.650000,4,1.9991477,0.20553966,0.31871725,1.3860137,-0.047448992,-0.015165148,0.0021682913,-0.21918655,0.00054129854,-0.049209742,-0.80940659,-0.58658114,-0.027991569,1.5987916,-2.5144777,1.7
2,11300,5.650000,5,1.9991477,0.55087324,0.76946377,0.088744174,0.058994939,0.03595046,0.032461204,0.34891674,0.24823877,0.16614057,-0.58508434,-0.81082539,0.015443702,1.555352,-2.1958664,1.7
2,11300,5.650000,6,1.9991477,0.49502447,0.12313928,1.9933721,-0.0084169621,0.003078045,0.02248635,-0.10811155,-0.03645685,0.18989693,-0.98594453,0.15540459,0.061341647,1.5094161,2.9852588,1.7
2,11300,5.650000,7,1.9991477,0.85303262,0.70772225,1.3235394,-0.014648208,-0.0091039017,-0.037298113,-0.10763959,-0.06761513,-0.26010931,0.1589783,-0.34502282,0.92503252,0.38967515,-1.1390171,1.7
2,11300,5.650000,8,1.9991477,0.39279994,1.3915432,0.20794775,0.0024247553,0.010129703,-0.035078915,0.053749002,-0.00095831382,-0.1779395,-0.86371657,-0.47471037,0.16924466,1.4007331,-2.6390461,1.7
2,11300,5.650000,9,1.9991477,0.19390263,1.6202253,1.1706323,-0.012593482,0.028922829,0.021572658,-0.095864114,0.27871705,0.13131532,0.25206928,-0.43936541,-0.86221756,2.6104277,-1.0499304,1.7
2,11300,5.650000,10,1.9991477,0.54008366,1.1284405,0.78375434,0.013330409,-0.034992523,-0.013402456,0.071124248,-0.21214328,-0.040317843,-0.30998896,0.93886977,-0.14976779,1.7211297,1.8896994,1.7
2,11300,5.650000,11,1.9991477,0.93986627,1.7228163,0.036382357,0.036668388,0.028719125,0.03839458,0.33071256,0.16800818,0.26829862,0.17685464,0.98008364,0.090324357,1.4803487,1.392269,1.7
2,11300,5.650000,12,1.9991477,1.9183447,1.0955624,0.92597556,-0.011646427,-0.0046625093,0.0063355272,-0.029843116,-0.1578247,-0.14662328,0.47469585,0.25448559,-0.84255619,2.572808,0.49211071,1.7
2,11300,5.650000,13,1.9991477,0.16273759,1.683507,1.8316654,0.014351606,-0.036836171,-0.0007682038,0.089456816,-0.26296667,-0.099737828,0.50808764,-0.49128865,0.70744781,0.78491576,-0.76859027,1.7
2,11300,5.650000,14,1.9991477,0.71063317,1.3838702,1.3394457,-0.0057303801,-0.018420441,-0.028822619,-0.098089301,-0.17866906,-0.13253608,-0.5681127,0.80440416,0.17372941,1.3961809,2.1857065,1.7
2,11300,5.650000,15,1.9991477,0.80985595,0.060289745,1.4097472,-0.0052713274,0.032769754,0.00020406793,-0.14722747,0.31302841,-0.0071555149,-0.15600668,0.54738832,-0.82220919,2.5360778,1.8484372,1.7
2,11300,5.650000,16,1.9991477,1.4710565,0.36326963,0.36975156,-0.0011864661,0.058810118,-0.037857169,-0.060648763,0.50526531,-0.17611673,-0.15989716,-0.79860131,-0.58023172,2.1898095,-1.7684049,1.7
2,11300,5.650000,17,1.9991477,1.1389314,1.0185383,0.72727535,0.0011931734,0.012552213,0.022122518,-0.041260066,0.13870047,0.11076066,0.7599795,-0.28074366,0.58618612,0.94445302,-0.35386044,1.7
2,11300,5.650000,18,1.9991477,1.8549679,0.3838496,0.87807339,0.030624795,0.039442303,-0.0043695768,0.21215565,0.40497814,-0.13183662,0.5017334,-0.5316002,0.68239639,0.81976038,-0.81429347,1.7
2,11300,5.650000,19,1.9991477,0.094966319,0.69039847,0.43274714,-0.008593132,0.015710472,-0.0094301115,-0.1409689,0.050895941,-0.087129268,0.66158379,0.70470015,0.25632906,1.3115739,0.81694509,1.7
2,11300,5.650000,20,1.9991477,1.1975866,0.097269465,0.92173129,-0.0086461194,-0.013596667,-0.0034413467,-0.13444332,-0.019797004,-0.17470661,0.91336797,0.29653198,0.27897622,1.2880685,0.31392231,1.7
2,11300,5.650000,21,1.9991477,1.0183729,0.39691702,1.9369314,0.0031429044,-0.022384699,0.0018299231,0.11674012,-0.0268593,0.14399029,-0.84473909,-0.43178432,0.31619325,1.2490822,-2.6690687,1.7
2,11300,5.650000,22,1.9991477,1.9183341,0.18814096,1.9025049,0.00051325283,-0.010688126,0.00065228961,-0.11158934,-0.091686773,0.12165868,0.78588487,0.60033313,0.14827378,1.4219738,0.65233445,1.7
2,11300,5.650000,23,1.9991477,1.4541539,0.60622152,1.2452323,0.010855679,-0.029815716,0.012131913,0.081086848,-0.1712742,0.12743275,-0.97957348,0.20097803,0.0066055869,1.5641907,2.939232,1.7
2,11300,5.650000,24,1.9991477,1.6686041,0.92341002,0.12046828,0.035858402,-0.010983512,0.015987403,0.18366631,-0.14392272,0.077839602,0.10729667,-0.98429519,-0.14017987,1.7114394,-1.4622164,1.7
2,11300,5.650000,25,1.9991477,0.64013635,1.6843242,0.53254412,-0.092839835,-0.045355541,-0.028437273,-0.56769245,-0.27470062,-0.18976019,0.65503228,-0.75115541,-0.08184294,1.6527309,-0.85364924,1.7
2,11300,5.650000,26,1.9991477,1.6105103,1.5598494,0.69585334,-0.047112088,-0.04604281,-0.0072085717,-0.19747913,-0.30539342,-0.032765384,0.47111016,0.22368216,0.85324177,0.54862623,0.4432835,1.7
2,11300,5.650000,27,1.9991477,1.4594665,1.6642271,0.12019583,0.0082291138,-0.030365169,-0.0069619994,0.17864011,-0.28507567,-0.0088754606,0.35514545,0.66773415,-0.65421924,2.2839462,1.0819817,1.7
2,11300,5.650000,28,1.9991477,1.3445412,1.2372952,1.272795,-0.0037073988,0.016761652,-0.024098656,0.15740627,0.077473483,-0.125353,-0.26750593,-0.95240278,0.14618316,1.4240874,-1.844616,1.7
2,11300,5.650000,29,1.9991477,1.3322565,0.056782615,1.6937613,0.03870133,0.053558199,0.024458698,0.27904509,0.20182958,0.16109744,-0.99317033,0.088730595,0.075759934,1.4949637,3.0524885,1.7
2,11300,5.650000,30,1.9991477,0.040217941,1.1429426,1.478835,0.042022873,0.0019638874,-0.013430575,0.30677016,-0.16506869,-0.041609682,0.075546762,0.93241584,-0.3534026,1.9320023,1.4899503,1.7
2,11300,5.650000,31,1.9991477,1.7390326,0.0114121,1.3029738,0.017370918,0.074647057,0.016552189,0.016224957,0.50702301,0.14041849,-0.50254641,-0.83417172,0.22716658,1.3416291,-2.113015,1.7
3,11400,5.700000,0,1.9986937,1.9211217,1.8485894,0.400966,-0.058202414,-0.016776532,0.025645959,-0.32034411,-0.070786489,0.10772635,-0.87562711,0.26598217,-0.4031509,1.9857537,2.8466881,1.7
3,11400,5.700000,1,1.9986937,0.35505722,0.56605212,0.88214283,-0.0038169237,-0.065474534,-0.025097698,-0.038897086,-0.40946297,-0.056794491,0.71029722,-0.40544375,-0.575407,2.183898,-0.51867862,1.7
3,11400,5.700000,2,1.9986937,0.8602219,0.51103276,0.5431887,0.0049161414,0.0028207142,0.0082699852,0.046652637,-0.10242687,0.024450484,0.42667975,0.84270882,0.32830815,1.2362844,1.1021061,1.7
3,11400,5.700000,3,1.9986937,1.0738948,0.99667291,0.041970981,-0.008036373,-0.040836047,0.035173558,-0.020602593,-0.23965892,0.086498061,-0.16620529,0.6046426,-0.77896286,2.4638065,1.8390527,1.7
3,11400,5.700000,4,1.9986937,0.19654322,0.32072099,1.3848364,-0.056399779,-0.013088802,0.001305513,-0.066419989,0.15395446,0.0097877878,-0.78794947,-0.60998466,-0.083990167,1.6548856,-2.4828189,1.7
3,11400,5.700000,5,1.9986937,0.56941686,0.78064188,0.095124955,0.077665762,0.047304582,0.038862862,0.31562995,0.17876095,0.075395329,-0.58872298,-0.78095436,0.20860379,1.3606492,-2.2167573,1.7
3,11400,5.700000,6,1.9986937,0.48773579,0.12212444,0.00669853,-0.015594055,0.0020910508,0.034960555,-0.17139032,0.024884744,0.29363055,-0.96039659,0.26383842,-0.089597369,1.660514,2.8734885,1.7
3,11400,5.700000,7,1.9986937,0.84683257,0.70094742,1.3097996,-0.020655243,-0.015718786,-0.05073893,-0.138646,-0.13127227,-0.31503352,0.40346305,-0.44564267,0.79913715,0.64493782,-0.83503271,1.7
3,11400,5.700000,8,1.9986937,0.39687442,1.3847957,0.1999639,0.0065889028,0.0036974612,-0.043016449,0.026303257,-0.27066248,-0.20649374,-0.93184127,-0.34413524,0.11507727,1.4554635,-2.7878227,1.7
3,11400,5.700000,9,1.9986937,0.19227857,1.6348565,1.1762774,-0.014173686,0.043923662,0.027484192,-0.030572342,0.31660022,0.076582159,0.45369796,-0.28049497,-0.84586094,2.5789735,-0.5537246,1.7
3,11400,5.700000,10,1.9986937,0.54473183,1.118653,0.78274386,0.018101761,-0.044524826,-0.014235063,0.18351605,-0.21212951,0.051950372,-0.33768777,0.87864134,-0.33757425,1.915135,1.9377211,1.7
3,11400,5.700000,11,1.9986937,0.95579282,1.73215,0.049519627,0.052810183,0.038445073,0.051541604,0.33049973,0.20323011,0.25335447,0.070103001,0.98478523,-0.15900825,1.7304824,1.4997301,1.7
3,11400,5.700000,12,1.9986937,1.9177627,1.0887736,0.91745948,-0.011792925,-0.011203253,-0.0019712333,0.024524587,-0.1264363,-0.20819779,0.70839037,0.16399156,-0.68650553,2.3274685,0.22749147,1.7
3,11400,5.700000,13,1.9986937,0.16371544,1.6719536,1.8254423,0.015366526,-0.048008579,-0.0065760294,0.012445696,-0.15724085,-0.16078907,0.66618946,-0.24109936,0.70573557,0.78733547,-0.34724374,1.7
3,11400,5.700000,14,1.9986937,0.70483642,1.3765183,1.3308283,-0.011366403,-0.025458924,-0.037136858,-0.041343308,-0.07914132,-0.16933727,-0.49503245,0.86804172,-0.038032186,1.6088377,2.089081,1.7
3,11400,5.700000,15,1.9986937,0.80160859,0.079967491,1.4033298,-0.013335712,0.052463426,-0.005893975,-0.12821301,0.34131276,-0.18659117,-0.043826468,0.7408561,-0.67023241,2.3053182,1.629884,1.7
3,11400,5.700000,16,1.9986937,1.4680842,0.38652336,0.35809234,-0.0038250122,0.08214898,-0.049433743,-0.090401604,0.44635007,-0.2251013,-0.11502258,-0.87352841,-0.47298828,2.0634757,-1.701719,1.7
3,11400,5.700000,17,1.9986937,1.1375916,1.0211875,0.7321893,0.00011186067,0.015433037,0.027202183,0.00646827,-0.014200707,0.073146251,0.71929044,-0.33118289,0.61068745,0.91386789,-0.43149357,1.7
3,11400,5.700000,18,1.9986937,1.8616177,0.40157588,0.86833082,0.037696552,0.057257767,-0.013913855,0.028257278,0.32514752,-0.16257005,0.57632916,-0.37864312,0.72420583,0.76091429,-0.58127418,1.7
3,11400,5.700000,19,1.9986937,0.090336059,0.69375636,0.42968198,-0.013202352,0.019225523,-0.012397351,-0.046455249,0.10617375,-0.035725399,0.37195737,0.9207346,0.11787925,1.4526424,1.1868646,1.7
3,11400,5.700000,20,1.9986937,1.1907972,0.097920111,0.91397437,-0.015164379,-0.012923858,-0.010989826,-0.14537481,0.046735114,-0.19878207,0.84216083,0.53001285,0.099254754,1.4713779,0.56172038,1.7
3,11400,5.700000,21,1.9986937,1.0235259,0.40131431,1.942653,0.0085277171,-0.017896774,0.0079920811,0.045531001,0.18644842,0.14863902,-0.81754135,-0.51223616,0.26313545,1.3045256,-2.5818746,1.7
3,11400,5.700000,22,1.9986937,1.9094593,0.18318181,1.9060603,-0.007926873,-0.015605116,0.0046400889,-0.24376518,-0.094486891,0.052274215,0.71284709,0.65237174,0.25741043,1.310455,0.74112992,1.7
3,11400,5.700000,23,1.9986937,1.459576,0.59843908,1.251735,0.016608554,-0.037461374,0.018918143,0.088775601,-0.17225106,0.092396569,-0.94477535,0.29572595,-0.14122923,1.7124993,2.8382415,1.7
3,11400,5.700000,24,1.9986937,1.6770018,0.91794206,0.12520474,0.044635999,-0.016242397,0.020751768,0.10866168,-0.089039996,0.10254563,-0.046635374,-0.88990207,-0.45376144,2.0417782,-1.6231535,1.7
3,11400,5.700000,25,1.9986937,0.61565685,1.6741616,0.52867596,-0.11717675,-0.055136768,-0.032184939,-0.38866953,-0.15985975,0.056671145,0.64924206,-0.71084064,-0.27053712,1.8447472,-0.83065755,1.7
3,11400,5.700000,26,1.9986937,1.5997897,1.5439898,0.69733778,-0.057468188,-0.061549954,-0.0055659395,-0.20663588,-0.28788395,0.099723456,0.30524978,0.10556731,0.94640272,0.32888605,0.33296322,1.7
3,11400,5.700000,27,1.9986937,1.4692281,1.6517011,0.12152842,0.01832321,-0.042514696,-0.0056019715,0.25095229,-0.19149558,0.072740908,0.38941046,0.698303,-0.60061003,2.2150602,1.0620968,1.7
3,11400,5.700000,28,1.9986937,1.350726,1.2432554,1.2688685,0.0027835229,0.023003537,-0.027736622,0.12223845,0.16146091,-0.060207972,-0.25891318,-0.96406604,0.059503303,1.5112579,-1.833169,1.7
3,11400,5.700000,29,1.9986937,1.3444967,0.062578015,1.7038109,0.051245556,0.059367151,0.034894155,0.28236565,0.048946404,0.26245466,-0.99986317,-0.012904112,-0.010350195,1.5811467,-3.1286875,1.7
3,11400,5.700000,30,1.9986937,0.053658765,1.1349195,1.4732304,0.055474356,-0.0058005719,-0.018699982,0.22832641,-0.12867674,-0.10847669,0.11609751,0.98740312,0.10750095,1.4630872,1.4537551,1.7
3,11400,5.700000,31,1.9986937,1.7388342,0.035836163,1.3098226,0.017567354,0.099076485,0.023697712,-0.073353838,0.40440521,0.1180872,-0.52302601,-0.78850249,0.32358557,1.2412798,-2.1564754,1.7
4,11500,5.750000,0,2.005622,1.912763,1.8532548,0.40772117,-0.073194556,-0.018516008,0.031001955,-0.26273247,0.024446827,0.16844659,-0.91203699,0.27781489,-0.30167437,1.8772447,2.8459126,1.7
4,11500,5.750000,1,2.005622,0.3587959,0.54768106,0.8805285,-0.0013133427,-0.085772639,-0.029761821,0.070028946,-0.3687876,-0.082088186,0.33925301,-0.70560866,-0.62211238,2.2422342,-1.1226305,1.7
4,11500,5.750000,2,2.005622,0.86676324,0.50909222,0.54391708,0.0084694573,-0.00088485901,0.0071174445,0.065212417,-0.045208187,-0.043155385,0.16986506,0.84084502,0.51393143,1.0310348,1.371462,1.7
4,11500,5.750000,3,2.005622,1.0756894,0.98515324,0.047669849,-0.0099610009,-0.055784721,0.040717345,-0.0071885208,-0.32595709,0.065029823,-0.036376491,0.64079054,-0.76685347,2.4447205,1.6275036,1.7
4,11500,5.750000,4,2.005622,0.19884084,0.33493096,1.3919276,-0.05478625,-1.3202875e-05,0.0035924157,0.073859349,0.36423379,0.088017991,-0.73481624,-0.65501472,-0.17607044,1.7477894,-2.4135497,1.7
4,11500,5.750000,5,2.005622,0.58653383,0.78936211,0.098612619,0.092782756,0.053308406,0.042015331,0.27094413,0.13445703,0.13351998,-0.58275627,-0.69692322,0.4179631,1.1395943,-2.2672148,1.7
4,11500,5.750000,6,2.005622,0.48177126,0.11976211,0.022680263,-0.023236052,-0.00068980481,0.050891505,-0.16732881,-0.089602538,0.37108864,-0.91069602,0.33597865,-0.2403146,1.8134863,2.7881585,1.7
4,11500,5.750000,7,2.005622,0.84144084,0.69643876,1.2969625,-0.028968045,-0.022645221,-0.068086316,-0.10388527,-0.14319446,-0.36596655,0.61985257,-0.46970372,0.62861849,0.89102077,-0.64845338,1.7
4,11500,5.750000,8,2.005622,0.39762128,1.3712442,0.18668071,0.005961122,-0.014622564,-0.056968649,-0.11485097,-0.45233452,-0.39082622,-0.9556551,-0.20337739,0.21298114,1.3561712,-2.9319062,1.7
4,11500,5.750000,9,2.005622,0.19544122,1.6558846,1.1843815,-0.011681862,0.059258223,0.03150393,0.072730829,0.2732805,0.1278138,0.70137518,-0.12071208,-0.70249658,2.3496958,-0.17043796,1.7
4,11500,5.750000,10,2.005622,0.55367272,1.1139872,0.78997059,0.025142212,-0.053053631,-0.0097294347,0.13391158,-0.15999812,0.092387456,-0.35251575,0.79830184,-0.48831017,2.0809486,1.9866279,1.7
4,11500,5.750000,11,2.005622,0.97172695,1.7458803,0.065126378,0.065409356,0.046157752,0.06695004,0.22778882,0.13388252,0.36046564,-0.025803163,0.9000455,-0.43503138,2.0208695,1.5994572,1.7
4,11500,5.750000,12,2.005622,1.9246473,1.0838606,0.9121596,-0.011556476,-0.019875339,-0.010436754,0.0080738796,-0.10881482,-0.18509482,0.86136434,-0.0099251091,-0.50789071,2.1035307,-0.011522035,1.7
4,11500,5.750000,13,2.005622,0.163518,1.6694202,1.8227872,0.014602894,-0.05632325,-0.015543342,-0.078517195,-0.15979602,-0.22023683,0.79345155,0.00079052278,0.6086329,0.91645985,0.00099630849,1.7
4,11500,5.750000,14,2.005622,0.70584058,1.3747111,1.327949,-0.012803005,-0.032026291,-0.044616401,-0.053469276,-0.11921796,-0.15711599,-0.379091,0.90365285,-0.19925246,1.7713913,1.9680073,1.7
4,11500,5.750000,15,2.005622,0.79478079,0.10098522,1.3972803,-0.022925616,0.073168135,-0.016789127,-0.20084813,0.41962089,-0.21325793,0.086153438,0.83607969,-0.54180101,2.1433747,1.4681142,1.7
4,11500,5.750000,16,2.005622,1.4703875,0.41580895,0.34917792,-0.0066059502,0.11004646,-0.059571913,-0.046333104,0.61409467,-0.24971597,-0.050425228,-0.93415499,-0.35328706,1.9318787,-1.6247235,1.7
4,11500,5.750000,17,2.005622,1.1414556,1.0288948,0.73716876,3.2646842e-05,0.019593296,0.029639359,-0.011647365,0.14244405,0.018392157,0.68791022,-0.38314047,0.61642754,0.90659869,-0.50817328,1.7
4,11500,5.750000,18,2.005622,1.8669645,0.41673763,0.86261958,0.036592167,0.071003707,-0.022620005,-0.059730191,0.25216447,-0.16093555,0.61612244,-0.21819445,0.75682516,0.71235431,-0.34035946,1.7
4,11500,5.750000,19,2.005622,0.087654472,0.70162293,0.42628545,-0.016191907,0.024677827,-0.017274891,0.0023279532,0.076144202,-0.10590577,0.067412844,0.99770796,0.0058603634,1.5649359,1.5033312,1.7
4,11500,5.750000,20,2.005622,1.1896275,0.097757954,0.90316914,-0.020452728,-0.013424579,-0.024939127,-0.076776683,-0.10072085,-0.31603761,0.72942841,0.67983542,-0.075881457,1.6467508,0.75022197,1.7
4,11500,5.750000,21,2.005622,1.0239736,0.41077094,1.958607,0.0054327933,-0.009845195,0.017196118,-0.19392894,0.14769632,0.13278615,-0.81042923,-0.56272737,0.16291831,1.4071486,-2.5346639,1.7
4,11500,5.750000,22,2.005622,1.9049477,0.18217993,1.9160081,-0.019038218,-0.017239145,0.0079749369,-0.13265138,-0.041766003,0.094214373,0.60295443,0.72133789,0.34076034,1.2230708,0.87455493,1.7
4,11500,5.750000,23,2.005622,1.468443,0.59387425,1.2593664,0.020409538,-0.044089165,0.022204774,0.052830736,-0.094307794,0.063064704,-0.87639145,0.39610939,-0.27392586,1.848269,2.7170953,1.7
4,11500,5.750000,24,2.005622,1.6871357,0.91659445,0.13428992,0.048949318,-0.020764131,0.02938799,0.036941417,-0.1034382,0.16899926,-0.20134119,-0.62677353,-0.75273944,2.4230098,-1.8816186,1.7
4,11500,5.750000,25,2.005622,0.6018985,1.6788129,0.53646784,-0.13304175,-0.056286871,-0.026235954,-0.21936408,0.050963912,0.15679251,0.66596023,-0.60397091,-0.43785398,2.0240066,-0.73662374,1.7
4,11500,5.750000,26,2.005622,1.5958723,1.5307632,0.70409893,-0.06691473,-0.080096591,-0.0012295423,-0.15109196,-0.41285906,0.091713278,0.14074336,-0.027531015,0.98966325,0.14390696,-0.19317227,1.7
4,11500,5.750000,27,2.005622,1.4882485,1.6476694,0.12555534,0.032226606,-0.052254988,-0.0020025393,0.337217,-0.18502497,0.058724998,0.44046432,0.72739379,-0.52620287,2.1249254,1.026315,1.7
4,11500,5.750000,28,2.005622,1.3630064,1.2568202,1.2713004,0.010368605,0.032242705,-0.029699736,0.16839916,0.22424236,-0.026963398,-0.25506731,-0.96627402,-0.035428557,1.6062323,-1.8288794,1.7
4,11500,5.750000,29,2.005622,1.3647032,0.063728668,1.7207247,0.066764615,0.060299271,0.045882858,0.28025573,-0.096657234,0.18944037,-0.97990869,-0.16542079,-0.11142224,1.6824504,-2.9743569,1.7
4,11500,5.750000,30,2.005622,0.067083246,1.1338554,1.4776581,0.068689969,-0.010790101,-0.01937795,0.27803669,-0.084881383,0.050385573,0.078855532,0.86550177,0.49465997,1.0533528,1.4799376,1.7
4,11500,5.750000,31,2.005622,1.7382577,0.052370324,1.3195372,0.010974806,0.11545808,0.028863003,-0.19473123,0.28047235,0.082894806,-0.41793912,-0.73759684,0.53035628,1.0117756,-2.0863121,1.7
5,11600,5.800000,0,2.0135563,1.9142308,1.8621549,0.41719961,-0.079281688,-0.016950515,0.038851942,-0.066684934,0.06772979,0.1062066,-0.93485972,0.3186817,-0.15645857,1.7279004,2.8130591,1.7
5,11600,5.800000,1,2.0135563,0.36385911,0.53475928,0.88084099,0.0023232716,-0.10083134,-0.032926478,0.11971126,-0.23257874,-0.024524956,-0.13584182,-0.84376881,-0.51923136,2.1167476,-1.7304207,1.7
5,11600,5.800000,2,2.0135563,0.87315318,0.50703802,0.54366671,0.011424619,-0.004945024,0.0047200607,0.012434148,-0.023931706,-0.070471464,-0.060748202,0.73649082,0.67371428,0.83157284,1.6530933,1.7
5,11600,5.800000,3,2.0135563,1.0833046,0.97350308,0.050795032,-0.0066078395,-0.071301542,0.043648159,0.1386427,-0.26189515,0.027942521,-0.028797369,0.68776603,-0.72536101,2.382355,1.6126428,1.7
5,11600,5.800000,4,2.0135563,0.20760517,0.36006302,1.4012249,-0.046824258,0.023746958,0.0073757534,0.14732898,0.50977232,0.11314165,-0.65788227,-0.70829414,-0.25594985,1.8296265,-2.3193113,1.7
5,11600,5.800000,5,2.0135563,0.59969423,0.7972365,0.10612546,0.10360145,0.058050698,0.049124024,0.17772856,0.071127798,0.14049993,-0.50610707,-0.61612188,0.60353083,0.92287434,-2.2584743,1.7
5,11600,5.800000,6,2.0135563,0.47567919,0.11642408,0.043452275,-0.031218265,-0.0044940981,0.071533045,-0.1188017,-0.0031418099,0.36476896,-0.81629716,0.36407028,-0.44845488,2.0358322,2.7220683,1.7
5,11600,5.800000,7,2.0135563,0.84307944,0.69070412,1.286371,-0.030654889,-0.03111827,-0.083777669,-0.067144989,-0.17705978,-0.25222381,0.76036688,-0.5020328,0.41207436,1.1460668,-0.58354764,1.7
5,11600,5.800000,8,2.0135563,0.39090528,1.3536382,0.16578769,-0.0023115549,-0.037607905,-0.078557569,-0.23003649,-0.46172936,-0.44994373,-0.93263829,-0.041302391,0.35844097,1.204199,-3.097336,1.7
5,11600,5.800000,9,2.0135563,0.19891958,1.6795105,1.1927505,-0.0089820028,0.076299714,0.035180268,0.028328035,0.37403828,0.037784083,0.89370843,0.020307604,-0.4481884,2.0355341,0.022718942,1.7
5,11600,5.800000,10,2.0135563,0.56298945,1.1094469,0.79542701,0.032254551,-0.061983243,-0.0074027589,0.11952993,-0.18622944,0.05245059,-0.27824376,0.66475379,-0.69331292,2.3368725,1.9672053,1.7
5,11600,5.800000,11,2.0135563,0.98542609,1.7601407,0.080056452,0.075244894,0.053496923,0.081593565,0.16889416,0.10064358,0.25116595,-0.085413598,0.75603875,-0.64892984,2.2769734,1.6832945,1.7
5,11600,5.800000,12,2.0135563,1.9329756,1.0778666,0.90534317,-0.010843542,-0.030136858,-0.020841174,0.041254482,-0.28057959,-0.23761106,0.94779158,-0.2040461,-0.24506388,1.8183819,-0.21204935,1.7
5,11600,5.800000,13,2.0135563,0.15692839,1.6729443,1.8171841,0.0073806646,-0.059397403,-0.02833213,-0.18401493,0.060002579,-0.25250093,0.81125617,0.29632054,0.50404123,1.0425248,0.35020548,1.7
5,11600,5.800000,14,2.0135563,0.70324074,1.373318,1.3239642,-0.018184546,-0.038844368,-0.053836354,-0.12175656,-0.13090578,-0.21455657,-0.23537775,0.92286455,-0.30482509,1.8805511,1.8205234,1.7
5,11600,5.800000,15,2.0135563,0.78875991,0.11870519,1.3917247,-0.032072615,0.09045448,-0.027850527,-0.15040688,0.25335916,-0.22075104,0.19846181,0.85320285,-0.48234615,2.0741274,1.3422524,1.7
5,11600,5.800000,16,2.0135563,1.4737999,0.44238171,0.33913884,-0.0090056833,0.13492515,-0.070969857,-0.033120736,0.4512274,-0.21042735,0.04292279,-0.97060019,-0.23683939,1.8099077,-1.5266022,1.7
5,11600,5.800000,17,2.0135563,1.1452168,1.0411354,0.73937784,-0.00072031381,0.027747507,0.028933571,0.01279093,0.20387254,-0.013007914,0.68526689,-0.44991114,0.57270346,0.9609964,-0.58096517,1.7
5,11600,5.800000,18,2.0135563,1.8694102,0.42849542,0.85782632,0.03166185,0.08109295,-0.030809648,-0.18214337,0.21077084,-0.16299921,0.61188471,-0.061312455,0.78856698,0.66232113,-0.099869268,1.7
5,11600,5.800000,19,2.0135563,0.088555732,0.70750108,0.42499374,-0.015638503,0.027774219,-0.020247132,0.02720324,0.032924417,-0.048003356,-0.23249946,0.97231681,-0.023324109,1.5941226,1.8055082,1.7
5,11600,5.800000,20,2.0135563,1.1926518,0.096479117,0.89320107,-0.02213128,-0.015086868,-0.038453477,0.0098684852,0.024788109,-0.23243802,0.61786306,0.74405731,-0.25421242,1.8278296,0.87779339,1.7
5,11600,5.800000,21,2.0135563,1.0167826,0.41808488,1.9762632,-0.0057868666,-0.0041674864,0.027084429,-0.22201873,0.06430026,0.26448898,-0.76747137,-0.6396755,0.042461234,1.5283223,-2.4467652,1.7
5,11600,5.800000,22,2.0135563,1.905745,0.17921059,1.9304754,-0.025763699,-0.020921926,0.014848918,-0.10684927,-0.089888348,0.15085585,0.49174356,0.74048035,0.45812348,1.0949134,0.9845816,1.7
5,11600,5.800000,23,2.0135563,1.4739976,0.5909542,1.2688936,0.020155438,-0.049348215,0.026740939,0.009448516,-0.12894452,0.080943395,-0.77158753,0.49872565,-0.39487391,1.9767269,2.5677784,1.7
5,11600,5.800000,24,2.0135563,1.6918805,0.91529825,0.14196502,0.047023532,-0.025676719,0.036517763,-0.047962504,-0.18146144,0.13226431,-0.29974449,-0.22141204,-0.92797088,2.7597266,-2.5053828,1.7
5,11600,5.800000,25,2.0135563,0.59552258,1.693572,0.5493551,-0.14178155,-0.048185218,-0.015492192,-0.157567,0.1998583,0.29582822,0.74428159,-0.38665619,-0.54455661,2.1466567,-0.47912765,1.7
5,11600,5.800000,26,2.0135563,1.5951717,1.5129319,0.71174091,-0.073914834,-0.10393654,0.0036174327,-0.11243725,-0.54087025,0.084607106,-0.055389948,-0.099062212,0.99353844,0.1137412,-2.080632,1.7
5,11600,5.800000,27,2.0135563,1.5123537,1.6462677,0.12736097,0.050408379,-0.060159323,-0.00069619322,0.35917848,-0.16567597,0.012900207,0.38900543,0.76312972,-0.5160502,2.1130296,1.0993791,1.7
5,11600,5.800000,28,2.0135563,1.3788006,1.2769051,1.2758968,0.020750237,0.047325794,-0.030131741,0.15348604,0.34594884,0.0080257077,-0.25106345,-0.95115819,-0.17962527,1.7514018,-1.8288659,1.7
5,11600,5.800000,29,2.0135563,1.379833,0.060109173,1.7372959,0.076476432,0.056435291,0.055627502,0.091737736,-0.041417176,0.19901961,-0.90473962,-0.38127673,-0.18993232,1.7618895,-2.7427569,1.7
5,11600,5.800000,30,2.0135563,0.081814236,1.1343968,1.4866549,0.083127075,-0.01472652,-0.016233006,0.33991428,-0.080766605,0.062011555,0.059578909,0.62170137,0.78098512,0.67455473,1.4752561,1.7
5,11600,5.800000,31,2.0135563,1.7341963,0.059714057,1.3271847,5.8374357e-05,0.12258057,0.031285624,-0.14758455,0.036989591,0.01709939,-0.12982624,-0.6343186,0.76209256,0.70425743,-1.7726786,1.7
6,11700,5.850000,0,2.016086,1.9156243,1.869008,0.42201091,-0.080292415,-0.01243972,0.043136416,-0.00032901997,0.11550505,0.078317661,-0.92122383,0.38763473,0.032953986,1.5378364,2.7432998,1.7
6,11700,5.850000,1,2.016086,0.37109456,0.52291403,0.88140345,0.009097351,-0.11334056,-0.033470288,0.17610976,-0.24827466,-0.0061703274,-0.55615729,-0.75741587,-0.34206764,1.9199127,-2.2041622,1.7
6,11700,5.850000,2,2.016086,0.87713608,0.50418424,0.5398405,0.014308749,-0.0084336131,0.00021365312,0.087878881,-0.09154267,-0.014715879,-0.32182394,0.57051506,0.75560698,0.71421604,2.0843956,1.7
6,11700,5.850000,3,2.016086,1.0941169,0.96771677,0.053065564,0.0028375242,-0.078306491,0.045853492,0.24601667,-0.035018151,0.032435943,-0.12375564,0.75056962,-0.64909922,2.277196,1.7342084,1.7
6,11700,5.850000,4,2.016086,0.21792464,0.38176343,1.4049747,-0.036771915,0.044981677,0.0093638722,0.25832637,0.33672454,0.010794176,-0.511509,-0.81318993,-0.27763408,1.8521268,-2.1322779,1.7
6,11700,5.850000,5,2.016086,0.60607266,0.80076499,0.11271311,0.10922295,0.060576011,0.055574296,0.080983351,0.068900985,0.11283366,-0.36493776,-0.57054281,0.73573184,0.74404972,-2.1398488,1.7
6,11700,5.850000,6,2.016086,0.46975238,0.11481384,0.061642487,-0.037738584,-0.0062495062,0.089657288,-0.14306913,-0.059688629,0.44032224,-0.68578128,0.3753704,-0.62353918,2.2440579,2.6407773,1.7
6,11700,5.850000,7,2.016086,0.83880021,0.68272567,1.2773046,-0.035989939,-0.039958916,-0.094453459,-0.1361298,-0.13706655,-0.15961338,0.81828255,-0.5594669,0.13194867,1.4384617,-0.59970832,1.7
6,11700,5.850000,8,2.016086,0.37852561,1.3321509,0.14451371,-0.015174247,-0.060781227,-0.10002635,-0.2795358,-0.43765034,-0.45480213,-0.8481679,0.060994613,0.52620421,1.0166657,3.0698029,1.7
6,11700,5.850000,9,2.016086,0.19862723,1.7007343,1.1940189,-0.0095239226,0.095401551,0.034950278,-0.050569026,0.36850976,-0.021895782,0.98383927,0.12431907,-0.12886062,1.7000163,0.12569499,1.7
6,11700,5.850000,10,2.016086,0.57054162,1.1024602,0.80096185,0.039095132,-0.070358529,-0.0028700757,0.148319,-0.12591348,0.11893783,-0.16196996,0.47666589,-0.86403435,2.6140254,1.8983535,1.7
6,11700,5.850000,11,2.016086,0.99642808,1.7628796,0.095151606,0.085002752,0.054024207,0.096578735,0.15299907,0.010070399,0.33113525,-0.094208999,0.62189441,-0.77741367,2.4613397,1.7211404,1.7
6,11700,5.850000,12,2.016086,1.9319056,1.0668655,0.89528545,-0.014339733,-0.042484365,-0.032029266,-0.12156787,-0.24097992,-0.15368482,0.92927245,-0.36653406,-0.045885812,1.6166983,-0.3756965,1.7
6,11700,5.850000,13,2.016086,0.15221349,1.675938,1.808354,0.0024716935,-0.058505943,-0.039438288,-0.02396235,0.02987731,-0.21846622,0.73443924,0.5634344,0.37833938,1.1827947,0.65439507,1.7
6,11700,5.850000,14,2.016086,0.70108905,1.3653243,1.3167528,-0.021217834,-0.048557265,-0.06270557,-0.0005820535,-0.24855651,-0.13373896,-0.03776832,0.90396767,-0.42592958,2.0107854,1.6125527,1.7
6,11700,5.850000,15,2.016086,0.7827711,0.13160253,1.3808071,-0.039047977,0.10319468,-0.040508651,-0.13777697,0.23200853,-0.31504139,0.26140691,0.89005582,-0.37345289,1.9535248,1.2851319,1.7
6,11700,5.850000,16,2.016086,1.4741891,0.46296295,0.33025259,-0.010467152,0.15493805,-0.08027633,-0.017492261,0.33805729,-0.18948667,0.18169177,-0.97050492,-0.158456,1.729923,-1.385725,1.7
6,11700,5.850000,17,2.016086,1.1473888,1.0509966,0.73959044,1.2462449e-05,0.036295286,0.028217727,0.015058997,0.1769986,-0.018765069,0.67614637,-0.53502631,0.5065303,1.0396405,-0.66940594,1.7
6,11700,5.850000,18,2.016086,1.8573077,0.43912482,0.85106331,0.017219775,0.091177692,-0.038645442,-0.38151312,0.16469232,-0.15206035,0.64065631,0.079494678,0.76370157,0.70176869,0.12345219,1.7
6,11700,5.850000,19,2.016086,0.094293989,0.71262305,0.42454272,-0.010015031,0.03200469,-0.021231456,0.19174284,0.05721773,-0.0038107557,-0.43386167,0.89893062,0.060727241,1.5100317,2.0204614,1.7
6,11700,5.850000,20,2.016086,1.1978017,0.093931679,0.88535344,-0.018482014,-0.01775384,-0.047417631,0.058467854,-0.047471593,-0.15764943,0.49159383,0.76185751,-0.42179218,2.0062174,0.99776266,1.7
6,11700,5.850000,21,2.016086,1.0023611,0.42390907,1.9884575,-0.021475928,0.001128133,0.036789909,-0.3789219,0.083537503,0.19517383,-0.70905938,-0.68981322,-0.14626181,1.7175847,-2.369952,1.7
6,11700,5.850000,22,2.016086,1.9059317,0.17792186,1.9392142,-0.027969859,-0.022434853,0.021158492,-0.066946553,-0.0082455261,0.10792631,0.33464275,0.76494455,0.55033995,0.98802499,1.1584084,1.7
6,11700,5.850000,23,2.016086,1.4771379,0.58755906,1.2733795,0.021443143,-0.053483188,0.029630935,-0.0085018251,-0.10114146,0.041403041,-0.64760775,0.5827601,-0.49091228,2.0839329,2.4088517,1.7
6,11700,5.850000,24,2.016086,1.6871482,0.91153036,0.14544138,0.040170017,-0.030591428,0.039813703,-0.1818762,-0.068847063,-0.032600069,-0.29114114,0.22893802,-0.92888332,2.7621827,2.4752322,1.7
6,11700,5.850000,25,2.016086,0.58659851,1.7065331,0.56084234,-0.15144772,-0.037358532,-0.0047018888,-0.17063332,0.21138854,0.16418133,0.80033029,-0.12677299,-0.58600344,2.1969142,-0.15709564,1.7
6,11700,5.850000,26,2.016086,1.5903189,1.4884872,0.71902258,-0.080767306,-0.13026545,0.010000914,-0.16342531,-0.50689369,0.16390041,-0.35639175,-0.21730175,0.90871605,0.43059859,-2.5940515,1.7
6,11700,5.850000,27,2.016086,1.5316517,1.64081,0.13155566,0.067795453,-0.067680534,0.0033359653,0.36097787,-0.15744851,0.13580273,0.27652454,0.78861148,-0.54920499,2.1522089,1.2335449,1.7
6,11700,5.850000,28,2.016086,1.3868906,1.2935696,1.2759678,0.027103975,0.062376661,-0.03166267,0.16408096,0.28968842,-0.10469488,-0.25003762,-0.9095915,-0.33185011,1.9090605,-1.8390603,1.7
6,11700,5.850000,29,2.016086,1.3815421,0.059551843,1.75158,0.07645202,0.055802842,0.067721425,-0.051007969,0.030404784,0.26918483,-0.775124,-0.55817022,-0.29602161,1.8713212,-2.5175008,1.7
6,11700,5.850000,30,2.016086,0.10260838,1.1344603,1.491465,0.10380546,-0.016087302,-0.013292408,0.43049496,-0.018440476,0.024671129,0.037296169,0.33463186,0.94161059,0.34341416,1.4598001,1.7
6,11700,5.850000,31,2.016086,1.7312317,0.060513057,1.3282364,-0.0050817869,0.1233041,0.030670338,-0.061112691,-0.010336482,-0.017332527,0.16845654,-0.43774438,0.88317736,0.48820254,-1.2034368,1.7
7,11800,5.900000,0,2.0241835,1.9253999,1.8860885,0.42867487,-0.078214995,-0.0028851364,0.048095456,0.078802703,0.23149021,0.073053346,-0.81832339,0.45053328,0.35688456,1.2058656,2.6383223,1.7
7,11800,5.900000,1,2.0241835,0.38244374,0.51490437,0.88627532,0.018936328,-0.12343025,-0.032141196,0.20413638,-0.15537333,0.041580183,-0.83647393,-0.53755352,-0.10652497,1.6775238,-2.5704072,1.7
7,11800,5.900000,2,2.0241835,0.88513083,0.50186522,0.54332315,0.018771591,-0.012768975,0.0015254395,0.089914727,-0.098189063,0.080264365,-0.5720784,0.40227585,0.714773,0.77449686,2.5287336,1.7
7,11800,5.900000,3,2.0241835,1.1126558,0.97470744,0.052556521,0.016953628,-0.075208803,0.045132759,0.25628175,0.14941153,0.025568051,-0.29926921,0.74302092,-0.59862998,2.212586,1.9536914,1.7
7,11800,5.900000,4,2.0241835,0.22971028,0.40094775,1.4146387,-0.025883381,0.062597365,0.013376857,0.1846331,0.33740588,0.12581743,-0.35887709,-0.88321576,-0.30188931,1.8774701,-1.9567477,1.7
7,11800,5.900000,5,2.0241835,0.61034416,0.80684399,0.11517014,0.11105651,0.063433066,0.057574614,-0.0085562479,0.02356638,0.027054336,-0.11943041,-0.52370699,0.84348525,0.56705739,-1.7950101,1.7
7,11800,5.900000,6,2.0241835,0.46368558,0.10882687,0.084025451,-0.045676211,-0.012684718,0.11174839,-0.19595866,-0.12134372,0.47667721,-0.60619109,0.26602398,-0.74950891,2.4181163,2.7280538,1.7
7,11800,5.900000,7,2.0241835,0.83453262,0.68351228,1.276702,-0.043611257,-0.041910526,-0.10017483,-0.17718467,0.10646057,-0.11439125,0.80367277,-0.58552529,-0.10616126,1.677158,-0.6296389,1.7
7,11800,5.900000,8,2.0241835,0.36527752,1.3165657,0.12562521,-0.029913122,-0.081675121,-0.11945634,-0.25818498,-0.45735754,-0.37293932,-0.75456717,0.14204536,0.64066489,0.87543243,2.9555227,1.7
7,11800,5.900000,9,2.0241835,0.19753881,1.7223836,1.1995327,-0.011406344,0.11019022,0.035666912,-0.075901812,0.3080372,0.0263668,0.96540884,0.20548549,0.16050387,1.4095952,0.20971849,1.7
7,11800,5.900000,10,2.0241835,0.58018185,1.0993554,0.80689465,0.046429114,-0.077876165,-0.00015972427,0.15496061,-0.18302439,0.011238313,-0.027105635,0.26036436,-0.96512988,2.8767354,1.6745292,1.7
7,11800,5.900000,11,2.0241835,1.0096392,1.768889,0.11150027,0.094193307,0.052955165,0.11251329,0.16379974,-0.10642171,0.33075231,-0.036375244,0.54849309,-0.83536349,2.55959,1.6370179,1.7
7,11800,5.900000,12,2.0241835,1.9359103,1.0556073,0.89223689,-0.018086916,-0.057996474,-0.038660406,-0.02756522,-0.35099845,-0.096928113,0.8686472,-0.48237105,0.11300541,1.457549,-0.50691311,1.7
7,11800,5.900000,13,2.0241835,0.15282074,1.680267,1.8001185,0.0024675997,-0.060903465,-0.054905907,0.040331804,-0.12061834,-0.34791825,0.6188371,0.76759041,0.16687002,1.403142,0.89228181,1.7
7,11800,5.900000,14,2.0241835,0.70504903,1.3596472,1.3140689,-0.020076024,-0.059695827,-0.070662166,0.078587746,-0.21934112,-0.15395567,0.19930895,0.82236533,-0.53290825,2.1328301,1.3330205,1.7
7,11800,5.900000,15,2.0241835,0.77590345,0.14323675,1.3718818,-0.049039559,0.11427812,-0.054950901,-0.30228276,0.1805879,-0.30273789,0.32861223,0.89052046,-0.31462249,1.8908552,1.2172862,1.7
7,11800,5.900000,16,2.0241835,1.4769058,0.48119477,0.32103105,-0.013665042,0.17127766,-0.090803216,-0.19525208,0.24026829,-0.22031619,0.31527973,-0.94742491,-0.054632735,1.6254563,-1.249548,1.7
7,11800,5.900000,17,2.0241835,1.1560297,1.0611016,0.74209113,0.0040369059,0.042167295,0.027748833,0.13898385,0.10748765,2.3627688e-05,0.64182125,-0.61724094,0.45505946,1.0983573,-0.76587793,1.7
7,11800,5.900000,18,2.0241835,1.8410071,0.44587477,0.84796952,-0.0064930834,0.096153957,-0.045144459,-0.56040893,0.083896796,-0.097318546,0.60642187,0.12758843,0.78483993,0.66835855,0.20737095,1.7
7,11800,5.900000,19,2.0241835,0.10405225,0.7166669,0.42783254,-0.00065426063,0.03318396,-0.019649958,0.19253632,0.036916204,0.094396167,-0.49393098,0.85114933,0.17769923,1.3921484,2.0966125,1.7
7,11800,5.900000,20,2.0241835,1.205223,0.091663394,0.88171542,-0.015876839,-0.020394105,-0.054597235,0.043957169,-0.075851073,-0.1940639,0.29010999,0.77651477,-0.5593398,2.1643855,1.213249,1.7
7,11800,5.900000,21,2.0241835,0.9898116,0.42813995,2.0018422,-0.038018219,0.0036513513,0.042177251,-0.29933989,0.031524097,0.055755286,-0.68762548,-0.64275719,-0.3376898,1.9152578,-2.3899076,1.7
7,11800,5.900000,22,2.0241835,1.9112114,0.18152502,1.9579334,-0.030340469,-0.019552089,0.032067024,0.0070858301,0.030418292,0.23604609,0.051944095,0.83147731,0.55312503,0.98468565,1.5084054,1.7
7,11800,5.900000,23,2.0241835,1.4824866,0.5867503,1.2799437,0.020860115,-0.056645511,0.03107771,0.0098350012,-0.038248655,0.010384538,-0.47628032,0.67949643,-0.55806958,2.1628539,2.1821471,1.7
7,11800,5.900000,24,2.0241835,1.6876543,0.91530838,0.1376328,0.033912264,-0.030474749,0.031437752,-0.038290273,0.12654183,-0.28733417,-0.26354686,0.5308732,-0.80542951,2.5071961,2.0315921,1.7
7,11800,5.900000,25,2.0241835,0.58351009,1.7234026,0.57041714,-0.15688129,-0.027363275,0.0026056754,-0.09749704,0.21531442,0.14151529,0.76992337,0.13580982,-0.6235172,2.2440298,0.17459787,1.7
7,11800,5.900000,26,2.0241835,1.5888763,1.4681276,0.72904798,-0.088581691,-0.15655076,0.017124125,-0.14806672,-0.52289886,0.15991493,-0.61999591,-0.28214836,0.73211841,0.74936962,-2.7145214,1.7
7,11800,5.900000,27,2.0241835,1.555071,1.6401357,0.13657365,0.085028403,-0.074930443,0.0078165815,0.39979224,-0.12484207,0.06154608,0.09666541,0.8204788,-0.56344506,2.1693462,1.4535211,1.7
7,11800,5.900000,28,2.0241835,1.3967491,1.3127154,1.2733912,0.031383554,0.076298964,-0.039348812,0.023956372,0.25007792,-0.20301777,-0.2588384,-0.84033444,-0.47627798,2.0672132,-1.869593,1.7
7,11800,5.900000,29,2.0241835,1.3808021,0.066727971,1.7711699,0.070175714,0.062725908,0.080251102,-0.13078418,0.21446148,0.23615982,-0.6337754,-0.66684163,-0.3919834,1.9735829,-2.3307765,1.7
7,11800,5.900000,30,2.0241835,0.12332088,1.1380728,1.5014704,0.12406523,-0.01702937,-0.0092854678,0.39528693,-0.037064469,0.16481139,-0.071484835,0.0076519328,0.99741234,0.071955286,3.034956,1.7
7,11800,5.900000,31,2.0241835,1.7374986,0.0587107,1.3349282,-0.0057669191,0.12126279,0.032024621,0.019162008,-0.05999375,0.033997205,0.43970691,-0.21919696,0.87098251,0.51359778,-0.46245248,1.7
8,11900,5.950000,0,2.023752,1.9258702,1.8964009,0.43048936,-0.077334171,0.0078303823,0.050001511,-0.016642182,0.22204743,-0.035175283,-0.58893693,0.43196086,0.68305425,0.81886003,2.5087624,1.7
8,11900,5.950000,1,2.023752,0.39495077,0.50610863,0.88892263,0.031526219,-0.13211717,-0.029304681,0.29171423,-0.19216378,0.087958082,-0.9508109,-0.30543024,0.051681652,1.5190916,-2.8307732,1.7
8,11900,5.950000,2,2.023752,0.89356721,0.49867742,0.54983951,0.027397549,-0.015850133,0.008158313,0.23694142,-0.044433831,0.15295587,-0.75501426,0.24786569,0.60705524,0.91844669,2.8243855,1.7
8,11900,5.950000,3,2.023752,1.1250795,0.98401081,0.05759866,0.029615899,-0.065696677,0.050186638,0.22863562,0.21691894,0.17126309,-0.55393103,0.63497027,-0.53849157,2.1394423,2.2881366,1.7
8,11900,5.950000,4,2.023752,0.23509441,0.41621982,1.4222745,-0.020449709,0.077956528,0.021315053,0.018705763,0.24236082,0.15991319,-0.1759616,-0.94932647,-0.26041652,1.8342499,-1.7540705,1.7
8,11900,5.950000,5,2.023752,0.60582257,0.80963563,0.11379176,0.10666454,0.066396988,0.056220634,-0.10604706,0.022022638,-0.05734969,0.23310128,-0.39498853,0.88862132,0.47646597,-1.0376532,1.7
8,11900,5.950000,6,2.023752,0.45527616,0.10680486,0.10737563,-0.053987687,-0.014683753,0.13511897,-0.16584081,-0.052077629,0.44699192,-0.51265992,0.12766187,-0.84904785,2.5849768,2.8975378,1.7
8,11900,5.950000,7,2.023752,0.82406018,0.68994693,1.2698541,-0.053906913,-0.035329483,-0.10675135,-0.26878779,0.15867665,-0.18615398,0.81384173,-0.45958876,-0.35558377,1.9343349,-0.5140706,1.7
8,11900,5.950000,8,2.023752,0.35291333,1.2955291,0.10880973,-0.042200766,-0.10243323,-0.13624684,-0.24059902,-0.41715402,-0.28868767,-0.60298687,0.23725126,0.76165522,0.70493262,2.7667368,1.7
8,11900,5.950000,9,2.023752,0.19791062,1.7353796,1.1982615,-0.010992383,0.12355479,0.034651342,0.042169687,0.25164472,-0.024310638,0.87870687,0.32538539,0.34928297,1.2139906,0.35464401,1.7
8,11900,5.950000,10,2.023752,0.5880824,1.0902472,0.8082515,0.054454183,-0.086751074,0.0013692704,0.11422724,-0.15394032,0.069696301,0.10658293,0.061104582,-0.99242446,3.0184251,0.52055992,1.7
8,11900,5.950000,11,2.023752,1.0185353,1.7610698,0.12756835,0.10330566,0.045512187,0.12860686,0.21628808,-0.12700082,0.33721165,0.038692695,0.49302172,-0.86915618,2.6242898,1.4924762,1.7
8,11900,5.950000,12,2.023752,1.9353292,1.0347961,0.88596975,-0.018255387,-0.078584911,-0.044738014,0.016960567,-0.42151234,-0.12530381,0.7620722,-0.58659238,0.27414476,1.293096,-0.65601129,1.7
8,11900,5.950000,13,2.023752,0.15475547,1.6727147,1.7825402,0.0044351039,-0.068098461,-0.072102398,0.11380675,-0.19744137,-0.30297986,0.50414084,0.85839297,-0.094886857,1.6658261,1.0397616,1.7
8,11900,5.950000,14,2.023752,0.71021931,1.3512841,1.3056792,-0.014754897,-0.067769946,-0.078772609,0.087420948,-0.087541162,-0.21975007,0.39530506,0.69767008,-0.59748671,2.2111595,1.0552922,1.7
8,11900,5.950000,15,2.023752,0.76091677,0.15034081,1.3557729,-0.063862445,0.12141347,-0.070769158,-0.27936825,0.05955243,-0.33342555,0.4301787,0.86549515,-0.25664068,1.8303412,1.109526,1.7
8,11900,5.950000,16,2.023752,1.4660038,0.48610387,0.31749032,-0.024253313,0.17628986,-0.094275889,-0.22849137,0.029335163,0.091603851,0.52362083,-0.85092015,0.041906109,1.5288779,-1.0191604,1.7
8,11900,5.950000,17,2.023752,1.1577832,1.0612015,0.7424086,0.0060370363,0.042493407,0.028224525,0.019138132,-0.0014068741,-0.038922683,0.53298152,-0.72004353,0.44437372,1.1103213,-0.93359203,1.7
8,11900,5.950000,18,2.023752,1.8138032,0.45300468,0.84091341,-0.033307357,0.10337967,-0.05202057,-0.56463623,0.14887198,-0.20834641,0.467343,0.14380173,0.87230246,0.51090477,0.29850653,1.7
8,11900,5.950000,19,2.023752,0.11277462,0.71589961,0.4320003,0.0080912222,0.032569356,-0.015390562,0.17394846,-0.10550853,0.040179278,-0.53233737,0.77822694,0.33313623,1.2311685,2.1707295,1.7
8,11900,5.950000,20,2.023752,1.2073085,0.091485201,0.87110559,-0.013534254,-0.020552778,-0.065020239,0.077867347,0.016797918,-0.20940643,0.096708261,0.76477658,-0.63699631,2.2613918,1.445011,1.7
8,11900,5.950000,21,2.023752,0.97245627,0.42612319,2.0020329,-0.055164404,0.0017256326,0.042794687,-0.36053501,-0.04667087,0.015981868,-0.64609881,-0.57341172,-0.50374133,2.0987206,-2.4157276,1.7
8,11900,5.950000,22,2.023752,1.9140135,0.1838701,1.9688406,-0.027130692,-0.017168056,0.04339282,0.04917597,0.075442762,0.2187685,-0.27396754,0.84791012,0.45386144,1.0997023,1.8833171,1.7
8,11900,5.950000,23,2.023752,1.482985,0.58413501,1.2823201,0.021674582,-0.059136002,0.033727249,-0.011854493,-0.020373904,0.15277544,-0.32420121,0.73276629,-0.59828683,2.2121577,1.9873411,1.7
8,11900,5.950000,24,2.023752,1.6869215,0.92452686,0.12143724,0.033539216,-0.021060177,0.015269796,0.022006052,0.25889615,-0.37812304,-0.31433386,0.74070875,-0.5937548,2.2065136,1.9721324,1.7
8,11900,5.950000,25,2.023752,0.57783223,1.7370172,0.57502961,-0.16243537,-0.013379824,0.0073402249,-0.083761197,0.33685539,0.087329266,0.65463269,0.42173383,-0.62737279,2.2489712,0.57230808,1.7
8,11900,5.950000,26,2.023752,1.5794791,1.4445391,0.73569038,-0.097641199,-0.17982887,0.023922643,-0.2306789,-0.38480759,0.1130887,-0.81451026,-0.35293051,0.4604488,1.0922956,-2.7327096,1.7
8,11900,5.950000,27,2.023752,1.5764958,1.6345628,0.13814548,0.10678699,-0.080154387,0.0094177002,0.45546807,-0.15700054,-0.060188732,-0.11361713,0.86782263,-0.48370965,2.0756846,1.700978,1.7
8,11900,5.950000,28,2.023752,1.3997587,1.3247748,1.2644578,0.034691184,0.088639463,-0.048011676,0.053142348,0.26203979,-0.1323054,-0.28085823,-0.77773853,-0.56235347,2.1680255,-1.9173445,1.7
8,11900,5.950000,29,2.023752,1.3743518,0.078874103,1.7811243,0.064019111,0.074887559,0.09058415,-0.048440347,0.26656423,0.19133563,-0.47981411,-0.74247118,-0.46745585,2.057207,-2.1445233,1.7
8,11900,5.950000,30,2.023752,0.14105165,1.1333899,1.5083621,0.14182418,-0.021470191,-0.0020729989,0.32141178,-0.12354904,0.19283187,-0.16467322,-0.26898865,0.94896145,0.32086979,-2.1201338,1.7
8,11900,5.950000,31,2.023752,1.7381379,0.054956927,1.3377323,-0.0047571099,0.11752113,0.035113568,0.055348348,-0.07489794,0.058502259,0.60199649,0.0051116959,0.79848237,0.64602625,0.0084910346,1.7
9,12000,6.000000,0,2.020918,1.9217903,1.9056242,0.43016644,-0.078718086,0.019717691,0.050281642,-0.087056797,0.24742287,-0.010903552,-0.26446653,0.3127732,0.91226662,0.42201215,2.2727034,1.7
9,12000,6.000000,1,2.020918,0.40636425,0.49481196,0.88887967,0.043501177,-0.14271251,-0.02810196,0.1836145,-0.22373582,-0.013826495,-0.96462423,-0.059128244,0.25691234,1.3109704,-3.0803726,1.7
9,12000,6.000000,2,2.020918,0.90376289,0.49372476,0.55668528,0.038852592,-0.020107436,0.015779409,0.18506894,-0.10293121,0.13733498,-0.85024236,0.11190595,0.51435881,1.0305365,3.0107283,1.7
9,12000,6.000000,3,2.020918,1.1340593,0.9968265,0.062511857,0.040178609,-0.05149303,0.055183997,0.14441723,0.29998066,0.046375242,-0.77349179,0.41684337,-0.47744324,2.0685389,2.6473028,1.7
9,12000,6.000000,4,2.020918,0.23744931,0.42768509,1.4303341,-0.017763704,0.090013114,0.031373364,0.06164951,0.2757789,0.18531318,0.039688841,-0.98173315,-0.18607744,1.7579647,-1.530391,1.7
9,12000,6.000000,5,2.020918,0.60206365,0.80889547,0.10987264,0.10375197,0.066790909,0.052458236,-0.079369844,-0.056633903,-0.073906967,0.55353555,-0.14091575,0.82081736,0.60795579,-0.24927893,1.7
9,12000,6.000000,6,2.020918,0.44783857,0.10329754,0.13056376,-0.060792479,-0.018043853,0.15847384,-0.13695896,-0.052661206,0.46995639,-0.34984709,0.010837377,-0.93674413,2.7840056,3.1106251,1.7
9,12000,6.000000,7,2.020918,0.80976389,0.69924765,1.2552615,-0.067058423,-0.02505537,-0.11957465,-0.23919764,0.18109676,-0.26301054,0.78258008,-0.2921958,-0.54971814,2.1528231,-0.35734521,1.7
9,12000,6.000000,8,2.020918,0.34018459,1.2737568,0.097638932,-0.054443874,-0.12240533,-0.14727298,-0.24883232,-0.42889139,-0.19440841,-0.41693049,0.32191718,0.85002253,0.55476826,2.4840892,1.7
9,12000,6.000000,9,2.020918,0.1966727,1.7453829,1.1942901,-0.011953825,0.13599703,0.032356311,-0.068888834,0.19510119,4.5618756e-05,0.78082607,0.34788836,0.51892615,1.0252021,0.41913786,1.7
9,12000,6.000000,10,2.020918,0.59464502,1.07962,0.80922377,0.061845521,-0.095857879,0.0034748819,0.15003118,-0.21686787,-0.026888735,0.26226222,-0.040553999,-0.96414413,2.8729955,-0.15341642,1.7
9,12000,6.000000,11,2.020918,1.031426,1.7543935,0.14485902,0.11763266,0.041299199,0.14608842,0.34257794,-0.084042072,0.3557035,0.074395816,0.43106825,-0.89924714,2.6888417,1.3998951,1.7
9,12000,6.000000,12,2.020918,1.9327387,1.0158772,0.87827611,-0.018135572,-0.096066903,-0.051195479,0.022846005,-0.32604765,-0.13925066,0.63569691,-0.62024637,0.45954746,1.0933107,-0.77309684,1.7
9,12000,6.000000,13,2.020918,0.16018234,1.6601251,1.7648934,0.010082655,-0.078352787,-0.08726358,0.12662508,-0.20506847,-0.34126586,0.38985315,0.85449998,-0.34328457,1.9212081,1.1427691,1.7
9,12000,6.000000,14,2.020918,0.71371322,1.3464247,1.2966586,-0.010263263,-0.070739139,-0.085969796,0.14039635,-0.0097925877,-0.13889539,0.53134964,0.52728599,-0.66305132,2.2956839,0.78155961,1.7
9,12000,6.000000,15,2.020918,0.74617706,0.15202184,1.3382976,-0.077546166,0.12330636,-0.086356768,-0.32430419,0.027684359,-0.2954631,0.57826754,0.78262692,-0.23043819,1.8033243,0.93444995,1.7
9,12000,6.000000,16,2.020918,1.451334,0.48450318,0.3229575,-0.036879021,0.17536927,-0.088359952,-0.22552202,0.0060872591,0.13414945,0.71273369,-0.69042721,0.12377783,1.4467002,-0.76950219,1.7
9,12000,6.000000,17,2.020918,1.1595675,1.058577,0.73670149,0.0094451071,0.041354175,0.023553806,0.063231963,-0.038372308,-0.090962454,0.3968704,-0.81406984,0.42400965,1.1329282,-1.1171874,1.7
9,12000,6.000000,18,2.020918,1.7832061,0.45957875,0.82708555,-0.061384193,0.11059317,-0.064679689,-0.58342871,0.15270228,-0.22227444,0.33859681,0.16872857,0.92567968,0.38796803,0.46230035,1.7
9,12000,6.000000,19,2.020918,0.1200164,0.70995311,0.43376654,0.015496115,0.027621927,-0.01301769,0.12586048,-0.086723456,0.075150512,-0.52492088,0.65860082,0.53916883,1.0013464,2.2437202,1.7
9,12000,6.000000,20,2.020918,1.2111847,0.091254634,0.86095699,-0.0079633695,-0.020655302,-0.073955218,0.17022215,-0.032826934,-0.20004584,-0.037095642,0.7432889,-0.66794126,2.3022353,1.6206624,1.7
9,12000,6.000000,21,2.020918,0.95317385,0.4207601,1.9990229,-0.07309758,-0.0030440548,0.042588209,-0.39844183,-0.11178348,-0.028594185,-0.59967501,-0.55369391,-0.57776547,2.1867846,-2.3960402,1.7
9,12000,6.000000,22,2.020918,1.9129362,0.18678945,1.9781846,-0.025526464,-0.01398899,0.055502382,0.038339186,0.093160561,0.21336448,-0.56515683,0.74964569,0.34442574,1.2191693,2.2167879,1.7
9,12000,6.000000,23,2.020918,1.4790522,0.58540879,1.2898846,0.01981726,-0.057042745,0.043094,-0.010433144,0.066143363,0.23245928,-0.21069666,0.73079862,-0.64926135,2.2774092,1.8514943,1.7
9,12000,6.000000,24,2.020918,1.6897178,0.93549672,0.10165456,0.03870145,-0.008787021,-0.0043565774,0.20305745,0.26351828,-0.35095907,-0.41642231,0.85537139,-0.30811076,1.8840029,2.0238543,1.7
9,12000,6.000000,25,2.020918,0.57190459,1.7528591,0.57511532,-0.16755741,0.0049073731,0.0082318281,-0.11059797,0.3893652,0.040135755,0.47794707,0.65960532,-0.58007536,2.1896175,0.9437533,1.7
9,12000,6.000000,26,2.020918,1.5682155,1.4267072,0.73711313,-0.1066993,-0.19564894,0.026377366,-0.11554737,-0.26245538,0.027769265,-0.90070934,-0.39902856,0.1717524,1.3981881,-2.7245619,1.7
9,12000,6.000000,27,2.020918,1.5961871,1.6228069,0.1347132,0.12870142,-0.089627883,0.0061766038,0.37735925,-0.19343014,-0.065613685,-0.23458739,0.90131648,-0.36413921,1.9435047,1.8254191,1.7
9,12000,6.000000,28,2.020918,1.4004522,1.3361965,1.2595221,0.037346787,0.10192571,-0.051178866,0.047751041,0.30228559,-0.039384947,-0.24478736,-0.76155833,-0.60009004,2.21441,-1.8817955,1.7
9,12000,6.000000,29,2.020918,1.3685625,0.091743853,1.7896138,0.060151688,0.087876865,0.10157559,-0.098498444,0.27824256,0.241599,-0.33108693,-0.7983263,-0.50304727,2.0979174,-1.963933,1.7
9,12000,6.000000,30,2.020918,0.15443345,1.1244045,1.5169934,0.15541302,-0.028873624,0.0086781248,0.25246063,-0.17898517,0.20529138,-0.19899361,-0.44532188,0.87297764,0.50952224,-1.9910305,1.7
9,12000,6.000000,31,2.020918,1.7353858,0.049229681,1.3408289,-0.0050753777,0.11186688,0.040087019,0.0022174654,-0.16487683,0.087793069,0.71457827,0.19369349,0.67220586,0.83361213,0.26469942,1.7
10,12100,6.050000,0,2.0251003,1.922535,1.9227762,0.43585266,-0.081947197,0.032912406,0.055072679,-0.079019654,0.25966187,0.12186013,0.033346747,0.10031301,0.99439695,0.10590836,1.2498617,1.7
10,12100,6.050000,1,2.0251003,0.41475631,0.48589481,0.8924994,0.051044464,-0.15264342,-0.02632361,0.12706645,-0.25484896,0.12013967,-0.90313384,0.16840777,0.39495327,1.1647793,2.9572395,1.7
10,12100,6.050000,2,2.0251003,0.91399698,0.48910529,0.56497249,0.047207703,-0.025742843,0.022907191,0.14582377,-0.11812938,0.12953716,-0.87772941,0.037517617,0.47768558,1.0727779,3.0988747,1.7
10,12100,6.050000,3,2.0251003,1.1431608,1.0140305,0.064577727,0.046926228,-0.036367565,0.057118499,0.094257939,0.31820207,-0.0043085307,-0.89848509,0.20003913,-0.39077986,1.972275,2.9225252,1.7
10,12100,6.050000,4,2.0251003,0.23978637,0.44043978,1.4441002,-0.015919952,0.10187046,0.042168288,0.037754131,0.27066833,0.23511779,0.32258929,-0.94308127,-0.080832373,1.651717,-1.2412135,1.7
10,12100,6.050000,5,2.0251003,0.59915248,0.80330693,0.10350707,0.09959912,0.059535863,0.045872091,-0.066689087,-0.17542819,-0.13213341,0.73828962,0.17246991,0.65206024,0.86049765,0.22949182,1.7
10,12100,6.050000,6,2.0251003,0.44186183,0.10183966,0.1528491,-0.067688899,-0.019713781,0.18046624,-0.063231193,0.0063749067,0.44216415,-0.16130399,-0.081964094,-0.98349525,2.9596567,-2.6714588,1.7
10,12100,6.050000,7,2.0251003,0.80069513,0.71295601,1.244795,-0.077791887,-0.012806769,-0.13262533,-0.23699298,0.29696969,-0.29121059,0.73727921,-0.089887758,-0.66958162,2.3044417,-0.12131947,1.7
10,12100,6.050000,8,2.0251003,0.32495121,1.2517719,0.088474172,-0.070364807,-0.14700086,-0.15663013,-0.31377375,-0.5746337,-0.16551332,-0.24392265,0.33233095,0.91107512,0.42491174,2.2039624,1.7
10,12100,6.050000,9,2.0251003,0.19381671,1.7582028,1.1937331,-0.015213459,0.14519531,0.029330827,-0.028083095,0.16002665,-0.053735609,0.66320173,0.35164718,0.66068732,0.84906232,0.48753545,1.7
10,12100,6.050000,10,2.0251003,0.60127075,1.0696829,0.80842461,0.067235062,-0.10801668,0.0010035886,0.057105924,-0.25305908,0.00034792714,0.40492114,-0.14772483,-0.90233932,2.6959627,-0.34981927,1.7
10,12100,6.050000,11,2.0251003,1.0476435,1.7514286,0.1607458,0.13170109,0.034710403,0.16165931,0.23854509,-0.10345813,0.34016416,0.076253325,0.37632743,-0.92334343,2.747495,1.3708781,1.7
10,12100,6.050000,12,2.0251003,1.9400611,1.0020086,0.87282974,-0.014816445,-0.11202138,-0.058451947,0.11540139,-0.30897096,-0.13308317,0.48476277,-0.57670472,0.657584,0.85318895,-0.87180028,1.7
10,12100,6.050000,13,2.0251003,0.16716087,1.6562614,1.751304,0.016722819,-0.085644559,-0.10448758,0.10736019,-0.11458956,-0.36139917,0.24650507,0.79187832,-0.55871636,2.1636336,1.2690127,1.7
10,12100,6.050000,14,2.0251003,0.72874964,1.3477112,1.2918997,0.0032821302,-0.072237447,-0.093404475,0.33670256,-0.057526265,-0.16166052,0.61487181,0.25977068,-0.74461524,2.4107546,0.39973374,1.7
10,12100,6.050000,15,2.0251003,0.73153194,0.15429257,1.3261148,-0.093718774,0.12526046,-0.10129366,-0.27925441,0.020560437,-0.31295279,0.75399384,0.59490956,-0.27852453,1.8530538,0.66800442,1.7
10,12100,6.050000,16,2.0251003,1.446054,0.4833332,0.32755304,-0.045153975,0.17319885,-0.084436833,-0.097214212,-0.02464225,0.0509544,0.84530509,-0.51146907,0.15446261,1.4157128,-0.54413939,1.7
10,12100,6.050000,17,2.0251003,1.1618991,1.0573217,0.73527959,0.0093770007,0.037911703,0.020610344,-0.053570655,-0.10023223,-0.023650178,0.30247157,-0.86837745,0.3929778,1.1669286,-1.2356207,1.7
10,12100,6.050000,18,2.0251003,1.7571336,0.47158891,0.82165517,-0.091116299,0.12164081,-0.071814351,-0.66506646,0.22533621,-0.089597746,0.2545114,0.1164114,0.96003767,0.28365953,0.42898381,1.7
10,12100,6.050000,19,2.0251003,0.12921226,0.71029258,0.43816085,0.024434366,0.026493322,-0.0095246736,0.17687893,0.0011768744,0.025537695,-0.52589347,0.46654689,0.71117513,0.77962797,2.415922,1.7
10,12100,6.050000,20,2.0251003,1.2251801,0.091457932,0.85603507,0.0035136058,-0.02064087,-0.080651963,0.23892844,0.017422576,-0.14444393,-0.13844682,0.76173967,-0.63291797,2.2561127,1.7505846,1.7
10,12100,6.050000,21,2.0251003,0.93533763,0.41708902,2.0004931,-0.092885932,-0.0075812153,0.039924149,-0.37842373,-0.060019463,-0.075911865,-0.57446953,-0.50805762,-0.64176492,2.2675937,-2.4174667,1.7
10,12100,6.050000,22,2.0251003,1.9162717,0.19068996,1.9923979,-0.026149183,-0.01047867,0.065611396,-0.05281304,0.042955236,0.23124266,-0.8118486,0.54914694,0.19834183,1.3711305,2.5468712,1.7
10,12100,6.050000,23,2.0251003,1.4818825,0.59082623,1.305907,0.019586916,-0.052841148,0.056433242,0.0024033249,0.074368708,0.26473149,-0.10298727,0.72319079,-0.68292657,2.3225578,1.712252,1.7
10,12100,6.050000,24,2.0251003,1.70632,0.94948766,0.086875496,0.051793246,0.0032554615,-0.019330533,0.27820264,0.24011084,-0.27003215,-0.5211204,0.85265669,0.037551232,1.5332363,2.1193905,1.7
10,12100,6.050000,25,2.0251003,0.56932688,1.7741321,0.58075919,-0.17131479,0.022534608,0.012680902,-0.046712335,0.32026168,0.10079959,0.25647152,0.82517445,-0.50329861,2.0982082,1.2694529,1.7
10,12100,6.050000,26,2.0251003,1.5654029,1.4180362,0.74080167,-0.11275107,-0.20726051,0.028538211,-0.053464903,-0.19209794,-0.0012708273,-0.89844334,-0.43382901,-0.067763982,1.6386123,-2.6917448,1.7
10,12100,6.050000,27,2.0251003,1.619184,1.6175787,0.13370678,0.14837464,-0.098205622,0.0048927191,0.43156914,-0.21238649,0.0036739962,-0.31557752,0.90310203,-0.29123454,1.8663134,1.9069698,1.7
10,12100,6.050000,28,2.0251003,1.4031939,1.3516459,1.2602942,0.037190406,0.11459674,-0.053011434,-0.092448847,0.17859481,-0.026814376,-0.23438223,-0.76060194,-0.60543344,2.2211067,-1.8697166,1.7
10,12100,6.050000,29,2.0251003,1.3674047,0.10585637,1.801511,0.056165792,0.10178514,0.10976075,-0.09274259,0.31523182,0.066619302,-0.18847479,-0.82475792,-0.53315254,2.1331189,-1.7954599,1.7
10,12100,6.050000,30,2.0251003,0.16696876,1.1196169,1.5245506,0.16761611,-0.035980804,0.013091436,0.21521122,-0.076404685,0.029949049,-0.25212555,-0.64410352,0.72219344,0.76382811,-1.9438985,1.7
10,12100,6.050000,31,2.0251003,1.7393046,0.041847307,1.3482822,-0.0047483185,0.10439036,0.044760615,0.02043565,-0.14090243,0.089703162,0.79650706,0.29220348,0.5293332,1.0129819,0.35161177,1.7
11,12200,6.100000,0,2.0317395,1.9279625,1.9426574,0.44437637,-0.082821203,0.046467646,0.062155867,0.022697395,0.26369218,0.16236192,0.26780101,-0.20002257,0.94248267,0.34081466,-0.64151893,1.7
11,12200,6.100000,1,2.0317395,0.42314866,0.4772636,0.90229361,0.058065557,-0.16285091,-0.01946665,0.11819583,-0.16471526,0.14553564,-0.78278147,0.41296115,0.46552793,1.0865653,2.6561439,1.7
11,12200,6.100000,2,2.0317395,0.92196664,0.48413855,0.57087063,0.052172731,-0.032302367,0.026946477,0.089799039,-0.10055265,0.052549163,-0.88642638,-0.064114931,0.45840763,1.0945937,-3.0693887,1.7
11,12200,6.100000,3,2.0317395,1.1494818,1.0309662,0.064101525,0.049495174,-0.022778644,0.056431706,0.033993587,0.27545243,0.030275357,-0.95808429,0.0065982217,-0.28641047,1.8612746,3.1347059,1.7
11,12200,6.100000,4,2.0317395,0.24056652,0.45620223,1.4593114,-0.015925929,0.11616555,0.052627905,-0.081415831,0.31813886,0.15345813,0.60089241,-0.79623292,0.070295421,1.5004429,-0.92431366,1.7
11,12200,6.100000,5,2.0317395,0.60032744,0.79603333,0.10219282,0.098811071,0.049644832,0.044221193,-0.054866659,-0.17095383,0.043700869,0.75670808,0.507292,0.41236841,1.145744,0.59057812,1.7
11,12200,6.100000,6,2.0317395,0.43919807,0.10513903,0.17443886,-0.071794563,-0.016753134,0.20152043,-0.11470559,0.034604571,0.37177384,0.025897819,-0.21111966,-0.97711708,2.9272531,-1.4487372,1.7
11,12200,6.100000,7,2.0317395,0.79227734,0.73223895,1.2364868,-0.088816689,0.0041110862,-0.14499435,-0.19012683,0.33387727,-0.24334586,0.67516566,0.15971058,-0.72016933,2.3748427,0.23228053,1.7
11,12200,6.100000,8,2.0317395,0.30861953,1.2303252,0.081772186,-0.087733408,-0.17250972,-0.16361076,-0.31144067,-0.48440736,-0.086034165,-0.012138442,0.31636214,0.94856083,0.3221376,1.6091463,1.7
11,12200,6.100000,9,2.0317395,0.19118306,1.7709328,1.1946754,-0.018477188,0.15214978,0.026364372,-0.042971916,0.19915347,-0.10217079,0.57847923,0.36165783,0.73113979,0.75080518,0.55873394,1.7
11,12200,6.100000,10,2.0317395,0.60883963,1.0603651,0.80854217,0.072823552,-0.12082044,-0.001525106,0.18206879,-0.24214204,-0.053012037,0.49407709,-0.17441537,-0.85174357,2.5901004,-0.33935599,1.7
11,12200,6.100000,11,2.0317395,1.0609139,1.75246,0.17886264,0.14152075,0.03000748,0.17922042,0.13679669,-0.17687319,0.40182218,0.045457089,0.28373612,-0.95782434,2.8501291,1.4119373,1.7
11,12200,6.100000,12,2.0317395,1.9524035,0.99065383,0.86887818,-0.0088442144,-0.12663731,-0.065253914,0.16941193,-0.27943522,-0.14363508,0.31800665,-0.53140556,0.78516234,0.6678381,-1.0315353,1.7
11,12200,6.100000,13,2.0317395,0.17337194,1.6580921,1.743544,0.022376611,-0.089237972,-0.11796716,0.044994834,-0.076453578,-0.21216645,0.15151026,0.69523601,-0.70263187,2.3498859,1.3562248,1.7
11,12200,6.100000,14,2.0317395,0.74580879,1.3479559,1.290358,0.017928128,-0.076404355,-0.099172137,0.28332625,-0.097281903,-0.095312832,0.64954435,-0.098705465,-0.75388949,2.4247585,-0.15080733,1.7
11,12200,6.100000,15,2.0317395,0.72228895,0.15532189,1.3144665,-0.10534105,0.12578309,-0.11726349,-0.21071197,0.021150182,-0.35743884,0.87506568,0.34917031,-0.33517183,1.9125839,0.37966285,1.7
11,12200,6.100000,16,2.0317395,1.4496123,0.4879452,0.33137146,-0.046334565,0.17622131,-0.081696764,0.037045897,0.13685101,0.037700351,0.92125174,-0.30421762,0.24237754,1.3259806,-0.31894777,1.7
11,12200,6.100000,17,2.0317395,1.1570329,1.0482201,0.73592485,0.000715695,0.02536421,0.018847898,-0.22083944,-0.35709303,-0.040377759,0.28000634,-0.88873498,0.36296912,1.199344,-1.2655794,1.7
11,12200,6.100000,18,2.0317395,1.7347753,0.48291708,0.81820959,-0.11918934,0.13140691,-0.077943664,-0.52397467,0.2182947,-0.081671271,0.22393213,-0.025682425,0.9742663,0.22735364,-0.11418952,1.7
11,12200,6.100000,19,2.0317395,0.14035354,0.70847288,0.43873111,0.03513452,0.022351732,-0.01038949,0.23812951,-0.058365392,-0.074146253,-0.50209926,0.22050813,0.83622514,0.58043324,2.7277794,1.7
11,12200,6.100000,20,2.0317395,1.2419625,0.093420376,0.85405833,0.016258426,-0.018980984,-0.08542737,0.25404608,0.08213894,-0.024488323,-0.20039421,0.81035772,-0.55060197,2.1538815,1.8132238,1.7
11,12200,6.100000,21,2.0317395,0.9188447,0.41452527,2.0034702,-0.11241338,-0.011505953,0.036348548,-0.39385179,-0.13080284,-0.073086266,-0.54192182,-0.44797311,-0.71108427,2.3618354,-2.4508188,1.7
11,12200,6.100000,22,2.0317395,1.9223899,0.19732657,2.0074873,-0.026313148,-0.0044770573,0.07415483,0.029889233,0.14046697,0.1154129,-0.96418341,0.26359543,0.029458475,1.5413336,2.8747264,1.7
11,12200,6.100000,23,2.0317395,1.4853807,0.5989167,1.3245523,0.01822905,-0.046697738,0.070773747,-0.072512288,0.12596509,0.29852304,0.047224056,0.78747816,-0.61453074,2.2325873,1.5108993,1.7
11,12200,6.100000,24,2.0317395,1.7295593,0.96106938,0.073855533,0.069409597,0.011710482,-0.032613575,0.39443619,0.11949861,-0.30821794,-0.56415956,0.72530244,0.39453817,1.1652311,2.2318699,1.7
11,12200,6.100000,25,2.0317395,0.57155318,1.7954312,0.58743236,-0.1709556,0.037992023,0.017442277,0.078748215,0.24001766,0.14312394,0.10242943,0.9216488,-0.37426154,1.9543966,1.4601134,1.7
11,12200,6.100000,26,2.0317395,1.5691767,1.418127,0.73999267,-0.11410715,-0.21181121,0.025305808,0.029817998,-0.0011071828,-0.14473104,-0.86613403,-0.41798353,-0.27404673,1.8483947,-2.6919736,1.7
11,12200,6.100000,27,2.0317395,1.6410818,1.613578,0.13442178,0.16493692,-0.10749429,0.0051689112,0.26601047,-0.17882993,-0.021605869,-0.41840073,0.8679269,-0.26766346,1.8417635,2.0199966,1.7
11,12200,6.100000,28,2.0317395,1.4009443,1.3615255,1.2658418,0.030351635,0.12003613,-0.051598014,-0.19731645,0.053368723,0.043932247,-0.15123812,-0.75733653,-0.63527035,2.2591549,-1.7679009,1.7
11,12200,6.100000,29,2.0317395,1.366104,0.11999662,1.8096563,0.050391519,0.11555581,0.11199617,-0.12481649,0.28375312,0.032153248,-0.022616859,-0.82993116,-0.55740716,2.1620558,-1.5980411,1.7
11,12200,6.100000,30,2.0317395,0.17542937,1.1194099,1.5275429,0.1755164,-0.039852097,0.011088757,0.11370761,-0.12085892,-0.040896283,-0.23387814,-0.79662397,0.55739687,0.97954921,-1.856359,1.7
11,12200,6.100000,31,2.0317395,1.7449094,0.033873897,1.3561017,-0.0048455524,0.096293002,0.048154305,0.028391963,-0.14787205,0.033622569,0.85614031,0.33967404,0.38941664,1.1707982,0.3777019,1.7
12,12300,6.150000,0,2.0349146,1.9310682,1.9588547,0.45273029,-0.08272863,0.059618728,0.069809351,-0.054568585,0.19995814,0.18017022,0.45205528,-0.48393265,0.74930316,0.72378715,-0.81944246,1.7
12,12300,6.150000,1,2.0349146,0.43003068,0.46895495,0.91207891,0.064281442,-0.17189835,-0.011097968,0.12200355,-0.15947789,0.18206198,-0.63010331,0.64261865,0.43590261,1.1197554,2.3463613,1.7
12,12300,6.150000,2,2.0349146,0.93243114,0.4819663,0.57471152,0.061189364,-0.035228928,0.029892921,0.17022284,-0.040210456,0.07193969,-0.86702881,-0.2246365,0.44474654,1.1099051,-2.8880793,1.7
12,12300,6.150000,3,2.0349146,1.1544988,1.0444756,0.064174123,0.052713268,-0.010889652,0.056404149,0.079511268,0.24380974,-0.010414186,-0.94981602,-0.16751029,-0.26417766,1.8381475,-2.967027,1.7
12,12300,6.150000,4,2.0349146,0.2345159,0.47643943,1.4726777,-0.02234748,0.13567457,0.063704963,-0.1562093,0.43116301,0.24775111,0.82807231,-0.51480996,0.2219616,1.3469705,-0.5562205,1.7
12,12300,6.150000,5,2.0349146,0.60131752,0.79077649,0.10673666,0.098862931,0.043149043,0.048601911,0.080127795,-0.11149962,0.15744207,0.65463471,0.73825157,0.1625977,1.4074735,0.84535757,1.7
12,12300,6.150000,6,2.0349146,0.43095026,0.10856124,0.19313319,-0.080721775,-0.013497781,0.21992778,-0.16625195,0.13292731,0.3605496,0.22636274,-0.41012678,-0.88349077,2.6540587,-1.0664698,1.7
12,12300,6.150000,7,2.0349146,0.78491093,0.75325044,1.2279652,-0.097414543,0.023962745,-0.15544013,-0.13085068,0.4846042,-0.21561796,0.55968601,0.39124034,-0.73053581,2.3899026,0.61007829,1.7
12,12300,6.150000,8,2.0349146,0.28806275,1.2072242,0.075362443,-0.10875607,-0.19751392,-0.17014319,-0.47055425,-0.43057353,-0.19611641,0.14473025,0.27592659,0.9502198,0.31685575,1.0877222,1.7
12,12300,6.150000,9,2.0349146,0.18550801,1.7839932,1.1911042,-0.02444636,0.16243461,0.02093049,-0.16506021,0.20162911,-0.1465538,0.58402328,0.35518701,0.72990342,0.75261568,0.54640717,1.7
12,12300,6.150000,10,2.0349146,0.61899772,1.0487102,0.80639387,0.082022986,-0.1341221,-0.0049343107,0.16786808,-0.24042474,-0.056174915,0.55931438,-0.16059049,-0.81325157,2.5205146,-0.27959905,1.7
12,12300,6.150000,11,2.0349146,1.0672806,1.7464358,0.19761125,0.14622581,0.021251352,0.19767509,0.050644402,-0.17122465,0.39070467,0.031005212,0.21532928,-0.97604917,2.922289,1.4277895,1.7
12,12300,6.150000,12,2.0349146,1.9596661,0.98004586,0.86337173,-0.0046360568,-0.13878397,-0.072112873,0.055080172,-0.18941143,-0.1277261,0.25080518,-0.4512897,0.85640783,0.54252486,-1.0635477,1.7
12,12300,6.150000,13,2.0349146,0.17507856,1.6581274,1.7390165,0.02381117,-0.091791936,-0.12521369,0.014976003,-0.03261837,-0.05961017,0.080443151,0.51511621,-0.85333709,2.5931492,1.4158825,1.7
12,12300,6.150000,14,2.0349146,0.759781,1.3438587,1.2881338,0.030724811,-0.082603348,-0.10340963,0.23854148,-0.14864925,-0.073072154,0.59272248,-0.43937028,-0.67500653,2.3117699,-0.6378936,1.7
12,12300,6.150000,15,2.0349146,0.71510797,0.15498023,1.2979924,-0.11364433,0.12519915,-0.13577736,-0.17179004,0.0041574791,-0.33156901,0.92864569,0.078620528,-0.36254103,1.9417893,0.084460084,1.7
12,12300,6.150000,16,2.0349146,1.4521758,0.49672577,0.32838744,-0.04603676,0.18423308,-0.085195911,0.0017797734,0.1229467,-0.19543605,0.9463509,-0.043090348,0.32025491,1.2447978,-0.045501733,1.7
12,12300,6.150000,17,2.0349146,1.1513271,1.0292544,0.73427107,-0.006792341,0.0047765183,0.016046218,-0.044324958,-0.48952117,-0.082932905,0.28711266,-0.88084248,0.37640782,1.1848804,-1.2557033,1.7
12,12300,6.150000,18,2.0349146,1.7120241,0.49357657,0.81623029,-0.14463168,0.14130398,-0.081199107,-0.44052154,0.1957651,0.037190648,0.19242942,-0.17796806,0.96503797,0.26520812,-0.74637517,1.7
12,12300,6.150000,19,2.0349146,0.15458602,0.70592727,0.43899284,0.049136721,0.018701786,-0.010813064,0.3262154,-0.077939836,-0.03239735,-0.38347019,-0.03444023,0.92291088,0.39522262,-3.052021,1.7
12,12300,6.150000,20,2.0349146,1.2574603,0.09518439,0.8571109,0.029804679,-0.017364228,-0.083710849,0.24751424,-0.040185028,0.08224029,-0.29411419,0.86760795,-0.40094051,1.9833396,1.8976331,1.7
12,12300,6.150000,21,2.0349146,0.90154397,0.40817809,2.0021953,-0.13113544,-0.018495484,0.031946073,-0.36386907,-0.13912844,-0.10867588,-0.47032524,-0.45298988,-0.75736011,2.4300572,-2.3749674,1.7
12,12300,6.150000,22,2.0349146,1.926559,0.20758045,2.0161191,-0.025149166,0.0054606921,0.079645094,0.025908554,0.23908059,0.03927355,-0.98320025,0.031944193,-0.17971323,1.7514913,3.1091141,1.7
12,12300,6.150000,23,2.0349146,1.4846883,0.6067919,1.3412529,0.015217637,-0.039763925,0.085392898,-0.032099636,0.14114686,0.27081067,0.20807398,0.86124313,-0.46364371,2.0528996,1.3337416,1.7
12,12300,6.150000,24,2.0349146,1.7552284,0.96781314,0.058129286,0.092357875,0.01694821,-0.048442882,0.41376889,0.093497829,-0.248808,-0.49646623,0.54602952,0.67481334,0.83008459,2.3086873,1.7
12,12300,6.150000,25,2.0349146,0.57846597,1.8069585,0.5981065,-0.16494071,0.046706612,0.027190776,0.1951933,0.16096492,0.23818184,0.01192033,0.97733207,-0.21137628,1.7837792,1.5586001,1.7
12,12300,6.150000,26,2.0349146,1.5741224,1.4214249,0.73189656,-0.11161569,-0.21073039,0.016060477,0.040169079,-0.074787845,-0.22074295,-0.74587502,-0.43190628,-0.50707733,2.1025868,-2.6167126,1.7
12,12300,6.150000,27,2.0349146,1.655713,1.6059867,0.13298861,0.17699407,-0.11759932,0.0035269539,0.25519342,-0.19562985,-0.022091447,-0.56476608,0.77949955,-0.27096076,1.8451873,2.1977924,1.7
12,12300,6.150000,28,2.0349146,1.3942989,1.3613935,1.2724763,0.021523773,0.11777811,-0.046945356,-0.19753181,-0.046717888,0.019892357,-0.056984599,-0.76249536,-0.64447931,2.2711384,-1.645392,1.7
12,12300,6.150000,29,2.0349146,1.3630893,0.13381874,1.8124245,0.045245884,0.12917976,0.11193631,-0.078872178,0.29359036,-0.00041953833,0.21238869,-0.83951859,-0.50009957,2.0945101,-1.3230068,1.7
12,12300,6.150000,30,2.0349146,0.18197168,1.1144611,1.5260052,0.18177966,-0.046545125,0.0071669231,0.13896276,-0.15289032,-0.1279105,-0.16917074,-0.91174214,0.37430942,1.1871444,-1.7542566,1.7
12,12300,6.150000,31,2.0349146,1.745725,0.028364204,1.3585637,-0.0067554171,0.090734712,0.048496751,-0.12923855,-0.15642106,-0.00071452821,0.93966318,0.26776168,0.21292436,1.3562293,0.2775975,1.7
13,12400,6.200000,0,2.0375258,1.9301407,1.9713279,0.46446466,-0.086131749,0.069572053,0.080955649,-0.10534608,0.27998008,0.20969463,0.64488775,-0.65566921,0.39270558,1.1672247,-0.79368785,1.7
13,12400,6.200000,1,2.0375258,0.43491716,0.46070903,0.9231578,0.068613339,-0.18074035,-0.001195767,0.078793726,-0.21710642,0.22976182,-0.40101375,0.82996514,0.38774456,1.1726129,2.020889,1.7
13,12400,6.200000,2,2.0375258,0.94042904,0.47964688,0.58098013,0.067986441,-0.038164906,0.035420541,0.1751845,-0.062605934,0.16752804,-0.81270224,-0.43053602,0.39262426,1.1673131,-2.6544225,1.7
13,12400,6.200000,3,2.0375258,1.1595245,1.058476,0.064484681,0.056255283,0.0017624396,0.056632214,0.050197442,0.2599255,0.053949175,-0.88886213,-0.34103213,-0.3059758,1.8817596,-2.7752403,1.7
13,12400,6.200000,4,2.0375258,0.22596879,0.49348975,1.482341,-0.03118985,0.15210301,0.071473593,-0.18879257,0.19840497,0.10778625,0.92150032,-0.15802762,0.35477377,1.2081242,-0.16983745,1.7
13,12400,6.200000,5,2.0375258,0.60086991,0.78725621,0.11740303,0.097644517,0.038616974,0.059124576,-0.062342151,-0.055693002,0.21193644,0.54591509,0.83439952,-0.075856072,1.6467253,0.99143148,1.7
13,12400,6.200000,6,2.0375258,0.4233405,0.11368258,0.20830971,-0.088879288,-0.008518933,0.23484691,-0.1588526,0.14211063,0.29969792,0.42582145,-0.6250977,-0.6541628,2.2838715,-0.97279421,1.7
13,12400,6.200000,7,2.0375258,0.7800758,0.77218604,1.221746,-0.1032531,0.041920284,-0.16323001,-0.046197205,0.25690812,-0.1354368,0.44842776,0.58493353,-0.67584415,2.3129057,0.91673652,1.7
13,12400,6.200000,8,2.0375258,0.26401894,1.1871354,0.068656755,-0.13315387,-0.21913791,-0.17694122,-0.53300187,-0.35562814,-0.089198136,0.36400409,0.21962351,0.90513343,0.43910284,0.5428824,1.7
13,12400,6.200000,9,2.0375258,0.18088876,1.7952653,1.1848666,-0.029300532,0.1714117,0.013169467,-0.053552243,0.17706776,-0.21094253,0.58441579,0.37324324,0.72051903,0.76624581,0.56836229,1.7
13,12400,6.200000,10,2.0375258,0.6219276,1.0411854,0.7991202,0.084157217,-0.14298679,-0.013237401,-0.0095155892,-0.2018819,-0.23518849,0.63693785,-0.16443024,-0.75317519,2.423672,-0.25264139,1.7
13,12400,6.200000,11,2.0375258,1.0721435,1.7425775,0.21855137,0.14971701,0.015156033,0.21834839,0.041063535,-0.19358852,0.3603992,0.048899961,0.12367592,-0.99111708,3.0082052,1.1942722,1.7
13,12400,6.200000,12,2.0375258,1.9662325,0.97402191,0.86029602,-0.00058685003,-0.14606081,-0.076293744,0.11923821,-0.084617466,-0.029627488,0.27961961,-0.38411835,0.87992384,0.49509444,-0.94155609,1.7
13,12400,6.200000,13,2.0375258,0.17591411,1.6587975,1.7403745,0.024421665,-0.09324855,-0.12608661,-0.085876255,-0.030272169,0.0018839357,0.049544199,0.31443821,-0.94798417,2.8176385,1.414517,1.7
13,12400,6.200000,14,2.0375258,0.77052602,1.3385554,1.2852685,0.040488645,-0.089626553,-0.10792492,0.20657587,-0.084062019,-0.11232867,0.45756324,-0.68174984,-0.57083538,2.1783193,-0.97968938,1.7
13,12400,6.200000,15,2.0375258,0.70829632,0.15366864,1.2802559,-0.12136862,0.12368966,-0.15516697,-0.10838049,-0.088898623,-0.41279105,0.95566813,-0.12143297,-0.26823955,1.8423615,-0.12638873,1.7
13,12400,6.200000,16,2.0375258,1.4566853,0.50272913,0.31345578,-0.043392296,0.18959561,-0.1005391,0.055052343,0.11284878,-0.38144733,0.89923744,0.25200158,0.35758528,1.2051154,0.2732305,1.7
13,12400,6.200000,17,2.0375258,1.1548086,1.0096791,0.73041777,-0.0047894724,-0.016106105,0.011253802,0.093095972,-0.38600111,-0.067401582,0.31476023,-0.8411806,0.43970581,1.1155252,-1.2127372,1.7
13,12400,6.200000,18,2.0375258,1.6954153,0.50210448,0.82194063,-0.16342525,0.14919349,-0.076539107,-0.3150582,0.11424167,0.13831809,0.13986154,-0.36973117,0.91855191,0.40639483,-1.209154,1.7
13,12400,6.200000,19,2.0375258,0.17160541,0.70006702,0.43720282,0.065946973,0.011940044,-0.013164875,0.34142497,-0.15762317,-0.040022377,-0.22069443,-0.28487053,0.93281443,0.3686507,-2.2299304,1.7
13,12400,6.200000,20,2.0375258,1.2727609,0.094442229,0.86193898,0.043483012,-0.018227972,-0.079984965,0.2299381,-0.017707783,0.083152295,-0.32163312,0.90979067,-0.26236058,1.836264,1.9106074,1.7
13,12400,6.200000,21,2.0375258,0.88657399,0.3994425,1.9971214,-0.14725191,-0.027748898,0.024307921,-0.25001527,-0.17874067,-0.19062125,-0.38140256,-0.39854543,-0.83408251,2.5572638,-2.3342185,1.7
13,12400,6.200000,22,2.0375258,1.9295776,0.21936387,2.0236889,-0.024603064,0.016970366,0.084624636,0.0070972091,0.30103374,0.15276646,-0.89239067,-0.12725374,-0.43294963,2.0185588,-2.9999489,1.7
13,12400,6.200000,23,2.0375258,1.4814409,0.61545024,1.3568131,0.010068443,-0.031889248,0.099223193,-0.12748697,0.15413304,0.2771965,0.35069642,0.88145908,-0.31629404,1.8926167,1.192137,1.7
13,12400,6.200000,24,2.0375258,1.7797684,0.9738815,0.047811008,0.11463131,0.021771621,-0.058829091,0.4293826,0.073123728,-0.18346734,-0.36127828,0.34738788,0.86533211,0.5249837,2.3757927,1.7
13,12400,6.200000,25,2.0375258,0.59069293,1.8170173,0.61167705,-0.15346338,0.054441869,0.039985658,0.20925644,0.13105953,0.22925155,-0.0033594386,0.99952953,-0.030486448,1.6012875,1.5741573,1.7
13,12400,6.200000,26,2.0375258,1.5793417,1.4209821,0.72431141,-0.10841832,-0.2129956,0.0075416462,0.080599009,0.056276404,-0.12935482,-0.57852527,-0.40417335,-0.70848601,2.3581469,-2.5317888,1.7
13,12400,6.200000,27,2.0375258,1.6704189,1.5993371,0.12989377,0.18956729,-0.12630409,0.00026356523,0.28253005,-0.17594588,-0.082122833,-0.71449535,0.64638784,-0.26772962,1.8418322,2.4061993,1.7
13,12400,6.200000,28,2.0375258,1.384598,1.3628796,1.2753298,0.010041177,0.11751755,-0.045725465,-0.25141743,0.030494471,0.058972573,0.017957704,-0.69988486,-0.71402991,2.3660338,-1.5451439,1.7
13,12400,6.200000,29,2.0375258,1.3627996,0.14896369,1.812949,0.043208408,0.14414341,0.11013636,-0.047486676,0.27478445,-0.10213393,0.51089856,-0.73594206,-0.44426561,2.0311507,-0.96396664,1.7
13,12400,6.200000,30,2.0375258,0.18795434,1.1109122,1.5198418,0.18752514,-0.051520795,-0.00094938884,0.13097082,-0.080893191,-0.14540916,-0.15852573,-0.96925192,0.18820282,1.3814644,-1.7329156,1.7
13,12400,6.200000,31,2.0375258,1.7403082,0.021334786,1.3603127,-0.014407334,0.083673425,0.048502434,-0.1532308,-0.15959475,-0.023829431,0.98261504,0.18035728,0.044033362,1.5267487,0.1815277,1.7
14,12500,6.250000,0,2.0517499,1.9356657,2.0001329,0.47333416,-0.09405372,0.084562845,0.086563174,-0.15969565,0.33567423,0.075386899,0.68638412,-0.72667807,-0.028562571,1.5993628,-0.81390578,1.7
14,12500,6.250000,1,2.0517499,0.43871545,0.45109537,0.93605052,0.069372791,-0.19352579,0.0052299427,0.00074723802,-0.23686861,0.066941024,-0.1739228,0.91618584,0.36104621,1.2014068,1.7583976,1.7
14,12500,6.250000,2,2.0517499,0.95316769,0.47768407,0.59156622,0.074138476,-0.043457772,0.041928116,0.099660591,-0.1632868,0.087662669,-0.71635406,-0.61946839,0.32108531,1.2439211,-2.4285966,1.7
14,12500,6.250000,3,2.0517499,1.1682831,1.0783555,0.068522312,0.05691687,0.014209302,0.060207236,0.021659383,0.25612341,0.079402283,-0.73866537,-0.55147622,-0.38761766,1.9688421,-2.500281,1.7
14,12500,6.250000,4,2.0517499,0.22114668,0.50393281,1.500534,-0.037567283,0.15907671,0.07929109,-0.082771452,0.14376351,0.14582296,0.88146254,0.16950958,0.44078372,1.1143247,0.18998561,1.7
14,12500,6.250000,5,2.0517499,0.6049946,0.79180284,0.12743753,0.09757472,0.037670977,0.06830753,0.098982926,-0.01702955,0.1413256,0.41027904,0.89609583,-0.16936169,1.7409783,1.1414321,1.7
14,12500,6.250000,6,2.0517499,0.41735596,0.12312997,0.22372228,-0.097788218,0.00010483587,0.24875687,-0.17244739,0.19929956,0.27658816,0.58102641,-0.71630465,-0.38641423,1.967537,-0.88929695,1.7
14,12500,6.250000,7,2.0517499,0.78513036,0.78538636,1.2274654,-0.10364296,0.049702838,-0.16602999,0.029107555,0.050021681,-0.031666503,0.37899024,0.69338524,-0.61284853,2.2304567,1.0705829,1.7
14,12500,6.250000,8,2.0517499,0.24110561,1.1781978,0.062514127,-0.15782453,-0.23630329,-0.1835402,-0.4253973,-0.32815524,-0.14076808,0.54555421,0.1525683,0.82407131,0.60223548,0.27269102,1.7
14,12500,6.250000,9,2.0517499,0.18143905,1.8180908,1.1814446,-0.030010575,0.18166869,0.0015163108,-0.042523666,0.30837391,-0.18793449,0.61118788,0.43666737,0.66012952,0.84980515,0.6203628,1.7
14,12500,6.250000,10,2.0517499,0.61976246,1.0392849,0.78899936,0.077672895,-0.15212415,-0.028882549,-0.21325499,-0.20193042,-0.34851344,0.71873736,-0.15834472,-0.67701075,2.3144897,-0.21684557,1.7
14,12500,6.250000,11,2.0517499,1.0820799,1.7490266,0.24083511,0.15216014,0.0094598521,0.23903445,0.049005948,-0.11388892,0.41181845,0.11079469,0.054886653,-0.99232656,3.0176307,0.45995335,1.7
14,12500,6.250000,12,2.0517499,1.9858615,0.97714745,0.8665136,0.0052951971,-0.14972228,-0.076082712,0.14352985,-0.067378496,0.066819303,0.41671219,-0.27945591,0.86501754,0.525611,-0.59073517,1.7
14,12500,6.250000,13,2.0517499,0.17170901,1.6668209,1.757568,0.019007334,-0.096792972,-0.12106031,-0.14485171,-0.094450973,0.19496236,0.037211537,0.089302117,-0.99530921,3.0446962,1.1759831,1.7
14,12500,6.250000,14,2.0517499,0.78467427,1.347292,1.2902152,0.049227385,-0.090232364,-0.11193681,0.1875326,-0.013981892,-0.12405073,0.29820614,-0.88484815,-0.35793415,1.9368508,-1.2457369,1.7
14,12500,6.250000,15,2.0517499,0.71057233,0.14891013,1.2709909,-0.12402804,0.11787859,-0.17330645,-0.055117274,-0.11252166,-0.27325943,0.94739181,-0.28501775,-0.145649,1.7169653,-0.29223151,1.7
14,12500,6.250000,16,2.0517499,1.473124,0.51291832,0.29475432,-0.037144652,0.19625205,-0.12135642,0.11340001,0.13527394,-0.40916399,0.79646128,0.49869253,0.34198711,1.2217656,0.5594153,1.7
14,12500,6.250000,17,2.0517499,1.1687672,0.99862491,0.73087251,0.0010868122,-0.034146229,0.0066255205,0.071069501,-0.33805756,-0.10273483,0.3143011,-0.82129387,0.47612099,1.074558,-1.2053007,1.7
14,12500,6.250000,18,2.0517499,1.6884159,0.51144817,0.83636312,-0.1821952,0.15501171,-0.067884763,-0.39410336,0.12451344,0.25403753,0.076293291,-0.58828997,0.805043,0.63504837,-1.4418296,1.7
14,12500,6.250000,19,2.0517499,0.18321516,0.69884733,0.43714546,0.076322637,0.0058542875,-0.016263609,0.1447046,-0.067889911,-0.092784294,-0.063335144,-0.53744341,0.84091809,0.57181881,-1.6881005,1.7
14,12500,6.250000,20,2.0517499,1.2924418,0.093123412,0.8732454,0.054241251,-0.020199243,-0.074714161,0.21339527,-0.13098132,0.10500486,-0.28911107,0.94552883,-0.14963294,1.7209933,1.8675351,1.7
14,12500,6.250000,21,2.0517499,0.88460555,0.38997156,2.0012612,-0.15538134,-0.039965893,0.014539608,-0.12464001,-0.31663797,-0.22896448,-0.31432164,-0.30209785,-0.899966,2.6904878,-2.3760222,1.7
14,12500,6.250000,22,2.0517499,1.9426334,0.23465327,2.0471141,-0.025016343,0.030680679,0.093890061,-0.025950427,0.26702837,0.22757425,-0.70150197,-0.31123535,-0.6411143,2.2667457,-2.7240153,1.7
14,12500,6.250000,23,2.0517499,1.4838378,0.62582802,1.3791589,0.002150803,-0.025829062,0.11205229,-0.21290373,0.12706486,0.2770149,0.46286932,0.88189895,-0.08947758,1.6603937,1.0874628,1.7
14,12500,6.250000,24,2.0517499,1.8126454,0.98659733,0.042415544,0.13501266,0.027668176,-0.064538469,0.36090474,0.20385547,-0.12057639,-0.1826102,0.19076633,0.96450076,0.26725,2.3343537,1.7
14,12500,6.250000,25,2.0517499,0.60837887,1.8337198,0.6273485,-0.13994813,0.05844565,0.051347406,0.29815724,0.027683373,0.22133894,-0.054154307,0.98663721,0.15366954,1.4165155,1.6256291,1.7
14,12500,6.250000,26,2.0517499,1.599013,1.4310069,0.72408312,-0.099802483,-0.21289121,0.0022751865,0.21399847,0.0071680121,-0.077885209,-0.35067311,-0.4205296,-0.83676951,2.5621528,-2.2658598,1.7
14,12500,6.250000,27,2.0517499,1.6937822,1.6008209,0.12654648,0.20122867,-0.13595192,-0.0039757798,0.2002663,-0.15478912,-0.11994338,-0.83068821,0.52611181,-0.18210836,1.7539266,2.5770153,1.7
14,12500,6.250000,28,2.0517499,1.3805572,1.3738447,1.2865618,-0.003618192,0.11896323,-0.043404724,-0.3154219,-0.068695921,0.060800152,0.14315032,-0.60269009,-0.78503034,2.4735414,-1.3375986,1.7
14,12500,6.250000,29,2.0517499,1.3733108,0.16239786,1.8218811,0.044202389,0.15649469,0.10642503,0.076537373,0.21776649,-0.034650733,0.70232712,-0.56877778,-0.42805192,2.0131325,-0.68071666,1.7
14,12500,6.250000,30,2.0517499,0.19537336,1.1181989,1.5210286,0.19361086,-0.051987927,-0.010340029,0.17284838,0.0080158244,-0.22843744,-0.23051202,-0.97220592,0.040985996,1.5297988,-1.8035994,1.7
14,12500,6.250000,31,2.0517499,1.7458906,0.0172035,1.3665872,-0.020951474,0.079408036,0.045291682,-0.14415029,0.016914657,-0.12532829,0.9748643,0.1582718,-0.15681082,1.728257,0.16094834,1.7
15,12600,6.300000,0,2.0599761,1.9326879,2.0254203,0.4760769,-0.10477083,0.10179662,0.087406468,-0.22326668,0.30706687,0.029164825,0.60482751,-0.65938922,-0.44653055,2.0336804,-0.82852991,1.7
15,12600,6.300000,1,2.0599761,0.43750203,0.44311243,0.93923803,0.066406351,-0.20329777,0.0046656433,-0.10040858,-0.15054099,-0.078810989,0.10201495,0.913245,0.39443189,1.1653468,1.4595515,1.7
15,12600,6.300000,2,2.0599761,0.96051387,0.47258851,0.59570958,0.077656052,-0.050454522,0.043696153,0.031968696,-0.15431863,0.0016845605,-0.53800487,-0.78031322,0.31884486,1.2462858,-2.1744222,1.7
15,12600,6.300000,3,2.0599761,1.1750447,1.0969356,0.072407574,0.05899026,0.028437471,0.06381056,0.035169702,0.26945612,0.019030993,-0.56206298,-0.70655273,-0.42996332,2.0152485,-2.2427876,1.7
15,12600,6.300000,4,2.0599761,0.2186748,0.51430742,1.5144425,-0.040919106,0.16741421,0.087167696,-0.024698122,0.17454946,0.16944659,0.79353301,0.39725237,0.46097279,1.0917052,0.46413732,1.7
15,12600,6.300000,5,2.0599761,0.6156783,0.79442705,0.13443146,0.1058163,0.03712169,0.074777571,0.25086159,-0.048774282,0.083254559,0.37546968,0.89388174,-0.2449448,1.8182591,1.1731309,1.7
15,12600,6.300000,6,2.0599761,0.41386718,0.13441262,0.24115075,-0.10294001,0.01087227,0.26525536,-0.055893515,0.17463135,0.41180224,0.63934246,-0.74819842,-0.17731423,1.7490531,-0.86369024,1.7
15,12600,6.300000,7,2.0599761,0.79149809,0.79039744,1.2307462,-0.10042951,0.051561317,-0.1676673,0.066677654,0.013805344,-0.053152586,0.37396759,0.73899197,-0.56039193,2.1656553,1.1023197,1.7
15,12600,6.300000,8,2.0599761,0.22192088,1.1672333,0.055739426,-0.1779357,-0.25196022,-0.19055151,-0.25983737,-0.23429452,-0.15223182,0.61865539,0.121998,0.77613272,0.68228687,0.19470049,1.7
15,12600,6.300000,9,2.0599761,0.17661242,1.8378226,1.1752433,-0.035553569,0.19408623,-0.0093999838,-0.099160795,0.26181659,-0.22768759,0.61660883,0.49928936,0.60869014,0.91638771,0.68064841,1.7
15,12600,6.300000,10,2.0599761,0.61302059,1.0339958,0.77303827,0.068464619,-0.16156125,-0.047968813,-0.16765808,-0.14358607,-0.38937043,0.80370939,-0.14513554,-0.57705017,2.1859085,-0.17865673,1.7
15,12600,6.300000,11,2.0599761,1.0899603,1.7496388,0.26394914,0.15569513,0.003072389,0.26113867,0.059339051,-0.16990949,0.47989896,0.20345565,0.015439396,-0.97896242,2.936109,0.075740639,1.7
15,12600,6.300000,12,2.0599761,1.9994325,0.97837168,0.87588716,0.010892986,-0.15241038,-0.070195071,0.089409755,0.011821675,0.081525739,0.49998662,-0.08419655,0.86193058,0.53173124,-0.16683236,1.7
15,12600,6.300000,13,2.0599761,0.16822405,1.670457,1.7753104,0.014842264,-0.099833682,-0.11038591,-0.031717394,-0.048807767,0.18303647,0.020563204,-0.11275205,-0.99341035,3.0267284,-1.3904035,1.7
15,12600,6.300000,14,2.0599761,0.79503295,1.3567681,1.2911408,0.056425648,-0.086166168,-0.11617569,0.12169305,0.13156108,-0.11105008,0.10024701,-0.98575157,-0.13507177,1.7062822,-1.4694487,1.7
15,12600,6.300000,15,2.0599761,0.71105707,0.1411104,1.2668258,-0.1263875,0.10949859,-0.18254887,-0.01505593,-0.20327936,-0.088993895,0.91777419,-0.39070813,-0.070976726,1.6418328,-0.40247416,1.7
15,12600,6.300000,16,2.0599761,1.4825946,0.52004117,0.27702108,-0.033587341,0.20130832,-0.14023366,0.063496888,0.080350635,-0.34221667,0.59526467,0.72078952,0.3551372,1.2077355,0.8804902,1.7
15,12600,6.300000,17,2.0599761,1.1732279,0.98698151,0.72627957,0.0008619428,-0.04976221,-0.00088270964,0.0013444145,-0.30877993,-0.16643686,0.28412424,-0.82743178,0.48438628,1.0651348,-1.2400304,1.7
15,12600,6.300000,18,2.0599761,1.6780259,0.51869878,0.85282292,-0.19932039,0.16020138,-0.054804391,-0.30915949,0.091059812,0.31430262,0.022035889,-0.73887317,0.67348412,0.83188424,-1.5409815,1.7
15,12600,6.300000,19,2.0599761,0.18816398,0.70028944,0.43332052,0.08052848,0.0044972019,-0.021830079,-0.0066611516,-0.0033833085,-0.11769189,0.13553241,-0.77231643,0.62061123,0.90127435,-1.397077,1.7
15,12600,6.300000,20,2.0599761,1.3088177,0.089247972,0.88043914,0.065412937,-0.024439562,-0.071028927,0.23831289,-0.025846204,0.064216877,-0.24950541,0.96509695,-0.079592291,1.6504729,1.8237859,1.7
15,12600,6.300000,21,2.0599761,0.88012668,0.37546474,2.00074,-0.16339086,-0.056004152,0.0060117825,-0.1382534,-0.30112059,-0.10321273,-0.40121761,-0.13387826,-0.90614626,2.7048783,-2.8195302,1.7
15,12600,6.300000,22,2.0599761,1.9522777,0.25156656,0.0065363502,-0.023164402,0.046621277,0.1050585,0.11118274,0.35113018,0.19845657,-0.44584574,-0.48113347,-0.75480604,2.4261547,-2.3181454,1.7
15,12600,6.300000,23,2.0599761,1.4786083,0.63535854,1.4009154,-0.0090055723,-0.018821719,0.12824694,-0.21917588,0.18522796,0.30503635,0.51267777,0.82716423,0.23013225,1.3385827,1.0159439,1.7
15,12600,6.300000,24,2.0599761,1.8348312,0.99603749,0.037449685,0.14990123,0.033141788,-0.069664131,0.1072606,0.0066103682,-0.088900462,0.037091324,0.060781675,0.99746169,0.071265493,1.0228824,1.7
15,12600,6.300000,25,2.0599761,0.62540989,1.8436623,0.6368955,-0.12538544,0.061031004,0.058365126,0.26265014,0.090394595,0.088582513,-0.13715257,0.93811551,0.31800703,1.2471697,1.7159679,1.7
15,12600,6.300000,26,2.0599761,1.61407,1.4386307,0.72549086,-0.091173763,-0.21100859,0.00078282388,0.12041023,0.054309721,0.039954044,-0.089702216,-0.43150323,-0.8976405,2.6851827,-1.7757601,1.7
15,12600,6.300000,27,2.0599761,1.7116925,1.5945805,0.121678,0.21232584,-0.14858529,-0.0093408934,0.1825435,-0.35272088,-0.11074696,-0.90242317,0.40302608,-0.15232334,1.7237149,2.7215662,1.7
15,12600,6.300000,28,2.0599761,1.3717764,1.3725137,1.2961212,-0.017905492,0.11213763,-0.039012303,-0.33288983,-0.18866614,0.14939419,0.2956727,-0.42906999,-0.8535084,2.5934779,-0.96742242,1.7
15,12600,6.300000,29,2.0599761,1.3843275,0.17254682,1.8271627,0.049702044,0.16597358,0.10440613,0.16513378,0.19397847,-0.057817236,0.82097133,-0.41566438,-0.39144502,1.9729977,-0.46868129,1.7
15,12600,6.300000,30,2.0599761,0.20787709,1.1225189,1.5120274,0.20530788,-0.052150807,-0.025409461,0.19759299,-0.046927734,-0.33001938,-0.28201466,-0.95696555,-0.06844463,1.6392945,-1.8573807,1.7
15,12600,6.300000,31,2.0599761,1.746815,0.015724365,1.3629751,-0.027014808,0.077863018,0.036218586,-0.10345183,-0.029909913,-0.20341129,0.94114233,0.12981005,-0.31209048,1.888189,0.13706337,1.7
16,12700,6.350000,0,2.0575232,1.9197879,2.038822,0.47607964,-0.11537581,0.11761949,0.087976437,-0.22595331,0.29778966,0.050710964,0.38145455,-0.45006646,-0.80742344,2.510568,-0.8677254,1.7
16,12700,6.350000,1,2.0575232,0.4286043,0.43690166,0.93406618,0.058024582,-0.2089843,0.00060976974,-0.2193759,-0.10046118,-0.085384848,0.40962847,0.82700633,0.38505201,1.1755322,1.1109039,1.7
16,12700,6.350000,2,2.0575232,0.95907483,0.46592909,0.59262053,0.077360563,-0.056554851,0.041315027,-0.027380558,-0.092959693,-0.062031758,-0.2848481,-0.88801055,0.36096928,1.2014893,-1.8811986,1.7
16,12700,6.350000,3,2.0575232,1.1724803,1.1107416,0.074613185,0.057824379,0.043558645,0.066103756,-0.012899236,0.3401043,0.035859198,-0.33089416,-0.85842949,-0.39192839,1.9735231,-1.9387097,1.7
16,12700,6.350000,4,2.0575232,0.21777007,0.52351804,1.5181833,-0.041563835,0.17724309,0.092715081,-0.0087265025,0.2073225,0.052491952,0.66365405,0.54320735,0.51428501,1.0306226,0.68592595,1.7
16,12700,6.350000,5,2.0575232,0.62915231,0.78822146,0.13852371,0.1200319,0.031858923,0.079032431,0.34306241,-0.13493171,0.11579506,0.36626373,0.86978525,-0.33064254,1.9077807,1.1722364,1.7
16,12700,6.350000,6,2.0575232,0.41162088,0.14323245,0.25851162,-0.10469454,0.019857501,0.28291389,-0.11239184,0.178155,0.35206036,0.64786927,-0.76166845,0.011251035,1.5595451,-0.86595854,1.7
16,12700,6.350000,7,2.0575232,0.79470545,0.78928736,1.2300708,-0.096277201,0.051392304,-0.16687671,0.15287995,-0.042448458,0.089834605,0.42262049,0.71684414,-0.55455063,2.1586192,1.0380909,1.7
16,12700,6.350000,8,2.0575232,0.21873175,1.1598422,0.049609431,-0.18086232,-0.25796503,-0.19661875,0.13328972,-0.016838579,-0.11834976,0.41455816,0.16380443,0.895159,0.46200854,0.3763012,1.7
16,12700,6.350000,9,2.0575232,0.17545989,1.8523878,1.161245,-0.036496354,0.21084984,-0.022006352,0.035598291,0.34689998,-0.28716699,0.65064939,0.55637528,0.51681904,1.0276652,0.70745187,1.7
16,12700,6.350000,10,2.0575232,0.60507278,1.0285391,0.7535906,0.061242452,-0.16578926,-0.066507041,-0.15171847,-0.06526644,-0.38175749,0.87319414,-0.090212745,-0.47895057,2.0702552,-0.10294826,1.7
16,12700,6.350000,11,2.0575232,1.0898929,1.737018,0.28852242,0.15692628,-0.0074712763,0.28604108,0.047035935,-0.25980057,0.49713527,0.27270808,-0.014284771,-0.96199077,2.8649973,-0.05233335,1.7
16,12700,6.350000,12,2.0575232,2.0029684,0.97643183,0.88039416,0.01681331,-0.15318571,-0.064641807,0.14681013,0.010114468,0.14827988,0.53621859,0.041382641,0.84306412,0.56784093,0.077022275,1.7
16,12700,6.350000,13,2.0575232,0.16590191,1.6654959,1.7804074,0.012719175,-0.10280749,-0.10317071,-0.055272474,-0.091245755,0.096137892,0.066845327,-0.28684366,-0.95564241,2.8426296,-1.341845,1.7
16,12700,6.350000,14,2.0575232,0.80075962,1.3638322,1.2853956,0.063102981,-0.077481311,-0.12038593,0.11300152,0.2400997,-0.069848833,-0.082376822,-0.97022289,0.22777534,1.341004,-1.6554982,1.7
16,12700,6.350000,15,2.0575232,0.71160734,0.12917916,1.2615497,-0.12498972,0.097728363,-0.1863188,0.026604172,-0.23421967,-0.096223501,0.87765153,-0.47245334,-0.080719522,1.6516038,-0.49382808,1.7
16,12700,6.350000,16,2.0575232,1.486232,0.5195215,0.25881025,-0.028181351,0.20140795,-0.15812529,0.099391827,-0.071724586,-0.32045107,0.38809306,0.88476906,0.25800676,1.3098378,1.1574314,1.7
16,12700,6.350000,17,2.0575232,1.1716601,0.97298319,0.71821564,0.00069106616,-0.062592925,-0.0080861101,0.0027656795,-0.24638781,-0.14986381,0.25106738,-0.79191578,0.55662785,0.98047518,-1.2637826,1.7
16,12700,6.350000,18,2.0575232,1.66167,0.52471167,0.86870144,-0.21368681,0.16683585,-0.037900315,-0.22568528,0.13179314,0.35117327,-0.034519383,-0.79807999,0.60156191,0.92534139,-1.6140224,1.7
16,12700,6.350000,19,2.0575232,0.18501558,0.70029824,0.42958115,0.077602384,0.005340375,-0.025055397,-0.1108286,0.03402976,-0.044250708,0.42364513,-0.85034004,0.31216441,1.2533259,-1.1085844,1.7
16,12700,6.350000,20,2.0575232,1.3161236,0.085499002,0.88659318,0.074282593,-0.028084431,-0.063822208,0.11378071,-0.14696167,0.18429753,-0.20225394,0.97715037,-0.065349,1.6361919,1.7748976,1.7
16,12700,6.350000,21,2.0575232,0.87330946,0.36055843,1.9961829,-0.16916351,-0.070471994,0.0038357344,-0.024977559,-0.25465407,-0.034614402,-0.46708152,0.062464991,-0.88200509,2.6508967,3.0086468,1.7
16,12700,6.350000,22,2.0575232,1.9543973,0.26778111,0.013921673,-0.018717543,0.063145218,0.11245601,0.056228759,0.34024208,0.045071397,-0.097681069,-0.61533542,-0.78218971,2.468969,-1.7282271,1.7
16,12700,6.350000,23,2.0575232,1.4656655,0.64069051,1.4109664,-0.02019436,-0.01272957,0.13997299,-0.20782874,0.072466278,0.2064614,0.52013299,0.65003239,0.55400322,0.98363115,0.89595495,1.7
16,12700,6.350000,24,2.0575232,1.8246639,0.99358123,0.03672041,0.14191393,0.031870797,-0.070349221,-0.37138002,-0.068105427,0.039483384,0.28322491,-0.097861319,0.95404759,0.30433114,-0.33268273,1.7
16,12700,6.350000,25,2.0575232,0.63945588,1.8446981,0.64250878,-0.11058593,0.06426402,0.064740577,0.27087295,0.052257282,0.099039655,-0.27520253,0.8389586,0.46948059,1.0820939,1.8877652,1.7
16,12700,6.350000,26,2.0575232,1.6177673,1.4372155,0.72678519,-0.085551116,-0.21071056,0.0029423143,0.093567981,-0.031853554,0.094008933,0.17869306,-0.40659309,-0.89596364,2.6813925,-1.1567179,1.7
16,12700,6.350000,27,2.0575232,1.7186305,1.5760611,0.11299011,0.22130736,-0.16521583,-0.017888985,0.16382146,-0.32525275,-0.25493021,-0.94329311,0.28255003,-0.17425151,1.7459419,2.8505618,1.7
16,12700,6.350000,28,2.0575232,1.3569262,1.3601356,1.3032575,-0.031130104,0.1013874,-0.03032752,-0.24391443,-0.21776919,0.1969062,0.43163295,-0.21161586,-0.87687612,2.6401211,-0.45583181,1.7
16,12700,6.350000,29,2.0575232,1.3907585,0.1802761,1.8188426,0.057786236,0.17391305,0.098258005,0.12083562,0.1618322,-0.11017546,0.91269899,-0.24330873,-0.32830079,1.9053004,-0.26052294,1.7
16,12700,6.350000,30,2.0575232,0.21488739,1.1169668,1.4923627,0.21257003,-0.056368784,-0.043284321,0.13997076,-0.042454239,-0.41075282,-0.33507949,-0.92075382,-0.19983529,1.7719861,-1.9198166,1.7
16,12700,6.350000,31,2.0575232,1.7394861,0.016031686,1.3476085,-0.03226675,0.078189257,0.022466746,-0.056328005,-0.017377708,-0.2876264,0.86461456,0.12479859,-0.48668981,2.0790928,0.14335009,1.7
17,12800,6.400000,0,2.0616557,1.9106799,2.0556521,0.47864685,-0.12832661,0.13034183,0.089585841,-0.2179279,0.18202981,-0.017686946,0.078858671,-0.17989883,-0.98051911,2.9438834,-1.1576726,1.7
17,12800,6.400000,1,2.0616557,0.41781857,0.43301196,0.93153578,0.046389681,-0.21374673,-0.0037922624,-0.21924399,0.01334088,-0.1424682,0.65029741,0.67756359,0.34354163,1.2201109,0.80592919,1.7
17,12800,6.400000,2,2.0616557,0.96002241,0.45957878,0.5919325,0.076382836,-0.063833667,0.039438606,-0.070405009,-0.14432573,-0.030788748,-0.0041135003,-0.92391203,0.38258285,1.1782061,-1.5752486,1.7
17,12800,6.400000,3,2.0616557,1.1758625,1.1291743,0.075770402,0.058850657,0.059744143,0.067110105,0.0060764303,0.34326029,0.067661004,-0.11212449,-0.93428462,-0.33843811,1.9160529,-1.6902362,1.7
17,12800,6.400000,4,2.0616557,0.21986249,0.53332327,1.5233913,-0.03991046,0.18598807,0.094871709,-0.0014809186,0.1711463,0.060636906,0.53358347,0.64172007,0.55089385,0.98736144,0.87714723,1.7
17,12800,6.400000,5,2.0616557,0.64829764,0.78437414,0.14422397,0.13789567,0.026433926,0.084449042,0.34931831,-0.088772379,0.15488036,0.30649729,0.86351741,-0.40049606,1.9828545,1.229727,1.7
17,12800,6.400000,6,2.0616557,0.40584395,0.15358585,0.27341487,-0.11129159,0.029913141,0.29728352,-0.13846189,0.21355546,0.31465025,0.69972375,-0.68861586,0.1902495,1.37938,-0.77739749,1.7
17,12800,6.400000,7,2.0616557,0.80444361,0.78646586,1.2370941,-0.088143355,0.046989957,-0.16232853,0.14826504,-0.083298657,0.079284419,0.5060142,0.66114331,-0.55393064,2.1578743,0.91753559,1.7
17,12800,6.400000,8,2.0616557,0.23186235,1.1652532,0.042874495,-0.16818375,-0.2548867,-0.20344647,0.23157071,0.11937135,-0.27899564,-0.017559052,0.25941856,0.96560535,0.26303477,1.6383794,1.7
17,12800,6.400000,9,2.0616557,0.18017998,1.8703212,1.1512087,-0.032133056,0.22504854,-0.034362581,0.15087204,0.21248095,-0.26238157,0.71845674,0.56441709,0.40651354,1.1521615,0.66589639,1.7
17,12800,6.400000,10,2.0616557,0.59962968,1.023889,0.73583057,0.054590752,-0.17249834,-0.085761324,-0.1431837,-0.16828924,-0.37196003,0.91948398,-0.027781802,-0.39214458,1.9737581,-0.030205368,1.7
17,12800,6.400000,11,2.0616557,1.0949992,1.7288155,0.31249401,0.15984065,-0.019150852,0.30940973,0.099605847,-0.16946511,0.41119307,0.31216418,-0.037004711,-0.94930721,2.8218209,-0.11799183,1.7
17,12800,6.400000,12,2.0616557,2.0174463,0.97797121,0.89027968,0.027257813,-0.15360704,-0.056532678,0.28616535,0.015586144,0.18613252,0.55192571,0.082430426,0.82980916,0.59203071,0.14825476,1.7
17,12800,6.400000,13,2.0616557,0.16132863,1.665758,1.7875326,0.0078176027,-0.10588739,-0.099624981,-0.10264247,-0.031230792,0.074033838,0.097693888,-0.4891603,-0.86670532,2.6193553,-1.3736724,1.7
17,12800,6.400000,14,2.0616557,0.80531878,1.3835073,1.2833393,0.066050869,-0.06056239,-0.12501928,0.012662295,0.36748384,-0.073216736,-0.20183562,-0.76860839,0.60704492,0.91845968,-1.8275971,1.7
17,12800,6.400000,15,2.0616557,0.7141313,0.11927407,1.2590508,-0.1238961,0.087574007,-0.19134639,0.043456654,-0.1693492,-0.12473766,0.89177118,-0.43318967,-0.1307321,1.7019037,-0.45219348,1.7
17,12800,6.400000,16,2.0616557,1.4901899,0.51713,0.24480511,-0.02720952,0.19797644,-0.17263569,-0.0014439187,-0.080629534,-0.27259295,0.16899679,0.98194151,0.085035006,1.4856585,1.4003613,1.7
17,12800,6.400000,17,2.0616557,1.1770322,0.96844846,0.71549887,0.0037069469,-0.069075373,-0.012241239,0.081470958,-0.046827349,-0.027738933,0.2231867,-0.69520219,0.68328735,0.81854082,-1.2601516,1.7
17,12800,6.400000,18,2.0616557,1.6537917,0.53378855,0.88726307,-0.22489124,0.17485082,-0.021100301,-0.20807728,0.15782518,0.28213738,-0.04250734,-0.78661773,0.61597539,0.90717279,-1.6247819,1.7
17,12800,6.400000,19,2.0616557,0.17886626,0.70274768,0.42897551,0.071088007,0.0063822299,-0.026522368,-0.12982828,0.06031611,-0.089339927,0.68544714,-0.72809982,-0.0057328924,1.5765293,-0.81556324,1.7
17,12800,6.400000,20,2.0616557,1.3245625,0.075991106,0.89814113,0.080072336,-0.037754349,-0.054064759,0.099980828,-0.2211552,0.21246424,-0.24080849,0.96959371,-0.043581105,1.6143912,1.8142311,1.7
17,12800,6.400000,21,2.0616557,0.87440777,0.34635414,1.9993109,-0.16981857,-0.085385492,0.0029553569,-0.023904259,-0.31568529,0.005636287,-0.47265818,0.17059654,-0.86457566,2.6151016,2.795214,1.7
17,12800,6.400000,22,2.0616557,1.9591158,0.28522965,0.014365606,-0.01792522,0.080038979,0.11287157,-0.049329883,0.26783592,-0.028518453,0.28307889,-0.71416763,-0.64018039,2.2655294,-1.193418,1.7
17,12800,6.400000,23,2.0616557,1.4589954,0.64739253,1.4257066,-0.029798642,-0.0073197855,0.15186739,-0.11876747,0.1077055,0.25501942,0.469488,0.36885276,0.80220238,0.63982144,0.66592884,1.7
17,12800,6.400000,24,2.0616557,1.8072292,0.99015039,0.04059363,0.12083561,0.026449814,-0.066553561,-0.5429365,-0.20237998,0.084241038,0.46443299,-0.22710866,0.85599279,0.5433282,-0.45481056,1.7
17,12800,6.400000,25,2.0616557,0.64985319,1.8531414,0.64719707,-0.10148209,0.068997528,0.068134996,0.12937506,0.033230318,0.099486511,-0.3594232,0.73495754,0.57502381,0.95816308,2.0256371,1.7
17,12800,6.400000,26,2.0616557,1.6246296,1.438826,0.73344754,-0.081941685,-0.21198542,0.0081397137,0.094638617,-0.088656115,0.11638367,0.50838913,-0.31048809,-0.8032046,2.5034517,-0.5482713,1.7
17,12800,6.400000,27,2.0616557,1.7304364,1.5636611,0.1020206,0.22965309,-0.18076566,-0.029074214,0.1194037,-0.2293904,-0.17878601,-0.95662784,0.16230362,-0.24191053,1.8151307,2.9735308,1.7
17,12800,6.400000,28,2.0616557,1.345694,1.3532775,1.3171246,-0.045073694,0.091807193,-0.01908923,-0.25984339,-0.20033792,0.24180481,0.50637218,0.024925465,-0.86195472,2.609909,0.049183909,1.7
17,12800,6.400000,29,2.0616557,1.3997784,0.18481864,1.8155759,0.064006564,0.17808932,0.091345191,0.16561456,-0.034882768,-0.077112398,0.97654198,-0.059088076,-0.20706126,1.7793665,-0.060433781,1.7
17,12800,6.400000,30,2.0616557,0.22189677,1.1151186,1.4774715,0.21914122,-0.060456291,-0.061155027,0.14029575,-0.075473346,-0.29564262,-0.42665499,-0.85390113,-0.29802413,1.8734184,-2.034167,1.7
17,12800,6.400000,31,2.0616557,1.7422466,0.018143455,1.3350083,-0.032999275,0.080266742,0.0071752386,0.067666302,0.078436017,-0.35048157,0.71031778,0.11903716,-0.69374261,2.3374689,0.16604008,1.7
18,12900,6.450000,0,2.0657065,1.9022127,0.0018643851,0.47730978,-0.1405361,0.13821389,0.087310529,-0.24516195,0.13144908,-0.026426714,-0.22252169,0.10295582,-0.96947625,2.8938819,2.7082461,1.7
18,12900,6.450000,1,2.0657065,0.40497144,0.43413749,0.92488516,0.032735,-0.21347226,-0.012264894,-0.3514086,0.030145914,-0.19490945,0.85514532,0.46120079,0.23668609,1.3318427,0.49461009,1.7
18,12900,6.450000,2,2.0657065,0.95617438,0.45294313,0.58856556,0.070654137,-0.071364925,0.034913056,-0.13845996,-0.1274012,-0.0814629,0.29950052,-0.8765181,0.37684938,1.1844038,-1.2415406,1.7
18,12900,6.450000,3,2.0657065,1.1793889,1.14872,0.081287609,0.060065401,0.077054226,0.072473171,0.046993068,0.33313159,0.13462223,0.057528386,-0.95244134,-0.29924235,1.8746948,-1.5104686,1.7
18,12900,6.450000,4,2.0657065,0.2229055,0.54262439,1.5307338,-0.037302009,0.1942332,0.099216656,0.11164464,0.18410872,0.10706636,0.42509122,0.70483767,0.56789199,0.96685379,1.0280968,1.7
18,12900,6.450000,5,2.0657065,0.66864604,0.78082183,0.15033261,0.15695156,0.02134543,0.090268589,0.38621295,-0.12293532,0.11391863,0.23931649,0.83928056,-0.48819644,2.0808183,1.2930232,1.7
18,12900,6.450000,6,2.0657065,0.40205717,0.16242425,0.2872384,-0.11587129,0.038441394,0.3105568,-0.069558606,0.12720429,0.23740568,0.7248233,-0.56169893,0.39890538,1.1604735,-0.65927634,1.7
18,12900,6.450000,7,2.0657065,0.81465892,0.78359381,1.2416686,-0.079517115,0.04257695,-0.16018681,0.22070647,-0.14081682,-0.0062369728,0.54014812,0.58360883,-0.60633386,2.2222385,0.82405338,1.7
18,12900,6.450000,8,2.0657065,0.24396138,1.1740424,0.028666483,-0.15655172,-0.24839342,-0.21772471,0.29321885,0.14580394,-0.33214658,-0.46312428,0.27428943,0.84278183,0.56836559,2.6068846,1.7
18,12900,6.450000,9,2.0657065,0.18736528,1.8822844,1.1388822,-0.025308477,0.2333287,-0.048936753,0.12049562,0.091761808,-0.26637301,0.79552181,0.53735347,0.27999339,1.2870091,0.59407451,1.7
18,12900,6.450000,10,2.0657065,0.59233652,1.0186802,0.72218416,0.046127713,-0.17971185,-0.10083873,-0.18995656,-0.14367208,-0.31723374,0.95004914,0.078503554,-0.30206594,1.8776554,0.082443747,1.7
18,12900,6.450000,11,2.0657065,1.0998642,1.7238872,0.33200492,0.1625515,-0.027467872,0.32828811,0.061196534,-0.16291925,0.34742804,0.15239407,-0.043180608,-0.98737606,2.9825292,-0.27611092,1.7
18,12900,6.450000,12,2.0657065,2.0304757,0.98118174,0.89948395,0.036314321,-0.15231934,-0.049084973,0.090859275,0.029433006,0.17607671,0.64319909,0.14784824,0.75128944,0.72078264,0.2259391,1.7
18,12900,6.450000,13,2.0657065,0.15794021,1.6676424,1.791699,0.0041158283,-0.10727459,-0.098971475,-0.056426831,0.017546073,-0.046143243,0.026416282,-0.70905885,-0.70465433,2.3527322,-1.5335581,1.7
18,12900,6.450000,14,2.0657065,0.80935614,1.4041701,1.2835266,0.068503498,-0.042635545,-0.12735127,0.03209634,0.26915862,0.033422783,-0.25141039,-0.51423793,0.81997083,0.60943627,-2.0255237,1.7
18,12900,6.450000,15,2.0657065,0.71652594,0.10978231,1.2575489,-0.12290559,0.077857431,-0.19531823,0.039656859,-0.19253041,-0.055568031,0.9214684,-0.35501357,-0.15767482,1.7291319,-0.36774344,1.7
18,12900,6.450000,16,2.0657065,1.4941369,0.51705348,0.22929258,-0.026191503,0.19688492,-0.18861354,-0.015543329,0.020264076,-0.28971321,-0.013688321,0.99632197,-0.084588178,1.6554857,1.5845343,1.7
18,12900,6.450000,17,2.0657065,1.1848281,0.96762869,0.71226993,0.009184714,-0.071795327,-0.016871479,0.13265198,-0.096652185,-0.15492694,0.18862852,-0.51782737,0.8344304,0.58369789,-1.2214666,1.7
18,12900,6.450000,18,2.0657065,1.6460469,0.54670262,0.90703632,-0.23587468,0.18670445,-0.0030880667,-0.23313355,0.28722825,0.38273894,0.058991801,-0.72932146,0.6816232,0.8208176,-1.4900862,1.7
18,12900,6.450000,19,2.0657065,0.17524334,0.70754854,0.42572002,0.067117537,0.0097989523,-0.030616713,-0.063740906,0.08533858,-0.10030042,0.83154671,-0.50014611,-0.24162769,1.8148392,-0.54149589,1.7
18,12900,6.450000,20,2.0657065,1.3341455,0.061065935,0.91376184,0.087045855,-0.052814051,-0.040222341,0.16507551,-0.34832528,0.29764114,-0.27659749,0.96041484,-0.033123332,1.6039257,1.851206,1.7
18,12900,6.450000,21,2.0657065,0.87533479,0.33246772,2.0042926,-0.17060885,-0.099938167,0.004007707,-0.029805524,-0.26451586,0.01377949,-0.45237959,0.24820175,-0.85659127,2.5994232,2.6397802,1.7
18,12900,6.450000,22,2.0657065,1.9595757,0.3012517,0.012485358,-0.02131128,0.095485437,0.11096496,-0.11662508,0.3438397,-0.089531538,0.61421117,-0.69178602,-0.37970613,1.9602749,-0.84472739,1.7
18,12900,6.450000,23,2.0657065,1.457249,0.65234776,1.4426233,-0.034407204,-0.0036401894,0.16596897,-0.045432435,0.096387812,0.32324825,0.35108457,0.03261898,0.93577542,0.36034448,0.092643225,1.7
18,12900,6.450000,24,2.0657065,1.7845467,0.98326284,0.045007498,0.094627953,0.017625426,-0.062223703,-0.49066022,-0.17859627,0.10485094,0.61035333,-0.37959633,0.69525207,0.80202579,-0.55638779,1.7
18,12900,6.450000,25,2.0657065,0.65625672,1.8578343,0.65357285,-0.096360446,0.070048312,0.073234128,0.052907965,0.038752056,0.090378998,-0.37549311,0.62588811,0.68357077,0.81815259,2.1111691,1.7
18,12900,6.450000,26,2.0657065,1.6332646,1.4380185,0.74153077,-0.076504215,-0.21561644,0.014775323,0.069662173,-0.051519989,0.094895184,0.79059986,-0.13109436,-0.59813554,2.2119689,-0.1643212,1.7
18,12900,6.450000,27,2.0657065,1.7378785,1.5542552,0.091456755,0.23369116,-0.19323169,-0.039827962,0.092327585,-0.30897856,-0.24377884,-0.94505071,0.11606679,-0.30562665,1.8813928,3.0193892,1.7
18,12900,6.450000,28,2.0657065,1.3355671,1.3461284,1.3336755,-0.057832123,0.082008673,-0.0051399804,-0.22273498,-0.17192733,0.32165236,0.51065801,0.20355728,-0.83533995,2.5595472,0.3793141,1.7
18,12900,6.450000,29,2.0657065,1.4116005,0.18342746,1.8172917,0.073069367,0.17633671,0.089495396,0.16093326,-0.05841322,-0.084642863,0.99152368,0.11089909,-0.067691789,1.6385399,0.11138422,1.7
18,12900,6.450000,30,2.0657065,0.22569805,1.115281,1.4668839,0.2225032,-0.062482905,-0.074632359,-0.00056714996,-0.018727684,-0.25823369,-0.54490539,-0.76704965,-0.33869301,1.9163238,-2.1884623,1.7
18,12900,6.450000,31,2.0657065,1.751106,0.02217551,1.3208492,-0.027568484,0.084259229,-0.0095904754,0.14397557,0.10660972,-0.30521312,0.5036359,0.079950819,-0.86020855,2.6064748,0.15743355,1.7
19,13000,6.500000,0,2.0675953,1.8925454,0.011809765,0.47664881,-0.15193745,0.14815303,0.086213636,-0.24098336,0.19168531,-0.013006283,-0.52102044,0.32824976,-0.78790215,2.4781912,2.5793965,1.7
19,13000,6.500000,1,2.0675953,0.39126095,0.43631413,0.91408496,0.018660667,-0.21169339,-0.023905435,-0.21810772,0.045033178,-0.21647584,0.97331279,0.22689826,0.034342166,1.5364474,0.2290292,1.7
19,13000,6.500000,2,2.0675953,0.94942762,0.4463828,0.5857494,0.063036584,-0.078336216,0.031560274,-0.15764385,-0.17886842,-0.045838544,0.54364917,-0.7567502,0.36300786,1.1993024,-0.94782797,1.7
19,13000,6.500000,3,2.0675953,1.181432,1.1639367,0.091322683,0.061029698,0.09121412,0.082429371,-0.0472507,0.28839632,0.21907146,0.21341065,-0.93557782,-0.28133615,1.8559825,-1.3465278,1.7
19,13000,6.500000,4,2.0675953,0.22981928,0.55511064,1.5365499,-0.0305951,0.20621783,0.10363114,0.057000804,0.24276686,0.11485914,0.32879176,0.68572162,0.64937034,0.86404017,1.1236967,1.7
19,13000,6.500000,5,2.0675953,0.68730237,0.77595363,0.15453182,0.17498828,0.01576584,0.094328486,0.36066885,-0.092004416,0.0030639646,0.19125379,0.76786768,-0.61139285,2.2286159,1.3266919,1.7
19,13000,6.500000,6,2.0675953,0.40127153,0.16889783,0.29910239,-0.11702402,0.044763572,0.32215286,0.037561339,0.1201252,0.13949821,0.66210098,-0.41438697,0.62442432,0.89640204,-0.55922234,1.7
19,13000,6.500000,7,2.0675953,0.82318376,0.77966673,1.2377528,-0.071740703,0.037935513,-0.16523567,0.11223094,-0.071741896,-0.12902166,0.53649189,0.49793014,-0.68135309,2.320406,0.74813687,1.7
19,13000,6.500000,8,2.0675953,0.25901987,1.1841076,0.012263313,-0.14172307,-0.23940581,-0.23414659,0.31194723,0.26450407,-0.30764861,-0.74699839,0.2496679,0.61616503,0.90693204,2.819037,1.7
19,13000,6.500000,9,2.0675953,0.19340803,1.8853529,1.1277498,-0.019439723,0.23467548,-0.06110488,0.061438492,0.079387402,-0.19169939,0.87477538,0.44081381,0.2011249,1.3682902,0.46677595,1.7
19,13000,6.500000,10,2.0675953,0.57932225,1.0122527,0.70558447,0.03257804,-0.18706742,-0.11809086,-0.32841071,-0.18002226,-0.30520072,0.93516945,0.19887962,-0.29309553,1.8682593,0.20954511,1.7
19,13000,6.500000,11,2.0675953,1.103255,1.7154872,0.34580288,0.16493549,-0.037439547,0.34177634,0.078104052,-0.19347212,0.21070262,-0.10881304,-0.057721504,-0.99238498,3.0181042,-2.6538711,1.7
19,13000,6.500000,12,2.0675953,2.0361833,0.98298296,0.90934204,0.04016358,-0.15141566,-0.040053446,0.12660523,0.017149515,0.17306222,0.80368942,0.13301905,0.57999073,0.95207902,0.16402356,1.7
19,13000,6.500000,13,2.0675953,0.15609525,1.6719039,1.792883,0.0021273617,-0.10453913,-0.099425416,-0.0062699435,0.031173997,0.0054455917,-0.1357236,-0.8695269,-0.47487059,2.0656133,-1.7256359,1.7
19,13000,6.500000,14,2.0675953,0.80797096,1.4173319,1.2864561,0.066379253,-0.030763149,-0.12559616,-0.076947132,0.25159018,0.097395074,-0.16376842,-0.25275822,0.95356866,0.30592538,-2.1457116,1.7
19,13000,6.500000,15,2.0675953,0.7237325,0.10215203,1.2571988,-0.11635717,0.070130299,-0.19681753,0.1704287,-0.069169042,-0.018971863,0.94826496,-0.22348841,-0.2254917,1.798244,-0.23145759,1.7
19,13000,6.500000,16,2.0675953,1.4931448,0.51885944,0.21748476,-0.028548647,0.19821751,-0.20062553,-0.027632431,-0.0064937842,-0.22435129,-0.16176007,0.97234338,-0.16846968,1.7400733,1.7356476,1.7
19,13000,6.500000,17,2.0675953,1.19116,0.96434842,0.70475373,0.014430962,-0.075958437,-0.025035201,0.074294748,-0.058334287,-0.13826283,0.060634101,-0.2886114,0.95552445,0.29936332,-1.3637188,1.7
19,13000,6.500000,18,2.0675953,1.6370614,0.56201064,0.92353178,-0.24636052,0.20150583,0.012570897,-0.18616163,0.26619217,0.26669798,0.25351682,-0.63726649,0.7277504,0.75576017,-1.1921714,1.7
19,13000,6.500000,19,2.0675953,0.17199381,0.71001216,0.42202991,0.063709329,0.0116148,-0.034694212,-0.11216578,0.02020725,-0.064691177,0.88809475,-0.22899685,-0.3985576,1.9807399,-0.25235485,1.7
19,13000,6.500000,20,2.0675953,1.3383034,0.04444729,0.92762625,0.089982562,-0.069480915,-0.027199374,-0.016281918,-0.37409176,0.26002651,-0.31358712,0.94760235,-0.060933624,1.6317677,1.8903795,1.7
19,13000,6.500000,21,2.0675953,0.87288324,0.31813799,2.0079843,-0.17385927,-0.1145652,0.0058659011,-0.058295787,-0.32258651,0.048221459,-0.44153841,0.31550602,-0.83994034,2.5679696,2.5211611,1.7
19,13000,6.500000,22,2.0675953,1.9589562,0.31900387,0.0087573621,-0.023721405,0.11295417,0.10722726,-0.05214545,0.35269692,-0.10749423,0.78841949,-0.61365867,-0.042635125,1.6134444,-0.66139357,1.7
19,13000,6.500000,23,2.0675953,1.4578092,0.65858151,1.4609323,-0.035179015,0.0019945104,0.18295117,0.010897074,0.12332947,0.32400657,0.20818589,-0.2829237,0.93627604,0.35892199,-0.93642094,1.7
19,13000,6.500000,24,2.0675953,1.7650967,0.97996088,0.048634867,0.073555877,0.013426353,-0.058639124,-0.43100617,-0.057486505,0.027603327,0.71612812,-0.56678722,0.4073239,1.1512744,-0.66951228,1.7
19,13000,6.500000,25,2.0675953,0.65990589,1.8601052,0.66312725,-0.093312712,0.070620235,0.082186854,0.074737159,0.023783921,0.22375833,-0.30057913,0.52757032,0.79455758,0.65251774,2.0886703,1.7
19,13000,6.500000,26,2.0675953,1.640813,1.4349697,0.74692554,-0.070451887,-0.219978,0.019489925,0.18085564,-0.097111405,0.10854381,0.96305184,0.048000625,-0.26500396,1.8390044,0.049800991,1.7
19,13000,6.500000,27,2.0675953,1.7438821,1.5373396,0.079458449,0.23810373,-0.21156004,-0.051904372,0.11538469,-0.36971502,-0.24264494,-0.92039652,0.15903471,-0.35718091,1.9360443,2.9704928,1.7
19,13000,6.500000,28,2.0675953,1.3269854,1.3391608,1.3519845,-0.067630581,0.073814016,0.011941803,-0.15554817,-0.17548445,0.34165965,0.53037856,0.36411698,-0.76558305,2.4427435,0.60162349,1.7
19,13000,6.500000,29,2.0675953,1.4225028,0.18229112,1.8173229,0.082676671,0.17503326,0.087865709,0.22849822,-0.038983922,-0.018668405,0.97541705,0.20077351,0.090838208,1.4798327,0.20299835,1.7
19,13000,6.500000,30,2.0675953,0.22689154,1.1137477,1.4566081,0.22348988,-0.065034849,-0.086244088,0.023944983,-0.1044938,-0.20771345,-0.67249279,-0.61621523,-0.40991735,1.9931598,-2.3998365,1.7
19,13000,6.500000,31,2.0675953,1.7588868,0.027300936,1.3081849,-0.021391596,0.089362048,-0.023456135,0.13404794,0.077322169,-0.2825329,0.2607533,-0.0099997089,-0.96535368,2.8775917,-0.038330526,1.7
20,13100,6.550000,0,2.0719983,1.8869441,0.01817067,0.47657703,-0.16155876,0.15448205,0.085127959,-0.17902193,0.079253194,-0.0077710272,-0.71302479,0.47434862,-0.51632261,2.1133477,2.5545628,1.7
20,13100,6.550000,1,2.0719983,0.38133957,0.4394288,0.90505385,0.007917497,-0.20951019,-0.03487148,-0.22244405,0.073941816,-0.21317509,0.99157347,-0.065846788,-0.11156275,1.6825918,-0.066309007,1.7
20,13100,6.550000,2,2.0719983,0.94311769,0.43979807,0.5835589,0.054713644,-0.085863533,0.028126042,-0.14027369,-0.15756675,-0.082219059,0.73694431,-0.57110854,0.3615911,1.2008224,-0.65929032,1.7
20,13100,6.550000,3,2.0719983,1.182559,1.1765009,0.10080083,0.059642281,0.10128891,0.091703173,-0.052709419,0.14644114,0.10024403,0.41506964,-0.85792945,-0.30277757,1.878402,-1.1201893,1.7
20,13100,6.550000,4,2.0719983,0.23461131,0.56970374,1.548758,-0.026297062,0.21961454,0.11255761,0.14177027,0.27349993,0.23050442,0.30281507,0.62777298,0.71708028,0.77119213,1.1213568,1.7
20,13100,6.550000,5,2.0719983,0.70819353,0.77717076,0.15166414,0.19439514,0.015330993,0.091135124,0.34557966,0.025186536,-0.11945087,0.23657214,0.67991496,-0.6940816,2.3379397,1.2359546,1.7
20,13100,6.550000,6,2.0719983,0.40216548,0.17394997,0.30903384,-0.11698465,0.049451054,0.33143747,0.0029173775,0.064673327,0.22468765,0.56905558,-0.1992487,0.79779427,0.64716836,-0.33679888,1.7
20,13100,6.550000,7,2.0719983,0.8293176,0.78025438,1.2352014,-0.067364537,0.036863958,-0.17041742,0.077769607,0.014744489,-0.061606593,0.47532908,0.42809307,-0.76863424,2.4474997,0.73316008,1.7
20,13100,6.550000,8,2.0719983,0.27207947,1.200276,2.0711712,-0.12922835,-0.22577347,-0.24724924,0.20382579,0.3106747,-0.24518391,-0.88761176,0.27441228,0.36992333,1.1918698,2.8417553,1.7
20,13100,6.550000,9,2.0719983,0.19560002,1.8920419,1.1221569,-0.017661496,0.23734677,-0.069090871,0.040210529,0.064968893,-0.19275746,0.94556281,0.30735038,0.10698937,1.4636018,0.31427252,1.7
20,13100,6.550000,10,2.0719983,0.56355289,1.0076126,0.69373661,0.015593052,-0.19385593,-0.13142711,-0.31809381,-0.062461406,-0.23609411,0.85453987,0.40640662,-0.32341191,1.9001293,0.4439258,1.7
20,13100,6.550000,11,2.0719983,1.1114388,1.7071123,0.3564871,0.17076367,-0.049454852,0.35171359,0.14423717,-0.20635907,0.18051132,-0.38025649,-0.015745749,-0.92474703,2.7511667,-3.1002081,1.7
20,13100,6.550000,12,2.0719983,2.0457447,0.98529811,0.92152099,0.04538328,-0.15119407,-0.029821874,0.083725624,-0.076843769,0.2008071,0.94524807,0.074697423,0.31768912,1.247505,0.078860263,1.7
20,13100,6.550000,13,2.0719983,0.15478172,1.6772796,1.7972412,0.00048316965,-0.10272578,-0.098885918,-0.071921896,0.02686684,0.0078540467,-0.33222994,-0.91959119,-0.20970289,1.7820674,-1.9174846,1.7
20,13100,6.550000,14,2.0719983,0.80590696,1.4330144,1.2926066,0.062598663,-0.018112349,-0.12218882,-0.081706418,0.26211256,0.050338031,-0.18337962,0.029027227,0.98261352,0.18674632,2.9846048,1.7
20,13100,6.550000,15,2.0719983,0.73015525,0.10152434,1.2587983,-0.11148084,0.069285976,-0.19789412,0.071444226,-0.037659649,-0.069209248,0.94836036,-0.17055908,-0.26743639,1.8415279,-0.17794403,1.7
20,13100,6.550000,16,2.0719983,1.4913734,0.51879163,0.20764639,-0.03349459,0.197046,-0.2109161,-0.14673931,-0.073603074,-0.20730601,-0.27575152,0.92473434,-0.26234995,1.836253,1.8605967,1.7
20,13100,6.550000,17,2.0719983,1.1983499,0.96141173,0.69934051,0.019079242,-0.080943458,-0.031941895,0.097440179,-0.1412282,-0.12594318,-0.044905039,-0.047929273,0.99784083,0.065725906,-2.3236293,1.7
20,13100,6.550000,18,2.0719983,1.6308013,0.57484343,0.93649069,-0.25609639,0.21312942,0.023551409,-0.18090182,0.19622623,0.21619396,0.48112524,-0.49672777,0.72234343,0.76361124,-0.80135271,1.7
20,13100,6.550000,19,2.0719983,0.16711485,0.71430735,0.4210934,0.058469671,0.014395016,-0.036527507,-0.080808916,0.083094615,0.0060643506,0.87078421,0.024380753,-0.49106052,2.0841031,0.027991304,1.7
20,13100,6.550000,20,2.0719983,1.3412649,0.022315031,0.94652351,0.090093941,-0.09168421,-0.010295521,-0.029323239,-0.45584114,0.39838752,-0.31230798,0.94763786,-0.066679932,1.6375258,1.8891513,1.7
20,13100,6.550000,21,2.0719983,0.86987191,0.30421228,2.0126556,-0.17872428,-0.12915289,0.006260695,-0.12839436,-0.23498702,-0.038818631,-0.44780982,0.40862396,-0.79529418,2.490289,2.4019173,1.7
20,13100,6.550000,22,2.0719983,1.9644723,0.3393419,0.0011708264,-0.022378464,0.13259198,0.099630155,0.059327023,0.43348388,-0.10650514,0.81389975,-0.51477413,0.26939707,1.2980294,-0.56395908,1.7
20,13100,6.550000,23,2.0719983,1.4603508,0.66741896,1.4821497,-0.035741359,0.0094215743,0.2010382,0.012711034,0.11093321,0.4246749,0.091188139,-0.53126544,0.84228366,0.56929045,-1.4008095,1.7
20,13100,6.550000,24,2.0719983,1.7497709,0.97778559,0.046918822,0.054491434,0.0091687013,-0.060456807,-0.41170587,-0.091298322,-0.076225946,0.73284428,-0.67418997,0.091690494,1.4789769,-0.74373581,1.7
20,13100,6.550000,25,2.0719983,0.6644622,1.8655014,0.67695772,-0.090165059,0.072053661,0.094591964,0.040341631,0.052860083,0.18075202,-0.1856103,0.43823816,0.87948629,0.49601461,1.9714276,1.7
20,13100,6.550000,26,2.0719983,1.6558444,1.4296047,0.75077552,-0.05892696,-0.22838991,0.021746887,0.24627714,-0.1838651,0.018335453,0.95604934,0.21770671,0.19640125,1.37311,0.22389704,1.7
20,13100,6.550000,27,2.0719983,1.7535953,1.5235344,0.068340825,0.24409692,-0.22862094,-0.063179215,0.16808628,-0.34620318,-0.20272403,-0.90975079,0.22477845,-0.34903888,1.9273416,2.899367,1.7
20,13100,6.550000,28,2.0719983,1.3244617,1.3352452,1.3723868,-0.072974486,0.067053809,0.029446288,-0.058139061,-0.1404768,0.398327,0.51205221,0.47599262,-0.71500598,2.367429,0.74891845,1.7
20,13100,6.550000,29,2.0719983,1.435098,0.17994482,1.8187786,0.092232389,0.17230166,0.085453931,0.2017718,-0.09542788,-0.093677774,0.89811678,0.29235768,0.3285015,1.2360797,0.31470487,1.7
20,13100,6.550000,30,2.0719983,0.22915476,1.1126411,1.4484092,0.22526803,-0.068509512,-0.097532952,0.020827578,-0.013891166,-0.211694,-0.79891221,-0.39377787,-0.45461882,2.0427405,-2.6836472,1.7
20,13100,6.550000,31,2.0719983,1.7685368,0.031052907,1.2936659,-0.015493516,0.093051954,-0.040742628,0.14965153,0.047688561,-0.37254277,0.0065938087,-0.056421779,-0.99838525,3.0847563,-1.4544577,1.7
21,13200,6.600000,0,2.0743874,1.8776345,0.025324512,0.4775107,-0.17303738,0.16161083,0.085511912,-0.32314045,0.17679805,0.0056244628,-0.79737995,0.57328555,-0.18849108,1.7604218,2.5182538,1.7
21,13200,6.600000,1,2.0743874,0.3692338,0.44339152,0.89639341,-0.0046207344,-0.20605614,-0.044569868,-0.31123819,0.061731482,-0.12417786,0.89007586,-0.37066837,-0.2652733,1.8392837,-0.39460293,1.7
21,13200,6.600000,2,2.0743874,0.93946323,0.43225844,0.5805217,0.049974498,-0.093905618,0.024418132,-0.064353598,-0.17853164,-0.051450818,0.87175809,-0.35123095,0.34157672,1.2222023,-0.3830035,1.7
21,13200,6.600000,3,2.0743874,1.180137,1.1847054,0.10714806,0.055859016,0.10813294,0.097930594,-0.070878809,0.18400755,0.082582744,0.57882042,-0.76692052,-0.27712782,1.8515999,-0.92427281,1.7
21,13200,6.600000,4,2.0743874,0.24100941,0.58354681,1.5630203,-0.020173,0.23279314,0.12502695,0.13495745,0.23083144,0.23453108,0.31119048,0.52327484,0.793312,0.65456638,1.0342845,1.7
21,13200,6.600000,5,2.0743874,0.72536284,0.77951811,0.14488261,0.21073848,0.016781422,0.08418273,0.30028169,0.0053625545,-0.11665963,0.2778039,0.57491367,-0.76960981,2.4490262,1.1206709,1.7
21,13200,6.600000,6,2.0743874,0.40312586,0.17783545,0.31619103,-0.11648826,0.05313384,0.33823443,-0.03526918,0.13359523,0.059931922,0.4201606,0.053647949,0.90586256,0.43738463,0.12699721,1.7
21,13200,6.600000,7,2.0743874,0.83469403,0.78318008,1.232776,-0.062946862,0.038888856,-0.1742648,0.060888974,0.033945458,-0.12665101,0.43020589,0.34052602,-0.83604122,2.5608241,0.66956228,1.7
21,13200,6.600000,8,2.0743874,0.28067692,1.2167759,2.0641746,-0.12094938,-0.21066626,-0.25662854,0.1800317,0.28639122,-0.13568836,-0.93623621,0.33941806,0.090868754,1.4798021,2.793795,1.7
21,13200,6.600000,9,2.0743874,0.19264465,1.897594,1.1104754,-0.020840562,0.24071531,-0.082058766,-0.13048362,0.06408915,-0.30252201,0.99047596,0.13488621,-0.027624051,1.5984239,0.13535059,1.7
21,13200,6.600000,10,2.0743874,0.55151446,1.0042545,0.68347926,0.0029121465,-0.19837327,-0.14247798,-0.24779028,-0.13406655,-0.19647091,0.75465366,0.56877784,-0.32709268,1.9040217,0.64586099,1.7
21,13200,6.600000,11,2.0743874,1.1221238,1.6965784,0.36496796,0.18016173,-0.061949847,0.35977876,0.24800623,-0.31993494,0.10162464,-0.62981387,0.085586037,-0.77201653,2.452804,3.006529,1.7
21,13200,6.600000,12,2.0743874,2.0512459,0.98071808,0.93018771,0.048523861,-0.15690687,-0.022222063,0.0298332,-0.13928482,0.14313423,0.99766488,0.029690326,0.061508345,1.5092491,0.029751038,1.7
21,13200,6.600000,13,2.0743874,0.15274647,1.6813585,1.7988061,-0.0017292764,-0.10058196,-0.099392885,-0.038919827,0.076224493,-0.019850651,-0.60166694,-0.79872614,0.0057838512,1.5650124,-2.2163953,1.7
21,13200,6.600000,14,2.0743874,0.80256981,1.4488853,1.300291,0.058334743,-0.0039019008,-0.11599839,-0.056217958,0.26581951,0.092427917,-0.30014854,0.28846225,0.90923066,0.4293641,2.3760459,1.7
21,13200,6.600000,15,2.0743874,0.73487593,0.099128265,1.2572187,-0.10760427,0.066774287,-0.20092336,0.10804178,-0.035768481,-0.074452911,0.96830284,-0.094821614,-0.23108108,1.803985,-0.097614349,1.7
21,13200,6.600000,16,2.0743874,1.4834896,0.51496892,0.19920972,-0.04309241,0.19262766,-0.21958719,-0.20251337,-0.16509057,-0.10111094,-0.33161919,0.88511753,-0.32648993,1.9033839,1.9292699,1.7
21,13200,6.600000,17,2.0743874,1.2017119,0.95587532,0.69402302,0.021058405,-0.087584553,-0.038062205,0.013324815,-0.098880226,-0.073541592,-0.087412269,0.1883297,0.97820807,0.20914849,2.0053507,1.7
21,13200,6.600000,18,2.0743874,1.6241319,0.58453333,0.94626568,-0.26464129,0.22215132,0.032241613,-0.20628659,0.21119127,0.14132231,0.67520705,-0.34894246,0.64987275,0.86337933,-0.47699179,1.7
21,13200,6.600000,19,2.0743874,0.16501781,0.7177196,0.42139969,0.056181264,0.016982175,-0.03670664,-0.018468471,0.039890471,-0.061687162,0.78392417,0.3122083,-0.53664595,2.1372535,0.37900841,1.7
21,13200,6.600000,20,2.0743874,1.3399235,0.00026033542,0.96480905,0.087207792,-0.11375192,0.0068887597,-0.10520789,-0.40596022,0.26139062,-0.31862275,0.94348001,-0.09124151,1.6621649,1.8964808,1.7
21,13200,6.600000,21,2.0743874,0.86730201,0.29343136,2.0147252,-0.1822951,-0.14027815,0.0060098014,0.011816561,-0.22610346,0.028269428,-0.4276152,0.47030395,-0.77198409,2.452753,2.3086884,1.7
21,13200,6.600000,22,2.0743874,1.9732753,0.36129114,2.0716806,-0.015844296,0.15413754,0.095753452,0.16554528,0.46006918,-0.03589473,0.67646216,-0.4187787,0.60582452,0.91999452,-0.55432503,1.7
21,13200,6.600000,23,2.0743874,1.4652155,0.67659242,1.5095248,-0.032562274,0.017820659,0.22668953,0.10914552,0.25826168,0.58552338,-0.03647128,-0.72868672,0.68387536,0.8177352,-1.6208053,1.7
21,13200,6.600000,24,2.0743874,1.7363592,0.97337056,0.043839094,0.039071157,0.0036294668,-0.063588828,-0.20531856,-0.13611444,-0.07428638,0.69540418,-0.69743368,-0.17320303,1.7448773,-0.78685526,1.7
21,13200,6.600000,25,2.0743874,0.66472631,1.8695931,0.68875134,-0.090666795,0.073993343,0.1055987,-0.058447803,-0.013499156,0.21190841,-0.10441195,0.37481257,0.9212023,0.39963697,1.8424795,1.7
21,13200,6.600000,26,2.0743874,1.6669293,1.4221479,0.75100977,-0.049756595,-0.23748988,0.021115851,0.10539031,-0.24670476,-0.006834025,0.72747187,0.36005762,0.58407464,0.94705677,0.4595944,1.7
21,13200,6.600000,27,2.0743874,1.7637031,1.5091473,0.056992107,0.25217807,-0.24475547,-0.07460015,0.19441863,-0.22342325,-0.25117066,-0.89051799,0.31056578,-0.33245541,1.9097022,2.8060342,1.7
21,13200,6.600000,28,2.0743874,1.3244685,1.3310795,1.3942297,-0.074493846,0.061351826,0.049695152,-0.055068024,-0.078746156,0.41091667,0.50104716,0.5664244,-0.65430508,2.2840597,0.84656672,1.7
21,13200,6.600000,29,2.0743874,1.4458882,0.17572239,1.8147811,0.10136261,0.1678743,0.079362884,0.26525786,-0.13186269,-0.11270553,0.80117967,0.32880514,0.49999831,1.0471995,0.38944068,1.7
21,13200,6.600000,30,2.0743874,0.23181983,1.1149014,1.4406729,0.2276675,-0.067532657,-0.1069338,0.033253645,0.048724337,-0.1147068,-0.87533909,-0.158562,-0.4567708,2.0451581,-2.9623923,1.7
21,13200,6.600000,31,2.0743874,1.7773972,0.032401766,1.2754266,-0.0086762289,0.094364254,-0.060462216,0.14635022,0.025231762,-0.38983192,-0.20347496,-0.088872817,-0.97503824,2.9176895,-2.7297907,1.7
22,13300,6.650000,0,2.0730399,1.8634208,0.030733803,0.47886616,-0.18603573,0.16703834,0.087178087,-0.21252568,0.10406432,0.01544233,-0.75176542,0.6267638,0.2049778,1.3643553,2.4466247,1.7
22,13300,6.650000,1,2.0730399,0.34957129,0.44491553,0.89034214,-0.024049715,-0.20424352,-0.050040641,-0.44520278,0.062771434,-0.10765542,0.69645912,-0.60938385,-0.37894065,1.9594476,-0.71881546,1.7
22,13300,6.650000,2,2.0730399,0.93791922,0.41877926,0.57260647,0.049040423,-0.10710831,0.016877545,0.0084316882,-0.30313463,-0.21933849,0.96001303,-0.13495822,0.24527791,1.32299,-0.13966433,1.7
22,13300,6.650000,3,2.0730399,1.1764168,1.1919953,0.11222034,0.052904398,0.11619508,0.10307415,-0.051537829,0.17116459,0.11960876,0.74015782,-0.6396552,-0.20738282,1.7796952,-0.71268871,1.7
22,13300,6.650000,4,2.0730399,0.24583819,0.59519117,1.5715994,-0.015186046,0.24482046,0.13462453,0.044847681,0.25546397,0.084254436,0.35206042,0.3983542,0.84697544,0.56052629,0.84701102,1.7
22,13300,6.650000,5,2.0730399,0.73850602,0.7816806,0.1364001,0.22435726,0.019451132,0.075791603,0.25028858,0.052660342,-0.16780651,0.2890801,0.44435276,-0.84792884,2.5828623,0.99402441,1.7
22,13300,6.650000,6,2.0730399,0.40414577,0.18626079,0.31831614,-0.11520607,0.061677476,0.34056568,0.076610175,0.20317251,0.051714949,0.23801152,0.20128661,0.95017589,0.31699665,0.70199303,1.7
22,13300,6.650000,7,2.0730399,0.8336705,0.78577393,1.2267918,-0.063428362,0.041992439,-0.17944991,-0.025904537,0.093493204,-0.050964492,0.48531661,0.29633492,-0.82258945,2.5367463,0.54817809,1.7
22,13300,6.650000,8,2.0730399,0.28969014,1.2267351,2.0555251,-0.11175085,-0.19991317,-0.26393955,0.19643473,0.17577944,-0.094560756,-0.91231205,0.3783871,-0.15655647,1.7279995,2.7484305,1.7
22,13300,6.650000,9,2.0730399,0.189333,1.9010532,1.0949033,-0.024028119,0.24540869,-0.096914393,0.05952526,0.08274124,-0.3212444,0.98008884,-0.038309631,-0.19482872,1.7668792,-0.039068028,1.7
22,13300,6.650000,10,2.0730399,0.54287526,0.99922115,0.67227576,-0.0053714977,-0.2027557,-0.15324102,-0.094947391,-0.071412088,-0.25797806,0.63743976,0.70005366,-0.32186243,1.8984923,0.83217837,1.7
22,13300,6.650000,11,2.0730399,1.1326082,1.6787544,0.3705061,0.19137873,-0.078677274,0.36555586,0.1945709,-0.34094567,0.087058342,-0.83739451,0.21615219,-0.50204449,2.0967575,2.888982,1.7
22,13300,6.650000,12,2.0730399,2.0469017,0.97300132,0.93612811,0.045511163,-0.16398888,-0.01567531,-0.12085575,-0.11919698,0.11518092,0.98521399,-0.018904506,-0.17028217,1.7419123,-0.019185869,1.7
22,13300,6.650000,13,2.0730399,0.14840384,1.6849186,1.7949673,-0.0059740657,-0.095928246,-0.10206411,-0.16238795,0.12878901,-0.10836199,-0.84262102,-0.50372996,0.19038367,1.3792434,-2.6027827,1.7
22,13300,6.650000,14,2.0730399,0.79577125,1.4618652,1.306618,0.052055472,0.010023695,-0.10882447,-0.20664958,0.23821368,0.19048467,-0.409997,0.46446342,0.78496891,0.66815039,2.2939891,1.7
22,13300,6.650000,15,2.0730399,0.73934211,0.095944344,1.2535487,-0.10265913,0.063653743,-0.20377769,0.11075878,-0.025680213,-0.057697959,0.97855988,-0.059980241,-0.19703537,1.7691294,-0.061217811,1.7
22,13300,6.650000,16,2.0730399,1.4701861,0.50730419,0.19851361,-0.055436263,0.18529506,-0.22015408,-0.29662043,-0.15131911,0.024506258,-0.36790086,0.86414179,-0.34337724,1.9213068,1.9732947,1.7
22,13300,6.650000,17,2.0730399,1.2013476,0.94635641,0.68871897,0.021474862,-0.096485454,-0.042917015,-0.0067831305,-0.26174693,-0.07503668,-0.14837246,0.37584389,0.91472782,0.41596252,1.9467873,1.7
22,13300,6.650000,18,2.0730399,1.6138402,0.59394819,0.95304229,-0.27388094,0.23194906,0.039635288,-0.16537686,0.16588753,0.14017833,0.80060255,-0.24641428,0.54618272,0.99299594,-0.29858454,1.7
22,13300,6.650000,19,2.0730399,0.163517,0.71484476,0.41937099,0.054787193,0.01457276,-0.038462183,-0.059320056,-0.061194031,-0.055431515,0.63913825,0.50513164,-0.579952,2.1894661,0.66881818,1.7
22,13300,6.650000,20,2.0730399,1.3302503,2.0513059,0.97570098,0.078402102,-0.13575324,0.018411147,-0.24032276,-0.49623392,0.22123322,-0.27235784,0.95291441,-0.13332415,1.7045187,1.8491897,1.7
22,13300,6.650000,21,2.0730399,0.86986699,0.28439684,2.012486,-0.17916572,-0.14912494,0.0050790378,0.083642188,-0.18768143,-0.077454622,-0.38281681,0.44372779,-0.81028201,2.5154295,2.2826339,1.7
22,13300,6.650000,22,2.0730399,1.9828038,0.38077476,2.0648612,-0.0050304622,0.17386225,0.090277969,0.20939128,0.39976125,-0.13725044,0.43967717,-0.24024032,0.8654297,0.52478895,-0.50007635,1.7
22,13300,6.650000,23,2.0730399,1.4714265,0.68830686,1.5323137,-0.0253972,0.029978537,0.25046671,0.15946632,0.23594671,0.4521787,-0.14178792,-0.8493097,0.50849701,1.0373579,-1.7362157,1.7
22,13300,6.650000,24,2.0730399,1.7259951,0.9639352,0.041720799,0.029831917,-0.005176474,-0.065679325,-0.15992665,-0.1949904,-0.071447908,0.64907819,-0.66241582,-0.37403581,1.9541532,-0.79556761,1.7
22,13300,6.650000,25,2.0730399,0.66206356,1.8694517,0.69979595,-0.092898479,0.07506676,0.11709443,0.023066896,0.077565467,0.24676718,-0.039365625,0.29650651,0.95421918,0.30375801,1.7027892,1.7
22,13300,6.650000,26,2.0730399,1.669558,1.4132589,0.75118333,-0.046043854,-0.24545767,0.021777457,0.078142656,-0.14268595,0.084410254,0.26577002,0.44057479,0.85747312,0.540458,1.0280017,1.7
22,13300,6.650000,27,2.0730399,1.774817,1.4990991,0.045506643,0.26444168,-0.25382626,-0.086052314,0.31493994,-0.18238421,-0.24171886,-0.89214799,0.34815259,-0.28785715,1.8627849,2.7695275,1.7
22,13300,6.650000,28,2.0730399,1.320934,1.328005,1.4129618,-0.077168911,0.059141259,0.069339305,-0.067016362,-0.038995134,0.39384337,0.51563801,0.6387171,-0.57110236,2.1786445,0.89161838,1.7
22,13300,6.650000,29,2.0730399,1.4582317,0.1702457,1.8095182,0.11464964,0.16251001,0.075277433,0.29094609,-0.093067487,-0.083132748,0.70392871,0.32063898,0.63377836,0.88436817,0.42741766,1.7
22,13300,6.650000,30,2.0730399,0.23535029,1.1165018,1.4361157,0.23134974,-0.065207315,-0.11055635,0.078734193,0.061285704,0.0087942397,-0.89638007,0.057601879,-0.43952793,2.0258694,3.0774203,1.7
22,13300,6.650000,31,2.0730399,1.7842992,0.039090971,1.2616765,-0.00061699064,0.10107669,-0.073388012,0.14250983,0.20847177,-0.1648153,-0.39043665,-0.037171127,-0.91987908,2.7385684,-3.0466747,1.7
23,13400,6.700000,0,2.0711524,1.8528794,0.033606909,0.48174586,-0.19488448,0.16994075,0.090495298,-0.1848652,0.0016104258,0.13200844,-0.5498382,0.57488563,0.60595748,0.91982738,2.3339283,1.7
23,13400,6.700000,1,2.0711524,0.32336469,0.44393813,0.8831853,-0.049949831,-0.2048161,-0.056389729,-0.54668349,0.0010637558,-0.11877583,0.45657914,-0.75361184,-0.47286858,2.0633398,-1.0260831,1.7
23,13400,6.700000,2,2.0711524,0.93674492,0.40309236,0.56304389,0.048719941,-0.12242089,0.0078321872,-0.0025012585,-0.33766417,-0.18720549,0.98552616,0.12817085,0.11095233,1.4596151,0.12932734,1.7
23,13400,6.700000,3,2.0711524,1.1721267,1.1977765,0.11545839,0.049683933,0.12306465,0.10641589,-0.12548431,0.10420757,0.029912926,0.86915826,-0.47636463,-0.13281814,1.7040081,-0.50136472,1.7
23,13400,6.700000,4,2.0711524,0.24904456,0.60762064,1.5718923,-0.011754276,0.25779776,0.13634905,0.077755518,0.2125876,0.0093196084,0.44390985,0.22527726,0.8672913,0.5210614,0.46961707,1.7
23,13400,6.700000,5,2.0711524,0.74691399,0.78449937,0.1243978,0.23344176,0.022983215,0.06390808,0.12406622,0.087659158,-0.28593039,0.29316991,0.28568935,-0.91237766,2.7198517,0.77247595,1.7
23,13400,6.700000,6,2.0711524,0.40766514,0.19676933,0.31771487,-0.11131696,0.072360469,0.3402541,0.040112133,0.27544732,-0.024949346,0.078917316,0.29872575,0.95107044,0.3141142,1.3125171,1.7
23,13400,6.700000,7,2.0711524,0.83255287,0.78672511,1.2247309,-0.063787108,0.043659818,-0.18039427,-0.026174281,-0.04892201,-0.030831367,0.50513467,0.29323146,-0.81169839,2.5178504,0.52595901,1.7
23,13400,6.700000,8,2.0711524,0.29742002,1.2319978,2.0466081,-0.10375357,-0.19353063,-0.27098819,0.16019337,0.12005524,-0.15551977,-0.86361713,0.36645941,-0.34622675,1.9243424,2.7402889,1.7
23,13400,6.700000,9,2.0711524,0.19414415,1.9049208,1.0788949,-0.019042312,0.25100974,-0.11193271,0.10422562,0.083285846,-0.29567471,0.90632112,-0.23465006,-0.35145608,1.9299223,-0.25334107,1.7
23,13400,6.700000,10,2.0711524,0.54162657,0.99496896,0.66192019,-0.0061262553,-0.20609965,-0.16298893,0.088075237,-0.068766457,-0.17492581,0.51168888,0.80067522,-0.31159859,1.8876712,1.002142,1.7
23,13400,6.700000,11,2.0711524,1.1415638,1.6620316,0.37588132,0.20137011,-0.0938785,0.37127102,0.19376871,-0.14954245,0.15819632,-0.94621187,0.30417641,-0.11027155,1.6812926,2.830559,1.7
23,13400,6.700000,12,2.0711524,2.0400398,0.96577193,0.94552816,0.040510611,-0.17033527,-0.0054182569,-0.031228584,-0.093209695,0.23426302,0.92661436,-0.11956497,-0.35649692,1.9353121,-0.12832517,1.7
23,13400,6.700000,13,2.0711524,0.13695514,1.6881409,1.7891929,-0.017292796,-0.091169699,-0.10620617,-0.21576524,0.13717785,-0.15138611,-0.96712719,-0.012807407,0.25397041,1.3140133,-3.1283507,1.7
23,13400,6.700000,14,2.0711524,0.78449902,1.4736307,1.318725,0.041502972,0.023126124,-0.095521761,-0.20787182,0.28281983,0.29562899,-0.51393227,0.58651391,0.62599924,0.89438408,2.2903333,1.7
23,13400,6.700000,15,2.0711524,0.74345873,0.093299957,1.2488908,-0.097867167,0.061095547,-0.20729589,0.10729198,-0.084667137,-0.041879252,0.99055709,-0.093480024,-0.1002903,1.6712555,-0.094092497,1.7
23,13400,6.700000,16,2.0711524,1.4546602,0.49621642,0.20025845,-0.069630035,0.17466433,-0.21822762,-0.32205272,-0.26836809,-0.0008920319,-0.37960396,0.85048228,-0.36411637,1.9434802,1.9906021,1.7
23,13400,6.700000,17,2.0711524,1.1979067,0.93733016,0.68594562,0.019126624,-0.10465378,-0.045064277,-0.05589425,-0.11607732,-0.014168813,-0.26170128,0.48593767,0.83389269,0.58467286,2.0648055,1.7
23,13400,6.700000,18,2.0711524,1.6074021,0.60076676,0.96052407,-0.27885192,0.23931176,0.0479886,-0.05488377,0.11650826,0.16441791,0.8804693,-0.10211126,0.46297635,1.0894461,-0.11545789,1.7
23,13400,6.700000,19,2.0711524,0.15795891,0.70986291,0.41411155,0.049375524,0.010239787,-0.043342012,-0.12686138,-0.13118925,-0.11482875,0.46053272,0.6553574,-0.59867878,2.2126469,0.95824722,1.7
23,13400,6.700000,20,2.0711524,1.3132354,2.026032,0.98326899,0.06259113,-0.15917013,0.026871367,-0.37324416,-0.39590062,0.12659845,-0.2111899,0.96485374,-0.15638442,1.7278253,1.7862808,1.7
23,13400,6.700000,21,2.0711524,0.87528021,0.27391842,2.0080575,-0.17295768,-0.15934909,0.002481672,0.12855413,-0.27238133,-0.048183774,-0.33728043,0.40650058,-0.84911671,2.5851071,2.2633966,1.7
23,13400,6.700000,22,2.0711524,1.9939535,0.40259024,2.0564287,0.0079304078,0.19603452,0.083722455,0.29519959,0.50710812,-0.089380312,0.12101776,-0.084483071,0.98904869,0.14813073,-0.60945285,1.7
23,13400,6.700000,23,2.0711524,1.4800679,0.69847299,1.552807,-0.015411569,0.040776275,0.27236512,0.19952848,0.21665329,0.4499696,-0.27469245,-0.89647545,0.347672,1.2157093,-1.8681269,1.7
23,13400,6.700000,24,2.0711524,1.7176234,0.95205128,0.040663789,0.023028637,-0.016187765,-0.066698814,-0.093913953,-0.20654686,-0.04916714,0.55553859,-0.61491122,-0.5596973,2.1648168,-0.83608106,1.7
23,13400,6.700000,25,2.0711524,0.6652257,1.8748845,0.70857875,-0.089131833,0.082204914,0.12651868,0.066611808,0.12992269,0.15952233,0.058081468,0.28553992,0.95660519,0.29567665,1.3701248,1.7
23,13400,6.700000,26,2.0711524,1.6724092,1.4043465,0.7523778,-0.041670605,-0.25308675,0.023656719,0.07491575,-0.13796801,0.013408477,-0.28346432,0.48171538,0.82921546,0.59309376,2.1026782,1.7
23,13400,6.700000,27,2.0711524,1.7881182,1.4882957,0.034354999,0.27936563,-0.26326905,-0.097167588,0.30751013,-0.19889669,-0.17467534,-0.87188417,0.40381277,-0.27704376,1.8515124,2.7078575,1.7
23,13400,6.700000,28,2.0711524,1.3129272,1.3272853,1.4281741,-0.083976123,0.059630888,0.085845638,-0.13843991,-0.024642854,0.25096827,0.50146203,0.69148691,-0.51998238,2.1176267,0.9433611,1.7
23,13400,6.700000,29,2.0711524,1.4704455,0.1654036,1.8047811,0.12819727,0.15782078,0.07218654,0.26899892,-0.13577751,-0.034108459,0.62702322,0.30686564,0.71601352,0.77272145,0.45513232,1.7
23,13400,6.700000,30,2.0711524,0.23857835,1.119625,1.4369888,0.23479366,-0.061065634,-0.10837472,0.078499612,0.064931919,0.10962952,-0.89156052,0.17945058,-0.4158333,1.9996552,2.9429696,1.7
23,13400,6.700000,31,2.0711524,1.7921199,0.051427827,1.2515704,0.0088325244,0.11345477,-0.082349484,0.20290972,0.31134897,-0.16784335,-0.483845,0.047211675,-0.87387933,2.6339221,3.0443245,1.7
24,13500,6.750000,0,2.0748123,1.8453436,0.036743062,0.48794471,-0.20568488,0.1730148,0.095838167,-0.16136367,0.12847687,0.1028312,-0.30633471,0.37745562,0.87389147,0.50764557,2.2525573,1.7
24,13500,6.750000,1,2.0748123,0.29756315,0.44709045,0.88102858,-0.076299516,-0.20245033,-0.06010381,-0.53086616,0.099710284,-0.045193485,0.13678384,-0.84109965,-0.52329873,2.1215138,-1.4095826,1.7
24,13500,6.750000,2,2.0748123,0.93924626,0.38541358,0.5558953,0.04956525,-0.14079574,-0.00030414971,0.020143076,-0.34840385,-0.1004502,0.90612967,0.41475097,-0.083130359,1.6540227,0.42925283,1.7
24,13500,6.750000,3,2.0748123,1.1623957,1.206203,0.11378564,0.037892082,0.12936909,0.10454077,-0.25088501,0.11076667,-0.034127099,0.96620613,-0.2239047,-0.12772001,1.6988661,-0.2277165,1.7
24,13500,6.750000,4,2.0748123,0.25327613,0.61883402,1.5734973,-0.0079661315,0.2679285,0.13517745,0.050035132,0.17398152,-0.015243943,0.47312373,0.023264686,0.88068876,0.49348207,0.049132945,1.7
24,13500,6.750000,5,2.0748123,0.7524777,0.79177228,0.10880723,0.23768189,0.028864687,0.048111637,0.049512708,0.10643586,-0.34351796,0.35630513,0.20229809,-0.91220729,2.7194357,0.51638106,1.7
24,13500,6.750000,6,2.0748123,0.4098241,0.20792575,0.31867678,-0.10987963,0.08315965,0.34065423,0.025220554,0.16945171,0.0661922,-0.065286458,0.3385026,0.93869786,0.35196281,1.7613253,1.7
24,13500,6.750000,7,2.0748123,0.83288008,0.78414077,1.2293887,-0.064930063,0.039688796,-0.17790281,0.006204811,-0.046309386,0.093360709,0.44698408,0.247241,-0.85969594,2.6054705,0.50524429,1.7
24,13500,6.750000,8,2.0748123,0.30591768,1.2387531,2.0430096,-0.095788502,-0.18895636,-0.27819683,0.10045811,0.1766515,-0.097232261,-0.81688874,0.36338681,-0.44793171,2.035247,2.723036,1.7
24,13500,6.750000,9,2.0748123,0.20370174,1.9110081,1.0720246,-0.0098359091,0.25372852,-0.12070177,0.25639562,0.03358933,-0.11604797,0.8348239,-0.32523668,-0.44417357,2.031048,-0.37149769,1.7
24,13500,6.750000,10,2.0748123,0.55084039,0.99464091,0.65506691,0.0021231902,-0.20818403,-0.17100478,0.18353814,-0.00019912107,-0.12906088,0.30983584,0.89516952,-0.32042671,1.8969762,1.2375825,1.7
24,13500,6.750000,11,2.0748123,1.1551989,1.6590377,0.3851558,0.21297776,-0.099804096,0.3798737,0.24166515,-0.092450465,0.23854467,-0.90723414,0.31061407,0.28362849,1.2832204,2.811727,1.7
24,13500,6.750000,12,2.0748123,2.0391018,0.9618688,0.95779418,0.035971767,-0.17594002,0.0051676093,-0.13923108,-0.13517368,0.13454126,0.83151181,-0.17668836,-0.52665865,2.1254614,-0.2093763,1.7
24,13500,6.750000,13,2.0748123,0.12889083,1.7006106,1.7805583,-0.025591795,-0.081691365,-0.11799189,-0.15917124,0.16441402,-0.28146612,-0.87030957,0.4542465,0.19031912,1.3793091,2.6605501,1.7
24,13500,6.750000,14,2.0748123,0.77519418,1.4905186,1.335619,0.030821303,0.037397434,-0.080970848,-0.21678941,0.25005767,0.24217461,-0.5562456,0.66338141,0.50051567,1.046602,2.2685763,1.7
24,13500,6.750000,15,2.0748123,0.74848216,0.089534844,1.2459791,-0.094160745,0.057169033,-0.21240993,0.055080391,-0.080162039,-0.17913691,0.99320273,-0.11182894,-0.03228976,1.6030917,-0.11212206,1.7
24,13500,6.750000,16,2.0748123,1.4397946,0.48461991,0.20249287,-0.087050778,0.16220198,-0.21634872,-0.37297769,-0.23928163,0.047685355,-0.46160074,0.84278593,-0.27683323,1.8512933,2.0718783,1.7
24,13500,6.750000,17,2.0748123,1.1974887,0.93172206,0.68226085,0.016594157,-0.11191179,-0.049956832,-0.040899424,-0.18723397,-0.11950512,-0.36029234,0.59908151,0.71504599,0.77410643,2.1122504,1.7
24,13500,6.750000,18,2.0748123,1.6033447,0.60649223,0.9676908,-0.28574365,0.24397153,0.053453208,-0.16620013,0.1015016,0.088593726,0.92907673,0.038580682,0.36786949,1.1940795,0.041501985,1.7
24,13500,6.750000,19,2.0748123,0.15307145,0.70403563,0.41242906,0.044213495,0.0031643846,-0.045754135,-0.057728177,-0.11796414,-0.041802411,0.35659726,0.72510097,-0.58912391,2.2007705,1.1137384,1.7
24,13500,6.750000,20,2.0748123,1.297822,2.0132584,0.98952147,0.044872822,-0.17550943,0.031382378,-0.34690716,-0.29102052,0.016515069,-0.19131365,0.97321344,-0.12749383,1.6986381,1.7649006,1.7
24,13500,6.750000,21,2.0748123,0.88338537,0.25942645,2.0134042,-0.16640497,-0.17431187,0.0042784667,0.13339986,-0.28878564,0.069023129,-0.33235703,0.39755898,-0.85526935,2.5968667,2.2671029,1.7
24,13500,6.750000,22,2.0748123,2.0104446,0.42741959,2.0520537,0.020886651,0.2201312,0.075720735,0.20048337,0.46390743,-0.21600332,-0.18636531,0.025409128,0.9821519,0.18921654,3.0060877,1.7
24,13500,6.750000,23,2.0748123,1.4913632,0.71104634,1.5811881,-0.0067392752,0.052105389,0.29797971,0.1245105,0.17748602,0.4849078,-0.43655396,-0.88995062,0.13194141,1.4384691,-2.0268452,1.7
24,13500,6.750000,24,2.0748123,1.7182205,0.9434127,0.034870466,0.020592689,-0.026499577,-0.072558819,-0.0088547953,-0.24816043,-0.16521285,0.43659303,-0.50201252,-0.74657213,2.4136911,-0.85498422,1.7
24,13500,6.750000,25,2.0748123,0.66919865,1.8844592,0.7168307,-0.086336842,0.08846105,0.13351235,0.075396864,0.080457417,0.10621255,0.16482048,0.27733471,0.94653033,0.32849074,1.0345773,1.7
24,13500,6.750000,26,2.0748123,1.680227,1.4002949,0.75585346,-0.03681231,-0.25961416,0.025800994,0.094900392,-0.12794979,0.091038663,-0.70542994,0.44971134,0.54783968,0.99101659,2.5740553,1.7
24,13500,6.750000,27,2.0748123,1.8054274,1.4809625,0.025189495,0.29350261,-0.2732234,-0.10638566,0.26295607,-0.18068423,-0.16590066,-0.84460466,0.47059467,-0.25531084,1.8289655,2.6332556,1.7
24,13500,6.750000,28,2.0748123,1.3121268,1.3320886,1.4462295,-0.087093752,0.062086641,0.10136359,-0.059548147,0.060265544,0.3438184,0.44998942,0.73596916,-0.505825,2.1011344,1.0220189,1.7
24,13500,6.750000,29,2.0748123,1.4872486,0.15516102,1.8042925,0.14238948,0.14729522,0.068512009,0.25376675,-0.28887221,-0.1113455,0.55533586,0.24606666,0.79438862,0.65279594,0.41709709,1.7
24,13500,6.750000,30,2.0748123,0.24643552,1.1255772,1.4452442,0.24222268,-0.057095372,-0.10266364,0.20232879,0.11525465,0.070957564,-0.88581887,0.22379495,-0.40649817,1.9894143,2.8941291,1.7
24,13500,6.750000,31,2.0748123,1.8014571,0.064333303,1.2478384,0.014997536,0.12625807,-0.088287756,0.12716674,0.24790096,-0.073242138,-0.51785675,0.090262975,-0.85069206,2.5880968,2.9690252,1.7
25,13600,6.800000,0,2.0778732,1.8432359,0.044611058,0.49098549,-0.21051137,0.18082284,0.098157389,-0.060040082,0.10127364,-0.052867066,-0.041250675,0.16639303,0.9851963,0.17228102,1.813808,1.7
25,13600,6.800000,1,2.0778732,0.27392734,0.45514801,0.88016135,-0.10035658,-0.19505778,-0.062269192,-0.52677731,0.11892901,-0.077007786,-0.26309968,-0.81453865,-0.51701581,2.1141573,-1.8832223,1.7
25,13600,6.800000,2,2.0778732,0.93987375,0.36928189,0.55670756,0.04880767,-0.15748371,-0.000311976,-0.0043043051,-0.36346461,0.068844042,0.70086872,0.64784238,-0.29846822,1.8738836,0.74610209,1.7
25,13600,6.800000,3,2.0778732,1.148767,1.2124549,0.10868203,0.0225599,0.1338382,0.099273183,-0.28562139,0.11387786,-0.14645936,0.98575072,0.075490822,-0.1503218,1.7216901,0.076432873,1.7
25,13600,6.800000,4,2.0778732,0.25598257,0.62567709,1.5730995,-0.0056350528,0.27385426,0.13246038,0.072305207,0.03287339,-0.071852553,0.50877027,-0.18263673,0.8413065,0.57110068,-0.34464948,1.7
25,13600,6.800000,5,2.0778732,0.75455263,0.79875457,0.092185158,0.23864601,0.034674623,0.031341405,-0.044414773,0.10993248,-0.29973158,0.41572206,0.24153191,-0.8768338,2.6400331,0.52632706,1.7
25,13600,6.800000,6,2.0778732,0.41546096,0.2147276,0.32029898,-0.10485108,0.089649971,0.34180545,0.12290876,0.13133015,0.090763839,-0.16206182,0.38846651,0.90709963,0.43445487,1.9660278,1.7
25,13600,6.800000,7,2.0778732,0.83557144,0.77884799,1.239711,-0.063468485,0.033243952,-0.16940038,0.067393235,-0.17088735,0.22149198,0.38626335,0.18339745,-0.90397235,2.6997666,0.44328432,1.7
25,13600,6.800000,8,2.0778732,0.31432808,1.2499786,2.0419689,-0.087835277,-0.17956528,-0.28224849,0.15500965,0.19613728,-0.035842841,-0.72641787,0.40852654,-0.55265102,2.1563381,2.6292905,1.7
25,13600,6.800000,9,2.0778732,0.21637102,1.9115149,1.0686336,0.0025237512,0.25141774,-0.12567066,0.26259858,-0.09242735,-0.16227587,0.77897071,-0.44619072,-0.44058879,2.0270508,-0.52017578,1.7
25,13600,6.800000,10,2.0778732,0.56043313,0.99174546,0.65411584,0.010896839,-0.21254361,-0.17292083,0.20519642,-0.049985677,-0.0074509021,0.038968525,0.9437692,-0.32830039,1.9053,1.5295295,1.7
25,13600,6.800000,11,2.0778732,1.1695872,1.6574638,0.39907359,0.22565246,-0.10382255,0.39321346,0.24495259,0.0038425602,0.29074499,-0.79192786,0.21014216,0.5733154,0.96024972,2.8822151,1.7
25,13600,6.800000,12,2.0778732,2.0382992,0.95756134,0.96524394,0.032163827,-0.18166226,0.011199932,-0.060589624,-0.085638923,0.041661414,0.67158035,-0.23618964,-0.70227793,2.3493886,-0.33818164,1.7
25,13600,6.800000,13,2.0778732,0.12070522,1.7135324,1.7701627,-0.033961374,-0.071286065,-0.13100472,-0.21338731,0.30068537,-0.30773877,-0.57418742,0.81617174,0.06459484,1.5061565,2.1838761,1.7
25,13600,6.800000,14,2.0778732,0.76300804,1.5060157,1.3519935,0.017501369,0.050685798,-0.066577289,-0.25736275,0.29960992,0.35529852,-0.64469376,0.6454809,0.40954165,1.1488447,2.3555844,1.7
25,13600,6.800000,15,2.0778732,0.74947105,0.085260702,1.2401361,-0.094275969,0.05276605,-0.2200854,-0.066964276,-0.016779833,-0.097379285,0.99573689,-0.084247766,0.037554693,1.5332328,-0.084407431,1.7
25,13600,6.800000,16,2.0778732,1.425889,0.47315568,0.20609253,-0.10306863,0.15003179,-0.21305023,-0.26628354,-0.20819784,0.11163271,-0.54687852,0.8232455,-0.15228502,1.7236762,2.1571558,1.7
25,13600,6.800000,17,2.0778732,1.1995365,0.92204105,0.67638241,0.016875093,-0.12295919,-0.056836706,0.06653005,-0.21120634,-0.1586995,-0.38646442,0.74669629,0.54137778,0.99872139,2.0483976,1.7
25,13600,6.800000,18,2.0778732,1.5988144,0.61319943,0.97198267,-0.29263419,0.24977971,0.056315381,-0.10573302,0.064106864,0.037297549,0.94910146,0.15144411,0.27617224,1.2909872,0.15823185,1.7
25,13600,6.800000,19,2.0778732,0.14658679,0.69886578,0.40753023,0.037507955,-0.0030395183,-0.051257344,-0.22059554,-0.12737459,-0.16006265,0.31266302,0.72081468,-0.61860168,2.2377581,1.1615265,1.7
25,13600,6.800000,20,2.0778732,1.2792997,2.0029153,0.98840221,0.024450955,-0.18881282,0.02880522,-0.39399161,-0.25718631,-0.037087245,-0.12477825,0.98211771,-0.14097942,1.712247,1.6971695,1.7
25,13600,6.800000,21,2.0778732,0.89304938,0.24535477,2.0179643,-0.15805034,-0.18875563,0.0058670175,0.2182106,-0.31771611,-0.01720553,-0.32941186,0.35784912,-0.87374586,2.6336476,2.3148404,1.7
25,13600,6.800000,22,2.0778732,2.0204597,0.44735243,2.043199,0.027930606,0.23941927,0.063847481,0.16417617,0.34781781,-0.22646877,-0.55824136,0.16157334,0.81379398,0.62014537,2.8598585,1.7
25,13600,6.800000,23,2.0778732,1.4979817,0.72122884,1.608607,-0.0023241596,0.061232181,0.32304753,0.01525944,0.17452483,0.48256099,-0.54946821,-0.82180417,-0.15074016,1.7221133,-2.1601446,1.7
25,13600,6.800000,24,2.0778732,1.7185818,0.93470236,0.026687383,0.018420863,-0.036594244,-0.08078728,-0.09438601,-0.17363265,-0.11259294,0.33947045,-0.37570132,-0.86232727,2.6106443,-0.83601527,1.7
25,13600,6.800000,25,2.0778732,0.67577511,1.8919241,0.72529565,-0.080751739,0.093142453,0.14091434,0.14889558,0.014691748,0.21979842,0.3498529,0.22784084,0.90867569,0.43069529,0.57725173,1.7
25,13600,6.800000,26,2.0778732,1.6894816,1.39736,0.76215034,-0.030041465,-0.26461122,0.030978975,0.12887033,-0.12378259,0.086760257,-0.93857708,0.29648997,0.17654113,1.3933251,2.8356196,1.7
25,13600,6.800000,27,2.0778732,1.8221748,1.4755487,0.018840644,0.30757613,-0.28081634,-0.11276697,0.29639309,-0.19527933,-0.13314651,-0.81954886,0.50870268,-0.26374468,1.8376986,2.5860838,1.7
25,13600,6.800000,28,2.0778732,1.3105046,1.337229,1.4616808,-0.090649081,0.065259545,0.11467157,-0.11486526,0.089540208,0.21539984,0.44820633,0.75798609,-0.47388624,2.0644951,1.0367895,1.7
25,13600,6.800000,29,2.0778732,1.50215,0.14318987,1.8038297,0.15508752,0.13510415,0.065389676,0.24540187,-0.23291993,-0.061844895,0.52439917,0.21630662,0.82353929,0.60317399,0.39122248,1.7
25,13600,6.800000,30,2.0778732,0.25791428,1.1357897,1.4488151,0.2533297,-0.048549726,-0.10122593,0.21178076,0.21340431,0.0095761063,-0.87318236,0.17790683,-0.45376395,2.041781,2.9405984,1.7
25,13600,6.800000,31,2.0778732,1.8083656,0.078814743,1.2469097,0.0192453,0.140634,-0.091055294,0.080245842,0.31517183,-0.076851528,-0.50634747,0.13098486,-0.85232342,2.591208,2.8884561,1.7
26,13700,6.850000,0,2.0716812,1.8356248,0.051589308,0.48177171,-0.21263291,0.18794466,0.090395148,-0.051719552,0.15724967,-0.19418383,0.13231658,-0.10969613,0.98511882,0.17273239,-0.69220089,1.7
26,13700,6.850000,1,2.0716812,0.2464264,0.46006387,0.87622365,-0.1270811,-0.18877623,-0.063586004,-0.53700829,0.14308223,0.047845776,-0.5984104,-0.6379253,-0.48472291,2.0768427,-2.3242441,1.7
26,13700,6.850000,2,2.0716812,0.93711293,0.3525368,0.55710945,0.048847701,-0.17315173,0.0017519643,-0.026482003,-0.26353954,0.081661599,0.38496059,0.81674682,-0.42980225,2.0150701,1.1303433,1.7
26,13700,6.850000,3,2.0716812,1.1308506,1.2180001,0.10043196,0.0080451594,0.14301014,0.091335136,-0.27382823,0.15416021,-0.14675482,0.92634785,0.29028399,-0.24003098,1.8131941,0.30367173,1.7
26,13700,6.850000,4,2.0716812,0.25838787,0.62231331,1.5670925,-0.0024622049,0.27235273,0.13113919,0.093772809,-0.08893379,0.022871165,0.59511615,-0.33102606,0.73229674,0.74910779,-0.50761965,1.7
26,13700,6.850000,5,2.0716812,0.74969897,0.80017101,0.077794245,0.236037,0.038476994,0.017204105,-0.10589888,0.017065432,-0.22998855,0.52068619,0.26083262,-0.81292819,2.519959,0.46439946,1.7
26,13700,6.850000,6,2.0716812,0.41705564,0.22374597,0.32136712,-0.10201411,0.099322662,0.3438311,0.0074782729,0.13980496,0.031168156,-0.21138903,0.33958299,0.91651408,0.41151948,2.1275929,1.7
26,13700,6.850000,7,2.0716812,0.83937182,0.76805986,1.2491691,-0.057168739,0.024764112,-0.15622833,0.18057744,-0.18658708,0.2709522,0.30240448,0.12287227,-0.94522692,2.8090854,0.38594072,1.7
26,13700,6.850000,8,2.0716812,0.32168596,1.2564335,2.0325743,-0.079528314,-0.16937021,-0.28556308,0.23190678,0.19592291,-0.080742302,-0.60309681,0.44702537,-0.660638,2.2924646,2.5037367,1.7
26,13700,6.850000,9,2.0716812,0.22822917,1.9015299,1.0578379,0.015045359,0.24712257,-0.13329325,0.25981575,-0.092584155,-0.1697447,0.65845947,-0.67502261,-0.33282969,1.9100991,-0.7978185,1.7
26,13700,6.850000,10,2.0716812,0.56783721,0.98242379,0.65279213,0.019984546,-0.21891943,-0.17229436,0.10666017,-0.14044512,0.027271795,-0.26329303,0.92073183,-0.28797514,1.8629081,1.8493237,1.7
26,13700,6.850000,11,2.0716812,1.1791098,1.6503393,0.41356133,0.23867986,-0.1060111,0.40891385,0.2403922,-0.028697485,0.31164147,-0.63986695,0.023770078,0.768118,0.69489958,3.1044613,1.7
26,13700,6.850000,12,2.0716812,2.027914,0.94980349,0.96252485,0.027846199,-0.18657394,0.011357469,-0.086815842,-0.095940271,0.038808247,0.50815731,-0.28821961,-0.8116068,2.5176936,-0.51594186,1.7
26,13700,6.850000,13,2.0716812,0.10730841,1.7268201,1.7487537,-0.047017973,-0.052864602,-0.14716285,-0.3356483,0.36338121,-0.35559965,-0.19679314,0.98035614,-0.013201895,1.5839986,1.7688998,1.7
26,13700,6.850000,14,2.0716812,0.74904813,1.5195023,1.3642814,0.0057977375,0.068687216,-0.050236089,-0.21600633,0.41197947,0.36212804,-0.70183466,0.65334063,0.28385582,1.2829834,2.3919635,1.7
26,13700,6.850000,15,2.0716812,0.7437552,0.083708384,1.2311724,-0.097763628,0.051465866,-0.22536136,-0.064148357,-0.043511622,-0.11081306,0.98679319,-0.0968834,0.12981837,1.4406105,-0.097866395,1.7
26,13700,6.850000,16,2.0716812,1.4121932,0.46005064,0.21039973,-0.11252941,0.13831925,-0.20812153,-0.17216896,-0.2177642,0.12856101,-0.5603471,0.82570929,-0.064925246,1.6357673,2.1670323,1.7
26,13700,6.850000,17,2.0716812,1.2005351,0.91134844,0.6667213,0.021455116,-0.13091602,-0.064493646,0.1072848,-0.15697304,-0.17936726,-0.37778986,0.84913488,0.36911349,1.1927414,1.9894106,1.7
26,13700,6.850000,18,2.0716812,1.5847581,0.61100774,0.969775,-0.30193996,0.24941479,0.057005215,-0.26812885,0.0044368896,0.008841741,0.95620587,0.2557888,0.14227587,1.428036,0.26138387,1.7
26,13700,6.850000,19,2.0716812,0.13750802,0.6934794,0.39977293,0.028853093,-0.0063482424,-0.057810003,-0.1761306,-0.0065812664,-0.062345552,0.30993899,0.68495548,-0.65937381,2.2907819,1.1458694,1.7
26,13700,6.850000,20,2.0716812,1.2581305,1.9848656,0.98558411,0.0070681137,-0.20091196,0.028932711,-0.33700986,-0.17466287,-0.0082292486,-0.046772113,0.98618903,-0.15888226,1.7303548,1.6181879,1.7
26,13700,6.850000,21,2.0716812,0.89937884,0.23061175,2.0124124,-0.14904619,-0.20278844,0.0063293521,0.17526523,-0.27831421,-0.0032091976,-0.28942156,0.30375119,-0.90772814,2.7086334,2.3320416,1.7
26,13700,6.850000,22,2.0716812,2.0251327,0.45905262,2.02919,0.038640483,0.25247203,0.055915343,0.26583088,0.25146321,-0.20271265,-0.8857385,0.19930322,0.41922014,1.1382102,2.9202653,1.7
26,13700,6.850000,23,2.0716812,1.4934089,0.72652111,1.62525,-0.0024332227,0.068684814,0.34451611,0.058048398,0.12042671,0.31046392,-0.56835517,-0.72508014,-0.38888454,1.9702168,-2.2356128,1.7
26,13700,6.850000,24,2.0716812,1.7112931,0.92566059,0.019819528,0.016250227,-0.042859987,-0.087585752,0.025824186,-0.14686296,-0.1232152,0.26127213,-0.28373599,-0.92262168,2.7456196,-0.82659232,1.7
26,13700,6.850000,25,2.0716812,0.67948755,1.8842358,0.73318852,-0.075016946,0.091088919,0.15098359,0.10033822,-0.029284146,0.17778139,0.53369877,0.1938256,0.82316296,0.6038371,0.34836272,1.7
26,13700,6.850000,26,2.0716812,1.6871596,1.3867445,0.76675776,-0.027324808,-0.27107226,0.037867856,-0.018026155,-0.15158436,0.12026599,-0.96689031,0.024349595,-0.254028,1.8276389,3.1164146,1.7
26,13700,6.850000,27,2.0716812,1.8321909,1.4611305,0.012465356,0.32304535,-0.2908525,-0.11909556,0.32174039,-0.17822588,-0.16386942,-0.76883355,0.54779967,-0.32986436,1.9069562,2.5225216,1.7
26,13700,6.850000,28,2.0716812,1.3039512,1.3334932,1.4685091,-0.093301171,0.06550901,0.12587237,0.025337072,-0.036365818,0.26076804,0.42255044,0.84604033,-0.32506444,1.9018762,1.107593,1.7
26,13700,6.850000,29,2.0716812,1.5077913,0.13051068,1.7939379,0.16522026,0.12283335,0.060866483,0.19006239,-0.2641713,-0.15421734,0.54850945,0.20183391,0.81141879,0.62422078,0.35259139,1.7
26,13700,6.850000,30,2.0716812,0.267561,1.1428139,1.4458376,0.26376056,-0.038125307,-0.099883985,0.2109455,0.19196539,0.030310544,-0.82015231,0.11811757,-0.55981999,2.1649649,2.9985571,1.7
26,13700,6.850000,31,2.0716812,1.8072075,0.096015111,1.2406358,0.02348234,0.15809529,-0.093617274,0.037537154,0.38343264,-0.034356591,-0.47142242,0.25132442,-0.84533836,2.5779945,2.6518019,1.7
27,13800,6.900000,0,2.0685555,1.8283686,0.058202124,0.47175826,-0.21712296,0.19464036,0.081101564,-0.1459828,0.13003951,-0.18989553,0.2821543,-0.39035036,0.87636496,0.50253383,-0.94491644,1.7
27,13800,6.900000,1,2.0685555,0.22208241,0.46379968,0.87852168,-0.1510714,-0.18434293,-0.05996321,-0.39811199,0.0193251,0.10163014,-0.82953599,-0.43970998,-0.34427487,1.9222627,-2.6541815,1.7
27,13800,6.900000,2,2.0685555,0.93155512,0.33886367,0.56221585,0.044700663,-0.18630289,0.0077034119,-0.1310688,-0.31700853,0.142552,-0.0048742108,0.8663845,-0.49935372,2.093649,1.5764222,1.7
27,13800,6.900000,3,2.0685555,1.1167438,1.2236719,0.094190582,-0.0043648742,0.15052533,0.08524069,-0.19820448,0.10607414,-0.094500642,0.8462516,0.45827132,-0.27174553,1.8460027,0.49631771,1.7
27,13800,6.900000,4,2.0685555,0.26163964,0.61759115,1.5685609,0.0011821658,0.26856665,0.13497489,0.10302955,-0.12242871,0.076064855,0.66408111,-0.48704365,0.56726075,0.96762049,-0.63279862,1.7
27,13800,6.900000,5,2.0685555,0.74240124,0.79861316,0.065466633,0.22986575,0.038126165,0.0049846427,-0.09548738,-0.013525952,-0.23183052,0.62167845,0.21552532,-0.75303701,2.423462,0.33371672,1.7
27,13800,6.900000,6,2.0685555,0.41785485,0.23355693,0.32455206,-0.10058457,0.10947887,0.34750367,-0.027530185,0.18245305,0.069398406,-0.19661363,0.26846089,0.94301211,0.33922719,2.2029207,1.7
27,13800,6.900000,7,2.0685555,0.84742876,0.75880239,1.2584103,-0.047838318,0.016659353,-0.14509404,0.10802559,-0.11300954,0.24274251,0.23862233,0.042721141,-0.9701723,2.8967369,0.1771556,1.7
27,13800,6.900000,8,2.0685555,0.33355655,1.2642319,2.0289575,-0.06716303,-0.15966881,-0.28611356,0.23504936,0.16376897,0.031052087,-0.50363468,0.4683638,-0.72593901,2.3831951,2.3924655,1.7
27,13800,6.900000,9,2.0685555,0.237745,1.8938153,1.0476875,0.024912991,0.24227335,-0.14185402,0.20247253,-0.093749694,-0.15872977,0.50787412,-0.83922788,-0.19432046,1.766361,-1.0265853,1.7
27,13800,6.900000,10,2.0685555,0.57142785,0.97701093,0.65463302,0.024435296,-0.222853,-0.16946641,0.039968556,0.034896486,0.096036586,-0.50291244,0.84248307,-0.19313558,1.7651532,2.1089633,1.7
27,13800,6.900000,11,2.0685555,1.1941063,1.6471583,0.43077602,0.25546807,-0.10670268,0.42676599,0.40586012,0.024817235,0.39231451,-0.49874669,-0.10005474,0.86095342,0.53365533,-2.9436084,1.7
27,13800,6.900000,12,2.0685555,2.0261509,0.94286843,0.96522775,0.029143823,-0.19208012,0.015515749,0.042255807,-0.12362611,0.077141475,0.3614939,-0.36811303,-0.85663,2.5994983,-0.79447009,1.7
27,13800,6.900000,13,2.0685555,0.088861555,1.7456507,1.7286262,-0.065316738,-0.031412464,-0.16466504,-0.3843385,0.46146815,-0.30570441,0.18821072,0.97879756,-0.080821145,1.6517057,1.3808273,1.7
27,13800,6.900000,14,2.0685555,0.7383013,1.5391737,1.3794765,-0.0038262057,0.090667734,-0.032969607,-0.18177111,0.47430099,0.38208285,-0.74921661,0.65517313,0.097070264,1.473573,2.4230586,1.7
27,13800,6.900000,15,2.0685555,0.73849554,0.082293582,1.2249259,-0.10190425,0.050176388,-0.22975365,-0.08615997,-0.037163049,-0.059212801,0.97740222,0.011099833,0.21109643,1.3580998,0.011355976,1.7
27,13800,6.900000,16,2.0685555,1.3974397,0.45139754,0.2164678,-0.12516172,0.13035426,-0.20173118,-0.29764592,-0.14000552,0.083423894,-0.55795318,0.82804542,0.055036682,1.5157318,2.1637346,1.7
27,13800,6.900000,17,2.0685555,1.2063625,0.90269093,0.65236204,0.029099603,-0.13820401,-0.07785706,0.1994066,-0.11245828,-0.29209633,-0.30156859,0.94083686,0.15453929,1.4156352,1.880982,1.7
27,13800,6.900000,18,2.0685555,1.5700071,0.60918891,0.96928537,-0.31430931,0.24851717,0.057979495,-0.25903012,-0.067352372,-0.015166385,0.94844435,0.31579669,-0.026940079,1.5977397,0.32141704,1.7
27,13800,6.900000,19,2.0685555,0.12698488,0.69355882,0.39266052,0.018529632,-0.0052216626,-0.064324158,-0.23965421,0.056360382,-0.22467632,0.329053,0.68730349,-0.64756316,2.2751785,1.1242851,1.7
27,13800,6.900000,20,2.0685555,1.2393913,1.9733375,0.98481407,-0.0097855941,-0.2094517,0.029650245,-0.29116706,-0.20095181,-0.020768027,-0.087740873,0.97755697,-0.19153044,1.7635175,1.6603117,1.7
27,13800,6.900000,21,2.0685555,0.90637019,0.21785491,2.0081895,-0.14069156,-0.21520672,0.0051417664,0.19573742,-0.25835169,-0.01649277,-0.28018589,0.20732157,-0.93729058,2.7855701,2.5045592,1.7
27,13800,6.900000,22,2.0685555,2.0325348,0.46844372,2.0156806,0.049105953,0.26256336,0.045459601,0.19290642,0.1734739,-0.20850079,-0.99426616,0.080540153,-0.070342663,1.6411971,3.0607645,1.7
27,13800,6.900000,23,2.0685555,1.4915387,0.72889938,1.6321666,-0.0020499055,0.07216187,0.35389198,0.040795973,0.039124059,0.027270998,-0.60154875,-0.59270577,-0.5355735,2.135983,-2.363599,1.7
27,13800,6.900000,24,2.0685555,1.7120345,0.91553005,0.017757491,0.019576103,-0.051600505,-0.089619421,0.10437089,-0.16029069,0.028820019,0.29131402,-0.20800326,-0.93374021,2.7755196,-0.62007174,1.7
27,13800,6.900000,25,2.0685555,0.68541312,1.8786268,0.73669572,-0.068060936,0.08832067,0.1556005,0.17548223,0.0088686817,-0.013800285,0.70656565,0.10055734,0.70046641,0.79474551,0.14136911,1.7
27,13800,6.900000,26,2.0685555,1.6833038,1.3785161,0.76622237,-0.028636092,-0.27721302,0.038489807,0.0046364557,-0.08837949,-0.036388535,-0.7992165,-0.24069,-0.55074613,2.1540542,-2.8490743,1.7
27,13800,6.900000,27,2.0685555,1.8425828,1.450715,0.0075817133,0.33621157,-0.29906963,-0.12396407,0.21257956,-0.15086363,0.00024132441,-0.64766387,0.62269902,-0.43906428,2.0253533,2.3758437,1.7
27,13800,6.900000,28,2.0685555,1.3024735,1.3278383,1.4791823,-0.092811119,0.061863229,0.13877097,-0.017754375,-0.12496985,0.28723407,0.27240561,0.94788291,-0.16526699,1.736825,1.2909544,1.7
27,13800,6.900000,29,2.0685555,1.5161764,0.11930129,1.7812053,0.17588838,0.11181255,0.050833021,0.14081034,-0.18092875,-0.24020626,0.62908643,0.17201122,0.75806491,0.71045547,0.26690619,1.7
27,13800,6.900000,30,2.0685555,0.27815971,1.146883,1.4446012,0.27477127,-0.032327639,-0.098938209,0.22757564,0.11349863,0.031056303,-0.74130002,0.040171476,-0.66997055,2.3049654,3.087455,1.7
27,13800,6.900000,31,2.0685555,1.8096322,0.11280175,1.2388614,0.028637672,0.17503959,-0.0935198,0.1600224,0.29522372,0.04296878,-0.38911111,0.35686052,-0.84926034,2.5853791,2.3994006,1.7
28,13900,6.950000,0,2.0718287,1.8247259,0.063235025,0.46497111,-0.22365362,0.19957726,0.073573871,-0.13457929,0.079319814,-0.10294919,0.38482509,-0.6394471,0.66559527,0.84250518,-1.0290477,1.7
28,13900,6.950000,1,2.0718287,0.2063938,0.46506507,0.88368347,-0.16709875,-0.18381187,-0.05619454,-0.27970495,-0.042328153,0.028758926,-0.95514806,-0.2559635,-0.14891228,1.7202645,-2.8797617,1.7
28,13900,6.950000,2,2.0718287,0.92517038,0.32335124,0.57039838,0.036848067,-0.20233885,0.014990558,-0.1494933,-0.32072135,0.15764002,-0.39148978,0.80947476,-0.43759155,2.0237147,2.0212659,1.7
28,13900,6.950000,3,2.0718287,1.1094081,1.2342972,0.089383178,-0.013460452,0.15920753,0.080288157,-0.10444881,0.21822591,-0.096788722,0.71726304,0.63070334,-0.29622126,1.8715302,0.72127118,1.7
28,13900,6.950000,4,2.0718287,0.26432707,0.61128581,1.5746,0.0034537965,0.26128981,0.13852916,-0.021748602,-0.18341986,0.10172908,0.69005013,-0.63930762,0.33928836,1.224636,-0.74724599,1.7
28,13900,6.950000,5,2.0718287,0.73878836,0.79600284,0.05384211,0.22508189,0.034255203,-0.0067342088,-0.084937801,-0.10635246,-0.30273831,0.60145578,0.23479959,-0.76362301,2.4397023,0.37219061,1.7
28,13900,6.950000,6,2.0718287,0.4174669,0.23941563,0.33014007,-0.10163289,0.11496366,0.35257412,-0.0019332617,0.069334247,0.19464584,-0.15255114,0.17653251,0.97240137,0.2354847,2.2834499,1.7
28,13900,6.950000,7,2.0718287,0.85380333,0.75371718,1.27131,-0.042808675,0.010378412,-0.13419424,0.10036619,-0.11860058,0.24262286,0.20652698,0.017651314,-0.97828168,2.932799,0.085260155,1.7
28,13900,6.950000,8,2.0718287,0.34757299,1.2718564,2.0374725,-0.053685058,-0.15404927,-0.28081332,0.35220971,0.050718711,0.1194071,-0.44508075,0.41094325,-0.79563105,2.4908449,2.3960525,1.7
28,13900,6.950000,9,2.0718287,0.24606398,1.8937179,1.0430007,0.032849492,0.23918172,-0.14819361,0.16739021,-0.045738966,-0.07471826,0.35506345,-0.93346413,-0.050741218,1.6215593,-1.2073245,1.7
28,13900,6.950000,10,2.0718287,0.57164954,0.98169739,0.65970749,0.023753314,-0.219715,-0.16543101,-0.067216827,0.075947334,0.081192058,-0.63149518,0.77135928,-0.07885871,1.649737,2.2568232,1.7
28,13900,6.950000,11,2.0718287,1.2127294,1.6521357,0.45179662,0.27218844,-0.10433353,0.44708887,0.3367131,0.14390536,0.44305284,-0.39556185,-0.12684453,0.909638,0.42838454,-2.8312827,1.7
28,13900,6.950000,12,2.0718287,2.0321925,0.93815307,0.96944781,0.031977057,-0.19828254,0.018206343,0.041018965,-0.14508665,0.00443202,0.25816813,-0.4905294,-0.83230411,2.5540478,-1.0863268,1.7
28,13900,6.950000,13,2.0718287,0.071722848,1.771527,1.7147581,-0.082582407,-0.0083166858,-0.18125531,-0.29069334,0.46893997,-0.33400658,0.53725731,0.82556842,-0.17260178,1.7442668,0.99387817,1.7
28,13900,6.950000,14,2.0718287,0.73121439,1.5654848,1.401927,-0.012074858,0.1145245,-0.012717913,-0.1529891,0.4643761,0.38767337,-0.72404277,0.67863995,-0.12332836,1.6944395,2.3885517,1.7
28,13900,6.950000,15,2.0718287,0.73463535,0.077279911,1.2248809,-0.10692904,0.045036561,-0.23173538,-0.12070907,-0.14586466,-0.049556741,0.94511522,0.13895641,0.29571665,1.2705907,0.14598003,1.7
28,13900,6.950000,16,2.0718287,1.383964,0.4458005,0.22032415,-0.14083636,0.12404793,-0.19822014,-0.26627148,-0.087447194,0.058160399,-0.49634296,0.86102719,0.11079641,1.459772,2.093723,1.7
28,13900,6.950000,17,2.0718287,1.2227654,0.89815326,0.63719713,0.043582174,-0.14416535,-0.094041451,0.34042727,-0.18960646,-0.36480543,-0.20071624,0.9776595,-0.062409038,1.6332459,1.7732855,1.7
28,13900,6.950000,18,2.0718287,1.5638747,0.60575322,0.96909261,-0.32291919,0.24412099,0.056254338,-0.13384835,-0.11192416,-0.047295984,0.92358696,0.31491023,-0.21867482,1.7912525,0.32860268,1.7
28,13900,6.950000,19,2.0718287,0.11473467,0.70180616,0.38034833,0.0060883235,0.0019225623,-0.077247465,-0.20710362,0.19488742,-0.23547596,0.38540214,0.68878356,-0.61403779,2.2319626,1.060658,1.7
28,13900,6.950000,20,2.0718287,1.2247688,1.9658649,0.98494965,-0.026356219,-0.22003853,0.028228608,-0.36341825,-0.25517041,-0.013452636,-0.088827926,0.96796158,-0.23486164,1.8078725,1.662308,1.7
28,13900,6.950000,21,2.0718287,0.91788273,0.20294299,2.009229,-0.13062119,-0.23045131,0.0030052633,0.1835609,-0.31071166,-0.058446404,-0.25228351,0.0493795,-0.96639262,2.8816029,2.948306,1.7
28,13900,6.950000,22,2.0718287,2.047328,0.47792191,2.0081881,0.060673813,0.2712934,0.034786,0.23335291,0.13386957,-0.21678455,-0.8683036,-0.17449079,-0.46432943,2.0536737,-2.9432781,1.7
28,13900,6.950000,23,2.0718287,1.4935571,0.7300382,1.6305504,-0.0023913872,0.072147316,0.34969642,-0.08461734,0.018934845,-0.23913443,-0.60840837,-0.55461868,-0.56765956,2.1744565,-2.4024113,1.7
28,13900,6.950000,24,2.0718287,1.7192538,0.91014098,0.026579721,0.0240827,-0.058432883,-0.080832237,0.045186081,-0.1593506,0.26606075,0.46282727,-0.047189635,-0.88519154,2.6577019,-0.10160837,1.7
28,13900,6.950000,25,2.0718287,0.69546708,1.8824929,0.73543764,-0.059098635,0.089213459,0.15317861,0.14972703,0.013083125,-0.036831243,0.84111747,-0.021190524,0.5404372,0.99983969,-0.025187971,1.7
28,13900,6.950000,26,2.0718287,1.6869795,1.3768851,0.76578577,-0.027624749,-0.28102234,0.036842066,-0.023733751,-0.060395326,-0.034960609,-0.53288597,-0.41143193,-0.73942972,2.4030192,-2.4841079,1.7
28,13900,6.950000,27,2.0718287,1.852935,1.4475551,0.0096575011,0.34364229,-0.30452083,-0.12190191,0.11506771,-0.019818481,0.013823302,-0.48898459,0.65013254,-0.58156835,2.1914516,2.2156596,1.7
28,13900,6.950000,28,2.0718287,1.3042382,1.3239414,1.4937479,-0.093107251,0.055869955,0.15098627,-0.00048224504,-0.12092439,0.21416965,0.052962966,0.99845649,0.016720331,1.5540752,1.5178012,1.7
28,13900,6.950000,29,2.0718287,1.5258804,0.11313351,1.7721517,0.18318739,0.10546101,0.038970224,0.15730068,-0.11840526,-0.22228968,0.72300982,0.17207968,0.66906306,0.83784893,0.23365743,1.7
28,13900,6.950000,30,2.0718287,0.28886665,1.1584561,1.4483152,0.28502996,-0.022577026,-0.097511209,0.18314917,0.23527215,0.051656342,-0.65562387,-0.051430118,-0.75333411,2.4239136,-3.0633084,1.7
28,13900,6.950000,31,2.0718287,1.8188901,0.12785204,1.2438907,0.035026985,0.18989964,-0.090453254,0.10733149,0.29162903,0.059932048,-0.22027407,0.50892618,-0.83214991,2.5537697,1.979273,1.7
29,14000,7.000000,0,2.0840508,1.8294472,0.062960783,0.46375451,-0.22967899,0.19893189,0.069625939,-0.025058876,-0.083938409,-0.010688545,0.45379216,-0.80279109,0.38678047,1.1736585,-1.0563066,1.7
29,14000,7.000000,1,2.0840508,0.19261831,0.46563277,0.88666955,-0.18204783,-0.18598129,-0.058414942,-0.32205236,-0.030501649,-0.12123793,-0.98442378,-0.13898266,0.10767378,1.4629134,-3.0013379,1.7
29,14000,7.000000,2,2.0840508,0.92258071,0.31247088,0.58434526,0.028824249,-0.21508922,0.025541519,-0.10200396,-0.19995357,0.23496862,-0.67133384,0.67483766,-0.30643924,1.8822464,2.3535917,1.7
29,14000,7.000000,3,2.0840508,1.1117747,1.2536515,0.08369504,-0.017626233,0.17124503,0.074090957,-0.12687542,0.2392153,-0.060449464,0.51236975,0.78982553,-0.3371244,1.9146571,0.99532669,1.7
29,14000,7.000000,4,2.0840508,0.26992738,0.60581237,1.5879838,0.0074829434,0.25223691,0.14261212,0.11245397,-0.19130544,0.023272304,0.67961284,-0.73131628,0.057470729,1.5132939,-0.82202673,1.7
29,14000,7.000000,5,2.0840508,0.73585196,0.79470957,0.039312303,0.21780864,0.028283732,-0.021538103,-0.14585487,-0.18007766,-0.19853444,0.55136527,0.25126219,-0.79552728,2.4906736,0.4275915,1.7
29,14000,7.000000,6,2.0840508,0.42134052,0.24315683,0.33866553,-0.10022613,0.11728568,0.35913274,0.070605031,0.047005413,0.10208599,-0.08055173,0.091025072,0.99258544,0.12185024,2.2952284,1.7
29,14000,7.000000,7,2.0840508,0.86349037,0.75330804,1.2913154,-0.038172005,0.0055371884,-0.12172522,0.11470821,-0.075883067,0.25365786,0.20622856,-0.0085362297,-0.97846661,2.9336931,-0.041368469,1.7
29,14000,7.000000,8,2.0840508,0.36786491,1.2800295,2.0542068,-0.035497021,-0.15338109,-0.27611228,0.36599154,0.046588528,0.10450835,-0.3822996,0.31416217,-0.86899318,2.6239603,2.4537178,1.7
29,14000,7.000000,9,2.0840508,0.25497397,1.9041577,1.0464758,0.040286042,0.23845222,-0.15086351,0.094460138,-0.031011227,-0.036936896,0.2208147,-0.97462085,0.036811189,1.5339768,-1.3479931,1.7
29,14000,7.000000,10,2.0840508,0.56956874,0.98727266,0.6675689,0.018316241,-0.21993031,-0.16147298,-0.15950715,-0.068536197,0.090591862,-0.80502092,0.59294969,-0.018761045,1.5895585,2.506746,1.7
29,14000,7.000000,11,2.0840508,1.2367363,1.6712066,0.4699655,0.2889918,-0.0950362,0.46254707,0.34600391,0.15950053,0.24036352,-0.3373133,-0.17156848,0.92562627,0.38810919,-2.671063,1.7
29,14000,7.000000,12,2.0840508,2.0428718,0.93788737,0.97848881,0.030671864,-0.20406556,0.021518652,-0.079948294,-0.09668284,0.026483766,0.15640362,-0.53547845,-0.8299402,2.5497968,-1.2866195,1.7
29,14000,7.000000,13,2.0840508,0.057714987,1.8073294,1.7088204,-0.096971059,0.016960787,-0.19726167,-0.27159034,0.53648911,-0.26908534,0.81326569,0.50590717,-0.28750105,1.862413,0.55648867,1.7
29,14000,7.000000,14,2.0840508,0.72523206,1.5948996,1.4311232,-0.022340564,0.13464499,0.0081466758,-0.26829878,0.38170862,0.41024982,-0.63834618,0.67233553,-0.37480541,1.9549832,2.3302677,1.7
29,14000,7.000000,15,2.0840508,0.73423017,0.071533369,1.2300163,-0.11165407,0.038852319,-0.23381965,-0.085474392,-0.061526147,-0.020521376,0.91877049,0.22804886,0.32226466,1.2426755,0.24329411,1.7
29,14000,7.000000,16,2.0840508,1.3759698,0.4447362,0.2255689,-0.15694736,0.1203646,-0.19428669,-0.34009679,-0.063835228,0.085359246,-0.45961433,0.87996049,0.12010083,1.4504049,2.0521342,1.7
29,14000,7.000000,17,2.0840508,1.248284,0.89241399,0.62345349,0.061833769,-0.15517062,-0.11149271,0.35789431,-0.24337595,-0.30301264,-0.14040104,0.96430245,-0.224518,1.7972447,1.7153789,1.7
29,14000,7.000000,18,2.0840508,1.5663082,0.60354039,0.977071,-0.32969136,0.23835168,0.05850924,-0.14985394,-0.10275694,0.1166472,0.85783635,0.30328677,-0.41489027,1.9986185,0.33983258,1.7
29,14000,7.000000,19,2.0840508,0.1059471,0.7181557,0.37221307,-0.0033483381,0.014096217,-0.087596033,-0.17550157,0.20314654,-0.20490412,0.44837635,0.72419785,-0.52392377,2.1222474,1.0164255,1.7
29,14000,7.000000,20,2.0840508,1.2149136,1.9658182,0.98829751,-0.043386404,-0.2316481,0.025773294,-0.31530205,-0.20726487,-0.031982295,-0.10847493,0.94977306,-0.29353759,1.8687217,1.684515,1.7
29,14000,7.000000,21,2.0840508,0.93346024,0.18648733,2.0209038,-0.12048824,-0.24805241,0.0028278479,0.20633412,-0.38661782,-0.014019996,-0.16122837,-0.17408183,-0.97144271,2.9020336,-2.3178802,1.7
29,14000,7.000000,22,2.0840508,2.0712947,0.48637799,2.0045742,0.072528098,0.2769136,0.01937081,0.26627673,0.057690665,-0.38882694,-0.64960504,-0.4316358,-0.62586247,2.2470332,-2.5551201,1.7
29,14000,7.000000,23,2.0840508,1.4947936,0.73912674,1.6266706,-0.0099434022,0.076915201,0.33623729,-0.19369434,0.092905835,-0.29764012,-0.63360056,-0.5327924,-0.56096577,2.1663483,-2.4424075,1.7
29,14000,7.000000,24,2.0840508,1.7323749,0.90736168,0.042426647,0.02705294,-0.066557376,-0.065188118,0.044626197,-0.14943828,0.31379305,0.65214212,0.15017217,-0.743074,2.4084485,0.22632977,1.7
29,14000,7.000000,25,2.0840508,0.70801579,1.8926544,0.73723797,-0.050677378,0.088272553,0.15064791,0.15993934,-0.029680819,-0.0885526,0.93092261,-0.12288629,0.34392158,1.2197063,-0.13124602,1.7
29,14000,7.000000,26,2.0840508,1.6966111,1.383283,0.76967926,-0.027944042,-0.28274185,0.036219876,-0.03550152,-0.027128031,-0.012473826,-0.15586193,-0.52468009,-0.83690971,2.5624089,-1.8595545,1.7
29,14000,7.000000,27,2.0840508,1.8640409,1.4556906,0.012885974,0.34381679,-0.30492353,-0.11873971,-0.026251313,0.0045205014,0.055428632,-0.38220031,0.61374358,-0.69082686,2.3334284,2.127766,1.7
29,14000,7.000000,28,2.0840508,1.3150871,1.3262816,1.5119162,-0.089961517,0.050416047,0.16031522,0.11651831,-0.10202903,0.1775825,-0.14098349,0.97882011,0.14844136,1.4218043,1.7138466,1.7
29,14000,7.000000,29,2.0840508,1.5417944,0.11001775,1.7711476,0.1900797,0.10168895,0.027545494,0.14469227,-0.016400086,-0.23574733,0.78572172,0.23751397,0.57116416,0.96287291,0.29355423,1.7
29,14000,7.000000,30,2.0840508,0.30078214,1.1784156,1.4614891,0.29521143,-0.0094899313,-0.092894797,0.23170879,0.25763598,0.076813704,-0.57060379,-0.16625956,-0.80421954,2.5051575,-2.8580676,1.7
29,14000,7.000000,31,2.0840508,1.8388205,0.14180871,1.2521825,0.044200463,0.20306337,-0.089502145,0.15094592,0.2848136,-0.00076273991,-0.068416294,0.58313218,-0.80949124,2.5140814,1.6875879,1.7
30,14100,7.050000,0,2.0853912,1.8312817,0.063561025,0.4642053,-0.22902142,0.19949145,0.069778384,0.080133541,0.12885401,0.035313066,0.46092004,-0.87917818,0.12082405,1.4496764,-1.0879277,1.7
30,14100,7.050000,1,2.0853912,0.1770609,0.46301768,0.8813842,-0.1977241,-0.18889494,-0.064268712,-0.31576586,-0.10367656,-0.13730487,-0.9259029,-0.062470374,0.37256043,1.1890298,-3.0742251,1.7
30,14100,7.050000,2,2.0853912,0.918652,0.30214153,0.59623299,0.024303583,-0.22561617,0.037049701,-0.049294381,-0.23240719,0.24630559,-0.84801646,0.51416893,-0.1284461,1.6995983,2.5965394,1.7
30,14100,7.050000,3,2.0853912,1.1090028,1.262762,0.079188091,-0.021112076,0.17954648,0.069531641,-0.08138026,0.13282353,-0.16942449,0.28741942,0.89496777,-0.3412078,1.9189978,1.26005,1.7
30,14100,7.050000,4,2.0853912,0.27608541,0.59814143,1.5850578,0.013465427,0.24417889,0.13866598,0.18684999,-0.12371851,-0.11212435,0.57336644,-0.77994712,-0.25086533,1.8243704,-0.93687689,1.7
30,14100,7.050000,5,2.0853912,0.72756319,0.78540061,0.031150594,0.20904938,0.018466773,-0.029722467,-0.222715,-0.22536272,-0.15052378,0.5318938,0.17814772,-0.82786012,2.5460783,0.32318777,1.7
30,14100,7.050000,6,2.0853912,0.4248761,0.24205452,0.344368,-0.096962602,0.11602737,0.36461561,0.048502902,-0.066991864,0.10905669,0.075401585,0.0408032,0.99631807,0.085839269,0.49601943,1.7
30,14100,7.050000,7,2.0853912,0.87207936,0.75062823,1.304807,-0.030140996,0.0023738653,-0.10906823,0.11963143,-0.058223466,0.25442783,0.20799008,0.01907543,-0.97794491,2.9311805,0.091457315,1.7
30,14100,7.050000,8,2.0853912,0.38707435,1.2838361,2.0633496,-0.016530292,-0.15039875,-0.26829327,0.37753754,0.029865261,0.19996928,-0.33348628,0.21987019,-0.91675733,2.7306817,2.5587018,1.7
30,14100,7.050000,9,2.0853912,0.25902932,1.9051085,1.0449821,0.044176135,0.23817842,-0.15302964,0.047973079,-0.019451837,-0.10736529,0.070589025,-0.98873193,0.13200897,1.4384009,-1.4995238,1.7
30,14100,7.050000,10,2.0853912,0.56164082,0.9832202,0.67160738,0.010024637,-0.22461628,-0.15786503,-0.17769685,-0.10979736,0.020962099,-0.93266524,0.35854947,-0.03972188,1.6105287,2.7745757,1.7
30,14100,7.050000,11,2.0853912,1.2529896,1.6797517,0.48317179,0.30444464,-0.087568474,0.47544693,0.32895167,0.20355147,0.23573481,-0.27043751,-0.29138295,0.91758353,0.40883765,-2.3189304,1.7
30,14100,7.050000,12,2.0853912,2.0413287,0.93583293,0.98014777,0.027815707,-0.2067224,0.022547913,-0.06448539,-0.027214206,0.016245356,0.093484215,-0.49792174,-0.86216857,2.610331,-1.385208,1.7
30,14100,7.050000,13,2.0853912,0.044945621,1.8364021,1.6971771,-0.10977343,0.044862037,-0.20999995,-0.24978173,0.53463811,-0.22758472,0.90481709,0.1344226,-0.4040255,1.9867096,0.14748455,1.7
30,14100,7.050000,14,2.0853912,0.71507317,1.6158849,1.4515501,-0.032962514,0.15459812,0.027646749,-0.15417879,0.37210416,0.34230246,-0.44295838,0.64573559,-0.62194326,2.2420182,2.1720473,1.7
30,14100,7.050000,15,2.0853912,0.73447417,0.068085441,1.2300264,-0.11188225,0.035359503,-0.23460043,0.031466444,-0.010726545,0.01569511,0.91946493,0.28392751,0.27197319,1.2953534,0.29950728,1.7
30,14100,7.050000,16,2.0853912,1.3583924,0.44170723,0.22813539,-0.17540394,0.11705064,-0.19186606,-0.42954726,-0.036137912,0.0062460295,-0.42731061,0.90247669,0.054235244,1.5165345,2.0130091,1.7
30,14100,7.050000,17,2.0853912,1.2653499,0.88150619,0.60598947,0.078091552,-0.16664874,-0.129352,0.29671099,-0.20191475,-0.39477414,-0.090708464,0.93378765,-0.34613958,1.9242495,1.6676329,1.7
30,14100,7.050000,18,2.0853912,1.5588503,0.59837655,0.9874003,-0.33815397,0.23280142,0.068206963,-0.19678929,-0.17885524,0.16977531,0.76368967,0.23248315,-0.60227043,2.2171385,0.29550778,1.7
30,14100,7.050000,19,2.0853912,0.097170985,0.73394741,0.36528559,-0.012189756,0.029421086,-0.094760614,-0.1502104,0.3055615,-0.011406976,0.51616551,0.77291656,-0.36901647,1.9487469,0.98199894,1.7
30,14100,7.050000,20,2.0853912,1.2006647,1.9556255,0.98937828,-0.058411901,-0.24310147,0.026218242,-0.19296068,-0.27279212,0.10527328,-0.057065453,0.93049299,-0.36183744,1.9410345,1.6320478,1.7
30,14100,7.050000,21,2.0853912,0.94378012,0.16774519,2.020446,-0.11077189,-0.26690843,0.0010707225,0.16100887,-0.43139877,-0.10849064,-0.042411879,-0.3984831,-0.91619455,2.7292751,-1.6768305,1.7
30,14100,7.050000,22,2.0853912,2.0853616,0.48710577,1.9806523,0.085258634,0.27732842,-0.0058323806,0.1819283,-0.025081194,-0.52993922,-0.42832191,-0.63210684,-0.64574087,2.2727895,-2.1663369,1.7
30,14100,7.050000,23,2.0853912,1.4856184,0.74553202,1.6165734,-0.020076845,0.082843173,0.32509742,-0.2161676,0.10002347,-0.20764284,-0.73895642,-0.43171977,-0.51726342,2.1144466,-2.6128502,1.7
30,14100,7.050000,24,2.0853912,1.7337346,0.89926651,0.056812345,0.027298221,-0.075233373,-0.050834323,-0.036134274,-0.13425482,0.26269766,0.77095043,0.32571021,-0.54731005,2.1499431,0.39973322,1.7
30,14100,7.050000,25,2.0853912,0.71614999,1.8917421,0.73282972,-0.043001041,0.086143566,0.14576703,0.12276928,-0.027606743,-0.063093644,0.96223469,-0.26261637,0.07167322,1.4990616,-0.2664346,1.7
30,14100,7.050000,26,2.0853912,1.6979639,1.3789977,0.76993497,-0.027682532,-0.28791522,0.035980608,0.047867639,-0.060747551,0.0056831041,0.24086003,-0.51220285,-0.82439959,2.5399369,-1.1312361,1.7
30,14100,7.050000,27,2.0853912,1.8624396,1.4563025,0.013269818,0.34101747,-0.30524785,-0.11836427,-0.093099744,-0.0093871715,-0.013285686,-0.32841961,0.54901114,-0.76858787,2.4474272,2.1098928,1.7
30,14100,7.050000,28,2.0853912,1.3207118,1.325226,1.5214031,-0.085184194,0.048508003,0.16882697,0.16630679,-0.025189811,0.13852145,-0.23507434,0.90527881,0.35385072,1.2091113,1.8248559,1.7
30,14100,7.050000,29,2.0853912,1.5460872,0.11141444,1.7617976,0.19337975,0.10301445,0.017059677,0.046798217,0.038086239,-0.14134997,0.77529567,0.31945224,0.54485493,0.99458022,0.39084176,1.7
30,14100,7.050000,30,2.0853912,0.31207906,1.1921665,1.4668845,0.30631131,0.0034988251,-0.088440829,0.17973779,0.32237003,0.11430949,-0.45706614,-0.27713773,-0.84515396,2.5776495,-2.596524,1.7
30,14100,7.050000,31,2.0853912,1.8487485,0.15444164,1.2549232,0.052942959,0.21560106,-0.087567502,0.15757226,0.19224571,0.098294061,-0.020243676,0.58132614,-0.81341878,2.520802,1.6056055,1.7
31,14200,7.100000,0,2.0930176,1.8427707,0.070433466,0.46985936,-0.22423824,0.20611935,0.073727625,0.11479745,0.10489181,0.018975794,0.42347317,-0.89977098,-0.10527424,1.676266,-1.1309069,1.7
31,14200,7.100000,1,2.0930176,0.16340254,0.46001495,0.87643687,-0.21200392,-0.19358238,-0.072424419,-0.24164211,-0.12450912,-0.18701129,-0.75319058,-0.019137684,0.65752391,0.85326871,-3.1161893,1.7
31,14200,7.100000,2,2.0930176,0.91740645,0.29564935,0.61268183,0.019706877,-0.23319946,0.051292094,-0.081140258,-0.076883888,0.29008656,-0.93621553,0.34038763,0.087388477,1.4832962,2.792873,1.7
31,14200,7.100000,3,2.0930176,1.1086337,1.2724758,0.073180624,-0.025528773,0.18463309,0.063246053,-0.14292777,0.11039345,-0.084623719,0.11267063,0.96636959,-0.23116042,1.8040666,1.4547287,1.7
31,14200,7.100000,4,2.0930176,0.28690695,0.59617823,1.5810009,0.023259441,0.24003583,0.12883037,0.18409119,-0.075988474,-0.28443031,0.38712999,-0.81636068,-0.42858559,2.013723,-1.1279892,1.7
31,14200,7.100000,5,2.0930176,0.72299158,0.78050842,0.023655238,0.20183023,0.010716489,-0.037317879,-0.053731172,-0.14049483,-0.15224174,0.52067659,0.14490029,-0.84136781,2.5706054,0.27142446,1.7
31,14200,7.100000,6,2.0930176,0.42878413,0.23915411,0.35111325,-0.094612649,0.11224865,0.3700915,-0.010672907,-0.081082341,0.025604178,0.29607463,0.030828859,0.95466716,0.30225668,0.10375141,1.7
31,14200,7.100000,7,2.0930176,0.88346946,0.75011291,1.3222464,-0.021955072,-0.00088058503,-0.096423645,0.16803778,-0.060777245,0.25391721,0.15213706,0.087321087,-0.98449446,2.9652647,0.52105482,1.7
31,14200,7.100000,8,2.0930176,0.40625841,1.2899871,2.0825425,0.0012058548,-0.14894546,-0.25666728,0.29659355,0.085940737,0.23417653,-0.31038142,0.09136535,-0.94621126,2.8121143,2.8553138,1.7
31,14200,7.100000,9,2.0930176,0.26124987,1.9089966,1.0420528,0.045447086,0.23510501,-0.1597682,0.025096735,-0.12899881,-0.11715533,-0.0073183721,-0.97620465,0.21672778,1.352335,-1.5782929,1.7
31,14200,7.100000,10,2.0930176,0.55660315,0.98019459,0.67463514,0.0029459395,-0.2312255,-0.15729441,-0.11154036,-0.13297035,0.009145167,-0.99399996,0.081766481,-0.072652025,1.6435124,3.0595174,1.7
31,14200,7.100000,11,2.0930176,1.274592,1.6973928,0.49599307,0.32143382,-0.076091193,0.48648109,0.29825126,0.31281164,0.29314268,-0.18743369,-0.41368945,0.89091506,0.47144031,-1.9962072,1.7
31,14200,7.100000,12,2.0930176,2.0434777,0.93780286,0.98259031,0.022509202,-0.2081722,0.021408098,-0.088484003,-0.016420787,-0.09657328,0.053850479,-0.35705919,-0.93252821,2.7721485,-1.4211078,1.7
31,14200,7.100000,13,2.0930176,0.03373518,1.8683063,1.694185,-0.12112752,0.070004638,-0.21918197,-0.23294225,0.48132539,-0.15864152,0.8485759,-0.1689202,-0.501383,2.0959928,-0.19649459,1.7
31,14200,7.100000,14,2.0930176,0.70791248,1.6397596,1.4743602,-0.042720438,0.17253073,0.045116596,-0.16492589,0.35006863,0.37492318,-0.17520456,0.5640963,-0.80690689,2.509693,1.8719432,1.7
31,14200,7.100000,15,2.0930176,0.7401663,0.069852982,1.2371965,-0.1088816,0.036875286,-0.23193344,0.077016613,0.049982906,0.10677691,0.94060975,0.25997045,0.21833155,1.3506919,0.26965341,1.7
31,14200,7.100000,16,2.0930176,1.3425069,0.44299571,0.22913386,-0.19621913,0.11672438,-0.1917022,-0.42438065,0.021859857,-0.039760962,-0.44562764,0.8943889,-0.038529229,1.6093351,2.0330415,1.7
31,14200,7.100000,17,2.0930176,1.2828231,0.87319905,0.58750853,0.090913925,-0.17815857,-0.15001136,0.26071389,-0.17550844,-0.33117321,-0.085518423,0.89368159,-0.4404768,2.026926,1.6661981,1.7
31,14200,7.100000,18,2.0930176,1.558031,0.59109689,0.99851233,-0.3446622,0.22335073,0.075694371,-0.074259372,-0.22486705,0.15172219,0.63942574,0.084726388,-0.76417024,2.4405503,0.13173647,1.7
31,14200,7.100000,19,2.0930176,0.090419667,0.74940293,0.36557633,-0.019283485,0.042169268,-0.095803837,-0.10729796,0.25318974,0.0070837197,0.59338603,0.77561211,-0.2152182,1.7877116,0.91772935,1.7
31,14200,7.100000,20,2.0930176,1.1981673,1.9481624,0.99861024,-0.065287679,-0.25768978,0.031821787,-0.11247409,-0.34892268,0.16522698,0.057917204,0.90937363,-0.41192864,1.9953659,1.5071931,1.7
31,14200,7.100000,21,2.0930176,0.95320775,0.14874889,2.0211223,-0.10480658,-0.28648245,-0.0056295318,0.015467611,-0.35582869,-0.13261346,0.047351877,-0.56876427,-0.82113641,2.5341957,-1.4877339,1.7
31,14200,7.100000,22,2.0930176,0.0065775138,0.48489488,1.9642832,0.091853882,0.27334344,-0.029401759,0.10817223,-0.1449525,-0.40965693,-0.18335408,-0.80825185,-0.55956253,2.1646542,-1.7938735,1.7
31,14200,7.100000,23,2.0930176,1.4806694,0.75342213,1.6085022,-0.030439864,0.087997437,0.31113976,-0.22653983,0.10730532,-0.28336836,-0.81763036,-0.36034324,-0.44903601,2.0364825,-2.7264856,1.7
31,14200,7.100000,24,2.0930176,1.7373974,0.89609063,0.069235975,0.024625654,-0.08168612,-0.038640713,-0.093937181,-0.11332089,0.22779786,0.83412734,0.43127039,-0.3438567,1.9218173,0.47718005,1.7
31,14200,7.100000,25,2.0930176,0.72665284,1.8951329,0.73311258,-0.035131545,0.082622605,0.14337427,0.17784158,-0.15832317,-0.10336671,0.90074034,-0.36026384,-0.24264542,1.8158882,-0.38047546,1.7
31,14200,7.100000,26,2.0930176,1.7031033,1.3820047,0.77287574,-0.02875075,-0.2899475,0.036105463,-0.057748861,-0.033452578,0.026091851,0.55732245,-0.45910289,-0.69182094,2.3348042,-0.68906493,1.7
31,14200,7.100000,27,2.0930176,1.8619832,1.4629631,0.014738697,0.33376334,-0.30391539,-0.11694651,-0.11256203,0.090247251,0.051289772,-0.27895288,0.45370585,-0.84636652,2.579922,2.1220504,1.7
31,14200,7.100000,28,2.0930176,1.3311511,1.3284551,1.5333625,-0.079585054,0.046893627,0.17521084,0.1071776,0.03337107,0.087758683,-0.31920935,0.75390277,0.57422644,0.95913736,1.9713188,1.7
31,14200,7.100000,29,2.0930176,1.5535762,0.11203984,1.7605689,0.19521129,0.10323201,0.009401987,0.031674705,-0.0057818165,-0.14413729,0.78526358,0.4367248,0.43889926,1.1164231,0.50755308,1.7
31,14200,7.100000,30,2.0930176,0.32460562,1.2130421,1.4775001,0.31767584,0.019984538,-0.083199272,0.2693384,0.25708952,0.069427527,-0.31929791,-0.37344006,-0.87097151,2.6279725,-2.2781963,1.7
31,14200,7.100000,31,2.0930176,1.8659864,0.16527548,1.2659613,0.063400807,0.22585139,-0.081130426,0.21278238,0.1591223,0.17362037,0.053154453,0.6042946,-0.79498594,2.4897807,1.483061,1.7
32,14300,7.150000,0,2.0966133,1.851159,0.07277912,0.47197641,-0.21902009,0.2083421,0.075036363,0.1605424,0.00077767146,0.058549946,0.40880193,-0.87096873,-0.27257011,1.8468596,-1.131956,1.7
32,14300,7.150000,1,2.0966133,0.15246806,0.4503463,0.86930341,-0.22320949,-0.20403234,-0.081056124,-0.22719849,-0.2683924,-0.18382525,-0.48503487,-0.022297774,0.87421049,0.50698892,-3.0956535,1.7
32,14300,7.150000,2,2.0966133,0.91719199,0.29690122,0.6279318,0.017917915,-0.23245612,0.065477342,0.00045874908,0.033008967,0.34447577,-0.93757081,0.21481474,0.2735244,1.2937411,2.9163617,1.7
32,14300,7.150000,3,2.0966133,1.1030858,1.2800384,0.068170206,-0.032974841,0.19000504,0.058114319,-0.17954092,0.099965015,-0.091646791,0.0098331152,0.99597068,-0.089138747,1.6600535,1.5609238,1.7
32,14300,7.150000,4,2.0966133,0.30034385,0.59535784,1.5638745,0.036192351,0.23819283,0.10900498,0.26704803,-0.067005281,-0.4466781,0.12251647,-0.83013494,-0.54393538,2.1459162,-1.4242679,1.7
32,14300,7.150000,5,2.0966133,0.72052322,0.77495544,0.018160411,0.19812299,0.0038285581,-0.042848597,-0.061700636,-0.12738359,-0.05894243,0.46989329,0.12611309,-0.87366801,2.6334876,0.2622075,1.7
32,14300,7.150000,6,2.0966133,0.42908097,0.2372513,0.35344114,-0.095052051,0.10993698,0.37181473,-0.025212921,-0.024812435,-0.0015112485,0.48747103,0.11579279,0.86542707,0.5247942,0.23321557,1.7
32,14300,7.150000,7,2.0966133,0.8944564,0.75036707,1.3371278,-0.012493989,-0.001914179,-0.083824594,0.20956568,0.031118825,0.22488532,0.064227739,0.25425169,-0.96500304,2.8762513,1.3233582,1.7
32,14300,7.150000,8,2.0966133,0.42164419,1.2952365,2.0962247,0.015881108,-0.14591468,-0.24657146,0.28655949,0.057315105,0.15337918,-0.29439007,-0.059598854,-0.95382517,2.8365201,-2.9418438,1.7
32,14300,7.150000,9,2.0966133,0.26087052,1.9041849,1.0345039,0.04461964,0.22702071,-0.16909929,-0.059438454,-0.26592365,-0.26014268,-0.055352911,-0.95199814,0.30105746,1.264995,-1.6288749,1.7
32,14300,7.150000,10,2.0966133,0.55116543,0.9751812,0.67643645,-0.0034425026,-0.23791705,-0.15665263,-0.20037053,-0.15384454,0.025223643,-0.95855778,-0.28396404,0.023052267,1.547742,-2.8535881,1.7
32,14300,7.150000,11,2.0966133,1.2925472,1.7183013,0.51024428,0.33718582,-0.058114137,0.49986873,0.31400545,0.3712887,0.22379463,-0.075647861,-0.47555215,0.87642886,0.50240114,-1.7285483,1.7
32,14300,7.150000,12,2.0966133,2.0435886,0.93801055,0.98093186,0.019112422,-0.20957439,0.018064497,-0.0090627776,0.014540742,-0.067955262,-0.019614055,-0.15661717,-0.98746461,2.9830892,-1.6953834,1.7
32,14300,7.150000,13,2.0966133,0.024790947,1.8952579,1.6892556,-0.13012198,0.09372618,-0.2270151,-0.16199648,0.42412042,-0.17403935,0.672988,-0.43566991,-0.5977281,2.2114606,-0.5745217,1.7
32,14300,7.150000,14,2.0966133,0.69758618,1.6584552,1.4974692,-0.054252989,0.18839569,0.065675158,-0.27298187,0.24885229,0.47341446,0.11218757,0.42291516,-0.89919782,2.688729,1.3114964,1.7
32,14300,7.150000,15,2.0966133,0.74637867,0.075432502,1.2411896,-0.10394502,0.042330123,-0.23006734,0.10865813,0.15438766,0.0039320603,0.95964533,0.18625146,0.21069226,1.3585133,0.19170033,1.7
32,14300,7.150000,16,2.0966133,1.3234703,0.44443483,0.22402,-0.21754371,0.11740188,-0.19720497,-0.44294123,0.016674064,-0.16831987,-0.45952059,0.87634638,-0.14442249,1.7157256,2.0537411,1.7
32,14300,7.150000,17,2.0966133,1.2991374,0.86750452,0.57454663,0.10501234,-0.18534703,-0.16397058,0.30211598,-0.10947303,-0.19279124,-0.10893111,0.87328914,-0.47486849,2.0656109,1.694892,1.7
32,14300,7.150000,18,2.0966133,1.5581028,0.57954734,1.0047667,-0.34726476,0.21079648,0.080229511,-0.05392853,-0.2530917,0.014960518,0.48322379,-0.11367418,-0.8680858,2.6221295,-0.23104059,1.7
32,14300,7.150000,19,2.0966133,0.084630792,0.76447621,0.37212981,-0.025222598,0.055943297,-0.08988347,-0.21433024,0.32045547,0.19902068,0.63272334,0.76064683,-0.14518118,1.7164924,0.8769502,1.7
32,14300,7.150000,20,2.0966133,1.1981486,1.9353127,1.0105668,-0.06736299,-0.27387242,0.042054043,0.021380062,-0.29446105,0.30535803,0.17490285,0.87412787,-0.45311087,2.0410482,1.3733158,1.7
32,14300,7.150000,21,2.0966133,0.95425291,0.13347309,2.0204106,-0.10539847,-0.30200048,-0.009809863,-0.061584236,-0.22806713,-0.065384927,0.18255841,-0.73463174,-0.65344367,2.2829211,-1.3272268,1.7
32,14300,7.150000,22,2.0966133,0.0077422619,0.4798792,1.9528469,0.093006342,0.26749975,-0.044199885,-0.0010083439,-0.11456427,-0.23565181,0.025347954,-0.91898593,-0.39347469,1.9752044,-1.5432208,1.7
32,14300,7.150000,23,2.0966133,1.4712371,0.76167612,1.5944715,-0.042405627,0.094951127,0.29436021,-0.34361047,0.16181482,-0.37296705,-0.86691037,-0.28848084,-0.40650365,1.9894203,-2.8203501,1.7
32,14300,7.150000,24,2.0966133,1.7350356,0.89349415,0.079433162,0.019283674,-0.08581848,-0.028571111,-0.061980524,-0.077712598,0.22359063,0.86950068,0.44849647,-0.20692867,1.779231,0.47621485,1.7
32,14300,7.150000,25,2.0966133,0.73751329,1.8896199,0.72699887,-0.025527678,0.073861397,0.13600745,0.26164418,-0.14875488,-0.1515676,0.7355732,-0.40927514,-0.5398388,2.1410419,-0.50774585,1.7
32,14300,7.150000,26,2.0966133,1.7017814,1.3842298,0.77856441,-0.032994803,-0.29009648,0.040462651,-0.083212798,0.047416374,0.15259247,0.78885363,-0.40361987,-0.46346624,2.0526993,-0.47292704,1.7
32,14300,7.150000,27,2.0966133,1.8596619,1.4661668,0.019344825,0.32824804,-0.30322552,-0.11236963,-0.065447982,-0.063794736,0.097342698,-0.26601189,0.27959753,-0.9225307,2.7453838,2.3312997,1.7
32,14300,7.150000,28,2.0966133,1.3406085,1.3300581,1.5405039,-0.072420614,0.046215005,0.17971413,0.22597432,-0.025015083,0.075948021,-0.38692922,0.46983948,0.79343345,0.65436687,2.259724,1.7
32,14300,7.150000,29,2.0966133,1.558076,0.11080484,1.7525057,0.19704064,0.10180576,-0.0016762146,0.0090860375,-0.039977394,-0.29397113,0.79048344,0.51157636,0.33678711,1.2272938,0.57438247,1.7
32,14300,7.150000,30,2.0966133,0.33556366,1.2235635,1.4829304,0.32806732,0.028414772,-0.08030964,0.16815538,0.13501894,0.022675469,-0.14817168,-0.48148453,-0.86383899,2.6136375,-1.8693381,1.7
32,14300,7.150000,31,2.0966133,1.8773524,0.17187444,1.2780295,0.071554132,0.232161,-0.071245576,0.147852,0.14122393,0.17553021,0.090228553,0.6605675,-0.74532502,2.4118185,1.435044,1.7
33,14400,7.200000,0,2.0925659,1.8552172,0.073904474,0.47609973,-0.21138106,0.20960917,0.080075659,0.15128915,0.028312675,0.14241921,0.41506162,-0.80124749,-0.43095975,2.0163524,-1.0928375,1.7
33,14400,7.200000,1,2.0925659,0.14364305,0.43472957,0.85784774,-0.23174843,-0.21879398,-0.090843138,-0.15519485,-0.31723529,-0.222156,-0.16543508,0.0082646339,0.98618605,0.16640835,3.0916772,1.7
33,14400,7.200000,2,2.0925659,0.91659668,0.29780476,0.64245262,0.019094295,-0.23097801,0.081225548,-0.01619618,0.06663457,0.32006,-0.84361292,0.20207337,0.49747724,1.0501081,2.906489,1.7
33,14400,7.200000,3,2.0925659,1.0906854,1.2789563,0.061878642,-0.043255784,0.19139527,0.051948395,-0.23586941,0.044308843,-0.12578217,-0.075160722,0.99623333,-0.043243746,1.6140536,1.6460986,1.7
33,14400,7.200000,4,2.0925659,0.31129904,0.59369416,1.5372258,0.047738482,0.23767794,0.08535233,0.25248603,0.047774213,-0.45103091,-0.23565893,-0.75759429,-0.60870006,2.2252174,-1.8723708,1.7
33,14400,7.200000,5,2.0925659,0.72030148,0.76699404,0.013295245,0.19929329,-0.0026431174,-0.047683376,0.044862019,-0.13817267,-0.11048868,0.42307449,0.15218115,-0.89322387,2.6752615,0.3452926,1.7
33,14400,7.200000,6,2.0925659,0.4235429,0.23748919,0.35066872,-0.099766376,0.11063354,0.36972257,-0.16295786,0.046736324,-0.059472489,0.58722766,0.1909683,0.78657154,0.6655593,0.31441565,1.7
33,14400,7.200000,7,2.0925659,0.90271641,0.74920347,1.3461608,-0.0024976501,-0.0016289929,-0.072199123,0.19041725,-0.042773607,0.27358669,-0.011194559,0.43852488,-0.89864933,2.687477,1.5963185,1.7
33,14400,7.200000,8,2.0925659,0.43567782,1.2959955,0.0080918129,0.030743046,-0.14265224,-0.23808363,0.25396904,0.098814023,0.13178871,-0.25638675,-0.23861171,-0.93665911,2.7837628,-2.3920884,1.7
33,14400,7.200000,9,2.0925659,0.25596633,1.889214,1.0195908,0.040214775,0.21571481,-0.18202783,-0.082482242,-0.18478543,-0.23660257,-0.088568488,-0.92564776,0.36787476,1.1940739,-1.6661886,1.7
33,14400,7.200000,10,2.0925659,0.53934413,0.96795953,0.67674508,-0.014210229,-0.24326139,-0.15503664,-0.17908674,-0.085941583,0.06443042,-0.78907121,-0.59831404,0.13923697,1.4311055,-2.4928318,1.7
33,14400,7.200000,11,2.0925659,1.3042112,1.7350519,0.51954319,0.35135868,-0.038027103,0.51016256,0.27847301,0.4397304,0.19040654,0.082009161,-0.48847321,0.86871654,0.51819116,-1.4044588,1.7
33,14400,7.200000,12,2.0925659,2.0412605,0.93680777,0.97732685,0.020730878,-0.20896584,0.016351424,0.061560907,-0.012519542,-0.042652859,-0.1858937,0.058711569,-0.9808142,2.9453914,2.8356732,1.7
33,14400,7.200000,13,2.0925659,0.012767535,1.9105821,1.6788202,-0.14210912,0.11272743,-0.23419652,-0.26762318,0.35863839,-0.11359593,0.38564352,-0.60851794,-0.69353081,2.3371749,-1.0059351,1.7
33,14400,7.200000,14,2.0925659,0.68570098,1.6703759,1.5202839,-0.064801757,0.20353248,0.091405407,-0.21093851,0.33281979,0.50118222,0.49214733,0.20174539,-0.84681155,2.5807582,0.38903633,1.7
33,14400,7.200000,15,2.0925659,0.75111348,0.081080691,1.2395731,-0.097763431,0.04812953,-0.22928712,0.11550804,0.14136015,0.054307294,0.96020012,0.11006759,0.25671161,1.3111781,0.11413169,1.7
33,14400,7.200000,16,2.0925659,1.2993507,0.44273814,0.21487495,-0.23912933,0.11656232,-0.20592599,-0.40204683,-0.052974394,-0.2095085,-0.44425552,0.85725819,-0.26027951,1.834108,2.0489201,1.7
33,14400,7.200000,17,2.0925659,1.3082656,0.86036647,0.5627481,0.11665961,-0.19081572,-0.17467033,0.17680841,-0.11177241,-0.15795489,-0.10806502,0.83775427,-0.53524736,2.1355969,1.6990816,1.7
33,14400,7.200000,18,2.0925659,1.5533094,0.56561533,1.002825,-0.34905204,0.19797085,0.080227402,0.052754784,-0.26959044,-0.0045269022,0.32297423,-0.30411186,-0.89621628,2.6819617,-0.75532785,1.7
33,14400,7.200000,19,2.0925659,0.07411188,0.78044638,0.38057336,-0.035588152,0.073406095,-0.0807127,-0.15315339,0.34635317,0.17213918,0.62560318,0.77884654,-0.044930225,1.6157417,0.89408095,1.7
33,14400,7.200000,20,2.0925659,1.1982808,1.9173775,1.0232878,-0.064915491,-0.28808542,0.05673997,0.036833324,-0.21098264,0.33783625,0.36205393,0.7965734,-0.48413611,2.0761719,1.1441947,1.7
33,14400,7.200000,21,2.0925659,0.94993048,0.12272811,2.0154304,-0.10788119,-0.31249794,-0.010890848,-0.044988929,-0.27462371,-0.011346633,0.26128333,-0.84161723,-0.47266422,2.0631079,-1.2697766,1.7
33,14400,7.200000,22,2.0925659,0.0085617505,0.47204999,1.9409751,0.093841583,0.26059023,-0.052309668,0.062051085,-0.17589072,-0.16900671,0.24537421,-0.94277044,-0.22577732,1.7985372,-1.316176,1.7
33,14400,7.200000,23,2.0925659,1.4557094,0.76609299,1.5741544,-0.055105411,0.10084404,0.27710434,-0.24535814,0.051858399,-0.33847118,-0.90381898,-0.1907258,-0.38305995,1.963903,-2.9336217,1.7
33,14400,7.200000,24,2.0925659,1.725704,0.88827088,0.087420231,0.013295568,-0.089320326,-0.020422831,-0.18486006,-0.01397985,0.084656681,0.9065436,0.40211873,-0.12837147,1.699523,0.41749682,1.7
33,14400,7.200000,25,2.0925659,0.74934348,1.8809327,0.715148,-0.01226096,0.068817105,0.12554988,0.25144014,-0.081692145,-0.26413084,0.45275786,-0.431485,-0.78027624,2.4659037,-0.76134508,1.7
33,14400,7.200000,26,2.0925659,1.6959595,1.3832504,0.78649229,-0.035534045,-0.28840211,0.049902592,0.0037368406,-0.020735954,0.24491398,0.92719379,-0.30956491,-0.21090576,1.7832978,-0.32223611,1.7
33,14400,7.200000,27,2.0925659,1.8533492,1.4596747,0.024555411,0.3255226,-0.30689093,-0.10711662,-0.018955244,-0.10318037,0.10662453,-0.25358287,0.071509139,-0.96466687,2.8749724,2.8667348,1.7
33,14400,7.200000,28,2.0925659,1.3489861,1.3250826,1.5394047,-0.061444452,0.043804749,0.18159055,0.23693281,-0.081381964,0.012591878,-0.31977685,0.10029483,0.94216968,0.34174981,2.8376695,1.7
33,14400,7.200000,29,2.0925659,1.5525547,0.10779117,1.7370849,0.19452461,0.099003275,-0.013725661,-0.1338995,-0.069087777,-0.18547089,0.77262202,0.60977069,0.17673405,1.3931291,0.66813467,1.7
33,14400,7.200000,30,2.0925659,0.34318387,1.2296654,1.4797494,0.33634329,0.03688684,-0.080628305,0.14659979,0.21303253,-0.06263874,0.045729837,-0.59390747,-0.80323266,2.5034988,-1.4939497,1.7
33,14400,7.200000,31,2.0925659,1.8818698,0.17552865,1.2846505,0.079703462,0.23615086,-0.062148711,0.16129638,0.049715512,0.13036773,0.051620963,0.71852337,-0.69358448,2.3372494,1.4990764,1.7
34,14500,7.250000,0,2.0879423,1.8612226,0.075732853,0.48131275,-0.20126528,0.21160305,0.08634759,0.2878127,0.047306203,0.16168122,0.40953149,-0.70011246,-0.58491582,2.1955726,-1.0415158,1.7
34,14500,7.250000,1,2.0879423,0.13877186,0.41845127,0.84456095,-0.23630727,-0.23412869,-0.10224708,-0.056146035,-0.34265262,-0.30667826,0.1799063,0.016004461,0.98355355,0.18161351,0.088726417,1.7
34,14500,7.250000,2,2.0879423,0.91419115,0.30147273,0.65878649,0.018713611,-0.22664724,0.098998604,-0.05605093,0.09520701,0.36541292,-0.68148856,0.17141302,0.71147096,0.77920708,2.895177,1.7
34,14500,7.250000,3,2.0879423,1.0757283,1.2781002,0.057556255,-0.05581686,0.1933673,0.047758097,-0.24280857,-0.027234343,-0.089520592,-0.16393641,0.98538249,-0.046327058,1.61714,1.7356547,1.7
34,14500,7.250000,4,2.0879423,0.3220312,0.59383515,1.5129849,0.059171123,0.23913234,0.064484898,0.19911359,0.0049541834,-0.33729559,-0.58630096,-0.58320193,-0.56225145,2.1679022,-2.3588443,1.7
34,14500,7.250000,5,2.0879423,0.71803389,0.75889012,0.010302199,0.1986165,-0.00905942,-0.050650328,-0.086805563,-0.1185518,-0.029436365,0.39813642,0.18047923,-0.89939682,2.689184,0.42560313,1.7
34,14500,7.250000,6,2.0879423,0.41336648,0.2389727,0.34318623,-0.10901718,0.11264402,0.36300747,-0.18689171,0.07989229,-0.15091828,0.63756172,0.24328731,0.73097629,0.75104481,0.36453584,1.7
34,14500,7.250000,7,2.0879423,0.91156112,0.74394058,1.3553727,0.0083536609,-0.0052404702,-0.059999298,0.21023879,-0.067273677,0.25852341,-0.035992259,0.5939983,-0.80366074,2.5042178,1.6313155,1.7
34,14500,7.250000,8,2.0879423,0.44748068,1.2982061,0.012196111,0.043522699,-0.13757246,-0.23395689,0.26030536,0.09726456,0.063638949,-0.19269968,-0.38357245,-0.90318271,2.6979234,-2.0363473,1.7
34,14500,7.250000,9,2.0879423,0.24990587,1.8786175,1.0087814,0.034713802,0.20928552,-0.19059385,-0.156523,-0.095872568,-0.17594288,-0.11201596,-0.89186767,0.43820598,1.1171945,-1.6957392,1.7
34,14500,7.250000,10,2.0879423,0.52955812,0.9582885,0.6764446,-0.022814043,-0.250802,-0.15384049,-0.18453303,-0.1676716,0.034611975,-0.54113248,-0.79996324,0.25929607,1.3085031,-2.1655392,1.7
34,14500,7.250000,11,2.0879423,1.3138693,1.7512934,0.52774568,0.36391234,-0.017929683,0.51952337,0.21223085,0.38009213,0.17685033,0.23699059,-0.41111275,0.88023961,0.49442943,-1.0478645,1.7
34,14500,7.250000,12,2.0879423,2.0388713,0.93509535,0.97231045,0.022854276,-0.20860794,0.013491319,0.077438876,0.012311427,-0.087284838,-0.35689528,0.28931044,-0.88821463,2.6642407,2.4604028,1.7
34,14500,7.250000,13,2.0879423,0.00069408918,1.9230019,1.671323,-0.15416769,0.1293872,-0.23798847,-0.21129353,0.3313068,-0.055989925,-0.014548501,-0.66781633,-0.74418391,2.4101086,-1.5925781,1.7
34,14500,7.250000,14,2.0879423,0.67439694,1.6850811,1.5410148,-0.074601544,0.22194889,0.11552217,-0.19317137,0.38527674,0.46046646,0.75316674,-0.13710831,-0.6433826,2.269705,-0.18007057,1.7
34,14500,7.250000,15,2.0879423,0.7554511,0.088210891,1.2423444,-0.091759542,0.055446976,-0.22377083,0.14159295,0.17085202,0.11272028,0.93778649,0.056783058,0.34253787,1.2211795,0.060476256,1.7
34,14500,7.250000,16,2.0879423,1.276726,0.44098901,0.20623769,-0.25890494,0.11579059,-0.21409751,-0.38796247,0.026866032,-0.18553031,-0.44854514,0.80115952,-0.39617,1.9781381,2.0811856,1.7
34,14500,7.250000,17,2.0879423,1.3140582,0.85439342,0.55386588,0.12535253,-0.19489226,-0.18231758,0.19665836,-0.060582525,-0.093569581,-0.097363055,0.81663462,-0.56888341,2.1759439,1.6894609,1.7
34,14500,7.250000,18,2.0879423,1.5538814,0.55006155,0.99840195,-0.34504357,0.18365099,0.078017687,0.067889927,-0.34656858,-0.0070138802,0.092158059,-0.39941591,-0.91212599,2.7192373,-1.3440328,1.7
34,14500,7.250000,19,2.0879423,0.064239368,0.79305166,0.38859272,-0.045307659,0.08775168,-0.071842631,-0.18592438,0.27212047,0.090649239,0.61194095,0.78938778,0.048940894,1.5218359,0.91135535,1.7
34,14500,7.250000,20,2.0879423,1.2006123,1.9041029,1.0404392,-0.059930814,-0.29713344,0.076173888,0.12027822,-0.22160645,0.42720147,0.51169896,0.67666693,-0.52942048,2.1287136,0.92333579,1.7
34,14500,7.250000,21,2.0879423,0.9432692,0.10783626,2.0105959,-0.11244861,-0.32713481,-0.011272571,-0.12714177,-0.32755328,-0.036815157,0.29103853,-0.91582149,-0.27670848,1.8511635,-1.2630998,1.7
34,14500,7.250000,22,2.0879423,0.012494437,0.46174361,1.9300191,0.097797562,0.25131661,-0.058984425,0.054086378,-0.24007482,-0.11314644,0.43960216,-0.8953125,-0.071871208,1.6427296,-1.1143713,1.7
34,14500,7.250000,23,2.0879423,1.4416753,0.76668641,1.5559744,-0.06593506,0.10313271,0.26238625,-0.18563021,0.041018393,-0.22227718,-0.94971578,-0.14312612,-0.27848672,1.8530145,-2.9920141,1.7
34,14500,7.250000,24,2.0879423,1.7137833,0.88595363,0.091078841,0.0051789826,-0.089675285,-0.016566797,-0.13722254,-0.045385724,0.050832934,0.92220348,0.37607328,-0.090053496,1.660972,0.38721117,1.7
34,14500,7.250000,25,2.0879423,0.75979893,1.8720427,0.69971444,-0.00013638546,0.0640779,0.11168114,0.231,-0.073915138,-0.26713494,0.096383444,-0.39464622,-0.91376397,2.7232512,-1.331258,1.7
34,14500,7.250000,26,2.0879423,1.69306,1.3779895,0.79606253,-0.034685244,-0.29060915,0.061223155,0.041564402,-0.006755621,0.29307964,0.97735889,-0.21082907,0.017908344,1.552887,-0.21245761,1.7
34,14500,7.250000,27,2.0879423,1.8474974,1.4504625,0.026062169,0.32376391,-0.31288454,-0.10555388,-0.10426296,-0.055099468,-0.042504446,-0.22066957,-0.15329343,-0.9632269,2.8695606,-2.5344501,1.7
34,14500,7.250000,28,2.0879423,1.3595601,1.317839,1.5374879,-0.047874833,0.039484198,0.18307682,0.26749526,-0.050572717,0.10551904,-0.16729444,-0.28445158,0.94398086,0.33630378,-2.102442,1.7
34,14500,7.250000,29,2.0879423,1.5408406,0.10742065,1.7223456,0.18623177,0.098870784,-0.024638822,-0.13233855,0.042179297,-0.26273268,0.76915639,0.63508735,0.071151319,1.4995848,0.69021248,1.7
34,14500,7.250000,30,2.0879423,0.34739973,1.2362201,1.473644,0.34132295,0.046168815,-0.083467267,0.030365383,0.19218653,-0.094567702,0.1746317,-0.69529335,-0.69718787,2.3422636,-1.3247237,1.7
34,14500,7.250000,31,2.0879423,1.8851873,0.17889293,1.2835145,0.087187359,0.23990713,-0.060444265,0.15658305,0.083537012,-0.094045687,-0.084102434,0.76781944,-0.6351221,2.2589629,1.6798955,1.7
35,14600,7.300000,0,2.0922175,1.8788873,0.078797706,0.49152326,-0.18742571,0.21450986,0.095563149,0.32656126,0.11520894,0.23717056,0.39871391,-0.5949024,-0.69793865,2.3433114,-0.98033958,1.7
35,14600,7.300000,1,2.0922175,0.13584942,0.40214019,0.83102886,-0.23951058,-0.25127904,-0.11749288,-0.095795015,-0.29103419,-0.29132559,0.4860733,0.00034505745,0.87391798,0.50759103,0.00070988756,1.7
35,14600,7.300000,2,2.0922175,0.91465944,0.31009214,0.67421683,0.017311464,-0.2186533,0.11306564,0.01380384,0.19443378,0.27296907,-0.59073269,0.14993139,0.7928149,0.65538244,2.8930353,1.7
35,14600,7.300000,3,2.0922175,1.0682314,1.2796446,0.053574079,-0.06550641,0.19229574,0.043662259,-0.18213248,-0.006256626,-0.10058522,-0.31531779,0.94855117,-0.028729356,1.5995296,1.891725,1.7
35,14600,7.300000,4,2.0922175,0.33287584,0.59272963,1.4959373,0.069345976,0.23681326,0.044359919,0.12218517,-0.12283989,-0.42425278,-0.80708757,-0.42443399,-0.41044542,1.9937388,-2.6574533,1.7
35,14600,7.300000,5,2.0922175,0.71494139,0.75607094,0.0082936053,0.19405843,-0.013428017,-0.052677942,-0.055452795,-0.06166646,-0.060621144,0.41439729,0.19042188,-0.8899519,2.668036,0.4307386,1.7
35,14600,7.300000,6,2.0922175,0.40661986,0.24323181,0.3372042,-0.11660245,0.11640996,0.35632957,-0.19793167,0.033166275,-0.084410293,0.68415355,0.30810771,0.66106245,0.84856247,0.42314393,1.7
35,14600,7.300000,7,2.0922175,0.92030846,0.74013972,1.3696059,0.015227477,-0.010559166,-0.048553093,0.097569938,-0.16322565,0.23767777,-0.039832495,0.58299248,-0.81150055,2.5175118,1.6390145,1.7
35,14600,7.300000,8,2.0922175,0.46275478,1.3053755,0.017799118,0.057865875,-0.13306588,-0.22838455,0.33600347,0.061905894,0.13409666,-0.096315897,-0.52724953,-0.84423408,2.5759309,-1.7514802,1.7
35,14600,7.300000,9,2.0922175,0.24112166,1.8755287,0.99918946,0.025427396,0.2023572,-0.20223944,-0.23504971,-0.16394273,-0.25829439,-0.10437392,-0.85594766,0.50641849,1.0397701,-1.6921369,1.7
35,14600,7.300000,10,2.0922175,0.52078874,0.95347888,0.67981256,-0.032657665,-0.25756688,-0.15185962,-0.18612349,-0.11575168,0.067385713,-0.28125481,-0.91462321,0.29044814,1.2761012,-1.8691277,1.7
35,14600,7.300000,11,2.0922175,1.3269016,1.7772525,0.53550288,0.37424383,0.0044206596,0.52619314,0.21646803,0.48776521,0.096922577,0.3988516,-0.33166912,0.8549345,0.54537177,-0.69369092,1.7
35,14600,7.300000,12,2.0922175,2.0450517,0.93902077,0.96844332,0.024857873,-0.20659924,0.0076392976,0.023561402,0.094074475,-0.17267809,-0.43021963,0.49350562,-0.75588575,2.4278023,2.2877897,1.7
35,14600,7.300000,13,2.0922175,2.0830475,1.943073,1.6759722,-0.16402315,0.14550424,-0.23676264,-0.17213247,0.26318465,0.097167249,-0.4547286,-0.59923667,-0.65889098,2.2901398,-2.2199351,1.7
35,14600,7.300000,14,2.0922175,0.66887698,1.7102856,1.564294,-0.08149533,0.24368083,0.13562549,-0.096605507,0.43913144,0.36157047,0.83593132,-0.48241222,-0.26171984,1.8356,-0.5234077,1.7
35,14600,7.300000,15,2.0922175,0.76188057,0.097007536,1.2506886,-0.086881906,0.064054199,-0.21797627,0.1086168,0.19817068,0.15113199,0.90360191,0.011873535,0.4282086,1.1282868,0.013139472,1.7
35,14600,7.300000,16,2.0922175,1.2616367,0.44524898,0.19749679,-0.27659036,0.11914417,-0.22325134,-0.30586441,0.074299873,-0.19994709,-0.51129409,0.69460916,-0.50605976,2.1014066,2.2053347,1.7
35,14600,7.300000,17,2.0922175,1.3264823,0.85273305,0.55168445,0.13507603,-0.19829858,-0.18562972,0.23915547,-0.063234351,-0.092846539,-0.070348853,0.80410669,-0.59030795,2.2022366,1.6580611,1.7
35,14600,7.300000,18,2.0922175,1.5603045,0.53193394,1.0032736,-0.34180547,0.16441676,0.080842143,0.0086690423,-0.36691555,0.071380234,-0.18101216,-0.36046851,-0.91503937,2.7264018,-2.0361689,1.7
35,14600,7.300000,19,2.0922175,0.057029881,0.80463018,0.39627887,-0.052641181,0.097696195,-0.064959197,-0.09687994,0.073498279,0.18120366,0.62322892,0.77767522,0.082504325,1.4881981,0.89520231,1.7
35,14600,7.300000,20,2.0922175,1.208967,1.8944817,1.068404,-0.054040492,-0.31063965,0.10198192,0.082882307,-0.34095466,0.55413034,0.58486162,0.6152407,-0.52859792,2.1277443,0.8107065,1.7
35,14600,7.300000,21,2.0922175,0.94173193,0.089889104,2.011954,-0.11591374,-0.3452842,-0.014028477,-0.04822432,-0.37980605,0.00095298837,0.3253139,-0.94333378,-0.065515185,1.6363585,-1.2387119,1.7
35,14600,7.300000,22,2.0922175,0.017902539,0.45319898,1.9302675,0.10317458,0.24183622,-0.062684098,0.10720504,-0.098243049,-0.050816443,0.67412344,-0.73681838,0.051538973,1.5192345,-0.82980376,1.7
35,14600,7.300000,23,2.0922175,1.4358363,0.77068437,1.5502651,-0.074717048,0.10555834,0.2535001,-0.1522383,0.074606949,-0.17862701,-0.97250469,-0.14206938,-0.18452889,1.7563888,-2.9965327,1.7
35,14600,7.300000,24,2.0922175,1.7096288,0.88215461,0.093460123,-0.0024767736,-0.095282626,-0.014374248,-0.18239023,-0.14848199,-0.021879719,0.9488148,0.30350796,-0.087369342,1.6582772,0.30959512,1.7
35,14600,7.300000,25,2.0922175,0.77236876,1.8728779,0.68512659,0.010866443,0.061082982,0.095676938,0.20624442,-0.062464652,-0.29761371,-0.18040526,-0.30325517,-0.93567636,2.7809673,-2.1074544,1.7
35,14600,7.300000,26,2.0922175,1.6978909,1.3799726,0.80927627,-0.03332248,-0.29144668,0.072795057,-0.041997232,-0.058680374,0.19653286,0.97961101,-0.053954327,0.1935231,1.3760445,-0.055021706,1.7
35,14600,7.300000,27,2.0922175,1.8452011,1.4512974,0.027869685,0.31769089,-0.31501734,-0.10380152,-0.091788102,0.04098388,0.0032416373,-0.093628766,-0.34481543,-0.93398928,2.7762161,-1.8359364,1.7
35,14600,7.300000,28,2.0922175,1.3765937,1.3205841,1.5473417,-0.033639593,0.039530886,0.18977571,0.27338378,0.078171935,0.15941906,0.069402263,-0.56247048,0.82389944,0.6025388,-1.4480286,1.7
35,14600,7.300000,29,2.0922175,1.5365833,0.10929208,1.7103097,0.1788271,0.10052058,-0.04018543,-0.15273928,-0.001072955,-0.3685452,0.77828553,0.62788107,-0.006082901,1.5768793,0.67884266,1.7
35,14600,7.300000,30,2.0922175,0.35005453,1.2474617,1.4735717,0.34326444,0.054870232,-0.086553794,-0.0093426893,0.14839271,-0.038644761,0.2582334,-0.74204775,-0.61861187,2.237771,-1.2359034,1.7
35,14600,7.300000,31,2.0922175,1.8944711,0.18250916,1.2802364,0.092605522,0.24315374,-0.066344481,0.070512378,0.061892616,-0.13889082,-0.20335158,0.78418427,-0.58626203,2.1972333,1.8245237,1.7
36,14700,7.350000,0,2.0983393,1.9008818,0.083417103,0.50821966,-0.1709529,0.21889229,0.11079909,0.36573149,0.015013821,0.38079142,0.36392939,-0.48182871,-0.79711761,2.4933028,-0.92390633,1.7
36,14700,7.350000,1,2.0983393,0.13184408,0.39379134,0.819106,-0.243907,-0.26079065,-0.1318264,-0.055058533,-0.1262781,-0.30009167,0.71955554,-0.027663412,0.69388368,0.80392785,-0.038426214,1.7
36,14700,7.350000,2,2.0983393,0.91853106,0.31899686,0.69003431,0.018505038,-0.21066758,0.12689017,0.011917792,0.17205461,0.25994233,-0.57188927,0.11186978,0.8126671,0.6220818,2.9484175,1.7
36,14700,7.350000,3,2.0983393,1.0625965,1.2837412,0.05026067,-0.074254193,0.19264765,0.040197154,-0.14572326,-0.017005964,-0.015155568,-0.44974776,0.89306597,-0.012654225,1.5834509,2.0373196,1.7
36,14700,7.350000,4,2.0983393,0.33823821,0.59338178,1.480246,0.073727946,0.23573266,0.024320768,0.047026797,0.028145078,-0.37960864,-0.94208435,-0.24858394,-0.22512906,1.7978718,-2.8836069,1.7
36,14700,7.350000,5,2.0983393,0.71493707,0.75670619,0.0049330773,0.19196525,-0.015002725,-0.0560578,-0.025732532,-0.029482584,-0.12305042,0.42523097,0.11588137,-0.89763586,2.6851721,0.26605349,1.7
36,14700,7.350000,6,2.0983393,0.39793927,0.24765247,0.33642077,-0.12645841,0.12011351,0.35456207,-0.20991343,0.091910766,-0.0055047475,0.68864767,0.3936655,0.60892681,0.91608938,0.51931309,1.7
36,14700,7.350000,7,2.0983393,0.92645029,0.73640114,1.3840832,0.018671448,-0.016454785,-0.038098516,-0.026838127,-0.1104492,0.18421023,-0.059240707,0.54460295,-0.83659917,2.5618418,1.6791481,1.7
36,14700,7.350000,8,2.0983393,0.47924235,1.3121385,0.023330904,0.072977345,-0.13012669,-0.22291284,0.22653708,0.069192747,0.13218957,-0.055426255,-0.63797523,-0.76805959,2.4466018,-1.6574571,1.7
36,14700,7.350000,9,2.0983393,0.23027183,1.8686295,0.98992405,0.013888901,0.18998825,-0.2144107,-0.22715845,-0.32208698,-0.26010213,-0.045941332,-0.80733798,0.58829821,0.94184361,-1.6276397,1.7
36,14700,7.350000,10,2.0983393,0.51543998,0.95031635,0.68665658,-0.039520229,-0.2635106,-0.14701183,-0.14065532,-0.075672671,0.097775413,-0.033033467,-0.96216019,0.2704747,1.2969103,-1.6051155,1.7
36,14700,7.350000,11,2.0983393,1.3419993,1.805871,0.5390978,0.38544269,0.02780474,0.52821822,0.25911503,0.45811901,0.029285181,0.53792998,-0.32636097,0.77725147,0.68051073,-0.54532985,1.7
36,14700,7.350000,12,2.0983393,2.0515922,0.9433381,0.96125113,0.025413798,-0.20503179,-0.0023719308,-0.033853695,0.013015373,-0.2096486,-0.47967118,0.66888852,-0.5678941,2.1747414,2.1929179,1.7
36,14700,7.350000,13,2.0983393,2.0826743,1.957902,1.6872232,-0.17048194,0.15463447,-0.23042478,-0.12906408,0.074263123,0.11878363,-0.79028389,-0.42497385,-0.44141659,2.0279731,-2.6482043,1.7
36,14700,7.350000,14,2.0983393,0.66476574,1.7348667,1.5875909,-0.087554849,0.26322906,0.15431794,-0.20111613,0.33997072,0.32606399,0.72434488,-0.66589894,0.17861438,1.3912183,-0.74338285,1.7
36,14700,7.350000,15,2.0983393,0.76695464,0.10795963,1.2616396,-0.084041246,0.074706889,-0.21069548,0.061889424,0.22787372,0.16394371,0.86740527,-0.052797871,0.49479337,1.0531993,-0.060793739,1.7
36,14700,7.350000,16,2.0983393,1.2549045,0.44897304,0.18689458,-0.28699885,0.1215619,-0.23441511,-0.19185942,0.085399615,-0.22762996,-0.5696437,0.60445155,-0.55690607,2.1614524,2.3265566,1.7
36,14700,7.350000,17,2.0983393,1.3408933,0.85255107,0.55176672,0.14559038,-0.20097175,-0.18715944,0.17320159,-0.027179195,0.027733277,-0.09939426,0.78404994,-0.61268791,2.2302535,1.696894,1.7
36,14700,7.350000,18,2.0983393,1.5671158,0.51516094,1.0082368,-0.33956288,0.14611406,0.082866849,0.026339282,-0.32444902,0.028522658,-0.41077435,-0.30252542,-0.86008302,2.6062287,-2.5068033,1.7
36,14700,7.350000,19,2.0983393,0.051009517,0.81082025,0.40734769,-0.05881939,0.10152631,-0.055064347,-0.059187067,0.11307925,0.19794883,0.62072172,0.77942094,0.084897306,1.4857967,0.89826152,1.7
36,14700,7.350000,20,2.0983393,1.2170537,1.8810322,1.1005636,-0.049497881,-0.3296047,0.13097299,0.079288793,-0.37747669,0.63930932,0.61537648,0.60924964,-0.50012664,2.0945413,0.78039517,1.7
36,14700,7.350000,21,2.0983393,0.94063855,0.069137527,2.0164337,-0.11975702,-0.36626814,-0.015433743,-0.091096255,-0.39624082,-0.091993728,0.36498795,-0.91606473,0.16616018,1.4038619,-1.1916439,1.7
36,14700,7.350000,22,2.0983393,0.023167285,0.45007195,1.9332956,0.10837934,0.23738963,-0.065300135,0.089978613,-0.13144777,-0.0082420252,0.88515077,-0.43513536,0.16481908,1.4052217,-0.45690072,1.7
36,14700,7.350000,23,2.0983393,1.4341558,0.77544876,1.5466139,-0.080590239,0.10806405,0.24532477,-0.082512761,-0.013060015,-0.20467577,-0.97694768,-0.21195905,-0.025428249,1.5962273,-2.9279434,1.7
36,14700,7.350000,24,2.0983393,1.7037977,0.88075146,0.093612045,-0.013294429,-0.099261154,-0.014495614,-0.21728187,-0.080571941,0.033011602,0.95050711,0.29680205,-0.091895421,1.6628216,0.30266304,1.7
36,14700,7.350000,25,2.0983393,0.78645126,1.8740184,0.67290831,0.022671742,0.056749781,0.081474729,0.27650874,-0.085911063,-0.35978086,-0.44548838,-0.25957484,-0.85683196,2.5998898,-2.6140097,1.7
36,14700,7.350000,26,2.0983393,1.7026578,1.3818631,0.81843413,-0.033523239,-0.29359087,0.079575076,0.031982439,-0.0073559704,0.14924909,0.91968466,0.23423753,0.3151395,1.2501927,0.249391,1.7
36,14700,7.350000,27,2.0983393,1.8461981,1.457419,0.030026382,0.31329529,-0.31314503,-0.1017294,-0.023480988,0.0080256908,0.056671812,0.088723007,-0.4718533,-0.87720163,2.6407987,-1.3849355,1.7
36,14700,7.350000,28,2.0983393,1.3937734,1.330048,1.5573813,-0.020506925,0.045122591,0.19527966,0.26130274,0.14563822,0.082876225,0.35233674,-0.75839196,0.54836161,0.99039258,-1.1358808,1.7
36,14700,7.350000,29,2.0983393,1.5373332,0.11115119,1.6976883,0.17508644,0.10205765,-0.057785499,0.0014744843,0.097202319,-0.34298626,0.74896085,0.66214254,-0.024998023,1.595797,0.72395049,1.7
36,14700,7.350000,30,2.0983393,0.34902696,1.2586444,1.4701938,0.34121559,0.062391863,-0.094232214,-0.10500758,0.17013423,-0.21383899,0.27588554,-0.77373828,-0.57027735,2.1776398,-1.2282878,1.7
36,14700,7.350000,31,2.0983393,1.9010329,0.1863704,1.2740901,0.093622605,0.24647611,-0.076222237,0.026495123,0.028438975,-0.18746976,-0.23702725,0.82389043,-0.5148035,2.1115748,1.8509241,1.7
37,14800,7.400000,0,2.1071678,1.92237,0.082254225,0.52684644,-0.15749063,0.21738162,0.12725307,0.18209447,-0.12979987,0.28550419,0.39615073,-0.30677178,-0.86542225,2.6167888,-0.65892352,1.7
37,14800,7.400000,1,2.1071678,0.1319965,0.39169992,0.81011933,-0.24430844,-0.26453104,-0.14423329,0.030125948,0.036083265,-0.20942473,0.85403772,-0.16049664,0.4948337,1.0531529,-0.18576029,1.7
37,14800,7.400000,2,2.1071678,0.92547754,0.32852687,0.70780176,0.021580484,-0.20249684,0.14172326,0.099701781,0.16282902,0.28531107,-0.4947235,0.11956252,0.86078654,0.5339833,2.9044641,1.7
37,14800,7.400000,3,2.1071678,1.0597407,1.288764,0.048612764,-0.081565352,0.19227005,0.03834168,-0.11056549,0.025556892,0.005949038,-0.51172228,0.857844,0.047370707,1.5234079,2.1086541,1.7
37,14800,7.400000,4,2.1071678,0.34118025,0.59512331,1.4680875,0.075243717,0.23497921,0.0059729472,0.009000829,-0.0020092722,-0.29155007,-0.99557028,-0.057636941,-0.07428188,1.6451467,-3.0837638,1.7
37,14800,7.400000,5,2.1071678,0.71570669,0.75664606,2.1052358,0.18973156,-0.018239791,-0.062929169,0.035640868,-0.087877959,-0.17294068,0.513524,0.034905555,-0.85736497,2.6009245,0.067868192,1.7
37,14800,7.400000,6,2.1071678,0.38803216,0.2531871,0.34027715,-0.13801552,0.12459677,0.35699789,-0.20751932,0.076545748,0.094383035,0.67168013,0.55512708,0.4905912,1.0580282,0.69067727,1.7
37,14800,7.400000,7,2.1071678,0.92628374,0.73098531,1.3957655,0.014615509,-0.024951073,-0.032251801,-0.16772083,-0.2154773,0.041929997,-0.085755171,0.46432104,-0.88150554,2.6498376,1.7534277,1.7
37,14800,7.400000,8,2.1071678,0.49580735,1.3195049,0.027634671,0.087495525,-0.12828477,-0.21871605,0.32798174,0.052325371,0.031611426,-0.040399559,-0.68695711,-0.72557413,2.3826647,-1.6295381,1.7
37,14800,7.400000,9,2.1071678,0.21958149,1.8639117,0.98215666,0.0022541427,0.17743474,-0.22631805,-0.20638935,-0.19538356,-0.20142479,0.070034985,-0.75620128,0.6505803,0.86244802,-1.4784456,1.7
37,14800,7.400000,10,2.1071678,0.5103363,0.95147508,0.69557334,-0.046777317,-0.26634424,-0.1409967,-0.12258414,-0.019700463,0.12969697,0.12201325,-0.97486896,0.18639547,1.3833043,-1.4462852,1.7
37,14800,7.400000,11,2.1071678,1.3582451,1.8388386,0.54129211,0.39601997,0.053121211,0.52814451,0.18428506,0.55686557,-0.014848532,0.6616282,-0.34272525,0.66692392,0.84072347,-0.47794589,1.7
37,14800,7.400000,12,2.1071678,2.0577866,0.94728955,0.95607735,0.02298153,-0.20504926,-0.011570733,-0.083224745,0.0023057873,-0.21841803,-0.51361752,0.79790314,-0.31551167,1.8917921,2.1427364,1.7
37,14800,7.400000,13,2.1071678,2.0904988,1.9668105,1.7051667,-0.17141803,0.15530397,-0.21960275,-0.022368995,0.013528663,0.23477464,-0.9708454,-0.14333235,-0.19213288,1.7641314,-2.9950149,1.7
37,14800,7.400000,14,2.1071678,0.65643273,1.7606332,1.6103013,-0.098661453,0.28165766,0.17031519,-0.21713294,0.36525322,0.27813488,0.51127946,-0.67515397,0.53175223,1.0101281,-0.92265335,1.7
37,14800,7.400000,15,2.1071678,0.77422295,0.11877882,1.2766136,-0.080008252,0.085050141,-0.20104987,0.12118351,0.11749786,0.26494661,0.80261963,-0.1509247,0.57708186,0.95564531,-0.18586968,1.7
37,14800,7.400000,16,2.1071678,1.2523323,0.45406633,0.17450427,-0.29483445,0.12475949,-0.24756416,-0.16872267,0.044781266,-0.30677156,-0.61601911,0.52113021,-0.59071462,2.2027405,2.4394462,1.7
37,14800,7.400000,17,2.1071678,1.3563374,0.85228588,0.55543508,0.15537235,-0.20481586,-0.18581538,0.19605972,-0.093135434,0.015442959,-0.13650348,0.69102945,-0.70982047,2.3600396,1.7658219,1.7
37,14800,7.400000,18,2.1071678,1.5729455,0.50269793,1.0115607,-0.34032499,0.13151423,0.081950648,-0.0089543492,-0.26861083,-0.077726389,-0.53550774,-0.33143408,-0.77677726,2.4603286,-2.5873806,1.7
37,14800,7.400000,19,2.1071678,0.048981782,0.82121018,0.41732498,-0.061057042,0.10849022,-0.046818223,-0.016628768,0.11875234,0.09210592,0.62879749,0.76327458,0.14841032,1.4218357,0.88170144,1.7
37,14800,7.400000,20,2.1071678,1.2256629,1.8698744,1.1365079,-0.04601653,-0.34863669,0.16222126,0.056335083,-0.35823616,0.64891946,0.63686495,0.62277744,-0.45447914,2.0425837,0.77421489,1.7
37,14800,7.400000,21,2.1071678,0.93796598,0.048774717,2.0181246,-0.1263733,-0.38687857,-0.022212453,-0.15446819,-0.46031568,-0.12151334,0.36619184,-0.81635554,0.44661747,1.1078151,-1.149133,1.7
37,14800,7.400000,22,2.1071678,0.027004071,0.44390856,1.9417921,0.11211082,0.2293495,-0.064938407,0.047253242,-0.12259822,0.081210401,0.97427002,-0.059448712,0.21740234,1.351644,-0.060943161,1.7
37,14800,7.400000,23,2.1071678,1.4368167,0.77968556,1.5409536,-0.083956204,0.10903622,0.23318283,-0.02011644,0.023426093,-0.29471965,-0.92702982,-0.28801809,0.24012765,1.328299,-2.8403584,1.7
37,14800,7.400000,24,2.1071678,1.6999467,0.88329863,0.096084326,-0.02429084,-0.10041718,-0.012421545,-0.25536834,-0.024785151,0.051929398,0.90913527,0.41508107,-0.034362198,1.6051653,0.42830152,1.7
37,14800,7.400000,25,2.1071678,0.80183939,1.8763608,0.66097621,0.034725693,0.051219102,0.066742384,0.20343838,-0.15369319,-0.32328364,-0.70095106,-0.15328945,-0.69654143,2.3413623,-2.9262943,1.7
37,14800,7.400000,26,2.1071678,1.7079224,1.3899063,0.82794076,-0.035418428,-0.29136629,0.08562556,-0.11445234,0.061414028,0.16605503,0.72453459,0.55160942,0.41325136,1.1447746,0.65071253,1.7
37,14800,7.400000,27,2.1071678,1.8540943,1.4636193,0.03212754,0.31342358,-0.31307672,-0.099758709,0.026480067,-0.0092281275,-0.00040331538,0.22272543,-0.54698305,-0.80697146,2.5098023,-1.184108,1.7
37,14800,7.400000,28,2.1071678,1.4117186,1.3456674,1.5697264,-0.0084511853,0.055125057,0.20106022,0.1497247,0.20015708,0.12750158,0.58223191,-0.80491338,0.11454458,1.4559998,-0.94457229,1.7
37,14800,7.400000,29,2.1071678,1.544892,0.11776672,1.6909195,0.17617479,0.10819265,-0.071667952,-0.03171665,0.10855486,-0.2371148,0.71563987,0.69696297,-0.045849738,1.6166621,0.77217731,1.7
37,14800,7.400000,30,2.1071678,0.34653758,1.272853,1.4625502,0.33726603,0.071286228,-0.10803239,-0.082747869,0.22933025,-0.27009345,0.26553953,-0.74539438,-0.61145398,2.2286931,-1.2285731,1.7
37,14800,7.400000,31,2.1071678,1.9161452,0.18582826,1.2721059,0.10072177,0.24515263,-0.083551668,0.24710105,-0.046382548,-0.11050194,-0.26365254,0.88676189,-0.37965864,1.9602236,1.8597931,1.7
38,14900,7.450000,0,2.1016422,1.9248417,0.072334739,0.53611985,-0.14996809,0.20766507,0.13792204,0.10164425,-0.22734395,0.17674272,0.44963894,-0.042614037,-0.89219329,2.6729746,-0.094491664,1.7
38,14900,7.450000,1,2.1016422,0.13412545,0.39169359,0.80158909,-0.24183011,-0.26350887,-0.15064757,0.050005355,0.021362586,-0.053683705,0.88287996,-0.41625881,0.21737429,1.3516727,-0.44057109,1.7
38,14900,7.450000,2,2.1016422,0.92922206,0.34032438,0.71925931,0.027759998,-0.1898212,0.15505439,0.13930419,0.35603054,0.25010157,-0.38981214,0.12920713,0.91178507,0.42318627,2.821529,1.7
38,14900,7.450000,3,2.1016422,1.0496555,1.2828584,0.049486264,-0.088881238,0.18974063,0.039343973,-0.18762649,-0.10895618,0.08333494,-0.5278554,0.84379853,0.096812772,1.4738317,2.1298057,1.7
38,14900,7.450000,4,2.1016422,0.33866167,0.5919456,1.4482056,0.073617674,0.23335997,-0.010080334,-0.04132727,-0.01780917,-0.38750769,-0.99210068,0.11674645,0.045896724,1.5248835,3.0244554,1.7
38,14900,7.450000,5,2.1016422,0.71552402,0.75077279,2.0923698,0.19142792,-0.022134027,-0.07028433,-0.010678746,-0.11602318,-0.14905933,0.57825152,-0.021438887,-0.81557682,2.5245217,-0.037058393,1.7
38,14900,7.450000,6,2.1016422,0.37550021,0.25869088,0.34548145,-0.14954508,0.13077259,0.36310251,-0.23833387,0.14607501,0.095807949,0.63576448,0.70984414,0.30319107,1.2627568,0.84039555,1.7
38,14900,7.450000,7,2.1016422,0.91402925,0.72056317,1.3932136,0.0047770961,-0.033467536,-0.031142164,-0.21564693,-0.19699611,0.024948808,-0.062965254,0.3857829,-0.92043845,2.739997,1.732584,1.7
38,14900,7.450000,8,2.1016422,0.50938694,1.3196587,0.031331768,0.10239484,-0.12466606,-0.21494153,0.29285427,0.077128551,0.088356895,-0.020928022,-0.70263001,-0.71124756,2.3620677,-1.6005728,1.7
38,14900,7.450000,9,2.1016422,0.20496085,1.8474481,0.97012705,-0.011809148,0.16584366,-0.23578458,-0.32053214,-0.20687281,-0.18222121,0.16233009,-0.73444754,0.65896567,0.85135352,-1.3532701,1.7
38,14900,7.450000,10,2.1016422,0.50707338,0.94641008,0.70101293,-0.048704511,-0.26891757,-0.13372356,0.003493078,-0.058647573,0.1389672,0.1508752,-0.97982,0.13110851,1.4393093,-1.4180137,1.7
38,14900,7.450000,11,2.1016422,1.3628994,1.8595177,0.53889944,0.40424685,0.078655895,0.52716999,0.15162605,0.42947342,-0.087604598,0.76415092,-0.32108693,0.55944308,0.97708258,-0.39778766,1.7
38,14900,7.450000,12,2.1016422,2.0472632,0.94318097,0.94244107,0.017847485,-0.20667589,-0.022714522,-0.12582428,-0.069611552,-0.19283506,-0.52098601,0.85103423,-0.065683522,1.6365272,2.1201235,1.7
38,14900,7.450000,13,2.1016422,2.0853624,1.9618109,1.7097049,-0.17107203,0.15546219,-0.21058133,0.058453259,0.0139905,0.16598121,-0.9733213,0.22341638,0.052256817,1.5185157,2.915961,1.7
38,14900,7.450000,14,2.1016422,0.64288959,1.7742864,1.617273,-0.11049877,0.29995178,0.18152425,-0.28260375,0.35082383,0.17358589,0.23836147,-0.56451274,0.79025893,0.65956489,-1.1712633,1.7
38,14900,7.450000,15,2.1016422,0.78214344,0.12674571,1.2889348,-0.070044434,0.093339387,-0.18536039,0.25707089,0.18096174,0.3470926,0.73877325,-0.29983875,0.60358165,0.9228106,-0.38554815,1.7
38,14900,7.450000,16,2.1016422,1.2391341,0.45483642,0.16125597,-0.30476173,0.12672286,-0.26037167,-0.16619127,0.016495565,-0.26085657,-0.6438269,0.46579773,-0.60705799,2.2231494,2.5152796,1.7
38,14900,7.450000,17,2.1016422,1.3610395,0.84509646,0.55415432,0.16364202,-0.20977683,-0.18563939,0.15319585,-0.012486999,-0.0086699376,-0.24908045,0.55648025,-0.79264662,2.4859341,1.9916525,1.7
38,14900,7.450000,18,2.1016422,1.5648,0.49293911,1.0055708,-0.34435102,0.12306254,0.078608972,-0.082450246,-0.10169763,-0.073524722,-0.59313004,-0.46135546,-0.65980898,2.2913609,-2.4805158,1.7
38,14900,7.450000,19,2.1016422,0.054201578,0.82312364,0.42053133,-0.05570177,0.11256249,-0.042511866,0.18298308,0.052880873,0.036173228,0.67380658,0.7176889,0.17580479,1.3940731,0.8169238,1.7
38,14900,7.450000,20,2.1016422,1.2251299,1.8498631,1.1641305,-0.04333196,-0.36376443,0.19286433,0.037141774,-0.29283427,0.59683947,0.66292065,0.61739032,-0.42351553,2.0081189,0.74985121,1.7
38,14900,7.450000,21,2.1016422,0.92996227,0.02546791,2.0048023,-0.13192467,-0.41008795,-0.030253241,-0.078094396,-0.46657493,-0.14422686,0.36507326,-0.61745719,0.69675543,0.79993208,-1.0368335,1.7
38,14900,7.450000,22,2.1016422,0.030314442,0.43842668,1.9439116,0.11549645,0.22502601,-0.05771747,0.069603575,-0.031515092,0.18778605,0.90989666,0.35682846,0.21156918,1.3576161,0.37373276,1.7
38,14900,7.450000,23,2.1016422,1.4371214,0.77771727,1.5260633,-0.079878396,0.1091126,0.22231911,0.098802535,0.040858439,-0.18819752,-0.74390127,-0.35248525,0.567772,0.96699956,-2.6990966,1.7
38,14900,7.450000,24,2.1016422,1.6803628,0.88050279,0.093392633,-0.039436857,-0.10089738,-0.014864483,-0.28218576,-0.003222231,-0.044797899,0.83254701,0.55373304,0.015658671,1.555137,0.58692222,1.7
38,14900,7.450000,25,2.1016422,0.81042792,1.8642175,0.64697365,0.045430943,0.043986755,0.054456975,0.198833,-0.16301512,-0.18847423,-0.85882665,-0.03127045,-0.511311,2.1075059,-3.1051981,1.7
38,14900,7.450000,26,2.1016422,1.6987328,1.3854034,0.83242708,-0.040135502,-0.2922256,0.09229174,-0.068071889,-0.030925464,0.16921267,0.4825101,0.72214903,0.49566599,1.0521948,0.98176154,1.7
38,14900,7.450000,27,2.1016422,1.8495512,1.4616412,0.03388763,0.31374295,-0.3112143,-0.097911946,-0.033562016,0.11799629,0.05610939,0.28431439,-0.53642453,-0.79461566,2.4891706,-1.0834241,1.7
38,14900,7.450000,28,2.1016422,1.4172333,1.3561337,1.568308,0.00077765327,0.069138461,0.20376163,0.2140769,0.26247596,-0.035678914,0.67141404,-0.6299279,-0.39037678,1.9718371,-0.75352945,1.7
38,14900,7.450000,29,2.1016422,1.5383388,0.12114054,1.6738877,0.17366949,0.11188012,-0.084282212,-0.075983359,0.044518968,-0.25268277,0.68051369,0.72813896,-0.081943727,1.652832,0.81919439,1.7
38,14900,7.450000,30,2.1016422,0.33964626,1.2782966,1.4420033,0.33127557,0.080079209,-0.12476606,-0.13680364,0.14392303,-0.36185622,0.17369168,-0.69502197,-0.6976931,2.3429686,-1.3259041,1.7
38,14900,7.450000,31,2.1016422,1.9269549,0.18191941,1.2665672,0.11657693,0.24172657,-0.08575737,0.32256009,-0.084073004,0.013968151,-0.26051096,0.9366759,-0.23403483,1.807022,1.8420635,1.7
39,15000,7.500000,0,2.106427,1.9365247,0.061822586,0.54448028,-0.1426756,0.19700036,0.14505377,0.19219162,-0.20583411,0.12554451,0.49555031,0.19118614,-0.84727666,2.5816332,0.36821035,1.7
39,15000,7.500000,1,2.106427,0.13860041,0.39365109,0.7999516,-0.23766525,-0.26244436,-0.15410612,0.086632296,-0.00020087421,-0.033341484,0.792846,-0.60896198,-0.023675179,1.5944737,-0.65496656,1.7
39,15000,7.500000,2,2.106427,0.93716952,0.3594096,0.73689603,0.033585263,-0.1715316,0.17103539,0.076054775,0.34561818,0.40930201,-0.23102549,0.16447646,0.95894459,0.28753941,2.5228976,1.7
39,15000,7.500000,3,2.106427,1.045853,1.2795321,0.053997886,-0.095066474,0.18350079,0.043737932,-0.058787197,-0.16204855,0.100896,-0.56854269,0.80512503,0.16891683,1.4010657,2.1856409,1.7
39,15000,7.500000,4,2.106427,0.33658189,0.59195276,1.4330701,0.070770103,0.23202095,-0.028492027,-0.075582644,-0.086213414,-0.35317626,-0.9643494,0.25171447,0.081670437,1.4890348,2.8862694,1.7
39,15000,7.500000,5,2.106427,0.71773821,0.75017896,2.0887482,0.1920124,-0.024434529,-0.078660143,0.11025733,-0.10323974,-0.15023613,0.67098651,-0.058495447,-0.73915857,2.4026165,-0.086958424,1.7
39,15000,7.500000,6,2.106427,0.36784516,0.26537639,0.35520134,-0.15804536,0.13686221,0.3720257,-0.11087432,0.15750086,0.19063828,0.5825408,0.81005086,0.066811827,1.5039347,0.94733921,1.7
39,15000,7.500000,7,2.106427,0.90693147,0.71293786,1.3946629,-0.0043912341,-0.042722837,-0.032862849,-0.13671453,-0.085517968,-0.091189507,-0.04581411,0.36983965,-0.92796536,2.7597118,1.6940441,1.7
39,15000,7.500000,8,2.106427,0.52295181,1.3276079,0.036716343,0.11478589,-0.119727,-0.20963432,0.24485056,0.10847331,0.1108884,0.014728964,-0.69780694,-0.71613443,2.3690444,-1.549692,1.7
39,15000,7.500000,9,2.106427,0.19168764,1.8414968,0.96568201,-0.025533393,0.15569789,-0.24243076,-0.29407647,-0.15982158,-0.086661866,0.25463367,-0.71059512,0.65590874,0.85541045,-1.2267123,1.7
39,15000,7.500000,10,2.106427,0.50606429,0.94378768,0.70891692,-0.050865606,-0.27368924,-0.12742273,-0.024353721,-0.093774964,0.10135947,0.098279396,-0.9943018,0.041292713,1.5294919,-1.4722737,1.7
39,15000,7.500000,11,2.106427,1.3727618,1.8851074,0.53250806,0.41099862,0.099987762,0.51956035,0.17879667,0.37103744,-0.2142599,0.79090034,-0.30573676,0.53009592,1.0120826,-0.36887371,1.7
39,15000,7.500000,12,2.106427,2.04417,0.93929366,0.93641904,0.010102113,-0.21270369,-0.030872938,-0.13515878,-0.11999406,-0.15515777,-0.48801537,0.84682928,0.2114738,1.3577137,2.0935961,1.7
39,15000,7.500000,13,2.106427,2.0925963,1.9685442,1.7224578,-0.16858873,0.1577265,-0.20173092,0.09434374,0.03989912,0.20215062,-0.79338214,0.53586936,0.28877121,1.2778532,2.5475517,1.7
39,15000,7.500000,14,2.106427,0.63249694,1.7928027,1.6315515,-0.12234163,0.31441209,0.19210871,-0.27114747,0.26179709,0.24280355,-0.044002677,-0.37791458,0.92479421,0.39030197,-1.6867099,1.7
39,15000,7.500000,15,2.106427,0.79661338,0.1392902,1.3079893,-0.057369626,0.10558139,-0.16925879,0.22604485,0.28788837,0.33790937,0.6864398,-0.44401432,0.57589207,0.95710142,-0.57414811,1.7
39,15000,7.500000,16,2.106427,1.2347103,0.4567735,0.14735579,-0.31199847,0.12762338,-0.27462278,-0.10467763,0.045128114,-0.29748496,-0.6898439,0.42890725,-0.5832272,2.1934923,2.5853372,1.7
39,15000,7.500000,17,2.106427,1.3705271,0.84785121,0.55428681,0.17002368,-0.20894707,-0.18676726,0.10721548,0.051092448,-0.015717488,-0.3622021,0.42102613,-0.83159283,2.5527659,2.2812306,1.7
39,15000,7.500000,18,2.106427,1.5604429,0.49097114,1.001949,-0.35226169,0.1199758,0.072704503,-0.22665681,-0.024670611,-0.1782749,-0.57330093,-0.64361246,-0.50703948,2.1025428,-2.2984801,1.7
39,15000,7.500000,19,2.106427,0.062211534,0.82613554,0.41913426,-0.047824172,0.11369908,-0.044863686,0.15693511,-0.024471425,-0.1008178,0.72584221,0.66765591,0.16549525,1.4045362,0.74366684,1.7
39,15000,7.500000,20,2.106427,1.2268292,1.8409911,1.19782,-0.0444207,-0.3768332,0.22386827,-0.11666274,-0.20132218,0.64181652,0.66226004,0.60340853,-0.44419566,2.0310726,0.73893327,1.7
39,15000,7.500000,21,2.106427,0.92847632,0.0045110897,2.000558,-0.13552378,-0.43107888,-0.039051828,-0.037395672,-0.38139572,-0.1850269,0.33947266,-0.25376124,0.90573923,0.43767571,-0.64190944,1.7
39,15000,7.500000,22,2.106427,0.033425452,0.43604014,1.9576901,0.11853499,0.22164514,-0.048375368,0.016915409,-0.087731528,0.23510649,0.73232497,0.66404199,0.1508256,1.419393,0.73653663,1.7
39,15000,7.500000,23,2.106427,1.4456721,0.77591601,1.5208569,-0.074605654,0.10554476,0.21364811,0.13440928,-0.16124701,-0.19778613,-0.41658074,-0.37172405,0.82962746,0.59235624,-2.4130359,1.7
39,15000,7.500000,24,2.106427,1.6714935,0.88001443,0.08931208,-0.052117509,-0.10338756,-0.019152788,-0.2864878,-0.049871901,-0.10676988,0.71845812,0.68729909,0.10694807,1.4636433,0.76323649,1.7
39,15000,7.500000,25,2.106427,0.81892017,1.8596928,0.63896448,0.05207053,0.035227723,0.0449856,0.033752543,-0.18038224,-0.24140929,-0.93872417,0.06921856,-0.33764733,1.9152126,3.067989,1.7
39,15000,7.500000,26,2.106427,1.6981444,1.3885371,0.84232574,-0.044586362,-0.29224607,0.10028611,-0.089361907,0.040461992,0.10612981,0.22305698,0.7896702,0.57154751,0.96240581,1.2955,1.7
39,15000,7.500000,27,2.106427,1.8537475,1.4723616,0.037925742,0.31372835,-0.30383005,-0.093955486,-0.035901428,0.19430972,0.11460557,0.35271829,-0.47218589,-0.80785537,2.5113005,-0.9292242,1.7
39,15000,7.500000,28,2.106427,1.430351,1.3716546,1.5743771,0.010657407,0.081557728,0.20625733,0.177285,0.26406517,0.13564638,0.55126654,-0.28264849,-0.78499365,2.4734822,-0.47377621,1.7
39,15000,7.500000,29,2.106427,1.5381094,0.12411372,1.6660119,0.16994193,0.11457444,-0.095955727,-0.13176962,0.028045615,-0.23105641,0.70341959,0.70618957,-0.08060503,1.6514889,0.78736323,1.7
39,15000,7.500000,30,2.106427,0.33198908,1.2845376,1.4270046,0.32285468,0.083406157,-0.143027,-0.1906224,0.015161448,-0.41350301,0.029712321,-0.64379332,-0.76462235,2.4412515,-1.5246771,1.7
39,15000,7.500000,31,2.106427,1.9512948,0.17908708,1.2702362,0.13650702,0.23848375,-0.084972884,0.47452093,-0.042033336,0.0027903721,-0.21667021,0.97446726,-0.058886223,1.6297166,1.7895845,1.7
