frame,step,time_ps,molecule_id,box_nm,x_nm,y_nm,z_nm,dx_nonaffine_nm,dy_nonaffine_nm,dz_nonaffine_nm,vx_nm_ps,vy_nm_ps,vz_nm_ps,dipole_ux,dipole_uy,dipole_uz,theta_rad,phi_rad,dipole_debye
0,11100,5.550000,0,1.8409498,1.7113958,0.37729456,1.5001593,-0.0037112106,0.0042517599,-0.0086604019,0.024830204,0.052126055,-0.070925486,-0.080668667,0.99541034,0.051486067,1.5192875,1.6516602,0
0,11100,5.550000,1,1.8409498,0.34872334,0.60095733,0.95193319,0.018358476,0.0070251291,-0.010847568,0.36400379,0.099963588,-0.31946024,-0.13901931,0.91098315,0.3883083,1.1720012,1.7222316,0
0,11100,5.550000,2,1.8409498,0.85346558,0.35872367,0.5108677,-0.0035051633,-0.0009673846,0.00041532108,-0.019591018,-0.098502541,0.036637275,0.15585843,0.98777843,-0.0013880542,1.5721844,1.4142997,0
0,11100,5.550000,3,1.8409498,0.51426022,0.57959242,0.29011614,-0.016647478,-0.00047897283,-0.00049204312,-0.32821383,-0.021871881,-0.067222757,0.86105441,0.14117779,-0.4885224,2.0811919,0.16251323,0
0,11100,5.550000,4,1.8409498,0.26781179,0.15735875,1.2549734,-0.0085448004,0.0017713624,-0.0090280327,-0.12640262,0.0068511719,-0.10079681,0.031742052,-0.92318992,0.38303109,1.1777209,-1.5364269,0
0,11100,5.550000,5,1.8409498,0.20207285,0.68853855,1.772855,-0.0076582591,0.00022454204,-0.008493968,-0.14578918,0.015438626,-0.1776482,-0.37463994,0.1069372,0.92098282,0.4002007,2.8635467,0
0,11100,5.550000,6,1.8409498,0.58518823,0.77031285,1.4048791,0.0004366647,0.00023917797,-0.019554115,0.17406816,-0.043434978,-0.39688197,-0.52866846,-0.55366871,-0.64339772,2.2697247,-2.3331002,0
0,11100,5.550000,7,1.8409498,0.22113158,0.98580793,1.3523598,-0.0044315585,-0.015770083,0.013897673,-0.21276718,-0.17686447,0.28946528,0.79402036,0.23722706,0.55969186,0.9767824,0.29032519,0
0,11100,5.550000,8,1.8409498,0.37534232,1.0505039,0.27584479,0.013189447,0.0033233372,0.015780822,0.23993651,0.045087146,0.39520962,-0.65622317,-0.61473082,-0.43758105,2.0237031,-2.3888295,0
0,11100,5.550000,9,1.8409498,0.08317888,1.5439759,0.69839841,-0.020780768,-0.0042631143,0.003970482,-0.4864824,-0.081863576,0.14482474,0.1412797,0.40008166,0.90552455,0.43818194,1.2313383,0
0,11100,5.550000,10,1.8409498,0.85161421,1.4514693,1.0609191,0.0087978776,0.021120247,0.011172465,0.11650405,0.42973785,0.1483295,-0.62248791,-0.1916531,0.75880029,0.70932715,-2.84292,0
0,11100,5.550000,11,1.8409498,0.82720832,0.25345249,1.7227865,0.01131711,0.015967682,-0.016187364,0.24366642,0.35400463,-0.31524958,-0.55723607,0.13022679,0.82007862,0.60924794,2.9120118,0
0,11100,5.550000,12,1.8409498,0.33932224,1.5167377,1.3009056,0.00039662564,0.0062216617,0.019447067,0.076666071,0.061983391,0.35413954,0.77492075,0.46399779,0.42918979,1.1272008,0.53951317,0
0,11100,5.550000,13,1.8409498,0.29457522,1.4340934,0.017523443,0.01334405,-0.0021980664,0.018200715,0.22867601,-0.033578947,0.38306061,0.20829463,0.10564108,-0.97234423,2.9058632,0.46936828,0
0,11100,5.550000,14,1.8409498,0.77577888,1.242146,1.5212033,0.0045087989,0.006822622,0.00035180704,0.17909898,0.1439339,0.041857494,0.69441416,-0.59132342,-0.4100312,1.9932846,-0.70538909,0
0,11100,5.550000,15,1.8409498,0.62142525,1.6209958,0.59012738,-0.017180645,-0.0014619593,-0.011433608,-0.23339693,-0.12601178,-0.20067373,0.62320414,0.74582456,0.23529199,1.3332773,0.87472726,0
0,11100,5.550000,16,1.8409498,1.3218403,1.8202718,0.21166365,-0.0045695072,0.011313497,0.0029953985,-0.16324242,0.19426961,0.021662521,-0.68358978,-0.44837282,0.57590523,0.95708532,-2.5610746,0
0,11100,5.550000,17,1.8409498,1.3694066,0.68563113,0.68617835,0.00048640539,0.00069995389,0.01980528,-0.029485173,0.029517008,0.36625399,0.20498173,0.51664317,0.83130159,0.58935099,1.1930889,0
0,11100,5.550000,18,1.8409498,1.5168933,0.13400846,0.56592379,-0.0076403469,-0.0092383808,-0.037635399,-0.10303998,-0.18859757,-0.71129435,0.93168074,-0.27989479,-0.2315813,1.8044992,-0.29184135,0
0,11100,5.550000,19,1.8409498,1.7649354,0.52325566,0.41760694,0.010220508,0.0080241046,0.0082051751,0.20942326,0.17000941,0.1191997,0.32995905,-0.42228735,0.84427509,0.56558528,-0.90752413,0
0,11100,5.550000,20,1.8409498,1.1162475,0.19107174,0.90894376,0.0070047392,0.0015557556,-0.0070441861,0.16254878,0.028712304,-0.010143314,-0.41163003,-0.53876236,0.73504819,0.74505858,-2.2232157,0
0,11100,5.550000,21,1.8409498,1.3042418,0.51842823,0.10277962,0.0045590194,-0.0023875682,0.0025582433,0.029451779,-0.068941903,-0.017263963,0.98160877,-0.022709499,0.18954814,1.3800944,-0.023130854,0
0,11100,5.550000,22,1.8409498,1.4634043,1.8290037,1.2697836,0.0041239571,0.011179888,0.0019059336,0.016945442,0.25797931,0.041909065,-0.38031732,0.24033242,-0.89308402,2.6749506,2.5780283,0
0,11100,5.550000,23,1.8409498,1.5966118,0.895787,1.1370234,-0.015137787,-0.0013546327,-0.0030365285,-0.22707373,-0.060854456,-0.087288741,-0.63995188,-0.047701456,0.76693296,0.69674828,-3.0671911,0
0,11100,5.550000,24,1.8409498,1.05308,1.3710732,0.4248012,0.0091511459,0.0016080843,-0.003270828,0.1342201,0.036959148,-0.013209948,-0.97605326,0.14323617,0.16371752,1.4063385,2.9958823,0
0,11100,5.550000,25,1.8409498,1.360516,1.4615254,0.8418015,-0.023087401,0.0063554957,0.012834808,-0.54572564,0.15069964,0.21970244,0.29541474,-0.68956743,0.66123134,0.84833736,-1.1660444,0
0,11100,5.550000,26,1.8409498,1.8227126,0.96116978,0.65170599,0.02865856,-0.0034445559,-0.0075852218,0.54544329,-0.0053722165,-0.21472299,-0.23305867,0.011825212,0.97239078,0.23553009,3.0908969,0
0,11100,5.550000,27,1.8409498,1.7041987,1.6278526,0.0049432961,-0.016603772,-0.027213043,-0.0024992091,-0.439402,-0.54873327,-0.015743296,-0.1651068,-0.93343864,0.31848399,1.2466666,-1.7458657,0
0,11100,5.550000,28,1.8409498,1.0275762,0.61111646,1.1769539,-0.0046857208,-0.026027651,-0.0062489692,-0.13768204,-0.48808185,-0.15269516,-0.1137239,0.90830217,-0.40255937,1.9851074,1.6953531,0
0,11100,5.550000,29,1.8409498,0.97225788,1.7168449,1.4322225,0.0039070069,-0.0041473884,0.0074252913,0.08756851,-0.065831732,0.12986115,-0.40102152,-0.53130016,-0.74625859,2.4132199,-2.2173578,0
0,11100,5.550000,30,1.8409498,1.7275947,1.0985361,0.14194995,0.0063796811,0.0048026559,0.0050697468,0.13232692,0.17915855,0.052878671,0.26326481,0.96465143,0.01180061,1.5589954,1.3043725,0
0,11100,5.550000,31,1.8409498,1.3018759,1.2187948,1.4156838,0.0093891202,-0.013387117,0.0078093048,0.24374457,-0.15888699,0.10341295,-0.041304162,0.9340507,0.35474393,1.2081562,1.614988,0
1,11200,5.600000,0,1.8229324,1.6958629,0.38177083,1.479782,-0.0024886967,0.01246099,-0.014383775,0.12326747,0.17229896,-0.11445296,-0.59722367,0.74532275,-0.29634083,1.8716554,2.2463266,0
1,11200,5.600000,1,1.8229324,0.35891362,0.5990384,0.92653537,0.032028942,0.011007371,-0.027008269,0.19101504,0.03593092,-0.29670151,-0.45343335,0.89128819,-0.0018848694,1.5726812,2.0414109,0
1,11200,5.600000,2,1.8229324,0.84555209,0.35034941,0.50830643,-0.0030635971,-0.0058548393,0.0028659685,-0.0063356687,-0.16209209,0.078601345,0.1835458,0.87978179,-0.43851446,2.0247414,1.36512,0
1,11200,5.600000,3,1.8229324,0.49142965,0.57460951,0.28490645,-0.034532926,0.00021401765,-0.002874074,-0.36301952,0.043809411,-0.092850809,0.75874654,0.12676673,-0.63893183,2.2639052,0.16554486,0
1,11200,5.600000,4,1.8229324,0.25890796,0.15878671,1.2411884,-0.014858592,0.0047540592,-0.01053803,-0.14083116,0.061199628,0.038837993,0.12044682,-0.79625664,0.59284731,0.93620643,-1.4206682,0
1,11200,5.600000,5,1.8229324,0.19167247,0.68333882,1.7458779,-0.01612257,0.0017711519,-0.018167601,-0.095953434,0.092186611,-0.15753766,-0.26900149,-0.026006296,0.96278859,0.27365858,-3.045215,0
1,11200,5.600000,6,1.8229324,0.59585398,0.75533674,1.3746576,0.016910679,-0.0072346247,-0.036107394,0.33802156,-0.2252682,-0.30124194,-0.49570759,-0.77492765,-0.39212385,1.9737355,-2.1398842,0
1,11200,5.600000,7,1.8229324,0.20429308,0.9702799,1.3497952,-0.019178363,-0.021679056,0.024621441,-0.31256011,-0.054031428,0.10853182,0.68457694,-0.072450102,0.72533123,0.7592809,-0.10543945,0
1,11200,5.600000,8,1.8229324,0.38390708,1.0402775,0.29174874,0.02548817,0.0033785355,0.034476408,0.22219906,-0.061863047,0.43066882,-0.7451293,-0.37935505,-0.54851806,2.1513872,-2.6706812,0
1,11200,5.600000,9,1.8229324,0.06085607,1.529666,0.69847392,-0.042395797,-0.0034580956,0.010915381,-0.3954357,0.10722951,0.19753894,0.39268238,0.40144817,0.8274297,0.59628118,0.79643593,0
1,11200,5.600000,10,1.8229324,0.84865477,1.4536067,1.0512788,0.014199764,0.037543989,0.011919057,0.12403153,0.21735572,-0.19331,-0.60239355,-0.35082363,0.71696918,0.77135152,-2.6142277,0
1,11200,5.600000,11,1.8229324,0.82903691,0.2689824,1.6955354,0.021290656,0.034067145,-0.026628934,0.14893901,0.33693707,-0.15416919,-0.12781402,0.03950932,0.99101089,0.13418351,2.841794,0
1,11200,5.600000,12,1.8229324,0.33826399,1.5043356,1.3019765,0.0026705024,0.0086759074,0.033318183,0.045372653,-0.00029711779,0.28141892,0.70468651,0.43325887,0.56187514,0.97414547,0.55124897,0
1,11200,5.600000,13,1.8229324,0.29871795,1.4168555,0.035349604,0.020404517,-0.0054163148,0.036287321,0.10455576,-0.014485447,0.35431926,-0.055157156,0.21601849,-0.97483009,2.916754,1.8207902,0
1,11200,5.600000,14,1.8229324,0.77855865,1.2340515,1.5138326,0.014932393,0.010905085,0.0079062754,0.29557811,0.12603202,0.2051375,0.75951353,-0.42354938,-0.4937055,2.087142,-0.50870424,0
1,11200,5.600000,15,1.8229324,0.60232736,1.5982185,0.57490477,-0.030260959,-0.0084086662,-0.020927316,-0.30622071,-0.2056364,-0.15278126,0.64343672,0.7622803,0.070128022,1.5006107,0.86974063,0
1,11200,5.600000,16,1.8229324,1.297787,1.8106003,0.20604338,-0.015740872,0.019497342,-0.00057085563,-0.34226008,0.10933472,-0.23519747,-0.67566737,-0.44988181,0.58402052,0.94712344,-2.5541672,0
1,11200,5.600000,17,1.8229324,1.3540505,0.67649258,0.69404611,-0.0014769536,-0.0017403056,0.03446075,-0.074878544,-0.05367839,0.25423755,0.54244097,0.169174,0.82288392,0.60432835,0.30231574,0
1,11200,5.600000,18,1.8229324,1.4992597,0.12313626,0.52671946,-0.010441843,-0.01884628,-0.071467389,0.057436019,-0.14859769,-0.56176382,0.71420068,-0.69366012,-0.093557617,1.664491,-0.77080929,0
1,11200,5.600000,19,1.8229324,1.7581538,0.52479001,0.42159946,0.020764129,0.014712462,0.016324755,0.19705215,0.11225284,0.13870496,0.35414163,-0.43106916,0.82991752,0.5918365,-0.88305705,0
1,11200,5.600000,20,1.8229324,1.1101498,0.19133021,0.89902098,0.011855658,0.0036947602,-0.0080761959,0.072971978,-0.00035913851,-0.078787593,-0.47494796,-0.72466926,0.49927838,1.0480306,-2.1509581,0
1,11200,5.600000,21,1.8229324,1.2935743,0.50562507,0.10362502,0.0066665504,-0.010155064,0.0044186972,0.016562026,-0.20786187,0.086977184,0.97414045,-0.2223272,-0.04026156,1.6110688,-0.22438581,0
1,11200,5.600000,22,1.8229324,1.4542282,0.0037169383,1.257227,0.0092956842,0.026802837,0.001776126,0.13603785,0.34945426,-0.0068080659,-0.30229905,0.68616208,-0.66166221,2.2938298,1.9857765,0
1,11200,5.600000,23,1.8229324,1.5670052,0.88255619,1.1194274,-0.029187435,-0.0058404156,-0.0095364196,-0.35488528,-0.13790551,-0.14410764,-0.65766599,0.060715118,0.75085893,0.72143472,3.0495345,0
1,11200,5.600000,24,1.8229324,1.0541773,1.3602149,0.42325214,0.020611293,0.004181202,-0.00064946357,0.29063916,0.1171029,0.043467894,-0.88700079,-0.095726168,0.45173676,1.1020852,-3.0340876,0
1,11200,5.600000,25,1.8229324,1.3207122,1.4522482,0.84474263,-0.04970672,0.01140712,0.024069913,-0.59924728,0.091412228,0.21140983,0.47906367,-0.66132419,0.57719002,0.95551287,-0.9438811,0
1,11200,5.600000,26,1.8229324,0.011694193,0.94988303,0.63716415,0.058558497,-0.0053336036,-0.015789149,0.55408953,-0.014448851,-0.16885475,-0.24055441,-0.2208581,0.94517473,0.33266708,-2.3988556,0
1,11200,5.600000,27,1.8229324,1.6656177,1.5896944,0.0025685753,-0.038614028,-0.049549256,-0.0048370462,-0.4806984,-0.35987332,-0.044844714,-0.21532265,-0.78842169,0.57621818,0.95670246,-1.8374008,0
1,11200,5.600000,28,1.8229324,1.0099952,0.58157876,1.1582748,-0.012246966,-0.049700748,-0.013444586,-0.10721032,-0.42521038,-0.12495325,-0.4610083,0.7628307,-0.45338799,2.0413591,2.1144001,0
1,11200,5.600000,29,1.8229324,0.97273788,1.6991452,1.4254551,0.013951909,-0.0050487177,0.014710957,0.27443392,0.019979909,0.20373687,-0.24911678,-0.46516662,-0.84944738,2.5857335,-2.0624725,0
1,11200,5.600000,30,1.8229324,1.7153564,1.0967597,0.14388882,0.011072419,0.013821994,0.0084143342,0.11302208,0.14573221,0.091781307,0.098266741,0.99399594,-0.048121904,1.6189368,1.4722562,0
1,11200,5.600000,31,1.8229324,1.2993047,1.199894,1.408317,0.0196097,-0.020394017,0.014329893,0.26295319,-0.068842397,0.11614591,0.25039512,0.87299929,0.41853856,1.1389608,1.2914732,0
2,11300,5.650000,0,1.8393371,1.7146974,0.39599908,1.4893373,0.0010687374,0.023205521,-0.018128447,-0.031197117,0.27751349,-0.035354173,-0.82167448,0.19014255,-0.53730519,2.1380349,2.9141868,0
2,11300,5.650000,1,1.8393371,0.37118475,0.60876341,0.92316748,0.041029863,0.015322254,-0.038661923,0.16705183,0.13813381,-0.20836851,-0.64371916,0.66327181,-0.38170164,1.962433,2.3412356,0
2,11300,5.650000,2,1.8393371,0.8490497,0.3438045,0.5164825,-0.0071568532,-0.015509324,0.0064516865,-0.11875009,-0.22197102,0.12728157,0.29646781,0.57345186,-0.76371447,2.439844,1.0936508,0
2,11300,5.650000,3,1.8393371,0.47702151,0.58215731,0.28567844,-0.053279504,0.0025802516,-0.0046579928,-0.35918317,-0.0068517077,0.039049363,0.68318174,0.13742204,-0.71720143,2.3705744,0.19850113,0
2,11300,5.650000,4,1.8393371,0.25523003,0.16192275,1.252062,-0.020839666,0.0064535579,-0.01083261,-0.022951652,0.050505998,-0.018715734,0.12963117,-0.61663942,0.77649957,0.68170488,-1.3635915,0
2,11300,5.650000,5,1.8393371,0.18979748,0.69147583,1.7556268,-0.019706383,0.0037498781,-0.024103443,-0.071197028,-0.080217448,-0.071106242,-0.2314101,-0.086292629,0.96902164,0.24955814,-2.7846651,0
2,11300,5.650000,6,1.8393371,0.61693372,0.74764277,1.3707636,0.032558184,-0.021661312,-0.052299616,0.23794125,-0.30746742,-0.31906683,-0.36303455,-0.93090512,-0.040268723,1.6110759,-1.9426352,0
2,11300,5.650000,7,1.8393371,0.1867861,0.98439486,1.3661622,-0.038437524,-0.016319732,0.028822663,-0.42635869,0.32406501,-0.047234904,0.44941353,-0.29896027,0.84181365,0.57016179,-0.58700256,0
2,11300,5.650000,8,1.8393371,0.39685192,1.0451451,0.31824756,0.03493588,-0.0010953455,0.058243293,0.21377227,-0.084937211,0.4951371,-0.79434251,-0.10659919,-0.59804397,2.2118546,-3.0081916,0
2,11300,5.650000,9,1.8393371,0.043228112,1.5475119,0.71518627,-0.060490352,0.00060402505,0.021295608,-0.2992774,0.047408768,0.23011834,0.72001157,0.33470999,0.60790835,0.9173727,0.43514874,0
2,11300,5.650000,10,1.8393371,0.86070663,1.4763334,1.046509,0.018594818,0.047146559,-0.0022478326,0.030053209,0.17819981,-0.32723296,-0.66040879,-0.5221705,0.53962783,1.0008013,-2.4725619,0
2,11300,5.650000,11,1.8393371,0.84394705,0.28706534,1.7052999,0.028706997,0.04965965,-0.032098154,0.13191747,0.28585923,-0.12635041,0.24167359,-0.032844702,0.96980158,0.2463804,-0.13507763,0
2,11300,5.650000,12,1.8393371,0.33944106,1.5151412,1.3315993,0.00081183571,0.0059561129,0.051144524,-0.08829705,-0.19927404,0.3805252,0.5975981,0.42690805,0.67869435,0.82481295,0.62030739,0
2,11300,5.650000,13,1.8393371,0.30963448,1.4266946,0.054486381,0.028596164,-0.0083146929,0.055022064,0.18519631,-0.13864798,0.43064878,-0.2782215,0.18204415,-0.94310801,2.8026538,2.5621909,0
2,11300,5.650000,14,1.8393371,0.79899405,1.2499959,1.5368265,0.028301592,0.015722539,0.017235258,0.27975209,0.051347116,0.19060314,0.76510968,-0.29899018,-0.57027366,2.1776353,-0.37253363,0
2,11300,5.650000,15,1.8393371,0.59308048,1.6062787,0.57556666,-0.044862824,-0.014702805,-0.025418926,-0.31475326,-0.069961767,0.011982661,0.60923649,0.79074705,-0.059581932,1.6304136,0.91433086,0
2,11300,5.650000,16,1.8393371,1.2898891,1.8240417,0.18690015,-0.03523035,0.016657697,-0.021474644,-0.52889161,-0.16409147,-0.56576401,-0.5688252,-0.51733842,0.6393738,0.87711276,-2.4035615,0
2,11300,5.650000,17,1.8393371,1.3665581,0.67926956,0.71145926,-0.0011560663,-0.0050363803,0.045578327,0.078103684,-0.1578619,0.13787837,0.75274968,-0.096894481,0.65113699,0.86171477,-0.12801678,0
2,11300,5.650000,18,1.8393371,1.5248497,0.11936833,0.51197243,0.0016022486,-0.02370058,-0.090867512,0.35485148,0.014694803,-0.24562822,0.34071284,-0.93204477,0.12331792,1.4471637,-1.2203325,0
2,11300,5.650000,19,1.8393371,1.7814239,0.53435108,0.43005988,0.028179324,0.019529327,0.020970356,0.12041853,0.080245255,0.018587822,0.22999576,-0.38316074,0.89458918,0.46328526,-1.0301863,0
2,11300,5.650000,20,1.8393371,1.1256891,0.19313594,0.90328059,0.01737991,0.0037783183,-0.011889868,0.17086493,0.024170202,-0.15935737,-0.39020009,-0.88943587,0.23800781,1.3304821,-1.9842178,0
2,11300,5.650000,21,1.8393371,1.3037618,0.49824705,0.10786695,0.0052195338,-0.02203005,0.0077133303,-0.016481583,-0.25240075,0.0070176489,0.878746,-0.42805099,-0.21113461,1.7835319,-0.45328716,0
2,11300,5.650000,22,1.8393371,1.4707774,0.024214777,1.2658644,0.012742712,0.047175967,-0.00088841954,-0.01074263,0.54490048,-0.041177496,-0.082776866,0.93571328,-0.34291202,1.9208115,1.6590306,0
2,11300,5.650000,23,1.8393371,1.5635338,0.88475479,1.1232984,-0.046682044,-0.0115584,-0.015711582,-0.27540276,-0.10580815,-0.12420978,-0.61796114,0.20295001,0.75956259,0.70815597,2.8242718,0
2,11300,5.650000,24,1.8393371,1.0798709,1.3785377,0.42005934,0.036746055,0.010236173,-0.0076199179,0.41910119,0.15912011,-0.33744918,-0.71627573,-0.2330668,0.65774535,0.85297476,-2.8270108,0
2,11300,5.650000,25,1.8393371,1.3039681,1.4742248,0.86507993,-0.078208369,0.020275001,0.036748517,-0.55759761,0.21094274,0.34731463,0.54624866,-0.6630674,0.51181444,1.0335008,-0.88169838,0
2,11300,5.650000,26,1.8393371,0.038125175,0.95992461,0.63540069,0.084766845,-0.0038467635,-0.023253072,0.41590098,0.064244284,-0.11443041,-0.3897922,-0.5020921,0.77198806,0.68883343,-2.2309406,0
2,11300,5.650000,27,1.8393371,1.6573098,1.59104,1.8363184,-0.061806987,-0.062451664,-0.01042246,-0.45348194,-0.24033114,-0.071615785,-0.24627821,-0.55016282,0.79791473,0.64696856,-1.991691,0
2,11300,5.650000,28,1.8393371,1.0202736,0.56766358,1.1593212,-0.011062904,-0.068764213,-0.022779775,0.087511916,-0.27904376,-0.21027798,-0.76041267,0.41022239,-0.50347806,2.0984159,2.6468672,0
2,11300,5.650000,29,1.8393371,0.99434842,1.7173833,1.4545557,0.026751363,-0.0021144512,0.030911232,0.25738688,0.14943467,0.38441658,-0.13958484,-0.31530116,-0.93866994,2.7895489,-1.9875657,0
2,11300,5.650000,30,1.8393371,1.7371857,1.1077592,0.1492029,0.017436586,0.014946567,0.012415622,0.22129337,-0.078291364,-0.004068966,0.012565003,0.99550778,-0.093842296,1.6647769,1.5581753,0
2,11300,5.650000,31,1.8393371,1.3249341,1.205443,1.427397,0.033484344,-0.02561956,0.020707763,0.19774208,-0.22258266,0.16993404,0.56106477,0.71224253,0.42180197,1.1353645,0.90357337,0
3,11400,5.700000,0,1.852036,1.7260763,0.41164482,1.5006965,0.0006108141,0.036073,-0.017055352,0.010884332,0.2347192,0.02032382,-0.70506287,-0.44464398,-0.55242926,2.1560721,-2.5789447,0
3,11400,5.700000,1,1.852036,0.38166412,0.61776504,0.91730782,0.048919409,0.0201045,-0.050853241,0.17255245,0.046426012,-0.23536225,-0.66250007,0.31295662,-0.68055258,2.3193129,2.7002782,0
3,11400,5.700000,2,1.852036,0.85106621,0.33487675,0.52413421,-0.010989038,-0.026771976,0.01052357,-0.070276162,-0.2335259,-0.0021247407,0.32496028,0.23642107,-0.91569967,2.7280419,0.62897,0
3,11400,5.700000,3,1.852036,0.4625581,0.58326434,0.29306613,-0.070975418,-0.00032197167,0.00073879257,-0.32500222,-0.024440212,0.15325245,0.51131676,0.12605649,-0.85009701,2.5869658,0.24171302,0
3,11400,5.700000,4,1.852036,0.2577481,0.16570502,1.2623509,-0.020086308,0.0091087669,-0.0091936591,-0.053669116,0.026579111,0.073822884,0.080313862,-0.33148623,0.94003541,0.34806223,-1.3330927,0
3,11400,5.700000,5,1.852036,0.18784085,0.69329524,1.771361,-0.022962187,0.00080543821,-0.020502577,-0.084333716,-0.10379342,0.24797991,-0.18538559,-0.10951868,0.97654383,0.21701821,-2.6079938,0
3,11400,5.700000,6,1.852036,0.63806657,0.7395102,1.3646473,0.049373847,-0.034910065,-0.067826272,0.42847616,-0.26381884,-0.27501475,-0.21372841,-0.93075266,0.29668106,1.269581,-1.7965129,0
3,11400,5.700000,7,1.852036,0.17003046,1.0045083,1.3681409,-0.056420876,-0.0030482335,0.021394881,-0.21148141,0.25381655,-0.13248204,0.22164187,-0.42988063,0.87525855,0.50482619,-1.0947552,0
3,11400,5.700000,8,1.852036,0.41365616,1.047207,0.34294672,0.048952019,-0.0062315361,0.080668108,0.38376902,-0.15110217,0.41148424,-0.78292472,0.16518891,-0.59978455,2.2140282,2.9336529,0
3,11400,5.700000,9,1.852036,0.027302486,1.5624917,0.7322532,-0.076658805,0.0048849827,0.03338327,-0.30092557,0.11264509,0.21740824,0.96795747,0.11004616,0.22571704,1.3431173,0.113203,0
3,11400,5.700000,10,1.852036,0.86013245,1.4953573,1.0380573,0.012100621,0.055947425,-0.017870884,-0.32994769,0.21301206,-0.25742113,-0.55502785,-0.79596046,0.24164236,1.3267383,-2.1797118,0
3,11400,5.700000,11,1.852036,0.85666103,0.29767753,1.7096842,0.035570714,0.058260334,-0.039461988,0.063537742,0.097563604,-0.11444592,0.60246869,0.018759595,0.79792202,0.64695645,0.031127818,0
3,11400,5.700000,12,1.852036,0.33256838,1.5147451,1.3591939,-0.0083727635,-0.0048633661,0.0694826,-0.20376257,-0.27191837,0.33868992,0.53811387,0.32839313,0.77626762,0.68207291,0.54793458,0
3,11400,5.700000,13,1.852036,0.31779605,1.4302386,0.073205313,0.034599347,-0.014598962,0.073301933,0.12680911,-0.010207919,0.31927167,-0.36435045,0.084248933,-0.92744319,2.7583131,2.9143559,0
3,11400,5.700000,14,1.852036,0.81751312,1.2629202,1.5571553,0.041259788,0.020002167,0.026920483,0.27138294,0.050616784,0.22731877,0.77086896,-0.16338718,-0.6156831,2.2340489,-0.20886097,0
3,11400,5.700000,15,1.852036,0.58198577,1.6178512,0.58192484,-0.060000117,-0.014221836,-0.023042655,-0.32150071,0.03269925,0.11823691,0.49639066,0.8515311,-0.16879308,1.7404014,1.0430162,0
3,11400,5.700000,16,1.852036,1.2729008,1.8230612,0.16111274,-0.061035363,0.0031304659,-0.048459589,-0.52816701,-0.32102334,-0.46404805,-0.44252302,-0.53502297,0.71966923,0.76747052,-2.2618507,0
3,11400,5.700000,17,1.852036,1.3816264,0.678054,0.72366535,0.0044581132,-0.010921405,0.052847458,0.22177762,-0.12123236,0.060266965,0.78253399,-0.24257169,0.57341043,0.96013373,-0.30058953,0
3,11400,5.700000,18,1.852036,1.5560009,0.1210553,0.50668745,0.022155091,-0.022840698,-0.09965694,0.42455428,-0.0518253,-0.11721364,-0.19714037,-0.88934312,0.41255846,1.1455354,-1.7889386,0
3,11400,5.700000,19,1.852036,1.80094,0.54295625,0.43426442,0.03537161,0.024428449,0.022201504,0.18001101,0.11881279,0.027489275,0.066816372,-0.40995927,0.90965321,0.42834792,-1.4092339,0
3,11400,5.700000,20,1.852036,1.1412071,0.19460491,0.90140211,0.02509946,0.0039134043,-0.019976825,0.27292867,-0.0086588408,-0.12497382,-0.20243284,-0.9787989,-0.031203462,1.6020049,-1.7747386,0
3,11400,5.700000,21,1.852036,1.3077343,0.4895272,0.11014384,0.00020801231,-0.034148135,0.0092402502,-0.19606301,-0.27749459,-0.01495342,0.73239928,-0.61560063,-0.29090747,1.8659715,-0.69896813,0
3,11400,5.700000,22,1.852036,1.4810133,0.050656322,1.2737748,0.012823938,0.073360254,-0.0017147924,-0.10188157,0.52629717,-0.041840433,0.20498458,0.97876511,0.00042477575,1.5703716,1.3643484,0
3,11400,5.700000,23,1.852036,1.5640993,0.8863235,1.1203226,-0.056876219,-0.016082518,-0.026405913,-0.14505421,-0.051593621,-0.23003147,-0.67196423,0.36728297,0.64309198,0.87226724,2.6413781,0
3,11400,5.700000,24,1.852036,1.1090835,1.3950277,0.40710463,0.05842857,0.017184752,-0.02342038,0.43296433,0.10911966,-0.34067209,-0.52150465,-0.40794464,0.74940915,0.72362708,-2.4777718,0
3,11400,5.700000,25,1.852036,1.2870394,1.4906331,0.88851208,-0.1040508,0.026483886,0.054148248,-0.47780084,0.12806411,0.33205377,0.63228299,-0.59780241,0.49279865,1.0554932,-0.75737446,0
3,11400,5.700000,26,1.852036,0.053584586,0.97028163,0.6351517,0.099910939,-0.00012990268,-0.027872999,0.24878385,0.13569052,-0.14148651,-0.38387467,-0.78814148,0.48111667,1.0688683,-2.024041,0
3,11400,5.700000,27,1.852036,1.6427521,1.5951555,1.8411116,-0.087717731,-0.069297251,-0.018280315,-0.56300446,-0.074426917,-0.20123004,-0.25182237,-0.21082026,0.94453179,0.33463029,-2.4445894,0
3,11400,5.700000,28,1.852036,1.0298266,0.56106697,1.154583,-0.0085625173,-0.079243955,-0.03547829,-0.051259872,-0.078097868,-0.33048993,-0.87472307,0.0080395773,-0.48455641,2.0766523,3.1324019,0
3,11400,5.700000,29,1.852036,1.0146042,1.7381976,1.482913,0.040096251,0.006812171,0.049163424,0.25178139,0.19071536,0.41787334,-0.11845239,-0.28544238,-0.95104767,2.8274048,-1.964148,0
3,11400,5.700000,30,1.852036,1.7611696,1.1104928,0.15119902,0.029385743,0.010048983,0.013378327,0.24751456,-0.15753734,0.0079082088,0.052814295,0.98501968,-0.16415504,1.7356977,1.5172301,0
3,11400,5.700000,31,1.852036,1.346138,1.2068515,1.445881,0.045499508,-0.032509788,0.029307313,0.22857423,-0.087609783,0.097154522,0.83486356,0.46040097,0.30171805,1.2643022,0.50396998,0
4,11500,5.750000,0,1.8482813,1.7239092,0.42203981,1.5010699,0.0019443813,0.047313941,-0.013636085,0.07087942,0.18929119,0.1049666,-0.37288518,-0.81472623,-0.44404709,2.0309068,-2.0000199,0
4,11500,5.750000,1,1.8482813,0.38728929,0.62223954,0.89870321,0.055324843,0.025837235,-0.067615158,0.087445802,0.19372215,-0.36010984,-0.53795765,-0.17205266,-0.82522691,2.5414002,-2.8320479,0
4,11500,5.750000,2,1.8482813,0.84360712,0.32267437,0.52208612,-0.016728551,-0.038307149,0.00953708,-0.13697254,-0.23707749,-0.0026032417,0.37809917,-0.0028735384,-0.92576064,2.7538387,-0.0075998133,0
4,11500,5.750000,3,1.8482813,0.44692905,0.57631728,0.30291323,-0.085681633,-0.0060924111,0.011190653,-0.28290007,-0.15024997,0.19395638,0.3829104,-0.054061778,-0.92220223,2.7445335,-0.14025944,0
4,11500,5.750000,4,1.8482813,0.25419463,0.16815567,1.2617682,-0.023120312,0.01189819,-0.0072151756,-0.10854676,0.046057435,0.028540461,-0.036017854,0.14291538,0.98907932,0.14792303,1.8176774,0
4,11500,5.750000,5,1.8482813,0.18320743,0.68991093,1.7783124,-0.02721911,-0.0011753387,-0.0099493446,-0.083895666,0.061006708,0.15748714,-0.20861713,-0.14195015,0.96764097,0.25508849,-2.5441194,0
4,11500,5.750000,6,1.8482813,0.65372217,0.73136967,1.3499724,0.06634024,-0.041558096,-0.079746648,0.35724936,-0.035966026,-0.22535812,-0.10313335,-0.87089654,0.48052339,1.0695449,-1.6886694,0
4,11500,5.750000,7,1.8482813,0.16488262,1.0183543,1.3570716,-0.061228888,0.012850335,0.013090829,-0.038702011,0.31319534,-0.25048305,0.0047534083,-0.54539644,0.83816474,0.57688674,-1.562081,0
4,11500,5.750000,8,1.8482813,0.43313083,1.0339913,0.36223744,0.069285944,-0.017335425,0.1006744,0.40058904,-0.19689865,0.31727608,-0.74854957,0.41394929,-0.51799568,2.1153024,2.6364477,0
4,11500,5.750000,9,1.8482813,0.0091068643,1.5636835,0.74110102,-0.094817501,0.0092488836,0.043726117,-0.40605232,0.067981861,0.20330445,0.95313396,-0.20632671,-0.22128024,1.7939234,-0.21318259,0
4,11500,5.750000,10,1.8482813,0.83755908,1.5009865,1.0211849,-0.0087501187,0.064617091,-0.032653791,-0.52955026,0.1614634,-0.23775255,-0.15865343,-0.95424426,-0.25346988,1.8270619,-1.7355501,0
4,11500,5.750000,11,1.8482813,0.85988072,0.29967131,1.704963,0.040532181,0.060860252,-0.040718407,0.11597987,0.019063752,-0.049265204,0.83588844,0.070642537,0.54433459,0.99520064,0.084311575,0
4,11500,5.750000,12,1.8482813,0.32097233,1.4932563,1.3704713,-0.019305681,-0.023299984,0.083529766,-0.23731159,-0.46626976,0.24595237,0.49114047,0.17714722,0.85287742,0.54932446,0.34616226,0
4,11500,5.750000,13,1.8482813,0.31786281,1.4256722,0.085987758,0.035311117,-0.016267471,0.086245925,-0.078549944,-0.10827708,0.23078505,-0.4282249,-0.19024236,-0.88342022,2.6539081,-2.723524,0
4,11500,5.750000,14,1.8482813,0.82813822,1.2671532,1.5656122,0.053554746,0.026802421,0.038546009,0.20342999,0.15475006,0.21335224,0.72507498,-0.075078654,-0.68456517,2.3248033,-0.10317835,0
4,11500,5.750000,15,1.8482813,0.56415449,1.6150017,0.58704542,-0.076668427,-0.013790914,-0.016735915,-0.30890492,-0.037332573,0.18525566,0.36314466,0.90826002,-0.2078213,1.7801434,1.1904412,0
4,11500,5.750000,16,1.8482813,1.2450638,1.8081554,0.13700357,-0.086317428,-0.0080907105,-0.072266293,-0.43714258,-0.088394509,-0.46137376,-0.29033975,-0.60387743,0.74231723,0.73427426,-2.0189602,0
4,11500,5.750000,17,1.8482813,1.387739,0.66885701,0.72417799,0.013380881,-0.018751695,0.054829223,0.17117776,-0.19979358,0.070599402,0.78099707,-0.3582049,0.51159831,1.0337524,-0.43002458,0
4,11500,5.750000,18,1.8482813,1.5733132,0.11598946,0.5009279,0.042642688,-0.027666014,-0.10439407,0.39303545,-0.20803952,-0.10269203,-0.70629552,-0.45225279,0.54462285,0.99485697,-2.5720548,0
4,11500,5.750000,19,1.8482813,1.807758,0.54742749,0.43618607,0.045851365,0.03000611,0.0250064,0.19135342,0.12451071,0.047752892,0.0056831003,-0.42475416,0.9052909,0.43873231,-1.5574174,0
4,11500,5.750000,20,1.8482813,1.1541695,0.19191464,0.89330827,0.040390986,0.0016153333,-0.026249572,0.2549279,-0.12028836,-0.18823921,-0.25711194,-0.90843139,-0.32961473,1.9066918,-1.8466111,0
4,11500,5.750000,21,1.8482813,1.2955104,0.47980484,0.11037936,-0.0093743491,-0.042886924,0.0096995386,-0.1235949,-0.13061831,0.07399678,0.47885872,-0.8047349,-0.3508505,1.9292755,-1.0340234,0
4,11500,5.750000,22,1.8482813,1.4668562,0.069105406,1.2680402,0.001658103,0.09193088,-0.0048702074,-0.28700288,0.30280313,-0.040808165,0.39259633,0.90319498,0.17351352,1.3964001,1.1607594,0
4,11500,5.750000,23,1.8482813,1.5608407,0.8866254,1.1061146,-0.056963954,-0.013981609,-0.038354774,0.091454676,0.07790745,-0.17256087,-0.7509095,0.49482969,0.43735398,1.1181421,2.5589348,0
4,11500,5.750000,24,1.8482813,1.1295439,1.3937576,0.38812595,0.081160517,0.018744437,-0.04159216,0.49790552,-0.00034367274,-0.43413492,-0.3249192,-0.46238233,0.82500309,0.60058866,-2.1833366,0
4,11500,5.750000,25,1.8482813,1.2641723,1.4958808,0.90092968,-0.12432919,0.034762012,0.068381615,-0.2898779,0.268954,0.35277025,0.63431912,-0.48487926,0.60210577,0.9246604,-0.65265929,0
4,11500,5.750000,26,1.8482813,0.065532557,0.97621543,0.63258914,0.11197979,0.0077790168,-0.02914919,0.25628125,0.24520114,0.077360225,-0.21465368,-0.96854693,0.1258596,1.444602,-1.7888956,0
4,11500,5.750000,27,1.8482813,1.6123835,1.5838691,1.8273859,-0.11478343,-0.077357874,-0.028283516,-0.58672309,-0.18346836,-0.23220508,-0.20287259,0.22581021,0.95281292,0.30842479,2.3027382,0
4,11500,5.750000,28,1.8482813,1.0261494,0.55579532,1.1365425,-0.010153525,-0.083382324,-0.051193988,-0.027287702,-0.023551202,-0.32285343,-0.87087411,-0.28177332,-0.40271836,1.9852811,-2.8286707,0
4,11500,5.750000,29,1.8482813,1.0262175,1.7438052,1.4984991,0.053780319,0.015952973,0.067774793,0.27343393,0.13929658,0.3540736,-0.070285698,-0.29008337,-0.95441687,2.8384963,-1.80851,0
4,11500,5.750000,30,1.8482813,1.7703386,1.0998381,0.15348721,0.042138197,0.0016371121,0.015975686,0.26063227,-0.18223224,0.0746313,0.14374759,0.95978356,-0.24114759,1.8143445,1.4221305,0
4,11500,5.750000,31,1.8482813,1.3580138,1.2055212,1.449751,0.060119186,-0.031392274,0.036115612,0.32966847,0.10260642,0.11525304,0.98211624,0.11684445,0.14763154,1.4226232,0.11841551,0
5,11600,5.800000,0,1.8363624,1.7153376,0.43561948,1.4980368,0.0044978941,0.063668093,-0.0069677194,0.012083854,0.42332439,0.13838977,0.031807654,-0.99390911,-0.10551279,1.6765059,-1.5388047,0
5,11600,5.800000,1,1.8363624,0.38788746,0.62953391,0.87277215,0.058430547,0.037180893,-0.087816165,0.0452567,0.24992629,-0.46429197,-0.21949391,-0.56405582,-0.79602981,2.4915034,-1.9419015,0
5,11600,5.800000,2,1.8363624,0.83355353,0.31203991,0.51635558,-0.021357009,-0.04688856,0.0071656082,-0.072015137,-0.21135776,-0.051258023,0.44584252,-0.074728909,-0.89198657,2.6725171,-0.16606909,0
5,11600,5.800000,3,1.8363624,0.43097667,0.56114844,0.30969429,-0.098794345,-0.017581967,0.019953424,-0.17686226,-0.34354162,0.15335077,0.34700752,-0.14889692,-0.92596733,2.7543857,-0.40532849,0
5,11600,5.800000,4,1.8363624,0.24612396,0.16915557,1.2530623,-0.029572656,0.013989227,-0.0077862454,-0.1315894,0.060086947,-0.010565591,-0.20475263,0.59222396,0.7793248,0.67720876,1.9036667,0
5,11600,5.800000,5,1.8363624,0.17699933,0.68573361,1.7736894,-0.03226208,-0.00090279403,-0.0030824527,-0.10601399,0.042335129,0.093309926,-0.34306308,-0.29151001,0.89293316,0.46697728,-2.437257,0
5,11600,5.800000,6,1.8363624,0.66779914,0.72339482,1.3296638,0.084692186,-0.044827194,-0.091387462,0.38183451,-0.10083114,-0.17341268,0.017261755,-0.74543709,0.66635245,0.84149016,-1.5476439,0
5,11600,5.800000,7,1.8363624,0.16565142,1.0303638,1.3326535,-0.059390879,0.031487098,-0.0026268027,0.028122952,0.36611558,-0.33144644,-0.27546435,-0.57519283,0.77024191,0.69157594,-2.0174283,0
5,11600,5.800000,8,1.8363624,0.4502515,1.0172048,0.37679619,0.089264333,-0.027486921,0.11762391,0.32736319,-0.14160535,0.3297373,-0.6403684,0.65664709,-0.39842553,1.9805959,2.3436443,0
5,11600,5.800000,9,1.8363624,1.8237053,1.5556944,0.74719584,-0.11659326,0.011350219,0.05463531,-0.41182156,0.065093578,0.26030905,0.65501269,-0.45925054,-0.60003942,2.2143467,-0.61148548,0
5,11600,5.800000,10,1.8363624,0.80534061,1.4993942,1.0049785,-0.035654517,0.072730318,-0.042306162,-0.53957878,0.20852025,-0.20080141,0.38410651,-0.71697095,-0.58173434,2.1916557,-1.078971,0
5,11600,5.800000,11,1.8363624,0.86080308,0.30117166,1.6939251,0.047020587,0.064304206,-0.040761711,0.18219138,0.17393004,0.012480571,0.9656366,0.13997328,0.21898272,1.3500246,0.14395177,0
5,11600,5.800000,12,1.8363624,0.31004719,1.4602741,1.3756662,-0.028189721,-0.046728517,0.097607866,-0.16966834,-0.46423502,0.31749714,0.37131314,0.011339686,0.92843846,0.38060932,0.030529927,0
5,11600,5.800000,13,1.8363624,0.31574426,1.4120116,0.10176432,0.03524212,-0.020748958,0.10262999,0.018648356,-0.094872921,0.40017087,-0.41232395,-0.4706296,-0.78006201,2.4655612,-2.2902554,0
5,11600,5.800000,14,1.8363624,0.82959006,1.2718185,1.5647797,0.060368976,0.039680798,0.04783968,0.041130983,0.3124431,0.12465457,0.67104052,-0.044683674,-0.74007296,2.4039752,-0.06649048,0
5,11600,5.800000,15,1.8363624,0.54287645,1.6011508,0.58968653,-0.094365688,-0.017238438,-0.010288315,-0.42273328,-0.14466602,0.088478766,0.16739477,0.9577352,-0.23392793,1.8069121,1.3977623,0
5,11600,5.800000,16,1.8363624,1.2156114,1.7980526,0.11895435,-0.10781033,-0.0065284294,-0.089487734,-0.44244234,0.15359181,-0.25752365,-0.071186973,-0.59474674,0.8007551,0.64224155,-1.6899225,0
5,11600,5.800000,17,1.8363624,1.383756,0.65153444,0.71827339,0.018362976,-0.031803271,0.053590573,0.11673956,-0.25472573,-0.094602882,0.72169464,-0.4868113,0.49210934,1.0562852,-0.59343301,0
5,11600,5.800000,18,1.8363624,1.5822118,0.1051663,0.49152632,0.061748822,-0.037773898,-0.11058538,0.46928499,-0.17631652,-0.11210981,-0.90440687,0.18535029,0.3843091,1.176337,2.9394504,0
5,11600,5.800000,19,1.8363624,1.8021869,0.54962607,0.4372836,0.051957564,0.035753435,0.028929428,0.066171613,0.10685123,0.085857121,-0.050659839,-0.52920222,0.84698205,0.56051385,-1.6662342,0
5,11600,5.800000,20,1.8363624,1.1599681,0.18075228,0.87888388,0.053675362,-0.0083416492,-0.034941467,0.25973327,-0.33000145,-0.19101655,-0.28724953,-0.71554347,-0.63677724,2.2611076,-1.9525456,0
5,11600,5.800000,21,1.8363624,1.278873,0.47285873,0.1127626,-0.017684421,-0.046751447,0.012804614,-0.22271085,-0.042965996,0.070442617,0.2513522,-0.86790099,-0.42845063,2.0135737,-1.2888993,0
5,11600,5.800000,22,1.8363624,1.4454624,0.083211588,1.2575802,-0.010315262,0.10652992,-0.0071604567,-0.29240955,0.2427979,-0.084654818,0.43807695,0.86667434,0.23867169,1.3297985,1.1027832,0
5,11600,5.800000,23,1.8363624,1.5505301,0.88236484,1.0940941,-0.057210064,-0.012519924,-0.043258212,-0.051451975,-0.0043466514,0.064190309,-0.84069779,0.50730754,0.18938398,1.3802616,2.5986503,0
5,11600,5.800000,24,1.8363624,1.1496847,1.3785245,0.36290882,0.10867436,0.012478896,-0.06438013,0.59245805,-0.24078058,-0.46578639,-0.12425246,-0.48722989,0.86438901,0.52686234,-1.8204923,0
5,11600,5.800000,25,1.8363624,1.2439786,1.4981323,0.91037263,-0.1364098,0.046698468,0.083683825,-0.18701397,0.18355965,0.22274066,0.56564053,-0.37757715,0.73313457,0.74787666,-0.5885941,0
5,11600,5.800000,26,1.8363624,0.077206763,0.97899114,0.63211179,0.12411585,0.01687942,-0.025535519,0.178059,0.16506412,0.102278,0.1756875,-0.96131358,-0.21215585,1.7845768,-1.3900335,0
5,11600,5.800000,27,1.8363624,1.5752136,1.5594933,1.8018011,-0.14164253,-0.091565882,-0.042129041,-0.42357415,-0.29694428,-0.36191386,-0.020566197,0.62318867,0.78180107,0.6732472,1.6037859,0
5,11600,5.800000,28,1.8363624,1.0187847,0.55720903,1.1185474,-0.010903443,-0.078368284,-0.061894574,0.034374408,0.21798,-0.14281536,-0.88331908,-0.40646052,-0.23353211,1.806505,-2.710329,0
5,11600,5.800000,29,1.8363624,1.0361675,1.7382271,1.5030767,0.070401766,0.02163841,0.082061808,0.3364844,0.092594065,0.28726906,-0.097348148,-0.3615803,-0.92724486,2.7577831,-1.83379,0
5,11600,5.800000,30,1.8363624,1.7693052,1.0776079,0.15334419,0.052554751,-0.013549776,0.016825197,0.15071588,-0.42815563,-0.026221323,0.31875179,0.92911868,-0.18744542,1.7593571,1.2403094,0
5,11600,5.800000,31,1.8363624,1.3660677,1.2048615,1.451022,0.076984992,-0.024254871,0.046769902,0.3599447,0.15907951,0.24929096,0.97622643,-0.2166067,-0.0079683263,1.5787647,-0.21834435,0
6,11700,5.850000,0,1.8505609,1.7242083,0.45746561,1.5173268,0.00012275212,0.08207519,0.00071007288,-0.1130253,0.23919351,0.17559106,0.46191873,-0.82031683,0.33721119,1.2268433,-1.0579527,0
6,11700,5.850000,1,1.8505609,0.39466692,0.64716297,0.85923408,0.062196418,0.049893538,-0.10802455,0.084400205,0.2678821,-0.3657869,0.22961208,-0.83814164,-0.49476952,2.0883659,-1.303403,0
6,11700,5.850000,2,1.8505609,0.833254,0.30453141,0.51796987,-0.028075568,-0.056771648,0.0047966313,-0.12799271,-0.1557419,0.0071334691,0.53784462,-0.176818,-0.82429277,2.5397482,-0.31762255,0
6,11700,5.850000,3,1.8505609,0.42724509,0.54550611,0.31972441,-0.10583107,-0.037486354,0.027559742,-0.11325766,-0.41388731,0.087378324,0.32152291,-0.16214973,-0.93291505,2.7732213,-0.4670959,0
6,11700,5.850000,4,1.8505609,0.23967539,0.17658611,1.2608879,-0.037892177,0.020088396,-0.0096419943,-0.15593399,0.18996166,-0.09082829,-0.34996899,0.86414042,0.36163938,1.2007706,1.9555978,0
6,11700,5.850000,5,1.8505609,0.17172829,0.6921319,1.7893288,-0.038876186,0.00018929586,-0.001164334,-0.12436475,0.057035682,-0.011965957,-0.47148739,-0.52344704,0.70972025,0.78169529,-2.3040177,0
6,11700,5.850000,6,1.8505609,0.68935388,0.72698623,1.334462,0.10102072,-0.046821283,-0.096848992,0.21353307,0.10072778,-0.0206102,0.096497646,-0.52035761,0.84847873,0.55769218,-1.3874345,0
6,11700,5.850000,7,1.8505609,0.17458858,1.0495316,1.323729,-0.051763884,0.042645315,-0.02178144,0.19454209,0.049469406,-0.33490007,-0.5807657,-0.37695651,0.72153655,0.76477732,-2.5658728,0
6,11700,5.850000,8,1.8505609,0.47042453,1.0210786,0.39647679,0.10589205,-0.031462693,0.13432686,0.38032966,-0.10021524,0.21558506,-0.48055598,0.81268102,-0.32956867,1.906643,2.1048103,0
6,11700,5.850000,9,1.8505609,1.818618,1.5749643,0.76629473,-0.13570756,0.018563887,0.067905894,-0.45367788,0.11044827,0.26671582,0.21524591,-0.55503492,-0.80349576,2.5039407,-1.200846,0
6,11700,5.850000,10,1.8505609,0.78437073,1.5230587,0.99766535,-0.06274683,0.084755448,-0.057331815,-0.5937399,0.23927029,-0.31068547,0.71801807,-0.23796069,-0.65408315,2.2837662,-0.32002148,0
6,11700,5.850000,11,1.8505609,0.87256145,0.30989955,1.7072398,0.05210378,0.07067893,-0.040545076,0.0015202944,0.14563581,-0.019456185,0.98556598,0.15753676,0.061982719,1.5087739,0.15850311,0
6,11700,5.850000,12,1.8505609,0.30158019,1.4500302,1.4028162,-0.039012281,-0.06818043,0.11405814,-0.29019691,-0.30344772,0.36933634,0.086753899,-0.20594751,0.9747099,0.22537713,-1.1721124,0
6,11700,5.850000,13,1.8505609,0.32242881,1.4228246,0.12264118,0.039469103,-0.020852988,0.12264295,0.11636065,0.0049628453,0.43055182,-0.30837266,-0.74871254,-0.58680136,2.1978992,-1.9614939,0
6,11700,5.850000,14,1.8505609,0.83796486,1.2976484,1.5869433,0.062321999,0.055615835,0.057865982,0.062106198,0.37729024,0.28165817,0.69179492,0.00270739,-0.72208895,2.3776135,0.0039135532,0
6,11700,5.850000,15,1.8505609,0.52104038,1.6103821,0.6013796,-0.12029933,-0.020374912,-0.0031819748,-0.5466021,0.0033236252,0.18359726,-0.10052239,0.98449281,-0.14376773,1.715064,1.6725495,0
6,11700,5.850000,16,1.8505609,1.2007896,1.8207988,0.11044606,-0.1319382,0.0022815982,-0.098879588,-0.52243044,0.23932135,-0.10930101,-0.052470332,-0.51144518,0.85771248,0.53999262,-1.6730309,0
6,11700,5.850000,17,1.8505609,1.4053371,0.64105232,0.7210246,0.02920334,-0.047263422,0.05079895,0.25415308,-0.33201021,-0.044407732,0.71148199,-0.56856619,0.41294778,1.145108,-0.67420987,0
6,11700,5.850000,18,1.8505609,1.6144681,0.093654142,0.49085455,0.081694916,-0.050051899,-0.1150404,0.40165737,-0.21436213,-0.04818896,-0.62692003,0.77711447,0.05535691,1.5154111,2.2496263,0
6,11700,5.850000,19,1.8505609,1.8153187,0.55858078,0.44868703,0.051158164,0.040440471,0.036921071,-0.096206339,0.067044895,0.19391659,-0.0056770465,-0.58257373,0.81275804,0.62192572,-1.5805408,0
6,11700,5.850000,20,1.8505609,1.1848732,0.16396947,0.87372225,0.06955069,-0.026452263,-0.046852622,0.37248218,-0.44775573,-0.27378417,-0.21998656,-0.45383193,-0.86350593,2.6129767,-2.0221546,0
6,11700,5.850000,21,1.8505609,1.279743,0.47190911,0.1136441,-0.026667841,-0.051339472,0.012814218,-0.17340606,-0.072389807,-0.072703418,0.022100024,-0.85269877,-0.52193524,2.1199145,-1.5448844,0
6,11700,5.850000,22,1.8505609,1.4496199,0.093257985,1.2631593,-0.017306941,0.11589687,-0.011288899,-0.0047816113,0.20643087,-0.076920601,0.43248873,0.864353,0.25660746,1.3112858,1.1068598,0
6,11700,5.850000,23,1.8505609,1.5623411,0.89129968,1.1062513,-0.057386866,-0.010415494,-0.039574551,-0.0097491849,0.13227976,0.081753058,-0.90315905,0.42514388,-0.059635713,1.6304674,2.7016342,0
6,11700,5.850000,24,1.8505609,1.1868791,1.3743438,0.34836953,0.13687097,-0.0023033901,-0.081658835,0.56041855,-0.35603734,-0.2704712,0.017961721,-0.42542132,0.90481715,0.43984623,-1.5286004,0
6,11700,5.850000,25,1.8505609,1.2480584,1.5189737,0.92650057,-0.14192698,0.05592103,0.092738027,0.013284441,0.080835729,0.12836654,0.32110081,-0.30082177,0.89799807,0.455598,-0.7528027,0
6,11700,5.850000,26,1.8505609,0.083083141,1.0007177,0.64043279,0.12937502,0.030982296,-0.022115081,0.085494577,0.30730077,0.055006362,0.591637,-0.71214425,-0.37791035,1.9583346,-0.87756534,0
6,11700,5.850000,27,1.8505609,1.5694489,1.5597539,1.8016845,-0.15951773,-0.10331772,-0.056123018,-0.36000069,-0.22287518,-0.20422355,0.31824271,0.82564783,0.46586182,1.086188,1.2028991,0
6,11700,5.850000,28,1.8505609,1.0324924,0.57449163,1.1199251,-0.0050952157,-0.065443707,-0.069137434,0.18466066,0.30093913,-0.20661583,-0.88772167,-0.43781088,-0.14237928,1.7136611,-2.683412,0
6,11700,5.850000,29,1.8505609,1.059577,1.75288,1.5185532,0.085740698,0.02284703,0.085901949,0.3177713,-0.059417647,-0.087851508,-0.12286494,-0.39967126,-0.90838708,2.7102066,-1.8690419,0
6,11700,5.850000,30,1.8505609,1.787706,1.0608959,0.15389512,0.057257499,-0.038497528,0.016192923,0.056575333,-0.57606891,-0.010311374,0.53911227,0.84181079,-0.026693927,1.5974934,1.0011854,0
6,11700,5.850000,31,1.8505609,1.3956039,1.2229233,1.4691993,0.09588622,-0.015542489,0.053701481,0.36436933,0.064009546,0.040854295,0.82913409,-0.55004801,-0.099919218,1.6708826,-0.58573803,0
7,11800,5.900000,0,1.8596197,1.7284042,0.47091704,1.5324381,-0.0041112892,0.093259948,0.0083751189,-0.10076196,0.2221447,0.089134894,0.68524816,-0.37584318,0.62384042,0.89714937,-0.50167354,0
7,11800,5.900000,1,1.8596197,0.39978287,0.65969382,0.84746966,0.065372661,0.059233623,-0.12395615,0.048421179,0.11514649,-0.31874867,0.52608148,-0.84975157,-0.034066741,1.6048697,-1.0164507,0
7,11800,5.900000,2,1.8596197,0.83312331,0.30060736,0.51878409,-0.032274905,-0.062173235,0.003079506,-0.099527169,-0.070177782,0.012693761,0.72643221,-0.191559,-0.66000105,2.2916165,-0.25782913,0
7,11800,5.900000,3,1.8596197,0.42063739,0.52615291,0.32138899,-0.11450901,-0.059456244,0.027658987,-0.19869052,-0.51325408,-0.0086705023,0.27770632,-0.078500205,-0.95745335,2.8488408,-0.27548608,0
7,11800,5.900000,4,1.8596197,0.2310411,0.19191648,1.2655611,-0.047675825,0.03451912,-0.011137353,-0.22467507,0.28291153,-0.042855675,-0.45602424,0.88064029,-0.12850903,1.6996617,2.048608,0
7,11800,5.900000,5,1.8596197,0.16884647,0.69833704,1.7954493,-0.042589576,0.0029994919,-0.0037963523,-0.040338443,0.017061166,-7.3794978e-05,-0.60275997,-0.67216274,0.42997403,1.1263323,-2.3018113,0
7,11800,5.900000,6,1.8596197,0.70086125,0.73628888,1.3437467,0.10913379,-0.041091319,-0.094103339,0.13353252,0.1379545,0.17132832,0.2938939,-0.29399197,0.90950267,0.42871022,-0.78556499,0
7,11800,5.900000,7,1.8596197,0.18147239,1.0531804,1.3105521,-0.045749395,0.041160174,-0.041390294,0.10512841,-0.030571289,-0.49555184,-0.75841758,-0.034086561,0.65087701,0.86205727,-3.0966786,0
7,11800,5.900000,8,1.8596197,0.48966917,1.0223377,0.40868447,0.12279264,-0.035192806,0.14456872,0.3510151,-0.054516114,0.15217168,-0.33207711,0.8328693,-0.44277932,2.0294924,1.9501941,0
7,11800,5.900000,9,1.8596197,1.8072151,1.5897968,0.78823642,-0.15596336,0.025669421,0.086052151,-0.42284942,0.17548761,0.42551898,-0.27354199,-0.56034225,-0.78178727,2.4683233,-2.0249348,0
7,11800,5.900000,10,1.8596197,0.75376302,1.540236,0.98716372,-0.097110254,0.094453398,-0.072679684,-0.67375524,0.29373491,-0.2096559,0.75073945,0.3257879,-0.57467602,2.1830045,0.40943195,0
7,11800,5.900000,11,1.8596197,0.87101117,0.31383545,1.7179373,0.046296359,0.073091943,-0.038210401,-0.16714197,-0.022338425,0.028214593,0.95912986,0.25824556,-0.11566828,1.6867241,0.26301251,0
7,11800,5.900000,12,1.8596197,0.29225054,1.4497967,1.4267813,-0.049791899,-0.075494176,0.13111459,-0.12190054,0.082185102,0.32932278,-0.24678239,-0.3910901,0.8866493,0.48074792,-2.1337069,0
7,11800,5.900000,13,1.8596197,0.33510102,1.4292909,0.14803129,0.050535959,-0.021350466,0.14737234,0.23391812,-0.0021527957,0.57240273,-0.0040577093,-0.91454439,-0.4044652,1.9871903,-1.5752332,0
7,11800,5.900000,14,1.8596197,0.84420768,1.3255121,1.6087089,0.064457645,0.077074873,0.071829143,-0.0043198205,0.49848233,0.28916428,0.73242545,0.0046170122,-0.68083158,2.3196937,0.0063036464,0
7,11800,5.900000,15,1.8596197,0.50031256,1.6220867,0.61739294,-0.14352102,-0.016562687,0.0098556838,-0.46052203,0.1008098,0.25144918,-0.3527357,0.93079708,-0.095887029,1.6668309,1.933035,0
7,11800,5.900000,16,1.8596197,1.184263,1.8447945,0.1123265,-0.15428823,0.017327484,-0.097543058,-0.34022239,0.32539801,0.10532835,-0.15822101,-0.49588092,0.85385492,0.54744938,-1.8796559,0
7,11800,5.900000,17,1.8596197,1.4277183,0.63101406,0.71821488,0.044667472,-0.060407634,0.044475155,0.30879231,-0.23480655,-0.20217313,0.75005075,-0.53493585,0.38893123,1.1713251,-0.61952989,0
7,11800,5.900000,18,1.8596197,1.6394853,0.085305233,0.49070588,0.098767388,-0.058837808,-0.11758566,0.27913413,-0.14172263,-0.065767343,-0.083377605,0.96985415,-0.22897839,1.8018244,1.6565547,0
7,11800,5.900000,19,1.8596197,1.8212285,0.56418996,0.46015966,0.048188998,0.043308313,0.046174718,-0.052428176,0.00092981125,0.21763397,0.086217437,-0.57240044,0.8154289,0.61732657,-1.4212958,0
7,11800,5.900000,20,1.8596197,1.2096648,0.14506414,0.85941423,0.088495877,-0.046112244,-0.06539237,0.27142584,-0.33633102,-0.41892152,-0.1575742,-0.058882673,-0.98575007,2.9725725,-2.7839778,0
7,11800,5.900000,21,1.8596197,1.2817354,0.47316563,0.11471916,-0.030929532,-0.052390452,0.013331713,-0.01861743,-0.0032222907,0.038307565,-0.15668979,-0.79256955,-0.58930621,2.2009962,-1.7659779,0
7,11800,5.900000,22,1.8596197,1.4583944,0.10253663,1.2675682,-0.01563262,0.12469751,-0.013059047,0.064280485,0.16091699,-0.059051866,0.38081913,0.90405596,0.19406085,1.3754963,1.1721198,0
7,11800,5.900000,23,1.8596197,1.5684876,0.90531082,1.1164105,-0.058884572,-0.00079090135,-0.034842183,0.0094069679,0.18496773,0.095467216,-0.91498504,0.24229,-0.3226421,1.8993159,2.8827318,0
7,11800,5.900000,24,1.8596197,1.2179221,1.3647023,0.33842801,0.1620425,-0.018632685,-0.093277306,0.44175096,-0.33402106,-0.21020654,0.11203404,-0.35396865,0.92852279,0.38038224,-1.2642639,0
7,11800,5.900000,25,1.8596197,1.2567785,1.5321679,0.93641467,-0.13932265,0.061665565,0.098103671,0.044017204,0.16045357,0.14008213,0.10446819,-0.26420925,0.95879084,0.28808105,-1.1942622,0
7,11800,5.900000,26,1.8596197,0.081181794,1.0185043,0.64677916,0.12707259,0.043838801,-0.018911541,-0.1231399,0.18362493,0.12260531,0.79859189,-0.35846318,-0.48348232,2.0754249,-0.42191302,0
7,11800,5.900000,27,1.8596197,1.5614059,1.5520206,1.8001225,-0.17520506,-0.11864886,-0.06647923,-0.2611035,-0.43217994,-0.21547918,0.56886202,0.81894973,0.07561312,1.495111,0.96368764,0
7,11800,5.900000,28,1.8596197,1.0491211,0.58828959,1.1135876,0.0064511438,-0.054484725,-0.08092832,0.28560472,0.13925269,-0.34096107,-0.83986618,-0.53945089,-0.06014603,1.6309787,-2.5706454,0
7,11800,5.900000,29,1.8596197,1.0795864,1.7572834,1.5151809,0.10052728,0.018679961,0.075122412,0.27945385,-0.14583891,-0.3302934,0.028233321,-0.42835095,-0.90317127,2.6978968,-1.5049799,0
7,11800,5.900000,30,1.8596197,1.7964354,1.0350896,0.15105857,0.057235852,-0.069421624,0.012611779,0.011223018,-0.5405772,-0.11539406,0.71923597,0.68748811,0.1002981,1.4703293,0.76283335,0
7,11800,5.900000,31,1.8596197,1.4219031,1.2249324,1.4759555,0.11530624,-0.019510021,0.053266766,0.36554829,-0.2266996,-0.015265697,0.55473077,-0.82482302,-0.10927378,1.6802887,-0.978735,0
8,11900,5.950000,0,1.8686718,1.7301416,0.48052899,1.5422256,-0.010771116,0.10056188,0.010697562,-0.17151166,0.014833411,0.0088808891,0.69691453,-0.015804282,0.71698003,0.77133595,-0.022673618,0
8,11900,5.950000,1,1.8686718,0.40562766,0.66858759,0.83552448,0.069261973,0.064902425,-0.13998765,0.11765874,0.092922507,-0.39616625,0.65692171,-0.62536458,0.42115675,1.136076,-0.76079308,0
8,11900,5.950000,2,1.8686718,0.83452211,0.30102337,0.52213389,-0.034925079,-0.063217963,0.0039020225,0.011164161,0.019413531,0.042743903,0.86396471,-0.19322585,-0.46500403,2.0544355,-0.22002927,0
8,11900,5.950000,3,1.8686718,0.41837832,0.50476619,0.3242333,-0.11880519,-0.08334613,0.028935763,-0.049094777,-0.46038924,0.089437429,0.19058723,0.064189172,-0.97956942,2.9391055,0.32486444,0
8,11900,5.950000,4,1.8686718,0.21973543,0.20465105,1.2705564,-0.060076027,0.046290912,-0.012299624,-0.27687036,0.2249981,-0.036691517,-0.44132872,0.68329386,-0.58166869,2.191575,2.1442728,0
8,11900,5.950000,5,1.8686718,0.17005256,0.70615311,1.8080883,-0.042206314,0.0074055602,9.3470643e-05,0.15929473,0.16763543,0.09004149,-0.60650645,-0.75577317,0.24689439,1.3213222,-2.2470586,0
8,11900,5.950000,6,1.8686718,0.70951319,0.75128314,1.3556893,0.11436145,-0.02970874,-0.088714806,0.010783953,0.33394167,0.10691821,0.53161582,-0.13199819,0.83663678,0.57968219,-0.24337445,0
8,11900,5.950000,7,1.8686718,0.18785975,1.052084,1.2919073,-0.040258714,0.034952211,-0.066353894,0.14540714,-0.17715957,-0.48799682,-0.78683795,0.24689885,0.56562089,0.96961036,2.8375365,0
8,11900,5.950000,8,1.8686718,0.51429875,1.0204793,0.42380372,0.14498476,-0.042011086,0.15766682,0.46966987,-0.1774817,0.33945779,-0.1578728,0.80455693,-0.57250705,2.1803567,1.7645578,0
8,11900,5.950000,9,1.8686718,1.7949829,1.6024544,0.81600474,-0.1769416,0.030576362,0.1099256,-0.44664479,0.022835718,0.49838385,-0.7596433,-0.46487234,-0.454792,2.042935,-2.5924244,0
8,11900,5.950000,10,1.8686718,0.72662918,1.5612278,0.98292201,-0.12783859,0.1079151,-0.081704712,-0.50059302,0.23271428,-0.096971151,0.53101869,0.78376978,-0.32206224,1.8987033,0.97531836,0
8,11900,5.950000,11,1.8686718,0.86514002,0.31245387,1.7279642,0.036209869,0.07018974,-0.036549942,-0.25978659,-0.094433999,0.043436718,0.80031351,0.37169769,-0.47046691,2.0606162,0.43479722,0
8,11900,5.950000,12,1.8686718,0.28854456,1.4666924,1.4511735,-0.054908041,-0.06567955,0.1485194,-0.049218364,0.1820238,0.36580128,-0.53320399,-0.45468773,0.71340912,0.77644512,-2.4355064,0
8,11900,5.950000,13,1.8686718,0.34759445,1.4407058,0.17485039,0.061371903,-0.016903683,0.17340765,0.23206043,0.18658447,0.53233014,0.33898454,-0.9264068,-0.16389,1.735429,-1.2200158,0
8,11900,5.950000,14,1.8686718,0.84479632,1.357239,1.6287417,0.060945451,0.10228842,0.084001725,-0.14523708,0.4549138,0.29215623,0.75318586,-0.01913508,-0.6575294,2.2883312,-0.025400058,0
8,11900,5.950000,15,1.8686718,0.47703286,1.6406718,0.63026737,-0.16917381,-0.005899267,0.019700922,-0.5754427,0.29921533,0.068669155,-0.54185728,0.83099186,-0.12586985,1.6970009,2.1486189,0
8,11900,5.950000,16,1.8686718,1.1752008,0.0018075825,0.11946359,-0.16907916,0.033991967,-0.090968712,-0.26781907,0.28605234,0.13512283,-0.30709343,-0.46368964,0.83107493,0.58975865,-2.1557574,0
8,11900,5.950000,17,1.8686718,1.4426266,0.61761844,0.71663225,0.052606707,-0.076834964,0.03940876,0.078181406,-0.41147228,-0.0064534841,0.79801001,-0.40679041,0.44463647,1.110028,-0.47142193,0
8,11900,5.950000,18,1.8686718,1.659718,0.078402633,0.48757746,0.11098986,-0.066137924,-0.12308933,0.26340325,-0.037598349,-0.077727482,0.43512549,0.83282207,-0.34215963,1.9200106,1.0893338,0
8,11900,5.950000,19,1.8686718,1.8274304,0.56499535,0.47045571,0.045532099,0.041372092,0.054211323,-0.011877193,-0.0060584935,0.068298378,0.068567047,-0.56477782,0.82238955,0.60519785,-1.4499822,0
8,11900,5.950000,20,1.8686718,1.2282707,0.12860727,0.83800304,0.10118268,-0.063233675,-0.090924959,0.25148724,-0.34171484,-0.57890381,0.0067351238,0.31451123,-0.94922986,2.821575,1.549385,0
8,11900,5.950000,21,1.8686718,1.2943404,0.47928009,0.11625782,-0.024579125,-0.048588455,0.014309577,0.24114061,0.1967631,-0.029854429,-0.18063928,-0.7356771,-0.65280063,2.282072,-1.8115744,0
8,11900,5.950000,22,1.8686718,1.4707392,0.11170138,1.2758827,-0.01039952,0.13334215,-0.010919873,0.084541075,0.14945512,0.067316462,0.3410674,0.93345388,0.11107153,1.4594951,1.2204843,0
8,11900,5.950000,23,1.8686718,1.5758022,0.91535322,1.1261108,-0.059204191,0.004831057,-0.030586572,-0.066079815,0.051272076,0.059394946,-0.79063533,0.088332259,-0.60588215,2.2216706,3.0303309,0
8,11900,5.950000,24,1.8686718,1.2426266,1.3522394,0.32804057,0.1807731,-0.037692209,-0.10528296,0.26322957,-0.395272,-0.30137797,0.14132044,-0.28396085,0.94836426,0.32275793,-1.1090098,0
8,11900,5.950000,25,1.8686718,1.2670946,1.5504037,0.94579446,-0.13513439,0.072417194,0.10291359,0.14137954,0.24523613,0.078900548,-0.1106554,-0.1274488,0.98565318,0.16959516,-2.2857815,0
8,11900,5.950000,26,1.8686718,0.07560759,1.0341989,0.65471444,0.12111768,0.054549592,-0.014136198,-0.15142876,0.21970644,0.079474316,0.81391248,0.092436562,-0.57358693,2.1816744,0.1130861,0
8,11900,5.950000,27,1.8686718,1.5547258,1.5384054,1.7962061,-0.18945106,-0.13976755,-0.079127404,-0.3541253,-0.43082261,-0.30663881,0.69579886,0.64345883,-0.3190998,1.8955758,0.74633667,0
8,11900,5.950000,28,1.8686718,1.0698474,0.59159945,1.1010758,0.022032762,-0.054039576,-0.098817326,0.43050347,0.0020047473,-0.39677887,-0.64450948,-0.76366494,0.037727896,1.5330595,-2.2717786,0
8,11900,5.950000,29,1.8686718,1.0964454,1.7633781,1.5071758,0.11210301,0.016226619,0.059779114,0.20578025,-0.028205916,-0.2890712,0.11299943,-0.56838561,-0.8149656,2.5234662,-1.3745475,0
8,11900,5.950000,30,1.8686718,1.8033959,1.0134425,0.14846552,0.055456166,-0.096042605,0.0092914804,-0.14797304,-0.54157415,0.0067817799,0.92579031,0.30966762,0.21683698,1.3522231,0.32279121,0
8,11900,5.950000,31,1.8686718,1.4482029,1.2180188,1.4824253,0.1346377,-0.032355058,0.052553799,0.3810599,-0.25759362,0.013689202,0.24041457,-0.96893045,-0.058091381,1.6289204,-1.3275844,0
9,12000,6.000000,0,1.8783451,1.7264847,0.48243996,1.5457521,-0.023351664,0.099986849,0.0062520737,-0.32165403,0.050520431,-0.11967853,0.71522986,0.16903777,0.67813898,0.82556889,0.23208191,0
9,12000,6.000000,1,1.8783451,0.41374315,0.67453387,0.81945373,0.075262223,0.067381325,-0.16033102,0.08532783,0.064339219,-0.42766446,0.67459665,-0.14900696,0.72299121,0.76267405,-0.21739242,0
9,12000,6.000000,2,1.8783451,0.83901853,0.30339701,0.52908331,-0.03474907,-0.062404686,0.0081376483,0.030027242,0.0016445216,0.20557572,0.9426206,-0.15598211,-0.29518804,1.8704487,-0.16399102,0
9,12000,6.000000,3,1.8783451,0.41652363,0.48438691,0.33142874,-0.12281529,-0.10627915,0.034438591,-0.084400186,-0.45971635,0.10914052,0.03036659,0.18460687,-0.98234321,2.9533959,1.407763,0
9,12000,6.000000,4,1.8783451,0.20390403,0.21903177,1.2755363,-0.077001211,0.059577936,-0.01389266,-0.38977108,0.24634893,-0.033027972,-0.46097664,0.46383437,-0.7565436,2.4288077,2.3531044,0
9,12000,6.000000,5,1.8783451,0.1849108,0.72120898,1.8249261,-0.028264346,0.01877663,0.0075522917,0.37103634,0.2500923,0.18272324,-0.62661665,-0.71107481,0.3189423,1.246183,-2.2931409,0
9,12000,6.000000,6,1.8783451,0.71532683,0.77254353,1.3709324,0.11649674,-0.012382152,-0.080510759,0.0087065353,0.33213326,0.18961108,0.73444906,0.03000265,0.67800031,0.82575755,0.040827853,0
9,12000,6.000000,7,1.8783451,0.20074633,1.0496528,1.2736643,-0.028375286,0.027095129,-0.091220333,0.28273001,-0.16557601,-0.46804252,-0.71124447,0.47175293,0.52113383,1.0226174,2.5559396,0
9,12000,6.000000,8,1.8783451,0.54313245,1.0127807,0.44639039,0.17108877,-0.0549589,0.17800712,0.56160962,-0.26155175,0.49517332,-0.061913277,0.7524663,-0.65571427,2.2859246,1.6528919,0
9,12000,6.000000,9,1.8783451,1.7855377,1.6131673,0.84390314,-0.1956304,0.032987888,0.13353894,-0.31670315,0.12353121,0.4776919,-0.96485146,-0.24200058,-0.10245671,1.6734331,-2.8958458,0
9,12000,6.000000,10,1.8783451,0.70799931,1.5791201,0.98295156,-0.15017224,0.11770037,-0.086750291,-0.37033166,0.1265514,-0.034813389,0.23572966,0.96476166,0.11690362,1.4536248,1.331152,0
9,12000,6.000000,11,1.8783451,0.85771775,0.30932162,1.742218,0.024339787,0.065452282,-0.031254733,-0.23260725,-0.049137923,0.11722994,0.48686725,0.41907546,-0.76637853,2.4439809,0.71070726,0
9,12000,6.000000,12,1.8783451,0.2868323,1.48117,1.4756385,-0.058105714,-0.058812086,0.16542859,-0.055848544,0.091745583,0.27955621,-0.74436915,-0.45808247,0.48587552,1.0634317,-2.5899288,0
9,12000,6.000000,13,1.8783451,0.36095469,1.4602235,0.19949947,0.072903034,-0.0048750332,0.19709046,0.29656952,0.26028804,0.42938336,0.57104927,-0.82077841,0.015017791,1.555778,-0.96293441,0
9,12000,6.000000,14,1.8783451,0.8406552,1.3852501,1.6457443,0.052453113,0.1232196,0.092550948,-0.17031999,0.30356669,0.093743721,0.8041053,0.080350381,-0.58903182,2.2006566,0.09959459,0
9,12000,6.000000,15,1.8783451,0.44903259,1.6648756,0.63237469,-0.19956502,0.0097709802,0.018548598,-0.63288368,0.30475912,-0.18104464,-0.69284793,0.71942364,0.048901726,1.5218751,2.337379,0
9,12000,6.000000,16,1.8783451,1.166535,0.01263741,0.13027229,-0.18379046,0.044784575,-0.080804662,-0.40892542,0.18361205,0.23168469,-0.44128238,-0.24468055,0.86336625,0.52889283,-2.6353194,0
9,12000,6.000000,17,1.8783451,1.4487592,0.60016435,0.71884595,0.05127496,-0.097433015,0.037916618,0.0037376963,-0.36865369,-0.025286759,0.81767946,-0.2977408,0.49269739,1.0556096,-0.34920603,0
9,12000,6.000000,18,1.8783451,1.6802516,0.074654774,0.48271404,0.12290106,-0.070280944,-0.13045771,0.20664897,-0.17261827,-0.20326904,0.74619678,0.52232336,-0.4127574,1.9962756,0.61071303,0
9,12000,6.000000,19,1.8783451,1.8404461,0.57487131,0.47514639,0.04907887,0.048305416,0.056460857,0.09780968,0.21487259,0.049117314,0.059240021,-0.56926626,0.82001618,0.60935703,-1.4671057,0
9,12000,6.000000,20,1.8783451,1.2457058,0.11132263,0.80934119,0.11223101,-0.081137836,-0.1238398,0.2250362,-0.29044646,-0.70552264,0.31535557,0.61104707,-0.72606635,2.3833802,1.0943594,0
9,12000,6.000000,21,1.8783451,1.3106077,0.49441964,0.11488143,-0.015036628,-0.03596253,0.012336469,0.12898479,0.16780874,-0.025950162,-0.25746317,-0.64386784,-0.72051851,2.3753461,-1.9511903,0
9,12000,6.000000,22,1.8783451,1.4819665,0.11752373,1.2858245,-0.0067949008,0.13857277,-0.0075913829,-0.0043842883,0.047139157,0.04160608,0.26014385,0.96544045,0.01580876,1.5549869,1.3075915,0
9,12000,6.000000,23,1.8783451,1.5798546,0.92291756,1.1336092,-0.063298386,0.0076497373,-0.028921912,-0.08903699,0.044870438,0.013723654,-0.5694832,0.00067329528,-0.82200269,2.5357152,3.1404104,0
9,12000,6.000000,24,1.8783451,1.2640657,1.3383974,0.3126902,0.19574098,-0.058480532,-0.12228756,0.26384996,-0.3971375,-0.28135583,0.14132537,-0.17492126,0.97438683,0.22681827,-0.89123441,0
9,12000,6.000000,25,1.8783451,1.2818772,1.5676135,0.95866654,-0.12693215,0.081577583,0.11086917,0.16983635,0.050780483,0.12491768,-0.27424532,0.035556625,0.9610022,0.28019258,3.0126593,0
9,12000,6.000000,26,1.8783451,0.067567497,1.0509747,0.66234704,0.11270791,0.065942397,-0.0099036875,-0.19958208,0.27514956,0.046391991,0.67120534,0.54211866,-0.50555984,2.100827,0.67940593,0
9,12000,6.000000,27,1.8783451,1.5459576,1.5260041,1.794947,-0.20622412,-0.16008011,-0.08965745,-0.27184025,-0.35189355,-0.16100859,0.6584782,0.30106552,-0.68975794,2.331951,0.42883697,0
9,12000,6.000000,28,1.8783451,1.0970584,0.59670253,1.0922256,0.043649848,-0.052004193,-0.11332986,0.51976052,0.022981891,-0.20825437,-0.29213723,-0.95082021,0.10294064,1.467673,-1.868889,0
9,12000,6.000000,29,1.8783451,1.1126793,1.772039,1.5039885,0.1226339,0.015760479,0.048818119,0.2420836,0.0042756328,-0.14907511,0.26064679,-0.72068945,-0.64239394,2.2684142,-1.2237692,0
9,12000,6.000000,30,1.8783451,1.8031818,0.99282396,0.15120556,0.045931263,-0.12184069,0.011257902,-0.25797814,-0.46848532,0.01366092,0.86992365,-0.18026775,0.45906032,1.0938591,-0.20433052,0
9,12000,6.000000,31,1.8783451,1.4723091,1.2094273,1.4891098,0.15120446,-0.047213441,0.051566958,0.27146451,-0.2508323,-0.097511116,-0.090777853,-0.99129564,0.095353776,1.4752975,-1.6621166,0
10,12100,6.050000,0,1.8699748,1.7040475,0.48135775,1.5316437,-0.038128311,0.10105688,-0.00098428531,-0.22351922,0.0084391306,-0.060559184,0.74839347,0.22503139,0.62391352,0.89705582,0.29208597,0
10,12100,6.050000,1,1.8699748,0.41437922,0.67130324,0.80062197,0.077747567,0.067156052,-0.1755451,-0.014040667,-0.0076909606,-0.15870622,0.48297435,0.39515391,0.78140205,0.67388688,0.68572092,0
10,12100,6.050000,2,1.8699748,0.83920646,0.3019738,0.5399254,-0.030813508,-0.062476056,0.021366979,0.072732879,-0.02109891,0.30742395,0.9641573,-0.13581044,-0.22793908,1.8007568,-0.13993854,0
10,12100,6.050000,3,1.8699748,0.41193203,0.45595698,0.33491546,-0.1255569,-0.13260935,0.039413331,0.02066251,-0.54315665,-0.0080128149,-0.018151992,0.2287174,-0.97332361,2.9100939,1.6499946,0
10,12100,6.050000,4,1.8699748,0.18420214,0.22920297,1.2725314,-0.095836518,0.070750132,-0.011207558,-0.32254269,0.12204754,0.10281856,-0.47407047,0.3372947,-0.81332003,2.5206322,2.5231992,0
10,12100,6.050000,5,1.8699748,0.20537681,0.72275386,1.8254372,-0.0069266895,0.023546009,0.016214984,0.34755937,0.0085771283,0.19240001,-0.56652496,-0.73257271,0.3773416,1.1838723,-2.2290661,0
10,12100,6.050000,6,1.8699748,0.71103911,0.78969798,1.3758036,0.1153942,0.0082610109,-0.06950583,-0.031969812,0.4310134,0.21892835,0.875471,0.13177919,0.46495674,1.0872106,0.14940215,0
10,12100,6.050000,7,1.8699748,0.21991542,1.0418152,1.240157,-0.0082667202,0.023928002,-0.11911419,0.50303449,0.014473681,-0.59301369,-0.70780765,0.56639461,0.42214391,1.1349873,2.4667238,0
10,12100,6.050000,8,1.8699748,0.56920239,0.99572665,0.46806121,0.19964279,-0.067527832,0.2017201,0.5815371,-0.19464803,0.45338769,0.11332352,0.62444334,-0.77280547,2.4540462,1.3912709,0
10,12100,6.050000,9,1.8699748,1.7656715,1.6118652,0.86128812,-0.2075666,0.038887528,0.15473184,-0.11331819,0.20659389,0.42678898,-0.98362411,-0.093224758,0.15424903,1.415929,-3.0470981,0
10,12100,6.050000,10,1.8699748,0.68543313,1.5762464,0.97917477,-0.16962688,0.12187282,-0.086145501,-0.42683479,0.025548268,-0.0094445311,-0.030135579,0.86148813,0.50688267,1.0392317,1.6057629,0
10,12100,6.050000,11,1.8699748,0.84196944,0.30145338,1.7385723,0.012386959,0.058947925,-0.02712755,-0.28591411,-0.14256584,-0.001993952,0.12516871,0.37541956,-0.91836428,2.7347234,1.2489766,0
10,12100,6.050000,12,1.8699748,0.27919104,1.4764562,1.4841038,-0.064483034,-0.056921259,0.18050337,-0.20722781,-0.034624013,0.36295185,-0.82688355,-0.45504124,0.33045583,1.2340098,-2.6385124,0
10,12100,6.050000,13,1.8699748,0.3712322,1.4674006,0.22120197,0.084815633,0.0088397623,0.21973253,0.13154599,0.26025127,0.4458543,0.73605314,-0.65243379,0.1804326,1.3893701,-0.72524745,0
10,12100,6.050000,14,1.8699748,0.82912014,1.3920698,1.6409756,0.044646752,0.13624135,0.095121792,-0.22669367,0.17221033,-0.085243028,0.90908577,0.23767518,-0.34216015,1.9200112,0.25572032,0
10,12100,6.050000,15,1.8699748,0.4114686,1.6742611,0.62071821,-0.23520762,0.026613127,0.0096903309,-0.76738914,0.38978445,-0.076786503,-0.70902657,0.54643251,0.44574974,1.1087847,2.4849873,0
10,12100,6.050000,16,1.8699748,1.1438879,0.019516881,0.14279369,-0.20127832,0.051735884,-0.067673415,-0.33044142,0.16047472,0.36967487,-0.51858051,0.11454807,0.84732107,0.55987582,2.9241958,0
10,12100,6.050000,17,1.8699748,1.4434203,0.58165091,0.71784756,0.052394511,-0.11330745,0.04012649,0.050256794,-0.16322282,-0.024573013,0.8515541,-0.30281213,0.42797246,1.1285481,-0.34165442,0
10,12100,6.050000,18,1.8699748,1.681813,0.066021608,0.46912364,0.1319702,-0.07860001,-0.14192263,0.22376073,-0.15556211,-0.22864153,0.95650713,0.13076428,-0.26075814,1.8346038,0.13586794,0
10,12100,6.050000,19,1.8699748,1.8373785,0.58515763,0.47480214,0.054224155,0.061182237,0.058237923,0.070267311,0.18686526,0.044642889,0.14506857,-0.59252929,0.79237879,0.65609768,-1.33069,0
10,12100,6.050000,20,1.8699748,1.2462448,0.10482974,0.76911461,0.1183348,-0.087148071,-0.16054176,0.064189207,-0.060130782,-0.82945457,0.65833515,0.65407401,-0.37253459,1.952535,0.78215137,0
10,12100,6.050000,21,1.8699748,1.3113849,0.50684388,0.11359989,-0.0084043179,-0.021302314,0.011565134,0.10907626,0.39991057,-0.047453177,-0.23536573,-0.55474439,-0.79803611,2.4948255,-1.9720551,0
10,12100,6.050000,22,1.8699748,1.4792907,0.11536702,1.2779759,-0.0028579667,0.13693611,-0.0097147808,0.180745,-0.063984003,-0.04105271,0.18730078,0.98120477,-0.046428578,1.6172416,1.3821769,0
10,12100,6.050000,23,1.8699748,1.5708127,0.92017984,1.1287106,-0.065304667,0.0090278081,-0.028768546,0.067730189,-0.016463712,-0.00035093972,-0.27278458,-0.044201262,-0.96105922,2.8616063,-2.9809516,0
10,12100,6.050000,24,1.8699748,1.2701312,1.3143703,0.29423899,0.20746558,-0.076583863,-0.13938354,0.20597453,-0.3192384,-0.35259924,0.12831725,-0.061328925,0.98983506,0.14270395,-0.44585057,0
10,12100,6.050000,25,1.8699748,1.2861961,1.5556055,0.96180758,-0.1168785,0.076543913,0.11829881,0.221719,-0.27436375,0.1730269,-0.25107094,0.28081661,0.92633979,0.38621938,2.300328,0
10,12100,6.050000,26,1.8699748,0.059948799,1.0607946,0.65934763,0.10537393,0.080478161,-0.0099516537,-0.085457236,0.34336815,-0.028287674,0.44842647,0.85405485,-0.26363614,1.8375861,1.0873056,0
10,12100,6.050000,27,1.8699748,1.5228528,1.5038628,1.781322,-0.2224761,-0.17545552,-0.095296412,-0.33772026,-0.3363792,-0.14473564,0.46998402,0.13405452,-0.8724359,2.6309609,0.27785379,0
10,12100,6.050000,28,1.8699748,1.1187808,0.59853671,1.0762521,0.070320469,-0.047500937,-0.12446103,0.54335418,0.11859454,-0.24004502,0.10897605,-0.97347702,0.20116339,1.3682509,-1.4593153,0
10,12100,6.050000,29,1.8699748,1.1184135,1.763904,1.4902605,0.13335035,0.015521574,0.041776526,0.18273256,-0.036207267,-0.10426603,0.36270076,-0.84255491,-0.3981826,1.9803311,-1.1642955,0
10,12100,6.050000,30,1.8699748,1.7806168,0.97211678,0.15112739,0.031369094,-0.13816008,0.011854872,-0.36518625,-0.23851432,0.015958037,0.47070002,-0.4886831,0.73459535,0.74572622,-0.80414039,0
10,12100,6.050000,31,1.8699748,1.474375,1.191789,1.4777088,0.15985059,-0.059489695,0.046791093,0.13986235,-0.27254303,-0.14354685,-0.4329949,-0.81081033,0.39382995,1.1660017,-2.0612938,0
11,12200,6.100000,0,1.8711014,1.6896766,0.4821359,1.5302436,-0.053521249,0.10154487,-0.0033064454,-0.34257081,0.13087217,-0.070889573,0.74947015,0.24047079,0.61682112,0.90609875,0.31047779,0
11,12200,6.100000,1,1.8711014,0.41502574,0.67214424,0.7972212,0.078144312,0.067592471,-0.17942706,0.083752596,-0.0068686612,-0.0088704486,0.21076378,0.84015462,0.49971876,1.0475223,1.3250055,0
11,12200,6.100000,2,1.8711014,0.84247576,0.30442331,0.55566047,-0.028050645,-0.060209165,0.036772117,0.01428647,0.1330925,0.27962874,0.96876989,-0.087656653,-0.23195087,1.8048791,-0.090236706,0
11,12200,6.100000,3,1.8711014,0.41180395,0.42773582,0.33403328,-0.12593305,-0.16109664,0.038329698,-0.056078,-0.60131377,-0.019727624,0.07008065,0.24716291,-0.96643634,2.8817731,1.2945077,0
11,12200,6.100000,4,1.8711014,0.17223759,0.23343542,1.2783488,-0.10790842,0.074843264,-0.0061583285,-0.1696941,0.018325245,0.11375877,-0.36379588,0.42547503,-0.82862751,2.5474478,2.278206,0
11,12200,6.100000,5,1.8711014,0.22018358,0.71946484,1.8321456,0.0077519248,0.019822665,0.021821939,0.23427262,-0.13283582,0.055300879,-0.45167068,-0.77025967,0.4502151,1.1037901,-2.1011465,0
11,12200,6.100000,6,1.8711014,0.70979488,0.81087898,1.3925737,0.11372209,0.028959997,-0.053569412,-0.059136221,0.35573011,0.38677637,0.95812766,0.20903897,0.19568875,1.3738366,0.21480836,0
11,12200,6.100000,7,1.8711014,0.24796138,1.0428391,1.214712,0.019638339,0.024324091,-0.14529847,0.62609128,0.030183624,-0.51229558,-0.73681505,0.59547914,0.32016897,1.2448885,2.4618838,0
11,12200,6.100000,8,1.8711014,0.60024609,0.98410553,0.49047532,0.23033431,-0.079745178,0.22384555,0.64517563,-0.26661545,0.45935835,0.2821223,0.4767644,-0.8325279,2.5544516,1.0364698,0
11,12200,6.100000,9,1.8711014,1.7682222,1.6228698,0.88598958,-0.2060801,0.048917978,0.17890711,0.10464871,0.16510162,0.50266438,-0.91840121,0.033505415,0.39422913,1.1655674,3.1051265,0
11,12200,6.100000,10,1.8711014,0.6684053,1.5804668,0.98286588,-0.18706242,0.12514262,-0.083045262,-0.24716672,0.090436474,0.061962634,-0.32925792,0.61086921,0.72001947,0.76696595,2.0651543,0
11,12200,6.100000,11,1.8711014,0.82732234,0.2906947,1.7343061,-0.0027628548,0.04801092,-0.032439599,-0.30894953,-0.18371252,-0.18807905,-0.22549646,0.24491817,-0.94295622,2.8021976,2.3149316,0
11,12200,6.100000,12,1.8711014,0.27124815,1.4747426,1.5056222,-0.072591688,-0.059523611,0.20112138,-0.13787838,-0.093386025,0.46275347,-0.84929817,-0.47617969,0.2279156,1.3408599,-2.6305911,0
11,12200,6.100000,13,1.8711014,0.37821263,1.4751737,0.23705847,0.091570361,0.015726732,0.23545103,0.091880362,0.11177212,0.13650218,0.8382507,-0.41096367,0.35839172,1.2042517,-0.45582806,0
11,12200,6.100000,14,1.8711014,0.81699582,1.4008128,1.6356221,0.032026696,0.1441433,0.088781492,-0.3115225,0.070445677,-0.16959354,0.94830506,0.31464388,0.041433502,1.529351,0.32036637,0
11,12200,6.100000,15,1.8711014,0.37606916,1.698331,0.62095679,-0.27084423,0.04966738,0.0095549754,-0.57348456,0.54518305,0.14307821,-0.65564584,0.26330938,0.70766991,0.78460146,2.7597051,0
11,12200,6.100000,16,1.8711014,1.133172,0.025176162,0.16022012,-0.21268,0.057381707,-0.050338236,-0.20147198,0.09231105,0.38239457,-0.38083458,0.30876549,0.87156692,0.51240704,2.460325,0
11,12200,6.100000,17,1.8711014,1.4473543,0.57697377,0.71507853,0.05545792,-0.11833351,0.036925936,0.099611613,-0.067574158,-0.08891789,0.88358454,-0.3754313,0.27987442,1.287133,-0.40178233,0
11,12200,6.100000,18,1.8711014,1.6916768,0.060976251,0.46076881,0.14081816,-0.083683613,-0.1505575,0.14445794,-0.070137699,-0.26639661,0.92307048,-0.38345882,0.030003699,1.5407881,-0.39372552,0
11,12200,6.100000,19,1.8711014,1.8445357,0.58943109,0.47781397,0.060272576,0.065101976,0.060962871,0.18022115,-0.069782479,0.10863318,0.31691569,-0.61834631,0.71917473,0.76818248,-1.0971819,0
11,12200,6.100000,20,1.8711014,1.2493969,0.10376683,0.72960275,0.12073536,-0.0882738,-0.20050495,0.031890162,-0.031785058,-0.79879397,0.88283524,0.43455559,0.17822284,1.3916163,0.45741013,0
11,12200,6.100000,21,1.8711014,1.3169403,0.52900031,0.10763959,-0.0036404437,0.00054216808,0.0055382062,0.089724072,0.43687183,-0.12610852,-0.22256714,-0.48928787,-0.84324448,2.5740872,-1.9977008,0
11,12200,6.100000,22,1.8711014,1.4906459,0.11497401,1.275838,0.007602814,0.13647374,-0.01262175,0.20279211,0.031364684,-0.10074842,0.0099528509,0.99619903,-0.086535687,1.6574404,1.5608058,0
11,12200,6.100000,23,1.8711014,1.5781119,0.91867816,1.1250482,-0.058953747,0.0069723485,-0.033109697,0.17040023,-0.10529714,-0.19802895,0.064566568,0.10391113,-0.99248861,3.0189483,1.0148164,0
11,12200,6.100000,24,1.8711014,1.2731931,1.2978183,0.279386,0.20976164,-0.093922589,-0.15440927,-0.053244202,-0.39499713,-0.22337636,0.32798116,0.086912028,0.94067777,0.34617399,0.25903724,0
11,12200,6.100000,25,1.8711014,1.2955927,1.5435263,0.96820735,-0.10825941,0.063531385,0.12411736,0.08152193,-0.19818695,0.059868253,-0.10701926,0.49536942,0.86206497,0.53146612,1.7835656,0
11,12200,6.100000,26,1.8711014,0.051474033,1.0787079,0.65983182,0.096865606,0.097747071,-0.009864735,-0.19701042,0.23835075,0.0082252472,0.21934794,0.97323121,-0.068611109,1.6394614,1.3491192,0
11,12200,6.100000,27,1.8711014,1.5029013,1.4982207,1.7769177,-0.24333875,-0.18200168,-0.10077222,-0.47697792,0.054534162,-0.043050737,0.2544514,0.14735692,-0.95579309,2.8431416,0.52492219,0
11,12200,6.100000,28,1.8711014,1.1481208,0.60350279,1.0633724,0.098977815,-0.042896851,-0.137985,0.54743596,0.07278693,-0.22576979,0.49254705,-0.82086832,0.28908927,1.277521,-1.0303535,0
11,12200,6.100000,29,1.8711014,1.1267873,1.7611451,1.4878742,0.14104807,0.011701103,0.038493287,0.1798164,-0.13813002,0.0087079419,0.41341955,-0.89921465,-0.14316873,1.7144587,-1.1398588,0
11,12200,6.100000,30,1.8711014,1.7629002,0.9649009,0.15063826,0.012585308,-0.1459593,0.01127486,-0.42768803,-0.015014796,-0.05305801,-0.039338665,-0.46986956,0.88185887,0.4910062,-1.6543241,0
11,12200,6.100000,31,1.8711014,1.4794185,1.1798794,1.4729367,0.16400449,-0.072113509,0.041130362,0.0085744339,-0.24038438,-0.11843892,-0.64062426,-0.35676309,0.67994165,0.82311327,-2.633468,0
12,12300,6.150000,0,1.8795435,1.6812182,0.48956825,1.5404758,-0.069567061,0.10679009,1.399472e-05,-0.33452125,0.10165973,0.16905035,0.687223,0.20406748,0.6971951,0.79931896,0.28865175,0
12,12300,6.150000,1,1.8795435,0.41638173,0.67099751,0.80561076,0.077628922,0.063422505,-0.17464521,-0.11443517,-0.19332677,0.22350247,-0.097125457,0.99522888,-0.0092800143,1.5800765,1.6680793,0
12,12300,6.150000,2,1.8795435,0.84238085,0.31359029,0.57329083,-0.031937943,-0.052433194,0.051861451,-0.14287489,0.23175423,0.26723645,0.93490959,-0.094887248,-0.3419656,1.9198041,-0.10114715,0
12,12300,6.150000,3,1.8795435,0.41427267,0.39708631,0.33492773,-0.1253237,-0.19360286,0.037718409,-0.034149122,-0.6347001,-0.012889146,0.10779138,0.25779073,-0.96016923,2.8584036,1.1747546,0
12,12300,6.150000,4,1.8795435,0.16369577,0.23769263,1.29099,-0.11720642,0.078040051,0.00069969939,-0.26733608,0.052111423,0.12031939,-0.2147373,0.57429809,-0.78998076,2.4815739,1.9286133,0
12,12300,6.150000,5,1.8795435,0.2282665,0.71518414,1.8365815,0.014825483,0.012312754,0.018000025,0.039305167,-0.12220886,-0.16996391,-0.3371794,-0.82300342,0.45713829,1.0960214,-1.9596314,0
12,12300,6.150000,6,1.8795435,0.71106223,0.83404995,1.4201022,0.11179129,0.048428578,-0.032371723,0.041944161,0.36783488,0.37030356,0.95096652,0.29593096,-0.08993076,1.6608487,0.30169068,0
12,12300,6.150000,7,1.8795435,0.27998574,1.0566943,1.1957022,0.050474525,0.033453576,-0.16973391,0.65071808,0.28134196,-0.50747756,-0.71810853,0.6403299,0.27257617,1.2947268,2.413388,0
12,12300,6.150000,8,1.8795435,0.63180086,0.97923401,0.51073634,0.25911607,-0.089035936,0.24185309,0.53682889,-0.061286315,0.27726128,0.34923979,0.2962952,-0.88895485,2.6658544,0.70356471,0
12,12300,6.150000,9,1.8795435,1.784892,1.6381617,0.9136489,-0.19740782,0.05686984,0.20251584,0.2030636,0.22262339,0.43212249,-0.81478247,0.19065861,0.54752061,0.99139794,2.9117291,0
12,12300,6.150000,10,1.8795435,0.66104714,1.5954883,0.99083206,-0.19741303,0.13301552,-0.079521562,-0.2433097,0.15129938,0.14760986,-0.4828538,0.25859248,0.83664935,0.57965923,2.6499109,0
12,12300,6.150000,11,1.8795435,0.81632003,0.28173655,1.7328441,-0.017464833,0.03776426,-0.041705678,-0.29343123,-0.16497123,-0.12589504,-0.50460467,0.045947533,-0.86212699,2.6102489,3.0507866,0
12,12300,6.150000,12,1.8795435,0.2692804,1.4745049,1.538103,-0.075776105,-0.066399655,0.22675137,-0.05024012,-0.15515768,0.5904386,-0.8630931,-0.49757626,0.086534188,1.4841538,-2.6186291,0
12,12300,6.150000,13,1.8795435,0.38778387,1.4881975,0.23961863,0.099417499,0.022080471,0.23693827,0.2771017,0.14524822,-0.022113593,0.82692297,-0.22358339,0.51595433,1.028675,-0.26406593,0
12,12300,6.150000,14,1.8795435,0.8002576,1.409246,1.6322861,0.011648187,0.14625142,0.078089893,-0.49966486,0.071965914,-0.24859921,0.82485816,0.31836267,0.46717688,1.0847012,0.36834508,0
12,12300,6.150000,15,1.8795435,0.34777948,1.7367194,0.63688399,-0.30076334,0.080324164,0.022651033,-0.59745328,0.66406479,0.34593849,-0.63783665,-0.14664596,0.75608159,0.71349119,-2.9156083,0
12,12300,6.150000,16,1.8795435,1.127901,0.030697097,0.17620177,-0.22304035,0.062776907,-0.035113739,-0.18487803,0.094049184,0.22498536,-0.21537137,0.53987705,0.81372473,0.62026452,1.9503771,0
12,12300,6.150000,17,1.8795435,1.4614655,0.57483078,0.71385317,0.063021915,-0.12306907,0.032484236,0.18649684,-0.17427357,-0.09628123,0.85412358,-0.51560673,0.067989771,1.5027541,-0.5431119,0
12,12300,6.150000,18,1.8795435,1.7069545,0.06123641,0.4454022,0.14844605,-0.083698536,-0.16796385,0.15151577,0.0036156587,-0.36393524,0.54085419,-0.7757766,0.32503448,1.2397481,-0.96196699,0
12,12300,6.150000,19,1.8795435,1.8672478,0.58778987,0.48644971,0.074630095,0.060810981,0.067428234,0.34093259,-0.1271787,0.10994694,0.49913707,-0.60679263,0.61859914,0.90383781,-0.88243638,0
12,12300,6.150000,20,1.8795435,1.2593865,0.097618682,0.69639825,0.12507803,-0.09487527,-0.23691935,0.12686618,-0.26484874,-0.71959352,0.75383088,0.26038693,0.60327246,0.92319834,0.33258725,0
12,12300,6.150000,21,1.8795435,1.3280548,0.54679083,0.10340627,0.0015206109,0.015911328,0.00082983332,0.14138319,0.22818633,-0.15430381,-0.22030809,-0.49214663,-0.8421734,2.5720977,-1.991692,0
12,12300,6.150000,22,1.8795435,1.506076,0.11580845,1.2704523,0.01628776,0.13678872,-0.023738874,0.16420115,0.044369142,-0.2376553,-0.33516954,0.93104806,-0.14425983,1.7155613,1.9163445,0
12,12300,6.150000,23,1.8795435,1.591322,0.911696,1.1168125,-0.052877477,-0.0041297579,-0.046391501,0.104681,-0.37922716,-0.33812551,0.3490676,0.33148772,-0.87650881,2.6393576,0.75957222,0
12,12300,6.150000,24,1.8795435,1.2747861,1.2832079,0.27661651,0.20561948,-0.11434258,-0.15843026,-0.13917959,-0.40237247,0.011403651,0.57279353,0.2158408,0.79077198,0.65872718,0.36036646,0
12,12300,6.150000,25,1.8795435,1.3036686,1.5407771,0.97478492,-0.10603403,0.053839806,0.12632155,0.066392079,-0.20660141,0.059183906,0.023669749,0.72093704,0.69259622,0.80571423,1.5379762,0
12,12300,6.150000,26,1.8795435,0.041943816,1.0975422,0.66318935,0.08712507,0.11168304,-0.0094851293,-0.18046598,0.32546569,0.011465431,-0.032499836,0.98696483,0.15762036,1.4125159,1.6037135,0
12,12300,6.150000,27,1.8795435,1.489961,1.5102875,1.7818478,-0.26301568,-0.1767066,-0.10385238,-0.28363365,0.1005192,-0.0536841,0.057421335,0.23801095,-0.9695636,2.8942384,1.334065,0
12,12300,6.150000,28,1.8795435,1.1777258,0.60924445,1.0569811,0.12334778,-0.039884881,-0.14914895,0.44739917,0.035198295,-0.16352531,0.80685694,-0.52959614,0.26174378,1.3059678,-0.58083975,0
12,12300,6.150000,29,1.8795435,1.1389813,1.7637827,1.4961698,0.14814214,0.0064045681,0.04007233,0.12334938,-0.17286887,0.041401548,0.43440849,-0.88500674,0.16748829,1.4025149,-1.1144928,0
12,12300,6.150000,30,1.8795435,1.7497582,0.97055787,0.14731214,-0.0084632269,-0.14465875,0.0072780849,-0.45678508,0.055118238,-0.12181733,-0.47534592,-0.3295926,0.81572972,0.61680671,-2.5353274,0
12,12300,6.150000,31,1.8795435,1.4898086,1.1735207,1.4754657,0.16771138,-0.083769414,0.037022917,0.19930703,-0.18230597,-0.090232702,-0.77701868,0.057426354,0.6268526,0.89328931,3.0678208,0
13,12400,6.200000,0,1.8887193,1.6749342,0.49814135,1.5545234,-0.084023524,0.11295813,0.0065252248,-0.25627234,0.20081798,0.14237281,0.61313084,0.068523808,0.78700385,0.66485889,0.11129864,0
13,12400,6.200000,1,1.8887193,0.41065247,0.66603861,0.82270069,0.069885767,0.055207853,-0.16152017,-0.22834475,-0.16024532,0.278549,-0.47965525,0.78490115,-0.39225123,1.973874,2.1193396,0
13,12400,6.200000,2,1.8887193,0.83892281,0.3309336,0.58513635,-0.039490029,-0.036659222,0.060886234,-0.065523104,0.32244743,0.15637824,0.86467253,-0.10132992,-0.49200982,2.0851931,-0.1166567,0
13,12400,6.200000,3,1.8887193,0.41455539,0.37084146,0.33447511,-0.12705921,-0.2217178,0.03563577,0.019901418,-0.51637405,0.0056493703,0.1235017,0.17721908,-0.97639169,2.923869,0.96216261,0
13,12400,6.200000,4,1.8887193,0.1546276,0.23869038,1.3020232,-0.12704977,0.077877801,0.005418869,-0.13005025,-0.035802675,0.15724825,0.078716753,0.73016207,-0.67872456,2.3168208,1.4634039,0
13,12400,6.200000,5,1.8887193,0.23161964,0.71114453,1.840155,0.017058801,0.0047999575,0.012620533,0.062795492,-0.18787942,-0.13612114,-0.31677159,-0.83095355,0.45735321,1.0957797,-1.9350042,0
13,12400,6.200000,6,1.8887193,0.71726007,0.85588654,1.445874,0.11451115,0.066150245,-0.013578438,0.041661249,0.38082805,0.39946228,0.87565172,0.37359606,-0.30603928,1.8818262,0.40326666,0
13,12400,6.200000,7,1.8887193,0.31529477,1.0724199,1.1764717,0.084334235,0.043994799,-0.19474088,0.65666827,0.2276573,-0.43107116,-0.7372887,0.64341476,0.20596801,1.3633435,2.42408,0
13,12400,6.200000,8,1.8887193,0.662304,0.98242284,0.52254753,0.2864682,-0.090623787,0.25114827,0.61831108,0.029251779,0.15174501,0.38496059,0.010245292,-0.92287614,2.7462798,0.026607592,0
13,12400,6.200000,9,1.8887193,1.8012065,1.6504462,0.93882011,-0.18982548,0.061146541,0.22317637,0.1586218,-0.093467863,0.35348642,-0.58447148,0.33624761,0.73846505,0.7400052,2.6195314,0
13,12400,6.200000,10,1.8887193,0.65231912,1.612735,1.0061981,-0.20933919,0.1424502,-0.069018231,-0.33407604,0.20440731,0.21771742,-0.53324085,-0.054474074,0.84420778,0.56571086,-3.0397892,0
13,12400,6.200000,11,1.8887193,0.80724303,0.27635781,1.734952,-0.030495313,0.031026509,-0.048041965,-0.29720596,-0.11265319,-0.085441119,-0.72946108,-0.18173789,-0.65943755,2.2908667,-2.8974236,0
13,12400,6.200000,12,1.8887193,0.2666066,1.4734562,1.5741498,-0.079754825,-0.074626761,0.25521994,-0.069244926,-0.19318379,0.55588061,-0.87451035,-0.48096969,-0.062448368,1.6332854,-2.6387591,0
13,12400,6.200000,13,1.8887193,0.40448573,1.5008685,0.24284069,0.11419025,0.027473049,0.23898554,0.34582955,0.053399331,0.069778096,0.79658859,0.054272215,0.60208068,0.92469183,0.068025672,0
13,12400,6.200000,14,1.8887193,0.78067855,1.4229589,1.6285066,-0.011780616,0.15306791,0.066370192,-0.43891094,0.18612858,-0.16709675,0.59018894,0.29996834,0.74946382,0.72354451,0.47023228,0
13,12400,6.200000,15,1.8887193,0.32675884,1.7818613,0.65867154,-0.32342663,0.11689847,0.041283987,-0.3734539,0.67837901,0.34402883,-0.53754324,-0.55319512,0.63641372,0.8809564,-2.3418457,0
13,12400,6.200000,16,1.8887193,1.1229424,0.034199743,0.1921126,-0.23347987,0.066121547,-0.020099679,-0.26084192,0.069383682,0.33086605,-0.06964122,0.75308793,0.65422371,0.85764059,1.6630083,0
13,12400,6.200000,17,1.8887193,1.4780174,0.56592799,0.70850055,0.072416139,-0.1347497,0.023668106,0.16486373,-0.27097837,-0.23922735,0.75885523,-0.65009374,-0.038947058,1.6097532,-0.7083576,0
13,12400,6.200000,18,1.8887193,1.7191699,0.061727075,0.43183407,0.15231878,-0.083507289,-0.18366817,0.021360069,-0.017881485,-0.26950611,-0.037380737,-0.89794574,0.43851582,1.1168497,-1.6124015,0
13,12400,6.200000,19,1.8887193,0.0024664149,0.58351757,0.49273138,0.089416243,0.053686485,0.071325597,0.25203693,-0.076752134,0.00031279613,0.60058321,-0.61607722,0.50965544,1.0360121,-0.79813234,0
13,12400,6.200000,20,1.8887193,1.2722257,0.08595681,0.66390471,0.13175272,-0.10698422,-0.27272548,0.17720998,-0.26472635,-0.72087887,0.51513549,0.022402387,0.85681594,0.54173388,0.043460954,0
13,12400,6.200000,21,1.8887193,1.3377254,0.56240752,0.095428318,0.0047000089,0.028827172,-0.0076323352,-0.0080145811,0.21771991,-0.17874075,-0.22458395,-0.55601258,-0.8002575,2.4985208,-1.9546764,0
13,12400,6.200000,22,1.8887193,1.5213206,0.11435141,1.2613791,0.024160692,0.13477122,-0.03897718,0.16739565,-0.059200888,-0.27417267,-0.717652,0.67315708,-0.17842406,1.7501809,2.3881757,0
13,12400,6.200000,23,1.8887193,1.6021401,0.89366945,1.1085101,-0.049835517,-0.026552543,-0.060112733,0.027532477,-0.43153128,-0.22988418,0.53611964,0.58997237,-0.60374525,2.2189873,0.83318442,0
13,12400,6.200000,24,1.8887193,1.2725063,1.2663546,0.28037382,0.19713688,-0.13740424,-0.15602922,-0.18256271,-0.46336,-0.041372596,0.68712575,0.31625904,0.65409359,0.85781263,0.43135637,0
13,12400,6.200000,25,1.8887193,1.3164409,1.5409581,0.98496474,-0.099641706,0.04651672,0.13172938,0.11034721,-0.13518955,0.12849439,0.030452786,0.9094768,0.41463788,1.1432515,1.537325,0
13,12400,6.200000,26,1.8887193,0.034444795,1.1212804,0.66525632,0.079439995,0.13001855,-0.010652957,-0.055837971,0.41417741,-0.083154987,-0.30615162,0.85148302,0.42573214,1.1310255,1.9159544,0
13,12400,6.200000,27,1.8887193,1.4812619,1.524014,1.786143,-0.27894986,-0.1703686,-0.10824533,-0.27337557,0.12396114,-0.080355132,-0.13883851,0.48723236,-0.86216501,2.610324,1.8483924,0
13,12400,6.200000,28,1.8887193,1.2033312,0.6151352,1.0552528,0.14315541,-0.036975506,-0.15602068,0.29387371,0.062767803,-0.08268374,0.94746111,-0.0773187,0.31038567,1.2551976,-0.081425765,0
13,12400,6.200000,29,1.8887193,1.1542099,1.7676656,1.5074292,0.15778685,0.0016882849,0.04401786,0.14273533,-0.058240698,0.11281606,0.49632675,-0.71760017,0.48857932,1.0603356,-0.96569773,0
13,12400,6.200000,30,1.8887193,1.734918,0.97641199,0.139866,-0.031788818,-0.14354553,-0.00086738809,-0.45674964,0.00080214217,-0.17739678,-0.76979787,-0.15601176,0.61892775,0.9034195,-2.9416351,0
13,12400,6.200000,31,1.8887193,1.5061744,1.172379,1.4791056,0.17678191,-0.090623479,0.033468395,0.16047889,-0.083005769,-0.10817952,-0.92827574,0.196471,0.31575828,1.2495406,2.9330192,0
14,12500,6.250000,0,1.9046463,1.6738138,0.50911111,1.5771806,-0.099204322,0.11969893,0.016033761,-0.34996516,0.10619098,0.17950092,0.38930791,-0.019669524,0.92089764,0.40041928,-0.05048141,0
14,12500,6.250000,1,1.9046463,0.40385066,0.66146445,0.84696699,0.059663978,0.045059813,-0.1442639,-0.23622286,-0.17943467,0.38503866,-0.70642538,0.34656469,-0.6171354,2.2358932,2.685502,0
14,12500,6.250000,2,1.9046463,0.84243634,0.34682062,0.60173215,-0.043035973,-0.023617617,0.072499017,-0.094474511,0.21310246,0.27797652,0.71174386,-0.046962014,-0.70086749,2.3474093,-0.065886119,0
14,12500,6.250000,3,1.9046463,0.42104782,0.34682764,0.33794335,-0.12407511,-0.24874533,0.036280788,0.098070978,-0.60230203,0.083931883,0.11817067,-0.11755162,-0.98601081,2.9741296,-0.78277198,0
14,12500,6.250000,4,1.9046463,0.14979933,0.2424725,1.3192199,-0.13315633,0.079639723,0.011610023,-0.16469857,0.065162264,0.077981026,0.38314782,0.74659187,-0.54387345,2.1458424,1.0966479,0
14,12500,6.250000,5,1.9046463,0.23537728,0.70718325,1.845354,0.018855728,-0.0051165358,0.0023452789,-0.022088867,-0.14476599,-0.26585256,-0.23482538,-0.8695272,0.43448761,1.121327,-1.834565,0
14,12500,6.250000,6,1.9046463,0.72823132,0.88292986,1.4774558,0.1194134,0.085893263,0.0057296749,0.13143514,0.39913509,0.3449349,0.74294654,0.43008335,-0.51289253,2.1093472,0.52475182,0
14,12500,6.250000,7,1.9046463,0.34698469,1.0925103,1.1636064,0.113244,0.054995644,-0.21743166,0.58619014,0.26645066,-0.43219714,-0.7720911,0.57622326,0.26803375,1.2994448,2.500454,0
14,12500,6.250000,8,1.9046463,0.6965509,0.99633955,0.53921283,0.31501028,-0.085015077,0.26335584,0.52789199,0.16470214,0.31523397,0.44545322,-0.36688717,-0.81667939,2.5264297,-0.68898236,0
14,12500,6.250000,9,1.9046463,1.8201043,1.6543781,0.96497588,-0.18613209,0.051202541,0.24133912,-0.034845544,-0.2725033,0.28151963,-0.33735887,0.42524567,0.83985422,0.57378173,2.2414551,0
14,12500,6.250000,10,1.9046463,0.64078324,1.6380092,1.0255192,-0.22630463,0.15407595,-0.058227427,-0.33704407,0.30554844,0.20304896,-0.47001344,-0.28741728,0.83455298,0.58347544,-2.5927539,0
14,12500,6.250000,11,1.9046463,0.7972306,0.27437628,1.7419836,-0.047244635,0.026732573,-0.055608917,-0.32276239,-0.039195746,-0.13060867,-0.80140611,-0.38106692,-0.46101653,2.0499367,-2.6977382,0
14,12500,6.250000,12,1.9046463,0.26275614,1.4738092,1.6135904,-0.085827997,-0.086648401,0.28127681,-0.1211934,-0.29465965,0.47717575,-0.89027804,-0.40772188,-0.20289871,1.7751136,-2.7121295,0
14,12500,6.250000,13,1.9046463,0.42370445,1.5182655,0.24673751,0.12993198,0.032193916,0.24082684,0.28415503,0.089513036,-0.033345535,0.78027259,0.43300339,0.45131225,1.102561,0.50662694,0
14,12500,6.250000,14,1.9046463,0.76170264,1.4480869,1.6309673,-0.037232874,0.16614166,0.055145416,-0.47249631,0.31466635,-0.30347482,0.31327427,0.2024092,0.92784145,0.38221319,0.57363474,0
14,12500,6.250000,15,1.9046463,0.31710716,1.8317835,0.6813199,-0.33578188,0.15164887,0.05830652,-0.21285624,0.64418807,0.36470421,-0.32121587,-0.87788919,0.35514918,1.2077227,-1.9215613,0
14,12500,6.250000,16,1.9046463,1.116639,0.035871008,0.2058405,-0.24918678,0.067498635,-0.0080424289,-0.4092985,-0.0028064589,0.14533384,0.010021143,0.94128326,0.33746912,1.2265693,1.5601505,0
14,12500,6.250000,17,1.9046463,1.5014899,0.55481191,0.70049066,0.083378952,-0.15057162,0.0097421383,0.27210379,-0.31289125,-0.31705461,0.52093809,-0.85303098,0.031010664,1.5397807,-1.0225531,0
14,12500,6.250000,18,1.9046463,1.7350939,0.061564802,0.42587598,0.15373965,-0.084187231,-0.19322763,0.1047827,0.0097109285,-0.16444494,-0.6074266,-0.69937875,0.37669921,1.1845659,-2.2859462,0
14,12500,6.250000,19,1.9046463,0.015135188,0.58381167,0.49507001,0.10201134,0.04907932,0.069516786,0.29620654,-0.069643789,-0.019202451,0.6148005,-0.64388933,0.4554414,1.0979284,-0.80850445,0
14,12500,6.250000,20,1.9046463,1.293444,0.075600906,0.63813405,0.14219894,-0.11801864,-0.30396347,0.2092452,-0.25189676,-0.45045526,0.21061715,-0.22435688,0.95147486,0.31280265,-0.81697514,0
14,12500,6.250000,21,1.9046463,1.3504565,0.57852872,0.086280728,0.0061444241,0.040158196,-0.017543029,0.086698952,0.26492162,-0.19908889,-0.26895785,-0.6701248,-0.69180519,2.3347824,-1.9524702,0
14,12500,6.250000,22,1.9046463,1.5414172,0.11191468,1.2546222,0.031398038,0.13138444,-0.056298152,0.14048841,-0.025558831,-0.30844753,-0.9448916,0.31345668,-0.094470987,1.6654084,2.8212784,0
14,12500,6.250000,23,1.9046463,1.6251013,0.88305071,1.1080728,-0.040424209,-0.044631403,-0.069856786,0.41868291,-0.35946867,-0.18291831,0.68040188,0.69075958,-0.24475392,1.8180622,0.79295198,0
14,12500,6.250000,24,1.9046463,1.2730169,1.2568033,0.28096801,0.18695957,-0.15754974,-0.15779193,-0.1637255,-0.36847102,-0.0049444801,0.75430926,0.37438067,0.53931127,1.0011773,0.4607013,0
14,12500,6.250000,25,1.9046463,1.3363414,1.5475882,0.99839667,-0.090879178,0.040179055,0.13683399,0.20228454,-0.12680946,0.068888616,0.015637256,0.99764151,0.066834787,1.5039117,1.5551234,0
14,12500,6.250000,26,1.9046463,0.037002749,1.1501861,0.66611315,0.081698007,0.14938754,-0.015386135,0.098976157,0.37606207,-0.041059085,-0.53696525,0.54946218,0.64012471,0.87613575,2.3446922,0
14,12500,6.250000,27,1.9046463,1.4850355,1.5392252,1.7992492,-0.28763079,-0.16801876,-0.11019295,-0.060423785,-0.047454049,0.022914597,-0.1783501,0.65106957,-0.73776667,2.4005523,1.8381712,0
14,12500,6.250000,28,1.9046463,1.2244575,0.62341655,1.0586258,0.15408852,-0.033894321,-0.16152315,0.0173983,-0.029124769,-0.12629341,0.83559416,0.33176227,0.43785408,1.1175859,0.37794995,0
14,12500,6.250000,29,1.9046463,1.1671078,1.7829835,1.5244896,0.16093845,0.0020983804,0.048348464,-0.061603263,0.13385519,0.0098178406,0.47625724,-0.43210108,0.76581179,0.69849357,-0.73682545,0
14,12500,6.250000,30,1.9046463,1.7270531,0.9825237,0.13401834,-0.054189673,-0.14565871,-0.0078651158,-0.46256797,-0.048452508,-0.18014537,-0.9230187,-0.0040651301,0.38473363,1.1758771,-3.1371885,0
14,12500,6.250000,31,1.9046463,1.5233281,1.1778315,1.4853177,0.18121594,-0.095038723,0.027233828,0.060673897,-0.18677641,-0.1583923,-0.95751199,0.24935986,-0.14488079,1.7161888,2.8868267,0
15,12600,6.300000,0,1.9291666,1.6807041,0.52347655,1.6022441,-0.11376937,0.12746046,0.020762536,-0.24639856,0.2732558,0.035680567,0.024140161,-0.14231677,0.98952675,0.14485566,-1.4027728,0
15,12600,6.300000,1,1.9291666,0.39541434,0.66318782,0.87685884,0.046115178,0.038310706,-0.1253965,-0.24269894,-0.054684054,0.33971732,-0.71742121,-0.2256515,-0.65908134,2.2903929,-2.8368582,0
15,12600,6.300000,2,1.9291666,0.85056046,0.35970271,0.61929427,-0.045740021,-0.015253956,0.082252105,-0.05429404,0.11978658,0.13552452,0.6235437,0.078463242,-0.7778411,2.4620196,0.12517646,0
15,12600,6.300000,3,1.9291666,0.42766277,0.32153642,0.34398204,-0.12288829,-0.27831248,0.037958085,-0.010855931,-0.59252101,-0.0032110761,0.015722858,-0.52826816,-0.848932,2.5847575,-1.5410421,0
15,12600,6.300000,4,1.9291666,0.14354045,0.24950128,1.3401288,-0.14129167,0.083522099,0.015510505,-0.11162425,0.13757453,0.092453827,0.51734824,0.76095852,-0.39152641,1.9730862,0.97371273,0
15,12600,6.300000,5,1.9291666,0.23554571,0.7120248,1.8599575,0.016012117,-0.0093521235,-0.0067499911,-0.13292529,-0.058976218,-0.1243307,-0.21650264,-0.88164279,0.41932397,1.1380958,-1.8115987,0
15,12600,6.300000,6,1.9291666,0.74027728,0.91352486,1.5118345,0.12206719,0.10499929,0.020990089,0.015765142,0.34059593,0.27248026,0.53623585,0.47600996,-0.69704062,2.3420582,0.72597092,0
15,12600,6.300000,7,1.9291666,0.37819144,1.1192027,1.1629484,0.13981376,0.067542924,-0.23297046,0.50341003,0.29265955,-0.2195731,-0.7868048,0.54046399,0.29805516,1.2681418,2.5397061,0
15,12600,6.300000,8,1.9291666,0.73063614,1.0164355,0.56174134,0.33996854,-0.077792154,0.2788435,0.47184666,0.14673091,0.27434325,0.53129785,-0.60402199,-0.59403706,2.2068644,-0.84936685,0
15,12600,6.300000,9,1.9291666,1.8407455,1.6601117,0.99444266,-0.18890512,0.035736714,0.25827456,-0.057774866,-0.38021827,0.37473557,-0.22449246,0.55736125,0.79934446,0.64459288,1.9536946,0
15,12600,6.300000,10,1.9291666,0.63077128,1.6743415,1.0447744,-0.24444993,0.16922381,-0.052213085,-0.32376595,0.23943501,0.045759417,-0.3440965,-0.40991959,0.8447269,0.56474165,-2.2691186,0
15,12600,6.300000,11,1.9291666,0.79540309,0.28204666,1.7552856,-0.059258789,0.030844352,-0.064675074,-0.16828874,0.13498192,-0.19797237,-0.82244882,-0.45823576,-0.33704293,1.9145706,-2.6332688,0
15,12600,6.300000,12,1.9291666,0.25910482,1.4820117,1.6574536,-0.092817316,-0.097351228,0.30422001,-0.18525834,-0.16280339,0.45044394,-0.90236301,-0.23444418,-0.36163092,1.9408129,-2.8874013,0
15,12600,6.300000,13,1.9291666,0.44177283,1.5415441,0.25410633,0.14246547,0.035902803,0.24499253,0.25604526,0.055123132,0.11744759,0.65490451,0.71844055,0.23439977,1.3341952,0.83162891,0
15,12600,6.300000,14,1.9291666,0.75178364,1.4817,1.6361469,-0.056832613,0.18101706,0.039428539,-0.29899573,0.31707666,-0.29934168,0.010757764,0.00022904556,0.99994211,0.01076041,0.021287969,0
15,12600,6.300000,15,1.9291666,0.31101936,1.8867785,0.70691919,-0.34588745,0.18286201,0.075027606,-0.28617574,0.55766409,0.32131238,-0.031603083,-0.99948419,0.005709722,1.5650866,-1.6024052,0
15,12600,6.300000,16,1.9291666,1.1086382,0.035425306,0.21146894,-0.27142088,0.066596899,-0.0050828912,-0.45375437,-0.058621001,-0.0052980761,0.033589736,0.99566238,-0.086764958,1.6576705,1.537073,0
15,12600,6.300000,17,1.9291666,1.534326,0.54517276,0.69748975,0.096799125,-0.16724674,-0.0022004577,0.21206122,-0.27303673,-0.19096894,0.15077489,-0.97894973,0.13756581,1.4327929,-1.4179801,0
15,12600,6.300000,18,1.9291666,1.7659214,0.064350251,0.42246533,0.16217568,-0.082207028,-0.20206446,0.23416396,0.042888314,-0.28180799,-0.91241361,-0.26276399,0.31377777,1.2516272,-2.8611923,0
15,12600,6.300000,19,1.9291666,0.028422567,0.58800121,0.50014357,0.11502066,0.045774049,0.068225112,0.19093626,-0.045538734,-0.052818359,0.71377782,-0.60868859,0.34643819,1.2170248,-0.70610022,0
15,12600,6.300000,20,1.9291666,1.3213675,0.065334563,0.63011997,0.1533991,-0.12918684,-0.3200897,0.27849986,-0.28869084,-0.2450796,-0.10989234,-0.48373674,0.86828707,0.51905756,-1.7941789,0
15,12600,6.300000,21,1.9291666,1.3755029,0.601249,0.082412696,0.013756497,0.055333483,-0.022490192,0.097947729,0.30243486,-0.035527131,-0.22173285,-0.70683428,-0.671729,2.3073366,-1.8747727,0
15,12600,6.300000,22,1.9291666,1.5716329,0.11281136,1.256518,0.041703757,0.13084379,-0.070463699,0.30864649,-0.0021644429,-0.24129449,-0.99652153,0.079889033,0.023718627,1.5470755,3.0615958,0
15,12600,6.300000,23,1.9291666,1.6752988,0.88237979,1.1109955,-0.011334138,-0.056594134,-0.081127281,0.66401972,-0.14043773,-0.26778548,0.7232699,0.68709546,0.06914102,1.5016001,0.7597548,0
15,12600,6.300000,24,1.9291666,1.2812425,1.2539889,0.28853624,0.17884833,-0.17642337,-0.15386597,-0.18298028,-0.38697989,0.12119195,0.7306331,0.49161365,0.47380512,1.0771896,0.59227791,0
15,12600,6.300000,25,1.9291666,1.3650042,1.5602123,1.0133015,-0.079493151,0.032925957,0.13887251,0.23622808,-0.15460622,0.04993867,0.10465458,0.95723852,-0.26970696,1.843885,1.4618992,0
15,12600,6.300000,26,1.9291666,0.043007807,1.1849189,0.67175999,0.087191559,0.16918629,-0.018296177,0.16878874,0.4515996,0.0076233718,-0.67537254,0.24244254,0.69648657,0.80030683,2.7969439,0
15,12600,6.300000,27,1.9291666,1.5014205,1.5544991,1.8237037,-0.29034664,-0.17253194,-0.10891003,-0.067501978,-0.10344577,-0.013404583,-0.06206162,0.83698686,-0.54369233,2.1456266,1.6448097,0
15,12600,6.300000,28,1.9291666,1.2356822,0.6200477,1.0666696,0.14957849,-0.045216579,-0.16707251,-0.11433457,-0.32863717,-0.110887,0.55441355,0.62950595,0.54437843,0.99514838,0.84874026,0
15,12600,6.300000,29,1.9291666,1.173589,1.8102541,1.5443691,0.15244867,0.0063875268,0.048600197,-0.2289643,0.042665635,0.10378379,0.22722251,-0.067866355,0.97147521,0.23942197,-0.29024347,0
15,12600,6.300000,30,1.9291666,1.7268765,0.98990223,0.12726838,-0.076457813,-0.15089563,-0.016286551,-0.44388056,-0.1307017,-0.088312776,-0.96206058,0.17037985,0.21309655,1.3560531,2.9663112,0
15,12600,6.300000,31,1.9291666,1.5446681,1.1820464,1.4922874,0.1829338,-0.10591754,0.015158869,-0.017360643,-0.2871108,-0.28041738,-0.73237007,0.334444,-0.59311153,2.2057144,2.7132142,0
16,12700,6.350000,0,1.9183531,1.6597566,0.53832581,1.59349,-0.12532863,0.14529408,0.020990079,-0.30277109,0.33567299,-0.056026023,-0.22582885,-0.24730112,0.94225447,0.34149673,-2.3108421,0
16,12700,6.350000,1,1.9183531,0.38204991,0.6559603,0.88977452,0.034935727,0.034790638,-0.10751555,-0.17623627,-0.044827294,0.34618002,-0.47106358,-0.74803339,-0.46748813,2.0572435,-2.1327941,0
16,12700,6.350000,2,1.9183531,0.84903673,0.36269485,0.62016662,-0.042486995,-0.010231479,0.086607999,0.19727792,0.046891573,0.036189223,0.55412597,0.25768571,-0.79154437,2.4841284,0.4352831,0
16,12700,6.350000,3,1.9183531,0.42612146,0.29025184,0.33955619,-0.12203002,-0.30787785,0.035453313,0.083246884,-0.60308705,-0.13376552,0.0033254243,-0.8845575,-0.46641931,2.0560348,-1.5670369,0
16,12700,6.350000,4,1.9183531,0.13710085,0.25313939,1.3399129,-0.14694257,0.088572925,0.022826882,-0.10694819,0.1446725,0.19349185,0.47805478,0.86161268,-0.17054973,1.7421839,1.0642469,0
16,12700,6.350000,5,1.9183531,0.22855972,0.7039782,1.8387589,0.010330453,-0.013419066,-0.017553424,-0.11317322,-0.11981913,-0.26759679,-0.25601984,-0.90655568,0.33557508,1.2285807,-1.8460379,0
16,12700,6.350000,6,1.9183531,0.73819946,0.91994064,1.5141773,0.12414466,0.11656813,0.031837646,-0.012433565,0.21864011,0.17797528,0.31040173,0.51766244,-0.79729315,2.4935936,1.0306549,0
16,12700,6.350000,7,1.9183531,0.39984081,1.1240481,1.1480167,0.16364998,0.078693077,-0.24140724,0.51491052,0.18729053,-0.066496843,-0.84880361,0.43486626,0.30070545,1.2653641,2.668131,0
16,12700,6.350000,8,1.9183531,0.74868111,1.0168474,0.57380689,0.36217132,-0.071665653,0.29410065,0.36051135,0.062167315,0.36326405,0.6438791,-0.74980229,-0.15236875,1.7237609,-0.86125477,0
16,12700,6.350000,9,1.9183531,1.8269785,1.6358652,1.0060268,-0.19236398,0.020753471,0.27548116,-0.058064341,-0.26253247,0.29600723,-0.052095033,0.68335927,0.72822127,0.75507336,1.6468829,0
16,12700,6.350000,10,1.9183531,0.61395527,1.678472,1.0429068,-0.25776774,0.18277743,-0.048213266,-0.2769253,0.27237627,0.062434914,-0.15944322,-0.38352366,0.90966338,0.42832344,-1.9647911,0
16,12700,6.350000,11,1.9183531,0.77976109,0.28795384,1.7355209,-0.070473866,0.038353582,-0.0746289,-0.24121077,0.11363853,-0.21786446,-0.77327597,-0.60520237,-0.18914113,1.7610837,-2.4775225,0
16,12700,6.350000,12,1.9183531,0.24390852,1.4624794,1.6718654,-0.1066,-0.10860805,0.32798911,-0.33681441,-0.23274996,0.46407591,-0.86605802,0.011453093,-0.49981229,2.0941784,3.128369,0
16,12700,6.350000,13,1.9183531,0.4541986,1.5368842,0.25597065,0.15740949,0.039894807,0.24829045,0.38125529,0.011383483,-0.0079369522,0.42071541,0.90704617,-0.016303219,1.5871003,1.1365009,0
16,12700,6.350000,14,1.9183531,0.73473029,1.4835041,1.6125164,-0.069708212,0.19115498,0.024928383,-0.2736596,0.21764125,-0.23217278,-0.24964973,-0.30358283,0.91951752,0.40394513,-2.2590144,0
16,12700,6.350000,15,1.9183531,0.29422662,1.9042889,0.71995879,-0.36097926,0.21102745,0.092077592,-0.34969577,0.51342818,0.34552051,0.24918427,-0.87993659,-0.40449821,1.9872264,-1.2948372,0
16,12700,6.350000,16,1.9183531,1.0813189,0.027459527,0.20839964,-0.29258544,0.058807797,-0.0069721607,-0.43689579,-0.22267639,-0.010357334,-0.03762021,0.84121344,-0.53939286,2.1405123,1.6154879,0
16,12700,6.350000,17,1.9183531,1.5352858,0.52842244,0.68368506,0.10638625,-0.18097981,-0.012123422,0.17932363,-0.29722312,-0.15439747,-0.10296926,-0.97473541,0.19821256,1.3712624,-1.6760442,0
16,12700,6.350000,18,1.9183531,1.7689542,0.069344887,0.40923299,0.17514336,-0.076836598,-0.2129594,0.30527674,0.14544672,-0.18486774,-0.95651197,0.13364507,0.25927562,1.3085242,3.0027701,0
16,12700,6.350000,19,1.9183531,0.036146041,0.58680403,0.49372368,0.12292567,0.047878683,0.064598462,0.13624764,0.082747267,-0.023229664,0.83350109,-0.49954448,0.23607468,1.332472,-0.53992871,0
16,12700,6.350000,20,1.9183531,1.3249096,0.051768172,0.61716688,0.16437871,-0.14242422,-0.32953735,0.11695202,-0.26149271,-0.13419101,-0.38655487,-0.69541884,0.60577881,0.92005196,-2.0781267,0
16,12700,6.350000,21,1.9183531,1.3714183,0.6139884,0.079612836,0.017392113,0.071488449,-0.024834697,0.040453701,0.31669711,-0.10235377,-0.10690228,-0.73472521,-0.66988862,2.3048551,-1.7152821,0
16,12700,6.350000,22,1.9183531,1.5769655,0.11385117,1.2371814,0.055885613,0.13252064,-0.082791794,0.3051123,0.10715131,-0.22521675,-0.99723713,-0.0016593944,0.074265379,1.4964625,-3.1399287,0
16,12700,6.350000,23,1.9183531,1.6991507,0.8728027,1.0892952,0.022001941,-0.061238314,-0.096643713,0.70687707,-0.098720607,-0.26642284,0.6583245,0.62562018,0.41857884,1.1389164,0.75993192,0
16,12700,6.350000,24,1.9183531,1.2651751,1.2254852,0.28879961,0.1699376,-0.19795866,-0.15197998,-0.19585892,-0.38500436,-0.041025529,0.64726369,0.66157374,0.37864217,1.1824675,0.79633113,0
16,12700,6.350000,25,1.9183531,1.3673161,1.5435919,1.0122639,-0.069501888,0.02502876,0.14352782,0.15616114,-0.084118137,0.11858628,0.38903333,0.70017789,-0.59866852,2.2126341,1.063648,0
16,12700,6.350000,26,1.9183531,0.048592171,1.2018323,0.67289721,0.093033412,0.19280785,-0.013379754,0.14593685,0.40952979,0.1441989,-0.73192462,-0.053220225,0.67930402,0.82398249,-3.0690077,0
16,12700,6.350000,27,1.9183531,1.4941995,1.5425894,1.8137943,-0.28914846,-0.1757372,-0.1085962,-0.023907803,-0.056829354,0.023796611,0.017272429,0.9695407,-0.24432046,1.8176152,1.5529831,0
16,12700,6.350000,28,1.9183531,1.2198971,0.59901975,1.0566674,0.14069478,-0.06281847,-0.17110715,-0.12750285,-0.39717559,-0.079137277,0.19224082,0.84928373,0.49169158,1.056765,1.3481912,0
16,12700,6.350000,29,1.9183531,1.1564827,1.8031514,1.5391315,0.14189103,0.009440334,0.052028804,-0.21273005,0.11650914,0.00064107668,-0.20605369,0.34220775,0.91675282,0.41092224,2.1127808,0
16,12700,6.350000,30,1.9183531,1.696673,0.9772313,0.12155324,-0.097039596,-0.15803797,-0.021302417,-0.42077405,-0.10948018,-0.085496145,-0.89027339,0.43703752,0.12810737,1.4423359,2.6852494,0
16,12700,6.350000,31,1.9183531,1.5331333,1.1638079,1.4687983,0.1800491,-0.1175631,-8.1304178e-06,-0.00093136458,-0.16933277,-0.30321854,-0.40876032,0.33948355,-0.84715165,2.5813979,2.4485171,0
17,12800,6.400000,0,1.9210838,1.648364,0.55882112,1.5928019,-0.13907403,0.16500906,0.018035739,-0.36165758,0.42629113,-0.0085844827,-0.30849557,-0.38567178,0.86953307,0.51654024,-2.2454711,0
17,12800,6.400000,1,1.9210838,0.37636726,0.65533593,0.9127588,0.028713654,0.033233621,-0.085813278,-0.041764177,-0.089699044,0.42166423,0.015168708,-0.98880015,-0.14847277,1.7198201,-1.555457,0
17,12800,6.400000,2,1.9210838,0.86116184,0.36352148,0.62404547,-0.031578229,-0.0099213543,0.089601918,0.2716469,-0.022797567,0.02995595,0.44646429,0.36001782,-0.81918057,2.5307771,0.67861631,0
17,12800,6.400000,3,1.9210838,0.43259637,0.26187749,0.33542535,-0.11616587,-0.33664491,0.030842391,0.14201191,-0.52596057,-0.053946468,0.071206247,-0.99664521,0.040348477,1.5304369,-1.4994716,0
17,12800,6.400000,4,1.9210838,0.12738765,0.26152294,1.3523347,-0.15684389,0.096590433,0.033333856,-0.2791397,0.12464922,0.25022188,0.37828957,0.92539704,-0.023180091,1.5939785,1.1827386,0
17,12800,6.400000,5,1.9210838,0.22138793,0.70023685,1.8313077,0.0028386382,-0.018159145,-0.027614939,-0.038978848,-0.054484404,-0.16100089,-0.24406954,-0.89191681,0.38067632,1.1802688,-1.8379034,0
17,12800,6.400000,6,1.9210838,0.73897582,0.93691436,1.5210367,0.1238704,0.1322212,0.036538315,-0.0029534428,0.40213359,0.0031449693,0.0024316526,0.61327112,-0.78986873,2.4813913,1.5668313,0
17,12800,6.400000,7,1.9210838,0.42607965,1.1316176,1.1460481,0.18930142,0.084658204,-0.24500747,0.48526216,0.032032665,-0.037377818,-0.92376835,0.33808069,0.17987076,1.3899413,2.7907533,0
17,12800,6.400000,8,1.9210838,0.7679303,1.0230874,0.5898201,0.38034185,-0.066876452,0.30928625,0.33298488,0.15562185,0.27710589,0.69609268,-0.66348822,0.27429612,1.2929387,-0.76142151,0
17,12800,6.400000,9,1.9210838,1.8321623,1.6290901,1.0247906,-0.1897827,0.011656224,0.29280055,0.1138282,-0.10321407,0.3883375,0.18049963,0.80574418,0.56408882,0.971467,1.3504186,0
17,12800,6.400000,10,1.9210838,0.60106303,1.6940414,1.0461268,-0.27152415,0.19594823,-0.046479051,-0.27245944,0.3121206,0.0092972696,-0.0042549817,-0.36470547,0.93111321,0.37334312,-1.5824627,0
17,12800,6.400000,11,1.9210838,0.77437236,0.29138873,1.7286327,-0.076967963,0.041376427,-0.083980928,-0.0070241601,-0.018670803,-0.1938708,-0.5768289,-0.81166333,-0.092038329,1.6629651,-2.1886509,0
17,12800,6.400000,12,1.9210838,0.22376745,1.4526992,1.6928582,-0.1270737,-0.12046169,0.34658879,-0.41130434,-0.24240867,0.33480375,-0.76093227,0.32918152,-0.55912575,2.1641273,2.7332999,0
17,12800,6.400000,13,1.9210838,0.48038372,1.5410668,0.25528139,0.18292992,0.041888334,0.24723757,0.57452063,0.019465287,-0.051155989,0.12800552,0.955283,-0.26655015,1.8406082,1.4375923,0
17,12800,6.400000,14,1.9210838,0.7226722,1.5008442,1.6011691,-0.08280286,0.20637249,0.011295369,-0.23876526,0.28128338,-0.34313326,-0.34023155,-0.66039263,0.66942069,0.83736763,-2.0465266,0
17,12800,6.400000,15,1.9210838,0.28012738,0.012637246,0.73737762,-0.37548701,0.23772992,0.10845992,-0.32823334,0.59928518,0.30674219,0.57121997,-0.4408347,-0.69236733,2.3355612,-0.65727168,0
17,12800,6.400000,16,1.9210838,1.0534942,0.016075508,0.2086884,-0.3219285,0.047392809,-0.0069800463,-0.63352173,-0.23410525,-0.053369472,-0.15350148,0.41146526,-0.89840616,2.686923,1.9278656,0
17,12800,6.400000,17,1.9210838,1.5465046,0.50997433,0.67611609,0.11541318,-0.20016648,-0.020659534,0.15814312,-0.4744594,-0.25087849,-0.31838834,-0.89867661,0.30167733,1.2643449,-1.9112841,0
17,12800,6.400000,18,1.9210838,1.7870783,0.076425203,0.40176896,0.19073829,-0.069859955,-0.22100024,0.29182619,0.17597461,-0.068735581,-0.84634002,0.50597412,0.16642946,1.4035888,2.6027645,0
17,12800,6.400000,19,1.9210838,0.044393977,0.59032274,0.49223636,0.13111632,0.050560183,0.062409891,0.22480287,0.014127683,-0.10293376,0.90417872,-0.37814586,0.19866191,1.3708039,-0.39611417,0
17,12800,6.400000,20,1.9210838,1.3257448,0.04056251,0.61180874,0.16332865,-0.15369555,-0.33576959,-0.037471383,-0.25508498,-0.043537533,-0.51051968,-0.76415411,0.39425647,1.1655377,-2.15978,0
17,12800,6.400000,21,1.9210838,1.3780101,0.62677007,0.074830798,0.022028423,0.083387657,-0.029726583,0.079603292,0.1618733,-0.035483316,0.010973206,-0.72881987,-0.68461755,2.3248752,-1.5557413,0
17,12800,6.400000,22,1.9210838,1.5900482,0.12041737,1.2262247,0.066715856,0.13892023,-0.0955006,0.15055041,0.096596439,-0.26565599,-0.98308041,-0.13321616,0.12572334,1.4447394,-3.0069042,0
17,12800,6.400000,23,1.9210838,1.7348083,0.86701573,1.0780485,0.055217139,-0.068262704,-0.10943194,0.62340726,-0.14419079,-0.2669834,0.53234966,0.40975091,0.74074829,0.73661276,0.65599198,0
17,12800,6.400000,24,1.9210838,1.2597049,1.2084837,0.2883672,0.16267158,-0.21669128,-0.15282289,-0.10910003,-0.36252039,-0.05819928,0.43122978,0.84537569,0.31524724,1.2500792,1.099098,0
17,12800,6.400000,25,1.9210838,1.3751217,1.5447535,1.0192723,-0.063646874,0.023993809,0.14909131,0.035296666,-0.033430764,0.067696369,0.55467933,0.35108685,-0.75436653,2.4254849,0.56429906,0
17,12800,6.400000,26,1.9210838,0.054706496,1.2194698,0.68261892,0.09907427,0.20872318,-0.0046221257,0.078646372,0.29640871,0.18651685,-0.64999103,-0.46215121,0.60326439,0.92320846,-2.5235145,0
17,12800,6.400000,27,1.9210838,1.4977257,1.5417498,1.8202888,-0.28775023,-0.1787705,-0.10468648,0.021958645,-0.055083254,0.11486457,0.1706712,0.97100704,0.16738183,1.4026229,1.3968063,0
17,12800,6.400000,28,1.9210838,1.2142144,0.58138455,1.050428,0.13328084,-0.081293228,-0.17884519,-0.18256615,-0.31544729,-0.22484841,-0.094923763,0.93428737,0.34365186,1.2199935,1.6720491,0
17,12800,6.400000,29,1.9210838,1.1487912,1.8084788,1.541391,0.13255986,0.012199012,0.052097317,-0.10951034,0.01635624,0.0056955961,-0.59868325,0.6781713,0.42621831,1.1304881,2.2940217,0
17,12800,6.400000,30,1.9210838,1.6743236,0.97014709,0.11545053,-0.12178652,-0.16650722,-0.0275737,-0.51691752,-0.24627155,-0.1060033,-0.71528538,0.67959368,0.16284733,1.4072205,2.3817766,0
17,12800,6.400000,31,1.9210838,1.5369609,1.1590398,1.4589201,0.18169311,-0.12398331,-0.011968646,0.0010768012,-0.055263709,-0.11365075,0.031585888,0.21641448,-0.9757905,2.9211031,1.4258687,0
18,12900,6.450000,0,1.9225828,1.6341806,0.58071852,1.5882365,-0.15453765,0.18646206,0.012229813,-0.25640597,0.41375125,-0.21426967,-0.32909087,-0.54786327,0.76911965,0.69333379,-2.1117162,0
18,12900,6.450000,1,1.9225828,0.37346829,0.65230979,0.93539577,0.02552226,0.029697522,-0.063897063,-0.069218796,-0.080488083,0.38783663,0.45985831,-0.86906844,0.18234688,1.3874235,-1.0841099,0
18,12900,6.450000,2,1.9225828,0.87365889,0.36815733,0.62498191,-0.019757734,-0.0055708504,0.09005126,0.21648807,0.094046476,-0.056058221,0.4093344,0.43633636,-0.80128393,2.5002345,0.81731696,0
18,12900,6.450000,3,1.9225828,0.43861102,0.23608352,0.32969037,-0.11049097,-0.36263308,0.024848025,0.085144141,-0.49698925,-0.099861578,0.12347412,-0.8637589,0.48854344,1.0603767,-1.4288085,0
18,12900,6.450000,4,1.9225828,0.11927182,0.2680738,1.3641774,-0.16505592,0.10293476,0.044117141,-0.092177101,0.069882913,0.20484212,0.27572682,0.95995309,-0.04964665,1.6204634,1.2910964,0
18,12900,6.450000,5,1.9225828,0.22020666,0.69780024,1.8203406,0.0014851572,-0.021140966,-0.040006105,-0.0061649342,0.03891263,-0.32319902,-0.29048988,-0.82148161,0.49069704,1.0579068,-1.9106898,0
18,12900,6.450000,6,1.9225828,0.73481954,0.95864237,1.5196941,0.11913936,0.15320997,0.034009842,-0.040379455,0.41465537,-0.12534035,-0.23267739,0.68797125,-0.68742766,2.3287375,1.8969277,0
18,12900,6.450000,7,1.9225828,0.45287304,1.1350384,1.1470171,0.21575203,0.087195088,-0.24493278,0.49235689,0.046372255,0.058497039,-0.98359174,0.1645735,0.073911145,1.4968177,2.9758094,0
18,12900,6.450000,8,1.9225828,0.78446025,1.0257629,0.60329676,0.39626639,-0.065000035,0.32229762,0.28990742,-0.070997128,0.23247208,0.65275783,-0.39289728,0.64771825,0.86621061,-0.54181802,0
18,12900,6.450000,9,1.9225828,1.8414293,1.6250861,1.0447841,-0.18194834,0.0063831186,0.31198697,0.20326852,-0.096491621,0.36045673,0.46056535,0.8604513,0.21795211,1.3510807,1.07934,0
18,12900,6.450000,10,1.9225828,0.58573605,1.7098682,1.0482559,-0.28731396,0.2104476,-0.04516671,-0.32598531,0.28082548,0.028133602,0.11848486,-0.39270081,0.91200187,0.42265804,-1.2777642,0
18,12900,6.450000,11,1.9225828,0.77363989,0.29184267,1.7222559,-0.078304131,0.041602908,-0.091703612,-0.058763881,0.0092046082,-0.10769203,-0.25154204,-0.96784498,-0.0016397798,1.5724361,-1.8250699,0
18,12900,6.450000,12,1.9225828,0.20337557,1.441112,1.7120993,-0.14763217,-0.13317737,0.364502,-0.43307161,-0.26997629,0.33574668,-0.64262292,0.61480309,-0.45722307,2.0456666,2.3783153,0
18,12900,6.450000,13,1.9225828,0.50202193,1.5429548,0.25126234,0.204185,0.042573513,0.24302098,0.34300039,0.02417544,-0.13422542,-0.14271345,0.8787676,-0.45541232,2.0436316,1.7317926,0
18,12900,6.450000,14,1.9225828,0.71393332,1.5154589,1.5849655,-0.092102001,0.21981096,-0.0061508253,-0.13768412,0.281547,-0.38344887,-0.27647251,-0.92709414,0.2530996,1.3149135,-1.8606138,0
18,12900,6.450000,15,1.9225828,0.2647635,0.040374689,0.75380807,-0.39106339,0.2654467,0.12430883,-0.23893807,0.5415729,0.36103038,0.69204798,0.017174079,-0.72164718,2.3769751,0.024811221,0
18,12900,6.450000,16,1.9225828,1.0253939,0.0011289287,0.20480838,-0.35083952,0.032439518,-0.011021326,-0.45326045,-0.37999613,-0.10925335,-0.24024894,-0.18133202,-0.95362422,2.8358518,-2.4950475,0
18,12900,6.450000,17,1.9225828,1.5531091,0.4854105,0.67177276,0.12080882,-0.2251185,-0.025528526,0.069419997,-0.51427484,0.083167357,-0.42424639,-0.82255168,0.37871327,1.1823907,-2.0469792,0
18,12900,6.450000,18,1.9225828,1.804327,0.083641249,0.3969375,0.20658643,-0.062706332,-0.22614319,0.36700917,0.09138002,-0.082331377,-0.58973171,0.80755767,-0.008192371,1.5789888,2.2015474,0
18,12900,6.450000,19,1.9225828,0.059944672,0.59212932,0.48895402,0.14662633,0.051905622,0.058744903,0.43846189,0.00051722909,-0.067945024,0.93256058,-0.22462367,0.28262161,1.2842703,-0.2363652,0
18,12900,6.450000,20,1.9225828,1.3251608,0.028991461,0.6129472,0.1617108,-0.16529373,-0.33510876,-0.0075482287,-0.24853432,0.069536082,-0.61241736,-0.78062773,0.12476109,1.4457093,-2.2360262,0
18,12900,6.450000,21,1.9225828,1.3729242,0.63247205,0.0728471,0.015869713,0.088598549,-0.031767873,-0.27370779,-0.032324982,0.069563416,0.28365061,-0.74335997,-0.60577082,2.2215306,-1.2062702,0
18,12900,6.450000,22,1.9225828,1.5968897,0.1207234,1.2178584,0.072314536,0.13913222,-0.10482007,0.013192187,0.062953196,-0.1408848,-0.93388653,-0.16747742,0.31592287,1.2493671,-2.9641451,0
18,12900,6.450000,23,1.9225828,1.7660943,0.85991773,1.0676228,0.085137828,-0.076034188,-0.12069439,0.55196356,-0.12320672,-0.25127788,0.34595813,0.17760842,0.92128618,0.39942135,0.47429522,0
18,12900,6.450000,24,1.9225828,1.2575893,1.1962748,0.28839627,0.15957429,-0.22983802,-0.15301875,-0.19471398,-0.24492091,-0.067207929,0.19971813,0.92027773,0.33645442,1.2276471,1.3570908,0
18,12900,6.450000,25,1.9225828,1.37456,1.5448529,1.0231792,-0.065280878,0.022888368,0.15220166,-0.086358969,-0.002820883,0.10882271,0.46112684,0.029527873,-0.88684279,2.6612633,0.063946859,0
18,12900,6.450000,26,1.9225828,0.060835892,1.238013,0.69119292,0.10515861,0.22630808,0.0034161029,0.17907328,0.3516755,0.16588729,-0.47349866,-0.79779591,0.37325688,1.1882792,-2.106429,0
18,12900,6.450000,27,1.9225828,1.4970058,1.5425878,1.8265993,-0.28963802,-0.17913544,-0.099798114,-0.12849103,0.067263611,0.051976924,0.32290404,0.7526443,0.57381142,0.9596442,1.1655205,0
18,12900,6.450000,28,1.9225828,1.2087227,0.56745633,1.0428062,0.12684425,-0.095669475,-0.18728327,-0.087995375,-0.30762889,-0.12059645,-0.38140979,0.90354323,0.19528495,1.3742483,1.9702308,0
18,12900,6.450000,29,1.9225828,1.1444503,1.8161559,1.5443846,0.12732465,0.018462536,0.053887503,-0.1286327,0.230539,0.11780585,-0.67503489,0.68419443,-0.27605412,1.8504826,2.3494558,0
18,12900,6.450000,30,1.9225828,1.6554229,0.96018899,0.11052827,-0.14198584,-0.17721813,-0.032584081,-0.26852654,-0.18456085,-0.062135474,-0.54083735,0.82848883,0.14526255,1.425018,2.1491373,0
18,12900,6.450000,31,1.9225828,1.5413931,1.1571743,1.451293,0.18492488,-0.12675208,-0.020730648,0.014250477,-0.057646177,-0.24941035,0.44784934,0.093959161,-0.88915839,2.666299,0.20680142,0
19,13000,6.500000,0,1.9310012,1.6316383,0.60411497,1.5823817,-0.16421436,0.20727027,-0.00055143727,-0.12693147,0.35196686,-0.32507273,-0.24926206,-0.82557395,0.50625694,1.0399575,-1.864019,0
19,13000,6.500000,1,1.9310012,0.37309733,0.65425932,0.9592384,0.02352038,0.028792772,-0.04419328,-0.086608583,-0.091611314,0.42400146,0.77061869,-0.5042626,0.38969996,1.1704906,-0.57943465,0
19,13000,6.500000,2,1.9310012,0.89133814,0.37516704,0.6268988,-0.0059341611,-0.00018494692,0.089233336,0.2597982,0.079770017,0.05832342,0.54157038,0.31370587,-0.77992958,2.4653496,0.5250241,0
19,13000,6.500000,3,1.9310012,0.44516975,0.21120593,0.32489748,-0.10586289,-0.38848793,0.018625127,0.13107187,-0.45204668,-0.15613291,0.18138507,-0.56954915,0.80169397,0.64067248,-1.2624807,0
19,13000,6.500000,4,1.9310012,0.11236639,0.27665442,1.3824118,-0.17246741,0.11032542,0.056351607,-0.10501222,0.12338209,0.32226712,0.14890587,0.98251962,-0.1117239,1.682754,1.4203858,0
19,13000,6.500000,5,1.9310012,0.22096059,0.70239372,1.8069708,0.0012753328,-0.019606285,-0.061300042,-0.047999676,-0.0725492,-0.49604919,-0.3679869,-0.71561851,0.59369672,0.93515125,-2.0457568,0
19,13000,6.500000,6,1.9310012,0.7339879,0.98305524,1.5224416,0.11509901,0.17338118,0.030111576,-0.041526609,0.45582986,0.031497745,-0.39311685,0.74131805,-0.54397306,2.1459611,2.0583848,0
19,13000,6.500000,7,1.9310012,0.47685185,1.1446562,1.1559321,0.2376999,0.091832803,-0.24104868,0.33879544,0.089575208,0.016869588,-0.99411131,-0.059485582,0.090576817,1.4800952,-3.081826,0
19,13000,6.500000,8,1.9310012,0.80010603,1.0261664,0.61388114,0.40845065,-0.069079116,0.33022304,0.15471078,-0.09368556,0.16221783,0.63152293,0.064189341,0.77269561,0.68771953,0.10129427,0
19,13000,6.500000,9,1.9310012,1.861186,1.6249788,1.0649005,-0.1702801,-0.00082418028,0.32749469,0.2754893,-0.19233695,0.37008545,0.6265709,0.77804156,-0.045389865,1.6162018,0.89282108,0
19,13000,6.500000,10,1.9310012,0.57690353,1.7292414,1.0527231,-0.29868639,0.22230784,-0.045289223,-0.081985386,0.20617193,-0.068908689,0.13688893,-0.43919005,0.887904,0.47802762,-1.2686542,0
19,13000,6.500000,11,1.9310012,0.775111,0.29163963,1.7278172,-0.080216364,0.040125217,-0.093679131,-0.075407766,-0.011111403,-0.049648416,0.10036314,-0.99357794,0.052250479,1.518522,-1.470126,0
19,13000,6.500000,12,1.9310012,0.18422283,1.4339561,1.7361041,-0.16763174,-0.1466141,0.38097405,-0.41551806,-0.25493222,0.35837548,-0.47578938,0.80093835,-0.36348621,1.9428037,2.1068219,0
19,13000,6.500000,13,1.9310012,0.52117048,1.5511976,0.24394781,0.22109841,0.044056999,0.2346246,0.35491484,0.049892132,-0.18787857,-0.33703819,0.74758237,-0.57229876,2.1801027,1.9943465,0
19,13000,6.500000,14,1.9310012,0.71371021,1.5329345,1.5744274,-0.095443899,0.23062717,-0.023590922,-0.098331308,0.17999065,-0.3633107,-0.10424032,-0.98268266,-0.15319511,1.7245971,-1.6764784,0
19,13000,6.500000,15,1.9310012,0.24733117,0.065693955,0.77405272,-0.40961452,0.29053437,0.14121586,-0.46292751,0.42741064,0.27088669,0.61642369,0.43713039,-0.65493423,2.2848919,0.61683356,0
19,13000,6.500000,16,1.9310012,1.0057376,1.912415,0.19703662,-0.37493311,0.012762456,-0.019670983,-0.43853409,-0.37542179,-0.20263902,-0.18110868,-0.76404803,-0.61921745,2.238542,-1.8035391,0
19,13000,6.500000,17,1.9310012,1.5629945,0.46066253,0.67984485,0.12388696,-0.25193335,-0.020409096,0.077894167,-0.53485021,0.089760716,-0.44194333,-0.78872228,0.42732103,1.1292688,-2.0815345,0
19,13000,6.500000,18,1.9310012,1.8304039,0.089254325,0.39512991,0.22472317,-0.057470931,-0.22968111,0.27931694,0.12823558,-0.046075683,-0.26773799,0.95796311,-0.1030682,1.6740479,1.843329,0
19,13000,6.500000,19,1.9310012,0.07985388,0.59803752,0.49008922,0.16623023,0.055213848,0.057741325,0.35498716,0.094092349,-0.043682867,0.86326826,-0.15959127,0.47885127,1.0714506,-0.1828048,0
19,13000,6.500000,20,1.9310012,1.3335223,0.012480134,0.62030443,0.16426433,-0.18189573,-0.33044563,0.093496676,-0.4141275,0.084766566,-0.70164798,-0.70657401,-0.091887359,1.6628135,-2.3526965,0
19,13000,6.500000,21,1.9310012,1.3604068,0.6303038,0.074756997,-0.0026189239,0.083671666,-0.030180419,-0.48058341,-0.11601896,-0.012508671,0.6494946,-0.70350238,-0.28851545,1.8634723,-0.82529413,0
19,13000,6.500000,22,1.9310012,1.6037139,0.12038329,1.2150538,0.072146806,0.1382654,-0.11293954,-0.0332786,-0.015557178,-0.18523999,-0.83057827,-0.22087138,0.51122948,1.0341816,-2.881683,0
19,13000,6.500000,23,1.9310012,1.8028127,0.85757277,1.0615956,0.11405996,-0.082131131,-0.13137307,0.60999858,-0.10425213,-0.24394777,0.23389667,0.00128557,0.97226061,0.23608723,0.0054962609,0
19,13000,6.500000,24,1.9310012,1.2505159,1.1894205,0.28703879,0.14702179,-0.24190407,-0.15563331,-0.30670551,-0.14141482,0.063969263,-0.04104663,0.96014438,0.27647412,1.2906731,1.6135208,0
19,13000,6.500000,25,1.9310012,1.3753975,1.5548896,1.0337223,-0.070450846,0.026153457,0.15825141,-0.17159819,0.14517833,0.10910299,0.28774284,-0.20900505,-0.93462343,2.777995,-0.62819943,0
19,13000,6.500000,26,1.9310012,0.070077058,1.2634445,0.7033864,0.11411383,0.24627504,0.012563094,0.257268,0.41245776,0.24178996,-0.17493964,-0.97948549,0.10002146,1.4706073,-1.7475364,0
19,13000,6.500000,27,1.9310012,1.4995563,1.550687,1.838824,-0.29363367,-0.17779362,-0.095580769,-0.02720038,-0.067288051,0.053293257,0.44368247,0.39126039,0.80626371,0.63298771,0.72269524,0
19,13000,6.500000,28,1.9310012,1.2128573,0.55860746,1.0437674,0.12568867,-0.10697835,-0.19088037,0.089288884,-0.18592778,-0.082905052,-0.64075793,0.76606702,0.050701092,1.5200735,2.2673567,0
19,13000,6.500000,29,1.9310012,1.1409897,1.8362377,1.5588974,0.11887132,0.030565513,0.061621072,-0.2288305,0.32128902,0.20373888,-0.40628435,0.26808003,-0.87353656,2.6332175,2.5583356,0
19,13000,6.500000,30,1.9310012,1.6545565,0.96178721,0.10535026,-0.1500831,-0.17981859,-0.038233722,-0.019912292,0.087394172,-0.13954236,-0.39187746,0.91683416,0.076466924,1.4942547,1.9747188,0
19,13000,6.500000,31,1.9310012,1.5464325,1.1614921,1.4432722,0.1832187,-0.12749952,-0.035074888,-0.087144414,0.00042386333,-0.24043616,0.77899993,-0.076682215,-0.6223174,2.2424961,-0.098120634,0
20,13100,6.550000,0,1.9307998,1.6257275,0.61605376,1.5659714,-0.16995527,0.2192727,-0.016797595,-0.18377021,0.18720836,-0.33787312,-0.14296399,-0.97073287,0.19297405,1.3766041,-1.7170195,0
20,13100,6.550000,1,1.9307998,0.36925026,0.65047221,0.98052842,0.019712016,0.025073702,-0.022802096,-0.085711855,-0.065589677,0.50072706,0.85518633,-0.12216822,0.50371746,1.0428997,-0.14189561,0
20,13100,6.550000,2,1.9307998,0.90529554,0.38204142,0.62806095,0.0081169323,0.0067289164,0.090460933,0.32253471,0.15321792,-0.022263702,0.6364084,0.1560679,-0.75539868,2.4270587,0.24048642,0
20,13100,6.550000,3,1.9307998,0.4502771,0.19448981,0.31454822,-0.10070885,-0.40518289,0.0083092083,0.066213708,-0.24914755,-0.26477043,0.30644377,-0.28052769,0.90961334,0.4284439,-0.74127463,0
20,13100,6.550000,4,1.9307998,0.10566121,0.28380085,1.3928691,-0.17916122,0.11750108,0.066953637,-0.11388691,0.17172802,0.14677722,0.098773201,0.97820757,-0.18263026,1.7544574,1.4701637,0
20,13100,6.550000,5,1.9307998,0.22291836,0.69604292,1.783726,0.0032562473,-0.025884163,-0.084357656,0.089004826,-0.16735902,-0.42155907,-0.42632408,-0.62334618,0.65550539,0.85594468,-2.1706543,0
20,13100,6.550000,6,1.9307998,0.73486088,1.0010408,1.526229,0.11604859,0.19147025,0.034058008,0.025465591,0.23472676,0.10422517,-0.53974272,0.80029904,-0.26114986,1.8350095,2.1641518,0
20,13100,6.550000,7,1.9307998,0.49380202,1.1528844,1.1488793,0.25470069,0.10018081,-0.24798129,0.2949788,0.20720846,-0.23111281,-0.8932192,-0.42681324,0.14138574,1.4289353,-2.6958321,0
20,13100,6.550000,8,1.9307998,0.80438262,1.0222304,0.62219301,0.41281092,-0.072908224,0.33859937,0.037256773,-0.049872884,0.11893397,0.4587573,0.4997374,0.73471373,0.74555173,0.82812679,0
20,13100,6.550000,9,1.9307998,1.8744712,1.612931,1.0835514,-0.15680013,-0.01270308,0.34625767,0.35164518,-0.26589918,0.34375745,0.78173876,0.58675397,-0.21119729,1.783596,0.64386933,0
20,13100,6.550000,10,1.9307998,0.57349482,1.7395804,1.0506246,-0.30203511,0.23282777,-0.047278081,-0.095110722,0.10634368,-0.036325548,0.042256271,-0.53194147,0.84572613,0.56287186,-1.491525,0
20,13100,6.550000,11,1.9307998,0.77311271,0.29076026,1.7236321,-0.082133915,0.039276214,-0.097684231,-0.065172059,0.039482798,-0.081169713,0.54573958,-0.81760334,0.18355676,1.3861929,-0.98222603,0
20,13100,6.550000,12,1.9307998,0.16512265,1.4214987,1.7547901,-0.1867137,-0.15892264,0.39984211,-0.35397267,-0.31323337,0.42924977,-0.18311264,0.95502508,-0.23323134,1.8061957,1.7602332,0
20,13100,6.550000,13,1.9307998,0.5358967,1.550223,0.23497741,0.23587976,0.043244179,0.22567918,0.15614535,-0.078179157,-0.16994602,-0.44857038,0.60456138,-0.65824779,2.2892851,2.2091426,0
20,13100,6.550000,14,1.9307998,0.70998984,1.5426003,1.5577542,-0.099090018,0.24045334,-0.040100734,-0.02808472,0.22786477,-0.25752402,0.13985006,-0.87750856,-0.45871634,2.0473464,-1.4127537,0
20,13100,6.550000,15,1.9307998,0.22467838,0.089303973,0.78725549,-0.43224269,0.31415247,0.15450005,-0.40736592,0.50686817,0.32828773,0.44914897,0.79522032,-0.40729578,1.9902875,1.0566533,0
20,13100,6.550000,16,1.9307998,0.98794007,1.8966544,0.18873573,-0.39262664,-0.0027994938,-0.027951751,-0.29939789,-0.2685347,-0.19903403,-0.0092412004,-0.99336269,-0.11465234,1.6857013,-1.580099,0
20,13100,6.550000,17,1.9307998,1.5659842,0.43328492,0.68532687,0.12703986,-0.27926434,-0.014855885,0.077339495,-0.53231095,0.079645396,-0.47756773,-0.79325961,0.37771452,1.1834696,-2.1127087,0
20,13100,6.550000,18,1.9307998,1.8467268,0.095463158,0.39554694,0.24123777,-0.051252465,-0.22922285,0.35058155,0.10292902,0.066222128,0.14972717,0.97005347,-0.19125386,1.7632358,1.4176554,0
20,13100,6.550000,19,1.9307998,0.094928343,0.60334703,0.48405441,0.18131381,0.060586006,0.051757316,0.17521664,0.14388281,-0.17568922,0.73029889,-0.12343245,0.6718839,0.83404692,-0.16743397,0
20,13100,6.550000,20,1.9307998,1.3344256,1.9192255,0.62536392,0.16530675,-0.20595009,-0.32532117,0.054905756,-0.4486071,0.17839534,-0.71970628,-0.61573026,-0.32077894,1.8973481,-2.4338969,0
20,13100,6.550000,21,1.9307998,1.3327364,0.62058236,0.076561199,-0.030148792,0.074015459,-0.028368325,-0.5001207,-0.22769454,0.075304062,0.79715939,-0.57585076,0.181474,1.3883112,-0.6255877,0
20,13100,6.550000,22,1.9307998,1.602677,0.12127628,1.2096386,0.071277122,0.13917098,-0.11822834,0.018529777,0.085222532,-0.077290634,-0.70540016,-0.18566087,0.68406188,0.81747951,-2.8842302,0
20,13100,6.550000,23,1.9307998,1.8380324,0.85356524,1.0484361,0.14946947,-0.086049431,-0.14442254,0.74344897,-0.047481997,-0.25259293,0.1679531,-0.17976927,0.96926506,0.24857063,-0.81936671,0
20,13100,6.550000,24,1.9307998,1.2312248,1.1821029,0.29090429,0.12786008,-0.24909801,-0.15173768,-0.4901608,-0.14764402,0.13863276,-0.27401486,0.93107989,0.24084453,1.3275604,1.8570137,0
20,13100,6.550000,25,1.9307998,1.3678585,1.558791,1.0403455,-0.077846764,0.030217306,0.16498278,-0.1281606,0.06482038,0.1490196,0.083824143,-0.26417898,-0.96082411,2.8607568,-1.263544,0
20,13100,6.550000,26,1.9307998,0.077108744,1.2855642,0.71883213,0.12115319,0.26852772,0.028082993,0.037415883,0.46854652,0.30355477,0.09225249,-0.97930047,-0.18016677,1.7519523,-1.4768711,0
20,13100,6.550000,27,1.9307998,1.4979065,1.5426648,1.8417621,-0.29512721,-0.18565451,-0.092450716,0.0014132472,-0.17130103,0.10428784,0.55823442,0.0064462675,0.82965823,0.59230111,0.011547086,0
20,13100,6.550000,28,1.9307998,1.2164923,0.55113152,1.0386173,0.12945045,-0.11439642,-0.19592183,0.057126122,-0.14542122,-0.080894885,-0.76138528,0.62913336,-0.15647258,1.7279145,2.451019,0
20,13100,6.550000,29,1.9307998,1.1264774,1.85524,1.5672565,0.10447729,0.049760326,0.070143253,-0.26015678,0.4056117,0.17183168,0.01586075,-0.27370995,-0.9616815,2.8638671,-1.5129138,0
20,13100,6.550000,30,1.9307998,1.6584987,0.9698774,0.092992979,-0.14596815,-0.17162766,-0.05058066,0.17557026,0.14214497,-0.37594756,-0.34406622,0.93702209,0.060066991,1.5106932,1.9227034,0
20,13100,6.550000,31,1.9307998,1.5436465,1.1580879,1.4338857,0.18059384,-0.13078275,-0.044311372,-0.042180398,-0.14093007,-0.23565983,0.93732479,-0.2392857,-0.25330731,1.8268939,-0.24994731,0
21,13200,6.600000,0,1.9162013,1.6092927,0.61776993,1.540313,-0.17411393,0.22567104,-0.030668518,-0.097389613,0.042894084,-0.23441885,-0.057701455,-0.99465726,-0.085600663,1.6565019,-1.6287428,0
21,13200,6.600000,1,1.9162013,0.36465907,0.64237335,0.99810359,0.017905823,0.021880855,0.0022818967,-0.017370977,-0.010487898,0.54425846,0.77083356,0.40650139,0.49048165,1.058154,0.4852898,0
21,13200,6.600000,2,1.9162013,0.91091198,0.38504811,0.62583201,0.020625661,0.012646623,0.092990278,0.26953911,0.12568552,0.092696993,0.63044266,0.026454058,-0.77578492,2.4587544,0.041936483,0
21,13200,6.600000,3,1.9162013,0.45031519,0.18292905,0.29499253,-0.097253156,-0.41531157,-0.0089336518,0.10491582,-0.18995497,-0.36088159,0.37134245,-0.070563902,0.92581074,0.38762145,-0.18778492,0
21,13200,6.600000,4,1.9162013,0.096423537,0.29270502,1.3878532,-0.18763215,0.12859312,0.072490029,-0.17490832,0.18651938,0.10129796,0.21923492,0.9482723,-0.22959899,1.802462,1.3435942,0
21,13200,6.600000,5,1.9162013,0.22392145,0.68636898,1.7476178,0.0059550345,-0.030312219,-0.1070655,0.035675731,-0.050415268,-0.49733606,-0.45204826,-0.54530183,0.70590246,0.78709988,-2.2629642,0
21,13200,6.600000,6,1.9162013,0.72937591,1.0034746,1.521587,0.11612007,0.20151084,0.040981913,0.064334031,0.21915221,0.14323064,-0.58470407,0.81122575,-0.0058256542,1.576622,2.1953238,0
21,13200,6.600000,7,1.9162013,0.50561671,1.1546867,1.1266187,0.27030818,0.11073998,-0.26160705,0.32813761,0.24905112,-0.3750677,-0.63909124,-0.74322134,0.19795059,1.3715296,-2.2810061,0
21,13200,6.600000,8,1.9162013,0.80040348,1.0151513,0.62151851,0.41492162,-0.072255913,0.34264453,-0.032051231,0.074234238,0.087464797,0.1938917,0.8002145,0.56750574,0.96732298,1.3330781,0
21,13200,6.600000,9,1.9162013,1.8724965,1.5888177,1.0902437,-0.1445557,-0.024666606,0.36119926,0.1987968,-0.11333282,0.27394216,0.87991224,0.33789835,-0.33403465,1.9113772,0.36664958,0
21,13200,6.600000,10,1.9162013,0.56281608,1.7305993,1.0411653,-0.30840189,0.23701532,-0.048799467,-0.13072333,0.067322946,-0.095190367,0.0080753482,-0.57335403,0.81926793,0.61066317,-1.5567129,0
21,13200,6.600000,11,1.9162013,0.7636599,0.28887243,1.711108,-0.085755069,0.039587968,-0.097174328,-0.038223566,-0.088462316,0.10338288,0.81534666,-0.39896166,0.41957051,1.1378242,-0.45506343,0
21,13200,6.600000,12,1.9162013,0.14726851,1.3981014,1.7630673,-0.20338263,-0.17162031,0.42146918,-0.33759126,-0.23142149,0.47483723,0.24176506,0.96881067,0.054364986,1.5164045,1.3262428,0
21,13200,6.600000,13,1.9162013,0.53890177,1.5334083,0.22355295,0.24296355,0.03813109,0.21599459,0.15044627,-0.1393286,-0.19582139,-0.56671863,0.39833792,-0.72121903,2.3763568,2.5289332,0
21,13200,6.600000,14,1.9162013,0.70689231,1.5378972,1.5307911,-0.096810766,0.24744014,-0.055343724,0.047638763,0.045941354,-0.32749613,0.33890481,-0.62173648,-0.70610713,2.3547818,-1.0717275,0
21,13200,6.600000,15,1.9162013,0.19791591,0.11413136,0.79732824,-0.45740187,0.33975221,0.17058617,-0.51468983,0.52239362,0.36174009,0.22835414,0.96835221,-0.10073916,1.6717067,1.33921,0
21,13200,6.600000,16,1.9162013,0.96769996,1.8722313,0.1739538,-0.40544572,-0.012920631,-0.041357547,-0.17930442,-0.15882644,-0.33624981,0.13805109,-0.87628068,0.46159947,1.0909989,-1.4145385,0
21,13200,6.600000,17,1.9162013,1.5629591,0.40672118,0.68309859,0.13588844,-0.30264078,-0.011891255,0.24391401,-0.45095189,0.10559855,-0.55722625,-0.76166672,0.33070034,1.2337508,-2.2024093,0
21,13200,6.600000,18,1.9162013,1.8525408,0.10026213,0.39833384,0.26108994,-0.045710683,-0.22342327,0.42840223,0.12497443,0.048655368,0.53815519,0.76555449,-0.35258378,1.9311271,0.95808567,0
21,13200,6.600000,19,1.9162013,0.10319173,0.60292417,0.47555548,0.19032915,0.06474074,0.04689982,0.1630121,0.090982677,-0.027362989,0.64292377,-0.18813067,0.74246608,0.73405209,-0.28467007,0
21,13200,6.600000,20,1.9162013,1.3268253,1.8774558,0.62688338,0.16780534,-0.23331259,-0.31904962,0.07376775,-0.6855558,0.069231994,-0.69357106,-0.50751296,-0.51126293,2.10745,-2.5098814,0
21,13200,6.600000,21,1.9162013,1.2993729,0.60618501,0.080474705,-0.053524434,0.064273276,-0.023858838,-0.51723781,-0.14402372,0.10180634,0.77655385,-0.35467052,0.52074269,1.0230757,-0.42843124,0
21,13200,6.600000,22,1.9162013,1.5918693,0.12474851,1.1950963,0.072591967,0.14357689,-0.12364529,0.040574123,0.1265774,-0.13950796,-0.5650803,-0.099816933,0.81897548,0.611173,-2.9667542,0
21,13200,6.600000,23,1.9162013,1.8576047,0.84301008,1.0264136,0.18306642,-0.090166517,-0.15857171,0.60924485,-0.06760595,-0.34145683,0.11834488,-0.39284884,0.91195629,0.42276914,-1.2781951,0
21,13200,6.600000,24,1.9162013,1.1934902,1.1645498,0.29966115,0.099326276,-0.25774624,-0.14073959,-0.59837168,-0.20050224,0.29801734,-0.53229269,0.81962163,0.21186051,1.357318,2.1467757,0
21,13200,6.600000,25,1.9162013,1.3519649,1.5508909,1.0411257,-0.083419355,0.034117741,0.17366181,-0.22717651,0.041812653,0.20555233,-0.13118423,-0.21607659,-0.96752344,2.8860388,-2.116434,0
21,13200,6.600000,26,1.9162013,0.071053333,1.2977973,0.72603851,0.11565994,0.29056434,0.040772514,-0.17353873,0.40624639,0.17748673,0.19041418,-0.91353603,-0.35943618,1.93846,-1.3653021,0
21,13200,6.600000,27,1.9162013,1.4908671,1.5173593,1.8343347,-0.29082481,-0.19934813,-0.085928109,0.044735133,-0.34595194,0.075343704,0.55893728,-0.3781988,0.73793955,0.7407842,-0.59487484,0
21,13200,6.600000,28,1.9162013,1.2107392,0.54383083,1.0311481,0.13290818,-0.11754202,-0.19553679,0.10436466,-0.062547687,0.11261509,-0.78581983,0.52741399,-0.32298867,1.8996821,2.550483,0
21,13200,6.600000,29,1.9162013,1.1103336,1.8640572,1.5638187,0.096821592,0.072691768,0.078587234,-0.042574246,0.37991923,0.21748524,0.42971018,-0.65584925,-0.62065363,2.2403724,-0.99077665,0
21,13200,6.600000,30,1.9162013,1.6546758,0.96842793,0.074810178,-0.13721812,-0.16572162,-0.068126937,0.16475443,0.17714135,-0.32728368,-0.18076067,0.9824804,0.045363429,1.5254173,1.7527455,0
21,13200,6.600000,31,1.9162013,1.5317383,1.1464232,1.4077373,0.18035608,-0.13370236,-0.059676629,0.032376678,0.02072922,-0.40468413,0.94728342,-0.30207106,0.10680448,1.4637877,-0.30868791,0
22,13300,6.650000,0,1.9175481,1.6026979,0.61766014,1.5305061,-0.18183708,0.22512725,-0.041554249,-0.21569325,-0.061126531,-0.13172955,0.09746777,-0.95162944,-0.29137851,1.8664639,-1.4687303,0
22,13300,6.650000,1,1.9175481,0.36119777,0.64161586,1.0260554,0.01418953,0.020672305,0.029522606,-0.051638196,-0.030384201,0.64135385,0.43942468,0.8583831,0.2647346,1.3028676,1.0976571,0
22,13300,6.650000,2,1.9175481,0.92148106,0.39338437,0.62996573,0.030551024,0.020709431,0.096682836,0.18244567,0.15127692,0.030227634,0.52981378,-0.045716222,-0.84688097,2.5808887,-0.08607414,0
22,13300,6.650000,3,1.9175481,0.4602787,0.17975912,0.27662951,-0.087609538,-0.41860891,-0.027497492,0.17669964,-0.066342417,-0.34801851,0.44471245,0.04857276,0.89435537,0.46380819,0.1087916,0
22,13300,6.650000,4,1.9175481,0.089358779,0.29737545,1.3906924,-0.19476217,0.13305626,0.074353147,-0.11428837,-0.012405647,-0.028155335,0.31122601,0.88395702,-0.34893889,1.9272349,1.2322673,0
22,13300,6.650000,5,1.9175481,0.2252997,0.68218468,1.7278326,0.0071754739,-0.034977291,-0.12807162,0.053501032,-0.11216094,-0.41351048,-0.43453015,-0.52214547,0.73385807,0.74681221,-2.2648662,0
22,13300,6.650000,6,1.9175481,0.73359094,1.0108297,1.5263992,0.11982116,0.20815834,0.044723303,0.093124591,0.13549507,0.02126803,-0.61529295,0.75677227,0.22070412,1.34826,2.2534435,0
22,13300,6.650000,7,1.9175481,0.51951015,1.1665341,1.1102116,0.2838415,0.12177191,-0.27879992,0.26530615,0.18255823,-0.32091556,-0.3596867,-0.90625563,0.22209505,1.3468337,-1.9486216,0
22,13300,6.650000,8,1.9175481,0.80344477,1.0233295,0.62460918,0.41739948,-0.06479381,0.34529744,0.11122511,0.18188835,0.0023583876,-0.093091791,0.96862815,0.23042012,1.3382869,1.6666089,0
22,13300,6.650000,9,1.9175481,1.8837564,1.5833395,1.1077861,-0.13461544,-0.031259221,0.37796948,0.13902289,-0.12612272,0.35587104,0.93750889,0.10849621,-0.33061407,1.9077505,0.11521565,0
22,13300,6.650000,10,1.9175481,0.55721253,1.7352256,1.037611,-0.31439891,0.24042408,-0.053084078,-0.13703161,-0.00023508374,-0.074464478,-0.027094762,-0.54263316,0.83953269,0.5743738,-1.6206869,0
22,13300,6.650000,11,1.9175481,0.75459806,0.28340098,1.7164904,-0.095350267,0.033915476,-0.092995991,-0.29329849,-0.077141735,0.054057726,0.75246315,0.23039157,0.61702426,0.90584065,0.29711975,0
22,13300,6.650000,12,1.9175481,0.13126873,1.3881008,1.7834921,-0.21948025,-0.18259972,0.44064799,-0.31162511,-0.17296853,0.29430188,0.62966361,0.68671226,0.36324924,1.1990433,0.82870873,0
22,13300,6.650000,13,1.9175481,0.55008327,1.5283885,0.21709304,0.2537625,0.03203564,0.20937988,0.21996839,-0.12123274,-0.11734581,-0.66225302,0.057479185,-0.74707234,2.4144432,3.0550162,0
22,13300,6.650000,14,1.9175481,0.71161617,1.5401545,1.5192422,-0.092585217,0.24861619,-0.067964028,0.0032719423,-0.032639346,-0.20417543,0.48281871,-0.24924994,-0.83950018,2.567159,-0.4765544,0
22,13300,6.650000,15,1.9175481,0.17237074,0.13817304,0.81597084,-0.48307712,0.36370527,0.18866203,-0.53103134,0.38630553,0.38186613,0.052043831,0.99595156,0.073293462,1.4974371,1.5185884,0
22,13300,6.650000,16,1.9175481,0.95754817,1.8654436,0.15998675,-0.41627384,-0.021021414,-0.05544191,-0.17340421,-0.12103066,-0.24142454,0.2050062,-0.4534994,0.86735849,0.52092642,-1.1462356,0
22,13300,6.650000,17,1.9175481,1.575183,0.38474762,0.68664576,0.14700996,-0.32489238,-0.0088252646,0.20386154,-0.36284955,0.040631948,-0.6239763,-0.69925578,0.348848,1.2144547,-2.2993651,0
22,13300,6.650000,18,1.9175481,1.8728455,0.11218623,0.40013562,0.28008596,-0.033861208,-0.22190198,0.35976847,0.26273185,0.021642674,0.85640377,0.31855614,-0.40631832,1.9892175,0.35611121,0
22,13300,6.650000,19,1.9175481,0.10892442,0.60838099,0.4716158,0.19598733,0.069772037,0.042627397,0.10963019,0.22565163,-0.053690263,0.56918461,-0.28384658,0.77166055,0.68934851,-0.46259894,0
22,13300,6.650000,20,1.9175481,1.3298275,1.8452218,0.63067943,0.16987427,-0.26685441,-0.31569535,0.19068113,-0.72868853,0.016648241,-0.7139364,-0.32880101,-0.6182109,2.2372608,-2.7100028,0
22,13300,6.650000,21,1.9175481,1.281052,0.59859788,0.084891746,-0.072751815,0.056262913,-0.019499889,-0.25259294,-0.17482916,0.050405743,0.65447946,-0.085887743,0.75118568,0.72093983,-0.13048498,0
22,13300,6.650000,22,1.9175481,1.5933281,0.1307286,1.1929553,0.072931877,0.14946723,-0.12662511,-0.026323232,0.096811084,0.0089145437,-0.38464579,-0.081826491,0.91943028,0.40416704,-2.9319852,0
22,13300,6.650000,23,1.9175481,1.8878248,0.84157566,1.0126114,0.21197076,-0.092192725,-0.17309018,0.49282903,0.054389125,-0.22610202,0.078973089,-0.65064623,0.75526335,0.7147405,-1.4500108,0
22,13300,6.650000,24,1.9175481,1.1645182,1.1546688,0.31434599,0.069525951,-0.26844191,-0.12627044,-0.63634347,-0.19130588,0.23709938,-0.69332622,0.67416316,0.25456392,1.3133996,2.3702069,0
22,13300,6.650000,25,1.9175481,1.3391746,1.5578649,1.0514345,-0.097155086,0.039999711,0.18323551,-0.31047652,0.17133916,0.17858564,-0.38780934,-0.1292324,-0.91263514,2.7204811,-2.8199288,0
22,13300,6.650000,26,1.9175481,0.06557094,1.3206381,0.73565493,0.11012955,0.31248538,0.04987545,-0.08416313,0.38542405,0.19755245,0.18496921,-0.85793533,-0.47930508,2.0706591,-1.3584486,0
22,13300,6.650000,27,1.9175481,1.497627,1.5037828,1.8428246,-0.28511473,-0.21398591,-0.078729937,0.067646509,-0.27223846,0.13978062,0.50644273,-0.75227519,0.42142353,1.1357818,-0.97827415,0
22,13300,6.650000,28,1.9175481,1.2192658,0.54176603,1.0353923,0.14058115,-0.11998819,-0.19201854,0.19156521,-0.054086544,0.0074770892,-0.80378687,0.37693557,-0.46026757,2.0490929,2.7030924,0
22,13300,6.650000,29,1.9175481,1.1098383,1.8817439,1.576831,0.095546399,0.089062576,0.09049621,0.021326669,0.35438561,0.23534799,0.64043106,-0.76796974,-0.008398882,1.5791953,-0.87570752,0
22,13300,6.650000,30,1.9175481,1.6646359,0.97763738,0.056093269,-0.12842412,-0.1571958,-0.086889835,0.1115597,0.23635296,-0.36851672,-0.0066031353,0.99951367,0.030476728,1.5403149,1.5774026,0
22,13300,6.650000,31,1.9175481,1.5344059,1.1462066,1.3890749,0.18194648,-0.13472438,-0.079321609,0.098135509,-0.10387487,-0.42193175,0.81364569,-0.3224341,0.48375298,1.0658586,-0.37729812,0
23,13400,6.700000,0,1.9206332,1.5957195,0.61702474,1.5273891,-0.19138639,0.22349942,-0.047129123,-0.22217438,-0.029260359,-0.10733635,0.23716253,-0.90321429,-0.35771201,1.936613,-1.3140168,0
23,13400,6.700000,1,1.9206332,0.3659979,0.64438456,1.0597979,0.018405154,0.022407321,0.061588533,0.27240259,0.061449739,0.63847986,-0.014971302,0.99650193,-0.082217802,1.653107,1.5858191,0
23,13400,6.700000,2,1.9206332,0.92951006,0.400781,0.63128938,0.037092213,0.02746772,0.096992698,0.073286009,0.073869998,0.0063312002,0.38547582,-0.10678488,-0.91651807,2.7300831,-0.2702441,0
23,13400,6.700000,3,1.9206332,0.46943142,0.17563703,0.2586651,-0.079204101,-0.42301668,-0.045892181,0.14883628,-0.13848337,-0.34265371,0.5562605,0.097660812,0.82524943,0.60015261,0.17379546,0
23,13400,6.700000,4,1.9206332,0.08223257,0.2940063,1.394736,-0.20202631,0.12921175,0.076157756,-0.068138672,-0.08356314,0.10792385,0.42212034,0.79859651,-0.42901986,2.0142037,1.0845488,0
23,13400,6.700000,5,1.9206332,0.22868541,0.67907591,1.704772,0.01019627,-0.039180233,-0.15389135,-0.0028341566,-0.022388664,-0.58300477,-0.4611859,-0.5507496,0.69568846,0.80141846,-2.2679172,0
23,13400,6.700000,6,1.9206332,0.73817969,1.0192096,1.5297529,0.12322691,0.21490648,0.045620462,0.12431724,0.18434567,-0.0077705855,-0.66950819,0.63477572,0.38577009,1.174754,2.3828177,0
23,13400,6.700000,7,1.9206332,0.53029924,1.1783153,1.0981268,0.29378676,0.13166837,-0.29265977,0.10469513,0.21715061,-0.13658556,-0.049511887,-0.97044578,0.23618544,1.332358,-1.6217719,0
23,13400,6.700000,8,1.9206332,0.80446829,1.0330178,0.6224139,0.41713056,-0.056758443,0.34209981,-0.095612473,0.11550886,-0.15341341,-0.27966177,0.95808823,-0.06209861,1.6329349,1.8548014,0
23,13400,6.700000,9,1.9206332,1.8926483,1.5843054,1.1332325,-0.1287589,-0.032839414,0.40161462,0.11671086,0.056883951,0.48270802,0.995527,-0.034248296,-0.08805144,1.6589619,-0.034388615,0
23,13400,6.700000,10,1.9206332,0.55115696,1.7364705,1.0333375,-0.32134538,0.2388784,-0.059022212,-0.18106849,-0.12077582,-0.082342785,-0.051137881,-0.43879091,0.89713291,0.45756036,-1.6868157,0
23,13400,6.700000,11,1.9206332,0.74576934,0.28229997,1.7208066,-0.10538499,0.032359766,-0.091442672,-0.19358806,-0.072930785,0.10048953,0.36204948,0.78238374,0.50675029,1.0393853,1.1373888,0
23,13400,6.700000,12,1.9206332,0.11709975,1.3859226,1.804289,-0.23384888,-0.18700769,0.45856116,-0.30145659,0.016334468,0.40533709,0.79641498,0.26069416,0.54567548,0.99360135,0.31634199,0
23,13400,6.700000,13,1.9206332,0.56342589,1.5256403,0.20809477,0.26621009,0.026832666,0.20003984,0.25964729,-0.083585016,-0.26729651,-0.61770265,-0.32085439,-0.71798042,2.3716929,-2.6625207,0
23,13400,6.700000,14,1.9206332,0.7136519,1.539498,1.5110537,-0.091695116,0.24548424,-0.078588291,0.0071719424,-0.13442617,-0.21115951,0.54372766,0.04328912,-0.83814455,2.5646689,0.079447865,0
23,13400,6.700000,15,1.9206332,0.14642014,0.15663098,0.83922636,-0.50928398,0.38192625,0.21058712,-0.52105614,0.30754342,0.46734488,-0.073517619,0.96427357,0.25450272,1.3134629,1.6468906,0
23,13400,6.700000,16,1.9206332,0.95136716,1.8607224,0.14845428,-0.42398923,-0.028737649,-0.067222319,-0.13533743,-0.21200725,-0.14261705,0.14349716,0.048526233,0.9884603,0.15206552,0.32609595,0
23,13400,6.700000,17,1.9206332,1.5902618,0.36592611,0.68753103,0.1595444,-0.34431729,-0.0090445603,0.27413846,-0.28549365,-0.0192263,-0.70796738,-0.64325421,0.29155825,1.2749409,-2.4040503,0
23,13400,6.700000,18,1.9206332,1.8942958,0.12602471,0.39789547,0.29850826,-0.020214194,-0.22478359,0.42208932,0.25206445,-0.11305202,0.9333004,-0.14184087,-0.32989625,1.90699,-0.15082359,0
23,13400,6.700000,19,1.9206332,0.11260974,0.62244308,0.4686347,0.19949458,0.082844797,0.038890532,0.025735785,0.33380346,-0.12505398,0.5314616,-0.37155946,0.76124381,0.70556728,-0.6101402,0
23,13400,6.700000,20,1.9206332,1.3429185,1.8115986,0.62935947,0.18081692,-0.30341698,-0.31802813,0.30431072,-0.6975945,-0.076230608,-0.75424839,-0.22492914,-0.61685999,2.2355433,-2.8517731,0
23,13400,6.700000,21,1.9206332,1.2715206,0.59356576,0.091450257,-0.084334942,0.050272533,-0.013083117,-0.22666426,-0.12647839,0.16211357,0.45318298,0.32451665,0.83024944,0.59124128,0.62143861,0
23,13400,6.700000,22,1.9206332,1.6007779,0.13358959,1.1975443,0.077814244,0.15211577,-0.12395758,0.21386555,-0.0028976639,-0.0028788618,-0.28964556,-0.099673988,0.95192991,0.31132051,-2.8101621,0
23,13400,6.700000,23,1.9206332,1.9138685,0.84195005,1.0071319,0.2349587,-0.09317155,-0.18019311,0.29515026,-0.039278757,-0.18661281,-0.1886097,-0.79337142,0.57878163,0.95356248,-1.8041956,0
23,13400,6.700000,24,1.9206332,1.1316559,1.1481427,0.32654156,0.034817997,-0.27681905,-0.11459002,-0.68636255,-0.17248868,0.16838604,-0.77571049,0.52953528,0.34331562,1.2203515,2.5426092,0
23,13400,6.700000,25,1.9206332,1.3237746,1.5700143,1.0636065,-0.11469552,0.049634958,0.19370742,-0.36364951,0.16825405,0.27337457,-0.65161537,-0.023946028,-0.75817149,2.4313006,-3.1048605,0
23,13400,6.700000,26,1.9206332,0.064134814,1.3374426,0.74121505,0.10858917,0.32715331,0.054248469,0.029689039,0.19643988,0.052502061,0.07137336,-0.80845278,-0.58421738,2.1947118,-1.4827407,0
23,13400,6.700000,27,1.9206332,1.502134,1.4941584,1.8544803,-0.28301895,-0.22602008,-0.070046126,0.019983806,-0.19139172,0.18936545,0.31568502,-0.94542613,-0.080699503,1.6515837,-1.248529,0
23,13400,6.700000,28,1.9206332,1.2263288,0.54299423,1.0404313,0.14567836,-0.11963191,-0.18864806,0.04031572,0.12279905,0.10465641,-0.83598497,0.21518091,-0.50480324,2.0999503,2.8896633,0
23,13400,6.700000,29,1.9206332,1.114682,1.9011179,1.5884582,0.098601966,0.10539598,0.099579222,0.097569614,0.27809649,0.12029271,0.56107937,-0.5036277,0.65692395,0.85406473,-0.73149037,0
23,13400,6.700000,30,1.9206332,1.6738812,0.98579805,0.041222033,-0.12186233,-0.15061333,-0.1018393,0.12414089,0.11868542,-0.25037494,0.25133427,0.96787939,-0.0063703543,1.5771667,1.3167325,0
23,13400,6.700000,31,1.9206332,1.5397801,1.1422913,1.3702084,0.18484969,-0.14047918,-0.10040598,0.072257243,-0.070190101,-0.42293524,0.53568082,-0.25895018,0.80373557,0.63724906,-0.45028278,0
24,13500,6.750000,0,1.9246618,1.5892191,0.6197441,1.5254262,-0.20122363,0.22492302,-0.052290493,-0.19824229,0.05574161,-0.17455981,0.34184731,-0.83514426,-0.43089962,2.0162858,-1.1822752,0
24,13500,6.750000,1,1.9246618,0.38911364,0.64652101,1.0924085,0.040729792,0.023191309,0.091944303,0.61380948,0.014121353,0.62064832,-0.21941581,0.9082687,-0.35623682,1.9350337,1.8078308,0
24,13500,6.750000,2,1.9246618,0.93970823,0.40982572,0.63288541,0.045332031,0.035663183,0.097264259,0.17369144,0.18137926,0.019333397,0.20293712,-0.27487195,-0.93982016,2.7928999,-0.93482733,0
24,13500,6.750000,3,1.9246618,0.47971739,0.1690103,0.23608225,-0.069912535,-0.4300045,-0.068993391,0.23348291,-0.22484568,-0.47770481,0.70045042,0.10537989,0.70587838,0.78713387,0.149326,0
24,13500,6.750000,4,1.9246618,0.079267728,0.292556,1.4038329,-0.20516036,0.12714692,0.082322682,-0.030539782,-0.06283847,0.2177263,0.52952779,0.73155071,-0.42945765,2.0146885,0.94424699,0
24,13500,6.750000,5,1.9246618,0.2345651,0.68264183,1.6802572,0.015590628,-0.03704097,-0.18195265,0.13947899,-0.0050217739,-0.53780779,-0.54660569,-0.5288605,0.64925249,0.86419513,-2.372693,0
24,13500,6.750000,6,1.9246618,0.7455344,1.0318526,1.5328008,0.12902716,0.22540067,0.0454598,0.14819833,0.21208832,0.013995819,-0.77344757,0.46755336,0.42798681,1.1285322,2.5978668,0
24,13500,6.750000,7,1.9246618,0.53393398,1.1943954,1.0919496,0.29630652,0.14526263,-0.30113155,0.011047067,0.23984103,-0.15400426,0.24569225,-0.95450246,0.16899815,1.4009832,-1.3188619,0
24,13500,6.750000,8,1.9246618,0.79795847,1.0390073,0.62084645,0.40894189,-0.052939727,0.3392298,-0.23063663,0.098614924,0.066372326,-0.46905548,0.85697396,-0.21350078,1.7859533,2.0715944,0
24,13500,6.750000,9,1.9246618,1.8987729,1.5924523,1.1636311,-0.12660656,-0.028020798,0.42960685,-0.015697221,0.071222635,0.61766981,0.95679221,-0.11137282,0.26859775,1.2988593,-0.11588081,0
24,13500,6.750000,10,1.9246618,0.54259809,1.7381984,1.0295573,-0.33105018,0.23696596,-0.064963626,-0.27033134,-0.036063816,-0.14484582,-0.014560832,-0.36874427,0.92941683,0.37796691,-1.6102634,0
24,13500,6.750000,11,1.9246618,0.73095415,0.27751414,1.7307475,-0.12174734,0.026987417,-0.085117884,-0.40405045,-0.12336511,0.10207681,-0.051436934,0.9779561,0.20237614,1.3670127,1.6233443,0
24,13500,6.750000,12,1.9246618,0.10235135,1.3863402,1.8248982,-0.24882721,-0.18949457,0.47536806,-0.3392706,-0.059084655,0.29803475,0.80451509,-0.19407577,0.56132883,0.97480574,-0.23671072,0
24,13500,6.750000,13,1.9246618,0.57596736,1.5221994,0.19503306,0.27755784,0.02019856,0.18655577,0.18631969,-0.10195697,-0.25207283,-0.41823865,-0.66664161,-0.61698087,2.2356969,-2.1311064,0
24,13500,6.750000,14,1.9246618,0.71534702,1.5318748,1.5032273,-0.091497144,0.23464316,-0.089572741,-0.0024135774,-0.27960144,-0.22239221,0.6035297,0.31103425,-0.73417273,2.3952438,0.4758589,0
24,13500,6.750000,15,1.9246618,0.12334192,0.16956892,0.86515023,-0.53264486,0.39452245,0.23472537,-0.4630077,0.30006193,0.41230117,-0.22107296,0.88530157,0.40910619,1.149322,1.8155066,0
24,13500,6.750000,16,1.9246618,0.94764762,1.8524847,0.14376211,-0.42969836,-0.040865718,-0.072220642,-0.11624794,-0.24685393,-0.059981181,0.01793038,0.51280832,0.85831586,0.53881786,1.5358455,0
24,13500,6.750000,17,1.9246618,1.6063058,0.35041837,0.68727849,0.17223936,-0.36057556,-0.010737468,0.2118765,-0.32117998,-0.035192054,-0.79907846,-0.58075978,0.15553676,1.4146255,-2.5131142,0
24,13500,6.750000,18,1.9246618,1.9227244,0.1378298,0.38914729,0.32293786,-0.0086855256,-0.23435636,0.62129049,0.15124071,-0.27093193,0.84095189,-0.50758994,-0.18748968,1.7594022,-0.54305484,0
24,13500,6.750000,19,1.9246618,0.11405798,0.64120486,0.46887072,0.20070534,0.10028269,0.038144328,0.069273046,0.33090721,0.02283877,0.45532472,-0.4267025,0.78141178,0.67387129,-0.75295906,0
24,13500,6.750000,20,1.9246618,1.3600654,1.7828945,0.63098018,0.19513196,-0.33588698,-0.31772786,0.26689574,-0.57911572,0.10429226,-0.8089247,-0.2501925,-0.5320193,2.1317799,-2.8416347,0
24,13500,6.750000,21,1.9246618,1.2604697,0.58996274,0.098668514,-0.098038624,0.045429539,-0.0060640378,-0.30083979,-0.077725435,0.067484781,0.15326617,0.60909161,0.77814966,0.67908194,1.3242834,0
24,13500,6.750000,22,1.9246618,1.6122818,0.13322219,1.1986882,0.085951893,0.15146883,-0.12532421,0.12350478,0.0034454554,-0.0089139162,-0.29718801,-0.17593992,0.9384692,0.35262551,-2.6070648,0
24,13500,6.750000,23,1.9246618,0.00092668898,0.84331667,1.002577,0.24265616,-0.093570568,-0.18685361,-0.027666172,0.083472851,-0.15630111,-0.60636167,-0.76296711,0.22406856,1.3448091,-2.2423227,0
24,13500,6.750000,24,1.9246618,1.1004663,1.1429341,0.33279771,0.0012897933,-0.28442802,-0.10902464,-0.5799676,-0.050795332,0.014724772,-0.80706165,0.42756385,0.40723537,1.1513713,2.6544071,0
24,13500,6.750000,25,1.9246618,1.3102003,1.5753649,1.0778075,-0.13102947,0.051690134,0.20566487,-0.27360329,-0.055592002,0.18255728,-0.82950307,0.14443753,-0.53950205,2.1406419,2.9691957,0
24,13500,6.750000,26,1.9246618,0.069084056,1.3457518,0.74435021,0.11339884,0.33265136,0.055827215,0.057268643,0.0361605,0.044834771,0.059328397,-0.80116192,-0.59549955,2.2086837,-1.4968783,0
24,13500,6.750000,27,1.9246618,1.5001501,1.488348,1.8660771,-0.28814832,-0.23495524,-0.062347273,-0.15639277,-0.25521805,0.16638443,-0.047879299,-0.81581285,-0.57633061,2.1850278,-1.6294182,0
24,13500,6.750000,28,1.9246618,1.2303075,0.55377628,1.0467077,0.14708321,-0.10999892,-0.18455829,0.12597622,0.20613008,0.077820468,-0.88369109,0.0038122132,-0.46805504,2.0578849,3.1372787,0
24,13500,6.750000,29,1.9246618,1.1214886,1.9195649,1.5971022,0.10306583,0.11984013,0.10488579,0.1068833,0.35997121,0.033640271,0.1878073,-0.011649589,0.98213681,0.18929676,-0.061950103,0
24,13500,6.750000,30,1.9246618,1.68488,0.99194025,0.025443084,-0.11438245,-0.14654318,-0.11768811,0.1693161,0.18681952,-0.32906709,0.51345074,0.8506611,-0.11288943,1.6839269,1.0277411,0
24,13500,6.750000,31,1.9246618,1.5492322,1.1418477,1.3565549,0.19106549,-0.14331588,-0.11691632,0.14081372,-0.055979918,-0.28020548,0.15965806,-0.14804374,0.97600838,0.21949111,-0.74767069,0
25,13600,6.800000,0,1.9231243,1.5782585,0.62291821,1.5162675,-0.21091855,0.2285937,-0.060233707,-0.16615395,0.00452881,-0.15252388,0.39556315,-0.7343287,-0.55162593,2.1551086,-1.0766909,0
25,13600,6.800000,1,1.9231243,0.42574906,0.64513879,1.1220572,0.077690836,0.022325221,0.12247798,0.72769984,-0.071818798,0.56095264,-0.25823172,0.79700287,-0.54598792,2.1483642,1.8841267,0
25,13600,6.800000,2,1.9231243,0.94827647,0.41624743,0.62972183,0.054654695,0.042414983,0.094605216,0.17625087,0.15849411,-0.088468623,-0.12017282,-0.47936629,-0.8693483,2.6246784,-1.8164252,0
25,13600,6.800000,3,1.9231243,0.49436738,0.15688769,0.21297068,-0.054873312,-0.44199688,-0.091925532,0.31296594,-0.22494158,-0.37234191,0.78818139,0.082102038,0.60994209,0.91480882,0.1037921,0
25,13600,6.800000,4,1.9231243,0.077761452,0.29139012,1.412501,-0.20660389,0.12621438,0.092116192,-0.013552134,-0.0063193541,0.26720559,0.58726557,0.72297773,-0.36389882,1.9432466,0.88860795,0
25,13600,6.800000,5,1.9231243,0.2425649,0.68304769,1.6539233,0.023781084,-0.036089385,-0.20695418,0.13939603,0.036325161,-0.50480898,-0.67603445,-0.5011617,0.54019846,1.0001234,-2.5036663,0
25,13600,6.800000,6,1.9231243,0.75231539,1.0428912,1.536037,0.13640668,0.23726826,0.04992232,0.099193099,0.18374782,0.0780309,-0.86710313,0.34353471,0.36071606,1.2017608,2.7643779,0
25,13600,6.800000,7,1.9231243,0.5352249,1.2009584,1.0810326,0.29802466,0.15278283,-0.31118025,0.033381495,0.082699106,-0.25833044,0.49575939,-0.86844015,0.0058589617,1.5649373,-1.0520775,0
25,13600,6.800000,8,1.9231243,0.78302225,1.0364032,0.63172422,0.39463742,-0.054714509,0.35060809,-0.34672308,-0.0070361043,0.37995706,-0.67589946,0.68188401,-0.2796321,1.8542072,2.3517869,0
25,13600,6.800000,9,1.9231243,1.8992506,1.5961961,1.1934903,-0.12461124,-0.023002844,0.46040789,0.12184932,0.17187317,0.60394582,0.80028297,-0.22007234,0.55777713,0.97909113,-0.26835985,0
25,13600,6.800000,10,1.9231243,0.52672599,1.735106,1.0198648,-0.34649498,0.23526147,-0.07383727,-0.43384811,0.021858323,-0.14692483,-0.065283413,-0.31856886,0.94564896,0.33121184,-1.772925,0
25,13600,6.800000,11,1.9231243,0.70811129,0.27163598,1.7345722,-0.14401516,0.021328694,-0.079908474,-0.41184385,-0.095701311,0.0267082,-0.35662037,0.92364714,-0.14034915,1.7116104,1.939263,0
25,13600,6.800000,12,1.9231243,0.082965062,1.3815564,1.8346302,-0.26813945,-0.19317231,0.4865624,-0.45646213,-0.12566885,0.18713906,0.68829928,-0.61459895,0.38537286,1.1751845,-0.72889193,0
25,13600,6.800000,13,1.9231243,0.58421338,1.5199645,0.18055343,0.28626746,0.019179274,0.17222622,0.1362654,0.0045745753,-0.24488447,-0.14192987,-0.93424127,-0.32718368,1.904118,-1.7215634,0
25,13600,6.800000,14,1.9231243,0.7147608,1.5196705,1.4875427,-0.0915119,0.22365832,-0.10406231,0.081359287,-0.11563559,-0.29395791,0.65188108,0.58354729,-0.48427639,2.0763322,0.73014265,0
25,13600,6.800000,15,1.9231243,0.10148285,0.18442113,0.88327328,-0.55441409,0.40951611,0.25354708,-0.35837415,0.26235653,0.30141239,-0.38892862,0.79635157,0.46320482,1.0891884,2.0251113,0
25,13600,6.800000,16,1.9231243,0.94183306,1.8392068,0.14347325,-0.43475789,-0.052668383,-0.072394725,-0.061877562,-0.24888418,-0.0043660054,-0.16218754,0.83236065,0.52997259,1.0122281,1.7632375,0
25,13600,6.800000,17,1.9231243,1.6148109,0.33380093,0.67983941,0.18203164,-0.37691959,-0.017630264,0.19996544,-0.40564624,-0.2014634,-0.84145197,-0.54032282,0.0031347559,1.5676616,-2.5707688,0
25,13600,6.800000,18,1.9231243,0.024297029,0.14532304,0.37913348,0.34918126,-0.0010791407,-0.24406317,0.40686927,0.17935603,-0.099844771,0.66687571,-0.74008376,0.086906922,1.4837796,-0.83738409,0
25,13600,6.800000,19,1.9231243,0.11358889,0.65580177,0.47310007,0.20032722,0.11539788,0.042750093,-0.051449919,0.34334153,0.0075051296,0.38504868,-0.41153673,0.82605995,0.59871598,-0.81863791,0
25,13600,6.800000,20,1.9231243,1.3750641,1.7514707,0.6360811,0.2112236,-0.36589846,-0.31212062,0.370618,-0.55876202,0.18696005,-0.84100349,-0.34768028,-0.41452569,1.9982179,-2.7495786,0
25,13600,6.800000,21,1.9231243,1.2453176,0.58892803,0.10580281,-0.11218945,0.044865904,0.0011519605,-0.24237587,-0.0044584961,0.063783318,-0.15171209,0.8201176,0.55171601,0.98637599,1.7537167,0
25,13600,6.800000,22,1.9231243,1.6151072,0.13662945,1.1958589,0.090066922,0.15498392,-0.12719666,0.13346158,0.02096326,-0.14019071,-0.36860307,-0.2531472,0.89445418,0.46358726,-2.5397981,0
25,13600,6.800000,23,1.9231243,1.9194885,0.84912483,0.99104658,0.23809258,-0.087086116,-0.19758737,-0.026007851,0.086725725,-0.094788754,-0.81293223,-0.53754338,-0.22402746,1.7967413,-2.5573563,0
25,13600,6.800000,24,1.9231243,1.0790962,1.1443503,0.3315412,-0.019209428,-0.28209779,-0.11001568,-0.34716082,0.18324038,-0.090248669,-0.76971136,0.52690585,0.36043674,1.2020603,2.5413113,0
25,13600,6.800000,25,1.9231243,1.2989211,1.5666527,1.0862858,-0.14126602,0.044233426,0.215008,-0.20531581,-0.20358584,0.24530285,-0.9424274,0.29266063,-0.16180345,1.7333142,2.8404952,0
25,13600,6.800000,26,1.9231243,0.068441076,1.3482197,0.74757287,0.11281082,0.33619573,0.059646049,-0.014236904,0.081523163,0.19913609,0.13098035,-0.84376736,-0.52048131,2.1182109,-1.4167927,0
25,13600,6.800000,27,1.9231243,1.4904331,1.4734313,1.8719408,-0.29667031,-0.24868835,-0.054989897,-0.19086231,-0.26705968,0.15475961,-0.34964119,-0.42694063,-0.83395008,2.5570238,-2.2569832,0
25,13600,6.800000,28,1.9231243,1.2315055,0.56322902,1.0535192,0.14926502,-0.10009983,-0.17690757,0.056172031,0.14586173,0.17916113,-0.90926494,-0.18285962,-0.37389788,1.9540045,-2.9431328,0
25,13600,6.800000,29,1.9231243,1.1261284,0.0084041065,1.595879,0.10860371,0.13334248,0.10493842,0.10971968,0.24901693,-0.018468825,-0.25191323,0.40940228,0.87688625,0.50145045,2.1224041,0
25,13600,6.800000,30,1.9231243,1.6911416,1.0010824,0.0080010552,-0.10677176,-0.13660459,-0.13511678,0.15340422,0.21664424,-0.38218744,0.70368264,0.67509732,-0.22152731,1.7941767,0.7646688,0
25,13600,6.800000,31,1.9231243,1.5553166,1.1367216,1.341853,0.19839045,-0.14753143,-0.13053992,0.080094535,-0.10242598,-0.32233644,-0.18828301,0.0015281162,0.98211362,0.18941991,3.1334768,0
26,13700,6.850000,0,1.9292239,1.5747156,0.62127438,1.5175476,-0.21945369,0.22497987,-0.063757206,-0.19627253,-0.10252614,-0.062966533,0.41304449,-0.66319188,-0.62415606,2.2448472,-1.0137713,0
26,13700,6.850000,1,1.9292239,0.46313165,0.63797959,1.1565054,0.11366611,0.013134385,0.15331849,0.70765121,-0.22582112,0.70272544,-0.24617891,0.69351425,-0.67707749,2.3145804,1.9118946,0
26,13700,6.850000,2,1.9292239,0.96282631,0.43089764,0.62799529,0.066178632,0.055723901,0.090887267,0.32232321,0.24442976,-0.067675424,-0.4668626,-0.69066681,-0.55228496,2.155899,-2.1652047,0
26,13700,6.850000,3,1.9292239,0.50843129,0.14552954,0.19520766,-0.042397142,-0.45383389,-0.11033488,0.18854221,-0.22251978,-0.3365716,0.82286012,0.055367442,0.56554016,0.96970826,0.067185307,0
26,13700,6.850000,4,1.9292239,0.077158818,0.29339317,1.4320143,-0.20745182,0.12729152,0.10712565,-0.016768344,0.0069266559,0.34382555,0.69424374,0.61247371,-0.37802327,1.9584565,0.72290298,0
26,13700,6.850000,5,1.9292239,0.24971314,0.68927288,1.6299583,0.030149902,-0.032037046,-0.23611877,0.1654367,0.021021553,-0.58815933,-0.7477902,-0.55766405,0.36030628,1.2022001,-2.5008175,0
26,13700,6.850000,6,1.9292239,0.76135033,1.0489712,1.5479963,0.14304498,0.2400362,0.056998503,0.12508151,-0.0027245961,0.11755915,-0.93954747,0.17908432,0.29185502,1.2746306,2.9532449,0
26,13700,6.850000,7,1.9292239,0.53608309,1.2086001,1.0709723,0.2971866,0.1566093,-0.32464794,-0.060642897,0.058692125,-0.25885822,0.68945032,-0.70343125,-0.1727505,1.7444178,-0.79543524,0
26,13700,6.850000,8,1.9292239,0.76700506,1.0374254,0.66273345,0.37616595,-0.056975905,0.37956783,-0.39318004,-0.037214725,0.73616263,-0.80970388,0.5235081,-0.2651771,1.8391839,2.5676517,0
26,13700,6.850000,9,1.9292239,1.9135221,1.6074281,1.2260905,-0.11637661,-0.01684328,0.48917711,0.14145681,0.12906794,0.55107034,0.49526791,-0.36107318,0.79014926,0.65974384,-0.62995524,0
26,13700,6.850000,10,1.9292239,0.50588742,1.7382585,1.0205124,-0.3689686,0.23291442,-0.076420252,-0.44115915,-0.088846683,0.0095647371,-0.066892081,-0.22996484,0.97089733,0.24184681,-1.8538649,0
26,13700,6.850000,11,1.9292239,0.68713882,0.270502,1.7412984,-0.16719685,0.019336312,-0.078685765,-0.46459545,-0.030045117,0.013366281,-0.60798034,0.678873,-0.41169329,1.9951077,2.3011602,0
26,13700,6.850000,12,1.9292239,0.059376338,1.3839545,1.852942,-0.29195361,-0.19515302,0.49903556,-0.45981888,-0.025693061,0.32880688,0.49525418,-0.86830884,0.027623623,1.5431692,-1.0524513,0
26,13700,6.850000,13,1.9292239,0.59134421,1.5264617,0.16704955,0.29153699,0.020852927,0.15817193,0.12941479,0.022236523,-0.27138334,0.17673384,-0.98387926,0.027326767,1.5434662,-1.3930622,0
26,13700,6.850000,14,1.9292239,0.71947899,1.5224767,1.4835315,-0.089064604,0.2216477,-0.11277777,-0.070004839,-0.0070202366,-0.11955345,0.64049389,0.7447468,-0.18740274,1.7593137,0.86051633,0
26,13700,6.850000,15,1.9292239,0.084961583,0.201532,0.90194155,-0.57123061,0.42601593,0.26938877,-0.19915197,0.30778121,0.36882827,-0.54796468,0.7068633,0.4473019,1.10705,2.2302351,0
26,13700,6.850000,16,1.9292239,0.94514091,1.833306,0.14428042,-0.43443777,-0.064384125,-0.072043163,0.10291053,-0.28309655,-0.028440552,-0.3909587,0.90486148,0.16845474,1.4015345,1.9786356,0
26,13700,6.850000,17,1.9292239,1.6293783,0.3115929,0.66544026,0.19146244,-0.40014956,-0.034159497,0.1295716,-0.43425242,-0.44207816,-0.86537942,-0.44485871,-0.23069283,1.803586,-2.6667588,0
26,13700,6.850000,18,1.9292239,0.045572879,0.15104617,0.37764749,0.37034654,0.0041747432,-0.24674741,0.37538941,0.1287689,-0.090551034,0.4286972,-0.79299263,0.43287573,1.1231159,-1.0751934,0
26,13700,6.850000,19,1.9292239,0.11752069,0.67309088,0.47172972,0.2038931,0.13058293,0.039883737,0.14488213,0.32127874,-0.10366407,0.3120221,-0.36039195,0.87906761,0.49689361,-0.85720909,0
26,13700,6.850000,20,1.9292239,1.3966684,1.7315069,0.6437901,0.22843929,-0.39137718,-0.30643809,0.38748731,-0.42011991,0.12555371,-0.83870773,-0.4520104,-0.30373662,1.8794084,-2.647283,0
26,13700,6.850000,21,1.9292239,1.2392712,0.59328364,0.10271348,-0.12216982,0.047349672,-0.0022675244,-0.24322859,0.066148059,-0.13542333,-0.37064202,0.86697746,0.33312847,1.2311767,1.9747915,0
26,13700,6.850000,22,1.9292239,1.6261763,0.13645806,1.1885427,0.096003915,0.15438014,-0.13828825,0.11537002,-0.051570915,-0.16388084,-0.48350235,-0.40588487,0.77555332,0.68320521,-2.4432447,0
26,13700,6.850000,23,1.9292239,1.9223723,0.85680087,0.99101824,0.23489338,-0.082111139,-0.20075401,-0.1011592,0.17688185,0.00021769696,-0.76907891,-0.22817113,-0.59703899,2.2106013,-2.8531836,0
26,13700,6.850000,24,1.9292239,1.0674893,1.1547515,0.32586544,-0.034215143,-0.27533687,-0.11673236,-0.28185167,0.091376776,-0.09303308,-0.6818805,0.70152514,0.20712669,1.3621593,2.3419952,0
26,13700,6.850000,25,1.9292239,1.2937965,1.5623865,1.0982398,-0.15049579,0.035012925,0.22350317,-0.16319547,-0.17175064,0.1139707,-0.84605375,0.40753137,0.34367316,1.2199708,2.6927041,0
26,13700,6.850000,26,1.9292239,0.06846504,1.3551438,0.75836302,0.11261801,0.33883946,0.068051796,-0.010238156,0.10004825,0.18991269,0.21044632,-0.87640972,-0.43314934,2.0187803,-1.3351348,0
26,13700,6.850000,27,1.9292239,1.4843236,1.4696067,1.8858712,-0.30748991,-0.25717283,-0.047009417,-0.24108327,-0.18505839,0.11900039,-0.5577738,0.1419206,-0.81776949,2.5283211,2.8924385,0
26,13700,6.850000,28,1.9292239,1.2348567,0.5710115,1.0638388,0.14871113,-0.09411323,-0.16994046,-0.10495146,0.13603864,0.049943117,-0.87502514,-0.44121501,-0.19914899,1.7712858,-2.6745658,0
26,13700,6.850000,29,1.9292239,1.1371652,0.019769536,1.6010948,0.11605699,0.14466333,0.10509228,0.22318153,0.21140746,-0.048598812,-0.57871921,0.59056761,0.56241798,0.97348911,2.3460618,0
26,13700,6.850000,30,1.9292239,1.7038691,1.0158308,1.9178845,-0.099419718,-0.12504967,-0.15445199,0.11039142,0.25247222,-0.42005945,0.85019528,0.49052626,-0.19118573,1.7631663,0.5233039,0
26,13700,6.850000,31,1.9292239,1.5629421,1.1386071,1.3272857,0.20107865,-0.14924861,-0.14933349,0.090851058,0.019372784,-0.43652499,-0.48745827,0.17516523,0.85539557,0.54448228,2.7966179,0
27,13800,6.900000,0,1.9327219,1.5688131,0.61827488,1.5197365,-0.2282035,0.22085762,-0.064319366,-0.14223843,-0.10091363,0.079060598,0.38477874,-0.65540303,-0.64991706,2.2782716,-1.0399256,0
27,13800,6.900000,1,1.9327219,0.49894026,0.62961986,1.1917378,0.14860332,0.0036264832,0.18642395,0.76429649,-0.12338586,0.63127148,-0.26202796,0.61837516,-0.74091397,2.4052266,1.9715961,0
27,13800,6.900000,2,1.9327219,0.97851067,0.44353684,0.62769827,0.080104592,0.067571075,0.089452868,0.24951758,0.25728066,0.027938331,-0.64468322,-0.75276617,-0.13314138,1.7043342,-2.2790051,0
27,13800,6.900000,3,1.9327219,0.51227304,0.13165716,0.18340774,-0.039479914,-0.46795735,-0.12247775,0.024327332,-0.34046423,-0.11127672,0.84370128,0.038185415,0.53545311,1.0057522,0.045228537,0
27,13800,6.900000,4,1.9327219,0.079508898,0.29464786,1.4481503,-0.20524364,0.12801358,0.12065285,0.011658192,0.023766411,0.23406922,0.79721423,0.28101677,-0.53430239,2.1344786,0.33889886,0
27,13800,6.900000,5,1.9327219,0.26030938,0.69393528,1.6044288,0.040284184,-0.028627515,-0.26457791,0.15521928,0.10342572,-0.54760444,-0.80076217,-0.52053915,0.29634261,1.2699354,-2.565179,0
27,13800,6.900000,6,1.9327219,0.77047935,1.0517429,1.5540057,0.15078652,0.24090512,0.060198251,0.17423612,-0.056552259,0.096921636,-0.91863631,-0.048782753,0.39208108,1.1679036,-3.088539,0
27,13800,6.900000,7,1.9327219,0.53096756,1.2136524,1.0638541,0.29110456,0.15946762,-0.33369979,-0.13992882,0.13352442,-0.18493018,0.7980417,-0.49123136,-0.34902894,1.927331,-0.55177201,0
27,13800,6.900000,8,1.9327219,0.75157887,1.0346023,0.70331563,0.35936426,-0.06167583,0.4189127,-0.30600123,-0.14379025,0.75217954,-0.90174885,0.30581787,-0.3054905,1.8812498,2.8146265,0
27,13800,6.900000,9,1.9327219,1.9229504,1.6175745,1.2575814,-0.11042326,-0.0096179878,0.51841844,0.045648617,0.1871577,0.53725876,0.15181237,-0.55114618,0.82048211,0.60854249,-1.3020132,0
27,13800,6.900000,10,1.9327219,0.48320108,1.7350497,1.0243517,-0.39255085,0.22655955,-0.074433195,-0.48317459,-0.15128627,0.042839573,0.081739614,-0.1056635,0.99103676,0.13399001,-0.9123714,0
27,13800,6.900000,11,1.9327219,0.67012551,0.27238099,1.7427349,-0.18543955,0.020723579,-0.080405056,-0.35255339,0.088034385,-0.027736632,-0.80471336,0.2068366,-0.55646656,2.1609233,2.8900072,0
27,13800,6.900000,12,1.9327219,0.04216417,1.3904126,1.8690049,-0.30925777,-0.19120778,0.51172721,-0.23398123,0.15476603,0.23897886,0.34624818,-0.87172233,-0.34671657,1.9248646,-1.192706,0
27,13800,6.900000,13,1.9327219,0.59715767,1.5269451,0.15125475,0.29627394,0.018570605,0.1420888,0.084041521,-0.10610912,-0.37558275,0.40187607,-0.85902122,0.31714061,1.2480834,-1.1332141,0
27,13800,6.900000,14,1.9327219,0.719472,1.5261548,1.4811224,-0.090374951,0.22256444,-0.11787216,0.036607745,0.055632455,-0.1173608,0.61981435,0.76151192,0.18955149,1.380091,0.88762142,0
27,13800,6.900000,15,1.9327219,0.079790174,0.22222596,0.92176418,-0.57655125,0.44632608,0.28755955,0.040547971,0.45656928,0.37859162,-0.57123099,0.70187859,0.42551334,1.1312673,2.2539316,0
27,13800,6.900000,16,1.9327219,0.95775003,1.8263356,0.14461342,-0.42355223,-0.074669257,-0.071971844,0.26516158,-0.18437687,0.0153505,-0.6348714,0.7647288,-0.11012797,1.6811481,2.2636776,0
27,13800,6.900000,17,1.9327219,1.6356911,0.28857606,0.63817098,0.19481777,-0.42371004,-0.062609572,-0.014543128,-0.50215346,-0.6026071,-0.8835174,-0.28169332,-0.37422704,1.9543594,-2.8329499,0
27,13800,6.900000,18,1.9327219,0.060494076,0.15915395,0.37149771,0.38517167,0.012001558,-0.25357575,0.23789902,0.14960266,-0.18811875,0.083412911,-0.69062966,0.71838218,0.76932244,-1.4506005,0
27,13800,6.900000,19,1.9327219,0.12118763,0.69029327,0.46885508,0.20734383,0.14655042,0.03615714,0.037225167,0.36886285,-0.072609126,0.19623864,-0.24880473,0.94846539,0.32243892,-0.90296797,0
27,13800,6.900000,20,1.9327219,1.4177459,1.7115411,0.65245813,0.24696758,-0.41446156,-0.29894416,0.33155152,-0.55528401,0.095086217,-0.83836171,-0.49324526,-0.2320749,1.8050066,-2.6097877,0
27,13800,6.900000,21,1.9327219,1.2312958,0.59613225,0.095439366,-0.13238299,0.04912094,-0.0097211283,-0.11652735,0.0030824315,-0.10257026,-0.43532453,0.88632633,0.15785497,1.4122783,2.0273438,0
27,13800,6.900000,22,1.9327219,1.6308928,0.13226126,1.1819654,0.097770292,0.14993994,-0.14701274,-0.019011815,-0.12342888,-0.13897696,-0.5471098,-0.58284045,0.60080602,0.92628731,-2.3245836,0
27,13800,6.900000,23,1.9327219,1.9191272,0.86778818,0.99271304,0.22816877,-0.072685903,-0.20085602,-0.17509049,0.23928511,0.007278863,-0.62103387,0.14440922,-0.77036544,2.4502104,2.9131224,0
27,13800,6.900000,24,1.9327219,1.0554426,1.1605595,0.3203742,-0.048184741,-0.27162595,-0.12280895,-0.21942233,0.072074517,-0.073719757,-0.57468223,0.81820297,-0.016859497,1.5876566,2.1831119,0
27,13800,6.900000,25,1.9327219,1.2888557,1.5592207,1.1041599,-0.15777591,0.029019633,0.22742837,-0.19505552,-0.095033731,0.081250719,-0.46434783,0.46326245,0.75483044,0.71540076,2.3573646,0
27,13800,6.900000,26,1.9327219,0.066248161,1.3610575,0.76961059,0.11027911,0.34229294,0.077915382,-0.10535151,0.029357536,0.24493889,0.22581291,-0.90731588,-0.35466382,1.9333508,-1.3268719,0
27,13800,6.900000,27,1.9327219,1.4779557,1.4638095,1.8917895,-0.3165409,-0.26562709,-0.044512771,-0.12280647,-0.079867387,-0.00054498016,-0.52940945,0.66310148,-0.52917112,2.1284197,2.244551,0
27,13800,6.900000,28,1.9327219,1.2322925,0.57732246,1.0697424,0.14391222,-0.088842404,-0.1659694,-0.1313984,0.083027891,0.011959791,-0.78904198,-0.61074765,-0.066332927,1.637178,-2.4828845,0
27,13800,6.900000,29,1.9327219,1.1523625,0.025935097,1.6021301,0.12918045,0.15078749,0.10322623,0.34592772,0.076647827,-0.014179533,-0.82031498,0.56107474,0.11080823,1.4597601,2.5417031,0
27,13800,6.900000,30,1.9327219,1.7059239,1.0272443,1.8997607,-0.10045341,-0.11548669,-0.17603369,-0.1556108,0.16543705,-0.50536985,0.95791381,0.23648352,-0.16271654,1.7342396,0.2420339,0
27,13800,6.900000,31,1.9327219,1.5701027,1.1409878,1.3101067,0.20540143,-0.14893269,-0.16890138,0.12066429,-0.035111992,-0.38967704,-0.71480817,0.32142772,0.62107447,0.90068343,2.7190133,0
28,13900,6.950000,0,1.9335833,1.5601588,0.60935416,1.5266356,-0.23755487,0.2116634,-0.05809896,-0.22930254,-0.19481363,0.075585454,0.34278697,-0.61505391,-0.71007449,2.3604003,-1.0623442,0
28,13900,6.950000,1,1.9335833,0.53646998,0.6249806,1.2194054,0.18590238,-0.0012922767,0.21355436,0.81127337,-0.11607322,0.53161876,-0.32243368,0.56383083,-0.76034947,2.4346473,2.0902695,0
28,13900,6.950000,2,1.9335833,0.9951189,0.45908425,0.63172464,0.096273126,0.082917397,0.09319866,0.38469953,0.37916354,0.13101057,-0.66455508,-0.70076064,0.25942449,1.3083701,-2.3296826,0
28,13900,6.950000,3,1.9335833,0.5145362,0.11412135,0.18395529,-0.037445509,-0.48554792,-0.12201204,-0.026587036,-0.36390602,0.1842237,0.83030997,0.24298823,0.5015397,1.0454187,0.2846979,0
28,13900,6.950000,4,1.9335833,0.079618923,0.29315591,1.4554314,-0.20516907,0.12639068,0.12728706,-0.026822111,-0.018181065,0.069747708,0.72619693,-0.25209165,-0.63959973,2.2647738,-0.33412423,0
28,13900,6.950000,5,1.9335833,0.2709723,0.69914182,1.579679,0.050828743,-0.023731335,-0.29003711,0.16889115,0.12964475,-0.45483554,-0.7891994,-0.52203691,0.32348382,1.2413874,-2.5571918,0
28,13900,6.950000,6,1.9335833,0.77676334,1.0464932,1.55946,0.15672581,0.23518793,0.064958831,0.10581491,-0.18210947,0.016927901,-0.8417302,-0.19661686,0.50282411,1.0439335,-2.9121206,0
28,13900,6.950000,7,1.9335833,0.52140188,1.2238147,1.0622922,0.28130443,0.16908686,-0.33573533,-0.2662407,0.34817516,0.082326703,0.86306691,-0.34232692,-0.37138631,1.951298,-0.37760654,0
28,13900,6.950000,8,1.9335833,0.73609406,1.0238053,0.73611499,0.34354802,-0.072931403,0.45139138,-0.3070001,-0.32922017,0.42438658,-0.97729371,-0.061766752,-0.20268662,1.774897,-3.0784748,0
28,13900,6.950000,9,1.9335833,1.9221401,1.6277218,1.2847003,-0.11209021,-0.0001937302,0.54497094,-0.028476711,0.17668924,0.44661267,-0.1673351,-0.64985035,0.74141317,0.7356225,-1.8228193,0
28,13900,6.950000,10,1.9335833,0.45989763,1.7307798,1.0301766,-0.41606441,0.22151756,-0.069065937,-0.52620144,-0.039986097,0.096694794,0.21377902,0.018884118,0.9766995,0.216294,0.08810607,0
28,13900,6.950000,11,1.9335833,0.65581185,0.27463232,1.7402951,-0.20004861,0.022853037,-0.083620795,-0.27980621,0.054055067,-0.087052268,-0.85826888,-0.29961097,-0.41666269,2.0005674,-2.8057309,0
28,13900,6.950000,12,1.9335833,0.038279542,1.4043476,1.8833145,-0.31316032,-0.17789544,0.52520086,0.010000659,0.3034607,0.29528613,0.25373432,-0.58534661,-0.7700573,2.4497273,-1.1617675,0
28,13900,6.950000,13,1.9335833,0.60072773,1.5244274,0.12893317,0.29957714,0.015373172,0.1197048,0.053086155,-0.071210047,-0.49538659,0.59481114,-0.53419747,0.60069358,0.92642796,-0.73176214,0
28,13900,6.950000,14,1.9335833,0.72138169,1.5306836,1.4798154,-0.088786264,0.2264122,-0.11983881,0.067664632,0.049334356,-0.0090979057,0.56104314,0.5321356,0.63408382,0.8839732,0.75896076,0
28,13900,6.950000,15,1.9335833,0.087241037,0.2465486,0.94016173,-0.5691376,0.47054429,0.3055423,0.29096569,0.57170504,0.3120563,-0.52478173,0.73482967,0.42968534,1.126652,2.1909588,0
28,13900,6.950000,16,1.9335833,0.97334921,1.8156422,0.14353097,-0.40838326,-0.086174085,-0.073118481,0.3855714,-0.33848644,-0.054469938,-0.72682496,0.59231242,-0.34769451,1.9259074,2.4578133,0
28,13900,6.950000,17,1.9335833,1.6298213,0.26610056,0.60709198,0.18822047,-0.44630911,-0.093965995,-0.21892479,-0.46829523,-0.63735627,-0.88837719,-0.054303636,-0.45589153,2.04417,-3.0805418,0
28,13900,6.950000,18,1.9335833,0.074786111,0.16865433,0.36134987,0.39943357,0.021428913,-0.26388685,0.30254359,0.17191415,-0.2239275,-0.24264843,-0.42265359,0.87320426,0.50905743,-2.0919593,0
28,13900,6.950000,19,1.9335833,0.12355251,0.70690988,0.46674226,0.20965419,0.16285576,0.033835883,0.085759884,0.33971049,-0.025672443,0.08788173,-0.18050688,0.97963976,0.2021371,-1.1177152,0
28,13900,6.950000,20,1.9335833,1.4306165,1.684232,0.65254888,0.25920368,-0.44252714,-0.29914414,0.16783256,-0.60076472,-0.068796579,-0.83154334,-0.52348689,-0.18573406,1.7576152,-2.5797378,0
28,13900,6.950000,21,1.9335833,1.2256459,0.59710318,0.091655383,-0.13858028,0.049826037,-0.013546794,-0.11866217,-0.087981519,-0.040125857,-0.55291809,0.83210955,-0.043304617,1.6141145,2.1572818,0
28,13900,6.950000,22,1.9335833,1.6244733,0.12809963,1.1782063,0.090625601,0.14572029,-0.15129762,-0.20694864,-0.035209809,-0.056072175,-0.49341749,-0.81222958,0.3111628,1.25438,-2.1167015,0
28,13900,6.950000,23,1.9335833,1.9102838,0.8809959,0.99319661,0.2184722,-0.059867787,-0.20081488,-0.21763206,0.30842729,0.023236403,-0.32892757,0.45314445,-0.8285329,2.5472788,2.1986798,0
28,13900,6.950000,24,1.9335833,1.0464814,1.1671471,0.31684443,-0.05761416,-0.26555695,-0.12648069,-0.078497368,0.18797914,-0.13089135,-0.55311335,0.8057744,-0.21164415,1.7840532,2.1723615,0
28,13900,6.950000,25,1.9335833,1.278396,1.5529906,1.1069068,-0.16880761,0.022096145,0.22968269,-0.21901164,-0.1697104,0.16847249,-0.013759484,0.31951926,0.94747988,0.32553463,1.6138328,0
28,13900,6.950000,26,1.9335833,0.064789106,1.3665666,0.78032951,0.10879086,0.34719432,0.088289002,-0.016397548,0.11260402,0.19886122,0.2032763,-0.93945803,-0.27585749,1.850278,-1.3577052,0
28,13900,6.950000,27,1.9335833,1.4709512,1.4559107,1.8946403,-0.32420235,-0.2741763,-0.042505535,-0.15832174,-0.14665394,0.062004513,-0.32421928,0.93104826,-0.16742458,1.7390131,1.9058938,0
28,13900,6.950000,28,1.9335833,1.2299334,0.5830858,1.0681765,0.14100458,-0.083337583,-0.16801165,0.020991409,0.11241374,-0.060280441,-0.61320897,-0.78840696,-0.048879743,1.6196956,-2.2318423,0
28,13900,6.950000,29,1.9335833,1.1716765,0.025779365,1.5977071,0.1479767,0.15062024,0.098090413,0.34405476,-0.037550994,-0.12925286,-0.85311589,0.37603606,-0.36164922,1.9408326,2.7264328,0
28,13900,6.950000,30,1.9335833,1.6979163,1.0280723,1.8779861,-0.10921938,-0.11511659,-0.19864999,-0.21239333,-0.15548694,-0.37841775,0.96764699,-0.14871232,-0.20382334,1.776058,-0.15249138,0
28,13900,6.950000,31,1.9335833,1.5733809,1.1429683,1.2930332,0.20797931,-0.14746101,-0.18655482,-0.013641273,0.098608657,-0.30614628,-0.88394679,0.37667973,0.27703872,1.2900855,2.7387619,0
29,14000,7.000000,0,1.9382976,1.5497421,0.59664102,1.5329095,-0.25175823,0.19748183,-0.055550273,-0.31977942,-0.24126379,0.060647844,0.30463858,-0.53022097,-0.7912402,2.4836308,-1.0493001,0
29,14000,7.000000,1,1.9382976,0.58398859,0.61583685,1.2435031,0.2320568,-0.011946845,0.23465326,1.0135437,-0.26258529,0.36607652,-0.45823797,0.49313259,-0.7394851,2.4031015,2.3195327,0
29,14000,7.000000,2,1.9382976,1.0133804,0.4747805,0.64091266,0.1120891,0.097476613,0.10083715,0.29637393,0.24825822,0.087888521,-0.55962687,-0.52615956,0.64029203,0.87591794,-2.3870078,0
29,14000,7.000000,3,1.9382976,0.51194082,0.094793719,0.1934002,-0.041290723,-0.50512995,-0.11302658,-0.0054148485,-0.45360272,0.14229359,0.71687955,0.51702091,0.46773185,1.0840735,0.62481968,0
29,14000,7.000000,4,1.9382976,0.081513606,0.29180308,1.4638984,-0.20347057,0.12432561,0.13219957,0.07175501,-0.07747858,0.15792539,0.51334183,-0.60511737,-0.6085336,2.2250077,-0.86727007,0
29,14000,7.000000,5,1.9382976,0.28005581,0.71171001,1.5657635,0.05924134,-0.012880959,-0.30778246,0.19871427,0.38043372,-0.29424997,-0.76359516,-0.58231821,0.27897659,1.2880681,-2.4900757,0
29,14000,7.000000,6,1.9382976,0.78302234,1.0449672,1.563455,0.16108564,0.2311154,0.065151486,0.1143204,-0.090698184,-0.043659287,-0.63724035,-0.25168046,0.72841038,0.75479738,-2.7654441,0
29,14000,7.000000,7,1.9382976,0.50591705,1.2460113,1.0768729,0.26456873,0.18827635,-0.32375924,-0.39389904,0.43439884,0.36304885,0.95427084,-0.089481485,-0.28523714,1.8600502,-0.093496096,0
29,14000,7.000000,8,1.9382976,0.72699925,1.0026416,0.75825843,0.33267174,-0.096562484,0.47171533,-0.1986708,-0.57393816,0.35837347,-0.86484617,-0.4953068,-0.081928476,1.6528167,-2.6214804,0
29,14000,7.000000,9,1.9382976,1.9183962,1.6377357,1.3081194,-0.12051031,0.005844251,0.56523313,-0.21850081,0.11029688,0.41325899,-0.431367,-0.71205059,0.55399141,0.98364534,-2.1154766,0
29,14000,7.000000,10,1.9382976,0.43603982,1.7356897,1.0387023,-0.44101313,0.22220676,-0.063059337,-0.5105785,0.011493661,0.11644653,0.35995007,0.055463688,0.93132149,0.37277165,0.15288477,0
29,14000,7.000000,11,1.9382976,0.64905703,0.27771977,1.7374654,-0.20839224,0.025267958,-0.090684946,-0.12363493,0.03933276,-0.17255503,-0.68368145,-0.7168804,-0.13660957,1.7078344,-2.3324949,0
29,14000,7.000000,12,1.9382976,0.039214688,1.4208566,1.9039948,-0.31231953,-0.16482631,0.54126976,-0.014906001,0.23044778,0.32884132,0.13470731,-0.055757051,-0.98931547,2.9952806,-0.39244217,0
29,14000,7.000000,13,1.9382976,0.60801659,1.5242626,0.10418899,0.30539425,0.011496307,0.094676736,0.21621392,-0.10997974,-0.56063866,0.66489695,-0.049137503,0.74531708,0.72978602,-0.073768332,0
29,14000,7.000000,14,1.9382976,0.72792281,1.5386522,1.4849815,-0.084009787,0.23064367,-0.11828263,0.063306785,0.12407578,-0.070677592,0.31902709,0.11808996,0.94035976,0.34711001,0.3545176,0
29,14000,7.000000,15,1.9382976,0.10122477,0.26926613,0.95501787,-0.55538331,0.4926338,0.31809091,0.21660021,0.37737382,0.2685179,-0.41239448,0.81579201,0.4054802,1.1532922,2.0388456,0
29,14000,7.000000,16,1.9382976,0.99490735,1.8071619,0.14301484,-0.38922163,-0.099065452,-0.07398351,0.3288093,-0.21294937,-0.034153762,-0.74806525,0.3797359,-0.5442417,2.1462813,2.6718644,0
29,14000,7.000000,17,1.9382976,1.6238833,0.24440106,0.58224687,0.17832079,-0.46863023,-0.12025927,-0.2712425,-0.42091002,-0.45485166,-0.72778925,0.17328602,-0.66354711,2.2963465,2.9078457,0
29,14000,7.000000,18,1.9382976,0.086960543,0.17728901,0.35446392,0.41141108,0.029642385,-0.27164439,0.1856648,0.13888012,-0.11820563,-0.48175604,-0.1330992,0.8661384,0.52337275,-2.8720375,0
29,14000,7.000000,19,1.9382976,0.12761933,0.72457049,0.46719388,0.21341519,0.17877343,0.033150353,0.081365025,0.28924236,0.099907985,-0.08411978,-0.11059537,0.99029921,0.1394024,-2.2210524,0
29,14000,7.000000,20,1.9382976,1.4445643,1.6605977,0.6467284,0.26965066,-0.47023416,-0.30654662,0.23133863,-0.48373769,-0.30208891,-0.85734131,-0.48367346,-0.17614158,1.7478617,-2.6279468,0
29,14000,7.000000,21,1.9382976,1.2212933,0.59946582,0.08922695,-0.14591227,0.050731756,-0.01619547,-0.13228511,0.034380448,-0.04108129,-0.70046698,0.69623253,-0.15686386,1.7283107,2.3592262,0
29,14000,7.000000,22,1.9382976,1.6158222,0.12212599,1.1771948,0.078029117,0.13944198,-0.15517701,-0.31317165,-0.21214033,-0.12066056,-0.22521493,-0.97140328,-0.075192388,1.6460598,-1.7986163,0
29,14000,7.000000,23,1.9382976,1.9020713,0.89790608,0.99554127,0.20561779,-0.045123549,-0.20089168,-0.18998238,0.22437602,0.015138841,0.073286987,0.66650101,-0.74189314,2.4066857,1.4612785,0
29,14000,7.000000,24,1.9382976,1.0437726,1.1779258,0.3109111,-0.062868114,-0.25763356,-0.13317837,-0.076154049,0.086079177,-0.043868954,-0.54935035,0.64274723,-0.53393838,2.134048,2.2780075,0
29,14000,7.000000,25,1.9382976,1.2708652,1.5550955,1.118178,-0.17944228,0.020416712,0.23824462,-0.12496846,0.116096,0.17657699,0.41520777,0.01162301,0.90965236,0.42834997,0.027985929,0
29,14000,7.000000,26,1.9382976,0.06367911,1.3786509,0.78640726,0.10752445,0.35593609,0.092459116,-0.013756713,0.078435569,0.063177965,0.23023339,-0.93722995,-0.26190191,1.8357887,-1.3299131,0
29,14000,7.000000,27,1.9382976,1.463731,1.4571472,1.9011107,-0.33499586,-0.27648673,-0.040656779,-0.21380606,0.15633956,0.028621339,-0.11289591,0.97452771,0.1937789,1.3757837,1.686129,0
29,14000,7.000000,28,1.9382976,1.2352848,0.58751559,1.0694251,0.14335438,-0.080333089,-0.16936577,0.01499764,0.086232074,-0.048277857,-0.30392858,-0.95120714,0.053220306,1.5175509,-1.8800627,0
29,14000,7.000000,29,1.9382976,1.1937136,0.026468966,1.5936414,0.1671338,0.15124623,0.090138882,0.33167013,0.019690065,-0.1409748,-0.64809608,0.1973932,-0.73553205,2.397248,2.8459448,0
29,14000,7.000000,30,1.9382976,1.6914361,1.0218874,1.8638401,-0.11982642,-0.12379752,-0.21735194,-0.22864468,-0.24804878,-0.38696164,0.81939178,-0.50047908,-0.27949564,1.8540651,-0.54831804,0
29,14000,7.000000,31,1.9382976,1.5772675,1.1525441,1.2815574,0.20802976,-0.14068015,-0.20116541,0.023358281,0.18961856,-0.23167346,-0.94484619,0.28391993,-0.16326403,1.7347945,2.8496834,0
30,14100,7.050000,0,1.9452262,1.5395452,0.58997447,1.5414292,-0.26746667,0.18869823,-0.052515452,-0.32922118,-0.14878948,0.038509293,0.29357905,-0.40347533,-0.86661353,2.6191713,-0.94176916,0
30,14100,7.050000,1,1.9452262,0.63490994,0.60715888,1.2592298,0.28080369,-0.022806783,0.24591494,1.0383694,-0.20662784,0.11327063,-0.63185516,0.484734,-0.60480741,2.2203203,2.4871993,0
30,14100,7.050000,2,1.9452262,1.0342849,0.49096165,0.64712308,0.12934049,0.11193484,0.10474962,0.36215707,0.39046764,0.032918919,-0.38639467,-0.26920918,0.88217094,0.49034393,-2.5330709,0
30,14100,7.050000,3,1.9452262,0.51712589,0.075479527,0.20137939,-0.037941591,-0.52474799,-0.10575169,0.14585795,-0.40889852,0.07875076,0.52855916,0.73055596,0.43233458,1.1237161,0.94447031,0
30,14100,7.050000,4,1.9452262,0.080974886,0.2847203,1.4794702,-0.20429919,0.11621423,0.14252017,0.030587328,-0.17516869,0.13287922,0.38510217,-0.7652257,-0.51587396,2.1128239,-1.1045497,0
30,14100,7.050000,5,1.9452262,0.29117385,0.73562166,1.5630321,0.069340282,0.0084485886,-0.3160959,0.18503667,0.46886015,-0.090046443,-0.74558995,-0.65944579,0.096056636,1.4745914,-2.4174288,0
30,14100,7.050000,6,1.9452262,0.78949334,1.0394372,1.5715597,0.16475115,0.22186659,0.067663002,0.030085577,-0.30125329,0.072979263,-0.42710911,-0.17454142,0.88719395,0.47956883,-2.7536451,0
30,14100,7.050000,7,1.9452262,0.48652652,1.2713121,1.0988745,0.24340752,0.20908607,-0.30563939,-0.52924421,0.31262013,0.37502976,0.92111755,0.36742531,-0.12861221,1.6997658,0.3795498,0
30,14100,7.050000,8,1.9452262,0.72263485,0.98041213,0.77485905,0.32572105,-0.12233001,0.48558078,-0.021212635,-0.50766101,0.2065778,-0.47623163,-0.87839705,0.040274705,1.5305107,-2.0676003,0
30,14100,7.050000,9,1.9452262,1.9149846,1.6478788,1.3299387,-0.13076105,0.010125537,0.58234595,-0.19597059,0.035319182,0.31087726,-0.5878333,-0.74814517,0.30778371,1.2579335,-2.2367697,0
30,14100,7.050000,10,1.9452262,0.41155408,1.7389109,1.0513454,-0.46701114,0.21922895,-0.054145039,-0.58268881,-0.044059859,0.15521664,0.53477793,0.097333064,0.83936812,0.57467662,0.18003579,0
30,14100,7.050000,11,1.9452262,0.64039671,0.28190372,1.7362386,-0.21935309,0.028453496,-0.098109163,-0.20180621,0.0362295,-0.15245412,-0.31720021,-0.93309333,0.1694723,1.4005021,-1.8984853,0
30,14100,7.050000,12,1.9452262,0.037614509,1.4334429,1.9243463,-0.31405678,-0.15733238,0.55479128,-0.031604561,0.13250855,0.26265637,0.066831262,0.49014713,-0.86907386,2.6241234,1.4352826,0
30,14100,7.050000,13,1.9452262,0.62008566,1.5198559,0.078427283,0.31527231,0.0016585857,0.068589143,0.11110948,-0.25464545,-0.52088781,0.49956574,0.42076583,0.75722532,0.71174186,0.69998526,0
30,14100,7.050000,14,1.9452262,0.73101302,1.5519709,1.4834709,-0.08352245,0.23844844,-0.12508921,-0.014027416,0.15726629,-0.16298249,-0.0039571282,-0.37986984,0.92503148,0.38967786,-1.581213,0
30,14100,7.050000,15,1.9452262,0.11497546,0.28825859,0.97571078,-0.5420183,0.51063164,0.33533928,0.28065727,0.33833365,0.34633294,-0.27003353,0.86081876,0.43136175,1.1247947,1.8747684,0
30,14100,7.050000,16,1.9452262,1.015908,1.807272,0.13930217,-0.3718084,-0.10540385,-0.078199867,0.30707402,-0.017535823,-0.067383313,-0.72067855,0.28030907,-0.63407354,2.2576061,2.7706469,0
30,14100,7.050000,17,1.9452262,1.6136568,0.2233742,0.56569256,0.16231819,-0.4904917,-0.13886166,-0.38592355,-0.39554257,-0.31960758,-0.33611963,0.3348446,-0.88028557,2.6472601,2.3580948,0
30,14100,7.050000,18,1.9452262,0.093569596,0.1864471,0.350356,0.41769807,0.038151569,-0.27700978,0.12699984,0.21478761,-0.072325395,-0.49389886,0.040370838,0.86858167,0.51846338,3.0600349,0
30,14100,7.050000,19,1.9452262,0.12959745,0.74187549,0.47316633,0.21493442,0.19346222,0.03744513,-0.0018021328,0.36769659,0.14331021,-0.24088435,-0.022138318,0.97030131,0.24432303,-3.0499458,0
30,14100,7.050000,20,1.9452262,1.4597576,1.6397818,0.63111918,0.27966243,-0.49693834,-0.32443569,0.059933592,-0.44380964,-0.34856036,-0.88543572,-0.40411369,-0.22955546,1.8024172,-2.7134285,0
30,14100,7.050000,21,1.9452262,1.2262968,0.60171034,0.088361132,-0.14527544,0.050833267,-0.017378124,0.064318137,0.020376768,-0.028636129,-0.78137654,0.56796585,-0.25858363,1.832352,2.5130542,0
30,14100,7.050000,22,1.9452262,1.6084606,0.11318633,1.1731785,0.064915034,0.13008248,-0.1633866,-0.20107488,-0.15235255,-0.22141253,0.095814678,-0.8707582,-0.48228591,2.0740586,-1.4612013,0
30,14100,7.050000,23,1.9452262,1.898746,0.9053933,0.99835567,0.19551153,-0.040853562,-0.20163457,-0.22573396,0.0082407537,-0.014045706,0.5015387,0.70314067,-0.50403584,2.0990616,0.95121072,0
30,14100,7.050000,24,1.9452262,1.0439614,1.1888359,0.31423955,-0.066403992,-0.25094595,-0.13096524,-0.095441958,0.17031693,0.20567739,-0.40876176,0.29081341,-0.86506727,2.6160808,2.5232236,0
30,14100,7.050000,25,1.9452262,1.2677007,1.5669092,1.1292523,-0.18713588,0.02666047,0.24530939,-0.12643474,0.17378268,0.15612489,0.78547377,-0.36319394,0.50111986,1.045904,-0.43310821,0
30,14100,7.050000,26,1.9452262,0.064358433,1.3892853,0.79211069,0.10797534,0.36163226,0.095346344,0.089490945,0.082806385,0.065400525,0.47967367,-0.8131353,-0.32973346,1.9068176,-1.0378317,0
30,14100,7.050000,27,1.9452262,1.4556193,1.4781783,1.9095562,-0.34831595,-0.26069249,-0.039009841,-0.33002155,0.39352356,0.048959187,0.068284547,0.82095962,0.56688845,0.96807249,1.4878109,0
30,14100,7.050000,28,1.9452262,1.2423864,0.59518884,1.0714814,0.1460356,-0.074769875,-0.17112904,0.07244597,0.10254196,0.026747109,0.022934147,-0.98830695,0.15074279,1.4194767,-1.547595,0
30,14100,7.050000,29,1.9452262,1.2139742,0.028429679,1.5903352,0.1830989,0.153109,0.081152187,0.30664372,0.021832355,-0.23583175,-0.43029367,-0.038345261,-0.90187416,2.6948847,-3.0527133,0
30,14100,7.050000,30,1.9452262,1.6859462,1.0099109,1.8530718,-0.13134189,-0.13939899,-0.23475163,-0.20537773,-0.45904645,-0.33037085,0.58777608,-0.70550771,-0.39595221,1.9779009,-0.87618103,0
30,14100,7.050000,31,1.9452262,1.5900365,1.1649296,1.2737693,0.21514804,-0.13242926,-0.21351245,0.26097169,0.1165345,-0.2395261,-0.83513819,0.089159128,-0.54276593,2.1445232,3.0352358,0
31,14200,7.100000,0,1.9473248,1.5243771,0.58578918,1.5444296,-0.28428667,0.18387903,-0.051178867,-0.34005895,-0.035878326,0.088039143,0.11100343,-0.21986874,-0.96919347,2.8927312,-1.1032665,0
31,14200,7.100000,1,1.9473248,0.68438429,0.59583028,1.2631442,0.32956675,-0.03478397,0.24846941,0.96815507,-0.24835461,0.037895922,-0.76452156,0.45763683,-0.4539552,2.0419956,2.6022088,0
31,14200,7.100000,2,1.9473248,1.0516102,0.50753107,0.6471527,0.14554114,0.12796592,0.10408143,0.30010052,0.28985242,-0.060265036,-0.10361515,-0.0011117105,0.99461684,0.10380745,-3.1308638,0
31,14200,7.100000,3,1.9473248,0.52710711,0.051891313,0.20486259,-0.028523358,-0.54840488,-0.10248751,0.24857312,-0.46495789,0.020368706,0.20860612,0.86197466,0.4620424,1.0904995,1.3333521,0
31,14200,7.100000,4,1.9473248,0.081654642,0.27262183,1.4887951,-0.20370712,0.10381527,0.15024473,-0.014739476,-0.25476021,0.20514726,0.3575717,-0.87520798,-0.32581202,1.9026668,-1.1829357,0
31,14200,7.100000,5,1.9473248,0.30089469,0.76399101,1.564758,0.078741915,0.036009435,-0.31605634,0.18521735,0.61404239,0.072003942,-0.76821652,-0.60586706,-0.20680542,1.779105,-2.4738004,0
31,14200,7.100000,6,1.9473248,0.7921477,1.0251439,1.5750363,0.16655277,0.2064602,0.069443138,0.072941691,-0.36669823,0.078227645,-0.093011817,-0.14478224,0.98508218,0.17294541,-2.1418284,0
31,14200,7.100000,7,1.9473248,0.45974367,1.2887441,1.1180537,0.21611449,0.22513783,-0.28765544,-0.50057377,0.25231792,0.33915796,0.6749799,0.7346821,0.068149498,1.502594,0.82772501,0
31,14200,7.100000,8,1.9473248,0.72459261,0.95713566,0.78574843,0.32689854,-0.14665111,0.49562876,0.067669838,-0.47168957,0.27630824,0.019550163,-0.99296523,0.11678114,1.4537481,-1.5511102,0
31,14200,7.100000,9,1.9473248,1.9066695,1.6467293,1.3450705,-0.14113659,0.0071997934,0.59603548,-0.29008256,-0.11581053,0.30726112,-0.67580839,-0.73665571,-0.024927375,1.5957263,-2.3131423,0
31,14200,7.100000,10,1.9473248,0.38187958,1.7367557,1.063201,-0.49711342,0.21519988,-0.043429388,-0.6403633,-0.067523795,0.17212498,0.70567227,0.15921882,0.69041728,0.80873061,0.22191128,0
31,14200,7.100000,11,1.9473248,0.63435609,0.28636582,1.7289412,-0.22608099,0.03260922,-0.10727488,-0.14588104,0.093826231,-0.1805488,0.046093259,-0.90714797,0.41827978,1.1392457,-1.5200288,0
31,14200,7.100000,12,1.9473248,0.033832881,1.4399009,1.9404592,-0.31787693,-0.15242352,0.56882046,-0.12383646,0.081085515,0.26572611,-0.051074697,0.87853076,-0.47494746,2.0657006,1.6288675,0
31,14200,7.100000,13,1.9473248,0.62598714,1.5052709,0.055580129,0.32050197,-0.014557388,0.045669732,0.076325905,-0.38461007,-0.46818064,0.11136246,0.80865025,0.57765317,0.9549456,1.4339431,0
31,14200,7.100000,14,1.9473248,0.73130242,1.56123,1.4792956,-0.084021448,0.24602903,-0.13086181,0.055446853,0.19876838,-0.11003161,-0.39233087,-0.65261896,0.64820134,0.86557637,-2.1120711,0
31,14200,7.100000,15,1.9473248,0.1286874,0.30630048,0.99199914,-0.52843773,0.52835299,0.35056677,0.30042352,0.3630476,0.17981198,-0.045756278,0.88172053,0.46954794,1.0820176,1.6226441,0
31,14200,7.100000,16,1.9473248,1.0340804,1.8078568,0.13619157,-0.35474128,-0.10676815,-0.081459004,0.39851139,0.056248588,-0.047442436,-0.65365502,0.095584152,-0.75073216,2.419966,2.9963915,0
31,14200,7.100000,17,1.9473248,1.5965238,0.20276,0.55022177,0.14345441,-0.51133566,-0.1549341,-0.3830478,-0.41576244,-0.35680345,0.15871133,0.40282228,-0.90141274,2.6938178,1.1954744,0
31,14200,7.100000,18,1.9473248,0.097259313,0.19763941,0.34745377,0.4212849,0.0491368,-0.28028824,0.00796312,0.19035101,-0.0099035088,-0.35477873,0.13600321,0.9250055,0.38974625,2.7755246,0
31,14200,7.100000,19,1.9473248,0.13011798,0.76352873,0.4812126,0.21531492,0.21430383,0.04497686,-0.0054025272,0.41834443,0.093226479,-0.45144004,0.063029457,0.89007257,0.47329197,3.0028707,0
31,14200,7.100000,20,1.9473248,1.4667057,1.6224771,0.6146109,0.28503278,-0.51600183,-0.3416156,0.080843208,-0.35340505,-0.30071658,-0.91136627,-0.22885487,-0.34210667,1.9199543,-2.8955678,0
31,14200,7.100000,21,1.9473248,1.2280578,0.6048832,0.087180272,-0.14483772,0.053355602,-0.018653627,0.017076855,0.05545208,-0.0031310116,-0.8195652,0.41661973,-0.39337117,1.9750918,2.6712934,0
31,14200,7.100000,22,1.9473248,1.6025092,0.10854969,1.1632765,0.057232478,0.12532629,-0.17454831,-0.19345353,-0.062997183,-0.24408386,0.47654614,-0.49746236,-0.72486894,2.3816404,-0.80686924,0
31,14200,7.100000,23,1.9473248,1.891039,0.90783003,1.002369,0.18576125,-0.039394419,-0.19869994,-0.18171881,0.033793252,0.082399939,0.87068833,0.48477985,-0.083007955,1.6538999,0.50803192,0
31,14200,7.100000,24,1.9473248,1.0442366,1.1978408,0.32235514,-0.067254629,-0.24322781,-0.12319286,0.0033409173,0.08629496,0.12019387,-0.12257025,-0.099038829,-0.98750587,2.9833508,-2.4619825,0
31,14200,7.100000,25,1.9473248,1.2615993,1.5766034,1.1377823,-0.19460098,0.034659922,0.25261713,-0.14909997,0.15548847,0.12754056,0.75324111,-0.65182527,-0.088043471,1.6589539,-0.71334444,0
31,14200,7.100000,26,1.9473248,0.069277981,1.3959776,0.79356947,0.11282284,0.36682296,0.095950205,0.079557606,0.14404732,-0.017914031,0.68393683,-0.6282711,-0.37081779,1.9506858,-0.74300215,0
31,14200,7.100000,27,1.9473248,1.4400961,1.5066336,1.9153138,-0.36540035,-0.23384644,-0.035314444,-0.35774341,0.53959655,0.05837373,0.21043044,0.41912693,0.88320533,0.48814292,1.1054953,0
31,14200,7.100000,28,1.9473248,1.2475216,0.59544513,1.0710298,0.14982836,-0.075155515,-0.17273572,0.10022718,-0.14684935,-0.0019996823,0.40592722,-0.89331826,0.19288748,1.3766923,-1.1442862,0
31,14200,7.100000,29,1.9473248,1.230131,0.029724877,1.5806326,0.197938,0.15437285,0.069739961,0.26647322,0.061476626,-0.24706933,-0.1888628,-0.31049244,-0.93162508,2.7696555,-2.1172735,0
31,14200,7.100000,30,1.9473248,1.6771237,0.99178509,1.8431622,-0.14197758,-0.15860401,-0.24665399,-0.13585722,-0.31012955,-0.25170552,0.30256714,-0.77580323,-0.55369891,2.157596,-1.1989359,0
31,14200,7.100000,31,1.9473248,1.6033054,1.1685848,1.262463,0.2266952,-0.13003218,-0.22618622,0.19915537,0.014303501,-0.22307296,-0.50175075,-0.1820727,-0.84563333,2.5785469,-2.7934944,0
32,14300,7.150000,0,1.9620789,1.5173181,0.59592093,1.5599286,-0.30282532,0.18955108,-0.047395634,-0.42322911,0.24494933,0.020362147,-0.10110123,-0.027707392,-0.99449024,3.0365705,-2.8741043,0
32,14300,7.150000,1,1.9620789,0.73342416,0.58915285,1.2775152,0.37325643,-0.045933692,0.25325204,0.82312955,-0.16694724,0.16157882,-0.83560138,0.44530604,-0.321672,1.8982911,2.6519596,0
32,14300,7.150000,2,1.9620789,1.0738637,0.52341929,0.64563133,0.15977333,0.13996351,0.097680995,0.26172681,0.27926441,-0.16005568,0.18659229,0.20896061,0.9599577,0.28394515,0.8418875,0
32,14300,7.150000,3,1.9620789,0.54481452,0.031151786,0.21115263,-0.014861196,-0.56945811,-0.097767447,0.2685405,-0.30646835,0.14851807,-0.19110543,0.85672282,0.47906651,1.0712054,1.7902689,0
32,14300,7.150000,4,1.9620789,0.07986194,0.25817198,1.5091522,-0.20610942,0.087361966,0.15928775,-0.019137885,-0.37447135,0.19777755,0.36730614,-0.92423487,-0.10428857,1.6752749,-1.1925191,0
32,14300,7.150000,5,1.9620789,0.31404854,0.7979481,1.5773219,0.08957513,0.064072162,-0.31535069,0.1661238,0.51908334,-0.11269178,-0.71979902,-0.49757134,-0.48405798,2.0760826,-2.5367537,0
32,14300,7.150000,6,1.9620789,0.8011088,1.0193597,1.5922916,0.16950096,0.1929598,0.074745019,0.0051741279,-0.28310325,0.15076379,0.24656423,-0.18081028,0.95211014,0.31073157,-0.63273964,0
32,14300,7.150000,7,1.9620789,0.43525849,1.3060862,1.1483428,0.18825117,0.23268712,-0.26591934,-0.53028979,0.017642459,0.49586452,0.42928932,0.89310356,0.13444965,1.4359383,1.1227308,0
32,14300,7.150000,8,1.9620789,0.7358198,0.94104457,0.80647379,0.33261421,-0.16990627,0.51034528,0.21318022,-0.41072946,0.22262495,0.46678454,-0.87704727,0.11357943,1.4569713,-1.081704,0
32,14300,7.150000,9,1.9620789,1.907868,1.6562778,1.3675661,-0.15433435,0.0042826918,0.60829379,-0.30044457,-0.073566477,0.25356837,-0.67422437,-0.68436116,-0.27761718,1.8521092,-2.3487333,0
32,14300,7.150000,10,1.9620789,0.35581424,1.7482947,1.0785112,-0.52596323,0.21358622,-0.036201958,-0.56149499,-0.041958977,0.13931359,0.83452341,0.22632042,0.50234425,1.0444885,0.26482736,0
32,14300,7.150000,11,1.9620789,0.63493583,0.2922872,1.7340481,-0.23029162,0.036346816,-0.11523736,-0.050098888,0.028401677,-0.15699926,0.43160473,-0.71475953,0.55030552,0.98806623,-1.0275536,0
32,14300,7.150000,12,1.9620789,0.02581227,1.4531645,0.0079460249,-0.32612276,-0.15007833,0.58362824,-0.14325163,0.15700353,0.36159839,-0.2338227,0.97227721,0.0019918168,1.5688045,1.8068043,0
32,14300,7.150000,13,1.9620789,0.63812802,1.4925433,0.03533113,0.32787219,-0.038599046,0.025077341,0.15928597,-0.52401397,-0.33575851,-0.2650756,0.9200652,0.28847001,1.2781678,1.8513051,0
32,14300,7.150000,14,1.9620789,0.74229646,1.5834486,1.4879153,-0.078588699,0.25637977,-0.13344042,0.22196279,0.22291911,-0.0044367457,-0.6004403,-0.76750574,0.22451367,1.3443524,-2.2346676,0
32,14300,7.150000,15,1.9620789,0.14205911,0.32857184,1.0035991,-0.51608765,0.54822861,0.3546354,0.16048398,0.3872863,-0.042425135,0.21860889,0.90250789,0.37106557,1.1906401,1.3331497,0
32,14300,7.150000,16,1.9620789,1.0605587,1.8259829,0.13452623,-0.33616779,-0.10235613,-0.084146073,0.3744873,0.12073677,-0.13658511,-0.46209938,-0.14819986,-0.87435746,2.6349065,-2.8312459,0
32,14300,7.150000,17,1.9620789,1.5899252,0.18120807,0.53857046,0.12482989,-0.53433701,-0.17069474,-0.37381749,-0.51339846,-0.3558185,0.5476729,0.43514961,-0.71463222,2.3668945,0.67140456,0
32,14300,7.150000,18,1.9620789,0.09837776,0.21543158,0.34543458,0.42166502,0.065370269,-0.28492245,0.020305481,0.30286859,-0.10156798,-0.2188561,0.1304642,0.96699591,0.25763247,2.604032,0
32,14300,7.150000,19,1.9620789,0.13067551,0.78935862,0.49368275,0.21488821,0.2342734,0.053767877,-0.13436295,0.38392415,0.22586445,-0.62802686,0.096357954,0.77220296,0.68849527,2.9893502,0
32,14300,7.150000,20,1.9620789,1.4808773,1.6182365,0.60083134,0.28808018,-0.53247311,-0.35998251,0.10611684,-0.3634719,-0.46930208,-0.90795407,-0.049498126,-0.4161362,1.9999883,-3.0871305,0
32,14300,7.150000,21,1.9620789,1.2418807,0.61323081,0.086192598,-0.14033632,0.057106101,-0.020295634,0.1832787,0.069378986,-0.11470616,-0.87162243,0.19781013,-0.44849247,2.0358743,2.9184279,0
32,14300,7.150000,22,1.9620789,1.6010459,0.10610523,1.1587527,0.043678788,0.12207167,-0.18783566,-0.31439397,-0.11075259,-0.222478,0.69272862,-0.0094405191,-0.72113656,2.3762378,-0.013627176,0
32,14300,7.150000,23,1.9620789,1.8982045,0.91585489,1.0135071,0.17862602,-0.038252142,-0.19516974,-0.032225387,0.019218976,0.067974039,0.80964994,0.11973262,0.57457033,0.95871725,0.14681787,0
32,14300,7.150000,24,1.9620789,1.0523553,1.2107462,0.33085541,-0.067048467,-0.23941236,-0.11715773,0.015521022,0.08207323,0.14378422,0.15985744,-0.45493665,-0.87605836,2.6384226,-1.2328891,0
32,14300,7.150000,25,1.9620789,1.2626532,1.5952359,1.1527749,-0.20307369,0.041321969,0.2589652,-0.2274359,0.1012734,0.2059713,0.32812989,-0.68050975,-0.65516201,2.2851934,-1.1215041,0
32,14300,7.150000,26,1.9620789,0.071917434,1.4117794,0.7965962,0.11492945,0.37202831,0.092975609,-0.06160638,0.13315394,-0.014465774,0.8046418,-0.38638141,-0.45084474,2.0385078,-0.44767486,0
32,14300,7.150000,27,1.9620789,1.4336972,1.542318,1.9314664,-0.38264523,-0.20966838,-0.033679592,-0.24604467,0.47742911,-0.039754743,0.23003835,-0.11397371,0.96648453,0.25963195,-0.46000521,0
32,14300,7.150000,28,1.9620789,1.2629247,0.59858627,1.0775539,0.15575707,-0.07652067,-0.17432037,0.10189984,0.0059899746,0.064380733,0.68658694,-0.72168345,0.08815537,1.4825264,-0.81031472,0
32,14300,7.150000,29,1.9620789,1.2527137,0.031527945,1.5797482,0.21115057,0.15594477,0.056928102,0.20479676,0.016041343,-0.3227007,0.07024365,-0.53097496,-0.84447109,2.5763732,-1.4392682,0
32,14300,7.150000,30,1.9620789,1.6834119,0.98152212,1.8463148,-0.14837209,-0.17631451,-0.25742573,-0.131272,-0.32806683,-0.16430515,0.052635743,-0.74846764,-0.66107917,2.2930525,-1.5005872,0
32,14300,7.150000,31,1.9620789,1.6265069,1.1766884,1.264688,0.23770757,-0.13077959,-0.23349874,0.27679541,-0.019761115,-0.1188519,-0.16242351,-0.2889704,-0.94345891,2.8037108,-2.0828641,0
33,14400,7.200000,0,1.9784204,1.5107928,0.61621343,1.5730152,-0.3219087,0.20481705,-0.047301485,-0.38340269,0.37726812,-0.0090378917,-0.24697718,0.17279562,-0.9534904,2.8354075,2.531107,0
33,14400,7.200000,1,1.9784204,0.77986205,0.59055364,1.2977475,0.41341933,-0.049425268,0.26280466,0.76999219,-0.036944419,0.29432732,-0.89269962,0.43156514,-0.12976482,1.7009281,2.691282,0
33,14400,7.200000,2,1.9784204,1.0941326,0.53923382,0.64171097,0.17105158,0.15137135,0.088421792,0.1839624,0.27499174,-0.204064,0.40692956,0.3392649,0.84812007,0.55836952,0.69496583,0
33,14400,7.200000,3,1.9784204,0.56433278,0.01543204,0.22148631,5.7631864e-05,-0.58537132,-0.089227801,0.26647937,-0.34055825,0.12496414,-0.57452295,0.71093971,0.40557133,1.1531925,2.2504675,0
33,14400,7.200000,4,1.9784204,0.078169756,0.24275202,1.5316999,-0.20845701,0.069864346,0.16922501,-0.063439694,-0.30243556,0.20238963,0.33076997,-0.91688878,0.22339694,1.3454982,-1.2245747,0
33,14400,7.200000,5,1.9784204,0.32488859,0.82762935,1.583456,0.097765608,0.087012446,-0.32232466,0.1574961,0.36500439,-0.11292839,-0.55731867,-0.41685244,-0.71807377,2.371827,-2.499398,0
33,14400,7.200000,6,1.9784204,0.80905414,1.0184088,1.6142531,0.17076888,0.18355799,0.083408969,-0.04980808,-0.15833718,0.20217693,0.5789767,-0.24841359,0.77658011,0.68157706,-0.40530132,0
33,14400,7.200000,7,1.9784204,0.41172159,1.3140311,1.1824432,0.16120133,0.22976615,-0.24148442,-0.54881263,-0.14280876,0.41423939,0.21349218,0.94415708,0.25097511,1.3171089,1.3484167,0
33,14400,7.200000,8,1.9784204,0.75160316,0.92379582,0.82293632,0.34222931,-0.19488905,0.52005072,0.30647225,-0.49325155,0.15855602,0.83036187,-0.55274935,0.070479187,1.5002587,-0.58731426,0
33,14400,7.200000,9,1.9784204,1.9094432,1.6681417,1.3956768,-0.16858998,0.0023599346,0.62494545,-0.24450848,-0.01568812,0.42198412,-0.52463073,-0.6277721,-0.5750346,2.1834428,-2.2669312,0
33,14400,7.200000,10,1.9784204,0.33327062,1.7698498,1.0907842,-0.55136496,0.22055153,-0.032925065,-0.50890356,0.27070734,0.03076818,0.92896231,0.255664,0.26770307,1.299788,0.26856572,0
33,14400,7.200000,11,1.9784204,0.63630222,0.29744754,1.738561,-0.23419719,0.039061536,-0.12512574,-0.046531974,0.15946482,-0.23242281,0.7866018,-0.48179644,0.38617328,1.1743169,-0.54956264,0
33,14400,7.200000,12,1.9784204,0.021851129,1.4748743,0.027262655,-0.33028164,-0.14051113,0.60279919,-0.036862684,0.25023602,0.39264259,-0.3573082,0.82066308,0.44591811,1.1085966,1.9814341,0
33,14400,7.200000,13,1.9784204,0.65102636,1.4800934,0.017251619,0.33542446,-0.06337715,0.0067794512,0.11060921,-0.46141671,-0.39200108,-0.574175,0.81466948,-0.08146594,1.6523526,2.1847332,0
33,14400,7.200000,14,1.9784204,0.75914203,1.6040026,1.4987275,-0.067969499,0.26371532,-0.13501409,0.15578067,0.075769752,-0.062604025,-0.63116627,-0.75504056,-0.17760319,1.7493467,-2.2670692,0
33,14400,7.200000,15,1.9784204,0.15338355,0.35116432,1.0121847,-0.50598824,0.56800253,0.3548614,0.20882886,0.40270479,-0.026640001,0.41206298,0.83250589,0.37032155,1.1914412,1.1111832,0
33,14400,7.200000,16,1.9784204,1.0870553,1.8450475,0.13007767,-0.31857724,-0.098515413,-0.08969205,0.28971191,0.069883076,-0.069783266,-0.2054565,-0.39979491,-0.8932814,2.6753895,-2.0455058,0
33,14400,7.200000,17,1.9784204,1.5823066,0.15320392,0.52559815,0.10405555,-0.56372849,-0.18808052,-0.4342285,-0.60050799,-0.33795714,0.82908031,0.46839099,-0.30534523,1.8810973,0.51425053,0
33,14400,7.200000,18,1.9784204,0.10370988,0.23285202,0.34241092,0.42615915,0.080931924,-0.29079875,0.10444955,0.37314008,-0.11518561,-0.019621599,0.096292549,0.99515965,0.098430233,1.7718149,0
33,14400,7.200000,19,1.9784204,0.12457882,0.8101938,0.50960181,0.20773284,0.24847539,0.065526455,-0.072009783,0.17687396,0.20015678,-0.72306534,0.093096488,0.68447758,0.81690946,3.0135446,0
33,14400,7.200000,20,1.9784204,1.4989444,1.6156199,0.58404905,0.29378987,-0.54850104,-0.38167894,0.044497609,-0.28796943,-0.34249647,-0.84385701,0.19164901,-0.50117462,2.095752,2.9182701,0
33,14400,7.200000,21,1.9784204,1.2615929,0.62306593,0.081944491,-0.13100602,0.061814301,-0.0252411,0.27721315,0.035954586,-0.07389624,-0.88512295,0.026156592,-0.46462156,2.0540035,3.1120499,0
33,14400,7.200000,22,1.9784204,1.5952224,0.10703593,1.1577387,0.024599798,0.12211846,-0.19845643,-0.36362309,0.017607081,-0.14273281,0.65489483,0.48187786,-0.58215676,2.1921751,0.63435718,0
33,14400,7.200000,23,1.9784204,1.9128149,0.91813903,1.0180296,0.17743192,-0.043573771,-0.19907216,0.0067702331,-0.21961671,-0.24708699,0.27638465,-0.27903665,0.91964671,0.40361633,-0.79017289,0
33,14400,7.200000,24,1.9784204,1.0597694,1.2245269,0.33997398,-0.068393506,-0.23573084,-0.11082102,-0.00095741109,0.085236106,0.13829366,0.41692735,-0.71293623,-0.56382046,2.1698007,-1.0416259,0
33,14400,7.200000,25,1.9784204,1.260087,1.6119695,1.1732779,-0.21610209,0.04475514,0.2698221,-0.27917929,0.13951317,0.23017344,-0.33064493,-0.43804256,-0.83593818,2.5606363,-2.2173775,0
33,14400,7.200000,26,1.9784204,0.066933845,1.4273024,0.80010589,0.10936994,0.37577755,0.089863628,-0.10617016,-0.01817915,-0.16304391,0.87293702,-0.08161041,-0.4809581,2.0725435,-0.093218503,0
33,14400,7.200000,27,1.9784204,1.4332633,1.5776067,1.9449046,-0.39496874,-0.18731782,-0.036316931,-0.20402283,0.41760767,-0.059872775,0.14960886,-0.59522783,0.78950682,0.66079131,-1.3245501,0
33,14400,7.200000,28,1.9784204,1.279692,0.60371867,1.0952419,0.16198014,-0.076374293,-0.16564297,0.12140581,-0.082003407,0.24746926,0.7983667,-0.59903079,-0.061422548,1.6322576,-0.6437061,0
33,14400,7.200000,29,1.9784204,1.2756422,0.031846546,1.5780236,0.22359406,0.15600055,0.042107787,0.18312425,-0.05110384,-0.25660229,0.33984914,-0.75083006,-0.56635393,2.1728715,-1.1457564,0
33,14400,7.200000,30,1.9784204,1.6911496,0.97348012,1.8530518,-0.15462902,-0.19246429,-0.26603037,-0.068053261,-0.29878911,-0.18283086,-0.20622235,-0.66196251,-0.72060945,2.3754773,-1.8727989,0
33,14400,7.200000,31,1.9784204,1.653211,1.1864127,1.2722797,0.25081072,-0.13085522,-0.23642805,0.19048647,-0.02828568,-0.0049456962,0.011655553,-0.28434455,-0.9586513,2.8530209,-1.5298283,0
34,14500,7.250000,0,1.9820492,1.4912864,0.63228009,1.5741965,-0.34416582,0.2197398,-0.049003815,-0.54748018,0.35613879,-0.067304288,-0.29733605,0.43768396,-0.84854229,2.5840206,2.1675213,0
34,14500,7.250000,1,1.9820492,0.81778554,0.5920647,1.3139748,0.449879,-0.048997788,0.27663898,0.67320552,0.0046603302,0.30196319,-0.90749738,0.41280219,0.077735801,1.492982,2.7146881,0
34,14500,7.250000,2,1.9820492,1.103165,0.55331667,0.63408654,0.17807075,0.16445316,0.079628407,0.1169642,0.27862363,-0.18366348,0.54130019,0.47818614,0.69161559,0.80707283,0.72356938,0
34,14500,7.250000,3,1.9820492,0.58086598,1.9813607,0.22913524,0.015541547,-0.60150543,-0.081991751,0.26607673,-0.32615989,0.14946803,-0.89072,0.37070603,0.26304928,1.3046149,2.7472104,0
34,14500,7.250000,4,1.9820492,0.075798992,0.22473871,1.5445159,-0.21096885,0.051422675,0.17922239,0.01292235,-0.37898197,0.25631563,0.18934216,-0.86456427,0.46548702,1.0866115,-1.3551972,0
34,14500,7.250000,5,1.9820492,0.33405929,0.84611225,1.5855858,0.10633255,0.1039618,-0.32309846,0.15769729,0.28442697,-0.007616448,-0.16715762,-0.4226642,-0.89073751,2.6697615,-1.947405,0
34,14500,7.250000,6,1.9820492,0.81032202,1.0111919,1.6243672,0.17055301,0.17448147,0.090555617,0.14776795,-0.16457726,0.17547397,0.8404687,-0.20026081,0.50349575,1.0431563,-0.23391119,0
34,14500,7.250000,7,1.9820492,0.38563451,1.3053748,1.2029153,0.13438365,0.21870983,-0.22319792,-0.59308052,-0.31522227,0.39072845,0.00065899622,0.92107071,0.3893948,1.1708219,1.5700809,0
34,14500,7.250000,8,1.9820492,0.77114485,0.90409469,0.83086341,0.3603758,-0.21626501,0.52646252,0.34623299,-0.44093512,0.17624836,0.98753552,-0.1546232,0.029415404,1.5413767,-0.15531381,0
34,14500,7.250000,9,1.9820492,1.9013681,1.6717238,1.4165335,-0.18015678,0.0028819159,0.64322548,-0.20850635,0.053205252,0.35744381,-0.35076984,-0.47968528,-0.80427766,2.5052552,-2.202189,0
34,14500,7.250000,10,1.9820492,0.30813287,1.7917405,1.0960582,-0.57709042,0.23917893,-0.029654752,-0.49056561,0.43618505,0.10595675,0.98948173,0.14423494,0.011054281,1.5597418,0.14474869,0
34,14500,7.250000,11,1.9820492,0.633068,0.30883269,1.7306158,-0.23859448,0.049891188,-0.13624962,-0.11955891,0.2410113,-0.1829819,0.98514382,-0.1627763,0.054731426,1.5160375,-0.16375149,0
34,14500,7.250000,12,1.9820492,0.02059841,1.4903246,0.047058914,-0.33157325,-0.12777766,0.62252736,0.019935811,0.21487973,0.35915478,-0.36195178,0.53942904,0.76026786,0.70707097,2.1617864,0
34,14500,7.250000,13,1.9820492,0.65804636,1.4578857,1.9772959,0.34124503,-0.088276756,-0.015236957,0.07703242,-0.476196,-0.5712817,-0.75447706,0.54032787,-0.37257235,1.9525757,2.5201018,0
34,14500,7.250000,14,1.9820492,0.77258265,1.6059403,1.497167,-0.055932312,0.26271194,-0.13931955,0.2779292,-0.096851637,-0.11187338,-0.62784497,-0.68838391,-0.36323309,1.942532,-2.3102326,0
34,14500,7.250000,15,1.9820492,0.16615004,0.3679446,1.0146692,-0.49351452,0.58412394,0.3554888,0.28601992,0.30811691,-0.013701211,0.57670389,0.69490969,0.42954994,1.126802,0.87808912,0
34,14500,7.250000,16,1.9820492,1.0996431,1.854191,0.12946759,-0.30799301,-0.09276135,-0.090539945,0.12357407,0.17074583,0.073294172,0.059138454,-0.65650764,-0.75199758,2.4218837,-1.4809584,0
34,14500,7.250000,17,1.9820492,1.5638179,0.12406571,0.50979483,0.082684205,-0.59312078,-0.20483253,-0.4001808,-0.53650554,-0.409257,0.93795342,0.29780589,0.17763735,1.3922112,0.30743902,0
34,14500,7.250000,18,1.9820492,0.1059584,0.25051688,0.34266649,0.42821557,0.098153906,-0.29117088,0.0063359245,0.26988102,0.10302178,0.20429865,-0.074365289,0.97607985,0.21916263,-0.34909464,0
34,14500,7.250000,19,1.9820492,0.12259363,0.82381957,0.51852302,0.20552118,0.260604,0.07350565,0.035285431,0.24682025,0.15115311,-0.78296063,0.13133119,0.60804998,0.91719431,2.9754031,0
34,14500,7.250000,20,1.9820492,1.5018711,1.6022194,0.56790283,0.29396715,-0.56484982,-0.39888065,-0.018294911,-0.39765062,-0.40627937,-0.70912891,0.48839585,-0.50853288,2.1042764,2.538473,0
34,14500,7.250000,21,1.9820492,1.2817902,0.62730674,0.074883844,-0.11313908,0.064909459,-0.032445448,0.4159442,0.11910546,-0.18854639,-0.8777268,-0.14176145,-0.457711,2.0462153,-2.9814657,0
34,14500,7.250000,22,1.9820492,1.5817447,0.11098693,1.1513268,0.0082111814,0.1258697,-0.20698404,-0.25545089,0.11929366,-0.16762454,0.38391185,0.89467994,-0.22838453,1.8012144,1.1654537,0
34,14500,7.250000,23,1.9820492,1.9170285,0.90639826,1.0068619,0.17813641,-0.056986282,-0.21209515,0.031133687,-0.29668524,-0.3333504,-0.39452692,-0.58325233,0.71004593,0.78123289,-2.1655249,0
34,14500,7.250000,24,1.9820492,1.0608094,1.2323272,0.34803982,-0.06929645,-0.23018162,-0.10338556,-0.00878757,0.19631912,0.11342336,0.54166557,-0.79250193,-0.2802483,1.8548491,-0.97123841,0
34,14500,7.250000,25,1.9820492,1.2460707,1.6198414,1.1890558,-0.23241465,0.049665881,0.28343551,-0.37909199,0.066517419,0.28164152,-0.77421457,-0.10776738,-0.623681,2.2442393,-3.0032856,0
34,14500,7.250000,26,1.9820492,0.061140485,1.4278066,0.79497147,0.10345923,0.37366577,0.083267706,-0.11042602,-0.073440904,-0.19133373,0.783428,0.33252394,-0.52504134,2.12356,0.40140245,0
34,14500,7.250000,27,1.9820492,1.4287309,1.6002288,1.9435166,-0.40212348,-0.16760742,-0.041267711,-0.10528967,0.39241495,-0.16207423,-0.016859417,-0.92464713,0.38045164,1.1805117,-1.5890277,0
34,14500,7.250000,28,1.9820492,1.2884476,0.5994817,1.104825,0.16838269,-0.081713701,-0.15807567,0.13324015,-0.1700166,0.15476166,0.86081278,-0.36776792,-0.35177851,1.9302667,-0.40376078,0
34,14500,7.250000,29,1.9820492,1.2860996,0.031229648,1.5652051,0.23170433,0.15532586,0.026409302,0.09506568,-0.078781113,-0.23231006,0.62420242,-0.7475939,-0.22688037,1.7996696,-0.87510558,0
34,14500,7.250000,30,1.9820492,1.6893691,0.96414891,1.851332,-0.15950691,-0.20357087,-0.27114427,-0.090525495,-0.20229864,-0.0085213061,-0.50658259,-0.48393292,-0.71357061,2.365378,-2.3790571,0
34,14500,7.250000,31,1.9820492,1.6642321,1.1926674,1.2781013,0.25879223,-0.12678033,-0.23294322,0.13807229,0.18214802,0.12674972,0.13295163,-0.17752122,-0.97509491,2.9179449,-0.92797795,0
35,14600,7.300000,0,2.0002788,1.4765074,0.65137705,1.585155,-0.37253085,0.23296095,-0.052507753,-0.63766177,0.14899201,-0.10563719,-0.34962422,0.74654824,-0.56606415,2.1725199,2.0087811,0
35,14600,7.300000,1,2.0002788,0.85203659,0.59668386,1.3461891,0.47648681,-0.049820283,0.2966765,0.416838,-0.060514733,0.49201662,-0.84136984,0.53292416,0.089936872,1.4807378,2.5769753,0
35,14600,7.300000,2,2.0002788,1.1164743,0.57090821,0.62707486,0.18121951,0.17689869,0.066843341,0.0025207155,0.22272377,-0.27714843,0.47363879,0.69052708,0.54666136,0.99242444,0.96959009,0
35,14600,7.300000,3,2.0002788,0.59957275,1.9814878,0.23862593,0.028845008,-0.61951907,-0.07464214,0.22425283,-0.42699319,0.072206654,-0.9944616,-0.087482499,0.058248978,1.5125144,-3.0538488,0
35,14600,7.300000,4,2.0002788,0.074771773,0.2114596,1.5740648,-0.21268536,0.036146504,0.19449594,-0.085486918,-0.27204214,0.2843256,0.074420487,-0.77465307,0.62799221,0.89182579,-1.4750208,0
35,14600,7.300000,5,2.0002788,0.3480061,0.86594692,1.5973245,0.11715736,0.11595956,-0.32592996,0.2968057,0.24528357,-0.11545408,0.29285001,-0.32044467,-0.90086297,2.6925497,-0.83036198,0
35,14600,7.300000,6,2.0002788,0.82879923,1.0111465,1.6478127,0.18152718,0.16517845,0.099022534,0.2156394,-0.19563448,0.27995797,0.96680073,-0.14411533,0.21101451,1.3581836,-0.14797457,0
35,14600,7.300000,7,2.0002788,0.3608829,1.2999737,1.2362295,0.10621417,0.20138213,-0.20104869,-0.51908022,-0.31209987,0.47806895,-0.13588022,0.85418873,0.50189459,1.0450085,1.7285497,0
35,14600,7.300000,8,2.0002788,0.79376248,0.89184306,0.84913338,0.37583021,-0.23673818,0.53704233,0.29968303,-0.35959034,0.21110103,0.96006501,0.27163912,0.066987835,1.5037583,0.27573126,0
35,14600,7.300000,9,2.0002788,1.9058682,1.6902914,1.4470515,-0.19308504,0.0060595297,0.6606355,-0.29581692,0.057377231,0.35235036,-0.1046797,-0.21595367,-0.97077607,2.89924,-2.0221553,0
35,14600,7.300000,10,2.0002788,0.28470405,1.8302365,1.1119707,-0.60323357,0.26109535,-0.023849659,-0.55288048,0.4381885,0.084183506,0.98166224,-0.035480987,-0.18729747,1.7592065,-0.036128056,0
35,14600,7.300000,11,2.0002788,0.63346979,0.31933456,1.7406311,-0.24399052,0.05751771,-0.14212444,-0.013405533,0.10074045,-0.078750111,0.93464383,0.13204822,-0.3301578,1.9072671,0.14035293,0
35,14600,7.300000,12,2.0002788,0.021034423,1.5125287,0.065699069,-0.33132781,-0.11931924,0.64065174,0.00014815209,0.16389275,0.41939056,-0.23232855,0.13174429,0.96367364,0.27036438,2.6257457,0
35,14600,7.300000,13,2.0002788,0.66857699,1.4495258,1.963736,0.34570298,-0.10994614,-0.04683806,0.060048186,-0.38222491,-0.58457515,-0.84610226,0.17276451,-0.50424537,2.0993042,2.9401728,0
35,14600,7.300000,14,2.0002788,0.79343675,1.6158815,1.5050283,-0.042246557,0.2579048,-0.14520129,0.19991802,-0.083546068,-0.099293341,-0.59341463,-0.6781863,-0.4335002,2.0191696,-2.2896277,0
35,14600,7.300000,15,2.0002788,0.18228287,0.38725798,1.0183537,-0.47897637,0.59998062,0.34986678,0.25965979,0.19111469,-0.18996447,0.66453646,0.58699311,0.46241798,1.090076,0.7235184,0
35,14600,7.300000,16,2.0002788,1.1058177,1.881815,0.13952333,-0.31191425,-0.082239149,-0.081715352,-0.15368887,0.19383594,0.20509684,0.14060209,-0.82072766,-0.55374828,2.1576553,-1.4011294,0
35,14600,7.300000,17,2.0002788,1.5557538,0.098797268,0.49249151,0.060339373,-0.61940995,-0.22672439,-0.48130007,-0.5242518,-0.50180528,0.82891896,-0.0072089115,0.55932225,0.97722835,-0.0086965434,0
35,14600,7.300000,18,2.0002788,0.10615258,0.26809395,0.34910347,0.42743876,0.1133573,-0.28790049,-0.0063417678,0.37042063,0.059659287,0.39631815,-0.28048335,0.87422023,0.50696886,-0.6158902,0
35,14600,7.300000,19,2.0002788,0.12506096,0.84304166,0.5310056,0.20685486,0.27219608,0.081184055,-0.0005763159,0.18799568,0.13595816,-0.8651516,0.25743097,0.4303975,1.1258632,2.8523797,0
35,14600,7.300000,20,2.0002788,1.5193632,1.5976094,0.55472961,0.29762924,-0.58410786,-0.41719324,0.097870582,-0.31616321,-0.29133006,-0.50013134,0.6914884,-0.52126043,2.1191236,2.1969682,0
35,14600,7.300000,21,2.0002788,1.3127957,0.63879346,0.06598791,-0.094010161,0.070600577,-0.041986439,0.39590795,0.14192142,-0.11956089,-0.85026963,-0.34702269,-0.39574842,1.977679,-2.7540952,0
35,14600,7.300000,22,2.0002788,1.5848051,0.11954806,1.1538896,-0.0032238421,0.13337568,-0.2149738,-0.12356798,0.19302274,-0.20444408,-0.0094702249,0.97860245,0.2055421,1.3637787,1.5804733,0
35,14600,7.300000,23,2.0002788,1.940461,0.9053289,1.0014671,0.18391096,-0.066349227,-0.22668369,0.16907215,-0.1062829,-0.26410555,-0.79930756,-0.59946488,0.041824497,1.5289596,-2.4981042,0
35,14600,7.300000,24,2.0002788,1.0722811,1.2531141,0.35369049,-0.06758919,-0.22077196,-0.1009471,0.075785776,0.13401791,-0.032359964,0.64166461,-0.7597507,-0.10509713,1.6760879,-0.86946161,0
35,14600,7.300000,25,2.0002788,1.2381977,1.6384544,1.2115221,-0.25166004,0.053363736,0.29491321,-0.37259952,0.099514119,0.19629024,-0.9478975,0.25540994,-0.19041033,1.7623764,2.8783945,0
35,14600,7.300000,26,2.0002788,0.057659221,1.4373235,0.79404044,0.09943406,0.37006711,0.075062617,-0.0018481911,-0.083049667,-0.1799899,0.52160514,0.6595943,-0.54116859,2.1426225,0.90169226,0
35,14600,7.300000,27,2.0002788,1.4438415,1.6338549,1.9496563,-0.40016237,-0.14878532,-0.05294973,0.15590798,0.32564119,-0.27530124,-0.26487201,-0.96046375,-0.085745006,1.6566468,-1.839883,0
35,14600,7.300000,28,2.0002788,1.3099073,0.59630535,1.1197034,0.17794825,-0.09036409,-0.15338024,0.23101729,-0.13325689,0.0071559841,0.83240679,0.03790528,-0.55286719,2.1565975,0.045505531,0
35,14600,7.300000,29,2.0002788,1.3015127,0.026730129,1.5694675,0.23527234,0.15056092,0.01632212,0.050947461,-0.11854898,-0.14745956,0.73733286,-0.67208459,0.068136254,1.5026072,-0.7391367,0
35,14600,7.300000,30,2.0002788,1.7013635,0.96571399,1.8718594,-0.16303409,-0.21084011,-0.26766015,-0.09640674,-0.14343228,0.11904175,-0.74121503,-0.23409602,-0.62912584,2.2512244,-2.8356793,0
35,14600,7.300000,31,2.0002788,1.6879071,1.2134523,1.293499,0.26712263,-0.11700953,-0.22931726,0.2030755,0.24981119,0.086618878,0.14810996,-0.096385159,-0.98426284,2.9639491,-0.57691462,0
36,14700,7.350000,0,2.0062146,1.4458007,0.66582001,1.5845825,-0.40756716,0.24545242,-0.057776465,-0.74331709,0.36322315,-0.05122489,-0.36192305,0.91825748,-0.16067017,1.7321659,1.9462418,0
36,14700,7.350000,1,2.0062146,0.86944677,0.59528104,1.3772812,0.49134653,-0.052989084,0.32373372,0.24193378,-0.019897518,0.51754154,-0.7459127,0.65917911,0.095378997,1.4752721,2.4178443,0
36,14700,7.350000,2,2.0062146,1.1188855,0.58316406,0.61009781,0.18031881,0.18744473,0.048033299,-0.041830229,0.24599326,-0.35971079,0.3715677,0.84364396,0.38755944,1.1728137,1.1559277,0
36,14700,7.350000,3,2.0062146,0.60858306,1.9649466,0.24197721,0.036065366,-0.64190723,-0.072002891,0.11921461,-0.46369385,0.084552691,-0.78606018,-0.59332767,-0.17341183,1.7450893,-2.495019,0
36,14700,7.350000,4,2.0062146,0.072494506,0.19699606,1.591637,-0.21518081,0.021077777,0.20737799,-0.043986842,-0.27431937,0.1814456,-0.039912263,-0.64190588,0.76574399,0.698599,-1.6328941,0
36,14700,7.350000,5,2.0062146,0.35813756,0.88183731,1.5925568,0.12624263,0.12926053,-0.33542374,0.14693605,0.26295717,-0.24771207,0.70482398,-0.16378991,-0.69021448,2.3325817,-0.22833155,0
36,14700,7.350000,6,2.0062146,0.84158821,1.006237,1.6679484,0.1918414,0.15728001,0.11424577,0.20499552,-0.17063091,0.26280443,0.98356569,0.019442544,-0.17950078,1.7512753,0.019764834,0
36,14700,7.350000,7,2.0062146,0.33725438,1.2873479,1.264707,0.081551264,0.18492293,-0.1762765,-0.46556833,-0.30703513,0.48289429,-0.17732191,0.74503286,0.64302642,0.87235284,1.8044546,0
36,14700,7.350000,8,2.0062146,0.81508438,0.87919111,0.86252677,0.39476854,-0.25201406,0.54789981,0.42727419,-0.2631371,0.19239253,0.75487344,0.65512461,0.031270403,1.5395208,0.71477188,0
36,14700,7.350000,9,2.0062146,1.8969544,1.6956275,1.4683164,-0.20763291,0.0063792519,0.67758105,-0.32146755,-0.060829132,0.32424495,0.174215,0.19033417,-0.96613769,2.8806131,0.8295861,0
36,14700,7.350000,10,2.0062146,0.25644178,1.8585023,1.1157733,-0.63229765,0.28389605,-0.023347578,-0.57056993,0.42817189,-0.066739972,0.912499,-0.27659216,-0.30140066,1.8769576,-0.29431216,0
36,14700,7.350000,11,2.0062146,0.63421391,0.32939991,1.7397614,-0.24512457,0.066621946,-0.14815059,0.0042513668,0.19099387,-0.096490397,0.69897298,0.36198077,-0.61677119,2.2354305,0.4778453,0
36,14700,7.350000,12,2.0062146,0.022575514,1.5240674,0.087604334,-0.32985133,-0.11227951,0.66232992,0.055475039,0.16615937,0.42147725,-0.07146674,-0.26000802,0.96295812,0.2730306,-1.8390357,0
36,14700,7.350000,13,2.0062146,0.66965587,1.4384216,1.936136,0.34479918,-0.12532904,-0.080216016,-0.030954634,-0.25456762,-0.67688391,-0.75542494,-0.23409534,-0.61199064,2.2293715,-2.8410913,0
36,14700,7.350000,14,2.0062146,0.80535904,1.6208677,1.5066464,-0.032692971,0.25809557,-0.14804519,0.1187854,0.0042291401,-0.040511259,-0.65266609,-0.57292432,-0.49576677,2.0895139,-2.4211669,0
36,14700,7.350000,15,2.0062146,0.19735769,0.39687289,1.0112231,-0.46446399,0.60843382,0.33972922,0.24400463,0.12904638,-0.18841935,0.72073633,0.40755657,0.56074662,0.97550907,0.51464463,0
36,14700,7.350000,16,2.0062146,1.0967061,1.8977363,0.14929606,-0.324289,-0.071917495,-0.072370508,-0.28551475,0.17611577,0.17388105,0.17267671,-0.91165857,-0.37290938,1.9529389,-1.3836045,0
36,14700,7.350000,17,2.0062146,1.5402594,0.071122228,0.46913381,0.040257971,-0.6473368,-0.25150686,-0.36320691,-0.57881859,-0.43996224,0.58300822,-0.3536815,0.73144434,0.75035867,-0.54529432,0
36,14700,7.350000,18,2.0062146,0.10993533,0.28371106,0.3556528,0.43090137,0.1281569,-0.28239528,0.076810029,0.20135385,0.19645985,0.56495723,-0.43629917,0.70033303,0.79493238,-0.65760184,0
36,14700,7.350000,19,2.0062146,0.1247149,0.85261438,0.53996483,0.20613875,0.2792566,0.088556587,0.020449344,0.15280223,0.1695172,-0.93656128,0.32665506,0.12708043,1.4433713,2.8060039,0
36,14700,7.350000,20,2.0062146,1.5295212,1.5846707,0.54539594,0.30327016,-0.60176138,-0.42815684,0.11956412,-0.41171089,-0.20284062,-0.1910376,0.87621814,-0.44243238,2.0291055,1.7854622,0
36,14700,7.350000,21,2.0062146,1.339775,0.64913994,0.061523638,-0.070960766,0.079038926,-0.046639638,0.51046169,0.17220281,-0.063812689,-0.83736633,-0.4677942,-0.28281835,1.8575275,-2.6321331,0
36,14700,7.350000,22,2.0062146,1.5821038,0.13199021,1.1477027,-0.01061716,0.14544519,-0.22457073,-0.15781777,0.28214565,-0.233465,-0.34398127,0.75919847,0.55253468,0.9853941,1.9962126,0
36,14700,7.350000,23,2.0062146,1.9598293,0.9015347,0.99557194,0.19750076,-0.07282043,-0.23553758,0.29801773,-0.060045339,-0.1371797,-0.71788139,-0.37220078,-0.5883136,2.1997681,-2.6632776,0
36,14700,7.350000,24,2.0062146,1.0772163,1.2611594,0.35124817,-0.065838645,-0.21645171,-0.10443383,0.085559491,0.0057680898,-0.044978876,0.71181271,-0.69059427,0.12807111,1.4423725,-0.7702693,0
36,14700,7.350000,25,2.0062146,1.2209321,1.6457024,1.227055,-0.27256912,0.055746105,0.30683316,-0.4575949,0.069046933,0.27395754,-0.74344227,0.58692234,0.32064896,1.2443818,2.473308,0
36,14700,7.350000,26,2.0062146,0.054749659,1.4346399,0.78764837,0.09635795,0.36312849,0.066327157,-0.083251174,-0.15139926,-0.23132991,0.043007984,0.90259386,-0.42833939,2.0134506,1.523183,0
36,14700,7.350000,27,2.0062146,1.4612555,1.6562731,1.9423931,-0.38705247,-0.13124166,-0.065979306,0.31060665,0.32657769,-0.20866772,-0.56575211,-0.69221998,-0.44805808,2.0353883,-2.255998,0
36,14700,7.350000,28,2.0062146,1.3300897,0.58732373,1.1194807,0.19421941,-0.10109935,-0.1569204,0.31675606,-0.23049479,-0.19586875,0.67009221,0.43204028,-0.6035873,2.2187891,0.57267391,0
36,14700,7.350000,29,2.0062146,1.3111768,0.020026502,1.5662085,0.24106565,0.14378801,0.0084174174,0.19152881,-0.19507858,-0.16969301,0.7759377,-0.57700269,0.25492857,1.3130225,-0.6394053,0
36,14700,7.350000,30,2.0062146,1.7023852,0.96394713,1.8859039,-0.16705526,-0.2154659,-0.25918295,-0.036385516,-0.0034742756,0.19205046,-0.85206625,0.075432227,-0.51797016,2.1152726,3.0532943,0
36,14700,7.350000,31,2.0062146,1.7018269,1.2326252,1.3037885,0.27602026,-0.10146063,-0.2228758,0.14793752,0.30183886,0.12158089,0.13623233,0.015379587,-0.99055753,3.0040618,0.11241639,0
37,14800,7.400000,0,2.0062446,1.4082252,0.68420132,1.5776194,-0.44516392,0.26382366,-0.064763114,-0.75804664,0.36314557,-0.20625568,-0.35438454,0.90121977,0.24942841,1.3187064,1.9454509,0
37,14800,7.400000,1,2.0062446,0.87905455,0.59349883,1.4034546,0.50094127,-0.054780156,0.34988637,0.17556851,-0.026123374,0.48843145,-0.67153459,0.73892102,0.055109248,1.5156591,2.3084544,0
37,14800,7.400000,2,2.0062446,1.1155374,0.59423016,0.59394675,0.1769541,0.19850205,0.031873264,-0.08267161,0.19913498,-0.33520615,0.20175522,0.9647953,0.16871532,1.4012702,1.3646499,0
37,14800,7.400000,3,2.0062446,0.61344529,1.9391821,0.24972711,0.040918488,-0.66770077,-0.064256664,0.0058334338,-0.52999415,0.23345998,-0.34464766,-0.85489363,-0.387782,1.9690204,-1.9540125,0
37,14800,7.400000,4,2.0062446,0.068953884,0.18955004,1.5991149,-0.21872249,0.013628873,0.21483208,-0.11005273,-0.056444819,0.17660694,-0.05781559,-0.50469255,0.86136101,0.53285353,-1.6848552,0
37,14800,7.400000,5,2.0062446,0.36552906,0.89515008,1.577663,0.13362874,0.14256005,-0.35034118,0.18002667,0.28842275,-0.34133559,0.95186123,-0.0033171861,-0.30651133,1.8823221,-0.0034849331,0
37,14800,7.400000,6,2.0062446,0.85549139,0.99533628,1.6780096,0.20573192,0.14636437,0.12428206,0.33236141,-0.27301283,0.16082089,0.83223519,0.13032407,-0.53888795,2.1399127,0.15533373,0
37,14800,7.400000,7,2.0062446,0.31623722,1.2682982,1.2888924,0.060529231,0.16585418,-0.15211015,-0.35640477,-0.43422422,0.42469457,-0.18380836,0.67557944,0.71400764,0.77559063,1.8364413,0
37,14800,7.400000,8,2.0062446,0.83373506,0.86878153,0.87706209,0.41340692,-0.26243668,0.56242215,0.35240852,-0.22504679,0.35757507,0.47709743,0.87839298,-0.028351755,1.5991519,1.0732289,0
37,14800,7.400000,9,2.0062446,1.8832425,1.6923867,1.4860702,-0.22137302,0.0031131619,0.69531286,-0.19120035,-0.0944971,0.29128851,0.39515331,0.59159329,-0.70275973,2.3500656,0.98190746,0
37,14800,7.400000,10,2.0062446,0.22971616,1.8808098,1.1097005,-0.65902689,0.30617566,-0.029437059,-0.42444766,0.44499934,-0.12084866,0.74828395,-0.47113912,-0.46701076,2.0567035,-0.56191905,0
37,14800,7.400000,11,2.0062446,0.63221576,0.33878781,1.7324646,-0.24713216,0.076004855,-0.15547327,-0.069736961,0.23878906,-0.17953096,0.31031824,0.41793152,-0.85383595,2.5941068,0.93210621,0
37,14800,7.400000,12,2.0062446,0.021110896,1.5328147,0.10932199,-0.33131627,-0.10355501,0.6840461,-0.011494619,0.14243533,0.36379083,0.0802235,-0.64632501,0.75883343,0.70927628,-1.4473054,0
37,14800,7.400000,13,2.0062446,0.66530344,1.4242811,1.9016898,0.3404368,-0.13949093,-0.11469088,-0.1297255,-0.27668392,-0.69415145,-0.50890671,-0.51308994,-0.69119655,2.3339398,-2.3521013,0
37,14800,7.400000,14,2.0062446,0.81069874,1.6206186,1.5041992,-0.027365319,0.25782228,-0.1505148,0.014448806,0.011529148,-0.025706871,-0.70320103,-0.46144177,-0.54090647,2.1423108,-2.56087,0
37,14800,7.400000,15,2.0062446,0.20541246,0.40362989,1.002668,-0.45641223,0.61518485,0.33115908,0.11431873,0.11316254,-0.16807116,0.71424435,0.078386777,0.695493,0.80169053,0.10931038,0
37,14800,7.400000,16,2.0062446,1.0879256,1.9061548,0.15805918,-0.33308581,-0.063527304,-0.063609685,-0.072396381,0.17698698,0.10317894,0.17741396,-0.96603403,-0.18788972,1.7598095,-1.3891684,0
37,14800,7.400000,17,2.0062446,1.5267313,0.044386426,0.44154248,0.026706988,-0.67407346,-0.27910497,-0.18062416,-0.39872554,-0.52724408,0.2514854,-0.67939235,0.68933383,0.81022724,-1.2162737,0
37,14800,7.400000,18,2.0062446,0.11384078,0.29452352,0.36311682,0.43480515,0.13896505,-0.27493663,0.02698182,0.20128032,0.17772215,0.64252266,-0.62747195,0.43982221,1.1153956,-0.77354771,0
37,14800,7.400000,19,2.0062446,0.12391885,0.86049358,0.54883738,0.20534084,0.28712302,0.09742102,0.041482892,0.17140118,0.094266902,-0.89204058,0.37697056,-0.24931265,1.8227668,2.7417621,0
37,14800,7.400000,20,2.0062446,1.5330852,1.5582235,0.53484362,0.3068113,-0.62823199,-0.43871721,-0.0044317429,-0.58342956,-0.14961356,0.10076948,0.96833335,-0.22842076,1.8012516,1.4671047,0
37,14800,7.400000,21,2.0062446,1.3596915,0.65813759,0.05767556,-0.051064397,0.088026824,-0.050488604,0.31132951,0.12903595,-0.037606239,-0.83250843,-0.47744035,-0.28103456,1.8556683,-2.6208893,0
37,14800,7.400000,22,2.0062446,1.577178,0.14703594,1.1413822,-0.015566579,0.16048884,-0.23090824,-0.011607311,0.35521791,-0.036686222,-0.53585984,0.4036116,0.74158742,0.73536279,2.4960443,0
37,14800,7.400000,23,2.0062446,1.9748674,0.89966249,0.99661462,0.21250944,-0.074706071,-0.23450975,0.30326072,-0.05010635,0.18373675,-0.25116206,-0.020843472,-0.96772061,2.8868199,-3.0587942,0
37,14800,7.400000,24,2.0062446,1.0823155,1.2608972,0.35592563,-0.060755557,-0.21673271,-0.099761651,0.14577783,0.029391832,0.16275336,0.64777422,-0.60278543,0.46587369,1.0861746,-0.74943874,0
37,14800,7.400000,25,2.0062446,1.2028539,1.652142,1.2364697,-0.29066541,0.062161023,0.31622947,-0.28013942,0.16231657,0.1607935,-0.2465443,0.69411873,0.67632469,0.82803473,1.9120876,0
37,14800,7.400000,26,2.0062446,0.051913232,1.4292676,0.77963892,0.093520729,0.35773488,0.058306023,-0.055726882,-0.088112186,-0.081460891,-0.4818677,0.86346199,-0.14912046,1.7204751,2.0798102,0
37,14800,7.400000,27,2.0062446,1.4721074,1.672181,1.932896,-0.37622242,-0.11535856,-0.075505298,0.15530835,0.30483857,-0.19844825,-0.75773694,-0.16466525,-0.63144286,2.2542089,-2.9276078,0
37,14800,7.400000,28,2.0062446,1.3450034,0.57276193,1.1063629,0.20911318,-0.11566981,-0.17005483,0.13600926,-0.33046607,-0.44146361,0.27135543,0.81746081,-0.5080591,2.1037262,1.2502921,0
37,14800,7.400000,29,2.0062446,1.3212435,0.006679164,1.5569857,0.25111272,0.13044047,-0.00082865377,0.14248668,-0.34711865,-0.18707539,0.76440281,-0.49214859,0.41650704,1.1411965,-0.57202845,0
37,14800,7.400000,30,2.0062446,1.7031244,0.96722831,1.8956616,-0.16634152,-0.21219912,-0.2494535,0.093405333,0.058229273,0.19801266,-0.82507239,0.45411254,-0.33621027,1.9136863,2.6384492,0
37,14800,7.400000,31,2.0062446,1.7131156,1.2479697,1.3096459,0.28728352,-0.086134636,-0.21703786,0.23930648,0.27614441,0.1057865,0.10637453,0.19485222,-0.97504722,2.91773,1.0710878,0
38,14900,7.450000,0,2.0062727,1.3697874,0.70399333,1.5665582,-0.48362121,0.28360595,-0.07584631,-0.78360732,0.36549263,-0.25225955,-0.33254662,0.78045951,0.5294296,1.0128683,1.9735905,0
38,14900,7.450000,1,2.0062727,0.88725405,0.59192504,1.4246929,0.5091284,-0.056362252,0.37110484,0.22613227,0.017577618,0.4383299,-0.55214891,0.83349846,0.02029554,1.5504994,2.1558722,0
38,14900,7.450000,2,2.0062727,1.1080234,0.605341,0.58300818,0.16942446,0.20960448,0.020926442,-0.1884922,0.24645234,-0.19956762,-0.055033922,0.99542175,-0.078146085,1.6490222,1.6260271,0
38,14900,7.450000,3,2.0062727,0.61452625,1.9165941,0.26255367,0.041990842,-0.69031584,-0.051433692,0.083889946,-0.49161335,0.30140153,0.12364912,-0.89285051,-0.43304602,2.0186657,-1.4331836,0
38,14900,7.450000,4,2.0062727,0.065503685,0.18681241,1.6054705,-0.22217363,0.010888608,0.22116527,-0.014878474,-0.097348684,0.070554142,-0.05618424,-0.29669914,0.95331682,0.30676047,-1.7579447,0
38,14900,7.450000,5,2.0062727,0.37424892,0.90765548,1.5601799,0.14234341,0.15505282,-0.36784623,0.14372674,0.23873856,-0.43569846,0.97369111,0.13588499,0.18292319,1.3868373,0.13866101,0
38,14900,7.450000,6,2.0062727,0.87686825,0.98210266,1.6843475,0.22709664,0.13311689,0.13059638,0.46655586,-0.22747164,0.078113921,0.53143855,0.29764068,-0.79308454,2.4866528,0.51053859,0
38,14900,7.450000,7,2.0062727,0.29864858,1.2433635,1.3126132,0.042936286,0.14090192,-0.12840758,-0.36124014,-0.48292939,0.48665342,-0.078047227,0.65331429,0.75305316,0.71810614,1.6896964,0
38,14900,7.450000,8,2.0062727,0.85301693,0.8589813,0.89458627,0.43267698,-0.27224902,0.57993393,0.42087499,-0.14398933,0.37160992,0.17705376,0.97641834,-0.12352811,1.6946408,1.3914156,0
38,14900,7.450000,9,2.0062727,1.872834,1.6894531,1.5026663,-0.23180783,0.00015581751,0.71188796,-0.23870839,0.0058558992,0.36252313,0.42772065,0.87708777,-0.21856829,1.7911434,1.1170693,0
38,14900,7.450000,10,2.0062727,0.20798665,1.9049635,1.1032239,-0.68075947,0.33030285,-0.035929142,-0.41305724,0.44044849,-0.18968635,0.4423492,-0.56843974,-0.69368829,2.3373935,-0.90950175,0
38,14900,7.450000,11,2.0062727,0.62703059,0.34353292,1.7250228,-0.25232616,0.08074519,-0.16293933,-0.17414332,0.023537396,-0.11283489,-0.15145934,0.23247168,-0.96073773,2.8604453,2.1482375,0
38,14900,7.450000,12,2.0062727,0.020645633,1.5408245,0.1257748,-0.33178183,-0.095566692,0.70049727,-0.038669539,0.12502156,0.32714043,0.086519016,-0.94018065,0.3295069,1.2350151,-1.479031,0
38,14900,7.450000,13,2.0062727,0.65842811,1.4088019,1.8640323,0.33355218,-0.15498997,-0.15237477,-0.15855229,-0.28586192,-0.75664624,-0.24757081,-0.71912537,-0.64928222,2.2774366,-1.9023543,0
38,14900,7.450000,14,2.0062727,0.80823066,1.620685,1.5020037,-0.02984475,0.2578659,-0.15273143,-0.035825871,0.030607054,0.020561866,-0.72702985,-0.27481565,-0.62920899,2.2513314,-2.7801964,0
38,14900,7.450000,15,2.0062727,0.21253827,0.40783476,0.99334458,-0.44928934,0.61938403,0.3218217,0.11384406,0.021455844,-0.14408274,0.62023924,-0.34426755,0.70482845,0.78861504,-0.50671674,0
38,14900,7.450000,16,2.0062727,1.0867189,1.9127686,0.16452208,-0.33430773,-0.0569403,-0.057149046,-0.0029619834,0.10340876,0.12481638,0.048086659,-0.99753224,0.051157702,1.5196163,-1.522628,0
38,14900,7.450000,17,2.0062727,1.5183354,0.028576356,0.41491542,0.018289802,-0.68988405,-0.30573804,-0.18737613,-0.28390282,-0.51315694,-0.15753801,-0.80227348,0.57579426,0.95722105,-1.7646938,0
38,14900,7.450000,18,2.0062727,0.11569815,0.30000183,0.36637357,0.43666092,0.1444392,-0.27168499,0.054606629,0.077894131,-0.069461674,0.64438316,-0.74101076,0.18887401,1.3807809,-0.85503277,0
38,14900,7.450000,19,2.0062727,0.12090177,0.8687347,0.55369943,0.20232204,0.29535203,0.10227534,-0.055324654,0.21777315,0.096483962,-0.72608918,0.36744289,-0.58118863,2.1909849,2.6731108,0
38,14900,7.450000,20,2.0062727,1.5339065,1.5290764,0.52745257,0.30761111,-0.65740073,-0.44611571,0.057278195,-0.58087828,-0.14058016,0.39230464,0.91131329,0.12492059,1.4455485,1.1642909,0
38,14900,7.450000,21,2.0062727,1.3739026,0.6665663,0.058696192,-0.036872477,0.096446251,-0.049468788,0.1561017,0.19343633,0.13219017,-0.75278983,-0.56792003,-0.33282774,1.910097,-2.4952685,0
38,14900,7.450000,22,2.0062727,1.580708,0.1609199,1.1426874,-0.0120587,0.17437064,-0.22961903,0.17097471,0.10828155,0.076386489,-0.65593984,-0.00065474114,0.75481289,0.71542751,-3.1405945,0
38,14900,7.450000,23,2.0062727,1.9892738,0.90012749,1.008271,0.22688807,-0.074253686,-0.2228674,0.29138081,0.092484943,0.29809147,0.27027044,0.32841636,-0.90503955,2.702269,0.88221693,0
38,14900,7.450000,24,2.0062727,1.0908567,1.2620108,0.36025919,-0.052229544,-0.2156368,-0.095433101,0.11430772,0.026729932,0.05125942,0.47184267,-0.51156619,0.71809786,0.76973107,-0.82576991,0
38,14900,7.450000,25,2.0062727,1.1900016,1.6609107,1.2433866,-0.30353445,0.070906526,0.32312903,-0.2101271,0.10302802,0.15392597,0.30907447,0.55883573,0.76952947,0.69269231,1.0656003,0
38,14900,7.450000,26,2.0062727,0.04450867,1.4274211,0.7752543,0.086115491,0.35586832,0.053910505,-0.24197714,0.002016252,-0.078869069,-0.86415181,0.4376247,0.24844771,1.3197189,2.6728214,0
38,14900,7.450000,27,2.0062727,1.477393,1.6881668,1.9246175,-0.37095746,-0.099396332,-0.08381083,0.080900867,0.37004628,-0.18181433,-0.69814539,0.42330557,-0.57741268,2.1863525,2.5965327,0
38,14900,7.450000,28,2.0062727,1.3514444,0.56125574,1.0873781,0.21553522,-0.12718394,-0.18905497,0.14542532,-0.21006166,-0.35560747,-0.13922207,0.96046947,-0.24107179,1.8142664,1.7147458,0
38,14900,7.450000,29,2.0062727,1.3313069,1.9982002,1.5469937,0.26115747,0.11568885,-0.010842464,0.25996808,-0.2439196,-0.21350318,0.73351318,-0.33723273,0.59011228,0.93959842,-0.43093243,0
38,14900,7.450000,30,2.0062727,1.7071956,0.9699335,1.9062716,-0.16229419,-0.20950751,-0.23887017,0.037024517,0.093111712,0.11268556,-0.68221295,0.72207986,-0.11483107,1.6858813,2.3278128,0
38,14900,7.450000,31,2.0062727,1.7254604,1.2584017,1.3167723,0.29960426,-0.075720163,-0.20992987,0.27029842,0.1491753,0.23232069,0.039726515,0.42037325,-0.90648118,2.7056708,1.4765732,0
39,15000,7.500000,0,2.0268232,1.3451671,0.73100178,1.570239,-0.52207655,0.30330293,-0.088149306,-0.76013331,0.35917903,-0.21784946,-0.25269173,0.64307861,0.72290856,0.76279367,1.9452023,0
39,15000,7.500000,1,2.0268232,0.90970879,0.60178079,1.4573575,0.5224271,-0.052588896,0.38908455,0.22145153,0.054316216,0.34447136,-0.44507827,0.89466957,-0.038362799,1.6091685,2.0324242,0
39,15000,7.500000,2,2.0268232,1.1110631,0.61895317,0.57273316,0.16115671,0.21697849,0.0047619598,-0.070022992,0.047927511,-0.33380168,-0.26804108,0.91814374,-0.29183222,1.8669382,1.8548405,0
39,15000,7.500000,3,2.0268232,0.62400907,1.9141453,0.28063395,0.045162825,-0.7122846,-0.036120813,-0.021642714,-0.39385074,0.31573694,0.47201165,-0.78850896,-0.39428242,1.9760832,-1.0313974,0
39,15000,7.500000,4,2.0268232,0.065650295,0.18273504,1.6254304,-0.22269533,0.0049280659,0.22466227,-0.01503296,-0.095368229,0.084762069,-0.094810241,-0.0013295162,0.99549448,0.094962224,-3.1275707,0
39,15000,7.500000,5,2.0268232,0.38497074,0.92167644,1.566004,0.14919684,0.15975259,-0.37795181,0.23769254,-0.14867776,0.025565679,0.75406145,0.38177315,0.53445354,1.0069353,0.46866628,0
39,15000,7.500000,6,2.0268232,0.91131454,0.98211912,1.7039086,0.25243195,0.12312446,0.13289276,0.52654352,-0.20613687,0.071882449,0.046150772,0.46169997,-0.88583477,2.6590863,1.4711689,0
39,15000,7.500000,7,2.0268232,0.28651292,1.2382292,1.3425621,0.027818557,0.12312226,-0.11198758,-0.25533499,-0.05936446,0.17218077,0.041022849,0.58770138,0.80803726,0.62998344,1.5011072,0
39,15000,7.500000,8,2.0268232,0.88122958,0.86689027,0.91986662,0.45205333,-0.27313419,0.5959692,0.34775262,0.014055238,0.26527507,-0.15790472,0.97601178,-0.1498903,1.7212536,1.7311922,0
39,15000,7.500000,9,2.0268232,1.8791413,1.7060123,1.535692,-0.24461899,-0.00058642248,0.72943229,-0.26250478,-0.059804268,0.36792998,0.24641648,0.9274973,0.28111863,1.2858368,1.3111163,0
39,15000,7.500000,10,2.0268232,0.19333921,1.9450593,1.1079821,-0.69745229,0.35078157,-0.042438248,-0.31229652,0.42225955,-0.083222608,0.099960528,-0.55060457,-0.82875962,2.5476838,-1.3912055,0
39,15000,7.500000,11,2.0268232,0.62385715,0.34767698,1.7391813,-0.2618737,0.081367221,-0.16643266,-0.21878082,-0.0077279453,-0.09426517,-0.64209844,-0.028629865,-0.76608742,2.4435278,-3.0970342,0
39,15000,7.500000,12,2.0268232,0.018538229,1.5650228,0.14061765,-0.33408895,-0.087193989,0.71398307,-0.056232784,0.14474463,0.2068201,-0.060978273,-0.94966094,-0.30728772,1.8831379,-1.6349189,0
39,15000,7.500000,13,2.0268232,0.65659282,1.408457,1.8448476,0.32501602,-0.16969047,-0.19045888,-0.13690898,-0.29656136,-0.71564874,-0.031501287,-0.88828621,-0.45820878,2.0467753,-1.6062445,0
39,15000,7.500000,14,2.0268232,0.81694084,1.6358814,1.5218098,-0.029415567,0.25646853,-0.14833293,0.12020035,-0.096195277,0.081000624,-0.72543996,-0.043350639,-0.6869189,2.3280372,-3.0819059,0
39,15000,7.500000,15,2.0268232,0.22304803,0.41610302,0.99476158,-0.44099888,0.62345404,0.31310815,0.16202655,0.018543778,-0.25134432,0.36585812,-0.74210005,0.56163631,0.97443416,-1.1127614,0
39,15000,7.500000,16,2.0268232,1.1000135,1.9332871,0.16599175,-0.3321555,-0.056019241,-0.057363498,0.040896172,-0.028475318,-0.059959074,-0.12243188,-0.98076096,0.15204731,1.418157,-1.6949874,0
39,15000,7.500000,17,2.0268232,1.5252245,0.012267027,0.39276983,0.0096702822,-0.70640192,-0.33199985,-0.20583273,-0.35496998,-0.51871913,-0.50067342,-0.77767974,0.38018463,1.1808004,-2.1428036,0
39,15000,7.500000,18,2.0268232,0.12020351,0.30713594,0.36612873,0.43996433,0.14847976,-0.27566238,0.10770739,0.096033393,-0.10654982,0.51866572,-0.8544685,-0.02948659,1.6002872,-1.0252428,0
39,15000,7.500000,19,2.0268232,0.11884291,0.89240265,0.56438395,0.19904149,0.31004653,0.10726283,-0.063307405,0.31148283,0.12101153,-0.43609625,0.38520558,-0.8132876,2.5205765,2.4180788,0
39,15000,7.500000,20,2.0268232,1.5531393,1.5136445,0.5263558,0.31111409,-0.6883375,-0.45258229,0.044676282,-0.6252604,-0.095470801,0.66103369,0.59135171,0.46188484,1.0906772,0.72981607,0
39,15000,7.500000,21,2.0268232,1.3932945,0.68424256,0.064304314,-0.031580623,0.10723979,-0.044487282,0.11210205,0.24622751,0.0046648518,-0.59203178,-0.7130552,-0.37556711,1.9558049,-2.2637269,0
39,15000,7.500000,22,2.0268232,1.6084993,0.16369947,1.1576792,-0.00051761416,0.17549616,-0.22634859,0.23731008,0.027190915,0.15005561,-0.67075503,-0.43373093,0.60163542,0.92524938,-2.5675895,0
39,15000,7.500000,23,2.0268232,2.0180798,0.91102275,1.036731,0.23527498,-0.072587039,-0.20482723,0.096391587,0.023094703,0.40183039,0.6614364,0.57756533,-0.47845605,2.0696919,0.71780882,0
39,15000,7.500000,24,2.0268232,1.1057149,1.2753487,0.36778101,-0.048563846,-0.21522795,-0.091620895,0.0062795567,0.062732538,0.058733309,0.28982358,-0.45153598,0.84387058,0.56633964,-1.0001636,0
39,15000,7.500000,25,2.0268232,1.1902074,1.6813606,1.2588332,-0.31545725,0.074326082,0.32582568,-0.17586346,0.08108947,-0.10557874,0.8114273,0.2451747,0.53054227,1.0115562,0.29343029,0
39,15000,7.500000,26,2.0268232,0.028762389,1.4408494,0.78103648,0.06999544,0.35468143,0.051762598,-0.45744559,0.045110205,-0.02345956,-0.81527293,-0.3145794,0.48617883,1.0630847,-2.773337,0
39,15000,7.500000,27,2.0268232,1.4982763,1.7226265,1.9376215,-0.36523648,-0.082315735,-0.090486929,0.11677697,0.28195091,-0.094269079,-0.39473759,0.81712321,-0.42010938,2.0043622,2.0208182,0
39,15000,7.500000,28,2.0268232,1.3699169,0.56198887,1.0763758,0.22014124,-0.1321744,-0.21108317,0.099401511,-0.036757688,-0.4253593,-0.46232828,0.88667846,0.0073395668,1.5634567,2.0514295,0
39,15000,7.500000,29,2.0268232,1.3524694,2.0118582,1.5592069,0.26864506,0.10891348,-0.01445689,0.026613566,-0.012754458,0.031099885,0.71703318,-0.17763781,0.67402391,0.83115377,-0.24285049,0
39,15000,7.500000,30,2.0268232,1.7301232,0.98482258,1.9335521,-0.15688114,-0.2045787,-0.23115513,0.1794595,0.098649255,0.16598516,-0.47642348,0.86916303,0.13257564,1.4378292,2.0722108,0
39,15000,7.500000,31,2.0268232,1.7575606,1.2769399,1.3444984,0.31395716,-0.070100648,-0.19576381,0.27804836,0.083283255,0.23627427,-0.033708979,0.6387919,-0.76864076,2.4475099,1.6235173,0
