frame,step,time_ps,molecule_id,box_nm,x_nm,y_nm,z_nm,dx_nonaffine_nm,dy_nonaffine_nm,dz_nonaffine_nm,vx_nm_ps,vy_nm_ps,vz_nm_ps,dipole_ux,dipole_uy,dipole_uz,theta_rad,phi_rad,dipole_debye
0,1100,0.550000,0,1.2224489,0.18244327,0.08667763,0.17451951,-0.0038929816,0.0045278193,-0.0039371162,-0.19219614,0.086497977,-0.1021591,0.79265344,-0.5645234,-0.23024738,1.8031282,-0.61886338,3.73
0,1100,0.550000,1,1.2224489,0.15605066,0.45548025,0.44657902,0.0015648847,-0.0078120185,-0.012956537,0.082802256,-0.17460788,-0.30750855,-0.86474857,0.44680869,0.22928566,1.3394526,2.6646808,3.73
0,1100,0.550000,2,1.2224489,0.47036963,0.15503644,0.40725127,0.0084540442,-0.0081753589,-0.001810348,0.26919471,-0.10798046,-0.035614469,-0.19022015,0.81325175,0.54994353,0.9884997,1.8005663,3.73
0,1100,0.550000,3,1.2224489,0.45582916,0.44740509,0.15793264,-0.0023392801,0.0032307734,0.011170131,-0.038153761,0.06992691,0.16416904,-0.86154228,-0.5061923,0.038913429,1.5318731,-2.6103838,3.73
0,1100,0.550000,4,1.2224489,0.068350253,0.24870739,0.76248062,0.0067970451,0.00051592367,0.0030334069,0.19629513,-0.091233064,0.051441201,-0.39915955,-0.90880399,-0.12143703,1.6925338,-1.9846446,3.73
0,1100,0.550000,5,1.2224489,0.20255051,0.44454073,1.0771551,0.002949251,-0.0090509227,0.008548488,-0.068799076,-0.1921469,0.11577173,-0.98812754,0.077669673,-0.13255708,1.7037447,3.0631511,3.73
0,1100,0.550000,6,1.2224489,0.47638637,0.15989271,1.1050874,0.01335096,-0.0092082862,-0.010268642,0.19522658,-0.2966343,-0.2181974,-0.03663148,0.6251484,-0.77964582,2.4648964,1.6293259,3.73
0,1100,0.550000,7,1.2224489,0.44059675,0.47535361,0.77258918,0.00076622072,0.022046105,0.0032215734,-0.048008894,0.4606531,-0.0048381737,-0.84281933,-0.23075479,-0.48621787,2.0785527,-2.8743525,3.73
0,1100,0.550000,8,1.2224489,0.20334994,0.74357202,0.15336784,0.0048231152,0.0039956095,-0.019307251,-0.025671937,0.001169609,-0.4557948,0.0032785716,0.9952355,0.097445128,1.4731963,1.5675021,3.73
0,1100,0.550000,9,1.2224489,0.059991109,1.09429,0.50422735,-0.0034402376,-0.0022608951,0.0015449239,-0.0098986676,0.035107669,0.03136047,-0.59315895,-0.36999593,-0.7150283,2.3674609,-2.5838769,3.73
0,1100,0.550000,10,1.2224489,0.41623344,0.73316877,0.46638445,-0.010090203,0.0044073837,-0.0077954204,-0.099057525,0.083231939,-0.14488226,0.58303136,-0.42042186,-0.69521212,2.3395113,-0.6247448,3.73
0,1100,0.550000,11,1.2224489,0.49086004,1.0311757,0.15572781,0.016833994,0.0039933402,0.0091801959,0.47605871,0.18235227,0.19026919,0.84399352,0.51328879,0.15559422,1.4145674,0.54640283,3.73
0,1100,0.550000,12,1.2224489,0.11181116,0.75445299,0.74646298,-0.017055251,0.001779674,-0.015712093,-0.3149486,-0.082493302,-0.26769976,0.19564885,0.86946367,-0.45360164,2.0415988,1.3494605,3.73
0,1100,0.550000,13,1.2224489,0.26403472,1.0215762,1.04649,-0.0028484388,-0.007641758,0.011395943,-0.036210996,-0.064564608,0.13928513,-0.052995511,0.62255647,0.7807784,0.67488565,1.6557172,3.73
0,1100,0.550000,14,1.2224489,0.50845996,0.72742593,1.0896193,0.0082380381,-0.0085340128,0.0048231196,0.18036441,-0.10493762,0.12171343,-0.97876953,-0.18155473,-0.095121469,1.6660618,-2.9581844,3.73
0,1100,0.550000,15,1.2224489,0.38370356,0.02920545,0.74603574,-0.0049239621,-0.010669106,0.0019323498,-0.1286266,-0.2605589,-0.0059514414,-0.42146649,-0.8304,-0.36441986,1.9438061,-2.0404628,3.73
0,1100,0.550000,16,1.2224489,0.77496274,0.17416473,0.14623034,0.010233731,0.0067997142,-0.0021630937,0.2279047,0.13784018,0.1478685,-0.38278972,0.4289318,-0.81822341,2.5291103,2.2994109,3.73
0,1100,0.550000,17,1.2224489,0.74001007,0.45939566,0.42770467,-0.01310263,0.0018060884,0.0044184923,-0.31840031,0.0029105788,0.18211539,0.78355639,-0.59754614,-0.17022922,1.7418586,-0.65152133,3.73
0,1100,0.550000,18,1.2224489,1.0771583,0.20811416,0.4288335,0.004743939,-0.0099890535,-0.0057439859,0.092280367,-0.23600382,-0.073343366,0.10783478,-0.15929306,-0.9813243,2.9480255,-0.97570247,3.73
0,1100,0.550000,19,1.2224489,1.0770441,0.52268628,0.17382243,-0.014996133,-0.012606528,-0.01403317,-0.38190973,-0.2787231,-0.22727951,0.80729398,0.41303078,-0.42152344,2.005921,0.47290332,3.73
0,1100,0.550000,20,1.2224489,0.75699722,0.16353495,0.74293799,0.011481901,-0.0098553379,0.0039352806,0.26660521,-0.1798225,0.038722891,-0.52008893,0.8455701,-0.1204936,1.6915834,2.1222266,3.73
0,1100,0.550000,21,1.2224489,0.75879261,0.42160625,1.0561392,0.012952206,-0.010907269,0.019165816,0.38193998,-0.096642749,0.26082143,-0.24939695,0.89586283,-0.36773762,1.9473713,1.8423091,3.73
0,1100,0.550000,22,1.2224489,1.1566823,0.044922387,1.0920939,-0.02185097,0.015753268,-0.0054970874,-0.36241629,0.34779581,-0.1167893,-0.70435888,-0.40680734,0.58170986,0.94996709,-2.6178389,3.73
0,1100,0.550000,23,1.2224489,0.98821423,0.48573912,0.72669679,0.014984926,-0.002318586,0.016972742,0.24939736,0.0037367695,0.4187378,0.9281204,-0.29631768,0.22536274,1.343481,-0.30903737,3.73
0,1100,0.550000,24,1.2224489,0.76248047,0.77002821,0.20928881,0.0049132996,0.002747098,0.015316182,0.020490353,-0.019251571,0.19374772,-0.10269925,-0.78622644,-0.60934461,2.2260301,-1.7006839,3.73
0,1100,0.550000,25,1.2224489,0.83948319,1.1194746,0.44670608,-0.010322239,-0.011142019,-0.0046912078,-0.24530388,-0.1585334,-0.10722577,-0.84297259,0.53083474,0.087244984,1.4834403,2.579608,3.73
0,1100,0.550000,26,1.2224489,1.0493611,0.77769927,0.47215551,-0.013054779,0.0092382291,-0.0085489227,-0.26423742,0.15769941,-0.085326061,-0.97390199,0.12738136,0.1878534,1.3818201,3.0115361,3.73
0,1100,0.550000,27,1.2224489,1.1027299,0.98028006,0.15195883,-0.0057419029,-0.0054630474,-0.0064100024,-0.17453187,-0.07181862,-0.12583857,-0.99564609,0.025933729,0.089533822,1.4811424,3.1155514,3.73
0,1100,0.550000,28,1.2224489,0.71818226,0.78591122,0.73944849,0.0083095392,0.0025715263,0.0012680485,0.21025599,0.035345752,0.084420418,-0.45001411,-0.87714562,-0.1676391,1.7392307,-2.0448244,3.73
0,1100,0.550000,29,1.2224489,0.78734278,1.031949,1.1150202,-0.0088646355,0.0098041511,-0.0051709481,-0.11124309,0.13303339,-0.11768843,-0.25227889,-0.54226785,-0.8014368,2.50049,-2.0062425,3.73
0,1100,0.550000,30,1.2224489,1.0526922,0.7210653,1.0193216,0.0046010435,0.022931684,0.0097134713,0.034422276,0.46068201,0.33287088,0.33845518,0.7026198,-0.62591813,2.2471046,1.1218919,3.73
0,1100,0.550000,31,1.2224489,1.0237239,1.0662658,0.79676373,-0.003567919,0.009632671,-0.0016088541,-0.064062036,0.15681149,-0.10494857,-0.57307819,0.70106881,-0.42436295,2.0090546,2.2560783,3.73
1,1200,0.600000,0,1.2118527,0.16811848,0.090608656,0.17220074,-0.016692071,0.0092306366,-0.0047466749,-0.24104728,0.13802334,0.04471283,0.70095039,-0.63821022,-0.31836497,1.8948005,-0.73858203,3.73
1,1200,0.600000,1,1.2118527,0.15978611,0.44177249,0.42931699,0.0066752182,-0.017614347,-0.026406177,0.14306474,-0.2721222,-0.23815064,-0.93678736,0.34509047,0.057810179,1.5129539,2.7886415,3.73
1,1200,0.600000,2,1.2118527,0.48186661,0.14896774,0.40449423,0.024096274,-0.01292087,-0.0010339648,0.34490651,-0.045748039,0.040294382,-0.25219617,0.83404121,0.4906856,1.0579199,1.8644339,3.73
1,1200,0.600000,3,1.2118527,0.45472414,0.44558348,0.15714522,0.00051926358,0.0052962535,0.011754211,0.18930435,-0.038670465,-0.093329794,-0.87368362,-0.41971246,-0.24600483,1.8193526,-2.6937524,3.73
1,1200,0.600000,4,1.2118527,0.078165172,0.23641828,0.75817707,0.017249922,-0.0096616932,0.0053491018,0.19130523,-0.29406087,-0.051750462,-0.37767521,-0.91073725,-0.1670901,1.7386739,-1.9639035,3.73
1,1200,0.600000,5,1.2118527,0.19332701,0.43666232,1.0696686,-0.0045511965,-0.01309366,0.010406867,-0.13477683,-0.026887706,-0.070735888,-0.91800592,0.0076669651,-0.39649256,1.9784894,3.1332411,3.73
1,1200,0.600000,6,1.2118527,0.47616361,0.14282906,1.0880728,0.017274588,-0.024954529,-0.017736856,0.0013811975,-0.29941194,-0.12789991,0.054829524,0.58026948,-0.8125768,2.5193559,1.4765863,3.73
1,1200,0.600000,7,1.2118527,0.43476235,0.49078676,0.76660379,-0.0012579064,0.041685094,0.0039360876,-0.041412906,0.33664379,0.032423557,-0.93773234,0.053513222,-0.34321187,1.9211307,3.0845879,3.73
1,1200,0.600000,8,1.2118527,0.19665444,0.73664073,0.12917916,-0.00013132257,0.0035074674,-0.042266484,-0.18766947,0.032202796,-0.38111106,-0.049363077,0.99428166,0.094695648,1.4759586,1.6204026,3.73
1,1200,0.600000,9,1.2118527,0.060942591,1.0906479,0.49995301,-0.0019623211,0.0036078579,0.0016416362,0.10243487,0.19722645,-0.010100178,-0.71177253,-0.30213009,-0.63411141,2.2576551,-2.7401662,3.73
1,1200,0.600000,10,1.2118527,0.4120818,0.73135151,0.45747167,-0.01063631,0.0089650567,-0.012686882,0.066447414,0.10252399,-0.0431563,0.61944257,-0.47242428,-0.62698182,2.2484692,-0.65155461,3.73
1,1200,0.600000,11,1.2118527,0.50855857,1.0343856,0.1603999,0.038883262,0.016194569,0.015228464,0.35579229,0.20982726,0.037272448,0.73355806,0.49770012,0.46280359,1.0896411,0.59613247,3.73
1,1200,0.600000,12,1.2118527,0.096227389,0.73833019,0.72707421,-0.031733736,-0.0078454374,-0.028687009,-0.29853541,-0.27708431,-0.20661322,0.32465684,0.78318676,-0.53029844,2.1297489,1.1778245,3.73
1,1200,0.600000,13,1.2118527,0.25798685,1.0121857,1.04153,-0.0066240973,-0.0081795353,0.015524816,-0.13506278,0.045053985,0.028044417,-0.068920338,0.6372094,0.76760287,0.69570371,1.6785371,3.73
1,1200,0.600000,14,1.2118527,0.5137204,0.71575415,1.087853,0.017948064,-0.01392394,0.0125352,0.17028144,-0.096748075,0.15907857,-0.98733989,-0.15769296,-0.017113699,1.5879109,-2.9832153,3.73
1,1200,0.600000,15,1.2118527,0.37117146,0.016184953,0.73758533,-0.014170379,-0.023492269,-6.0109727e-05,-0.21861886,-0.27762648,-0.041143493,-0.44279895,-0.87586393,-0.191811,1.7638034,-2.0388795,3.73
1,1200,0.600000,16,1.2118527,0.78040226,0.17383099,0.15786216,0.022443759,0.0079807777,0.010792642,0.16255188,-0.06297264,0.23653514,-0.53415068,0.20815707,-0.81936175,2.5310931,2.7699994,3.73
1,1200,0.600000,17,1.2118527,0.72112632,0.45388554,0.43870539,-0.025626499,0.00027132105,0.019190844,-0.18144304,-0.055998163,0.42044185,0.79353047,-0.40668572,-0.45267661,2.0405612,-0.47359887,3.73
1,1200,0.600000,18,1.2118527,1.0728933,0.19355483,0.4197509,0.0098378721,-0.02280022,-0.011132919,0.13911532,-0.21163607,-0.10247058,0.02778076,-0.14564182,-0.98894726,2.9927763,-1.3823134,3.73
1,1200,0.600000,19,1.2118527,1.0488657,0.50555614,0.16164258,-0.03392118,-0.025261119,-0.024752993,-0.35962463,-0.20458948,-0.20934226,0.79040753,0.50694042,-0.34390019,1.9218636,0.57028157,3.73
1,1200,0.600000,20,1.2118527,0.76014235,0.16059827,0.73694531,0.021231104,-0.011381146,0.0043843183,0.042343027,0.11522787,-0.014145766,-0.47970962,0.87643054,0.041811213,1.5289729,2.0715986,3.73
1,1200,0.600000,21,1.2118527,0.77303589,0.42013406,1.048637,0.03386371,-0.0087154484,0.020825445,0.4382746,0.10459364,-0.10064653,0.012118771,0.99853626,-0.052711247,1.623532,1.5586604,3.73
1,1200,0.600000,22,1.2118527,1.12829,0.062748359,1.0819795,-0.040297442,0.034048262,-0.0061480401,-0.34432913,0.37360204,0.076713517,-0.80295388,-0.41705694,0.42582694,1.1309207,-2.6625431,3.73
1,1200,0.600000,23,1.2118527,0.98965116,0.48514545,0.74221185,0.025031412,0.0013139263,0.038882167,0.21700155,0.053423262,0.40607909,0.98702105,-0.097721,0.12743646,1.4430124,-0.098684391,3.73
1,1200,0.600000,24,1.2118527,0.75180324,0.75944718,0.20956146,0.00082744992,-0.0011764284,0.017412072,-0.19912578,-0.13780891,-0.1342488,-0.25454397,-0.82619091,-0.50260914,2.0974105,-1.8696616,3.73
1,1200,0.600000,25,1.2118527,0.8218784,1.1042052,0.43808333,-0.020695556,-0.016732226,-0.0094626794,-0.12728706,-0.055274351,-0.072005811,-0.91804265,0.3947686,-0.036816391,1.607621,2.7354852,3.73
1,1200,0.600000,26,1.2118527,1.0309437,0.77062231,0.46608921,-0.022417047,0.0089008767,-0.010531212,-0.10666755,-0.1759284,0.050916889,-0.91044554,0.051601491,0.41039761,1.1479063,3.084976,3.73
1,1200,0.600000,27,1.2118527,1.0811264,0.97174653,0.14462569,-0.017839616,-0.0054996865,-0.012452267,-0.21697655,0.12906375,-0.13219649,-0.95170136,-0.068921467,0.2991895,1.2669532,-3.0692996,3.73
1,1200,0.600000,28,1.2118527,0.72254428,0.78394177,0.73922913,0.018943038,0.0074355099,0.0074852707,0.1577327,0.13683695,0.1921699,-0.37155259,-0.85869659,0.35297145,1.2100513,-1.9791655,3.73
1,1200,0.600000,29,1.2118527,0.77822861,1.0271981,1.0990974,-0.011164147,0.014016507,-0.011456102,-0.023466828,0.099632895,-0.17072656,-0.56498109,-0.51463645,-0.64493852,2.2717392,-2.4027927,3.73
1,1200,0.600000,30,1.2118527,1.0459156,0.73787075,1.0307891,0.006959351,0.046088112,0.03010522,0.034024917,0.47403635,0.47965618,0.31809293,0.76906818,-0.55439248,2.1584291,1.178614,3.73
1,1200,0.600000,31,1.2118527,1.0162275,1.0623645,0.78550303,-0.0021846552,0.014997101,-0.0059822605,0.11049776,0.010729692,-0.058374381,-0.60092068,0.57227592,-0.55802742,2.1628031,2.3806056,3.73
2,1300,0.650000,0,1.2078394,0.1597168,0.095957427,0.17267656,-0.024550022,0.014888862,-0.0036988434,0.026611933,0.14676652,-0.024856603,0.69869725,-0.57954047,-0.4194699,2.0036576,-0.69244721,3.73
2,1300,0.650000,1,1.2078394,0.16597306,0.42705485,0.41963806,0.01340249,-0.03089098,-0.034677043,0.14524325,-0.19665452,-0.09172713,-0.92867828,0.36351816,0.073560815,1.497169,2.7684907,3.73
2,1300,0.650000,2,1.2078394,0.49223376,0.14769337,0.4092141,0.036079104,-0.013703194,0.0050355354,0.134997,0.053179991,0.15551735,-0.41475333,0.82055475,0.39328052,1.1665994,2.0387982,3.73
2,1300,0.650000,3,1.2078394,0.46786834,0.44096834,0.15302831,0.015193718,0.0021515447,0.0081517526,0.34898756,-0.17186875,-0.12994319,-0.9658453,-0.20522194,-0.15819862,1.7296624,-2.9322273,3.73
2,1300,0.650000,4,1.2078394,0.083862268,0.22217378,0.74615688,0.023215775,-0.023145607,-0.0041760129,-0.010607466,-0.23587361,-0.26042832,-0.17301241,-0.96600059,-0.19211865,1.7641169,-1.7480191,3.73
2,1300,0.650000,5,1.2078394,0.18698911,0.43158659,1.0557639,-0.010258315,-0.016729318,2.7330838e-05,-0.1176373,-0.10938915,-0.30560982,-0.91022587,-0.060195489,-0.40971376,1.9929366,-3.0755563,3.73
2,1300,0.650000,6,1.2078394,0.47567954,0.12981067,1.0790868,0.018369247,-0.037520756,-0.023128406,0.074413773,-0.17981257,-0.084514165,0.15124524,0.62984036,-0.76185694,2.4369714,1.3351259,3.73
2,1300,0.650000,7,1.2078394,0.43201199,0.50111635,0.76943497,-0.0025706359,0.053659891,0.0093149582,-0.027896463,0.1626878,0.13402184,-0.94767543,0.07243414,-0.31090928,1.8869459,3.0653075,3.73
2,1300,0.650000,8,1.2078394,0.18681689,0.7396319,0.11310784,-0.0093328684,0.0089472013,-0.057935989,-0.15934903,0.18204511,-0.13225823,0.18080733,0.95045397,0.25287537,1.3151453,1.3828099,3.73
2,1300,0.650000,9,1.2078394,0.065288629,1.0927142,0.49426561,0.0025930974,0.009295536,-0.0023967532,0.036974811,0.026291981,-0.19495052,-0.79664438,-0.16248668,-0.58219912,2.1922272,-2.9403886,3.73
2,1300,0.650000,10,1.2078394,0.41503411,0.73384211,0.45826054,-0.0063121289,0.013885846,-0.010379168,0.065663278,0.13608268,0.1122882,0.698481,-0.56719945,-0.43635889,2.0223443,-0.68204367,3.73
2,1300,0.650000,11,1.2078394,0.51430085,1.0381166,0.1578823,0.046322082,0.023362993,0.013238761,-0.04380902,0.045313259,-0.12515484,0.75701388,0.4611309,0.46291282,1.0895178,0.54711633,3.73
2,1300,0.650000,12,1.2078394,0.087614796,0.72399528,0.71556905,-0.04004143,-0.019754958,-0.037799427,-0.015751408,-0.093984138,-0.15134577,0.4085556,0.79485581,-0.4486497,2.0360502,1.0960118,3.73
2,1300,0.650000,13,1.2078394,0.24825171,1.0122928,1.0409183,-0.015519609,-0.0047146161,0.018367054,-0.23382072,0.036681965,0.10840376,-0.1000929,0.87823633,0.46763487,1.0841832,1.684277,3.73
2,1300,0.650000,14,1.2078394,0.51869639,0.7077639,1.088884,0.024636443,-0.01955316,0.017176533,0.081693798,-0.10132963,-0.056804322,-0.93180118,-0.35968877,0.048688236,1.5220888,-2.7732006,3.73
2,1300,0.650000,15,1.2078394,0.36758455,1.2062936,0.73377364,-0.01653199,-0.041198813,-0.0014313974,0.17630809,-0.42464466,0.03986,-0.40078943,-0.89959454,-0.1734863,1.7451649,-1.9899204,3.73
2,1300,0.650000,16,1.2078394,0.78119648,0.16695361,0.16106501,0.025828068,0.0016686033,0.014524483,-0.052926167,-0.17228457,-0.13298997,-0.62326758,0.23017071,-0.74736803,2.4148882,2.7878314,3.73
2,1300,0.650000,17,1.2078394,0.7166077,0.44877532,0.46021612,-0.027760497,-0.0033417531,0.042192595,0.083711538,-0.067361165,0.45295932,0.73412422,-0.21357591,-0.64455176,2.2712332,-0.28311148,3.73
2,1300,0.650000,18,1.2078394,1.0770319,0.18783708,0.42424494,0.017542326,-0.027885411,-0.0052390135,0.045677687,0.013680943,0.2942407,-0.008335924,-0.32745761,-0.9448291,2.8078688,-1.5962473,3.73
2,1300,0.650000,19,1.2078394,1.0286506,0.49789268,0.15198116,-0.050690544,-0.03126027,-0.03389426,-0.30651625,-0.079111905,-0.12154556,0.71184373,0.50020757,-0.4930222,2.0863564,0.61253102,3.73
2,1300,0.650000,20,1.2078394,0.75617068,0.17093794,0.73227543,0.019774389,-0.00049155641,0.0021512978,-0.0813343,0.24636974,-0.096364048,-0.27238777,0.92486508,0.26538555,1.3021925,1.8572146,3.73
2,1300,0.650000,21,1.2078394,0.78608064,0.4222495,1.0496037,0.049494454,-0.0052028149,0.025272224,0.19550502,-0.0736355,0.32240759,0.32561262,0.93886923,0.11180783,1.4587542,1.236963,3.73
2,1300,0.650000,22,1.2078394,1.1090461,0.080605787,1.0822415,-0.055830458,0.052143507,-0.0022964585,-0.24711342,0.31977894,0.024894255,-0.93898844,-0.29526013,0.17641473,1.3934535,-2.8369369,3.73
2,1300,0.650000,23,1.2078394,0.99310059,0.48512085,0.75641689,0.03176946,0.0028986203,0.055572882,0.067077797,-0.0021886251,0.2196713,0.9789219,-0.20405211,0.0086395835,1.5621566,-0.20550313,3.73
2,1300,0.650000,24,1.2078394,0.73513298,0.74701677,0.19660945,-0.013376607,-0.011108238,0.0051336975,-0.22944063,-0.16716721,-0.31552577,-0.39844212,-0.72279347,-0.5646357,2.1707881,-2.0746011,3.73
2,1300,0.650000,25,1.2078394,0.81491049,1.1017372,0.43815416,-0.024948692,-0.015541432,-0.0079385205,0.04176078,0.067928091,0.18267923,-0.93177205,0.31038423,0.18831484,1.3813503,2.8200415,3.73
2,1300,0.650000,26,1.2078394,1.0218502,0.75428478,0.46682641,-0.028105833,-0.0049074727,-0.0082466765,-0.14966573,-0.41604489,0.02481802,-0.82804549,0.13878693,0.54321162,0.99653874,2.9755284,3.73
2,1300,0.650000,27,1.2078394,1.0728748,0.98039477,0.13790209,-0.022518561,0.0063864141,-0.018707281,0.034511331,0.34512045,-0.090961812,-0.91321078,-0.29127987,0.28495983,1.2818318,-2.8328312,3.73
2,1300,0.650000,28,1.2078394,0.72629959,0.7874366,0.74397318,0.025101421,0.013536655,0.014689389,0.038950669,0.08164315,0.1666523,-0.19946541,-0.84625903,0.49402349,1.054085,-1.802274,3.73
2,1300,0.650000,29,1.2078394,0.77221166,1.0343694,1.0847506,-0.014609534,0.024607243,-0.022180795,-0.1224662,0.33008055,-0.21047329,-0.83999662,-0.38567738,-0.38165252,1.9623798,-2.7111626,3.73
2,1300,0.650000,30,1.2078394,1.0437378,0.75638414,1.0514814,0.0082475486,0.067079941,0.054251283,0.033546284,0.33916558,0.4413754,0.36261693,0.76985445,-0.52519814,2.1237443,1.1306002,3.73
2,1300,0.650000,31,1.2078394,1.0201785,1.0567118,0.77780439,0.005144003,0.012859012,-0.011088001,0.13764707,0.0070968658,-0.17072897,-0.69314329,0.48561991,-0.53265907,2.1325357,2.5304605,3.73
3,1400,0.700000,0,1.2011397,0.16582851,0.10539252,0.17279542,-0.017532865,0.024884021,-0.0026191665,0.18042159,0.26424672,0.046242357,0.68627442,-0.56368068,-0.45966458,2.0484138,-0.68763233,3.73
3,1400,0.700000,1,1.2011397,0.17326836,0.42060034,0.41489904,0.021641341,-0.034988073,-0.03709511,0.12175574,0.049804165,-0.0070239902,-0.94861483,0.30041907,0.099389551,1.4712424,2.834893,3.73
3,1400,0.700000,2,1.2011397,0.48975519,0.15104062,0.41684782,0.036331592,-0.0095250849,0.014966732,-0.10626299,0.032027354,0.21048484,-0.48554068,0.71541883,0.50242029,1.0444006,2.16707,3.73
3,1400,0.700000,3,1.2011397,0.47605146,0.42692039,0.14373968,0.026002102,-0.0094827735,-0.00031159572,0.063280741,-0.27456021,-0.21206797,-0.99422536,-0.066923176,0.083888183,1.4868094,-3.0743822,3.73
3,1400,0.700000,4,1.2011397,0.082058483,0.21008683,0.73234747,0.021873429,-0.034030468,-0.013873561,0.067603347,-0.20400341,-0.058844958,-0.068030709,-0.95626834,-0.28446911,1.8592489,-1.6418185,3.73
3,1400,0.700000,5,1.2011397,0.1808791,0.42329893,1.0429661,-0.015345271,-0.022639461,-0.0069336461,-0.023982231,-0.15358576,0.013713282,-0.98340412,-0.037112958,-0.17759214,1.7493355,-3.1038713,3.73
3,1400,0.700000,6,1.2011397,0.47842331,0.12925771,1.0703845,0.023766554,-0.0373532,-0.025852711,0.078126159,0.16191618,0.03121604,0.16093946,0.72360922,-0.67118417,2.3066014,1.3519464,3.73
3,1400,0.700000,7,1.2011397,0.42812572,0.49900601,0.77249437,-0.0040647461,0.054331043,0.01666275,-0.027260904,-0.18525379,0.09882062,-0.84175802,-0.20059881,-0.5012021,2.0957837,-2.9076468,3.73
3,1400,0.700000,8,1.2011397,0.17608002,0.74296279,0.11507723,-0.019060542,0.016401463,-0.055331959,-0.2455694,0.088142464,0.14434852,0.33114205,0.89964239,0.28458483,1.282223,1.2181046,3.73
3,1400,0.700000,9,1.2011397,0.064521947,1.0785699,0.4776003,0.0021874343,0.0011898185,-0.016359267,0.098206792,-0.26778005,-0.40432686,-0.72249489,-0.02498768,-0.69092456,2.3335635,-3.1070212,3.73
3,1400,0.700000,10,1.2011397,0.41503295,0.7352779,0.45934643,-0.004004737,0.019407513,-0.0067412471,0.041488513,0.08843227,0.020672892,0.84289329,-0.51801315,-0.1455791,1.7168946,-0.55106065,3.73
3,1400,0.700000,11,1.2011397,0.50400621,1.0358268,0.14949198,0.038859443,0.026841196,0.0057032301,-0.26973991,0.055374954,-0.1102204,0.74574638,0.60297638,0.28334048,1.2835208,0.6799352,3.73
3,1400,0.700000,12,1.2011397,0.096781292,0.71888922,0.70577856,-0.030362027,-0.020848161,-0.043636983,0.28140786,-0.029318765,-0.0065791967,0.061211436,0.89717122,-0.4374208,2.0235249,1.5026747,3.73
3,1400,0.700000,13,1.2011397,0.23306714,1.0066842,1.0390503,-0.02936567,-0.0047081658,0.022283801,-0.31430279,-0.033721045,-0.041270683,-0.17729151,0.95798743,0.22545024,1.3433912,1.7537925,3.73
3,1400,0.700000,14,1.2011397,0.51352886,0.70316399,1.0712294,0.02233967,-0.020229071,0.0055294327,-0.21149882,0.094764514,-0.33714023,-0.90013079,-0.434379,-0.032854954,1.6036572,-2.6919834,3.73
3,1400,0.700000,15,1.2011397,0.38332218,1.1715977,0.7310994,0.001294158,-0.06928158,-3.1603805e-05,0.48067231,-0.60740962,0.0073221221,-0.03272737,-0.84486,-0.53398548,2.1341037,-1.609514,3.73
3,1400,0.700000,16,1.2011397,0.77328666,0.155262,0.14831089,0.022241461,-0.0091269597,0.0026306901,-0.039589866,-0.33952013,-0.2722102,-0.66168082,0.54955166,-0.51007006,2.1060626,2.4485058,3.73
3,1400,0.700000,17,1.2011397,0.72308992,0.44496612,0.46866825,-0.01727419,-0.0046653349,0.053228171,0.33608712,0.05142588,0.036470085,0.80518441,-0.35363461,-0.47604687,2.0669504,-0.41383395,3.73
3,1400,0.700000,18,1.2011397,1.0594404,0.19837057,0.43808943,0.0058926575,-0.01627773,0.01100388,-0.47778819,0.35557626,0.16816305,-0.080636247,-0.32630091,-0.94182032,2.7988019,-1.8130648,3.73
3,1400,0.700000,19,1.2011397,1.0122865,0.4891901,0.15366394,-0.061378546,-0.037217674,-0.031361417,-0.093879045,-0.14675373,0.22230355,0.77064852,0.48783904,-0.41001698,1.993269,0.56434861,3.73
3,1400,0.700000,20,1.2011397,0.74357246,0.17875139,0.72556435,0.011347112,0.0082944942,-0.00050533827,-0.22227444,0.12549832,0.043206856,-0.20915497,0.96117622,0.17998463,1.3898255,1.7850593,3.73
3,1400,0.700000,21,1.2011397,0.78395582,0.41194984,1.0644291,0.051736155,-0.013182508,0.045977224,-0.0017757825,-0.14606169,0.39051094,0.31925894,0.94630946,-0.05071622,1.6215343,1.2454148,3.73
3,1400,0.700000,22,1.2011397,1.0945321,0.099637493,1.0753296,-0.064216086,0.071676647,-0.0032078352,-0.12213729,0.43865517,-0.038870827,-0.95157707,-0.17545966,0.25241828,1.3156177,-2.9592524,3.73
3,1400,0.700000,23,1.2011397,0.99444393,0.48083588,0.75838652,0.0386405,0.0013001018,0.061755457,0.19385115,-0.048352525,0.024268263,0.79878114,-0.59025907,-0.11637407,1.6874347,-0.63639131,3.73
3,1400,0.700000,24,1.2011397,0.72925355,0.73532997,0.18494642,-0.015183381,-0.018672473,-0.0054682493,0.11480654,-0.074573223,-0.044153373,-0.18947851,-0.58900637,-0.78560129,2.4744637,-1.8820332,3.73
3,1400,0.700000,25,1.2011397,0.81786101,1.0952888,0.44451734,-0.017457138,-0.01587956,0.00087957113,0.25136466,-0.1496233,0.17552296,-0.81125866,0.41691017,0.40993329,1.1484154,2.6668827,3.73
3,1400,0.700000,26,1.2011397,1.0069398,0.73360759,0.46416596,-0.03737397,-0.021446739,-0.0083178981,-0.19158583,-0.18251372,-0.040579716,-0.87521865,0.23898893,0.42056701,1.1367261,2.8750291,3.73
3,1400,0.700000,27,1.2011397,1.0717395,0.99364765,0.13673372,-0.017689376,0.025129533,-0.019111845,0.11927181,0.38477803,0.12368921,-0.90410224,-0.4137331,0.10688342,1.4637083,-2.712422,3.73
3,1400,0.700000,28,1.2011397,0.71987899,0.78708616,0.74516425,0.022702836,0.017565218,0.020022003,-0.11170596,0.17578848,0.031050924,-0.0085373418,-0.89975676,0.43630826,1.1193046,-1.5802845,3.73
3,1400,0.700000,29,1.2011397,0.75972411,1.0449309,1.0655352,-0.022836615,0.040951648,-0.035416068,-0.2715626,0.34146428,-0.34236777,-0.90914281,-0.32585612,-0.25937836,1.8331748,-2.7974354,3.73
3,1400,0.700000,30,1.2011397,1.042566,0.76287862,1.0591556,0.012878007,0.077799798,0.067795538,0.13402176,0.10257995,0.13576161,0.57363238,0.7009647,-0.42378578,2.0084172,0.88496786,3.73
3,1400,0.700000,31,1.2011397,1.0224696,1.0523365,0.76838698,0.013116047,0.014349302,-0.016205269,0.16163653,0.029789615,-0.011006026,-0.8706429,0.44185818,-0.21619965,1.7887167,2.6719568,3.73
4,1500,0.750000,0,1.1899628,0.17401978,0.11860929,0.17321286,-0.0077528152,0.039148162,-0.00058431479,0.11236812,0.25654843,0.02696166,0.60322432,-0.56647509,-0.56145026,2.1669336,-0.75399082,3.73
4,1500,0.750000,1,1.1899628,0.17708547,0.42771058,0.41308975,0.027096246,-0.023912281,-0.035034045,0.086698596,0.38860019,0.13326096,-0.94855573,0.30905654,0.068746551,1.5019955,2.8266211,3.73
4,1500,0.750000,2,1.1899628,0.47767794,0.15125893,0.42346491,0.028776297,-0.0078936848,0.025511976,-0.16062401,-0.001716719,0.14852849,-0.57909765,0.61347008,0.5369361,1.0039953,2.3273803,3.73
4,1500,0.750000,3,1.1899628,0.47008409,0.4132707,0.13527246,0.02445727,-0.019205317,-0.007474769,-0.056432832,-0.036044318,-0.1479661,-0.99662453,-0.050734215,0.064541358,1.5062101,-3.0907305,3.73
4,1500,0.750000,4,1.1899628,0.093174092,0.1951255,0.72531633,0.033808397,-0.047097972,-0.014091072,0.37082309,-0.32319855,-0.017937488,-0.027717608,-0.98910665,-0.1445675,1.7158722,-1.5988119,3.73
4,1500,0.750000,5,1.1899628,0.17962165,0.41274018,1.0378488,-0.014917601,-0.029290418,-0.0023243685,-0.017350926,-0.090704665,0.18268167,-0.96992898,0.025276833,-0.24207201,1.8152971,3.1155381,3.73
4,1500,0.750000,6,1.1899628,0.47453684,0.14144688,1.0642311,0.024334579,-0.02389837,-0.022028171,-0.054028109,0.27578827,0.096078344,0.029838899,0.678913,-0.73361214,2.3944185,1.5268736,3.73
4,1500,0.750000,7,1.1899628,0.42620178,0.47611591,0.75777356,-0.0019952116,0.035998606,0.009094789,0.1297455,-0.55566593,-0.32255888,-0.92607203,-0.11796302,-0.35843455,1.9373868,-3.014895,3.73
4,1500,0.750000,8,1.1899628,0.1627584,0.73344678,0.12274312,-0.030798571,0.013786661,-0.046554222,-0.21809333,-0.20609471,0.25997402,0.53131928,0.82192757,0.20526787,1.3640589,0.99693432,3.73
4,1500,0.750000,9,1.1899628,0.073487266,1.054818,0.45869521,0.011798067,-0.01259015,-0.030888104,0.32530497,-0.22450181,-0.076698247,-0.76271764,-0.25388865,-0.59481288,2.2078292,-2.8202558,3.73
4,1500,0.750000,10,1.1899628,0.41401747,0.73546906,0.45288935,-0.0011448819,0.026473627,-0.0089342658,0.03494549,0.16503585,-0.1437823,0.92316617,-0.37847365,0.067245146,1.5035004,-0.38907453,3.73
4,1500,0.750000,11,1.1899628,0.4844374,1.0247912,0.14741557,0.023910646,0.025437595,0.005014663,-0.29428589,-0.068802451,0.025104172,0.74549247,0.65280645,0.13447939,1.4359083,0.71921014,3.73
4,1500,0.750000,12,1.1899628,0.1093057,0.71026432,0.70354531,-0.016873999,-0.022792729,-0.039282457,0.23431363,-0.0018111141,0.18284274,-0.30403412,0.86283258,-0.4038356,1.986502,1.9095787,3.73
4,1500,0.750000,13,1.1899628,0.21002276,0.99505954,1.0238493,-0.050339345,-0.0069760347,0.016725378,-0.48247851,-0.083297547,-0.16822618,-0.14681984,0.98751243,0.057123901,1.5136413,1.7183916,3.73
4,1500,0.750000,14,1.1899628,0.49634345,0.70603933,1.0498086,0.0098744916,-0.010766417,-0.0059771125,-0.25096089,0.21509058,-0.079706815,-0.99335132,-0.1058134,-0.045350585,1.6161625,-3.0354712,3.73
4,1500,0.750000,15,1.1899628,0.40608847,1.127084,0.72116938,0.027751009,-0.10305124,-0.0031732709,0.58172004,-0.71794368,-0.10734445,0.3123149,-0.75454005,-0.57717304,2.186059,-1.1783527,3.73
4,1500,0.750000,16,1.1899628,0.76952352,0.12944253,0.14238999,0.025690038,-0.033616157,-0.0019314731,0.13740939,-0.65815055,0.037114342,-0.62080066,0.77790934,-0.097281028,1.6682315,2.2443393,3.73
4,1500,0.750000,17,1.1899628,0.73049997,0.44886385,0.45781649,-0.0030692265,0.0034106464,0.046706993,0.10602509,0.26449825,-0.23668523,0.75165028,-0.37821402,-0.54034805,2.141647,-0.46618693,3.73
4,1500,0.750000,18,1.1899628,1.0227284,0.21285157,0.43546511,-0.021087189,0.00012582492,0.012462902,-0.46457005,0.22183476,-0.021727411,0.15902957,-0.3035787,-0.9394411,2.7917921,-1.0882516,3.73
4,1500,0.750000,19,1.1899628,1.004321,0.47793967,0.16746123,-0.059917676,-0.04394755,-0.016062741,0.15664072,-0.11332498,0.25439511,0.77818621,0.60830561,-0.15617459,1.7276129,0.66348034,3.73
4,1500,0.750000,20,1.1899628,0.72345763,0.18099065,0.72702988,-0.0019105911,0.012215408,0.0077503133,-0.29237185,0.038409829,0.27819964,-0.2414339,0.94068413,0.23837585,1.3301032,1.8220313,3.73
4,1500,0.750000,21,1.1899628,0.77468457,0.4051691,1.0601344,0.049750499,-0.016143806,0.051613683,-0.080934017,0.028663111,-0.15223531,-0.13243423,0.98467891,0.11343997,1.4571116,1.7044889,3.73
4,1500,0.750000,22,1.1899628,1.0789393,0.11759124,1.0655073,-0.069649414,0.090646208,-0.0030231531,-0.060735472,0.34888052,0.01496882,-0.81213419,-0.18852766,0.55217332,0.98582758,-2.9134941,3.73
4,1500,0.750000,23,1.1899628,0.99123173,0.47787732,0.75044562,0.044710184,0.0028229469,0.060867345,0.11727704,0.11743202,-0.055606833,0.72835989,-0.59522571,-0.33940864,1.9170845,-0.68514935,3.73
4,1500,0.750000,24,1.1899628,0.72588123,0.72610737,0.1862588,-0.011753803,-0.021063842,-0.0024206593,-0.015575866,0.0043363502,0.068339162,0.085366503,-0.4739121,-0.87642449,2.6391824,-1.392576,3.73
4,1500,0.750000,25,1.1899628,0.82102936,1.0787888,0.44591393,-0.0066277946,-0.022217326,0.0064384722,0.14022016,-0.077861822,0.10003453,-0.80218187,0.56847047,0.18260772,1.3871582,2.5250813,3.73
4,1500,0.750000,26,1.1899628,0.99182808,0.71955693,0.45365845,-0.043142843,-0.028704951,-0.014535308,-0.017394864,-0.11925072,-0.087577949,-0.84702988,0.46785123,0.25230063,1.3157393,2.6369522,3.73
4,1500,0.750000,27,1.1899628,1.0652406,1.0066934,0.1384897,-0.014199172,0.047526079,-0.016069313,-0.035353562,0.50705771,-0.14242834,-0.97527741,-0.18597176,0.119367,1.451144,-2.9531687,3.73
4,1500,0.750000,28,1.1899628,0.70467374,0.7899211,0.74037919,0.014156265,0.02777187,0.022180955,-0.16960311,0.21846318,0.053463952,0.075230218,-0.91913006,0.38670446,1.173741,-1.489129,3.73
4,1500,0.750000,29,1.1899628,0.74151145,1.0482251,1.0403381,-0.034032204,0.05403031,-0.050769835,-0.19505863,0.17563396,-0.29379634,-0.8727241,-0.41988929,-0.24908961,1.8225364,-2.6931588,3.73
4,1500,0.750000,30,1.1899628,1.0413189,0.75588679,1.0493992,0.021371963,0.077907213,0.06789531,0.15537134,-0.03411025,-0.042004323,0.78977124,0.43971761,-0.42767956,2.0127205,0.50802283,3.73
4,1500,0.750000,31,1.1899628,1.0212185,1.0447019,0.76633928,0.02141808,0.016517132,-0.011078995,0.17936951,0.062329581,0.21055861,-0.83878207,0.53105928,0.12008611,1.4504197,2.5771674,3.73
5,1600,0.800000,0,1.1819691,0.16993673,0.12881302,0.16872427,-0.010676716,0.050185864,-0.0039205734,-0.17353987,0.1813137,-0.13595446,0.60853694,-0.61581966,-0.50044873,2.0949133,-0.7913463,3.73
5,1600,0.800000,1,1.1819691,0.18015958,0.44828162,0.42425677,0.031374364,-0.00038878256,-0.021044913,0.067321945,0.50282323,0.3114669,-0.92240632,0.3861977,-0.0042323009,1.5750286,2.745083,3.73
5,1600,0.800000,2,1.1819691,0.47048632,0.14859115,0.4263733,0.024780062,-0.0095509553,0.031284486,-0.038750985,-0.095631386,0.13481379,-0.70026556,0.52303802,0.48585942,1.0634502,2.5000696,3.73
5,1600,0.800000,3,1.1819691,0.46599711,0.41433435,0.1321222,0.023524985,-0.015352495,-0.0097238967,0.060823135,0.20309049,0.12715782,-0.99854017,0.025528678,0.047600493,1.5231778,3.1160322,3.73
5,1600,0.800000,4,1.1819691,0.11216802,0.17934778,0.71446537,0.053494576,-0.061613838,-0.020089863,0.44408156,-0.24568829,-0.2323509,-0.24068489,-0.96634442,0.090825333,1.4798457,-1.8148971,3.73
5,1600,0.800000,5,1.1819691,0.17547406,0.40656075,1.0398966,-0.017868506,-0.032708741,0.0067257881,-0.11895258,-0.0008899945,0.074508889,-0.90191118,0.068726153,-0.42641874,2.0113261,3.0655391,3.73
5,1600,0.800000,6,1.1819691,0.46728727,0.14945304,1.0591243,0.020259023,-0.01491174,-0.019978962,-0.11866663,0.085153014,-0.044741132,0.10127227,0.56025425,-0.82210651,2.5358975,1.3919661,3.73
5,1600,0.800000,7,1.1819691,0.42880856,0.44190177,0.73630044,0.0034931175,0.0048779421,-0.0073433022,0.02562387,-0.61216843,-0.22512731,-0.96099075,0.15594141,-0.22842736,1.8012584,2.9807234,3.73
5,1600,0.800000,8,1.1819691,0.15477416,0.71971386,0.13789355,-0.037712766,0.0049509655,-0.030525235,-0.10219368,-0.1612022,0.31139732,0.62605138,0.76569662,0.14754104,1.4227147,0.88540147,3.73
5,1600,0.800000,9,1.1819691,0.093064961,1.041658,0.45766841,0.031937292,-0.018684894,-0.028826621,0.43056314,-0.0031805705,0.067327537,-0.75771873,-0.58824075,-0.28255112,1.8572489,-2.4814514,3.73
5,1600,0.800000,10,1.1819691,0.41206904,0.73997004,0.44124548,-0.00030928621,0.035947123,-0.017564885,-0.017705587,0.17500516,-0.18796762,0.90715206,-0.41911373,0.037667256,1.5331202,-0.43279681,3.73
5,1600,0.800000,11,1.1819691,0.46571082,1.0111187,0.1479938,0.008386006,0.018626298,0.0065884704,-0.32825584,-0.18873999,0.085529612,0.80425009,0.51734427,0.29246657,1.2739912,0.57162455,3.73
5,1600,0.800000,12,1.1819691,0.11987415,0.7066938,0.71065243,-0.005533054,-0.021587912,-0.027409187,0.18550882,0.062210392,0.28600868,-0.30687207,0.82281224,-0.47834041,2.0695602,1.9277731,3.73
5,1600,0.800000,13,1.1819691,0.17801883,0.98698117,1.0036446,-0.081035883,-0.0083747039,0.0033534465,-0.67273104,0.037496845,-0.32648928,0.00025521046,0.99667132,-0.081524292,1.6524112,1.5705403,3.73
5,1600,0.800000,14,1.1819691,0.47690466,0.71062142,1.0410964,-0.0062845195,-0.001409899,-0.0076427495,-0.40636071,0.15162778,0.001884143,-0.95440845,0.22661985,-0.19428833,1.7663282,2.9084646,3.73
5,1600,0.800000,15,1.1819691,0.42876783,1.0841074,0.71598886,0.053244227,-0.13857625,-0.0035103983,0.39844934,-0.6252945,0.065118821,0.37830219,-0.70009739,-0.60559978,2.2213157,-1.0753871,3.73
5,1600,0.800000,16,1.1819691,0.76666529,0.10363333,0.14586551,0.028008976,-0.058640143,0.0025155589,-0.12706674,-0.22920191,0.12862231,-0.49893254,0.86455056,-0.060155194,1.6309879,2.0942077,3.73
5,1600,0.800000,17,1.1819691,0.71607539,0.46436879,0.44807886,-0.012618787,0.021993499,0.040022264,-0.3747533,0.3763304,-0.056091365,0.44000513,-0.49610118,-0.74851794,2.4166206,-0.84525146,3.73
5,1600,0.800000,18,1.1819691,1.0083505,0.20876541,0.43232089,-0.028620187,-0.0025394592,0.012243222,0.17788345,-0.25345804,0.097781569,0.54473268,-0.50263173,-0.67128805,2.3067416,-0.74522275,3.73
5,1600,0.800000,19,1.1819691,1.0138628,0.46937971,0.16729509,-0.04357415,-0.049314983,-0.015100702,0.33351465,-0.11627631,-0.22525825,0.64720753,0.76083633,-0.047439367,1.6182535,0.86592342,3.73
5,1600,0.800000,20,1.1819691,0.71029938,0.17726448,0.73414212,-0.010237002,0.0096965669,0.019787016,0.0224041,-0.2085342,0.15724356,-0.021021885,0.95646712,0.29108201,1.2754387,1.5927715,3.73
5,1600,0.800000,21,1.1819691,0.76534463,0.40424337,1.0434337,0.045600598,-0.014341699,0.042002078,-0.081523062,-0.024477887,-0.15876182,-0.50114806,0.84967307,0.16403139,1.4060203,2.1036916,3.73
5,1600,0.800000,22,1.1819691,1.0720519,0.13041318,1.0590374,-0.069287688,0.10430412,-0.0023330067,0.068175237,0.23623826,0.037998843,-0.80267725,0.0059653155,0.5963838,0.93180784,3.134161,3.73
5,1600,0.800000,23,1.1819691,0.98928393,0.48574918,0.74435313,0.049437024,0.013942471,0.059812503,0.11338908,0.29066938,-0.041373514,0.67839907,-0.57631566,-0.4556698,2.0439209,-0.70421711,3.73
5,1600,0.800000,24,1.1819691,0.71885143,0.72681285,0.18573626,-0.013914709,-0.015461783,-0.0016895205,-0.020318931,0.27491207,-0.12823334,0.0310746,-0.51166736,-0.8586215,2.6033707,-1.5101388,3.73
5,1600,0.800000,25,1.1819691,0.81695664,1.0720994,0.44944471,-0.0051802877,-0.021657957,0.012986789,-0.0013249714,0.079812155,0.18916722,-0.89504255,0.42591603,0.13226628,1.4381413,2.6974419,3.73
5,1600,0.800000,26,1.1819691,0.99392131,0.71046577,0.45284878,-0.034357297,-0.032976811,-0.012289906,0.30684262,0.0038496362,0.16689166,-0.78507274,0.57096883,0.24011537,1.3283116,2.5127907,3.73
5,1600,0.800000,27,1.1819691,1.0554561,1.0225127,0.11895918,-0.016836671,0.070184321,-0.034732412,-0.047410146,0.26725553,-0.44893346,-0.99326484,-0.026558886,0.11278117,1.4577747,-3.11486,3.73
5,1600,0.800000,28,1.1819691,0.69071495,0.79073387,0.73576205,0.004899999,0.033911717,0.022538586,-0.095521483,-0.033568684,-0.017412342,0.33884117,-0.87003612,0.35808353,1.2045818,-1.1994121,3.73
5,1600,0.800000,29,1.1819691,0.72424859,1.0477997,1.0168708,-0.046355421,0.060668879,-0.067304345,-0.28106389,0.11140637,-0.36351194,-0.91575238,-0.22287008,-0.33425514,1.9116111,-2.9028601,3.73
5,1600,0.800000,30,1.1819691,1.0394176,0.74484869,1.0432843,0.026483063,0.071926707,0.068833009,0.051678199,-0.2192051,0.083127639,0.87884064,0.084602175,-0.46955468,2.0595827,0.095969936,3.73
5,1600,0.800000,31,1.1819691,1.0278917,1.0386782,0.77455209,0.034997134,0.017514618,0.0023269556,0.33039178,-0.034242121,0.27226324,-0.72788663,0.64434651,0.23451786,1.3340738,2.4169984,3.73
6,1700,0.850000,0,1.1798669,0.15692713,0.13700207,0.15983027,-0.023395396,0.058611511,-0.012522146,-0.28005256,0.12454644,-0.16711194,0.51118657,-0.77960454,-0.36180804,1.9410029,-0.99042462,3.73
6,1700,0.850000,1,1.1798669,0.17834094,0.46858253,0.43444598,0.029874805,0.02072821,-0.010091395,-0.17426544,0.31667555,0.068071132,-0.96228665,0.27096948,-0.024082065,1.5948807,2.8671109,3.73
6,1700,0.850000,2,1.1798669,0.46387725,0.14419906,0.43019036,0.019002622,-0.013682448,0.035863941,-0.24326186,-0.090694509,0.076020612,-0.66107901,0.44879214,0.60129873,0.92567082,2.5451835,3.73
6,1700,0.850000,3,1.1798669,0.46899635,0.42930584,0.14512613,0.027356431,0.00036989741,0.0035268057,0.049168558,0.39030191,0.26991379,-0.99820639,-0.059791685,0.002992771,1.5678036,-3.081765,3.73
6,1700,0.850000,4,1.1798669,0.13362028,0.16663334,0.70240769,0.075165625,-0.074020347,-0.030886451,0.37168644,-0.23057326,-0.12102466,-0.2429216,-0.96125277,0.13031583,1.4401088,-1.8183273,3.73
6,1700,0.850000,5,1.1798669,0.16907524,0.4093132,1.037282,-0.023960664,-0.029230112,0.0059600375,-0.094049818,0.10926719,-0.070152961,-0.92543262,-0.11503552,-0.36102811,1.9401665,-3.0179224,3.73
6,1700,0.850000,6,1.1798669,0.45476382,0.14868714,1.0491938,0.0085562385,-0.015412282,-0.028032927,-0.3115811,-0.041203335,-0.20681386,0.18147039,0.52139149,-0.83379819,2.5567486,1.2358596,3.73
6,1700,0.850000,7,1.1798669,0.42662784,0.4176655,0.73705857,0.0020737848,-0.018593278,-0.0052738002,0.094157508,-0.31159295,0.26790565,-0.80341117,0.3422606,-0.48722498,2.0797055,2.7388675,3.73
6,1700,0.850000,8,1.1798669,0.15222013,0.71736169,0.14787644,-0.039993558,0.0038778736,-0.020287987,-0.016333508,0.10983399,0.057191053,0.28786223,0.95020107,0.11938699,1.4511239,1.2766365,3.73
6,1700,0.850000,9,1.1798669,0.11319875,1.0428358,0.45788059,0.052254684,-0.015651774,-0.027799552,0.37450868,0.097681903,-0.075026497,-0.56532902,-0.76588773,-0.30629901,1.8820991,-2.2066609,3.73
6,1700,0.850000,10,1.1798669,0.40916766,0.75027258,0.43600503,-0.002479718,0.047576073,-0.022024538,-0.02911457,0.33637688,-0.026821777,0.6725864,-0.71850982,-0.17711911,1.7488548,-0.81839857,3.73
6,1700,0.850000,11,1.1798669,0.44906103,1.0008517,0.15116642,-0.0074495917,0.010150077,0.010027364,-0.29405558,-0.11008868,0.021520334,0.74097308,0.2693128,0.61516625,0.90819951,0.34861371,3.73
6,1700,0.850000,12,1.1798669,0.13217262,0.70837829,0.72884551,0.0069897551,-0.018643926,-0.0079348538,0.32657844,0.042901223,0.46856462,-0.053820265,0.86256941,-0.50306798,2.0979413,1.6331108,3.73
6,1700,0.850000,13,1.1798669,0.14852411,0.98925309,0.99068436,-0.11023999,-0.0043438151,-0.0078317079,-0.35510268,0.17165598,-0.032038897,0.021541623,0.99904124,0.038112544,1.5326745,1.5492374,3.73
6,1700,0.850000,14,1.1798669,0.45478085,0.71485009,1.03742,-0.02757909,0.0040875325,-0.0094690779,-0.43438583,0.061380051,-0.092730784,-0.91729582,0.27316085,-0.28974389,1.8647556,2.8521653,3.73
6,1700,0.850000,15,1.1798669,0.4287689,1.0624948,0.71975271,0.05400856,-0.15827819,0.0015313503,-0.35409451,-0.24531283,-0.0040904357,0.26025335,-0.28824551,-0.92151111,2.7427501,-0.83638805,3.73
6,1700,0.850000,16,1.1798669,0.75292975,0.10883173,0.1494329,0.015625957,-0.053252636,0.0063457757,-0.26749572,0.29977796,-0.030777857,-0.41437175,0.88275156,-0.22146271,1.7941105,2.0096732,3.73
6,1700,0.850000,17,1.1798669,0.69886111,0.47633939,0.44720615,-0.028573699,0.034801396,0.039946409,-0.1783231,0.090102136,0.10875127,0.1140279,-0.71158154,-0.69328879,2.336839,-1.4119015,3.73
6,1700,0.850000,18,1.1798669,1.0248422,0.1950748,0.43741395,-0.0103188,-0.01587064,0.018110399,0.49248468,-0.17457353,0.14029557,0.55818357,-0.63716547,-0.53146144,2.1311212,-0.8513766,3.73
6,1700,0.850000,19,1.1798669,1.0194193,0.45692823,0.14951589,-0.036207919,-0.060942011,-0.032597931,-0.01398369,-0.33935035,-0.3270287,0.65165948,0.75723709,-0.043953444,1.6147639,0.86019475,3.73
6,1700,0.850000,20,1.1798669,0.7211753,0.15890625,0.73214121,0.0019130232,-0.0083624676,0.019091183,0.36099669,-0.45926792,-0.12221326,0.36269083,0.93161755,-0.023326222,1.5941247,1.1995367,3.73
6,1700,0.850000,21,1.1798669,0.75668989,0.40312589,1.0359922,0.038300552,-0.014740579,0.036411412,-0.21445498,0.029181655,-0.056770796,-0.4523597,0.88968516,-0.061895163,1.6327311,2.0411804,3.73
6,1700,0.850000,22,1.1798669,1.0788174,0.14019144,1.0576818,-0.060607838,0.11432324,-0.001804601,0.16719261,0.1885756,-0.049184068,-0.59694406,0.38069588,0.70620708,0.78666973,2.5738835,3.73
6,1700,0.850000,23,1.1798669,0.99561487,0.49434566,0.74039988,0.057534644,0.023411297,0.057180762,0.20500188,0.018663352,-0.045387606,0.49508577,-0.75391149,-0.43186519,2.0173561,-0.98973283,3.73
6,1700,0.850000,24,1.1798669,0.71899066,0.74406296,0.17282959,-0.012495715,0.0030975066,-0.01427706,0.096134476,0.44176208,-0.32053335,-0.18630343,-0.50772855,-0.84113183,2.5701689,-1.9224777,3.73
6,1700,0.850000,25,1.1798669,0.8200571,1.0705174,0.46173087,-0.00062278803,-0.021332872,0.026083967,0.10305871,-0.09906633,0.30725461,-0.93892021,0.27044792,0.21280685,1.3563496,2.8611428,3.73
6,1700,0.850000,26,1.1798669,1.0113149,0.71548131,0.46133071,-0.01517893,-0.026692091,-0.0029942976,0.43497224,0.2441307,0.12106602,-0.94788654,0.31008533,0.073199736,1.4975311,2.8254324,3.73
6,1700,0.850000,27,1.1798669,1.0557898,1.0223169,0.10114089,-0.014623816,0.07180854,-0.052354812,0.15557692,-0.10138361,-0.16415841,-0.95095092,-0.23574455,-0.20029192,1.7724522,-2.8985877,3.73
6,1700,0.850000,28,1.1798669,0.69414683,0.77532562,0.73377423,0.0095644936,0.019897333,0.021858744,0.26743418,-0.45163125,-0.011299192,0.54627018,-0.72015255,0.42774898,1.1287954,-0.92184699,3.73
6,1700,0.850000,29,1.1798669,0.71064546,1.0527921,1.0034578,-0.058681417,0.067530895,-0.078919091,-0.23601896,0.093104362,-0.10045969,-0.96089766,0.014426245,-0.27652769,1.8509753,3.1265805,3.73
6,1700,0.850000,30,1.1798669,1.0337687,0.73133103,1.0487839,0.022679382,0.059722928,0.07619469,-0.16546072,-0.25444548,0.20858484,0.8951725,0.019373141,-0.44529864,2.0323041,0.021638418,3.73
6,1700,0.850000,31,1.1798669,1.0421355,1.0289185,0.77771815,0.051083421,0.0095952651,0.0068746344,0.2081972,-0.27897157,-0.077162419,-0.75520454,0.54899694,0.35814586,1.2045151,2.5130066,3.73
7,1800,0.900000,0,1.1690549,0.14822868,0.14276742,0.15329663,-0.030689374,0.065664784,-0.017614577,-0.042056851,0.13688775,-0.052259012,0.39543854,-0.86335703,-0.31343739,1.889607,-1.1412894,3.73
7,1800,0.900000,1,1.1690549,0.16867673,0.46974841,0.43196453,0.021807741,0.026213328,-0.0085847365,-0.11513881,-0.13147673,-0.010273377,-0.99904435,-0.021100428,-0.038277301,1.609083,-3.1204752,3.73
7,1800,0.900000,2,1.1690549,0.44188165,0.14038689,0.42827861,0.0011758419,-0.016184729,0.037903755,-0.49446366,0.032159446,-0.014419044,-0.67790162,0.52776346,0.51177644,1.0335451,2.480084,3.73
7,1800,0.900000,3,1.1690549,0.45801753,0.44270037,0.15085129,0.020644499,0.017778626,0.010614501,-0.23276842,0.27094675,0.012275149,-0.9347628,-0.18279358,-0.30463915,1.8803559,-2.9484788,3.73
7,1800,0.900000,4,1.1690549,0.14484188,0.15812196,0.69939972,0.087669241,-0.081037028,-0.027441851,0.12923101,-0.062882049,0.29696738,-0.11669659,-0.97582483,0.18479125,1.3849369,-1.6898187,3.73
7,1800,0.900000,5,1.1690549,0.16387106,0.41453319,1.0219023,-0.027632372,-0.020217783,5.8521877e-05,-0.055382869,0.23186957,-0.17556018,-0.84688402,-0.29223199,-0.44428361,2.0311708,-2.809319,3.73
7,1800,0.900000,6,1.1690549,0.43183142,0.14232498,1.0331644,-0.010295577,-0.020435019,-0.03447742,-0.35215578,-0.21888219,-0.040813635,0.25532047,0.45889692,-0.85101414,2.5887098,1.063069,3.73
7,1800,0.900000,7,1.1690549,0.43149132,0.41112059,0.7467754,0.010887362,-0.021323358,0.011273445,0.31798554,0.23757247,0.26818106,-0.71058319,0.56705658,-0.41655536,2.0004493,2.4680628,3.73
7,1800,0.900000,8,1.1690549,0.14987546,0.71869477,0.14391332,-0.040947699,0.011821266,-0.022908052,-0.025114388,0.12737594,-0.12773477,-0.14148385,0.9895873,0.026444089,1.5443492,1.7128065,3.73
7,1800,0.900000,9,1.1690549,0.12390891,1.037259,0.44261884,0.064056498,-0.011653796,-0.038916555,0.10815018,0.066786294,-0.42646683,-0.52560514,-0.79685743,-0.29792193,1.8733113,-2.1538889,3.73
7,1800,0.900000,10,1.1690549,0.40667515,0.76341982,0.43243898,-0.0012168911,0.067691236,-0.021593143,0.092745971,0.41957616,0.0079330355,0.4044443,-0.85389196,-0.3275566,1.9045127,-1.1284516,3.73
7,1800,0.900000,11,1.1690549,0.43136437,0.99707788,0.14659647,-0.021093966,0.0155728,0.0068279457,-0.24248034,0.29526174,-0.082075927,0.66380048,0.27270081,0.6964217,0.80039723,0.38979683,3.73
7,1800,0.900000,12,1.1690549,0.1509805,0.70153473,0.74092004,0.027101411,-0.018997689,0.010905385,0.40282092,-0.031098422,0.25892666,-0.04346459,0.95036581,-0.30808385,1.8839746,1.6164991,3.73
7,1800,0.900000,13,1.1690549,0.14225969,0.99138906,0.99882387,-0.11516603,0.0069092538,0.0094658425,0.027651573,0.30587543,0.65577786,0.10605831,0.99427309,0.013139756,1.5576562,1.464529,3.73
7,1800,0.900000,14,1.1690549,0.4338257,0.71027774,1.0203745,-0.044444362,0.0060750589,-0.017042811,-0.16603689,0.042679015,-0.16062417,-0.95400009,0.14409077,-0.26291,1.8368334,2.9916872,3.73
7,1800,0.900000,15,1.1690549,0.40495314,1.035553,0.71413328,0.034029987,-0.17556309,0.0025120948,-0.34120167,-0.40646349,0.074139051,0.31113031,-0.065590654,-0.94810115,2.8180063,-0.20777178,3.73
7,1800,0.900000,16,1.1690549,0.73203142,0.12422006,0.14566648,0.0015625821,-0.036791218,0.0039376517,-0.23651036,0.31488262,-0.10702494,-0.40692673,0.85270302,-0.32757929,1.9045367,2.0160542,3.73
7,1800,0.900000,17,1.1690549,0.69431824,0.46718449,0.45320477,-0.026703752,0.029989418,0.05008982,0.24495724,-0.234568,0.2888442,0.16804354,-0.79233665,-0.58648444,2.1975079,-1.361807,3.73
7,1800,0.900000,18,1.1690549,1.036621,0.18937328,0.44014537,0.01094934,-0.019802638,0.024881355,0.38052988,-0.038935106,0.15904205,0.25557281,-0.6113176,-0.74898153,2.41732,-1.1748111,3.73
7,1800,0.900000,19,1.1690549,1.0078797,0.4361329,0.13648288,-0.038415944,-0.077626945,-0.044314742,-0.043766952,-0.37580908,-0.075836369,0.71176635,0.70218374,0.018073608,1.5527217,0.77862108,3.73
7,1800,0.900000,20,1.1690549,0.73018921,0.13766834,0.71959707,0.017607878,-0.028235671,0.01322924,0.23212635,-0.35322041,-0.10075508,0.56331992,0.80467621,-0.18752831,1.7594415,0.96003152,3.73
7,1800,0.900000,21,1.1690549,0.73793645,0.40281371,1.0240442,0.026426606,-0.011342953,0.033945704,-0.29403632,0.14402651,-0.072849539,-0.28803745,0.95482774,-0.073064416,1.6439259,1.8637793,3.73
7,1800,0.900000,22,1.1690549,1.0676316,0.143867,1.0428781,-0.061913609,0.11930641,-0.0069395972,-0.2252582,0.013634879,-0.14509206,-0.48202334,0.32238694,0.81469023,0.61860152,2.5521006,3.73
7,1800,0.900000,23,1.1690549,1.0008073,0.4848116,0.73447263,0.071916886,0.018384181,0.05804235,0.28639896,-0.18134357,0.059777904,0.56946395,-0.67337013,-0.47146948,2.0617527,-0.86880841,3.73
7,1800,0.900000,24,1.1690549,0.72196342,0.75566983,0.15463365,-0.0028900588,0.021608016,-0.030966042,0.24982051,0.29952733,-0.29119842,-0.28082797,-0.35289785,-0.89252381,2.6737069,-2.2429569,3.73
7,1800,0.900000,25,1.1690549,0.8167761,1.0497942,0.46746225,0.0036306198,-0.032296566,0.036092615,0.06221676,-0.28362023,0.012435957,-0.98430008,0.17501318,-0.022885598,1.5936839,2.9656269,3.73
7,1800,0.900000,26,1.1690549,1.0245345,0.72307232,0.45243001,0.0074121024,-0.01247914,-0.0076890779,0.3998535,0.32108525,-0.24350853,-0.98828574,0.13992923,0.060918803,1.5098398,3.0009398,3.73
7,1800,0.900000,27,1.1690549,1.0507289,1.0100831,0.096199548,-0.0099884234,0.068929771,-0.056387884,-0.076317617,-0.019444109,0.010310033,-0.91901357,-0.14236753,-0.36762148,1.9472464,-2.9879009,3.73
7,1800,0.900000,28,1.1690549,0.69964401,0.75432368,0.72795177,0.021477522,0.0059360494,0.022764601,0.16550305,-0.10219871,0.047941151,0.46179869,-0.62583569,0.62854727,0.89111234,-0.93508996,3.73
7,1800,0.900000,29,1.1690549,0.69847685,1.0412,0.99598103,-0.064363987,0.065577393,-0.077192474,0.052555554,-0.21975896,0.18784357,-0.98914067,0.092676729,-0.11406912,1.6851143,3.0481712,3.73
7,1800,0.900000,30,1.1690549,1.0157009,0.70905334,1.0457639,0.014045104,0.044074969,0.082815981,-0.1878235,-0.37265134,0.025928609,0.73273938,0.17515501,-0.65758173,2.2884007,0.23463834,3.73
7,1800,0.900000,31,1.1690549,1.0345144,1.0030191,0.76038945,0.053021172,-0.0069516058,-0.0033744078,-0.041094708,-0.29267646,-0.25317958,-0.78962386,0.20000259,0.58008027,0.9519691,2.8935214,3.73
8,1900,0.950000,0,1.1587566,0.14616951,0.14882877,0.15290798,-0.031446147,0.073016295,-0.016648555,-0.10224057,0.23029333,0.016030969,0.50913354,-0.81150682,-0.28677467,1.8616547,-1.0104782,3.73
8,1900,0.950000,1,1.1587566,0.1684319,0.45349521,0.42978487,0.023054304,0.014044326,-0.0069519839,0.10013705,-0.24802998,0.059478935,-0.97353256,-0.076282288,-0.21544226,1.787941,-3.0633963,3.73
8,1900,0.950000,2,1.1587566,0.41822639,0.14703379,0.42026102,-0.018674687,-0.0082661261,0.033640022,-0.23503012,0.2776065,-0.11764281,-0.71324755,0.66912119,0.20869779,1.3605531,2.3881045,3.73
8,1900,0.950000,3,1.1587566,0.44353811,0.44871593,0.1489866,0.010153351,0.027738005,0.010076275,-0.14291022,0.095391996,-0.10664893,-0.8910845,-0.014739601,-0.45359802,2.0415948,-3.125053,3.73
8,1900,0.950000,4,1.1587566,0.14498567,0.15760672,0.71478771,0.089095262,-0.080155464,-0.0057970615,-0.031734444,0.028984208,0.48466656,-0.38275646,-0.91907684,0.093783064,1.4768752,-1.9654092,3.73
8,1900,0.950000,5,1.1587566,0.15733859,0.42155728,1.0061142,-0.032743915,-0.0094946164,-0.0067577112,-0.091951304,0.20683221,-0.037695915,-0.64660594,-0.3775995,-0.66281173,2.2953639,-2.6130421,3.73
8,1900,0.950000,6,1.1587566,0.41245148,0.1273711,1.0185015,-0.025940711,-0.034196037,-0.040063869,-0.19906436,-0.16637645,-0.27510525,0.3933145,0.40941659,-0.82321428,2.537846,0.80545461,3.73
8,1900,0.950000,7,1.1587566,0.45074471,0.42429585,0.74496591,0.034044215,-0.0044518797,0.016063518,0.48072524,0.32210941,-0.075222022,-0.63824166,0.67840329,-0.36389086,1.9432381,2.3257009,3.73
8,1900,0.950000,8,1.1587566,0.14760266,0.71295719,0.13273443,-0.041904475,0.012417328,-0.032863251,-0.079163222,-0.046499713,-0.17095762,-0.15686147,0.98759893,-0.0065442283,1.5773406,1.7283117,3.73
8,1900,0.950000,9,1.1587566,0.1280729,1.0343931,0.41529652,0.069335357,-0.0053546352,-0.062443913,0.037430136,0.19547082,-0.45200401,-0.61796734,-0.77507507,0.13181426,1.4385973,-2.2438887,3.73
8,1900,0.950000,10,1.1587566,0.411817,0.76322454,0.42550387,0.0075461444,0.074249965,-0.024732775,0.25189805,-0.12178967,-0.12329428,0.4431876,-0.84911761,-0.28737439,1.8622808,-1.089752,3.73
8,1900,0.950000,11,1.1587566,0.4167978,1.0086674,0.14373363,-0.031908472,0.036036139,0.005249499,-0.11421862,0.41695115,0.033751155,0.54990061,0.49243587,0.67462303,0.83034243,0.73032322,3.73
8,1900,0.950000,12,1.1587566,0.15991688,0.70083244,0.73907848,0.037413409,-0.013495792,0.015611433,-0.021340651,0.2274188,-0.095225015,-0.11708018,0.89686311,-0.42653111,2.0114504,1.7006063,3.73
8,1900,0.950000,13,1.1587566,0.14206805,0.9920062,1.021061,-0.11409979,0.01630112,0.04063958,-0.0098007809,0.032762139,0.52162724,0.52854607,0.84741665,-0.050240097,1.6210576,1.0131219,3.73
8,1900,0.950000,14,1.1587566,0.43191518,0.70965375,1.0052643,-0.042524808,0.011732963,-0.02319172,0.2263451,0.12826854,-0.0085073618,-0.99595185,0.03700993,0.08191568,1.4887888,3.1044494,3.73
8,1900,0.950000,15,1.1587566,0.38783669,1.0157482,0.71702296,0.02042057,-0.18629321,0.011733391,-0.090734425,-0.09746125,0.27699859,0.73097799,-0.0049897111,-0.6823828,2.3218137,-0.0068259697,3.73
8,1900,0.950000,16,1.1587566,0.71563709,0.13223589,0.1409485,-0.008427455,-0.027640654,0.00048758864,-0.15449339,0.012020025,-0.015846442,-0.52676357,0.78488119,-0.32631527,1.9031992,2.1618881,3.73
8,1900,0.950000,17,1.1587566,0.7044718,0.44744623,0.46214963,-0.010361619,0.014297185,0.063084464,0.39995403,-0.30351106,0.23650563,0.20979616,-0.63633689,-0.74233479,2.4073446,-1.2523252,3.73
8,1900,0.950000,18,1.1587566,1.0371648,0.18514846,0.44228695,0.020667703,-0.022370621,0.03092694,0.039110565,-0.10760265,0.058153456,-0.021514315,-0.67849489,-0.73429001,2.3954165,-1.6024946,3.73
8,1900,0.950000,19,1.1587566,1.0006134,0.41530679,0.13924618,-0.036796606,-0.094686619,-0.040331539,0.10958222,-0.28179169,0.23242036,0.76077957,0.64855024,0.0244343,1.5463596,0.70593274,3.73
8,1900,0.950000,20,1.1587566,0.72981522,0.12316618,0.71360709,0.023693069,-0.041584155,0.013579768,0.015779017,-0.21326418,0.13416303,0.66328779,0.74831445,-0.0086478346,1.5794443,0.84555962,3.73
8,1900,0.950000,21,1.1587566,0.71758963,0.40181763,1.011921,0.012518759,-0.0087792967,0.030829523,-0.22876506,-0.082895247,-0.10091985,-0.20067454,0.97938719,0.023031662,1.5477626,1.7728971,3.73
8,1900,0.950000,22,1.1587566,1.0409089,0.14089741,1.0214111,-0.079308387,0.11759659,-0.019274383,-0.45424581,-0.095997031,-0.33590954,-0.77828439,0.031300469,0.62713131,0.89293153,3.1013971,3.73
8,1900,0.950000,23,1.1587566,1.0063901,0.46769291,0.7273142,0.086379789,0.0054791154,0.057350851,0.2541107,-0.29211391,-0.078573386,0.68506825,-0.41107881,-0.60141143,2.2160629,-0.54046013,3.73
8,1900,0.950000,24,1.1587566,0.72428672,0.76396769,0.14448281,0.0058316187,0.036629048,-0.039793765,0.061466882,0.26793803,-0.031746198,-0.3208027,-0.34717835,-0.88122235,2.6492382,-2.3167294,3.73
8,1900,0.950000,25,1.1587566,0.80800817,1.0293502,0.45135055,0.0020507069,-0.043542608,0.024045508,-0.23193102,-0.13791523,-0.46785182,-0.98379056,-0.097366671,-0.15058505,1.7219564,-3.042943,3.73
8,1900,0.950000,26,1.1587566,1.0290758,0.72715089,0.43308641,0.021038889,-0.0019845775,-0.023115452,0.20515742,0.037112966,-0.33520098,-0.94318115,0.20070381,0.2648156,1.3027836,2.9319255,3.73
8,1900,0.950000,27,1.1587566,1.0254527,1.0060346,0.10598488,-0.026079834,0.073800676,-0.045707875,-0.52892448,0.194307,0.46597669,-0.96130894,-0.077981147,-0.26420459,1.8381754,-3.0606501,3.73
8,1900,0.950000,28,1.1587566,0.69871688,0.74630737,0.72536129,0.026736846,0.0045585083,0.02660366,0.11170737,0.029522085,0.053579295,0.14000466,-0.83627303,0.53013783,1.0120332,-1.4049196,3.73
8,1900,0.950000,29,1.1587566,0.70168222,1.015781,1.0022864,-0.054964125,0.049258154,-0.062046416,0.28828876,-0.34493203,0.36067491,-0.97525441,0.12064897,-0.18526376,1.7571366,3.0185078,3.73
8,1900,0.950000,30,1.1587566,1.0018964,0.69128196,1.0350587,0.0091663804,0.032498445,0.081316344,-0.0060762861,-0.076677774,-0.082953578,0.6999932,0.20466713,-0.6841936,2.3242937,0.28445549,3.73
8,1900,0.950000,31,1.1587566,1.0282232,0.98433047,0.745552,0.055855538,-0.016848344,-0.011549728,0.11815091,-0.13862216,-0.056592275,-0.96845308,0.11505898,0.22104312,1.3479124,3.02334,3.73
9,2000,1.000000,0,1.1663299,0.13818366,0.16781836,0.15077021,-0.040358288,0.09097469,-0.019775508,-0.17587865,0.43773434,-0.20277217,0.20230687,-0.85255767,-0.48188935,2.073606,-1.3378115,3.73
9,2000,1.000000,1,1.1663299,0.17385937,0.45411786,0.43407637,0.027366909,0.011710658,-0.0054742487,0.11198638,0.14713736,0.020492344,-0.81602191,-0.0074672608,-0.57797274,2.1870386,-3.1324421,3.73
9,2000,1.000000,2,1.1663299,0.42116551,0.15617962,0.42297444,-0.018469648,-0.00010783856,0.033606839,0.20084497,0.070510435,0.098671205,-0.76822638,0.57476871,0.28190274,1.2850196,2.4992598,3.73
9,2000,1.000000,3,1.1663299,0.44457458,0.45067321,0.14313474,0.0082970258,0.026765765,0.0032728453,0.058177231,-0.11409963,-0.1074984,-0.93186646,0.056621979,-0.35835577,1.9373024,3.0809054,3.73
9,2000,1.000000,4,1.1663299,0.14346412,0.15196172,0.73592446,0.086634142,-0.086808874,0.01061457,-0.038318021,-0.25797251,0.19385767,-0.72119744,-0.68175281,-0.12283065,1.693938,-2.3843026,3.73
9,2000,1.000000,5,1.1663299,0.15486295,0.42695186,1.0150926,-0.036236497,-0.0068637912,-0.0043627781,-0.020002267,-0.0031789915,0.039481931,-0.5194865,-0.35628329,-0.77665694,2.4601376,-2.5404351,3.73
9,2000,1.000000,6,1.1663299,0.41258785,0.12831808,1.0101685,-0.028491698,-0.034081885,-0.055004835,0.096718736,0.16374827,-0.25640174,0.33259882,0.47967623,-0.81196597,2.5183087,0.96452586,3.73
9,2000,1.000000,7,1.1663299,0.46870336,0.43783732,0.7437325,0.049008183,0.006281549,0.0099810235,0.031776063,0.1814049,-0.20966152,-0.55440127,0.53569693,-0.63692073,2.2612937,2.3733512,3.73
9,2000,1.000000,8,1.1663299,0.14250332,0.71933268,0.13827668,-0.04794882,0.014127555,-0.028203697,-0.2047591,0.11232693,0.32422383,-0.15891577,0.9786499,0.13034628,1.4400781,1.7317739,3.73
9,2000,1.000000,9,1.1663299,0.1290504,1.0496743,0.40708488,0.069475352,0.0031384564,-0.07333434,0.012215034,0.13196412,0.080675953,-0.50371397,-0.75072884,0.42740899,1.1291715,-2.1617699,3.73
9,2000,1.000000,10,1.1663299,0.43133942,0.75763501,0.42125828,0.024322392,0.063706555,-0.03173653,0.40763636,-0.27781865,-0.077098283,0.4909221,-0.82775163,-0.27170338,1.8459589,-1.0354813,3.73
9,2000,1.000000,11,1.1663299,0.42018264,1.0284475,0.14492763,-0.031249853,0.049181018,0.0055032621,0.18368611,0.085992646,-0.035664535,0.10705748,0.64517016,0.75650126,0.71284971,1.4063579,3.73
9,2000,1.000000,12,1.1663299,0.15566842,0.71773963,0.73187247,0.032136956,-0.0012090683,0.0036140861,-0.1046492,0.10515024,-0.28281432,-0.098512435,0.84205028,-0.53032691,2.1297824,1.6872581,3.73
9,2000,1.000000,13,1.1663299,0.13757968,0.99660311,1.0434718,-0.11949909,0.014420685,0.056325869,-0.18382292,-0.12763322,0.094671936,0.46470134,0.88478779,0.034687626,1.5361017,1.087183,3.73
9,2000,1.000000,14,1.1663299,0.44729754,0.72414237,1.0146568,-0.030006099,0.021551504,-0.020378462,0.19622632,0.19842482,0.044132282,-0.93903045,0.057075233,0.33906375,1.2248748,3.0808863,3.73
9,2000,1.000000,15,1.1663299,0.39451693,1.0242925,0.73240558,0.024552562,-0.18439371,0.022395018,0.16912534,0.081665858,0.10773052,0.872478,0.21279685,-0.43988593,2.026268,0.23922871,3.73
9,2000,1.000000,16,1.1663299,0.70959617,0.13103437,0.14113017,-0.019110785,-0.029699718,-0.00024954501,-0.30329851,-0.093620558,-0.078942693,-0.53513172,0.81577347,-0.21942581,1.7920222,2.1513645,3.73
9,2000,1.000000,17,1.1663299,0.73103369,0.43518519,0.47026101,0.011524753,-0.00083894249,0.068158834,0.43560999,-0.26261082,-0.099879618,0.089078267,-0.56368848,-0.82117011,2.5342547,-1.4140649,3.73
9,2000,1.000000,18,1.1663299,1.0432829,0.17427733,0.44153305,0.020009367,-0.034412604,0.027294202,-0.046605091,-0.31863933,-0.11576981,-0.068495639,-0.73645151,-0.67301376,2.3090723,-1.6635372,3.73
9,2000,1.000000,19,1.1663299,1.0100584,0.40855013,0.15063246,-0.033900747,-0.10412686,-0.029889348,-0.060458146,-0.041661742,0.10974596,0.83292049,0.41228483,-0.36914047,1.9488803,0.45962919,3.73
9,2000,1.000000,20,1.1663299,0.7315298,0.11217604,0.72865961,0.020647695,-0.05334098,0.023934618,-0.12635819,-0.18352694,0.2272438,0.35217883,0.92576706,0.13756967,1.432789,1.2072838,3.73
9,2000,1.000000,21,1.1663299,0.71465988,0.39758621,1.0226059,0.0049237788,-0.015614616,0.034887605,0.032930356,-0.17526853,0.31633552,0.10267566,0.99458241,-0.016233853,1.5870309,1.4679258,3.73
9,2000,1.000000,22,1.1663299,1.0209296,0.13941978,1.0112821,-0.10600387,0.11520589,-0.03602449,-0.56485983,-0.052216409,-0.23045329,-0.86108844,-0.1964983,0.46895108,1.0826935,-2.9172368,3.73
9,2000,1.000000,23,1.1663299,1.0250607,0.4598977,0.72772691,0.098433664,-0.0053375689,0.053024126,0.2008307,-0.10155951,-0.019942983,0.76395501,-0.25095522,-0.5944697,2.2074023,-0.31738953,3.73
9,2000,1.000000,24,1.1663299,0.72299076,0.77543418,0.15108163,-0.00017849671,0.043081441,-0.034157599,-0.24098028,-0.11896804,0.23428076,-0.1356916,-0.38721121,-0.91195135,2.7188115,-1.9078569,3.73
9,2000,1.000000,25,1.1663299,0.79544727,1.0333533,0.42889203,-0.015733183,-0.046258196,-0.0012804193,-0.53333277,0.028206524,-0.37241221,-0.97062341,-0.20530322,-0.12546228,1.6965901,-2.9331481,3.73
9,2000,1.000000,26,1.1663299,1.0427854,0.73161959,0.42049627,0.028000091,-0.0022674103,-0.038486056,0.03798899,-0.06985519,-0.23947532,-0.96737654,0.2416522,0.076071351,1.4946514,2.8968007,3.73
9,2000,1.000000,27,1.1663299,1.012579,1.02411,0.13879833,-0.045592112,0.085263554,-0.013691405,-0.13927293,0.27883034,0.63394319,-0.92482878,-0.15620679,-0.34683018,1.9249857,-2.9742684,3.73
9,2000,1.000000,28,1.1663299,0.71458748,0.75634453,0.72626388,0.03800413,0.0097012618,0.022777953,0.39981204,0.092618865,-0.24580719,-0.14542695,-0.96637771,0.21204982,1.3571243,-1.7201622,3.73
9,2000,1.000000,29,1.1663299,0.72250776,1.0087916,1.0237039,-0.03877731,0.035674153,-0.04722794,0.25646693,-0.16364062,0.15804838,-0.95053696,0.015571965,-0.31022088,1.8862217,3.1252118,3.73
9,2000,1.000000,30,1.1663299,1.0083451,0.69788396,1.0370853,0.0090672358,0.034575655,0.076593445,0.03602073,0.13180778,-0.0846435,0.80970522,0.46243138,-0.36129584,1.9404536,0.51890652,3.73
9,2000,1.000000,31,1.1663299,1.0380382,0.98820561,0.74934672,0.058940258,-0.019398206,-0.012624226,-0.071641856,0.086366005,-0.052026882,-0.96645524,0.24109047,0.08854185,1.4821384,2.8971237,3.73
10,2100,1.050000,0,1.1661902,0.13263786,0.1897631,0.13841106,-0.04588787,0.11294084,-0.032117336,0.00776053,0.35340706,-0.29473562,-0.46120829,-0.6130178,-0.64147961,2.2672218,-2.2158043,3.73
10,2100,1.050000,1,1.1661902,0.17917376,0.46532432,0.43680038,0.032702436,0.022972184,-0.0026980821,0.091243896,0.19960926,0.06120094,-0.62003836,0.11280831,-0.77641916,2.4597602,2.9616235,3.73
10,2100,1.050000,2,1.1661902,0.43287975,0.1591859,0.4348139,-0.0067042546,0.0029173296,0.045497683,0.22691328,0.064880697,0.34283262,-0.84839356,0.18367738,0.49647859,1.051259,2.928383,3.73
10,2100,1.050000,3,1.1661902,0.44819329,0.44682607,0.13799008,0.011969203,0.022972379,-0.0018549782,0.063911006,-0.06468774,-0.07615947,-0.84422725,-0.31629637,-0.43270886,2.0182917,-2.783122,3.73
10,2100,1.050000,4,1.1661902,0.14141305,0.13355171,0.7387431,0.084600134,-0.10520178,0.013521535,-0.059082221,-0.41140472,-0.085203319,-0.84134978,-0.52431963,-0.13122297,1.7023988,-2.584297,3.73
10,2100,1.050000,5,1.1661902,0.15385985,0.42775511,1.0125125,-0.037221112,-0.0060093441,-0.0068215037,-0.021652031,0.066034567,-0.169219,-0.50064065,-0.19079279,-0.84436784,2.5761805,-2.7774872,3.73
10,2100,1.050000,6,1.1661902,0.41879277,0.14029647,1.0043834,-0.022236985,-0.02208741,-0.060669241,0.10773704,0.28081486,0.081348223,0.27390826,0.66161598,-0.69802476,2.3434317,1.1782805,3.73
10,2100,1.050000,7,1.1661902,0.45882085,0.44595739,0.73379097,0.039181227,0.014454548,0.00012798968,-0.27833864,0.12145102,-0.14952625,-0.63381979,0.41393894,-0.65339654,2.2828589,2.563051,3.73
10,2100,1.050000,8,1.1661902,0.13463072,0.72471225,0.15790431,-0.055804822,0.01959362,-0.0085583291,-0.061484184,0.14160439,0.36416388,-0.13686874,0.9751513,0.1742036,1.3956994,1.7102418,3.73
10,2100,1.050000,9,1.1661902,0.13469953,1.0535741,0.42569382,0.075140283,0.0071641628,-0.054675528,0.2564329,0.010363136,0.56937251,-0.48982358,-0.7120694,0.5030209,1.0437058,-2.1733467,3.73
10,2100,1.050000,10,1.1661902,0.4471506,0.74233553,0.42026748,0.040186188,0.048496917,-0.032676932,0.17161459,-0.25641736,0.073017364,0.48937604,-0.71248892,-0.50286243,2.0977035,-0.96894761,3.73
10,2100,1.050000,11,1.1661902,0.43079479,1.0258178,0.14156856,-0.020586739,0.04667437,0.0021613517,0.12147932,-0.18372217,-0.081046774,-0.21592239,0.67630639,0.70426358,0.78941101,1.8798343,3.73
10,2100,1.050000,12,1.1661902,0.15361327,0.71660462,0.72048492,0.030100332,-0.0022581797,-0.0076864762,-0.014040435,-0.056708364,-0.090866415,-0.03645831,0.81047867,-0.58463246,2.1952233,1.6157497,3.73
10,2100,1.050000,13,1.1661902,0.13095554,0.99281642,1.038999,-0.12610714,0.010753145,0.051977792,-0.013423042,0.046270806,-0.27575234,0.33340496,0.89784515,-0.28760254,1.862519,1.2152391,3.73
10,2100,1.050000,14,1.1661902,0.45276604,0.72699571,1.0151061,-0.024483692,0.024491753,-0.01980758,0.012357546,-0.049708394,0.010273025,-0.98719495,0.15939597,-0.0062499261,1.5770463,2.9815107,3.73
10,2100,1.050000,15,1.1661902,0.40495307,1.0293078,0.73238703,0.035036578,-0.17925543,0.022464206,0.25051138,-0.001840906,-0.064312241,0.79940532,0.17441985,-0.57491639,2.1832983,0.21482035,3.73
10,2100,1.050000,16,1.1661902,0.69539412,0.12625601,0.14003228,-0.033228683,-0.034462676,-0.0013305935,-0.25267845,-0.1281821,-0.00043456045,-0.63788633,0.75944402,-0.12785074,1.698998,2.2694201,3.73
10,2100,1.050000,17,1.1661902,0.74866253,0.42114985,0.45744023,0.029242211,-0.014822987,0.055393619,0.28222496,-0.21011162,-0.27971066,0.14835775,-0.68961591,-0.70881583,2.3586144,-1.358895,3.73
10,2100,1.050000,18,1.1661902,1.0393524,0.15822522,0.43828158,0.016203651,-0.050444806,0.024095432,-0.11204418,-0.31756305,0.029240822,-0.236668,-0.52907123,-0.81490606,2.5233634,-1.9914254,3.73
10,2100,1.050000,19,1.1661902,1.0026051,0.41387603,0.14968981,-0.041233569,-0.098751701,-0.030814008,-0.16103243,0.23275014,-0.17869926,0.57008228,0.026438655,-0.8211621,2.5342407,0.046343704,3.73
10,2100,1.050000,20,1.1661902,0.72635244,0.10756745,0.736937,0.015557656,-0.057936409,0.032299788,-0.11793571,0.042683856,0.13857508,-0.0074337788,0.97148094,-0.2370011,1.8100742,1.5784482,3.73
10,2100,1.050000,21,1.1661902,0.72252004,0.39268189,1.0356394,0.012870017,-0.020471607,0.048044349,0.22650356,0.045100859,0.11250733,0.17847457,0.96905071,-0.17055073,1.7421849,1.3886627,3.73
10,2100,1.050000,22,1.1661902,0.99565144,0.13383021,1.0049014,-0.13116126,0.10963268,-0.042284433,-0.35855889,-0.18076431,-0.036807105,-0.93320898,-0.26358635,0.24421964,1.3240814,-2.8663121,3.73
10,2100,1.050000,23,1.1661902,1.0290083,0.45614599,0.72650282,0.10250423,-0.0090344187,0.05188714,-0.027571763,-0.067103363,-0.07075966,0.72168698,-0.067606784,-0.68891017,2.3307808,-0.09340622,3.73
10,2100,1.050000,24,1.1661902,0.70895495,0.75795486,0.16029416,-0.014128546,0.025693959,-0.02492642,-0.18381504,-0.46378319,0.088263125,-0.012444298,-0.31128431,-0.95023535,2.8247868,-1.6107523,3.73
10,2100,1.050000,25,1.1661902,0.76133967,1.0370278,0.42640062,-0.049747546,-0.042459749,-0.0037206024,-0.78383718,0.063528069,0.16719581,-0.98193456,0.13864776,-0.12876846,1.6999233,3.0013214,3.73
10,2100,1.050000,26,1.1661902,1.0418648,0.7256978,0.41658471,0.027204279,-0.0081019194,-0.042347484,-0.10545854,-0.061523168,0.15879192,-0.96270826,0.10990335,-0.24721257,1.8205988,3.0279241,3.73
10,2100,1.050000,27,1.1661902,1.0177361,1.0394231,0.1594484,-0.040313428,0.10070031,0.0069765316,0.27109516,0.29986398,0.10377511,-0.96136378,-0.11715461,-0.24910737,1.8225548,-3.0203276,3.73
10,2100,1.050000,28,1.1661902,0.73404974,0.76024736,0.71206807,0.057553145,0.013694919,0.0086682897,0.2748552,0.032858345,-0.27852056,-0.029394163,-0.97189448,0.23357463,1.3350439,-1.6010313,3.73
10,2100,1.050000,29,1.1661902,0.7329044,1.0083863,1.0277116,-0.028293498,0.035389643,-0.043097373,0.15117112,0.046215284,0.068535002,-0.97849455,-0.12384241,-0.16495904,1.7365128,-3.0156978,3.73
10,2100,1.050000,30,1.1661902,1.0123411,0.70642407,1.033116,0.013184291,0.043199876,0.072748136,-0.006740401,0.096134701,0.006126573,0.76334001,0.58864471,-0.26610042,1.8401417,0.65689622,3.73
10,2100,1.050000,31,1.1661902,1.0325558,0.99760939,0.74217211,0.053581909,-0.0098754899,-0.019709511,-0.030584915,0.302729,-0.2436148,-0.93799864,0.035511322,0.34481517,1.2187545,3.1037521,3.73
11,2200,1.100000,0,1.1608801,0.13445929,0.19137085,0.12884398,-0.043456935,0.11541832,-0.041074613,0.038029898,-0.17648927,-0.03238642,-0.74061763,-0.35700338,-0.56923994,2.1763774,-2.6924203,3.73
11,2200,1.100000,1,1.1608801,0.17780519,0.4632542,0.43310315,0.032148456,0.023020991,-0.0044102861,-0.17388851,-0.22535548,-0.1753457,-0.556146,0.18565626,-0.81008233,2.5150888,2.8193983,3.73
11,2200,1.100000,2,1.1608801,0.44040257,0.16174643,0.45377784,0.0028113539,0.0062102156,0.066489403,0.19221483,0.057301845,0.46324285,-0.98765634,-0.018645989,0.15552262,1.4146398,-3.1227159,3.73
11,2200,1.100000,3,1.1608801,0.44663096,0.44476036,0.13731402,0.01244878,0.022941181,-0.0019028168,-0.059093807,-0.0057700442,0.02785821,-0.70989956,-0.38198503,-0.59171789,2.2039845,-2.6479446,3.73
11,2200,1.100000,4,1.1608801,0.1373715,0.12604431,0.73108746,0.081194723,-0.11211684,0.0092198815,-0.020796375,0.23752738,-0.020359504,-0.92597743,-0.37418083,-0.050542085,1.62136,-2.757563,3.73
11,2200,1.100000,5,1.1608801,0.1514054,0.43014761,0.99358941,-0.038978987,-0.0016591713,-0.0211669,-0.053865028,0.076022914,-0.36188881,-0.59304231,0.042789402,-0.80403351,2.5048445,3.0695651,3.73
11,2200,1.100000,6,1.1608801,0.42066253,0.14809468,1.0072124,-0.018451658,-0.013631081,-0.05324994,0.021664571,0.032213702,0.18522913,0.21480338,0.65607404,-0.72348211,2.3796294,1.2543887,3.73
11,2200,1.100000,7,1.1608801,0.45111677,0.44797548,0.72698459,0.033553508,0.018512526,-0.0033450652,0.073692179,0.081649318,0.027625095,-0.70864749,0.54172792,-0.45205043,2.039859,2.4889054,3.73
11,2200,1.100000,8,1.1608801,0.13322305,0.73458561,0.16507626,-0.056601276,0.032797019,-0.00064932336,0.01512852,0.31102866,-0.050682599,-0.012790669,0.99184953,0.12677111,1.4436832,1.5836914,3.73
11,2200,1.100000,9,1.1608801,0.15255041,1.0471474,0.44971909,0.093646737,0.0055310826,-0.028652515,0.42763466,-0.14313422,0.3165697,-0.80306605,-0.49240147,0.33559753,1.2285569,-2.5915587,3.73
11,2200,1.100000,10,1.1608801,0.44655736,0.72802175,0.43064464,0.04163231,0.037538291,-0.020358006,-0.077635161,-0.14137833,0.31954073,0.45384308,-0.64510434,-0.61470875,2.232813,-0.9577126,3.73
11,2200,1.100000,11,1.1608801,0.42438502,1.0105193,0.13639236,-0.025045094,0.036022517,-0.0023805841,-0.32711943,-0.26012221,-0.033031925,-0.51973538,0.72321615,0.45478956,1.0986604,2.1939262,3.73
11,2200,1.100000,12,1.1608801,0.15305117,0.71350957,0.72155384,0.030238016,-0.0020898461,-0.0033269425,0.048549575,0.119433,0.1458156,0.0017446058,0.64198786,-0.76671282,2.4445014,1.5680788,3.73
11,2200,1.100000,13,1.1608801,0.13471309,0.99439133,1.0161172,-0.12174334,0.016862694,0.033785509,0.15620791,0.19066859,-0.34370173,0.38076134,0.71226147,-0.58966465,2.2014399,1.0798683,3.73
11,2200,1.100000,14,1.1608801,0.44851067,0.71713859,1.0060556,-0.026682449,0.017929973,-0.024246033,-0.083718675,-0.19621356,-0.17160511,-0.92769313,0.29519597,-0.22857119,1.8014061,2.8335194,3.73
11,2200,1.100000,15,1.1608801,0.41623052,1.0161191,0.72790036,0.048187962,-0.18777673,0.021309761,0.27899251,-0.34391785,0.072012233,0.75989563,0.020135468,-0.64973318,2.2780297,0.026491477,3.73
11,2200,1.100000,16,1.1608801,0.6876937,0.12036733,0.14087603,-0.037773055,-0.039788606,0.00015416715,0.031736209,0.03276728,0.031256517,-0.88475292,0.418135,-0.20585284,1.7781315,2.7001036,3.73
11,2200,1.100000,17,1.1608801,0.75432557,0.41755898,0.44240919,0.038334971,-0.01650002,0.042415877,0.0058842046,0.13024599,-0.22974004,0.088336463,-0.75033989,-0.65512344,2.2851423,-1.4536072,3.73
11,2200,1.100000,18,1.1608801,1.0297383,0.14579221,0.44206728,0.011310943,-0.062184131,0.02989003,-0.13290771,-0.18221126,0.15701447,-0.30249467,-0.44960387,-0.84044829,2.5689063,-2.1630349,3.73
11,2200,1.100000,19,1.1608801,0.99124077,0.4283108,0.13460139,-0.048048149,-0.082395064,-0.04525378,-0.047875999,0.33462076,-0.29602704,0.20417159,0.045992817,-0.97785409,2.9307461,0.22156714,3.73
11,2200,1.100000,20,1.1608801,0.71524143,0.11629261,0.73545673,0.0077361766,-0.048700377,0.034179388,-0.16795031,0.38317937,-0.022930131,0.080630672,0.77257484,-0.62978314,2.2520703,1.4668066,3.73
11,2200,1.100000,21,1.1608801,0.72779111,0.40587943,1.0279949,0.021450605,-0.0054517534,0.045108813,0.025275745,0.45843179,-0.13454585,0.030084637,0.87534591,-0.4825603,2.0743719,1.536441,3.73
11,2200,1.100000,22,1.1608801,0.98801624,0.12786962,1.0037514,-0.13426994,0.10426924,-0.038850871,0.27097901,-0.050021078,0.15001889,-0.97100584,-0.20496346,-0.12303513,1.694144,-2.9335628,3.73
11,2200,1.100000,23,1.1608801,1.0210714,0.44620931,0.71801621,0.099245422,-0.016912055,0.046696749,-0.090462832,-0.22844174,-0.076334009,0.4785524,0.071086881,-0.8751767,2.6365973,0.14746731,3.73
11,2200,1.100000,24,1.1608801,0.7135125,0.73212727,0.15444161,-0.0063250234,0.0032664704,-0.030060803,0.43651264,-0.41802366,-0.21532686,-0.58546353,-0.31056018,-0.74885567,2.41713,-2.6538814,3.73
11,2200,1.100000,25,1.1608801,0.7248834,1.0353088,0.4353501,-0.082812572,-0.039449808,0.0071953665,-0.50910459,0.073147434,0.15409751,-0.9912636,0.047854183,-0.12290833,1.6940162,3.0933542,3.73
11,2200,1.100000,26,1.1608801,1.0215169,0.71999665,0.43044735,0.0115648,-0.010504149,-0.026551916,-0.37434231,0.024557434,0.40492903,-0.82323647,-0.16545647,-0.54305236,2.1448642,-2.9432522,3.73
11,2200,1.100000,27,1.1608801,1.0268329,1.0446828,0.15551098,-0.026550998,0.11071572,0.0037577993,0.25831743,0.0026655432,-0.14966093,-0.94030254,-0.28797003,-0.18139568,1.7532018,-2.8444095,3.73
11,2200,1.100000,28,1.1608801,0.73534049,0.75383858,0.70026005,0.062196931,0.010741127,8.3012593e-05,-0.035354844,-0.17431649,-0.058335282,0.31115218,-0.93765225,0.15489537,1.4152748,-1.2503888,3.73
11,2200,1.100000,29,1.1608801,0.73314597,0.99900281,1.029782,-0.024706528,0.030586775,-0.03633192,0.05204584,-0.22985651,0.10479527,-0.98761567,0.15684889,0.0037036193,1.5670927,2.9840923,3.73
11,2200,1.100000,30,1.1608801,1.0055163,0.70335448,1.0297151,0.010964007,0.043347265,0.074054385,-0.038856623,0.05267292,-0.0069607612,0.72197471,0.50113742,-0.47708889,2.0681357,0.60676906,3.73
11,2200,1.100000,31,1.1608801,1.0265988,1.0069106,0.72593546,0.052323687,0.0039999488,-0.032596142,-0.16177035,0.19551654,-0.1949502,-0.93442798,-0.16803261,0.31402132,1.2513707,-2.9636702,3.73
12,2300,1.150000,0,1.1585632,0.13956874,0.17476601,0.13175484,-0.038073753,0.099179194,-0.037903443,0.21597508,-0.4677246,0.17506071,-0.6421413,-0.09162917,-0.76109043,2.4357889,-2.9998563,3.73
12,2300,1.150000,1,1.1585632,0.16247892,0.44733952,0.42148482,0.017162078,0.0080158834,-0.015174986,-0.41000808,-0.30128738,-0.20273266,-0.42131292,-0.033690027,-0.90628936,2.7052167,-3.0617981,3.73
12,2300,1.150000,2,1.1585632,0.44669074,0.16639413,0.47058563,0.0099856415,0.011185697,0.08422055,0.086184983,0.097507533,0.12825525,-0.92402465,0.36911086,-0.099677575,1.6706397,2.7615519,3.73
12,2300,1.150000,3,1.1585632,0.43780003,0.44345979,0.141528,0.0045012945,0.022527853,0.0025896934,-0.22626268,-0.015143586,0.12921301,-0.61205522,-0.014715412,-0.7906781,2.4827121,-3.1175547,3.73
12,2300,1.150000,4,1.1585632,0.13925053,0.15189457,0.72936047,0.083350068,-0.085988928,0.0089517248,0.068806069,0.61521832,0.019877112,-0.95251802,-0.29541783,-0.073740915,1.6446042,-2.8408555,3.73
12,2300,1.150000,5,1.1585632,0.14783351,0.42805261,0.97958023,-0.042251972,-0.0028969227,-0.033205111,-0.085055578,-0.099459843,-0.030763803,-0.77469748,-0.011909064,-0.63221989,2.2552114,-3.1262213,3.73
12,2300,1.150000,6,1.1585632,0.41761597,0.14474467,1.0158537,-0.020660862,-0.01668858,-0.042587829,-0.094245143,-0.13117715,0.17489104,-0.063958264,0.34232182,-0.93740339,2.7858939,1.7555034,3.73
12,2300,1.150000,7,1.1585632,0.46135896,0.45072699,0.72693434,0.044707178,0.022161747,-0.0019430002,0.25793042,0.068797825,-0.02460844,-0.77013256,0.54638711,-0.32917618,1.9062273,2.5245382,3.73
12,2300,1.150000,8,1.1585632,0.13288464,0.75057577,0.15333875,-0.056673875,0.050270718,-0.01206878,-0.10144982,0.20953576,-0.21940492,-0.022617233,0.99837755,-0.052256308,1.6230764,1.5934464,3.73
12,2300,1.150000,9,1.1585632,0.17073805,1.0363133,0.45164473,0.11215732,-0.0032218654,-0.025826508,0.30492496,-0.15162685,-0.14869074,-0.99393963,-0.029150817,0.10599167,1.4646052,-3.1122725,3.73
12,2300,1.150000,10,1.1585632,0.44172535,0.71911104,0.44363622,0.037687594,0.030073096,-0.0064930965,-0.13284334,-0.1134391,0.18343291,0.51870959,-0.72539137,-0.45249058,2.0403525,-0.95002407,3.73
12,2300,1.150000,11,1.1585632,0.40561479,0.99693435,0.13562665,-0.042986258,0.024442823,-0.0028745784,-0.22413906,-0.12201429,0.012626927,-0.78335179,0.62156197,-0.0045494553,1.5753458,2.4708494,3.73
12,2300,1.150000,12,1.1585632,0.15072245,0.72442542,0.72592852,0.028212732,0.01026236,0.0024936169,-0.086367121,0.29692356,0.076757106,0.033984013,0.4146671,-0.90933838,2.7124874,1.4890241,3.73
12,2300,1.150000,13,1.1585632,0.13989879,1.0046197,1.0045659,-0.11628332,0.029087917,0.024252619,0.05913321,0.34113425,-0.069298037,0.36424573,0.66545882,-0.65152867,2.2803941,1.069982,3.73
12,2300,1.150000,14,1.1585632,0.43960158,0.70432803,0.99878197,-0.03470442,0.0065392905,-0.029517043,-0.19148336,-0.19309886,-0.010971835,-0.86859472,0.49546261,-0.0077473629,1.5785438,2.6232082,3.73
12,2300,1.150000,15,1.1585632,0.4316249,0.99709543,0.73543353,0.064429275,-0.2047894,0.030304652,0.35688332,-0.24246725,0.26569319,0.71708918,0.10720213,-0.68868774,2.330474,0.14839722,3.73
12,2300,1.150000,16,1.1585632,0.69543875,0.12643275,0.14239603,-0.028646397,-0.033476654,0.0019571237,0.29818287,0.16679497,0.11780334,-0.93653489,0.099383542,-0.33619236,1.9136673,3.03587,3.73
12,2300,1.150000,17,1.1585632,0.74438254,0.42899861,0.43084641,0.029888978,-0.0042147563,0.031725378,-0.33193091,0.28510046,-0.27352133,-0.2739733,-0.62505278,-0.73092247,2.390469,-1.983895,3.73
12,2300,1.150000,18,1.1585632,1.0188623,0.13786376,0.44528521,0.0024812254,-0.069829252,0.033994331,-0.2778224,-0.062212652,-0.048629449,-0.34346442,-0.52462577,-0.77897368,2.4638238,-2.1504577,3.73
12,2300,1.150000,19,1.1585632,0.99734439,0.43494463,0.13081511,-0.03995814,-0.074898926,-0.048774949,0.30845545,-0.041479701,0.18341218,-0.26653063,0.16509276,-0.94958191,2.822696,2.5870204,3.73
12,2300,1.150000,20,1.1585632,0.71068664,0.13836567,0.73637891,0.0046057305,-0.026372913,0.036571774,0.051250843,0.43681162,0.18025609,0.17962411,0.62010348,-0.76367981,2.4397903,1.2888452,3.73
12,2300,1.150000,21,1.1585632,0.71949238,0.42324974,1.0148073,0.014597541,0.012746792,0.033961778,-0.18623967,0.22847516,-0.25114101,-0.073375994,0.64333889,-0.76205711,2.4372805,1.6843606,3.73
12,2300,1.150000,22,1.1585632,1.0058733,0.12430638,1.0113937,-0.11442113,0.10095789,-0.029195694,0.39159914,-0.030351699,0.19413705,-0.97248889,-0.18232943,-0.1449874,1.7162966,-2.9562569,3.73
12,2300,1.150000,23,1.1585632,1.0163372,0.43511823,0.71408914,0.096546408,-0.027122797,0.044200197,-0.030386212,-0.14372218,-0.079898835,0.23983617,0.014748522,-0.97070134,2.8989289,0.061416816,3.73
12,2300,1.150000,24,1.1585632,0.73813782,0.71686768,0.14337655,0.019750367,-0.010545738,-0.040828381,0.51723965,-0.17894238,-0.22513045,-0.77172694,-0.29836247,-0.5616203,2.1671391,-2.7726766,3.73
12,2300,1.150000,25,1.1585632,0.71173094,1.0348434,0.43581561,-0.094530016,-0.037847365,0.0085310778,-0.0398637,-0.090488379,-0.087849903,-0.8635682,-0.44017572,-0.24595794,1.8193042,-2.6702014,3.73
12,2300,1.150000,26,1.1585632,1.005985,0.72220703,0.4486466,-0.0019418941,-0.0068531606,-0.0074745279,-0.085103037,0.068140638,0.2927494,-0.54665201,-0.16123845,-0.82168957,2.5351655,-2.8547695,3.73
12,2300,1.150000,27,1.1585632,1.0323115,1.0330841,0.14594026,-0.019015545,0.1011925,-0.0055118091,0.051554989,-0.38450409,-0.18026602,-0.80925228,-0.47230008,-0.34934709,1.9276705,-2.6133004,3.73
12,2300,1.150000,28,1.1585632,0.72691983,0.73698115,0.70202335,0.055236904,-0.0046271503,0.0032470524,-0.16027325,-0.40605986,0.15384423,0.46644586,-0.881602,-0.072153834,1.6430129,-1.0841493,3.73
12,2300,1.150000,29,1.1585632,0.72813466,0.98704002,1.0323637,-0.028258173,0.020607824,-0.031690374,-0.16814155,-0.12597412,0.075562643,-0.92297017,0.38152937,0.050610391,1.5201643,2.7496127,3.73
12,2300,1.150000,30,1.1585632,1.0076288,0.71204469,1.0184721,0.015087398,0.053451314,0.064857295,0.21613011,0.36448943,-0.36835953,0.72123309,0.56153129,-0.40559271,1.9884235,0.66153732,3.73
12,2300,1.150000,31,1.1585632,1.0098209,1.0079171,0.71625002,0.037579928,0.0070189896,-0.040841011,-0.35143653,0.075029304,-0.13355969,-0.99886136,0.011382896,-0.046329425,1.6171423,3.1301973,3.73
13,2400,1.200000,0,1.1559019,0.15391338,0.15070162,0.1448251,-0.023391625,0.075489018,-0.024515135,0.26621867,-0.42743082,0.32537458,-0.33932136,0.25832449,-0.9045051,2.7010141,2.4909003,3.73
13,2400,1.200000,1,1.1559019,0.13807323,0.43704441,0.415192,-0.006898047,-0.0012623118,-0.020505737,-0.3831261,-0.022977146,0.046935652,-0.29916801,-0.15512023,-0.94150742,2.7978722,-2.6632506,3.73
13,2400,1.200000,2,1.1559019,0.44757454,0.16961853,0.4642743,0.011897744,0.014796472,0.078984194,0.027998943,0.061929756,-0.28495514,-0.87294619,0.48355379,0.064348131,1.5064037,2.6357348,3.73
13,2400,1.200000,3,1.1559019,0.42689791,0.43834533,0.14520937,-0.0054065427,0.018427357,0.0066007888,-0.17813679,-0.15198878,-0.0057203349,-0.37042415,0.10426243,-0.92299258,2.7465823,2.8672235,3.73
13,2400,1.200000,4,1.1559019,0.1410874,0.17760666,0.72445568,0.085509292,-0.059897918,0.0057186349,0.015496629,0.35871905,-0.15316002,-0.95152317,-0.19386583,-0.23878796,1.8119138,-2.940601,3.73
13,2400,1.200000,5,1.1559019,0.14732,0.42779149,0.98808973,-0.042426091,-0.0021739241,-0.022433019,0.089114069,0.12720042,0.43682413,-0.88825207,0.18665428,-0.41972424,2.0039378,2.9344696,3.73
13,2400,1.200000,6,1.1559019,0.41527798,0.13689462,1.0203536,-0.022041131,-0.024214789,-0.035746551,0.1467662,-0.15980153,0.11132402,-0.0082161027,0.37122253,-0.92850758,2.7611695,1.5929253,3.73
13,2400,1.200000,7,1.1559019,0.4603841,0.45290565,0.71863772,0.044792209,0.025379481,-0.0085773976,-0.30145497,0.06663491,-0.23021558,-0.89812671,0.4047962,0.17178023,1.3981599,2.718147,3.73
13,2400,1.200000,8,1.1559019,0.12495431,0.74077285,0.1473027,-0.064307736,0.042182655,-0.017759144,-0.059041172,-0.51008998,-0.028671725,-0.22400641,0.95376737,-0.20037201,1.7725339,1.8014802,3.73
13,2400,1.200000,9,1.1559019,0.17766041,1.0312608,0.44167973,0.11948031,-0.0058968622,-0.0347643,-0.068453865,0.028412327,-0.17059651,-0.97278948,0.22878519,0.03657821,1.53421,2.9106057,3.73
13,2400,1.200000,10,1.1559019,0.43511294,0.70853856,0.44625504,0.032083434,0.021142225,-0.0028510114,-0.094126076,-0.24124075,-0.020841018,0.41093761,-0.66316224,-0.62557663,2.2466668,-1.0160435,3.73
13,2400,1.200000,11,1.1559019,0.40773899,0.99428217,0.1330024,-0.0399268,0.024080296,-0.0051899455,0.33179363,0.085979454,-0.11642199,-0.70326914,0.701363,-0.11620009,1.6872595,2.3575515,3.73
13,2400,1.200000,12,1.1559019,0.14186625,0.73410205,0.72525973,0.019692955,0.021616132,0.0034935211,-0.1680674,0.13045767,0.0084272665,-0.0030001227,0.34663258,-0.93799619,2.7876001,1.5794512,3.73
13,2400,1.200000,13,1.1559019,0.13842162,1.0229235,1.0025659,-0.11744047,0.049723096,0.024560638,-0.10557732,0.45573197,0.031054039,-0.040139505,0.48564284,-0.87323528,2.6325989,1.6532612,3.73
13,2400,1.200000,14,1.1559019,0.4279338,0.70035066,1.005351,-0.04537465,0.0041771246,-0.020643528,-0.17223226,0.057978756,0.366877,-0.86990712,0.48071432,-0.11034196,1.6813634,2.6367523,3.73
13,2400,1.200000,15,1.1559019,0.4440751,0.9939477,0.74968671,0.07788644,-0.20564767,0.046265559,0.12693467,0.21726263,0.3804079,0.38532028,0.055346441,-0.92112163,2.7417484,0.14266172,3.73
13,2400,1.200000,16,1.1559019,0.71294261,0.13439111,0.14560235,-0.00952305,-0.025218367,0.0054946117,0.3665887,0.1048874,0.00059786154,-0.97762122,0.025658655,-0.20880226,1.7811464,3.1153527,3.73
13,2400,1.200000,17,1.1559019,0.7271697,0.43871638,0.41508763,0.014368227,0.0065007955,0.016939291,-0.18897392,0.10035102,-0.35093914,-0.36729959,-0.50403744,-0.78168873,2.4681653,-2.2005352,3.73
13,2400,1.200000,18,1.1559019,1.0024794,0.13694431,0.43806538,-0.011577333,-0.07043271,0.027790236,-0.25701451,0.060269954,-0.14577875,-0.46190262,-0.2719733,-0.84420169,2.5758704,-2.6094411,3.73
13,2400,1.200000,19,1.1559019,1.0110344,0.42563012,0.14211256,-0.023958718,-0.083223892,-0.037163641,0.26451621,-0.20947156,0.12376472,-0.60498425,0.27292034,-0.74800304,2.4158444,2.7178079,3.73
13,2400,1.200000,20,1.1559019,0.72074337,0.15294896,0.74823473,0.016308446,-0.011454629,0.050134732,0.35931673,0.13920285,0.30471782,-0.038977508,0.58284419,-0.81164857,2.5177651,1.6375716,3.73
13,2400,1.200000,21,1.1559019,0.71492964,0.42420521,1.0099745,0.011684209,0.014676733,0.031457216,0.073148482,-0.14049347,0.1243071,-0.022004792,0.47099371,-0.88186207,2.6505932,1.6174823,3.73
13,2400,1.200000,22,1.1559019,1.0189635,0.1289983,1.0161383,-0.099002685,0.10594108,-0.022119651,0.19776656,0.20564286,0.068515732,-0.96513082,-0.2073203,0.15981484,1.4102932,-2.9299976,3.73
13,2400,1.200000,23,1.1559019,1.0115869,0.42626947,0.70733903,0.09412796,-0.034981077,0.039084548,-0.14945914,-0.14423643,-0.082203911,0.24009765,0.11009737,-0.96448519,2.8742837,0.42994336,3.73
13,2400,1.200000,24,1.1559019,0.75006595,0.71054637,0.13308449,0.033389761,-0.015225706,-0.050802557,0.10083909,-0.052279933,-0.18944997,-0.45943048,-0.3190737,-0.82892437,2.5479783,-2.5345686,3.73
13,2400,1.200000,25,1.1559019,0.71224025,1.0200266,0.42467401,-0.092383315,-0.05030135,-0.0016210829,0.097306078,-0.39963843,-0.33220539,-0.75707752,-0.43638405,-0.48621249,2.0785465,-2.6187023,3.73
13,2400,1.200000,26,1.1559019,1.0095148,0.72694595,0.45586729,0.0039055112,-0.00044788021,0.00078625927,0.22075254,0.13760899,-0.0030296453,-0.21099083,-0.10852517,-0.97144488,2.9020428,-2.6665234,3.73
13,2400,1.200000,27,1.1559019,1.0250016,1.0095444,0.14091582,-0.023959792,0.080001561,-0.010206408,-0.3403276,-0.30887526,0.049051056,-0.68348528,-0.21389421,-0.69792345,2.3432902,-2.8383012,3.73
13,2400,1.200000,28,1.1559019,0.72070336,0.71962006,0.71067757,0.050685014,-0.020313349,0.013525715,-0.018185198,-0.18444372,0.25425028,0.48695023,-0.87304434,0.025943372,1.54485,-1.062014,3.73
13,2400,1.200000,29,1.1559019,0.71527992,0.98616912,1.0259733,-0.039453179,0.022005873,-0.035713906,-0.20796058,0.15698019,-0.15377479,-0.98268468,0.027174257,-0.18328226,1.7551206,3.1139466,3.73
13,2400,1.200000,30,1.1559019,1.0175933,0.7254664,0.99141409,0.027380747,0.068525998,0.040110413,0.21948833,0.21631969,-0.51774681,0.50774081,0.79290076,-0.33690898,1.9144283,1.0012288,3.73
13,2400,1.200000,31,1.1559019,0.99353324,1.0149268,0.71506003,0.023595884,0.01635469,-0.040385168,-0.20578778,0.28040895,0.12693837,-0.93783086,-0.11771941,-0.32652018,1.9034159,-3.0167227,3.73
14,2500,1.250000,0,1.1547814,0.16166464,0.13553505,0.16181956,-0.015487346,0.060461245,-0.0073719778,0.014842324,-0.13131641,0.29708723,-0.17124065,0.36366952,-0.91565338,2.7279267,2.0108686,3.73
14,2500,1.250000,1,1.1547814,0.13283134,0.43528749,0.43256763,-0.012008578,-0.0025962416,-0.0027190299,0.050238702,0.03021123,0.54457689,-0.014638102,-0.14222087,-0.9897267,2.9981288,-1.6733603,3.73
14,2500,1.250000,2,1.1547814,0.44846521,0.16574142,0.44481587,0.0132229,0.01108198,0.059966568,0.022540617,-0.16840613,-0.39106507,-0.92525353,0.29720048,0.2357494,1.3328067,2.8307927,3.73
14,2500,1.250000,3,1.1547814,0.41747587,0.42805048,0.14247826,-0.014419152,0.008552616,0.0040091719,-0.099468821,-0.25613177,-0.0089858391,-0.2067936,0.22665927,-0.95176782,2.8297434,2.3103953,3.73
14,2500,1.250000,4,1.1547814,0.14354133,0.18563046,0.71419387,0.088101242,-0.051697982,-0.0038455781,0.07922071,-0.064713897,-0.15978155,-0.96453455,0.094692045,-0.24638693,1.8197468,3.0437324,3.73
14,2500,1.250000,5,1.1547814,0.14834909,0.43551279,1.0137738,-0.04125363,0.0059659893,0.0042217203,-0.084808749,0.16754076,0.46325503,-0.89068582,0.39303917,-0.22847099,1.8013032,2.7260164,3.73
14,2500,1.250000,6,1.1547814,0.4297027,0.13282688,1.0244389,-0.0072066852,-0.028151737,-0.030669666,0.41087072,-0.012397131,0.067397893,0.066956281,0.34126494,-0.93757938,2.7863996,1.377057,3.73
14,2500,1.250000,7,1.1547814,0.44022796,0.45035162,0.71008659,0.025072765,0.023263436,-0.016435745,-0.3979273,-0.18439782,0.026794015,-0.88010385,0.22531,0.4179146,1.1396477,2.8909713,3.73
14,2500,1.250000,8,1.1547814,0.13111338,0.71191834,0.14452036,-0.058024496,0.014032536,-0.020399973,0.23320542,-0.47334583,-0.11477943,-0.17496452,0.97101604,-0.16283509,1.7343597,1.7490704,3.73
14,2500,1.250000,9,1.1547814,0.16730312,1.0318835,0.43829731,0.10929029,-0.0042737995,-0.037720028,-0.32194389,-0.071736125,0.08078811,-0.87758568,0.44636153,-0.17494218,1.7466434,2.6710693,3.73
14,2500,1.250000,10,1.1547814,0.42925099,0.70069435,0.44302868,0.026640615,0.01398135,-0.0056461557,-0.13894086,0.021141806,-0.13732872,0.11829367,-0.31824696,-0.94059847,2.795185,-1.2149184,3.73
14,2500,1.250000,11,1.1547814,0.42895766,0.98910735,0.13116763,-0.018302415,0.019867211,-0.0068966203,0.46077027,-0.20624624,0.04207343,-0.59293078,0.79518876,0.12691701,1.4435361,2.2115062,3.73
14,2500,1.250000,12,1.1547814,0.14230033,0.73824013,0.72149226,0.020264832,0.026468151,0.00042757073,0.20828151,0.069109186,-0.091912296,0.010775879,0.2601159,-0.96551727,2.8782193,1.5293928,3.73
14,2500,1.250000,13,1.1547814,0.13236248,1.0355416,1.0043813,-0.12336831,0.063339407,0.027349162,-0.069595767,0.032924344,0.15894197,-0.18615006,0.33941829,-0.9220322,2.7440941,2.0724399,3.73
14,2500,1.250000,14,1.1547814,0.41902452,0.70944034,1.0231808,-0.053873245,0.013950417,-0.0018300525,-0.1143198,0.36484654,0.29159112,-0.79713715,0.47618403,-0.37124268,1.9511433,2.6031109,3.73
14,2500,1.250000,15,1.1547814,0.43899069,1.0099038,0.75149293,0.07323022,-0.18871987,0.048799695,-0.32884814,0.36072674,-0.3136577,0.16812822,-0.30461992,-0.93751779,2.7862226,-1.0664742,3.73
14,2500,1.250000,16,1.1547814,0.72177241,0.13759587,0.14044986,2.4476161e-06,-0.021881726,0.00048082593,0.075203311,0.065072577,-0.20102539,-0.99747769,-0.070849811,-0.0043079223,1.5751043,-3.0706828,3.73
14,2500,1.250000,17,1.1547814,0.72730162,0.4403137,0.40266205,0.015205416,0.0085243553,0.0049102343,0.12051182,0.014202207,-0.1271081,-0.54794224,-0.49181544,-0.676666,2.3140214,-2.4101228,3.73
14,2500,1.250000,18,1.1547814,0.99622719,0.14131355,0.43006729,-0.016860407,-0.065928539,0.020213096,0.0783889,0.044473651,-0.12744144,-0.49856921,-0.067713781,-0.86420113,2.6143568,-3.0066024,3.73
14,2500,1.250000,19,1.1547814,1.013672,0.41241336,0.13697281,-0.020339324,-0.096034284,-0.042168065,-0.046303736,-0.21996408,-0.25669919,-0.58779,0.46572107,-0.66151856,2.2936382,2.4715488,3.73
14,2500,1.250000,20,1.1547814,0.73381566,0.15232408,0.75562955,0.030086052,-0.011931483,0.05825878,0.11820426,-0.14584696,-0.063530264,-0.076968322,0.36578647,-0.92751072,2.7584937,1.7781895,3.73
14,2500,1.250000,21,1.1547814,0.71948055,0.41440322,1.0173485,0.016930662,0.0052813762,0.039814231,0.096516543,-0.12969493,0.16949418,0.13674077,0.09326541,-0.98620663,2.9753086,0.59858397,3.73
14,2500,1.250000,22,1.1547814,1.023129,0.14485866,1.0194212,-0.093846921,0.12193424,-0.01784975,-0.0039442231,0.40535097,0.0556717,-0.97442304,-0.22438244,0.012339429,1.5584566,-2.9152658,3.73
14,2500,1.250000,23,1.1547814,0.99637449,0.42548881,0.70508446,0.079889193,-0.035348718,0.037514854,-0.33243879,0.12132061,0.04089137,0.31101272,0.23067674,-0.92198662,2.7439763,0.63816503,3.73
14,2500,1.250000,24,1.1547814,0.74646168,0.70741845,0.1227302,0.030511152,-0.017666064,-0.061032808,-0.12068081,-0.090802642,-0.18632202,-0.25183788,-0.017643966,-0.96760858,2.8863758,-3.0716461,3.73
14,2500,1.250000,25,1.1547814,0.71687985,0.99589609,0.40341024,-0.087050739,-0.07345436,-0.022483323,0.14431829,-0.49025095,-0.33492753,-0.67605635,-0.39854646,-0.6197649,2.2392394,-2.6089172,3.73
14,2500,1.250000,26,1.1547814,1.0165239,0.73620477,0.44932843,0.011897025,0.0095204193,-0.0053136781,0.054985811,0.23139196,-0.23544123,-0.21694959,-0.034186043,-0.97558402,2.920161,-2.9853018,3.73
14,2500,1.250000,27,1.1547814,1.0053411,1.0000614,0.15150862,-0.042635757,0.071492979,0.00052819477,-0.24473774,-0.10939149,0.33074833,-0.45410043,0.34062786,-0.82326512,2.5379355,2.4980175,3.73
14,2500,1.250000,28,1.1547814,0.7234474,0.71731564,0.71965574,0.054129317,-0.021921012,0.023197448,0.13893665,0.043484431,0.11198393,0.25383767,-0.92380561,-0.28661757,1.8614907,-1.3026403,3.73
14,2500,1.250000,29,1.1547814,0.71390859,0.99577466,1.0208171,-0.040131505,0.032572445,-0.03987762,0.19656545,0.25372627,0.062189867,-0.76600812,-0.40633379,-0.49812088,2.0922266,-2.6538779,3.73
14,2500,1.250000,30,1.1547814,1.0205948,0.73290032,0.97317952,0.031370573,0.076667077,0.022828457,-0.080771471,0.12131427,-0.19999005,0.020761952,0.81465512,-0.57957397,2.1890021,1.5453163,3.73
14,2500,1.250000,31,1.1547814,0.98768724,1.0304216,0.72437194,0.018710574,0.032841374,-0.030375277,-0.088701731,0.38757154,0.17988071,-0.83557025,-0.1458814,-0.52966119,2.1289974,-2.9687458,3.73
15,2600,1.300000,0,1.1550892,0.15727054,0.13703673,0.16503964,-0.019923936,0.061926606,-0.004195448,-0.15613356,0.14364449,-0.072442932,-0.21073402,0.27485162,-0.93810861,2.7879245,2.2249122,3.73
15,2600,1.300000,1,1.1550892,0.13632719,0.43977781,0.45446147,-0.0085485885,0.0017774876,0.019056629,0.016354655,0.13013328,0.24684041,0.1632842,-0.19420774,-0.96727536,2.8850592,-0.87168473,3.73
15,2600,1.300000,2,1.1550892,0.45317975,0.14839909,0.43210223,0.017817311,-0.0063022057,0.047136091,0.12488391,-0.49272343,-0.082254779,-0.91085907,0.28373092,0.29972073,1.2663964,2.8396208,3.73
15,2600,1.300000,3,1.1550892,0.41820818,0.4150888,0.14783946,-0.01379818,-0.0045214068,0.00933169,0.093915713,-0.16864899,0.12997439,0.10262112,0.27331905,-0.95643379,2.8453283,1.21162,3.73
15,2600,1.300000,4,1.1550892,0.14390564,0.16998111,0.71364795,0.08842725,-0.067394708,-0.0045817367,-0.11110205,-0.47828005,0.069345802,-0.93282624,0.34287455,0.11078023,1.4597883,2.789356,3.73
15,2600,1.300000,5,1.1550892,0.14009206,0.44336834,1.0242274,-0.049549092,0.013704444,0.014403829,-0.20020362,0.13016822,-0.11089277,-0.91458871,0.4005918,0.055260295,1.5155079,2.7287608,3.73
15,2600,1.300000,6,1.1550892,0.44504342,0.13698734,1.0278276,0.0080174965,-0.024027224,-0.027554389,0.093684023,0.15611391,-0.074596398,-0.085432841,0.072659497,-0.99369101,3.0292037,2.4368161,3.73
15,2600,1.300000,7,1.1550892,0.42358403,0.43615153,0.7201883,0.0083137445,0.0089452303,-0.0065245963,-0.24020924,-0.30976779,0.32576044,-0.91493034,0.38896221,0.10775376,1.462833,2.7396139,3.73
15,2600,1.300000,8,1.1550892,0.14181564,0.69702023,0.1373703,-0.047358602,-0.0010532871,-0.02758759,0.095436969,-0.083896061,-0.15982983,-0.18584049,0.94499794,-0.2691509,1.8433076,1.7649754,3.73
15,2600,1.300000,9,1.1550892,0.14693113,1.0205706,0.44827829,0.088876427,-0.015860112,-0.02785717,-0.48871006,-0.32032126,0.1925965,-0.80610459,0.55243213,-0.21216535,1.7845865,2.5407934,3.73
15,2600,1.300000,10,1.1550892,0.4235903,0.70677845,0.43089119,0.020866293,0.019877921,-0.017900085,-0.014206237,0.17135193,-0.25367031,-0.29431475,-0.090209848,-0.95144154,2.8286818,-2.8441759,3.73
15,2600,1.300000,11,1.1550892,0.44493374,0.98182354,0.13927183,-0.0024427698,0.012320806,0.0011715498,0.14279544,-0.075864975,0.23396549,-0.52614919,0.84732259,-0.072190453,1.6430496,2.1264816,3.73
15,2600,1.300000,12,1.1550892,0.15794143,0.74248378,0.72009119,0.035865924,0.030514509,-0.0011655605,0.2935403,0.071727829,0.036015444,-0.095801069,0.11686098,-0.9885169,2.9899012,2.2574864,3.73
15,2600,1.300000,13,1.1550892,0.13232236,1.0313891,1.0167716,-0.12344369,0.058911504,0.039470142,0.064065129,-0.23490997,0.31343477,0.1263524,0.45860874,-0.87960962,2.6458373,1.3019538,3.73
15,2600,1.300000,14,1.1550892,0.41233507,0.72929046,1.0241276,-0.060673462,0.033608843,-0.0011560562,-0.081763302,0.36280064,-0.17312346,-0.74972638,0.58130506,-0.31621952,1.8925382,2.48206,3.73
15,2600,1.300000,15,1.1550892,0.42587624,1.0232189,0.7272158,0.060000537,-0.17567572,0.024325548,-0.11434246,0.16865278,-0.53540625,0.22645215,-0.41149004,-0.88283371,2.652658,-1.0677057,3.73
15,2600,1.300000,16,1.1550892,0.72444305,0.13595845,0.13342133,0.0024803995,-0.023555586,-0.0065841854,0.1484888,-0.089555017,0.030198849,-0.98928301,0.035493144,-0.14163111,1.7129053,3.1057304,3.73
15,2600,1.300000,17,1.1550892,0.73493488,0.43853613,0.39890174,0.022643847,0.0066296884,0.0010431243,0.20786921,-0.086307315,0.0092370776,-0.84855281,-0.27330525,-0.45305891,2.04099,-2.8300005,3.73
15,2600,1.300000,18,1.1550892,1.0018015,0.14289514,0.42771149,-0.011552313,-0.064384814,0.017743015,0.13616346,0.068727124,0.073122501,-0.3439715,0.10542777,-0.93304265,2.7735758,2.8441819,3.73
15,2600,1.300000,19,1.1550892,1.0159444,0.40809741,0.12889326,-0.018337315,-0.10045956,-0.050283038,0.14314207,0.096089604,0.0059330743,-0.53267639,0.62184453,-0.57407773,2.1822737,2.2791136,3.73
15,2600,1.300000,20,1.1550892,0.72607124,0.14240192,0.73454963,0.022147128,-0.021892917,0.03698031,-0.39715572,-0.20807821,-0.68127416,0.013503299,0.10633143,-0.99423905,3.0342009,1.4444799,3.73
15,2600,1.300000,21,1.1550892,0.72035652,0.41460563,1.026897,0.017614791,0.0053733355,0.049090416,-0.1446088,0.14872432,0.12522723,0.23928738,-0.23672727,-0.94164842,2.7982909,-0.78002001,3.73
15,2600,1.300000,22,1.1550892,1.0236453,0.1606331,1.0229113,-0.093603369,0.13766798,-0.014631731,0.021635853,0.10375992,-0.030222646,-0.87753605,-0.28125529,-0.38836316,1.969651,-2.8314311,3.73
15,2600,1.300000,23,1.1550892,0.97988248,0.43979583,0.7123545,0.063133874,-0.02115698,0.044596042,-0.27348243,0.37643496,0.20453194,0.40087106,0.33105812,-0.8542265,2.5948576,0.69030374,3.73
15,2600,1.300000,24,1.1550892,0.74079182,0.70646073,0.11550675,0.024643145,-0.018812161,-0.068287997,-0.14145345,-0.027367701,-0.18283359,-0.2870354,0.32445932,-0.9012973,2.6935513,2.29507,3.73
15,2600,1.300000,25,1.1550892,0.7240865,0.97522359,0.39709584,-0.08003608,-0.094389488,-0.028904374,0.1407285,-0.31661212,0.14696888,-0.38030394,-0.58863871,-0.71335362,2.3650683,-2.1444064,3.73
15,2600,1.300000,26,1.1550892,1.017626,0.73870661,0.44279467,0.012728117,0.011825749,-0.011966298,-0.028300513,-0.17968366,0.047947588,-0.48933729,-0.10931866,-0.86521584,2.616377,-2.9218002,3.73
15,2600,1.300000,27,1.1550892,1.0075978,1.0046418,0.16043935,-0.040647306,0.075806302,0.0094173637,0.28641556,0.22215345,-0.0056008474,-0.34312525,0.761892,-0.5493502,2.1523827,1.9939491,3.73
15,2600,1.300000,28,1.1550892,0.72930394,0.72363082,0.72308577,0.059792299,-0.015797816,0.026435254,-0.017574848,0.14484001,-0.058912836,-0.38264445,-0.40866327,-0.82859976,2.5473982,-2.3233255,3.73
15,2600,1.300000,29,1.1550892,0.72633148,1.0121086,1.0234597,-0.027900509,0.048638868,-0.037507379,0.27918406,0.34968525,-0.029876684,-0.61366715,-0.3680862,-0.69851641,2.3441185,-2.6013099,3.73
15,2600,1.300000,30,1.1550892,1.0143078,0.73421377,0.97523418,0.024812377,0.077785061,0.024623528,-0.035812457,-0.032913346,0.28239837,-0.17087641,0.43375059,-0.88468168,2.6566071,1.9460771,3.73
15,2600,1.300000,31,1.1550892,0.98861008,1.0481568,0.72678667,0.019370102,0.050299555,-0.028153893,0.15275034,0.23496464,-0.061080444,-0.65360444,-0.062054796,-0.75428804,2.4253654,-3.046934,3.73
16,2700,1.350000,0,1.152383,0.14760918,0.14351577,0.16083442,-0.029227745,0.068734691,-0.0080184871,-0.10824817,0.10754109,-0.064886072,-0.21807832,0.45910509,-0.86119938,2.608421,2.0142507,3.73
16,2700,1.350000,1,1.152383,0.13051625,0.44321712,0.45589544,-0.014046584,0.006252384,0.021558267,-0.13335676,0.07028763,-0.11656568,-0.062566468,-0.24501119,-0.96749933,2.8859434,-1.8208149,3.73
16,2700,1.350000,2,1.152383,0.45500213,0.12095792,0.43189703,0.020704806,-0.033427514,0.047944192,-0.084324882,-0.45222058,-0.049345367,-0.92953345,0.31564722,0.19061583,1.3790069,2.8142343,3.73
16,2700,1.350000,3,1.152383,0.42061754,0.41188017,0.15378717,-0.010405043,-0.0067601713,0.015633157,-0.013554557,0.050494263,0.12767216,0.16892316,0.12898854,-0.97715246,2.9274195,0.652144,3.73
16,2700,1.350000,4,1.152383,0.13731332,0.14664313,0.71768652,0.082164739,-0.090361391,0.0011355013,-0.14578814,-0.38790732,0.1180408,-0.72104558,0.51088524,0.46807002,1.0836908,2.5251622,3.73
16,2700,1.350000,5,1.152383,0.13659284,0.44379703,1.0084154,-0.05272382,0.015173597,0.00097569959,0.0099021828,-0.034385842,-0.36321029,-0.81544605,0.44716562,0.36754679,1.1944265,2.6400022,3.73
16,2700,1.350000,6,1.152383,0.43699812,0.14490605,1.0117578,0.0010066391,-0.015777897,-0.041232226,-0.2522401,0.078297959,-0.34570556,0.085531197,0.27677788,-0.95711986,2.8476874,1.2710807,3.73
16,2700,1.350000,7,1.152383,0.41954083,0.42139278,0.73771566,0.0052593556,-0.0048078092,0.012712612,0.11908768,-0.21689459,0.32761375,-0.82514986,0.56423536,0.027679573,1.5431132,2.5418239,3.73
16,2700,1.350000,8,1.152383,0.13705196,0.70357522,0.13723628,-0.05179523,0.007144321,-0.027399552,-0.26508739,0.35046367,0.15190406,-0.46129306,0.71908745,-0.51973258,2.1173342,2.1411714,3.73
16,2700,1.350000,9,1.152383,0.12540391,1.0036549,0.45070254,0.06766857,-0.030401893,-0.02437859,-0.22997746,-0.26294665,-0.1048732,-0.81431551,0.57824521,0.050226769,1.5205484,2.5241205,3.73
16,2700,1.350000,10,1.152383,0.42546791,0.71091102,0.41857197,0.02373968,0.025673168,-0.029223078,0.11720026,0.0029462111,-0.15455725,-0.68547934,0.0450379,-0.72669778,2.3842989,3.0759842,3.73
16,2700,1.350000,11,1.152383,0.4407115,0.98234105,0.14812285,-0.0056263265,0.015141884,0.010359635,-0.25746319,0.22355219,0.073323031,-0.3452942,0.89093317,-0.29497459,1.8702253,1.9405368,3.73
16,2700,1.350000,12,1.152383,0.16553474,0.74184463,0.72094185,0.043838624,0.031616185,0.0013751388,-0.10552409,-0.0013937877,0.029553566,-0.29544623,0.058976515,-0.95353725,2.835563,2.944564,3.73
16,2700,1.350000,13,1.152383,0.13968916,1.0197259,1.0287086,-0.11575786,0.049653807,0.053806135,0.23049666,-0.098409371,0.17178395,-0.1806073,0.34927802,-0.91944868,2.7374724,2.0480203,3.73
16,2700,1.350000,14,1.152383,0.41614998,0.74079033,1.0096708,-0.055886902,0.046832841,-0.013227612,0.30342699,0.16481216,-0.23594906,-0.79917893,0.58925404,-0.11871276,1.6897897,2.5062535,3.73
16,2700,1.350000,15,1.152383,0.42654321,1.0231231,0.70252679,0.061667229,-0.17337158,0.0013133003,0.15962395,-0.12550569,-0.34235116,-0.019335271,-0.049134044,-0.99860502,3.0887665,-1.9457048,3.73
16,2700,1.350000,16,1.152383,0.73674226,0.13389537,0.14150112,0.016493301,-0.025302185,0.0018180389,0.27425834,-0.0095494168,0.25221905,-0.88207843,0.31109226,-0.35377852,1.9324041,2.8025315,3.73
16,2700,1.350000,17,1.152383,0.73944763,0.43234886,0.40292401,0.028885763,0.0014637778,0.0060057831,0.00098808457,-0.064249387,0.16730901,-0.93171702,0.03767696,-0.36122548,1.9403781,3.1011765,3.73
16,2700,1.350000,18,1.152383,1.0104461,0.15121276,0.43305569,-0.00054773749,-0.055722259,0.024096726,0.26241483,0.21585896,0.12067748,-0.21947266,0.48706869,-0.84533771,2.5779933,1.9941483,3.73
16,2700,1.350000,19,1.152383,1.0213044,0.42486835,0.13909136,-0.0105881,-0.082711697,-0.039770637,0.10850513,0.53368984,0.29768299,-0.76686802,0.47708969,-0.42930044,2.0145144,2.5850616,3.73
16,2700,1.350000,20,1.152383,0.70532434,0.13481944,0.7016762,0.0030789349,-0.029150276,0.0057912431,-0.22495158,-0.1009856,-0.47749262,-0.081995994,0.26407188,-0.96101129,2.8614329,1.8718639,3.73
16,2700,1.350000,21,1.152383,0.7081319,0.42264484,1.0231866,0.0070654815,0.014394476,0.047784351,-0.21029815,0.10686404,-0.1729249,0.016525185,0.065184505,-0.99773639,3.0742953,1.3225131,3.73
16,2700,1.350000,22,1.152383,1.020373,0.15741515,1.0105132,-0.094478431,0.13482303,-0.024645023,-0.086425031,-0.14456045,-0.24986099,-0.88078255,-0.29386645,-0.37130124,1.9512064,-2.8195639,3.73
16,2700,1.350000,23,1.152383,0.97371631,0.45345178,0.72558718,0.059258876,-0.0064534148,0.059515157,0.12754962,0.17909578,0.34993353,0.1711415,0.37075881,-0.91282446,2.7209445,1.1383395,3.73
16,2700,1.350000,24,1.152383,0.73392769,0.7069956,0.11057412,0.019508545,-0.016619592,-0.07295549,-0.038903598,0.13144296,0.10567348,-0.26422631,0.30460488,-0.9150958,2.7265418,2.2853282,3.73
16,2700,1.350000,25,1.152383,0.72797325,0.96474376,0.40993414,-0.074446349,-0.10259414,-0.015119571,0.1048378,-0.050568028,0.35085755,0.033373412,-0.32542697,-0.94497804,2.8083238,-1.4686009,3.73
16,2700,1.350000,26,1.152383,1.0147273,0.72345255,0.44462023,0.012212923,-0.0017135203,-0.0090999845,-0.0053167036,-0.27013612,0.034118985,-0.3859498,-0.46807607,-0.79495129,2.4897236,-2.2603256,3.73
16,2700,1.350000,27,1.152383,1.025998,1.0091328,0.15491784,-0.019862006,0.082659043,0.0042656921,0.43770859,0.024331544,-0.1503615,-0.30124185,0.72239817,-0.62241001,2.2426144,1.9658736,3.73
16,2700,1.350000,28,1.152383,0.70981079,0.72861712,0.71175238,0.04198692,-0.0091083117,0.016784623,-0.4548665,0.16115291,-0.14678678,-0.68915235,-0.040346529,-0.72349237,2.3796443,-3.0831143,3.73
16,2700,1.350000,29,1.152383,0.73274009,1.0240946,1.0122401,-0.019780688,0.063012933,-0.046339564,-0.036552506,0.23189976,-0.2348527,-0.48192288,-0.042258767,-0.875194,2.636633,-3.0541286,3.73
16,2700,1.350000,30,1.152383,1.0168206,0.72968618,0.99814392,0.029707324,0.074974322,0.049847672,0.1382369,-0.027397065,0.55740254,0.020074161,0.28018486,-0.95973615,2.8568577,1.4992724,3.73
16,2700,1.350000,31,1.152383,0.99757965,1.0424834,0.72187641,0.030669076,0.047078111,-0.031365167,0.26405766,-0.35917316,-0.0099926719,-0.46500716,-0.096812804,-0.87999751,2.6466533,-2.9363285,3.73
17,2800,1.400000,0,1.1556992,0.14545701,0.1498312,0.15711025,-0.031800994,0.074628655,-0.012199483,-0.030528868,0.097661318,-0.13911564,-0.046135226,0.45652614,-0.88851304,2.6648906,1.6715115,3.73
17,2800,1.400000,1,1.1556992,0.12984192,0.44412895,0.45668649,-0.015094986,0.0058892989,0.021038146,0.16747331,-0.052417984,0.046102625,0.0061270324,-0.24556878,-0.96935981,2.8934074,-1.5458511,3.73
17,2800,1.400000,2,1.1556992,0.43951534,0.11147302,0.41682363,0.0039327614,-0.043246384,0.03165134,-0.48503028,0.052578202,-0.5164094,-0.92593527,0.34447474,0.15485806,1.4153125,2.7854293,3.73
17,2800,1.400000,3,1.1556992,0.42217597,0.41870332,0.16025364,-0.010057519,-0.0011303656,0.021648433,0.031177071,0.17385742,0.037169206,-0.13271637,0.3569161,-0.92466062,2.7509397,1.9267954,3.73
17,2800,1.400000,4,1.1556992,0.13186311,0.13498747,0.7236993,0.076327767,-0.10242171,0.0050773531,0.019221215,-0.095935055,0.064281425,-0.54227721,0.64398267,0.53964966,1.0007754,2.2706674,3.73
17,2800,1.400000,5,1.1556992,0.13450023,0.43926882,0.9964391,-0.055205934,0.0093766097,-0.013881157,-0.056754743,-0.091439734,-0.18717202,-0.74558945,0.56451742,0.35414185,1.2088,2.493536,3.73
17,2800,1.400000,6,1.1556992,0.42886765,0.14009837,1.0007495,-0.008367898,-0.020995081,-0.055132027,-0.053493556,-0.25573481,-0.17569183,0.075865264,0.19921284,-0.9770152,2.9267746,1.2069285,3.73
17,2800,1.400000,7,1.1556992,0.43134497,0.41987415,0.73930884,0.015840987,-0.0075351575,0.012183647,0.1598348,0.071172849,-0.3620797,-0.71703351,0.6905463,0.09491445,1.4757388,2.3750098,3.73
17,2800,1.400000,8,1.1556992,0.13046807,0.72385379,0.15249961,-0.058763498,0.02537205,-0.012552481,0.095803191,0.35594248,0.4272162,-0.58765316,0.76900123,-0.25159664,1.8251259,2.2233092,3.73
17,2800,1.400000,9,1.1556992,0.12760479,0.99642614,0.43811174,0.069505944,-0.040504292,-0.038246445,0.22398915,-0.051407174,-0.34124759,-0.7517822,0.63528749,0.17672955,1.3931336,2.4399841,3.73
17,2800,1.400000,10,1.1556992,0.43131228,0.70702259,0.41421013,0.028353061,0.019747478,-0.034781445,0.049043893,-0.26022483,-0.052426642,-0.56937645,0.49860478,-0.65360824,2.2831386,2.4223645,3.73
17,2800,1.400000,11,1.1556992,0.42949647,1.0023068,0.14440244,-0.018091676,0.032256224,0.0062189252,-0.14400456,0.47358166,-0.129534,-0.48069288,0.86695384,-0.13162596,1.7028054,2.0770587,3.73
17,2800,1.400000,12,1.1556992,0.14986487,0.74226198,0.72446445,0.027715558,0.029901208,0.0028210261,-0.45870153,-0.036836719,0.07327617,-0.13232573,-0.036216326,-0.99054444,3.0039663,-2.8744441,3.73
17,2800,1.400000,13,1.1556992,0.14905251,1.0196525,1.0273223,-0.10680935,0.046650304,0.049465765,0.1005618,-0.027299608,-0.32643449,-0.50794223,0.24970722,-0.82440342,2.5399437,2.6846831,3.73
17,2800,1.400000,14,1.1556992,0.44313325,0.74286329,1.0017374,-0.030138173,0.046774135,-0.024050944,0.58516866,-0.15175549,-0.19941842,-0.64278915,0.7595346,0.09964591,1.4709848,2.2731346,3.73
17,2800,1.400000,15,1.1556992,0.43871575,1.0072428,0.70019514,0.072596612,-0.19216906,-0.0030337377,0.16756389,-0.5133352,0.14160603,-0.22140406,0.2727964,-0.93624909,2.782594,2.2525761,3.73
17,2800,1.400000,16,1.1556992,0.74830275,0.13322148,0.15299966,0.025920141,-0.026359869,0.012893475,0.13047091,-0.018500449,0.1587205,-0.87271345,0.21323665,-0.43920538,2.0255103,2.9019504,3.73
17,2800,1.400000,17,1.1556992,0.73655767,0.43271063,0.41526639,0.023875117,0.00058265972,0.017172639,-0.17830983,0.004459053,0.32708673,-0.87065402,0.4115681,-0.26939429,1.8435603,2.7000132,3.73
17,2800,1.400000,18,1.1556992,1.0292242,0.16354757,0.4415951,0.015299843,-0.043839654,0.031379484,0.27723365,0.20924909,0.18332449,-0.091678555,0.59225518,-0.80051786,2.4989551,1.7243731,3.73
17,2800,1.400000,19,1.1556992,1.021084,0.44900332,0.14759181,-0.013742875,-0.059832233,-0.031682065,-0.20382664,0.25099681,0.045962509,-0.90114878,-0.040369473,-0.4316262,2.0170911,-3.0968248,3.73
17,2800,1.400000,20,1.1556992,0.71589429,0.13508433,0.69161285,0.011606935,-0.02927318,-0.0062739709,0.42988974,0.093585076,-0.11218883,0.05386649,0.41153216,-0.909802,2.7136031,1.4406437,3.73
17,2800,1.400000,21,1.1556992,0.70235201,0.42843165,1.013759,-0.00074095821,0.018958501,0.035430063,-0.065465464,0.043527379,-0.20702336,-0.2466321,0.74972067,-0.61407778,2.2320133,1.8886105,3.73
17,2800,1.400000,22,1.1556992,1.0109631,0.15275109,1.0087278,-0.10680689,0.12971332,-0.029331685,-0.29864457,-0.11205312,0.0008878056,-0.93615315,0.081579149,-0.34199725,1.9198378,3.0546693,3.73
17,2800,1.400000,23,1.1556992,0.98621734,0.45688517,0.74697192,0.068943956,-0.0043279632,0.078784208,0.23241397,-0.014035601,0.38105931,-0.29875757,0.34016079,-0.8916471,2.6717667,2.2914829,3.73
17,2800,1.400000,24,1.1556992,0.73488179,0.71878481,0.12239376,0.018352305,-0.0068788798,-0.061470548,-0.03778691,0.22227775,0.30383293,-0.3324961,0.43944043,-0.83446896,2.5579647,2.2185305,3.73
17,2800,1.400000,25,1.1556992,0.73174427,0.97591058,0.42604849,-0.072772603,-0.094215576,-0.00020631174,-0.001882107,0.34256778,0.1407686,0.14783652,0.23672553,-0.96026319,2.85874,1.0125523,3.73
17,2800,1.400000,26,1.1556992,1.0165594,0.71711322,0.44494601,0.011126504,-0.010122626,-0.010052303,-0.086845665,-0.11927152,-0.010063066,-0.097957657,-0.2802062,-0.95492868,2.8402157,-1.907107,3.73
17,2800,1.400000,27,1.1556992,1.0360917,1.0152087,0.14963661,-0.012731121,0.085826429,-0.0014531276,-0.21897804,0.097448166,-0.10048374,-0.09871617,0.4764186,-0.87365922,2.6334695,1.7751098,3.73
17,2800,1.400000,28,1.1556992,0.69996246,0.73520382,0.72068518,0.030113042,-0.0046247753,0.023659359,-0.070059375,-0.038544967,0.40213608,-0.90233869,0.091945751,-0.42110672,2.0054615,3.040046,3.73
17,2800,1.400000,29,1.1556992,0.72634419,1.0289699,1.002784,-0.028272971,0.064938475,-0.058690832,-0.24926882,-0.15682922,-0.18513611,-0.39961813,0.19533314,-0.89562845,2.6806384,2.6869455,3.73
17,2800,1.400000,30,1.1556992,1.0200118,0.7346291,1.0199132,0.029972024,0.077813371,0.068717489,-0.1276745,0.17515804,0.20416396,-0.18069961,0.53559519,-0.82491541,2.5408489,1.8961853,3.73
17,2800,1.400000,31,1.1556992,1.0094325,1.017662,0.73001789,0.039638367,0.019296708,-0.025309717,0.064270168,-0.67001097,0.15544722,-0.50052221,-0.069271515,-0.86294784,2.6118712,-3.0040678,3.73
18,2900,1.450000,0,1.154544,0.14238411,0.15594252,0.14161517,-0.034729976,0.080892867,-0.027545193,-0.12230889,0.16306802,-0.51930955,0.079384564,0.15016568,-0.9854686,2.9709074,1.084495,3.73
18,2900,1.450000,1,1.154544,0.14452549,0.44259417,0.45661231,-0.00027422928,0.0047978874,0.021420619,0.37346444,-0.027934297,-0.02951149,0.35327111,0.072954132,-0.93267208,2.7725472,0.20364758,3.73
18,2900,1.450000,2,1.154544,0.41818549,0.11580727,0.40078204,-0.016968234,-0.038798495,0.01601855,-0.30847008,0.17437639,0.023589335,-0.74575625,0.64925115,0.14940069,1.4208342,2.4252634,3.73
18,2900,1.450000,3,1.154544,0.42353473,0.42809316,0.15295896,-0.0082758904,0.0086828763,0.014510366,0.020990208,0.21791787,-0.39608393,-0.28491929,0.65792969,-0.6971008,2.3421422,1.9794692,3.73
18,2900,1.450000,4,1.154544,0.13961321,0.13399892,0.72355303,0.084213612,-0.10327576,0.0056547144,0.27463729,0.08953811,-0.050748798,-0.64044034,0.75475551,0.14205735,1.4282568,2.2744423,3.73
18,2900,1.450000,5,1.154544,0.13883394,0.4365732,0.99446985,-0.050735553,0.0071189151,-0.014854948,0.26979654,0.024583259,0.17982167,-0.69072011,0.71771737,-0.08824683,1.6591581,2.3370286,3.73
18,2900,1.450000,6,1.154544,0.42952412,0.12598686,0.99218562,-0.0072822283,-0.034973552,-0.062699477,0.12999719,-0.20965843,-0.13644895,-0.024210743,0.016699999,-0.99956738,3.1121767,2.5377612,3.73
18,2900,1.450000,7,1.154544,0.43688092,0.42694584,0.7135722,0.021811054,-4.0046034e-05,-0.012826552,0.089449791,0.14830079,-0.54640627,-0.67371592,0.67952182,0.29044269,1.2761069,2.3519041,3.73
18,2900,1.450000,8,1.154544,0.14691048,0.73354526,0.16571028,-0.042182392,0.035792223,0.00081730374,0.46580975,0.04088401,0.081713961,-0.6744151,0.73625623,-0.055597079,1.6264221,2.3123845,3.73
18,2900,1.450000,9,1.154544,0.14428113,0.99894177,0.42601535,0.086318234,-0.036990965,-0.049910769,0.37081056,0.18676167,-0.10347087,-0.69918129,0.71489649,-0.0082776532,1.5790741,2.3450816,3.73
18,2900,1.450000,10,1.154544,0.43316769,0.69960369,0.4178756,0.030640722,0.013031892,-0.030699919,0.01360688,0.03546538,0.26141807,0.10116345,0.73467948,-0.67082935,2.3061229,1.4339594,3.73
18,2900,1.450000,11,1.154544,0.42712729,1.0193708,0.13767387,-0.020032532,0.050331042,-0.00036860213,0.026229881,0.16917016,-0.18423441,-0.74843675,0.66214,0.037590596,1.5331969,2.4172967,3.73
18,2900,1.450000,12,1.154544,0.12872251,0.73642018,0.73417259,0.0067124899,0.024798757,0.013258492,-0.27184651,-0.23356985,0.20435034,-0.2173751,-0.28785419,-0.93267788,2.7725632,-2.2175897,3.73
18,2900,1.450000,13,1.154544,0.15070586,1.0147407,1.009651,-0.10500612,0.042755691,0.032812924,0.058607653,-0.13968745,-0.25069742,-0.31106777,0.16334766,-0.93624483,2.7825818,2.6580522,3.73
18,2900,1.450000,14,1.154544,0.45725583,0.73483483,1.0002972,-0.015565389,0.039484529,-0.024490126,-0.07301422,-0.1580861,0.30210806,-0.42339323,0.90250153,0.078924979,1.4917892,2.0094468,3.73
18,2900,1.450000,15,1.154544,0.43940121,0.99221048,0.70497108,0.073721135,-0.20620163,0.0024447921,-0.17221265,0.013688011,0.0020361187,-0.19024152,0.41292911,-0.89067262,2.6696188,2.0025228,3.73
18,2900,1.450000,16,1.154544,0.75077811,0.13731129,0.15810353,0.029145054,-0.022134789,0.018152894,-0.02221722,0.23780031,0.015918623,-0.9208752,-0.038629092,-0.38793898,1.9691907,-3.099669,3.73
18,2900,1.450000,17,1.154544,0.7285606,0.43352771,0.43212508,0.016610606,0.0018328654,0.034455032,-0.071667128,0.031570342,0.33478855,-0.74628329,0.64227179,-0.17478043,1.7464791,2.4309611,3.73
18,2900,1.450000,18,1.154544,1.0366439,0.16588193,0.45102246,0.023752477,-0.041340579,0.04125316,0.07661562,-0.034724171,0.15769964,0.055632845,0.57029312,-0.81955521,2.5314307,1.4735527,3.73
18,2900,1.450000,19,1.154544,1.0098897,0.44913404,0.14819633,-0.023921687,-0.059252439,-0.030929653,-0.16947575,-0.15471514,-0.021222266,-0.79569751,-0.2215038,-0.5637389,2.1697019,-2.8700897,3.73
18,2900,1.450000,20,1.154544,0.73542304,0.13723223,0.69047865,0.031861356,-0.026989117,-0.0067171123,0.27417731,-0.057817009,0.097773943,0.083528094,0.48830252,-0.86866778,2.6233031,1.401378,3.73
18,2900,1.450000,21,1.154544,0.70753945,0.42260962,1.0066691,0.0051514342,0.013561992,0.029350459,0.25008989,-0.22268036,-0.027914995,-0.12214483,0.96233511,-0.24288224,1.8161323,1.6970467,3.73
18,2900,1.450000,22,1.154544,0.99562635,0.14549204,1.0065124,-0.12114036,0.12260339,-0.030539373,-0.2325986,-0.21258953,-0.032734476,-0.57303489,0.64177914,-0.50965729,2.1055827,2.2996665,3.73
18,2900,1.450000,23,1.154544,0.99334039,0.45194409,0.75640946,0.077056795,-0.0088146254,0.088973452,0.013267254,-0.12083377,0.029518911,-0.54843659,0.43008249,-0.71710972,2.3704428,2.4765621,3.73
18,2900,1.450000,24,1.154544,0.72907476,0.73071409,0.14108507,0.013277264,0.0057751677,-0.042647496,-0.1391284,0.27614494,0.36283797,-0.26539144,0.85609469,-0.44347408,2.0302674,1.8714042,3.73
18,2900,1.450000,25,1.154544,0.72991238,0.9984855,0.42916554,-0.073873654,-0.07065344,0.0033383569,-0.045152872,0.51127618,0.048781807,0.093057949,0.68324003,-0.7242398,2.3807276,1.4354283,3.73
18,2900,1.450000,26,1.154544,1.0071001,0.71497696,0.43996336,0.0026791259,-0.011542836,-0.014592495,-0.2572599,-0.011847876,-0.19191253,-0.18103313,0.042498062,-0.98255836,2.9545494,2.9110148,3.73
18,2900,1.450000,27,1.154544,1.012366,1.0216979,0.1440848,-0.035432516,0.093334162,-0.0068580747,-0.56108018,0.041375058,-0.074681283,0.10263905,0.43294434,-0.89555816,2.6804804,1.3380216,3.73
18,2900,1.450000,28,1.154544,0.70586565,0.72368126,0.73995543,0.036719161,-0.015417891,0.043659946,0.33793712,-0.35531887,0.34705473,-0.77201849,0.22272161,-0.59530037,2.2084358,2.8607263,3.73
18,2900,1.450000,29,1.154544,0.71365218,1.0165041,0.99643925,-0.040244986,0.053495428,-0.064035923,-0.16734727,-0.21496569,2.0409803e-05,-0.35430006,0.37867509,-0.8550302,2.5964054,2.3229518,3.73
18,2900,1.450000,30,1.154544,1.0077251,0.74214645,1.0237759,0.018699225,0.086069114,0.073602103,-0.2329546,0.0990681,0.14868515,-0.52593766,0.45767363,-0.71688522,2.3701207,2.4254848,3.73
18,2900,1.450000,31,1.154544,1.0058503,0.98972616,0.73433832,0.037063784,-0.0076354705,-0.020257098,-0.14615743,-0.32258708,-0.055971504,-0.55598577,-0.10636245,-0.82435845,2.5398642,-2.9525722,3.73
19,3000,1.500000,0,1.1559698,0.13102603,0.16097915,0.11728952,-0.046256773,0.085733942,-0.052030622,-0.31167049,-0.026221766,-0.34537267,0.16789548,0.015728796,-0.98567932,2.9721524,0.093409444,3.73
19,3000,1.500000,1,1.1559698,0.15859797,0.44147302,0.44950262,0.013611208,0.0031312099,0.013751796,0.12203766,0.023222441,-0.24855471,0.26302612,0.58352262,-0.76832194,2.4470116,1.1473142,3.73
19,3000,1.500000,2,1.1559698,0.4111266,0.13117639,0.41368468,-0.024538866,-0.023581773,0.028418624,0.037076173,0.3988044,0.29299355,-0.27369858,0.95357603,-0.12562579,1.6967549,1.8503058,3.73
19,3000,1.500000,3,1.1559698,0.43102195,0.43590373,0.1324564,-0.0013159935,0.015960308,-0.0061683277,0.27281739,-0.0096774361,-0.31738334,-0.31273398,0.60002045,-0.73632392,2.3984176,2.0512641,3.73
19,3000,1.500000,4,1.1559698,0.15568431,0.14116414,0.7221763,0.1001025,-0.096280335,0.0033858748,0.30073599,0.1433638,0.018186509,-0.76397581,0.62363256,-0.16560008,1.7371628,2.4569921,3.73
19,3000,1.500000,5,1.1559698,0.15423802,0.44326513,1.0127017,-0.035512314,0.013267929,0.0021383784,0.24463983,0.20522511,0.41251675,-0.39542231,0.91067402,-0.11964128,1.6907249,1.9804406,3.73
19,3000,1.500000,6,1.1559698,0.4412761,0.12250809,0.98956403,0.0039324179,-0.038605654,-0.066543933,0.29996304,0.10498962,0.027911627,-0.024776255,0.3319197,-0.94298221,2.8022756,1.6453035,3.73
19,3000,1.500000,7,1.1559698,0.43935283,0.43181022,0.69491731,0.02374227,0.0042944257,-0.032350581,0.099917748,-0.028715995,-0.15336891,-0.55898316,0.61319088,0.558153,0.9786382,2.309982,3.73
19,3000,1.500000,8,1.1559698,0.16513489,0.73353329,0.16030604,-0.024150533,0.034874974,-0.0047881149,0.19894279,-0.029045169,-0.32227851,-0.86740969,0.40421757,-0.29018715,1.8652187,2.7055087,3.73
19,3000,1.500000,9,1.1559698,0.15629406,1.0105673,0.42666607,0.098145686,-0.026605418,-0.049786208,-0.027924452,0.16814169,0.030062874,-0.64804322,0.75226366,-0.11890908,1.6899874,2.2819046,3.73
19,3000,1.500000,10,1.1559698,0.43990966,0.71296136,0.43237363,0.03684394,0.025517921,-0.016726546,0.20083056,0.43702035,0.23427058,0.29621613,0.60619751,-0.73809253,2.4010352,1.1162729,3.73
19,3000,1.500000,11,1.1559698,0.43331322,1.0206866,0.13233714,-0.014377554,0.050387989,-0.0058719522,0.21005805,-0.11615602,0.080651174,-0.86840978,0.45309794,-0.2014118,1.7735954,2.6606922,3.73
19,3000,1.500000,12,1.1559698,0.12492134,0.72111152,0.74077289,0.0027548067,0.0085906982,0.01894866,0.087723499,-0.38112029,-0.030116598,-0.45419751,-0.012632772,-0.89081145,2.6699242,-3.1137864,3.73
19,3000,1.500000,13,1.1559698,0.14971553,1.009446,1.0061556,-0.10618182,0.036211966,0.028073639,-0.14757166,-0.12028343,0.039414348,-0.049380107,-0.047959085,-0.99762795,3.0727016,-2.3707921,3.73
19,3000,1.500000,14,1.1559698,0.44586918,0.72286854,1.022126,-0.027509329,0.026618728,-0.003909347,-0.30129135,-0.24245957,0.37315479,-0.2688703,0.96242766,-0.037970486,1.6087759,1.8432177,3.73
19,3000,1.500000,15,1.1559698,0.42808328,1.0020335,0.70106244,0.061867909,-0.19760917,-0.0023314712,-0.14099779,0.18374507,-0.063635335,-0.36598183,0.43764517,-0.8212941,2.534472,2.2672549,3.73
19,3000,1.500000,16,1.1559698,0.74309749,0.15537888,0.15422813,0.02054261,-0.0042478033,0.014084763,-0.37431481,0.38359437,-0.096822705,-0.86787965,-0.073547061,-0.49130005,2.0843781,-3.0570513,3.73
19,3000,1.500000,17,1.1559698,0.72625194,0.43742706,0.44008162,0.013404228,0.0051947773,0.041873358,-0.082416519,0.095078854,-0.094631856,-0.79060835,0.37378068,-0.48500149,2.0771612,2.6999604,3.73
19,3000,1.500000,18,1.1559698,1.0361846,0.15820167,0.45245275,0.02201412,-0.049220825,0.042125943,-0.17843408,-0.21522136,-0.16814574,0.034767742,0.74155365,-0.66999208,2.3049944,1.5239456,3.73
19,3000,1.500000,19,1.1559698,1.0090126,0.43985794,0.14745914,-0.026044664,-0.069077108,-0.031849281,0.09749991,-0.19153282,-0.028740854,-0.70915265,-0.19254794,-0.6782535,2.3161796,-2.8764662,3.73
19,3000,1.500000,20,1.1559698,0.74238377,0.13278026,0.7013916,0.037910191,-0.031607702,0.0033369647,-0.056904429,-0.094033433,0.23269195,-0.046765152,0.77942477,-0.62474798,2.2456051,1.6307241,3.73
19,3000,1.500000,21,1.1559698,0.71804133,0.41240095,1.012163,0.014773642,0.0028380566,0.033598602,0.063664666,-0.17297794,0.14772041,-0.093341507,0.9953873,-0.022169685,1.5929678,1.664297,3.73
19,3000,1.500000,22,1.1559698,0.99278813,0.13106555,1.002317,-0.12520557,0.10800624,-0.035974409,0.071293155,-0.31291091,-0.20434401,-0.44702976,0.65782097,-0.60616496,2.2220261,2.167673,3.73
19,3000,1.500000,23,1.1559698,0.99596687,0.44565703,0.7464518,0.078455742,-0.015655571,0.078088427,0.16431626,-0.15059797,-0.34439639,-0.47724554,0.45944641,-0.74909658,2.4174936,2.3751943,3.73
19,3000,1.500000,24,1.1559698,0.71912244,0.73874183,0.15784682,0.0024313067,0.012896156,-0.0260702,-0.2687755,0.029993597,0.30988523,0.092889807,0.98485867,-0.14637241,1.7176965,1.4767566,3.73
19,3000,1.500000,25,1.1559698,0.72347063,1.0224276,0.43231179,-0.081212248,-0.047958365,0.0059530165,-0.23920487,0.32980323,0.041784156,0.062574882,0.94178957,-0.33032831,1.9074477,1.5044513,3.73
19,3000,1.500000,26,1.1559698,0.99884917,0.7158241,0.43033532,-0.0068096578,-0.011578596,-0.024757569,-0.11225791,0.049240102,-0.17843764,-0.32438527,0.094110124,-0.94123189,2.7970555,2.8592261,3.73
19,3000,1.500000,27,1.1559698,0.98938271,1.0179719,0.14771851,-0.059651066,0.0883495,-0.0034044259,-0.31291585,-0.23102132,0.21626916,-0.030086328,0.57779148,-0.8156297,2.5246131,1.6228206,3.73
19,3000,1.500000,28,1.1559698,0.72233334,0.71051981,0.74636484,0.05230556,-0.029464343,0.049152195,0.20241691,-0.11791492,-0.14857404,-0.44586965,0.32664674,-0.83336796,2.5559698,2.509317,3.73
19,3000,1.500000,29,1.1559698,0.70969911,1.0079185,1.0036034,-0.045076357,0.043660589,-0.058105932,-0.031942956,-0.16992489,0.16571871,-0.18621716,0.70103643,-0.68838295,2.3300537,1.8304318,3.73
19,3000,1.500000,30,1.1559698,1.0033408,0.74340368,1.0389002,0.013073924,0.086409665,0.087453557,0.10466599,-0.10661439,0.34541803,-0.64587157,0.33164573,-0.68764891,2.3290422,2.6672149,3.73
19,3000,1.500000,31,1.1559698,0.99776321,0.98847158,0.72549007,0.027740326,-0.010110735,-0.03000616,-0.15800229,0.15955601,-0.28020171,-0.49880649,-0.086682229,-0.86236783,2.6107244,-2.9695317,3.73
20,3100,1.550000,0,1.1542179,0.12048129,0.1514194,0.11165273,-0.056610796,0.076411075,-0.057493801,-0.043170341,-0.29570026,0.095396381,0.077759642,-0.072547954,-0.99432904,3.0350438,-0.75073856,3.73
20,3100,1.550000,1,1.1542179,0.15836039,0.44782499,0.43685587,0.013613989,0.010157545,0.0017771725,-0.12950855,0.16226456,-0.19384194,0.078925851,0.76871842,-0.6346989,2.2584151,1.4684828,3.73
20,3100,1.550000,2,1.1542179,0.41657644,0.15171249,0.42273456,-0.018461361,-0.0028311406,0.038102775,0.20307691,0.34811002,0.13850161,-0.10641596,0.93610994,-0.33522205,1.9126372,1.6839893,3.73
20,3100,1.550000,3,1.1542179,0.44633819,0.42142825,0.12979414,0.014665574,0.0021349533,-0.0086317146,0.19261918,-0.43109437,0.13365954,-0.46233249,0.37146001,-0.80514976,2.5067243,2.4647529,3.73
20,3100,1.550000,4,1.1542179,0.1631799,0.14978719,0.72388298,0.1078399,-0.087436654,0.0061891312,-0.033172532,0.19207601,0.086477115,-0.71344964,0.64696393,-0.26912318,1.8432788,2.4050273,3.73
20,3100,1.550000,5,1.1542179,0.16091668,0.45200305,1.026481,-0.02859466,0.022684752,0.017463962,0.063043483,0.087474808,0.2134042,-0.37394815,0.90841616,0.18693009,1.3827601,1.961304,3.73
20,3100,1.550000,6,1.1542179,0.45255499,0.13207624,0.9923849,0.015889122,-0.028844443,-0.062220117,0.16286026,0.2262794,0.074600714,-0.16629828,0.56930075,-0.80513448,2.5066985,1.8549987,3.73
20,3100,1.550000,7,1.1542179,0.44529606,0.42758353,0.69524714,0.030356349,0.00071942007,-0.030966566,0.17869253,-0.0074617056,0.18888603,-0.54484279,0.74207819,0.39046933,1.169655,2.2041164,3.73
20,3100,1.550000,8,1.1542179,0.16712629,0.73142391,0.14137054,-0.021907174,0.033876495,-0.023494856,-0.031298009,0.0056867314,-0.28317523,-0.89552889,0.25572112,-0.36419049,1.9435598,2.8634419,3.73
20,3100,1.550000,9,1.1542179,0.14076621,1.0125244,0.42059781,0.082843093,-0.023114191,-0.055211978,-0.4034551,0.0037956953,-0.13671626,-0.34631009,0.88768683,-0.30344921,1.8791068,1.9427621,3.73
20,3100,1.550000,10,1.1542179,0.45235873,0.7358976,0.44258998,0.049969642,0.049552871,-0.0058466927,0.20347943,0.46112432,0.17658156,-0.1631303,0.56707676,-0.80734903,2.5104419,1.8509021,3.73
20,3100,1.550000,11,1.1542179,0.44033949,1.0159528,0.1433027,-0.0066887746,0.047198633,0.0053026333,0.084479986,0.055683746,0.32035833,-0.88448973,0.20719616,-0.41802831,2.0020701,2.9114868,3.73
20,3100,1.550000,12,1.1542179,0.13506298,0.70685614,0.72881731,0.013093597,-0.0045818397,0.0081074803,0.25778844,-0.14678495,-0.39986538,-0.46683394,0.51580813,-0.718337,2.3722053,2.3063964,3.73
20,3100,1.550000,13,1.1542179,0.14263287,1.0043492,1.0064233,-0.1130428,0.032642251,0.029867522,-0.070775744,-0.040955504,-0.038643082,-0.16494538,0.16026523,-0.97319478,2.909533,2.3705846,3.73
20,3100,1.550000,14,1.1542179,0.43447083,0.7172875,1.0250663,-0.038240115,0.022129783,0.00058338673,-0.07839895,0.063928343,-0.18223944,-0.0093683994,0.99868172,-0.050468387,1.6212862,1.5801768,3.73
20,3100,1.550000,15,1.1542179,0.42828495,1.0022456,0.70930099,0.062718979,-0.1958772,0.0069765918,0.089080627,-0.026705032,0.33815566,-0.47087186,0.40801931,-0.78217641,2.4689476,2.4275864,3.73
20,3100,1.550000,16,1.1542179,0.71556226,0.16701859,0.15328805,-0.0058865103,0.0076364011,0.01337788,-0.61547137,-0.030689697,0.067280205,-0.58888836,-0.026108642,-0.80779257,2.511194,-3.0972862,3.73
20,3100,1.550000,17,1.1542179,0.72414627,0.44111996,0.43098215,0.012398419,0.0095538936,0.033434429,0.10520995,0.033535939,-0.14434509,-0.59987668,-0.073411011,-0.79671751,2.4926405,-3.0198213,3.73
20,3100,1.550000,18,1.1542179,1.022912,0.14656327,0.43949175,0.010302993,-0.060628122,0.029841314,-0.26042933,-0.12778265,-0.28618122,0.011822534,0.83865046,-0.54454168,2.1466389,1.5567002,3.73
20,3100,1.550000,19,1.1542179,1.0143448,0.43310713,0.14401,-0.019178103,-0.075165938,-0.035077394,0.15310971,-0.074040498,-0.11815825,-0.50000111,-0.3388798,-0.79696887,2.4930565,-2.5459506,3.73
20,3100,1.550000,20,1.1542179,0.72617718,0.13437716,0.71109598,0.022817221,-0.029808217,0.014112456,-0.48166054,0.27548452,0.20478812,-0.22875332,0.95855962,-0.16980982,1.741433,1.8050576,3.73
20,3100,1.550000,21,1.1542179,0.71367461,0.40883966,1.0151669,0.011492612,-0.00010047567,0.038139787,-0.092429184,0.10739874,-0.03872108,-0.19555435,0.9777826,0.075496271,1.4952282,1.7681898,3.73
20,3100,1.550000,22,1.1542179,0.99872979,0.11757128,0.9892828,-0.1177537,0.094700513,-0.047498335,0.11589379,-0.19834568,-0.17968817,-0.39311782,0.3279376,-0.85901997,2.6041486,2.446345,3.73
20,3100,1.550000,23,1.1542179,1.009356,0.4373564,0.73188996,0.093365501,-0.023286598,0.064647631,0.42717514,-0.17184746,-0.22831999,-0.21777423,0.45396724,-0.86399545,2.6139481,2.0180834,3.73
20,3100,1.550000,24,1.1542179,0.70512672,0.72934787,0.16401113,-0.010484393,0.0046154669,-0.019661812,-0.20483259,-0.38450787,-0.049610875,0.1134594,0.98607627,-0.12157527,1.6926731,1.4562386,3.73
20,3100,1.550000,25,1.1542179,0.71041478,1.0330703,0.43726401,-0.093180757,-0.035756897,0.011564657,-0.20906715,0.11106273,0.11483825,-0.24609029,0.95090292,-0.18767846,1.7595944,1.8240367,3.73
20,3100,1.550000,26,1.1542179,0.99751518,0.71741599,0.42719158,-0.0066297787,-0.0088998544,-0.027251042,0.040205005,0.0779188,0.13331211,-0.35006033,0.017124902,-0.93657061,2.7835102,3.0927118,3.73
20,3100,1.550000,27,1.1542179,0.98345547,1.0105322,0.16026402,-0.064082274,0.082448026,0.0093746451,0.072415961,0.056760706,0.22852291,-0.086858468,0.75895225,-0.64532712,2.2722478,1.6847458,3.73
20,3100,1.550000,28,1.1542179,0.72613964,0.70828826,0.73566324,0.057210261,-0.030619988,0.039574433,0.049100406,-0.0056686815,-0.17360732,-0.43994698,0.52529086,-0.72836541,2.3867296,2.2680064,3.73
20,3100,1.550000,29,1.1542179,0.70790752,0.9985375,1.0093866,-0.04579295,0.035801131,-0.050796213,-0.0080760229,-0.20850407,0.10430111,-0.23987201,0.80714575,-0.53942299,2.140548,1.859669,3.73
20,3100,1.550000,30,1.1542179,1.01026,0.7309683,1.0482125,0.021520157,0.075092311,0.098348566,0.13756346,-0.29727378,-0.0025803495,-0.47451651,0.58964992,-0.65356488,2.2830813,2.2484225,3.73
20,3100,1.550000,31,1.1542179,0.99484745,0.99700357,0.71147452,0.0263356,-7.3119888e-05,-0.042932051,0.11789681,0.17151426,-0.14899886,-0.51763175,0.24195356,-0.82068011,2.5333966,2.7043437,3.73
21,3200,1.600000,0,1.154399,0.12536375,0.13881897,0.11831277,-0.051747618,0.063787884,-0.050851795,0.24619346,-0.26018331,0.17355188,0.048565602,0.057704466,-0.99715173,3.0660993,0.8711837,3.73
21,3200,1.600000,1,1.154399,0.14904595,0.45592038,0.42660387,0.0042754306,0.018182048,-0.0085425539,-0.16611577,0.12048675,-0.23131249,0.024311129,0.7890822,-0.61380636,2.2316694,1.5399967,3.73
21,3200,1.600000,2,1.154399,0.42313814,0.16075819,0.43562788,-0.011965529,0.0061900531,0.050928761,0.0062580219,-0.025139881,0.38596961,-0.16379119,0.93272087,-0.32125414,1.8978499,1.7446297,3.73
21,3200,1.600000,3,1.154399,0.44519656,0.41026907,0.13499518,0.013454018,-0.0090894717,-0.0034514493,-0.25303697,0.073448555,0.050154036,-0.45532732,0.35906087,-0.81470996,2.5230252,2.4738556,3.73
21,3200,1.600000,4,1.154399,0.15864628,0.1576115,0.72626571,0.10328103,-0.079636455,0.0084581107,-0.12221931,0.096855762,0.0076766858,-0.13028816,0.87918282,-0.45832583,2.0469069,1.7179179,3.73
21,3200,1.600000,5,1.154399,0.16095832,0.44643642,1.026917,-0.028578272,0.017047644,0.017738948,-0.10702043,-0.28906833,-0.20595777,-0.54186701,0.83452188,-0.099766615,1.6707292,2.1466894,3.73
21,3200,1.600000,6,1.154399,0.44753173,0.14532995,0.99748608,0.010795255,-0.015612497,-0.057275021,-0.33749683,0.25163868,0.12962567,-0.30339537,0.62882136,-0.71591546,2.3687307,2.0203321,3.73
21,3200,1.600000,7,1.154399,0.44363754,0.43622571,0.71253723,0.028628105,0.009293843,-0.013786903,-0.32743116,0.49769384,0.38691591,-0.29833076,0.92442515,-0.23756451,1.8106541,1.8829649,3.73
21,3200,1.600000,8,1.154399,0.16542595,0.73342744,0.13842221,-0.023633597,0.035765119,-0.026465136,0.014143913,0.066791427,0.13503553,-0.88645637,0.45752375,-0.06976478,1.6406178,2.6651271,3.73
21,3200,1.600000,9,1.154399,0.12626558,1.0082712,0.41753969,0.068321518,-0.027525917,-0.058335843,-0.072450793,-0.087341681,0.040451365,-0.11633316,0.87426902,-0.47129638,2.0615564,1.7030826,3.73
21,3200,1.600000,10,1.154399,0.45074769,0.75476786,0.444912,0.048287758,0.068306208,-0.0035942911,-0.29932696,0.22069057,-0.11086606,-0.43073014,0.53801671,-0.72457544,2.3812145,2.2458962,3.73
21,3200,1.600000,11,1.154399,0.43723998,1.0262891,0.15713811,-0.0098571258,0.057374667,0.019114481,-0.14534717,0.32400497,0.086408362,-0.7957587,0.20781508,-0.56884179,2.1758933,2.8861445,3.73
21,3200,1.600000,12,1.154399,0.14600545,0.70525774,0.7093894,0.024014023,-0.0062910046,-0.01143324,0.23594388,0.089540051,-0.2877529,-0.39189415,0.7322756,-0.55694831,2.1615033,2.0621849,3.73
21,3200,1.600000,13,1.154399,0.14248019,1.0049182,1.0029437,-0.11321785,0.033053628,0.026230328,0.040220534,0.039694847,-0.057767686,-0.34658665,0.39124985,-0.85252639,2.5915962,2.2957356,3.73
21,3200,1.600000,14,1.154399,0.4365037,0.71867563,1.0102399,-0.036275562,0.023405276,-0.0144026,0.11301221,-0.10275663,-0.2787653,0.14733607,0.97750821,-0.15089662,1.7222715,1.4211963,3.73
21,3200,1.600000,15,1.154399,0.43110052,1.0009021,0.7282675,0.065467134,-0.19737789,0.025830335,-0.018369336,0.030678178,0.33808718,-0.22336903,0.52350952,-0.82221898,2.5360951,1.9740858,3.73
21,3200,1.600000,16,1.154399,0.70030389,0.1500373,0.15782934,-0.021255942,-0.0093697664,0.017894766,0.002028728,-0.6168497,0.03983294,-0.42568679,-0.1754683,-0.88769456,2.66311,-2.7506131,3.73
21,3200,1.600000,17,1.154399,0.73757975,0.44274707,0.43106506,0.025717239,0.011111675,0.033449726,0.32586227,-0.0095731685,0.14041309,-0.628763,0.053138556,-0.77577921,2.4587454,3.0572801,3.73
21,3200,1.600000,18,1.154399,1.0090693,0.1517561,0.42678001,-0.0036990844,-0.055458694,0.017061623,-0.24335804,0.26083653,-0.11009792,-0.22367031,0.75501685,-0.61637744,2.2349303,1.858805,3.73
21,3200,1.600000,19,1.154399,1.0195531,0.42502576,0.14187972,-0.014129331,-0.083314621,-0.037230102,0.007899625,-0.22571609,0.004843464,-0.48354007,-0.35896999,-0.79832922,2.4953121,-2.5029869,3.73
21,3200,1.600000,20,1.154399,0.71079392,0.1465114,0.71910311,0.0073212455,-0.017696004,0.022007403,-0.024526071,0.06925406,0.073263215,-0.21040064,0.97024425,-0.11982345,1.6909084,1.7843432,3.73
21,3200,1.600000,21,1.154399,0.71210762,0.4226381,1.0083799,0.0098137831,0.013632748,0.031194048,0.039907747,0.36911745,-0.098474174,-0.082300697,0.98394182,-0.15838272,1.7298488,1.6542459,3.73
21,3200,1.600000,22,1.154399,0.99840462,0.10803651,0.98121427,-0.11823552,0.085148045,-0.055721433,-0.078116492,-0.12907413,-0.069726899,-0.028670931,0.1593407,-0.98680724,2.9789773,1.7488261,3.73
21,3200,1.600000,23,1.154399,1.0274208,0.43001327,0.72539863,0.11127057,-0.030697772,0.05804199,0.29236372,-0.14917221,-0.083541057,-0.11489691,0.7853032,-0.60835646,2.2247844,1.7160745,3.73
21,3200,1.600000,24,1.154399,0.70096745,0.70866827,0.15465658,-0.014753962,-0.01617693,-0.029041363,0.051145828,-0.32289427,-0.35646711,-0.11650092,0.99271307,0.030794279,1.5399972,1.6876181,3.73
21,3200,1.600000,25,1.154399,0.70456906,1.0289678,0.44238225,-0.099137479,-0.040021217,0.016613888,0.044802257,-0.25700999,0.11698844,-0.47103534,0.85040128,-0.23440001,1.8073977,2.0766271,3.73
21,3200,1.600000,26,1.154399,1.0039845,0.71671233,0.43770902,-0.00031747244,-0.0097160059,-0.016801438,0.10084437,-0.074413533,0.18935986,-0.60149308,0.047762503,-0.79744894,2.4938518,3.0623524,3.73
21,3200,1.600000,27,1.154399,0.99098004,1.0187411,0.1665759,-0.056712577,0.090497742,0.01566088,0.17319546,0.15961971,-0.0046223844,-0.31264341,0.91882452,-0.24086428,1.8140526,1.8987719,3.73
21,3200,1.600000,28,1.154399,0.73440259,0.71180538,0.7296349,0.065358648,-0.027214261,0.033431155,0.19781483,0.19654545,-0.072274288,-0.37830464,0.46095519,-0.80274897,2.5026873,2.2580307,3.73
21,3200,1.600000,29,1.154399,0.71058566,0.99100531,1.0121988,-0.043226082,0.028112873,-0.048142664,0.15785936,-0.028411693,0.01189813,-0.52288544,0.57868035,-0.62587529,2.2470496,2.3055872,3.73
21,3200,1.600000,30,1.154399,1.0122032,0.71781496,1.0358762,0.023304665,0.061825334,0.085848801,-0.067579139,-0.20524131,-0.40987591,-0.33702804,0.66409931,-0.66737112,2.3014695,2.0404231,3.73
21,3200,1.600000,31,1.154399,1.0059094,0.99994997,0.70980607,0.037240619,0.002716637,-0.044711977,0.22908247,-0.058978812,0.050401766,-0.50911808,0.34688968,-0.78769686,2.4778578,2.5434906,3.73
22,3300,1.650000,0,1.1564855,0.14022628,0.12944482,0.12711693,-0.037124874,0.05417151,-0.042269238,0.21752846,-0.073056589,0.1610428,-0.093891345,0.46771505,-0.87887829,2.644302,1.7689079,3.73
22,3300,1.650000,1,1.1564855,0.14479247,0.45846509,0.41905206,-0.00024335999,0.019901152,-0.016857926,0.054271695,-0.077532346,-0.069855403,-0.32140564,0.52805624,-0.78603755,2.4751691,2.1175577,3.73
22,3300,1.650000,2,1.1564855,0.42120897,0.15448527,0.45802875,-0.014657076,-0.00036751344,0.072522764,-0.021258971,-0.25197547,0.32495616,-0.20828183,0.90697422,-0.36608257,1.9455922,1.7965272,3.73
22,3300,1.650000,3,1.1564855,0.433211,0.4215189,0.14011959,0.00067531635,0.0014093439,0.0014245647,-0.2145943,0.19296563,0.16802618,0.019829515,0.50684304,-0.86181026,2.6096242,1.5316927,3.73
22,3300,1.650000,4,1.1564855,0.1499192,0.16034114,0.72558119,0.094275337,-0.077193893,0.0064626946,-0.19343583,-0.03344494,0.00082682927,0.40279049,0.76348531,-0.5048267,2.0999775,1.0853383,3.73
22,3300,1.650000,5,1.1564855,0.15350314,0.4320961,1.0116858,-0.036317386,0.0019140822,0.00066707471,-0.23625231,-0.21607469,-0.39875769,-0.21268779,0.72508067,-0.65499765,2.2849758,1.8561225,3.73
22,3300,1.650000,6,1.1564855,0.4276929,0.14967511,1.0056151,-0.0098338391,-0.011533692,-0.0509546,-0.37673265,-0.063669459,0.14559035,-0.2710281,0.81300873,-0.5153257,2.112184,1.8925748,3.73
22,3300,1.650000,7,1.1564855,0.43022605,0.46136628,0.7281704,0.01442758,0.033623989,0.00054544646,-0.14443376,0.35915458,0.16370466,0.12315415,0.89154712,-0.43586327,2.0217936,1.4335297,3.73
22,3300,1.650000,8,1.1564855,0.16450757,0.74064311,0.1454068,-0.024849878,0.041649841,-0.019736813,-0.051987222,0.17077316,0.023192955,-0.87651785,0.43039686,-0.21558062,1.7880827,2.6851465,3.73
22,3300,1.650000,9,1.1564855,0.13049624,1.0115981,0.42430324,0.072320352,-0.026022748,-0.052332397,0.12845026,0.16604163,0.13598499,-0.42134606,0.85757426,-0.29501505,1.8702676,2.0274784,3.73
22,3300,1.650000,10,1.1564855,0.4327764,0.75387512,0.44003698,0.02951872,0.066051289,-0.0092683434,-0.24470991,-0.28623105,-0.096250027,-0.64304985,0.54944848,-0.53347282,2.1334975,2.4345257,3.73
22,3300,1.650000,11,1.1564855,0.42699379,1.0422068,0.15487701,-0.020883649,0.071424785,0.016571661,-0.18573461,0.1893451,-0.1015851,-0.57575774,0.61690339,-0.5365941,2.137192,2.3217091,3.73
22,3300,1.650000,12,1.1564855,0.15612794,0.72120411,0.70403616,0.033863722,0.0083674085,-0.01806268,0.03812316,0.47158119,0.14093193,-0.22438889,0.87661888,-0.42566297,2.0104907,1.8213867,3.73
22,3300,1.650000,13,1.1564855,0.14692466,1.0078137,1.005056,-0.10903468,0.034131832,0.026529595,0.11999806,0.057208537,0.075916347,-0.5251559,0.3163105,-0.79003731,2.4816662,2.599471,3.73
22,3300,1.650000,14,1.1564855,0.43846861,0.71077633,1.0067233,-0.035100668,0.014215302,-0.019740414,-0.12708448,-0.17008918,0.051755911,-0.39157497,0.90777341,-0.15038779,1.7217568,1.9780396,3.73
22,3300,1.650000,15,1.1564855,0.42609304,1.0127872,0.73551193,0.059685681,-0.18731093,0.031753112,-0.10262389,0.25462983,-0.055924334,-0.058247778,0.7754415,-0.62872702,2.2507114,1.6457712,3.73
22,3300,1.650000,16,1.1564855,0.70941557,0.12453938,0.15775652,-0.013417105,-0.035115621,0.017536998,0.22639349,-0.34579357,-0.12052,-0.52221345,-0.025942066,-0.85242015,2.591393,-3.0919563,3.73
22,3300,1.650000,17,1.1564855,0.74650303,0.4392166,0.43948043,0.033300531,0.0067848709,0.041079077,-0.09821116,-0.016228863,0.077074374,-0.5600681,0.23350367,-0.79485833,2.4895704,2.7465856,3.73
22,3300,1.650000,18,1.1564855,1.003028,0.16089138,0.43323902,-0.011557127,-0.0466057,0.022744116,0.01274641,-0.056286299,0.29036935,-0.30866142,0.84614016,-0.43448241,2.0202599,1.9205837,3.73
22,3300,1.650000,19,1.1564855,1.0179327,0.41966137,0.13875028,-0.017589352,-0.089441689,-0.040612932,-0.13858606,-0.028625499,-0.14858138,-0.61936306,-0.087502097,-0.78021329,2.4658031,-3.0012439,3.73
22,3300,1.650000,20,1.1564855,0.71707062,0.14741736,0.72146907,0.012308713,-0.017055441,0.023072655,0.17121507,0.034295228,-0.0091987697,0.19946871,0.9326435,-0.30064652,1.8761668,1.3600961,3.73
22,3300,1.650000,21,1.1564855,0.72060981,0.43501499,1.0088558,0.017022361,0.025235262,0.02984865,0.21966349,0.098699944,-0.013196302,-0.014830406,0.92502886,-0.37960724,1.9601681,1.5868273,3.73
22,3300,1.650000,22,1.1564855,0.99646476,0.1052487,0.98960129,-0.12197657,0.082167651,-0.049113878,-0.09212497,0.031856167,0.33410115,0.1288651,0.25233382,-0.95902108,2.8543231,1.098631,3.73
22,3300,1.650000,23,1.1564855,1.036474,0.42286809,0.72821639,0.11846031,-0.038613033,0.059547261,0.017169853,-0.098015194,0.07458968,-0.13828802,0.93785843,-0.31827345,1.894704,1.7171923,3.73
22,3300,1.650000,24,1.1564855,0.71226303,0.70193221,0.13371253,-0.0047343877,-0.024186648,-0.050245801,0.25017937,-0.042752263,-0.38543933,-0.31651948,0.94749906,-0.045397762,1.6162097,1.8931988,3.73
22,3300,1.650000,25,1.1564855,0.71691777,1.0122853,0.44792966,-0.088072233,-0.05854674,0.021357433,0.30101464,-0.4102593,0.0409733,-0.46667848,0.8430655,-0.26730461,1.8413911,2.0763606,3.73
22,3300,1.650000,26,1.1564855,1.0072054,0.71586113,0.44069341,0.0010874744,-0.011860691,-0.014610163,-0.035650884,0.00951895,-0.13623069,-0.66920362,0.24289333,-0.70226017,2.3493636,2.7934202,3.73
22,3300,1.650000,27,1.1564855,1.0017967,1.0231746,0.16391007,-0.047695251,0.093087616,0.012696649,0.18559848,-0.086646143,-0.099599683,-0.59747128,0.80181066,0.011302569,1.5594935,2.2111879,3.73
22,3300,1.650000,28,1.1564855,0.74301916,0.72763968,0.72460468,0.072641241,-0.012679637,0.027087889,-0.023703602,0.25893686,-0.19300254,-0.2716302,0.37707866,-0.88545396,2.6582663,2.1950526,3.73
22,3300,1.650000,29,1.1564855,0.72214171,0.99891414,1.0158772,-0.032963641,0.034224993,-0.046295405,0.16125719,0.21576577,0.07790566,-0.4449614,0.29402771,-0.84590606,2.5790581,2.5576669,3.73
22,3300,1.650000,30,1.1564855,1.0097853,0.70909408,1.0147419,0.019061152,0.051816074,0.062862966,0.010997364,-0.17525684,-0.42868967,-0.46004707,0.79350568,-0.3983785,1.9805446,2.0962045,3.73
22,3300,1.650000,31,1.1564855,1.0178203,0.99561356,0.71143543,0.047324228,-0.0034215914,-0.044365876,0.16635121,-0.12025231,-0.050102525,-0.25167622,0.45644004,-0.85341758,2.5933036,2.0747057,3.73
23,3400,1.700000,0,1.161547,0.13745275,0.14032986,0.13938879,-0.040504741,0.064467536,-0.030579242,-0.30240877,0.5015109,0.22365164,-0.30631264,0.64870662,-0.6966723,2.3415447,2.0119493,3.73
23,3400,1.700000,1,1.161547,0.15499128,0.45009552,0.42356293,0.0093009106,0.009547674,-0.014186899,0.17639587,-0.24970676,0.15178259,-0.53073989,0.29676926,-0.79387856,2.4879574,2.631743,3.73
23,3400,1.700000,2,1.161547,0.42483436,0.15331243,0.46307252,-0.012879028,-0.0022124455,0.07555531,0.067310861,0.082413628,-0.19148885,-0.21513146,0.79223507,-0.57103595,2.1785636,1.8359523,3.73
23,3400,1.700000,3,1.161547,0.42915512,0.4319813,0.14537253,-0.0052635774,0.01000815,0.0060541443,-0.017780661,0.15423571,0.088302566,0.12592276,0.76480755,-0.63183294,2.254712,1.407614,3.73
23,3400,1.700000,4,1.161547,0.14258492,0.15432823,0.72749265,0.086302327,-0.083893921,0.0052013484,-0.168156,-0.19673365,-0.055639619,0.24291424,0.81189678,-0.53086373,2.1304158,1.2800796,3.73
23,3400,1.700000,5,1.161547,0.14120141,0.43039313,0.9979479,-0.049262671,-0.0016721617,-0.01745901,-0.24359306,0.024644694,-0.21073388,0.048021306,0.56080295,-0.82655551,2.5437565,1.4853751,3.73
23,3400,1.700000,6,1.161547,0.41680946,0.15252168,1.0167331,-0.022561325,-0.0093469669,-0.044252448,-0.080943574,0.18190476,0.033124509,0.010737954,0.9058166,-0.42353393,2.0081392,1.5589424,3.73
23,3400,1.700000,7,1.161547,0.43393871,0.46896404,0.73311547,0.016253332,0.039190383,0.0022997847,0.14202982,-0.12974778,-0.0088957511,0.13826114,0.89929036,-0.41492253,1.998654,1.4182461,3.73
23,3400,1.700000,8,1.161547,0.15861803,0.74813745,0.14197708,-0.031445003,0.045893424,-0.023794063,-0.12926679,-0.049767585,-0.1219314,-0.73545964,0.53530802,-0.4153847,1.999162,2.5124156,3.73
23,3400,1.700000,9,1.161547,0.1357148,1.0300501,0.43550493,0.076957662,-0.012028623,-0.043008065,0.14776116,0.22614051,0.14629912,-0.53132159,0.74585947,-0.40173501,1.984207,2.1897705,3.73
23,3400,1.700000,10,1.161547,0.43499804,0.73218495,0.43332341,0.029845557,0.041116167,-0.017888948,0.2004345,-0.57091692,-0.26698724,-0.78103049,0.54795661,-0.2995579,1.8750256,2.529806,3.73
23,3400,1.700000,11,1.161547,0.42946433,1.0354679,0.15599267,-0.020283194,0.060149216,0.017008525,0.18302469,-0.62593593,0.10145855,-0.65757463,0.63965506,-0.39804146,1.9801772,2.3700073,3.73
23,3400,1.700000,12,1.161547,0.15280493,0.74561239,0.7214816,0.02986613,0.029572977,-0.0037298095,-0.1066864,0.3206692,0.40846637,-0.020593015,0.71248457,-0.70138553,2.3481358,1.5996914,3.73
23,3400,1.700000,13,1.161547,0.14925117,1.0155052,1.0136356,-0.10735487,0.037405416,0.030701364,-0.09962516,0.00107483,0.099658322,-0.66429588,0.48963846,-0.56477001,2.1709509,2.5064125,3.73
23,3400,1.700000,14,1.161547,0.43129061,0.71288931,1.0161921,-0.044177844,0.013219682,-0.014688657,-0.19093701,0.12889658,0.096565219,-0.87784254,0.4759296,0.053698081,1.5170724,2.6447899,3.73
23,3400,1.700000,15,1.161547,0.42686916,1.0240192,0.74035143,0.058599339,-0.18052625,0.033370044,0.044750714,-0.052770775,0.11569166,-0.09340333,0.99024968,-0.1033508,1.674332,1.6648411,3.73
23,3400,1.700000,16,1.161547,0.72084939,0.12228711,0.15164629,-0.0051062521,-0.037906857,0.01075115,0.15191859,0.22035609,-0.16152526,-0.35475251,0.16773624,-0.91979085,2.7383435,2.6999195,3.73
23,3400,1.700000,17,1.161547,0.73209536,0.44489412,0.44275408,0.015664239,0.010531935,0.042426353,-0.4637155,0.06928348,-0.0060704858,-0.30118981,0.23534104,-0.92406671,2.749383,2.4783144,3.73
23,3400,1.700000,18,1.161547,1.0138127,0.1510749,0.45320204,-0.0051762288,-0.057103409,0.04077166,0.24211243,-0.24660792,0.32834107,0.11251292,0.98034261,-0.16207776,1.7335922,1.4565273,3.73
23,3400,1.700000,19,1.161547,1.0128886,0.41733422,0.12875627,-0.027067832,-0.093596455,-0.051191094,-0.23455784,-0.1340259,-0.18211817,-0.4452896,0.24786218,-0.86039614,2.6068428,2.6336724,3.73
23,3400,1.700000,20,1.161547,0.72740432,0.14876102,0.72521034,0.019488415,-0.016358489,0.023655082,0.091239023,0.012753499,0.041071402,0.33901418,0.91219845,-0.23013774,1.8030155,1.2149701,3.73
23,3400,1.700000,21,1.161547,0.7346535,0.43128401,1.0105682,0.027888513,0.019612678,0.027151521,0.16182415,-0.27322935,-0.1230398,-0.024860787,0.87121202,-0.49027703,2.0832039,1.5993244,3.73
23,3400,1.700000,22,1.161547,1.002226,0.11533076,1.0137045,-0.12057946,0.091768118,-0.029384801,0.16808056,0.35722656,0.38607997,0.10143567,0.45386302,-0.88527914,2.6578902,1.3509158,3.73
23,3400,1.700000,23,1.161547,1.0342816,0.42730308,0.73603787,0.11174632,-0.036034393,0.064171539,-0.3301501,0.2185491,0.011254335,0.095741345,0.96373046,-0.24911282,1.8225604,1.4717767,3.73
23,3400,1.700000,24,1.161547,0.72649576,0.70849141,0.12203701,0.006356841,-0.020707106,-0.062479813,0.2122156,0.20572457,-0.0094085061,-0.55049223,0.75862092,-0.34850049,1.9267672,2.1985295,3.73
23,3400,1.700000,25,1.161547,0.73224887,1.0039278,0.44149528,-0.075905351,-0.071306795,0.012980941,0.12101279,-0.090925168,-0.3480382,-0.73677862,0.66795455,-0.10485221,1.6758416,2.4051498,3.73
23,3400,1.700000,26,1.161547,1.0121751,0.72034741,0.43165388,0.0016478401,-0.010510392,-0.025554533,0.11932612,-0.055429745,-0.2974142,-0.41878981,0.46832341,-0.77800275,2.4622768,2.3004156,3.73
23,3400,1.700000,27,1.161547,1.0174298,1.0124906,0.1565062,-0.036471032,0.07795867,0.0045931144,0.22076138,-0.38951203,-0.18400161,-0.46003229,0.87722056,-0.13731127,1.7085428,2.0537888,3.73
23,3400,1.700000,28,1.161547,0.73927348,0.7358776,0.72120226,0.065658919,-0.0076373046,0.020528491,-0.25493022,-0.013938854,-0.037830962,-0.34754517,0.35462508,-0.86801694,2.6219908,2.3461119,3.73
23,3400,1.700000,29,1.161547,0.72710793,1.0151723,1.0260967,-0.031161874,0.046085428,-0.040534499,-0.078830313,0.24563559,0.076610242,-0.062867287,0.26653673,-0.96177226,2.8641983,1.80243,3.73
23,3400,1.700000,30,1.161547,1.0201,0.70789436,1.0032851,0.024943514,0.047522318,0.046999696,0.15427558,0.019687546,-0.2398992,-0.42345264,0.89555487,0.13663581,1.4337318,2.0124794,3.73
23,3400,1.700000,31,1.161547,1.0295643,1.0004507,0.71324163,0.054597833,-0.0029428939,-0.045670482,0.1049503,0.10434879,0.10408648,-0.034610387,0.60997536,-0.79166418,2.4843244,1.6274762,3.73
24,3500,1.750000,0,1.1531495,0.12056691,0.16420391,0.14917183,-0.056454721,0.089446733,-0.019749189,-0.1754669,0.36806336,0.22767585,-0.14975553,0.63280851,-0.75968854,2.4336303,1.8031734,3.73
24,3500,1.750000,1,1.1531495,0.15580464,0.43945747,0.42863552,0.011241832,0.0021367417,-0.006022516,-0.092788278,-0.093729516,0.16159998,-0.30419278,0.38318503,-0.87214447,2.6303649,2.2417782,3.73
24,3500,1.750000,2,1.1531495,0.42969818,0.15306408,0.4481992,-0.0049149404,-0.0013492752,0.063987839,0.22526264,-0.038701363,-0.237059,0.028344433,0.6770502,-0.73539079,2.3970395,1.5289562,3.73
24,3500,1.750000,3,1.1531495,0.42716113,0.43454129,0.14533061,-0.0041509163,0.015711881,0.0070668845,0.083963335,0.0806324,-0.06710925,-0.11604916,0.95714348,-0.26534684,1.83936,1.6914527,3.73
24,3500,1.750000,4,1.1531495,0.13469538,0.14249653,0.72182175,0.079418648,-0.094648912,0.0047884166,-0.070132945,-0.18917161,0.058623972,0.098160547,0.83339372,-0.54389284,2.1458655,1.4535524,3.73
24,3500,1.750000,5,1.1531495,0.13269893,0.42846219,0.98373428,-0.056771561,-0.00048724175,-0.024483365,-0.053270682,-0.067379993,-0.034903634,-0.033540459,0.58417017,-0.81093788,2.5165495,1.6281489,3.73
24,3500,1.750000,6,1.1531495,0.41541049,0.15993921,1.0115635,-0.020941061,-0.00079574273,-0.042063495,0.097203702,0.099072478,0.073361361,0.29605291,0.85657233,-0.42265413,2.0071682,1.2380243,3.73
24,3500,1.750000,7,1.1531495,0.439084,0.45145629,0.72838068,0.024565973,0.025021645,0.0028671733,0.15059568,-0.34179277,0.0071844529,0.17880367,0.74683916,-0.64051582,2.2659661,1.3358056,3.73
24,3500,1.750000,8,1.1531495,0.15502276,0.73083439,0.13817534,-0.033902443,0.033955775,-0.026579474,0.048739059,-0.45128682,0.033749907,-0.44034996,0.7652243,-0.46959949,2.0596334,2.0929703,3.73
24,3500,1.750000,9,1.1531495,0.14549946,1.0265173,0.43512825,0.087762681,-0.0081003639,-0.040226132,0.33638306,-0.14469824,-0.026388711,-0.28858863,0.67181574,-0.68218781,2.321547,1.9765273,3.73
24,3500,1.750000,10,1.1531495,0.44312097,0.70695255,0.41483439,0.041154365,0.021104561,-0.033301138,0.17222488,-0.18024755,-0.24006409,-0.64003651,0.74676381,-0.18082333,1.7526198,2.2793865,3.73
24,3500,1.750000,11,1.1531495,0.43305395,0.99676472,0.16183139,-0.013564354,0.02881832,0.024000381,0.035964734,-0.46322585,0.064870851,-0.52624852,0.65388439,-0.54359701,2.145513,2.2484594,3.73
24,3500,1.750000,12,1.1531495,0.14631153,0.74659323,0.73620172,0.024457826,0.035967476,0.016278905,-0.13244797,0.02190309,0.2575821,-0.065381174,0.53726863,-0.84087319,2.5696909,1.6918927,3.73
24,3500,1.750000,13,1.1531495,0.13922537,1.0107096,1.0137234,-0.11633422,0.039960686,0.038144294,-0.22245181,0.11748827,0.20608336,-0.40247868,0.81768771,-0.41157955,1.9949829,2.0281971,3.73
24,3500,1.750000,14,1.1531495,0.42187202,0.71631931,1.0136155,-0.050501322,0.021834824,-0.0099011629,0.0041642761,0.16781334,0.16085296,-0.83247745,0.50443601,-0.22918468,1.8020363,2.5968129,3.73
24,3500,1.750000,15,1.1531495,0.43216277,1.0059472,0.74084051,0.067009544,-0.19123389,0.03923283,0.26340689,-0.30375249,0.040967903,-0.23449136,0.8412562,0.48713633,1.0619886,1.8426358,3.73
24,3500,1.750000,16,1.1531495,0.71999436,0.13902179,0.1465441,-0.00073397695,-0.02022394,0.0067307175,-0.013139909,0.43315434,0.039295716,-0.045546003,0.071782876,-0.99637984,3.0564769,2.1361957,3.73
24,3500,1.750000,17,1.1531495,0.70877053,0.44296387,0.43804649,-0.0024335107,0.011822771,0.040914208,-0.18240018,-0.084813801,-0.06397258,-0.010478984,0.28663789,-0.95798169,2.8506772,1.6073383,3.73
24,3500,1.750000,18,1.1531495,1.0155952,0.14642597,0.45541962,0.0039688484,-0.060673081,0.046285707,0.05691113,0.068226107,-0.11821499,-0.083814398,0.9909779,-0.10458467,1.6755726,1.655173,3.73
24,3500,1.750000,19,1.1531495,0.99882827,0.41017283,0.12729002,-0.033829962,-0.097755777,-0.05172844,-0.090043492,0.070124357,0.12130474,-0.14104919,0.50189036,-0.85335291,2.5931796,1.8447653,3.73
24,3500,1.750000,20,1.1531495,0.72367661,0.14442131,0.72148085,0.021025107,-0.019634605,0.025174076,-0.052192862,-0.10146777,0.009138068,-0.092728485,0.83729417,-0.53883198,2.1398463,1.6810947,3.73
24,3500,1.750000,21,1.1531495,0.73042903,0.41307602,0.99274551,0.02897924,0.0044677439,0.016596555,-0.089041478,-0.22096221,-0.21805738,-0.044620486,0.84782693,-0.52839238,2.1275022,1.6233771,3.73
24,3500,1.750000,22,1.1531495,1.0063816,0.13857007,1.0194289,-0.10913669,0.11592888,-0.016284272,0.25794223,0.49437894,0.11608994,-0.19395101,0.69228509,-0.69507148,2.3393156,1.843954,3.73
24,3500,1.750000,23,1.1531495,1.0078876,0.43815304,0.72322076,0.092760828,-0.022044448,0.05664839,-0.42476475,0.28519533,-0.2713423,0.050675181,0.96088289,-0.27227945,1.8465575,1.518107,3.73
24,3500,1.750000,24,1.1531495,0.73221329,0.71591354,0.12682922,0.017366569,-0.008117204,-0.056784658,0.21449705,0.26038916,0.19131301,-0.59249463,0.75813196,-0.27237114,1.8466528,2.2341664,3.73
24,3500,1.750000,25,1.1531495,0.72767952,0.99900195,0.41933768,-0.075178207,-0.068966157,-0.006053888,-0.051639339,0.092310779,-0.34384978,-0.83531211,0.54977504,-0.0010386826,1.571835,2.5594974,3.73
24,3500,1.750000,26,1.1531495,1.017986,0.70559239,0.41857816,0.014824153,-0.020092359,-0.03554582,0.29739127,-0.25699219,-0.18357753,-0.4076714,0.63481933,-0.65636,2.2867802,2.141658,3.73
24,3500,1.750000,27,1.1531495,1.0126954,0.9945657,0.1437371,-0.033840373,0.067314987,-0.0070868904,-0.086435187,-0.027180066,-0.24665626,-0.45835698,0.88870928,-0.010231576,1.5810281,2.046969,3.73
24,3500,1.750000,28,1.1531495,0.72224855,0.72840195,0.71757826,0.053936096,-0.0098007208,0.022124273,-0.1691665,-0.019624911,0.042783532,-0.35510566,0.40714667,-0.84150553,2.5708603,2.2880276,3.73
24,3500,1.750000,29,1.1531495,0.71737076,1.0162685,1.0162048,-0.035658676,0.054551591,-0.043017238,-0.081123757,0.13905696,-0.13963104,-0.0022599906,0.12538578,-0.99210549,3.0158555,1.5888187,3.73
24,3500,1.750000,30,1.1531495,1.0172425,0.70922472,0.99263997,0.029477363,0.053993933,0.043595516,-0.018180101,0.19838715,0.18640097,-0.23296569,0.97018621,-0.066825904,1.6376721,1.8064592,3.73
24,3500,1.750000,31,1.1531495,1.0178645,0.99824399,0.7179483,0.050325857,0.0021015384,-0.035771464,-0.27793345,0.05580809,0.24504987,-0.17548113,0.34858688,-0.92070275,2.7406737,2.037166,3.73
25,3600,1.800000,0,1.1555173,0.12751781,0.17538243,0.16259484,-0.049758257,0.10027698,-0.0066459168,0.39401358,0.022680102,0.24510668,0.081580345,0.5255397,-0.84684867,2.580828,1.4167939,3.73
25,3600,1.800000,1,1.1555173,0.15169254,0.43307727,0.44191357,0.0068143544,-0.0051383581,0.0063627036,-0.073195526,-0.19201705,0.34290968,-0.063441872,0.3345835,-0.94022817,2.794096,1.7581861,3.73
25,3600,1.800000,2,1.1555173,0.4404077,0.15065001,0.43504557,0.0049021982,-0.0040748444,0.049928322,0.05657453,-0.097499852,-0.21357489,0.074362398,0.53830659,-0.83946188,2.5670885,1.4335238,3.73
25,3600,1.800000,3,1.1555173,0.43730139,0.43104615,0.13896592,0.0051027428,0.011328964,0.00041061073,0.25893957,-0.25125342,-0.22217713,-0.18564319,0.9628049,-0.19632455,1.7684044,1.7612738,3.73
25,3600,1.800000,4,1.1555173,0.13761553,0.13330432,0.72337671,0.082059515,-0.104124,0.0048611498,0.18929796,-0.20966933,-0.015643028,0.060744965,0.7416963,-0.66797952,2.3022868,1.4890787,3.73
25,3600,1.800000,5,1.1555173,0.1354549,0.42415644,0.99162685,-0.054290616,-0.0056674601,-0.01861676,0.11177882,-0.097183057,0.18215565,-0.15905252,0.59572142,-0.78728539,2.4771902,1.8317019,3.73
25,3600,1.800000,6,1.1555173,0.42131074,0.15356784,1.0224484,-0.015898961,-0.0074886588,-0.033264718,0.075349266,-0.34558109,0.26533959,0.28339723,0.93640365,-0.20696427,1.7792674,1.2769153,3.73
25,3600,1.800000,7,1.1555173,0.44151111,0.43725626,0.72800803,0.026089932,0.0099101161,0.0010008161,-0.11286708,-0.28276602,-0.10714393,0.054216895,0.44682088,-0.89297908,2.6747174,1.4500474,3.73
25,3600,1.800000,8,1.1555173,0.15081581,0.70515653,0.14332367,-0.038423071,0.0068051001,-0.021719846,-0.22321867,-0.43396497,0.032985914,-0.31500941,0.78843248,-0.52834013,2.1274407,1.9509051,3.73
25,3600,1.800000,9,1.1555173,0.15937097,1.0156855,0.43314771,0.10132152,-0.021026766,-0.043097194,0.1868629,-0.28195925,-0.089424187,0.016242203,0.89492193,-0.44592704,2.033006,1.552649,3.73
25,3600,1.800000,10,1.1555173,0.44499758,0.70421639,0.41847658,0.042120109,0.016921069,-0.030513603,-0.11418332,-0.061878926,0.36384953,-0.49329893,0.86950216,-0.024943213,1.5957421,2.086851,3.73
25,3600,1.800000,11,1.1555173,0.43241581,0.99594421,0.14947988,-0.015090133,0.025954044,0.011329565,-0.040602796,0.30167991,-0.53052493,-0.075399612,0.72124345,-0.68856574,2.3303057,1.6749591,3.73
25,3600,1.800000,12,1.1555173,0.13749496,0.74579134,0.73739669,0.015350169,0.03363496,0.015962521,-0.23499347,-0.060647671,-0.19526801,-0.45707927,0.59845663,-0.6579728,2.2889199,2.223048,3.73
25,3600,1.800000,13,1.1555173,0.13344258,1.0213506,1.0253085,-0.12239667,0.048517632,0.047638201,0.013337708,0.074185275,0.21348394,-0.38828144,0.88352249,-0.26196475,1.8358538,1.9848589,3.73
25,3600,1.800000,14,1.1555173,0.43193977,0.72565446,1.0223243,-0.04130925,0.029691064,-0.0032804951,0.25872193,0.13521999,0.081256408,-0.3867877,0.57413748,-0.72163802,2.3769619,2.1636419,3.73
25,3600,1.800000,15,1.1555173,0.44350873,0.99990686,0.74073779,0.077457407,-0.19933149,0.037610568,0.11421009,0.044000314,-0.19926787,-0.67459062,0.64549017,0.35814792,1.2045129,2.3782354,3.73
25,3600,1.800000,16,1.1555173,0.71871633,0.15860248,0.15360407,-0.0034875839,-0.0009484831,0.013482858,-0.036630612,0.33098199,0.1389303,0.20588227,0.091258559,-0.97431225,2.914443,0.41723151,3.73
25,3600,1.800000,17,1.1555173,0.71858194,0.43372112,0.43052239,0.0059139893,0.0016808589,0.032499274,0.39026054,-0.2493349,-0.19601616,0.23860198,0.20208199,-0.94985892,2.8235807,0.70271596,3.73
25,3600,1.800000,18,1.1555173,1.0157623,0.15339422,0.44577207,0.0020526015,-0.054012331,0.035713864,-0.12261722,0.043940634,-0.21914041,-0.41174163,0.86720071,-0.28005672,1.8546495,2.0140765,3.73
25,3600,1.800000,19,1.1555173,0.99586344,0.42442008,0.1403352,-0.038840598,-0.084364493,-0.038957732,-0.078265653,0.3140794,0.27101219,0.094207599,0.66963481,-0.73669135,2.3989608,1.4310286,3.73
25,3600,1.800000,20,1.1555173,0.72019439,0.13643217,0.71812473,0.016062021,-0.027911802,0.020341456,-0.1725308,-0.15353041,-0.16072382,-0.57061763,0.49324275,-0.65658747,2.2870817,2.4287969,3.73
25,3600,1.800000,21,1.1555173,0.72299694,0.41598914,0.98889269,0.020056475,0.0065305584,0.010711329,-0.23519506,0.30405643,0.03398403,-0.09900334,0.93728039,-0.33422121,1.9115751,1.6760344,3.73
25,3600,1.800000,22,1.1555173,1.0166934,0.15900956,1.0189144,-0.10089979,0.13606319,-0.018889326,0.058803071,0.21796048,-0.19740384,-0.3175462,0.54173498,-0.77825935,2.4626854,2.1009811,3.73
25,3600,1.800000,23,1.1555173,0.98852852,0.44623684,0.71305941,0.071354197,-0.014867693,0.045013949,-0.31796767,0.071075765,-0.16114803,-0.31245092,0.85936142,-0.40481153,1.987569,1.919522,3.73
25,3600,1.800000,24,1.1555173,0.74184726,0.72662328,0.13885217,0.025488725,0.0011130421,-0.045034185,0.048411865,0.10603543,0.24382316,-0.4149468,0.86879008,-0.27022759,1.8444257,2.0163758,3.73
25,3600,1.800000,25,1.1555173,0.7253624,1.0060027,0.41156371,-0.078985602,-0.064021811,-0.014680053,-0.10980795,0.065991025,0.0081733726,-0.60041798,0.79405766,-0.094713681,1.6656522,2.2182148,3.73
25,3600,1.800000,26,1.1555173,1.0305335,0.70108889,0.40834104,0.025270728,-0.026038588,-0.046631057,0.12776834,0.061243164,-0.21734695,-0.41837239,0.50829464,-0.75272911,2.4229941,2.259459,3.73
25,3600,1.800000,27,1.1555173,1.0109598,1.0022376,0.13359217,-0.037651473,0.072938898,-0.017516267,-0.029637046,0.21237453,-0.15255431,-0.53487282,0.84057811,0.085670886,1.4850203,2.1374912,3.73
25,3600,1.800000,28,1.1555173,0.7194749,0.72842078,0.7180706,0.049683784,-0.011276037,0.02114418,0.045811109,-0.030262143,-0.044935361,-0.31066008,0.41396641,-0.85564135,2.5975851,2.2145838,3.73
25,3600,1.800000,29,1.1555173,0.7168356,1.0245223,1.0122087,-0.037664785,0.060712375,-0.049093663,-0.034907381,0.099256379,0.013806304,0.28026646,-0.078273289,-0.95672567,2.8463297,-0.27234248,3.73
25,3600,1.800000,30,1.1555173,1.0150619,0.71591981,1.0139368,0.025212435,0.059227375,0.062834364,-0.084725699,0.072811933,0.43860962,0.09249824,0.84752622,-0.52263122,2.1207306,1.4620875,3.73
25,3600,1.800000,31,1.1555173,1.0017944,1.0073902,0.72619798,0.032184267,0.0091907458,-0.029002921,-0.33460922,0.23289856,-0.0058978142,-0.08367389,0.30269734,-0.94940666,2.8221375,1.8404892,3.73
26,3700,1.850000,0,1.1629328,0.15243986,0.17026695,0.17398486,-0.025731394,0.094055882,0.0036676683,0.40644021,-0.21375393,0.1071612,-0.058446278,0.43337031,-0.89931875,2.6890055,1.704852,3.73
26,3700,1.850000,1,1.1629328,0.15017661,0.42873612,0.46429603,0.0043328757,-0.012236074,0.025846862,-0.10555416,-0.012196837,0.2908723,-0.18705175,0.30214532,-0.93472983,2.7782943,2.1251263,3.73
26,3700,1.850000,2,1.1629328,0.43849078,0.14432427,0.4338031,0.00017408666,-0.011344133,0.045906809,-0.14073446,-0.2035964,0.077958862,-0.038103869,0.52524717,-0.85009617,2.5869642,1.6432141,3.73
26,3700,1.850000,3,1.1629328,0.45359806,0.42446318,0.12944165,0.018550019,0.0020095652,-0.0099722655,0.19298209,0.0048949879,-0.11973253,-0.055601215,0.93427767,-0.35218424,1.9307002,1.6302387,3.73
26,3700,1.850000,4,1.1629328,0.14561122,0.12325785,0.72597711,0.089149373,-0.11499118,0.0028257833,0.055083272,-0.21185267,0.014012536,-0.14066787,0.80537326,-0.57583545,2.184422,1.7437137,3.73
26,3700,1.850000,5,1.1629328,0.14334706,0.42599541,1.0062216,-0.047290126,-0.0065477024,-0.010412003,0.14042542,0.044599314,0.078574071,-0.23356256,0.51102596,-0.82722488,2.5449468,1.9994945,3.73
26,3700,1.850000,6,1.1629328,0.42573884,0.1390108,1.0338028,-0.014180121,-0.022981666,-0.028487158,-0.051306427,-0.096805909,-0.27133861,0.081764082,0.99303661,-0.084811158,1.6557095,1.4886442,3.73
26,3700,1.850000,7,1.1629328,0.43635747,0.43069636,0.72588797,0.018128359,0.00057398685,-0.0057695774,-0.13974085,-0.12275651,-0.091984298,-0.26050846,0.14820319,-0.95402891,2.8371992,2.624355,3.73
26,3700,1.850000,8,1.1629328,0.14295683,0.69270941,0.14377611,-0.047221768,-0.010113246,-0.022185694,-0.026698239,-0.23781619,-0.087439446,0.02135658,0.89351284,-0.44852949,2.0359157,1.5468991,3.73
26,3700,1.850000,9,1.1629328,0.1673369,1.0097164,0.43040634,0.10824255,-0.033474155,-0.048600693,0.080863195,-0.24857907,-0.1381105,0.18260664,0.96282444,-0.19905754,1.7711925,1.3833652,3.73
26,3700,1.850000,10,1.1629328,0.43763761,0.70950777,0.43860083,0.03193694,0.017690685,-0.013130531,-0.24652213,-0.0064521007,0.24509421,-0.50925581,0.8584949,-0.060374153,1.6312072,2.1061979,3.73
26,3700,1.850000,11,1.1629328,0.43128776,1.0226715,0.13327301,-0.018980773,0.046225018,-0.0057818634,-0.10376418,0.31548732,-0.037314981,0.22878734,0.38783818,-0.89288179,2.6745013,1.0378334,3.73
26,3700,1.850000,12,1.1629328,0.12775217,0.74335374,0.72977389,0.0047588835,0.026434276,0.0036468755,-0.17028665,-0.24047159,-0.29412272,-0.77107558,0.43171883,-0.46803986,2.0578677,2.6311868,3.73
26,3700,1.850000,13,1.1629328,0.13745813,1.0285589,1.0402053,-0.11924756,0.049169264,0.055928545,0.089736644,-0.077604743,0.15087725,-0.4696209,0.87651378,0.10573457,1.4648637,2.0626586,3.73
26,3700,1.850000,14,1.1629328,0.45042279,0.73907281,1.0256395,-0.025648295,0.038424597,-0.006515734,0.28385802,0.25311973,-0.16694749,0.0022033952,0.24326438,-0.96995752,2.8958524,1.561739,3.73
26,3700,1.850000,15,1.1629328,0.44869202,1.0159758,0.73190061,0.07978703,-0.18971024,0.024063037,-0.043394754,0.18863171,-0.24941815,-0.85742522,0.50847464,-0.079218225,1.6500976,2.6063176,3.73
26,3700,1.850000,16,1.1629328,0.72633126,0.16498196,0.15443456,-0.00049459473,0.004396071,0.013328087,0.14031892,-0.077426101,-0.17545425,0.12217911,0.56019834,-0.81929853,2.5309829,1.3560593,3.73
26,3700,1.850000,17,1.1629328,0.73410137,0.42741274,0.42700449,0.016787147,-0.0073819339,0.026238527,-0.032530204,-0.089427769,-0.045517935,-0.048108253,0.46622885,-0.88335511,2.6537692,1.6736184,3.73
26,3700,1.850000,18,1.1629328,1.0155545,0.14708696,0.43763278,-0.0046524477,-0.061280752,0.024748911,-0.050533931,-0.27305204,-0.13091808,-0.36071827,0.83355488,-0.41841198,2.0024925,1.9792103,3.73
26,3700,1.850000,19,1.1629328,1.0095832,0.43520819,0.15243897,-0.031535163,-0.076325805,-0.027790273,0.33325325,0.016174848,0.045987595,0.24159802,0.57279107,-0.78328845,2.4707345,1.171647,3.73
26,3700,1.850000,20,1.1629328,0.72248195,0.13449453,0.71884166,0.01373518,-0.030716018,0.016462227,0.021832342,0.080168684,0.026502255,-0.7973002,0.55030555,-0.24794394,1.8213537,2.5374666,3.73
26,3700,1.850000,21,1.1629328,0.71490515,0.43718004,1.005328,0.0073654476,0.024992799,0.020768268,-0.20523102,0.43016285,0.33917315,-0.14171098,0.97218187,-0.18649508,1.7583898,1.7155428,3.73
26,3700,1.850000,22,1.1629328,1.0188711,0.16384545,1.0148413,-0.10523293,0.13986646,-0.029467446,-0.19960852,-0.064963389,-0.15856367,-0.18254573,0.32256777,-0.9287772,2.7618962,2.0857757,3.73
26,3700,1.850000,23,1.1629328,0.99273589,0.44817695,0.71747913,0.069224491,-0.015788363,0.044858104,0.2752481,-0.045964673,0.15779832,-0.61289243,0.60013637,-0.51400311,2.1106414,2.36671,3.73
26,3700,1.850000,24,1.1629328,0.73709664,0.73480184,0.14954333,0.016007624,0.0046172939,-0.035265354,-0.36041118,0.059235636,0.15951322,-0.22080891,0.83496486,-0.50406061,2.0990903,1.8293308,3.73
26,3700,1.850000,25,1.1629328,0.72556578,1.0145224,0.42076303,-0.083423041,-0.061964702,-0.0081428592,-0.12777784,0.045568218,0.22813123,-0.32602454,0.92923154,-0.17388716,1.7455719,1.9082317,3.73
26,3700,1.850000,26,1.1629328,1.0406804,0.71494382,0.40831553,0.028792838,-0.016712728,-0.049268663,-0.034110277,0.24006734,0.16296858,-0.08771234,0.35810715,-0.9295514,2.7639906,1.8110006,3.73
26,3700,1.850000,27,1.1629328,1.013469,1.023275,0.13152228,-0.041617433,0.087497889,-0.020434148,-0.10875002,0.35014569,-0.011617962,-0.31015927,0.94706641,-0.082863982,1.6537554,1.887283,3.73
26,3700,1.850000,28,1.1629328,0.7274766,0.73117761,0.72061536,0.053057458,-0.013187727,0.019087295,0.057642094,-0.077838241,-0.05771288,-0.230204,0.15756746,-0.96030131,2.8588767,2.5413665,3.73
26,3700,1.850000,29,1.1629328,0.72338127,1.0333054,1.0229002,-0.035725612,0.062913532,-0.044911412,0.16863068,-0.0015213703,0.066870685,0.39348847,-0.058547271,-0.91746337,2.7324529,-0.14770667,3.73
26,3700,1.850000,30,1.1629328,1.0167565,0.72723722,1.028839,0.020408171,0.065928936,0.07120287,-0.071356173,0.16226825,-0.05664534,0.2845141,0.82535797,-0.48768428,2.0802316,1.2388366,3.73
26,3700,1.850000,31,1.1629328,0.99621037,1.0247968,0.72729681,0.020209561,0.020097553,-0.032553115,-0.064550277,0.10006791,-0.10177098,0.11290896,0.66168151,-0.74123488,2.4057045,1.4017848,3.73
27,3800,1.900000,0,1.1547171,0.16178389,0.16069663,0.16977178,-0.01527336,0.085658669,0.00067311217,0.021851219,-0.11229964,-0.21468335,-0.17794947,0.53063405,-0.82871074,2.5475965,1.8943631,3.73
27,3800,1.900000,1,1.1547171,0.13574767,0.42904041,0.46394969,-0.0090826776,-0.0088910538,0.028791045,-0.37905249,0.11041334,-0.18892313,-0.40797002,0.4962464,-0.76635499,2.4439442,2.2588754,3.73
27,3800,1.900000,2,1.1547171,0.4342767,0.13524281,0.43704261,-0.00094618167,-0.019434673,0.052233412,0.1164503,-0.040200859,0.17248708,-0.023072614,0.31692106,-0.94817124,2.8182267,1.6434705,3.73
27,3800,1.900000,3,1.1547171,0.45110729,0.43278741,0.12810476,0.019266298,0.013372766,-0.010396199,-0.20668584,0.27680516,0.11160052,-0.024990929,0.92746748,-0.37306773,1.9531096,1.5977352,3.73
27,3800,1.900000,4,1.1547171,0.14397617,0.11310302,0.72488085,0.088540859,-0.12430827,0.0068726501,-0.18567379,-0.12502847,0.15333245,-0.19085758,0.87480091,-0.44530524,2.0323115,1.7856029,3.73
27,3800,1.900000,5,1.1547171,0.14869774,0.42952413,1.0011723,-0.040904116,1.3785911e-05,-0.0083453842,0.13326848,0.2459668,0.053834659,-0.24679285,0.69697349,-0.67329135,2.3094477,1.9111121,3.73
27,3800,1.900000,6,1.1547171,0.42111808,0.14362259,1.0029772,-0.015798926,-0.017367919,-0.052092957,-0.0274762,0.18544744,-0.51872043,0.12769281,0.98839295,-0.082303839,1.6531934,1.4423156,3.73
27,3800,1.900000,7,1.1547171,0.43626386,0.4250607,0.72584571,0.021128098,-0.0020281747,-0.00066560098,0.14491888,0.075920019,0.24504235,-0.28644581,0.25092389,-0.92465453,2.7509237,2.4222018,3.73
27,3800,1.900000,8,1.1547171,0.14965905,0.68386495,0.13467743,-0.039482173,-0.014078008,-0.030297402,0.3511271,0.15252912,-0.22391136,0.52647062,0.79736847,-0.29501222,1.8702646,0.98724213,3.73
27,3800,1.900000,9,1.1547171,0.16368392,0.99040988,0.42092672,0.10576296,-0.045690695,-0.055062545,-0.26052074,-0.20683544,-0.057009734,0.21569336,0.92340853,-0.31747922,1.8938663,1.3413268,3.73
27,3800,1.900000,10,1.1547171,0.42822235,0.70589794,0.44342722,0.02559094,0.019098264,-0.0051773859,-0.021231719,0.048807659,0.088416673,-0.31442209,0.92531862,-0.2119533,1.7843696,1.8983544,3.73
27,3800,1.900000,11,1.1547171,0.42259294,1.021175,0.13991365,-0.02464878,0.051973751,0.001827278,0.051394393,0.019055091,0.21928969,0.36565422,-0.17818374,-0.91353574,2.7226897,-0.45343706,3.73
27,3800,1.900000,12,1.1547171,0.12131895,0.72252214,0.71177425,-0.00079149178,0.010798785,-0.0092428571,0.0045196242,-0.27119861,-0.16149051,-0.86608801,0.27484007,-0.41755777,2.0015522,2.834309,3.73
27,3800,1.900000,13,1.1547171,0.13968675,1.0153975,1.0399207,-0.11603647,0.043253344,0.063017758,0.033405437,-0.18264823,0.057325964,-0.058629477,0.99395864,0.092783622,1.4778791,1.6297139,3.73
27,3800,1.900000,14,1.1547171,0.45786293,0.74500995,1.0086377,-0.014988286,0.049622722,-0.016306477,0.027020273,0.12930366,-0.23310421,-0.11423406,0.18719565,-0.97565792,2.9204977,2.1187104,3.73
27,3800,1.900000,15,1.1547171,0.44379321,1.0137472,0.71720291,0.078051927,-0.18474368,0.014502066,0.0043653474,-0.067357856,-0.093050629,-0.81812815,0.55032773,-0.16675047,1.7383294,2.5494475,3.73
27,3800,1.900000,16,1.1547171,0.72763726,0.15412769,0.14244625,0.0059655848,-0.0053271223,0.0023920379,0.079756662,-0.25040759,-0.22667099,-0.19831319,0.77750101,-0.59679482,2.210297,1.8205362,3.73
27,3800,1.900000,17,1.1547171,0.7176666,0.42205117,0.42556314,0.0054985325,-0.0097323118,0.027819411,-0.29100542,-0.038616622,0.077351469,-0.40629235,0.75917846,-0.50850231,2.1042409,2.0621854,3.73
27,3800,1.900000,18,1.1547171,1.0106608,0.13298413,0.43175265,-0.0023634287,-0.074390933,0.021950579,0.16508338,-0.15810436,-0.08196152,-0.4245388,0.86233881,-0.27593222,1.8503558,2.0282738,3.73
27,3800,1.900000,19,1.1547171,1.021553,0.43115468,0.1470694,-0.012365038,-0.077308205,-0.032098191,0.33820377,-0.11068234,-0.14875506,0.086276834,0.36330093,-0.92766844,2.7589159,1.3376351,3.73
27,3800,1.900000,20,1.1547171,0.7164081,0.14189665,0.72109931,0.012761963,-0.022334035,0.023824341,-0.08172762,0.27451454,0.19573329,-0.78572362,0.59719374,0.16123905,1.4088503,2.4916869,3.73
27,3800,1.900000,21,1.1547171,0.70800652,0.45218449,1.0111666,0.0055108004,0.043150147,0.033755198,0.17512816,0.30095019,0.19742655,0.042442087,0.96822621,-0.24644811,1.8198099,1.5269895,3.73
27,3800,1.900000,22,1.1547171,1.0008223,0.15710687,1.0020179,-0.11612229,0.13426554,-0.035141428,-0.12254735,-0.16574042,-0.091366977,-0.31127008,0.31467211,-0.896712,2.6830804,2.3507595,3.73
27,3800,1.900000,23,1.1547171,1.0059701,0.44149516,0.72624336,0.089544026,-0.019316449,0.058740282,0.41563211,-0.13345301,0.29494319,-0.77225178,0.25629524,-0.58132602,2.1911537,2.8211503,3.73
27,3800,1.900000,24,1.1547171,0.71327099,0.73269448,0.15366607,-0.0026769256,0.0077120279,-0.030067722,-0.3826061,0.04752977,0.041133343,0.072618423,0.939619,-0.33442893,1.9117955,1.4936647,3.73
27,3800,1.900000,25,1.1547171,0.71591649,1.0086739,0.43061674,-0.087962553,-0.060641262,0.0047290294,-0.082180966,0.084221974,0.15683807,-0.26906614,0.94990213,-0.15902628,1.7305006,1.8468224,3.73
27,3800,1.900000,26,1.1547171,1.020667,0.720177,0.41692629,0.016086444,-0.0063921259,-0.037732404,-0.44906852,0.20875616,0.22282325,0.27117384,0.48904206,-0.82903716,2.54818,1.0645048,3.73
27,3800,1.900000,27,1.1547171,1.0004499,1.0334866,0.13455385,-0.04749757,0.10500065,-0.016459335,-0.044438065,0.21365768,0.225675,-0.28711926,0.95744823,-0.029247449,1.6000479,1.8621427,3.73
27,3800,1.900000,28,1.1547171,0.72393654,0.72249354,0.71121178,0.054662465,-0.016718803,0.014759273,0.06153912,-0.10924211,-0.063199262,-0.010184567,0.33874472,-0.9408232,2.7958475,1.6008529,3.73
27,3800,1.900000,29,1.1547171,0.72957108,1.0207659,1.0146827,-0.024385169,0.057655314,-0.045906034,0.1945505,-0.19109425,-0.069052727,-0.2118372,0.10458227,-0.97169314,2.9030914,2.6830044,3.73
27,3800,1.900000,30,1.1547171,1.0071319,0.72999254,1.0138985,0.017958003,0.073850014,0.063503485,0.0094232621,0.1126331,-0.15039839,0.23018964,0.95000087,-0.21097649,1.7833702,1.3330733,3.73
27,3800,1.900000,31,1.1547171,0.99365416,1.0108335,0.72032669,0.024707177,0.013350127,-0.034391647,0.18346058,-0.33381181,0.014308046,-0.19092629,0.60968223,-0.76930795,2.4485535,1.8742797,3.73
28,3900,1.950000,0,1.1554043,0.15531372,0.15840916,0.1547221,-0.021837862,0.083276273,-0.014473093,-0.20602336,0.0058809251,-0.3772386,-0.024369277,0.82046795,-0.5711729,2.1787304,1.6004893,3.73
28,3900,1.950000,1,1.1554043,0.12077669,0.43270347,0.44964866,-0.024129964,-0.0054843385,0.014218238,-0.23682229,0.01286252,-0.36468633,-0.41755838,0.74498222,-0.52023695,2.1179247,2.081661,3.73
28,3900,1.950000,2,1.1554043,0.44146007,0.14272184,0.44700486,0.0059766742,-0.012038323,0.061932685,0.10239627,0.26933564,0.14499518,-0.093798302,0.2016564,-0.97495465,2.9173134,2.0061685,3.73
28,3900,1.950000,3,1.1554043,0.43718599,0.43972726,0.13800106,0.0050807499,0.020053064,-0.00057906143,-0.20777491,-0.082889192,0.28537396,-0.13667318,0.93860893,-0.31675498,1.8931027,1.7153926,3.73
28,3900,1.950000,4,1.1554043,0.13040359,0.11498997,0.73114164,0.074886665,-0.12248918,0.012700312,-0.30413048,0.205901,-0.017885118,-0.06438326,0.91537194,-0.39742798,1.9795086,1.6410163,3.73
28,3900,1.950000,5,1.1554043,0.15227433,0.44220268,1.0031907,-0.037417055,0.012433022,-0.0069232718,0.017782452,0.23876221,0.025729838,-0.30547814,0.8676512,-0.39225566,1.9738788,1.9093183,3.73
28,3900,1.950000,6,1.1554043,0.42651169,0.14227238,0.99225559,-0.01065746,-0.018803175,-0.063408142,0.23754113,-0.2440119,0.044673702,-0.18104756,0.98271758,-0.038573901,1.6093798,1.7529849,3.73
28,3900,1.950000,7,1.1554043,0.43632024,0.43824187,0.733514,0.020924903,0.010896183,0.0065685663,-0.18941041,0.46219703,0.006286412,-0.38120422,0.40745683,-0.82985678,2.5496473,2.3229192,3.73
28,3900,1.950000,8,1.1554043,0.16565371,0.70322273,0.12743457,-0.023581309,0.0048671489,-0.037618232,0.22329789,0.46530994,0.028476106,0.51150079,0.74505574,-0.42808747,2.0131718,0.96917008,3.73
28,3900,1.950000,9,1.1554043,0.13905086,0.9875608,0.42076751,0.081039837,-0.049128169,-0.055472138,-0.60477417,0.010858835,-0.0017078751,-0.1761266,0.87714911,-0.44675368,2.0339298,1.7689556,3.73
28,3900,1.950000,10,1.1554043,0.43086775,0.71304228,0.44219898,0.027980782,0.025820512,-0.0066690726,0.11515191,0.2171083,-0.14751487,-0.04924095,0.99863915,-0.017180429,1.5879776,1.6200645,3.73
28,3900,1.950000,11,1.1554043,0.43665286,1.0238302,0.1489562,-0.010844462,0.054020619,0.010783904,0.42685952,0.021723591,0.12550664,0.28230592,-0.12792243,-0.95075718,2.8264662,-0.42545715,3.73
28,3900,1.950000,12,1.1554043,0.13215802,0.71189437,0.71102771,0.0099721788,-0.00025568839,-0.010412651,0.35304679,-0.094245204,0.12476035,-0.85104269,0.35737794,-0.38471722,1.9656978,2.7440246,3.73
28,3900,1.950000,13,1.1554043,0.14255982,1.0059199,1.0380024,-0.11324736,0.033174446,0.060481325,0.072966752,-0.077618608,-0.1766878,0.029613352,0.9515643,-0.30602031,1.8818063,1.5396857,3.73
28,3900,1.950000,14,1.1554043,0.44908493,0.74796456,0.99756977,-0.024036083,0.052133213,-0.027971166,-0.34640609,-0.037173595,-0.25991116,-0.33892951,-0.0030984177,-0.94080667,2.7957988,-3.1324511,3.73
28,3900,1.950000,15,1.1554043,0.44377558,1.0051864,0.71381087,0.077770264,-0.19390508,0.010684341,-0.082968892,-0.18659428,-0.11117441,-0.80992691,0.58403705,-0.054029001,1.6248516,2.5168465,3.73
28,3900,1.950000,16,1.1554043,0.72308177,0.14534025,0.13369335,0.00097854597,-0.01420365,-0.0064430072,-0.24988927,-0.15992398,-0.062208562,-0.179088,0.74858034,-0.63840031,2.2632145,1.8056196,3.73
28,3900,1.950000,17,1.1554043,0.71057805,0.4207018,0.4318344,-0.0020148886,-0.011332389,0.03383562,-0.049309665,-0.0052433384,0.12025199,-0.3774653,0.84285952,-0.38354631,1.9644296,1.9918516,3.73
28,3900,1.950000,18,1.1554043,1.02056,0.13047922,0.42842064,0.0069314511,-0.076974215,0.018362692,0.14107615,-0.010746679,0.002162401,-0.46685313,0.87161826,-0.14943143,1.7207895,2.0625295,3.73
28,3900,1.950000,19,1.1554043,1.0308554,0.42220086,0.13862143,-0.0036732199,-0.086515878,-0.040631145,-0.022855573,-0.19588989,-0.15910296,-0.25141981,0.36946796,-0.89458454,2.678297,2.168309,3.73
28,3900,1.950000,20,1.1554043,0.71456077,0.15825028,0.73020404,0.010488957,-0.0060696923,0.032497347,0.017774171,0.28535018,0.13364093,-0.80294948,0.59602695,0.0049003014,1.565896,2.5030398,3.73
28,3900,1.950000,21,1.1554043,0.72313621,0.45739418,1.0208923,0.020214761,0.048089256,0.042876421,0.37069323,-0.061442084,0.21313654,0.27011125,0.94930602,-0.16080423,1.7323018,1.2935868,3.73
28,3900,1.950000,22,1.1554043,1.0028586,0.14816246,1.0018976,-0.11468208,0.12523032,-0.035857837,0.16625604,-0.17945587,0.11465523,-0.52676387,0.19041863,-0.82840846,2.5470566,2.7947207,3.73
28,3900,1.950000,23,1.1554043,1.0174919,0.43018161,0.73550749,0.1004639,-0.030889296,0.067569586,0.037244112,-0.28906374,0.0078258449,-0.73408161,0.32731701,-0.5949687,2.208023,2.7221649,3.73
28,3900,1.950000,24,1.1554043,0.70457667,0.7381952,0.15798639,-0.011793016,0.012775187,-0.025840113,0.022915755,0.13490664,0.13879507,0.57926243,0.81466032,0.02799306,1.5427996,0.95269415,3.73
28,3900,1.950000,25,1.1554043,0.71247875,1.0186079,0.4325359,-0.091825201,-0.051310291,0.0063914241,-0.071525356,0.29173246,0.010806892,-0.21415508,0.97347754,-0.080492756,1.6513763,1.7873369,3.73
28,3900,1.950000,26,1.1554043,0.99288083,0.72976779,0.42549442,-0.012298669,0.0027673407,-0.029414867,-0.5570662,0.11318609,0.11156496,0.3579632,0.71062634,-0.60570006,2.2214417,1.1041699,3.73
28,3900,1.950000,27,1.1554043,1.0122342,1.0301064,0.1505308,-0.036311962,0.10100654,-0.0005671843,0.43154162,-0.25687556,0.31470529,-0.19837266,0.95852852,-0.20462491,1.7768768,1.7748707,3.73
28,3900,1.950000,28,1.1554043,0.72575334,0.71404892,0.70730712,0.056048012,-0.025590759,0.010432641,0.018247479,-0.28883322,-0.10085377,0.15712561,0.73526329,-0.6593174,2.2907068,1.3602633,3.73
28,3900,1.950000,29,1.1554043,0.73524039,1.0091852,1.0072386,-0.019151599,0.045470753,-0.053951576,-0.021327544,-0.24436904,-0.24036682,-0.45553175,0.35947235,-0.81441418,2.5225153,2.4735169,3.73
28,3900,1.950000,30,1.1554043,1.0120482,0.7316833,1.0171843,0.022273592,0.075105961,0.066185069,0.14559074,0.0046374449,0.21679767,0.038671806,0.99166801,0.12287817,1.4476068,1.5318194,3.73
28,3900,1.950000,31,1.1554043,1.0057993,0.99587935,0.71596957,0.036257528,-0.0022009515,-0.039176035,0.23969528,-0.29559867,-0.17715555,-0.31536241,0.27640633,-0.90782492,2.7088641,2.4219296,3.73
29,4000,2.000000,0,1.1558701,0.14446573,0.15613644,0.1361408,-0.032746272,0.08094016,-0.033113016,-0.16429447,-0.098313915,-0.32474037,-0.050266874,0.99821769,-0.032166646,1.6029685,1.6211105,3.73
29,4000,2.000000,1,1.1558701,0.11795823,0.43374425,0.43246228,-0.026996541,-0.0046181869,-0.0031459183,0.13812692,0.012402676,-0.33650613,-0.12450929,0.87434976,-0.46905216,2.0590136,1.7122475,3.73
29,4000,2.000000,2,1.1558701,0.43809243,0.15561373,0.45188023,0.0024317715,0.00079343733,0.06662689,-0.22788544,0.24049388,0.034853979,-0.24987772,0.31167608,-0.91674377,2.7306478,2.2465867,3.73
29,4000,2.000000,3,1.1558701,0.43014705,0.4321062,0.1481039,-0.0021329884,0.012256299,0.0094661216,-0.047598944,-0.19341432,0.076221967,-0.12748164,0.96955091,-0.20909201,1.7814427,1.7015316,3.73
29,4000,2.000000,4,1.1558701,0.12349539,0.12985002,0.72429633,0.067927293,-0.10767847,0.0055616697,0.085980294,0.31105813,-0.17596413,-0.036006938,0.9788927,-0.20117797,1.7733567,1.6075631,3.73
29,4000,2.000000,5,1.1558701,0.15238832,0.45097528,1.0082463,-0.037364463,0.02102561,-0.0022729966,0.020227481,0.032389036,0.17523665,-0.51365261,0.79743591,-0.3166338,1.8929749,2.1430341,3.73
29,4000,2.000000,6,1.1558701,0.43863161,0.12851768,1.0002964,0.0012880951,-0.032612445,-0.055768867,0.20072575,-0.15924924,0.1916353,-0.55220167,0.8297353,0.081318236,1.4893882,2.1580015,3.73
29,4000,2.000000,7,1.1558701,0.42412054,0.45455487,0.73171976,0.0085517959,0.027029251,0.0044790245,-0.17299707,0.093614642,-0.065422217,-0.47543312,0.3497949,-0.8072217,2.5102262,2.5072809,3.73
29,4000,2.000000,8,1.1558701,0.17232014,0.72050995,0.14604046,-0.016982992,0.021867429,-0.01906746,0.015850639,0.21803056,0.51096224,0.4134858,0.84466812,-0.33994889,1.9176589,1.1155641,3.73
29,4000,2.000000,9,1.1558701,0.12063973,0.98848536,0.42451442,0.062576366,-0.048601865,-0.051895587,-0.063154019,0.019422221,0.13897386,-0.12534169,0.80609295,-0.57836287,2.1875168,1.7250539,3.73
29,4000,2.000000,10,1.1558701,0.43252658,0.72414973,0.42928682,0.029465606,0.036638312,-0.019756876,-0.066030712,0.17842681,-0.32754401,0.09575232,0.99525487,0.017298288,1.5534972,1.4748827,3.73
29,4000,2.000000,11,1.1558701,0.45828462,1.0225205,0.15411801,0.01060693,0.052298447,0.015884631,0.34935867,-0.052848643,0.074525128,0.16828204,0.31218515,-0.93499818,2.7790502,1.0764023,3.73
29,4000,2.000000,12,1.1558701,0.14603175,0.71677523,0.72041657,0.023789843,0.004337242,-0.0013122808,0.057235686,0.22337048,0.18767735,-0.74385935,0.51222094,-0.42930523,2.0145197,2.5385593,3.73
29,4000,2.000000,13,1.1558701,0.1468499,1.0124836,1.0207487,-0.1090156,0.039331344,0.042812721,0.050999469,0.3083479,-0.51106685,-0.39568899,0.83987173,-0.37154501,1.9514689,2.0110826,3.73
29,4000,2.000000,14,1.1558701,0.42917306,0.74266783,0.9900092,-0.044124962,0.046536058,-0.03593231,-0.30499086,-0.17499642,0.056931728,-0.1113827,-0.34059181,-0.93359044,2.7751015,-1.8868604,3.73
29,4000,2.000000,15,1.1558701,0.43656804,1.0007806,0.70953189,0.070385305,-0.19871519,0.0061184941,-0.17604257,0.031347849,-0.069329689,-0.77211157,0.63533924,0.013703279,1.5570926,2.4530677,3.73
29,4000,2.000000,16,1.1558701,0.7167682,0.13810575,0.13255786,-0.005625215,-0.021495275,-0.0076321643,-0.0027469134,-0.19196703,-0.031848725,-0.16676919,0.74534941,-0.64547834,2.2724457,1.7909172,3.73
29,4000,2.000000,17,1.1558701,0.71303224,0.42050473,0.43395188,0.00015238639,-0.011698994,0.035778615,0.12862728,0.056320679,-0.055038206,-0.39526345,0.77565945,-0.49205612,2.0852463,2.0420815,3.73
29,4000,2.000000,18,1.1558701,1.0168097,0.13464712,0.43084989,0.0027705903,-0.07285975,0.020618765,-0.28874664,0.20657925,0.089577702,-0.13653667,0.93621917,-0.32380767,1.9005476,1.7156137,3.73
29,4000,2.000000,19,1.1558701,1.0212536,0.41574989,0.12756616,-0.013688587,-0.093135734,-0.051740066,-0.36270971,-0.047419936,-0.23600341,-0.21050133,0.46275287,-0.86113238,2.6082892,1.9977088,3.73
29,4000,2.000000,20,1.1558701,0.72079439,0.16421555,0.73645431,0.016433292,-0.00016940501,0.03845203,0.17536845,-0.045199714,0.21477677,-0.62920644,0.70484545,-0.32755481,1.9045108,2.2995564,3.73
29,4000,2.000000,21,1.1558701,0.73888143,0.45149199,1.0301802,0.035665323,0.042003892,0.051750914,0.21503002,-0.1518821,0.077055102,-0.099323842,0.96196008,-0.25449474,1.8281215,1.6736833,3.73
29,4000,2.000000,22,1.1558701,1.0172399,0.13444057,1.0133832,-0.10070789,0.11145147,-0.024778476,0.23579559,-0.25963628,0.17744423,-0.49507943,0.059877622,-0.866782,2.6195091,3.0212318,3.73
29,4000,2.000000,23,1.1558701,1.0115898,0.42112578,0.72746613,0.094152892,-0.0401167,0.059233377,-0.22027876,-0.020107522,-0.28156597,-0.67794605,0.57608862,-0.45663011,2.045,2.4372404,3.73
29,4000,2.000000,24,1.1558701,0.71036482,0.74319029,0.16454061,-0.0062900334,0.017471721,-0.019350894,0.13960757,-0.020020112,0.069927701,0.52714256,0.84954414,-0.019886337,1.590684,1.0154392,3.73
29,4000,2.000000,25,1.1558701,0.71392015,1.0348626,0.43909367,-0.090671285,-0.035469452,0.012773521,0.13368275,0.25328342,0.25641452,-0.30818649,0.94675154,-0.093180523,1.6641122,1.8854984,3.73
29,4000,2.000000,26,1.1558701,0.97664713,0.72610854,0.4306065,-0.028929309,-0.0011853265,-0.024475324,-0.10301974,-0.2818321,0.11623782,0.22487751,0.80572486,-0.54793938,2.1506952,1.2986227,3.73
29,4000,2.000000,27,1.1558701,1.0307563,1.0199469,0.15667798,-0.018201624,0.090433937,0.0055180844,0.1303408,-0.17038975,-0.089815659,0.12944336,0.90654339,-0.40177543,1.9842511,1.4289672,3.73
29,4000,2.000000,28,1.1558701,0.72122809,0.70394891,0.70566601,0.051231141,-0.03597655,0.0085067645,-0.17573932,-0.13862859,0.052227131,-0.059821639,0.9692948,-0.23851409,1.8116318,1.6324348,3.73
29,4000,2.000000,29,1.1558701,0.73201413,1.0013908,0.99604487,-0.022673572,0.037271179,-0.06554905,-0.11323124,-0.1051924,-0.19515046,-0.49603589,0.51744063,-0.69728301,2.3423963,2.3350775,3.73
29,4000,2.000000,30,1.1558701,1.0228237,0.73135965,1.0299103,0.03263903,0.074487448,0.078498472,0.2825617,-0.0038533929,0.19225807,-0.11477508,0.97123538,0.20863491,1.3606174,1.6884251,3.73
29,4000,2.000000,31,1.1558701,1.0156248,0.9865921,0.70928815,0.045675607,-0.011887751,-0.046144704,0.049312519,-0.058557313,-0.015842443,-0.13507002,0.61193294,-0.77929081,2.4643297,1.7880398,3.73
30,4100,2.050000,0,1.1554851,0.14514678,0.14715606,0.12953265,-0.032016974,0.072010306,-0.039676911,0.11946364,-0.24115538,0.025207317,-0.38006384,0.92030792,0.092654256,1.478009,1.9624375,3.73
30,4100,2.050000,1,1.1554851,0.1305337,0.43160545,0.42145962,-0.014379672,-0.0066128377,-0.014006336,0.32443668,-0.10372102,-0.12291907,-0.13332745,0.93060995,-0.34086496,1.9186331,1.7130969,3.73
30,4100,2.050000,2,1.1554851,0.42162945,0.16461324,0.45213933,-0.013887997,0.0098462888,0.067036582,-0.34893047,0.061286151,0.093646558,-0.21299111,0.49281787,-0.84366186,2.5748641,1.9787414,3.73
30,4100,2.050000,3,1.1554851,0.43390239,0.42486694,0.14703109,0.0017662831,0.0051597896,0.0084424751,0.13871697,-0.058868964,-0.15692702,0.034255659,0.9733969,-0.22655029,1.7993307,1.535619,3.73
30,4100,2.050000,4,1.1554851,0.13469821,0.14425517,0.71444544,0.079173121,-0.093227661,-0.0040495569,0.33991861,0.27757376,-0.2507695,-0.019799129,0.98988054,-0.14051519,1.7117781,1.5907952,3.73
30,4100,2.050000,5,1.1554851,0.15817675,0.44379963,1.0185985,-0.031524298,0.013999014,0.0084168576,0.14859205,-0.27313038,0.17967776,-0.67560889,0.6369245,-0.3713217,1.9512284,2.385659,3.73
30,4100,2.050000,6,1.1554851,0.4451539,0.13067715,1.0101225,0.0079576062,-0.0304098,-0.045607908,0.035776983,0.28240764,0.19071919,-0.6135511,0.78484838,-0.086994616,1.657901,2.2343065,3.73
30,4100,2.050000,7,1.1554851,0.42404011,0.44310609,0.72545151,0.0086126452,0.015730007,-0.0015464843,0.10871811,-0.38322973,-0.16542174,-0.31670425,0.33153076,-0.88869892,2.6652959,2.3333264,3.73
30,4100,2.050000,8,1.1554851,0.16503645,0.73506147,0.15966013,-0.024210487,0.036661423,-0.0053968653,-0.23412793,0.34767567,-0.023954306,0.36221278,0.90874047,-0.20734673,1.7796583,1.191508,3.73
30,4100,2.050000,9,1.1554851,0.13074964,0.99829682,0.43027995,0.072728153,-0.038459446,-0.045987662,0.39983353,0.42978189,0.075506176,0.30592057,0.86570227,-0.39619715,1.9781677,1.2311149,3.73
30,4100,2.050000,10,1.1554851,0.42877261,0.7247073,0.42235264,0.02585511,0.037437228,-0.026549187,-0.063651869,-0.10750219,0.12268944,0.21801225,0.97178128,-0.090065521,1.6609841,1.3501074,3.73
30,4100,2.050000,11,1.1554851,0.45990033,1.018449,0.15539842,0.012375592,0.048566905,0.017216597,-0.2580413,0.006204391,-0.012839463,0.21934709,0.39035143,-0.89415469,2.6773361,1.058846,3.73
30,4100,2.050000,12,1.1554851,0.13879994,0.727176,0.72617792,0.01660548,0.014978543,0.0046900402,-0.24414561,0.084307734,-0.021541488,-0.65095277,0.64753603,-0.39617874,1.9781476,2.3588258,3.73
30,4100,2.050000,13,1.1554851,0.14608821,1.0215513,0.99776034,-0.10972849,0.048737934,0.020160574,0.0092594817,-0.008004211,-0.366198,-0.60709384,0.73740613,-0.29608996,1.8713928,2.2595738,3.73
30,4100,2.050000,14,1.1554851,0.4258335,0.73359605,1.0040993,-0.047322093,0.037710197,-0.021510044,0.11796693,-0.10850442,0.47615829,-0.15459948,-0.27635146,-0.94854039,2.8193905,-2.0808511,3.73
30,4100,2.050000,15,1.1554851,0.42661951,1.0047887,0.71046474,0.060580563,-0.194373,0.0072878828,-0.22725488,0.17245692,0.11266271,-0.66424369,0.7464144,-0.040569276,1.6113767,2.2980103,3.73
30,4100,2.050000,16,1.1554851,0.72299128,0.13291334,0.13114031,0.00083769934,-0.026642538,-0.0090057871,0.22281317,-0.045927275,-0.0091927142,-0.1495823,0.80413046,-0.57532543,2.1837983,1.7547117,3.73
30,4100,2.050000,17,1.1554851,0.71892771,0.4227162,0.42780669,0.0062863937,-0.0093470552,0.029776974,0.050381485,-0.039230542,-0.15365562,-0.2109741,0.85685004,-0.47042314,2.0605666,1.8122147,3.73
30,4100,2.050000,18,1.1554851,0.99964644,0.14636129,0.43455161,-0.014056774,-0.061098774,0.024464643,-0.27556017,0.29752524,0.10411811,-0.05401257,0.91461213,-0.40070849,1.9830863,1.629783,3.73
30,4100,2.050000,19,1.1554851,1.005862,0.41792784,0.12595177,-0.02874253,-0.090818906,-0.053312227,-0.1346959,0.097378307,0.29115708,0.039770798,0.58931794,-0.80692171,2.5097181,1.5034124,3.73
30,4100,2.050000,20,1.1554851,0.72801665,0.15747589,0.74547604,0.023896897,-0.0068554848,0.04772062,0.11896506,-0.18591752,0.13242397,-0.41291619,0.85468339,-0.3146689,1.8909041,2.0208504,3.73
30,4100,2.050000,21,1.1554851,0.73643298,0.44567784,1.0219952,0.033462635,0.036339192,0.043907748,-0.25721583,-0.12343792,-0.44005556,-0.53481798,0.73288965,-0.42052645,2.0048218,2.2012036,3.73
30,4100,2.050000,22,1.1554851,1.0218574,0.12640153,1.013453,-0.095750723,0.10345589,-0.024370985,-0.13061281,-0.0049364482,-0.14458295,-0.48404595,0.25727696,-0.836366,2.5614163,2.6530532,3.73
30,4100,2.050000,23,1.1554851,1.0030647,0.42527521,0.71551332,0.085963412,-0.035826281,0.047520939,-0.090424937,0.103263,-0.11915202,-0.55012054,0.72969137,-0.40610083,1.9889795,2.2167942,3.73
30,4100,2.050000,24,1.1554851,0.71941202,0.73898282,0.15794851,0.0029953296,0.01351115,-0.025889269,0.22005268,-0.12010071,-0.31852791,-0.17854243,0.96493561,-0.19241068,1.7644145,1.7537575,3.73
30,4100,2.050000,25,1.1554851,0.723836,1.044533,0.45548131,-0.080515926,-0.025452658,0.029310184,0.15951929,0.061579377,0.3196027,-0.29537866,0.93594537,-0.191723,1.7637137,1.8764974,3.73
30,4100,2.050000,26,1.1554851,0.98139401,0.7069522,0.43603044,-0.023856267,-0.020102947,-0.018907022,0.31271914,-0.31715455,0.036365227,-0.049797914,0.9171315,-0.39546172,1.9773668,1.6250405,3.73
30,4100,2.050000,27,1.1554851,1.0273459,1.0094861,0.14765242,-0.021269143,0.080311135,-0.0034567825,-0.14747446,-0.26643174,-0.085447017,-0.016248208,0.99765572,-0.066476047,1.6373214,1.5870813,3.73
30,4100,2.050000,28,1.1554851,0.70953256,0.70377411,0.70791519,0.039773947,-0.035916858,0.010991413,-0.22471115,0.10656315,0.062418628,-0.10502407,0.96537223,-0.23880201,1.8119283,1.6791614,3.73
30,4100,2.050000,29,1.1554851,0.72719009,0.99462858,0.98818132,-0.027254531,0.03084143,-0.073082067,-0.079531494,-0.17708684,-0.11075263,-0.52703236,0.58019576,-0.62097486,2.2407821,2.3082165,3.73
30,4100,2.050000,30,1.1554851,1.0341507,0.73406606,1.035953,0.044308604,0.077437969,0.08488539,0.20931509,-0.0014956294,0.022870547,-0.066604756,0.99695844,0.040468086,1.5303172,1.6375052,3.73
30,4100,2.050000,31,1.1554851,1.0105634,0.99052137,0.71581509,0.04095177,-0.007629133,-0.039380364,-0.29984785,0.25362882,0.24157432,0.052336348,0.9286307,-0.36729541,1.9468958,1.5144973,3.73
31,4200,2.100000,0,1.1582675,0.15135491,0.13177478,0.13508023,-0.026165388,0.056293581,-0.034447531,0.027891939,-0.3392609,0.088808762,-0.60014643,0.7626349,-0.2412722,1.8144729,2.2375218,3.73
31,4200,2.100000,1,1.1582675,0.14310547,0.43350556,0.41674915,-0.0021369531,-0.0057530572,-0.019724789,0.25559571,0.14940227,-0.11212352,-0.38474855,0.91368286,-0.13096636,1.70214,1.9693559,3.73
31,4200,2.100000,2,1.1582675,0.41578972,0.15983415,0.45560671,-0.02073476,0.0046770376,0.069412372,0.14481595,-0.27903561,-0.030710239,-0.053623435,0.55046796,-0.83313238,2.5555437,1.6679042,3.73
31,4200,2.100000,3,1.1582675,0.44369757,0.43056431,0.13630535,0.010506125,0.0098284796,-0.0026240068,0.21719032,0.11529529,-0.18570396,-0.19384207,0.94945448,-0.24690373,1.8202801,1.7721901,3.73
31,4200,2.100000,4,1.1582675,0.14469781,0.15773535,0.70885024,0.088836753,-0.080110608,-0.011356331,0.0016927628,0.18918839,0.048658468,-0.0020114653,0.96992277,-0.24340457,1.8166708,1.5728702,3.73
31,4200,2.100000,5,1.1582675,0.15905641,0.4324501,1.0252978,-0.031026124,0.0015957416,0.012658253,-0.12188392,-0.14853213,-0.01385048,-0.52922482,0.70020769,-0.47919754,2.0705365,2.2180062,3.73
31,4200,2.100000,6,1.1582675,0.4441056,0.14611028,1.0176998,0.0058399379,-0.015309501,-0.040469176,0.010668523,0.16206281,-0.0072721406,-0.53802874,0.82932286,-0.15082663,1.7222007,2.146297,3.73
31,4200,2.100000,7,1.1582675,0.43089908,0.42256877,0.72178761,0.014443528,-0.0058483535,-0.0069507537,0.11727038,-0.4146479,-0.088601732,-0.11079895,0.64590036,-0.75533855,2.4269669,1.7406847,3.73
31,4200,2.100000,8,1.1582675,0.15162504,0.75009046,0.15094419,-0.03800271,0.049904478,-0.01448633,-0.21426725,0.18541147,-0.25502584,0.11917109,0.96145139,-0.24780935,1.8212147,1.4474761,3.73
31,4200,2.100000,9,1.1582675,0.15095994,1.0236782,0.43424654,0.092599717,-0.015509486,-0.0430607,0.31858669,0.44499215,0.089115086,0.41123404,0.88735747,-0.20852646,1.7808644,1.1368248,3.73
31,4200,2.100000,10,1.1582675,0.43080739,0.71595556,0.43720653,0.026856213,0.026953019,-0.012728929,0.074114625,-0.2399343,0.27758032,0.088182211,0.9944123,0.058035104,1.5127286,1.48235,3.73
31,4200,2.100000,11,1.1582675,0.4426399,1.0236982,0.15219542,-0.005970203,0.051360431,0.013643697,-0.37279541,0.0069706426,-0.07811205,0.094865619,0.38171637,-0.91939824,2.7373442,1.3272075,3.73
31,4200,2.100000,12,1.1582675,0.13217206,0.72450566,0.72478716,0.0096517323,0.0105625,0.001554434,-1.6057933e-05,-0.20226965,-0.15672952,-0.48243234,0.76859702,-0.42014005,2.004396,2.1313199,3.73
31,4200,2.100000,13,1.1582675,0.15296372,1.0164917,0.98660719,-0.10321259,0.04122744,0.0066211327,0.16285425,-0.23394773,-0.09587579,-0.49609697,0.86041571,-0.11650152,1.687563,2.0938159,3.73
31,4200,2.100000,14,1.1582675,0.43508773,0.72866779,1.0317233,-0.03910314,0.031023499,0.0036658297,0.12486806,-0.14979577,0.39044683,-0.53609831,0.36999042,-0.75875272,2.4321925,2.5375053,3.73
31,4200,2.100000,15,1.1582675,0.41961214,1.0149527,0.72164018,0.05255555,-0.18663775,0.016741179,-0.059295263,0.069763716,0.2497626,-0.34829572,0.93737284,0.0047163794,1.5660799,1.9265528,3.73
31,4200,2.100000,16,1.1582675,0.73834413,0.13355561,0.13225024,0.014433268,-0.026320706,-0.0082125858,0.21904662,0.081256156,0.050275261,-0.16313088,0.90957781,-0.38217343,1.9629434,1.7482576,3.73
31,4200,2.100000,17,1.1582675,0.71756964,0.42280097,0.42277437,0.0032008756,-0.010279058,0.023721786,-0.17680914,0.010337851,-0.060554067,0.29650882,0.82157964,-0.48691828,2.0793544,1.2244434,3.73
31,4200,2.100000,18,1.1582675,0.99953962,0.15775332,0.44445679,-0.016567698,-0.050072435,0.033312791,0.11234808,0.099284177,0.25527614,-0.33978827,0.89864157,-0.27746578,1.8519516,1.9322936,3.73
31,4200,2.100000,19,1.1582675,1.0053812,0.42844055,0.14596,-0.03164186,-0.081323973,-0.033630945,0.0092011626,0.28189947,0.3637253,0.075280813,0.93386048,-0.34962467,1.9279668,1.4903578,3.73
31,4200,2.100000,20,1.1582675,0.73008705,0.15209433,0.74449739,0.02421387,-0.012609323,0.044950214,-0.16995687,-0.036394862,-0.2494348,-0.43490889,0.85856813,-0.2715051,1.8457529,2.0396713,3.73
31,4200,2.100000,21,1.1582675,0.72040009,0.43277675,0.99818439,0.015677827,0.022381703,0.017667584,-0.32852545,-0.27672836,-0.46760983,-0.4733142,0.83446159,-0.28221893,1.8569026,2.0867558,3.73
31,4200,2.100000,22,1.1582675,1.0141574,0.13348836,1.008338,-0.10589916,0.1102302,-0.031917338,-0.20515037,0.23838326,-0.085557021,-0.51814386,0.71179903,-0.47420362,2.0648556,2.200026,3.73
31,4200,2.100000,23,1.1582675,1.0046789,0.42881287,0.72726107,0.085163234,-0.033315691,0.057533707,0.076585284,0.065670809,0.37298795,-0.40119647,0.87415006,-0.27368424,1.8480178,2.0010731,3.73
31,4200,2.100000,24,1.1582675,0.73282724,0.73243454,0.14188442,0.014664203,0.005193426,-0.042313941,0.20572312,-0.19966282,-0.30040032,-0.37573845,0.8178914,-0.43574565,2.0216629,2.0014389,3.73
31,4200,2.100000,25,1.1582675,0.72675637,1.0425029,0.4660731,-0.079339945,-0.029992486,0.038793783,-0.12116557,-0.25830853,0.032745744,-0.12203661,0.98389484,-0.13060628,1.7017768,1.6942003,3.73
31,4200,2.100000,26,1.1582675,1.0043081,0.7048981,0.43127535,-0.0033300104,-0.02385486,-0.024705087,0.38576036,0.1057004,-0.19271764,-0.29569181,0.90747493,-0.29842187,1.8738351,1.885788,3.73
31,4200,2.100000,27,1.1582675,1.0202218,1.0079306,0.15171004,-0.030855575,0.076329688,0.00024084149,-0.23771684,0.1230021,0.22792325,-0.4901733,0.83057526,0.26433856,1.3032783,2.10395,3.73
31,4200,2.100000,28,1.1582675,0.70335931,0.71538862,0.70914283,0.031901628,-0.026008926,0.010514991,-0.024247574,0.2921649,-0.048663448,0.26403442,0.91736488,-0.29787162,1.8732586,1.2905525,3.73
31,4200,2.100000,29,1.1582675,0.72360971,0.98721432,0.99301529,-0.032579562,0.021043917,-0.07063055,-0.12491284,-0.046194125,0.15133393,-0.5264059,0.59780103,-0.6045914,2.2200491,2.2927725,3.73
31,4200,2.100000,30,1.1582675,1.0409464,0.73121249,1.029709,0.048609022,0.072822336,0.076157344,-0.041141611,-0.19685979,-0.34890172,-0.18418469,0.98289032,0.0016162247,1.5691801,1.7560389,3.73
31,4200,2.100000,31,1.1582675,0.99900281,1.0120668,0.72711917,0.026974569,0.011508108,-0.02981145,-0.19354362,0.39787636,0.10480536,0.070835327,0.95671471,-0.28227525,1.8569613,1.496891,3.73
32,4300,2.150000,0,1.1528038,0.14662352,0.12218592,0.13714934,-0.030192349,0.047305059,-0.031734827,-0.23243565,0.064797166,-0.0088312471,-0.59020408,0.70142949,-0.39956954,1.9818436,2.2702942,3.73
32,4300,2.150000,1,1.1528038,0.15398765,0.43917093,0.40615612,0.009447664,0.0019754774,-0.028372416,0.16111929,0.094705001,-0.16781254,-0.10835287,0.98798622,-0.11019477,1.6812153,1.6800302,3.73
32,4300,2.150000,2,1.1528038,0.43100654,0.14477394,0.44234558,-0.0035159147,-0.0096631274,0.058274053,0.4921317,-0.23748203,-0.34420434,-0.030204167,0.66452061,-0.74665927,2.4138221,1.6162176,3.73
32,4300,2.150000,3,1.1528038,0.45262235,0.43033451,0.136464,0.021549989,0.01163396,-0.0018204865,0.1005624,0.050442613,0.15658301,-0.7284744,0.67313516,0.12733459,1.4431151,2.3956566,3.73
32,4300,2.150000,4,1.1528038,0.13954295,0.16162637,0.71790803,0.084353845,-0.075464557,0.0010745681,-0.14184071,0.039868266,0.36219406,-0.10753535,0.85853499,-0.50135199,2.095957,1.6954019,3.73
32,4300,2.150000,5,1.1528038,0.14646506,0.42420597,1.01742,-0.042895254,-0.004623181,0.0096096452,-0.31131304,-0.15107997,-0.067424768,-0.13404944,0.83909712,-0.52720658,2.1261061,1.7292121,3.73
32,4300,2.150000,6,1.1528038,0.44240833,0.14803595,1.0113744,0.0062385007,-0.01268841,-0.041997534,-0.01430994,-0.11099413,0.00033150151,-0.19578925,0.98027308,0.027041592,1.5437514,1.7679316,3.73
32,4300,2.150000,7,1.1528038,0.43218641,0.40971375,0.71688988,0.017771319,-0.016735812,-0.008447282,-0.041048048,-0.0067553906,-0.032522828,0.093453436,0.85879349,-0.50372631,2.0987032,1.4624034,3.73
32,4300,2.150000,8,1.1528038,0.14539396,0.74833553,0.14057441,-0.043531637,0.051692024,-0.024166983,-0.0035458357,-0.11131511,-0.12812928,-0.061808475,0.99065907,-0.12154966,1.6926473,1.6331068,3.73
32,4300,2.150000,9,1.1528038,0.15726062,1.0302327,0.44239398,0.099629111,-0.0040992701,-0.032840715,-0.0031512144,-0.01766233,0.32072524,0.1530795,0.96529168,-0.21160966,1.7840179,1.4135223,3.73
32,4300,2.150000,10,1.1528038,0.43068353,0.70691033,0.44140556,0.028769034,0.021271596,-0.0064527116,0.0030246971,0.028110367,0.019553404,-0.11362382,0.98042386,0.16080635,1.4092887,1.6861742,3.73
32,4300,2.150000,11,1.1528038,0.42776919,1.0156182,0.15080611,-0.018783224,0.048101555,0.012970717,-0.04570381,-0.23215262,0.068596624,-0.23372528,0.74324753,-0.62686171,2.248315,1.8754703,3.73
32,4300,2.150000,12,1.1528038,0.13655593,0.70815455,0.71051984,0.014670942,-0.0024016958,-0.0093196981,0.26127721,-0.2542794,-0.21121514,-0.077541532,0.95960779,-0.27044446,1.844651,1.6514266,3.73
32,4300,2.150000,13,1.1528038,0.15400914,1.0067903,0.98551625,-0.10144144,0.03630936,0.010192562,-0.18364337,0.052249264,0.21946949,-0.26942755,0.96292083,0.013865992,1.5569299,1.8436218,3.73
32,4300,2.150000,14,1.1528038,0.43551668,0.72090918,1.0331833,-0.036615958,0.026691849,0.010007538,-0.034469605,-0.068897039,-0.06744928,-0.61228578,0.7441994,-0.26697075,1.8410446,2.2592527,3.73
32,4300,2.150000,15,1.1528038,0.42008103,1.0083342,0.72982714,0.055009593,-0.188473,0.028359658,0.10984611,-0.13314256,0.15917189,-0.085696287,0.99587863,0.029696656,1.5410953,1.6566358,3.73
32,4300,2.150000,16,1.1528038,0.73436008,0.14048956,0.13546258,0.013930865,-0.01873883,-0.0043673165,-0.18048246,0.19254394,0.12070764,-0.19669475,0.90030092,-0.38829041,1.969572,1.7858932,3.73
32,4300,2.150000,17,1.1528038,0.70564353,0.41859123,0.41987452,-0.0053606252,-0.012499654,0.022814064,-0.10815779,-0.0037538287,-0.014935141,0.08513362,0.81059156,-0.5793907,2.1887773,1.4661534,3.73
32,4300,2.150000,18,1.1528038,1.0060842,0.15655529,0.45189283,-0.0052814597,-0.050527401,0.042867973,0.33558186,-0.081619625,0.078332213,-0.28991491,0.95659447,0.029603616,1.5411884,1.8650671,3.73
32,4300,2.150000,19,1.1528038,1.0081283,0.43798975,0.15479866,-0.024134583,-0.069726353,-0.024081202,0.29920268,0.13331076,-0.049167614,0.045779615,0.99866722,0.023833135,1.5469609,1.5249877,3.73
32,4300,2.150000,20,1.1528038,0.71271662,0.1465594,0.72108024,0.010254336,-0.017438218,0.024997763,-0.27256768,-0.12829129,-0.46123381,-0.45402018,0.88230046,-0.12414333,1.6952608,2.0460452,3.73
32,4300,2.150000,21,1.1528038,0.70366995,0.42325969,0.98126463,0.0023142845,0.014888383,0.0054274201,-0.13662686,-0.027771459,-0.059123645,-0.29302993,0.93630606,-0.1935573,1.7655831,1.8741037,3.73
32,4300,2.150000,22,1.1528038,1.0041484,0.14501498,1.0075174,-0.11113663,0.1224153,-0.027972107,-0.014032433,0.2269888,0.19055691,-0.31547417,0.94105688,0.12201639,1.4484751,1.8942564,3.73
32,4300,2.150000,23,1.1528038,1.0037765,0.43669374,0.73930768,0.089009049,-0.023388592,0.073047559,-0.0072282013,0.27104978,0.20256653,-0.28556889,0.95328741,0.098455637,1.4721809,1.8618514,3.73
32,4300,2.150000,24,1.1528038,0.737047,0.7176933,0.13662804,0.022358974,-0.0061195965,-0.046911914,0.072643549,-0.19118072,0.058881064,-0.47550328,0.61756117,-0.62651004,2.2478638,2.2269559,3.73
32,4300,2.150000,25,1.1528038,0.71485058,1.0212857,0.45398003,-0.087837648,-0.04633079,0.028875778,-0.17067178,-0.33917745,-0.41802503,-0.24185449,0.970133,0.018664808,1.5521304,1.8151164,3.73
32,4300,2.150000,26,1.1528038,1.0138454,0.71328347,0.42252784,0.010978547,-0.012116667,-0.031434143,0.21299526,0.3338747,0.023071303,-0.038437673,0.9429547,-0.33069469,1.9078359,1.6115368,3.73
32,4300,2.150000,27,1.1528038,1.0060721,1.0109772,0.16215781,-0.040214863,0.084149215,0.011430702,-0.094699747,0.15761176,0.21510699,-0.66679285,0.64371373,0.3755262,1.1858319,2.3738035,3.73
32,4300,2.150000,28,1.1528038,0.70294734,0.72340658,0.70978665,0.034814363,-0.014589407,0.014513357,0.13390483,0.11168665,0.18011264,0.26800679,0.94840145,-0.16943154,1.7410492,1.2953895,3.73
32,4300,2.150000,29,1.1528038,0.71556588,0.99096415,0.99419395,-0.03722103,0.029470463,-0.064753852,-0.023759493,0.33453839,0.030746082,-0.26578297,0.8346429,-0.48242164,2.0742136,1.8790828,3.73
32,4300,2.150000,30,1.1528038,1.0249759,0.71975813,1.002847,0.037522558,0.064798213,0.05410039,-0.42045961,-0.1336574,-0.44612766,-0.15229132,0.98818865,0.017045429,1.5537501,1.7237049,3.73
32,4300,2.150000,31,1.1528038,0.99648675,1.0206508,0.72964514,0.029176112,0.024897854,-0.023841477,0.28678727,0.08852035,0.10695198,0.083093413,0.99150588,-0.10005781,1.6710219,1.4871864,3.73
33,4400,2.200000,0,1.1465781,0.13212462,0.13364572,0.13901763,-0.043936611,0.059457634,-0.029118764,-0.19644254,0.23845614,0.15040166,-0.67564136,0.70931744,-0.20094158,1.7731153,2.3318837,3.73
33,4400,2.200000,1,1.1465781,0.15707914,0.43436528,0.40137272,0.013381422,-0.00046501805,-0.030969383,-0.058575901,-0.18823774,0.096406377,-0.038395886,0.98965716,0.13821887,1.4321335,1.609574,3.73
33,4400,2.200000,2,1.1465781,0.44500491,0.13701686,0.42038787,0.01285445,-0.016657286,0.038652117,0.095698893,-0.042600768,-0.47548782,-0.028252069,0.88059785,-0.47302141,2.0635133,1.6028682,3.73
33,4400,2.200000,3,1.1465781,0.44241256,0.43296245,0.14113039,0.013763516,0.016599383,0.003597552,-0.36291354,0.17555808,0.04353317,-0.76473405,0.56107817,0.31681718,1.2484244,2.5086115,3.73
33,4400,2.200000,4,1.1465781,0.13402977,0.16089252,0.72726144,0.079581348,-0.075325161,0.014340995,-0.078568622,-0.016285447,0.15886841,-0.21309821,0.9123607,-0.34955272,1.92789,1.8002507,3.73
33,4400,2.200000,5,1.1465781,0.13494634,0.42092743,1.0068355,-0.053652101,-0.0056134596,0.0045059858,-0.085344262,0.15358235,-0.14413693,0.16999042,0.84541803,-0.50633153,2.1017217,1.3723696,3.73
33,4400,2.200000,6,1.1465781,0.4331053,0.13559742,1.0123378,-0.00069405126,-0.024359069,-0.035554779,-0.23023505,-0.29418043,0.22455195,0.061548794,0.99679662,-0.051071044,1.6218896,1.509128,3.73
33,4400,2.200000,7,1.1465781,0.42214412,0.41927357,0.71259376,0.010042142,-0.0049313492,-0.0088729575,-0.1389993,0.3688032,-0.036409102,0.25792469,0.91462533,-0.31134445,1.8874038,1.2959336,3.73
33,4400,2.200000,8,1.1465781,0.14519375,0.73207769,0.13974134,-0.042945054,0.039442443,-0.024241067,0.037894773,-0.36154672,0.054006745,-0.14045503,0.98381458,0.11127112,1.4592943,1.7126038,3.73
33,4400,2.200000,9,1.1465781,0.1489092,1.0117535,0.45412571,0.092106614,-0.017049675,-0.018681475,-0.16767975,-0.37021448,0.19356946,-0.21837144,0.97277442,-0.077613393,1.6484879,1.7916187,3.73
33,4400,2.200000,10,1.1465781,0.43070374,0.714656,0.43069931,0.031121543,0.032866362,-0.014797727,0.16627041,0.36903928,-0.30066244,0.14392767,0.98899433,0.034278802,1.5365108,1.4262815,3.73
33,4400,2.200000,11,1.1465781,0.43655626,0.99239852,0.1526007,-0.0076558419,0.030318642,0.015586826,0.32401932,-0.3438079,0.0078965116,-0.059145454,0.99792731,-0.025355306,1.5961544,1.6299954,3.73
33,4400,2.200000,12,1.1465781,0.15345546,0.69799377,0.70111907,0.032355831,-0.008755259,-0.014898375,0.32333638,-0.015833013,0.060592748,0.093400261,0.99226792,0.081735931,1.4889691,1.4769448,3.73
33,4400,2.200000,13,1.1465781,0.13603285,1.0059047,0.99483921,-0.11863254,0.040873293,0.0248776,-0.37759513,0.072709409,0.37629985,-0.048673162,0.99537257,-0.082851517,1.6537429,1.6196568,3.73
33,4400,2.200000,14,1.1465781,0.42849815,0.7154113,1.0188608,-0.041295131,0.025082912,0.0012411272,-0.15875205,-0.045196139,-0.24531014,-0.20852596,0.97468345,-0.080678965,1.6515631,1.7815612,3.73
33,4400,2.200000,15,1.1465781,0.42658659,0.99738723,0.72991725,0.063807645,-0.19398935,0.032402178,0.20051508,-0.073641587,-0.0067845123,-0.12192467,0.9925137,0.0071358266,1.5636604,1.6930282,3.73
33,4400,2.200000,16,1.1465781,0.71518579,0.14872881,0.13973049,-0.0013187648,-0.0097164393,0.00064573003,-0.31935844,0.13129415,0.12682579,0.26420918,0.85074803,-0.4543361,2.0424231,1.2696789,3.73
33,4400,2.200000,17,1.1465781,0.70512889,0.42190335,0.42310513,-0.0020554579,-0.0069117762,0.028327156,0.24595966,0.23019462,0.13854195,-0.30266351,0.90732627,-0.29181131,1.8669163,1.8927665,3.73
33,4400,2.200000,18,1.1465781,1.0136486,0.15126629,0.44682509,0.0077515825,-0.054982977,0.040233566,0.15477241,-0.027883915,-0.19488297,-0.15524438,0.94553811,0.28610639,1.2806354,1.7335307,3.73
33,4400,2.200000,19,1.1465781,1.0185351,0.43357441,0.14519008,-0.008240293,-0.07178188,-0.032877603,0.20827799,-0.13437972,-0.18159513,0.18708737,0.97368672,0.13012493,1.4403014,1.3809666,3.73
33,4400,2.200000,20,1.1465781,0.70232506,0.1340136,0.70023409,0.0036940653,-0.029224436,0.0079998162,0.013055789,-0.29644051,-0.20113384,-0.028259456,0.9973596,-0.066897208,1.6377435,1.599123,3.73
33,4400,2.200000,21,1.1465781,0.70593111,0.42023575,0.98192082,0.0083921088,0.014148269,0.011399144,0.27851252,0.024299976,0.23541404,-0.17412669,0.9847232,-0.00032461499,1.5711209,1.7458152,3.73
33,4400,2.200000,22,1.1465781,0.99920577,0.15466607,1.00943,-0.11065499,0.13287788,-0.020598402,-0.083798626,0.16673246,0.10647689,0.12081204,0.98220707,0.1437836,1.4265126,1.4484105,3.73
33,4400,2.200000,23,1.1465781,0.99327467,0.44263062,0.72860061,0.083914389,-0.015070812,0.066314922,-0.23731072,-0.03087191,-0.40886357,-0.11639297,0.99319782,-0.0032827595,1.5740791,1.6874543,3.73
33,4400,2.200000,24,1.1465781,0.73143833,0.71043565,0.1390513,0.020726331,-0.0095104834,-0.043742209,-0.087879109,0.069376412,0.0090010294,-0.70060378,0.5592144,-0.4432083,2.0299709,2.4679568,3.73
33,4400,2.200000,25,1.1465781,0.71045131,0.99620249,0.42525092,-0.088377794,-0.065951578,0.0025270644,0.19881499,-0.42979496,-0.56133323,-0.40599016,0.90804636,0.10307186,1.4675411,1.9912384,3.73
33,4400,2.200000,26,1.1465781,1.0173223,0.72275444,0.42936526,0.019955035,0.0012425939,-0.022290076,0.078442278,0.17646286,0.30834609,0.053701569,0.98549104,-0.16100792,1.7325081,1.516358,3.73
33,4400,2.200000,27,1.1465781,0.99535499,1.0111887,0.16676929,-0.045512993,0.089836004,0.016932821,-0.089350131,0.054263172,-0.0087508933,-0.62512606,0.66770359,0.40421446,1.1546765,2.3232728,3.73
33,4400,2.200000,28,1.1465781,0.70923626,0.72282646,0.71679736,0.04492696,-0.011253706,0.025386744,0.31929495,0.00066662364,0.2465837,0.082576444,0.99637293,-0.020545308,1.5913431,1.4881083,3.73
33,4400,2.200000,29,1.1465781,0.71493196,1.0086784,0.99613741,-0.03398173,0.052599037,-0.057421345,0.13124094,0.4784641,0.28977954,0.19940764,0.96842564,-0.14962747,1.7209878,1.3677255,3.73
33,4400,2.200000,30,1.1465781,0.99551553,0.7160244,0.98794198,0.013532625,0.06495198,0.044585524,-0.44497488,0.13144792,0.12182032,0.050689083,0.98753555,-0.14901058,1.7203639,1.5195125,3.73
33,4400,2.200000,31,1.1465781,1.0083982,1.0113625,0.72412279,0.046516082,0.021111315,-0.025427641,0.35072109,-0.20754357,-0.15592535,0.066661934,0.99124362,0.11398364,1.4565644,1.5036466,3.73
34,4500,2.250000,0,1.1461643,0.13386257,0.13775336,0.14751535,-0.042150665,0.06361425,-0.020569342,0.2355962,-0.045093469,0.15363451,-0.5286078,0.83543817,0.15038904,1.4198346,2.1349359,3.73
34,4500,2.250000,1,1.1461643,0.15140544,0.42379904,0.41311446,0.0077633862,-0.010876395,-0.019080664,-0.054563698,-0.20668186,0.37269125,-0.20612812,0.89519461,0.39514277,1.1645731,1.7971123,3.73
34,4500,2.250000,2,1.1461643,0.43965336,0.13732594,0.40419413,0.0076625449,-0.016298689,0.022607182,-0.26015187,0.058603171,-0.086831831,0.058580662,0.97462929,-0.21602326,1.788536,1.510763,3.73
34,4500,2.250000,3,1.1461643,0.42203379,0.44090432,0.13993394,-0.0064592566,0.024698957,0.0024518214,-0.27778367,0.022829262,-0.10964413,-0.6556896,0.75437469,0.031463753,1.5393274,2.2863222,3.73
34,4500,2.250000,4,1.1461643,0.13471157,0.15595935,0.73247523,0.080311651,-0.080201148,0.019818206,0.087419118,-0.2220986,0.11987732,0.14754214,0.98256176,0.11315349,1.4574,1.4217492,3.73
34,4500,2.250000,5,1.1461643,0.14028815,0.43615352,0.99944415,-0.048260631,0.009767304,-0.0025233044,0.15192315,0.37820279,-0.10501333,0.18345907,0.97791783,-0.10009736,1.6710616,1.3853501,3.73
34,4500,2.250000,6,1.1461643,0.42062815,0.12705948,1.0196089,-0.013017139,-0.032849606,-0.027916915,-0.22628642,0.057194786,0.06453793,0.038837146,0.99461553,-0.096081378,1.6670262,1.5317688,3.73
34,4500,2.250000,7,1.1461643,0.42212085,0.43689108,0.71071906,0.010171228,0.01284066,-0.010490802,0.23165987,0.25986671,-0.076415226,0.29516619,0.95503111,0.028151413,1.5426412,1.2710444,3.73
34,4500,2.250000,8,1.1461643,0.14133599,0.71472595,0.14348469,-0.046751104,0.022351795,-0.020446611,-0.20121487,-0.22080441,0.083926063,-0.13106386,0.98408208,0.12001967,1.4504866,1.703201,3.73
34,4500,2.250000,9,1.1461643,0.14601455,0.99594247,0.45191084,0.089265185,-0.032498429,-0.020732839,0.096866366,-0.24159036,-0.26387366,-0.28152362,0.95944236,-0.01465652,1.5854534,1.8562094,3.73
34,4500,2.250000,10,1.1461643,0.43908565,0.72746173,0.4214663,0.039660412,0.045932329,-0.023876954,0.11188947,0.049874133,-0.0028661882,0.076296958,0.99641848,-0.036455168,1.6072596,1.4943743,3.73
34,4500,2.250000,11,1.1461643,0.44279481,0.98353055,0.14718269,-0.0012586095,0.021807244,0.010222912,-0.14141868,-0.031639784,-0.25555418,0.13398764,0.95725279,0.25634821,1.3115541,1.4317288,3.73
34,4500,2.250000,12,1.1461643,0.16051202,0.69945785,0.71368478,0.039469046,-0.0070389911,-0.0020773463,-0.1244857,0.14750537,0.43662722,0.12495396,0.96776553,0.21866961,1.3503455,1.4423908,3.73
34,4500,2.250000,13,1.1461643,0.12173973,1.0043244,1.0152504,-0.13287915,0.039655739,0.045651563,-0.16501832,-0.12551708,0.30866019,0.18910741,0.92835382,0.31999622,1.2450708,1.3698438,3.73
34,4500,2.250000,14,1.1461643,0.42166797,0.71237326,0.99685458,-0.047971889,0.022302534,-0.020401362,-0.037298269,0.028310179,-0.5220969,0.31905469,0.93296131,0.16669522,1.4033193,1.2412835,3.73
34,4500,2.250000,15,1.1461643,0.43303881,0.99818736,0.72560707,0.070414998,-0.19282909,0.028354665,0.045783894,0.068027523,-0.19027976,-0.13831517,0.98616022,0.091416292,1.4792522,1.7101436,3.73
34,4500,2.250000,16,1.1461643,0.70736564,0.154092,0.14617817,-0.0088822001,-0.0042985995,0.0071450068,-0.021685175,0.11720321,0.10359233,0.44554563,0.88769632,-0.11612209,1.687181,1.1056201,3.73
34,4500,2.250000,17,1.1461643,0.72449517,0.43703198,0.42787304,0.017568816,0.0083718581,0.033248625,0.43870514,0.2881282,0.11742448,-0.1525605,0.98824163,-0.010187213,1.5809837,1.7239629,3.73
34,4500,2.250000,18,1.1461643,1.0131293,0.15180116,0.43395113,0.0075980669,-0.054393422,0.027518549,-0.12354234,-0.011019866,-0.30199776,-0.13773415,0.99010344,-0.026916057,1.5977156,1.7090201,3.73
34,4500,2.250000,19,1.1461643,1.013442,0.43467564,0.14001372,-0.01296664,-0.070523968,-0.038002499,-0.38858614,0.13017346,-0.023129017,0.22267367,0.9731975,-0.057472204,1.6283002,1.345862,3.73
34,4500,2.250000,20,1.1461643,0.71102903,0.12106528,0.69678664,0.012653089,-0.042126722,0.0048044774,0.29551741,-0.15930051,0.0248441,0.19750703,0.97981383,0.03091662,1.5398748,1.3718858,3.73
34,4500,2.250000,21,1.1461643,0.7157812,0.42163154,0.99470756,0.01849876,0.015695978,0.024542587,0.0711196,-0.015419996,0.27741526,0.083741032,0.91112456,0.40353373,1.1554206,1.4791443,3.73
34,4500,2.250000,22,1.1461643,0.99390858,0.15647959,1.0084106,-0.1155925,0.13474755,-0.021253704,-0.051944092,0.021055273,-0.069283268,0.29715731,0.93385713,-0.19901856,1.7711527,1.2627232,3.73
34,4500,2.250000,23,1.1461643,0.98516235,0.43304328,0.70493336,0.076159102,-0.024500128,0.042906372,-0.051174656,-0.29391548,-0.43504274,-0.023968372,0.94666781,-0.3213185,1.8979178,1.5961096,3.73
34,4500,2.250000,24,1.1461643,0.72654387,0.71497357,0.139057,0.016094978,-0.0047153398,-0.043686321,-0.091707993,0.023693506,-0.040763984,-0.60460627,0.78045096,-0.15920915,1.7306859,2.2299117,3.73
34,4500,2.250000,25,1.1461643,0.71889541,0.97850209,0.40677334,-0.079675754,-0.083295628,-0.015800363,0.1335661,-0.055337061,-0.055739526,-0.28857509,0.94733556,0.13885158,1.4314947,1.8664841,3.73
34,4500,2.250000,26,1.1461643,1.0213704,0.7247386,0.44165149,0.02437107,0.0034879677,-0.0098466705,0.10484654,-0.14545921,0.10366749,-0.29018388,0.9520671,0.096755079,1.4738896,1.866645,3.73
34,4500,2.250000,27,1.1461643,0.993266,1.0150122,0.1567706,-0.047243122,0.094025128,0.0069925104,0.065175477,0.088271815,-0.31832699,-0.60837266,0.76135465,0.22410222,1.3447746,2.2449675,3.73
34,4500,2.250000,28,1.1461643,0.7212483,0.72086516,0.72272827,0.057197152,-0.012954474,0.031577436,0.18821536,0.0024829922,0.054518405,-0.053187195,0.97705267,0.20625034,1.363055,1.625179,3.73
34,4500,2.250000,29,1.1461643,0.7187397,1.0245916,1.0138243,-0.02991527,0.068879212,-0.039371774,-0.044938953,0.091173462,0.34761099,0.23635795,0.96216771,0.13552937,1.4348486,1.3299145,3.73
34,4500,2.250000,30,1.1461643,0.98074603,0.72048367,1.0063986,-0.00088023855,0.069670486,0.063402065,-0.098252651,0.058484963,0.45721851,0.24582372,0.96683132,-0.069339059,1.6401911,1.321815,3.73
34,4500,2.250000,31,1.1461643,1.0199943,1.0012898,0.71414623,0.058478178,0.011401792,-0.035144651,0.0892017,-0.14835599,-0.18240362,-0.17977853,0.97262268,0.14725761,1.4230013,1.7535723,3.73
35,4600,2.300000,0,1.1445831,0.14695153,0.13708457,0.15361193,-0.028867861,0.063135172,-0.014264906,0.24697932,0.057421889,0.09447539,-0.064142046,0.99269864,0.1021529,1.4684649,1.6353204,3.73
35,4600,2.300000,1,1.1445831,0.15030572,0.420554,0.44063755,0.006871919,-0.013538623,0.0090317359,0.053685664,0.09797662,0.59302622,-0.018875396,0.91002105,0.41413212,1.1438072,1.5915351,3.73
35,4600,2.300000,2,1.1445831,0.42993181,0.13799973,0.41026942,-0.0014587811,-0.015434859,0.029244655,-0.069303417,0.011377008,0.34609752,-0.037049445,0.9967315,0.071788938,1.4989456,1.6079502,3.73
35,4600,2.300000,3,1.1445831,0.41766595,0.43794524,0.13396112,-0.010247501,0.022346489,-0.0033319512,0.046012408,-0.03988432,-0.098846414,-0.33999109,0.9397751,0.035054542,1.5357346,1.9179261,3.73
35,4600,2.300000,4,1.1445831,0.14147965,0.1394984,0.72938991,0.087270375,-0.096458169,0.017741921,0.30412576,-0.34641828,-0.19368524,0.34475397,0.89956642,0.2681883,1.2992844,1.2048172,3.73
35,4600,2.300000,5,1.1445831,0.13845681,0.44757837,0.99825578,-0.049899566,0.021802143,-0.0023327768,-0.18432842,0.087797971,0.039438955,-0.14287718,0.95313076,0.26669809,1.3008309,1.7195914,3.73
35,4600,2.300000,6,1.1445831,0.41064377,0.13718018,1.0137347,-0.022427747,-0.022546511,-0.032387666,-0.16915423,0.3337693,-0.20302409,0.059729017,0.97160716,0.22893662,1.3398112,1.5093991,3.73
35,4600,2.300000,7,1.1445831,0.43938351,0.43580055,0.70062725,0.028028548,0.012352496,-0.019608446,0.38835668,-0.27873959,-0.26073275,0.24634858,0.92780965,0.28014574,1.2868504,1.3112682,3.73
35,4600,2.300000,8,1.1445831,0.12783277,0.71802172,0.14689084,-0.060068538,0.026636504,-0.016840028,-0.24431985,0.16376632,0.07718085,-0.0015930582,0.96920942,0.24623272,1.322005,1.57244,3.73
35,4600,2.300000,9,1.1445831,0.14921045,0.99024204,0.43290164,0.092664868,-0.036827919,-0.039131317,-0.015094682,0.14092014,-0.34372052,-0.122084,0.97787957,0.16984417,1.4001248,1.6949993,3.73
35,4600,2.300000,10,1.1445831,0.43999309,0.71947888,0.42410639,0.041174628,0.038948222,-0.020653213,0.0070350722,-0.32579501,0.083422957,-0.38615251,0.85206381,0.35337445,1.2096205,1.9963054,3.73
35,4600,2.300000,11,1.1445831,0.42247637,0.9899578,0.13228424,-0.020979806,0.029596685,-0.0044826365,-0.47153611,0.26493572,-0.23151968,-0.05967316,0.99355357,0.096386834,1.4742596,1.6307846,3.73
35,4600,2.300000,12,1.1445831,0.14348903,0.71174399,0.73053445,0.022655884,0.0062212229,0.015769193,-0.45886271,0.34588327,0.1750355,0.17371347,0.98290081,0.06107068,1.5096876,1.3958672,3.73
35,4600,2.300000,13,1.1445831,0.1209463,0.99082838,1.0217558,-0.13350507,0.027536884,0.053563009,0.14334647,-0.30522928,0.0041671377,0.18643595,0.76502768,0.61642054,0.90660758,1.3317574,3.73
35,4600,2.300000,14,1.1445831,0.42826677,0.72184488,0.97796971,-0.040786427,0.032764116,-0.037923139,0.28597172,0.3395253,-0.099336212,0.27542461,0.94194483,0.19204486,1.377551,1.2863266,3.73
35,4600,2.300000,15,1.1445831,0.43303952,1.0043606,0.71249148,0.071013503,-0.18527362,0.016231707,-0.052219831,0.26251019,-0.29252751,-0.1970864,0.97192657,0.12851337,1.4419266,1.7708627,3.73
35,4600,2.300000,16,1.1445831,0.70966345,0.15883301,0.15176876,-0.0056062981,0.00065840425,0.012941254,0.054660576,0.070836902,0.20295212,-0.24852078,0.94615998,0.20740955,1.3618701,1.8276567,3.73
35,4600,2.300000,17,1.1445831,0.73715323,0.44469326,0.43321591,0.031235776,0.016641745,0.039185865,0.057944156,0.0066763097,0.072995834,0.029134749,0.99935719,-0.020889461,1.5916873,1.5416511,3.73
35,4600,2.300000,18,1.1445831,1.0026759,0.14368805,0.42061315,-0.0014639904,-0.06230257,0.014770419,-0.22007742,-0.36049648,-0.19502018,0.10942139,0.9750595,-0.19309566,1.7651125,1.4590437,3.73
35,4600,2.300000,19,1.1445831,0.99468408,0.43535872,0.14500598,-0.030338523,-0.069240353,-0.032813503,-0.20999464,-0.12854249,0.15389625,0.02711716,0.98114822,-0.1913448,1.7633284,1.5431652,3.73
35,4600,2.300000,20,1.1445831,0.72733719,0.12314929,0.69937143,0.029954083,-0.039874143,0.008352951,0.29677689,0.21954291,0.15068657,-0.1179007,0.97725742,0.17625935,1.3936113,1.6908605,3.73
35,4600,2.300000,21,1.1445831,0.71187835,0.41670765,1.0032418,0.015581342,0.01135075,0.034455854,-0.19490878,-0.16587123,0.082327961,0.44663191,0.74609591,0.49382267,1.054316,1.0313882,3.73
35,4600,2.300000,22,1.1445831,0.99805714,0.15610305,1.0031741,-0.110069,0.13458677,-0.025101697,0.23910426,-0.03895221,-0.10495903,0.1630887,0.81316015,-0.55872412,2.1636429,1.3728608,3.73
35,4600,2.300000,23,1.1445831,0.99120848,0.41701068,0.69459112,0.083569413,-0.039945991,0.033530136,0.32204764,-0.19561286,0.061186799,0.00075284922,0.99914873,-0.041246277,1.6120543,1.5700428,3.73
35,4600,2.300000,24,1.1445831,0.71866671,0.70763707,0.13301154,0.0092153628,-0.011069894,-0.049543987,-0.26191201,-0.154297,-0.09710776,-0.046215171,0.99874042,-0.019537942,1.5903355,1.6170368,3.73
35,4600,2.300000,25,1.1445831,0.72305395,0.99017432,0.41493585,-0.074521915,-0.07026453,-0.007070677,0.084185475,0.44069033,0.29408124,-0.04762349,0.96839832,0.24481971,1.3234626,1.6199343,3.73
35,4600,2.300000,26,1.1445831,1.0207036,0.71039946,0.4318523,0.025113752,-0.0098605781,-0.01904293,-0.080821703,-0.30958941,-0.37567998,-0.28042125,0.91925546,0.27628486,1.29087,1.866882,3.73
35,4600,2.300000,27,1.1445831,1.0005435,1.0156911,0.14135031,-0.038589431,0.0961057,-0.0082220095,0.27011938,-0.027478685,-0.19413189,-0.25391749,0.96355889,-0.084143788,1.6550397,1.8284591,3.73
35,4600,2.300000,28,1.1445831,0.72588954,0.72361876,0.72614744,0.062837265,-0.0092038334,0.035996676,0.10852069,0.10271563,0.057484878,-0.055668124,0.9419428,0.33112659,1.2332991,1.6298269,3.73
35,4600,2.300000,29,1.1445831,0.70895552,1.0168737,1.0207957,-0.038713994,0.062570414,-0.030995934,-0.22875642,-0.23592071,-0.02347667,-0.23642728,0.9713229,0.025178743,1.5456149,1.8095607,3.73
35,4600,2.300000,30,1.1445831,0.98477418,0.7222405,1.0201637,0.004504597,0.072423148,0.078565963,0.24257003,-0.00433506,0.10496416,0.11122069,0.97372942,0.1986982,1.3707669,1.4570678,3.73
35,4600,2.300000,31,1.1445831,1.0154842,0.99443634,0.71271956,0.055373116,0.0059259099,-0.035586436,-0.27219782,-0.062641707,0.11648753,-0.029222161,0.99790356,0.057745512,1.5130187,1.6000715,3.73
36,4700,2.350000,0,1.1569573,0.15345616,0.1496041,0.15739449,-0.023978227,0.074113648,-0.0121544,-0.084907104,0.35569766,-0.017350893,0.047081173,0.99432299,-0.095420986,1.6663627,1.5234817,3.73
36,4700,2.350000,1,1.1569573,0.15343473,0.42739678,0.4658716,0.008367923,-0.011254752,0.029392575,-0.031005338,0.020818595,0.1813145,0.15940892,0.97571014,0.1502615,1.4199636,1.4088498,3.73
36,4700,2.350000,2,1.1569573,0.43312685,0.14365755,0.4326731,-0.0029039813,-0.01129124,0.047116812,0.064436633,0.10330032,0.18301276,-0.12337464,0.9439426,0.30618797,1.2596102,1.700761,3.73
36,4700,2.350000,3,1.1569573,0.42161594,0.44338238,0.13308577,-0.010809889,0.023045232,-0.005643126,-0.025285428,0.019671404,-0.018416765,0.39694774,0.9159694,0.058587937,1.5121748,1.1618631,3.73
36,4700,2.350000,4,1.1569573,0.15804417,0.12876929,0.72531133,0.10222495,-0.10862996,0.0058418701,0.11525064,-0.12974736,-0.23186249,0.077330068,0.97503765,0.20813851,1.3611249,1.4916522,3.73
36,4700,2.350000,5,1.1569573,0.13159498,0.4479758,1.0106661,-0.058213559,0.017384546,-0.00072324529,-0.075373559,-0.25359114,0.021566969,-0.31754796,0.92354446,0.21500912,1.3540952,1.9019694,3.73
36,4700,2.350000,6,1.1569573,0.40878514,0.15118479,1.0100312,-0.028692178,-0.010091931,-0.046972254,-0.10896537,0.12485345,-0.31922812,0.040157533,0.96261888,0.26786614,1.2996188,1.5291035,3.73
36,4700,2.350000,7,1.1569573,0.46175653,0.42354569,0.70509745,0.045557138,-0.0045230839,-0.022696154,0.24851214,-0.24310504,0.23860557,0.19786617,0.86543732,0.46029038,1.0924741,1.3460281,3.73
36,4700,2.350000,8,1.1569573,0.12533281,0.72775174,0.1536294,-0.063929746,0.028593454,-0.011717056,0.060172759,-0.14280423,0.053302881,0.079695495,0.86674165,0.492349,1.0560099,1.4791058,3.73
36,4700,2.350000,9,1.1569573,0.14737144,1.014918,0.42790718,0.089231195,-0.022932217,-0.048754152,-0.069270984,0.29928418,-0.018800993,-0.10599256,0.99409462,0.023269303,1.5475249,1.6770172,3.73
36,4700,2.350000,10,1.1569573,0.44493712,0.71183404,0.43308969,0.041360885,0.023607554,-0.01627846,-0.067679048,-0.19629018,0.090203671,-0.24495724,0.85119132,0.46418669,1.0880802,1.8510063,3.73
36,4700,2.350000,11,1.1569573,0.41197018,1.011606,0.13118306,-0.035972799,0.040483906,-0.0070004128,-0.18934228,0.19491862,0.16731846,-0.0058561841,0.92993799,0.36766975,1.1942943,1.5770936,3.73
36,4700,2.350000,12,1.1569573,0.12414642,0.73332133,0.7341652,0.001873744,0.020029636,0.011524924,-0.33573932,0.16175344,-0.29988917,0.070772569,0.9858212,0.15214405,1.4180591,1.4991288,3.73
36,4700,2.350000,13,1.1569573,0.13723548,0.99827147,1.0292967,-0.11860356,0.024285577,0.050076335,0.31865708,0.14745484,-0.097861104,-0.13016438,0.9027806,0.40993221,1.1484166,1.7139911,3.73
36,4700,2.350000,14,1.1569573,0.44697736,0.74054242,0.99242515,-0.026781144,0.043599511,-0.034061323,0.24178708,0.0053985254,0.13191834,-0.10823953,0.98508022,0.13379521,1.4365987,1.6802362,3.73
36,4700,2.350000,15,1.1569573,0.43929269,1.0285523,0.70684248,0.07257667,-0.17201135,0.0029513339,0.20191533,0.11444852,-0.23317711,-0.11024884,0.99309433,-0.04011044,1.6109175,1.6813591,3.73
36,4700,2.350000,16,1.1569573,0.71747911,0.15807638,0.15934594,-0.0054636045,-0.001802145,0.018845918,0.001979971,-0.12932949,0.0093407632,-0.48460759,0.76052398,0.43215595,1.1239142,2.1381222,3.73
36,4700,2.350000,17,1.1569573,0.73798964,0.44562231,0.44266796,0.024140941,0.012783939,0.043928898,-0.30627815,-0.18253911,0.10252779,0.052121453,0.99830698,-0.025817127,1.5966163,1.5186338,3.73
36,4700,2.350000,18,1.1569573,1.0084576,0.12453301,0.4216427,-0.0064951717,-0.082900289,0.011271526,0.075218984,-0.34100927,0.083475818,0.037440581,0.99538663,0.088338312,1.4823427,1.5331999,3.73
36,4700,2.350000,19,1.1569573,1.0010374,0.42606484,0.14856535,-0.034715215,-0.083166039,-0.030832443,0.024215698,-0.31234726,-0.095640486,-0.17686875,0.95827495,0.22455861,1.3443063,1.7533122,3.73
36,4700,2.350000,20,1.1569573,0.73988626,0.14268659,0.71782633,0.034614828,-0.021765573,0.019188675,-0.059463626,0.43099095,0.25364207,-0.26417349,0.94504672,-0.19261118,1.7646188,1.8433736,3.73
36,4700,2.350000,21,1.1569573,0.71236374,0.41103602,1.0125399,0.008409152,0.0012285049,0.0329162,-0.031235571,-0.17723168,-0.11014017,0.44931483,0.83929599,0.30610198,1.2597006,1.0792724,3.73
36,4700,2.350000,22,1.1569573,1.0254959,0.15379428,1.0081174,-0.093509277,0.13061174,-0.030972239,0.39745608,-0.20363197,-0.15112037,-0.10745163,0.86162283,-0.49604459,2.0898338,1.6948642,3.73
36,4700,2.350000,23,1.1569573,1.0208426,0.41935441,0.71514739,0.10238635,-0.042099004,0.046507394,0.36484823,0.1259161,0.39033878,0.011364421,0.98698911,0.16038499,1.4097156,1.5592826,3.73
36,4700,2.350000,24,1.1569573,0.71171136,0.7168592,0.1361853,-0.0054307661,-0.0095064601,-0.047817501,-0.18670662,0.21345422,0.098499941,0.24114742,0.88501167,0.39824901,1.1611892,1.304775,3.73
36,4700,2.350000,25,1.1569573,0.73065331,1.0147526,0.43215044,-0.074738352,-0.056465239,0.0055899613,-0.11493334,0.14177254,0.20817622,0.14170603,0.98152003,0.12859952,1.4418397,1.427413,3.73
36,4700,2.350000,26,1.1569573,1.0252507,0.71298563,0.42219581,0.018660726,-0.014927325,-0.033291581,-0.16431535,0.11684304,-0.085120995,-0.012583166,0.99145218,0.1298624,1.4405661,1.5834873,3.73
36,4700,2.350000,27,1.1569573,1.0184451,1.0207508,0.14027664,-0.031542581,0.090216357,-0.0108099,-0.028651793,-0.17370134,0.050685968,0.17223687,0.97873348,-0.11142369,1.6824519,1.3966006,3.73
36,4700,2.350000,28,1.1569573,0.73637306,0.73389888,0.73397077,0.065459076,-0.0067599191,0.035969749,-0.037644642,-0.058307135,0.0022254063,-0.050304571,0.98215284,0.18123257,1.3885567,1.6219703,3.73
36,4700,2.350000,29,1.1569573,0.70844921,1.0214837,1.0218028,-0.046841152,0.056221104,-0.040971066,-0.01632658,0.0093774572,-0.29726275,-0.27658077,0.95942815,-0.054778613,1.6256024,1.8514634,3.73
36,4700,2.350000,30,1.1569573,1.0068661,0.72575181,1.0244164,0.015888883,0.068149271,0.071825854,0.13529015,-0.1272905,-0.28762155,-0.12548447,0.9838627,0.12754543,1.4429025,1.6976541,3.73
36,4700,2.350000,31,1.1569573,1.0083615,1.0047854,0.72373338,0.037368767,0.0055262565,-0.032295541,-0.29465336,0.049825417,0.0010268037,0.24195957,0.96945787,0.04008758,1.530698,1.3262108,3.73
37,4800,2.400000,0,1.1561649,0.14028098,0.16573336,0.15279565,-0.037052777,0.09035093,-0.016646979,-0.31291938,0.16495227,-0.1230549,-0.27747359,0.94150331,-0.19125879,1.7632408,1.857396,3.73
37,4800,2.400000,1,1.1561649,0.15188709,0.42784228,0.45887668,0.0069248806,-0.010516278,0.022714439,-0.082823111,0.00061386469,-0.37118846,0.21870362,0.96471711,-0.14659341,1.7179199,1.3478622,3.73
37,4800,2.400000,2,1.1561649,0.43800827,0.14856269,0.42838456,0.0022758638,-0.0062859929,0.043123238,0.12629474,0.18749322,-0.24668397,-0.39288763,0.91532087,0.088470462,1.48221,1.9762485,3.73
37,4800,2.400000,3,1.1561649,0.42024576,0.44576664,0.13348863,-0.011891672,0.025734086,-0.005148954,0.079133703,0.079476794,0.049982028,0.37029882,0.89200836,-0.25922936,1.8330205,1.1773159,3.73
37,4800,2.400000,4,1.1561649,0.15352705,0.13023064,0.71641283,0.097814566,-0.10707988,-0.0025627494,-0.27437551,0.13040987,-0.12106002,-0.052468445,0.98833198,0.14299284,1.4273117,1.6238344,3.73
37,4800,2.400000,5,1.1561649,0.13609952,0.43288077,1.0096905,-0.053617313,0.0025912652,-0.0010068112,0.21352528,-0.19907348,-0.067593568,-0.061255084,0.96518362,0.2542998,1.3136727,1.634176,3.73
37,4800,2.400000,6,1.1561649,0.40862247,0.15167355,0.99404214,-0.028574835,-0.0094994157,-0.062274799,0.17046685,-0.13775258,-0.15923548,0.037674354,0.99881246,0.030892034,1.5398994,1.5330951,3.73
37,4800,2.400000,7,1.1561649,0.46481763,0.42532415,0.73125897,0.048935648,-0.0024538318,0.0039574216,-0.21581447,0.27997213,0.62744833,0.024707298,0.90540871,0.42382145,1.133136,1.5435145,3.73
37,4800,2.400000,8,1.1561649,0.1318446,0.71338169,0.15463491,-0.057329847,0.01471708,-0.01060594,0.24154448,-0.3747143,0.066956078,0.23072755,0.93565731,0.2670397,1.3004765,1.3290258,3.73
37,4800,2.400000,9,1.1561649,0.14545075,1.0208919,0.43351061,0.087410824,-0.016260927,-0.042855625,0.096697851,-0.072273106,0.18417163,-0.069075047,0.9797997,-0.18767307,1.7595889,1.641179,3.73
37,4800,2.400000,10,1.1561649,0.4389034,0.70909305,0.43811457,0.035629937,0.021353318,-0.010955137,-0.10513518,0.068661442,0.17465784,0.22073916,0.94960144,0.22255636,1.3463605,1.342398,3.73
37,4800,2.400000,11,1.1561649,0.41090524,1.0166511,0.14516686,-0.036755847,0.046223822,0.007078061,0.12906102,-0.00031936556,0.3474191,0.28328814,0.85583743,0.43277029,1.1232328,1.251141,3.73
37,4800,2.400000,12,1.1561649,0.12174017,0.73819805,0.71766825,-0.00044827467,0.025410449,-0.0044746795,0.23065254,0.12096631,-0.32807135,-0.0088714863,0.93241282,0.36128608,1.2011496,1.5803106,3.73
37,4800,2.400000,13,1.1561649,0.15316963,1.0096278,1.0185517,-0.10256993,0.036329698,0.04003289,0.33060797,0.18174019,-0.25306977,-0.017790513,0.99981974,-0.0066325674,1.5774289,1.5885882,3.73
37,4800,2.400000,14,1.1561649,0.45127304,0.72965241,0.99667071,-0.022177751,0.033213135,-0.029134358,-0.099759375,-0.28442683,0.16970984,-0.36765444,0.91068986,0.18834594,1.3813187,1.9544967,3.73
37,4800,2.400000,15,1.1561649,0.44788939,1.0218713,0.70083858,0.081477292,-0.17798994,-0.0025703439,0.13386381,-0.31857932,0.071274394,0.060924509,0.99764648,0.031459611,1.5393315,1.5098038,3.73
37,4800,2.400000,16,1.1561649,0.71293265,0.14750469,0.15456559,-0.0095200522,-0.01226915,0.014173103,-0.1158306,-0.27376951,-0.19370456,-0.20368811,0.9157621,0.34625269,1.2172226,1.7896582,3.73
37,4800,2.400000,17,1.1561649,0.72624805,0.43191577,0.44369079,0.012900951,-0.00062198334,0.045255372,-0.11300591,-0.21965831,-0.10616578,-0.051865632,0.95563791,0.28994163,1.2766305,1.6250164,3.73
37,4800,2.400000,18,1.1561649,1.0141284,0.12363767,0.43401043,-0.00013147413,-0.083710611,0.023932372,0.081918642,0.32489983,0.31573975,-0.0014691834,0.99199089,0.12630089,1.4441572,1.5722774,3.73
37,4800,2.400000,19,1.1561649,1.0019256,0.41574517,0.14080019,-0.03314084,-0.093197332,-0.038498476,-0.034474705,-0.030634438,-0.13846211,0.031849773,0.90062523,0.43342794,1.1225032,1.535447,3.73
37,4800,2.400000,20,1.1561649,0.73614644,0.15807726,0.72759071,0.03138065,-0.0062718712,0.029448205,-0.01035681,0.12101602,0.13627156,-0.019849014,0.9287298,-0.37022558,1.9500482,1.5921653,3.73
37,4800,2.400000,21,1.1561649,0.72009017,0.41183111,1.0079795,0.016626293,0.0023054757,0.029047998,0.33686492,0.27767785,-0.035575307,0.10864795,0.9940413,-0.0088045675,1.579601,1.4619292,3.73
37,4800,2.400000,22,1.1561649,1.0393258,0.13986326,1.003976,-0.078972043,0.11678131,-0.034424344,0.0385745,-0.31364109,-0.072235907,-0.43057264,0.86978995,0.24098267,1.3274181,2.0304605,3.73
37,4800,2.400000,23,1.1561649,1.0316715,0.4317226,0.73349542,0.11391839,-0.029439262,0.06535168,0.056648,0.24821924,0.27092542,-0.039943978,0.99721031,0.063056114,1.5076984,1.6108306,3.73
37,4800,2.400000,24,1.1561649,0.70947636,0.72853286,0.14201007,-0.0071789148,0.0026623483,-0.041897433,0.086223126,0.21527006,0.095371273,-0.1381412,0.95370281,0.26714782,1.3003643,1.7146431,3.73
37,4800,2.400000,25,1.1561649,0.71878254,1.0112177,0.43842623,-0.086112596,-0.059306118,0.012163984,-0.30815069,-0.15842005,0.094391835,0.31833739,0.94694898,-0.044146624,1.6149573,1.2464935,3.73
37,4800,2.400000,26,1.1561649,1.0119301,0.72454298,0.4270041,0.0060379784,-0.0028775168,-0.028192381,-0.33194494,0.24993638,0.22645587,0.19749389,0.98007063,0.021394396,1.5494003,1.3719494,3.73
37,4800,2.400000,27,1.1561649,1.0105794,1.0097662,0.14107602,-0.038713214,0.079927416,-0.0099141408,-0.17044108,-0.20353815,-0.042828422,0.026929257,0.99751292,-0.065136701,1.6359792,1.5438065,3.73
37,4800,2.400000,28,1.1561649,0.72969744,0.71965397,0.72923146,0.059285687,-0.02050689,0.031731687,-0.21467492,-0.34971199,-0.13814552,-0.2061238,0.97577273,0.07335234,1.497378,1.7789774,3.73
37,4800,2.400000,29,1.1561649,0.71266694,1.0268465,1.0072088,-0.042136599,0.062285556,-0.05487001,0.18712245,0.14851956,-0.27519921,-0.18948514,0.97280078,0.13324425,1.4371546,1.7631706,3.73
37,4800,2.400000,30,1.1561649,1.004934,0.72175807,1.0101546,0.014645979,0.064651396,0.058261048,-0.14023018,-0.064435984,-0.17886304,-0.077296707,0.99651667,0.031301,1.5394902,1.6482082,3.73
37,4800,2.400000,31,1.1561649,1.0008207,1.012013,0.72526578,0.030516191,0.013444677,-0.030266765,-0.053428544,0.27123376,0.02535303,0.21742796,0.94424827,0.24722516,1.3209809,1.3444756,3.73
38,4900,2.450000,0,1.1471675,0.13246146,0.16188945,0.14537842,-0.043807012,0.087786756,-0.022899562,-0.028686094,-0.25734429,-0.14205917,-0.23255944,0.96562886,-0.11609049,1.6871492,1.8071329,3.73
38,4900,2.450000,1,1.1471675,0.14140331,0.42466251,0.43373737,-0.0024133797,-0.010365961,0.0010615492,-0.2330005,0.034332009,-0.43345801,0.18741631,0.98177491,0.031514259,1.5392768,1.3821703,3.73
38,4900,2.450000,2,1.1471675,0.44032474,0.15660105,0.4173884,0.0080233846,0.002944542,0.035430742,0.068985886,0.097828057,-0.026440033,-0.41102477,0.87682106,-0.2494864,1.8229462,2.0091468,3.73
38,4900,2.450000,3,1.1471675,0.42721659,0.44298142,0.13661532,-0.0016103051,0.026420528,-0.00096711353,0.30451928,-0.047270543,0.085970333,0.062101583,0.97530424,-0.21195528,1.7843716,1.5072081,3.73
38,4900,2.450000,4,1.1471675,0.13840324,0.13695913,0.70962887,0.083830889,-0.099307574,-0.0037762812,-0.090013913,0.13904479,0.031537735,-0.23102819,0.95366166,0.19275741,1.3768248,1.8084713,3.73
38,4900,2.450000,5,1.1471675,0.14871633,0.42876027,0.99894885,-0.039887737,0.0018365171,-0.0039022771,0.27261181,0.15437638,0.021263414,-0.14083815,0.98707927,0.076414145,1.4943076,1.7125214,3.73
38,4900,2.450000,6,1.1471675,0.42854142,0.13869954,0.98742303,-0.0053853724,-0.021339341,-0.061153843,0.69119001,-0.2916443,0.2648773,0.0096698278,0.99379643,-0.11079331,1.6818176,1.5610664,3.73
38,4900,2.450000,7,1.1471675,0.4377428,0.43394381,0.74001324,0.025386067,0.0095225053,0.018459036,-0.66082856,0.208659,-0.050923055,-0.21480523,0.97591619,-0.038030168,1.6088357,1.787448,3.73
38,4900,2.450000,8,1.1471675,0.14105013,0.6938306,0.15435055,-0.04705818,0.00066266781,-0.0096833265,0.090439558,-0.12541268,-0.063716359,0.067811811,0.9895703,-0.12709125,1.6982322,1.5023768,3.73
38,4900,2.450000,9,1.1471675,0.14902924,1.0055782,0.43290928,0.092139684,-0.023658841,-0.040072483,0.044853952,-0.15846544,-0.11540002,0.047575822,0.99882099,-0.0096521621,1.5804486,1.5232003,3.73
38,4900,2.450000,10,1.1471675,0.42775117,0.70885538,0.44021041,0.027862935,0.026654561,-0.0054282811,-0.21187007,0.06147576,0.051170341,0.10167206,0.99462074,0.019808476,1.5509866,1.4689282,3.73
38,4900,2.450000,11,1.1471675,0.41984904,1.0050385,0.15709322,-0.024566744,0.042508364,0.020185315,0.27769837,-0.11635497,0.12962158,0.11480858,0.99317559,-0.020523922,1.5913217,1.4557097,3.73
38,4900,2.450000,12,1.1471675,0.13952078,0.73392919,0.70180326,0.018353172,0.026892082,-0.014795042,0.44975431,-0.082575014,0.042733584,-0.069297987,0.99702578,-0.033725024,1.6045277,1.6401894,3.73
38,4900,2.450000,13,1.1471675,0.15768725,1.0011399,0.99870843,-0.096837932,0.03569634,0.028069329,-0.14507112,-0.19085143,-0.18354522,0.42535764,0.89242093,-0.15051831,1.7218889,1.1260161,3.73
38,4900,2.450000,14,1.1471675,0.4388005,0.7186621,1.0024755,-0.031173598,0.027880189,-0.015520214,-0.23143693,0.13640846,0.33823164,-0.2254975,0.973388,-0.04082507,1.6116327,1.7984431,3.73
38,4900,2.450000,15,1.1471675,0.44608818,0.99761807,0.70781117,0.083168181,-0.19435488,0.0099049433,-0.13633692,-0.21496229,0.40969672,0.11172981,0.99300353,-0.038215642,1.6090213,1.4587505,3.73
38,4900,2.450000,16,1.1471675,0.7022441,0.1318716,0.14115371,-0.014680672,-0.026811152,0.0019161782,-0.039808651,-0.23435704,-0.23351878,0.1488993,0.98652074,-0.067866267,1.6387148,1.4209933,3.73
38,4900,2.450000,17,1.1471675,0.71852617,0.4222674,0.42792404,0.010822649,-0.0069338145,0.032893158,0.019970964,-0.059815411,-0.3744928,-0.1430846,0.93621263,0.32098707,1.2440248,1.7224562,3.73
38,4900,2.450000,18,1.1471675,1.004987,0.14542201,0.44378972,-0.0013858033,-0.060874916,0.037140747,-0.10255469,0.4759457,0.15416342,0.24533071,0.94285352,0.22547746,1.3433632,1.3162407,3.73
38,4900,2.450000,19,1.1471675,0.99067299,0.42070921,0.13716602,-0.036610004,-0.084965788,-0.04104689,-0.069219242,0.381585,0.019858083,0.15154973,0.98276414,0.10586465,1.4647329,1.4177939,3.73
38,4900,2.450000,20,1.1471675,0.72959393,0.1562808,0.72262421,0.030553637,-0.0068403824,0.030146582,-0.085348238,-0.13117706,-0.12001706,0.25563569,0.95975708,-0.11626153,1.6873214,1.3104853,3.73
38,4900,2.450000,21,1.1471675,0.73125202,0.42624399,1.0079131,0.033457666,0.019992341,0.036856172,0.18769159,0.27833006,0.25271438,0.04979319,0.96394651,-0.26139581,1.8352643,1.5191866,3.73
38,4900,2.450000,22,1.1471675,1.0237284,0.13185871,0.99652088,-0.08651086,0.10983806,-0.034065042,-0.30411241,0.083893111,0.15886553,-0.43675728,0.71813797,0.54177572,0.99824802,2.117209,3.73
38,4900,2.450000,23,1.1471675,1.0182236,0.43726794,0.73148094,0.10847774,-0.020499307,0.069059782,-0.18371262,0.088656047,-0.14965668,0.12124132,0.98723024,-0.10332957,1.6743107,1.4485986,3.73
38,4900,2.450000,24,1.1471675,0.71096703,0.73130287,0.14327498,-0.00013956654,0.011134932,-0.039518096,0.17310346,0.084964961,-0.0061937032,-0.15780639,0.95304841,-0.25844896,1.8322126,1.7348882,3.73
38,4900,2.450000,25,1.1471675,0.70495549,0.99681036,0.43659814,-0.094378326,-0.065869738,0.01375396,-0.00065404387,-0.056773546,0.016390328,0.39546683,0.90925511,0.1298504,1.4405782,1.1605409,3.73
38,4900,2.450000,26,1.1471675,0.98910491,0.72424635,0.43754186,-0.0089709424,0.0024852283,-0.014277295,-0.19418495,-0.029413857,0.23383492,0.1926017,0.97595604,0.10205097,1.4685674,1.3759533,3.73
38,4900,2.450000,27,1.1471675,0.99475163,0.99692844,0.13778224,-0.046707834,0.074928138,-0.012118673,-0.14586614,0.015608106,-0.026768521,-0.18370695,0.98057759,-0.068697432,1.6395479,1.7559952,3.73
38,4900,2.450000,28,1.1471675,0.71710501,0.70069705,0.717707,0.052344685,-0.033915804,0.025859205,-0.065115926,-0.13517763,-0.14848948,-0.076856266,0.99693851,0.014377773,1.5564181,1.6477364,3.73
38,4900,2.450000,29,1.1471675,0.71710139,1.0215987,0.9886103,-0.032116994,0.065039471,-0.06567255,0.2301384,-0.14997048,-0.079864073,-0.17832771,0.97764307,0.11141482,1.4591497,1.7512185,3.73
38,4900,2.450000,30,1.1471675,0.99282961,0.71477905,1.0003005,0.010345218,0.063283799,0.056260237,0.118564,0.09192242,0.09517691,-0.030955402,0.98796324,0.15155989,1.4186501,1.6021186,3.73
38,4900,2.450000,31,1.1471675,0.99147594,1.0106476,0.71768908,0.028953815,0.01998044,-0.032206985,0.010106557,-0.069934443,-0.15930301,0.011273871,0.9659895,0.25833541,1.3094976,1.5591261,3.73
39,5000,2.500000,0,1.1464567,0.13786055,0.14259209,0.13759063,-0.038324138,0.068583764,-0.030599656,0.23308467,-0.43239919,-0.18851527,0.15112338,0.9881636,-0.026351984,1.5971514,1.4190386,3.73
39,5000,2.500000,1,1.1464567,0.13343968,0.4291232,0.42101841,-0.010291826,-0.0056406607,-0.011392487,-0.039562742,0.12576173,-0.12321121,0.006265819,0.98711695,0.15987765,1.4102296,1.5644488,3.73
39,5000,2.500000,2,1.1464567,0.43735012,0.1557099,0.42460791,0.0053207897,0.002150188,0.042911221,-0.21744687,-0.11395578,0.29824198,0.11247213,0.9495464,-0.29276553,1.8679142,1.4528974,3.73
39,5000,2.500000,3,1.1464567,0.44395438,0.4331158,0.13865046,0.015397491,0.016826439,0.0011533421,0.24605821,-0.29623351,-0.037217263,0.10030725,0.98164533,0.16220637,1.4078701,1.468967,3.73
39,5000,2.500000,4,1.1464567,0.14246231,0.14397343,0.7150662,0.087977002,-0.092206202,0.002102609,0.2030123,0.13504897,0.20741269,-0.23946501,0.91035917,0.33749472,1.2265421,1.828014,3.73
39,5000,2.500000,5,1.1464567,0.1567605,0.43692729,0.99834912,-0.031748886,0.010271841,-0.0038829689,0.024882308,0.1312245,0.10319324,-0.21663864,0.97023896,-0.1081853,1.6791938,1.7904767,3.73
39,5000,2.500000,6,1.1464567,0.45323211,0.12702235,1.0075027,0.019578614,-0.032934176,-0.040455872,0.17489669,-0.10465807,0.44212356,-0.037454669,0.99908162,-0.020810001,1.5916078,1.6082679,3.73
39,5000,2.500000,7,1.1464567,0.41100195,0.44200238,0.72605745,-0.0010917297,0.017852567,0.0049576285,-0.26631802,-0.099402685,-0.29419811,-0.29685242,0.87511918,-0.38215843,1.9629272,1.8978299,3.73
39,5000,2.500000,8,1.1464567,0.14235677,0.70368259,0.14854434,-0.045663702,0.010947796,-0.015395653,-0.038446421,0.48554349,-0.16482711,-0.20624703,0.96473116,-0.16357244,1.7351071,1.7814128,3.73
39,5000,2.500000,9,1.1464567,0.1442691,1.0012998,0.41945428,0.087470455,-0.027315211,-0.053263311,-0.22608255,-0.015849003,-0.34148152,0.037869582,0.98740247,0.15363028,1.4165552,1.5324624,3.73
39,5000,2.500000,10,1.1464567,0.41833331,0.70593181,0.43307811,0.018707308,0.024169486,-0.012289914,-0.032635939,-0.08950867,-0.31106958,-0.20222999,0.91602918,-0.34640089,1.924528,1.7880791,3.73
39,5000,2.500000,11,1.1464567,0.42591939,0.99820928,0.15623618,-0.018234262,0.036299982,0.019425381,0.00064523307,-0.091121894,-0.17002581,-0.25717934,0.95755596,-0.13017436,1.7013412,1.8331832,3.73
39,5000,2.500000,12,1.1464567,0.15289533,0.72450759,0.71220738,0.031818356,0.017922495,-0.0039526724,-0.021377514,-0.1268341,0.33341632,-0.092375467,0.90182723,-0.42210712,2.0065647,1.6728718,3.73
39,5000,2.500000,13,1.1464567,0.14483126,0.98894566,0.9922175,-0.10960016,0.02411891,0.022195448,-0.26008045,-0.12653563,-0.024924112,0.27113878,0.95957547,-0.075489581,1.6463578,1.2954142,3.73
39,5000,2.500000,14,1.1464567,0.42618367,0.72741755,1.0190226,-0.043522339,0.037083832,0.0016534032,-0.17985998,0.10863842,0.33601329,0.1504028,0.92075149,-0.35999401,1.9390578,1.4088785,3.73
39,5000,2.500000,15,1.1464567,0.43623529,0.99882462,0.72320565,0.073588761,-0.19252956,0.025742955,-0.24692033,0.29782223,0.1128203,0.10766282,0.88419064,-0.45454992,2.0426632,1.4496285,3.73
39,5000,2.500000,16,1.1464567,0.70761877,0.12604826,0.13352276,-0.008869039,-0.032554555,-0.0056296353,0.27979004,0.013529582,-0.041687995,-0.037770642,0.98764016,0.15211935,1.4180841,1.609021,3.73
39,5000,2.500000,17,1.1464567,0.71643529,0.42241375,0.41144545,0.0091765117,-0.0065256753,0.01667471,-0.079907042,0.14618585,-0.23021281,-0.1472754,0.98103512,-0.12601605,1.6971483,1.719806,3.73
39,5000,2.500000,18,1.1464567,0.99570079,0.15779134,0.44218659,-0.010051933,-0.04841161,0.035812213,-0.21067872,0.0080755594,-0.19504922,0.16612312,0.98597984,0.015711816,1.5550839,1.4038787,3.73
39,5000,2.500000,19,1.1464567,0.9885133,0.44162051,0.14274925,-0.038156273,-0.063787215,-0.035376906,0.094292963,0.34079533,0.19546201,-0.31378932,0.94854259,-0.042464391,1.6132735,1.890276,3.73
39,5000,2.500000,20,1.1464567,0.71867954,0.15232875,0.71351723,0.020088117,-0.010696788,0.021484717,-0.32489575,-0.028211477,-0.11267043,-0.015089089,0.99742919,0.070052393,1.5006865,1.5859232,3.73
39,5000,2.500000,21,1.1464567,0.7307441,0.43145194,1.0158324,0.033402879,0.025466115,0.045402708,-0.24328436,0.05404717,0.1198304,-0.068589207,0.97545401,-0.20924864,1.7816029,1.6409959,3.73
39,5000,2.500000,22,1.1464567,1.0066502,0.14279766,1.0106801,-0.10295975,0.12086214,-0.019283704,-0.31523066,0.29371882,0.27309897,-0.24745951,0.95095515,0.18560198,1.3841119,1.8253724,3.73
39,5000,2.500000,23,1.1464567,1.0073656,0.44014668,0.71922415,0.098247561,-0.017348629,0.057252614,-0.19671555,0.021523392,-0.21367099,0.11795928,0.97914192,-0.16542889,1.7369892,1.450902,3.73
39,5000,2.500000,24,1.1464567,0.71631929,0.73128459,0.14477083,0.0056550641,0.011569962,-0.037932972,0.11370505,-0.039693197,0.02655125,0.040645284,0.96814604,-0.24706517,1.8204467,1.5288384,3.73
39,5000,2.500000,25,1.1464567,0.70880005,0.99988485,0.43623984,-0.090095593,-0.062176404,0.013666186,0.15288598,0.15660065,0.0035483568,0.0041255271,0.99912015,0.041736107,1.5290481,1.5666672,3.73
39,5000,2.500000,26,1.1464567,0.98900047,0.7169364,0.43813889,-0.0084622916,-0.0043780436,-0.013408868,0.15151343,-0.18779715,-0.2531151,-0.12730573,0.98065223,-0.1487093,1.7200593,1.6998918,3.73
39,5000,2.500000,27,1.1464567,0.99597813,1.0012726,0.14467462,-0.044864342,0.079891622,-0.0051387451,0.21786487,0.15095116,0.26870514,-0.079345787,0.99600828,0.040887005,1.5298979,1.6502922,3.73
39,5000,2.500000,28,1.1464567,0.71240354,0.69790854,0.71060163,0.048086272,-0.036270833,0.019196522,-0.11711047,0.018137523,-0.11365783,0.1761343,0.98239714,-0.062229921,1.6330665,1.3933909,3.73
39,5000,2.500000,29,1.1464567,0.7323719,1.0015287,0.98906063,-0.016397238,0.045596563,-0.064609265,0.34431664,-0.57294012,0.043440936,-0.19179086,0.97753797,-0.087383012,1.6582909,1.7645333,3.73
39,5000,2.500000,30,1.1464567,1.0077064,0.72326132,1.0057299,0.025842004,0.07221177,0.062311355,0.46306676,0.12422496,0.089188597,-0.044278869,0.9989884,-0.0078455522,1.578642,1.615091,3.73
39,5000,2.500000,31,1.1464567,0.99930544,1.0006172,0.70997056,0.037400331,0.010573315,-0.039483028,0.28397907,-0.25581894,-0.078391973,-0.039036416,0.99893692,0.02451916,1.5462747,1.6098544,3.73
