frame,step,time_ps,molecule_id,box_nm,x_nm,y_nm,z_nm,dx_nonaffine_nm,dy_nonaffine_nm,dz_nonaffine_nm,vx_nm_ps,vy_nm_ps,vz_nm_ps,dipole_ux,dipole_uy,dipole_uz,theta_rad,phi_rad,dipole_debye
0,1100,0.550000,0,1.4820778,0.19288489,0.16951311,0.16317119,0.0050895096,0.0038638399,-0.010815933,0.10903802,0.10253756,-0.24191436,0.82857826,-0.13019609,-0.5445246,2.1466185,-0.15585753,2.3
0,1100,0.550000,1,1.4820778,0.18701556,0.55007042,0.55694118,0.0078337314,-0.0010857037,0.0029583683,0.19898769,-0.0048803864,0.095913822,0.37133209,0.87772616,0.30283537,1.26313,1.1705688,2.3
0,1100,0.550000,2,1.4820778,0.55938941,0.20472142,0.55039217,0.0019133018,-0.0046704579,-0.00024136342,-0.02589937,-0.12101655,-0.024682085,-0.73424309,-0.66326007,-0.14482111,1.7161285,-2.4069436,2.3
0,1100,0.550000,3,1.4820778,0.57923217,0.58510299,0.21063459,-0.0049818466,0.0056914152,0.0051189395,-0.11692223,0.028895424,0.09831184,-0.86224738,-0.4179543,0.28608333,1.2806595,-2.6902382,2.3
0,1100,0.550000,4,1.4820778,0.15108836,0.15264631,0.92869468,-0.0076968151,-0.0053711305,0.0079853719,-0.13422084,-0.11569883,0.14871805,0.81707047,-0.27812787,0.50501558,1.0413963,-0.32809382,2.3
0,1100,0.550000,5,1.4820778,0.19875397,0.54737071,1.3190062,0.0092961277,0.006128006,0.0054474147,0.18527187,0.098451598,0.087781306,-0.13688869,0.62964524,-0.76472764,2.4414149,1.7848711,2.3
0,1100,0.550000,6,1.4820778,0.58985134,0.23985741,1.2930545,0.0032405507,0.00035652521,0.00013440759,0.058056996,-0.0025610698,0.052367725,0.40098329,0.86462562,0.30271264,1.2632588,1.1365544,2.3
0,1100,0.550000,7,1.4820778,0.52415122,0.52187075,0.91316179,0.0030968919,-0.011665325,0.0097530279,0.077690258,-0.19613645,0.20333293,0.81844822,0.34676035,-0.45814819,2.0467071,0.40075228,2.3
0,1100,0.550000,8,1.4820778,0.21998552,0.92557832,0.1604576,0.00020825915,-0.0074653865,-0.0014024992,-0.013706738,-0.083164264,-0.010504819,-0.49593732,0.63705383,-0.59009202,2.2019691,2.2322805,2.3
0,1100,0.550000,9,1.4820778,0.20462461,1.2800173,0.56322227,-0.0048500136,-0.0043453533,0.0034592846,-0.14962862,-0.13012676,0.10110635,-0.82462972,0.14894268,-0.54571229,2.1480352,2.9629015,2.3
0,1100,0.550000,10,1.4820778,0.56740463,0.91224034,0.58320232,-0.0011109416,-0.0099036353,0.0023750721,-0.043803936,-0.15679611,0.013738979,-0.58313993,0.5946114,-0.55352065,2.157382,2.3464547,2.3
0,1100,0.550000,11,1.4820778,0.53124819,1.2901594,0.1870027,0.0016182257,-0.0020192228,-0.002779408,0.082127169,-0.054618285,-0.077968374,0.19905226,-0.69068333,-0.6952228,2.3395261,-1.2902036,2.3
0,1100,0.550000,12,1.4820778,0.17828712,0.92969296,0.93991568,-0.007310227,-0.0031524557,-0.00073996809,-0.15518698,-0.021551529,-0.093079868,-0.28469177,0.42788896,-0.85782378,2.6018166,2.1578801,2.3
0,1100,0.550000,13,1.4820778,0.16128323,1.3190003,1.2816645,-0.0011388561,0.0089025986,-0.0045274357,-0.01865501,0.19891853,-0.053228493,-0.93481256,-0.055816773,-0.35072777,1.9291445,-3.0819544,2.3
0,1100,0.550000,14,1.4820778,0.51936824,0.91065592,1.3008954,-0.0096473377,0.0081379445,0.0010971897,-0.15381583,0.14210039,0.028674127,0.30804098,-0.82050011,0.48154992,1.068374,-1.2116481,2.3
0,1100,0.550000,15,1.4820778,0.56380023,1.2822061,0.92944201,0.0078029114,0.0051683947,-0.0013050307,0.1889459,0.098228599,0.007329228,-0.53467012,-0.81755885,0.21383495,1.3552973,-2.1499669,2.3
0,1100,0.550000,16,1.4820778,0.88828144,0.14668107,0.17460907,-0.012549806,-0.0065613593,-0.0015760852,-0.2154054,-0.13256505,-0.056658233,-0.038356483,-0.96899828,0.24407196,1.3242337,-1.6103593,2.3
0,1100,0.550000,17,1.4820778,0.96942569,0.55470861,0.54622464,0.014422529,-0.00011658379,0.0041269562,0.26979266,-0.036006273,0.055615847,-0.28227601,-0.46106446,-0.84127273,2.5704295,-2.1201576,2.3
0,1100,0.550000,18,1.4820778,1.2714966,0.14447294,0.54369504,0.006006131,-0.00014968814,-0.0019622504,0.1394109,-0.020340686,-0.046593861,0.85830717,0.029188228,0.51230542,1.0329292,0.033993639,2.3
0,1100,0.550000,19,1.4820778,1.342273,0.57800755,0.22383608,0.0014657003,0.00030982796,0.0039419482,-0.044797848,-0.019154254,0.058826412,0.85196851,0.45939081,0.25121653,1.3168594,0.49452221,2.3
0,1100,0.550000,20,1.4820778,0.88785955,0.18802929,0.92157385,-0.003199444,0.0018914527,-0.0011270674,-0.068825245,0.065850065,-0.058409456,-0.88843015,-0.23851166,0.39217861,1.1677976,-2.8793128,2.3
0,1100,0.550000,21,1.4820778,0.94314746,0.592751,1.3488627,-0.0020949496,0.0066473763,0.0049161704,-0.068177966,0.13511109,0.075235778,0.49139055,-0.75056447,0.4418012,1.1131909,-0.9911279,2.3
0,1100,0.550000,22,1.4820778,1.2749989,0.22443046,1.3364719,0.0093401608,0.0024686333,-0.0077615514,0.19560508,0.010497234,-0.19689586,-0.024966764,0.049525422,0.99846076,0.055491135,2.0377346,2.3
0,1100,0.550000,23,1.4820778,1.2944463,0.54261389,0.90202846,-0.010977565,-0.0069493234,0.0089089971,-0.21296097,-0.094427611,0.21168763,-0.090304313,-0.86243121,-0.49805375,2.0921492,-1.6751252,2.3
0,1100,0.550000,24,1.4820778,0.92283483,0.95347818,0.16883649,-0.0075067339,0.0093464456,-0.0052866395,-0.10708275,0.23138115,-0.089922635,0.72632095,-0.59157134,0.35000176,1.2132233,-0.68350595,2.3
0,1100,0.550000,25,1.4820778,0.90329792,1.3031094,0.54236762,-0.0052291594,0.0048293068,-0.00068395577,-0.16121187,0.037136942,0.029727703,-0.38591393,0.4389483,0.81141533,0.62422671,2.291988,2.3
0,1100,0.550000,26,1.4820778,1.2958395,0.94178716,0.55546854,0.002549175,0.00013720829,-0.0052581342,0.11622138,0.013555763,-0.12604511,-0.86172738,-0.23561625,0.44934498,1.1047643,-2.874693,2.3
0,1100,0.550000,27,1.4820778,1.314141,1.2943828,0.19457112,0.0074960862,0.0091975851,-0.015156869,0.14703876,0.16984398,-0.28513961,-0.95477892,0.041251291,0.29444106,1.2719257,3.0984144,2.3
0,1100,0.550000,28,1.4820778,0.95329766,0.9260027,0.90082533,-8.9582355e-05,-0.0011745242,-0.0080844794,0.0063049634,0.0043434454,-0.056794445,-0.63635969,-0.61677597,-0.46328581,2.0524957,-2.371821,2.3
0,1100,0.550000,29,1.4820778,0.92465623,1.2933942,1.2852823,0.0050340555,0.0065811633,0.001182845,0.060028879,0.1252914,0.0098681598,-0.58315923,-0.77474392,-0.24433002,1.817625,-2.216031,2.3
0,1100,0.550000,30,1.4820778,1.3298928,0.89867124,1.292309,-0.0060266996,-0.0087045646,0.013688105,-0.13231572,-0.17361339,0.30176273,-0.21441599,0.46062578,-0.86130696,2.6086327,2.0064556,2.3
0,1100,0.550000,31,1.4820778,1.2696168,1.3101395,0.89609329,-0.0019298221,-0.0063205235,-0.0065072093,0.032550307,-0.058808173,-0.14812372,-0.824284,0.50882916,0.24829171,1.31988,2.5885508,2.3
1,1200,0.600000,0,1.4874755,0.19792624,0.17702152,0.15158883,0.0094204917,0.010742373,-0.022970477,0.074549803,0.11737977,-0.22748398,0.6090828,-0.048156165,-0.79164331,2.4842903,-0.078899286,2.3
1,1200,0.600000,1,1.4874755,0.19839487,0.55155211,0.56609381,0.018512514,-0.0016064311,0.010069694,0.23945218,-0.020817045,0.1785,0.23240931,0.94061803,0.2474341,1.3207652,1.3285664,2.3
1,1200,0.600000,2,1.4874755,0.55878026,0.1979528,0.55091351,-0.00072833968,-0.012171041,-0.0017218573,-0.10934268,-0.14191249,-0.035912065,-0.67918931,-0.69886289,-0.22425998,1.7969799,-2.3419191,2.3
1,1200,0.600000,3,1.4874755,0.57418819,0.58906229,0.21743402,-0.012122409,0.0075164479,0.011140294,-0.14259509,0.0097017989,0.15996716,-0.8345524,-0.35469218,0.42156345,1.1356276,-2.7397145,2.3
1,1200,0.600000,4,1.4874755,0.14683559,0.14799851,0.93870073,-0.012491138,-0.010565425,0.014597086,-0.062238381,-0.094467718,0.1075434,0.86216154,-0.28301892,0.42021158,1.1371179,-0.31718367,2.3
1,1200,0.600000,5,1.4874755,0.20882615,0.55450105,1.3276457,0.018627486,0.011255495,0.0092761775,0.20526485,0.11515356,0.070973917,-0.23013289,0.66286814,-0.71249188,2.3638395,1.9049544,2.3
1,1200,0.600000,6,1.4874755,0.59094099,0.24080356,1.3011533,0.0021838793,0.00042898288,0.0035177582,-0.060319007,-0.010493174,0.078321792,0.35620012,0.87004157,0.34080661,1.2230216,1.1822078,2.3
1,1200,0.600000,7,1.4874755,0.52913675,0.51558129,0.92659094,0.0061678833,-0.019840578,0.01983811,0.024365374,-0.1543902,0.1796562,0.76720004,0.22023991,-0.60241055,2.217314,0.27955236,2.3
1,1200,0.600000,8,1.4874755,0.2179068,0.9269916,0.16257397,-0.0026664213,-0.009419515,0.00012670262,-0.066093696,-0.042879645,0.050864856,-0.39742163,0.62760644,-0.66945217,2.3042674,2.1352947,2.3
1,1200,0.600000,9,1.4874755,0.1980042,1.2787986,0.57043163,-0.012202305,-0.010215224,0.0086080255,-0.13165458,-0.11397224,0.10634271,-0.76906562,0.26495749,-0.58166623,2.1915719,2.8098093,2.3
1,1200,0.600000,10,1.4874755,0.56498007,0.90768606,0.58511003,-0.0055938385,-0.017766003,0.002159148,-0.13580914,-0.10672215,-0.019172946,-0.62141,0.67435942,-0.39885961,1.9810692,2.3153539,2.3
1,1200,0.600000,11,1.4874755,0.53679859,1.2910855,0.18459928,0.0052272623,-0.0057850371,-0.0058582913,0.051891582,-0.12240969,-0.037240719,0.10311124,-0.74403237,-0.6601393,2.2918005,-1.4330891,2.3
1,1200,0.600000,12,1.4874755,0.17107224,0.9323839,0.93726252,-0.015160158,-0.0038461975,-0.0068052795,-0.17703461,-0.0046897345,-0.14297579,-0.44156182,0.36878292,-0.81793784,2.5286137,2.4457664,2.3
1,1200,0.600000,13,1.4874755,0.1622538,1.3338844,1.2828904,-0.0007563757,0.018964596,-0.0079630879,0.058529667,0.22982655,-0.041836767,-0.907551,-0.22373503,-0.35537842,1.9341152,-2.8998862,2.3
1,1200,0.600000,14,1.4874755,0.51587062,0.92239213,1.3080184,-0.015026729,0.016542269,0.0034779598,-0.024006194,0.17540994,0.082203477,0.54502157,-0.76879028,0.33453399,1.2296856,-0.95409952,2.3
1,1200,0.600000,15,1.4874755,0.57312485,1.2884372,0.93404807,0.015060974,0.0067268616,-8.6213828e-05,0.11620491,-0.054302108,0.010319616,-0.42408382,-0.876203,0.22895679,1.3397905,-2.0215636,2.3
1,1200,0.600000,16,1.4874755,0.88366441,0.14205719,0.17141657,-0.020387709,-0.011710101,-0.0053975627,-0.10846646,-0.073751643,-0.091960185,-0.10872692,-0.98659074,0.12172581,1.4487679,-1.6805581,2.3
1,1200,0.600000,17,1.4874755,0.98480522,0.55407312,0.54903819,0.026249912,-0.0027675056,0.0049496581,0.20107661,-0.055498567,-0.040482441,-0.29949695,-0.37173829,-0.87869916,2.6439267,-2.2489827,2.3
1,1200,0.600000,18,1.4874755,1.2806522,0.14552464,0.54250636,0.010522764,0.00037488051,-0.0051253225,0.093563732,0.00075796961,-0.10206387,0.89932406,-0.018312813,0.43689915,1.1186478,-0.020360049,2.3
1,1200,0.600000,19,1.4874755,1.3433589,0.58123821,0.22628479,-0.0023300942,0.0014333472,0.0055724855,-0.12231884,0.04222972,0.044503846,0.89926755,0.24754187,0.36061183,1.2018725,0.26861771,2.3
1,1200,0.600000,20,1.4874755,0.89007657,0.19345047,0.92001248,-0.0042141731,0.0066192354,-0.006035886,0.04537312,0.14199803,-0.093771401,-0.83345888,-0.43178409,0.34483155,1.218737,-2.6635994,2.3
1,1200,0.600000,21,1.4874755,0.94323226,0.60101728,1.354512,-0.0054390166,0.012743767,0.0056515912,-0.044911264,0.15300273,-0.022625596,0.53833407,-0.69012281,0.48365993,1.0659649,-0.90833555,2.3
1,1200,0.600000,22,1.4874755,1.2897514,0.22617192,1.3316477,0.019430804,0.0033910449,-0.017435587,0.19987774,0.014303949,-0.2094097,0.052654345,-0.00074942948,0.99861252,0.052684047,-0.014232043,2.3
1,1200,0.600000,23,1.4874755,1.293251,0.53755747,0.91631834,-0.016876574,-0.013969193,0.019893717,-0.059539523,-0.1231087,0.21401873,-0.21098778,-0.82608837,-0.52255351,2.1206395,-1.8208563,2.3
1,1200,0.600000,24,1.4874755,0.92128089,0.96983564,0.16541307,-0.01241272,0.022207959,-0.0093176334,-0.094598155,0.27826537,-0.058529002,0.68501116,-0.47097946,0.55582196,0.98144492,-0.60232133,2.3
1,1200,0.600000,25,1.4874755,0.89900029,1.3083729,0.54545814,-0.012802841,0.0053458992,0.00042922853,-0.13678783,0.00058275945,0.021192018,-0.51347262,0.48338291,0.70900411,0.78271132,2.38637,2.3
1,1200,0.600000,26,1.4874755,1.3069982,0.9451353,0.54959482,0.008976801,5.5503589e-05,-0.01314055,0.12492538,0.01694445,-0.14352678,-0.71645915,-0.2907368,0.6341596,0.8838752,-2.7560991,2.3
1,1200,0.600000,27,1.4874755,1.3274774,1.3050598,0.18060323,0.016030905,0.015149617,-0.029806758,0.1479523,0.11278826,-0.33023984,-0.92567629,0.051456174,0.37480084,1.1866144,3.0860621,2.3
1,1200,0.600000,28,1.4874755,0.95644114,0.92839004,0.90647542,-0.00041742218,-0.0021578935,-0.0057194958,-0.0097410567,-0.038852706,0.10307128,-0.56255148,-0.698815,-0.441807,2.0284082,-2.2485833,2.3
1,1200,0.600000,29,1.4874755,0.93195684,1.3047776,1.2893807,0.0089599303,0.013241944,0.00060128006,0.10973799,0.17057551,-0.040632923,-0.62369683,-0.75923654,-0.18590896,1.7577932,-2.2584977,2.3
1,1200,0.600000,30,1.4874755,1.3269239,0.89271089,1.3130966,-0.013824912,-0.01792113,0.029739945,-0.21742688,-0.21550964,0.31165033,-0.12174541,0.55882279,-0.82030186,2.5327349,1.785305,2.3
1,1200,0.600000,31,1.4874755,1.2762593,1.3082373,0.89345473,8.5036326e-05,-0.012982106,-0.012398633,-0.0038077006,-0.1458509,-0.075997205,-0.77867016,0.55662954,0.28954505,1.2770448,2.520972,2.3
2,1300,0.650000,0,1.4913278,0.20214581,0.18080226,0.14150489,0.01312269,0.014060375,-0.03343347,0.081507756,0.043596883,-0.14145819,0.30951344,-0.057744767,-0.94914012,2.8212899,-0.18444578,2.3
2,1300,0.650000,1,1.4913278,0.21117632,0.55062504,0.57636871,0.030764318,-0.0039588621,0.018867149,0.22987485,-0.05229106,0.17008648,0.026405148,0.9778422,0.20767138,1.3616025,1.5437994,2.3
2,1300,0.650000,2,1.4913278,0.55497461,0.19114233,0.54890774,-0.0059743274,-0.019484714,-0.005149947,-0.077312057,-0.14683176,-0.096868046,-0.67874141,-0.68660625,-0.26054166,1.8343795,-2.3504342,2.3
2,1300,0.650000,3,1.4913278,0.5697501,0.5902114,0.22706035,-0.018039881,0.0071404933,0.020191803,-0.14560197,-0.022274422,0.16681591,-0.79082978,-0.2757905,0.54637702,0.99276396,-2.8060447,2.3
2,1300,0.650000,4,1.4913278,0.14462576,0.14450321,0.94316031,-0.015077896,-0.014438997,0.016623009,-0.015402352,-0.02135983,-0.01573366,0.92801256,-0.22756339,0.29497048,1.2713717,-0.24047089,2.3
2,1300,0.650000,5,1.4913278,0.21777845,0.56199088,1.3345388,0.027028101,0.017301467,0.012726462,0.1528379,0.1470925,0.025914465,-0.40573494,0.58080408,-0.70572359,2.3542403,2.180565,2.3
2,1300,0.650000,6,1.4913278,0.5891924,0.23803738,1.3075929,-0.0010908904,-0.0029564471,0.00658375,-0.069259682,-0.15988617,0.039505137,0.30686249,0.88195712,0.35775278,1.204936,1.2359636,2.3
2,1300,0.650000,7,1.4913278,0.53254208,0.51106883,0.93835954,0.0082002333,-0.025680733,0.029194935,0.063810757,-0.099140203,0.15844873,0.72143674,0.082648316,-0.68753057,2.3288792,0.11406346,2.3
2,1300,0.650000,8,1.4913278,0.21531803,0.92896092,0.16827505,-0.0058154508,-0.0098503503,0.0053999284,-0.081831471,0.0083927188,0.14275945,-0.37367758,0.53339188,-0.7588532,2.4323467,2.1819038,2.3
2,1300,0.650000,9,1.4913278,0.19177792,1.274826,0.5742295,-0.018932663,-0.017490214,0.010925598,-0.11251262,-0.16127504,0.013760712,-0.71021299,0.39360839,-0.58366938,2.1940367,2.6355216,2.3
2,1300,0.650000,10,1.4913278,0.56012364,0.90675855,0.5863196,-0.011905281,-0.021040003,0.0018538044,-0.12810807,-0.035497854,-0.003967351,-0.58876691,0.75633381,-0.28515379,1.8599632,2.2322573,2.3
2,1300,0.650000,11,1.4913278,0.53976908,1.2905814,0.1844819,0.006805515,-0.0096277653,-0.0064529824,-0.011569226,-0.025173097,-0.0082324565,-0.072347573,-0.73711868,-0.67187936,2.3075396,-1.6686321,2.3
2,1300,0.650000,12,1.4913278,0.16161846,0.93579837,0.93233804,-0.025044202,-0.0028476962,-0.014147581,-0.17853734,0.0042150969,-0.10707936,-0.60947721,0.2450962,-0.75396643,2.4248757,2.7592414,2.3
2,1300,0.650000,13,1.4913278,0.1653886,1.3465683,1.2837678,0.0019547079,0.028182166,-0.010404882,0.058514024,0.14629378,-0.030914821,-0.87622664,-0.36480578,-0.31487081,1.8911169,-2.7470823,2.3
2,1300,0.650000,14,1.4913278,0.51697398,0.93247681,1.3154997,-0.015259057,0.024228211,0.0075664434,-0.003904069,0.14902147,0.11457256,0.7162363,-0.68619534,0.12704931,1.4434027,-0.76398081,2.3
2,1300,0.650000,15,1.4913278,0.57819169,1.2859949,0.93842693,0.018638912,0.00095522661,0.0018711264,0.052449974,-0.14967783,0.062157655,-0.28291817,-0.90538404,0.31660236,1.2486509,-1.8736668,2.3
2,1300,0.650000,16,1.4913278,0.88339969,0.14104659,0.1662604,-0.022937646,-0.013086813,-0.010990436,-0.0092277857,-0.011466852,-0.13143863,-0.21773754,-0.97589908,-0.01453789,1.5853347,-1.7903157,2.3
2,1300,0.650000,17,1.4913278,0.99439092,0.55083995,0.54752174,0.03327609,-0.0074295821,0.0020151043,0.099168492,-0.10722005,-0.056069162,-0.29817022,-0.36390693,-0.88242069,2.6517793,-2.2572303,2.3
2,1300,0.650000,18,1.4913278,1.2868615,0.14336261,0.5366104,0.013411646,-0.0021607467,-0.012416827,0.046600767,-0.072495421,-0.1766994,0.93667171,-0.014248728,0.34991868,1.213312,-0.01521091,2.3
2,1300,0.650000,19,1.4913278,1.3408253,0.58051151,0.22639258,-0.0083349709,-0.00079576177,0.0050948606,-0.14997497,-0.1003783,-0.052259049,0.92982779,-0.0070627968,0.36792716,1.1940175,-0.0075956656,2.3
2,1300,0.650000,20,1.4913278,0.89660313,0.20112601,0.91718868,1.8243972e-06,0.013784512,-0.01123561,0.12764662,0.20196186,-0.09087344,-0.70467483,-0.60586172,0.36927626,1.1925662,-2.4314511,2.3
2,1300,0.650000,21,1.4913278,0.94381981,0.61095302,1.3592533,-0.007291852,0.021112175,0.0068833376,-0.065849289,0.16835578,0.02877425,0.60844473,-0.57399944,0.54801428,0.99080787,-0.75627582,2.3
2,1300,0.650000,22,1.4913278,1.3029427,0.22685049,1.3264848,0.029269127,0.0034837506,-0.026036121,0.17101965,-0.0076890525,-0.1441101,0.10052053,-0.0036958365,0.99492812,0.10075885,-0.036750429,2.3
2,1300,0.650000,23,1.4913278,1.2935765,0.53473064,0.93199569,-0.019896343,-0.018182729,0.033180806,-0.023151085,-0.033375401,0.28492439,-0.31238231,-0.85747113,-0.40885273,1.9919929,-1.9201591,2.3
2,1300,0.650000,24,1.4913278,0.91659339,0.98385073,0.16416786,-0.019477006,0.033696523,-0.010989059,-0.15008704,0.18154513,-0.0036532697,0.58368417,-0.36649663,0.72456401,0.76039474,-0.56068364,2.3
2,1300,0.650000,25,1.4913278,0.89605758,1.3119032,0.54666694,-0.018066966,0.0054875898,0.00022567553,-0.081938639,0.0041278063,-0.0070715522,-0.60141453,0.62620236,0.49615639,1.0516301,2.3360054,2.3
2,1300,0.650000,26,1.4913278,1.3174938,0.94831722,0.54234291,0.016078337,0.00078877303,-0.021804592,0.14083193,-0.016091934,-0.18585122,-0.57385323,-0.32298669,0.75257695,0.71882961,-2.6289461,2.3
2,1300,0.650000,27,1.4913278,1.3365437,1.3124486,0.16682125,0.021652089,0.019153448,-0.044038065,0.080552829,0.044550188,-0.19950924,-0.87000822,0.073516847,0.48752536,1.0615431,3.0572916,2.3
2,1300,0.650000,28,1.4913278,0.960453,0.92997472,0.91459828,0.0011154785,-0.002976496,4.8324343e-05,-0.002239232,-0.014286266,0.1155622,-0.41922146,-0.8310009,-0.36563763,1.9451141,-2.0380197,2.3
2,1300,0.650000,29,1.4913278,0.93922492,1.3195989,1.2883986,0.013808168,0.024669376,-0.003714438,0.13505572,0.28760265,-0.10762901,-0.67644192,-0.72079624,-0.15125844,1.7226376,-2.3244609,2.3
2,1300,0.650000,30,1.4913278,1.3217833,0.88645359,1.3332439,-0.022390904,-0.026479298,0.046464964,-0.13459695,-0.13396186,0.30601123,-0.083916436,0.60337586,-0.79302938,2.4865622,1.7089881,2.3
2,1300,0.650000,31,1.4913278,1.2798589,1.3090126,0.89306573,0.00037903758,-0.015591544,-0.015098006,0.0043378916,0.023461553,-0.014507528,-0.70818986,0.66422071,0.23932818,1.3291225,2.3882214,2.3
3,1400,0.700000,0,1.4945027,0.20775979,0.18286445,0.13711707,0.01830082,0.015735879,-0.038117554,0.12004676,0.030662567,-0.061831781,0.049967099,-0.086617594,-0.99498778,3.0414287,-1.0475578,2.3
3,1400,0.700000,1,1.4945027,0.22324441,0.54892959,0.58567371,0.042370495,-0.0068234891,0.026936534,0.16537394,-0.060057471,0.10480924,-0.13093672,0.96366273,0.23282982,1.3358099,1.7058433,2.3
3,1400,0.700000,2,1.4945027,0.55203282,0.18592948,0.54495009,-0.010093231,-0.02509851,-0.010270728,-0.088078131,-0.097022856,-0.097483821,-0.74725007,-0.60037349,-0.28490176,1.8597003,-2.4647553,2.3
3,1400,0.700000,3,1.4945027,0.56502498,0.5888962,0.23395831,-0.023971628,0.0045715211,0.026599567,-0.12143422,-0.056867467,0.094964931,-0.6913306,-0.22524107,0.68653366,0.81408544,-2.8266301,2.3
3,1400,0.700000,4,1.4945027,0.14456835,0.14663009,0.94187736,-0.01544281,-0.012621692,0.013335658,-0.01119689,0.07005591,-0.061988619,0.97606736,-0.095597578,0.19532951,1.3742029,-0.097630199,2.3
3,1400,0.700000,5,1.4945027,0.22488678,0.57164243,1.3368725,0.033665746,0.025747613,0.01221964,0.10728189,0.23248172,-0.012627542,-0.5433119,0.44977004,-0.70888582,2.3587136,2.4501109,2.3
3,1400,0.700000,6,1.4945027,0.58915893,0.2289019,1.3143083,-0.0023773225,-0.012588448,0.01051123,0.0048853717,-0.22065937,0.14665962,0.18652897,0.91583531,0.35560177,1.2072385,1.3698736,2.3
3,1400,0.700000,7,1.4945027,0.5376806,0.50931815,0.94471824,0.012200765,-0.028516415,0.033551333,0.098490972,0.0016798751,0.055113503,0.6637433,-0.034367187,-0.74717049,2.4145909,-0.051731632,2.3
3,1400,0.700000,8,1.4945027,0.20828071,0.93074331,0.17686219,-0.013303204,-0.010045421,0.01362009,-0.18523868,0.0090427838,0.20219898,-0.40297892,0.33800599,-0.8505057,2.5877423,2.4436554,2.3
3,1400,0.700000,9,1.4945027,0.18747315,1.2703868,0.57610375,-0.023640709,-0.024635762,0.011576677,-0.07247541,-0.1400532,0.014222463,-0.68321437,0.44751593,-0.57701613,2.1858669,2.5616997,2.3
3,1400,0.700000,10,1.4945027,0.5560827,0.90848326,0.58816511,-0.017133115,-0.021245468,0.002450461,-0.061777723,0.00050896964,-0.0067381738,-0.55242221,0.78917949,-0.26837555,1.8425027,2.1815194,2.3
3,1400,0.700000,11,1.4945027,0.53726866,1.2920529,0.18612475,0.0031598598,-0.010902458,-0.0052042,-0.09692118,-0.049203323,0.022297436,-0.25296489,-0.62065214,-0.7421588,2.407082,-1.9578194,2.3
3,1400,0.700000,12,1.4945027,0.1516513,0.93695528,0.92995752,-0.03534447,-0.0036821213,-0.018508313,-0.24547945,-0.017789146,-0.021279951,-0.7556176,0.088497436,-0.64900713,2.277075,3.0250045,2.3
3,1400,0.700000,13,1.4945027,0.16879705,1.3544787,1.2829269,0.0050078189,0.033220428,-0.013975015,0.062121106,0.0089681567,-0.11304945,-0.85204583,-0.46489893,-0.24059694,1.8137771,-2.6421133,2.3
3,1400,0.700000,14,1.4945027,0.52079519,0.94226561,1.3245024,-0.012541332,0.03202357,0.013762051,0.076528096,0.15870731,0.13416118,0.80771447,-0.58956993,0.0021528779,1.5686434,-0.63052798,2.3
3,1400,0.700000,15,1.4945027,0.580649,1.2786245,0.94444272,0.019864001,-0.0091422419,0.0058848243,0.010676439,-0.2166607,0.084688612,-0.15006611,-0.88910945,0.43239398,1.1236502,-1.7380029,2.3
3,1400,0.700000,16,1.4945027,0.88719614,0.14289686,0.16068287,-0.021023892,-0.011538467,-0.016915616,0.078184147,0.094864062,-0.086757997,-0.32000089,-0.94386811,-0.081929369,1.6528176,-1.8976663,2.3
3,1400,0.700000,17,1.4945027,0.9987491,0.54555665,0.54413823,0.035514922,-0.013878708,-0.0025291921,0.0093396768,-0.17057489,-0.077286687,-0.31598636,-0.41798614,-0.85172778,2.5900702,-2.2181094,2.3
3,1400,0.700000,18,1.4945027,1.2923871,0.13900828,0.52799365,0.016194656,-0.0068153328,-0.022165606,0.038100634,-0.10692888,-0.23773874,0.95934436,0.025070453,0.28112251,1.2858327,0.026126956,2.3
3,1400,0.700000,19,1.4945027,1.3381797,0.57541501,0.22350847,-0.013829165,-0.0071213836,0.0017323568,-0.025531918,-0.14907891,-0.072667966,0.92979447,-0.22831274,0.28871359,1.2779134,-0.24078779,2.3
3,1400,0.700000,20,1.4945027,0.90452893,0.21019968,0.91556451,0.006012456,0.022420825,-0.01480858,0.13331613,0.09868301,-0.087717249,-0.56056199,-0.74553792,0.36047672,1.2020174,-2.2155055,2.3
3,1400,0.700000,21,1.4945027,0.94252181,0.61991801,1.3627574,-0.010595634,0.028768375,0.0074930745,-0.056064695,0.14470194,-0.048570608,0.62282536,-0.40625464,0.66861479,0.83845193,-0.57797424,2.3
3,1400,0.700000,22,1.4945027,1.3117603,0.22564412,1.3217252,0.035306517,0.001796234,-0.033611587,0.066972512,-0.059407817,-0.12258471,0.06171832,-0.0037833807,0.99808644,0.061873645,-0.061224161,2.3
3,1400,0.700000,23,1.4945027,1.2991402,0.5355916,0.94716181,-0.017089542,-0.018459865,0.046348801,0.11390918,0.015562788,0.25692062,-0.33102528,-0.92433723,-0.18979713,1.7617518,-1.9146882,2.3
3,1400,0.700000,24,1.4945027,0.90961597,0.9940121,0.16363329,-0.028396279,0.041754796,-0.011872193,-0.15341437,0.13382565,0.0011100025,0.37520535,-0.26936114,0.88694167,0.48011531,-0.62264078,2.3
3,1400,0.700000,25,1.4945027,0.89305894,1.3157713,0.54941284,-0.022968017,0.0065615937,0.0018060964,-0.11533172,0.037710744,0.074969609,-0.60011584,0.76792373,0.22395114,1.3449296,2.2341412,2.3
3,1400,0.700000,26,1.4945027,1.3260569,0.94982567,0.5356258,0.021830516,0.00027889406,-0.029667929,0.05240506,-0.03287982,-0.14640079,-0.48386576,-0.41103612,0.77260807,0.68785742,-2.4373984,2.3
3,1400,0.700000,27,1.4945027,1.3441628,1.3169594,0.15920477,0.026420748,0.020868389,-0.052001223,0.1013466,0.038586007,-0.14120227,-0.81269242,0.049444874,0.58059128,0.95134161,3.0808267,2.3
3,1400,0.700000,28,1.4945027,0.96276417,0.9307773,0.92602248,0.0013816548,-0.0041524884,0.0095153707,0.017591679,-0.0058808275,0.2322245,-0.2768687,-0.92412505,-0.26331847,1.8372568,-1.8618869,2.3
3,1400,0.700000,29,1.4945027,0.94728372,1.3369444,1.2828076,0.019861022,0.039190159,-0.01203949,0.12696347,0.33472028,-0.21759624,-0.76238163,-0.64181942,-0.08271694,1.6536079,-2.4418427,2.3
3,1400,0.700000,30,1.4945027,1.3180052,0.88410192,1.3475824,-0.028975911,-0.030713633,0.057952869,-0.13977279,-0.048706819,0.15760629,-0.11458016,0.63119941,-0.76711061,2.4451213,1.7503686,2.3
3,1400,0.700000,31,1.4945027,1.2818755,1.3123663,0.89624646,-0.00032834919,-0.01502513,-0.013819885,-0.015711508,0.019632482,0.034286726,-0.62185356,0.77185202,0.13244852,1.4379575,2.2489815,2.3
4,1500,0.750000,0,1.4961787,0.21260411,0.18788337,0.13732311,0.022909559,0.020547022,-0.038065319,0.049168599,0.16193116,0.04499813,-0.027783098,-0.10627335,-0.99394873,3.0315255,-1.8265039,2.3
4,1500,0.750000,1,1.4961787,0.22672246,0.54894859,0.59466888,0.045596374,-0.0074197729,0.035270217,-0.014734747,-0.034965044,0.21013897,-0.24105233,0.87962028,0.41007553,1.1482595,1.8382711,2.3
4,1500,0.750000,2,1.4961787,0.54769664,0.18169175,0.54095124,-0.015045724,-0.029542271,-0.014878145,-0.097775988,-0.09459937,-0.066386974,-0.79636259,-0.51812743,-0.31201056,1.8881048,-2.5647835,2.3
4,1500,0.750000,3,1.4961787,0.56344642,0.58450165,0.23821914,-0.026182615,-0.0004806262,0.030595778,0.041367895,-0.14913082,0.036193175,-0.59524305,-0.13639489,0.79188519,0.6569064,-2.9163398,2.3
4,1500,0.750000,4,1.4961787,0.1455741,0.15170944,0.93676791,-0.014599661,-0.007709534,0.0071733649,0.084081274,0.11417566,-0.20197809,0.97950606,0.093411386,0.17844381,1.3913917,0.095078269,2.3
4,1500,0.750000,5,1.4961787,0.2306324,0.58454555,1.3373105,0.039156086,0.038002778,0.011158965,0.11283067,0.23923705,-0.035652683,-0.61421389,0.35649717,-0.7040249,2.3518455,2.6157006,2.3
4,1500,0.750000,6,1.4961787,0.59015559,0.21802798,1.3202927,-0.0020415855,-0.023712843,0.015019146,-0.0051159549,-0.22723032,0.068635105,-0.0022080793,0.94083264,0.33886438,1.2250867,1.5731433,2.3
4,1500,0.750000,7,1.4961787,0.54289319,0.51213071,0.94688771,0.016807773,-0.026276293,0.034660691,0.092925555,0.041539363,-0.0090964703,0.56334426,-0.19068747,-0.80391637,2.5046475,-0.32638605,2.3
4,1500,0.750000,8,1.4961787,0.19756979,0.93010406,0.18777299,-0.024241578,-0.011727538,0.024326536,-0.2396339,-0.089943313,0.21261857,-0.46426875,0.12739659,-0.87648425,2.6393065,2.8737818,2.3
4,1500,0.750000,9,1.4961787,0.18438602,1.2688525,0.57864668,-0.026936234,-0.027593138,0.013472453,-0.095663569,0.0068893022,0.018479149,-0.6805515,0.45105964,-0.57740355,2.1863413,2.5562819,2.3
4,1500,0.750000,10,1.4961787,0.55651523,0.90949046,0.58743583,-0.017324113,-0.021257105,0.0010623375,0.017176782,0.02085338,-0.063430198,-0.50297661,0.83105668,-0.23740119,1.810486,2.1150492,2.3
4,1500,0.750000,11,1.4961787,0.53297203,1.2891331,0.1874311,-0.0017365659,-0.01526885,-0.0041072032,-0.11147356,-0.12257368,0.055641033,-0.41350709,-0.44575239,-0.79392487,2.4880336,-2.3186852,2.3
4,1500,0.750000,12,1.4961787,0.13851756,0.93570427,0.93030839,-0.048640832,-0.0059826246,-0.019199987,-0.26811015,-0.0661627,0.018192887,-0.88838064,-0.101587,-0.44772751,2.0350186,-3.0277364,2.3
4,1500,0.750000,13,1.4961787,0.17676172,1.3536468,1.2763172,0.01277883,0.030870844,-0.022019027,0.20736162,-0.078528714,-0.18489457,-0.86351431,-0.46769482,-0.18869177,1.7606261,-2.6452076,2.3
4,1500,0.750000,14,1.4961787,0.52601975,0.95133033,1.3321414,-0.0079034297,0.040027074,0.019912216,0.1186747,0.1459268,0.078870287,0.82838536,-0.55999354,-0.013599229,1.584396,-0.59444051,2.3
4,1500,0.750000,15,1.4961787,0.58167779,1.2721502,0.95074258,0.020241394,-0.017046082,0.011122585,0.011304618,-0.09577486,0.14099264,-0.11356938,-0.84279899,0.52611011,1.0167764,-1.7047421,2.3
4,1500,0.750000,16,1.4961787,0.89185935,0.14967662,0.15707424,-0.017357716,-0.0049226739,-0.020702324,0.060229448,0.17831167,-0.042557761,-0.42488703,-0.89451351,-0.13898416,1.7102319,-2.0142384,2.3
4,1500,0.750000,17,1.4961787,0.99994344,0.53647162,0.54053501,0.035589145,-0.023570132,-0.0067402883,-0.0031183547,-0.20590002,-0.11971974,-0.38971869,-0.55143572,-0.73758931,2.4002896,-2.1860279,2.3
4,1500,0.750000,18,1.4961787,1.2975601,0.1320828,0.51540834,0.019916227,-0.013892736,-0.035335667,0.09089188,-0.16415382,-0.28479857,0.97236014,0.13353069,0.19153412,1.3780714,0.13647275,2.3
4,1500,0.750000,19,1.4961787,1.3379323,0.56648705,0.22146818,-0.015576293,-0.016689295,-0.00055730793,-0.026611021,-0.23594555,-0.00021312052,0.90982138,-0.35437007,0.21597894,1.353102,-0.3714169,2.3
4,1500,0.750000,20,1.4961787,0.91122545,0.21259967,0.9121313,0.011691379,0.024583869,-0.019266077,0.11002041,-0.0043244025,-0.12091764,-0.35753784,-0.87484514,0.32682208,1.2378573,-1.958769,2.3
4,1500,0.750000,21,1.4961787,0.93855739,0.62635254,1.3623551,-0.01561426,0.034504463,0.0055635385,-0.16626659,0.067531854,-0.0079204984,0.51556042,-0.27309226,0.81216875,0.62293649,-0.4871242,2.3
4,1500,0.750000,22,1.4961787,1.313303,0.22091795,1.3210517,0.035378033,-0.0031802018,-0.035766202,-0.024805789,-0.12887149,0.019722464,-0.07833323,0.025052617,0.9966124,0.082334884,2.832052,2.3
4,1500,0.750000,23,1.4961787,1.3072978,0.53908382,0.9588548,-0.010392681,-0.015569922,0.056973612,0.1258778,0.108661,0.17775429,-0.35071652,-0.93608704,0.027184179,1.5436088,-1.9292709,2.3
4,1500,0.750000,24,1.4961787,0.90261375,1.0009202,0.16270612,-0.03641413,0.047544922,-0.012982248,-0.093699624,0.083943846,-0.031729406,0.1089629,-0.21731982,0.96999958,0.24556725,-1.106034,2.3
4,1500,0.750000,25,1.4961787,0.8888758,1.3200087,0.55186552,-0.028149794,0.0093218862,0.0036415862,-0.11298643,0.058816122,0.055025267,-0.54556545,0.83777675,0.022101091,1.5486934,2.1480191,2.3
4,1500,0.750000,26,1.4961787,1.3267601,0.94701205,0.52852941,0.021046999,-0.003597768,-0.037360701,-0.02242532,-0.09967829,-0.17772718,-0.43228258,-0.56766856,0.70063127,0.79451449,-2.2216202,2.3
4,1500,0.750000,27,1.4961787,1.3492089,1.321467,0.15437843,0.02995736,0.023897282,-0.057003306,0.014932969,0.12255126,-0.11021812,-0.81733387,-0.026539718,0.57555277,0.95751639,-3.109133,2.3
4,1500,0.750000,28,1.4961787,0.96619796,0.92976823,0.93919574,0.003734401,-0.0062042596,0.021643321,0.082031166,-0.0093118275,0.26299429,-0.074508214,-0.98259234,-0.17017881,1.7418075,-1.6464797,2.3
4,1500,0.750000,29,1.4961787,0.95433176,1.3547112,1.2754451,0.025843346,0.0554485,-0.020835634,0.12638635,0.32787685,-0.10895709,-0.84452914,-0.53544767,0.0081439877,1.5626522,-2.5765339,2.3
4,1500,0.750000,30,1.4961787,1.3145201,0.88638933,1.3562486,-0.033936304,-0.029418458,0.065103757,-0.084322675,0.12998868,0.11188101,-0.26308289,0.63163632,-0.72926192,2.388039,1.965454,2.3
4,1500,0.750000,31,1.4961787,1.285155,1.3152809,0.89895163,0.0015125087,-0.013583162,-0.01212079,0.036445763,0.049285042,0.032020686,-0.53690941,0.84208212,0.051244358,1.5195295,2.1384032,2.3
5,1600,0.800000,0,1.4982317,0.21590345,0.19801984,0.14277162,0.025915107,0.030418915,-0.032808835,0.040823671,0.20807849,0.1483014,0.033263783,-0.17681395,-0.98368204,2.9606919,-1.3848411,2.3
5,1600,0.800000,1,1.4982317,0.22349807,0.54844898,0.6084642,0.042063309,-0.0086717571,0.048240672,-0.13418004,0.03152514,0.29891334,-0.24043033,0.79046272,0.56334886,0.97236286,1.8660689,2.3
5,1600,0.800000,2,1.4982317,0.54305565,0.1773674,0.54003556,-0.020434545,-0.034112794,-0.016534952,-0.10314206,-0.10085298,0.020660601,-0.82639316,-0.47127622,-0.30817703,1.8840725,-2.6233121,2.3
5,1600,0.800000,3,1.4982317,0.56864178,0.57725389,0.2380693,-0.02176342,-0.0085248929,0.03011939,0.11409129,-0.16716885,-0.052426518,-0.51387178,-0.05309302,0.85622247,0.54288376,-3.0386384,2.3
5,1600,0.800000,4,1.4982317,0.15345048,0.15892796,0.9257303,-0.0069282896,-0.0007039808,-0.0051411793,0.2137737,0.12585319,-0.27556896,0.93716368,0.24761215,0.24578945,1.3224623,0.25831155,2.3
5,1600,0.800000,5,1.4982317,0.23424683,0.59643652,1.3350333,0.042451792,0.049084074,0.0070495209,0.01282444,0.2411113,-0.12463372,-0.59783709,0.32822727,-0.73133965,2.3910805,2.6394986,2.3
5,1600,0.800000,6,1.4982317,0.59028746,0.20982732,1.324601,-0.0027190327,-0.032206841,0.017514106,-0.0076609513,-0.13601655,0.050152998,-0.19562436,0.94289029,0.26960902,1.2978093,1.7753671,2.3
5,1600,0.800000,7,1.4982317,0.54841043,0.51584806,0.9464907,0.021576821,-0.023263728,0.032965573,0.068852868,0.074441117,-0.057936094,0.50133169,-0.28210022,-0.81797678,2.5286814,-0.5125427,2.3
5,1600,0.800000,8,1.4982317,0.18817331,0.92427115,0.19816646,-0.033902529,-0.018831812,0.034455414,-0.20139854,-0.16197161,0.21877533,-0.5530068,-0.052572053,-0.83151648,2.5526284,-3.0468117,2.3
5,1600,0.800000,9,1.4982317,0.17959944,1.2687105,0.57870278,-0.031972368,-0.029474945,0.012735079,-0.088515501,-0.056287058,-0.027610798,-0.70494731,0.39173812,-0.59126182,2.2034189,2.634385,2.3
5,1600,0.800000,10,1.4982317,0.55928714,0.90881594,0.58723591,-0.015317203,-0.023178264,5.7058933e-05,0.04012199,-0.066688808,-0.012647912,-0.44217222,0.87804951,-0.18306501,1.7548996,2.0373075,2.3
5,1600,0.800000,11,1.4982317,0.5278215,1.2868301,0.19103824,-0.0076143796,-0.019337897,-0.00075953527,-0.1664689,-0.036742033,0.049653967,-0.60219248,-0.19468526,-0.77424923,2.4563243,-2.8289045,2.3
5,1600,0.800000,12,1.4982317,0.12856148,0.9356367,0.93646892,-0.058780031,-0.0073331901,-0.014319327,-0.14459011,0.012408772,0.14498437,-0.95178423,-0.20421732,-0.22891496,1.8017592,-2.9302346,2.3
5,1600,0.800000,13,1.4982317,0.18788818,1.3504307,1.268727,0.023655295,0.025800846,-0.031354141,0.18175209,-0.14419346,-0.18668699,-0.87443052,-0.44332885,-0.19705531,1.7691498,-2.6723675,2.3
5,1600,0.800000,14,1.4982317,0.52975986,0.95679962,1.3373849,-0.0048871588,0.044188142,0.0233254,0.015404381,0.047222617,0.041408699,0.81248065,-0.58017934,0.057158895,1.5136063,-0.62011583,2.3
5,1600,0.800000,15,1.4982317,0.57958267,1.27161,0.95544727,0.017350115,-0.0193302,0.014520382,-0.10537764,-0.017224949,-0.020408,-0.17663291,-0.8028636,0.56939516,0.96502642,-1.7873501,2.3
5,1600,0.800000,16,1.4982317,0.89878145,0.15848576,0.15552815,-0.01166328,0.0036752006,-0.022462739,0.11020778,0.14384048,-0.018537364,-0.55696549,-0.81528891,-0.15840912,1.7298755,-2.1701246,2.3
5,1600,0.800000,17,1.4982317,1.0016354,0.52782278,0.53462802,0.035908865,-0.032948661,-0.013384417,-0.021674968,-0.19485875,-0.14844596,-0.48665843,-0.70702657,-0.51310525,2.109595,-2.1736383,2.3
5,1600,0.800000,18,1.4982317,1.3026414,0.12635376,0.50477745,0.023214796,-0.019798969,-0.046666006,0.075463641,-0.080684424,-0.17419643,0.96278157,0.24482825,0.11450232,1.4560423,0.24901468,2.3
5,1600,0.800000,19,1.4982317,1.3394027,0.5558723,0.22338264,-0.015941486,-0.02807355,0.0010521664,0.052752462,-0.2472867,0.048578239,0.87357362,-0.4601391,0.15855957,1.4115647,-0.48480373,2.3
5,1600,0.800000,20,1.4982317,0.91990214,0.21131936,0.90715545,0.019112649,0.023012917,-0.025489244,0.1784543,-0.11243979,-0.14285245,-0.17013618,-0.95688388,0.23542922,1.3331362,-1.7467597,2.3
5,1600,0.800000,21,1.4982317,0.93205308,0.62958276,1.3630714,-0.023401072,0.03687361,0.0044113066,-0.13706175,0.044664123,-0.026911853,0.30633804,-0.14794318,0.94035622,0.34712041,-0.44990745,2.3
5,1600,0.800000,22,1.4982317,1.3130742,0.2159918,1.3254796,0.033348636,-0.0084058947,-0.033152744,0.010756944,-0.10773727,0.10179057,-0.32316275,0.048873102,0.94508056,0.33295534,2.9914964,2.3
5,1600,0.800000,23,1.4982317,1.3157668,0.54610541,0.96766225,-0.0037220078,-0.0092923364,0.064460239,0.16462753,0.13550271,0.101552,-0.38703641,-0.89989719,0.20096734,1.368451,-1.97697,2.3
5,1600,0.800000,24,1.4982317,0.89825008,1.0066086,0.16110402,-0.042012479,0.051856919,-0.014806361,-0.12236271,0.08251144,-0.028471487,-0.16134752,-0.19737663,0.96695886,0.25777785,-2.2560934,2.3
5,1600,0.800000,25,1.4982317,0.88584025,1.3212768,0.55849927,-0.032402095,0.008779092,0.0095140667,-0.065667357,-0.047436667,0.1671436,-0.50446136,0.85838669,-0.093225696,1.6641576,2.1021118,2.3
5,1600,0.800000,26,1.4982317,1.3229432,0.94143021,0.52123566,0.015413484,-0.010474323,-0.045374182,-0.1581738,-0.14010106,-0.16093294,-0.46402069,-0.65565114,0.59565626,0.93271391,-2.1866881,2.3
5,1600,0.800000,27,1.4982317,1.349958,1.3277109,0.14890719,0.028855956,0.028324965,-0.062682482,-0.035814596,0.083719632,-0.10035378,-0.84888021,-0.17369785,0.49923086,1.0480855,-2.9397588,2.3
5,1600,0.800000,28,1.4982317,0.97232823,0.92961043,0.95114709,0.0085356204,-0.0076368528,0.032298653,0.11874802,0.036331269,0.20165429,0.18385948,-0.97680254,-0.1097838,1.6808019,-1.3847473,2.3
5,1600,0.800000,29,1.4982317,0.96252244,1.3709082,1.2725617,0.032719826,0.069776802,-0.025466034,0.1279623,0.24473936,-0.074977739,-0.89209856,-0.4476359,0.061500025,1.5092575,-2.6765232,2.3
5,1600,0.800000,30,1.4982317,1.3107084,0.89604926,1.3600367,-0.039547941,-0.020980568,0.067029606,-0.12934494,0.19813051,-0.048101593,-0.49242537,0.56949447,-0.65817422,2.2891874,2.2837463,2.3
5,1600,0.800000,31,1.4982317,1.2884601,1.3216143,0.90272031,0.0030531487,-0.0090576136,-0.0095873374,0.08290461,0.10712953,0.081623439,-0.52874377,0.84711237,0.053203901,1.5175673,2.1288,2.3
6,1700,0.850000,0,1.4993622,0.21566004,0.206863,0.14907523,0.02550895,0.039109386,-0.02661529,-0.032173959,0.16399938,0.094170606,0.057957588,-0.25988772,-0.96389797,2.8720695,-1.3513767,2.3
6,1700,0.850000,1,1.4993622,0.21697882,0.55186285,0.62512338,0.035377947,-0.0056728472,0.064434633,-0.17610534,0.087420517,0.36036949,-0.20695622,0.70089706,0.68257779,0.81951219,1.8579111,2.3
6,1700,0.850000,2,1.4993622,0.53718212,0.17464787,0.54160213,-0.026715461,-0.03696508,-0.015376297,-0.14685992,-0.048470612,-0.020986585,-0.8527516,-0.43372961,-0.29102119,1.8660904,-2.67107,2.3
6,1700,0.850000,3,1.4993622,0.57440005,0.56866174,0.23439634,-0.016436223,-0.017549201,0.026268248,0.090317893,-0.21192782,-0.098044365,-0.46244304,0.039081084,0.88578728,0.48260866,3.0572829,2.3
6,1700,0.850000,4,1.4993622,0.16509704,0.16625469,0.91301955,0.0045981412,0.0065001143,-0.018545376,0.25466087,0.13076924,-0.29874838,0.91322804,0.26473428,0.30972618,1.2558913,0.28215454,2.3
6,1700,0.850000,5,1.4993622,0.23235408,0.60978189,1.3303116,0.04038308,0.061974547,0.0013227032,-0.070811349,0.23051836,-0.10386038,-0.53791845,0.34008941,-0.77135137,2.4517582,2.5778095,2.3
6,1700,0.850000,6,1.4993622,0.58986154,0.20341134,1.3270733,-0.0035900163,-0.038778667,0.018986342,-0.048461026,-0.12339721,-0.0080283825,-0.39872194,0.91259865,0.090468318,1.4802041,1.98271,2.3
6,1700,0.850000,7,1.4993622,0.55146117,0.5217035,0.944918,0.024212769,-0.017799584,0.030679575,0.020446264,0.13408681,-0.04086102,0.43596869,-0.2531472,-0.8636248,2.6132124,-0.52607344,2.3
6,1700,0.850000,8,1.4993622,0.18054293,0.91671157,0.21071777,-0.041671957,-0.027085676,0.046852528,-0.13822873,-0.11982919,0.2884974,-0.64955042,-0.2117001,-0.73025155,2.3894864,-2.8265308,2.3
6,1700,0.850000,9,1.4993622,0.17552518,1.2677372,0.57835736,-0.03618056,-0.031404755,0.011953296,-0.082365574,-0.00490179,0.0110294,-0.76752165,0.2226003,-0.60113195,2.2157131,2.8593124,2.3
6,1700,0.850000,10,1.4993622,0.56011826,0.90490205,0.58786736,-0.014908238,-0.027776157,0.00024534811,0.0056046642,-0.10579968,0.021136861,-0.36305186,0.92613659,-0.10229552,1.6732711,1.9443931,2.3
6,1700,0.850000,11,1.4993622,0.52044946,1.2867804,0.19483305,-0.015381752,-0.020358197,0.0028897521,-0.2244988,0.0030656427,0.086543363,-0.75607894,0.042059698,-0.65312757,2.2825036,3.0860212,2.3
6,1700,0.850000,12,1.4993622,0.12315377,0.93727534,0.94481848,-0.064282669,-0.0064008748,-0.0066792426,-0.057298119,0.069589627,0.15415214,-0.98978931,-0.13544023,-0.044419157,1.6152301,-3.0055998,2.3
6,1700,0.850000,13,1.4993622,0.19511645,1.3457549,1.2616457,0.030739122,0.020108216,-0.039389688,0.11893381,-0.10507902,-0.1403885,-0.84651571,-0.48342731,-0.22295559,1.7956417,-2.6227101,2.3
6,1700,0.850000,14,1.4993622,0.53054811,0.95843413,1.3403355,-0.0044987795,0.045100366,0.0252662,0.029257302,0.013216245,0.045389254,0.76322128,-0.63450363,0.12205914,1.4484321,-0.69356635,2.3
6,1700,0.850000,15,1.4993622,0.5749115,1.2704839,0.95028485,0.012243552,-0.021415061,0.0086392605,-0.094695129,0.0083017187,-0.15635176,-0.31956109,-0.77335867,0.54753728,0.99137802,-1.9626402,2.3
6,1700,0.850000,16,1.4993622,0.90430077,0.16462841,0.15424508,-0.0068239477,0.0096959912,-0.023862633,0.08866799,0.062836203,-0.0070106016,-0.61393867,-0.7790463,-0.12714626,1.6982877,-2.238217,2.3
6,1700,0.850000,17,1.4993622,0.9981485,0.51574837,0.53118257,0.031667746,-0.04541663,-0.017231814,-0.094929493,-0.29890416,-0.039022256,-0.49439128,-0.83131771,-0.25394513,1.8275532,-2.1073156,2.3
6,1700,0.850000,18,1.4993622,1.3068537,0.12417234,0.49518283,0.026443054,-0.022074873,-0.056637739,0.011946557,-0.002485287,-0.23439432,0.92499229,0.37950277,0.019154797,1.5516404,0.38933408,2.3
6,1700,0.850000,19,1.4993622,1.3438215,0.54395699,0.22558389,-0.012534654,-0.040403631,0.0030840914,0.12536836,-0.2929493,0.029699795,0.83323894,-0.54207858,0.10892057,1.4616592,-0.5767744,2.3
6,1700,0.850000,20,1.4993622,0.93235106,0.20460655,0.9022883,0.030863037,0.016143246,-0.031038788,0.25928932,-0.18123796,-0.066912958,-0.095947307,-0.98634273,0.13387355,1.4365196,-1.6677671,2.3
6,1700,0.850000,21,1.4993622,0.92893785,0.63030298,1.3627347,-0.027218128,0.037118688,0.0030465837,-0.013986553,-0.020893319,-0.02148442,0.04192934,-0.053269512,0.9976995,0.067843702,-0.90396038,2.3
6,1700,0.850000,22,1.4993622,1.3176801,0.21378908,1.3327945,0.036962358,-0.010770702,-0.026840346,0.12454926,-0.0080565861,0.13283906,-0.63009138,0.034913059,0.77573573,0.68291619,3.0862397,2.3
6,1700,0.850000,23,1.4993622,1.3251734,0.55174913,0.97400236,0.0046885566,-0.0040626444,0.070068098,0.16616719,0.06501814,0.13017912,-0.46310351,-0.85302001,0.24060757,1.3278046,-2.0681712,2.3
6,1700,0.850000,24,1.4993622,0.89481453,1.0119762,0.15958018,-0.046124243,0.056463282,-0.016451134,-0.049131288,0.090658595,-0.022308215,-0.37426358,-0.23673565,0.89659523,0.45877597,-2.5775917,2.3
6,1700,0.850000,25,1.4993622,0.88511626,1.318608,0.56761397,-0.033793963,0.0051147695,0.018204083,-0.014050999,-0.084687583,0.19050573,-0.45445907,0.87465874,-0.16863878,1.7402448,2.0499885,2.3
6,1700,0.850000,26,1.4993622,1.3151577,0.93784486,0.51347889,0.0066330339,-0.014768403,-0.053521169,-0.21058751,-0.023326261,-0.17476269,-0.50639657,-0.72715987,0.46346633,1.0888933,-2.1791044,2.3
6,1700,0.850000,27,1.4993622,1.3490717,1.3333638,0.14310917,0.026951695,0.032974271,-0.068590629,-0.060616428,0.15058224,-0.1407389,-0.82171142,-0.42107623,0.38403796,1.1766307,-2.6680442,2.3
6,1700,0.850000,28,1.4993622,0.97804889,0.93479413,0.96206045,0.013520733,-0.0031562685,0.04249049,0.093208818,0.096498511,0.20766714,0.43055764,-0.89035502,-0.14794609,1.7192875,-1.120371,2.3
6,1700,0.850000,29,1.4993622,0.96846472,1.3800583,1.2697855,0.03793388,0.077889457,-0.029200985,0.11328532,0.084230558,-0.069903426,-0.89458184,-0.43129656,0.11707524,1.453452,-2.6923504,2.3
6,1700,0.850000,30,1.4993622,1.3041701,0.90629995,1.3556368,-0.047072359,-0.011409591,0.06160555,-0.20969698,0.17646125,-0.160133,-0.69035109,0.50841297,-0.51471509,2.1114716,2.5068164,2.3
6,1700,0.850000,31,1.4993622,1.2951923,1.3268403,0.90667505,0.008811057,-0.0048304135,-0.0063149734,0.17273075,0.085864138,0.037197468,-0.49526576,0.86689571,0.056600938,1.5141651,2.0898527,2.3
7,1800,0.900000,0,1.5091348,0.21608303,0.2173842,0.15513358,0.024529477,0.048252582,-0.021545057,-0.0034333783,0.15204206,0.085187185,0.028566762,-0.28960095,-0.95672108,2.846314,-1.4724726,2.3
7,1800,0.900000,1,1.5091348,0.21064543,0.56089799,0.64281535,0.027655408,-0.00025227309,0.078008055,-0.15328959,0.11664136,0.25144073,-0.18910323,0.62642377,0.75619655,0.71331551,1.8639747,2.3
7,1800,0.900000,2,1.5091348,0.5319331,0.17438485,0.54607652,-0.035437418,-0.038361894,-0.014435041,-0.22096097,-0.010339409,0.040327069,-0.85951618,-0.44205119,-0.25655932,1.830257,-2.6665687,2.3
7,1800,0.900000,3,1.5091348,0.58093402,0.56153407,0.23058667,-0.013655139,-0.028348242,0.020948099,0.043338996,-0.21295545,-0.13782103,-0.48871108,0.15009495,0.8594376,0.53662774,2.8436129,2.3
7,1800,0.900000,4,1.5091348,0.17945921,0.17241799,0.90484529,0.017841211,0.01156334,-0.032624825,0.24936958,0.076444964,-0.28786979,0.90802023,0.17738616,0.37951735,1.1815218,0.19292511,2.3
7,1800,0.900000,5,1.5091348,0.22964401,0.62294776,1.3340722,0.036172231,0.071136192,-0.0035715823,-0.102604,0.13787159,-0.081028073,-0.42270065,0.37450849,-0.82526817,2.5414732,2.4165721,2.3
7,1800,0.900000,6,1.5091348,0.58968495,0.19837771,1.3335882,-0.0075982084,-0.045117513,0.016858496,-0.10567352,-0.15703955,-0.042477403,-0.5782992,0.80333222,-0.142223,1.7135032,2.1947374,2.3
7,1800,0.900000,7,1.5091348,0.55792681,0.53237214,0.94911442,0.027074766,-0.010554856,0.028723515,0.12413908,0.15578071,-0.032396336,0.40347976,-0.19365552,-0.89426038,2.6775722,-0.44749023,2.3
7,1800,0.900000,8,1.5091348,0.17738921,0.9163874,0.22667203,-0.04598841,-0.033364434,0.06138615,-0.025826869,-0.11793923,0.2703785,-0.72007554,-0.36601549,-0.58951156,2.2012504,-2.6713259,2.3
7,1800,0.900000,9,1.5091348,0.17154367,1.2763883,0.58433137,-0.041289521,-0.031017795,0.014150525,-0.11294038,0.014592925,0.037082303,-0.83329483,0.016180253,-0.552592,2.1562673,3.1221779,2.3
7,1800,0.900000,10,1.5091348,0.56504289,0.90580905,0.59181208,-0.013638501,-0.032751009,0.00035807014,0.027781588,-0.067748488,-0.028034733,-0.31680476,0.94847886,-0.004754195,1.5755505,1.8931589,2.3
7,1800,0.900000,11,1.5091348,0.51202109,1.2958512,0.20165417,-0.027164063,-0.019676671,0.0084230029,-0.23757102,0.081354714,0.14058442,-0.80817669,0.16564292,-0.56516622,2.1714311,2.9394336,2.3
7,1800,0.900000,12,1.5091348,0.12473835,0.95085287,0.95819515,-0.06350332,0.0010434553,0.00051587355,0.01740602,0.13768325,0.12542632,-0.98224535,0.073042702,0.17279711,1.3971275,3.0673663,2.3
7,1800,0.900000,13,1.5091348,0.20123431,1.3507508,1.2629327,0.035569552,0.016344942,-0.046303487,0.052832035,-0.062033132,-0.10310769,-0.75016132,-0.58563764,-0.30706115,1.8828998,-2.4787423,2.3
7,1800,0.900000,14,1.5091348,0.53560953,0.96495428,1.3517569,-0.0029005849,0.045372706,0.027942848,0.036174418,-0.0027382673,0.026509956,0.70527162,-0.6938547,0.14545649,1.424822,-0.77723831,2.3
7,1800,0.900000,15,1.5091348,0.57185964,1.280699,0.94920614,0.0054665222,-0.01948704,0.0013902809,-0.17115208,0.076752629,-0.16956763,-0.50967473,-0.75209254,0.41783787,1.1397321,-2.1663818,2.3
7,1800,0.900000,16,1.5091348,0.91457759,0.16913338,0.15750278,-0.0024554133,0.013116829,-0.021617566,0.072765147,0.11209085,0.094757641,-0.59625858,-0.79674941,-0.098316264,1.6692717,-2.2132496,2.3
7,1800,0.900000,17,1.5091348,1.0008152,0.50438092,0.53433738,0.027841082,-0.060097961,-0.017538179,-0.067122508,-0.30127157,0.0014792766,-0.46531431,-0.8803203,-0.092297173,1.663225,-2.0570409,2.3
7,1800,0.900000,18,1.5091348,1.3163234,0.12696449,0.49012186,0.027391786,-0.020098476,-0.064899399,0.040621375,0.085806243,-0.086205577,0.86429025,0.49379258,-0.095766668,1.66671,0.51906974,2.3
7,1800,0.900000,19,1.5091348,1.3612882,0.53397347,0.22624919,-0.0038549889,-0.053888778,0.0022816851,0.21538584,-0.24433472,-0.067923139,0.7836574,-0.59524476,0.17766474,1.3921834,-0.64959954,2.3
7,1800,0.900000,20,1.5091348,0.94982049,0.19806619,0.9070062,0.042218656,0.0082947888,-0.032198094,0.21410356,-0.12970452,0.025751121,-0.13981229,-0.98963724,0.032720797,1.5380697,-1.7111438,2.3
7,1800,0.900000,21,1.5091348,0.93398052,0.63077643,1.3691045,-0.028226864,0.033495689,0.00054241273,0.011457402,-0.090389764,-0.084028414,-0.24924687,-0.0037923852,0.96843256,0.25193229,-3.1263785,2.3
7,1800,0.900000,22,1.5091348,1.3335147,0.21474803,1.3473963,0.044185109,-0.011203789,-0.020944663,0.15373866,0.014122575,0.11610734,-0.90192313,0.013458263,0.43168685,1.1244343,3.126672,2.3
7,1800,0.900000,23,1.5091348,1.3383784,0.55551848,0.98768082,0.009241541,-0.0038900688,0.077374429,0.022710004,-0.054997128,0.1205642,-0.53167518,-0.81013151,0.24699887,1.3212144,-2.1515754,2.3
7,1800,0.900000,24,1.5091348,0.8986411,1.021897,0.15848035,-0.048123443,0.059777383,-0.018584155,0.01277793,0.04503777,-0.068482069,-0.55018767,-0.35957407,0.75365776,0.71718676,-2.5627272,2.3
7,1800,0.900000,25,1.5091348,0.89276155,1.3225637,0.5783359,-0.031923805,0.00049102061,0.025203659,0.05406823,-0.10665714,0.11673069,-0.41292951,0.88479674,-0.2159258,1.7884362,2.0074461,2.3
7,1800,0.900000,26,1.5091348,1.3106029,0.94330961,0.50989609,-0.0064512972,-0.015414288,-0.060428316,-0.27787399,0.0086060286,-0.11241819,-0.53609568,-0.79698955,0.27822488,1.2888508,-2.1629304,2.3
7,1800,0.900000,27,1.5091348,1.3554952,1.3488846,0.13646996,0.024589871,0.039782273,-0.076138088,-0.058267372,0.077687696,-0.13857269,-0.72528991,-0.64859925,0.23081066,1.3378856,-2.4119567,2.3
7,1800,0.900000,28,1.5091348,0.99064817,0.94657761,0.97842475,0.019725088,0.0025159399,0.05255154,0.11383715,0.11247284,0.21940806,0.55330581,-0.77334576,-0.309498,1.8854614,-0.949763,2.3
7,1800,0.900000,29,1.5091348,0.98007028,1.3897477,1.2742344,0.043209995,0.078581539,-0.033015969,0.090040532,-0.035137414,-0.083142898,-0.88287338,-0.43157494,0.18514228,1.3845797,-2.686921,2.3
7,1800,0.900000,30,1.5091348,1.3028456,0.92253223,1.355998,-0.056865438,-0.001117861,0.053158361,-0.15700778,0.20708442,-0.14443947,-0.85703852,0.42381186,-0.29303324,1.8681941,2.6823488,2.3
7,1800,0.900000,31,1.5091348,1.3116196,1.3352767,0.91265002,0.016770631,-0.005041517,-0.0062497831,0.15699783,-0.021076694,-0.012444287,-0.46676217,0.88418,-0.018941939,1.5897394,2.0565171,2.3
8,1900,0.950000,0,1.5126569,0.21755751,0.22437073,0.16094614,0.025498525,0.054724238,-0.016100899,0.044091224,0.048409073,0.10223498,-0.0060980948,-0.27275376,-0.96206455,2.8652676,-1.5931501,2.3
8,1900,0.950000,1,1.5126569,0.20345961,0.56713533,0.65499806,0.019986916,0.0046702922,0.0886781,-0.15666377,0.074637048,0.16733323,-0.15021299,0.57648328,0.80318309,0.63817703,1.8256962,2.3
8,1900,0.950000,2,1.5126569,0.52425044,0.1753408,0.54971117,-0.04435113,-0.037813564,-0.012077594,-0.14632275,0.01439167,0.048707912,-0.86554616,-0.45938948,-0.1994772,1.7716207,-2.653648,2.3
8,1900,0.950000,3,1.5126569,0.58211945,0.55388975,0.22262178,-0.01382531,-0.037292672,0.01245496,-0.050032045,-0.15393096,-0.19053825,-0.52836217,0.26904055,0.8052643,0.63467522,2.6706144,2.3
8,1900,0.950000,4,1.5126569,0.19009743,0.17553739,0.89357592,0.028048706,0.01427718,-0.045990374,0.19517128,0.057369014,-0.27006623,0.87458773,0.0033944446,0.48485542,1.0645985,0.0038811745,2.3
8,1900,0.950000,5,1.5126569,0.22509122,0.62995717,1.3349564,0.031089418,0.076685269,-0.0057983532,-0.12883737,0.054527829,-0.035332591,-0.26786937,0.43758316,-0.85835131,2.6028439,2.1201065,2.3
8,1900,0.950000,6,1.5126569,0.5850722,0.19230727,1.3340877,-0.013580218,-0.051643328,0.014248665,-0.15634895,-0.14755215,-0.043979916,-0.63773741,0.69188911,-0.33849735,1.9161158,2.31549,2.3
8,1900,0.950000,7,1.5126569,0.56460338,0.54115582,0.95132828,0.032442975,-0.0030224287,0.028722297,0.092365103,0.13629753,0.039562157,0.46239063,-0.15539301,-0.87295356,2.632021,-0.32420647,2.3
8,1900,0.950000,8,1.5126569,0.17755535,0.91379262,0.24037245,-0.046235983,-0.038092402,0.074542218,0.014557262,-0.098953167,0.29368791,-0.73961486,-0.488484,-0.46298298,2.052154,-2.5579012,2.3
8,1900,0.950000,9,1.5126569,0.16745101,1.282644,0.5882135,-0.045777305,-0.027744796,0.016665988,-0.0020510827,0.12497719,0.042528707,-0.89968961,-0.19115197,-0.39245323,1.9740936,-2.9322414,2.3
8,1900,0.950000,10,1.5126569,0.56531303,0.90609804,0.59274717,-0.014685857,-0.034573911,-8.7510353e-05,-0.052510918,-0.018112241,0.0012840858,-0.31186693,0.94130843,0.12914119,1.4412935,1.8907267,2.3
8,1900,0.950000,11,1.5126569,0.49965681,1.3023548,0.2094748,-0.040707533,-0.016201435,0.015764453,-0.27103899,0.06116438,0.17707907,-0.8233192,0.15156389,-0.5469679,2.1495343,2.959542,2.3
8,1900,0.950000,12,1.5126569,0.13128269,0.958382,0.96514275,-0.057257382,0.0063472731,0.0052217099,0.19572607,0.078794761,0.0439149,-0.86510577,0.34030812,0.36848661,1.1934158,2.7668134,2.3
8,1900,0.950000,13,1.5126569,0.20491553,1.3524989,1.2612663,0.038777387,0.01494222,-0.050911961,0.067141614,-0.021851183,-0.078603091,-0.59381691,-0.71711329,-0.36486984,1.9442893,-2.2624178,2.3
8,1900,0.950000,14,1.5126569,0.53703549,0.9659696,1.3551297,-0.0027248526,0.044137418,0.028160537,0.046158634,-0.034139236,-0.0060138586,0.64582046,-0.75429042,0.11816047,1.4523592,-0.86271613,2.3
8,1900,0.950000,15,1.5126569,0.56506779,1.2866233,0.94157403,-0.002650492,-0.016555084,-0.00844565,-0.1411448,0.069452372,-0.2417639,-0.66459646,-0.70479858,0.24813404,1.3200427,-2.3268453,2.3
8,1900,0.950000,16,1.5126569,0.92206741,0.17357083,0.16460823,0.0028936944,0.017154846,-0.014887553,0.094980799,0.1017283,0.17336197,-0.56594512,-0.824254,-0.017648313,1.5884456,-2.1724824,2.3
8,1900,0.950000,17,1.5126569,0.99857509,0.4950625,0.53339134,0.023270574,-0.070581303,-0.019728718,-0.12950289,-0.13098371,-0.053190652,-0.46463494,-0.88542885,-0.011407068,1.5822036,-2.0540528,2.3
8,1900,0.950000,18,1.5126569,1.3194569,0.13066098,0.48851389,0.027453093,-0.016702256,-0.067648028,0.0018092546,0.027746367,-0.0049409489,0.78868992,0.54355614,-0.28725412,1.8621552,0.60343311,2.3
8,1900,0.950000,19,1.5126569,1.3740898,0.52624877,0.22150141,0.0057584078,-0.062849241,-0.0029879859,0.20768307,-0.09753031,-0.1413056,0.71915329,-0.63122221,0.29047731,1.2760707,-0.72037394,2.3
8,1900,0.950000,20,1.5126569,0.96367337,0.19137556,0.91248658,0.053841265,0.0011502265,-0.028838431,0.29882102,-0.14149043,0.078057686,-0.28804078,-0.95092892,-0.1129898,1.6840279,-1.8649158,2.3
8,1900,0.950000,21,1.5126569,0.93740673,0.62580006,1.370001,-0.026981858,0.027054695,-0.0017536311,0.045121391,-0.12735165,-0.024136517,-0.47957605,0.036185207,0.87675392,0.50172567,3.0662829,2.3
8,1900,0.950000,22,1.5126569,1.3441812,0.21771029,1.3539155,0.051730627,-0.008745577,-0.017573945,0.10201119,0.076268496,0.025394034,-0.9983804,-0.0062404676,0.056547604,1.5142185,-3.1353421,2.3
8,1900,0.950000,23,1.5126569,1.3417905,0.55411847,0.99580184,0.009529762,-0.0065834336,0.083183588,-0.024616899,-0.010783365,0.10486975,-0.62502973,-0.7454283,0.23167755,1.3369945,-2.2685667,2.3
8,1900,0.950000,24,1.5126569,0.90277611,1.0269706,0.1545264,-0.046088088,0.06246293,-0.02290294,0.0065265538,0.037099469,-0.033582918,-0.65072278,-0.49857593,0.57269704,0.96100423,-2.4878115,2.3
8,1900,0.950000,25,1.5126569,0.89627464,1.3179794,0.58629943,-0.030495941,-0.0071710734,0.031809747,0.035390297,-0.15363813,0.13615046,-0.34897021,0.88366895,-0.31200798,1.8881021,1.9469076,2.3
8,1900,0.950000,26,1.5126569,1.299308,0.94433987,0.50530076,-0.02078816,-0.016584191,-0.066206921,-0.28325805,-0.03929973,-0.12503223,-0.54666924,-0.83000523,0.11065285,1.4599164,-2.1532169,2.3
8,1900,0.950000,27,1.5126569,1.3541436,1.3559172,0.13026028,0.020079994,0.043662288,-0.082658661,-0.11712,0.047981459,-0.14664607,-0.62301694,-0.77133029,0.12999799,1.4404294,-2.2502254,2.3
8,1900,0.950000,28,1.5126569,0.9981515,0.95457641,0.99045138,0.024910368,0.008298839,0.062283348,0.068049451,0.12565668,0.14900901,0.56371325,-0.60654427,-0.56065268,2.1659701,-0.82198149,2.3
8,1900,0.950000,29,1.5126569,0.98726557,1.3865458,1.2723075,0.04811225,0.072143744,-0.037911057,0.060982425,-0.17362298,-0.12745892,-0.88534519,-0.38139683,0.26589539,1.3016637,-2.734829,2.3
8,1900,0.950000,30,1.5126569,1.2990776,0.93660455,1.3525599,-0.063666124,0.010787541,0.046563263,-0.06803115,0.24834131,-0.059317369,-0.94200504,0.32930078,-0.064710887,1.6355525,2.8052971,2.3
8,1900,0.950000,31,1.5126569,1.3245848,1.3370832,0.91498932,0.026663185,-0.0063498143,-0.006040705,0.17830699,-0.0091318569,-0.0032217493,-0.4211154,0.89131446,-0.16798916,1.7395858,2.0121748,2.3
9,2000,1.000000,0,1.5199113,0.22157632,0.22501793,0.16640809,0.028466873,0.054296416,-0.011422015,0.085342553,-0.084677208,0.084619098,-0.10482445,-0.18227524,-0.97764389,2.9297441,-2.0926973,2.3
9,2000,1.000000,1,1.5199113,0.19589948,0.57339329,0.6647347,0.011471396,0.0081999356,0.095257754,-0.20230316,0.04389566,0.05742091,-0.076380864,0.53037512,0.84431523,0.56551038,1.7138259,2.3
9,2000,1.000000,2,1.5199113,0.51984116,0.17739871,0.5535974,-0.051258101,-0.036599456,-0.010830662,-0.11778369,-0.012190452,-0.003033551,-0.87761537,-0.46055652,-0.1329622,1.7041534,-2.6583168,2.3
9,2000,1.000000,3,1.5199113,0.58082033,0.54905487,0.21550456,-0.017906407,-0.044766017,0.0042896215,-0.12268707,-0.1188725,-0.12386986,-0.55391968,0.27571703,0.78559093,0.66714574,2.6797416,2.3
9,2000,1.000000,4,1.5199113,0.19904443,0.17856864,0.8867317,0.036064866,0.01646137,-0.057093458,0.12933387,0.0026912259,-0.16731624,0.81867395,-0.14119442,0.55663013,0.98047243,-0.1707871,2.3
9,2000,1.000000,5,1.5199113,0.22011584,0.63533949,1.3414198,0.025048992,0.079040805,-0.0057372923,-0.098100202,0.046192624,0.028274162,-0.10519009,0.47459398,-0.87389679,2.633958,1.7889126,2.3
9,2000,1.000000,6,1.5199113,0.57824575,0.18465718,1.3388758,-0.02318958,-0.060195225,0.012642526,-0.21124159,-0.15536428,-0.028842923,-0.61002871,0.61602362,-0.49837724,2.0925223,2.3513049,2.3
9,2000,1.000000,7,1.5199113,0.57222805,0.55108776,0.95697223,0.037348183,0.0042967251,0.02980128,0.10058979,0.14593818,2.1238166e-08,0.56009507,-0.032894621,-0.827775,2.5459266,-0.058663038,2.3
9,2000,1.000000,8,1.5199113,0.18172126,0.91257428,0.25263285,-0.042929497,-0.04367976,0.085623329,0.11339865,-0.098025805,0.17320898,-0.73033521,-0.55295559,-0.40106183,1.983472,-2.4935466,2.3
9,2000,1.000000,9,1.5199113,0.17045671,1.2927779,0.59355827,-0.043579925,-0.023771757,0.019183774,0.12174894,0.076803634,0.044527742,-0.91548115,-0.37508244,-0.14562767,1.7169437,-2.7527431,2.3
9,2000,1.000000,10,1.5199113,0.56374281,0.91170093,0.59528355,-0.018956996,-0.033319495,-0.00039310229,-0.10533811,0.040320265,-0.015966479,-0.30950328,0.92960348,0.20011271,1.3693234,1.8921939,2.3
9,2000,1.000000,11,1.5199113,0.4906515,1.3101193,0.21860414,-0.052081889,-0.014686347,0.023869804,-0.15585374,0.039865882,0.16792394,-0.84499889,0.070888873,-0.53004871,2.1294543,3.0578964,2.3
9,2000,1.000000,12,1.5199113,0.14151633,0.96427297,0.97099414,-0.047676261,0.0076389281,0.0064415463,0.15021377,-0.017318551,-0.023555878,-0.73133982,0.48061353,0.48389329,1.0656982,2.5601945,2.3
9,2000,1.000000,13,1.5199113,0.20846446,1.3598061,1.2657775,0.041337455,0.015761185,-0.052445823,0.034851531,0.07808582,0.029649243,-0.45756126,-0.79579283,-0.39667552,1.9786887,-2.0926121,2.3
9,2000,1.000000,14,1.5199113,0.54189324,0.96793841,1.3601185,-0.0004480774,0.041479977,0.026654064,0.092745713,-0.072856556,-0.052812523,0.54183002,-0.83832073,0.060320644,1.510439,-0.99700693,2.3
9,2000,1.000000,15,1.5199113,0.56184025,1.2959863,0.93321134,-0.0085738259,-0.013370076,-0.021293222,-0.083609943,0.074529042,-0.25950176,-0.74540233,-0.66480633,0.049070575,1.521706,-2.4132842,2.3
9,2000,1.000000,16,1.5199113,0.93299694,0.17930927,0.17303583,0.0093856368,0.022049159,-0.0072676046,0.12371915,0.039579524,0.08915966,-0.57556286,-0.8047424,0.14531709,1.4249629,-2.1916601,2.3
9,2000,1.000000,17,1.5199113,0.99503301,0.49518586,0.53223081,0.0149594,-0.072826804,-0.023438417,-0.2244833,-0.0043706751,-0.0866957,-0.50651209,-0.86183262,0.026268555,1.5445248,-2.1021339,2.3
9,2000,1.000000,18,1.5199113,1.3254696,0.13257049,0.49557144,0.027138667,-0.01542243,-0.062944544,-0.036278672,0.0051792489,0.18027754,0.71822038,0.51176452,-0.47144094,2.0617203,0.61909607,2.3
9,2000,1.000000,19,1.5199113,1.3879339,0.53003042,0.2121783,0.012995373,-0.061594385,-0.013348588,0.1091349,0.12786953,-0.201505,0.61592498,-0.6954689,0.3700803,1.1917009,-0.84597996,2.3
9,2000,1.000000,20,1.5199113,0.98284964,0.1843715,0.92228247,0.068361206,-0.0067527292,-0.023431591,0.26965082,-0.10519591,0.12306795,-0.48095168,-0.8477426,-0.22364697,1.796351,-2.086849,2.3
9,2000,1.000000,21,1.5199113,0.94658222,0.61900755,1.3770144,-0.02231316,0.01728434,-0.0013115868,0.17576859,-0.24390658,0.011879205,-0.63378595,0.046243901,0.77212491,0.6886181,3.0687572,2.3
9,2000,1.000000,22,1.5199113,1.3545201,0.22212939,1.3584895,0.055613746,-0.0053786365,-0.019488488,0.016883191,0.045726403,-0.10274555,-0.96586291,-0.067906598,-0.24999508,1.8234715,-3.0714015,2.3
9,2000,1.000000,23,1.5199113,1.3454625,0.5569014,1.0032736,0.0067733645,-0.0064582535,0.085873279,-0.067677713,-0.0010826098,0.026790257,-0.69075926,-0.68016997,0.24539858,1.3228655,-2.3639185,2.3
9,2000,1.000000,24,1.5199113,0.90999097,1.0353107,0.15626909,-0.043209652,0.065869752,-0.021903721,0.072460192,0.10156272,0.055260526,-0.6958736,-0.60205305,0.39152528,1.1685077,-2.4283539,2.3
9,2000,1.000000,25,1.5199113,0.90183659,1.3162849,0.59537429,-0.02923536,-0.015167183,0.038057877,-0.012425581,-0.16103642,0.089334959,-0.29710284,0.83911706,-0.45564511,2.0438931,1.9110888,2.3
9,2000,1.000000,26,1.5199113,1.2905166,0.94740558,0.50100083,-0.035774993,-0.01804387,-0.072914132,-0.30878989,-0.0013147754,-0.12229057,-0.49833885,-0.86692083,-0.010327804,1.5811243,-2.0925087,2.3
9,2000,1.000000,27,1.5199113,1.355025,1.3633951,0.12678006,0.014480584,0.044635102,-0.086753791,-0.10789965,-0.037000228,-0.029088773,-0.56884658,-0.82224942,0.017873375,1.552922,-2.1760096,2.3
9,2000,1.000000,28,1.5199113,1.0053028,0.96480029,1.0019871,0.027269101,0.013931279,0.069052866,0.014019488,0.10342163,0.14590213,0.45334729,-0.41551469,-0.78855803,2.479257,-0.74188294,2.3
9,2000,1.000000,29,1.5199113,0.99413204,1.3825257,1.2724755,0.050238894,0.06149945,-0.04383057,0.065176484,-0.22498224,-0.080562654,-0.85831296,-0.42329346,0.29003708,1.2765307,-2.6834247,2.3
9,2000,1.000000,30,1.5199113,1.3055327,0.9539387,1.3569084,-0.063441692,0.023599266,0.044430256,0.060559238,0.25712319,-0.040947187,-0.95257362,0.25371939,0.16801775,1.4019778,2.8812845,2.3
9,2000,1.000000,31,1.5199113,1.3380691,1.3458649,0.919836,0.033778005,-0.003986164,-0.0055832338,0.13521886,0.10078472,0.027149768,-0.34855881,0.85911922,-0.37472779,1.9548995,1.956221,2.3
10,2100,1.050000,0,1.5230919,0.22365411,0.21882487,0.17182198,0.0300793,0.047639444,-0.0063616416,-0.021535291,-0.14957042,0.079174718,-0.16919669,-0.10797388,-0.97965,2.9395065,-2.5735887,2.3
10,2100,1.050000,1,1.5230919,0.18844365,0.57909979,0.66632085,0.0036138431,0.012701835,0.095452676,-0.16071314,0.091164035,-0.10734336,0.02690904,0.39312627,0.91909066,0.40502979,1.5024541,2.3
10,2100,1.050000,2,1.5230919,0.51761229,0.17454045,0.55576108,-0.054571326,-0.039825575,-0.0098264902,0.011777447,-0.054200798,0.068239915,-0.87180038,-0.46681801,-0.14847571,1.719823,-2.6499777,2.3
10,2100,1.050000,3,1.5230919,0.57338021,0.54387741,0.21165698,-0.026552913,-0.051085832,-4.4393323e-06,-0.20624972,-0.096016858,-0.04656237,-0.56571589,0.25794692,0.78321703,0.67097307,2.7137889,2.3
10,2100,1.050000,4,1.5230919,0.20576524,0.17655759,0.88133868,0.042362569,0.014079135,-0.064334491,0.12882193,-0.07468014,-0.097246357,0.7925913,-0.17709516,0.58346923,0.94780242,-0.21982739,2.3
10,2100,1.050000,5,1.5230919,0.21519629,0.63543651,1.3479834,0.019674446,0.077809596,-0.0019846817,-0.15588037,-0.068260235,0.10304689,-0.035901477,0.51966037,-0.85361829,2.5936888,1.6397732,2.3
10,2100,1.050000,6,1.5230919,0.56962796,0.17780549,1.3393974,-0.033007149,-0.067425777,0.010364785,-0.18131875,-0.12948239,-0.073315478,-0.59117177,0.53908051,-0.59992345,2.2142017,2.4022501,2.3
10,2100,1.050000,7,1.5230919,0.57770312,0.55874057,0.95974989,0.041621333,0.01078954,0.030575561,0.050209181,0.13881462,0.057118348,0.6476295,0.11395245,-0.75338627,2.4239929,0.17417034,2.3
10,2100,1.050000,8,1.5230919,0.18853802,0.90962818,0.26360702,-0.036499736,-0.048530445,0.096057928,0.12466936,-0.081207425,0.17383927,-0.70077011,-0.58834146,-0.40345455,1.9860855,-2.4431884,2.3
10,2100,1.050000,9,1.5230919,0.1731553,1.2954888,0.59871048,-0.041240478,-0.023766162,0.023089816,-0.015298512,-0.030460787,0.11800727,-0.86335311,-0.50265813,0.044229117,1.5265528,-2.6143521,2.3
10,2100,1.050000,10,1.5230919,0.55831181,0.9163661,0.59462108,-0.025560784,-0.030565036,-0.0022992696,-0.10484326,0.029590728,-0.080299337,-0.31689829,0.92538337,0.20794491,1.3613229,1.90073,2.3
10,2100,1.050000,11,1.5230919,0.48345193,1.3132632,0.226233,-0.06029961,-0.01428441,0.031033721,-0.14226448,-0.021292978,0.10558978,-0.861903,0.0048174471,-0.50705031,2.1025554,3.1360034,2.3
10,2100,1.050000,12,1.5230919,0.15183651,0.96690317,0.97021015,-0.037662684,0.0082506427,0.0036285905,0.21152784,0.021231671,-0.091437182,-0.69820846,0.46731894,0.54232642,0.99759269,2.5517613,2.3
10,2100,1.050000,13,1.5230919,0.20945427,1.3664868,1.2716825,0.041890451,0.019592346,-0.049193031,0.020669479,0.081122595,0.058453346,-0.37172955,-0.85164761,-0.36947731,1.9492428,-1.9823527,2.3
10,2100,1.050000,14,1.5230919,0.54710346,0.96729901,1.3581744,0.0036239203,0.038817851,0.021868705,0.10504277,-0.048515936,-0.10868197,0.46463879,-0.88311779,-0.064913481,1.6357555,-1.0864603,2.3
10,2100,1.050000,15,1.5230919,0.55971072,1.3051846,0.92314944,-0.011875618,-0.0068905625,-0.03329542,-0.068859342,0.21960911,-0.23436469,-0.72708089,-0.68151421,-0.083016598,1.6539086,-2.3885322,2.3
10,2100,1.050000,16,1.5230919,0.94232539,0.18171878,0.17749826,0.016753985,0.024081327,-0.0031715539,0.14092925,0.025971818,0.088740886,-0.62107317,-0.72304031,0.30245797,1.263526,-2.2804775,2.3
10,2100,1.050000,17,1.5230919,0.98591532,0.49684456,0.52742362,0.0037711944,-0.072204981,-0.029353177,-0.23260929,0.013424114,-0.12559701,-0.56961962,-0.82186648,0.0083054328,1.5624908,-2.1768632,2.3
10,2100,1.050000,18,1.5230919,1.3280475,0.13293877,0.50748355,0.026943064,-0.015331665,-0.052080832,-0.015263848,0.05128861,0.26665671,0.64625598,0.43023136,-0.63028103,2.2527115,0.58735318,2.3
10,2100,1.050000,19,1.5230919,1.3933733,0.5428429,0.20203303,0.015527723,-0.049903271,-0.023926806,0.017674748,0.28747586,-0.25429529,0.52401823,-0.74464816,0.41340539,1.1446055,-0.95758308,2.3
10,2100,1.050000,20,1.5230919,0.99759839,0.17975844,0.9301457,0.081039987,-0.011746387,-0.01750453,0.24578116,-0.14741571,0.072291649,-0.68859125,-0.67507888,-0.26478406,1.8387763,-2.366103,2.3
10,2100,1.050000,21,1.5230919,0.96057649,0.6058436,1.3803721,-0.010312258,0.0028401517,-0.0008358771,0.28880864,-0.30571752,0.010233286,-0.70728158,-0.031821178,0.7062154,0.78665798,-3.0966322,2.3
10,2100,1.050000,22,1.5230919,1.3572408,0.22604564,1.354907,0.055500123,-0.0019308188,-0.025907046,0.0030041005,0.079781164,-0.14813442,-0.90080799,-0.12150617,-0.41687074,2.0007963,-3.0075161,2.3
10,2100,1.050000,23,1.5230919,1.345825,0.55684331,1.0053383,0.0043228611,-0.0076804339,0.08583854,-0.035650783,-0.023661826,-0.012095397,-0.74631471,-0.60467032,0.27818728,1.2888899,-2.4606581,2.3
10,2100,1.050000,24,1.5230919,0.9139126,1.0429739,0.16211186,-0.041194379,0.071360706,-0.016393721,0.027006759,0.11482499,0.16407705,-0.68907368,-0.67380053,0.26677765,1.3007484,-2.3674006,2.3
10,2100,1.050000,25,1.5230919,0.90303353,1.3113568,0.60034703,-0.029924891,-0.022841708,0.041780846,-0.033978356,-0.19938643,0.036091433,-0.21579655,0.77623759,-0.5923572,2.2047778,1.8419525,2.3
10,2100,1.050000,26,1.5230919,1.2804553,0.95296144,0.49531507,-0.048523521,-0.014474287,-0.079641263,-0.25029484,0.090516428,-0.096021593,-0.45361132,-0.8842809,-0.11083349,1.681858,-2.0447676,2.3
10,2100,1.050000,27,1.5230919,1.3526477,1.3617717,0.12634446,0.0092732176,0.040163374,-0.08745396,-0.085636774,-0.11454461,0.018271149,-0.59459971,-0.79620198,-0.11186416,1.6828951,-2.2122431,2.3
10,2100,1.050000,28,1.5230919,1.0035978,0.97399379,1.0093867,0.023464389,0.021098342,0.074350164,-0.14397487,0.13580179,0.112341,0.32303104,-0.16036839,-0.93270195,2.77263,-0.46080266,2.3
10,2100,1.050000,29,1.5230919,1.0001178,1.374782,1.2710065,0.054140205,0.050873781,-0.047958058,0.12592321,-0.24733333,-0.10261782,-0.84442555,-0.48950866,0.21754716,1.3514956,-2.6162377,2.3
10,2100,1.050000,30,1.5230919,1.3141001,0.96737341,1.3571359,-0.057612337,0.035025811,0.041820971,0.16115973,0.18730963,-0.051673932,-0.90157895,0.14800048,0.40651107,1.1521642,2.9788868,2.3
10,2100,1.050000,31,1.5230919,1.3484615,1.3562028,0.92271979,0.041362438,0.0035275729,-0.0046252962,0.17660745,0.17314252,0.059999534,-0.30706714,0.77087457,-0.55808795,2.1628761,1.9498674,2.3
11,2200,1.100000,0,1.5254825,0.22313723,0.21177544,0.1737365,0.029212055,0.040252328,-0.0047181071,-0.03962769,-0.13725997,-0.0093713899,-0.11089478,-0.088105048,-0.98991911,2.9994809,-2.4702191,2.3
11,2200,1.100000,1,1.5254825,0.18009058,0.58384262,0.65843704,-0.0050282357,0.016532698,0.08652999,-0.15784381,0.024294781,-0.2176938,0.11944961,0.21894989,0.96839699,0.25207492,1.0713708,2.3
11,2200,1.100000,2,1.5254825,0.52300647,0.17299465,0.56015312,-0.049993196,-0.041643909,-0.0063095452,0.15545535,-0.045349521,0.062019497,-0.86441318,-0.4524494,-0.21927012,1.7918626,-2.6593867,2.3
11,2200,1.100000,3,1.5254825,0.56333538,0.54205499,0.20824125,-0.037489157,-0.05375984,-0.0037494518,-0.23450417,-0.070238754,-0.11887684,-0.57960401,0.13061855,0.80436185,0.63619571,2.9199372,2.3
11,2200,1.100000,4,1.5254825,0.21379467,0.17060805,0.88366056,0.050062984,0.0078573381,-0.063396707,0.11369771,-0.10827414,0.13266318,0.81293719,-0.083815253,0.57628823,0.95661675,-0.10273875,2.3
11,2200,1.100000,5,1.5254825,0.20546237,0.63246013,1.3546541,0.009610641,0.073838937,0.0025666361,-0.17589488,-0.1049965,0.067156504,-0.06612561,0.50746607,-0.85913072,2.6043649,1.7003717,2.3
11,2200,1.100000,6,1.5254825,0.56255747,0.17212088,1.3368528,-0.040965492,-0.073384796,0.0057214882,-0.15846673,-0.10528835,-0.12640841,-0.5592358,0.41271251,-0.71897407,2.3731214,2.5058199,2.3
11,2200,1.100000,7,1.5254825,0.57822422,0.56745956,0.96229531,0.041235964,0.018625369,0.031613727,-0.055755805,0.16701416,-0.0064430456,0.66057327,0.2804726,-0.69640368,2.3411703,0.40152306,2.3
11,2200,1.100000,8,1.5254825,0.19543833,0.90743916,0.27196304,-0.029900527,-0.052144403,0.10399396,0.15502109,-0.1073857,0.17125767,-0.62884528,-0.60186553,-0.49225146,2.0854707,-2.3781131,2.3
11,2200,1.100000,9,1.5254825,0.17441686,1.2956218,0.60328472,-0.040251484,-0.025665092,0.026721463,-0.0043579064,-0.01966616,0.067896157,-0.81692979,-0.56558104,0.11288846,1.4576667,-2.5360362,2.3
11,2200,1.100000,10,1.5254825,0.55563007,0.91805124,0.59099657,-0.029116073,-0.030318433,-0.0068535404,-0.03651837,-0.022432586,-0.095934322,-0.38158308,0.90790168,0.17351913,1.3963944,1.9686718,2.3
11,2200,1.100000,11,1.5254825,0.4792998,1.3163619,0.23135349,-0.065206728,-0.013247943,0.035795377,-0.017288266,0.050532299,0.077103521,-0.85377273,-0.017329829,-0.52035737,2.1180657,-3.1212975,2.3
11,2200,1.100000,12,1.5254825,0.16032297,0.97079695,0.96717231,-0.029421018,0.010624893,-0.00092854582,0.14316898,0.077182464,-0.090388347,-0.82652988,0.21247568,0.52125084,1.0224803,2.8899714,2.3
11,2200,1.100000,13,1.5254825,0.21191435,1.3731314,1.2788425,0.044020097,0.024088537,-0.044033161,0.070429411,0.067386125,0.13984277,-0.36489875,-0.89189933,-0.26714134,1.8412217,-1.9591447,2.3
11,2200,1.100000,14,1.5254825,0.5538502,0.96982016,1.3550533,0.009507299,0.039819913,0.016619982,0.13328057,0.061751681,-0.11167387,0.3862318,-0.89934483,-0.20494844,1.7772074,-1.1651549,2.3
11,2200,1.100000,15,1.5254825,0.55676955,1.3207686,0.91524353,-0.015692323,0.0066341447,-0.042642995,-0.055769708,0.2917334,-0.11509895,-0.67639465,-0.7126987,-0.18587858,1.7577623,-2.3300654,2.3
11,2200,1.100000,16,1.5254825,0.95165282,0.18002396,0.18210986,0.024596176,0.022102824,0.0011580413,0.15334506,-0.087988338,0.048868898,-0.6773362,-0.62122502,0.39407505,1.1657351,-2.3993779,2.3
11,2200,1.100000,17,1.5254825,0.97764593,0.49889863,0.52561049,-0.0060380198,-0.070931772,-0.031992095,-0.19220031,0.046867852,-0.021829482,-0.59409168,-0.80419335,-0.018114183,1.5889115,-2.2070535,2.3
11,2200,1.100000,18,1.5254825,1.3267438,0.13364251,0.52081615,0.023557562,-0.014836983,-0.03955461,-0.09088689,-0.030215374,0.20532721,0.5615446,0.34211334,-0.75340966,2.4240285,0.54718322,2.3
11,2200,1.100000,19,1.5254825,1.3956886,0.55917471,0.18680278,0.015655773,-0.034435644,-0.039461987,-0.055776549,0.31079159,-0.32781104,0.48211079,-0.79667969,0.36451427,1.1976852,-1.0265986,2.3
11,2200,1.100000,20,1.5254825,1.0074133,0.17196001,0.93592231,0.089282582,-0.019820635,-0.013191281,0.098135032,-0.17678615,0.081403207,-0.79766845,-0.56724311,-0.20484214,1.7770988,-2.5234383,2.3
11,2200,1.100000,21,1.5254825,0.9777912,0.59054593,1.3813008,0.0053823965,-0.013395731,-0.0020728511,0.30427467,-0.30006109,-0.02797451,-0.73509778,-0.18548357,0.6520944,0.86045261,-2.8944269,2.3
11,2200,1.100000,22,1.5254825,1.3599301,0.22947151,1.350546,0.056058578,0.0011378402,-0.032389742,0.027551357,0.083878488,-0.11036704,-0.8627446,-0.23189126,-0.44933083,2.0368125,-2.8790153,2.3
11,2200,1.100000,23,1.5254825,1.3483627,0.56037356,1.0066211,0.0047478557,-0.0050263036,0.085543583,0.032636486,0.14074584,-0.026939339,-0.79442685,-0.51078509,0.32861005,1.2359648,-2.570182,2.3
11,2200,1.100000,24,1.5254825,0.91567098,1.050145,0.17316278,-0.040870755,0.076890371,-0.0056057137,0.00092944336,0.12185328,0.20584707,-0.68161541,-0.70590268,0.19261838,1.3769665,-2.3386922,2.3
11,2200,1.100000,25,1.5254825,0.90452831,1.3018033,0.6042105,-0.029847597,-0.03444445,0.044699701,-0.0018960538,-0.26123895,0.032318873,-0.20128369,0.67582395,-0.70904645,2.3589414,1.8602652,2.3
11,2200,1.100000,26,1.5254825,1.2692537,0.96039782,0.4902442,-0.061724525,-0.0085383512,-0.085485004,-0.27649133,0.13451915,-0.11144177,-0.40656674,-0.8985651,-0.16517946,1.7367363,-1.9956959,2.3
11,2200,1.100000,27,1.5254825,1.3534826,1.3589341,0.13069117,0.0079859767,0.035192234,-0.083308816,0.026895173,-0.034249365,0.12853547,-0.654229,-0.7215457,-0.22661911,1.7994014,-2.3073035,2.3
11,2200,1.100000,28,1.5254825,0.99490278,0.97906858,1.0153236,0.013202111,0.024641556,0.078699272,-0.24350383,0.017022158,0.049103626,0.25912302,0.13944414,-0.95572517,2.8429107,0.4936911,2.3
11,2200,1.100000,29,1.5254825,1.0060852,1.3649837,1.2701502,0.05853438,0.038926991,-0.050807152,0.093950026,-0.24546326,-0.01818892,-0.86902236,-0.47278944,0.14584333,1.424431,-2.643331,2.3
11,2200,1.100000,30,1.5254825,1.3249772,0.97663326,1.3551705,-0.048804814,0.042761185,0.037728576,0.17412386,0.13306967,-0.057058514,-0.83254838,-0.084987373,0.54739414,0.99154907,-3.039864,2.3
11,2200,1.100000,31,1.5254825,1.356977,1.3666123,0.92762374,0.047756337,0.011801801,-0.0011723764,0.11363905,0.16052561,0.09849724,-0.32916453,0.68799242,-0.64677442,2.2741439,2.0170493,2.3
12,2300,1.150000,0,1.5258501,0.21862427,0.20576985,0.17424946,0.024645877,0.034196451,-0.0042470599,-0.13002109,-0.16154858,-0.0034379681,-0.054516555,-0.056685026,-0.99690258,3.062865,-2.3366966,2.3
12,2300,1.150000,1,1.5258501,0.1734579,0.58415837,0.64578334,-0.011703507,0.016707762,0.073719188,-0.11978066,-0.041709674,-0.25838471,0.17224225,-0.015992628,0.98492479,0.17385764,-0.092584171,2.3
12,2300,1.150000,2,1.5258501,0.53602227,0.17159892,0.56239131,-0.037104951,-0.04308115,-0.004206568,0.34744875,-0.012770934,-0.0027274701,-0.83753681,-0.45396404,-0.30405383,1.8797414,-2.6448946,2.3
12,2300,1.150000,3,1.5258501,0.55017807,0.53944161,0.20279113,-0.050780592,-0.056503482,-0.0092490857,-0.2738198,-0.042296272,-0.12478506,-0.59192884,-0.038608067,0.805065,0.63501128,-3.0764607,2.3
12,2300,1.150000,4,1.5258501,0.21735915,0.16547155,0.89348034,0.053575535,0.00268036,-0.053790994,0.054624614,-0.11066297,0.17836662,0.8030322,0.042616055,0.59440993,0.93426465,0.053019189,2.3
12,2300,1.150000,5,1.5258501,0.19802211,0.62715142,1.3566086,0.0021217836,0.068378496,0.0041946379,-0.10816563,-0.11973956,0.016825666,-0.18255322,0.46890919,-0.86417504,2.6143049,1.9420574,2.3
12,2300,1.150000,6,1.5258501,0.55590539,0.16948936,1.3300146,-0.047752294,-0.076057465,-0.0014379191,-0.11686797,-0.0059562456,-0.082528448,-0.52397184,0.33072326,-0.78490485,2.4733389,2.5785579,2.3
12,2300,1.150000,7,1.5258501,0.5747194,0.5767156,0.96152158,0.037592261,0.027743594,0.030608267,-0.077937991,0.19869621,-0.053136287,0.6223604,0.4837624,-0.61533851,2.2336117,0.66074707,2.3
12,2300,1.150000,8,1.5258501,0.20162729,0.90349162,0.28046299,-0.023759396,-0.056310076,0.11242737,0.13778812,-0.051449695,0.14249799,-0.54811463,-0.64738554,-0.52958693,2.1289098,-2.2733474,2.3
12,2300,1.150000,9,1.5258501,0.17251384,1.2936981,0.60520607,-0.042196283,-0.027900627,0.028497243,-0.069211761,-0.047242936,0.011231204,-0.76856992,-0.63798392,0.047715863,1.5230623,-2.4487702,2.3
12,2300,1.150000,10,1.5258501,0.55594127,0.91817586,0.58818876,-0.028938758,-0.030414991,-0.00980339,0.046370428,0.019668038,-0.037774267,-0.50246213,0.85856635,0.10195901,1.4686598,2.1002876,2.3
12,2300,1.150000,11,1.5258501,0.48134548,1.3186871,0.23481189,-0.063276766,-0.011240081,0.039197625,0.035440855,0.050895129,0.031466193,-0.8457032,-0.08214736,-0.527293,2.1262078,-3.0447615,2.3
12,2300,1.150000,12,1.5258501,0.16688946,0.97461282,0.96314062,-0.022893945,0.014206436,-0.0051927446,0.090599193,0.013092293,-0.095110184,-0.91667585,-0.15763657,0.36722759,1.1947697,-2.9712929,2.3
12,2300,1.150000,13,1.5258501,0.21377508,1.3747185,1.285571,0.045829556,0.025344607,-0.03761355,0.0029867145,-0.032330668,0.12080297,-0.43220597,-0.89292895,-0.12599957,1.6971317,-2.0215879,2.3
12,2300,1.150000,14,1.5258501,0.56074269,0.97279954,1.3480416,0.016265539,0.042565301,0.0092826625,0.11745126,0.090220282,-0.1857773,0.28921401,-0.90692327,-0.30634201,1.8821442,-1.2620953,2.3
12,2300,1.150000,15,1.5258501,0.55583732,1.3365629,0.91121846,-0.016758574,0.022108403,-0.046888064,0.060708199,0.34835015,-0.081520819,-0.62634946,-0.7420251,-0.2389249,1.8120549,-2.2718599,2.3
12,2300,1.150000,16,1.5258501,0.95874043,0.17618604,0.18565543,0.031453677,0.018221998,0.0046593177,0.11848049,-0.090339227,0.082017974,-0.74300911,-0.50961926,0.43384983,1.122035,-2.5404024,2.3
12,2300,1.150000,17,1.5258501,0.96859702,0.50223108,0.52683905,-0.015321356,-0.067719902,-0.030890298,-0.19524338,0.1077702,0.089057075,-0.61563032,-0.78796795,-0.010286512,1.581083,-2.2340232,2.3
12,2300,1.150000,18,1.5258501,1.322374,0.13328743,0.52818114,0.01886868,-0.015224213,-0.03231597,-0.095058335,0.023785063,0.089682834,0.56509439,0.23192715,-0.79175636,2.4844753,0.38945843,2.3
12,2300,1.150000,19,1.5258501,1.3903687,0.57116523,0.17173787,0.010000378,-0.022581275,-0.054570089,-0.17784188,0.16890307,-0.31567479,0.44137496,-0.86685233,0.23185163,1.3368156,-1.0998399,2.3
12,2300,1.150000,20,1.5258501,1.0080931,0.16299104,0.94136077,0.089719608,-0.028829947,-0.0079789448,-0.052330394,-0.089743602,0.11223617,-0.8420238,-0.51928237,-0.14608816,1.7174092,-2.5889787,2.3
12,2300,1.150000,21,1.5258501,0.99104331,0.57634163,1.3787738,0.018397364,-0.02774059,-0.0049323885,0.23237259,-0.2663239,-0.048077587,-0.71044536,-0.3247306,0.6243536,0.89649257,-2.7128663,2.3
12,2300,1.150000,22,1.5258501,1.3590548,0.23132045,1.3453054,0.054855782,0.0029312812,-0.037954967,-0.069563683,0.030566724,-0.109614,-0.82380021,-0.41206804,-0.38929826,1.970666,-2.677782,2.3
12,2300,1.150000,23,1.5258501,1.3518623,0.56884079,1.0064697,0.007922123,0.0033049153,0.085149626,0.078511989,0.21468526,0.0026580856,-0.83178574,-0.43711196,0.34214853,1.2215938,-2.6577457,2.3
12,2300,1.150000,24,1.5258501,0.91561077,1.0564035,0.1837362,-0.041151541,0.082895092,0.004924716,-0.061408497,0.14936737,0.17394767,-0.68070451,-0.71609489,0.15443277,1.415743,-2.3308631,2.3
12,2300,1.150000,25,1.5258501,0.90686584,1.2910289,0.60485766,-0.027728257,-0.04553117,0.045201231,0.033685422,-0.1937736,0.034978374,-0.16001191,0.57426576,-0.80287921,2.5029057,1.842541,2.3
12,2300,1.150000,26,1.5258501,1.2578453,0.9650302,0.48382465,-0.073437353,-0.0041378905,-0.092021879,-0.15902199,0.042918114,-0.099220634,-0.38633704,-0.90089188,-0.19783203,1.7699421,-1.9759136,2.3
12,2300,1.150000,27,1.5258501,1.3561831,1.3588756,0.13792919,0.010360076,0.034806346,-0.076103148,0.10602412,-0.0064150194,0.1723902,-0.73139498,-0.55070318,-0.40222802,1.9847454,-2.4962068,2.3
12,2300,1.150000,28,1.5258501,0.98404276,0.97941849,1.0173772,0.0021037204,0.024755559,0.080508082,-0.19092872,0.0013985364,0.0072478717,0.29183724,0.45596738,-0.84078818,2.5695338,1.001455,2.3
12,2300,1.150000,29,1.5258501,1.0118147,1.3539142,1.2728785,0.064020832,0.027530002,-0.04838519,0.072049794,-0.27030885,0.12339227,-0.90697681,-0.41336268,0.080773521,1.4899347,-2.71396,2.3
12,2300,1.150000,30,1.5258501,1.3369887,0.98180148,1.3520955,-0.037113964,0.047693507,0.034327539,0.24927588,0.044122315,-0.068219188,-0.72591449,-0.35851124,0.58695642,0.94350191,-2.6828568,2.3
12,2300,1.150000,31,1.5258501,1.3617359,1.3724216,0.93346776,0.052187698,0.017281172,0.0044474686,0.11353946,0.080486016,0.14361168,-0.39842213,0.61204031,-0.68312991,2.3228362,2.1478557,2.3
13,2400,1.200000,0,1.5369236,0.21156289,0.1974884,0.1717651,0.016029031,0.024456875,-0.007982495,-0.17632317,-0.20516804,-0.1543717,0.0044594253,-0.084194992,-0.99643932,3.0571794,-1.5178803,2.3
13,2400,1.200000,1,1.5369236,0.1697825,0.58533795,0.63879725,-0.016619962,0.013658952,0.062088508,-0.098507849,-0.13596961,-0.23683113,0.24177023,-0.21481709,0.94625619,0.32933944,-0.72643486,2.3
13,2400,1.200000,2,1.5369236,0.5581402,0.17241924,0.56408228,-0.018942759,-0.04350464,-0.0065884276,0.37325678,-0.026763042,-0.064137834,-0.82932735,-0.42653409,-0.36094989,1.9400826,-2.6665601,2.3
13,2400,1.200000,3,1.5369236,0.54103074,0.54260662,0.20058232,-0.063873392,-0.057250659,-0.012916345,-0.27728188,0.038890807,-0.049368572,-0.62993953,-0.20005838,0.7504351,0.7220762,-2.8340833,2.3
13,2400,1.200000,4,1.5369236,0.22160574,0.16058392,0.90839562,0.056235064,-0.0033862147,-0.04539034,-0.0093125394,-0.11709901,0.14752001,0.81041144,0.11405755,0.57465135,0.95861826,0.13982193,2.3
13,2400,1.200000,5,1.5369236,0.19142705,0.62522431,1.3653001,-0.0058814491,0.0619233,0.0030449764,-0.18576773,-0.091899956,-0.067354605,-0.3621582,0.36675359,-0.85693246,2.6000848,2.3498901,2.3
13,2400,1.200000,6,1.5369236,0.55753208,0.17217873,1.3370727,-0.050151306,-0.074603388,-0.0040228133,0.026347853,0.066414577,0.0055443493,-0.453288,0.27315745,-0.84847805,2.5838992,2.5992537,2.3
13,2400,1.200000,7,1.5369236,0.57597801,0.5870294,0.96402514,0.03469046,0.033849917,0.0261499,-0.070001078,0.065781793,-0.084900496,0.5714397,0.65223045,-0.4980483,2.0921429,0.85132578,2.3
13,2400,1.200000,8,1.5369236,0.21053435,0.90838492,0.28815958,-0.016342427,-0.057967688,0.11806816,0.10296606,0.020975171,0.050039006,-0.4281396,-0.757709,-0.49251756,2.0857765,-2.0851169,2.3
13,2400,1.200000,9,1.5369236,0.17066417,1.3009697,0.60853789,-0.045286766,-0.030010189,0.027440722,-0.046941371,-0.010640929,-0.050280457,-0.71088161,-0.70322316,0.011159052,1.559637,-2.3616102,2.3
13,2400,1.200000,10,1.5369236,0.56225726,0.92731764,0.59234224,-0.026665621,-0.027945619,-0.0099181557,0.025363119,0.05511365,0.038324221,-0.57632999,0.81659873,0.031784527,1.5390064,2.1853836,2.3
13,2400,1.200000,11,1.5369236,0.48497727,1.330407,0.23786751,-0.063138734,-0.0090980758,0.040544271,0.023691683,0.031254565,0.047447521,-0.82585545,-0.12808654,-0.54914171,2.1521332,-2.987723,2.3
13,2400,1.200000,12,1.5369236,0.1724754,0.97977312,0.96492773,-0.018534931,0.012300571,-0.010376692,0.088070857,-0.041276761,-0.12928618,-0.89548054,-0.43608445,0.089134455,1.4815434,-2.6884122,2.3
13,2400,1.200000,13,1.5369236,0.21223103,1.380571,1.3031827,0.042745224,0.02123527,-0.029361417,-0.10766643,-0.1137059,0.15730034,-0.46516007,-0.88496945,0.021335124,1.5494596,-2.0547314,2.3
13,2400,1.200000,14,1.5369236,0.57090201,0.98404903,1.348547,0.022333444,0.046739802,3.8285684e-05,0.11703733,0.047154089,-0.17163717,0.20161003,-0.89891659,-0.38897604,1.9703162,-1.3501662,2.3
13,2400,1.200000,15,1.5369236,0.56197904,1.3664785,0.91389794,-0.014658322,0.042251373,-0.050807398,0.0486452,0.42370134,-0.092453129,-0.55434799,-0.79480774,-0.24693918,1.8203167,-2.1798167,2.3
13,2400,1.200000,16,1.5369236,0.97162174,0.1716084,0.19188144,0.037355776,0.012386827,0.0095203987,0.13327506,-0.14764576,0.097751897,-0.83668984,-0.41130087,0.36163753,1.2007726,-2.6847029,2.3
13,2400,1.200000,17,1.5369236,0.96550515,0.51155133,0.53500067,-0.025406164,-0.062064939,-0.026567735,-0.15949526,0.10098575,0.12177063,-0.58446787,-0.81140188,0.0049294725,1.5658668,-2.1950292,2.3
13,2400,1.200000,18,1.5369236,1.3273599,0.13744724,0.53697825,0.014274252,-0.012043205,-0.027369915,-0.059569745,0.1131185,0.11746733,0.68474584,0.11330565,-0.71992011,2.3744835,0.16398521,2.3
13,2400,1.200000,19,1.5369236,1.3910195,0.58223992,0.15842646,0.00059483124,-0.015676663,-0.069075402,-0.2097455,0.12608178,-0.26299571,0.39596059,-0.91542325,0.072218305,1.4985151,-1.1625535,2.3
13,2400,1.200000,20,1.5369236,1.0100988,0.15728517,0.95468125,0.084428412,-0.035693879,-0.001513575,-0.097140088,-0.1365556,0.10790149,-0.83149519,-0.54522184,-0.10653119,1.67753,-2.561212,2.3
13,2400,1.200000,21,1.5369236,1.0085304,0.56650452,1.3864107,0.028655018,-0.041709873,-0.0072930797,0.18592041,-0.26469994,-0.031211525,-0.64865163,-0.477263,0.59284998,0.93620311,-2.5072565,2.3
13,2400,1.200000,22,1.5369236,1.3656509,0.23318465,1.3482884,0.051600586,0.0031160458,-0.044710878,-0.05664608,-0.051063336,-0.16440261,-0.71412447,-0.64773817,-0.26544587,1.8394627,-2.4049026,2.3
13,2400,1.200000,23,1.5369236,1.3666767,0.58639126,1.0134473,0.012907669,0.016678778,0.084824199,0.061255082,0.28343315,0.042461451,-0.83209439,-0.40728215,0.37648396,1.1847983,-2.6864075,2.3
13,2400,1.200000,24,1.5369236,0.92081779,1.0748017,0.19317457,-0.042584209,0.093588052,0.013000464,-0.04395068,0.25488638,0.14487709,-0.67894151,-0.7308318,0.070166192,1.5005724,-2.3194036,2.3
13,2400,1.200000,25,1.5369236,0.91377356,1.2920549,0.6098656,-0.027403103,-0.053844543,0.04581731,-0.019078988,-0.13153178,-0.018985607,-0.072663082,0.54274625,-0.83674762,2.5621129,1.7038853,2.3
13,2400,1.200000,26,1.5369236,1.2622665,0.97375477,0.48330896,-0.078127748,-0.0024230324,-0.096034325,-0.016080385,0.022981566,-0.081569961,-0.4044106,-0.86908548,-0.28485523,1.8596517,-2.0063244,2.3
13,2400,1.200000,27,1.5369236,1.3708946,1.3686453,0.14645116,0.015211864,0.034714626,-0.068609264,0.11416257,-0.0016841791,0.14028013,-0.82332576,-0.27173652,-0.49829103,2.0924229,-2.8228024,2.3
13,2400,1.200000,28,1.5369236,0.98521948,0.9869537,1.0254957,-0.0038395665,0.0251813,0.081240505,-0.097245806,-0.013568723,-0.0042976053,0.38512951,0.61570477,-0.68744665,2.3287636,1.0118303,2.3
13,2400,1.200000,29,1.5369236,1.0200011,1.3525021,1.2894352,0.064861132,0.01633266,-0.04109253,0.016594908,-0.20796915,0.17923321,-0.94774872,-0.31868811,0.014500434,1.5562954,-2.8172122,2.3
13,2400,1.200000,30,1.5369236,1.3588141,0.99150479,1.3594969,-0.025035141,0.050262304,0.031925065,0.25191352,0.03650652,-0.049282427,-0.60354624,-0.60369198,0.52085308,1.0229463,-2.3560738,2.3
13,2400,1.200000,31,1.5369236,1.3801413,1.3837192,0.95130684,0.060679902,0.018613907,0.015472237,0.2041108,0.023333087,0.28969715,-0.44173098,0.58462122,-0.68050847,2.3192527,2.2178622,2.3
14,2500,1.250000,0,1.545883,0.2046501,0.18558506,0.16569615,0.0079065505,0.011440117,-0.015032248,-0.15677094,-0.3130889,-0.17499922,0.052602501,-0.15426067,-0.98662892,2.9778796,-1.242164,2.3
14,2500,1.250000,1,1.545883,0.16765282,0.58158643,0.63040905,-0.019730343,0.0065159883,0.050011573,-0.051002669,-0.16760707,-0.24425288,0.29137492,-0.40076821,0.86861125,0.51840369,-0.94215162,2.3
14,2500,1.250000,2,1.545883,0.57778273,0.17114577,0.56559365,-0.0026013738,-0.045776619,-0.0083601912,0.35025337,-0.010533783,-0.044398297,-0.82214715,-0.40048459,-0.40458146,1.9873174,-2.6883018,2.3
14,2500,1.250000,3,1.545883,0.53205082,0.54823008,0.19776558,-0.075972061,-0.054797428,-0.016890821,-0.21606646,0.073219451,-0.084806238,-0.65379088,-0.35146149,0.67009873,0.83645454,-2.648339,2.3
14,2500,1.250000,4,1.545883,0.22195184,0.15660666,0.91971498,0.055292072,-0.0082853459,-0.039383878,-0.036653254,-0.076537483,0.088729956,0.8325481,0.15117913,0.53292451,1.0087433,0.1796288,2.3
14,2500,1.250000,5,1.545883,0.18434443,0.62401711,1.3699998,-0.014056225,0.057085454,-0.00020486949,-0.14051512,-0.13283414,-0.019994913,-0.56033994,0.25843492,-0.78691203,2.4765849,2.7094549,2.3
14,2500,1.250000,6,1.545883,0.56473425,0.17877431,1.3474918,-0.046210691,-0.069027718,-0.0014057104,0.098749621,0.12487985,0.071346183,-0.34637619,0.25531314,-0.90268418,2.6967635,2.5064002,2.3
14,2500,1.250000,7,1.545883,0.57607003,0.5939461,0.96551895,0.031434305,0.037334438,0.022035928,-0.087234212,0.037064495,-0.075278997,0.49027451,0.81219701,-0.31617547,1.8924918,1.0277047,2.3
14,2500,1.250000,8,1.545883,0.21702797,0.91425801,0.288342,-0.011091364,-0.057391661,0.11657512,0.10697284,0.017023456,-0.064947731,-0.29737128,-0.86683513,-0.40020891,1.9825411,-1.9012698,2.3
14,2500,1.250000,9,1.545883,0.16764534,1.3075754,0.60611411,-0.049288841,-0.030985568,0.021486805,-0.075197326,-0.0057963148,-0.16978814,-0.66359417,-0.74721626,0.036202887,1.5345855,-2.2969914,2.3
14,2500,1.250000,10,1.545883,0.56859664,0.93343145,0.59932158,-0.02361277,-0.027239612,-0.0064020623,0.059670283,-0.019973447,0.090866171,-0.60205553,0.79844299,0.0042329041,1.5665634,2.2168761,2.3
14,2500,1.250000,11,1.545883,0.48733852,1.3390275,0.23856791,-0.063603292,-0.0082355866,0.039860026,0.003087058,0.026069943,-0.070749274,-0.81662433,-0.17623697,-0.54960462,2.1526872,-2.9290409,2.3
14,2500,1.250000,12,1.545883,0.17768963,0.98574215,0.96529997,-0.014338335,0.012557317,-0.015614231,0.11549369,0.034425172,-0.070697089,-0.80498443,-0.54828278,-0.22668495,1.799469,-2.5436575,2.3
14,2500,1.250000,13,1.545883,0.20713453,1.3812918,1.3196574,0.036429891,0.01392928,-0.02050934,-0.10863169,-0.16300998,0.18475856,-0.46232035,-0.8650601,0.1947586,1.374785,-2.0616127,2.3
14,2500,1.250000,14,1.545883,0.57938476,0.99315906,1.3482963,0.027473207,0.050103591,-0.0080501905,0.091775618,0.10403425,-0.1262329,0.082029283,-0.89974322,-0.42864127,2.0137847,-1.479878,2.3
14,2500,1.250000,15,1.545883,0.56733087,1.3970901,0.91815582,-0.012588536,0.06483153,-0.051873944,0.077887073,0.41505688,0.017212545,-0.52853282,-0.81239255,-0.24631565,1.8196733,-2.1475848,2.3
14,2500,1.250000,16,1.545883,0.9839564,0.16554968,0.19663921,0.044007088,0.0053481786,0.013149058,0.12321234,-0.11785203,0.04827665,-0.93156256,-0.31099191,0.1883487,1.3813158,-2.8193871,2.3
14,2500,1.250000,17,1.545883,0.96282302,0.52018004,0.54585705,-0.033692573,-0.056434659,-0.018852536,-0.18928685,0.13459246,0.18518912,-0.43199293,-0.90182448,0.0097319177,1.5610643,-2.0175204,2.3
14,2500,1.250000,18,1.545883,1.3308737,0.14595461,0.54627065,0.010062593,-0.0043594085,-0.021225664,-0.10707158,0.19815058,0.093424763,0.84008324,-0.030134294,-0.54161986,2.1431592,-0.035855232,2.3
14,2500,1.250000,19,1.545883,1.3879734,0.59184295,0.14626183,-0.010527848,-0.0094857662,-0.082125645,-0.22138859,0.11969176,-0.23265179,0.30786013,-0.9482144,-0.078176671,1.6490528,-1.2568597,2.3
14,2500,1.250000,20,1.545883,1.0111747,0.15167147,0.9645402,0.079629978,-0.042205537,0.0027676654,-0.12378974,-0.10328227,0.053819673,-0.79105678,-0.60594882,-0.083995194,1.6548906,-2.4879305,2.3
14,2500,1.250000,21,1.545883,1.0230159,0.55719781,1.3971505,0.037236494,-0.054282456,-0.0046429945,0.17523249,-0.24908709,0.070003584,-0.52307573,-0.68123279,0.51216566,1.033092,-2.2256157,2.3
14,2500,1.250000,22,1.545883,1.3715953,0.22998751,1.3470335,0.049589891,-0.0014272295,-0.053799181,-0.016932853,-0.14649253,-0.20881758,-0.5219062,-0.83792951,-0.15964979,1.7311322,-2.1278496,2.3
14,2500,1.250000,23,1.545883,1.3770836,0.60473059,1.0206747,0.015340531,0.031556528,0.086139919,-0.0021583255,0.27469334,-0.0063153748,-0.83210761,-0.40218688,0.38189348,1.1789521,-2.6913656,2.3
14,2500,1.250000,24,1.545883,0.92376765,1.0951911,0.19953006,-0.044995198,0.10767095,0.0182147,-0.080877926,0.27434897,0.057156606,-0.65917352,-0.75115118,0.035527103,1.5352617,-2.2910694,2.3
14,2500,1.250000,25,1.545883,0.91833822,1.2921565,0.61377706,-0.028163036,-0.061253311,0.046172557,-0.036617762,-0.10669999,0.065541388,0.0261822,0.55866917,-0.82897723,2.5480728,1.5239653,2.3
14,2500,1.250000,26,1.545883,1.269796,0.98048227,0.48431739,-0.077957086,-0.0013750378,-0.097838074,0.037559477,0.04964646,-0.018485341,-0.47725499,-0.77641315,-0.41159482,1.9949996,-2.1219488,2.3
14,2500,1.250000,27,1.545883,1.3856635,1.3749181,0.15431053,0.021969546,0.03301384,-0.061623923,0.13607035,-0.051485693,0.17164023,-0.85822023,0.036204679,-0.51200319,2.1083115,3.0994319,2.3
14,2500,1.250000,28,1.545883,0.98571942,0.99232128,1.0310187,-0.0090677161,0.0247966,0.08078668,-0.1015634,-0.01969202,0.01129122,0.45246115,0.67896707,-0.57817179,2.1872825,0.98298092,2.3
14,2500,1.250000,29,1.545883,1.0234611,1.3516286,1.3069239,0.062382325,0.0076001086,-0.031149367,-0.096263171,-0.11915933,0.21968491,-0.97633252,-0.1995025,-0.083507818,1.6544015,-2.9400288,2.3
14,2500,1.250000,30,1.545883,1.379784,0.99772553,1.3633591,-0.012024149,0.050701837,0.027873927,0.23354298,-0.03494993,-0.08794315,-0.49481198,-0.80241524,0.33360287,1.2306735,-2.123371,2.3
14,2500,1.250000,31,1.545883,1.3983643,1.3913082,0.97076496,0.070827918,0.018138,0.029344445,0.21386714,-0.062078308,0.29609911,-0.49704711,0.57002574,-0.65422843,2.2839583,2.2879094,2.3
15,2600,1.300000,0,1.5457941,0.19382125,0.1713068,0.1537313,-0.002910828,-0.0028278729,-0.026987909,-0.25421956,-0.2343438,-0.21893754,0.078967416,-0.29866475,-0.95108544,2.827527,-1.3123099,2.3
15,2600,1.300000,1,1.5457941,0.16464288,0.57138561,0.6208054,-0.022730719,-0.0036516467,0.040443931,-0.027859471,-0.19160026,-0.14755648,0.31553668,-0.60444567,0.73149301,0.75028729,-1.0896832,2.3
15,2600,1.300000,2,1.5457941,0.59348623,0.170534,0.56416482,0.013135831,-0.046378552,-0.0097565074,0.27673936,0.028868937,-0.05844622,-0.8299632,-0.36549989,-0.42139164,2.0057756,-2.7267668,2.3
15,2600,1.300000,3,1.5457941,0.52351695,0.55230659,0.19348194,-0.084475556,-0.050689249,-0.021163204,-0.12630488,0.077636234,-0.067439176,-0.66129326,-0.47232094,0.58275565,0.94868079,-2.5213746,2.3
15,2600,1.300000,4,1.5457941,0.22036923,0.15317511,0.92452484,0.053722186,-0.011707985,-0.034520946,-0.051032907,-0.023581383,0.11668402,0.8536427,0.13409415,0.50330199,1.0433805,0.15581138,2.3
15,2600,1.300000,5,1.5457941,0.1781405,0.6158498,1.3711851,-0.020249726,0.04895382,0.001059362,-0.12984921,-0.16279745,0.081532208,-0.72867923,0.10820054,-0.67625381,2.3134617,2.9941812,2.3
15,2600,1.300000,6,1.5457941,0.56874936,0.18697283,1.3508756,-0.042162962,-0.060818671,0.0020557623,0.10930077,0.16967921,0.075933624,-0.27256616,0.25723488,-0.92711267,2.7574302,2.3851242,2.3
15,2600,1.300000,7,1.5457941,0.57093738,0.59580931,0.96474648,0.026334662,0.039231886,0.021319009,-0.10857602,0.026679731,0.0015811021,0.41735864,0.89950577,-0.12923291,1.7003917,1.1363722,2.3
15,2600,1.300000,8,1.5457941,0.22203654,0.91382833,0.28123243,-0.006070155,-0.057768724,0.10948194,0.040904001,-0.014688917,-0.1872651,-0.19444389,-0.94087621,-0.27738697,1.8518696,-1.7745899,2.3
15,2600,1.300000,9,1.5457941,0.16363683,1.3064775,0.59684963,-0.053287818,-0.032008287,0.012256944,-0.09527162,-0.0023428567,-0.23937089,-0.69369989,-0.71959379,0.031068443,1.5397229,-2.3378749,2.3
15,2600,1.300000,10,1.5457941,0.57121571,0.9317091,0.60452319,-0.020960889,-0.028908284,-0.0011658095,0.055388224,-0.022647386,0.1195289,-0.54029603,0.84103693,0.027149315,1.5436437,2.141822,2.3
15,2600,1.300000,11,1.5457941,0.48941936,1.3394681,0.23352317,-0.061494344,-0.0077178972,0.03482887,0.064173483,-0.049021002,-0.11881176,-0.81691293,-0.22150606,-0.53253012,2.1323833,-2.8768091,2.3
15,2600,1.300000,12,1.5457941,0.18528476,0.98875085,0.96222291,-0.0067327602,0.015622842,-0.018635814,0.17892077,0.099640074,-0.041861132,-0.68416141,-0.52832158,-0.50279168,2.0976217,-2.4840232,2.3
15,2600,1.300000,13,1.5457941,0.20166084,1.3730391,1.32919,0.030967965,0.0057558687,-0.010900438,-0.084297968,-0.15561117,0.16935925,-0.48368498,-0.84205848,0.23871816,1.3297507,-2.0921855,2.3
15,2600,1.300000,14,1.5457941,0.58424786,0.9998982,1.3432077,0.032369794,0.056900092,-0.013061333,0.13341572,0.16076086,-0.029527136,-0.03613617,-0.91219961,-0.40814955,1.9912225,-1.6103899,2.3
15,2600,1.300000,15,1.5457941,0.57197504,1.4167491,0.91924039,-0.0079115724,0.084571514,-0.050736493,0.11570749,0.37305313,0.045620421,-0.52666755,-0.80962464,-0.2590931,1.8328794,-2.1475288,2.3
15,2600,1.300000,16,1.5457941,0.98701122,0.15949975,0.19708503,0.047118636,-0.00069240254,0.013606205,0.03840833,-0.13083844,-0.041476582,-0.97643875,-0.21529953,0.014611032,1.5561848,-2.9245706,2.3
15,2600,1.300000,17,1.5457941,0.95449566,0.52847624,0.55513391,-0.041964759,-0.048108273,-0.0095439979,-0.1328354,0.19500565,0.17848778,-0.19796976,-0.97983402,-0.027079055,1.5978787,-1.7701567,2.3
15,2600,1.300000,18,1.5457941,1.3269533,0.15518875,0.55279657,0.0062186458,0.0048833932,-0.014668107,-0.078685826,0.18646793,0.15385383,0.93853524,-0.18473921,-0.29158707,1.8666819,-0.19435314,2.3
15,2600,1.300000,19,1.5457941,1.3763246,0.59974132,0.13366675,-0.02209708,-0.001553106,-0.094712675,-0.25637392,0.13904077,-0.21468606,0.1598912,-0.97233945,-0.17026683,1.7418968,-1.4078152,2.3
15,2600,1.300000,20,1.5457941,1.0051151,0.14948852,0.96817529,0.073628395,-0.044379821,0.006458377,-0.099544446,0.028867628,0.061590568,-0.71049882,-0.6914129,-0.13091837,1.7020916,-2.3698079,2.3
15,2600,1.300000,21,1.5457941,1.0311097,0.5457479,1.3976796,0.045389407,-0.065700624,-0.0040334451,0.086353077,-0.22309385,-0.063146423,-0.35681024,-0.85346206,0.37985389,1.181158,-1.9667859,2.3
15,2600,1.300000,22,1.5457941,1.3695526,0.2217286,1.3375715,0.047626026,-0.0096731388,-0.063183846,0.0047692302,-0.23436791,-0.16252867,-0.32804194,-0.93688429,-0.12098064,1.692074,-1.9075971,2.3
15,2600,1.300000,23,1.5457941,1.3762723,0.61367423,1.0171518,0.014608455,0.040535238,0.082675656,-0.0046370695,0.13433518,-0.099219689,-0.85802668,-0.39777168,0.32491216,1.2398775,-2.7074958,2.3
15,2600,1.300000,24,1.5457941,0.92079899,1.1085518,0.20033067,-0.047910771,0.12109514,0.019026815,-0.072232331,0.25062793,-0.050860293,-0.64354505,-0.76354491,0.053375397,1.5173956,-2.2711181,2.3
15,2600,1.300000,25,1.5457941,0.91896149,1.2904318,0.61795169,-0.027486885,-0.062903703,0.05038264,0.064434711,-0.016359909,0.079057525,0.15738552,0.61495259,-0.77269859,2.4538778,1.3202433,2.3
15,2600,1.300000,26,1.5457941,1.2720512,0.9823287,0.4832221,-0.075628745,0.0005278823,-0.098905519,0.081061843,0.024887466,-0.045335886,-0.51563876,-0.69518288,-0.50083673,2.0953615,-2.2089843,2.3
15,2600,1.300000,27,1.5457941,1.3922491,1.3719051,0.16175215,0.028635051,0.030079956,-0.054173206,0.1488765,-0.083446873,0.17150474,-0.86922818,0.25642304,-0.42271693,2.0072375,2.8547285,2.3
15,2600,1.300000,28,1.5457941,0.98212726,0.99022867,1.0298811,-0.012603243,0.022761043,0.079708461,-0.03944382,-0.0973943,-0.028374223,0.59333717,0.65904459,-0.46218094,2.0512493,0.83781607,2.3
15,2600,1.300000,29,1.5457941,1.0178367,1.3457007,1.3202661,0.056816666,0.0017498688,-0.017731564,-0.14207059,-0.12860604,0.27173725,-0.98021723,-0.091657534,-0.17542257,1.7471313,-3.0483564,2.3
15,2600,1.300000,30,1.5457941,1.3915864,0.99425141,1.3592517,-0.00014205514,0.047285053,0.023844877,0.21271825,-0.057658667,-0.052214796,-0.42974767,-0.89406195,0.12637314,1.4440844,-2.0188597,2.3
15,2600,1.300000,31,1.5457941,1.407806,1.3887857,0.98750008,0.080350363,0.015695526,0.046135925,0.14337841,-0.021482866,0.35561423,-0.54168791,0.60570966,-0.58282932,2.1930025,2.3004549,2.3
16,2700,1.350000,0,1.5533639,0.18127627,0.1622263,0.1438774,-0.016372076,-0.012723098,-0.03756879,-0.24001578,-0.16322026,-0.2119711,0.10006178,-0.4544184,-0.88515058,2.6576139,-1.3540577,2.3
16,2700,1.350000,1,1.5533639,0.16391771,0.56134958,0.61925043,-0.024258418,-0.016454509,0.035860046,-0.10130129,-0.26578989,-0.074927965,0.32016337,-0.76363276,0.56067854,0.9755913,-1.1737945,2.3
16,2700,1.350000,2,1.5533639,0.60947697,0.16921667,0.5643699,0.02618836,-0.048525747,-0.012307936,0.215444,-0.065116584,-0.049125392,-0.87779064,-0.33016323,-0.3470963,1.9252695,-2.7818318,2.3
16,2700,1.350000,3,1.5533639,0.5203686,0.55707659,0.18998918,-0.090173675,-0.048628951,-0.025592629,-0.08210152,-0.0082474175,-0.094141744,-0.63717675,-0.57362464,0.5147432,1.0300882,-2.408634,2.3
16,2700,1.350000,4,1.5533639,0.21575352,0.15599884,0.9364371,0.048041193,-0.0096394083,-0.027154118,-0.1481199,0.057380625,0.14220638,0.86872976,0.08016199,0.48875623,1.0601328,0.092014377,2.3
16,2700,1.350000,5,1.5533639,0.17247294,0.61048182,1.3814727,-0.026773709,0.040590428,0.0046234971,-0.1238314,-0.19246646,0.053464873,-0.84435507,-0.09254758,-0.52773048,2.1267228,-3.032421,2.3
16,2700,1.350000,6,1.5533639,0.57629591,0.19604826,1.3620564,-0.037413205,-0.052678743,0.0066101073,0.060425298,0.11707267,0.10027163,-0.26197901,0.27547027,-0.92492331,2.7516301,2.3310974,2.3
16,2700,1.350000,7,1.5533639,0.57135002,0.5984808,0.96792436,0.023957208,0.03898627,0.019776251,-0.060455047,-0.065791962,-0.07655288,0.42951453,0.90011485,0.072873383,1.4978583,1.1255729,2.3
16,2700,1.350000,8,1.5533639,0.22519628,0.9203545,0.27182031,-0.0040027863,-0.055722606,0.098718896,0.017308231,0.090221524,-0.2423871,-0.12946362,-0.98250348,-0.13388832,1.7050879,-1.7018107,2.3
16,2700,1.350000,9,1.5533639,0.15796875,1.317237,0.58892076,-0.059741474,-0.027657311,0.001431723,-0.13711222,0.15755624,-0.19273221,-0.76302095,-0.64501746,-0.041851065,1.6126596,-2.4398061,2.3
16,2700,1.350000,10,1.5533639,0.57753821,0.93673715,0.61204289,-0.017444251,-0.028443987,0.0033824058,0.11003644,0.061434523,0.055913101,-0.46015063,0.88434978,0.078656607,1.4920584,2.0505726,2.3
16,2700,1.350000,11,1.5533639,0.49457795,1.3423866,0.22789535,-0.058739189,-0.011349976,0.028073984,0.05961379,-0.047413145,-0.17891564,-0.81157877,-0.29679411,-0.50324265,2.0981435,-2.7910005,2.3
16,2700,1.350000,12,1.5533639,0.19335648,0.99834557,0.96380826,0.00041415592,0.020364023,-0.021754892,0.12975907,0.081804396,-0.10030184,-0.6092168,-0.40496329,-0.68180615,2.3210251,-2.5549336,2.3
16,2700,1.350000,13,1.5533639,0.20138453,1.370046,1.3453122,0.029707195,-0.0039373867,-0.0013108083,0.034936724,-0.1839044,0.17568845,-0.47782604,-0.86054132,0.17649621,1.3933707,-2.0776706,2.3
16,2700,1.350000,14,1.5533639,0.59279335,1.0125891,1.346609,0.038040351,0.064675428,-0.016229951,0.13586849,0.169225,-0.085253536,-0.18768992,-0.89538142,-0.40381258,1.9864768,-1.7774246,2.3
16,2700,1.350000,15,1.5533639,0.58034151,1.4381205,0.92754589,-0.0023596516,0.098969789,-0.046941821,0.10514075,0.20231465,0.12046294,-0.55777097,-0.77763564,-0.29012819,1.8651571,-2.1930159,2.3
16,2700,1.350000,16,1.5533639,0.99284806,0.1555194,0.19738222,0.048119595,-0.0054422231,0.012939894,0.047458077,-0.053674297,0.0091602887,-0.99097669,-0.083469229,-0.10487174,1.6758613,-3.0575617,2.3
16,2700,1.350000,17,1.5533639,0.9534897,0.54372641,0.56461872,-0.047631086,-0.035476931,-0.0027941812,-0.069408413,0.3496139,0.10707721,0.055494697,-0.99065593,-0.12458397,1.6957049,-1.5148367,2.3
16,2700,1.350000,18,1.5533639,1.3304742,0.16392655,0.56468421,0.0032486023,0.01284179,-0.0055099023,-0.038376962,0.17035556,0.24068076,0.95531591,-0.28845256,-0.064549472,1.6353907,-0.29323995,2.3
16,2700,1.350000,19,1.5533639,1.3690236,0.60924437,0.12765858,-0.036103787,0.0049969839,-0.10135918,-0.254201,0.10822399,-0.041351605,-0.047036532,-0.98665912,-0.15585679,1.7272911,-1.6184328,2.3
16,2700,1.350000,20,1.5533639,1.0091837,0.15168764,0.976163,0.072776966,-0.04291633,0.0096969795,0.090116779,0.045725483,0.04746592,-0.65521975,-0.71491634,-0.24409365,1.8173813,-2.3126522,2.3
16,2700,1.350000,21,1.5533639,1.0372423,0.54065665,1.4014122,0.046469958,-0.073445507,-0.0071377496,-0.098677117,-0.12421874,-0.061920609,-0.2263203,-0.9378113,0.26322821,1.3044294,-1.8075968,2.3
16,2700,1.350000,22,1.5533639,1.3780648,0.20741651,1.3360544,0.049427082,-0.025033519,-0.071231485,0.046129816,-0.36427837,-0.13047901,-0.13652456,-0.98113282,-0.13689203,1.7081196,-1.7090584,2.3
16,2700,1.350000,23,1.5533639,1.3806847,0.62268466,1.0144326,0.012286895,0.04652585,0.074994228,-0.037860064,0.11249018,-0.13244385,-0.88039703,-0.41537568,0.22883206,1.3399186,-2.7007544,2.3
16,2700,1.350000,24,1.5533639,0.91912584,1.1253756,0.19545466,-0.054078048,0.1324625,0.013184045,-0.11020773,0.21270448,-0.15808084,-0.68645859,-0.71943981,0.10574011,1.4648582,-2.3327396,2.3
16,2700,1.350000,25,1.5533639,0.92539818,1.2983933,0.62531089,-0.025555103,-0.061265505,0.054705139,0.076303842,0.030264947,0.096026643,0.32681879,0.70015318,-0.63480312,2.25855,1.1340746,2.3
16,2700,1.350000,26,1.5533639,1.2825033,0.98775557,0.48585921,-0.071416194,0.0011427469,-0.098635432,0.073793337,-0.019402768,0.02907688,-0.51486381,-0.65083633,-0.55796715,2.1627305,-2.2400747,2.3
16,2700,1.350000,27,1.5533639,1.4082411,1.3722012,0.16847566,0.03778684,0.023673373,-0.048256255,0.21371459,-0.15819408,0.11208864,-0.86192093,0.43014397,-0.26845573,1.8425859,2.6787032,2.3
16,2700,1.350000,28,1.5533639,0.98626364,0.99025905,1.0345079,-0.013274738,0.017953979,0.0792929,-0.045709641,-0.091561866,-0.00028953204,0.7445001,0.57034277,-0.34702841,1.9251971,0.65370986,2.3
16,2700,1.350000,29,1.5533639,1.018906,1.3472543,1.3404303,0.052911154,-0.0032742143,-0.0040661142,-0.08732739,-0.07872526,0.26771009,-0.97968787,-0.033509104,-0.19770894,1.7698165,-3.1074021,2.3
16,2700,1.350000,30,1.5533639,1.4076548,0.99711276,1.3653931,0.0090891442,0.045282394,0.023331183,0.13430867,-0.034944036,0.020826723,-0.3922109,-0.91987341,0.0018766436,1.5689197,-1.9738309,2.3
16,2700,1.350000,31,1.5533639,1.4214451,1.3942466,1.0066705,0.087078943,0.014358704,0.060435624,0.11370495,-0.05927652,0.20366214,-0.55618038,0.67736275,-0.48150088,2.0731627,2.2582694,2.3
17,2800,1.400000,0,1.55584,0.16965468,0.15428496,0.13345764,-0.028273156,-0.020916513,-0.048209427,-0.20031324,-0.078071596,-0.13526507,0.13565184,-0.58523754,-0.79943455,2.4971497,-1.3430291,2.3
17,2800,1.400000,1,1.55584,0.158516,0.54977779,0.61739069,-0.029916924,-0.028911205,0.033015455,-0.10117772,-0.27368182,-0.075481312,0.33470947,-0.88064873,0.33530194,1.2288706,-1.2075869,2.3
17,2800,1.400000,2,1.55584,0.62214939,0.16408869,0.56160233,0.037879927,-0.053919174,-0.015972234,0.24465997,-0.13320435,-0.11086372,-0.91870726,-0.30886373,-0.2461304,1.8194821,-2.8172698,2.3
17,2800,1.400000,3,1.55584,0.51768313,0.55722242,0.18385669,-0.093685846,-0.049370537,-0.032022854,-0.059075824,-0.0015228926,-0.14511976,-0.57328465,-0.71626778,0.39787584,1.161596,-2.2457674,2.3
17,2800,1.400000,4,1.55584,0.20537528,0.16193533,0.94686835,0.03732756,-0.0039561204,-0.018222713,-0.27421431,0.22900477,0.20843385,0.87245016,0.083115985,0.48158327,1.0683359,0.094980663,2.3
17,2800,1.400000,5,1.55584,0.16796747,0.60277242,1.3869594,-0.031550305,0.03191479,0.0079053826,-0.04073972,-0.15220879,0.064310657,-0.85510033,-0.31772543,-0.40969986,1.9929213,-2.7858368,2.3
17,2800,1.400000,6,1.55584,0.57923086,0.20390601,1.3707779,-0.035398512,-0.045139511,0.013155192,0.080689435,0.17011045,0.1529326,-0.29569851,0.24052128,-0.9245063,2.7505347,2.458734,2.3
17,2800,1.400000,7,1.55584,0.56857056,0.59283149,0.96546121,0.020269921,0.0323882,0.015773366,-0.11151766,-0.17744407,-0.11865886,0.4898697,0.83236114,0.25923467,1.3085666,1.0388532,2.3
17,2800,1.400000,8,1.55584,0.22844326,0.92702351,0.26297709,-0.0011170881,-0.050524839,0.089449762,0.046444732,0.12462473,-0.1593042,-0.17330826,-0.98456453,-0.024432181,1.5952309,-1.7450366,2.3
17,2800,1.400000,9,1.55584,0.15224411,1.3272319,0.58226744,-0.065713173,-0.019768442,-0.0061543331,-0.13220175,0.13834459,-0.13935421,-0.84337001,-0.5178878,-0.14324542,1.7145362,-2.5908921,2.3
17,2800,1.400000,10,1.55584,0.58350181,0.94208397,0.61627657,-0.012405292,-0.024593445,0.0066378599,0.10913066,0.081789175,0.047311458,-0.30743854,0.94923523,0.066588418,1.5041586,1.8840151,2.3
17,2800,1.400000,11,1.55584,0.49920563,1.3430471,0.22011016,-0.054902951,-0.012828138,0.019931993,0.03427796,-0.014362117,-0.15152632,-0.79777197,-0.35647826,-0.48629532,2.0786413,-2.7213678,2.3
17,2800,1.400000,12,1.55584,0.2006162,1.0023679,0.95838891,0.0073601278,0.022792979,-0.028705074,0.16004931,0.020813995,-0.12526194,-0.6198942,-0.24081157,-0.74682058,2.4140646,-2.7710635,2.3
17,2800,1.400000,13,1.55584,0.20693381,1.3663118,1.3535488,0.03493129,-0.0098508358,0.0047764464,0.18998535,-0.090961198,0.1090374,-0.4456205,-0.89394893,0.04772506,1.5230531,-2.0332315,2.3
17,2800,1.400000,14,1.55584,0.59890791,1.0237581,1.3454905,0.043205849,0.074222743,-0.019492473,0.10786896,0.17352011,-0.10841745,-0.3417837,-0.85857101,-0.38215145,1.9629197,-1.9496502,2.3
17,2800,1.400000,15,1.55584,0.58621413,1.4486631,0.93598414,0.0025839302,0.10721337,-0.039987671,0.091447082,0.11639258,0.16106812,-0.52077841,-0.78373332,-0.3384552,1.9160711,-2.1572865,2.3
17,2800,1.400000,16,1.55584,0.99361764,0.15325921,0.19839717,0.047307158,-0.0079483276,0.013639644,-0.10680941,-0.063007696,0.063948206,-0.97859095,-0.031379363,-0.20340868,1.7756345,-3.1095378,2.3
17,2800,1.400000,17,1.55584,0.9523801,0.56321526,0.57164104,-0.050258514,-0.016869633,0.0033232286,0.022232913,0.36953482,0.11717899,0.30235854,-0.92785075,-0.21833986,1.7909093,-1.2557779,2.3
17,2800,1.400000,18,1.55584,1.3321705,0.17369391,0.57647667,0.0028243924,0.022340275,0.0053737451,0.026700798,0.16106793,0.22411869,0.93695624,-0.3471666,0.039854162,1.5309316,-0.35484246,2.3
17,2800,1.400000,19,1.55584,1.3615119,0.6141947,0.12669548,-0.045790124,0.008972981,-0.10252484,-0.2031318,0.065683705,0.0010748676,-0.27645657,-0.96102638,0.0002366648,1.5705597,-1.8509013,2.3
17,2800,1.400000,20,1.55584,1.016798,0.15388519,0.980395,0.078777815,-0.040962136,0.012370788,0.16448602,0.011945982,-0.0079252643,-0.6418981,-0.63226631,-0.43382732,2.0195327,-2.3637536,2.3
17,2800,1.400000,21,1.55584,1.0292646,0.53437021,1.3974753,0.036846504,-0.080588098,-0.013303732,-0.28169875,-0.15926939,-0.1560902,-0.14828716,-0.97305982,0.17653752,1.3933287,-1.7220254,2.3
17,2800,1.400000,22,1.55584,1.3810781,0.18813516,1.3330921,0.050243009,-0.044629894,-0.076319453,-0.0059068159,-0.41224487,-0.071297611,0.0004542613,-0.98267173,-0.18535387,1.7572283,-1.5703341,2.3
17,2800,1.400000,23,1.55584,1.3811057,0.62997381,1.0101445,0.010508365,0.052817388,0.069093759,-0.029492181,0.12870349,-0.079908404,-0.89800645,-0.42384656,0.11806144,1.4524589,-2.7006063,2.3
17,2800,1.400000,24,1.55584,0.91783003,1.1372306,0.18789668,-0.056836809,0.14251557,0.0053207644,-0.026779263,0.16928221,-0.16600887,-0.79029322,-0.60837304,0.072930588,1.4978009,-2.4855353,2.3
17,2800,1.400000,25,1.55584,0.93122024,1.3016707,0.62915291,-0.021211643,-0.060058781,0.057548113,0.12305137,0.027833107,-0.0014410943,0.44671866,0.75435225,-0.48103547,2.0726318,1.0361404,2.3
17,2800,1.400000,26,1.55584,1.290542,0.98811623,0.48848991,-0.065426674,-7.016504e-05,-0.096780702,0.15658611,-0.0022395763,0.052832449,-0.49259111,-0.61265075,-0.61807205,2.2370842,-2.2479913,2.3
17,2800,1.400000,27,1.55584,1.4202704,1.3653191,0.17461014,0.047563471,0.01461119,-0.042395009,0.17233056,-0.20283797,0.1290971,-0.84958149,0.49201824,-0.19007719,1.7620371,2.61666,2.3
17,2800,1.400000,28,1.55584,0.98335951,0.98574623,1.0362407,-0.017747478,0.011867471,0.079376599,-0.13305632,-0.1405065,0.044482867,0.83389195,0.4919343,-0.25024959,1.8237344,0.532979,2.3
17,2800,1.400000,29,1.55584,1.0172642,1.3472235,1.3553885,0.049647686,-0.005450841,0.0087450913,-0.054518377,0.047777575,0.20635421,-0.99160409,-0.059215576,-0.11495586,1.6860069,-3.0819465,2.3
17,2800,1.400000,30,1.55584,1.4140913,0.9949475,1.3695124,0.013278416,0.041530666,0.025272467,0.028988278,-0.085594635,0.044548002,-0.37714402,-0.91900969,-0.11481977,1.6858699,-1.9602196,2.3
17,2800,1.400000,31,1.55584,1.4265725,1.3953427,1.0164057,0.089938265,0.013233231,0.068559604,0.004633234,-0.011639478,0.10914625,-0.5260676,0.75486627,-0.39170116,1.9732761,2.1794399,2.3
18,2900,1.450000,0,1.556845,0.15869071,0.15724098,0.12957925,-0.039343139,-0.018061073,-0.052172741,-0.22795507,0.11079791,-0.046445915,0.23824919,-0.60536355,-0.75945526,2.4332717,-1.1958507,2.3
18,2900,1.450000,1,1.556845,0.15020762,0.53716963,0.61463083,-0.038324974,-0.041870294,0.029857816,-0.18459102,-0.21983171,-0.063812434,0.37868643,-0.91289348,0.15238793,1.4178124,-1.1775798,2.3
18,2900,1.450000,2,1.556845,0.63371998,0.15698394,0.55736908,0.04904505,-0.061127592,-0.020566757,0.26040285,-0.13070708,-0.11846288,-0.93568668,-0.33108929,-0.12194389,1.6930445,-2.8014954,2.3
18,2900,1.450000,3,1.556845,0.51476396,0.5543092,0.17861394,-0.096938349,-0.052642635,-0.037382637,-0.016229595,-0.086014476,-0.070912638,-0.51272695,-0.82128524,0.25020317,1.3179062,-2.1288909,2.3
18,2900,1.450000,4,1.556845,0.18853178,0.17397895,0.95776228,0.020356886,0.0079790484,-0.0079437155,-0.35672773,0.24426316,0.20787599,0.81160329,0.055744303,0.58154335,0.95017178,0.068576474,2.3
18,2900,1.450000,5,1.556845,0.16871042,0.595582,1.3897804,-0.030916062,0.024337467,0.0098299062,0.045916363,-0.16760739,0.0091806467,-0.77877106,-0.55401536,-0.29424924,1.8694662,-2.5232586,2.3
18,2900,1.450000,6,1.556845,0.58441827,0.21096277,1.3798908,-0.030586797,-0.038216689,0.021379992,0.12802396,0.12960414,0.15004421,-0.32174623,0.18705451,-0.92816484,2.7602475,2.6149822,2.3
18,2900,1.450000,7,1.556845,0.56461571,0.5811924,0.96359465,0.015949201,0.020370058,0.013283979,-0.04463351,-0.27537877,-0.045323492,0.53823283,0.77015578,0.34229445,1.2214385,0.96083433,2.3
18,2900,1.450000,8,1.556845,0.22777058,0.93265108,0.25637079,-0.0019370581,-0.04549769,0.082675783,-0.10168285,0.090091932,-0.15019595,-0.31324335,-0.94684097,0.07328555,1.497445,-1.8902921,2.3
18,2900,1.450000,9,1.556845,0.15066035,1.3351293,0.57480731,-0.067394726,-0.012730556,-0.013988039,0.0095712119,0.15501071,-0.12415172,-0.85605334,-0.44763534,-0.25844783,1.8322114,-2.6597887,2.3
18,2900,1.450000,10,1.556845,0.58655068,0.94638524,0.61717912,-0.0097341887,-0.020901895,0.0071421789,0.0013042279,0.019615887,-0.032409898,-0.055243958,0.99839075,0.012806665,1.5579893,1.626073,2.3
18,2900,1.450000,11,1.556845,0.50306153,1.3436147,0.21383628,-0.051370639,-0.013127926,0.013518007,0.065575304,0.040657702,-0.098878229,-0.74262239,-0.42685064,-0.51605283,2.1130327,-2.6199175,2.3
18,2900,1.450000,12,1.556845,0.21109886,1.0052029,0.95247234,0.017709864,0.024979864,-0.035238588,0.23711049,0.055790637,-0.090728403,-0.63829686,-0.050592927,-0.76812595,2.4467055,-3.0624956,2.3
18,2900,1.450000,13,1.556845,0.21843361,1.3628871,1.3575188,0.046293757,-0.014156627,0.0078711145,0.23434114,-0.083978153,0.027399668,-0.32679301,-0.94292299,-0.064051221,1.6348914,-1.9044162,2.3
18,2900,1.450000,14,1.556845,0.6036669,1.0337375,1.3400173,0.04757657,0.083537862,-0.025832738,0.031912498,0.21759692,-0.090448681,-0.47133169,-0.81036159,-0.34808121,1.9263199,-2.0975999,2.3
18,2900,1.450000,15,1.556845,0.59186388,1.4541237,0.9458992,0.0078533263,0.11173681,-0.030680196,0.12766454,0.051476245,0.15341434,-0.4348877,-0.80406697,-0.4053998,1.9882125,-2.0665952,2.3
18,2900,1.450000,16,1.556845,0.99034119,0.15137681,0.20075165,0.043390164,-0.0099290805,0.015865249,-0.079087053,-0.068082809,0.053605893,-0.96306311,-0.12566129,-0.23815686,1.811264,-3.0118448,2.3
18,2900,1.450000,17,1.556845,0.95555331,0.58034247,0.57967771,-0.047701295,-0.00011162938,0.010988184,0.06195679,0.30489524,0.18990394,0.46449123,-0.84673115,-0.25941137,1.833209,-1.0690517,2.3
18,2900,1.450000,18,1.556845,1.3357632,0.18206865,0.58682936,0.0055557614,0.030600156,0.015350845,0.085707753,0.17110321,0.20710907,0.92380664,-0.38270422,0.010898516,1.5598976,-0.39274618,2.3
18,2900,1.450000,19,1.556845,1.351202,0.61656329,0.13145504,-0.056975795,0.010944205,-0.097848633,-0.22153081,0.0099371049,0.16823751,-0.43141205,-0.88891798,0.15397554,1.4162058,-2.0226333,2.3
18,2900,1.450000,20,1.556845,1.0256194,0.15907996,0.98232019,0.086939729,-0.035868413,0.0136623,0.17787826,0.13650332,0.029096399,-0.6093739,-0.47168836,-0.63731746,2.2618085,-2.4828738,2.3
18,2900,1.450000,21,1.556845,1.0147517,0.52670717,1.393004,0.021673624,-0.088593717,-0.018675959,-0.32501983,-0.16096884,-0.11377195,-0.099042162,-0.99385938,0.049337444,1.5214388,-1.6701225,2.3
18,2900,1.450000,22,1.556845,1.3810921,0.17118091,1.3326262,0.049365175,-0.06170016,-0.077646023,-0.024669664,-0.29333614,0.027228265,0.099029871,-0.98058908,-0.16922808,1.7408427,-1.4701474,2.3
18,2900,1.450000,23,1.556845,1.3778734,0.63685176,1.0058841,0.0063853054,0.059286335,0.064182412,-0.11595121,0.1475109,-0.11571729,-0.89341385,-0.44780573,-0.035801044,1.606605,-2.6769616,2.3
18,2900,1.450000,24,1.556845,0.92075984,1.1421905,0.18161248,-0.054500608,0.14673961,-0.0010827402,0.078243242,0.014162647,-0.070169562,-0.87081815,-0.4838351,-0.087059373,1.6579661,-2.6344527,2.3
18,2900,1.450000,25,1.556845,0.93775507,1.3048371,0.62832878,-0.015280239,-0.057733924,0.056317996,0.13724519,0.046035556,-0.041401439,0.51991139,0.76878502,-0.37237311,1.952361,0.9761701,2.3
18,2900,1.450000,26,1.556845,1.2981626,0.99081645,0.49042289,-0.058641894,0.0019911338,-0.095163775,0.10557515,0.069097801,-0.01732628,-0.42181301,-0.62643348,-0.65548065,2.2856152,-2.163416,2.3
18,2900,1.450000,27,1.556845,1.4281889,1.3560474,0.17820182,0.054562367,0.0044607929,-0.038917234,0.093449639,-0.16256966,0.0097407969,-0.90508623,0.4073076,-0.12214511,1.6932472,2.7187215,2.3
18,2900,1.450000,28,1.556845,0.97915823,0.9778762,1.0393524,-0.022582377,0.0033634572,0.081818138,-0.080197832,-0.21253678,0.016310198,0.89723318,0.42151488,-0.1315212,1.7026997,0.43919225,2.3
18,2900,1.450000,29,1.556845,1.0152051,1.3525518,1.3627203,0.046932396,-0.00099421559,0.015199376,-0.063235164,0.11821901,0.086292675,-0.97269154,-0.22485573,0.057541847,1.5132227,-2.9144147,2.3
18,2900,1.450000,30,1.556845,1.4177701,0.98948205,1.370372,0.01604295,0.035424521,0.025247481,0.057199899,-0.12027777,-0.011256526,-0.352205,-0.87617267,-0.32904875,1.9060924,-1.9530095,2.3
18,2900,1.450000,31,1.556845,1.4244882,1.3905535,1.0167621,0.086933493,0.0075445717,0.068259624,-0.11425509,-0.15993508,-0.071737501,-0.49066063,0.78403844,-0.38017873,1.9607859,2.1299793,2.3
19,3000,1.500000,0,1.5624652,0.14801629,0.16813843,0.13245403,-0.050570209,-0.0077498387,-0.049770074,-0.23289536,0.26272485,0.1171341,0.36497223,-0.59764499,-0.71387375,2.3658108,-1.022558,2.3
19,3000,1.500000,1,1.5624652,0.1423276,0.52843858,0.61284131,-0.046732098,-0.052521342,0.025856688,-0.13796083,-0.15829691,-0.068764551,0.45138352,-0.89149066,0.038695267,1.5320914,-1.102102,2.3
19,3000,1.500000,2,1.5624652,0.64787124,0.15217747,0.55267613,0.060887239,-0.066491108,-0.027259751,0.23019681,-0.064301554,-0.14259702,-0.93322012,-0.35892307,0.016566103,1.5542295,-2.774426,2.3
19,3000,1.500000,3,1.5624652,0.51903504,0.55165211,0.17656377,-0.094529909,-0.057292404,-0.040072755,0.053118204,-0.1082364,-0.033166643,-0.4745145,-0.86757049,0.14885376,1.4213873,-2.0712921,2.3
19,3000,1.500000,4,1.5624652,0.17053292,0.1874092,0.97293148,0.0017110221,0.020758212,0.0037468925,-0.35620073,0.28296553,0.20571022,0.67557177,0.048225607,0.73571535,0.74407406,0.071263991,2.3
19,3000,1.500000,5,1.5624652,0.17285281,0.58924689,1.3951294,-0.027389066,0.015867562,0.010161138,0.086681619,-0.18024459,-0.029309691,-0.65033933,-0.75238269,-0.10478095,1.67577,-2.2835757,2.3
19,3000,1.500000,6,1.5624652,0.59375469,0.21810263,1.3933794,-0.023373121,-0.031849878,0.029871904,0.15878659,0.12056107,0.19191395,-0.30459595,0.10663989,-0.94649313,2.8129866,2.8048263,2.3
19,3000,1.500000,7,1.5624652,0.56626643,0.57099045,0.96638224,0.015562358,0.008092124,0.012594239,0.017863461,-0.19889387,-0.0032507854,0.51446472,0.81001321,0.28143322,1.285509,1.0049447,2.3
19,3000,1.500000,8,1.5624652,0.21925633,0.9393515,0.24943126,-0.011256769,-0.04217014,0.074824898,-0.24055782,0.05527796,-0.12812718,-0.43206389,-0.89320767,0.12450239,1.44597,-2.0213367,2.3
19,3000,1.500000,9,1.5624652,0.15441285,1.3491939,0.57349618,-0.064191887,-0.003502376,-0.01736814,0.077881486,0.18823536,-0.056310624,-0.84512785,-0.39576784,-0.35934209,1.9383591,-2.7036305,2.3
19,3000,1.500000,10,1.5624652,0.58792709,0.95237605,0.61923896,-0.010473892,-0.018332167,0.0069743062,-0.039114201,0.012139205,0.041351563,0.24912475,0.96322256,-0.1006934,1.6716607,1.3177056,2.3
19,3000,1.500000,11,1.5624652,0.50731755,1.3503843,0.21238125,-0.048935067,-0.011212256,0.011295031,0.033395901,0.052799935,0.0087293225,-0.65965982,-0.51234384,-0.54986608,2.1530002,-2.4812346,2.3
19,3000,1.500000,12,1.5624652,0.22472107,1.0125072,0.95237377,0.030546874,0.028648773,-0.038769229,0.28882106,0.060914376,-0.040379838,-0.67017708,0.036407263,-0.74130776,2.4058131,3.0873212,2.3
19,3000,1.500000,13,1.5624652,0.23123469,1.3614568,1.359214,0.058284687,-0.020495561,0.0046714591,0.22401169,-0.18140463,-0.10856891,-0.22975875,-0.96923535,-0.088282281,1.6591937,-1.8035516,2.3
19,3000,1.500000,14,1.5624652,0.60640985,1.0480266,1.3394436,0.048139271,0.094076187,-0.031234147,-0.026421813,0.20770597,-0.12685946,-0.54173876,-0.76605385,-0.34594886,1.9240462,-2.1863255,2.3
19,3000,1.500000,15,1.5624652,0.60180007,1.460655,0.95659161,0.015638859,0.11301647,-0.023415581,0.16656345,0.00040432731,0.11508118,-0.2694522,-0.84484284,-0.46220784,2.0512797,-1.8795353,2.3
19,3000,1.500000,16,1.5624652,0.98949918,0.14818701,0.20494981,0.038980964,-0.01365863,0.019332455,-0.12747734,-0.072219293,0.072495202,-0.93771812,-0.3020118,-0.17167876,1.7433298,-2.8300122,2.3
19,3000,1.500000,17,1.5624652,0.96595962,0.59841903,0.5918037,-0.040757055,0.015841144,0.021003491,0.20271564,0.30554687,0.18184908,0.58270972,-0.7653087,-0.27340808,1.8477307,-0.92003601,2.3
19,3000,1.500000,18,1.5624652,1.3454745,0.19102874,0.59810864,0.010436183,0.038888041,0.024495196,0.097541399,0.174825,0.17989862,0.89695139,-0.42904097,-0.10678036,1.6777806,-0.44616382,2.3
19,3000,1.500000,19,1.5624652,1.3462972,0.6189602,0.14034516,-0.066740902,0.011115008,-0.089448204,-0.15262893,-0.035275676,0.15222259,-0.51124774,-0.80376073,0.30429335,1.2615998,-2.1373162,2.3
19,3000,1.500000,20,1.5624652,1.034179,0.16931079,0.98576164,0.091788104,-0.026229223,0.013557756,0.03628309,0.22201969,-0.051107951,-0.53434092,-0.2732199,-0.79989416,2.4979152,-2.6689291,2.3
19,3000,1.500000,21,1.5624652,0.99992717,0.52066765,1.3908746,0.0032191045,-0.096520375,-0.025821246,-0.37917354,-0.15785705,-0.17196002,-0.034952812,-0.99478507,-0.095817375,1.6667609,-1.6059179,2.3
19,3000,1.500000,22,1.5624652,1.3837518,0.15902244,1.3429042,0.047043366,-0.074453617,-0.072188612,-0.045447327,-0.23087775,0.19728009,0.12443363,-0.99083165,-0.052620517,1.6234412,-1.4458653,2.3
19,3000,1.500000,23,1.5624652,1.3754237,0.6435095,1.0039652,-0.0010251553,0.063637199,0.058642238,-0.14454244,0.064165581,-0.12185825,-0.8305811,-0.49424156,-0.25663264,1.8303329,-2.604817,2.3
19,3000,1.500000,24,1.5624652,0.92557388,1.1421958,0.18434733,-0.053013195,0.14262899,0.00099274954,0.045950931,-0.14995312,0.125984,-0.88169865,-0.37959423,-0.28020657,1.8548056,-2.7350507,2.3
19,3000,1.500000,25,1.5624652,0.95170982,1.3100987,0.62753724,-0.00472979,-0.057183793,0.053263685,0.25053642,0.021344142,-0.068009962,0.57351789,0.70725689,-0.4133581,1.9969352,0.8894415,2.3
19,3000,1.500000,26,1.5624652,1.3091109,0.99934616,0.4901831,-0.052391197,0.0069350858,-0.097170378,0.16815485,0.10278364,-0.047712305,-0.3169086,-0.67018198,-0.67113714,2.306538,-2.0125049,2.3
19,3000,1.500000,27,1.5624652,1.4360169,1.3552848,0.17558495,0.057229805,-0.0011869647,-0.042171547,0.010861412,-0.090754621,-0.079695095,-0.98027009,0.18843295,-0.059695639,1.6305275,2.9516836,2.3
19,3000,1.500000,28,1.5624652,0.97877854,0.9700966,1.0447965,-0.026489791,-0.007925936,0.083507109,-0.10681242,-0.24702294,0.053403198,0.93149207,0.36246582,-0.030676623,1.6014778,0.3710954,2.3
19,3000,1.500000,29,1.5624652,1.0168724,1.3653145,1.367445,0.044938383,0.0068716267,0.015004948,-0.021960645,0.18702363,-0.072551217,-0.87907617,-0.40483104,0.25166828,1.3163927,-2.7100259,2.3
19,3000,1.500000,30,1.5624652,1.4247458,0.98436512,1.3748177,0.017897148,0.026751182,0.024746954,0.024242975,-0.19631618,0.014029183,-0.27977296,-0.80563537,-0.52218649,2.1202091,-1.905037,2.3
19,3000,1.500000,31,1.5624652,1.4233964,1.3837178,1.0116423,0.080710427,-0.0042896996,0.05948508,-0.15811472,-0.25993526,-0.28261829,-0.46234293,0.72602341,-0.50904718,2.1048738,2.1378471,2.3
20,3100,1.550000,0,1.5625774,0.13661124,0.18362348,0.13611942,-0.061985477,0.0077225787,-0.046114327,-0.21734205,0.36208497,0.046208051,0.45255319,-0.62655058,-0.6345313,2.2581983,-0.94526467,2.3
20,3100,1.550000,1,1.5625774,0.13771882,0.52161481,0.60855612,-0.051350932,-0.05938281,0.021527644,-0.091464321,-0.1045439,-0.1028975,0.57259366,-0.81982953,-0.004005179,1.5748015,-0.96112473,2.3
20,3100,1.550000,2,1.5625774,0.65937819,0.15020322,0.54710803,0.072347256,-0.06847621,-0.032867333,0.21798242,-0.0039403656,-0.10214578,-0.91621455,-0.38077216,0.1247536,1.4457168,-2.7477169,2.3
20,3100,1.550000,3,1.5625774,0.52213522,0.54820507,0.17636463,-0.091467113,-0.060778926,-0.040284566,0.077599189,-0.046833079,0.0081778537,-0.49928949,-0.86142826,0.093012708,1.477649,-2.0960857,2.3
20,3100,1.550000,4,1.5625774,0.15403725,0.20001045,0.98307223,-0.014796307,0.033345546,0.013817423,-0.25509267,0.244578,0.17750108,0.54919085,0.032663378,0.83505839,0.58255742,0.059405479,2.3
20,3100,1.550000,5,1.5625774,0.175497,0.58332083,1.3939465,-0.024757387,0.0098994126,0.0088781731,0.037421404,-0.12937685,0.0012126012,-0.50734525,-0.85369907,0.11746788,1.4530566,-2.1070071,2.3
20,3100,1.550000,6,1.5625774,0.60091195,0.22294324,1.401702,-0.016258751,-0.027025099,0.038094227,0.14149495,0.061472125,0.16780026,-0.28267862,0.073199347,-0.95641761,2.8452729,2.8882093,2.3
20,3100,1.550000,7,1.5625774,0.56762061,0.56296622,0.96481736,0.016875828,2.7184029e-05,0.010960024,0.042728326,-0.17672368,-0.068730793,0.46733023,0.87867674,0.097619873,1.4730207,1.0819892,2.3
20,3100,1.550000,8,1.5625774,0.20572384,0.93887167,0.24102387,-0.024804515,-0.042717402,0.066399898,-0.29577571,-0.026532946,-0.21209412,-0.51673993,-0.84418965,0.14256111,1.4277479,-2.1200753,2.3
20,3100,1.550000,9,1.5625774,0.16002578,1.3555656,0.57263126,-0.058590239,0.0027722073,-0.018274204,0.1267381,0.093310766,-0.0082428864,-0.76448145,-0.44127778,-0.46993834,2.0600173,-2.6180879,2.3
20,3100,1.550000,10,1.5625774,0.58546599,0.95467642,0.62255332,-0.012977121,-0.016100266,0.010244081,-0.073086358,0.060138891,0.067373464,0.54645634,0.79871646,-0.25186798,1.8254063,0.970775,2.3
20,3100,1.550000,11,1.5625774,0.50895771,1.3558285,0.21414015,-0.047331393,-0.0058651956,0.013038623,-0.0058405873,0.14623924,0.073667814,-0.57952047,-0.58504244,-0.5673459,2.1740756,-2.3514529,2.3
20,3100,1.550000,12,1.5625774,0.23892972,1.0149684,0.94985782,0.044738877,0.031037102,-0.041353465,0.28598858,0.032424804,-0.0610573,-0.73399728,0.022438765,-0.67878163,2.3168985,3.1110315,2.3
20,3100,1.550000,13,1.5625774,0.2408905,1.3526333,1.3524807,0.06792355,-0.029416552,-0.0021592114,0.1453646,-0.18351035,-0.13884881,-0.18225864,-0.97994949,-0.080503315,1.6513869,-1.754683,2.3
20,3100,1.550000,14,1.5625774,0.60505703,1.0563899,1.3361693,0.046742959,0.10236394,-0.034604485,-0.0035627056,0.096358361,-0.039671215,-0.50548988,-0.78371682,-0.36092648,1.9400575,-2.1436418,2.3
20,3100,1.550000,15,1.5625774,0.60924547,1.4585343,0.96252867,0.023040778,0.11079088,-0.017547417,0.12274117,-0.034287693,0.095522467,-0.03486508,-0.84980861,-0.52593702,2.1246128,-1.6118003,2.3
20,3100,1.550000,16,1.5625774,0.98505832,0.14367579,0.20849339,0.034469213,-0.018180331,0.02286119,-0.055978586,-0.10979888,0.045952357,-0.91017383,-0.38690367,-0.14794978,1.7192912,-2.7396478,2.3
20,3100,1.550000,17,1.5625774,0.97648119,0.61251941,0.60246527,-0.030305215,0.029898049,0.031622183,0.20416396,0.22809241,0.21867666,0.59618099,-0.71563403,-0.3639178,1.943267,-0.87620709,2.3
20,3100,1.550000,18,1.5625774,1.3503526,0.20119994,0.60603083,0.015217474,0.049045167,0.032374161,0.12316804,0.22523791,0.1083449,0.84554994,-0.45432662,-0.28041508,1.8550228,-0.49305208,2.3
20,3100,1.550000,19,1.5625774,1.3384654,0.61548827,0.14757796,-0.074669045,0.0075987621,-0.08222574,-0.1448357,-0.050169586,0.11046325,-0.57747285,-0.69615349,0.426492,1.1301855,-2.2632796,2.3
20,3100,1.550000,20,1.5625774,1.035296,0.18033992,0.98414568,0.092830844,-0.015212652,0.011871068,0.012098959,0.19550813,-0.047426464,-0.47866308,-0.074150896,-0.87486188,2.6359469,-2.9879018,2.3
20,3100,1.550000,21,1.5625774,0.98243484,0.51318455,1.3828382,-0.014344392,-0.10404059,-0.033957155,-0.37930039,-0.15321536,-0.13492061,0.04462423,-0.97803855,-0.20359096,1.7758206,-1.5252017,2.3
20,3100,1.550000,22,1.5625774,1.383246,0.14950665,1.3548094,0.046438205,-0.083980481,-0.060380283,0.04918878,-0.15008338,0.28078803,0.033181438,-0.9992558,0.019668397,1.5511267,-1.5376024,2.3
20,3100,1.550000,23,1.5625774,1.3678689,0.64670816,0.99733857,-0.0086784607,0.066789535,0.051943791,-0.12176758,0.044115015,-0.14377644,-0.67019645,-0.55100255,-0.4972252,2.091194,-2.4534903,2.3
20,3100,1.550000,24,1.5625774,0.9285919,1.131461,0.19518038,-0.050061737,0.13181251,0.011812174,0.099264789,-0.22999667,0.23586616,-0.81896233,-0.36984212,-0.43876818,2.0250237,-2.7174103,2.3
20,3100,1.550000,25,1.5625774,0.9632504,1.3155358,0.62426618,0.0067420352,-0.051840967,0.049947685,0.143944,0.1861875,-0.036274288,0.57490798,0.63217532,-0.51945663,2.1170113,0.83280536,2.3
20,3100,1.550000,26,1.5625774,1.3169815,1.0015772,0.48415424,-0.044614871,0.0090942483,-0.10323422,0.1536288,0.002768808,-0.10895737,-0.246004,-0.71773293,-0.65141498,2.2802442,-1.9009991,2.3
20,3100,1.550000,27,1.5625774,1.4336943,1.351185,0.17063796,0.054804171,-0.0053838717,-0.047130968,-0.06237116,-0.11582829,-0.094797227,-0.99607818,-0.088342669,0.0048824959,1.5659138,-3.0531336,2.3
20,3100,1.550000,28,1.5625774,0.97302701,0.96053668,1.0465824,-0.032311396,-0.01755517,0.08521795,-0.16577535,-0.14765735,-0.00084323572,0.96124868,0.26855656,0.062276383,1.5084796,0.27243649,2.3
20,3100,1.550000,29,1.5625774,1.0177611,1.372828,1.3612353,0.045754057,0.014286791,0.008697325,0.022495019,0.15612467,-0.10496066,-0.76679889,-0.5155917,0.38234103,1.1784678,-2.5496348,2.3
20,3100,1.550000,30,1.5625774,1.4254195,0.97648923,1.3749355,0.018468492,0.018804893,0.024766103,-0.0086760441,-0.1140351,0.0001695544,-0.18699617,-0.75591659,-0.62739345,2.2489977,-1.8133045,2.3
20,3100,1.550000,31,1.5625774,1.4161584,1.3688951,0.99761185,0.073370547,-0.019211298,0.045382504,-0.11532642,-0.32490272,-0.24670274,-0.37201923,0.69558268,-0.61462707,2.2327094,2.061919,2.3
21,3200,1.600000,0,1.5691547,0.12860818,0.20123667,0.14075283,-0.070545588,0.024527568,-0.04206238,-0.08347284,0.29940297,0.089733388,0.46623307,-0.68580348,-0.55883836,2.1637807,-0.97373265,2.3
21,3200,1.600000,1,1.5691547,0.13395789,0.52165742,0.60683618,-0.055682458,-0.061531285,0.017255122,-0.031337482,0.063349032,-0.066554287,0.73741617,-0.67475412,0.030401838,1.5403898,-0.74105438,2.3
21,3200,1.600000,2,1.5691547,0.66997926,0.15160085,0.54627043,0.080156442,-0.067712426,-0.036001259,0.068318648,0.056163258,0.0011871836,-0.8935602,-0.40104459,0.20177564,1.3676258,-2.7197233,2.3
21,3200,1.600000,3,1.5691547,0.52721637,0.54809507,0.17695815,-0.088589797,-0.063191389,-0.040433094,0.032627383,-0.044775364,0.029741581,-0.64176796,-0.7615337,0.090555591,1.4801165,-2.2710551,2.3
21,3200,1.600000,4,1.5691547,0.14258055,0.21230617,0.99625156,-0.026876016,0.044775373,0.022839813,-0.2564182,0.19236895,0.1656441,0.4438891,0.054196312,0.8944413,0.46361607,0.12149295,2.3
21,3200,1.600000,5,1.5691547,0.17849814,0.57961181,1.3990347,-0.022499697,0.0037479717,0.0081005125,0.066090357,-0.08713108,-0.059619279,-0.44927124,-0.82689202,0.338238,1.2257524,-2.0685005,2.3
21,3200,1.600000,6,1.5691547,0.61075688,0.22546391,1.413397,-0.0089585418,-0.025446169,0.043876887,0.1051193,0.016053558,0.080858521,-0.23114885,0.088716069,-0.96886514,2.8914016,2.775125,2.3
21,3200,1.600000,7,1.5691547,0.57082144,0.55518709,0.96679521,0.017685708,-0.010100338,0.0088810923,-0.012356336,-0.1966979,-0.012468154,0.39460329,0.90341517,-0.16771782,1.7393106,1.1589814,2.3
21,3200,1.600000,8,1.5691547,0.19066443,0.9396218,0.23066078,-0.040696489,-0.045912498,0.055046127,-0.32118245,-0.060110763,-0.23593563,-0.57891214,-0.81275339,0.065518406,1.505231,-2.1897198,2.3
21,3200,1.600000,9,1.5691547,0.16522866,1.3665365,0.5781644,-0.054070441,0.0080261152,-0.015157951,0.060078103,0.095924265,0.072692448,-0.58820866,-0.59286699,-0.55001754,2.1531816,-2.3522504,2.3
21,3200,1.600000,10,1.5691547,0.58383068,0.96106945,0.62630346,-0.017068208,-0.013730677,0.011371374,-0.026059172,0.0097504974,-0.042476094,0.79647548,0.50858152,-0.32706521,1.9039926,0.56827681,2.3
21,3200,1.600000,11,1.5691547,0.51256051,1.3684492,0.21895008,-0.045873975,0.0010340241,0.016938998,0.1006424,0.090363183,0.089372512,-0.51066399,-0.66449251,-0.54559324,2.1478932,-2.2260341,2.3
21,3200,1.600000,12,1.5691547,0.2546227,1.0215082,0.95078257,0.059395368,0.033299921,-0.044420459,0.25547026,0.03263178,-0.054621695,-0.8028544,-0.030942432,-0.59537163,2.2085244,-3.1030712,2.3
21,3200,1.600000,13,1.5691547,0.24931081,1.3496738,1.3491846,0.075314372,-0.038051428,-0.011129412,0.12973471,-0.1319835,-0.202146,-0.19494631,-0.97706131,-0.085715417,1.6566171,-1.7677333,2.3
21,3200,1.600000,14,1.5691547,0.60728962,1.0652193,1.3378522,0.046429369,0.10673756,-0.038537612,0.034288758,0.044420333,-0.061594565,-0.41931745,-0.80357251,-0.42242644,2.006917,-2.0517445,2.3
21,3200,1.600000,15,1.5691547,0.61661682,1.4624803,0.97078588,0.027837592,0.10860218,-0.013350539,0.098423238,-0.053573798,0.069040254,0.21013183,-0.82649963,-0.522248,2.1202812,-1.3218282,2.3
21,3200,1.600000,16,1.5691547,0.98917172,0.14064711,0.21037642,0.034436335,-0.021806163,0.023864518,0.045746632,-0.01648372,-0.045062822,-0.86891191,-0.43537516,-0.2354582,1.8084863,-2.6770991,2.3
21,3200,1.600000,17,1.5691547,0.99073446,0.62781399,0.6137347,-0.020183449,0.04258774,0.040337387,0.21146219,0.25084941,0.15304676,0.57439656,-0.67816411,-0.45843433,2.047029,-0.86805374,2.3
21,3200,1.600000,18,1.5691547,1.3626629,0.21468889,0.61607366,0.021829929,0.061660722,0.039850355,0.10393391,0.30277142,0.15726518,0.7647029,-0.43550063,-0.47494071,2.065693,-0.51769336,2.3
21,3200,1.600000,19,1.5691547,1.3379686,0.61228146,0.15494705,-0.08078692,0.0018133652,-0.075491986,-0.11944366,-0.19003321,0.16239936,-0.64664415,-0.58960364,0.48396167,1.0656201,-2.4023018,2.3
21,3200,1.600000,20,1.5691547,1.0392204,0.1897759,0.98562501,0.092398347,-0.0065539475,0.0092134794,-0.066283889,0.17588199,-0.045435461,-0.46870333,0.096655537,-0.87805176,2.6425722,2.9382245,2.3
21,3200,1.600000,21,1.5691547,0.96664644,0.50965096,1.3820749,-0.034226349,-0.10972236,-0.040527413,-0.38988701,-0.080638637,-0.13411785,0.1109954,-0.96033562,-0.25580366,1.8294753,-1.4557271,2.3
21,3200,1.600000,22,1.5691547,1.3926991,0.14495856,1.3742769,0.050061321,-0.089147029,-0.046644347,0.11812283,-0.078698187,0.25694966,-0.088078469,-0.99606885,0.0094353915,1.5613608,-1.658993,2.3
21,3200,1.600000,23,1.5691547,1.3693346,0.65105646,0.99328434,-0.012961452,0.068412274,0.043708822,-0.060505656,0.017043881,-0.22989259,-0.43902332,-0.57378573,-0.69139603,2.3342159,-2.2239134,2.3
21,3200,1.600000,24,1.5691547,0.93628048,1.1224981,0.20741083,-0.046289748,0.11811579,0.023197151,0.031725411,-0.2839535,0.22582487,-0.7574503,-0.43385395,-0.48789322,2.0804709,-2.6214268,2.3
21,3200,1.600000,25,1.5691547,0.97609983,1.3303314,0.62806629,0.015518476,-0.042602183,0.051117654,0.20599028,0.21379369,0.06156642,0.52741551,0.50682868,-0.68187797,2.3211233,0.7654956,2.3
21,3200,1.600000,26,1.5691547,1.3308211,1.0059624,0.48032195,-0.036336123,0.0092632157,-0.10909213,0.16078736,-0.04836731,-0.088003587,-0.19958009,-0.76119947,-0.61704388,2.2357769,-1.8272161,2.3
21,3200,1.600000,27,1.5691547,1.435667,1.3519178,0.1660834,0.050750621,-0.010328184,-0.052392742,-0.096629538,-0.11173583,-0.13134843,-0.92740991,-0.3666233,0.074149893,1.4965783,-2.7651276,2.3
21,3200,1.600000,28,1.5691547,0.9702688,0.95596901,1.0490053,-0.039150945,-0.026147929,0.083239669,-0.15846938,-0.17156032,-0.067549295,0.96311654,0.20366594,0.17585992,1.3940171,0.2083954,2.3
21,3200,1.600000,29,1.5691547,1.0200891,1.3840027,1.3599075,0.043802126,0.019671601,0.0016545534,-0.10247213,0.077438027,-0.13799428,-0.66340343,-0.61904874,0.42032671,1.136991,-2.3907666,2.3
21,3200,1.600000,30,1.5691547,1.4319241,0.97568558,1.3867678,0.018972088,0.013901267,0.030798263,0.010671616,-0.10258566,0.19948834,-0.098026475,-0.74275571,-0.66234792,2.2947447,-1.7020147,2.3
21,3200,1.600000,31,1.5691547,1.4154073,1.3597504,0.98964805,0.066672505,-0.034086782,0.033244996,-0.10770268,-0.27374239,-0.20785312,-0.30941025,0.70371232,-0.6395735,2.2647397,1.9850375,2.3
22,3300,1.650000,0,1.5703768,0.12921479,0.21357085,0.14483754,-0.070039335,0.036700279,-0.038088845,0.097836787,0.22468946,0.092629284,0.45896064,-0.75146572,-0.47397723,2.0645985,-1.022507,2.3
22,3300,1.650000,1,1.5703768,0.13176649,0.52768357,0.60389414,-0.057977295,-0.055913605,0.013841786,-0.06345583,0.18207428,-0.086213604,0.87975033,-0.45390199,0.14146495,1.4288552,-0.47632138,2.3
22,3300,1.650000,2,1.5703768,0.6719203,0.15352347,0.55124048,0.081575129,-0.06590858,-0.031458437,0.0020760475,0.014775659,0.13054945,-0.84632122,-0.49675835,0.19227984,1.3773115,-2.6108151,2.3
22,3300,1.650000,3,1.5703768,0.52977726,0.54823914,0.17969285,-0.086440351,-0.063474085,-0.037837224,0.078996512,0.02502681,0.055438722,-0.74312945,-0.66483056,0.075887775,1.4948355,-2.4117489,2.3
22,3300,1.650000,4,1.5703768,0.13086796,0.22015085,1.0063679,-0.038695047,0.052451717,0.032176652,-0.17973558,0.18470338,0.16270331,0.35092394,0.039592944,0.93556656,0.36093635,0.11234975,2.3
22,3300,1.650000,5,1.5703768,0.18163661,0.57812579,1.3963253,-0.01950141,0.0018112799,0.0043029777,0.03149105,0.014065613,-0.075018005,-0.41839976,-0.74069179,0.52565894,1.0173068,-2.0849896,2.3
22,3300,1.650000,6,1.5703768,0.61514434,0.22426074,1.4168987,-0.0050482808,-0.026824408,0.046276951,0.03168686,-0.027213573,0.023980258,-0.11082885,0.096812498,-0.98911289,2.9938975,2.4235949,2.3
22,3300,1.650000,7,1.5703768,0.57026958,0.54730837,0.96478943,0.016689665,-0.018408213,0.0061234101,-0.026010535,-0.18507109,-0.043624896,0.1986454,0.87382368,-0.44381549,2.0306483,1.3472663,2.3
22,3300,1.650000,8,1.5703768,0.17757317,0.93768646,0.22085237,-0.053931095,-0.048578603,0.045061963,-0.21510297,-0.066644503,-0.17302788,-0.5918876,-0.80416078,-0.054722122,1.6255458,-2.2052974,2.3
22,3300,1.650000,9,1.5703768,0.16579577,1.3729044,0.58217001,-0.053632183,0.013327694,-0.011604015,-0.014858335,0.087149308,0.059450493,-0.43893148,-0.68620137,-0.58005762,2.1895957,-2.1398641,2.3
22,3300,1.650000,10,1.5703768,0.58352339,0.96214134,0.6215543,-0.017829909,-0.013407416,0.0061364682,-0.007845504,-0.029919779,-0.13637596,0.9488297,0.1978434,-0.24613041,1.8194821,0.20556765,2.3
22,3300,1.650000,11,1.5703768,0.5199345,1.37399,0.22268245,-0.038901901,0.0055072119,0.020499456,0.13852473,0.070886986,0.046766471,-0.42135654,-0.73942881,-0.52507495,2.1235995,-2.0887445,2.3
22,3300,1.650000,12,1.5703768,0.26474982,1.0239223,0.9495474,0.069320317,0.03491786,-0.046395359,0.1133314,0.039743783,-0.030649107,-0.84449387,-0.14603763,-0.51526995,2.1121189,-2.970357,2.3
22,3300,1.650000,13,1.5703768,0.25283553,1.3461304,1.340217,0.078643618,-0.042644238,-0.021143865,0.01269734,-0.074102434,-0.2075239,-0.24820077,-0.95072972,-0.18576701,1.7576487,-1.8261602,2.3
22,3300,1.650000,14,1.5703768,0.60916764,1.0676114,1.3377691,0.04783387,0.10829941,-0.039662198,0.10462062,0.029462026,-0.0061378393,-0.32281799,-0.82689927,-0.46046297,2.049313,-1.9429959,2.3
22,3300,1.650000,15,1.5703768,0.62100559,1.4593771,0.97485427,0.031744595,0.1043616,-0.010039522,0.063856839,-0.1031561,0.048511821,0.37719664,-0.83903712,-0.39209616,1.9737054,-1.1483092,2.3
22,3300,1.650000,16,1.5703768,0.99419646,0.13957549,0.20776079,0.038689019,-0.022986865,0.021086113,0.12014797,-0.029476018,-0.026689855,-0.82276316,-0.41344449,-0.39003133,1.9714619,-2.6759412,2.3
22,3300,1.650000,17,1.5703768,1.0044618,0.64279859,0.62016882,-0.0072328106,0.057077734,0.04629119,0.30746276,0.27415597,0.098998466,0.49060392,-0.66489025,-0.56323064,2.1690867,-0.93510241,2.3
22,3300,1.650000,18,1.5703768,1.3679901,0.22861172,0.6226934,0.026094201,0.075410988,0.04598789,0.056011183,0.24330503,0.089827097,0.69906528,-0.33852507,-0.62984801,2.2521538,-0.45097154,2.3
22,3300,1.650000,19,1.5703768,1.3338463,0.60220159,0.16262208,-0.085949231,-0.0087392597,-0.067940574,-0.081188885,-0.2489831,0.13095372,-0.71262737,-0.54390519,0.44309071,1.111753,-2.4896721,2.3
22,3300,1.650000,20,1.5703768,1.0349278,0.19535952,0.98264928,0.087298362,-0.0011202472,0.0054715686,-0.13057442,0.069845926,-0.098983719,-0.50623488,0.16463105,-0.8465358,2.58024,2.8271737,2.3
22,3300,1.650000,21,1.5703768,0.95016737,0.50875006,1.3775622,-0.051451568,-0.11101969,-0.046114278,-0.29219078,0.045516906,-0.12469194,0.249545,-0.92182045,-0.2966047,1.8719317,-1.3064239,2.3
22,3300,1.650000,22,1.5703768,1.4002751,0.14078621,1.3905835,0.056550092,-0.093430614,-0.03141405,0.13676139,-0.074674005,0.31520699,-0.21301281,-0.97682807,-0.02079558,1.5915934,-1.785501,2.3
22,3300,1.650000,23,1.5703768,1.3691702,0.64935821,0.98016064,-0.014191823,0.066207821,0.029816926,0.024234325,-0.13364882,-0.28158955,-0.16020904,-0.58422046,-0.79562523,2.4908353,-1.8384438,2.3
22,3300,1.650000,24,1.5703768,0.93641582,1.1074259,0.21540679,-0.046883386,0.10217563,0.031028525,-0.067524351,-0.36696625,0.11187449,-0.69919102,-0.54607128,-0.46145214,2.0504277,-2.4785422,2.3
22,3300,1.650000,25,1.5703768,0.9861854,1.3442358,0.63446784,0.024840199,-0.02973889,0.057027743,0.18493732,0.2753489,0.15035364,0.49740484,0.31539386,-0.80815539,2.5118097,0.56510126,2.3
22,3300,1.650000,26,1.5703768,1.3378121,1.0059033,0.47730978,-0.030383893,0.0084210078,-0.11247707,0.054522243,0.056062767,-0.035314034,-0.16927648,-0.78907582,-0.59051234,2.2024899,-1.7821184,2.3
22,3300,1.650000,27,1.5703768,1.4330663,1.3490094,0.15849866,0.047033189,-0.014287979,-0.060103832,-0.037665317,-0.026631106,-0.13920307,-0.82057676,-0.56763865,0.06663439,1.5041125,-2.5364212,2.3
22,3300,1.650000,28,1.5703768,0.96219447,0.94771214,1.0462577,-0.047977511,-0.035145835,0.079676406,-0.19197997,-0.18607956,-0.041433389,0.93921543,0.14349581,0.31190277,1.2536013,0.15161023,2.3
22,3300,1.650000,29,1.5703768,1.0140838,1.3876252,1.3566947,0.037005008,0.022215227,-0.0026157164,-0.16782248,0.029892174,-0.0042684545,-0.57934812,-0.6954265,0.42513262,1.1316879,-2.2653869,2.3
22,3300,1.650000,30,1.5703768,1.4369519,0.97319774,1.400212,0.022883194,0.010654799,0.043157583,0.083973512,-0.06376715,0.26453703,0.0020157221,-0.77363139,-0.63363271,2.2570362,-1.5681908,2.3
22,3300,1.650000,31,1.5703768,1.4102679,1.347085,0.97954352,0.060433226,-0.047805784,0.02237393,-0.13980769,-0.26032051,-0.22254027,-0.29181892,0.76422955,-0.57514773,2.183581,1.9355565,2.3
23,3400,1.700000,0,1.5662923,0.13443449,0.22166535,0.15252567,-0.064476307,0.045361551,-0.03001348,0.13238536,0.11575348,0.23832123,0.4156085,-0.83979158,-0.34931315,1.9276343,-1.1112412,2.3
23,3400,1.700000,1,1.5662923,0.13067033,0.53615588,0.59670592,-0.058731716,-0.046055962,0.0082169661,0.055527542,0.22152065,-0.18459389,0.92250056,-0.2631758,0.28236716,1.2845355,-0.27790296,2.3
23,3400,1.700000,2,1.5662923,0.67069124,0.15510887,0.55801414,0.082094403,-0.063921288,-0.023240305,0.0029486678,0.091183724,0.19788374,-0.80829913,-0.55114726,0.20709711,1.3621895,-2.5431449,2.3
23,3400,1.700000,3,1.5662923,0.53251101,0.55065089,0.18238203,-0.082323297,-0.059631367,-0.034676556,0.076053771,0.13533169,0.080606485,-0.81131079,-0.57654789,0.096784984,1.4738596,-2.523763,2.3
23,3400,1.700000,4,1.5662923,0.12340503,0.22853708,1.0137827,-0.045826877,0.061422233,0.042222052,-0.08699774,0.12067156,0.24538538,0.33051412,0.03979474,0.94296172,0.33937859,0.11982574,2.3
23,3400,1.700000,5,1.5662923,0.18038253,0.57652274,1.3843705,-0.020284074,0.0017118014,-0.0040307863,-0.02369784,-0.023221732,-0.19249288,-0.42485038,-0.58758461,0.68865556,0.81116309,-2.1968222,2.3
23,3400,1.700000,6,1.5662923,0.60998875,0.22100878,1.4126924,-0.0086085212,-0.02949654,0.045755217,-0.13789789,-0.06140911,-0.039965139,0.022749006,0.12243752,-0.99221547,3.0167355,1.3870902,2.3
23,3400,1.700000,7,1.5662923,0.5697298,0.53798754,0.95913713,0.017634379,-0.026315805,0.0029764232,0.066635211,-0.14816527,-0.11150084,-0.09070771,0.76149788,-0.64178898,2.2676251,1.6893552,2.3
23,3400,1.700000,8,1.5662923,0.16707638,0.93329058,0.2123437,-0.063979104,-0.050538127,0.037117378,-0.22100053,-0.037701826,-0.18609605,-0.55982405,-0.80232693,-0.20704716,1.7793521,-2.180011,2.3
23,3400,1.700000,9,1.5662923,0.16372066,1.3753227,0.58201393,-0.055278209,0.019324667,-0.010244106,-0.061955378,0.13814147,-0.014927022,-0.32440903,-0.7213719,-0.61186711,2.2292153,-1.9934101,2.3
23,3400,1.700000,10,1.5662923,0.58260786,0.95685631,0.61149452,-0.017226911,-0.016193554,-0.0023176707,0.045968124,-0.094778656,-0.19904447,0.99812074,-0.0028789183,-0.061210273,1.6320449,-0.0028843307,2.3
23,3400,1.700000,11,1.5662923,0.52543176,1.3726716,0.2241501,-0.032043363,0.0077655358,0.022548965,0.1463794,0.019613565,0.03535414,-0.38995088,-0.74308367,-0.54384279,2.1458059,-2.054066,2.3
23,3400,1.700000,12,1.5662923,0.26660605,1.0241705,0.94524636,0.071868471,0.037833068,-0.048229031,0.013529355,0.097963501,-0.013184995,-0.85759925,-0.25885515,-0.44442946,2.0313336,-2.8484514,2.3
23,3400,1.700000,13,1.5662923,0.25121699,1.3418875,1.3256801,0.077681454,-0.043386791,-0.032209236,-0.0589058,0.028892596,-0.22230468,-0.34416332,-0.87603471,-0.33780881,1.9153842,-1.9451367,2.3
23,3400,1.700000,14,1.5662923,0.61349478,1.0639813,1.3366938,0.053753162,0.10744502,-0.03725485,0.085878128,-0.073553025,0.056788056,-0.18772706,-0.87995374,-0.43639429,2.0223837,-1.7809828,2.3
23,3400,1.700000,15,1.5662923,0.62198314,1.450886,0.97673731,0.034340758,0.099660204,-0.0056151339,0.038203652,-0.033589399,0.1244986,0.47659365,-0.84415794,-0.24547071,1.8188016,-1.0568291,2.3
23,3400,1.700000,16,1.5662923,0.99809844,0.13528775,0.20576029,0.045185354,-0.026916688,0.019624095,0.1660138,-0.1347608,-0.0050742835,-0.74003033,-0.32133805,-0.59084428,2.2029012,-2.7319362,2.3
23,3400,1.700000,17,1.5662923,1.0183982,0.65213041,0.62147027,0.0093377807,0.068095816,0.049209497,0.33395559,0.15712638,0.044742605,0.3406772,-0.71907239,-0.6057012,2.2214431,-1.1283495,2.3
23,3400,1.700000,18,1.5662923,1.3655233,0.23831491,0.62641294,0.027186943,0.085722226,0.05133401,-0.012020769,0.15960364,0.11240511,0.66836487,-0.26013502,-0.6968631,2.3418107,-0.37117113,2.3
23,3400,1.700000,19,1.5662923,1.3270291,0.58787008,0.16753855,-0.089301503,-0.021521094,-0.062594164,-0.073457224,-0.24997437,0.062620795,-0.72015597,-0.60578858,0.33822416,1.2257671,-2.4422351,2.3
23,3400,1.700000,20,1.5662923,1.0272424,0.19854727,0.97578791,0.082298213,0.0025804515,0.001160438,-0.11465778,0.071278606,-0.084219586,-0.61049121,0.16230493,-0.77521455,2.457851,2.8817439,2.3
23,3400,1.700000,21,1.5662923,0.93702074,0.50908881,1.3679293,-0.062140739,-0.10935552,-0.052172121,-0.13662987,0.024348262,-0.09177971,0.45109326,-0.81146425,-0.37153821,1.9514616,-1.0634344,2.3
23,3400,1.700000,22,1.5662923,1.4011263,0.13934035,1.4010461,0.061049218,-0.094511698,-0.017316167,0.027088784,0.010017674,0.23916939,-0.29899747,-0.95396602,-0.023438276,1.5942367,-1.8745243,2.3
23,3400,1.700000,23,1.5662923,1.3660357,0.63981656,0.9655322,-0.013764543,0.058344907,0.017722126,0.028109684,-0.13511776,-0.19173903,0.13622862,-0.62531864,-0.76838686,2.4471131,-1.3562932,2.3
23,3400,1.700000,24,1.5662923,0.9288901,1.0850997,0.21917838,-0.051980134,0.082704427,0.035366034,-0.1224924,-0.3689647,0.050232708,-0.63713765,-0.68378459,-0.3556603,1.9344168,-2.3208952,2.3
23,3400,1.700000,25,1.5662923,0.99332674,1.3572896,0.64150028,0.034559254,-0.013167128,0.065721745,0.19215919,0.3280546,0.15924763,0.46193764,0.11719467,-0.87913539,2.6448412,0.24846019,2.3
23,3400,1.700000,26,1.5662923,1.3368549,1.0068283,0.47455039,-0.027858193,0.011966927,-0.11399696,0.031078818,0.081388774,0.002592564,-0.19441008,-0.85406362,-0.48247285,2.074272,-1.7946122,2.3
23,3400,1.700000,27,1.5662923,1.4275199,1.347388,0.15249976,0.045211859,-0.012398163,-0.065697762,-0.029183035,0.095634721,-0.085058361,-0.70789828,-0.70631138,0.0020630627,1.5687333,-2.3573166,2.3
23,3400,1.700000,28,1.5662923,0.94991918,0.93566018,1.0413207,-0.05776289,-0.044745304,0.077457869,-0.24058504,-0.13545725,-0.010017028,0.88046748,0.030386234,0.4731318,1.0779541,0.034497787,2.3
23,3400,1.700000,29,1.5662923,1.0005273,1.3850579,1.3524849,0.026071941,0.023258446,-0.0032976434,-0.2182258,0.006888052,-0.0038261984,-0.53690744,-0.75215726,0.38208618,1.1787436,-2.1907396,2.3
23,3400,1.700000,30,1.5662923,1.4392804,0.96494092,1.4076502,0.028957053,0.004921782,0.054252144,0.15841547,-0.15544487,0.16405451,0.10303594,-0.81918897,-0.56419236,2.1702511,-1.4456754,2.3
23,3400,1.700000,31,1.5662923,1.4011414,1.3315564,0.96634403,0.054967635,-0.059846309,0.011708339,-0.1293643,-0.24922249,-0.23078972,-0.31593686,0.83729093,-0.44623737,2.0333528,1.9316101,2.3
24,3500,1.750000,0,1.5664268,0.14279764,0.22711753,0.16779646,-0.056125056,0.050794454,-0.014756441,0.16384355,0.10264481,0.35003068,0.36545814,-0.90159803,-0.23143325,1.804347,-1.1856908,2.3
24,3500,1.750000,1,1.5664268,0.1354004,0.55107923,0.58549946,-0.054013072,-0.031179303,-0.0030402628,0.15068939,0.35648931,-0.21888013,0.87643262,-0.14205568,0.46009351,1.0926958,-0.16068655,2.3
24,3500,1.750000,2,1.5664268,0.66873416,0.16094477,0.56677476,0.080079803,-0.05809896,-0.014527979,-0.057043702,0.1312666,0.14525111,-0.77930848,-0.59304295,0.20243112,1.3669565,-2.4910974,2.3
24,3500,1.750000,3,1.5664268,0.53631528,0.55771802,0.1883991,-0.078564925,-0.05261183,-0.028675404,0.098965097,0.15145715,0.13557648,-0.8627687,-0.4981397,0.086527533,1.4841605,-2.6179765,2.3
24,3500,1.750000,4,1.5664268,0.11936849,0.23296733,1.0250128,-0.049873843,0.065832665,0.053364554,-0.10572051,0.046404819,0.19297511,0.32646809,-0.03747642,0.94446498,0.33483366,-0.11429323,2.3
24,3500,1.750000,5,1.5664268,0.18041987,0.57493621,1.3747637,-0.02026223,7.5824717e-05,-0.013756104,0.0084796142,-0.029523778,-0.21587201,-0.49583891,-0.44881143,0.74344608,0.73258796,-2.4059364,2.3
24,3500,1.750000,6,1.5664268,0.60141806,0.21672533,1.4107665,-0.017231232,-0.033798791,0.043708148,-0.18938772,-0.10953725,-0.055252065,0.11670402,0.097432026,-0.98837603,2.9889718,0.69564114,2.3
24,3500,1.750000,7,1.5664268,0.57314074,0.53006414,0.9522556,0.020996237,-0.034285068,-0.0039871915,0.063668111,-0.17756821,-0.16120308,-0.31701917,0.64025497,-0.69969452,2.3457662,2.0305525,2.3
24,3500,1.750000,8,1.5664268,0.15779305,0.92983978,0.20586827,-0.073276388,-0.054068934,0.030623988,-0.15806566,-0.096072292,-0.085928871,-0.50193295,-0.77763037,-0.37862161,1.9591029,-2.1439767,2.3
24,3500,1.750000,9,1.5664268,0.16062557,1.3836232,0.5825632,-0.058387229,0.027506727,-0.0097448504,-0.030071889,0.20433029,-0.04849727,-0.29015788,-0.72734824,-0.62191071,2.2419766,-1.9503762,2.3
24,3500,1.750000,10,1.5664268,0.58227041,0.95318108,0.6017916,-0.017614388,-0.019950815,-0.012072692,-0.0047347168,-0.094741253,-0.13144232,0.96047794,-0.13045053,0.24589588,1.3223525,-0.13499235,2.3
24,3500,1.750000,11,1.5664268,0.53123999,1.3711393,0.22237776,-0.026280512,0.0061153598,0.020757448,0.095756936,-0.086251505,-0.064825228,-0.37602909,-0.71926376,-0.58417614,2.1946609,-2.0525149,2.3
24,3500,1.750000,12,1.5664268,0.26897945,1.027416,0.94644333,0.074218877,0.040990437,-0.04711329,0.078490526,0.01731679,0.036496625,-0.83627377,-0.35583211,-0.41716867,2.001124,-2.739301,2.3
24,3500,1.750000,13,1.5664268,0.24782569,1.3459897,1.3168928,0.074268722,-0.03940004,-0.041110079,-0.069503484,0.12933817,-0.1334227,-0.46691024,-0.74803514,-0.47163361,2.0619388,-2.1288074,2.3
24,3500,1.750000,14,1.5664268,0.61711377,1.0589876,1.340101,0.0573193,0.10236014,-0.033962656,0.024757647,-0.14305419,0.080764471,-0.071589177,-0.9078846,-0.41306239,1.9966105,-1.6494862,2.3
24,3500,1.750000,15,1.5664268,0.62211075,1.449086,0.9862316,0.034414946,0.097735704,0.0037948603,-0.028479504,0.0017499311,0.22181823,0.55965957,-0.82362749,-0.091754671,1.6626802,-0.97395775,2.3
24,3500,1.750000,16,1.5664268,1.0082114,0.12662588,0.20718123,0.055212196,-0.035589803,0.021027307,0.21791002,-0.18040582,0.020504904,-0.64843113,-0.16963102,-0.74213367,2.4070445,-2.8857244,2.3
24,3500,1.750000,17,1.5664268,1.0348224,0.65909309,0.62436252,0.025673862,0.075002191,0.052048244,0.29457705,0.10490802,0.068932192,0.088065318,-0.82477974,-0.55855427,2.1634381,-1.464425,2.3
24,3500,1.750000,18,1.5664268,1.3637112,0.24367231,0.62982922,0.025257607,0.09105893,0.054696343,-0.053645754,0.045039298,0.037295709,0.69519172,-0.27325117,-0.66486259,2.2981062,-0.37450824,2.3
24,3500,1.750000,19,1.5664268,1.3235824,0.57306093,0.17415887,-0.092862016,-0.036380101,-0.05598851,-0.043579179,-0.37950084,0.16529138,-0.66936209,-0.72673539,0.15430514,1.4158722,-2.3151221,2.3
24,3500,1.750000,20,1.5664268,1.0213676,0.20238554,0.97103172,0.076335482,0.0064015041,-0.0036793494,-0.10877208,0.031774077,-0.084345224,-0.70851583,0.092403712,-0.69961909,2.3456606,3.0119059,2.3
24,3500,1.750000,21,1.5664268,0.93242908,0.51400002,1.3629706,-0.066812676,-0.10448824,-0.057248095,-0.064380356,0.18479677,-0.10288714,0.64607169,-0.66908698,-0.36730639,1.9469076,-0.80289639,2.3
24,3500,1.750000,22,1.5664268,1.4010361,0.14261296,1.4102877,0.060838751,-0.091251196,-0.0081953435,-0.038864044,0.12709577,0.10963953,-0.35702393,-0.93373887,0.025799812,1.5449937,-1.9360035,2.3
24,3500,1.750000,23,1.5664268,1.3700116,0.63238811,0.95533583,-0.0099061562,0.050861827,0.007443264,0.05693427,-0.15048595,-0.17060225,0.35815683,-0.6832312,-0.63633232,2.2605307,-1.0879686,2.3
24,3500,1.750000,24,1.5664268,0.9243464,1.067353,0.22109596,-0.05660342,0.064865286,0.037264708,-0.090969348,-0.34478079,0.02956952,-0.56263326,-0.7988296,-0.2128734,1.7853111,-2.1844171,2.3
24,3500,1.750000,25,1.5664268,1.003167,1.3733081,0.64611601,0.04431375,0.0027340357,0.070282185,0.17003214,0.31499761,0.059345232,0.37986528,-0.067533103,-0.92257338,2.7454944,-0.17594345,2.3
24,3500,1.750000,26,1.5664268,1.3352583,1.0122917,0.47641585,-0.029569552,0.017343664,-0.11217234,-0.047382812,0.12411878,0.070427368,-0.21385674,-0.8963356,-0.38839129,1.9696815,-1.8050077,2.3
24,3500,1.750000,27,1.5664268,1.4248325,1.3527564,0.14960564,0.042401881,-0.0071456563,-0.068604851,-0.081563254,0.15001203,-0.03646435,-0.62858578,-0.77471181,-0.068567639,1.6394178,-2.252438,2.3
24,3500,1.750000,28,1.5664268,0.93809382,0.92876552,1.0410364,-0.069669329,-0.05172003,0.077084174,-0.24182521,-0.12921567,-0.039192647,0.79078666,-0.19359205,0.5806708,0.95124393,-0.24008751,2.3
24,3500,1.750000,29,1.5664268,0.99463341,1.387447,1.3527603,0.020092343,0.025528463,-0.0031384734,-0.032695559,0.088867452,-0.026773381,-0.51232269,-0.79785879,0.31772129,1.247471,-2.1416135,2.3
24,3500,1.750000,30,1.5664268,1.4485677,0.95501378,1.4106554,0.038120344,-0.0050877965,0.057136311,0.13471913,-0.20046737,-0.03281654,0.17070533,-0.82037324,-0.545754,2.148085,-1.3656413,2.3
24,3500,1.750000,31,1.5664268,1.3944183,1.321447,0.956779,0.048124459,-0.070069709,0.0020607237,-0.1279596,-0.17882268,-0.12303691,-0.33779427,0.89124234,-0.3026254,1.8782423,1.9330824,2.3
25,3600,1.800000,0,1.5742995,0.15332063,0.2318488,0.18852934,-0.04634428,0.054375282,0.0050833797,0.2193882,0.040592165,0.40468379,0.28954703,-0.94096098,-0.17537089,1.7470788,-1.2722774,2.3
25,3600,1.800000,1,1.5742995,0.14417782,0.57229244,0.57445186,-0.045936409,-0.012781876,-0.016995547,0.19572824,0.33378027,-0.29412028,0.74741396,-0.089986089,0.65823618,0.85232295,-0.11981986,2.3
25,3600,1.800000,2,1.5742995,0.66960443,0.16673171,0.5782848,0.077595305,-0.05313336,-0.0058881566,-0.050467837,0.079261678,0.19230916,-0.73304817,-0.65798864,0.17231173,1.3976203,-2.4101016,2.3
25,3600,1.800000,3,1.5742995,0.54524679,0.56658284,0.19375718,-0.07234448,-0.046565207,-0.024275234,0.15393421,0.070941869,0.086773151,-0.85827695,-0.51235963,-0.029125206,1.5999257,-2.6034092,2.3
25,3600,1.800000,4,1.5742995,0.11432468,0.23551271,1.0363233,-0.055503476,0.067203732,0.059508039,-0.085694218,0.019966507,0.06721809,0.29059571,-0.26630223,0.91904149,0.40515456,-0.74180295,2.3
25,3600,1.800000,5,1.5742995,0.18125575,0.57677021,1.3724017,-0.020332952,-0.00097711161,-0.023004345,-0.018680677,-0.023162034,-0.18000037,-0.52190035,-0.3713106,0.76795082,0.69516064,-2.5232175,2.3
25,3600,1.800000,6,1.5742995,0.59425398,0.21104771,1.4137875,-0.027392512,-0.040548737,0.039648926,-0.19817704,-0.13930411,-0.10303504,0.1530567,0.017102681,-0.9880694,2.986968,0.11127921,2.3
25,3600,1.800000,7,1.5742995,0.5832896,0.5221182,0.95013299,0.028246371,-0.044868533,-0.010878473,0.19896191,-0.25704276,-0.10394386,-0.48473756,0.53109863,-0.69495593,2.3391549,2.3105878,2.3
25,3600,1.800000,8,1.5742995,0.15420379,0.93033272,0.20622557,-0.07764774,-0.058238825,0.029948307,-0.044324858,-0.076954235,0.061248094,-0.39919755,-0.79609461,-0.45483478,2.042983,-2.0355992,2.3
25,3600,1.800000,9,1.5742995,0.15749133,1.4011751,0.58336854,-0.062318895,0.038078196,-0.011862106,-0.097145889,0.22503597,-0.038879271,-0.29536919,-0.74438949,-0.59886671,2.2128816,-1.9485358,2.3
25,3600,1.800000,10,1.5742995,0.58639829,0.9520418,0.59769252,-0.016415948,-0.025865868,-0.019178505,0.032982114,-0.09481984,-0.15216727,0.82732169,-0.13537672,0.54517151,0.99420264,-0.16219507,2.3
25,3600,1.800000,11,1.5742995,0.53907543,1.3734327,0.21821382,-0.021127951,0.001529047,0.015489066,0.15318102,-0.083572229,-0.10648788,-0.34133978,-0.66902217,-0.66022458,2.2919141,-2.0425761,2.3
25,3600,1.800000,12,1.5742995,0.27482007,1.0337138,0.95205615,0.078696406,0.042121727,-0.046259349,0.084300052,0.02009277,-0.026205608,-0.800241,-0.39502048,-0.45119084,2.0388956,-2.6830565,2.3
25,3600,1.800000,13,1.5742995,0.24418931,1.3604082,1.3175622,0.069398996,-0.031765453,-0.047044369,-0.117748,0.17667601,-0.037123409,-0.5515172,-0.60447852,-0.57483432,2.183198,-2.310412,2.3
25,3600,1.800000,14,1.5742995,0.6196216,1.0565237,1.3509506,0.056727059,0.094593346,-0.029858575,-0.03504879,-0.14485536,0.10514711,-0.033573712,-0.92847879,-0.36986475,1.9496598,-1.6069405,2.3
25,3600,1.800000,15,1.5742995,0.62343238,1.4583342,1.0038023,0.032614412,0.099695985,0.016377289,0.0056691577,0.072308976,0.22604606,0.58374002,-0.80855087,0.074115241,1.4966131,-0.94548475,2.3
25,3600,1.800000,16,1.5742995,1.0228637,0.11900987,0.20858863,0.064773266,-0.043821587,0.02139252,0.18263838,-0.17643944,-0.0026557216,-0.61953182,-0.053853339,-0.78312205,2.4704668,-3.0548847,2.3
25,3600,1.800000,17,1.5742995,1.0520161,0.66743344,0.63020312,0.037636652,0.080017432,0.0547441,0.17964535,0.11528455,0.027850968,-0.20101111,-0.90369098,-0.37807029,1.9585073,-1.7896666,2.3
25,3600,1.800000,18,1.5742995,1.3685068,0.2453095,0.63089375,0.023204485,0.091470415,0.052600659,-0.045211495,-0.0083406091,-0.10965181,0.74557722,-0.34555299,-0.56983132,2.1770969,-0.4339993,2.3
25,3600,1.800000,19,1.5742995,1.3269372,0.55813142,0.1857406,-0.096151186,-0.054145229,-0.045308856,-0.056459179,-0.34116862,0.22975201,-0.51452151,-0.85443341,-0.072188416,1.6430476,-2.1128162,2.3
25,3600,1.800000,20,1.5742995,1.0194879,0.20530159,0.97301917,0.069340066,0.0082956345,-0.006564979,-0.16749388,0.062111794,-0.041005567,-0.77912346,-0.0099107957,-0.62679216,2.2482258,-3.1288729,2.3
25,3600,1.800000,21,1.5742995,0.93411675,0.52778761,1.3666033,-0.069803817,-0.093311987,-0.060457513,-0.090934234,0.25459398,-0.095965559,0.76576695,-0.52458703,-0.37203419,1.9519959,-0.60062034,2.3
25,3600,1.800000,22,1.5742995,1.4028602,0.15257144,1.4224118,0.055634352,-0.08203258,-0.0031717931,-0.13959765,0.20890964,0.12498457,-0.38520365,-0.92233202,0.030361046,1.5404306,-1.9664173,2.3
25,3600,1.800000,23,1.5742995,1.3816426,0.62925978,0.95181001,-0.0051726175,0.044570934,-0.00086315739,0.066616334,-0.074202596,-0.14743422,0.43371632,-0.7513557,-0.49734774,2.0913352,-1.0472765,2.3
25,3600,1.800000,24,1.5742995,0.92279109,1.0548922,0.2237739,-0.062788901,0.04708468,0.038827521,-0.12405846,-0.31958218,0.0067225489,-0.55090805,-0.8323291,-0.061062169,1.6318965,-2.1554828,2.3
25,3600,1.800000,25,1.5742995,1.0146902,1.3984246,0.65227737,0.050778979,0.020902921,0.073188941,0.10897064,0.34641278,0.054018014,0.31101671,-0.199214,-0.92929134,2.7632858,-0.5696856,2.3
25,3600,1.800000,26,1.5742995,1.3427176,1.0223416,0.48345141,-0.028823038,0.022293479,-0.1075428,0.062424706,0.081696477,0.11376313,-0.16779962,-0.93297999,-0.31842051,1.8948591,-1.7487473,2.3
25,3600,1.800000,27,1.5742995,1.4298474,1.3653072,0.1515411,0.040261099,-0.0014081046,-0.067424256,0.017094941,0.14000471,0.063968063,-0.61143439,-0.76736222,-0.19314039,1.7651581,-2.2435831,2.3
25,3600,1.800000,28,1.5742995,0.93134591,0.92513484,1.044285,-0.081103348,-0.059997849,0.075105569,-0.23702351,-0.22248113,-0.062514733,0.69391976,-0.45595942,0.55729379,0.97967336,-0.5813349,2.3
25,3600,1.800000,29,1.5742995,0.99972713,1.3996995,1.3592579,0.020186886,0.030794614,-0.0034389252,-0.0075819773,0.10937395,-0.027123883,-0.50556353,-0.83482042,0.21789993,1.3511341,-2.1153201,2.3
25,3600,1.800000,30,1.5742995,1.4599185,0.95086852,1.412412,0.042180643,-0.014010502,0.051816462,0.0060722847,-0.17149122,-0.14843617,0.26108994,-0.80903157,-0.52659279,2.125384,-1.2586288,2.3
25,3600,1.800000,31,1.5742995,1.3957379,1.3186651,0.95531555,0.042450136,-0.079469478,-0.0041957281,-0.099641554,-0.21464242,-0.12336703,-0.39236811,0.90206127,-0.17981306,1.7515927,1.9810799,2.3
26,3700,1.850000,0,1.577882,0.16413714,0.23506827,0.20836304,-0.035888548,0.057064095,0.024466023,0.2455448,0.058257653,0.32350199,0.19459748,-0.9704006,-0.14301919,1.7143076,-1.3728882,2.3
26,3700,1.850000,1,1.577882,0.15697033,0.5911255,0.56215447,-0.03348614,0.0047289554,-0.030584727,0.23669542,0.34279337,-0.19265587,0.57906034,-0.063215862,0.81283017,0.62180191,-0.10873911,2.3
26,3700,1.850000,2,1.577882,0.66926252,0.1708928,0.59201942,0.07573175,-0.049355977,0.0065164099,-0.038111753,0.10003599,0.28674903,-0.61540417,-0.78313692,0.089298748,1.4813785,-2.2368305,2.3
26,3700,1.850000,3,1.577882,0.55532442,0.57321182,0.19964388,-0.063517657,-0.041231619,-0.018835632,0.22087842,0.12205645,0.17216722,-0.79134198,-0.5924615,-0.15088814,1.722263,-2.4989372,2.3
26,3700,1.850000,4,1.577882,0.11216274,0.23546815,1.0409351,-0.057922827,0.066623895,0.061759045,-0.0073338547,-0.020403964,0.017252589,0.2336616,-0.56694751,0.78991947,0.66011866,-1.1798687,2.3
26,3700,1.850000,5,1.577882,0.18052037,0.57667428,1.3667753,-0.021479498,-0.0023839565,-0.031743864,-0.016735343,-0.0096988627,-0.20545175,-0.49167243,-0.35319128,0.79593601,0.65024416,-2.5186593,2.3
26,3700,1.850000,6,1.577882,0.58562438,0.20529471,1.4141262,-0.037363084,-0.046774926,0.036773662,-0.22241248,-0.12811697,-0.028525307,0.1617218,-0.040263652,-0.98601465,2.9741527,-0.2440077,2.3
26,3700,1.850000,7,1.577882,0.59326518,0.51041624,0.94701923,0.036884783,-0.057744004,-0.016148393,0.16498483,-0.27653798,-0.101902,-0.62950869,0.42713652,-0.64905562,2.2771387,2.5454262,2.3
26,3700,1.850000,8,1.577882,0.15307566,0.92937917,0.20980238,-0.079125104,-0.061305981,0.033052298,-0.078822108,-0.01465811,0.04836855,-0.20998622,-0.85828918,-0.46823655,2.0580903,-1.8107397,2.3
26,3700,1.850000,9,1.577882,0.15373483,1.4148857,0.58185719,-0.066429118,0.048588261,-0.014697769,-0.085619801,0.17648088,-0.024407123,-0.25295156,-0.78914804,-0.55969713,2.1648166,-1.8809868,2.3
26,3700,1.850000,10,1.577882,0.58953382,0.95091132,0.59300473,-0.014616882,-0.029159087,-0.025219552,0.014362985,-0.036327886,-0.081913973,0.63349633,-0.024537723,0.77335651,0.68667771,-0.038714452,2.3
26,3700,1.850000,11,1.577882,0.54789136,1.3709376,0.21233033,-0.013547371,-0.004085028,0.0091162427,0.18400675,-0.13925137,-0.13110769,-0.28938222,-0.59555067,-0.74938463,2.4179285,-2.0231061,2.3
26,3700,1.850000,12,1.577882,0.28034176,1.0371332,0.95199026,0.083587145,0.043187519,-0.048489225,0.077629738,0.043628672,-0.076339786,-0.77695512,-0.34556511,-0.52623711,2.1249656,-2.7230978,2.3
26,3700,1.850000,13,1.577882,0.23845975,1.3736691,1.3195635,0.063120892,-0.021611947,-0.048040224,-0.10452128,0.18535958,-0.025411774,-0.57115926,-0.5112517,-0.64218284,2.2681388,-2.4114845,2.3
26,3700,1.850000,14,1.577882,0.61605552,1.0519654,1.3624738,0.051756601,0.087638656,-0.021419187,-0.12041966,-0.14264011,0.16473505,-0.089879918,-0.94231213,-0.32244294,1.8991055,-1.665891,2.3
26,3700,1.850000,15,1.577882,0.62469681,1.4656247,1.016761,0.032460327,0.1036634,0.027039662,-0.028630739,0.090959857,0.18514013,0.50019102,-0.81895544,0.28128444,1.285664,-1.0224974,2.3
26,3700,1.850000,16,1.577882,1.0349609,0.11043372,0.21172754,0.074531744,-0.052658523,0.024053735,0.18324385,-0.12886809,0.05469371,-0.70213527,0.0020876619,-0.71204052,2.3631964,3.1386194,2.3
26,3700,1.850000,17,1.577882,1.062135,0.67280602,0.63141881,0.045352719,0.083866801,0.054525929,0.098062104,0.019006369,-0.0077902447,-0.38122558,-0.91253587,-0.14813958,1.7194832,-1.966523,2.3
26,3700,1.850000,18,1.577882,1.3682388,0.24479203,0.62438702,0.019826141,0.090395928,0.044667274,-0.068313023,-0.053604867,-0.18015806,0.74276095,-0.46604379,-0.48073835,2.0722929,-0.56035766,2.3
26,3700,1.850000,19,1.577882,1.324695,0.54254861,0.19476961,-0.10140699,-0.070979007,-0.036712293,-0.14427118,-0.32047903,0.1198854,-0.22913082,-0.95321195,-0.19719546,1.7692927,-1.8066983,2.3
26,3700,1.850000,20,1.577882,1.0113875,0.2104196,0.97281438,0.058931485,0.012941179,-0.008981246,-0.26357738,0.13172377,-0.015478494,-0.79624646,-0.12149063,-0.59264796,2.2051387,-2.9901812,2.3
26,3700,1.850000,21,1.577882,0.93136856,0.54402349,1.3642146,-0.074672167,-0.078294223,-0.065949857,-0.13330459,0.28596054,-0.083624153,0.80920685,-0.42982811,-0.40053972,1.9829021,-0.4882732,2.3
26,3700,1.850000,22,1.577882,1.3985703,0.16469485,1.4304533,0.048160613,-0.070269734,0.0016274152,-0.12880711,0.26737408,0.036204503,-0.36059179,-0.93251864,-0.019558867,1.5903564,-1.9397726,2.3
26,3700,1.850000,23,1.577882,1.388825,0.63010227,0.94688351,-0.0011388965,0.043982141,-0.0079475746,0.093383275,0.0049593514,-0.13033047,0.40248919,-0.79711851,-0.45011613,2.0376917,-1.1032124,2.3
26,3700,1.850000,24,1.577882,0.91856568,1.0417545,0.22513112,-0.069107052,0.03156406,0.03967456,-0.11586335,-0.28804621,0.00015138929,-0.52762408,-0.83930471,0.13107418,1.4393439,-2.1320119,2.3
26,3700,1.850000,25,1.577882,1.0233165,1.4170745,0.65561587,0.057088987,0.036352987,0.075040995,0.17079801,0.23523884,0.035221564,0.24794624,-0.32832957,-0.91143971,2.7175662,-0.92399153,2.3
26,3700,1.850000,26,1.577882,1.3475224,1.0290085,0.4903173,-0.027075722,0.02662897,-0.10178361,0.096014807,0.10055687,0.098045633,-0.10172528,-0.95452194,-0.28024958,1.8548504,-1.6769676,2.3
26,3700,1.850000,27,1.577882,1.4336035,1.3744392,0.15614388,0.040762865,0.0046101468,-0.063171157,0.023886797,0.070899403,0.087693893,-0.6187848,-0.71376852,-0.32808516,1.9050721,-2.2850354,2.3
26,3700,1.850000,28,1.577882,0.92422936,0.91199525,1.0432765,-0.090328803,-0.075225384,0.071724481,-0.11218744,-0.29127721,-0.072327561,0.5739052,-0.69378637,0.4350785,1.1206709,-0.87968428,2.3
26,3700,1.850000,29,1.577882,1.0021419,1.4068391,1.3608622,0.020326508,0.03474453,-0.0049260663,-0.020520359,0.064262217,-0.034856922,-0.48574421,-0.86766837,0.10584972,1.4647479,-2.081153,2.3
26,3700,1.850000,30,1.577882,1.4610098,0.94402085,1.406545,0.039952258,-0.023011765,0.042745679,-0.095383825,-0.18534726,-0.18215185,0.34328354,-0.78538036,-0.51510592,2.1119275,-1.1587283,2.3
26,3700,1.850000,31,1.577882,1.3955711,1.308688,0.95296416,0.03911098,-0.092432624,-0.0087159145,-0.029969183,-0.26981145,-0.088264966,-0.50969137,0.84678384,-0.15222297,1.7236134,2.1126223,2.3
27,3800,1.900000,0,1.587536,0.17672129,0.23802874,0.22233062,-0.024343848,0.05858171,0.037120182,0.22069221,0.019259803,0.22913416,0.10913798,-0.99000429,-0.089333163,1.6602487,-1.4609998,2.3
27,3800,1.900000,1,1.587536,0.16828633,0.61279228,0.55678876,-0.023162018,0.022724155,-0.039363114,0.20766386,0.35080364,-0.14180903,0.43336205,-0.19751572,0.87930932,0.49638632,-0.42764627,2.3
27,3800,1.900000,2,1.587536,0.66950887,0.17483469,0.60903554,0.071895037,-0.046468468,0.019869641,-0.088135741,0.01831254,0.19814236,-0.42388988,-0.89965982,-0.10454464,1.6755324,-2.0111125,2.3
27,3800,1.900000,3,1.587536,0.57211041,0.58048526,0.20962176,-0.050170034,-0.037476729,-0.010105861,0.26499853,0.07665244,0.21895847,-0.68561969,-0.67909369,-0.26221631,1.8361145,-2.3609764,2.3
27,3800,1.900000,4,1.587536,0.11469648,0.23642349,1.0459149,-0.056080959,0.06614004,0.060374308,0.030970059,-0.037782807,-0.06344636,0.16628576,-0.79631091,0.58158231,0.95012389,-1.3649344,2.3
27,3800,1.900000,5,1.587536,0.18273233,0.57996121,1.363547,-0.020375381,-0.002624565,-0.043299384,0.059832953,-0.002985221,-0.22625023,-0.36384669,-0.44087962,0.82051249,0.60848935,-2.2607597,2.3
27,3800,1.900000,6,1.587536,0.58187295,0.20208421,1.4224484,-0.044675251,-0.051227896,0.036444781,-0.098428148,-0.10490353,0.0022474041,0.14170259,-0.10947468,-0.98383722,2.9615565,-0.65778797,2.3
27,3800,1.900000,7,1.587536,0.60628762,0.49942198,0.94850319,0.04624888,-0.071818226,-0.020445492,0.16361703,-0.24426236,-0.055538918,-0.73210069,0.29642225,-0.61332082,2.2310545,2.7568755,2.3
27,3800,1.900000,8,1.587536,0.15101176,0.93661273,0.21315364,-0.082116448,-0.059763366,0.035113633,-0.053608133,0.073436303,-0.022926009,0.017215825,-0.93970495,-0.34155267,1.9193648,-1.5524779,2.3
27,3800,1.900000,9,1.587536,0.14710935,1.4303167,0.58589933,-0.073972193,0.055341883,-0.014217076,-0.16536043,0.11084277,0.017297397,-0.1673577,-0.85359438,-0.49332346,2.0867027,-1.7644028,2.3
27,3800,1.900000,10,1.587536,0.59369925,0.95150604,0.59223454,-0.014060115,-0.03436647,-0.029604562,0.036719206,-0.14428372,-0.1072983,0.3830148,0.14035501,0.91301705,0.42017627,0.35125204,2.3
27,3800,1.900000,11,1.587536,0.5603755,1.3755922,0.20700998,-0.0044431692,-0.0078069306,0.0025169151,0.14298728,-0.034102217,-0.12507754,-0.26377782,-0.51498388,-0.81560583,2.5245718,-2.044161,2.3
27,3800,1.900000,12,1.587536,0.28592933,1.0444403,0.95556814,0.087447726,0.044146208,-0.0507291,0.087370063,-0.0026766387,0.0089376548,-0.77522942,-0.29380883,-0.55919203,2.1642072,-2.7793233,2.3
27,3800,1.900000,13,1.587536,0.23431474,1.3937948,1.3276565,0.057533949,-0.0099264005,-0.048020738,-0.12100457,0.30059279,0.012514899,-0.50107965,-0.50462233,-0.70304729,2.3504699,-2.3526719,2.3
27,3800,1.900000,14,1.587536,0.61415619,1.0493478,1.3776818,0.046105284,0.078612333,-0.014568164,-0.10912853,-0.20283532,0.09708302,-0.21957228,-0.94752169,-0.2323589,1.8052986,-1.7985103,2.3
27,3800,1.900000,15,1.587536,0.62367874,1.4798182,1.0299669,0.027634869,0.10887385,0.034003459,-0.13172973,0.089275128,0.088226066,0.32993503,-0.8423953,0.42604347,1.1306814,-1.1974977,2.3
27,3800,1.900000,16,1.587536,1.0533966,0.10375299,0.217165,0.086598469,-0.05999255,0.028183176,0.25099127,-0.16959035,0.1121991,-0.83837479,0.064030029,-0.54132048,2.1428031,3.0653666,2.3
27,3800,1.900000,17,1.587536,1.0708767,0.67313454,0.63487025,0.047589133,0.080090397,0.054115397,0.00090599118,-0.17516033,-0.048104581,-0.41665078,-0.90818222,0.040089574,1.530696,-2.0009231,2.3
27,3800,1.900000,18,1.587536,1.3741113,0.24217194,0.61591977,0.017334896,0.08629064,0.032417183,-0.059473315,-0.083340801,-0.2313498,0.7199121,-0.58249945,-0.37738702,1.9577694,-0.68028074,2.3
27,3800,1.900000,19,1.587536,1.3259781,0.53164254,0.20383699,-0.10820808,-0.085161312,-0.028860521,-0.11749676,-0.21061856,0.17276856,0.12781317,-0.98409023,-0.12341074,1.6945225,-1.4416398,2.3
27,3800,1.900000,20,1.587536,1.0036234,0.2210083,0.97930797,0.045021757,0.022214184,-0.0084412993,-0.24508685,0.21454617,0.043193655,-0.77621867,-0.29090377,-0.55933852,2.1643839,-2.7830233,2.3
27,3800,1.900000,21,1.587536,0.92896083,0.55786416,1.368897,-0.082753671,-0.067814025,-0.069602994,-0.17821152,0.17326939,-0.067168087,0.81504975,-0.3866843,-0.43147323,2.0169215,-0.44298341,2.3
27,3800,1.900000,22,1.587536,1.4007988,0.18239894,1.4408131,0.041851421,-0.053624073,0.0032303005,-0.12348792,0.34718802,0.048281079,-0.31359163,-0.94044052,-0.13127039,1.7024467,-1.8926535,2.3
27,3800,1.900000,23,1.587536,1.402115,0.63564205,0.94859627,0.0036393019,0.045661626,-0.012015742,0.076074025,0.06764652,-0.022516526,0.34305024,-0.82143923,-0.45558109,2.0438212,-1.1751924,2.3
27,3800,1.900000,24,1.587536,0.919614,1.03522,0.22708432,-0.073664919,0.018694968,0.040248581,-0.03429013,-0.23361546,0.00059048651,-0.46982593,-0.81566002,0.33758307,1.2264483,-2.0933871,2.3
27,3800,1.900000,25,1.587536,1.0378638,1.4359112,0.66221894,0.065350174,0.046488642,0.077624911,0.1787522,0.17327868,0.021963528,0.17527254,-0.37074621,-0.91204538,2.7190407,-1.1291804,2.3
27,3800,1.900000,26,1.587536,1.3640853,1.0426634,0.49690779,-0.018782672,0.033965646,-0.098203953,0.21864603,0.18274592,0.034192669,-0.0031565378,-0.95733328,-0.2889689,1.8639459,-1.5740935,2.3
27,3800,1.900000,27,1.587536,1.4453504,1.3848939,0.16212889,0.043729488,0.0066493784,-0.058156785,0.064141856,-0.0050147511,0.065057037,-0.61902223,-0.67000985,-0.40975392,1.9929806,-2.3166601,2.3
27,3800,1.900000,28,1.587536,0.91995693,0.90581605,1.045133,-0.10022578,-0.086948714,0.067211662,-0.20013592,-0.22084773,-0.045663439,0.4850115,-0.84160439,0.23762553,1.3308757,-1.0479902,2.3
27,3800,1.900000,29,1.587536,1.0054309,1.4176211,1.3687464,0.017492751,0.036912407,-0.0053667929,-0.10842725,0.01429123,-0.01786045,-0.47818259,-0.87540659,0.070743996,1.4999932,-2.0707486,2.3
27,3800,1.900000,30,1.587536,1.4628148,0.9424849,1.4057831,0.032839965,-0.030301307,0.033406583,-0.18100431,-0.098300916,-0.18196752,0.32805263,-0.76390819,-0.55572093,2.1600262,-1.1651711,2.3
27,3800,1.900000,31,1.587536,1.4041121,1.30308,0.95594021,0.039113398,-0.10600625,-0.011561731,-0.0029631974,-0.24984721,-0.018391568,-0.65063114,0.74448646,-0.14972988,1.7210914,2.2890216,2.3
28,3900,1.950000,0,1.5926093,0.18619514,0.23940493,0.23139232,-0.015448942,0.059196245,0.045458066,0.15154297,0.0091463349,0.10798262,0.04603199,-0.9978016,-0.047676266,1.6184907,-1.5246956,2.3
28,3900,1.950000,1,1.5926093,0.17850136,0.62871858,0.55374994,-0.0135002,0.036669886,-0.044173598,0.18988689,0.19739047,-0.029575506,0.39403493,-0.30928309,0.86549434,0.52465994,-0.66547354,2.3
28,3900,1.950000,2,1.5926093,0.66645409,0.17243644,0.61717735,0.066708958,-0.049420739,0.026055266,-0.11343964,-0.15013684,0.054439453,-0.087192924,-0.92863654,-0.36059891,1.9397062,-1.6644153,2.3
28,3900,1.950000,3,1.5926093,0.5854243,0.58706082,0.22063336,-0.038702745,-0.032763759,0.00021937568,0.1975976,0.073412312,0.17808094,-0.5441719,-0.73570146,-0.40326208,1.9858752,-2.2076495,2.3
28,3900,1.950000,4,1.5926093,0.11839238,0.23040639,1.0451084,-0.052756901,0.059378182,0.056231941,0.11156376,-0.16274244,-0.15000086,0.091083083,-0.94541483,0.31288125,1.2525712,-1.4747508,2.3
28,3900,1.950000,5,1.5926093,0.18675181,0.58229545,1.3557191,-0.016945343,-0.002144497,-0.055465375,0.10363168,0.021750517,-0.21576919,-0.23198033,-0.61247028,0.75568862,0.71409141,-1.9328609,2.3
28,3900,1.950000,6,1.5926093,0.57982486,0.19717234,1.4280222,-0.048576623,-0.056776722,0.037471147,-0.082425643,-0.10004552,0.045744372,0.10684476,-0.19745786,-0.97447144,2.915151,-1.0748106,2.3
28,3900,1.950000,7,1.5926093,0.61439963,0.49151035,0.95061961,0.052413518,-0.08131073,-0.021358773,0.053466563,-0.080785818,0.047691287,-0.80115022,0.12569053,-0.58511556,2.1958189,2.9859736,2.3
28,3900,1.950000,8,1.5926093,0.15185753,0.94569879,0.20890783,-0.081753844,-0.053680177,0.030194487,0.06033723,0.15779184,-0.16211952,0.22642127,-0.95864021,-0.17245974,1.7441226,-1.3388569,2.3
28,3900,1.950000,9,1.5926093,0.13761294,1.4420374,0.58666505,-0.083922855,0.062480352,-0.015321971,-0.16219654,0.13778729,-0.046762168,-0.072078949,-0.90443304,-0.42048246,2.0047733,-1.6503234,2.3
28,3900,1.950000,10,1.5926093,0.59764602,0.94694359,0.58983035,-0.012013905,-0.041957573,-0.033894534,0.068736466,-0.13401456,-0.043607544,0.14147488,0.3040251,0.94210063,0.3419558,1.1352596,2.3
28,3900,1.950000,11,1.5926093,0.5694373,1.3813876,0.20265057,0.002816244,-0.0064097774,-0.0024960451,0.17371326,0.08627181,-0.10659466,-0.31500062,-0.43465232,-0.8437132,2.5749598,-2.19792,2.3
28,3900,1.950000,12,1.5926093,0.2920524,1.0468874,0.96031573,0.092648741,0.043256955,-0.049037941,0.096997339,-0.062740183,0.051205653,-0.79027147,-0.26908682,-0.55051184,2.1537735,-2.8134067,2.3
28,3900,1.950000,13,1.5926093,0.22932166,1.4124859,1.3319581,0.0518012,0.004287809,-0.047962098,-0.099627227,0.27164027,0.0081429529,-0.43005719,-0.53337638,-0.72839581,2.386774,-2.2493622,2.3
28,3900,1.950000,14,1.5926093,0.61116883,1.0421031,1.387505,0.041163128,0.068031126,-0.0091562526,-0.095496067,-0.18112283,0.090726061,-0.3344304,-0.93843731,-0.086554765,1.6574595,-1.9131342,2.3
28,3900,1.950000,15,1.5926093,0.62123751,1.48822,1.0354569,0.023207597,0.11254067,0.036198442,-0.068506127,-0.0067174354,-0.018336166,0.14389557,-0.8800712,0.45251382,1.101214,-1.408726,2.3
28,3900,1.950000,16,1.5926093,1.0669022,0.094609239,0.22412424,0.096721508,-0.069452776,0.034438439,0.17469643,-0.14124557,0.12790836,-0.94325428,0.12645914,-0.30704959,1.8828876,3.0083205,2.3
28,3900,1.950000,17,1.5926093,1.0734341,0.66465997,0.6356578,0.046725658,0.0694816,0.052876052,-0.047018062,-0.2437486,-0.040272043,-0.4065534,-0.89250698,0.19530906,1.3742238,-1.9982299,2.3
28,3900,1.950000,18,1.5926093,1.3757325,0.23676882,0.60479722,0.014569189,0.080123444,0.019347163,-0.052532134,-0.11798631,-0.24847914,0.6353407,-0.72768566,-0.25848748,1.8322525,-0.85304474,2.3
28,3900,1.950000,19,1.5926093,1.3251807,0.52566832,0.21399251,-0.11323495,-0.092822294,-0.019371555,-0.11859164,-0.1371732,0.21807572,0.49685871,-0.86456871,0.075182234,1.4955431,-1.0491953,2.3
28,3900,1.950000,20,1.5926093,0.99639025,0.23300585,0.98677359,0.034597971,0.033487465,-0.0041121949,-0.13303529,0.21948327,0.15451263,-0.68598323,-0.47220997,-0.55357452,2.1574466,-2.5387151,2.3
28,3900,1.950000,21,1.5926093,0.92493136,0.56838397,1.3726052,-0.089740701,-0.059090911,-0.070268348,-0.14292187,0.1667625,0.023891517,0.82637344,-0.40631022,-0.38989607,1.9713151,-0.45696844,2.3
28,3900,1.950000,22,1.5926093,1.3991746,0.20102751,1.4488086,0.035760354,-0.035607143,0.0066159434,-0.14379664,0.37376258,0.078217398,-0.32240334,-0.92421678,-0.20464467,1.776897,-1.9064369,2.3
28,3900,1.950000,23,1.5926093,1.4098043,0.6389801,0.9511513,0.0068427037,0.046966258,-0.012491413,0.032926653,0.031009324,-0.028802838,0.26194974,-0.80863591,-0.52677347,2.1255965,-1.2575232,2.3
28,3900,1.950000,24,1.5926093,0.91973958,1.0299089,0.22776099,-0.076473693,0.010089316,0.040199629,-0.036623569,-0.14079086,-0.010023009,-0.38139218,-0.75680041,0.53084191,1.0112026,-2.0376017,2.3
28,3900,1.950000,25,1.5926093,1.0488732,1.4482994,0.66290561,0.073030549,0.05427565,0.07619759,0.14911195,0.11602509,-0.051056967,0.13172876,-0.36864822,-0.92018804,2.7393569,-1.2276072,2.3
28,3900,1.950000,26,1.5926093,1.3782512,1.0573574,0.5015474,-0.0089916893,0.045309474,-0.095157196,0.14738363,0.22465357,0.078391824,0.11579562,-0.92230499,-0.36870704,1.948414,-1.4458996,2.3
28,3900,1.950000,27,1.5926093,1.4535935,1.3875596,0.16595648,0.047347829,0.0048920609,-0.05485258,0.054207574,-0.06168027,0.079717215,-0.60122276,-0.70496733,-0.3762343,1.9565249,-2.2769356,2.3
28,3900,1.950000,28,1.5926093,0.91216548,0.90012136,1.0446935,-0.11094008,-0.095524466,0.063438171,-0.24890964,-0.16867255,-0.12115575,0.39964728,-0.91652381,-0.016314414,1.5871115,-1.1596063,2.3
28,3900,1.950000,29,1.5926093,1.0037781,1.4254714,1.3747787,0.012634575,0.040227106,-0.0037112398,-0.10527438,0.1429512,0.097870068,-0.47506422,-0.87682286,0.074132725,1.4965955,-2.0673236,2.3
28,3900,1.950000,30,1.5926093,1.457927,0.94180647,1.4019012,0.023292623,-0.033985793,0.025045486,-0.21372727,-0.066128917,-0.17768289,0.23335376,-0.75771761,-0.6094342,2.2261431,-1.2720444,2.3
28,3900,1.950000,31,1.5926093,1.4107051,1.2935718,0.95880527,0.041215877,-0.11965692,-0.011751299,0.060378021,-0.27068962,0.0036497275,-0.75962514,0.62420602,-0.18258281,1.7544091,2.453742,2.3
29,4000,2.000000,0,1.5964781,0.19356924,0.2383403,0.23626762,-0.0085355287,0.057552051,0.049766051,0.15043238,-0.030523638,0.067596503,-0.0052864954,-0.99996442,-0.0065730641,1.5773694,-1.576083,2.3
29,4000,2.000000,1,1.5964781,0.1866089,0.63716415,0.55888609,-0.0058355688,0.04357981,-0.040387198,0.11615682,0.068530467,0.16934299,0.47608109,-0.38724393,0.78954983,0.66072123,-0.68285789,2.3
29,4000,2.000000,2,1.5964781,0.66092237,0.16312708,0.61799914,0.059566968,-0.059137188,0.02537864,-0.15532073,-0.23114694,-0.072485522,0.23998603,-0.84102676,-0.48485122,2.0769894,-1.2928345,2.3
29,4000,2.000000,3,1.5964781,0.59521616,0.59036617,0.22708008,-0.03034313,-0.030886764,0.0061229771,0.16399706,0.0025389451,0.041473221,-0.3759028,-0.751085,-0.54274157,2.1444942,-2.0348276,2.3
29,4000,2.000000,4,1.5964781,0.12354078,0.22424593,1.0383123,-0.047901987,0.052666173,0.046908429,0.11649001,-0.10926778,-0.23416699,0.009870899,-0.99994027,0.0046930449,1.5661033,-1.5609252,2.3
29,4000,2.000000,5,1.5964781,0.19331522,0.58567204,1.3513557,-0.010842986,-0.00018478182,-0.063112758,0.085704573,-0.0067419337,-0.10617483,-0.12369677,-0.79179616,0.5981287,0.92963229,-1.7257667,2.3
29,4000,2.000000,6,1.5964781,0.57937187,0.19332023,1.4361242,-0.050435853,-0.061102556,0.042098668,0.027982174,-0.087219404,0.094828789,0.071611448,-0.25933589,-0.9631286,2.869195,-1.3013762,2.3
29,4000,2.000000,7,1.5964781,0.61649974,0.49382295,0.96133601,0.053020414,-0.080193456,-0.012961781,-0.025329349,0.14068559,0.26837087,-0.82926673,-0.13117337,-0.5432405,2.1450883,-2.9847125,2.3
29,4000,2.000000,8,1.5964781,0.15572097,0.95538448,0.198945,-0.07826353,-0.046300704,0.019736867,0.11394153,0.15620579,-0.20531002,0.39352005,-0.91874338,-0.032443419,1.6032454,-1.1661134,2.3
29,4000,2.000000,9,1.5964781,0.13178339,1.4524636,0.5853297,-0.090079218,0.069395198,-0.018079095,-0.054422803,0.13076498,-0.065566148,-0.027472789,-0.91494377,-0.40264517,1.9852011,-1.6008141,2.3
29,4000,2.000000,10,1.5964781,0.60176636,0.94445305,0.59310464,-0.0093485937,-0.046742592,-0.032055274,0.045159319,-0.073207016,0.10646566,0.01166735,0.39761401,0.9174786,0.40910152,1.5414613,2.3
29,4000,2.000000,11,1.5964781,0.58089679,1.3879995,0.19924133,0.012880261,-0.0031575145,-0.0063928251,0.24779143,0.084624912,-0.083770726,-0.36316145,-0.40775838,-0.83776301,2.5639698,-2.2984099,2.3
29,4000,2.000000,12,1.5964781,0.29496653,1.0491032,0.9666659,0.094850752,0.042930107,-0.045025421,0.01691459,0.023811516,0.059064307,-0.84628761,-0.263326,-0.46309471,2.05228,-2.8399343,2.3
29,4000,2.000000,13,1.5964781,0.22510406,1.4294859,1.3360265,0.047032332,0.01784024,-0.04713026,-0.090272802,0.24874484,0.045995763,-0.36267775,-0.6022472,-0.71117027,2.3619578,-2.1128374,2.3
29,4000,2.000000,14,1.5964781,0.60683023,1.0353646,1.3946631,0.035346944,0.058772405,-0.0053733006,-0.13926543,-0.1656756,0.050244712,-0.37826314,-0.92387626,0.058048746,1.5127149,-1.9594059,2.3
29,4000,2.000000,15,1.5964781,0.61710606,1.4894229,1.0354599,0.017573885,0.1101313,0.033689114,-0.13966202,-0.093830922,-0.046018978,-0.019095541,-0.8966265,0.44237572,1.1125504,-1.5920902,2.3
29,4000,2.000000,16,1.5964781,1.0771249,0.088212434,0.23150703,0.10434325,-0.076071374,0.041268503,0.080029127,-0.086980019,0.10771254,-0.96934884,0.2236181,-0.10177312,1.672746,2.91487,2.3
29,4000,2.000000,17,1.5964781,1.0711256,0.65472274,0.63491989,0.041815565,0.057943782,0.05059678,-0.17946382,-0.24464149,-0.075219578,-0.40378758,-0.87710037,0.26009715,1.3076735,-2.0022375,2.3
29,4000,2.000000,18,1.5964781,1.3770963,0.23146058,0.59528705,0.01259348,0.074247181,0.0083811436,-0.018491577,-0.10784178,-0.21689254,0.47340847,-0.85697741,-0.20365199,1.775883,-1.0660997,2.3
29,4000,2.000000,19,1.5964781,1.3233068,0.52066096,0.22408154,-0.11832174,-0.099098978,-0.0098139391,-0.12112441,-0.058745804,0.20303838,0.72748595,-0.60033056,0.33221592,1.2321444,-0.68992652,2.3
29,4000,2.000000,20,1.5964781,0.99552533,0.24209531,0.9974602,0.031316633,0.042000584,0.00416733,-0.038536308,0.15114488,0.18183364,-0.58662132,-0.6453522,-0.48928106,2.0820615,-2.3085584,2.3
29,4000,2.000000,21,1.5964781,0.92044008,0.57989845,1.3768612,-0.096470632,-0.048969418,-0.069347787,-0.12532294,0.18400446,0.022697555,0.81766238,-0.48374654,-0.3121178,1.8882177,-0.53423597,2.3
29,4000,2.000000,22,1.5964781,1.3951824,0.2196092,1.4541919,0.028378258,-0.017535706,0.0084776449,-0.16353586,0.32363509,0.014602572,-0.45228267,-0.86318769,-0.22438225,1.7971054,-2.0534339,2.3
29,4000,2.000000,23,1.5964781,1.4149619,0.6438846,0.9521799,0.0085734739,0.050314502,-0.013771771,0.029775204,0.073009168,-0.053526726,0.15624611,-0.77472426,-0.61269036,2.2302566,-1.3717863,2.3
29,4000,2.000000,24,1.5964781,0.92299081,1.0254884,0.22488763,-0.07545791,0.003175423,0.03677715,0.056276045,-0.1370727,-0.082270396,-0.26759312,-0.71969856,0.64064648,0.87545641,-1.9267698,2.3
29,4000,2.000000,25,1.5964781,1.0585783,1.4580541,0.65946774,0.080179141,0.06050461,0.07115552,0.11893476,0.09162401,-0.14261379,0.10705991,-0.3305446,-0.93769848,2.7867423,-1.2575692,2.3
29,4000,2.000000,26,1.5964781,1.3891484,1.0692674,0.50717437,-0.0014516467,0.054639748,-0.090753913,0.13481316,0.17496516,0.089591818,0.25264064,-0.87685589,-0.4090189,1.992175,-1.290273,2.3
29,4000,2.000000,27,1.5964781,1.4628448,1.3866581,0.16995599,0.053061181,0.00062511294,-0.051260567,0.17232751,-0.076816223,0.035304642,-0.61425475,-0.73881094,-0.27721743,1.8516932,-2.2643984,2.3
29,4000,2.000000,28,1.5964781,0.9002571,0.89252449,1.0367956,-0.12504715,-0.10529603,0.053015168,-0.31404456,-0.22970066,-0.22910273,0.37641185,-0.88659761,-0.26880996,1.8429536,-1.1693004,2.3
29,4000,2.000000,29,1.5964781,1.0011231,1.4347758,1.3840411,0.007547387,0.046061719,0.0022043744,-0.10144847,0.1148266,0.14082647,-0.45280326,-0.88904042,0.06764866,1.503096,-2.0418696,2.3
29,4000,2.000000,30,1.5964781,1.4522514,0.94371253,1.3964086,0.014086648,-0.034367077,0.016158226,-0.19562651,0.056947999,-0.14413726,0.092020314,-0.79403786,-0.60086283,2.2153764,-1.4554219,2.3
29,4000,2.000000,31,1.5964781,1.4195288,1.2830241,0.96183249,0.046606133,-0.13333037,-0.011054025,0.12320649,-0.28569086,0.027694684,-0.8989884,0.36733787,-0.23850104,1.8116184,2.7536838,2.3
30,4100,2.050000,0,1.5979331,0.20252255,0.24010798,0.24125561,0.00023736697,0.059101806,0.05453654,0.23658768,0.06229563,0.091987393,-0.080414174,-0.99581952,0.043324759,1.527458,-1.6513732,2.3
30,4100,2.050000,1,1.5979331,0.19232924,0.64056091,0.56850562,-0.00028783289,0.046394578,-0.031281177,0.093595411,0.067211442,0.21449277,0.59221041,-0.50622605,0.62691468,0.89320962,-0.7072786,2.3
30,4100,2.050000,2,1.5979331,0.65143115,0.15311581,0.61360092,0.04947799,-0.069292507,0.020419447,-0.22407959,-0.2152771,-0.099394326,0.48899524,-0.69255571,-0.53033031,2.1297865,-0.9560058,2.3
30,4100,2.050000,3,1.5979331,0.60469683,0.58756606,0.22662429,-0.021408997,-0.034223401,0.0054605238,0.15548778,-0.10871747,-0.04217733,-0.24508612,-0.68387525,-0.68720262,2.3284277,-1.9149156,2.3
30,4100,2.050000,4,1.5979331,0.12985562,0.21687625,1.0272815,-0.041702555,0.045095564,0.0349367,0.1320074,-0.18299908,-0.22997397,-0.12752419,-0.96450476,-0.23123179,1.8041399,-1.7022511,2.3
30,4100,2.050000,5,1.5979331,0.19833063,0.58637246,1.345955,-0.006005962,-1.8208167e-05,-0.069742042,0.044474137,0.041481073,-0.18584177,-0.0069360162,-0.92349332,0.3835518,1.1771571,-1.5783068,2.3
30,4100,2.050000,6,1.5979331,0.58326194,0.1881069,1.4415466,-0.047075349,-0.066489619,0.04621025,0.10395203,-0.12184029,0.052315648,0.094187704,-0.21903187,-0.97116102,2.9008493,-1.1646829,2.3
30,4100,2.050000,7,1.5979331,0.6117664,0.50336083,0.97622285,0.047727609,-0.071109781,0.001042521,-0.19809388,0.18653238,0.29780634,-0.8000872,-0.39939579,-0.44759744,2.0348731,-2.678593,2.3
30,4100,2.050000,8,1.5979331,0.16402384,0.96588453,0.18849094,-0.070106301,-0.036675769,0.0091063386,0.24797947,0.19296096,-0.22967041,0.54607389,-0.83758499,0.015959321,1.5548363,-0.99304283,2.3
30,4100,2.050000,9,1.5979331,0.13015834,1.4619799,0.58135169,-0.091823584,0.077584009,-0.022588516,0.027368011,0.12560803,-0.10229485,0.0094966169,-0.88475673,-0.46595638,2.0555115,-1.5600631,2.3
30,4100,2.050000,10,1.5979331,0.60565811,0.94466359,0.60161194,-0.0060068073,-0.047392521,-0.024092156,0.10438987,0.048955056,0.18405645,-0.048808006,0.43303431,0.90005503,0.45090054,1.6830343,2.3
30,4100,2.050000,11,1.5979331,0.59330827,1.3921011,0.19429477,0.024756901,-0.0003221326,-0.011518637,0.25165395,0.036455189,-0.085989528,-0.37920902,-0.38812421,-0.83997626,2.5680358,-2.3445766,2.3
30,4100,2.050000,12,1.5979331,0.29484951,1.0526034,0.96897307,0.094465081,0.045472984,-0.043599906,-0.046147708,0.027429698,0.023415324,-0.8787381,-0.31656702,-0.35721795,1.9360839,-2.7958141,2.3
30,4100,2.050000,13,1.5979331,0.22110159,1.4399587,1.3387209,0.042826612,0.027006067,-0.045654237,-0.08011235,0.13408337,0.045811175,-0.37267245,-0.67008006,-0.64195635,2.2678434,-2.0783574,2.3
30,4100,2.050000,14,1.5979331,0.5986926,1.0274038,1.4006722,0.02666022,0.049872073,-0.00063743219,-0.18070181,-0.19432969,0.088919191,-0.37217075,-0.92066036,0.11778554,1.4527367,-1.9549553,2.3
30,4100,2.050000,15,1.5979331,0.61004669,1.483096,1.0374497,0.0099555666,0.10245051,0.034734729,-0.15984637,-0.20639973,0.06439148,-0.17164128,-0.8972204,0.4068597,1.1517826,-1.7598159,2.3
30,4100,2.050000,16,1.5979331,1.0811282,0.083996216,0.23611561,0.10736357,-0.080366032,0.045664089,0.034097694,-0.076498494,0.057252191,-0.93000616,0.36032617,0.072481686,1.498251,2.7719562,2.3
30,4100,2.050000,17,1.5979331,1.0642822,0.64264088,0.63239811,0.033999499,0.045270987,0.047497758,-0.17151779,-0.25049771,-0.069408801,-0.37596248,-0.88375148,0.27863152,1.2884274,-1.9730197,2.3
30,4100,2.050000,18,1.5979331,1.3777625,0.22685521,0.58682337,0.012004931,0.069433056,-0.00062097968,-0.016155078,-0.090709936,-0.096032524,0.28676982,-0.93894921,-0.19009853,1.7620588,-1.2743784,2.3
30,4100,2.050000,19,1.5979331,1.3192518,0.52179055,0.23368485,-0.12358043,-0.098444214,-0.00041913512,-0.10814893,0.034582703,0.16632089,0.82228444,-0.27600544,0.49766384,1.049893,-0.3238403,2.3
30,4100,2.050000,20,1.5979331,0.99952775,0.24845821,1.0066916,0.034410328,0.048140046,0.012485832,0.16366151,0.13223102,0.1602931,-0.48101947,-0.75684864,-0.44249339,2.0291735,-2.1369503,2.3
30,4100,2.050000,21,1.5979331,0.91537883,0.59019368,1.3793398,-0.10236808,-0.039207142,-0.068124593,-0.085721418,0.18325507,0.079409457,0.75910617,-0.60896128,-0.23005213,1.8029276,-0.67608602,2.3
30,4100,2.050000,22,1.5979331,1.386464,0.23618507,1.4576788,0.01839288,-0.0011674352,0.010638165,-0.25688688,0.34555766,0.046177298,-0.64352468,-0.729026,-0.23323179,1.8061961,-2.2939811,2.3
30,4100,2.050000,23,1.5979331,1.4155972,0.64627266,0.94978591,0.0079195164,0.052114906,-0.017032089,-0.018543962,0.0022124273,-0.10683402,0.087450006,-0.76291945,-0.64055165,2.2660127,-1.4566689,2.3
30,4100,2.050000,24,1.5979331,0.9258866,1.0180412,0.21867088,-0.07340426,-0.0052025821,0.030358358,0.015728016,-0.20075223,-0.18688366,-0.10828103,-0.67973291,0.7254229,0.75914772,-1.7287684,2.3
30,4100,2.050000,25,1.5979331,1.0662722,1.4625213,0.65324675,0.086905106,0.063641503,0.064336602,0.13579662,0.067819947,-0.082066993,0.11363644,-0.33566875,-0.93510066,2.7793393,-1.2443694,2.3
30,4100,2.050000,26,1.5979331,1.3944071,1.0755997,0.51297173,0.0025392497,0.059995073,-0.085421215,0.060079758,0.044231695,0.11854616,0.366922,-0.8451681,-0.38866326,1.9699767,-1.1612088,2.3
30,4100,2.050000,27,1.5979331,1.4719024,1.3844638,0.17032522,0.060781986,-0.002831329,-0.051046335,0.16974164,-0.039490085,-0.0095540576,-0.64087511,-0.72887108,-0.24088594,1.8140749,-2.2920401,2.3
30,4100,2.050000,28,1.5979331,0.88927829,0.88454831,1.025928,-0.13684108,-0.11408165,0.041208095,-0.17994085,-0.064353316,-0.22993871,0.39337513,-0.82886031,-0.39780221,1.9799164,-1.1276763,2.3
30,4100,2.050000,29,1.5979331,0.99713267,1.443016,1.3934407,0.0026467852,0.052991076,0.01033886,-0.12039425,0.1561527,0.17871616,-0.40958269,-0.91055166,0.056015106,1.5147519,-1.993499,2.3
30,4100,2.050000,30,1.5979331,1.4458369,0.94888673,1.3924188,0.0063521085,-0.030054931,0.010898083,-0.15224575,0.12425576,-0.10633628,-0.063771582,-0.80641574,-0.58790037,2.1992572,-1.6497124,2.3
30,4100,2.050000,31,1.5979331,1.4259043,1.2697394,0.96505689,0.051685653,-0.14777778,-0.008707302,0.063931594,-0.32264427,0.041734643,-0.97570844,-0.0079780289,-0.21892783,1.7915118,-3.1334162,2.3
31,4200,2.100000,0,1.6012573,0.2146834,0.2456299,0.24608622,0.01196471,0.064119013,0.058860759,0.25860323,0.11196754,0.10769441,-0.11269617,-0.99322907,0.028206003,1.5425866,-1.6837776,2.3
31,4200,2.100000,1,1.6012573,0.19589838,0.64244627,0.5799482,0.0028779132,0.046946781,-0.021031936,0.048691362,-0.025836837,0.23384257,0.67378179,-0.66085027,0.33059798,1.2338592,-0.77570926,2.3
31,4200,2.100000,2,1.6012573,0.64085257,0.14209309,0.6106025,0.037556596,-0.080621984,0.016148963,-0.25175014,-0.23145824,-0.056823757,0.64054355,-0.55581896,-0.52987663,2.1292514,-0.71469771,2.3
31,4200,2.100000,3,1.6012573,0.61383645,0.58045829,0.22278621,-0.013535535,-0.042544868,0.0011554668,0.16567858,-0.21849006,-0.090214164,-0.11677161,-0.61748939,-0.77786326,2.4620548,-1.7576963,2.3
31,4200,2.100000,4,1.6012573,0.13585895,0.20713014,1.0160122,-0.035975326,0.034908859,0.021544247,0.10284855,-0.20201487,-0.28486065,-0.30705354,-0.86711424,-0.39221298,1.9738324,-1.9111276,2.3
31,4200,2.100000,5,1.6012573,0.19999077,0.59186701,1.3411963,-0.0047597156,0.0042520485,-0.077292923,-0.020070403,0.1129131,-0.139463,0.080167728,-0.98744686,0.13609497,1.4342777,-1.4897871,2.3
31,4200,2.100000,6,1.6012573,0.5897521,0.18116141,1.4485593,-0.041804043,-0.073818816,0.050219868,0.11058583,-0.21426744,0.10856228,0.1229177,-0.16979768,-0.9777832,2.9304076,-0.94420503,2.3
31,4200,2.100000,7,1.6012573,0.59900378,0.50941392,0.99185346,0.033706881,-0.06610904,0.014628145,-0.29746695,0.034181127,0.24328563,-0.69252594,-0.65418952,-0.30404589,1.8797331,-2.3846534,2.3
31,4200,2.100000,8,1.6012573,0.17777493,0.97646206,0.17977401,-0.056710356,-0.02811649,6.7399438e-06,0.26537822,0.16797589,-0.13731399,0.63456815,-0.77239622,0.026969223,1.5438238,-0.88304791,2.3
31,4200,2.100000,9,1.6012573,0.13126305,1.4705349,0.57682939,-0.090990508,0.083091903,-0.028314275,0.041363894,0.085256397,-0.12997863,0.083463562,-0.7962861,-0.59913461,2.2132161,-1.4663616,2.3
31,4200,2.100000,10,1.6012573,0.61065174,0.95155334,0.61423929,-0.0022770216,-0.042473104,-0.012728161,0.075503709,0.12374765,0.26813323,-0.029629442,0.46787265,0.88329909,0.48794296,1.6340399,2.3
31,4200,2.100000,11,1.6012573,0.6072502,1.3967952,0.19258329,0.037451367,0.0014740133,-0.013632123,0.24599102,0.042305627,-0.010069652,-0.33015302,-0.42983604,-0.84038084,2.5687818,-2.2257752,2.3
31,4200,2.100000,12,1.6012573,0.29070642,1.055202,0.9747992,0.089713544,0.04588145,-0.039793521,-0.12516216,6.4593558e-05,0.061271015,-0.87850794,-0.40691155,-0.25029341,1.8237796,-2.7078285,2.3
31,4200,2.100000,13,1.6012573,0.21748506,1.4480013,1.3438374,0.03875435,0.0320478,-0.043325108,-0.062498445,0.066664426,-0.0078412157,-0.40138422,-0.76440702,-0.50455189,2.0996592,-2.0543157,2.3
31,4200,2.100000,14,1.6012573,0.59137399,1.020853,1.4077903,0.018105015,0.041192949,0.0035624793,-0.16137966,-0.14551515,0.11740069,-0.24413904,-0.96447158,0.100949,1.4696751,-1.818721,2.3
31,4200,2.100000,15,1.6012573,0.60546445,1.4746608,1.0418125,0.0041102922,0.090941869,0.036936991,-0.11377956,-0.25505671,0.017342106,-0.29654038,-0.90248151,0.31239547,1.2530827,-1.8882658,2.3
31,4200,2.100000,16,1.6012573,1.0835889,0.083111466,0.23733764,0.1075749,-0.081424422,0.046394167,-0.0070400148,0.061167876,-0.024765491,-0.87151219,0.47648317,0.11588911,1.4546462,2.6412623,2.3
31,4200,2.100000,17,1.6012573,1.0581391,0.63123204,0.62795765,0.025651014,0.032538474,0.041747669,-0.18719547,-0.246505,-0.14308835,-0.30913498,-0.91724799,0.25118058,1.3168966,-1.8958652,2.3
31,4200,2.100000,18,1.6012573,1.3794701,0.22307847,0.58365883,0.010847495,0.065188791,-0.005001758,-0.024477077,-0.07403357,-0.075451221,0.14360267,-0.95911193,-0.24389052,1.8171718,-1.4221757,2.3
31,4200,2.100000,19,1.6012573,1.3178066,0.52732276,0.2386684,-0.12776573,-0.094002124,0.0040736014,-0.069428172,0.086203245,0.064866681,0.84792775,0.11474174,0.51754503,1.026817,0.13450317,2.3
31,4200,2.100000,20,1.6012573,1.0101474,0.25486067,1.0172351,0.042941712,0.054019518,0.020926367,0.13962794,0.12464931,0.15475592,-0.4137207,-0.82475073,-0.38551449,1.9665617,-2.035748,2.3
31,4200,2.100000,21,1.6012573,0.9140409,0.59909873,1.3895062,-0.10560694,-0.031537864,-0.060835281,-0.073743979,0.13016272,0.2061665,0.65633827,-0.7407232,-0.14334999,1.7146419,-0.84572659,2.3
31,4200,2.100000,22,1.6012573,1.3754573,0.25241865,1.4641963,0.0045162502,0.014558456,0.014119635,-0.23219764,0.25889169,0.06425335,-0.81450276,-0.56873424,-0.11457144,1.6856199,-2.5320358,2.3
31,4200,2.100000,23,1.6012573,1.4180146,0.64991281,0.94498416,0.0073925795,0.054408211,-0.023802674,0.0033958773,0.02622282,-0.1781438,0.040834114,-0.80751526,-0.58843154,2.1999139,-1.5202718,2.3
31,4200,2.100000,24,1.6012573,0.92966835,1.0113123,0.20898076,-0.07155059,-0.014040185,0.020223858,0.045467126,-0.10881759,-0.22177702,0.010364618,-0.70380432,0.71031828,0.78084604,-1.5560708,2.3
31,4200,2.100000,25,1.6012573,1.0749671,1.4699418,0.6507856,0.09337509,0.068014922,0.060520445,0.070647674,0.063093479,-0.063483152,0.18074911,-0.45128134,-0.87388495,2.6339337,-1.1898381,2.3
31,4200,2.100000,26,1.6012573,1.3997478,1.0806296,0.51903651,0.004976488,0.062784464,-0.080428779,0.013489916,0.083628414,0.09574652,0.51443801,-0.78580901,-0.34330413,1.9212289,-0.9911519,2.3
31,4200,2.100000,27,1.6012573,1.484597,1.3838753,0.16711091,0.070404576,-0.0062964319,-0.054611271,0.20097272,-0.050860233,-0.11524082,-0.64598033,-0.71300068,-0.27265261,1.8469454,-2.3069178,2.3
31,4200,2.100000,28,1.6012573,0.88641472,0.88865059,1.0168946,-0.14154975,-0.11182188,0.03005198,-0.030432093,0.19370275,-0.2019867,0.4426918,-0.79348053,-0.41762738,2.0016288,-1.0618994,2.3
31,4200,2.100000,29,1.6012573,0.99213416,1.4546143,1.406098,-0.0044187617,0.06157858,0.020087267,-0.092940718,0.16179405,0.2067859,-0.36012171,-0.93271184,0.018999328,1.5517959,-1.9392644,2.3
31,4200,2.100000,30,1.6012573,1.4423135,0.95788293,1.3883603,-0.00017228391,-0.023040025,0.0039501045,-0.1290485,0.13325047,-0.1312192,-0.20111125,-0.79576149,-0.57124243,2.1788151,-1.8183409,2.3
31,4200,2.100000,31,1.6012573,1.4329136,1.2579887,0.97066858,0.055724338,-0.16215502,-0.0051069968,0.093093778,-0.24199805,0.086618399,-0.89538601,-0.44007766,-0.067937826,1.6387865,-2.6847722,2.3
32,4300,2.150000,0,1.6048451,0.22786953,0.25166806,0.25099178,0.024655617,0.069600674,0.063210065,0.15021372,0.15875269,0.060106593,-0.11468314,-0.9929906,-0.028591099,1.5993913,-1.6857796,2.3
32,4300,2.150000,1,1.6048451,0.19783843,0.64499469,0.59114554,0.0043773475,0.048054487,-0.011145102,0.013764357,0.04466996,0.22602339,0.70620582,-0.70658185,-0.044893513,1.6157049,-0.78566433,2.3
32,4300,2.150000,2,1.6048451,0.6295855,0.13302911,0.61072861,0.024867815,-0.089993851,0.01490833,-0.27370567,-0.16786941,-0.035978577,0.69560885,-0.50726606,-0.50873321,2.104509,-0.63008203,2.3
32,4300,2.150000,3,1.6048451,0.61795693,0.56756305,0.2178152,-0.010793503,-0.056724827,-0.0043086147,-0.027198544,-0.27918963,-0.12429535,-0.008310849,-0.54919275,-0.83565439,2.5601194,-1.585928,2.3
32,4300,2.150000,4,1.6048451,0.14392809,0.19562028,1.003051,-0.028219273,0.022948282,0.0063235942,0.17863245,-0.2310603,-0.30901399,-0.46089203,-0.7527296,-0.47008158,2.0601795,-2.1202067,2.3
32,4300,2.150000,5,1.6048451,0.19996217,0.59883187,1.334891,-0.0052358803,0.0098844546,-0.086592942,0.025987963,0.1489756,-0.23748748,0.070584845,-0.99630115,-0.04900814,1.6198241,-1.5000676,2.3
32,4300,2.150000,6,1.6048451,0.59645407,0.16898966,1.4593281,-0.036429502,-0.086382423,0.057734662,0.12058586,-0.24881281,0.16755131,0.080776286,-0.18606375,-0.97921166,2.9373341,-1.161216,2.3
32,4300,2.150000,7,1.6048451,0.58365181,0.51001181,1.0017265,0.017031423,-0.06665195,0.022270254,-0.32806294,-0.029952293,0.099800785,-0.501809,-0.84284223,-0.19443429,1.766477,-2.1078097,2.3
32,4300,2.150000,8,1.6048451,0.19300128,0.98562068,0.17428316,-0.041898903,-0.021153553,-0.0058803282,0.26665057,0.14239036,-0.064595414,0.66307663,-0.74554054,0.067072297,1.5036736,-0.84387388,2.3
32,4300,2.150000,9,1.6048451,0.13423477,1.4765544,0.57229308,-0.088315891,0.085813383,-0.03413652,0.069832626,0.026532852,-0.071754465,0.14026064,-0.67781232,-0.72173223,2.377098,-1.366745,2.3
32,4300,2.150000,10,1.6048451,0.61505058,0.96205809,0.62861757,0.00075018984,-0.034109784,0.00025930301,0.066863427,0.21474565,0.24049266,0.043106812,0.4899645,0.87067594,0.51422141,1.4830428,2.3
32,4300,2.150000,11,1.6048451,0.6209462,1.4039753,0.19281325,0.049772956,0.0055199104,-0.013833441,0.24090187,0.095034884,0.026956432,-0.21801647,-0.42708326,-0.87753559,2.6414947,-2.0427909,2.3
32,4300,2.150000,12,1.6048451,0.28357414,1.056335,0.97992713,0.081938593,0.044651455,-0.036853045,-0.14695726,-0.030977307,0.087575559,-0.81619285,-0.56458386,-0.12277742,1.6938843,-2.5364396,2.3
32,4300,2.150000,13,1.6048451,0.21576325,1.4545438,1.3464676,0.036547707,0.035342141,-0.04370555,-0.048203685,0.038351199,-0.0058837073,-0.41778256,-0.85133784,-0.31730367,1.8936812,-2.0270057,2.3
32,4300,2.150000,14,1.6048451,0.58303854,1.0166489,1.4187564,0.0084553147,0.034708663,0.0113655,-0.23751982,-0.15836994,0.16551799,-0.10288933,-0.99325936,0.053381944,1.517389,-1.6740158,2.3
32,4300,2.150000,15,1.6048451,0.60248698,1.4624904,1.0445192,-0.00021894866,0.075484622,0.037309003,-0.051467169,-0.34871977,0.019701034,-0.41962382,-0.88997499,0.17849472,1.3913399,-2.0113857,2.3
32,4300,2.150000,16,1.6048451,1.0835278,0.087801554,0.23659722,0.10508863,-0.07692559,0.045123379,-0.045227076,0.070733887,-0.072182357,-0.82670071,0.55986334,0.055847769,1.5149195,2.5463152,2.3
32,4300,2.150000,17,1.6048451,1.0521826,0.61986419,0.62164498,0.017332969,0.019770554,0.034036611,-0.14141218,-0.28750582,-0.18828851,-0.31923555,-0.94266837,0.09728826,1.4733539,-1.8973251,2.3
32,4300,2.150000,18,1.6048451,1.3826132,0.22052731,0.58316865,0.010899717,0.062141206,-0.0067976883,0.024804149,-0.059187789,-0.042243596,0.056619361,-0.91482117,-0.39987058,1.982172,-1.508984,2.3
32,4300,2.150000,19,1.6048451,1.3185612,0.53504301,0.24130567,-0.1299614,-0.087470711,0.0061737553,0.0067297611,0.16171501,0.004655007,0.81613425,0.46116124,0.34821717,1.2151278,0.5143287,2.3
32,4300,2.150000,20,1.6048451,1.0202834,0.26148037,1.0276445,0.050805618,0.060061408,0.029047392,0.1883476,0.088948954,0.15484749,-0.38362639,-0.87324374,-0.30045993,1.8759712,-1.9847266,2.3
32,4300,2.150000,21,1.6048451,0.91257332,0.60753512,1.4035981,-0.10911861,-0.024451759,-0.049868935,-0.045541881,0.16034966,0.23535415,0.50277148,-0.86401153,-0.026550135,1.5973496,-1.0437892,2.3
32,4300,2.150000,22,1.6048451,1.3677674,0.2653625,1.4704764,-0.006243421,0.026922893,0.017115638,-0.20319888,0.19972876,0.076322465,-0.92088515,-0.37976201,0.088041837,1.4826404,-2.7504528,2.3
32,4300,2.150000,23,1.6048451,1.4222751,0.65475248,0.93900785,0.008474606,0.057787884,-0.031887295,0.020614527,0.10281121,-0.15794246,0.024546049,-0.85672565,-0.51518797,2.1120233,-1.5421532,2.3
32,4300,2.150000,24,1.6048451,0.93424652,1.0092383,0.19767795,-0.069058246,-0.018375278,0.0084659594,0.079276661,-0.087637335,-0.21394577,0.099413313,-0.74506739,0.65953892,0.85059114,-1.4381512,2.3
32,4300,2.150000,25,1.6048451,1.0794605,1.4734722,0.64817962,0.095457616,0.068251431,0.056460847,0.015924327,-0.046995851,-0.052644476,0.2485464,-0.6545978,-0.71395126,2.3659215,-1.2079173,2.3
32,4300,2.150000,26,1.6048451,1.4034291,1.0840061,0.52532491,0.0055209443,0.0637386,-0.075309071,-0.0061567833,-0.03299085,0.11557263,0.61376681,-0.74343639,-0.26569275,1.8397188,-0.8806508,2.3
32,4300,2.150000,27,1.6048451,1.4994981,1.3834476,0.16134813,0.081966299,-0.0098208964,-0.060741623,0.25798787,-0.1017701,-0.16781845,-0.6499112,-0.67247244,-0.35411332,1.9327621,-2.3391351,2.3
32,4300,2.150000,28,1.6048451,0.89252741,0.90341543,1.0114597,-0.1374278,-0.099062451,0.022347181,0.13753867,0.30297432,-0.12930857,0.48346825,-0.79263143,-0.37147526,1.9513938,-1.0230903,2.3
32,4300,2.150000,29,1.6048451,0.98817397,1.4660155,1.4208008,-0.010595039,0.069711417,0.031626591,-0.12857169,0.18194242,0.21665267,-0.31606466,-0.94869518,-0.0089765471,1.579773,-1.8923884,2.3
32,4300,2.150000,30,1.6048451,1.4399836,0.96563241,1.3853546,-0.0057276741,-0.017443063,-0.0021595446,-0.14158347,0.072038157,-0.056950753,-0.2869767,-0.79476422,-0.53478427,2.1350487,-1.9173113,2.3
32,4300,2.150000,31,1.6048451,1.4363318,1.2511558,0.97671857,0.05593168,-0.17179583,-0.0012362405,-0.066087796,-0.1360772,0.051040861,-0.6390039,-0.7644769,0.085141594,1.4855515,-2.2670302,2.3
33,4400,2.200000,0,1.6024797,0.23594164,0.25727769,0.2534685,0.033069791,0.075585644,0.06605882,0.14323498,0.10850232,0.046965181,-0.094389961,-0.98102762,-0.16933795,1.7409542,-1.6667165,2.3
33,4400,2.200000,1,1.6024797,0.19801938,0.64820955,0.59820825,0.0048502351,0.052223082,-0.0032052445,0.039224769,0.106632,0.1282865,0.67126177,-0.62399883,-0.40004137,1.9823583,-0.74892521,2.3
33,4400,2.200000,2,1.6024797,0.61379594,0.12642391,0.60946071,0.0099952416,-0.096407708,0.014540312,-0.33154713,-0.084250308,-0.052902377,0.68197081,-0.57343436,-0.4539701,2.0420123,-0.69915729,2.3
33,4400,2.200000,3,1.6024797,0.6149059,0.5520915,0.20978345,-0.0129353,-0.07137064,-0.012025015,-0.069634017,-0.30634512,-0.14932498,0.11094325,-0.47738206,-0.87166391,2.6293835,-1.3424504,2.3
33,4400,2.200000,4,1.6024797,0.15096377,0.18544668,0.98818265,-0.020966107,0.013055718,-0.007076253,0.11765052,-0.20594535,-0.23739623,-0.56540351,-0.65823722,-0.49703384,2.0909734,-2.2804728,2.3
33,4400,2.200000,5,1.6024797,0.20050266,0.60567902,1.3222213,-0.0044000538,0.017619928,-0.097303045,0.0042800424,0.12858889,-0.18015311,0.004881329,-0.98332551,-0.18178866,1.7536014,-1.5658323,2.3
33,4400,2.200000,6,1.6024797,0.60277592,0.15839657,1.4656612,-0.029223225,-0.096734072,0.066224935,0.13332093,-0.16148537,0.11510523,-0.057967126,-0.30780232,-0.94968287,2.8230181,-1.7569419,2.3
33,4400,2.200000,7,1.6024797,0.56685959,0.50529136,1.0065127,0.001087701,-0.07062362,0.028537514,-0.28156061,-0.10845554,0.14339813,-0.28218786,-0.95294559,-0.11074616,1.6817701,-1.8586913,2.3
33,4400,2.200000,8,1.6024797,0.20935839,0.99057465,0.17086516,-0.025245048,-0.014742143,-0.0090437883,0.38502941,0.10194756,-0.014540875,0.69123579,-0.71850932,0.077054821,1.493665,-0.80474217,2.3
33,4400,2.200000,9,1.6024797,0.13770923,1.4769155,0.56851567,-0.08464087,0.088352631,-0.037072593,0.10204497,0.020228529,-0.047070406,0.2241803,-0.59243215,-0.77380058,2.4556157,-1.2090423,2.3
33,4400,2.200000,10,1.6024797,0.61714789,0.97077616,0.63756757,0.0037562426,-0.023966254,0.010143116,0.022431748,0.1980608,0.14081947,0.15918056,0.49760046,0.8526754,0.54971128,1.2611874,2.3
33,4400,2.200000,11,1.6024797,0.6318702,1.405848,0.19364815,0.061620911,0.0094648026,-0.012713535,0.18708208,0.1306726,0.0073601961,-0.17148324,-0.39139368,-0.90410425,2.7000751,-1.9837396,2.3
33,4400,2.200000,12,1.6024797,0.27345425,1.0518622,0.98451341,0.072229505,0.041733436,-0.030817994,-0.2159223,-0.11029288,0.10195544,-0.68722394,-0.72582299,0.030070649,1.5407211,-2.3288851,2.3
33,4400,2.200000,13,1.6024797,0.21364043,1.4516443,1.3427591,0.03474157,0.034586006,-0.045430699,0.01906063,-0.027632362,0.0018919389,-0.4091573,-0.90405505,-0.12359117,1.6947043,-1.9957938,2.3
33,4400,2.200000,14,1.6024797,0.57164802,1.0068181,1.425847,-0.0020836356,0.026370182,0.020553954,-0.16142616,-0.15499871,0.15946428,-0.0081282411,-0.9982321,-0.058877925,1.6297083,-1.5789388,2.3
33,4400,2.200000,15,1.6024797,0.60042517,1.4436119,1.0440665,-0.0013936193,0.058749334,0.038396602,-0.028563732,-0.28821432,0.042378585,-0.47514294,-0.87797404,0.058316193,1.512447,-2.0668436,2.3
33,4400,2.200000,16,1.6024797,1.0795053,0.092472342,0.23313566,0.10266141,-0.072121848,0.042008247,-0.044787844,0.088220079,-0.085478069,-0.78513515,0.61278583,-0.089757031,1.6606743,2.4788652,2.3
33,4400,2.200000,17,1.6024797,1.0456817,0.60630369,0.61355884,0.012379239,0.0071143389,0.026861421,-0.063045364,-0.22937112,-0.12279323,-0.34946998,-0.93242631,-0.091934323,1.6628606,-1.9293884,2.3
33,4400,2.200000,18,1.6024797,1.3832871,0.21990963,0.5798333,0.013613424,0.061848344,-0.0092753256,0.074659433,0.024058267,-0.019389831,0.012295541,-0.83391524,-0.55175555,2.1552641,-1.556053,2.3
33,4400,2.200000,19,1.6024797,1.3188277,0.54308927,0.24007254,-0.12774988,-0.078629328,0.005295642,0.021520833,0.21880327,0.0058695565,0.75048668,0.65505356,0.087604667,1.4830792,0.71760439,2.3
33,4400,2.200000,20,1.6024797,1.0276239,0.26331974,1.0335443,0.05965638,0.062287818,0.036467342,0.19358911,0.010798586,0.11156633,-0.29669964,-0.93682335,-0.18528718,1.7571604,-1.8775104,2.3
33,4400,2.200000,21,1.6024797,0.91037247,0.61194442,1.4135102,-0.10997505,-0.019143095,-0.037879216,-0.00016796155,0.082992774,0.23260926,0.39033902,-0.91942785,0.047831767,1.5229463,-1.1693106,2.3
33,4400,2.200000,22,1.6024797,1.3563091,0.2750946,1.4711862,-0.015692812,0.037053581,0.019994944,-0.17514618,0.20744426,0.049109511,-0.9406642,-0.1921409,0.27970116,1.2873135,-2.9401035,2.3
33,4400,2.200000,23,1.6024797,1.4183317,0.65975117,0.92718504,0.0066261045,0.06375602,-0.042333795,-0.063078583,0.12172625,-0.1917861,0.011116915,-0.92832719,-0.37159795,1.951526,-1.5588217,2.3
33,4400,2.200000,24,1.6024797,0.935789,1.004668,0.18543962,-0.066136619,-0.021460348,-0.0034898236,0.0268932,-0.050821044,-0.21668575,0.1956269,-0.79638722,0.57227398,0.96152022,-1.3299226,2.3
33,4400,2.200000,25,1.6024797,1.0776196,1.4686132,0.64449299,0.095207494,0.065562208,0.053727557,-0.013798648,-0.071138854,-0.055056801,0.30242491,-0.83832238,-0.45360198,2.0415992,-1.2245768,2.3
33,4400,2.200000,26,1.6024797,1.4026555,1.0798194,0.53042804,0.0068168015,0.061147646,-0.069427328,0.079813257,-0.048827045,0.08788036,0.7230618,-0.67810777,-0.13172501,1.7029053,-0.75332594,2.3
33,4400,2.200000,27,1.6024797,1.5090352,1.3776658,0.14962175,0.093722236,-0.013566373,-0.072238669,0.19151493,-0.05960106,-0.30635251,-0.641291,-0.65938399,-0.3923756,1.9740092,-2.3422849,2.3
33,4400,2.200000,28,1.6024797,0.89864578,0.91592048,1.0042934,-0.12998844,-0.085215642,0.01666757,0.15550341,0.24439606,-0.11493834,0.50867323,-0.82100432,-0.25923629,1.8330277,-1.0161081,2.3
33,4400,2.200000,29,1.6024797,0.97826091,1.4721487,1.4306895,-0.019057866,0.078011468,0.04361822,-0.19596145,0.14009113,0.28285102,-0.27286089,-0.96189909,-0.017235998,1.5880332,-1.847204,2.3
33,4400,2.200000,30,1.6024797,1.4302416,0.9693118,1.3824701,-0.013352945,-0.012336656,-0.0030027726,-0.18178133,0.099922377,-0.011243428,-0.33089968,-0.83560763,-0.43848066,2.0247038,-1.9478487,2.3
33,4400,2.200000,31,1.6024797,1.4298289,1.2429327,0.9790572,0.05154257,-0.17817957,0.0025447623,-0.078358466,-0.12546484,0.1256096,-0.34071551,-0.91016036,0.23562906,1.3329305,-1.9289941,2.3
34,4500,2.250000,0,1.6027083,0.24193252,0.26370385,0.2529471,0.039026595,0.081974658,0.065501309,0.069565768,0.087854615,-0.078200225,-0.11376026,-0.95532768,-0.2727776,1.8470753,-1.689318,2.3
34,4500,2.250000,1,1.6027083,0.19965404,0.65452046,0.60477375,0.0064565391,0.05844109,0.0032744653,0.015061546,0.11995704,0.12005969,0.592281,-0.45352712,-0.66597025,2.29959,-0.65349231,2.3
34,4500,2.250000,2,1.6027083,0.59798997,0.12190896,0.60782841,-0.0058971476,-0.10094037,0.012821203,-0.35619082,-0.072348232,-0.036507212,0.65710402,-0.67929107,-0.32676894,1.9036791,-0.8019988,2.3
34,4500,2.250000,3,1.6027083,0.61049504,0.53810346,0.2031103,-0.017433545,-0.085436427,-0.018727603,-0.097177543,-0.23220175,-0.1430029,0.1673354,-0.43213158,-0.88614963,2.6597653,-1.2013446,2.3
34,4500,2.250000,4,1.6027083,0.15830636,0.17541858,0.97713991,-0.013645568,0.0030018848,-0.018259143,0.1238828,-0.17089981,-0.22124237,-0.61972251,-0.62306569,-0.47721394,2.068278,-2.3535044,2.3
34,4500,2.250000,5,1.6027083,0.20047061,0.61303863,1.3150502,-0.0044607023,0.024892633,-0.10466222,-0.028519713,0.14752426,-0.1415389,-0.061182722,-0.94574312,-0.31910285,1.895579,-1.6353991,2.3
34,4500,2.250000,6,1.6027083,0.6084298,0.15099915,1.4694864,-0.023655723,-0.10415356,0.069840759,0.12464964,-0.10820597,0.055221433,-0.20885148,-0.4765766,-0.85396476,2.5943543,-1.9838217,2.3
34,4500,2.250000,7,1.6027083,0.55407979,0.50034516,1.0113878,-0.011772046,-0.075641533,0.033268765,-0.23271266,-0.10706793,0.092344789,-0.077551362,-0.99231007,-0.096470304,1.6674169,-1.6487901,2.3
34,4500,2.250000,8,1.6027083,0.22432853,0.9943207,0.16992659,-0.010305834,-0.011137643,-0.01000666,0.25644965,0.066660233,0.015021724,0.72620041,-0.68339539,0.074857883,1.4958684,-0.75504061,2.3
34,4500,2.250000,9,1.6027083,0.14145022,1.4765848,0.56554671,-0.080919792,0.087811306,-0.040122426,0.041580742,-0.029734444,-0.076965971,0.34579057,-0.54086496,-0.76674245,2.4445476,-1.0019594,2.3
34,4500,2.250000,10,1.6027083,0.61608613,0.97808607,0.64194342,0.0026065294,-0.016795324,0.014427716,-0.054117402,0.12832424,0.0085077708,0.19470074,0.54103705,0.81815068,0.6126089,1.2253595,2.3
34,4500,2.250000,11,1.6027083,0.64037142,1.4127835,0.19493872,0.070031399,0.016199276,-0.011450671,0.22299574,0.13512939,0.01032677,-0.10410132,-0.37325264,-0.92187059,2.7436768,-1.8427876,2.3
34,4500,2.250000,12,1.6027083,0.26351196,1.0454007,0.9909652,0.062248923,0.035122429,-0.024507084,-0.19302639,-0.18216454,0.15623274,-0.46128799,-0.87183318,0.16468239,1.4053603,-2.057453,2.3
34,4500,2.250000,13,1.6027083,0.2153377,1.4491221,1.3451749,0.036408246,0.031856888,-0.043206649,0.077237985,-0.058245385,0.063203455,-0.3629465,-0.93124061,0.032569424,1.5382211,-1.9424312,2.3
34,4500,2.250000,14,1.6027083,0.56455021,1.001124,1.4337781,-0.0092624688,0.020532917,0.028281176,-0.11607986,-0.10317003,0.17543557,0.030932509,-0.97646979,-0.21342428,1.785875,-1.539129,2.3
34,4500,2.250000,15,1.6027083,0.60164945,1.432139,1.0493538,-0.00025505814,0.047071412,0.043534602,0.07228932,-0.18212927,0.1254833,-0.52297375,-0.85098703,-0.048161551,1.6189765,-2.1218454,2.3
34,4500,2.250000,16,1.6027083,1.0761529,0.09625508,0.22736367,0.099155225,-0.06835257,0.036203411,-0.07457307,0.074063377,-0.12071552,-0.7319497,0.64228662,-0.22741491,1.8002185,2.4213479,2.3
34,4500,2.250000,17,1.6027083,1.04336,0.59727658,0.60970707,0.0099085243,-0.0019986041,0.022922418,-0.075466998,-0.16142873,-0.05770126,-0.38009699,-0.89279454,-0.24175233,1.8149677,-1.9732923,2.3
34,4500,2.250000,18,1.6027083,1.3872241,0.22119824,0.57859826,0.01735283,0.063105492,-0.010592975,0.091363729,0.036476873,-0.034318748,0.067452144,-0.75989928,-0.64653174,2.2738257,-1.4822638,2.3
34,4500,2.250000,19,1.6027083,1.3185842,0.55402531,0.239187,-0.12818144,-0.067771525,0.0043759178,-0.0067749899,0.22321567,0.0079427616,0.71503239,0.69394446,-0.084674472,1.6555723,0.77043244,2.3
34,4500,2.250000,20,1.6027083,1.0386815,0.26180564,1.0399342,0.070566651,0.060736266,0.042709353,0.22286026,-0.065398501,0.18206217,-0.16357685,-0.9816782,-0.097726804,1.6686794,-1.7359091,2.3
34,4500,2.250000,21,1.6027083,0.91006207,0.61707815,1.4248198,-0.11041527,-0.014097016,-0.026772113,0.0058930297,0.13151263,0.20082035,0.25902919,-0.96419381,0.056869791,1.5138958,-1.3083446,2.3
34,4500,2.250000,22,1.6027083,1.3481299,0.28169538,1.4725614,-0.024064806,0.043614662,0.021160218,-0.17019032,0.14265239,-0.046668361,-0.90701974,-0.10602695,0.40752113,1.1510584,-3.0252248,2.3
34,4500,2.250000,23,1.6027083,1.4162517,0.66765183,0.91844739,0.0043439985,0.071562017,-0.051203068,-0.030530469,0.13248895,-0.1642034,0.019034814,-0.98042519,-0.19596969,1.7680425,-1.5513839,2.3
34,4500,2.250000,24,1.6027083,0.93943309,1.0012986,0.17401929,-0.062626254,-0.02497283,-0.014935786,0.078308089,-0.039192766,-0.27142634,0.2764077,-0.83978837,0.46728394,1.0845801,-1.2528248,2.3
34,4500,2.250000,25,1.6027083,1.0759376,1.4649062,0.6421604,0.093372001,0.061646037,0.051303204,-0.07983764,-0.10262821,-0.0036173699,0.37378081,-0.90878801,-0.1854515,1.7573276,-1.1805902,2.3
34,4500,2.250000,26,1.6027083,1.4090095,1.0783995,0.53467108,0.012970246,0.05957389,-0.065260242,0.13485734,-0.061038204,0.083085096,0.80798064,-0.58790573,0.039167973,1.5316183,-0.62902569,2.3
34,4500,2.250000,27,1.6027083,1.5197781,1.3774335,0.13510798,0.10424906,-0.013995187,-0.086772749,0.20839718,0.010723076,-0.32163404,-0.62129745,-0.67470259,-0.39845439,1.9806274,-2.3150101,2.3
34,4500,2.250000,28,1.6027083,0.90707654,0.92587408,1.0032932,-0.12168645,-0.075393384,0.015524114,0.1665952,0.16494563,0.030079018,0.44333955,-0.88060295,-0.1672976,1.7388843,-1.1043925,2.3
34,4500,2.250000,29,1.6027083,0.96978801,1.4791203,1.4406482,-0.02766969,0.084772568,0.053372215,-0.13852257,0.088213053,0.13439385,-0.17976625,-0.98259651,-0.046778057,1.6175915,-1.7517454,2.3
34,4500,2.250000,30,1.6027083,1.4209884,0.97359524,1.3811937,-0.022809487,-0.0081917735,-0.0044762053,-0.20619137,0.049327463,0.0011221666,-0.35451581,-0.87216496,-0.33711545,1.9146476,-1.9568746,2.3
34,4500,2.250000,31,1.6027083,1.4254824,1.2382764,0.98831081,0.046992443,-0.18301278,0.011658078,-0.071889457,-0.040826431,0.2082639,-0.014061607,-0.94497379,0.32684369,1.2378344,-1.5856756,2.3
35,4600,2.300000,0,1.6049373,0.24232434,0.26896742,0.24884693,0.039081906,0.086868081,0.061052444,-0.045391497,0.078856046,-0.072798352,-0.024953974,-0.92561615,-0.37764011,1.9580427,-1.5977491,2.3
35,4600,2.300000,1,1.6049373,0.20294224,0.66395071,0.60862489,0.0094649758,0.06695514,0.0062824175,0.11629061,0.17005835,0.0064617087,0.54031663,-0.28390909,-0.79211966,2.4850703,-0.4837993,2.3
35,4600,2.300000,2,1.6049373,0.58016499,0.11851994,0.61010542,-0.024540831,-0.10449647,0.014251881,-0.36721035,-0.10707133,0.038147281,0.63459988,-0.74804555,-0.19419283,1.7662309,-0.8672645,2.3
35,4600,2.300000,3,1.6049373,0.60830262,0.52901043,0.19863325,-0.020472901,-0.095270991,-0.023483824,-0.013107168,-0.17483044,-0.0053991158,0.11570527,-0.49948434,-0.8585614,2.6032535,-1.3431619,2.3
35,4600,2.300000,4,1.6049373,0.16168657,0.16747493,0.9677014,-0.010487725,-0.0051800528,-0.029049115,0.021461859,-0.10719141,-0.17016434,-0.63766282,-0.62149272,-0.45511858,2.0433017,-2.3690358,2.3
35,4600,2.300000,5,1.6049373,0.1982763,0.6206122,1.3071245,-0.0069320932,0.031608944,-0.11441011,-0.070723541,0.15205445,-0.23023728,-0.09169601,-0.87852611,-0.46881095,2.0587405,-1.6747946,2.3
35,4600,2.300000,6,1.6049373,0.61622066,0.14552094,1.4734465,-0.016715858,-0.10983783,0.071755846,0.072633158,-0.098189203,0.012045111,-0.40601918,-0.58076371,-0.70559332,2.3540564,-2.1809264,2.3
35,4600,2.300000,7,1.6049373,0.54586203,0.49422543,1.0173748,-0.020754146,-0.082452387,0.03784591,-0.13945916,-0.13245523,0.098471451,0.054743688,-0.97972957,-0.19269951,1.7647088,-1.514978,2.3
35,4600,2.300000,8,1.6049373,0.23796679,0.99716148,0.17333121,0.0030111903,-0.0096807315,-0.0068405679,0.24613539,0.0047422965,0.085672055,0.75563602,-0.65498376,-0.0032374781,1.5740338,-0.71416567,2.3
35,4600,2.300000,9,1.6049373,0.14296364,1.4773127,0.5632693,-0.079604004,0.086486583,-0.043184245,0.034594364,-0.037860933,-0.068627165,0.52194063,-0.45609373,-0.72080267,2.375756,-0.71817386,2.3
35,4600,2.300000,10,1.6049373,0.61203151,0.98689269,0.64272754,-0.0023015033,-0.0093541565,0.014319125,-0.13657255,0.18219784,-0.0011735533,0.18904862,0.6064883,0.77229047,0.68835753,1.2686311,2.3
35,4600,2.300000,11,1.6049373,0.65238431,1.4225716,0.1939875,0.081145965,0.024017166,-0.01267216,0.22608163,0.14748983,0.025992919,-0.025287977,-0.37531075,-0.92655402,2.7559424,-1.6380734,2.3
35,4600,2.300000,12,1.6049373,0.25428319,1.0328344,0.99918834,0.052660333,0.021111884,-0.017666886,-0.23716164,-0.33564578,0.069004845,-0.11741049,-0.95523368,0.27155734,1.2957855,-1.6930957,2.3
35,4600,2.300000,13,1.6049373,0.21897268,1.4477334,1.352055,0.039741433,0.028455176,-0.038200835,0.023936414,-0.089078515,0.16009932,-0.32420473,-0.93100208,0.16770933,1.4022907,-1.9058952,2.3
35,4600,2.300000,14,1.6049373,0.55957238,0.99698743,1.4444855,-0.015021448,0.015007855,0.036988445,-0.10243337,-0.14263683,0.1171478,0.084012588,-0.91931809,-0.38444263,1.9654003,-1.4796637,2.3
35,4600,2.300000,15,1.6049373,0.60753028,1.4261365,1.0565074,0.0047855224,0.039082725,0.049224936,0.10942898,-0.11765217,0.10610094,-0.60470933,-0.78614747,-0.1276667,1.6988124,-2.2264764,2.3
35,4600,2.300000,16,1.6049373,1.0725172,0.10059814,0.22372245,0.094026432,-0.064146295,0.032248739,-0.14690833,0.14953526,-0.032581938,-0.72449554,0.6295629,-0.28063636,1.8552534,2.4261897,2.3
35,4600,2.300000,17,1.6049373,1.0396224,0.59345844,0.60915392,0.0047235261,-0.0066441812,0.021522288,-0.12293673,-0.042421825,-0.010673366,-0.37528496,-0.88646875,-0.27080317,1.8450236,-1.9712671,2.3
35,4600,2.300000,18,1.6049373,1.3930057,0.2231213,0.57790921,0.021202427,0.064719798,-0.01208568,0.017762121,0.014916136,-0.044442443,0.16627559,-0.70412984,-0.69032861,2.3327395,-1.3389011,2.3
35,4600,2.300000,19,1.6049373,1.3217589,0.56665377,0.23807049,-0.12684145,-0.055921818,0.0029277706,0.038604657,0.22956422,-0.067918973,0.73994683,0.65614665,-0.14815623,1.7195,0.72544534,2.3
35,4600,2.300000,20,1.6049373,1.0523582,0.25861637,1.0502119,0.082790313,0.057185357,0.051534602,0.28123231,-0.091291649,0.16232688,0.010583078,-0.99158459,-0.12902714,1.7001842,-1.5601238,2.3
35,4600,2.300000,21,1.6049373,0.91103381,0.62350887,1.438258,-0.110709,-0.0085283656,-0.015323357,0.026788227,0.095565649,0.20944176,0.13118666,-0.98941641,0.062009897,1.5087466,-1.4389753,2.3
35,4600,2.300000,22,1.6049373,1.3430327,0.28902787,1.4692758,-0.03103213,0.050550564,0.015830366,-0.13297862,0.15207329,-0.15348804,-0.88020318,-0.18488822,0.43710262,1.1184216,-2.9345509,2.3
35,4600,2.300000,23,1.6049373,1.4172832,0.67627727,0.91160069,0.0034065062,0.079253572,-0.059321457,-0.025846099,0.17985862,-0.15690423,0.062389686,-0.99645333,-0.05646497,1.6272913,-1.5082662,2.3
35,4600,2.300000,24,1.6049373,0.94363821,1.0001963,0.16135777,-0.059729674,-0.027465962,-0.027830368,0.039707284,-0.045025007,-0.21265465,0.31881853,-0.82680099,0.46341652,1.0889495,-1.2027608,2.3
35,4600,2.300000,25,1.6049373,1.0735807,1.464469,0.64649224,0.089521362,0.059173252,0.054739572,-0.068504318,-0.075740947,0.092297567,0.43316266,-0.90005797,0.047599977,1.5231784,-1.1222521,2.3
35,4600,2.300000,26,1.6049373,1.4210038,1.0745006,0.53932591,0.022998031,0.054178939,-0.061351724,0.22152137,-0.13568704,0.054803449,0.84578714,-0.47458031,0.24375734,1.3245581,-0.51133355,2.3
35,4600,2.300000,27,1.6049373,1.5317405,1.3807699,0.1183472,0.11409104,-0.012575461,-0.10370965,0.20468626,0.048444694,-0.35954945,-0.63155597,-0.71366204,-0.303024,1.8786606,-2.2952346,2.3
35,4600,2.300000,28,1.6049373,0.91599458,0.93462971,1.0077204,-0.11403525,-0.067930604,0.018553893,0.14067098,0.16572388,0.12269374,0.30983743,-0.93945367,-0.14638156,1.7177058,-1.2522237,2.3
35,4600,2.300000,29,1.6049373,0.96854922,1.483193,1.4479938,-0.030255413,0.08678684,0.058710473,0.092855474,-0.0263392,0.043853925,-0.043017399,-0.99902859,-0.0095596925,1.5803562,-1.613829,2.3
35,4600,2.300000,30,1.6049373,1.4100675,0.97764918,1.3855438,-0.035697675,-0.0054937448,-0.0020487146,-0.24478083,0.047360548,0.087188952,-0.29031099,-0.91852678,-0.26838049,1.8425078,-1.8769226,2.3
35,4600,2.300000,31,1.6049373,1.4235447,1.2365861,0.99661913,0.043074928,-0.18642291,0.018587082,-0.087771278,-0.065542417,0.097621116,0.31955714,-0.89730525,0.30451031,1.261372,-1.2286711,2.3
36,4700,2.350000,0,1.608816,0.23859402,0.27306946,0.24686239,0.034771146,0.090315931,0.058469617,-0.16657929,0.038437376,-0.011706146,0.089217424,-0.87888669,-0.46861331,2.0585167,-1.469631,2.3
36,4700,2.350000,1,1.608816,0.21033595,0.67364677,0.60795759,0.016359906,0.075036844,0.0041467981,0.1590983,0.13089312,-0.075160962,0.56936044,-0.19271661,-0.7991802,2.4967265,-0.32637458,2.3
36,4700,2.350000,2,1.608816,0.56610262,0.11599147,0.612668,-0.039986673,-0.10730798,0.015338674,-0.28209576,-0.063795992,0.051110955,0.61758505,-0.78236234,-0.080609385,1.6514933,-0.90256158,2.3
36,4700,2.350000,3,1.608816,0.6106987,0.52501234,0.20071442,-0.019548056,-0.10054121,-0.021884633,0.039498834,-0.072230953,0.033711785,0.0086878258,-0.53181777,-0.84681426,2.5807633,-1.5544617,2.3
36,4700,2.350000,4,1.608816,0.16177345,0.16345189,0.96198451,-0.010791234,-0.0096025008,-0.037094997,-0.011738774,-0.067025243,-0.1117983,-0.66788454,-0.6195154,-0.41246929,1.9959593,-2.393748,2.3
36,4700,2.350000,5,1.608816,0.19352401,0.62738201,1.3003586,-0.012157264,0.036872538,-0.124323,-0.16472338,0.088679564,-0.15621721,-0.14105792,-0.7713357,-0.62059963,2.2403035,-1.7516725,2.3
36,4700,2.350000,6,1.608816,0.61540038,0.14193164,1.4770466,-0.01902261,-0.11377406,0.071794935,-0.1067952,-0.049085038,-0.0039404357,-0.52741472,-0.67544906,-0.51536617,2.1122312,-2.233742,2.3
36,4700,2.350000,7,1.608816,0.5423156,0.48669125,1.0248878,-0.025613924,-0.091170468,0.04289408,-0.087906972,-0.18631478,0.03978726,0.11608236,-0.91792547,-0.37939124,1.9599346,-1.4450024,2.3
36,4700,2.350000,8,1.608816,0.24802857,0.99796324,0.18179108,0.012486424,-0.011286929,0.0011907085,0.16251733,-0.069488116,0.20626988,0.75706642,-0.6461426,-0.096696291,1.6676439,-0.7065121,2.3
36,4700,2.350000,9,1.608816,0.14736484,1.4783851,0.55834513,-0.075553208,0.083991678,-0.049462127,0.1395313,-0.075275527,-0.1844671,0.63384434,-0.36226472,-0.6833781,2.3231761,-0.51922694,2.3
36,4700,2.350000,10,1.608816,0.60580606,0.99577484,0.64555195,-0.0099967958,-0.0028649116,0.015588691,-0.14133033,0.13917448,-0.0039909376,0.16634979,0.64654172,0.74452103,0.73097923,1.3189668,2.3
36,4700,2.350000,11,1.608816,0.66532883,1.4309322,0.19688008,0.092500134,0.028933804,-0.010251314,0.23638841,0.061775165,0.10202389,0.063420557,-0.48351139,-0.87303755,2.6321933,-1.4403743,2.3
36,4700,2.350000,12,1.608816,0.24683889,1.0158213,1.0052453,0.044611208,0.0016262552,-0.014029155,-0.12075486,-0.40469095,0.066211916,0.18990911,-0.93190275,0.30901748,1.2566366,-1.3697627,2.3
36,4700,2.350000,13,1.608816,0.21812361,1.4462804,1.3633074,0.038364817,0.023509367,-0.030225643,-0.039071723,-0.10735081,0.12708541,-0.31402302,-0.91287604,0.26085797,1.3068855,-1.9021098,2.3
36,4700,2.350000,14,1.608816,0.55781189,0.99357679,1.4523059,-0.018130539,0.0091947598,0.041312651,-0.033239519,-0.077269169,0.060245227,0.15706314,-0.8446242,-0.51180185,2.1080772,-1.3869401,2.3
36,4700,2.350000,15,1.608816,0.61435191,1.4226559,1.0639013,0.01013244,0.032163777,0.054059667,0.099468059,-0.10441734,0.069897681,-0.65997794,-0.72216601,-0.20713613,1.779443,-2.3112309,2.3
36,4700,2.350000,16,1.608816,1.064701,0.11116122,0.2230774,0.083630754,-0.053838778,0.031064436,-0.22854148,0.25361267,0.0086185745,-0.77302332,0.58892522,-0.23580083,1.8088389,2.4905527,2.3
36,4700,2.350000,17,1.608816,1.0374685,0.59533655,0.60979649,6.2724195e-05,-0.0062008489,0.020693688,-0.084072853,0.067150797,-0.0035590022,-0.33657266,-0.89960703,-0.27825536,1.8527736,-1.9288067,2.3
36,4700,2.350000,18,1.608816,1.3977358,0.22521421,0.57750641,0.022564393,0.066271612,-0.013882972,-0.009531376,0.055592096,-0.037772977,0.24692323,-0.63691423,-0.73032129,2.3895885,-1.2009497,2.3
36,4700,2.350000,19,1.608816,1.3274334,0.57929476,0.23531292,-0.12436434,-0.044663872,-0.00040114624,0.065258481,0.21691403,-0.073191599,0.81250862,0.56766829,-0.13259884,1.7037868,0.60982691,2.3
36,4700,2.350000,20,1.608816,1.0682766,0.25346303,1.0602673,0.096149286,0.051413972,0.059042885,0.29416116,-0.11562875,0.17218978,0.17143282,-0.96464443,-0.20017968,1.7723376,-1.3949165,2.3
36,4700,2.350000,21,1.608816,0.9157293,0.62937745,1.4505811,-0.10821826,-0.0041719108,-0.0064868455,0.042343008,0.036802,0.12998498,0.035133005,-0.99887228,0.031934905,1.538856,-1.5356382,2.3
36,4700,2.350000,22,1.608816,1.3427364,0.29760036,1.4607125,-0.034569942,0.058415054,0.0037307713,-0.056562747,0.1188287,-0.26349992,-0.83465867,-0.38286852,0.39592501,1.1637214,-2.7115169,2.3
36,4700,2.350000,23,1.608816,1.4190334,0.68743138,0.90569246,0.0017334454,0.088761811,-0.067423031,-0.028644271,0.21539228,-0.15558163,0.13547085,-0.98984241,-0.043123755,1.6139335,-1.4347803,2.3
36,4700,2.350000,24,1.608816,0.94791036,1.0004097,0.15232519,-0.057740469,-0.029667133,-0.037241554,0.037123079,-0.026884369,-0.16801563,0.33452487,-0.76060428,0.55639397,0.98075668,-1.1564448,2.3
36,4700,2.350000,25,1.608816,1.0729142,1.4679877,0.65511786,0.086264248,0.059152721,0.061794263,-0.035784159,0.014780482,0.20040077,0.51407339,-0.84449882,0.15016753,1.4200586,-1.023981,2.3
36,4700,2.350000,26,1.608816,1.4352436,1.0708385,0.54497328,0.033790562,0.047927568,-0.057013005,0.17263623,-0.12779025,0.11047414,0.80164391,-0.36304901,0.47493416,1.0759071,-0.42524689,2.3
36,4700,2.350000,27,1.608816,1.5462869,1.3895678,0.10035276,0.12492249,-0.0071210917,-0.12196808,0.24241951,0.13611528,-0.32399706,-0.6341479,-0.76355045,-0.12184888,1.6929488,-2.2638751,2.3
36,4700,2.350000,28,1.608816,0.92414236,0.94501071,1.0185176,-0.10810836,-0.059818165,0.026905618,0.10723674,0.16382551,0.16547344,0.22214554,-0.96036813,-0.16835797,1.7399599,-1.3434814,2.3
36,4700,2.350000,29,1.608816,0.97537519,1.4819325,1.4498955,-0.025775598,0.081947619,0.05711469,0.11594454,-0.14556752,-0.11178669,0.0027494599,-0.99222716,0.12440942,1.4460637,-1.5680253,2.3
36,4700,2.350000,30,1.608816,1.402366,0.98107002,1.3939948,-0.0467935,-0.0044369169,0.0030475507,-0.19825059,-0.013123633,0.083655932,-0.2015405,-0.94548882,-0.25579743,1.8294688,-1.7808132,2.3
36,4700,2.350000,31,1.608816,1.4225546,1.2369527,1.0031323,0.038649832,-0.18904167,0.022686671,-0.12295936,-0.023163313,0.063310611,0.61435366,-0.76376725,0.19806356,1.3714144,-0.89339468,2.3
37,4800,2.400000,0,1.6080668,0.22749748,0.27329441,0.24482675,0.023783163,0.090668126,0.056548491,-0.24809685,-0.022019609,-0.063457381,0.21703095,-0.79663104,-0.56416004,2.1702119,-1.3048154,2.3
37,4800,2.400000,1,1.6080668,0.21994464,0.67995696,0.60499144,0.026068807,0.081662288,0.0014631437,0.23624885,0.13568993,-0.0081282816,0.61156163,-0.23865096,-0.75434614,2.4254539,-0.3720575,2.3
37,4800,2.400000,2,1.6080668,0.55261412,0.11410496,0.61386906,-0.053214627,-0.1091409,0.01682539,-0.2565052,-0.025506152,0.082572633,0.63622082,-0.76965257,0.053460135,1.5173107,-0.88002493,2.3
37,4800,2.400000,3,1.6080668,0.61511322,0.52224633,0.20413559,-0.014848048,-0.10306331,-0.018369181,0.1324302,-0.020862138,0.08129649,-0.15702748,-0.53890158,-0.82760344,2.5456209,-1.8543302,2.3
37,4800,2.400000,4,1.6080668,0.16063982,0.15884912,0.95464622,-0.011849776,-0.014130207,-0.043986908,-0.027836009,-0.095184744,-0.12061501,-0.70374587,-0.56645073,-0.42880686,2.013968,-2.4638661,2.3
37,4800,2.400000,5,1.6080668,0.182148,0.62977731,1.2934829,-0.023445786,0.03956063,-0.13059458,-0.26490874,0.00049228608,-0.12677933,-0.25601769,-0.64694928,-0.71826985,2.3721088,-1.9476169,2.3
37,4800,2.400000,6,1.6080668,0.60768928,0.14174056,1.4742255,-0.026448851,-0.11389908,0.069661187,-0.13930354,0.026694682,-0.05323814,-0.56131945,-0.74554963,-0.35927179,1.9382838,-2.2161467,2.3
37,4800,2.400000,7,1.6080668,0.53985687,0.47786179,1.0252987,-0.027820623,-0.099775288,0.043782468,-0.043493244,-0.19298818,0.010137496,0.094218256,-0.83430462,-0.54319307,2.1450318,-1.4583425,2.3
37,4800,2.400000,8,1.6080668,0.25589627,0.99506548,0.19530767,0.020471492,-0.01372051,0.014795133,0.13788191,-0.032717704,0.31848089,0.73669495,-0.65171199,-0.18042183,1.7522116,-0.72426546,2.3
37,4800,2.400000,9,1.6080668,0.15347534,1.4731054,0.5470814,-0.069372641,0.079399418,-0.0604684,0.12481542,-0.12045279,-0.22022792,0.65404042,-0.25732695,-0.71134659,2.3622086,-0.37484015,2.3
37,4800,2.400000,10,1.6080668,0.5984624,1.0020088,0.64409684,-0.017059977,0.0038342866,0.014433933,-0.13845183,0.1889815,-0.040163104,0.1397716,0.64237731,0.7535352,0.71737321,1.3565508,2.3
37,4800,2.400000,11,1.6080668,0.67407895,1.4326763,0.20273934,0.1015622,0.031344881,-0.0042989917,0.1445286,0.036203123,0.15641623,0.17743127,-0.66487842,-0.72557207,2.3826617,-1.3100109,2.3
37,4800,2.400000,12,1.6080668,0.2446512,0.99516439,1.0055059,0.042537986,-0.018562312,-0.013300228,0.030473536,-0.36413345,-0.012192565,0.34219372,-0.89281024,0.29290498,1.2735327,-1.2047888,2.3
37,4800,2.400000,13,1.6080668,0.21721949,1.4379912,1.368224,0.037562085,0.015891906,-0.024672875,0.034569093,-0.17046298,-0.0095570984,-0.28494524,-0.91901197,0.27243935,1.2948689,-1.8714532,2.3
37,4800,2.400000,14,1.6080668,0.55664692,0.99210107,1.4511731,-0.019035949,0.0081815023,0.040856093,0.026928986,0.0029342575,-0.051049604,0.21849043,-0.80484391,-0.5518045,2.1553228,-1.3057155,2.3
37,4800,2.400000,15,1.6080668,0.61886929,1.4183489,1.0673954,0.014937041,0.028518455,0.058050071,0.066193299,-0.090045557,0.11011655,-0.72254401,-0.64036679,-0.26050052,1.8343369,-2.416417,2.3
37,4800,2.400000,16,1.6080668,1.0537818,0.12516173,0.22430474,0.073205,-0.039783226,0.032395968,-0.1828052,0.28655431,0.05219508,-0.83482573,0.54306399,-0.090263507,1.6611829,2.5648577,2.3
37,4800,2.400000,17,1.6080668,1.0323596,0.59833686,0.61033123,-0.004564149,-0.0029225274,0.02151259,-0.1040722,0.072343871,0.046696366,-0.24630137,-0.93092432,-0.2696582,1.8438344,-1.829447,2.3
37,4800,2.400000,18,1.6080668,1.3976525,0.23048268,0.5746352,0.023132127,0.07164621,-0.016485853,0.045743907,0.107096,-0.047070552,0.26733833,-0.53058938,-0.80436629,2.5054044,-1.1040721,2.3
37,4800,2.400000,19,1.6080668,1.3296186,0.590385,0.23015429,-0.12156032,-0.03330122,-0.0054513687,0.057886333,0.25118997,-0.13129979,0.89084537,0.44907664,-0.068736396,1.639587,0.46692356,2.3
37,4800,2.400000,20,1.6080668,1.0830194,0.24733716,1.0663253,0.1113931,0.045404734,0.06559616,0.27622631,-0.10569555,0.097327493,0.26265657,-0.92105206,-0.28753197,1.8624453,-1.2929998,2.3
37,4800,2.400000,21,1.6080668,0.91788223,0.6288843,1.4538044,-0.10563829,-0.0043720205,-0.0025871395,0.06716304,-0.041831288,0.011678416,-0.047041878,-0.9970271,-0.061024703,1.631859,-1.6179435,2.3
37,4800,2.400000,22,1.6080668,1.3396884,0.30103696,1.4472545,-0.036993159,0.061991068,-0.0090500309,-0.039041189,0.039766196,-0.24281363,-0.72792311,-0.62251871,0.28739937,1.2792858,-2.4340884,2.3
37,4800,2.400000,23,1.6080668,1.4166145,0.69739794,0.89577321,-2.4998286e-05,0.099050898,-0.076922716,-0.053085138,0.16259899,-0.25390544,0.12157985,-0.97600929,-0.18062171,1.7524148,-1.4468664,2.3
37,4800,2.400000,24,1.6080668,0.95007278,0.99958068,0.14943847,-0.055136012,-0.030030329,-0.040057989,0.066845194,0.017799111,0.029448912,0.24315554,-0.72973574,0.6390314,0.87755798,-1.2491564,2.3
37,4800,2.400000,25,1.6080668,1.068198,1.4679573,0.66422001,0.082046657,0.059806061,0.071203681,-0.12125201,-0.0037510907,0.19566478,0.61789024,-0.75228612,0.22864218,1.3401136,-0.88317196,2.3
37,4800,2.400000,26,1.6080668,1.4442567,1.0638373,0.54941122,0.043474339,0.041423591,-0.052320186,0.19184404,-0.12933735,0.081982653,0.69678422,-0.29101664,0.65559215,0.85582978,-0.39563445,2.3
37,4800,2.400000,27,1.6080668,1.552998,1.3959382,0.089845343,0.13235546,-0.00010194426,-0.1324312,0.017058229,0.14445249,-0.10235338,-0.56571374,-0.82271182,0.055796227,1.5149711,-2.1731657,2.3
37,4800,2.400000,28,1.6080668,0.92937008,0.95244043,1.0264199,-0.10244896,-0.051946532,0.035284211,0.092674743,0.1811749,0.18498449,0.22891,-0.95935399,-0.16504588,1.7366009,-1.3365675,2.3
37,4800,2.400000,29,1.6080668,0.9829485,1.4705553,1.4435967,-0.017746197,0.071258116,0.051489733,0.18986784,-0.24976527,-0.15112341,0.012500678,-0.96189892,0.27311939,1.2941621,-1.5578012,2.3
37,4800,2.400000,30,1.6080668,1.3924922,0.97968107,1.3984315,-0.056016404,-0.0053692086,0.0081346647,-0.15022614,-0.015923728,0.081158748,-0.14136585,-0.94923329,-0.28101933,1.8556524,-1.7186361,2.3
37,4800,2.400000,31,1.6080668,1.4146184,1.2359358,1.0081257,0.031374414,-0.18948257,0.028148536,-0.19405405,0.0095766724,0.12404558,0.79293144,-0.59910712,0.11104225,1.4595246,-0.64704989,2.3
38,4900,2.450000,0,1.6005384,0.21092421,0.2695741,0.24154328,0.0082384841,0.088221547,0.054406195,-0.34280823,-0.050374842,-0.046751699,0.34021496,-0.69827996,-0.62980861,2.2521031,-1.1174261,2.3
38,4900,2.450000,1,1.6005384,0.23190954,0.68667736,0.60215253,0.039093983,0.091589314,0.0014565917,0.28551314,0.20887848,0.018035898,0.63677539,-0.32495949,-0.69922702,2.345112,-0.47186982,2.3
38,4900,2.450000,2,1.6005384,0.53975046,0.11162533,0.61719188,-0.063515301,-0.1110909,0.02303673,-0.13731161,-0.041932691,0.088312415,0.6414121,-0.74666432,0.17630348,1.3935665,-0.8610793,2.3
38,4900,2.450000,3,1.6005384,0.62071508,0.51779752,0.20816447,-0.006346481,-0.10507185,-0.013372873,0.19440997,-0.015943826,0.12753441,-0.36961505,-0.51676353,-0.77223064,2.453141,-2.1916839,2.3
38,4900,2.450000,4,1.6005384,0.1570041,0.15519696,0.94591168,-0.014740208,-0.017045524,-0.048262129,-0.04867652,-0.017472011,-0.020496021,-0.72910785,-0.49476605,-0.47287239,2.0633442,-2.5453801,2.3
38,4900,2.450000,5,1.6005384,0.16429269,0.62530333,1.2828319,-0.040488319,0.038031471,-0.13520078,-0.4441857,-0.049950298,-0.044210731,-0.37999695,-0.54205964,-0.74951562,2.4181264,-2.1822094,2.3
38,4900,2.450000,6,1.6005384,0.60039663,0.1425199,1.463172,-0.030906959,-0.11245276,0.065499767,-0.071779294,0.0017694248,-0.136777,-0.4738935,-0.82334955,-0.31228268,1.8883913,-2.0930572,2.3
38,4900,2.450000,7,1.6005384,0.53534513,0.46510536,1.0221708,-0.029809598,-0.11031926,0.04545865,-0.017830111,-0.19679553,0.069745558,0.045304909,-0.76692822,-0.64013168,2.265466,-1.5117917,2.3
38,4900,2.450000,8,1.6005384,0.25888147,0.9891771,0.21471677,0.024664547,-0.014953211,0.035166397,0.061540687,-0.034923013,0.48355131,0.68527557,-0.68582183,-0.24504245,1.8183598,-0.78579658,2.3
38,4900,2.450000,9,1.6005384,0.15760868,1.4602651,0.531757,-0.064509367,0.073441686,-0.073261565,0.055366962,-0.1186912,-0.28648987,0.62183169,-0.17475671,-0.76340385,2.4393629,-0.27396856,2.3
38,4900,2.450000,10,1.6005384,0.5893941,1.0060288,0.63768513,-0.02334121,0.012565866,0.011029691,-0.11236193,0.20744319,-0.065594389,0.16737415,0.60944553,0.77495938,0.6841455,1.3027709,2.3
38,4900,2.450000,11,1.6005384,0.67758273,1.425394,0.21045846,0.10823746,0.030768483,0.0043896758,0.10066728,-0.052888205,0.22310638,0.32168244,-0.83188027,-0.45221192,2.0400401,-1.2018137,2.3
38,4900,2.450000,12,1.6005384,0.24864374,0.97289786,0.99693105,0.047687989,-0.036211213,-0.017176699,0.19306894,-0.30110796,-0.10415888,0.45789227,-0.8572011,0.23567128,1.3328871,-1.0801868,2.3
38,4900,2.450000,13,1.6005384,0.22062568,1.4263406,1.3524329,0.041995637,0.010961935,-0.034080407,0.072167626,-0.10839993,-0.30533088,-0.13959437,-0.96123661,0.23777635,1.3307204,-1.7150119,2.3
38,4900,2.450000,14,1.6005384,0.55704516,0.98934453,1.4391626,-0.016024608,0.010074097,0.035627235,0.058884527,0.021205372,-0.15897315,0.28396531,-0.80070177,-0.52748495,2.1264338,-1.229989,2.3
38,4900,2.450000,15,1.6005384,0.61661568,1.4106588,1.0675604,0.015582294,0.027466179,0.063224447,-0.042641171,0.020748226,0.10860459,-0.7910367,-0.54558544,-0.27676247,1.8512197,-2.5378066,2.3
38,4900,2.450000,16,1.6005384,1.0383993,0.13754367,0.22622665,0.06273141,-0.026784829,0.035374987,-0.20607805,0.22606116,0.043578014,-0.89091868,0.43917404,0.1157155,1.454821,2.6836048,2.3
38,4900,2.450000,17,1.6005384,1.023962,0.59870756,0.61143123,-0.0081369033,0.00025684544,0.025479272,-0.039285415,0.077861794,0.097550113,-0.046742358,-0.9629778,-0.26549746,1.8395162,-1.6192977,2.3
38,4900,2.450000,18,1.6005384,1.3951874,0.23320879,0.56882911,0.027219974,0.075460311,-0.019609019,0.12243388,0.04746364,-0.024764172,0.26489229,-0.39833389,-0.87815841,2.6427951,-0.98394802,2.3
38,4900,2.450000,19,1.6005384,1.3280801,0.59925761,0.22281783,-0.11686299,-0.021637252,-0.011725037,0.11948431,0.19786196,-0.14146813,0.94278397,0.33244065,0.025329856,1.5454638,0.33900337,2.3
38,4900,2.450000,20,1.6005384,1.0902359,0.23902985,1.0651515,0.12370885,0.038238561,0.069423554,0.21575124,-0.17019299,0.043359318,0.34941377,-0.85181824,-0.39027643,1.9717281,-1.18153,2.3
38,4900,2.450000,21,1.6005384,0.91791738,0.62229754,1.4461479,-0.10129572,-0.008023109,-0.0034393762,0.1055734,-0.077073756,-0.033961024,-0.023675803,-0.98695982,-0.15921614,1.7306929,-1.5947803,2.3
38,4900,2.450000,22,1.6005384,1.3346148,0.30145927,1.4291214,-0.035791944,0.063827045,-0.020434248,0.07255614,0.00057263076,-0.2055481,-0.50396903,-0.84100251,0.19679938,1.3727039,-2.1106627,2.3
38,4900,2.450000,23,1.6005384,1.4084386,0.70146197,0.87937578,-0.0015723582,0.10639716,-0.089155128,-0.017359446,0.16010379,-0.2266267,0.095262172,-0.9111645,-0.40087951,1.983273,-1.4666249,2.3
38,4900,2.450000,24,1.6005384,0.94813395,0.99822876,0.15034128,-0.052621008,-0.026694715,-0.03845179,0.041853769,0.078828743,0.038702579,0.071225852,-0.70774235,0.702871,0.79137066,-1.4704959,2.3
38,4900,2.450000,25,1.6005384,1.0565253,1.4601931,0.67103072,0.075359249,0.058912268,0.081147386,-0.11227855,-0.053012694,0.20011091,0.70313549,-0.65865242,0.26791318,1.29957,-0.75274458,2.3
38,4900,2.450000,26,1.6005384,1.4445889,1.0522664,0.54948187,0.050584725,0.034817728,-0.049671156,0.081524901,-0.14486364,0.026834006,0.57684835,-0.20142076,0.79162849,0.65732664,-0.33593926,2.3
38,4900,2.450000,27,1.6005384,1.5404788,1.398737,0.089406336,0.12709454,0.00925417,-0.13244962,-0.16231904,0.21937744,0.073755325,-0.44198819,-0.89616987,0.039064173,1.5317222,-2.0289867,2.3
38,4900,2.450000,28,1.6005384,0.92780936,0.95698297,1.0313201,-0.09965211,-0.042923804,0.045012565,0.042130607,0.16250874,0.17226694,0.28893634,-0.94253688,-0.16774988,1.7393431,-1.2733396,2.3
38,4900,2.450000,29,1.6005384,0.99016495,1.4497485,1.4285772,-0.0059001082,0.057303189,0.043209274,0.28048587,-0.26790905,-0.14476885,-0.0028970911,-0.9206863,0.39029264,1.1698469,-1.573943,2.3
38,4900,2.450000,30,1.6005384,1.3791364,0.97371319,1.3958608,-0.062869056,-0.0067537897,0.012120332,-0.15724337,-0.068355257,0.075434794,-0.12920411,-0.90417007,-0.40716431,1.9901435,-1.7127334,2.3
38,4900,2.450000,31,1.6005384,1.3995315,1.2319898,1.0096034,0.022890402,-0.18763799,0.03436055,-0.15075665,0.090644861,0.077804506,0.88898184,-0.45680394,0.032271378,1.5385193,-0.47466667,2.3
39,5000,2.500000,0,1.6067204,0.19520454,0.26663843,0.24008055,-0.008264059,0.084252315,0.052015128,-0.33048944,-0.091582539,-0.055026275,0.38194452,-0.63906434,-0.66761902,2.3018024,-1.0320977,2.3
39,5000,2.500000,1,1.6067204,0.24700324,0.69792107,0.60564782,0.053264628,0.10016425,0.0026238588,0.27162223,0.13586162,0.013047911,0.68129384,-0.42440507,-0.59642186,2.2098322,-0.55711648,2.3
39,5000,2.500000,2,1.6067204,0.53673001,0.11024746,0.62226388,-0.068610675,-0.11289644,0.02571969,-0.10494109,-0.037940285,0.059526211,0.65210973,-0.70147797,0.28754402,1.2791348,-0.82185415,2.3
39,5000,2.500000,3,1.6067204,0.63173126,0.52079994,0.21477393,0.0022556518,-0.10407132,-0.0075786064,0.15544456,0.0071904307,0.1421922,-0.57679449,-0.50315619,-0.64353863,2.2699088,-2.4242758,2.3
39,5000,2.500000,4,1.6067204,0.15355342,0.1542506,0.94829039,-0.018789505,-0.018588348,-0.049534494,-0.098429439,-0.021066643,-0.031861679,-0.73585291,-0.44196171,-0.5130208,2.1094966,-2.6007237,2.3
39,5000,2.500000,5,1.6067204,0.1435073,0.62519098,1.2887421,-0.061867077,0.035508791,-0.13424718,-0.36148867,-0.041356852,0.058469326,-0.48429761,-0.53691906,-0.69077765,2.3333603,-2.3047118,2.3
39,5000,2.500000,6,1.6067204,0.59863088,0.14198602,1.4627084,-0.034983841,-0.11353503,0.05939654,-0.078362553,-0.041058905,-0.11075401,-0.35955513,-0.87604427,-0.32135112,1.8979523,-1.9602619,2.3
39,5000,2.500000,7,1.6067204,0.53744608,0.45699153,1.0302606,-0.029776443,-0.12021047,0.049592412,0.0087373885,-0.20228211,0.1119339,0.0014970965,-0.7028784,-0.71130845,2.3621543,-1.5686664,2.3
39,5000,2.500000,8,1.6067204,0.26379168,0.9928655,0.23755943,0.028567328,-0.01508519,0.057137378,0.035154004,-0.015000892,0.4123388,0.62764093,-0.7167683,-0.3038257,1.879502,-0.85159612,2.3
39,5000,2.500000,9,1.6067204,0.15823133,1.458717,0.52104772,-0.064495501,0.06626732,-0.086000161,-0.01656069,-0.15916682,-0.21791048,0.55216779,-0.12089899,-0.8249207,2.5408582,-0.21555176,2.3
39,5000,2.500000,10,1.6067204,0.58935531,1.0217014,0.63450336,-0.025652039,0.024330127,0.0053957637,0.02511976,0.28506596,-0.12054248,0.19958722,0.49235232,0.84720372,0.56009675,1.1856651,2.3
39,5000,2.500000,11,1.6067204,0.68218425,1.4300581,0.22036096,0.11021805,0.029928764,0.01346181,0.028419731,0.0111479,0.11964312,0.4472723,-0.88500173,-0.12930362,1.700463,-1.1028449,2.3
39,5000,2.500000,12,1.6067204,0.25970447,0.96443972,0.99592868,0.057768921,-0.048403609,-0.022020316,0.22001906,-0.20230421,-0.080886407,0.5748825,-0.80618406,0.13991916,1.4304166,-0.95133847,2.3
39,5000,2.500000,13,1.6067204,0.22491214,1.427175,1.3403562,0.045423333,0.0062962155,-0.051347562,0.039633704,-0.083958257,-0.33586149,0.067303005,-0.97502302,0.21166111,1.3575221,-1.5018786,2.3
39,5000,2.500000,14,1.6067204,0.56242643,0.99453716,1.4359491,-0.012801103,0.011442815,0.026871953,0.0021951209,0.073195024,-0.18852823,0.42191886,-0.80112265,-0.42448437,2.0091887,-1.0860493,2.3
39,5000,2.500000,15,1.6067204,0.61958829,1.4171176,1.0777439,0.016172123,0.028474401,0.069272888,0.051559603,0.044464105,0.11066326,-0.86785581,-0.44101644,-0.22875924,1.8015993,-2.6714321,2.3
39,5000,2.500000,16,1.6067204,1.0331438,0.15147214,0.22812612,0.053482935,-0.013413386,0.036398699,-0.17479569,0.30518958,-0.01108586,-0.90789091,0.26209955,0.32716651,1.2374928,2.8605435,2.3
39,5000,2.500000,17,1.6067204,1.0242362,0.60370829,0.61830976,-0.011810682,0.0029399344,0.029987493,-0.089095158,0.037307256,0.13147854,0.13337724,-0.95640538,-0.25980619,1.8336178,-1.4322332,2.3
39,5000,2.500000,18,1.6067204,1.4045213,0.2346818,0.56993776,0.031157448,0.076031468,-0.020695338,0.032416749,0.015751073,0.019922782,0.21170798,-0.29131523,-0.93290684,2.7731985,-0.94235406,2.3
39,5000,2.500000,19,1.6067204,1.3380425,0.61324292,0.21831494,-0.11203947,-0.0099889816,-0.01707823,0.12447629,0.23202872,-0.10924636,0.98016346,0.19673924,0.023943045,1.546851,0.19808859,2.3
39,5000,2.500000,20,1.6067204,1.1060256,0.23175116,1.0668336,0.13526534,0.030052419,0.066996171,0.18605671,-0.18106542,-0.13816186,0.36464316,-0.83709203,-0.40781404,1.990855,-1.1599759,2.3
39,5000,2.500000,21,1.6067204,0.92615633,0.61784293,1.4479847,-0.096611189,-0.01486811,-0.0071810101,0.07547762,-0.17569749,-0.073932392,0.050873431,-0.9760495,-0.21151659,1.7839227,-1.5187217,2.3
39,5000,2.500000,22,1.6067204,1.345417,0.30149677,1.4281232,-0.03015554,0.06270235,-0.026939815,0.19234267,-0.0069656702,-0.10439848,-0.21787611,-0.96233944,0.16258168,1.4074897,-1.7934453,2.3
39,5000,2.500000,23,1.6067204,1.413732,0.71182529,0.8744141,-0.0017187128,0.1140364,-0.097497264,0.004218132,0.11887555,-0.14479809,0.0058390736,-0.76486559,-0.64416344,2.2707254,-1.5631624,2.3
39,5000,2.500000,24,1.6067204,0.95428371,1.0055808,0.15417257,-0.050138139,-0.023205013,-0.035207434,0.045761416,0.068487795,0.11640158,-0.071529059,-0.73486696,0.67442876,0.83060559,-1.6678267,2.3
39,5000,2.500000,25,1.6067204,1.0539358,1.4633844,0.68570507,0.068701788,0.056468402,0.093206681,-0.10802947,-0.043005775,0.26484085,0.78174216,-0.56079504,0.27274186,1.2945545,-0.62228599,2.3
39,5000,2.500000,26,1.6067204,1.453975,1.0494326,0.55142094,0.05438387,0.027932795,-0.049854067,0.094039066,-0.16701437,-0.059148538,0.49412519,-0.060115301,0.86730989,0.52102405,-0.1210651,2.3
39,5000,2.500000,27,1.6067204,1.5346576,1.4132946,0.094090371,0.11534596,0.01839163,-0.12811926,-0.28144484,0.15529753,0.087437098,-0.3620049,-0.92981449,-0.066313331,1.6371584,-1.9420709,2.3
39,5000,2.500000,28,1.6067204,0.93366188,0.96724331,1.0435521,-0.097387552,-0.036372372,0.05324536,0.0084786493,0.11964062,0.19712879,0.37169422,-0.92589905,-0.06748591,1.6383336,-1.189048,2.3
39,5000,2.500000,29,1.6067204,1.0082998,1.4450371,1.4276306,0.008382729,0.047012037,0.036757321,0.32348125,-0.21338647,-0.18247626,-0.0075271043,-0.91296145,0.40797639,1.1505598,-1.5790409,2.3
39,5000,2.500000,30,1.6067204,1.3767795,0.97441185,1.406354,-0.070538014,-0.0098101463,0.017212234,-0.15754506,-0.06691471,0.076841083,-0.16115856,-0.85139458,-0.49915448,2.0934191,-1.7578707,2.3
39,5000,2.500000,31,1.6067204,1.398012,1.2425679,1.0162627,0.015978673,-0.18182963,0.037114948,-0.089942823,0.12728553,0.041942947,0.92555009,-0.37658928,-0.039211443,1.6100178,-0.38642466,2.3
