frame,step,time_ps,molecule_id,box_nm,x_nm,y_nm,z_nm,dx_nonaffine_nm,dy_nonaffine_nm,dz_nonaffine_nm,vx_nm_ps,vy_nm_ps,vz_nm_ps,dipole_ux,dipole_uy,dipole_uz,theta_rad,phi_rad,dipole_debye
0,1100,0.550000,0,1.5713418,0.22901604,0.1822395,0.25974544,-0.0070533811,-0.0031206368,0.0035043714,-0.12658155,-0.11510115,0.037234685,0.82704035,-0.55333038,0.09914512,1.4714881,-0.58964999,0
0,1100,0.550000,1,1.5713418,0.18122109,0.57615279,0.59223461,-0.0012043368,-0.0054585102,-0.0024229323,0.050836841,-0.03967628,-0.044239225,-0.84472575,0.52416953,0.10809585,1.4624889,2.5862211,0
0,1100,0.550000,2,1.5713418,0.65305794,0.14696817,0.61570444,-0.000383745,-0.00021534297,-0.0064901862,0.0026882405,0.10060471,-0.0882076,0.86911668,-0.33407503,-0.36473288,1.9441422,-0.36697273,0
0,1100,0.550000,3,1.5713418,0.53895783,0.59351948,0.18479656,-0.0026527201,0.0022976446,0.0079223637,-0.041554124,0.045847825,0.16842869,-0.32804005,0.43360979,-0.83926889,2.5667335,2.2184654,0
0,1100,0.550000,4,1.5713418,0.13693574,0.17642533,0.93540476,-0.0079845795,-0.0072535268,-0.0052326174,-0.2006684,-0.12559207,-0.1664736,-0.017231292,-0.7498164,-0.66142153,2.2935088,-1.593773,0
0,1100,0.550000,5,1.5713418,0.17121467,0.62451959,1.3539489,-0.0061082396,0.0030306552,0.0086537878,-0.078795138,0.0097596272,0.19550262,-0.41797675,-0.022472186,-0.90817974,2.709711,-3.0878802,0
0,1100,0.550000,6,1.5713418,0.57758859,0.21624484,1.2647881,0.0038719892,-0.0063180826,-0.0064779125,0.093133604,-0.11558736,-0.13147779,-0.13749405,-0.87885018,-0.45685638,2.0452543,-1.725986,0
0,1100,0.550000,7,1.5713418,0.58166293,0.62928045,0.95666679,-0.0016003779,-0.00053729136,-0.0052557693,0.0052288149,-0.0090311408,-0.13922815,0.20499387,0.76923353,0.60519195,0.92078936,1.3103579,0
0,1100,0.550000,8,1.5713418,0.20935851,1.0027851,0.22308376,-0.0055554263,-0.0062298994,-0.0050464507,-0.15437636,-0.11683722,-0.089683174,-0.64177031,-0.57185604,0.51099075,1.0344593,-2.4137386,0
0,1100,0.550000,9,1.5713418,0.17957088,1.4274537,0.62286289,-0.0017199852,-0.0027765913,-0.0053837178,-0.057856076,-0.13085444,-0.0999106,-0.30557818,0.25111503,0.91845698,0.40663493,2.4537175,0
0,1100,0.550000,10,1.5713418,0.58091988,0.98998232,0.58353468,-0.0027154079,0.0047576778,0.008551554,-0.031714324,0.12916778,0.1892247,-0.36815272,-0.89365211,-0.25661153,1.830311,-1.961574,0
0,1100,0.550000,11,1.5713418,0.62793019,1.3951543,0.17309583,0.0018529796,0.00076136664,-0.0028885262,0.067339618,0.016191277,-0.025388437,0.81162914,-0.41505817,-0.41107767,1.9944322,-0.4727172,0
0,1100,0.550000,12,1.5713418,0.18555193,0.9815182,0.97048651,0.00012391958,-0.0092688177,0.0096752754,-0.028448163,-0.15313868,0.17878188,0.91196268,0.015759572,0.40997038,1.1483747,0.01727922,0
0,1100,0.550000,13,1.5713418,0.13767348,1.2524786,1.3961594,0.0052060138,0.00093971268,-0.008304609,0.14109258,-0.029356226,-0.18264064,0.050106919,0.84762634,-0.52822238,2.127302,1.5117506,0
0,1100,0.550000,14,1.5713418,0.63177044,0.9789271,1.3668652,-0.00017988143,-0.013449409,-0.004874838,-0.057959266,-0.20410431,-0.076408593,0.67572774,-0.47428373,0.56431105,0.97119784,-0.61199051,0
0,1100,0.550000,15,1.5713418,0.59425603,1.4175049,1.0104707,0.0037788946,-0.00081611487,0.0067301167,0.078124183,-0.055319355,0.14864725,-0.47079309,0.34387434,0.81246803,0.62242332,2.5107442,0
0,1100,0.550000,16,1.5713418,0.9282184,0.21388291,0.14803987,-0.0058760358,0.0022702938,0.0052451218,-0.081003898,0.040140775,0.10793028,-0.1930585,-0.95368931,-0.23066233,1.8035546,-1.7705305,0
0,1100,0.550000,17,1.5713418,0.98909984,0.58253668,0.608535,0.010517623,-0.00031231741,-0.0017627092,0.20203186,-0.024983127,-0.059488923,-0.44446478,-0.65731825,-0.60859163,2.2250808,-2.1653555,0
0,1100,0.550000,18,1.5713418,1.3758041,0.18527268,0.52894897,0.013454669,0.0082488095,-0.0010062808,0.30086467,0.17082977,-0.058348106,0.2777914,0.89719053,0.34333817,1.2203275,1.2705341,0
0,1100,0.550000,19,1.5713418,1.3856405,0.62157798,0.16731163,-0.0018846865,0.0021900222,-0.0011779748,-0.03984204,0.043249657,-0.039703014,-0.64633787,-0.70463711,0.29280351,1.2736388,-2.3130678,0
0,1100,0.550000,20,1.5713418,1.0331918,0.19467204,0.9909633,-0.0018658207,-0.0054937469,0.0028349946,-0.017063884,-0.097402058,-0.010222235,-0.54859939,0.79359883,-0.26313422,1.8370658,2.1756463,0
0,1100,0.550000,21,1.5713418,0.95570823,0.58505141,1.369746,-0.0039118458,-0.0035602639,-0.0049697328,-0.0083580764,-0.077129905,-0.11451072,-0.12034783,-0.14207557,0.98251256,0.18728933,-2.2735864,0
0,1100,0.550000,22,1.5713418,1.358935,0.28961134,1.4133548,0.00021302184,0.0010108087,-0.010010399,-0.021924793,0.012153642,-0.23308817,-0.47202273,-0.76028387,0.4462768,1.1081958,-2.1264063,0
0,1100,0.550000,23,1.5713418,1.4105189,0.61603266,0.98930948,-0.00059692037,0.0029458617,0.011593795,-0.042245091,0.052300512,0.23269624,-0.46957014,-0.55228161,-0.68883155,2.3306723,-2.2754278,0
0,1100,0.550000,24,1.5713418,0.9419692,0.93334721,0.18536352,0.0055049005,0.0086584609,0.0051472489,0.12483026,0.19217499,0.072890037,-0.1470005,-0.38189352,0.91244079,0.42158673,-1.9382402,0
0,1100,0.550000,25,1.5713418,0.99681315,1.3980631,0.57916482,0.0053207188,0.0078774892,-0.00083759309,0.099327045,0.083733136,-0.030044459,0.39107031,0.81686756,0.42401815,1.1329188,1.1242978,0
0,1100,0.550000,26,1.5713418,1.3852713,0.98450881,0.5760728,0.0058498359,0.0019282239,-0.0037042208,0.10724365,0.019394455,-0.072160491,-0.94815186,-0.04123799,0.31513089,1.2502018,-3.098127,0
0,1100,0.550000,27,1.5713418,1.3393021,1.3076129,0.14446943,0.0016249168,-0.0033726983,-0.0097187422,-0.018306448,-0.073654273,-0.19793997,-0.74835922,0.63834738,-0.1801974,1.7519835,2.4353619,0
0,1100,0.550000,28,1.5713418,0.99518034,1.0039856,0.97815292,0.0033535103,-0.0083911958,-0.010873764,0.064328106,-0.17201822,-0.19697138,0.66373195,-0.72321396,-0.1908441,1.7628183,-0.82825894,0
0,1100,0.550000,29,1.5713418,0.96726301,1.4255008,1.3716198,-0.0052493443,-0.0024944702,0.0053437208,-0.12801592,-0.058211414,0.10606732,0.524763,0.1998675,-0.82745198,2.5453511,0.3639087,0
0,1100,0.550000,30,1.5713418,1.3024922,0.96906178,1.4260457,0.0096551117,-0.0024843847,-0.0050889986,0.19663943,-0.032967434,-0.12101685,0.77174405,-0.57793774,-0.26532828,1.8393407,-0.64277899,0
0,1100,0.550000,31,1.5713418,1.4108032,1.3218175,1.0238287,-0.0030932757,0.0084223871,-0.0089516582,-0.073384525,0.18055936,-0.22944723,-0.43134856,0.20264379,-0.87913248,2.6448351,2.7024027,0
1,1200,0.600000,0,1.5713418,0.22424224,0.17362736,0.25982773,-0.011827178,-0.011732781,0.0035866592,-0.069727096,-0.24512169,-0.02810046,0.8499284,-0.52251225,0.067842959,1.5029012,-0.55121057,0
1,1200,0.600000,1,1.5713418,0.18283575,0.57380735,0.5919826,0.00041032842,-0.0078039524,-0.002674941,0.0024526466,-0.0066358184,-0.0021201983,-0.74558323,0.65833592,0.10343827,1.4671727,2.4182602,0
1,1200,0.600000,2,1.5713418,0.64980024,0.15292669,0.61130251,-0.003641453,0.0057431821,-0.010892116,-0.10011759,0.11495412,-0.090228261,0.85583686,-0.19563802,-0.47882046,2.070107,-0.22473134,0
1,1200,0.600000,3,1.5713418,0.5378337,0.59566834,0.19210917,-0.0037768565,0.0044465029,0.01523497,0.042389873,0.027356419,0.15139052,-0.33767881,0.26435496,-0.90337671,2.6983756,2.4773912,0
1,1200,0.600000,4,1.5713418,0.12876488,0.17232978,0.92636797,-0.01615544,-0.011349072,-0.01426941,-0.0069510904,-0.018993321,-0.1817301,-0.1297127,-0.68379558,-0.71805168,2.3717952,-1.758264,0
1,1200,0.600000,5,1.5713418,0.1693707,0.62543948,1.364564,-0.0079522054,0.003950546,0.019268869,-0.047811969,-0.00066199144,0.18653423,-0.46714542,-0.064985925,-0.88178908,2.6504385,-3.0033669,0
1,1200,0.600000,6,1.5713418,0.58197456,0.20960517,1.2587447,0.0082579573,-0.012957748,-0.012521273,0.069051081,-0.12525973,-0.12000148,-0.085594283,-0.79513995,-0.60035496,2.2147412,-1.6780302,0
1,1200,0.600000,7,1.5713418,0.58275617,0.62672703,0.94969673,-0.00050713942,-0.003090708,-0.012225825,0.065204981,-0.095574433,-0.12740692,0.31031018,0.714254,0.62733469,0.8926704,1.1609458,0
1,1200,0.600000,8,1.5713418,0.20190208,0.99789178,0.21884934,-0.013011859,-0.011123265,-0.0092808673,-0.15733505,-0.066486658,-0.085427699,-0.70131085,-0.54550961,0.45889254,1.094048,-2.480509,0
1,1200,0.600000,9,1.5713418,0.17763068,1.4176023,0.61913764,-0.0036601857,-0.01262799,-0.009108967,-0.0020652458,-0.2601071,-0.068612764,-0.24695854,0.25795457,0.93406152,0.36517434,2.3344199,0
1,1200,0.600000,10,1.5713418,0.58033065,0.99610602,0.594265,-0.0033046352,0.010881377,0.019281876,0.023213945,0.08664131,0.21979003,-0.5660663,-0.76181767,-0.31496473,1.8912158,-2.2098326,0
1,1200,0.600000,11,1.5713418,0.63138924,1.3947521,0.17204396,0.0053120301,0.00035913347,-0.0039403979,0.086197926,-0.01696872,-0.035452134,0.85229795,-0.34733584,-0.39108313,1.9726045,-0.3869797,0
1,1200,0.600000,12,1.5713418,0.18429486,0.97590514,0.97682013,-0.0011331457,-0.014881876,0.016008898,-0.021328711,-0.061512017,0.10115281,0.8672269,0.051364176,0.49525673,1.052666,0.059158959,0
1,1200,0.600000,13,1.5713418,0.14396211,1.2502309,1.3883721,0.011494642,-0.0013079448,-0.016091868,0.14056407,-0.045732224,-0.14288369,0.056664289,0.81993576,-0.56964419,2.1768692,1.5017978,0
1,1200,0.600000,14,1.5713418,0.62825007,0.97123045,1.3643465,-0.0037002572,-0.021146057,-0.007393548,-0.028636293,-0.09661276,-0.0044696313,0.61859999,-0.55128492,0.55983836,0.97660561,-0.72792164,0
1,1200,0.600000,15,1.5713418,0.59770337,1.4153793,1.0153573,0.0072262401,-0.0029416586,0.011616702,0.05516101,-0.040486551,0.028864406,-0.35290925,0.36771498,0.86037245,0.53479633,2.3356517,0
1,1200,0.600000,16,1.5713418,0.92570324,0.21543851,0.15185868,-0.0083912,0.0038258919,0.0090639334,-0.025609935,0.039510162,0.060147169,-0.2059053,-0.958798,-0.19572789,1.767796,-1.7823369,0
1,1200,0.600000,17,1.5713418,0.99849894,0.57928567,0.60448011,0.019916726,-0.0035633337,-0.0058175973,0.17796585,-0.087221847,-0.11696485,-0.46915436,-0.75724319,-0.45439734,2.0424919,-2.1254711,0
1,1200,0.600000,18,1.5713418,1.390303,0.19328874,0.52652036,0.02795357,0.016264871,-0.0034348885,0.2420759,0.14570344,-0.015791634,0.22506895,0.91524151,0.334181,1.2300602,1.3296688,0
1,1200,0.600000,19,1.5713418,1.3828384,0.62324219,0.16621749,-0.0046867969,0.0038542359,-0.0022721151,-0.093984076,0.070354097,-0.013639993,-0.47929326,-0.7339215,0.48128702,1.068674,-2.1493182,0
1,1200,0.600000,20,1.5713418,1.0333988,0.19091685,0.99027666,-0.0016588471,-0.009248941,0.0021483506,0.029662041,-0.068318004,-0.041255955,-0.57600862,0.75862258,-0.30447637,1.880185,2.2202116,0
1,1200,0.600000,21,1.5713418,0.957357,0.58066994,1.3643149,-0.0022630793,-0.0079417366,-0.010400857,0.061106909,-0.14727213,-0.120421,-0.05519959,-0.32612985,0.94371199,0.33711759,-1.7384638,0
1,1200,0.600000,22,1.5713418,1.3581145,0.28800566,1.4043509,-0.00060749805,-0.00059486766,-0.01901438,-0.0092909165,-0.068065869,-0.11378704,-0.43730513,-0.81663466,0.37665907,1.1846092,-2.0624364,0
1,1200,0.600000,23,1.5713418,1.4086477,0.61907107,0.9986748,-0.0024680699,0.0059842692,0.020959115,-0.060289739,0.045276265,0.12355819,-0.45025241,-0.5231214,-0.72361369,2.3798201,-2.2814716,0
1,1200,0.600000,24,1.5713418,0.94808773,0.94100096,0.18818055,0.011623429,0.016312211,0.0079642753,0.13999981,0.12457399,0.036638767,-0.12985511,-0.38691444,0.91292654,0.4203981,-1.8946009,0
1,1200,0.600000,25,1.5713418,1.0027534,1.395638,0.57748935,0.011260946,0.0054524312,-0.0025130545,0.14075277,-0.12710037,-0.03245944,0.51290467,0.70265083,0.49316387,1.0550734,0.94024683,0
1,1200,0.600000,26,1.5713418,1.3886907,0.98595775,0.57198148,0.0092692546,0.0033771683,-0.0077955401,0.012921305,0.020329979,-0.1232388,-0.94309702,0.029897761,0.33117085,1.2332521,3.1099016,0
1,1200,0.600000,27,1.5713418,1.3382465,1.3032303,0.13747094,0.00056935376,-0.0077552317,-0.016717226,-0.014913243,-0.093750567,-0.090607991,-0.72166858,0.6647472,-0.19314662,1.7651645,2.3972279,0
1,1200,0.600000,28,1.5713418,0.99930947,0.99622846,0.96994212,0.0074826406,-0.016148362,-0.01908456,0.088978922,-0.12219629,-0.096558517,0.63107395,-0.73645242,-0.24368729,1.8169623,-0.86230391,0
1,1200,0.600000,29,1.5713418,0.96238868,1.4206778,1.3763748,-0.01012367,-0.0073175122,0.010098709,-0.052557938,-0.15786155,0.093128354,0.38802135,0.22565154,-0.89359992,2.6760986,0.52673845,0
1,1200,0.600000,30,1.5713418,1.3089717,0.96837187,1.4185107,0.01613461,-0.0031742909,-0.012623944,0.11734513,0.0042281171,-0.12771513,0.7075818,-0.6573588,-0.2592439,1.8330356,-0.74861975,0
1,1200,0.600000,31,1.5713418,1.4064338,1.3308546,1.0118147,-0.0074626647,0.017459497,-0.020965633,-0.093968833,0.11867654,-0.21515557,-0.41503373,0.14623524,-0.89797676,2.6859462,2.8028299,0
2,1300,0.650000,0,1.5713418,0.22008525,0.16055632,0.25823744,-0.01598417,-0.024803822,0.0019963679,-0.089189381,-0.32150946,-0.050708962,0.8865125,-0.4564554,0.075789567,1.494934,-0.47548762,0
2,1300,0.650000,1,1.5713418,0.18219136,0.57374031,0.59305697,-0.00023406345,-0.007870998,-0.0016005744,-0.03828692,0.032662219,0.026404005,-0.62430754,0.77681415,0.082461344,1.4882412,2.2477752,0
2,1300,0.650000,2,1.5713418,0.64415319,0.15680216,0.60880188,-0.0092885011,0.0096186524,-0.013392743,-0.14244167,0.03309207,-0.024980142,0.7983697,-0.063284211,-0.59883298,2.2128395,-0.079101406,0
2,1300,0.650000,3,1.5713418,0.54130422,0.59723424,0.19927016,-0.00030633382,0.0060124085,0.022395961,0.10606041,0.02941966,0.17071058,-0.39334374,0.076834922,-0.91617525,2.7292269,2.9486839,0
2,1300,0.650000,4,1.5713418,0.13429983,0.17113805,0.91788058,-0.010620482,-0.012540801,-0.022756805,0.15634114,-0.011882028,-0.15223156,0.013005148,-0.60921991,-0.79289468,2.4863411,-1.5494524,0
2,1300,0.650000,5,1.5713418,0.1694679,0.62510658,1.3734828,-0.007855006,0.0036176465,0.028187648,0.014150705,-0.054302719,0.1670183,-0.51999387,-0.13218588,-0.84387989,2.5752704,-2.8926588,0
2,1300,0.650000,6,1.5713418,0.58370462,0.20223513,1.2537873,0.0099880159,-0.020327788,-0.017478717,0.0086474973,-0.13553001,-0.11968111,-0.020895743,-0.66718286,-0.74460083,2.410733,-1.6021055,0
2,1300,0.650000,7,1.5713418,0.5863424,0.61910022,0.94471755,0.00307909,-0.010717525,-0.017205007,0.069287981,-0.18135233,-0.065103274,0.37420726,0.6582858,0.65316823,0.85903533,1.0538931,0
2,1300,0.650000,8,1.5713418,0.19292653,0.99563987,0.21556804,-0.021987406,-0.013375173,-0.01256217,-0.19183291,-0.04558153,-0.065994877,-0.75817672,-0.49577949,0.42352186,1.1334668,-2.5624735,0
2,1300,0.650000,9,1.5713418,0.18042232,1.4069672,0.6151932,-0.00086853997,-0.023263123,-0.013053402,0.093283024,-0.17989191,-0.092035585,-0.17404124,0.2221165,0.9593612,0.28606669,2.2354312,0
2,1300,0.650000,10,1.5713418,0.58040507,1.0002114,0.60396642,-0.0032302167,0.014986765,0.028983299,0.006672714,0.078263824,0.14027326,-0.70516124,-0.59407733,-0.38706555,1.9682433,-2.4414863,0
2,1300,0.650000,11,1.5713418,0.63435344,1.3948755,0.16900623,0.0082762337,0.00048259704,-0.0069781251,0.032743107,0.0051961016,-0.068352348,0.85090385,-0.30802145,-0.42554133,2.0103563,-0.34731903,0
2,1300,0.650000,12,1.5713418,0.18544742,0.97348313,0.9775857,1.9413647e-05,-0.017303885,0.016774461,0.050273077,-0.035253954,-0.061915907,0.84008313,0.074711523,0.53728811,1.003578,0.088700131,0
2,1300,0.650000,13,1.5713418,0.1518118,1.2488463,1.3800503,0.01934434,-0.0026925499,-0.024413693,0.15684264,0.0091826076,-0.15779702,0.10436801,0.77763807,-0.619989,2.239525,1.437382,0
2,1300,0.650000,14,1.5713418,0.6236466,0.96890649,1.3651274,-0.0083037274,-0.023470024,-0.0066126554,-0.16209742,0.0077866417,0.06970484,0.57699716,-0.58214096,0.57287537,0.96078668,-0.78983574,0
2,1300,0.650000,15,1.5713418,0.60135718,1.4122976,1.0173847,0.010880053,-0.0060233286,0.013644087,0.044348954,-0.094309746,0.012588926,-0.23424114,0.37759065,0.89585512,0.46044441,2.1260501,0
2,1300,0.650000,16,1.5713418,0.92539013,0.21631561,0.15194538,-0.0087043085,0.0047029875,0.0091506307,-0.012441479,0.0049194059,-0.045636593,-0.2277442,-0.96122458,-0.15549881,1.7269287,-1.8034377,0
2,1300,0.650000,17,1.5713418,1.0061003,0.57385087,0.59770325,0.027518088,-0.0089981334,-0.012594457,0.12419662,-0.15645705,-0.13536685,-0.49153442,-0.80728457,-0.32662753,1.9035295,-2.1177151,0
2,1300,0.650000,18,1.5713418,1.4011773,0.19900942,0.52891384,0.038827887,0.021985546,-0.0010414062,0.17286676,0.096899496,0.08016354,0.19840442,0.89671002,0.39565999,1.16401,1.3530463,0
2,1300,0.650000,19,1.5713418,1.3765561,0.62730834,0.16594774,-0.01096904,0.0079203814,-0.0025418621,-0.11510178,0.064262531,0.040872407,-0.28789872,-0.72168329,0.62951375,0.88986909,-1.9503771,0
2,1300,0.650000,20,1.5713418,1.0355987,0.18721866,0.98684246,0.0005410169,-0.012947134,-0.001285847,0.088262707,-0.090639358,-0.096067195,-0.60460621,0.73344896,-0.31065084,1.886674,2.2601994,0
2,1300,0.650000,21,1.5713418,0.9632016,0.57103241,1.3574879,0.0035815225,-0.017579263,-0.017227771,0.13017291,-0.21988673,-0.1436047,-0.059822572,-0.46068643,0.88554462,0.48313127,-1.699929,0
2,1300,0.650000,22,1.5713418,1.3608485,0.28239258,1.3997801,0.0021264767,-0.0062079531,-0.023585097,0.11894676,-0.15717807,-0.057720263,-0.45471642,-0.84048942,0.29463624,1.2717215,-2.0667142,0
2,1300,0.650000,23,1.5713418,1.4069859,0.62031151,1.0008066,-0.0041299049,0.007224715,0.023090913,-0.0058768495,0.0087712245,-0.064915569,-0.50020663,-0.52913692,-0.68542501,2.3259836,-2.3280963,0
2,1300,0.650000,24,1.5713418,0.95507206,0.94723104,0.18977985,0.018607755,0.022542293,0.0095635773,0.16268367,0.12682466,0.0044984094,-0.067187878,-0.34177454,0.93737717,0.35577401,-1.7649065,0
2,1300,0.650000,25,1.5713418,1.0094087,1.3894784,0.57658929,0.01791629,-0.0007072432,-0.0034131156,0.15110785,-0.13102008,-0.016428728,0.58406144,0.56594218,0.58187772,0.94976071,0.76964364,0
2,1300,0.650000,26,1.5713418,1.3856591,0.98667066,0.56481725,0.0062376209,0.0040900762,-0.01495977,-0.095091052,0.031799552,-0.17630462,-0.93511251,0.13827133,0.32626007,1.2384519,2.9947904,0
2,1300,0.650000,27,1.5713418,1.3381545,1.2987985,0.13698348,0.00047734259,-0.012187031,-0.017204684,0.00051963947,-0.096249312,0.022282254,-0.70454661,0.70809125,-0.047125984,1.6179398,2.3536853,0
2,1300,0.650000,28,1.5713418,1.0019098,0.99214021,0.96531508,0.010082967,-0.020236612,-0.023711596,0.027522774,-0.0322563,-0.064001791,0.58437177,-0.78157454,-0.21829081,1.790859,-0.92877829,0
2,1300,0.650000,29,1.5713418,0.95826096,1.4133429,1.3801565,-0.014251393,-0.01465233,0.013880476,-0.10372886,-0.12633695,0.083530514,0.25313505,0.23393359,-0.93872132,2.7896979,0.74599607,0
2,1300,0.650000,30,1.5713418,1.3127735,0.96818622,1.4152816,0.019936457,-0.0033599402,-0.015853109,0.062623043,-0.0035645971,-0.01693182,0.68557753,-0.69793276,-0.20705874,1.7793639,-0.79432828,0
2,1300,0.650000,31,1.5713418,1.4011689,1.3349802,1.0007729,-0.012727581,0.021585137,-0.032007409,-0.10750959,0.11518117,-0.19671996,-0.40334963,0.16129404,-0.90071822,2.6922164,2.7611842,0
3,1400,0.700000,0,1.5713418,0.21652016,0.14570152,0.25634871,-0.019549264,-0.039658618,0.00010763463,-0.061872653,-0.20878102,-0.021552293,0.93283926,-0.34929619,0.088335015,1.482346,-0.35828325,0
3,1400,0.700000,1,1.5713418,0.18047294,0.57660848,0.59367177,-0.001952481,-0.005002823,-0.00098576918,-0.047627817,0.044862855,-0.00023459245,-0.4903774,0.87052104,0.041510501,1.5292739,2.0838045,0
3,1400,0.700000,2,1.5713418,0.63489161,0.15890747,0.60824833,-0.018550075,0.011723963,-0.013946292,-0.22340381,0.045370503,0.025376152,0.69726876,0.048728984,-0.71515156,2.3676372,0.06977207,0
3,1400,0.700000,3,1.5713418,0.54631316,0.59738739,0.20719353,0.0047026026,0.0061655599,0.030319329,0.11010621,-0.0001073084,0.15472881,-0.44790917,-0.099455011,-0.88853029,2.6649282,-2.9230947,0
3,1400,0.700000,4,1.5713418,0.14117871,0.16941393,0.90981489,-0.0037416119,-0.014264923,-0.030822488,0.084939008,-0.058761768,-0.13407748,0.17589385,-0.52408018,-0.83330746,2.5558603,-1.2469856,0
3,1400,0.700000,5,1.5713418,0.16951113,0.62222717,1.3824465,-0.0078117708,0.00073823947,0.037151361,-0.024186161,-0.060455481,0.18547111,-0.55573644,-0.24225156,-0.79528057,2.4902666,-2.7305168,0
3,1400,0.700000,6,1.5713418,0.58325331,0.19431034,1.2500322,0.0095367075,-0.028252577,-0.021233799,-0.065404588,-0.1606012,-0.047194833,0.023593981,-0.51919494,-0.85433011,2.5950569,-1.5253842,0
3,1400,0.700000,7,1.5713418,0.59099176,0.61068284,0.94020226,0.0077284467,-0.019134901,-0.021720303,0.1353465,-0.16033635,-0.071532532,0.43148048,0.60631943,0.66798305,0.83930116,0.95230167,0
3,1400,0.700000,8,1.5713418,0.18276338,0.99249303,0.21057817,-0.032150561,-0.016522017,-0.017552031,-0.20405154,-0.050931268,-0.12646106,-0.81280803,-0.42488307,0.39851911,1.1608947,-2.659923,0
3,1400,0.700000,9,1.5713418,0.18577717,1.3974306,0.6093043,0.0044863036,-0.032799701,-0.018942306,0.1125444,-0.1839161,-0.14428793,-0.10840282,0.20924158,0.97183681,0.23789234,2.0487991,0
3,1400,0.700000,10,1.5713418,0.58024834,1.0059316,0.60938385,-0.0033869401,0.02070691,0.034400728,0.019645122,0.11888493,0.046809674,-0.80815313,-0.39179059,-0.43975977,2.0261275,-2.6901809,0
3,1400,0.700000,11,1.5713418,0.63491801,1.3976086,0.16561502,0.0088408048,0.00321571,-0.010369341,0.0083044338,0.1022367,-0.049251224,0.83320235,-0.26033389,-0.48785255,2.0804243,-0.30283911,0
3,1400,0.700000,12,1.5713418,0.18807524,0.97149259,0.9715294,0.0026472289,-0.019294428,0.010718166,0.056408505,-0.054927124,-0.16270524,0.83873016,0.11416072,0.53244628,1.0093084,0.13528005,0
3,1400,0.700000,13,1.5713418,0.15984558,1.2476724,1.3767567,0.027378113,-0.0038664808,-0.027707317,0.14515695,-0.003942888,0.017768075,0.17480657,0.73798132,-0.65178696,2.2807346,1.3382118,0
3,1400,0.700000,14,1.5713418,0.61496987,0.97041223,1.3677925,-0.016980453,-0.021964283,-0.003947522,-0.17357728,0.040874592,0.032338698,0.54285578,-0.56081985,0.62513095,0.89549704,-0.80167331,0
3,1400,0.700000,15,1.5713418,0.60047268,1.4075483,1.0166374,0.0099955512,-0.010772687,0.012896806,-0.084575014,-0.10426667,-0.054212241,-0.13389389,0.39231176,0.91003511,0.42742757,1.8996948,0
3,1400,0.700000,16,1.5713418,0.92525461,0.21598999,0.14861665,-0.0088398255,0.0043773729,0.0058218999,0.014635686,-0.051375698,-0.081675288,-0.26387503,-0.95581552,-0.12956338,1.700725,-1.84016,0
3,1400,0.700000,17,1.5713418,1.0113757,0.56546798,0.59012922,0.032793479,-0.017381027,-0.020168488,0.060961714,-0.15203494,-0.15044047,-0.50478427,-0.8269319,-0.24774276,1.821146,-2.1188499,0
3,1400,0.700000,18,1.5713418,1.410335,0.20568608,0.5350376,0.047985588,0.028662215,0.0050823465,0.17830457,0.16334197,0.14653852,0.17888697,0.86585068,0.46722804,1.0846434,1.3670603,0
3,1400,0.700000,19,1.5713418,1.3709957,0.63053328,0.17160243,-0.01652948,0.011145326,0.0031128257,-0.1123272,0.064326933,0.1222373,-0.1238763,-0.72659069,0.6758111,0.82873175,-1.7396625,0
3,1400,0.700000,20,1.5713418,1.0402382,0.18418581,0.98121786,0.0051805595,-0.015979981,-0.0069104462,0.063221629,-0.061220902,-0.13930885,-0.63141879,0.72481095,-0.27560731,1.8500178,2.2874414,0
3,1400,0.700000,21,1.5713418,0.97077393,0.56185928,1.3510197,0.011153846,-0.026752397,-0.023695977,0.14204673,-0.11686738,-0.12418213,-0.17243678,-0.5639102,0.80763286,0.63066955,-1.8675544,0
3,1400,0.700000,22,1.5713418,1.368154,0.27509646,1.3978046,0.00943205,-0.013504073,-0.025560627,0.18193553,-0.15149745,-0.030240774,-0.53202823,-0.83782581,0.12244945,1.4480388,-2.1365619,0
3,1400,0.700000,23,1.5713418,1.4066085,0.62031217,0.99600228,-0.0045073475,0.0072253733,0.0182866,-0.01966537,-0.00061916475,-0.12189946,-0.54560508,-0.53275149,-0.64690876,2.27432,-2.3681135,0
3,1400,0.700000,24,1.5713418,0.96285181,0.95309816,0.19099531,0.02638751,0.02840941,0.010779031,0.11159953,0.13625711,0.009994746,0.0069336622,-0.27708064,0.96082165,0.28084473,-1.5457776,0
3,1400,0.700000,25,1.5713418,1.0177338,1.3827756,0.5764731,0.026241341,-0.0074099686,-0.0035293077,0.1792026,-0.12494616,0.010098985,0.62022705,0.4524025,0.64082009,0.87523028,0.63019559,0
3,1400,0.700000,26,1.5713418,1.3817584,0.9881778,0.55410698,0.0023369455,0.0055972124,-0.025670043,-0.064482305,0.011435379,-0.22765811,-0.92226996,0.2583101,0.28756567,1.2791122,2.868509,0
3,1400,0.700000,27,1.5713418,1.3369799,1.2944332,0.13845299,-0.00069726005,-0.016552375,-0.01573518,-0.038343404,-0.090666518,0.036634776,-0.69757298,0.70168184,0.14503284,1.4252502,2.353258,0
3,1400,0.700000,28,1.5713418,1.0035978,0.99134949,0.96522079,0.011770936,-0.021027337,-0.023805887,0.011375694,-0.013793563,0.056165932,0.53156504,-0.8323556,-0.15691645,1.728364,-1.0024575,0
3,1400,0.700000,29,1.5713418,0.9545542,1.4059644,1.3838195,-0.017958155,-0.022030847,0.017543417,-0.037830117,-0.18195875,0.043427319,0.16177047,0.21853113,-0.96232763,2.8662336,0.93355621,0
3,1400,0.700000,30,1.5713418,1.3151783,0.97120454,1.4151822,0.022341237,-0.00034161945,-0.015952492,0.046925667,0.092378565,-0.010265218,0.6928814,-0.70286717,-0.16091334,1.7324123,-0.79255246,0
3,1400,0.700000,31,1.5713418,1.3971473,1.3405306,0.99260807,-0.016749179,0.027135521,-0.040172272,-0.053217072,0.094143363,-0.098397886,-0.41081173,0.18185738,-0.89339891,2.675651,2.7248442,0
4,1500,0.750000,0,1.5713418,0.2122584,0.13921371,0.25536694,-0.02381102,-0.046146432,-0.00087412973,-0.065259009,-0.072302157,-0.019929947,0.99172981,-0.089787674,0.091706913,1.4789604,-0.090290266,0
4,1500,0.750000,1,1.5713418,0.1771098,0.57906687,0.59459152,-0.0053156229,-0.0025444374,-6.6020118e-05,-0.087447939,0.066102389,0.054922696,-0.33535749,0.9402304,0.059178937,1.5115828,1.913406,0
4,1500,0.750000,2,1.5713418,0.62242862,0.15980362,0.61075795,-0.03101307,0.012620107,-0.011436673,-0.22144931,0.031281033,0.051927523,0.54697275,0.11847193,-0.82872505,2.5476221,0.21330084,0
4,1500,0.750000,3,1.5713418,0.55165571,0.59721541,0.21538162,0.010045159,0.0059935794,0.03850742,0.088796871,0.0069193477,0.20219445,-0.50193853,-0.30925788,-0.80772351,2.5110768,-2.5893994,0
4,1500,0.750000,4,1.5713418,0.14601171,0.16523215,0.90350305,0.0010913974,-0.018446708,-0.037134332,0.11063957,-0.10265528,-0.094804403,0.24758095,-0.44093277,-0.86271778,2.6114161,-1.0591717,0
4,1500,0.750000,5,1.5713418,0.16845687,0.61950422,1.3895115,-0.0088660362,-0.0019847122,0.044216424,-0.0035842054,-0.039154621,0.1107906,-0.56648822,-0.36122153,-0.74068219,2.4048815,-2.573948,0
4,1500,0.750000,6,1.5713418,0.5789678,0.18553048,1.2474695,0.0052511954,-0.03703244,-0.023796485,-0.079649165,-0.16894654,-0.069743015,0.057792321,-0.36435046,-0.92946694,2.7637616,-1.4134894,0
4,1500,0.750000,7,1.5713418,0.59846039,0.60366765,0.9382124,0.015197075,-0.026150088,-0.023710154,0.14203544,-0.13914345,-0.034775787,0.50937786,0.54980944,0.66199983,0.8473125,0.8235519,0
4,1500,0.750000,8,1.5713418,0.17534076,0.98848235,0.20461139,-0.03957318,-0.020532696,-0.023518813,-0.046270816,-0.08173503,-0.12903015,-0.83442326,-0.4018684,0.37714667,1.1840828,-2.6927632,0
4,1500,0.750000,9,1.5713418,0.19101846,1.3892688,0.60441999,0.009727593,-0.040961481,-0.023826616,0.071049868,-0.14274438,-0.039583747,-0.023363155,0.1911314,0.98128638,0.19376421,1.692429,0
4,1500,0.750000,10,1.5713418,0.57975919,1.0113621,0.60962982,-0.0038760898,0.026137425,0.034646695,0.0029963061,0.13815745,-0.014967588,-0.86589875,-0.16119558,-0.47353494,2.0640962,-2.9575397,0
4,1500,0.750000,11,1.5713418,0.63515432,1.4035585,0.16664545,0.0090771132,0.0091655913,-0.0093389095,-9.9094594e-05,0.07166812,0.031898825,0.81550754,-0.17917148,-0.55031358,2.1535361,-0.21626937,0
4,1500,0.750000,12,1.5713418,0.18935483,0.96817816,0.96187491,0.0039268222,-0.022608855,0.0010636748,0.022662925,-0.077734318,-0.20376438,0.88254929,0.14202889,0.44825723,1.1059816,0.15956217,0
4,1500,0.750000,13,1.5713418,0.16630631,1.2485594,1.3794223,0.033838847,-0.0029794586,-0.025041653,0.090741789,0.039982233,0.089923709,0.24288834,0.7288007,-0.64019902,2.2655536,1.2491016,0
4,1500,0.750000,14,1.5713418,0.60757743,0.97194155,1.3688346,-0.024372897,-0.020434964,-0.0029054712,-0.07553502,0.0540986,0.036004469,0.46060512,-0.52730328,0.71399872,0.77560336,-0.85281038,0
4,1500,0.750000,15,1.5713418,0.59191857,1.4018805,1.0123262,0.0014414358,-0.016440505,0.0085855963,-0.22279344,-0.089079585,-0.10816064,-0.059488028,0.40523701,0.91227416,0.42199374,1.7165534,0
4,1500,0.750000,16,1.5713418,0.9261271,0.21295252,0.14217333,-0.0079673328,0.0013398952,-0.00062141276,-0.010824699,-0.060484082,-0.14131524,-0.31287906,-0.94605431,-0.084189865,1.655086,-1.890193,0
4,1500,0.750000,17,1.5713418,1.0121074,0.56017528,0.58491198,0.033525157,-0.022673726,-0.025385727,-0.021368878,-0.091823284,-0.08858705,-0.55264214,-0.80971846,-0.19733899,1.7694391,-2.1696883,0
4,1500,0.750000,18,1.5713418,1.41773,0.21419366,0.54276932,0.055380597,0.037169794,0.01281407,0.11045912,0.14991136,0.18428665,0.12067933,0.83594664,0.53537811,1.005841,1.4274244,0
4,1500,0.750000,19,1.5713418,1.3656438,0.63222374,0.1755064,-0.02188131,0.012835784,0.0070167948,-0.11593947,-0.013282285,0.031614632,0.054694394,-0.74669551,0.66291353,0.84609277,-1.4976783,0
4,1500,0.750000,20,1.5713418,1.0432383,0.1804062,0.97525038,0.0081806855,-0.019759591,-0.012877926,0.081214112,-0.11669492,-0.14488173,-0.66976149,0.71078141,-0.21496356,1.7874508,2.3264903,0
4,1500,0.750000,21,1.5713418,0.97676175,0.55551729,1.3447031,0.017141669,-0.033094391,-0.030012583,0.11297839,-0.086498544,-0.1359957,-0.32802405,-0.59779132,0.73146822,0.75032365,-2.0726614,0
4,1500,0.750000,22,1.5713418,1.3772673,0.26563207,1.397301,0.018545324,-0.022968458,-0.026064215,0.20873515,-0.20997249,0.0021007133,-0.57251937,-0.81546516,-0.085077239,1.6559765,-2.1829149,0
4,1500,0.750000,23,1.5713418,1.4056666,0.62012022,0.99025288,-0.0054492144,0.0070334246,0.012537198,-0.080989087,-0.028838444,-0.099250244,-0.56577091,-0.55520044,-0.60963575,2.2263973,-2.365624,0
4,1500,0.750000,24,1.5713418,0.96523199,0.95966895,0.18920988,0.028767686,0.034980201,0.0089936092,-0.033184949,0.109167,-0.075940476,0.012365388,-0.20310357,0.97907918,0.20491061,-1.5099892,0
4,1500,0.750000,25,1.5713418,1.0226706,1.3774796,0.57496467,0.031178165,-0.012705981,-0.0050377428,0.033321828,-0.07951108,-0.087652223,0.61320284,0.36129319,0.70245961,0.79194884,0.5324333,0
4,1500,0.750000,26,1.5713418,1.3794139,0.98760012,0.54786936,-7.5075096e-06,0.0050195403,-0.03190766,-0.030227655,0.0022896527,-0.020527693,-0.88515215,0.38025421,0.26816488,1.2993087,2.735839,0
4,1500,0.750000,27,1.5713418,1.3342506,1.2901549,0.14348448,-0.0034265124,-0.02083064,-0.010703685,-0.04230692,-0.078178554,0.14522531,-0.67786297,0.69278745,0.24606368,1.3221794,2.3453063,0
4,1500,0.750000,28,1.5713418,1.0024551,0.99284289,0.96847586,0.010628231,-0.01953394,-0.020550825,-0.043477992,0.0489369,0.074849664,0.45751981,-0.88311845,-0.10381438,1.6747981,-1.0927951,0
4,1500,0.750000,29,1.5713418,0.95465258,1.3972015,1.3848936,-0.017859778,-0.030793774,0.0186175,0.024773592,-0.15339565,0.024592452,0.1992864,0.18080964,-0.96311619,2.8691489,0.73682563,0
4,1500,0.750000,30,1.5713418,1.3175201,0.97648934,1.4149967,0.024682981,0.0049431774,-0.016138024,0.03056847,0.099554794,0.018909585,0.72428236,-0.6826263,-0.097141088,1.6680908,-0.75579859,0
4,1500,0.750000,31,1.5713418,1.3941444,1.3422954,0.98853357,-0.019752036,0.028900289,-0.044246776,-0.024708091,0.039478935,-0.048467345,-0.39646485,0.20773025,-0.89423921,2.6775249,2.6589642,0
5,1600,0.800000,0,1.5713418,0.2093142,0.13692065,0.2531053,-0.026755224,-0.048439488,-0.0031357675,-0.047319847,-0.013570747,-0.071591109,0.99029869,0.12981353,0.049567657,1.5212083,0.13034205,0
5,1600,0.800000,1,1.5713418,0.17463714,0.58345966,0.59525402,-0.0077882828,0.0018483574,0.00059648137,-0.0019536667,0.084627671,-0.044501405,-0.19851231,0.97681757,0.080126802,1.4905835,1.7712895,0
5,1600,0.800000,2,1.5713418,0.61313183,0.16438561,0.61228694,-0.040309863,0.017202103,-0.0099076868,-0.11388514,0.099444162,0.0037017934,0.38227828,0.16708218,-0.90881619,2.711234,0.41204906,0
5,1600,0.800000,3,1.5713418,0.55748648,0.59855242,0.22532704,0.015875928,0.0073305834,0.048452839,0.16045964,0.021668304,0.21223972,-0.5516705,-0.49922434,-0.66815771,2.3025262,-2.4060593,0
5,1600,0.800000,4,1.5713418,0.15072804,0.15908241,0.89962617,0.0058077216,-0.024596449,-0.041011207,0.046383022,-0.13325177,-0.069216208,0.21929709,-0.43783011,-0.87190228,2.62987,-1.1064509,0
5,1600,0.800000,5,1.5713418,0.17135879,0.61818792,1.3972728,-0.0059641166,-0.0033010186,0.051977682,0.11212331,-0.027347893,0.17482425,-0.52326113,-0.44689711,-0.72558994,2.3826877,-2.4347455,0
5,1600,0.800000,6,1.5713418,0.57475472,0.17698317,1.2461394,0.001038114,-0.045579748,-0.025126559,-0.092687371,-0.19845668,0.019328635,0.084863441,-0.24657471,-0.96540101,2.8777731,-1.2393253,0
5,1600,0.800000,7,1.5713418,0.60585679,0.59741992,0.9362133,0.022593473,-0.032397822,-0.025709257,0.13972754,-0.11321482,-0.028881487,0.59047909,0.51980797,0.6173606,0.90541317,0.7218327,0
5,1600,0.800000,8,1.5713418,0.1782573,0.98490894,0.19910774,-0.036656642,-0.024106106,-0.029022462,0.14972311,-0.051532208,-0.10734429,-0.79484934,-0.47129335,0.38222651,1.1785918,-2.6063848,0
5,1600,0.800000,9,1.5713418,0.19548449,1.3834011,0.60348643,0.014193624,-0.046829258,-0.024760173,0.075882718,-0.10166623,0.0010192085,0.027028333,0.14633402,0.98886593,0.14936395,1.3881517,0
5,1600,0.800000,10,1.5713418,0.58234851,1.0179541,0.60692483,-0.0012867695,0.032729408,0.031941702,0.10605132,0.11416169,-0.074717779,-0.88224862,0.065398916,-0.46621921,2.0558086,3.0676004,0
5,1600,0.800000,11,1.5713418,0.63543308,1.4051135,0.16868789,0.0093558693,0.010720614,-0.0072964706,0.00069226322,0.048595398,0.07240907,0.79048389,-0.049992346,-0.61043917,2.2274113,-0.063158599,0
5,1600,0.800000,12,1.5713418,0.18754585,0.96465504,0.95121796,0.0021178433,-0.026131974,-0.0095932814,-0.02237115,-0.048608163,-0.21544791,0.9466538,0.1103567,0.30276721,1.2632015,0.11605175,0
5,1600,0.800000,13,1.5713418,0.16859856,1.2515507,1.3845803,0.036131102,1.1869095e-05,-0.019883696,0.0078064128,0.040879535,0.14729323,0.33505883,0.72143561,-0.60602495,2.2218501,1.1360046,0
5,1600,0.800000,14,1.5713418,0.60567517,0.97349028,1.3718523,-0.026275157,-0.018886231,0.00011218027,0.0022621239,0.011810075,0.081401816,0.31572927,-0.47479423,0.82151413,0.60673487,-0.98396144,0
5,1600,0.800000,15,1.5713418,0.57895132,1.3989641,1.0072623,-0.011525808,-0.019356868,0.0035216865,-0.27720935,-0.014306045,-0.12308622,-0.065984477,0.40517697,0.91185398,0.42301846,1.7322326,0
5,1600,0.800000,16,1.5713418,0.92591581,0.21015363,0.13582183,-0.0081786264,-0.0014589866,-0.0069729201,0.02699958,-0.066503582,-0.14028013,-0.37396106,-0.92618413,-0.048333061,1.6191482,-1.9545445,0
5,1600,0.800000,17,1.5713418,1.0112449,0.55808265,0.57880803,0.032662711,-0.024766351,-0.031489674,-0.047871506,-0.0092463179,-0.14972252,-0.56942953,-0.80525325,-0.16527919,1.7368374,-2.1863005,0
5,1600,0.800000,18,1.5713418,1.4249129,0.22042209,0.55173916,0.062563465,0.043398217,0.021783909,0.19103842,0.11269807,0.15083648,0.11104118,0.80103701,0.58822577,0.94193318,1.4330524,0
5,1600,0.800000,19,1.5713418,1.3601199,0.62873425,0.17510626,-0.027405227,0.009346297,0.0066166572,-0.10813252,-0.11705597,-0.052306597,0.21658146,-0.75057853,0.62427906,0.89658799,-1.2898744,0
5,1600,0.800000,20,1.5713418,1.0476342,0.17523474,0.96767351,0.012576548,-0.024931048,-0.020454799,0.12366837,-0.10210801,-0.16967392,-0.69653186,0.70782379,-0.1175961,1.6886652,2.348154,0
5,1600,0.800000,21,1.5713418,0.98212593,0.55255475,1.3387511,0.022505848,-0.036056928,-0.035964641,0.10328611,-0.011071963,-0.086137101,-0.46545038,-0.58941985,0.66025767,0.84963454,-2.23921,0
5,1600,0.800000,22,1.5713418,1.3912167,0.25341851,1.3979545,0.03249468,-0.035182017,-0.025410693,0.31312719,-0.24736211,0.057234171,-0.59345648,-0.75639319,-0.2750977,1.8494876,-2.2360684,0
5,1600,0.800000,23,1.5713418,1.4030446,0.61888152,0.98633628,-0.0080711928,0.0057947244,0.0086206013,-0.042110904,0.0054648825,-0.06824264,-0.57872321,-0.58732303,-0.56580129,2.1722011,-2.3488194,0
5,1600,0.800000,24,1.5713418,0.96014298,0.96550033,0.18559682,0.02367868,0.040811584,0.0053805401,-0.16167279,0.093394432,-0.0020797847,-0.010335726,-0.12481156,0.99212663,0.1255685,-1.6534185,0
5,1600,0.800000,25,1.5713418,1.0212438,1.3761797,0.5706474,0.029751353,-0.014005944,-0.0093550071,-0.11115501,0.045375492,-0.060518835,0.59133648,0.31118621,0.74396526,0.73181133,0.48442031,0
5,1600,0.800000,26,1.5713418,1.3811071,0.98469069,0.54877899,0.001685658,0.0021101048,-0.030998034,0.12517495,-0.099752433,0.070774977,-0.84980271,0.4580464,0.26082341,1.3069213,2.6472314,0
5,1600,0.800000,27,1.5713418,1.3343979,1.2886512,0.15051053,-0.0032792609,-0.022334403,-0.0036776344,0.018164202,0.024576611,0.1328558,-0.63286166,0.72216018,0.27923252,1.2878016,2.2903877,0
5,1600,0.800000,28,1.5713418,0.99838542,0.9968086,0.97255158,0.0065585964,-0.015568227,-0.016475096,-0.10905505,0.1122493,0.13731207,0.36744927,-0.92771697,-0.065743934,1.6365877,-1.1936746,0
5,1600,0.800000,29,1.5713418,0.95668364,1.3913807,1.3843097,-0.015828713,-0.036614579,0.018033677,0.04156556,-0.072782395,-0.041988505,0.3416998,0.16469688,-0.92526547,2.7525312,0.44913844,0
5,1600,0.800000,30,1.5713418,1.3195794,0.98137399,1.4143893,0.026742371,0.0098278266,-0.01674541,0.015666579,0.10418208,-0.013746042,0.76795317,-0.64049745,0.0033077068,1.5674886,-0.69515041,0
5,1600,0.800000,31,1.5713418,1.3972702,1.3452368,0.98725,-0.016626211,0.031841732,-0.045530345,0.11325848,0.07137914,0.01723353,-0.35649954,0.27764591,-0.8920879,2.6727413,2.4799058,0
6,1700,0.850000,0,1.5713418,0.20626635,0.14095778,0.24921771,-0.029803076,-0.044402354,-0.0070233609,-0.099607798,0.17757747,-0.089062578,0.97321917,0.22452958,-0.049304371,1.6201207,0.22674084,0
6,1700,0.850000,1,1.5713418,0.17674783,0.58774831,0.589242,-0.0056775909,0.0061370098,-0.0054155383,0.067413199,0.069506999,-0.16048523,-0.078542049,0.98990204,0.11800462,1.4525161,1.6499737,0
6,1700,0.850000,2,1.5713418,0.60971269,0.16824894,0.61467653,-0.043728994,0.021065428,-0.0075180929,-0.036669852,0.058262025,0.080404256,0.20976526,0.21571934,-0.95365806,2.8359643,0.7993909,0
6,1700,0.850000,3,1.5713418,0.56591302,0.59982506,0.23369684,0.024302472,0.0086032313,0.056822639,0.15391299,-0.0038811995,0.16157528,-0.60226345,-0.61024424,-0.51466562,2.1114139,-2.3496125,0
6,1700,0.850000,4,1.5713418,0.15020146,0.15332737,0.89675264,0.0052811464,-0.030351484,-0.043884744,-0.062417631,-0.046089832,-0.034279929,0.16347017,-0.4803483,-0.86170936,2.6094253,-1.2427747,0
6,1700,0.850000,5,1.5713418,0.17669722,0.61697491,1.4028836,-0.00062568474,-0.004514023,0.057588498,0.10596349,-0.025105517,0.035476813,-0.45946292,-0.53811249,-0.70663199,2.3555233,-2.2775165,0
6,1700,0.850000,6,1.5713418,0.57061909,0.1645134,1.2499351,-0.0030975162,-0.058049519,-0.021330867,-0.062444791,-0.29691752,0.11082876,0.1495141,-0.17058634,-0.97393318,2.9127658,-0.85113342,0
6,1700,0.850000,7,1.5713418,0.6133526,0.59251293,0.93635136,0.030089284,-0.037304811,-0.025571203,0.13343967,-0.11295748,0.016164256,0.67944227,0.49090288,0.54531878,0.99402696,0.62567322,0
6,1700,0.850000,8,1.5713418,0.18563527,0.98302638,0.18994741,-0.029278667,-0.025988661,-0.038182792,0.14279941,-0.01331463,-0.2538738,-0.75645803,-0.52559888,0.38925194,1.170977,-2.5343546,0
6,1700,0.850000,9,1.5713418,0.19850855,1.3796645,0.60443726,0.01721769,-0.05056583,-0.023809341,0.0014756968,-0.039619452,-0.0026253899,0.10058243,0.10223744,0.9896619,0.14391637,0.79355798,0
6,1700,0.850000,10,1.5713418,0.58722537,1.0221404,0.60157723,0.0035900847,0.036915705,0.026594105,0.066439392,0.072514747,-0.12594141,-0.85355147,0.26857161,-0.44645177,2.0335924,2.8367485,0
6,1700,0.850000,11,1.5713418,0.63336309,1.4078031,0.17399094,0.0072858875,0.013410151,-0.0019934153,-0.073929183,0.02531024,0.11824503,0.75440549,0.081617236,-0.65131481,2.2801122,0.10776833,0
6,1700,0.850000,12,1.5713418,0.18663081,0.96480912,0.94390975,0.0012027958,-0.025977894,-0.01690149,0.057652979,0.073139729,-0.06630772,0.98876683,0.043074486,0.14312492,1.4271782,0.043536319,0
6,1700,0.850000,13,1.5713418,0.16866079,1.2521782,1.3901018,0.036193323,0.00063930136,-0.014362162,0.003010921,0.02304517,0.099658555,0.43292899,0.73396015,-0.52333067,2.1215512,1.0378709,0
6,1700,0.850000,14,1.5713418,0.61056679,0.97363336,1.3749637,-0.021383534,-0.018743153,0.0032236401,0.12977474,-0.018557572,0.048140854,0.12837579,-0.3749336,0.91812006,0.40748591,-1.2409116,0
6,1700,0.850000,15,1.5713418,0.56547482,1.3977861,1.00379,-0.025002308,-0.020534907,4.9395344e-05,-0.22439444,-0.055029125,-0.041386739,-0.16124683,0.41432558,0.89573086,0.46072396,1.9419396,0
6,1700,0.850000,16,1.5713418,0.92836084,0.20851049,0.12891593,-0.0057335915,-0.0031021309,-0.013878816,0.054836763,0.00067264963,-0.10164263,-0.45991583,-0.88671594,0.047034726,1.5237442,-2.0492707,0
6,1700,0.850000,17,1.5713418,1.0077243,0.56162153,0.57409627,0.029142104,-0.02122747,-0.036201432,-0.11167618,0.083861042,-0.075610633,-0.57052397,-0.80935352,-0.13946064,1.710713,-2.1848121,0
6,1700,0.850000,18,1.5713418,1.4337828,0.22634655,0.56000038,0.071433341,0.049322685,0.030045129,0.14503164,0.12891126,0.14717722,0.16835328,0.76821139,0.61766369,0.90502784,1.3550572,0
6,1700,0.850000,19,1.5713418,1.3529309,0.62428487,0.17050613,-0.034594276,0.0048969172,0.0020165292,-0.17069859,-0.11272365,-0.11878546,0.37930569,-0.7041794,0.60021543,0.9270259,-1.0767095,0
6,1700,0.850000,20,1.5713418,1.053672,0.17112681,0.96025197,0.018614373,-0.029038977,-0.027876342,0.12821123,-0.042567709,-0.099761946,-0.72247225,0.69139787,-0.0016842148,1.5724805,2.3781692,0
6,1700,0.850000,21,1.5713418,0.98703099,0.55119112,1.3345718,0.027410906,-0.037420556,-0.04014396,0.079602431,-0.031755554,-0.043847859,-0.6124044,-0.54001068,0.57736411,0.95529967,-2.4189312,0
6,1700,0.850000,22,1.5713418,1.406873,0.24101458,1.4000294,0.04815099,-0.047585951,-0.023335817,0.3163539,-0.22742113,0.048033212,-0.59496833,-0.68238912,-0.4246855,2.0094108,-2.2878623,0
6,1700,0.850000,23,1.5713418,1.4007086,0.61965976,0.98290377,-0.010407197,0.0065729645,0.0051880948,-0.069908793,0.016850506,-0.073282804,-0.60269431,-0.63673292,-0.48096856,2.0725554,-2.3287382,0
6,1700,0.850000,24,1.5713418,0.95028982,0.97206601,0.1911209,0.013825517,0.047377265,0.010904621,-0.22824799,0.12899269,0.18547932,0.010768375,-0.036502782,0.99927553,0.038067188,-1.2839316,0
6,1700,0.850000,25,1.5713418,1.0133568,1.3807322,0.56758565,0.021864405,-0.0094534138,-0.012416763,-0.19781978,0.13784585,-0.025450605,0.56964037,0.28142308,0.7722117,0.68848152,0.45886536,0
6,1700,0.850000,26,1.5713418,1.3889412,0.97994741,0.55499057,0.009519815,-0.00263317,-0.024786458,0.18333054,-0.062834721,0.17161094,-0.85270169,0.46169655,0.24440976,1.3238854,2.6453363,0
6,1700,0.850000,27,1.5713418,1.3375114,1.290428,0.15646311,-0.00016578526,-0.020557562,0.0022749387,0.063367883,0.046384043,0.089264575,-0.5425221,0.78019067,0.31140374,1.2541265,2.1784089,0
6,1700,0.850000,28,1.5713418,0.99231053,1.0027917,0.98013058,0.0004836999,-0.0095850871,-0.0088960977,-0.13380538,0.12939369,0.15758052,0.30973212,-0.95018292,-0.034906107,1.6057095,-1.2556864,0
6,1700,0.850000,29,1.5713418,0.95772078,1.3886732,1.3837714,-0.014791576,-0.039322054,0.01749531,0.00030042771,-0.044778262,-0.027355625,0.48673219,0.15174628,-0.86027021,2.6065958,0.30221552,0
6,1700,0.850000,30,1.5713418,1.3218594,0.9865381,1.4123708,0.029022279,0.014991939,-0.018763848,0.070164894,0.081150764,-0.065055155,0.82707885,-0.55311856,0.10000215,1.4706267,-0.58945153,0
6,1700,0.850000,31,1.5713418,1.4049773,1.3496488,0.9890115,-0.008919151,0.03625372,-0.043768841,0.16253126,0.12501504,0.06173552,-0.25702406,0.35778426,-0.89773551,2.6853983,2.1937498,0
7,1800,0.900000,0,1.5713418,0.20134565,0.14970944,0.24443753,-0.034723771,-0.035650696,-0.011803543,-0.13166321,0.15867504,-0.090351642,0.96415177,0.20701505,-0.16600042,1.7375687,0.21150096,0
7,1800,0.900000,1,1.5713418,0.18113396,0.58866695,0.57976694,-0.0012914602,0.0070556458,-0.014890605,0.071465142,-0.008159062,-0.20801324,-0.0098377911,0.98555948,0.16904356,1.4009371,1.5807779,0
7,1800,0.900000,2,1.5713418,0.6090726,0.16970641,0.6176514,-0.044369091,0.022522904,-0.0045432186,0.0046019316,0.014049336,0.034949327,0.072195366,0.26308478,-0.96206768,2.8652791,1.3029707,0
7,1800,0.900000,3,1.5713418,0.57417078,0.59775349,0.24212001,0.032560224,0.006531658,0.065245808,0.2058355,-0.075043627,0.17130313,-0.61325133,-0.67329491,-0.41303361,1.9965789,-2.309558,0
7,1800,0.900000,4,1.5713418,0.14452361,0.15749134,0.89565304,-0.00039670248,-0.026187514,-0.044984343,-0.14468273,0.13793412,-0.0025060199,0.099387909,-0.45711718,-0.88383592,2.654796,-1.3567051,0
7,1800,0.900000,5,1.5713418,0.1831332,0.61536728,1.4001854,0.0058102993,-0.0061216595,0.054890283,0.17028875,0.0050036305,-0.14827593,-0.42918031,-0.66522938,-0.61096164,2.2280711,-2.1437625,0
7,1800,0.900000,6,1.5713418,0.56851581,0.14989913,1.2540241,-0.0052007941,-0.07266379,-0.0172419,-0.0066981378,-0.32065394,0.090245251,0.25767444,-0.16320295,-0.95234903,2.8316433,-0.56459472,0
7,1800,0.900000,7,1.5713418,0.61720149,0.58626293,0.9376519,0.033938177,-0.043554809,-0.024270656,0.032603263,-0.11822754,0.046153859,0.77400062,0.40932776,0.4830878,1.0666184,0.48645786,0
7,1800,0.900000,8,1.5713418,0.19389235,0.9833686,0.17739022,-0.021021585,-0.025646446,-0.050739988,0.18603707,-0.0040133958,-0.20570514,-0.70509801,-0.59076696,0.39221321,1.16776,-2.4441942,0
7,1800,0.900000,9,1.5713418,0.19507766,1.3758647,0.60224176,0.013786793,-0.054365596,-0.026004848,-0.11695916,-0.092667778,-0.096294531,0.12247332,0.07773248,0.98942304,0.14557239,0.56553642,0
7,1800,0.900000,10,1.5713418,0.59020979,1.0247873,0.59550589,0.0065745019,0.039562676,0.020522765,0.057469494,0.00028046056,-0.1396019,-0.77678374,0.41440705,-0.47420862,2.0648613,2.6515127,0
7,1800,0.900000,11,1.5713418,0.62816092,1.4094042,0.17898945,0.0020837092,0.015011297,0.0030050893,-0.080918508,0.071356748,0.063207275,0.73233695,0.18528224,-0.6552504,2.2853104,0.24780146,0
7,1800,0.900000,12,1.5713418,0.19349277,0.96740323,0.94478879,0.0080647554,-0.023383787,-0.016022449,0.17550184,0.065211841,0.065263665,0.995294,-0.081217298,0.052854496,1.5179172,-0.081420912,0
7,1800,0.900000,13,1.5713418,0.16857342,1.2521411,1.3970174,0.036105957,0.00060223684,-0.007446593,0.049653036,-0.024566427,0.15641134,0.50668588,0.75150263,-0.42250825,2.0070073,0.97757559,0
7,1800,0.900000,14,1.5713418,0.61879119,0.97266993,1.3757472,-0.01315913,-0.019706581,0.0040071076,0.15849336,0.028246506,0.020542103,-0.055913935,-0.20925268,0.97626172,0.21832451,-1.8319038,0
7,1800,0.900000,15,1.5713418,0.55775758,1.394659,1.0023587,-0.03271955,-0.023661978,-0.001381921,-0.10250376,-0.082174284,-0.035634383,-0.31856477,0.41682788,0.85133484,0.55227188,2.2233614,0
7,1800,0.900000,16,1.5713418,0.93228992,0.20960616,0.13226764,-0.001804515,-0.0020064629,-0.010527112,0.10654389,0.041240572,0.20369485,-0.56435729,-0.82282401,0.066794493,1.5039521,-2.1719818,0
7,1800,0.900000,17,1.5713418,1.001417,0.56466841,0.5717453,0.022834783,-0.018180593,-0.038552405,-0.15818709,0.02605232,-0.034702246,-0.5332443,-0.83617099,-0.12833001,1.6994812,-2.1384915,0
7,1800,0.900000,18,1.5713418,1.4350231,0.23226936,0.5669661,0.072673641,0.055245495,0.037010848,-0.072865385,0.14435017,0.096076323,0.15954542,0.75635455,0.63440764,0.88355436,1.362904,0
7,1800,0.900000,19,1.5713418,1.3450622,0.61793347,0.16436616,-0.042462911,-0.001454487,-0.0041234445,-0.14070317,-0.14041302,-0.084243747,0.5133052,-0.65077679,0.55947059,0.97704939,-0.90294814,0
7,1800,0.900000,20,1.5713418,1.0594017,0.17067689,0.95630355,0.024344083,-0.029488901,-0.031824763,0.073978267,-0.0029782354,-0.066338084,-0.76178522,0.63063233,0.14827728,1.4219703,2.4501082,0
7,1800,0.900000,21,1.5713418,0.98959267,0.54800026,1.3328637,0.029972588,-0.040611416,-0.041852045,0.049318409,-0.081354684,-0.012925009,-0.72975852,-0.45318024,0.51193767,1.0333574,-2.5858747,0
7,1800,0.900000,22,1.5713418,1.4165147,0.23038477,1.4028061,0.057792693,-0.058215763,-0.0205591,0.041819217,-0.18417373,0.075305721,-0.47702949,-0.63986125,-0.60251178,2.2174409,-2.2114242,0
7,1800,0.900000,23,1.5713418,1.4001255,0.62213127,0.98054019,-0.010990337,0.0090444698,0.0028245081,0.065208971,0.085527984,-0.021620776,-0.6230169,-0.68148785,-0.38395865,1.9648761,-2.3114021,0
7,1800,0.900000,24,1.5713418,0.93826815,0.97811148,0.19910353,0.001803846,0.053422737,0.018887254,-0.216098,0.13839082,0.16178316,0.030951756,0.036792446,0.99884348,0.048098636,0.8714023,0
7,1800,0.900000,25,1.5713418,1.0005449,1.38883,0.56856081,0.0090524536,-0.0013556206,-0.011441597,-0.2701483,0.18359967,0.066714792,0.56445314,0.27001875,0.7800529,0.67604597,0.44619623,0
7,1800,0.900000,26,1.5713418,1.3953091,0.97540587,0.5644358,0.01588768,-0.0071747146,-0.015341226,0.073107143,-0.12130727,0.21077088,-0.84367859,0.49423437,0.20961589,1.3596142,2.6116732,0
7,1800,0.900000,27,1.5713418,1.3413121,1.2932499,0.15929255,0.0036349738,-0.017735632,0.0051043811,0.082498903,0.071245912,0.035733203,-0.44419863,0.82115909,0.35830897,1.2043404,2.0666579,0
7,1800,0.900000,28,1.5713418,0.98500015,1.0104288,0.98536459,-0.0068266749,-0.0019480121,-0.0036620886,-0.13967951,0.20610438,0.027061771,0.25199494,-0.96752119,-0.020032423,1.5908301,-1.3160029,0
7,1800,0.900000,29,1.5713418,0.95621935,1.386917,1.3836778,-0.016293007,-0.04107829,0.017401683,-0.044271467,-0.02471585,-0.039716185,0.5993967,0.14166023,-0.78781722,2.4780533,0.23207958,0
7,1800,0.900000,30,1.5713418,1.3264867,0.9896278,1.4081826,0.033649587,0.018081638,-0.022952087,0.092752971,0.045302106,-0.12132135,0.88500579,-0.44298947,0.14326575,1.4270359,-0.46408735,0
7,1800,0.900000,31,1.5713418,1.4136747,1.3546206,0.99170722,-0.00022176367,0.041225469,-0.041073118,0.19011429,0.093289118,0.073537117,-0.13427631,0.44384833,-0.8859845,2.6594091,1.8645703,0
8,1900,0.950000,0,1.5713418,0.1947488,0.15606013,0.24069882,-0.04132062,-0.029300004,-0.015542252,-0.13705587,0.054432764,-0.058351685,0.92912006,0.17915624,-0.32347944,1.9002007,0.19048571,0
8,1900,0.950000,1,1.5713418,0.18492486,0.58723212,0.56962682,0.0024994338,0.0056208148,-0.025030723,0.087144173,-0.020583583,-0.19329493,0.036441301,0.97857477,0.20264119,1.366742,1.5335744,0
8,1900,0.950000,2,1.5713418,0.60960329,0.16878959,0.61958627,-0.0438384,0.021606082,-0.0026083535,0.0039998916,-0.05743841,0.052720731,-0.091751334,0.38318304,-0.91910416,2.7365971,1.8058166,0
8,1900,0.950000,3,1.5713418,0.58376049,0.59356034,0.25070419,0.04214994,0.0023385113,0.073829993,0.15828569,-0.084825315,0.17770031,-0.60887844,-0.71339675,-0.34688921,1.9250486,-2.2773142,0
8,1900,0.950000,4,1.5713418,0.13855822,0.1636508,0.89573101,-0.0063620959,-0.020028058,-0.044906375,-0.080754265,0.1112558,0.036129666,0.015640715,-0.35572715,-0.93445897,2.7775329,-1.5268563,0
8,1900,0.950000,5,1.5713418,0.19289268,0.61523468,1.3898658,0.015569777,-0.006254252,0.044570734,0.23247516,-0.014152837,-0.26758391,-0.35488907,-0.80119522,-0.48180906,2.0735144,-1.9877717,0
8,1900,0.950000,6,1.5713418,0.5666066,0.13352332,1.2581451,-0.0071100076,-0.089039604,-0.013120854,-0.090260742,-0.24286773,0.11793586,0.35650212,-0.17667115,-0.91743858,2.7323905,-0.46009597,0
8,1900,0.950000,7,1.5713418,0.61816204,0.5814504,0.94024379,0.03489873,-0.048367342,-0.021678773,-0.015301799,-0.07103032,0.079951612,0.86259825,0.29080687,0.41395123,1.1440059,0.32516274,0
8,1900,0.950000,8,1.5713418,0.20433264,0.98482465,0.16545393,-0.010581302,-0.024190393,-0.062676272,0.23384458,0.013026196,-0.2445407,-0.64378349,-0.67815219,0.35447487,1.2084439,-2.3302016,0
8,1900,0.950000,9,1.5713418,0.1878529,1.371463,0.59659554,0.0065620367,-0.058767277,-0.031651059,-0.16032674,-0.078052406,-0.11533511,0.10753859,0.093942499,0.98975263,0.14328241,0.7180196,0
8,1900,0.950000,10,1.5713418,0.59305819,1.02158,0.59027454,0.0094229072,0.036355376,0.01529142,0.039547728,-0.10754211,-0.08189389,-0.67309036,0.5330515,-0.51264557,2.1090595,2.4717818,0
8,1900,0.950000,11,1.5713418,0.62268809,1.4140145,0.18281296,-0.0033891178,0.019621553,0.0068286014,-0.16624492,0.11732199,0.061993439,0.69177077,0.24030264,-0.68096097,2.3198704,0.33433279,0
8,1900,0.950000,12,1.5713418,0.20315959,0.97034651,0.94782233,0.017731581,-0.020440508,-0.012988909,0.18229159,0.081734756,0.073348555,0.97003973,-0.2406978,-0.032977046,1.6037794,-0.24321968,0
8,1900,0.950000,13,1.5713418,0.17203927,1.2499367,1.4023155,0.039571809,-0.0016021398,-0.0021484762,0.10037488,-0.07701773,0.074169953,0.57507434,0.77116303,-0.27312468,1.847436,0.93003785,0
8,1900,0.950000,14,1.5713418,0.62529946,0.97426084,1.3787097,-0.0066508663,-0.018115675,0.0069696663,0.090457342,0.05141785,0.033400285,-0.1369509,-0.031218554,0.99008578,0.14093009,-2.917468,0
8,1900,0.950000,15,1.5713418,0.5540823,1.3928547,0.99845767,-0.036394828,-0.025466224,-0.0052829515,-0.061813121,-0.013643416,-0.10455548,-0.51530333,0.39410182,0.76101658,0.70591762,2.4886893,0
8,1900,0.950000,16,1.5713418,0.93769929,0.21091061,0.14712906,0.0036048563,-0.00070201347,0.0043343116,0.077779134,-0.0041309028,0.32131117,-0.66073405,-0.74921511,-0.045904558,1.616717,-2.2935219,0
8,1900,0.950000,17,1.5713418,0.99446716,0.56670279,0.57173357,0.015884952,-0.016146213,-0.038564134,-0.065202928,0.0052731988,0.031911243,-0.46825316,-0.87609876,-0.11484748,1.6858978,-2.0616423,0
8,1900,0.950000,18,1.5713418,1.4296013,0.23962693,0.57029472,0.067251895,0.062603063,0.040339473,-0.089306328,0.1441582,0.023169089,0.087487776,0.76767296,0.6348418,0.88299257,1.457321,0
8,1900,0.950000,19,1.5713418,1.337894,0.61226516,0.16076145,-0.049631173,-0.0071227948,-0.0077281504,-0.13654919,-0.11056662,-0.012941557,0.65039412,-0.57685797,0.4941886,1.0538951,-0.72555036,0
8,1900,0.950000,20,1.5713418,1.0635106,0.16853719,0.95170236,0.028452989,-0.031628596,-0.036425949,0.057034194,-0.022858424,-0.10099067,-0.79024526,0.54038764,0.28895265,1.2776637,2.5418067,0
8,1900,0.950000,21,1.5713418,0.99205349,0.54468732,1.331712,0.032433412,-0.043924361,-0.043003731,0.070011565,-0.047091204,-0.00083738904,-0.81769179,-0.35104346,0.45623308,1.0970389,-2.7360769,0
8,1900,0.950000,22,1.5713418,1.4168672,0.2215332,1.4034381,0.058145167,-0.067067335,-0.019927187,-0.0020684971,-0.16989334,-0.12370862,-0.19709268,-0.64450025,-0.73876512,2.4020326,-1.8675721,0
8,1900,0.950000,23,1.5713418,1.4026064,0.62775244,0.97960961,-0.008509462,0.014665646,0.0018939314,0.01449326,0.16267694,-0.0035176215,-0.6156685,-0.72588134,-0.30667342,1.8824924,-2.2742252,0
8,1900,0.950000,24,1.5713418,0.93042743,0.98729454,0.20370884,-0.0060368751,0.062605795,0.023492567,-0.11780572,0.22062188,0.044928169,0.1157236,0.090172168,0.98917998,0.14723852,0.66193053,0
8,1900,0.950000,25,1.5713418,0.98803495,1.3996312,0.57525207,-0.0034574848,0.0094456019,-0.004750341,-0.19151258,0.25582604,0.19859596,0.54378982,0.2643372,0.79650391,0.64930551,0.45246735,0
8,1900,0.950000,26,1.5713418,1.3925153,0.96913663,0.57710268,0.013093852,-0.013443951,-0.0026743433,-0.13055216,-0.12359915,0.26369424,-0.80287562,0.57025418,0.17378407,1.3961254,2.5240108,0
8,1900,0.950000,27,1.5713418,1.3469081,1.296205,0.15864883,0.0092309144,-0.014780517,0.0044606666,0.12383593,0.049566358,-0.054837988,-0.32750044,0.85944899,0.39254413,1.1674002,1.9348681,0
8,1900,0.950000,28,1.5713418,0.98283199,1.0197615,0.98499577,-0.0089948389,0.0073846713,-0.0040309056,0.012604858,0.18447114,-0.046588447,0.18080592,-0.98330866,-0.020329877,1.5911276,-1.3889525,0
8,1900,0.950000,29,1.5713418,0.95245072,1.3877736,1.3834252,-0.02006163,-0.040221632,0.017149162,-0.08045626,0.071505949,0.0037118322,0.66737383,0.1641347,-0.72641034,2.3838806,0.24115495,0
8,1900,0.950000,30,1.5713418,1.3303876,0.99054495,1.4037916,0.037550509,0.01899879,-0.027343122,0.078116501,-0.0035349094,-0.058029154,0.941152,-0.30586416,0.14380555,1.4264905,-0.31422206,0
8,1900,0.950000,31,1.5713418,1.4232139,1.3578969,0.99435403,0.0093174173,0.044501831,-0.03842631,0.16319174,0.03043332,0.038378098,-0.0062452064,0.48607748,-0.8738934,2.6339511,1.5836438,0
9,2000,1.000000,0,1.5713418,0.18883444,0.15866182,0.23777696,-0.047234984,-0.026698318,-0.018464117,-0.10519215,0.029474245,-0.10015352,0.86077456,0.082364642,-0.50227802,2.0970275,0.095396218,0
9,2000,1.000000,1,1.5713418,0.19157367,0.58578717,0.55959146,0.0091482462,0.0041758678,-0.035066077,0.14210361,0.010799183,-0.20014119,0.093312952,0.96246249,0.25486985,1.3130832,1.4741461,0
9,2000,1.000000,2,1.5713418,0.60962191,0.16405712,0.62361223,-0.043819777,0.016873613,0.0014176051,-0.042191446,-0.099464756,0.089569903,-0.2609983,0.50261138,-0.82417334,2.5395373,2.0497522,0
9,2000,1.000000,3,1.5713418,0.58955523,0.58986604,0.25620862,0.047944675,-0.0013557894,0.079334426,0.066845205,-0.086431631,0.070943039,-0.59918446,-0.75154334,-0.27597209,1.8503973,-2.2438716,0
9,2000,1.000000,4,1.5713418,0.1353925,0.16779821,0.90013646,-0.0095278204,-0.015880649,-0.040500916,-0.046527618,0.061536901,0.14650104,-0.080779571,-0.30992073,-0.94732455,2.8155727,-1.8257693,0
9,2000,1.000000,5,1.5713418,0.20479784,0.6148814,1.3747556,0.027474934,-0.0066075344,0.029460471,0.21933453,-0.0099760001,-0.3416267,-0.2482759,-0.90250498,-0.35191453,1.930412,-1.8392522,0
9,2000,1.000000,6,1.5713418,0.56081372,0.1308675,1.2649622,-0.012902886,-0.091695421,-0.0063037866,-0.13695289,0.039539547,0.16586147,0.45326808,0.0026087491,-0.89137043,2.671156,0.0057553584,0
9,2000,1.000000,7,1.5713418,0.61626526,0.57790873,0.94431577,0.033001951,-0.051909014,-0.017606791,-0.067530416,-0.068565099,0.060023622,0.93453731,0.15714867,0.31928719,1.2458191,0.16659804,0
9,2000,1.000000,8,1.5713418,0.21617963,0.98441432,0.15460861,0.0012656902,-0.024600725,-0.073521595,0.23023382,0.00090143158,-0.15891242,-0.57078194,-0.76327122,0.30269627,1.263276,-2.2128944,0
9,2000,1.000000,9,1.5713418,0.1763643,1.3685645,0.59245815,-0.0049265661,-0.061665782,-0.035788457,-0.25509807,-0.0016010988,-0.063197288,0.058483021,0.13492998,0.98912772,0.14759433,1.1618051,0
9,2000,1.000000,10,1.5713418,0.59524939,1.0149896,0.58754062,0.01161411,0.029764916,0.012557497,0.044562678,-0.13484056,-0.0095211119,-0.55936044,0.62222205,-0.54768203,2.1503876,2.3030434,0
9,2000,1.000000,11,1.5713418,0.61266679,1.420864,0.18454865,-0.01341042,0.026471035,0.0085642933,-0.23117749,0.15908318,-0.028801974,0.67623629,0.24943597,-0.6931711,2.3366757,0.3533761,0
9,2000,1.000000,12,1.5713418,0.21041993,0.97613389,0.95075106,0.024991917,-0.014653125,-0.010060177,0.10628541,0.14376119,0.02100197,0.91399264,-0.39967813,-0.069820088,1.6406733,-0.41223259,0
9,2000,1.000000,13,1.5713418,0.17632494,1.2442915,1.406775,0.043857475,-0.0072473412,0.0023110073,0.085742145,-0.1065257,0.094535347,0.59831984,0.78401057,-0.16535052,1.7369097,0.91893045,0
9,2000,1.000000,14,1.5713418,0.62829426,0.97489016,1.3799517,-0.0036560647,-0.017486348,0.0082116018,0.02384582,0.0036462894,0.059587762,-0.20297012,0.13815322,0.96938992,0.24806261,2.5439663,0
9,2000,1.000000,15,1.5713418,0.54904118,1.3943713,0.99290281,-0.041435954,-0.023949647,-0.010837815,-0.12929486,0.065766092,-0.10155578,-0.6861435,0.37852835,0.62122732,0.90048839,2.6374642,0
9,2000,1.000000,16,1.5713418,0.94059513,0.20934509,0.16266706,0.006500692,-0.0022675254,0.019872312,0.039755732,-0.051320385,0.29327166,-0.73969062,-0.65301805,-0.16255832,1.7340792,-2.4183474,0
9,2000,1.000000,17,1.5713418,0.99102436,0.56763254,0.57647634,0.012442148,-0.015216465,-0.033821363,-0.05053736,0.055098002,0.17443302,-0.39535906,-0.91734187,-0.046638009,1.6174513,-1.977724,0
9,2000,1.000000,18,1.5713418,1.4233303,0.2455874,0.56952823,0.060980885,0.068563528,0.039572977,-0.13694711,0.093939952,-0.028277913,0.078627943,0.77283586,0.62971611,0.88960861,1.4694057,0
9,2000,1.000000,19,1.5713418,1.3311881,0.60731231,0.15902621,-0.056337009,-0.012075648,-0.0094633967,-0.13241713,-0.092965869,-0.035550346,0.79278305,-0.49249629,0.35908556,1.2035084,-0.55587977,0
9,2000,1.000000,20,1.5713418,1.0653065,0.16793007,0.94654453,0.03024881,-0.032235718,-0.041583783,0.027495787,-0.017589278,-0.090864831,-0.79329832,0.43659164,0.42434128,1.132562,2.6384809,0
9,2000,1.000000,21,1.5713418,0.99504935,0.54401132,1.3327167,0.035429266,-0.044600352,-0.041999017,0.049765786,-0.027852445,0.069017061,-0.87149242,-0.2861249,0.39828822,1.1611464,-2.8243645,0
9,2000,1.000000,22,1.5713418,1.4163943,0.21423803,1.3916058,0.057672264,-0.0743625,-0.031759444,-0.025517646,-0.15117596,-0.27499289,0.085779634,-0.66998883,-0.73739868,2.4000074,-1.4434577,0
9,2000,1.000000,23,1.5713418,1.4019074,0.63518922,0.98012294,-0.0092083899,0.02210242,0.0024072585,-0.017606901,0.12105744,0.06487733,-0.60174482,-0.74399199,-0.29048079,1.8655256,-2.2508835,0
9,2000,1.000000,24,1.5713418,0.92764951,0.99828186,0.20474651,-0.0088147886,0.07359311,0.024530231,-0.010083186,0.24388322,0.004544534,0.25844747,0.083277474,0.9624291,0.27498563,0.3117173,0
9,2000,1.000000,25,1.5713418,0.98075156,1.4133077,0.58422101,-0.010740869,0.023122043,0.0042186024,-0.10778719,0.29242268,0.21868182,0.55613814,0.2608609,0.78908932,0.66147126,0.43858884,0
9,2000,1.000000,26,1.5713418,1.3844439,0.96352289,0.58839248,0.0050224202,-0.019057699,0.0086154534,-0.16313193,-0.10920942,0.21827164,-0.73167067,0.66861895,0.13269033,1.4377135,2.4011917,0
9,2000,1.000000,27,1.5713418,1.3516321,1.2990516,0.15743282,0.013954962,-0.011933945,0.0032446559,0.12500601,0.10172521,0.019330309,-0.20123392,0.87860359,0.43308271,1.1228863,1.7959512,0
9,2000,1.000000,28,1.5713418,0.98513657,1.027095,0.97922496,-0.0066902545,0.014718136,-0.0098017221,0.084122888,0.11344233,-0.1725291,0.11735117,-0.9930748,-0.005579964,1.5763763,-1.4531723,0
9,2000,1.000000,29,1.5713418,0.94713492,1.393379,1.3830778,-0.025377431,-0.034616279,0.016801776,-0.13534744,0.1188839,-0.0085152378,0.72171828,0.18183619,-0.66787597,2.3021476,0.24681216,0
9,2000,1.000000,30,1.5713418,1.3341928,0.98979757,1.4016052,0.041355766,0.018251413,-0.02952948,0.040162243,-0.049613694,-0.033482675,0.9829815,-0.14908738,0.10733274,1.4632564,-0.15052139,0
9,2000,1.000000,31,1.5713418,1.4309139,1.3605109,0.99703836,0.017017446,0.047115828,-0.035741977,0.18532442,0.074742151,0.027760687,0.091681488,0.47977004,-0.87259109,2.6312785,1.3819781,0
10,2100,1.050000,0,1.5713418,0.18378531,0.15901011,0.23229519,-0.052284117,-0.026350025,-0.023945883,-0.077062258,-0.034050453,-0.10975535,0.77329502,-0.0012455305,-0.63404516,2.2575695,-0.0016106782,0
10,2100,1.050000,1,1.5713418,0.19837057,0.58889391,0.55090026,0.015945149,0.0072826082,-0.043757281,0.11922909,0.12726904,-0.13407966,0.20973801,0.93108046,0.29849479,1.2676812,1.3492315,0
10,2100,1.050000,2,1.5713418,0.60604517,0.1598635,0.62851574,-0.047396517,0.012679991,0.0063211125,-0.078468761,-0.020786808,0.098349463,-0.40801364,0.57637558,-0.70803677,2.3575106,2.1868016,0
10,2100,1.050000,3,1.5713418,0.59415068,0.58581688,0.25774483,0.052540124,-0.0054049506,0.080870634,0.11873359,-0.090542049,-0.038885026,-0.5656044,-0.80282343,-0.18859002,1.7605225,-2.1845488,0
10,2100,1.050000,4,1.5713418,0.13614024,0.17232186,0.90746363,-0.008780079,-0.011356997,-0.033173752,0.071771817,0.083664807,0.14590528,-0.13868875,-0.3304216,-0.93358824,2.7750953,-1.9681971,0
10,2100,1.050000,5,1.5713418,0.21701443,0.61325887,1.3577472,0.039691522,-0.0082300701,0.012452137,0.28799323,-0.029019063,-0.35357253,-0.095047741,-0.96289838,-0.25257204,1.8261339,-1.6691876,0
10,2100,1.050000,6,1.5713418,0.55259596,0.13794696,1.2740447,-0.02112064,-0.084615955,0.002778663,-0.17446945,0.22651259,0.20491712,0.5273833,0.18468394,-0.82931219,2.548672,0.33684336,0
10,2100,1.050000,7,1.5713418,0.61204372,0.57328254,0.94679587,0.028780409,-0.056535201,-0.015126684,-0.084287499,-0.11812975,0.053236203,0.97103254,0.064115816,0.23018464,1.3385289,0.065932787,0
10,2100,1.050000,8,1.5713418,0.227604,0.98328899,0.14805404,0.012690057,-0.025726052,-0.08007617,0.26146575,-0.020784958,-0.11305048,-0.4762628,-0.84055388,0.25815289,1.3096865,-2.0862994,0
10,2100,1.050000,9,1.5713418,0.16400781,1.3679902,0.58976209,-0.017283057,-0.062240137,-0.038484517,-0.24209366,-0.01601221,-0.085555228,-0.017202421,0.21505654,0.97645008,0.21745316,1.6506166,0
10,2100,1.050000,10,1.5713418,0.59641396,1.008594,0.58963089,0.012778679,0.023369311,0.014647768,0.016247074,-0.20154321,0.10046289,-0.46384266,0.67013531,-0.57945547,2.1888567,2.176243,0
10,2100,1.050000,11,1.5713418,0.60172883,1.4278822,0.18276197,-0.024348381,0.033489311,0.0067776151,-0.20116872,0.13442761,-0.041050822,0.69161221,0.19259983,-0.69611627,2.3407699,0.27159819,0
10,2100,1.050000,12,1.5713418,0.21355416,0.98342738,0.95193043,0.028126149,-0.0073596318,-0.0088808038,0.040544189,0.11316909,0.023944128,0.86206099,-0.5056034,-0.034872073,1.6056755,-0.53043788,0
10,2100,1.050000,13,1.5713418,0.18047617,1.2395464,1.4108941,0.04800871,-0.011992421,0.0064300955,0.089373415,-0.083232489,0.093233213,0.58006759,0.80814123,-0.1021242,1.6730989,0.9482369,0
10,2100,1.050000,14,1.5713418,0.6298854,0.97516956,1.3829984,-0.0020649208,-0.017206953,0.011258308,0.03176032,0.01023095,0.017710037,-0.25599724,0.2870517,0.92307461,0.39479714,2.2990713,0
10,2100,1.050000,15,1.5713418,0.54227759,1.3957712,0.98889254,-0.048199541,-0.022549811,-0.014848082,-0.1393241,0.0088635506,-0.078341089,-0.82717005,0.35812158,0.43305731,1.1229144,2.7330093,0
10,2100,1.050000,16,1.5713418,0.94314325,0.20615371,0.17640789,0.0090488191,-0.0054589092,0.033613141,0.057288905,-0.12673349,0.29259443,-0.80979188,-0.51809481,-0.27534502,1.8497449,-2.5724302,0
10,2100,1.050000,17,1.5713418,0.99052876,0.56921892,0.58707168,0.011946546,-0.01363008,-0.023226024,0.026001457,0.0023311731,0.22721667,-0.25676471,-0.96615232,0.024931638,1.5458621,-1.8305521,0
10,2100,1.050000,18,1.5713418,1.4174196,0.25070982,0.56554781,0.05507016,0.07368595,0.035592555,-0.10031808,0.10520084,-0.10646626,0.085861589,0.78875837,0.60867727,0.91640393,1.4623666,0
10,2100,1.050000,19,1.5713418,1.3261273,0.60445005,0.15817356,-0.061397836,-0.014937902,-0.010316047,-0.05996988,-0.012446819,-0.035831036,0.89888464,-0.38260097,0.21359516,1.3555428,-0.40241234,0
10,2100,1.050000,20,1.5713418,1.0685499,0.1665863,0.94248539,0.033492291,-0.033579494,-0.045642915,0.084840078,-0.037364947,-0.072348289,-0.75567487,0.36977393,0.54057629,0.99967436,2.6865179,0
10,2100,1.050000,21,1.5713418,0.99470562,0.54240068,1.3375393,0.035085544,-0.046210996,-0.037176445,-0.080819997,-0.032347889,0.10134574,-0.90162204,-0.26027789,0.34544626,1.218082,-2.8605557,0
10,2100,1.050000,22,1.5713418,1.4136634,0.20719683,1.3789625,0.054941419,-0.081403701,-0.044402743,-0.050961818,-0.15303035,-0.24425286,0.35786639,-0.64600503,-0.6742471,2.3107411,-1.0649114,0
10,2100,1.050000,23,1.5713418,1.4016899,0.64126274,0.98541258,-0.0094258886,0.028175945,0.0076969019,-0.0071110325,0.12657936,0.14480621,-0.60177853,-0.74745134,-0.28138778,1.8560363,-2.2486437,0
10,2100,1.050000,24,1.5713418,0.93046028,1.0104487,0.20404471,-0.0060040253,0.085759916,0.023828431,0.094794562,0.21619611,-0.054711125,0.4276344,0.060298931,0.90193839,0.44655922,0.14008227,0
10,2100,1.050000,25,1.5713418,0.97687908,1.4282482,0.59699576,-0.014613355,0.03806257,0.016993354,-0.031721701,0.2806415,0.27716455,0.57706329,0.2487675,0.7778899,0.67949542,0.40701949,0
10,2100,1.050000,26,1.5713418,1.3750963,0.96115234,0.59695018,-0.0043251405,-0.021428244,0.017173154,-0.20722575,0.011871258,0.1563696,-0.65526498,0.74449309,0.1278978,1.4425472,2.2925352,0
10,2100,1.050000,27,1.5713418,1.3554348,1.304653,0.16001429,0.017757628,-0.0063326022,0.0058261188,0.069404319,0.10691007,0.041671025,-0.074212519,0.90536487,0.41809922,1.1394445,1.6525832,0
10,2100,1.050000,28,1.5713418,0.98947344,1.0296569,0.96969284,-0.002353386,0.01728009,-0.019333839,0.11147794,0.0086857095,-0.19220244,0.025287574,-0.99967473,-0.0033138617,1.5741102,-1.5455059,0
10,2100,1.050000,29,1.5713418,0.93943374,1.400537,1.3828194,-0.033078611,-0.027458315,0.016543307,-0.17490108,0.14820228,-0.047388706,0.7634807,0.17657689,-0.62122284,2.2410985,0.22728258,0
10,2100,1.050000,30,1.5713418,1.3370258,0.9849759,1.4007575,0.044188751,0.013429743,-0.030377199,0.06462831,-0.084353098,-0.024889584,0.99872672,0.033844985,0.037409401,1.5333782,0.033875171,0
10,2100,1.050000,31,1.5713418,1.4376638,1.361609,0.99626792,0.023767315,0.048213867,-0.036512423,0.070153416,-0.0034810732,-0.049599297,0.16338418,0.47154477,-0.86657437,2.6190929,1.2372545,0
11,2200,1.100000,0,1.5713418,0.17913083,0.1562799,0.22452554,-0.056938592,-0.029080243,-0.031715529,-0.099580779,-0.10833918,-0.16107489,0.68091469,-0.033826791,-0.73158112,2.3914346,-0.04963765,0
11,2200,1.100000,1,1.5713418,0.20438815,0.5964168,0.54592128,0.021962724,0.014805492,-0.048736261,0.11626215,0.13727258,-0.057651096,0.35062491,0.87393801,0.33659252,1.2275004,1.1892549,0
11,2200,1.100000,2,1.5713418,0.6000894,0.16278863,0.63472598,-0.05335229,0.01560512,0.012531353,-0.13282743,0.11020575,0.15291135,-0.55263521,0.55441872,-0.62226538,2.2424296,2.3545834,0
11,2200,1.100000,3,1.5713418,0.6005929,0.58143056,0.25569322,0.058982343,-0.0097912688,0.078819024,0.14043684,-0.10449714,-0.054004675,-0.48246744,-0.86774173,-0.11937111,1.6904528,-2.0782371,0
11,2200,1.100000,4,1.5713418,0.14259462,0.17569927,0.91453688,-0.0023256968,-0.0079795876,-0.026100499,0.17288605,0.076269977,0.11682333,-0.18700206,-0.3520364,-0.91711537,2.731579,-2.059092,0
11,2200,1.100000,5,1.5713418,0.22993179,0.612253,1.3413264,0.052608888,-0.0092359373,-0.00396867,0.22055579,-0.052536279,-0.30346864,0.055968916,-0.98661592,-0.15315517,1.7245567,-1.5141289,0
11,2200,1.100000,6,1.5713418,0.54341219,0.1529537,1.2844515,-0.03030441,-0.06960922,0.013185486,-0.20120424,0.31994692,0.19011673,0.59932563,0.30906477,-0.73843602,2.4015444,0.47611875,0
11,2200,1.100000,7,1.5713418,0.60954292,0.56502127,0.95043645,0.026279606,-0.064796476,-0.011486104,-0.038761946,-0.18311454,0.088264336,0.98530362,0.011861674,0.17039978,1.399561,0.012038016,0
11,2200,1.100000,8,1.5713418,0.23941742,0.98178885,0.14338731,0.024503483,-0.027226193,-0.084742894,0.28171281,-0.035063249,-0.073086999,-0.38118774,-0.9047825,0.18990666,1.3797293,-1.9695316,0
11,2200,1.100000,9,1.5713418,0.15198212,1.3675358,0.58351616,-0.029308748,-0.062694503,-0.044730447,-0.23813911,-0.01428311,-0.14811993,-0.082448575,0.31718892,0.94477162,0.33389927,1.8251037,0
11,2200,1.100000,10,1.5713418,0.59783408,1.0001483,0.59571215,0.014198797,0.014923643,0.020729027,0.058698223,-0.16581327,0.12563885,-0.40561275,0.71854716,-0.5649498,2.1711687,2.0846963,0
11,2200,1.100000,11,1.5713418,0.59082588,1.4367966,0.17695463,-0.035251329,0.042403646,0.0009702744,-0.25787047,0.14405998,-0.1821594,0.70442543,0.092964363,-0.70366358,2.3513369,0.13121364,0
11,2200,1.100000,12,1.5713418,0.21372244,0.98920699,0.95385868,0.028294428,-0.001580027,-0.0069525573,-0.015745632,0.11010377,0.055479653,0.83005224,-0.55589662,0.044634236,1.5261473,-0.59010851,0
11,2200,1.100000,13,1.5713418,0.18395233,1.2358233,1.4167309,0.05148487,-0.015715594,0.012266854,0.063397348,-0.071751812,0.15218018,0.5198318,0.85345816,-0.037203048,1.608008,1.0237207,0
11,2200,1.100000,14,1.5713418,0.63065817,0.97432952,1.3837941,-0.001292154,-0.018046992,0.012053988,0.0028133449,-0.047560439,0.0079775151,-0.31946072,0.37762605,0.86910495,0.51740644,2.2729467,0
11,2200,1.100000,15,1.5713418,0.53628401,1.3950014,0.98482508,-0.054193119,-0.023319613,-0.018915543,-0.076846032,-0.013751379,-0.06936484,-0.9230563,0.31853229,0.21564844,1.3534405,2.8093037,0
11,2200,1.100000,16,1.5713418,0.94709317,0.19887103,0.19051278,0.012998731,-0.012741589,0.047718032,0.093495046,-0.15267978,0.32717021,-0.8698251,-0.33435508,-0.36278227,1.9420482,-2.7746122,0
11,2200,1.100000,17,1.5713418,0.9913771,0.56853533,0.59865781,0.012794887,-0.01431367,-0.011639892,0.014695944,-0.02750648,0.19938654,-0.092044291,-0.99069288,0.10027694,1.4703506,-1.6634394,0
11,2200,1.100000,18,1.5713418,1.4139368,0.25643906,0.55932405,0.051587336,0.079415186,0.0293688,-0.018492829,0.12218194,-0.13154168,0.1395561,0.83091784,0.53860898,1.002011,1.4043952,0
11,2200,1.100000,19,1.5713418,1.3217774,0.60409006,0.15726242,-0.065747729,-0.015297896,-0.01122718,-0.085426291,0.0052930696,-0.021565526,0.95536314,-0.29092813,0.051401285,1.5193724,-0.29559931,0
11,2200,1.100000,20,1.5713418,1.0710204,0.16551797,0.93960293,0.035962739,-0.034647824,-0.048525384,0.038351856,0.0015528522,-0.049153253,-0.68107914,0.3544999,0.64067232,0.87542275,2.6616819,0
11,2200,1.100000,21,1.5713418,0.98878789,0.54319844,1.3424809,0.029167813,-0.045413238,-0.032234856,-0.14246724,0.044835709,0.089255608,-0.90009659,-0.27752079,0.33586954,1.2282681,-2.8425174,0
11,2200,1.100000,22,1.5713418,1.4119801,0.20017893,1.3652557,0.053258067,-0.088421604,-0.058109548,-0.12446272,-0.13115869,-0.27322272,0.58403997,-0.57160291,-0.57633968,2.1850389,-0.77463655,0
11,2200,1.100000,23,1.5713418,1.4026452,0.64735001,0.99501473,-0.0084705778,0.03426321,0.017299052,0.0057727954,0.085685026,0.22433099,-0.599741,-0.73682862,-0.31208064,1.8881786,-2.2539851,0
11,2200,1.100000,24,1.5713418,0.93455366,1.020264,0.20139176,-0.0019106372,0.095575204,0.021175485,0.039865217,0.18313697,-0.021927644,0.57736603,0.039619852,0.81552359,0.61716297,0.068514315,0
11,2200,1.100000,25,1.5713418,0.97898872,1.4355818,0.6120886,-0.012503706,0.045396191,0.032086191,0.1005976,5.6757072e-05,0.29827936,0.61184992,0.1729823,0.77182693,0.68908688,0.27552931,0
11,2200,1.100000,26,1.5713418,1.3656971,0.96179267,0.60461096,-0.013724295,-0.020787912,0.024833937,-0.17786685,0.00078449305,0.11921204,-0.55146244,0.81811521,0.16302355,1.4070419,2.1639031,0
11,2200,1.100000,27,1.5713418,1.3593498,1.3095805,0.1641258,0.021672638,-0.0014050562,0.0099376361,0.071629228,0.095090016,0.11934588,0.043634899,0.90882658,0.41488581,1.142979,1.5228208,0
11,2200,1.100000,28,1.5713418,0.99557138,1.0293333,0.96188125,0.003744553,0.016956435,-0.027145429,0.090793305,-0.014414645,-0.10800814,-0.059642773,-0.99821958,-0.00064423602,1.5714406,-1.6304745,0
11,2200,1.100000,29,1.5713418,0.92981034,1.4098091,1.3818445,-0.04270201,-0.018186164,0.015568455,-0.17581913,0.19686957,-0.012905828,0.80604854,0.14969656,-0.57260518,2.1804764,0.18362453,0
11,2200,1.100000,30,1.5713418,1.3398118,0.98103703,1.4004115,0.046974688,0.0094908739,-0.030723208,0.065014529,-0.089808029,-0.035645604,0.98492438,0.16967035,-0.033703828,1.6045065,0.17059303,0
11,2200,1.100000,31,1.5713418,1.4363254,1.361199,0.9936982,0.022428901,0.047803915,-0.039082137,-0.11078962,-0.0055023819,-0.024057199,0.081045513,0.46283132,-0.8827337,2.6524451,1.3974458,0
12,2300,1.150000,0,1.5713418,0.17368798,0.14813242,0.2165643,-0.06238144,-0.037227715,-0.039676776,-0.14198701,-0.21729642,-0.17284501,0.58017753,-0.026178348,-0.81406924,2.5219211,-0.045090687,0
12,2300,1.150000,1,1.5713418,0.20986657,0.60255345,0.54452179,0.027441144,0.020942141,-0.050135755,0.081035213,0.11165269,0.014851136,0.48495407,0.7979459,0.35791325,1.2047642,1.0246955,0
12,2300,1.150000,2,1.5713418,0.59189995,0.16851927,0.64063703,-0.061541737,0.021335762,0.018442406,-0.14548722,0.10095291,0.091239658,-0.69972906,0.47230621,-0.53600941,2.1364993,2.5478537,0
12,2300,1.150000,3,1.5713418,0.60728944,0.57791727,0.25221816,0.065678892,-0.013304561,0.075343964,0.11108287,-0.050714762,-0.089936998,-0.37914055,-0.92314866,-0.063631664,1.634471,-1.9604958,0
12,2300,1.150000,4,1.5713418,0.15094456,0.17882157,0.92119257,0.0060242451,-0.0048572816,-0.019444815,0.15024285,0.05950923,0.11915385,-0.21775821,-0.37961999,-0.89914961,2.6886188,-2.0915941,0
12,2300,1.150000,5,1.5713418,0.24026412,0.61080824,1.3269479,0.062941218,-0.010680693,-0.018347224,0.19169513,-0.0067104299,-0.24718999,0.22150179,-0.97315579,-0.062488121,1.6333252,-1.3469973,0
12,2300,1.150000,6,1.5713418,0.53617136,0.16452592,1.2939794,-0.037545242,-0.058036996,0.022713447,-0.13233469,0.1619062,0.19657567,0.64750583,0.38577236,-0.65720308,2.2878982,0.5373123,0
12,2300,1.150000,7,1.5713418,0.60821514,0.55698364,0.95566885,0.024951831,-0.072834102,-0.0062537122,-0.045385026,-0.13610573,0.090924639,0.98693864,-0.022100962,0.15957342,1.4105378,-0.022389709,0
12,2300,1.150000,8,1.5713418,0.25210855,0.98246019,0.14120493,0.037194616,-0.026554857,-0.086925278,0.26748453,0.04601136,-0.031918846,-0.26932418,-0.95668608,0.11052704,1.460043,-1.8452119,0
12,2300,1.150000,9,1.5713418,0.13961898,1.367158,0.57476102,-0.041671885,-0.063072281,-0.053485588,-0.19691431,0.0027640296,-0.16362767,-0.18593013,0.3958894,0.89927836,0.45267954,2.0098719,0
12,2300,1.150000,10,1.5713418,0.60280162,0.99232301,0.60374274,0.019166332,0.0070983678,0.028759614,0.097284103,-0.14051285,0.18126013,-0.33970456,0.75837358,-0.55630057,2.1607236,1.9919344,0
12,2300,1.150000,11,1.5713418,0.57770998,1.4403311,0.16768122,-0.048367226,0.04593821,-0.0083031377,-0.21164864,0.0013041712,-0.15098269,0.72523235,-0.060113898,-0.68587488,2.3266016,-0.082700102,0
12,2300,1.150000,12,1.5713418,0.21078587,0.99301565,0.95616412,0.025357856,0.0022286358,-0.004647116,-0.068982037,0.030174612,0.043888977,0.82394595,-0.55583716,0.11026391,1.4603078,-0.59347751,0
12,2300,1.150000,13,1.5713418,0.18353709,1.2334395,1.4232469,0.051069623,-0.018099343,0.018782908,-0.035083543,-0.025225328,0.076867475,0.43714489,0.89928372,-0.013896931,1.5846937,1.1183277,0
12,2300,1.150000,14,1.5713418,0.63207266,0.96779072,1.3826372,0.00012233848,-0.024585789,0.010897145,0.042259678,-0.20854199,-0.044791033,-0.34717284,0.42872547,0.83406564,0.58435943,2.2514716,0
12,2300,1.150000,15,1.5713418,0.53336358,1.3973683,0.98219064,-0.057113549,-0.020952674,-0.021549981,-0.035535239,0.049965948,-0.0037368283,-0.95808629,0.28580025,-0.019719801,1.5905174,2.8516932,0
12,2300,1.150000,16,1.5713418,0.95188802,0.19023282,0.20481187,0.017793587,-0.021379799,0.062017121,0.093927253,-0.2102088,0.27429597,-0.90188948,-0.14483919,-0.40696066,1.9899206,-2.982357,0
12,2300,1.150000,17,1.5713418,0.99115891,0.57042334,0.6078343,0.012576694,-0.012425667,-0.0024634002,-0.015865808,0.081097129,0.14733531,0.045871936,-0.97508014,0.2170587,1.351996,-1.5237867,0
12,2300,1.150000,18,1.5713418,1.4163195,0.26174942,0.55153949,0.053970087,0.08472555,0.021584241,0.10796992,0.11840637,-0.19359588,0.22861218,0.85695275,0.46191824,1.0906395,1.3100943,0
12,2300,1.150000,19,1.5713418,1.3183995,0.60581834,0.15885292,-0.06912566,-0.013569612,-0.0096366853,-0.044187102,0.036146012,0.10850117,0.96707506,-0.23285695,-0.10268137,1.673659,-0.23628688,0
12,2300,1.150000,20,1.5713418,1.0743164,0.16645234,0.93768216,0.039258766,-0.033713454,-0.050446147,0.046603413,-0.012144716,-0.027523423,-0.5871717,0.36830321,0.72082047,0.76581101,2.5813773,0
12,2300,1.150000,21,1.5713418,0.97935302,0.54434046,1.3470899,0.019732943,-0.044271219,-0.027625773,-0.26150555,0.044752771,0.11884659,-0.88128078,-0.339845,0.32840456,1.2361824,-2.7735385,0
12,2300,1.150000,22,1.5713418,1.4011077,0.19340505,1.3487763,0.042385665,-0.095195482,-0.074588915,-0.29866326,-0.13109833,-0.36054935,0.65038625,-0.54190083,-0.53229805,2.1321092,-0.69465869,0
12,2300,1.150000,23,1.5713418,1.4036622,0.65013288,1.0061385,-0.0074536532,0.037046085,0.028422846,0.037537407,0.024696974,0.23871083,-0.56965672,-0.73534016,-0.367105,1.9466911,-2.2299093,0
12,2300,1.150000,24,1.5713418,0.93414592,1.0279102,0.19931595,-0.0023183865,0.10322147,0.019099673,-0.098359131,0.15764444,-0.050432985,0.69640057,0.0084345579,0.71760372,0.77044083,0.012111055,0
12,2300,1.150000,25,1.5713418,0.9821023,1.433814,0.62480614,-0.0093901253,0.043628398,0.04480373,0.040238858,-0.032997645,0.2292352,0.63346118,0.016026409,0.77360849,0.68628016,0.025294353,0
12,2300,1.150000,26,1.5713418,1.3579002,0.962193,0.60829162,-0.021521227,-0.020387588,0.028514593,-0.1556501,0.014200158,0.028077292,-0.4294857,0.87142101,0.23699674,1.331523,2.028713,0
12,2300,1.150000,27,1.5713418,1.3619335,1.3174381,0.16878431,0.02425638,0.0064525795,0.014596143,0.049471802,0.18172344,0.04300367,0.12833983,0.88557232,0.44641971,1.1080361,1.4268753,0
12,2300,1.150000,28,1.5713418,1.0013449,1.0256834,0.95895577,0.0095181051,0.013306528,-0.030070915,0.080776528,-0.16132912,-0.014179086,-0.1415839,-0.98988103,-0.0094626424,1.5802591,-1.712864,0
12,2300,1.150000,29,1.5713418,0.92242155,1.4188498,1.3800337,-0.050090805,-0.0091454393,0.013757675,-0.15103316,0.18511637,-0.049965289,0.8454827,0.12047642,-0.52023498,2.1179224,0.1415414,0
12,2300,1.150000,30,1.5713418,1.3422755,0.97619682,1.40122,0.049438429,0.0046506625,-0.029914635,0.038041813,-0.1214753,0.057967448,0.95523226,0.2835154,-0.084559771,1.6554572,0.28852081,0
12,2300,1.150000,31,1.5713418,1.430559,1.3621424,0.99148538,0.016662576,0.048747343,-0.041294959,-0.066802842,-0.00022422772,-0.095696637,-0.025001024,0.47636103,-0.87889426,2.6443355,1.6232316,0
13,2400,1.200000,0,1.5713418,0.1668426,0.13529016,0.20896916,-0.069226826,-0.050069978,-0.047271917,-0.13202378,-0.25565434,-0.16464125,0.4391164,-0.017512749,-0.89825948,2.6865891,-0.039860667,0
13,2400,1.200000,1,1.5713418,0.21270863,0.60810642,0.54670396,0.030283202,0.026495113,-0.047953586,0.038819548,0.094277726,0.085902932,0.58639334,0.72770304,0.35579648,1.2070301,0.89252027,0
13,2400,1.200000,2,1.5713418,0.5850388,0.1728531,0.64544362,-0.06840289,0.025669588,0.023249002,-0.13819129,0.074447611,0.084389187,-0.797199,0.40671422,-0.44615838,2.0332645,2.669835,0
13,2400,1.200000,3,1.5713418,0.61148425,0.57441791,0.24838179,0.069873702,-0.016803927,0.071507591,0.098180312,-0.064881295,-0.072698834,-0.3461253,-0.93813436,0.010060217,1.5607359,-1.924253,0
13,2400,1.200000,4,1.5713418,0.15618413,0.18251766,0.9259267,0.011263811,-0.001161196,-0.014710681,0.041955188,0.11022901,0.087297192,-0.21838565,-0.40235319,-0.88905546,2.6660741,-2.0680725,0
13,2400,1.200000,5,1.5713418,0.24542411,0.60990427,1.3173714,0.068101207,-0.011584663,-0.027923678,0.0386406,-0.0074446395,-0.10973723,0.39324178,-0.91933417,0.013622792,1.5571731,-1.1666019,0
13,2400,1.200000,6,1.5713418,0.53302422,0.16970181,1.302675,-0.040692384,-0.052861106,0.031409014,0.011916487,0.067517486,0.17486555,0.70072627,0.44118854,-0.56065619,2.1659744,0.56191187,0
13,2400,1.200000,7,1.5713418,0.60559624,0.55279648,0.96057193,0.022332927,-0.077021262,-0.0013506295,-0.074685131,-0.050998614,0.080885458,0.98008909,0.014583431,0.19802197,1.3714568,0.014878601,0
13,2400,1.200000,8,1.5713418,0.26605783,0.98272188,0.14064756,0.051143892,-0.026293169,-0.087482644,0.28345689,-0.020865603,0.044983884,-0.15586422,-0.98720753,0.033580394,1.5372096,-1.7273877,0
13,2400,1.200000,9,1.5713418,0.1367773,1.3673241,0.56518122,-0.044513564,-0.062906254,-0.063065385,0.083159598,0.045819099,-0.17343393,-0.16819204,0.51569068,0.8401039,0.57332159,1.8860672,0
13,2400,1.200000,10,1.5713418,0.6086011,0.98742123,0.61012545,0.024965818,0.0021965879,0.035142326,0.12585823,-0.03394328,0.15520616,-0.28215131,0.79524571,-0.53663293,2.1372381,1.9117388,0
13,2400,1.200000,11,1.5713418,0.56598013,1.4351584,0.16602424,-0.060097076,0.040765508,-0.009960116,-0.23693447,-0.21621752,0.033199946,0.80822063,-0.12906228,-0.57456273,2.1828661,-0.15835001,0
13,2400,1.200000,12,1.5713418,0.20591528,0.99468092,0.95700845,0.020487265,0.0038939041,-0.0038027895,-0.10681609,0.049863625,-0.042754649,0.83601982,-0.52222605,0.16837696,1.4016134,-0.55835298,0
13,2400,1.200000,13,1.5713418,0.18055661,1.2316676,1.4275189,0.048089152,-0.01987122,0.023054878,-0.089525345,-0.034890562,0.063171089,0.35293084,0.93563963,-0.0042794821,1.5750758,1.2100912,0
13,2400,1.200000,14,1.5713418,0.63433224,0.95601164,1.3795794,0.0023819189,-0.036364868,0.0078393211,0.071413879,-0.20790416,-0.070660772,-0.31806519,0.43281596,0.84350749,0.567016,2.2045463,0
13,2400,1.200000,15,1.5713418,0.53502246,1.4013873,0.98212025,-0.055454672,-0.016933673,-0.021620375,0.053624576,0.060291723,-0.0075952665,-0.93056779,0.28748998,-0.22670047,1.7994849,2.841954,0
13,2400,1.200000,16,1.5713418,0.95821892,0.17983245,0.22021847,0.024124482,-0.031780168,0.07742372,0.11381387,-0.16191343,0.34714644,-0.91610075,0.035944609,-0.39933369,1.9815863,3.1023762,0
13,2400,1.200000,17,1.5713418,0.99195683,0.57701442,0.61489835,0.013374621,-0.0058345874,0.0046006467,0.018046468,0.2062517,0.034874572,0.13860499,-0.936374,0.32247851,1.2424496,-1.4238403,0
13,2400,1.200000,18,1.5713418,1.4226178,0.26863747,0.54016329,0.060268373,0.0916136,0.010208036,0.13119768,0.1610888,-0.26383117,0.30686384,0.86231281,0.40280418,1.1562178,1.2289093,0
13,2400,1.200000,19,1.5713418,1.3148958,0.60849427,0.1628627,-0.072629312,-0.010893689,-0.0056269046,-0.087179035,0.07120682,0.035060442,0.95075551,-0.17079285,-0.2586383,1.8324086,-0.17774333,0
13,2400,1.200000,20,1.5713418,1.0755745,0.16420413,0.93937093,0.040516864,-0.035961659,-0.048757375,-0.0030089115,-0.11209423,0.077245336,-0.52284928,0.44816388,0.72510535,0.75960896,2.4329583,0
13,2400,1.200000,21,1.5713418,0.96616671,0.54694196,1.3522394,0.0065466327,-0.041669713,-0.022476274,-0.29226626,0.048373877,0.15255453,-0.84906476,-0.42513164,0.31361142,1.2518024,-2.6773806,0
13,2400,1.200000,22,1.5713418,1.387193,0.18739595,1.3329901,0.028470994,-0.10120458,-0.090375119,-0.26311712,-0.13842825,-0.27253511,0.66542975,-0.50708436,-0.54778527,2.150511,-0.65116254,0
13,2400,1.200000,23,1.5713418,1.4055149,0.65081635,1.0170148,-0.0056008851,0.037729548,0.039299115,0.027433539,-0.0058358677,0.15179936,-0.56165608,-0.73442326,-0.38100514,1.9616795,-2.2236759,0
13,2400,1.200000,24,1.5713418,0.92711771,1.0343206,0.19618214,-0.0093465966,0.10963189,0.015965869,-0.1775165,0.14061584,-0.094989787,0.7428266,-0.03222812,0.6687077,0.83832697,-0.0433586,0
13,2400,1.200000,25,1.5713418,0.98241704,1.4325678,0.63233045,-0.0090753856,0.042382166,0.052328036,-0.038170187,-0.017721231,0.087702453,0.65077315,-0.016095469,0.7591016,0.70886441,-0.0247278,0
13,2400,1.200000,26,1.5713418,1.3528308,0.96300827,0.60763436,-0.026590587,-0.01957231,0.027857338,-0.060135588,0.037354139,-0.083922642,-0.29576641,0.90094437,0.31752396,1.2476791,1.8879964,0
13,2400,1.200000,27,1.5713418,1.3667905,1.3295028,0.17090473,0.029113368,0.018517246,0.016716566,0.12497437,0.28446168,0.030325139,0.16837696,0.83778977,0.51938184,1.0246689,1.372461,0
13,2400,1.200000,28,1.5713418,1.0031413,1.0139753,0.96227951,0.011314499,0.0015984611,-0.026747167,0.0018820582,-0.29565218,0.16249209,-0.22177488,-0.97214898,-0.075777793,1.6466468,-1.7950865,0
13,2400,1.200000,29,1.5713418,0.91603465,1.4277712,1.3767672,-0.056477705,-0.00022411101,0.010491112,-0.075829725,0.15440619,-0.070508791,0.87789427,0.072578019,-0.47332239,2.0638549,0.082485265,0
13,2400,1.200000,30,1.5713418,1.3443224,0.97249461,1.4049401,0.051485307,0.00094844669,-0.026194588,0.051103747,-0.042121425,0.086390091,0.9230163,0.37509762,-0.085689526,1.6565911,0.38599635,0
13,2400,1.200000,31,1.5713418,1.42743,1.3641594,0.98736021,0.0135335,0.050764273,-0.045420135,-0.084701836,0.056774062,-0.10472278,-0.10943613,0.47995347,-0.8704415,2.6268948,1.7949777,0
14,2500,1.250000,0,1.5713418,0.16041559,0.12751871,0.20368506,-0.075653835,-0.057841424,-0.05255601,-0.10492163,-0.052866733,-0.069299709,0.26910242,-0.00040273563,-0.96311148,2.8691314,-0.0014965876,0
14,2500,1.250000,1,1.5713418,0.2130695,0.61385002,0.55242137,0.030644079,0.032238712,-0.042236172,-0.016026827,0.11908686,0.14347743,0.66377521,0.65933811,0.3530945,1.2099197,0.78204465,0
14,2500,1.250000,2,1.5713418,0.57834411,0.17616094,0.64739121,-0.075097583,0.02897743,0.02519659,-0.055874213,0.061575093,-0.026515133,-0.84935271,0.37099916,-0.37544588,1.9556741,2.729768,0
14,2500,1.250000,3,1.5713418,0.61468144,0.56998727,0.24491854,0.07307089,-0.021234564,0.068044345,0.041273412,-0.10683847,-0.10480187,-0.34310382,-0.93117586,0.12325296,1.4472292,-1.9238236,0
14,2500,1.250000,4,1.5713418,0.15651298,0.18708047,0.9279194,0.011592666,0.0034016194,-0.012717983,-0.049368701,0.058386644,0.018949089,-0.16633008,-0.43503602,-0.88491692,2.6571119,-1.9359833,0
14,2500,1.250000,5,1.5713418,0.24520833,0.61134288,1.3159062,0.067885421,-0.010146059,-0.029388913,-0.054369239,0.072920774,-0.015096778,0.54524736,-0.8352044,0.071686298,1.4990485,-0.99243349,0
14,2500,1.250000,6,1.5713418,0.53745591,0.16916128,1.3128835,-0.036260696,-0.053401634,0.041617465,0.11682026,-0.077036435,0.22652321,0.76063003,0.46523888,-0.45276345,2.0406586,0.54894122,0
14,2500,1.250000,7,1.5713418,0.6034399,0.55220213,0.96230297,0.020176591,-0.077615611,0.0003804076,-0.021646549,0.026360373,0.009237613,0.96942818,0.068075935,0.23574282,1.3328135,0.070107685,0
14,2500,1.250000,8,1.5713418,0.27989854,0.98138343,0.14301988,0.064984603,-0.027631619,-0.08511033,0.2476133,-0.051069944,0.064612098,-0.065244415,-0.99765618,-0.020623271,1.5914211,-1.636101,0
14,2500,1.250000,9,1.5713418,0.14420565,1.3692529,0.55548002,-0.037085214,-0.060977451,-0.07276658,0.22057527,0.051861584,-0.20943311,-0.043430126,0.63466665,0.77156469,0.68949921,1.6391196,0
14,2500,1.250000,10,1.5713418,0.61374268,0.98883667,0.61774118,0.030107395,0.0036120195,0.042758061,0.082089865,0.07355072,0.13320199,-0.19313158,0.84931556,-0.49128736,2.0843635,1.7943908,0
14,2500,1.250000,11,1.5713418,0.55568633,1.4274814,0.16819836,-0.070390878,0.033088424,-0.0077859993,-0.17906433,-0.09476128,0.024693979,0.9070713,-0.10795697,-0.40689919,1.9898533,-0.11845984,0
14,2500,1.250000,12,1.5713418,0.19856997,0.99671992,0.95158709,0.013141963,0.0059329035,-0.0092241478,-0.15780024,0.034454292,-0.15079908,0.87022415,-0.43649099,0.22844155,1.3403197,-0.46491444,0
14,2500,1.250000,13,1.5713418,0.17584338,1.2293938,1.4309869,0.043375921,-0.022145041,0.026522896,-0.088322847,-0.043217551,0.054856451,0.26404285,0.96450988,0.001435121,1.5693612,1.3035846,0
14,2500,1.250000,14,1.5713418,0.63772111,0.94692711,1.3756409,0.005770791,-0.045449402,0.003900844,0.041569331,-0.15149337,-0.054303549,-0.25370389,0.37630525,0.89108288,0.47107069,2.1639942,0
14,2500,1.250000,15,1.5713418,0.53694296,1.4026761,0.98124429,-0.053534174,-0.015644856,-0.022496331,0.030249344,0.027552298,-0.016925315,-0.88703675,0.28971663,-0.35948585,1.9385132,2.8259037,0
14,2500,1.250000,16,1.5713418,0.96309533,0.17006719,0.23780203,0.029000893,-0.04154543,0.095007282,0.058913236,-0.2515199,0.34527657,-0.88482614,0.18075787,-0.42942903,2.0146568,2.9400791,0
14,2500,1.250000,17,1.5713418,0.9919219,0.58703795,0.61656175,0.013339689,0.0041889436,0.0062640423,0.0098815648,0.18139917,0.0094608295,0.19410104,-0.87333159,0.44678486,1.107628,-1.3520975,0
14,2500,1.250000,18,1.5713418,1.4283724,0.27670644,0.52769636,0.066022915,0.099682573,-0.0022588938,0.091386701,0.14850274,-0.23451432,0.30019688,0.86765802,0.39629711,1.1633161,1.2377026,0
14,2500,1.250000,19,1.5713418,1.3088123,0.61136037,0.16391278,-0.07871287,-0.0080275808,-0.0045768263,-0.13616671,0.051660828,0.013330232,0.90849637,-0.066195749,-0.41261661,1.9961211,-0.072734442,0
14,2500,1.250000,20,1.5713418,1.0728678,0.15921884,0.94023062,0.03781013,-0.040946946,-0.047897686,-0.1007367,-0.057887772,-0.026950341,-0.4812772,0.55533027,0.67821866,0.82546047,2.2848777,0
14,2500,1.250000,21,1.5713418,0.9523809,0.55006765,1.3611046,-0.0072391791,-0.038544025,-0.013611105,-0.24560636,0.066339414,0.22737922,-0.80070537,-0.48805798,0.34737634,1.2160246,-2.5941916,0
14,2500,1.250000,22,1.5713418,1.3766098,0.18134157,1.3184283,0.017887796,-0.10725896,-0.10493693,-0.16048005,-0.090029416,-0.2794919,0.63521155,-0.45428635,-0.62460403,2.2454207,-0.62083698,0
14,2500,1.250000,23,1.5713418,1.4068134,0.64851202,1.0216777,-0.0043024398,0.035425225,0.043962051,0.0093650695,-0.082619844,0.064153034,-0.57253181,-0.74964521,-0.33202316,1.9092439,-2.2230313,0
14,2500,1.250000,24,1.5713418,0.92108516,1.0368651,0.19256024,-0.015379143,0.11217631,0.012343961,-0.0488401,-0.053297321,-0.04598863,0.74891361,-0.063408558,0.65962699,0.85047397,-0.084465938,0
14,2500,1.250000,25,1.5713418,0.97821145,1.4293508,0.63481405,-0.013280979,0.039165205,0.054811645,-0.11581004,-0.10365564,0.029790622,0.67073142,0.04775573,0.7401613,0.73748612,0.071079535,0
14,2500,1.250000,26,1.5713418,1.3520963,0.96415654,0.60160619,-0.027325108,-0.018424041,0.021829164,0.0033930588,-0.006075427,-0.17268516,-0.17705399,0.92217211,0.34387567,1.2197551,1.7604847,0
14,2500,1.250000,27,1.5713418,1.3742579,1.3437618,0.17173545,0.03658076,0.032776209,0.017547287,0.2102344,0.27413412,0.018622052,0.18616833,0.76179881,0.62048685,0.90143297,1.3311141,0
14,2500,1.250000,28,1.5713418,1.0030524,1.0004041,0.97486559,0.011225603,-0.011972731,-0.014161094,0.0086306893,-0.25260961,0.33074923,-0.27651757,-0.95351028,-0.11981726,1.6909021,-1.8530533,0
14,2500,1.250000,29,1.5713418,0.91127319,1.4341855,1.3735428,-0.061239166,0.0061902208,0.0072667495,-0.10290062,0.083404795,-0.059845467,0.91845481,-0.02845684,-0.39450091,1.976321,-0.030973478,0
14,2500,1.250000,30,1.5713418,1.3466063,0.97266713,1.4121154,0.053769272,0.0011209726,-0.019019264,0.065751895,0.028383531,0.18615314,0.92034478,0.38507767,-0.068415418,1.6392652,0.39627214,0
14,2500,1.250000,31,1.5713418,1.425358,1.3656371,0.982381,0.011461523,0.052242051,-0.050399339,0.00016268816,0.030824009,-0.10050592,-0.13319972,0.41785752,-0.89869513,2.6875814,1.8793816,0
15,2600,1.300000,0,1.5713418,0.15709089,0.13221741,0.1996221,-0.078978533,-0.053142732,-0.056618968,-0.072919656,0.172508,-0.10153263,0.069125419,0.047194668,-0.99649101,3.0577948,0.59904769,0
15,2600,1.300000,1,1.5713418,0.21069008,0.61968543,0.56010438,0.028264655,0.038074123,-0.034553164,-0.067755994,0.11269836,0.15296749,0.71707115,0.56677976,0.40567188,1.1530825,0.66886558,0
15,2600,1.300000,2,1.5713418,0.57865786,0.17781659,0.64300327,-0.074783825,0.030633083,0.020808651,0.08129736,0.039561589,-0.1422522,-0.86844896,0.33944815,-0.36134659,1.940508,2.7689842,0
15,2600,1.300000,3,1.5713418,0.61676666,0.56693468,0.23849771,0.075156111,-0.024287156,0.061623509,0.026406268,-0.033091873,-0.099574662,-0.395929,-0.88883033,0.23069648,1.3380029,-1.9898596,0
15,2600,1.300000,4,1.5713418,0.15149314,0.19086338,0.92833158,0.0065728277,0.0071845229,-0.012305801,-0.14402337,0.06653274,0.037675546,-0.1487999,-0.48141917,-0.86376743,2.6134954,-1.8705679,0
15,2600,1.300000,5,1.5713418,0.23939905,0.61730699,1.317862,0.062076148,-0.0041819419,-0.027433104,-0.14166669,0.15979622,0.040113961,0.65945052,-0.73450911,0.16006681,1.410038,-0.83919181,0
15,2600,1.300000,6,1.5713418,0.54465853,0.1605682,1.325136,-0.029058071,-0.061994723,0.053870013,0.13833835,-0.23682717,0.25844961,0.79391435,0.48012744,-0.37306521,1.9531069,0.54391197,0
15,2600,1.300000,7,1.5713418,0.60470834,0.55680888,0.96044713,0.021445029,-0.073008862,-0.0014754271,0.057049633,0.13127479,-0.032709227,0.95883338,0.10570356,0.26356272,1.3040827,0.10979847,0
15,2600,1.300000,8,1.5713418,0.28974613,0.97645019,0.14370183,0.074832194,-0.032564857,-0.084428375,0.19138298,-0.17022523,-0.02995094,0.036803026,-0.99866845,-0.03615068,1.6069549,-1.5339609,0
15,2600,1.300000,9,1.5713418,0.15406107,1.3716836,0.54715493,-0.027229793,-0.05854675,-0.081091676,0.18592583,0.030137906,-0.15563195,0.080169653,0.7490292,0.65766867,0.85307655,1.4641708,0
15,2600,1.300000,10,1.5713418,0.61493563,0.99521538,0.62397858,0.031300351,0.0099907333,0.048995454,-0.017826219,0.19588923,0.12420164,-0.11260025,0.89077981,-0.44026414,2.0266892,1.6965358,0
15,2600,1.300000,11,1.5713418,0.54831125,1.4269165,0.17088152,-0.07776596,0.032523522,-0.0051028333,-0.12988101,0.068335301,0.081728438,0.9536953,-0.12296011,-0.27449243,1.8488581,-0.12822282,0
15,2600,1.300000,12,1.5713418,0.19053703,0.99969962,0.94416494,0.0051090205,0.0089126086,-0.016646294,-0.16834249,0.078932771,-0.14856242,0.89462654,-0.30477987,0.32673013,1.2379546,-0.32834641,0
15,2600,1.300000,13,1.5713418,0.16936613,1.2267675,1.4343099,0.036898667,-0.024771308,0.029845881,-0.16413475,-0.044783855,0.057680553,0.16047997,0.98703257,-0.0035899864,1.5743863,1.4096184,0
15,2600,1.300000,14,1.5713418,0.63968525,0.94162434,1.3728816,0.007734931,-0.050752168,0.0011415292,0.030920837,-0.070423936,-0.057307666,-0.1508012,0.31931718,0.93557231,0.36092009,2.0120079,0
15,2600,1.300000,15,1.5713418,0.53905335,1.4057509,0.97793303,-0.051423783,-0.012570115,-0.025807591,0.051286798,0.06958478,-0.068804366,-0.81151872,0.30350573,-0.49932118,2.0936114,2.7837014,0
15,2600,1.300000,16,1.5713418,0.96718917,0.15621211,0.25522507,0.033094739,-0.055400508,0.11243032,0.085343608,-0.33369533,0.33366339,-0.82829075,0.27734256,-0.48684242,2.0792675,2.8184892,0
15,2600,1.300000,17,1.5713418,0.99180414,0.59573301,0.61462438,0.013221931,0.012884005,0.0043266741,-0.038107836,0.12140658,-0.1051431,0.21843995,-0.78174401,0.58408928,0.94703872,-1.2983196,0
15,2600,1.300000,18,1.5713418,1.4303928,0.28192441,0.51716663,0.068043394,0.10490054,-0.012788623,0.020674826,0.075277674,-0.19564022,0.10388646,0.89917039,0.42508849,1.1317367,1.4557704,0
15,2600,1.300000,19,1.5713418,1.3022689,0.61328416,0.1621934,-0.08525623,-0.0061038001,-0.0062961998,-0.12460604,0.050895569,-0.121628,0.87150259,0.017061451,-0.49009402,2.0829939,0.019574551,0
15,2600,1.300000,20,1.5713418,1.0663549,0.1615231,0.936963,0.031297231,-0.038642688,-0.051165313,-0.16022908,0.17720088,-0.068445635,-0.49994112,0.56692755,0.65471523,0.85699051,2.2934889,0
15,2600,1.300000,21,1.5713418,0.94264228,0.5523552,1.3721786,-0.016977795,-0.036256475,-0.0025371375,-0.14526785,0.0098820263,0.23321227,-0.72217998,-0.54355008,0.42779597,1.1287434,-2.4963965,0
15,2600,1.300000,22,1.5713418,1.3727869,0.17612852,1.3075179,0.014064945,-0.11247201,-0.1158473,-0.0045955086,-0.12849508,-0.16444372,0.57053098,-0.40308089,-0.71555586,2.3682158,-0.61507595,0
15,2600,1.300000,23,1.5713418,1.408325,0.64647935,1.0213987,-0.0027907824,0.033392549,0.043683057,0.031187639,0.01138033,-0.018258315,-0.57291306,-0.7716126,-0.27637767,1.8508192,-2.2094724,0
15,2600,1.300000,24,1.5713418,0.92014704,1.0331443,0.19164084,-0.016317257,0.1084556,0.011424569,-0.0022483459,-0.063874286,-0.006202803,0.70467113,-0.021796865,0.7091992,0.78243465,-0.030922109,0
15,2600,1.300000,25,1.5713418,0.97102622,1.4249697,0.63579399,-0.020466209,0.034784091,0.055791584,-0.15333135,-0.10058235,0.019682054,0.69840673,0.15965563,0.69766619,0.7986616,0.22473812,0
15,2600,1.300000,26,1.5713418,1.3535351,0.96486364,0.59238353,-0.025886368,-0.017716947,0.012606508,0.050707331,0.02662146,-0.18757533,-0.12126238,0.93504809,0.33313737,1.2311673,1.6997623,0
15,2600,1.300000,27,1.5713418,1.3866827,1.3569487,0.17466579,0.049005503,0.045963164,0.020477624,0.27426114,0.26240479,0.10301991,0.16236032,0.68990493,0.70545753,0.78772785,1.3396648,0
15,2600,1.300000,28,1.5713418,1.0038647,0.99083156,0.99237723,0.012037858,-0.021545268,0.0033505522,0.028500482,-0.17031934,0.33140353,-0.27682677,-0.94601913,-0.16856674,1.7401717,-1.8554714,0
15,2600,1.300000,29,1.5713418,0.90726315,1.4386146,1.3692942,-0.065249199,0.010619323,0.0030181741,-0.080147981,0.024497493,-0.056851186,0.93415584,-0.11889568,-0.33647686,1.9139694,-0.12659541,0
15,2600,1.300000,30,1.5713418,1.3488525,0.97482063,1.4220258,0.056015414,0.0032744672,-0.0091088672,0.0048728178,0.075683716,0.23138423,0.92375877,0.38039677,-0.044362489,1.6151734,0.39063066,0
15,2600,1.300000,31,1.5713418,1.4273673,1.3671483,0.97820491,0.01347081,0.053753252,-0.054575429,0.060364949,0.025328494,-0.035095409,-0.090703866,0.36949384,-0.92479571,2.7512946,1.8115177,0
16,2700,1.350000,0,1.5713418,0.15330908,0.14226712,0.19448795,-0.082760341,-0.043093019,-0.061753121,-0.056881278,0.1691002,-0.11723701,-0.14892418,0.065257874,-0.98669296,2.978273,2.7285988,0
16,2700,1.350000,1,1.5713418,0.20602259,0.62547155,0.56580811,0.023597168,0.043860245,-0.028849435,-0.085212909,0.11845903,0.077517183,0.74858619,0.47561363,0.46196364,1.0905884,0.56600684,0
16,2700,1.350000,2,1.5713418,0.58431043,0.17795881,0.63410119,-0.069131262,0.030775302,0.011906567,0.12852943,-0.027437127,-0.19171729,-0.84862957,0.30863529,-0.42961856,2.0148667,2.7927772,0
16,2700,1.350000,3,1.5713418,0.61800286,0.56561285,0.23318679,0.076392303,-0.025608983,0.056312588,0.022289531,-0.061424384,-0.10531733,-0.50391986,-0.80412359,0.31535699,1.2499635,-2.1305954,0
16,2700,1.350000,4,1.5713418,0.14239958,0.1940488,0.92973805,-0.0025207338,0.010369942,-0.010899329,-0.21122946,0.059429495,0.032223801,-0.19154988,-0.49257686,-0.84892679,2.5847477,-1.9416739,0
16,2700,1.350000,5,1.5713418,0.23142655,0.62439594,1.323883,0.054103647,0.0029070082,-0.021412097,-0.17394094,0.13088324,0.16235081,0.77102285,-0.58926385,0.24143711,1.3269498,-0.6525668,0
16,2700,1.350000,6,1.5713418,0.55302308,0.15171397,1.3387931,-0.020693521,-0.070848948,0.067527145,0.16608814,-0.07536735,0.26599386,0.80385313,0.45005814,-0.38893164,1.970268,0.51039398,0
16,2700,1.350000,7,1.5713418,0.60787623,0.56327751,0.95822875,0.02461292,-0.066540236,-0.0036938132,0.045990101,0.12514257,-0.042629984,0.94158969,0.067895762,0.32984697,1.2346549,0.071983003,0
16,2700,1.350000,8,1.5713418,0.29423242,0.96621837,0.141233,0.079318482,-0.042796673,-0.086897204,-0.0051315979,-0.22041161,-0.050762848,0.10645318,-0.99301014,-0.050976289,1.6217947,-1.4640017,0
16,2700,1.350000,9,1.5713418,0.16196721,1.3717673,0.53914536,-0.019323659,-0.058462976,-0.089101242,0.13639746,-0.00025626381,-0.15528154,0.24812122,0.83456531,0.49187051,1.0565595,1.281813,0
16,2700,1.350000,10,1.5713418,0.61462359,1.0058231,0.62809739,0.030988306,0.020598496,0.053114262,0.0021239173,0.25344212,0.027884698,-0.064383276,0.91999646,-0.38660226,1.9677409,1.6406645,0
16,2700,1.350000,11,1.5713418,0.54405251,1.4342408,0.17558684,-0.082024699,0.039847853,-0.00039752132,-0.04303162,0.18488232,0.079737789,0.95847164,-0.20149363,-0.20182278,1.774015,-0.20720661,0
16,2700,1.350000,12,1.5713418,0.18425676,1.0040906,0.93690481,-0.001171246,0.013303618,-0.02390643,-0.070955158,0.084472158,-0.10485353,0.90078594,-0.1284905,0.41481909,1.1430524,-0.14168686,0
16,2700,1.350000,13,1.5713418,0.16056055,1.2237508,1.4355185,0.028093089,-0.027788069,0.031054491,-0.17967376,-0.051388067,0.016722748,0.079757476,0.99678926,-0.0070648379,1.5778612,1.4909521,0
16,2700,1.350000,14,1.5713418,0.63932047,0.94144806,1.3704082,0.0073701477,-0.05092845,-0.0013318781,-0.043130707,0.05218958,-0.024520567,0.012105111,0.23818611,0.97114409,0.24081431,1.5200179,0
16,2700,1.350000,15,1.5713418,0.53949395,1.4083136,0.97511888,-0.050983176,-0.010007364,-0.028621747,-0.00086456996,0.03441376,-0.042994479,-0.69024603,0.3437968,-0.63668216,2.2609843,2.6794833,0
16,2700,1.350000,16,1.5713418,0.97088573,0.14127286,0.27077964,0.036791298,-0.07033976,0.12798489,0.020083577,-0.19920545,0.29354566,-0.76095976,0.33775357,-0.55395196,2.1578999,2.7238631,0
16,2700,1.350000,17,1.5713418,0.98707746,0.59987352,0.60842754,0.0084952495,0.017024521,-0.0018701693,-0.13994509,0.055668017,-0.12403083,0.26303104,-0.70616621,0.65737657,0.85346424,-1.214239,0
16,2700,1.350000,18,1.5713418,1.4317939,0.28772404,0.50913485,0.069444471,0.11070017,-0.020820401,0.049293831,0.11144818,-0.10977301,-0.1194327,0.88634067,0.44736567,1.1069787,1.7047376,0
16,2700,1.350000,19,1.5713418,1.2974115,0.61637994,0.15744469,-0.090113618,-0.0030080196,-0.011044914,-0.054671604,0.086845796,-0.034658698,0.86351923,0.087626546,-0.49664487,2.0905253,0.1011299,0
16,2700,1.350000,20,1.5713418,1.055611,0.17136672,0.93251618,0.020553374,-0.02879907,-0.055612134,-0.30757075,0.18283078,-0.12690919,-0.59859457,0.44049138,0.66906792,0.83784239,2.5071924,0
16,2700,1.350000,21,1.5713418,0.93909801,0.55090508,1.3856985,-0.020522066,-0.0377066,0.010982788,-0.0050581846,-0.056153966,0.27685272,-0.62187646,-0.58477624,0.52087083,1.0229256,-2.3869312,0
16,2700,1.350000,22,1.5713418,1.3748335,0.16976757,1.3012349,0.016111505,-0.11883296,-0.12213033,0.10862945,-0.11311427,-0.09591077,0.47041835,-0.37105745,-0.80063908,2.4991574,-0.66786306,0
16,2700,1.350000,23,1.5713418,1.4072153,0.64675413,1.0172933,-0.0039004742,0.033667334,0.039577614,-0.050324675,0.0051666493,-0.12916108,-0.55989831,-0.80163741,-0.20950262,1.7818626,-2.1804768,0
16,2700,1.350000,24,1.5713418,0.92119663,1.0296378,0.19307937,-0.015267675,0.1049491,0.012863096,0.021861022,-0.071616666,0.066066509,0.62882409,0.089088681,0.772427,0.68814259,0.14073841,0
16,2700,1.350000,25,1.5713418,0.96255414,1.4201746,0.63489571,-0.028938295,0.029988995,0.054893297,-0.15432889,-0.1116442,-0.022455801,0.7248667,0.20739286,0.65692958,0.85405727,0.27866706,0
16,2700,1.350000,26,1.5713418,1.3590173,0.96582209,0.58349069,-0.02040416,-0.016758497,0.0037136613,0.12219435,0.050618937,-0.18938616,-0.11029418,0.92781714,0.35635734,1.20643,1.689116,0
16,2700,1.350000,27,1.5713418,1.3979257,1.3687497,0.1820039,0.060248564,0.057764136,0.027815737,0.21360174,0.20595842,0.16504005,0.11240759,0.62046497,0.77613642,0.68228099,1.3915735,0
16,2700,1.350000,28,1.5713418,1.0065374,0.9840715,1.0063215,0.014710604,-0.028305321,0.017294804,0.083897935,-0.09359406,0.23108372,-0.22801132,-0.94569331,-0.23167866,1.8045993,-1.8073858,0
16,2700,1.350000,29,1.5713418,0.90371572,1.4345403,1.3687183,-0.068796633,0.006544983,0.0024422223,-0.053498953,-0.13267897,0.0387339,0.94221066,-0.083739258,-0.32438681,1.9011597,-0.088642402,0
16,2700,1.350000,30,1.5713418,1.3487621,0.97941901,1.4340685,0.055924975,0.0078728537,0.0029337748,0.023843392,0.087539754,0.24534186,0.93002844,0.36715552,-0.015617788,1.5864147,0.37599727,0
16,2700,1.350000,31,1.5713418,1.4310207,1.3679305,0.97779141,0.017124273,0.054535362,-0.054988927,0.070907634,0.0075766133,-0.0046109606,-0.034795409,0.3538261,-0.93466377,2.7781085,1.6688216,0
17,2800,1.400000,0,1.5713418,0.15044516,0.1511483,0.19046051,-0.085624265,-0.034211835,-0.065780558,-0.028652755,0.24824851,-0.047694865,-0.35622235,0.073925999,-0.93147227,2.7692352,2.9369695,0
17,2800,1.400000,1,1.5713418,0.20093777,0.63033672,0.56995346,0.018512349,0.048725419,-0.024704086,-0.12501993,0.081473746,0.02828623,0.77305969,0.40982789,0.4841692,1.0653829,0.48746588,0
17,2800,1.400000,2,1.5713418,0.59046831,0.17572719,0.62424389,-0.062973375,0.028543678,0.0020492701,0.10271151,-0.063649393,-0.22753346,-0.80861585,0.30563174,-0.50272223,2.0975413,2.7802215,0
17,2800,1.400000,3,1.5713418,0.61929226,0.55950734,0.22658702,0.077681703,-0.03171449,0.049712816,0.012077583,-0.17810758,-0.13042063,-0.6170941,-0.67206849,0.40929062,1.1491199,-2.3135768,0
17,2800,1.400000,4,1.5713418,0.13750036,0.199102,0.93164708,-0.0074199528,0.01542315,-0.0089902968,0.017703561,0.13110254,0.035285322,-0.20366295,-0.48477221,-0.8505982,2.5879182,-1.9685271,0
17,2800,1.400000,5,1.5713418,0.22166585,0.62850761,1.3343545,0.044342945,0.0070186706,-0.010940583,-0.23356024,0.070565003,0.26395586,0.85715035,-0.41807591,0.30084184,1.2652211,-0.45380045,0
17,2800,1.400000,6,1.5713418,0.55962005,0.14983839,1.3495483,-0.014096553,-0.072724526,0.078282341,0.10232317,-0.014134602,0.19311563,0.82517175,0.27759116,-0.49197025,2.0851477,0.32451169,0
17,2800,1.400000,7,1.5713418,0.61041678,0.56858988,0.9565601,0.027153471,-0.061227857,-0.0053624547,0.049551658,0.1198283,-0.014050537,0.92053206,-0.021833002,0.39005646,1.1701034,-0.023713361,0
17,2800,1.400000,8,1.5713418,0.29180331,0.95701797,0.13856692,0.076889373,-0.051997075,-0.089563282,-0.08814669,-0.1362433,-0.069693726,0.15969396,-0.98558179,-0.05591394,1.6267394,-1.4101622,0
17,2800,1.400000,9,1.5713418,0.16846533,1.3702555,0.53403843,-0.012825531,-0.059974864,-0.094208174,0.11415202,-0.059765514,-0.022087656,0.40251077,0.86294227,0.30547621,1.2603578,1.1343553,0
17,2800,1.400000,10,1.5713418,0.61137524,1.0176677,0.62927811,0.027739959,0.032443039,0.054294987,-0.14657169,0.19936223,0.037517534,-0.07846868,0.93406181,-0.34838369,1.9266425,1.6546076,0
17,2800,1.400000,11,1.5713418,0.54241829,1.4369738,0.17934057,-0.083658917,0.042580883,0.0033562167,-0.01867899,-0.05713624,0.082971354,0.97614457,-0.15042082,-0.15657382,1.7280171,-0.15289423,0
17,2800,1.400000,12,1.5713418,0.183681,1.0069425,0.93037894,-0.0017470061,0.016155513,-0.030432302,0.020202636,0.028382079,-0.14863959,0.87055764,0.033287637,0.49093923,1.0576288,0.038218524,0
17,2800,1.400000,13,1.5713418,0.15381358,1.2199506,1.4352551,0.021346116,-0.031588291,0.030791142,-0.12251291,-0.10077702,-0.03181205,0.035837008,0.99934396,0.0052299535,1.5655663,1.5349512,0
17,2800,1.400000,14,1.5713418,0.63577636,0.94723744,1.3702141,0.0038260388,-0.045139075,-0.0015259525,-0.098106702,0.19649757,-0.0052000673,0.22627782,0.079619933,0.97080328,0.24223917,0.33833804,0
17,2800,1.400000,15,1.5713418,0.5382803,1.4087268,0.97184736,-0.052196828,-0.009594189,-0.031893261,-0.041512725,0.0023780063,-0.075943163,-0.56525681,0.39918189,-0.72189927,2.3773394,2.5267206,0
17,2800,1.400000,16,1.5713418,0.97070861,0.14238612,0.2823727,0.036614171,-0.069226503,0.13957795,-0.071357178,0.12776281,0.21257802,-0.72896862,0.17347367,-0.66220211,2.2945501,2.9079667,0
17,2800,1.400000,17,1.5713418,0.97979319,0.60224036,0.60175895,0.0012109758,0.019391361,-0.0085387564,-0.14700588,0.052674658,-0.1213234,0.32109577,-0.65891373,0.68024275,0.82270256,-1.1173515,0
17,2800,1.400000,18,1.5713418,1.4323403,0.2916922,0.50773786,0.069990875,0.11466833,-0.022217386,-0.086764071,0.038227093,0.032179017,-0.26011643,0.84809108,0.46160693,1.0909905,1.868396,0
17,2800,1.400000,19,1.5713418,1.2940005,0.62094675,0.15563392,-0.093524653,0.0015587904,-0.01285568,-0.054264173,0.11163702,-0.015851603,0.90802874,0.16970158,-0.38299502,1.9638327,0.18475869,0
17,2800,1.400000,20,1.5713418,1.0395763,0.17941776,0.92562723,0.0045186583,-0.020748028,-0.062501083,-0.30105946,0.10255738,-0.12528333,-0.68447889,0.30371059,0.66275827,0.84630011,2.7239812,0
17,2800,1.400000,21,1.5713418,0.94038312,0.54734808,1.4006988,-0.01923696,-0.041263596,0.025983055,0.073551492,-0.084960123,0.31155319,-0.51750321,-0.63160288,0.57729389,0.95538567,-2.2572246,0
17,2800,1.400000,22,1.5713418,1.3813925,0.16317516,1.2949552,0.022670459,-0.12542537,-0.12841009,0.15625573,-0.16987292,-0.15537591,0.39696626,-0.35555233,-0.84616803,2.5795495,-0.73041986,0
17,2800,1.400000,23,1.5713418,1.4033048,0.64617416,1.010179,-0.0078110384,0.033087364,0.032463365,-0.086456323,-0.041797135,-0.13482178,-0.52936579,-0.83614382,-0.14365014,1.7149452,-2.1352018,0
17,2800,1.400000,24,1.5713418,0.92337553,1.0250932,0.19410971,-0.013088775,0.10040447,0.013893431,0.025967581,-0.07645795,-0.025579448,0.53712787,0.22586644,0.81269798,0.6220288,0.39805955,0
17,2800,1.400000,25,1.5713418,0.95703754,1.4138504,0.6348265,-0.034454885,0.023664777,0.05482409,-0.12305426,-0.10709604,0.0163949,0.70701525,0.19585066,0.67953804,0.82366355,0.27023441,0
17,2800,1.400000,26,1.5713418,1.3644386,0.96843243,0.57559539,-0.014982801,-0.014148156,-0.0041816359,0.13282385,0.087418136,-0.123287,-0.099754618,0.91355803,0.39428509,1.1655065,1.6795589,0
17,2800,1.400000,27,1.5713418,1.4081012,1.3781162,0.18988202,0.070424082,0.067130665,0.035693854,0.23907473,0.14714426,0.17026516,0.019575055,0.56377714,0.82569495,0.59936331,1.536089,0
17,2800,1.400000,28,1.5713418,1.011481,0.98004914,1.0160907,0.019654164,-0.032327689,0.027064069,0.11698735,-0.060520642,0.15655016,-0.15693249,-0.95413543,-0.25494662,1.8285888,-1.7338129,0
17,2800,1.400000,29,1.5713418,0.90276837,1.4282358,1.3734107,-0.069743979,0.00024057169,0.0071345832,0.031439202,-0.15642834,0.1434207,0.93491558,-0.016102565,-0.35450468,1.9331806,-0.017221847,0
17,2800,1.400000,30,1.5713418,1.3484063,0.98327688,1.4462334,0.05556918,0.011730722,0.015098709,-0.031149331,0.060237581,0.11292612,0.9259005,0.37774414,0.0041974359,1.5665989,0.38736231,0
17,2800,1.400000,31,1.5713418,1.433159,1.3704722,0.97704378,0.019262491,0.057077065,-0.055736564,0.0040558282,0.082927975,0.0025593896,0.027205962,0.36408865,-0.93096686,2.7678485,1.4962115,0
18,2900,1.450000,0,1.5713418,0.15457089,0.16485029,0.18832444,-0.081498534,-0.02050985,-0.067916635,0.21015264,0.25903926,-0.0084183756,-0.47276821,0.10547477,-0.87485158,2.6359257,2.922087,0
18,2900,1.450000,1,1.5713418,0.19313906,0.63451537,0.56917625,0.010713632,0.052904066,-0.025481287,-0.19313957,0.10414021,-0.068470335,0.81032602,0.37256524,0.45229071,1.1014642,0.43095057,0
18,2900,1.450000,2,1.5713418,0.59508047,0.17344685,0.61335543,-0.058361215,0.02626334,-0.0088391976,0.089794714,-0.049256815,-0.18579494,-0.76520715,0.33074195,-0.55232942,2.1559523,2.733618,0
18,2900,1.450000,3,1.5713418,0.62066773,0.54846927,0.22002319,0.079057177,-0.042752561,0.043148996,0.0053161613,-0.21598077,-0.13510207,-0.72062771,-0.50765927,0.47220522,1.0790055,-2.5278742,0
18,2900,1.450000,4,1.5713418,0.14486571,0.20833809,0.93213729,-5.4608666e-05,0.024659235,-0.0085000923,0.19867882,0.23951968,-0.00085273574,-0.10623358,-0.44336348,-0.8900243,2.6681948,-1.8059709,0
18,2900,1.450000,5,1.5713418,0.21119521,0.63152695,1.3482358,0.033872302,0.010038011,0.0029407089,-0.20800714,0.049806004,0.24926985,0.90280953,-0.2297369,0.36353255,1.1987392,-0.24918019,0
18,2900,1.450000,6,1.5713418,0.5630159,0.14857743,1.3571447,-0.0107007,-0.073985494,0.085878701,0.06237626,-0.065126707,0.14248104,0.80160135,0.060359589,-0.59480416,2.2078183,0.075156932,0
18,2900,1.450000,7,1.5713418,0.61313786,0.57672718,0.95709179,0.029874546,-0.05309056,-0.0048307683,0.044015263,0.15860547,0.052476465,0.87846758,-0.13002396,0.45977004,1.0930601,-0.14694537,0
18,2900,1.450000,8,1.5713418,0.28907309,0.94874186,0.13630785,0.074159155,-0.060273182,-0.091822355,-0.041539336,-0.17478453,0.019593419,0.18072587,-0.97846026,-0.09976818,1.6707308,-1.3881504,0
18,2900,1.450000,9,1.5713418,0.17161943,1.3682483,0.53370379,-0.0096714378,-0.061982054,-0.094542817,0.010053789,-0.046358158,0.02593465,0.52696844,0.84087643,0.12341435,1.4470665,1.010983,0
18,2900,1.450000,10,1.5713418,0.60420264,1.026153,0.62644162,0.020567354,0.040928392,0.051458499,-0.20892575,0.13872065,-0.12404702,-0.13986471,0.93614727,-0.32259286,1.8992639,1.7191039,0
18,2900,1.450000,11,1.5713418,0.54528949,1.4337005,0.18269081,-0.08078772,0.039307609,0.006706456,0.12378563,-0.048120903,0.10362292,0.99876961,0.039757752,-0.029641065,1.6004417,0.039785725,0
18,2900,1.450000,12,1.5713418,0.18570581,1.0061548,0.92429015,0.00027779507,0.015367828,-0.036521083,0.062874424,-0.02581428,-0.065920245,0.84235976,0.15382025,0.51649721,1.0280411,0.18061636,0
18,2900,1.450000,13,1.5713418,0.14790746,1.2158818,1.4341761,0.015439999,-0.035657077,0.029712145,-0.098363706,-0.061076994,-0.075856356,0.037942782,0.99927653,-0.0026015867,1.5733979,1.5328443,0
18,2900,1.450000,14,1.5713418,0.63095433,0.95890349,1.3699619,-0.00099599517,-0.033473022,-0.0017781605,-0.082667792,0.24976459,0.01959436,0.4709849,-0.083074729,0.87822082,0.49866707,-0.17458931,0
18,2900,1.450000,15,1.5713418,0.53519638,1.4097721,0.96849713,-0.055280754,-0.0085488701,-0.035243489,-0.11161556,0.017238481,-0.056945577,-0.44714976,0.47042434,-0.76076148,2.4352819,2.3308346,0
18,2900,1.450000,16,1.5713418,0.96894203,0.14815788,0.29245676,0.034847597,-0.063454739,0.14966201,-0.031850134,0.074829519,0.1339368,-0.63721814,-0.036346816,-0.76982592,2.4493647,-3.0846146,0
18,2900,1.450000,17,1.5713418,0.9719655,0.60619147,0.59561752,-0.0066167166,0.023342468,-0.014680186,-0.1435342,0.12260073,-0.1492924,0.4128967,-0.60852689,0.67765134,0.82623221,-0.97463349,0
18,2900,1.450000,18,1.5713418,1.4251928,0.29473304,0.51080829,0.062843347,0.11770917,-0.019146958,-0.16950645,0.06155093,0.079662811,-0.21617835,0.81507153,0.53751773,1.0033057,1.8300534,0
18,2900,1.450000,19,1.5713418,1.2902591,0.62709265,0.15426042,-0.097266012,0.0077046951,-0.014229185,-0.056494441,0.07875472,-0.089230312,0.93622454,0.29114242,-0.19677323,1.768862,0.30149494,0
18,2900,1.450000,20,1.5713418,1.0246686,0.18285232,0.9201392,-0.010389032,-0.017313473,-0.067989108,-0.27773083,5.466812e-05,-0.064248568,-0.72675716,0.156016,0.66894173,0.83801217,2.9301279,0
18,2900,1.450000,21,1.5713418,0.94558811,0.54182695,1.4130597,-0.014031972,-0.046784723,0.038343945,0.17005919,-0.089278741,0.077420972,-0.46643129,-0.62997892,0.62094155,0.90085301,-2.2081198,0
18,2900,1.450000,22,1.5713418,1.3905101,0.1569394,1.2877643,0.031788115,-0.13166113,-0.13560095,0.20807092,-0.11235289,-0.13056462,0.37528151,-0.34182835,-0.8615783,2.609167,-0.73878199,0
18,2900,1.450000,23,1.5713418,1.3993668,0.64233703,1.0044968,-0.011749035,0.029250227,0.026781126,-0.070300344,-0.082714591,-0.073846659,-0.50613583,-0.86174785,-0.034887982,1.6056914,-2.1018523,0
18,2900,1.450000,24,1.5713418,0.92358016,1.0220806,0.19236759,-0.012884147,0.097391898,0.012151317,0.026886691,-0.039427541,-0.049275515,0.40388764,0.36392253,0.83930636,0.57479024,0.73339431,0
18,2900,1.450000,25,1.5713418,0.95312923,1.4095943,0.6361889,-0.038363199,0.019408718,0.056186492,-0.053205714,-0.050163,0.021405004,0.64203557,0.11007119,0.75873227,0.70943158,0.1697903,0
18,2900,1.450000,26,1.5713418,1.3717536,0.97377903,0.56887959,-0.0076678816,-0.0088015511,-0.010897434,0.14412565,0.13209343,-0.11885812,-0.14297483,0.90382365,0.40331253,1.1556623,1.7276852,0
18,2900,1.450000,27,1.5713418,1.4196538,1.384401,0.20016978,0.081976694,0.073415422,0.045981611,0.23465835,0.11112493,0.21561317,-0.090089019,0.51110694,0.85478282,0.5456641,1.7452668,0
18,2900,1.450000,28,1.5713418,1.0137067,0.97700962,1.021658,0.021879888,-0.035367209,0.032631322,0.027458943,-0.020329902,0.070722511,-0.089473201,-0.95846379,-0.27081675,1.8450377,-1.6638772,0
18,2900,1.450000,29,1.5713418,0.90477453,1.4185718,1.3811417,-0.067737825,-0.0094234905,0.014865586,0.066444442,-0.21962116,0.17867133,0.91047345,0.085909402,-0.40454626,1.987279,0.094078306,0
18,2900,1.450000,30,1.5713418,1.3449999,0.98810507,1.4407957,0.052162842,0.016558915,0.0096609728,-0.10045022,0.15797288,-0.27104815,0.91611236,0.40075677,0.011495893,1.5593002,0.41237161,0
18,2900,1.450000,31,1.5713418,1.4331328,1.3727516,0.97696786,0.019236305,0.059356454,-0.055812483,0.021925661,0.018436211,-0.025803821,0.084480608,0.37202403,-0.92437068,2.750179,1.3474994,0
19,3000,1.500000,0,1.5713418,0.16917037,0.17858298,0.1871157,-0.066899053,-0.0067771613,-0.069125373,0.3374495,0.27873042,-0.039007305,-0.45962085,0.1613107,-0.87334274,2.6328194,2.8040587,0
19,3000,1.500000,1,1.5713418,0.18319758,0.63602295,0.56210335,0.00077215536,0.054411647,-0.032554187,-0.19977546,-0.010294143,-0.18804916,0.88423844,0.28809119,0.36759467,1.194375,0.31496175,0
19,3000,1.500000,2,1.5713418,0.59632153,0.17084011,0.60556124,-0.057120163,0.023656601,-0.016633382,-0.071718865,-0.036184452,-0.083426265,-0.73158358,0.34290112,-0.58924043,2.2009147,2.7032882,0
19,3000,1.500000,3,1.5713418,0.62106941,0.53655962,0.21053274,0.079458862,-0.05466221,0.03365854,0.011767918,-0.29437998,-0.23364302,-0.80460726,-0.30048584,0.51216737,1.03309,-2.7841758,0
19,3000,1.500000,4,1.5713418,0.15650212,0.21971209,0.93457651,0.011581803,0.03603324,-0.0060608659,0.23127442,0.24056885,0.062402523,-0.014706614,-0.40530595,-0.9140628,2.7239874,-1.6070656,0
19,3000,1.500000,5,1.5713418,0.20148738,0.6315909,1.3604139,0.024164474,0.010101964,0.015118754,-0.21095578,-0.014265961,0.25114917,0.8803807,-0.094544756,0.46474844,1.0874458,-0.10698076,0
19,3000,1.500000,6,1.5713418,0.56553425,0.14590771,1.3636346,-0.0081823574,-0.076655211,0.092368631,0.053981814,-0.017154212,0.104769,0.70845484,-0.16860771,-0.68531977,2.325839,-0.23364698,0
19,3000,1.500000,7,1.5713418,0.61359385,0.58276708,0.96388184,0.030330537,-0.047050658,0.0019592769,-0.0043914213,0.10781631,0.22282738,0.81818389,-0.22844889,0.52762318,1.0149962,-0.27228025,0
19,3000,1.500000,8,1.5713418,0.2860184,0.94014236,0.13814909,0.071104459,-0.068872686,-0.089981116,-0.095939218,-0.16550725,0.033461542,0.18115319,-0.97374047,-0.13788774,1.7091248,-1.3868606,0
19,3000,1.500000,9,1.5713418,0.16849793,1.3668826,0.53662759,-0.012792939,-0.063347765,-0.091619017,-0.11443281,0.014083591,0.071528783,0.59868968,0.80090056,-0.011356446,1.582153,0.92888391,0
19,3000,1.500000,10,1.5713418,0.59262713,1.0327703,0.61765381,0.0089918468,0.047545699,0.04267069,-0.21635595,0.11613607,-0.22386416,-0.2751574,0.91222146,-0.3035464,1.8792088,1.8637519,0
19,3000,1.500000,11,1.5713418,0.55437119,1.4311444,0.18848009,-0.071706016,0.036751511,0.012495733,0.22025041,-0.093025394,0.10149983,0.96479376,0.22174301,0.14143212,1.4288884,0.22591132,0
19,3000,1.500000,12,1.5713418,0.18770934,1.0057298,0.9229144,0.0022813252,0.014942818,-0.037896832,0.013553552,-0.021864565,0.017625258,0.8208499,0.20167494,0.53435256,1.0070547,0.24091847,0
19,3000,1.500000,13,1.5713418,0.14501706,1.2123943,1.430791,0.012549602,-0.039144502,0.026327041,-0.043345867,-0.073560121,-0.049781117,0.069758516,0.99649671,-0.046130906,1.6169436,1.5009066,0
19,3000,1.500000,14,1.5713418,0.62640977,0.97182797,1.3722756,-0.0055405557,-0.020548536,0.0005355261,-0.084961059,0.26003768,0.044989211,0.64921755,-0.20157955,0.73340457,0.74747957,-0.30105826,0
19,3000,1.500000,15,1.5713418,0.53225766,1.4100038,0.96572141,-0.058219474,-0.0083171521,-0.038019213,-0.016085029,-0.0070601026,-0.027710392,-0.34442467,0.56010802,-0.75342594,2.4240533,2.1221182,0
19,3000,1.500000,16,1.5713418,0.96623167,0.15185405,0.29702091,0.032137233,-0.059758568,0.15422616,-0.084305715,0.059532875,0.046156616,-0.49420218,-0.21433264,-0.84251156,2.5727251,-2.732381,0
19,3000,1.500000,17,1.5713418,0.96563916,0.61200165,0.58889057,-0.012943053,0.029152646,-0.021407132,-0.1477314,0.13304561,-0.08614979,0.50513191,-0.579005,0.63999607,0.87630318,-0.85343301,0
19,3000,1.500000,18,1.5713418,1.4189159,0.29708201,0.51598975,0.056566498,0.12005814,-0.013965502,-0.056808979,0.029038333,0.11629738,-0.12465018,0.77410396,0.62066528,0.90120542,1.730451,0
19,3000,1.500000,19,1.5713418,1.2860519,0.63046621,0.14843291,-0.10147329,0.011078258,-0.020056695,-0.077744522,0.04603506,-0.15779156,0.91422496,0.40512515,0.0081448051,1.5626514,0.41713041,0
19,3000,1.500000,20,1.5713418,1.0134076,0.18163397,0.91938288,-0.021650036,-0.018531821,-0.068745426,-0.16397468,-0.036105057,-0.0067978629,-0.70276938,0.03409783,0.71060013,0.78044554,3.0931114,0
19,3000,1.500000,21,1.5713418,0.95655908,0.53639755,1.4074453,-0.0030610043,-0.052214128,0.032729552,0.21000439,-0.10882587,-0.21407071,-0.55027623,-0.65897563,0.51278377,1.0323721,-2.2665456,0
19,3000,1.500000,22,1.5713418,1.4004197,0.15164859,1.2806596,0.041697685,-0.13695194,-0.14270563,0.21594932,-0.084535278,-0.13552094,0.37035967,-0.34084096,-0.86409557,2.614147,-0.74391651,0
19,3000,1.500000,23,1.5713418,1.3974275,0.63812817,1.0002854,-0.013688355,0.02504137,0.022569691,-0.040261902,-0.083960773,-0.093189263,-0.47038839,-0.87816426,0.08696148,1.4837249,-2.0625553,0
19,3000,1.500000,24,1.5713418,0.92526815,1.0204514,0.19216605,-0.011196151,0.095762636,0.011949774,0.056305416,-0.029755292,0.0096341252,0.24688497,0.47398829,0.84521176,0.56383505,1.0905946,0
19,3000,1.500000,25,1.5713418,0.9522823,1.4076624,0.63837935,-0.039210126,0.017476821,0.058376942,0.0079081645,0.00093438032,0.0513149,0.51776934,-0.041655859,0.85450553,0.54619816,-0.080279632,0
19,3000,1.500000,26,1.5713418,1.3781132,0.97947632,0.56490011,-0.001308211,-0.0031042596,-0.014876917,0.079602469,0.11202197,-0.067509324,-0.17187953,0.89826302,0.40445145,1.1544174,1.7598576,0
19,3000,1.500000,27,1.5713418,1.4305691,1.3889548,0.21170358,0.092891919,0.077969187,0.057515416,0.20145455,0.091930855,0.22841049,-0.19032796,0.46721754,0.8634136,0.52879899,1.9576355,0
19,3000,1.500000,28,1.5713418,1.0141108,0.97651227,1.0231246,0.022284002,-0.035864551,0.03409793,-0.055585042,-0.0049067881,-0.044737741,-0.063971234,-0.96401259,-0.25804536,1.8317948,-1.6370585,0
19,3000,1.500000,29,1.5713418,0.90797349,1.4082755,1.3889614,-0.064538866,-0.019719822,0.022685347,0.072574187,-0.20323174,0.1171317,0.85500342,0.18230277,-0.48552534,2.0777603,0.210073,0
19,3000,1.500000,30,1.5713418,1.3406307,0.99542414,1.4267395,0.047793613,0.023877982,-0.0043951656,-0.093085195,0.1551245,-0.28142238,0.90204259,0.4293468,-0.044502778,1.6153138,0.44424091,0
19,3000,1.500000,31,1.5713418,1.4331986,1.3739052,0.97507293,0.01930216,0.060510132,-0.057707417,-0.030448007,0.018856348,-0.055714065,0.10917333,0.36884021,-0.92305909,2.7467552,1.2830217,0
20,3100,1.550000,0,1.5713418,0.18554682,0.19268881,0.18376189,-0.050522601,0.0073286675,-0.072479184,0.27743907,0.29338807,-0.069700432,-0.3960483,0.27258844,-0.87683595,2.6400376,2.5387822,0
20,3100,1.550000,1,1.5713418,0.17763215,0.63395895,0.55130511,-0.0047932792,0.052347642,-0.04335243,0.075839091,-0.047842098,-0.25128246,0.94787716,0.16874627,0.27028426,1.2971081,0.17617971,0
20,3100,1.550000,2,1.5713418,0.58892179,0.1699128,0.6012309,-0.064519898,0.022729291,-0.020963724,-0.21963792,0.011600957,-0.041105088,-0.67573695,0.37580595,-0.63415256,2.2577083,2.6340459,0
20,3100,1.550000,3,1.5713418,0.62111705,0.52161013,0.19807086,0.079506502,-0.069611699,0.021196659,0.022753438,-0.28613784,-0.25263803,-0.83674782,-0.096440424,0.53902907,1.0015124,-3.0268427,0
20,3100,1.550000,4,1.5713418,0.16910104,0.23046344,0.93851574,0.02418072,0.046784583,-0.002121642,0.26234454,0.19796256,0.090244835,0.082308201,-0.33793213,-0.93756452,2.7863569,-1.3318839,0
20,3100,1.550000,5,1.5713418,0.19248317,0.63105606,1.3711411,0.015160262,0.009567121,0.025845949,-0.123209,-0.0061547417,0.21718957,0.81790382,0.0088704317,0.57528659,0.95784185,0.010844899,0
20,3100,1.550000,6,1.5713418,0.5677584,0.14685437,1.3688061,-0.0059581992,-0.075708551,0.097540147,0.0287975,0.11738302,0.070087512,0.53878379,-0.36846809,-0.75759045,2.43041,-0.59983091,0
20,3100,1.550000,7,1.5713418,0.61318189,0.5887935,0.97562382,0.029918578,-0.041024244,0.013701258,-0.033704364,0.09054166,0.2265689,0.77510559,-0.27962588,0.56658688,0.96843852,-0.34622684,0
20,3100,1.550000,8,1.5713418,0.2807928,0.93168879,0.14176509,0.065878859,-0.077326251,-0.086365116,-0.14336978,-0.19761462,0.086085568,0.18007765,-0.96367217,-0.19725109,1.7693495,-1.3860608,0
20,3100,1.550000,9,1.5713418,0.16355152,1.3694457,0.53928754,-0.017739348,-0.060784624,-0.088959059,-0.012035184,0.063222758,0.070718403,0.61925308,0.78303233,-0.058189256,1.6290185,0.90166593,0
20,3100,1.550000,10,1.5713418,0.58162426,1.0386708,0.6058167,-0.0020110213,0.053446122,0.030833577,-0.23587647,0.096016858,-0.23653957,-0.44544633,0.83013083,-0.33535112,1.9127742,2.0632917,0
20,3100,1.550000,11,1.5713418,0.56792347,1.4222938,0.19047915,-0.058153736,0.027900847,0.014494789,0.31131708,-0.25931414,0.029072423,0.91042327,0.32108686,0.26083079,1.3069136,0.33905916,0
20,3100,1.550000,12,1.5713418,0.18468402,1.0026374,0.92445033,-0.00074398651,0.011850422,-0.036360904,-0.10061149,-0.080252703,0.059702127,0.82586655,0.22672307,0.51627617,1.0282992,0.26792687,0
20,3100,1.550000,13,1.5713418,0.13982116,1.2108795,1.4267752,0.0073537009,-0.040659372,0.022311236,-0.16661264,-0.0053883371,-0.088304492,0.14530784,0.98607391,-0.080894202,1.651779,1.4244893,0
20,3100,1.550000,14,1.5713418,0.62048431,0.98363602,1.3724554,-0.011466015,-0.0087404907,0.00071529658,-0.14967133,0.19665835,-0.0024162717,0.72322872,-0.30027974,0.6219102,0.89961667,-0.39353508,0
20,3100,1.550000,15,1.5713418,0.53383715,1.4079624,0.96523639,-0.056639977,-0.010358527,-0.038504233,0.085119548,-0.083169958,0.0090727923,-0.30170911,0.56269398,-0.76964089,2.4490748,2.0629726,0
20,3100,1.550000,16,1.5713418,0.96364835,0.15556411,0.29867634,0.029553912,-0.056048508,0.15588159,-0.006542378,0.070237371,-0.015744576,-0.30829481,-0.39200129,-0.86676946,2.6194839,-2.2372288,0
20,3100,1.550000,17,1.5713418,0.95960933,0.62012895,0.58486418,-0.018972882,0.037279944,-0.025433524,-0.092223327,0.19985353,-0.056756581,0.59280034,-0.53898547,0.59839988,0.92929387,-0.73788531,0
20,3100,1.550000,18,1.5713418,1.4199128,0.30003474,0.52290922,0.057563407,0.12301087,-0.0070460266,0.059505273,0.067342674,0.1843933,-0.10355631,0.69347792,0.71299682,0.77703331,1.7190299,0
20,3100,1.550000,19,1.5713418,1.2827606,0.63213236,0.13857964,-0.10476453,0.01274441,-0.029909967,-0.043276146,-0.023842542,-0.18934678,0.85156873,0.492779,0.1788842,1.3909441,0.52458952,0
20,3100,1.550000,20,1.5713418,1.0073555,0.17924971,0.91986771,-0.027702169,-0.020916085,-0.068260599,-0.10339019,-0.056243456,-0.001817818,-0.6228861,-0.054593454,0.78040532,0.67548255,-3.0541701,0
20,3100,1.550000,21,1.5713418,0.96694427,0.52953305,1.3993743,0.0073241934,-0.059078622,0.024658587,0.22410303,-0.16860288,-0.12094563,-0.6677785,-0.6535705,0.3562548,1.2065397,-2.3669467,0
20,3100,1.550000,22,1.5713418,1.4114654,0.14885194,1.2730461,0.052743373,-0.1397486,-0.15031917,0.17656987,-0.043354525,-0.19440543,0.35115135,-0.32438406,-0.87833235,2.6431588,-0.74579507,0
20,3100,1.550000,23,1.5713418,1.39712,0.63334153,0.99656095,-0.013995814,0.020254736,0.018845268,0.034939907,-0.094628997,-0.098992231,-0.46258777,-0.86329262,0.2018376,1.3675625,-2.0627041,0
20,3100,1.550000,24,1.5713418,0.92854615,1.0195465,0.19031806,-0.0079181517,0.094857714,0.010101789,0.10323134,-0.042049909,0.0020183465,0.11312859,0.54249587,0.83240625,0.58736059,1.3652091,0
20,3100,1.550000,25,1.5713418,0.95420852,1.4067388,0.64137765,-0.037283908,0.016553217,0.061375241,0.046960742,-0.021076778,0.053744469,0.38060978,-0.210246,0.90051808,0.44983679,-0.50467823,0
20,3100,1.550000,26,1.5713418,1.3787284,0.9850173,0.56222923,-0.00069301,0.0024367113,-0.017547793,-0.044691948,0.079238193,-0.036084106,-0.21891808,0.87967541,0.42219196,1.1349343,1.814704,0
20,3100,1.550000,27,1.5713418,1.4359038,1.3941488,0.22357197,0.098226664,0.083163258,0.069383804,-0.017316137,0.051909668,0.20289942,-0.16816741,0.39003504,0.90531342,0.43867928,1.9778728,0
20,3100,1.550000,28,1.5713418,1.0098343,0.97819729,1.0189169,0.018007468,-0.034179532,0.029890223,-0.10931729,0.084994973,-0.13692305,-0.079405696,-0.97264871,-0.21828702,1.7908551,-1.6522543,0
20,3100,1.550000,29,1.5713418,0.91417173,1.3991179,1.3963515,-0.058340625,-0.028877411,0.030075425,0.16930775,-0.12078223,0.16096435,0.75809123,0.25771025,-0.59906854,2.2131336,0.3276903,0
20,3100,1.550000,30,1.5713418,1.3363306,1.0043513,1.4145282,0.043493535,0.032805181,-0.016606512,-0.057062472,0.15088904,-0.2123775,0.88907948,0.43811278,-0.13264563,1.703834,0.45784788,0
20,3100,1.550000,31,1.5713418,1.4306891,1.3743185,0.97271828,0.01679268,0.060923438,-0.06006206,-0.038170671,0.0021616662,-0.029583473,0.099222595,0.37935271,-0.91991651,2.7386638,1.3149698,0
21,3200,1.600000,0,1.5713418,0.19775712,0.20659556,0.18185835,-0.0383123,0.021235418,-0.074382723,0.21963009,0.2753616,-0.019690836,-0.32561526,0.42924105,-0.84245286,2.5726162,2.2197684,0
21,3200,1.600000,1,1.5713418,0.18925827,0.62789915,0.54148313,0.0068328426,0.046287842,-0.053174412,0.33982873,-0.13409508,-0.13908989,0.96302287,0.14104083,0.22955269,1.3391783,0.1454225,0
21,3200,1.600000,2,1.5713418,0.57703328,0.17078657,0.60189762,-0.076408406,0.023603059,-0.020297006,-0.2539339,-0.0057078392,0.046514234,-0.60262034,0.42532886,-0.67523632,2.3120814,2.5269853,0
21,3200,1.600000,3,1.5713418,0.62145355,0.50817162,0.18362455,0.079842994,-0.083050208,0.0067503501,-0.024705529,-0.23534231,-0.27177908,-0.82995076,0.094364309,0.54979733,0.98867474,3.0283801,0
21,3200,1.600000,4,1.5713418,0.18105506,0.24160407,0.94512079,0.036134739,0.05792521,0.0044834097,0.24341371,0.24263386,0.16690327,0.16720488,-0.25292035,-0.95292908,2.8335507,-0.98665957,0
21,3200,1.600000,5,1.5713418,0.18553236,0.63107057,1.3807068,0.0082094533,0.0095816326,0.035411667,-0.13319457,0.0093412498,0.17802616,0.73128863,0.086487932,0.67656247,0.82771187,0.11772101,0
21,3200,1.600000,6,1.5713418,0.56674431,0.15724374,1.3712543,-0.0069722929,-0.065319184,0.099988305,-0.090978267,0.25576848,-0.027039627,0.39607835,-0.45469426,-0.7977312,2.4943197,-0.85418673,0
21,3200,1.600000,7,1.5713418,0.61097682,0.59272286,0.98606582,0.027713512,-0.037094886,0.024143261,-0.079197219,0.11002161,0.21470946,0.72158236,-0.34932458,0.59773843,0.93011919,-0.45085425,0
21,3200,1.600000,8,1.5713418,0.27258217,0.92353579,0.14407472,0.05766823,-0.085479252,-0.084055488,-0.17417465,-0.1235394,0.037777101,0.16742846,-0.95165004,-0.25754596,1.8312779,-1.3966437,0
21,3200,1.600000,9,1.5713418,0.16545554,1.37181,0.54442868,-0.015835328,-0.058420349,-0.083817919,0.046699625,0.063349767,0.10452302,0.574052,0.81634526,-0.063598061,1.6344373,0.95792756,0
21,3200,1.600000,10,1.5713418,0.57131456,1.0415213,0.59521222,-0.012320721,0.056296625,0.020229097,-0.17485147,0.017025658,-0.16320869,-0.59719474,0.71436923,-0.36473969,1.9441495,2.2670915,0
21,3200,1.600000,11,1.5713418,0.58356718,1.4115014,0.19260773,-0.042510028,0.017108426,0.016623375,0.33158652,-0.19270652,0.040200048,0.85856849,0.32699208,0.39488773,1.1648507,0.36389593,0
21,3200,1.600000,12,1.5713418,0.17843823,0.99726213,0.92836144,-0.0069897806,0.0064751151,-0.0324498,-0.1136468,-0.13970403,0.087141401,0.84882599,0.23944599,0.47133857,1.0799884,0.27494643,0
21,3200,1.600000,13,1.5713418,0.13587958,1.2109115,1.4241773,0.0034121151,-0.04062739,0.019713289,0.0070974698,-0.0038936327,-0.058832492,0.20090763,0.97073578,-0.13156051,1.7027393,1.3667134,0
21,3200,1.600000,14,1.5713418,0.61182079,0.99009226,1.3732101,-0.020129532,-0.0022842496,0.0014700679,-0.17851818,0.11650053,-0.012033082,0.73276431,-0.39029356,0.55742928,0.97951017,-0.48941098,0
21,3200,1.600000,15,1.5713418,0.53719501,1.4045934,0.96674774,-0.053282124,-0.013727618,-0.036992885,0.062966557,-0.04342181,0.021021776,-0.33049165,0.4987914,-0.80123805,2.5001578,2.1559678,0
21,3200,1.600000,16,1.5713418,0.96599413,0.15898963,0.29733939,0.03189969,-0.052622987,0.15454464,0.091001887,0.10467517,-0.034430972,-0.14356396,-0.56235474,-0.81433809,2.5223842,-1.8207483,0
21,3200,1.600000,17,1.5713418,0.95543337,0.62817447,0.58177196,-0.023148846,0.045325471,-0.028525744,-0.070776794,0.12485904,-0.061912088,0.68219656,-0.48978646,0.5428785,0.99693544,-0.62267496,0
21,3200,1.600000,18,1.5713418,1.4250277,0.3039807,0.53231988,0.062678266,0.12695683,0.0023646305,0.13519944,0.055209888,0.14585317,-0.093565681,0.61003205,0.78683312,0.66513558,1.7229886,0
21,3200,1.600000,19,1.5713418,1.2795647,0.63016807,0.13436294,-0.10796044,0.010780111,-0.03412666,-0.071616898,-0.075043755,0.10077951,0.8047316,0.57293874,0.15539706,1.4147669,0.61870947,0
21,3200,1.600000,20,1.5713418,1.0046708,0.17660584,0.92234131,-0.030386798,-0.023559952,-0.065787001,0.00088140024,-0.049560425,0.080117985,-0.551011,-0.12433688,0.82518314,0.60026999,-2.9196575,0
21,3200,1.600000,21,1.5713418,0.97993742,0.52246864,1.3935406,0.020317341,-0.066143032,0.018824923,0.29312227,-0.10778487,-0.097565327,-0.75952523,-0.6157311,0.20975377,1.3594732,-2.460374,0
21,3200,1.600000,22,1.5713418,1.4198071,0.14881584,1.2644595,0.06108515,-0.13978469,-0.15890572,0.15214067,0.045724059,-0.18109488,0.31041489,-0.24535732,-0.91839119,2.7347914,-0.6688705,0
21,3200,1.600000,23,1.5713418,1.398413,0.62826674,0.99217611,-0.012702796,0.015179941,0.014460434,0.039585673,-0.075866589,-0.056782212,-0.44109797,-0.84271788,0.30864083,1.2570326,-2.0530063,0
21,3200,1.600000,24,1.5713418,0.93344237,1.0193952,0.18979155,-0.0030219278,0.094706492,0.0095752765,0.078922836,-0.027246988,-0.016603391,0.0033033967,0.60883309,0.79329147,0.6546001,1.5653706,0
21,3200,1.600000,25,1.5713418,0.95738785,1.4062241,0.64310215,-0.034104578,0.016038472,0.063099741,0.087196044,0.0080687402,0.020245088,0.18350484,-0.31638825,0.9307118,0.37444216,-1.0452133,0
21,3200,1.600000,26,1.5713418,1.3761647,0.98946858,0.55924978,-0.003256782,0.0068880007,-0.020527242,-0.071379967,0.060448966,-0.060064235,-0.27364246,0.8621988,0.42630158,1.1303961,1.8781185,0
21,3200,1.600000,27,1.5713418,1.4315296,1.3963493,0.23387011,0.093852495,0.085363739,0.079681944,-0.10397556,0.072659953,0.19617855,0.015680101,0.31480506,0.94902682,0.32066246,1.5210285,0
21,3200,1.600000,28,1.5713418,1.002453,0.98418872,1.0091284,0.010626206,-0.028188105,0.020101719,-0.18703667,0.11569669,-0.21125406,-0.10943245,-0.97950742,-0.16908505,1.7406976,-1.6820569,0
21,3200,1.600000,29,1.5713418,0.92472222,1.3937239,1.4043405,-0.047790128,-0.034271415,0.038064456,0.22404379,-0.081143357,0.093542324,0.63827394,0.31860475,-0.70078341,2.3472914,0.46298032,0
21,3200,1.600000,30,1.5713418,1.3341133,1.010504,1.4053037,0.041276183,0.038957831,-0.025830976,-0.041340617,0.10716862,-0.17818756,0.85927724,0.43108723,-0.27532967,1.8497289,0.46499538,0
21,3200,1.600000,31,1.5713418,1.4304239,1.3739164,0.97288096,0.016527432,0.060521316,-0.05989938,0.012944956,-0.02773132,0.011412227,0.084353848,0.38877924,-0.91746124,2.7324475,1.3571369,0
22,3300,1.650000,0,1.5713418,0.2063642,0.22119332,0.17968615,-0.029705227,0.035833185,-0.076554921,0.11889189,0.30705889,-0.071641482,-0.26561224,0.57785533,-0.77170808,2.4523189,2.0016476,0
22,3300,1.650000,1,1.5713418,0.20511437,0.6207949,0.53897868,0.022688949,0.039183594,-0.055678866,0.29554347,-0.11655128,0.010193466,0.96621702,0.15061021,0.20914404,1.3600968,0.1546318,0
22,3300,1.650000,2,1.5713418,0.56540224,0.17021682,0.60733193,-0.088039452,0.023033308,-0.01486269,-0.21281559,-0.0050149804,0.11780686,-0.50782836,0.46615938,-0.72443481,2.3810105,2.3989502,0
22,3300,1.650000,3,1.5713418,0.62235861,0.49819303,0.16888234,0.080748055,-0.093028808,-0.0079918577,0.060030708,-0.14742045,-0.29078169,-0.76775899,0.29247657,0.57009086,0.96417989,2.7776172,0
22,3300,1.650000,4,1.5713418,0.19050734,0.25356749,0.95402691,0.045587019,0.069888637,0.013389527,0.15666968,0.25291946,0.25986461,0.22976973,-0.20812244,-0.95073178,2.8263842,-0.73600318,0
22,3300,1.650000,5,1.5713418,0.18000542,0.63212003,1.3897903,0.0026825113,0.010631097,0.044495167,-0.090878509,0.045751668,0.1466383,0.6650225,0.084756385,0.74199827,0.73475017,0.12676549,0
22,3300,1.650000,6,1.5713418,0.56198379,0.16893453,1.3678007,-0.011732812,-0.053628394,0.096534658,-0.08886977,0.22777451,-0.06970724,0.29701278,-0.45526293,-0.83935635,2.5668944,-0.99273694,0
22,3300,1.650000,7,1.5713418,0.60547879,0.59888384,0.99744466,0.022215482,-0.030933902,0.035522098,-0.11891068,0.16539948,0.18038974,0.63741541,-0.45579862,0.62124811,0.90046187,-0.62077068,0
22,3300,1.650000,8,1.5713418,0.26363057,0.91923982,0.14648124,0.048716633,-0.089775221,-0.081648965,-0.1906028,-0.03944334,0.079300042,0.15465361,-0.94113547,-0.3005766,1.8760935,-1.4079253,0
22,3300,1.650000,9,1.5713418,0.16601665,1.377791,0.54962863,-0.01527421,-0.052439371,-0.078617971,-0.050873933,0.18600536,0.087615127,0.52915703,0.84530352,-0.073856679,1.6447203,1.0114808,0
22,3300,1.650000,10,1.5713418,0.5659059,1.0416957,0.58464372,-0.01772938,0.056471043,0.009660595,-0.045688593,0.0034294195,-0.21136514,-0.70350062,0.5564589,-0.44208638,2.0287197,2.4723725,0
22,3300,1.650000,11,1.5713418,0.59918086,1.4048503,0.19373841,-0.026896349,0.010457354,0.017754057,0.30412377,-0.082245735,0.01421505,0.77334319,0.32024201,0.54716118,0.99182741,0.3926028,0
22,3300,1.650000,12,1.5713418,0.17807651,0.99024874,0.9311691,-0.0073515041,-0.00053827531,-0.029642139,0.13432341,-0.13701418,0.031485911,0.86595675,0.24535503,0.43579791,1.1198717,0.27609768,0
22,3300,1.650000,13,1.5713418,0.14113085,1.2127562,1.422074,0.0086633853,-0.038782642,0.017610002,0.16513928,0.080362128,-0.003480749,0.13602125,0.97837125,-0.1558458,1.72728,1.4326536,0
22,3300,1.650000,14,1.5713418,0.60509826,0.99431415,1.3730555,-0.026852061,0.001937642,0.0013153904,-0.09109162,0.05908295,0.027394783,0.67352434,-0.50796007,0.53697442,1.0039498,-0.64617235,0
22,3300,1.650000,15,1.5713418,0.54133757,1.4016669,0.969521,-0.049139561,-0.016654085,-0.034219624,0.13328441,-0.10524462,0.094867528,-0.35411565,0.42767511,-0.8316827,2.5529277,2.2623797,0
22,3300,1.650000,16,1.5713418,0.97245008,0.16700749,0.29277438,0.038355645,-0.04460513,0.14997963,0.16221135,0.17108129,-0.12037627,-0.044444172,-0.61964349,-0.78362406,2.4712745,-1.6423991,0
22,3300,1.650000,17,1.5713418,0.95285037,0.63418747,0.57720672,-0.025731841,0.051338467,-0.033090982,-0.028575992,0.1259431,-0.08440679,0.75153094,-0.41656833,0.51153893,1.0338215,-0.5061332,0
22,3300,1.650000,18,1.5713418,1.4351432,0.30694119,0.54123405,0.072793725,0.12991732,0.011278799,0.24757678,0.083115146,0.19031189,-0.11301379,0.49076472,0.86393163,0.52777125,1.7971316,0
22,3300,1.650000,19,1.5713418,1.2774617,0.62535393,0.14092432,-0.11006341,0.005965972,-0.027565284,-0.057208439,-0.1461624,0.15460588,0.7673791,0.63938467,-0.048130669,1.6189456,0.69466297,0
22,3300,1.650000,20,1.5713418,1.0058086,0.17547869,0.92629422,-0.029249029,-0.024687097,-0.061834087,0.047945598,-0.011673914,0.077216808,-0.47727418,-0.14901329,0.86602794,0.5235937,-2.8389653,0
22,3300,1.650000,21,1.5713418,0.9939881,0.51912131,1.3889486,0.034368024,-0.069490365,0.014232895,0.3074029,-0.04587568,-0.072836969,-0.81283514,-0.56986993,0.12061216,1.4498898,-2.5301361,0
22,3300,1.650000,22,1.5713418,1.4262526,0.15311776,1.2546337,0.067530562,-0.13548277,-0.16873149,0.062212138,0.092448114,-0.22366202,0.28736189,-0.11413655,-0.95099737,2.827242,-0.37807944,0
22,3300,1.650000,23,1.5713418,1.401391,0.62408866,0.99067985,-0.0097248154,0.011001861,0.012964167,0.02488659,-0.048962731,-0.037667285,-0.47286999,-0.78791666,0.39443796,1.1653402,-2.1113278,0
22,3300,1.650000,24,1.5713418,0.93941099,1.0176753,0.18774821,0.0029466849,0.092986532,0.0075319395,0.15738441,-0.050761301,-0.050524218,-0.052594514,0.67472217,0.7361955,0.74336486,1.6485889,0
22,3300,1.650000,25,1.5713418,0.96273768,1.4070517,0.64450416,-0.028754747,0.01686606,0.064501746,0.13154263,0.052367619,-0.007875087,0.018952827,-0.39273579,0.91945603,0.40410155,-1.5225753,0
22,3300,1.650000,26,1.5713418,1.3719914,0.99196466,0.55662858,-0.0074300543,0.0093840729,-0.023148441,-0.12668373,0.0093580026,-0.031565861,-0.32563779,0.82972394,0.45334117,1.100286,1.9447904,0
22,3300,1.650000,27,1.5713418,1.4263184,1.4006885,0.24347131,0.088641273,0.089702964,0.089283147,-0.10013385,0.094577243,0.19221831,0.18200419,0.22800127,0.95649877,0.29604166,0.89711753,0
22,3300,1.650000,28,1.5713418,0.9937177,0.98980774,1.0000463,0.0018908702,-0.02256909,0.011019585,-0.17237006,0.07598581,-0.15467856,-0.16675006,-0.97690961,-0.13357407,1.7047708,-1.7398584,0
22,3300,1.650000,29,1.5713418,0.93554858,1.3903748,1.4022201,-0.036963776,-0.03762052,0.035944027,0.2284267,-0.041846127,-0.23043475,0.58344175,0.39264819,-0.71093117,2.3616177,0.59236484,0
22,3300,1.650000,30,1.5713418,1.3319877,1.0159232,1.3976231,0.039150611,0.044377037,-0.033511631,-0.0006381569,0.085049384,-0.12154613,0.81358916,0.41174687,-0.41053281,1.9938346,0.46850531,0
22,3300,1.650000,31,1.5713418,1.4314518,1.3738768,0.97412324,0.017555376,0.060481683,-0.058657103,0.033292253,0.071161922,0.040180904,0.062115884,0.41272891,-0.90873344,2.7110357,1.421417,0
23,3400,1.700000,0,1.5713418,0.20775126,0.23422744,0.17515267,-0.028318161,0.048867304,-0.081088406,-0.017204106,0.24833628,-0.11298987,-0.24178493,0.69870017,-0.67331874,2.3094847,1.9039475,0
23,3400,1.700000,1,1.5713418,0.21728316,0.6155883,0.54154233,0.034857739,0.033976993,-0.053115214,0.20329815,-0.098154244,0.087902085,0.96406745,0.12548463,0.23415285,1.3344492,0.12943398,0
23,3400,1.700000,2,1.5713418,0.5569557,0.17070727,0.61387717,-0.096485985,0.023523758,-0.0083174493,-0.082418511,0.037527138,0.10846111,-0.37642982,0.5334981,-0.75741691,2.4301442,2.1852627,0
23,3400,1.700000,3,1.5713418,0.62503724,0.49412908,0.15841962,0.083426686,-0.097092753,-0.018454577,0.028716703,-0.022448841,-0.084004071,-0.61305001,0.48700071,0.62209323,0.89938291,2.4702819,0
23,3400,1.700000,4,1.5713418,0.19513481,0.2668742,0.9666065,0.050214491,0.083195343,0.025969119,0.0095605318,0.2958861,0.21498369,0.28341003,-0.19894644,-0.93813595,2.7880035,-0.6120495,0
23,3400,1.700000,5,1.5713418,0.17530158,0.63528129,1.3972254,-0.0020213235,0.013792355,0.051930273,-0.096839432,0.11345931,0.085069078,0.5900518,0.029186099,0.80683769,0.63201679,0.049423341,0
23,3400,1.700000,6,1.5713418,0.55990044,0.18006625,1.3633546,-0.013816166,-0.042496671,0.092088562,-0.0071473515,0.16669908,-0.11343755,0.19517411,-0.41503537,-0.88862405,2.6651326,-1.1312233,0
23,3400,1.700000,7,1.5713418,0.59849321,0.60599845,1.0031859,0.015229898,-0.02381929,0.041263309,-0.12064192,0.11702476,0.0396222,0.57299139,-0.56884467,0.58999713,0.93974105,-0.78176656,0
23,3400,1.700000,8,1.5713418,0.25462033,0.91833626,0.14977843,0.039706388,-0.090678784,-0.078351772,-0.18189017,-0.027727096,0.055821694,0.16688709,-0.92905472,-0.3301606,1.90727,-1.3930608,0
23,3400,1.700000,9,1.5713418,0.16288952,1.3890032,0.55385049,-0.018401342,-0.041227172,-0.074396115,-0.06471836,0.20036821,0.10114724,0.5358951,0.8380986,-0.10201559,1.6729897,1.0018963,0
23,3400,1.700000,10,1.5713418,0.56554296,1.040457,0.57445577,-0.018092323,0.055232341,-0.00052734947,0.006259201,-0.040472404,-0.17312121,-0.73859843,0.37119552,-0.56274883,2.1685037,2.6758932,0
23,3400,1.700000,11,1.5713418,0.61182481,1.4040295,0.19320522,-0.014252397,0.0096365319,0.01722086,0.19240692,0.053525061,-0.01300919,0.63524975,0.3248796,0.70065041,0.79448767,0.47274204,0
23,3400,1.700000,12,1.5713418,0.18684085,0.98390012,0.93287543,0.0014128368,-0.0068868973,-0.027935806,0.20134611,-0.14777379,0.026458302,0.85262587,0.27051059,0.44704939,1.1073323,0.30722242,0
23,3400,1.700000,13,1.5713418,0.14563987,1.2172643,1.4209236,0.013172412,-0.034274566,0.016459586,0.040453548,0.099012814,8.9778592e-05,0.096251018,0.98114137,-0.16762267,1.7392141,1.4730082,0
23,3400,1.700000,14,1.5713418,0.60284541,0.99366035,1.3742861,-0.029104914,0.0012838412,0.0025460716,0.003268162,-0.082755214,-0.024543509,0.5569395,-0.63450896,0.53592609,1.005192,-0.85041158,0
23,3400,1.700000,15,1.5713418,0.54688335,1.3969256,0.97544462,-0.043593784,-0.021395323,-0.028295999,0.088348542,-0.040279022,0.12788912,-0.42361978,0.38791231,-0.81857823,2.5297277,2.4001662,0
23,3400,1.700000,16,1.5713418,0.98481353,0.17413505,0.28740466,0.050719091,-0.03747757,0.14460991,0.30562214,0.086982908,-0.068556865,-0.036206374,-0.57938378,-0.81425029,2.5222329,-1.6332063,0
23,3400,1.700000,17,1.5713418,0.95390119,0.63997012,0.57550565,-0.024681025,0.057121121,-0.03479205,0.065103386,0.10207039,0.015004646,0.77488547,-0.36145469,0.51855859,1.025632,-0.43645915,0
23,3400,1.700000,18,1.5713418,1.4432382,0.31035175,0.55138527,0.080888774,0.13332788,0.021430022,0.029727711,0.032128097,0.19666886,-0.078338418,0.37765732,0.92262562,0.39596285,1.7753282,0
23,3400,1.700000,19,1.5713418,1.2744633,0.61699985,0.14773795,-0.11306189,-0.0023881025,-0.020751657,-0.050224316,-0.20419776,0.12889535,0.66964355,0.69762048,-0.25476102,1.8283969,0.80585729,0
23,3400,1.700000,20,1.5713418,1.0087479,0.17693102,0.92994513,-0.026309729,-0.023234768,-0.058183183,0.094868579,0.023543472,0.060212208,-0.41521584,-0.13073654,0.90027983,0.45038442,-2.8365555,0
23,3400,1.700000,21,1.5713418,1.0088287,0.51786098,1.3878482,0.049208655,-0.070750696,0.013132515,0.27520933,-0.019267375,-0.011066634,-0.85257738,-0.51879209,0.06298076,1.5077739,-2.5949476,0
23,3400,1.700000,22,1.5713418,1.4278816,0.15719016,1.2454847,0.069159593,-0.13141037,-0.17788049,0.048797418,0.063917661,-0.15758789,0.17274262,-0.0033503318,-0.9849613,2.9679462,-0.019392503,0
23,3400,1.700000,23,1.5713418,1.4027114,0.62277121,0.98890361,-0.0084043758,0.0096844156,0.011187926,-0.023146335,0.039819141,-0.06829608,-0.52663313,-0.70209665,0.4792889,1.070952,-2.2143527,0
23,3400,1.700000,24,1.5713418,0.94818337,1.0162099,0.18472251,0.011719069,0.091521181,0.0045062296,0.2041805,-0.0018603442,-0.077911476,-0.034571039,0.73192577,0.6805068,0.82234227,1.6179942,0
23,3400,1.700000,25,1.5713418,0.96938864,1.409634,0.6432061,-0.022103791,0.019448429,0.063203692,0.12149611,0.047586718,-0.036093679,-0.10242689,-0.45034973,0.88695764,0.48008074,-1.7944306,0
23,3400,1.700000,26,1.5713418,1.365496,0.99092806,0.554268,-0.01392546,0.0083474745,-0.025509023,-0.11841584,-0.027537424,-0.031399457,-0.39494101,0.7707293,0.49999794,1.0471999,2.0443345,0
23,3400,1.700000,27,1.5713418,1.4207474,1.4061533,0.25264738,0.083070262,0.095167769,0.098459217,-0.10958517,0.12046263,0.17992803,0.31871025,0.13708181,0.93788718,0.35430691,0.40619446,0
23,3400,1.700000,28,1.5713418,0.98724778,0.99147262,0.99457302,-0.0045790419,-0.020904207,0.0055463388,-0.10316126,0.0072595808,-0.05310732,-0.24417585,-0.95940289,-0.14115327,1.7124226,-1.8200134,0
23,3400,1.700000,29,1.5713418,0.94673675,1.3903253,1.3878734,-0.025775602,-0.037669972,0.021597322,0.20871125,0.034201251,-0.30898153,0.60113662,0.44119849,-0.66631723,2.3000553,0.63314353,0
23,3400,1.700000,30,1.5713418,1.3307494,1.0192096,1.3932952,0.037912298,0.047663488,-0.037839477,-0.051386113,0.038223246,-0.055419194,0.75727549,0.36745284,-0.53991874,2.1411369,0.451762,0
23,3400,1.700000,31,1.5713418,1.4306217,1.3803095,0.97446805,0.016725229,0.066914386,-0.058312291,-0.02513215,0.13621755,-0.036289347,0.0090261342,0.44074598,-0.89758649,2.6850601,1.55032,0
24,3500,1.750000,0,1.5713418,0.20519045,0.24515245,0.17036004,-0.030878968,0.059792315,-0.085881035,-0.09598865,0.21826954,-0.10061004,-0.20344866,0.8288083,-0.52123454,2.1190932,1.8115082,0
24,3500,1.750000,1,1.5713418,0.22677918,0.61065085,0.54740082,0.044353754,0.029039548,-0.047256727,0.18688968,-0.070438664,0.11342796,0.95527701,0.093756873,0.28045586,1.2865273,0.097832939,0
24,3500,1.750000,2,1.5713418,0.55668464,0.17089015,0.61849461,-0.096757047,0.023706641,-0.0037000102,0.096111581,-0.049216839,0.042682616,-0.27648228,0.58051667,-0.76587071,2.4431907,2.0152798,0
24,3500,1.750000,3,1.5713418,0.62743491,0.49565129,0.16187146,0.085824354,-0.095570543,-0.015002739,0.060962024,0.083272547,0.14475045,-0.48065563,0.71306829,0.5103957,1.0351514,2.1639046,0
24,3500,1.750000,4,1.5713418,0.19289949,0.28368998,0.97965826,0.047979174,0.10001113,0.039020878,-0.082748856,0.34059226,0.25597356,0.27872805,-0.2207234,-0.93466136,2.7781017,-0.6697794,0
24,3500,1.750000,5,1.5713418,0.17150608,0.64025808,1.3949565,-0.0058168218,0.018769149,0.049661372,-0.074594425,0.10287934,-0.10633262,0.59043887,-0.092969225,0.80170984,0.64064594,-0.15617557,0
24,3500,1.750000,6,1.5713418,0.55880597,0.18710177,1.3580456,-0.014910631,-0.035461149,0.086779641,-0.0052206169,0.14265128,-0.09530796,0.12468964,-0.41801916,-0.89984025,2.6901995,-1.2809119,0
24,3500,1.750000,7,1.5713418,0.59441896,0.61031205,1.0039006,0.011155648,-0.019505693,0.04197803,-0.061613295,0.067139668,-0.024396767,0.46089266,-0.68993516,0.55818226,0.97860294,-0.9818552,0
24,3500,1.750000,8,1.5713418,0.24322327,0.91751672,0.15129773,0.028309328,-0.091498325,-0.076832476,-0.29652114,-0.005930864,0.043169224,0.18310889,-0.92230535,-0.3403292,1.9180633,-1.3748109,0
24,3500,1.750000,9,1.5713418,0.1615942,1.397259,0.55910151,-0.019696662,-0.032971331,-0.069145093,0.022986373,0.06916777,0.098803655,0.52840819,0.83596872,-0.14812523,1.7194686,1.0071142,0
24,3500,1.750000,10,1.5713418,0.56732004,1.0384398,0.56990032,-0.016315247,0.053215121,-0.0050828008,0.032752885,-0.019250241,-0.040924158,-0.72312501,0.14504369,-0.67531662,2.3121903,2.9436404,0
24,3500,1.750000,11,1.5713418,0.61818331,1.4062516,0.1900866,-0.0078938985,0.011858721,0.014102245,0.077680167,0.01586561,-0.087993377,0.44876994,0.33023476,0.8303918,0.59098583,0.63439413,0
24,3500,1.750000,12,1.5713418,0.19433957,0.97783785,0.93385889,0.0089115632,-0.01294916,-0.026952348,0.13085902,-0.091874983,0.046069429,0.82118231,0.30452601,0.48262151,1.0671509,0.35511724,0
24,3500,1.750000,13,1.5713418,0.14582356,1.2232834,1.4206927,0.013356097,-0.028255469,0.016228728,-0.012005073,0.13989101,0.014259704,0.17148318,0.96884592,-0.17869276,1.750454,1.3956133,0
24,3500,1.750000,14,1.5713418,0.60263118,0.98806865,1.3740245,-0.029319146,-0.0043078575,0.0022844423,0.021596558,-0.17173165,0.024759211,0.39015485,-0.75219256,0.53102312,1.0109888,-1.0923087,0
24,3500,1.750000,15,1.5713418,0.55051456,1.3945686,0.98246407,-0.039962571,-0.02375241,-0.021276556,0.066711037,-0.03628284,0.088174483,-0.52458404,0.35471247,-0.77394486,2.4558435,2.5470338,0
24,3500,1.750000,16,1.5713418,1.0009835,0.17594141,0.2874138,0.066889018,-0.035671214,0.14461905,0.32988845,-0.043164796,0.034794372,-0.0280497,-0.52170679,-0.85266362,2.5918588,-1.6245099,0
24,3500,1.750000,17,1.5713418,0.95595602,0.64064093,0.57940022,-0.022626196,0.057791924,-0.030897486,0.024453355,-0.021895068,0.12652933,0.77757444,-0.28367632,0.56116463,0.97500414,-0.34981783,0
24,3500,1.750000,18,1.5713418,1.4388384,0.31012923,0.56283579,0.076488956,0.13310536,0.032880544,-0.16944907,-0.0037137803,0.24742885,0.089480726,0.2445993,0.9654866,0.26349108,1.220093,0
24,3500,1.750000,19,1.5713418,1.2749367,0.60856186,0.15323133,-0.1125885,-0.010826091,-0.015258274,0.078593621,-0.073421316,0.11495517,0.57275572,0.74294524,-0.346386,1.9245122,0.91403661,0
24,3500,1.750000,20,1.5713418,1.0116995,0.17981872,0.93079577,-0.023358174,-0.020347075,-0.057332536,0.030106281,0.096602075,-0.015036955,-0.37436598,-0.13018886,0.91809638,0.40754565,-2.8069163,0
24,3500,1.750000,21,1.5713418,1.0223008,0.51782221,1.3878322,0.062680699,-0.070789466,0.013116493,0.25511646,0.0044284619,-0.0073913212,-0.88380904,-0.46621276,0.039079821,1.5317066,-2.6561848,0
24,3500,1.750000,22,1.5713418,1.4304045,0.15749798,1.237683,0.071682539,-0.13110256,-0.18568222,0.077663997,-0.013636167,-0.14963622,0.078417249,0.073415458,-0.99421371,3.0339648,0.7524673,0
24,3500,1.750000,23,1.5713418,1.4003163,0.62746483,0.98498108,-0.010799505,0.014378036,0.0072654011,-0.09028519,0.14051805,-0.075564836,-0.60124271,-0.59426554,0.53418693,1.0072507,-2.3620306,0
24,3500,1.750000,24,1.5713418,0.95725036,1.016521,0.18216036,0.020786062,0.091832245,0.0019440858,0.17408032,-0.040225852,-0.027751952,0.094250643,0.73450452,0.67202673,0.83385405,1.4431751,0
24,3500,1.750000,25,1.5713418,0.97797432,1.412544,0.63955338,-0.013518112,0.022358359,0.059550976,0.18670049,0.041384856,-0.13791686,-0.21499169,-0.4689882,0.85663799,0.54207891,-2.0006269,0
24,3500,1.750000,26,1.5713418,1.357738,0.98815284,0.55480577,-0.021683461,0.0055722542,-0.024971251,-0.18732542,-0.08459005,0.04450964,-0.48246135,0.67364422,0.55985222,0.97658889,2.1923096,0
24,3500,1.750000,27,1.5713418,1.4161606,1.4129761,0.26209445,0.078483484,0.10199051,0.10790628,-0.1042513,0.14094196,0.20434538,0.4277949,0.099653169,0.89836561,0.45476196,0.2288647,0
24,3500,1.750000,28,1.5713418,0.98487149,0.98862178,0.99101431,-0.0069553366,-0.023755041,0.0019876272,-0.031173147,-0.04103907,-0.029286318,-0.3205617,-0.9303656,-0.1779327,1.7496816,-1.9026118,0
24,3500,1.750000,29,1.5713418,0.95769309,1.3926176,1.3722865,-0.014819259,-0.035377688,0.0060104244,0.24711126,0.06915355,-0.34383612,0.64656496,0.44717988,-0.61804846,2.2370542,0.60508238,0
24,3500,1.750000,30,1.5713418,1.326606,1.0195369,1.3901826,0.033768904,0.04799077,-0.04095211,-0.081474442,-0.0030501645,-0.062306049,0.68320234,0.25508594,-0.68422637,2.3243387,0.35733916,0
24,3500,1.750000,31,1.5713418,1.4286109,1.3875001,0.97120045,0.014714405,0.074105016,-0.061579891,-0.020942895,0.16363943,-0.081649748,-0.047335081,0.46277177,-0.88521279,2.6577476,1.6727278,0
25,3600,1.800000,0,1.5713418,0.19931887,0.25367241,0.1649927,-0.03675055,0.068312273,-0.091248371,-0.13123451,0.13564851,-0.12255002,-0.20954826,0.91785839,-0.33708383,1.9146141,1.7952508,0
25,3600,1.800000,1,1.5713418,0.23543874,0.60686744,0.55446889,0.053013319,0.025256135,-0.040188655,0.15365021,-0.037239762,0.14186718,0.95089661,0.058156161,0.30399587,1.2619121,0.061083206,0
25,3600,1.800000,2,1.5713418,0.564252,0.166866,0.62204761,-0.089189687,0.019682495,-0.00014701696,0.17529445,-0.088455919,0.09735972,-0.19633547,0.61313319,-0.76519284,2.4421371,1.8806958,0
25,3600,1.800000,3,1.5713418,0.63131925,0.50225937,0.16741544,0.089708697,-0.088962459,-0.009458755,0.070987343,0.17370079,0.081113052,-0.29443146,0.88880648,0.35118822,1.2119565,1.8906852,0
25,3600,1.800000,4,1.5713418,0.18622583,0.29854479,0.99180567,0.04130551,0.11486593,0.051168284,-0.18694235,0.25661605,0.18188856,0.26419889,-0.19360046,-0.94483745,2.8078943,-0.63239087,0
25,3600,1.800000,5,1.5713418,0.16946578,0.64553949,1.3885797,-0.0078571243,0.024050559,0.04328454,0.0090968493,0.12006301,-0.15172227,0.65198514,-0.25488363,0.71410763,0.77544779,-0.37266715,0
25,3600,1.800000,6,1.5713418,0.5596935,0.19298404,1.3537116,-0.014023102,-0.029578877,0.082445551,0.069427507,0.08933557,-0.067624027,0.10250843,-0.47335524,-0.87488676,2.6359983,-1.3575324,0
25,3600,1.800000,7,1.5713418,0.59079362,0.61206386,1.0016411,0.0075303117,-0.017753885,0.039718552,-0.057830942,0.030330015,-0.057115872,0.3349913,-0.79713091,0.50235759,1.0444731,-1.172959,0
25,3600,1.800000,8,1.5713418,0.2287744,0.91864104,0.15393424,0.013860466,-0.09037401,-0.074195968,-0.28823501,0.010225268,0.043998873,0.16537437,-0.92104757,-0.35259423,1.9311383,-1.393139,0
25,3600,1.800000,9,1.5713418,0.16437487,1.393975,0.56226276,-0.016915992,-0.036255353,-0.065983846,0.099107632,-0.16836294,0.051012378,0.5785493,0.78292409,-0.22871504,1.8015539,0.93439858,0
25,3600,1.800000,10,1.5713418,0.57142537,1.0379756,0.568618,-0.01220991,0.052750969,-0.0063651225,0.10264859,0.0018534286,-0.018502891,-0.64566617,-0.07823126,-0.75960191,2.4334971,-3.0210168,0
25,3600,1.800000,11,1.5713418,0.61894921,1.4077696,0.1859142,-0.0071279997,0.013376641,0.0099298412,0.0047419364,0.036931233,-0.068365565,0.20751943,0.33054384,0.92069347,0.40094274,1.0101774,0
25,3600,1.800000,12,1.5713418,0.19973814,0.97235657,0.93699277,0.014310129,-0.018430441,-0.023818463,0.061117579,-0.098014887,0.077207808,0.77677858,0.36458112,0.51351305,1.0315225,0.43882846,0
25,3600,1.800000,13,1.5713418,0.14519701,1.2325447,1.4244475,0.012729551,-0.018994157,0.019983469,0.027971858,0.20892076,0.12601666,0.25289608,0.94294156,-0.21657513,1.7891013,1.3087638,0
25,3600,1.800000,14,1.5713418,0.60533704,0.97563064,1.3754339,-0.026613283,-0.016745871,0.0036937975,0.070814983,-0.24796328,0.055253622,0.23239846,-0.82170069,0.52038344,1.0234964,-1.2951688,0
25,3600,1.800000,15,1.5713418,0.55244029,1.3940454,0.98667525,-0.03803684,-0.024275604,-0.017065372,-0.0085984741,-0.013716772,0.049969546,-0.60965867,0.34616603,-0.71308161,2.3646803,2.6251839,0
25,3600,1.800000,16,1.5713418,1.0162765,0.16861793,0.28754724,0.082182079,-0.042994693,0.14475249,0.22607387,-0.2299194,0.02121103,0.068952364,-0.39575187,-0.91576527,2.7282051,-1.3982966,0
25,3600,1.800000,17,1.5713418,0.95857544,0.64000085,0.58581005,-0.020006767,0.057151847,-0.024487655,0.064558483,-0.0032096252,0.13707239,0.76818751,-0.18105162,0.61409142,0.9095621,-0.23146267,0
25,3600,1.800000,18,1.5713418,1.4298799,0.30870708,0.57645927,0.067530508,0.13168321,0.046504016,-0.17241139,-0.054773167,0.26402023,0.16280277,0.13897159,0.97682248,0.21572025,0.70659153,0
25,3600,1.800000,19,1.5713418,1.2826005,0.60735251,0.15643099,-0.10492464,-0.012035441,-0.012058612,0.21505007,0.049544036,-0.01163705,0.56714952,0.73924069,-0.36313169,1.9424232,0.91637432,0
25,3600,1.800000,20,1.5713418,1.0117804,0.18423777,0.92839631,-0.023277223,-0.015928022,-0.059732004,-0.025728162,0.11126192,-0.058452823,-0.36351932,-0.14499287,0.92023409,0.40211814,-2.7620705,0
25,3600,1.800000,21,1.5713418,1.0337458,0.5188165,1.3882086,0.074125759,-0.069795176,0.013492866,0.19179654,0.057268197,0.018678358,-0.90204855,-0.43021086,-0.035028994,1.6058325,-2.6965736,0
25,3600,1.800000,22,1.5713418,1.4340523,0.15329953,1.2299522,0.075330256,-0.135301,-0.19341306,0.059562134,-0.12983275,-0.15976485,0.052126611,0.13130001,-0.98997127,2.9998497,1.1928755,0
25,3600,1.800000,23,1.5713418,1.395976,0.63741303,0.98099701,-0.015139795,0.024326233,0.0032813326,-0.088543119,0.25121496,-0.11345731,-0.68097027,-0.48968809,0.54450442,0.99499817,-2.5181603,0
25,3600,1.800000,24,1.5713418,0.96416238,1.0149187,0.18167472,0.027698078,0.090229992,0.0014584459,0.14190309,-0.024978435,0.0026996699,0.23577102,0.66675008,0.7070052,0.78554181,1.2309071,0
25,3600,1.800000,25,1.5713418,0.98469175,1.4130329,0.63202844,-0.0068006783,0.022847332,0.052026031,0.13047022,0.02153708,-0.17830674,-0.29346664,-0.42529058,0.85615726,0.54300998,-2.174805,0
25,3600,1.800000,26,1.5713418,1.3483936,0.98334457,0.55725833,-0.031027881,0.0007639882,-0.022518694,-0.17389723,-0.1052319,0.066806894,-0.57915341,0.48948979,0.65190572,0.86070144,2.4399026,0
25,3600,1.800000,27,1.5713418,1.4079928,1.4195739,0.27350924,0.070315696,0.1085883,0.11932107,-0.19463287,0.11978666,0.25303365,0.48716468,0.083789131,0.86928128,0.51704982,0.17032697,0
25,3600,1.800000,28,1.5713418,0.98316304,0.98633183,0.99303273,-0.0086637873,-0.026044996,0.0040060512,-0.039698135,-0.027887386,0.083661947,-0.40761716,-0.88449753,-0.22696336,1.7997549,-2.0026331,0
25,3600,1.800000,29,1.5713418,0.96955965,1.3967333,1.358444,-0.0029526999,-0.031261996,-0.0078320361,0.22519984,0.093097293,-0.27083009,0.68552364,0.44933472,-0.57284871,2.1807735,0.58020539,0
25,3600,1.800000,30,1.5713418,1.3236362,1.0145023,1.3875147,0.030799173,0.042956146,-0.043619937,-0.037212318,-0.12100922,-0.0084125431,0.56585859,0.090063824,-0.81956852,2.5314539,0.15783917,0
25,3600,1.800000,31,1.5713418,1.4267209,1.3972926,0.96490541,0.012824419,0.083897497,-0.067874931,-0.071811999,0.21543284,-0.13127888,-0.12314707,0.46371385,-0.8773849,2.6411805,1.8303717,0
26,3700,1.850000,0,1.5713418,0.19313023,0.25879326,0.15867105,-0.04293919,0.073433125,-0.097570018,-0.11041918,0.1073724,-0.120061,-0.26945115,0.94718491,-0.17388738,1.7455721,1.8479506,0
26,3700,1.850000,1,1.5713418,0.24134408,0.60613353,0.56026221,0.058918659,0.024522228,-0.034395327,0.096296616,-0.043646453,0.10689513,0.96635752,0.026774428,0.25580515,1.3121159,0.027699458,0
26,3700,1.850000,2,1.5713418,0.5739128,0.1656556,0.62696331,-0.079528884,0.018472094,0.0047686837,0.19934113,0.020258357,0.090865408,-0.10718426,0.62445491,-0.77367151,2.4554119,1.7407844,0
26,3700,1.850000,3,1.5713418,0.63594566,0.51293763,0.17349624,0.094335111,-0.078284203,-0.0033779601,0.07522096,0.19915284,0.1074081,-0.074119925,0.98488778,0.1565321,1.4136178,1.645912,0
26,3700,1.850000,4,1.5713418,0.17689787,0.30906503,1.0003781,0.031977552,0.12538618,0.059740737,-0.21119476,0.17462837,0.15836627,0.23692516,-0.10603232,-0.9657244,2.8790161,-0.42080221,0
26,3700,1.850000,5,1.5713418,0.17194492,0.65178418,1.3824049,-0.0053779887,0.030295248,0.037109797,0.11304181,0.14224015,-0.11642121,0.68004973,-0.40664677,0.610058,0.91466254,-0.53892274,0
26,3700,1.850000,6,1.5713418,0.56189408,0.19670227,1.3503065,-0.011822528,-0.025860648,0.079040516,0.039255289,0.090511687,-0.062374958,0.1492013,-0.55245849,-0.82007841,2.5323443,-1.3070212,0
26,3700,1.850000,7,1.5713418,0.58740568,0.61288196,0.9982235,0.0041423645,-0.016935782,0.036300938,-0.040816555,0.039626315,-0.10581169,0.27653856,-0.85044121,0.44752226,1.1068036,-1.25641,0
26,3700,1.850000,8,1.5713418,0.21540704,0.9195649,0.15543432,0.00049309783,-0.089450147,-0.072695891,-0.22140635,0.035624645,0.010175894,0.16311139,-0.92917135,-0.33171566,1.908918,-1.3970219,0
26,3700,1.850000,9,1.5713418,0.16962769,1.3847611,0.5630032,-0.011663172,-0.045469174,-0.065243407,0.085303931,-0.21331411,-0.0068689272,0.61698271,0.72230498,-0.31242255,1.8885385,0.86387716,0
26,3700,1.850000,10,1.5713418,0.57660198,1.0369223,0.56843503,-0.0070333071,0.051697672,-0.0065480962,0.13794298,-0.050658434,-0.0042206054,-0.52289222,-0.25327678,-0.81390085,2.5216312,-2.6905217,0
26,3700,1.850000,11,1.5713418,0.61816328,1.408555,0.18343903,-0.0079139303,0.014162112,0.0074546747,0.0010313531,0.015906845,0.010935979,-0.025577542,0.34619544,0.93781368,0.35451868,1.6445441,0
26,3700,1.850000,12,1.5713418,0.20084361,0.97024285,0.94088268,0.015415604,-0.020544163,-0.01992856,-0.029065567,0.029015883,0.084098635,0.69599607,0.45690782,0.5539176,0.98373399,0.58091743,0
26,3700,1.850000,13,1.5713418,0.15108719,1.2428251,1.4290342,0.018619726,-0.0087137163,0.024570162,0.19503531,0.20803207,0.062103884,0.26925175,0.92950274,-0.25204789,1.8255922,1.2888407,0
26,3700,1.850000,14,1.5713418,0.61017473,0.96330791,1.3788158,-0.021775597,-0.029068602,0.0070757438,0.10759971,-0.25859191,0.076281281,0.089752887,-0.86638367,0.49124715,1.0572753,-1.4675697,0
26,3700,1.850000,15,1.5713418,0.55126549,1.3969537,0.98952234,-0.039211637,-0.021367236,-0.014218278,-0.0027119236,0.073648632,0.063801407,-0.70483788,0.34235055,-0.62128871,2.2411826,2.689438,0
26,3700,1.850000,16,1.5713418,1.0266804,0.1545678,0.28841863,0.092585936,-0.057044817,0.14562388,0.14320923,-0.31459437,-0.021033768,0.25532146,-0.22166047,-0.94110445,2.7966784,-0.7149442,0
26,3700,1.850000,17,1.5713418,0.96060421,0.64032503,0.59193804,-0.017978006,0.05747603,-0.018359661,0.042284788,0.0054872328,0.11680173,0.77063221,-0.13887577,0.62196424,0.89954765,-0.17829652,0
26,3700,1.850000,18,1.5713418,1.4236857,0.30321351,0.58857085,0.061336228,0.12618965,0.058615599,-0.081970668,-0.13498532,0.22619049,0.14578168,0.0386685,0.9885608,0.15140065,0.25927874,0
26,3700,1.850000,19,1.5713418,1.2931052,0.61152529,0.15152928,-0.09441997,-0.0078626649,-0.016960318,0.20889988,0.11050094,-0.1459448,0.58902151,0.73256688,-0.34117361,1.9189615,0.89358983,0
26,3700,1.850000,20,1.5713418,1.008075,0.18997092,0.92472114,-0.026982668,-0.010194872,-0.063407172,-0.087192207,0.13074683,-0.045561802,-0.38899115,-0.1208092,0.91328584,0.41951686,-2.8404665,0
26,3700,1.850000,21,1.5713418,1.0461089,0.52144498,1.3895423,0.086488777,-0.067166691,0.014826616,0.24739558,0.016795724,0.011581782,-0.92531149,-0.36428114,-0.1053465,1.6763387,-2.7665422,0
26,3700,1.850000,22,1.5713418,1.4369612,0.14707626,1.2244005,0.078239154,-0.14152427,-0.19896474,0.040668052,-0.12332639,-0.074260269,0.063059646,0.169807,-0.98345771,2.9594493,1.2152201,0
26,3700,1.850000,23,1.5713418,1.3917834,0.6494555,0.97359941,-0.019332382,0.036368701,-0.0041162706,-0.079532829,0.2543385,-0.15258508,-0.76201283,-0.40120106,0.50830518,1.0375807,-2.6569691,0
26,3700,1.850000,24,1.5713418,0.96911508,1.0139904,0.18291611,0.032650782,0.089301648,0.0026998374,0.071850641,0.019862793,0.021044449,0.38091234,0.58125314,0.71906229,0.76834428,0.99068363,0
26,3700,1.850000,25,1.5713418,0.98938634,1.4145235,0.62364232,-0.002106092,0.024337921,0.043639914,0.061440553,0.053080358,-0.12446479,-0.37787169,-0.36054879,0.85277052,0.54952919,-2.3796496,0
26,3700,1.850000,26,1.5713418,1.3404845,0.97814899,0.55945222,-0.038936904,-0.0044315969,-0.020324807,-0.19265142,-0.082338491,0.050328951,-0.61177171,0.28177717,0.73914613,0.73899458,2.7099654,0
26,3700,1.850000,27,1.5713418,1.3977543,1.4252145,0.2866099,0.060077171,0.11422893,0.13242173,-0.2070926,0.097500256,0.24185398,0.53583361,0.068780677,0.84151741,0.57071039,0.1276639,0
26,3700,1.850000,28,1.5713418,0.98110132,0.98766301,0.99676231,-0.010725505,-0.02471382,0.0077356308,-0.044647602,0.064838932,0.048788261,-0.47256304,-0.84350464,-0.25531176,1.8289665,-2.0814655,0
26,3700,1.850000,29,1.5713418,0.98212697,1.4013724,1.3465451,0.0096146214,-0.026622854,-0.019730954,0.25895702,0.076157084,-0.1936415,0.70854253,0.44350359,-0.54888255,2.1518232,0.55927344,0
26,3700,1.850000,30,1.5713418,1.3207681,1.0079769,1.3886255,0.027931,0.03643074,-0.042509208,-0.035267493,-0.1184788,0.036808076,0.41561514,-0.072314793,-0.90666125,2.7060975,-0.17226998,0
26,3700,1.850000,31,1.5713418,1.4213493,1.4066293,0.95591206,0.0074528233,0.093234235,-0.076868287,-0.10822853,0.22218608,-0.21405408,-0.19048206,0.4604526,-0.86700634,2.6199591,1.9630437,0
27,3800,1.900000,0,1.5713418,0.18696341,0.26237878,0.15212093,-0.049106016,0.07701864,-0.10412014,-0.11066138,0.080087072,-0.12771924,-0.33035025,0.94336377,-0.030553519,1.6013546,1.9076344,0
27,3800,1.900000,1,1.5713418,0.2449994,0.60380591,0.56412755,0.06257398,0.022194602,-0.030529993,0.033395807,-0.076402791,0.048618933,0.99420383,-0.012228868,0.10681381,1.4637784,-0.012299541,0
27,3800,1.900000,2,1.5713418,0.58312994,0.1667695,0.63163936,-0.070311748,0.01958599,0.0094447391,0.14863311,0.036264946,0.11205773,-0.021354235,0.568629,-0.82231689,2.5362671,1.6083326,0
27,3800,1.900000,3,1.5713418,0.64074441,0.52457666,0.17826761,0.099133853,-0.066645177,0.0013934156,0.11534766,0.26430982,0.061741864,0.065521114,0.99414905,-0.085875803,1.656778,1.5049848,0
27,3800,1.900000,4,1.5713418,0.1649232,0.31522445,1.0066439,0.020002879,0.13154559,0.066006483,-0.26075411,0.096665274,0.09059148,0.26282145,0.045226663,-0.96378391,2.8716415,0.17041232,0
27,3800,1.900000,5,1.5713418,0.17857839,0.65879899,1.3790703,0.0012554872,0.037310056,0.033775186,0.14285439,0.15166774,-0.021048672,0.67441228,-0.57553375,0.46252458,1.0899558,-0.70645632,0
27,3800,1.900000,6,1.5713418,0.56440888,0.19967182,1.3474882,-0.0093077208,-0.022891098,0.076222174,0.063041331,0.055269232,-0.057584131,0.18536843,-0.59771055,-0.77998759,2.4654423,-1.2700714,0
27,3800,1.900000,7,1.5713418,0.5861738,0.61559113,0.99298262,0.0029104831,-0.014226615,0.031060061,-0.034348907,0.055536998,-0.1191895,0.23204066,-0.8706054,0.43382411,1.1220636,-1.3103235,0
27,3800,1.900000,8,1.5713418,0.2051937,0.92120915,0.1561857,-0.0097202391,-0.087805891,-0.071944506,-0.18197282,0.04167454,0.03002311,0.12916961,-0.93438864,-0.33201369,1.9092339,-1.4334273,0
27,3800,1.900000,9,1.5713418,0.17584407,1.3738505,0.56286303,-0.0054467946,-0.056379866,-0.065383571,0.14054982,-0.23415424,-0.028269304,0.6590811,0.63532131,-0.40246607,1.9850055,0.76704443,0
27,3800,1.900000,10,1.5713418,0.58397275,1.0346132,0.56950846,0.00033746436,0.049388581,-0.0054746678,0.17150175,-0.073163919,0.023584687,-0.39931612,-0.38250938,-0.83320658,2.5556779,-2.377688,0
27,3800,1.900000,11,1.5713418,0.6175841,1.4098339,0.18536419,-0.0084931025,0.015440941,0.0093798308,-0.037644002,-0.020547069,0.064446495,-0.27282245,0.36342616,0.89078018,0.47173721,2.2147425,0
27,3800,1.900000,12,1.5713418,0.19926511,0.97232083,0.94487484,0.013837099,-0.018466186,-0.015936393,-0.056473268,0.041326418,0.056610515,0.59680034,0.54639668,0.58760533,0.94270017,0.74133661,0
27,3800,1.900000,13,1.5713418,0.16396848,1.2542002,1.4269308,0.031501015,0.0026613668,0.022466775,0.30556751,0.23075274,-0.12956544,0.26583167,0.92822409,-0.26025674,1.8340844,1.2918745,0
27,3800,1.900000,14,1.5713418,0.61446365,0.94965233,1.3837898,-0.017486674,-0.042724179,0.012049744,0.091869993,-0.26751871,0.11474648,-0.065771509,-0.87679832,0.47633897,1.0743101,-1.6456694,0
27,3800,1.900000,15,1.5713418,0.55343979,1.4002183,0.99368997,-0.037037338,-0.018102678,-0.01005065,0.062077888,0.057340747,0.07612082,-0.79409727,0.36072447,-0.48917009,2.0819343,2.715204,0
27,3800,1.900000,16,1.5713418,1.0316552,0.13754866,0.28892037,0.097560737,-0.074063963,0.14612563,0.059119658,-0.35418873,0.031302935,0.45574424,-0.05294522,-0.88853474,2.6649379,-0.11565466,0
27,3800,1.900000,17,1.5713418,0.96417662,0.63907839,0.59626864,-0.014405587,0.056229384,-0.014029064,0.083920245,-0.055588976,0.079541484,0.78374975,-0.14115064,0.60482463,0.9212507,-0.17818648,0
27,3800,1.900000,18,1.5713418,1.4224222,0.29579477,0.59886868,0.060072775,0.1187709,0.068913433,0.027597895,-0.17435889,0.20510997,0.090683751,-0.069652578,0.99344098,0.11459673,-0.65497365,0
27,3800,1.900000,19,1.5713418,1.3032262,0.61734002,0.14438212,-0.084298977,-0.0020479385,-0.024107486,0.19247813,0.096827633,-0.11545459,0.63923579,0.72850325,-0.24629379,1.8196507,0.85057217,0
27,3800,1.900000,20,1.5713418,1.001105,0.19720024,0.92426693,-0.033952612,-0.0029655499,-0.063861383,-0.17438684,0.15294881,-0.0023838515,-0.38370319,-0.084560567,0.91957674,0.40379446,-2.9246798,0
27,3800,1.900000,21,1.5713418,1.0558513,0.52384468,1.3899338,0.096231189,-0.064766999,0.015218047,0.19471601,0.036979964,0.011486902,-0.95011804,-0.26241497,-0.16856478,1.7401698,-2.8721186,0
27,3800,1.900000,22,1.5713418,1.4374762,0.14182178,1.2216446,0.078754182,-0.14677875,-0.20172067,-0.023785053,-0.078459852,-0.0698054,0.087105735,0.16995446,-0.98159466,2.949436,1.0971798,0
27,3800,1.900000,23,1.5713418,1.3878585,0.66155177,0.96621632,-0.02325727,0.04846497,-0.011499362,-0.080351337,0.23296522,-0.11871649,-0.82873509,-0.36132268,0.42736878,1.129216,-2.7304478,0
27,3800,1.900000,24,1.5713418,0.97108715,1.0152398,0.18189621,0.034622851,0.090551023,0.0016799333,0.010262336,0.037227627,-0.04086623,0.51840791,0.49843604,0.69484873,0.8025868,0.76575966,0
27,3800,1.900000,25,1.5713418,0.99049529,1.4157545,0.61830895,-0.00099714466,0.025568891,0.038306536,-0.069546257,0.019150069,-0.046978076,-0.39184693,-0.36322835,0.84529353,0.56368203,-2.394078,0
27,3800,1.900000,26,1.5713418,1.3344992,0.97493277,0.56389113,-0.044922237,-0.007647818,-0.015885895,-0.051369275,-0.059697674,0.18001588,-0.61142297,0.16863749,0.7731257,0.68704171,2.8724722,0
27,3800,1.900000,27,1.5713418,1.3900873,1.43087,0.2944499,0.052410131,0.11988446,0.14026173,-0.11156498,0.096816318,0.10711394,0.56306848,0.11044931,0.81899624,0.61113683,0.19369678,0
27,3800,1.900000,28,1.5713418,0.97853192,0.9914644,0.99863424,-0.013294902,-0.020912421,0.0096075559,-0.042563421,0.080758775,0.029784241,-0.53329856,-0.82420601,-0.19046548,1.7624326,-2.1450916,0
27,3800,1.900000,29,1.5713418,0.99379705,1.4068999,1.3373039,0.021284697,-0.021095363,-0.028972216,0.19916831,0.15256032,-0.17060695,0.71858854,0.43993824,-0.53859525,2.1395653,0.54936039,0
27,3800,1.900000,30,1.5713418,1.320142,1.0015611,1.3877069,0.027304888,0.030014924,-0.043427809,0.033147543,-0.14004379,-0.017783054,0.27635418,-0.24204841,-0.93007577,2.7654154,-0.71931858,0
27,3800,1.900000,31,1.5713418,1.4164621,1.4175592,0.94447332,0.0025656343,0.10416412,-0.088307017,-0.098212693,0.18796791,-0.231706,-0.23851941,0.44133566,-0.86506146,2.6160692,2.0662772,0
28,3900,1.950000,0,1.5713418,0.1824736,0.2688236,0.14507898,-0.053595824,0.083463461,-0.11116209,-0.06957461,0.11756136,-0.13520883,-0.41803256,0.9045722,0.083653552,1.4870449,2.003694,0
28,3900,1.950000,1,1.5713418,0.24754278,0.60040819,0.56604434,0.065117355,0.018796883,-0.028613202,0.071995506,-0.057580188,0.036728117,0.99638527,-0.078169337,-0.033255755,1.6040582,-0.07829256,0
28,3900,1.950000,2,1.5713418,0.58796911,0.16900268,0.63765037,-0.065472582,0.021819166,0.015455748,0.014833136,0.065433129,0.092271922,0.07401472,0.46103466,-0.88429003,2.6557677,1.4116141,0
28,3900,1.950000,3,1.5713418,0.64518063,0.53783648,0.17920835,0.10357008,-0.053385353,0.0023341485,0.094604424,0.27916651,-0.02029494,0.11030616,0.94404735,-0.31081691,1.8868487,1.4544799,0
28,3900,1.950000,4,1.5713418,0.14968446,0.31790013,1.0116931,0.0047641423,0.13422128,0.071055692,-0.36317361,0.0031114721,0.088977188,0.30588779,0.20530834,-0.92966722,2.7643048,0.59112651,0
28,3900,1.950000,5,1.5713418,0.18378608,0.66776915,1.3791325,0.0064631745,0.04628022,0.033837371,0.10984877,0.18185557,0.0042083348,0.63843031,-0.72272412,0.26471982,1.302883,-0.84724735,0
28,3900,1.950000,6,1.5713418,0.56891148,0.2032607,1.3436276,-0.0048051283,-0.019302215,0.072361552,0.053371389,0.094701423,-0.085490106,0.22383336,-0.64820345,-0.72782615,2.3859429,-1.2383027,0
28,3900,1.950000,7,1.5713418,0.58755803,0.61584553,0.98713629,0.0042947168,-0.013972211,0.025213729,0.071532603,0.022597968,-0.15731164,0.17562897,-0.88226983,0.4367544,1.1188087,-1.3743,0
28,3900,1.950000,8,1.5713418,0.19616668,0.92287346,0.1572945,-0.018747255,-0.086141581,-0.070835711,-0.15649767,0.062869505,0.039465542,0.11095929,-0.93098554,-0.34778436,1.9260032,-1.4521711,0
28,3900,1.950000,9,1.5713418,0.18277604,1.3602181,0.56158649,0.0014851772,-0.070012213,-0.066660118,0.1460486,-0.30394712,-0.025037257,0.66785022,0.56767981,-0.48136858,2.0730118,0.70450025,0
28,3900,1.950000,10,1.5713418,0.59357006,1.0309648,0.57087688,0.0099347809,0.045740139,-0.004106245,0.24055806,-0.071352255,0.011836152,-0.25150827,-0.47484181,-0.84336756,2.5743162,-2.0578953,0
28,3900,1.950000,11,1.5713418,0.6149467,1.4094084,0.18914478,-0.011130507,0.015015473,0.013160425,-0.046084277,0.019801053,0.074643391,-0.50149693,0.38156591,0.77647169,0.68174913,2.4911811,0
28,3900,1.950000,12,1.5713418,0.19469853,0.97575571,0.94600462,0.0092705218,-0.015031303,-0.014806619,-0.12624959,0.085505274,-0.025837974,0.47766977,0.66306668,0.57634552,0.95654664,0.94651333,0
28,3900,1.950000,13,1.5713418,0.17984216,1.2658169,1.4211061,0.047374698,0.014278013,0.016642053,0.32404933,0.25199999,-0.10953753,0.25791765,0.94077877,-0.22003135,1.7926429,1.3032174,0
28,3900,1.950000,14,1.5713418,0.61999965,0.9384738,1.3882004,-0.011950676,-0.053902712,0.016460342,0.14725768,-0.15757818,0.10826289,-0.14478432,-0.87071516,0.46999214,1.0815145,-1.7355708,0
28,3900,1.950000,15,1.5713418,0.55675428,1.4031245,0.99804159,-0.033722847,-0.015196421,-0.0056990315,0.065481488,0.059844443,0.13259664,-0.84394685,0.42307138,-0.32979436,1.9068821,2.6769048,0
28,3900,1.950000,16,1.5713418,1.0319693,0.12339462,0.29007888,0.097874912,-0.088217999,0.14728413,-0.011371162,-0.074971414,-0.033316109,0.60421142,0.09715722,-0.79087865,2.4830398,0.15943523,0
28,3900,1.950000,17,1.5713418,0.96513044,0.63299397,0.59994193,-0.013451775,0.050144969,-0.01035578,-0.036733731,-0.16044323,0.055389414,0.78191607,-0.2257302,0.58107928,0.95074212,-0.28104727,0
28,3900,1.950000,18,1.5713418,1.4244401,0.2883081,0.60767602,0.062090704,0.11128423,0.077720772,0.034410395,-0.15242261,0.15906226,0.076694234,-0.18697295,0.97936669,0.2034928,-1.1815374,0
28,3900,1.950000,19,1.5713418,1.3126613,0.62402004,0.14009254,-0.07486384,0.004632089,-0.028397062,0.19151263,0.12731945,-0.086725422,0.70715527,0.69700319,-0.11881908,1.6898968,0.77816828,0
28,3900,1.950000,20,1.5713418,0.99328264,0.20405387,0.92619854,-0.041775007,0.0038880797,-0.061929774,-0.14676927,0.11058674,0.097582691,-0.33745939,-0.0060827409,0.94132043,0.3442749,-3.1235695,0
28,3900,1.950000,21,1.5713418,1.0640889,0.52568734,1.3914792,0.10446881,-0.062924333,0.016763459,0.14056696,0.014248359,0.056177351,-0.95877679,-0.17213991,-0.22608609,1.7988542,-2.9639442,0
28,3900,1.950000,22,1.5713418,1.4347828,0.14036126,1.219871,0.076060803,-0.14823927,-0.20349421,-0.037418978,0.019743518,-0.022135573,0.051172103,0.11476592,-0.99207369,3.0156021,1.1513719,0
28,3900,1.950000,23,1.5713418,1.3844032,0.67087827,0.96198331,-0.026712572,0.057791472,-0.015732373,-0.080025328,0.14341436,-0.038201182,-0.88177916,-0.38025122,0.27906009,1.2879812,-2.7344555,0
28,3900,1.950000,24,1.5713418,0.97020181,1.0175002,0.18093411,0.033737506,0.092811483,0.00071783881,0.010272186,0.0044412161,0.010527007,0.6364477,0.40417133,0.65694738,0.85403366,0.56578831,0
28,3900,1.950000,25,1.5713418,0.98378674,1.4164519,0.61582761,-0.0077056934,0.026266308,0.035825199,-0.21788928,-0.014149141,-0.057502526,-0.34925724,-0.41624953,0.8394973,0.57443893,-2.2689032,0
28,3900,1.950000,26,1.5713418,1.3332652,0.97685306,0.57141344,-0.046156264,-0.0057275256,-0.0083635867,0.0067666018,0.12945247,0.13270039,-0.62765878,0.20103294,0.75208391,0.71957801,2.8316265,0
28,3900,1.950000,27,1.5713418,1.3873222,1.432227,0.29625188,0.049645028,0.12124141,0.14206371,-0.029884356,0.0015324346,0.0092323426,0.58416435,0.14015786,0.79944217,0.64443024,0.23547768,0
28,3900,1.950000,28,1.5713418,0.97527038,0.99623161,0.99969852,-0.016556443,-0.016145215,0.010671843,-0.061860256,0.10895459,-0.0091219784,-0.57534387,-0.81101791,-0.10596875,1.6769644,-2.1878096,0
28,3900,1.950000,29,1.5713418,1.004108,1.4146563,1.3322595,0.031595657,-0.013339008,-0.034016556,0.23680431,0.15147838,-0.06678506,0.67215305,0.48338675,-0.56084536,2.1662028,0.62347076,0
28,3900,1.950000,30,1.5713418,1.321316,0.99599759,1.3865816,0.028478887,0.024451433,-0.044553101,0.048710464,-0.082940999,-0.01954233,0.21461564,-0.4000165,-0.89102577,2.6703962,-1.0783637,0
28,3900,1.950000,31,1.5713418,1.4124925,1.421113,0.93282131,-0.0014039791,0.10771793,-0.099959034,-0.10156938,-0.023208972,-0.24354372,-0.28224379,0.32454218,-0.9027795,2.696985,2.2865982,0
29,4000,2.000000,0,1.5713418,0.18072349,0.27294188,0.13960026,-0.055345937,0.08758174,-0.11664081,-0.025647114,0.076338553,-0.086895071,-0.52654826,0.83871743,0.13892445,1.4314211,2.1314078,0
29,4000,2.000000,1,1.5713418,0.25101087,0.59816161,0.5645706,0.068585446,0.016550301,-0.030086942,0.046699155,-0.042270853,-0.096839242,0.9723516,-0.16348265,-0.1667507,1.7383296,-0.1665733,0
29,4000,2.000000,2,1.5713418,0.58365401,0.17354115,0.64252067,-0.069787681,0.026357639,0.020326048,-0.17724217,0.10067339,0.092614139,0.17897459,0.35657653,-0.91696307,2.7311971,1.1056101,0
29,4000,2.000000,3,1.5713418,0.65084055,0.55282792,0.1744272,0.10923,-0.038393913,-0.0024470012,0.10506149,0.29387025,-0.14082096,0.11150445,0.85328462,-0.50938406,2.1052652,1.4408559,0
29,4000,2.000000,4,1.5713418,0.13853485,0.31611124,1.0151748,-0.0063854689,0.13243239,0.074537457,-0.026535943,-0.095067081,0.05805686,0.26834101,0.36390257,-0.8919462,2.6724278,0.93540943,0
29,4000,2.000000,5,1.5713418,0.18669354,0.67620072,1.3790826,0.0093706366,0.05471178,0.033787532,0.023081037,0.17853699,-0.013152972,0.60047972,-0.794412,0.091288976,1.4793801,-0.92354297,0
29,4000,2.000000,6,1.5713418,0.57319613,0.20751704,1.3410476,-0.00052047568,-0.015045879,0.069781603,0.085408098,0.06646585,-0.028250321,0.22337318,-0.71149093,-0.66624701,2.2999611,-1.2665902,0
29,4000,2.000000,7,1.5713418,0.59189015,0.61603375,0.97901242,0.0086268346,-0.013783994,0.01708986,0.096460321,-0.040635827,-0.14002655,0.15664966,-0.87633173,0.45552562,1.0978338,-1.3939085,0
29,4000,2.000000,8,1.5713418,0.18854932,0.92508423,0.15855976,-0.026364621,-0.083930811,-0.069570444,-0.16780875,0.044223998,0.020607747,0.11758723,-0.91938785,-0.37536546,1.9555874,-1.4435896,0
29,4000,2.000000,9,1.5713418,0.18876541,1.3466794,0.56255832,0.0074745493,-0.08355088,-0.06568828,0.11213237,-0.23761442,0.06976822,0.69311353,0.46242896,-0.55294945,2.1566963,0.58835538,0
29,4000,2.000000,10,1.5713418,0.60613094,1.0279545,0.56968944,0.022495655,0.042729899,-0.005293683,0.25960631,-0.065069675,-0.0052029984,-0.088627151,-0.48641448,-0.8692216,2.6244221,-1.7510242,0
29,4000,2.000000,11,1.5713418,0.6122829,1.4096332,0.19240789,-0.013794308,0.015240294,0.016423528,-0.05287246,0.020956299,0.071273302,-0.67263038,0.35720691,0.64805216,0.86577226,2.6534071,0
29,4000,2.000000,12,1.5713418,0.18898836,0.98281422,0.94440904,0.0035603472,-0.007972794,-0.016402201,-0.086294394,0.15274423,-0.038996333,0.36816676,0.74584439,0.55513006,0.982277,1.1122624,0
29,4000,2.000000,13,1.5713418,0.19728022,1.2764832,1.4148996,0.064812755,0.024944305,0.01043558,0.40553207,0.16195444,-0.12652455,0.25735701,0.94633985,-0.19546934,1.7675323,1.305268,0
29,4000,2.000000,14,1.5713418,0.62877239,0.93158112,1.3954383,-0.0031779298,-0.060795387,0.023698258,0.20877362,-0.14034618,0.20727155,-0.11248425,-0.85940779,0.49876401,1.0486242,-1.7009423,0
29,4000,2.000000,15,1.5713418,0.55963886,1.4062237,1.0031917,-0.030838267,-0.012097221,-0.00054892103,0.054815891,0.070539815,0.078774282,-0.84445015,0.49944431,-0.19354409,1.7655696,2.6074887,0
29,4000,2.000000,16,1.5713418,1.0322378,0.1347204,0.2890287,0.098143397,-0.076892224,0.14623395,0.015230445,0.37368784,-0.032412511,0.69047147,-0.071064095,-0.71986043,2.3743975,-0.10256,0
29,4000,2.000000,17,1.5713418,0.96320779,0.62612443,0.60015866,-0.015374426,0.043275425,-0.010139043,-0.0045765593,-0.10516197,-0.025389677,0.78336063,-0.34303764,0.51833513,1.0258933,-0.41275043,0
29,4000,2.000000,18,1.5713418,1.4282444,0.28051204,0.61672841,0.065894916,0.10348817,0.086773162,0.078342077,-0.10628204,0.17738817,0.051539384,-0.35502997,0.93343313,0.36692994,-1.4266343,0
29,4000,2.000000,19,1.5713418,1.3233618,0.62801461,0.13593112,-0.064163326,0.0086266517,-0.032558478,0.2027846,0.041899462,-0.084969002,0.77598849,0.63006542,0.02931612,1.541476,0.68198638,0
29,4000,2.000000,20,1.5713418,0.98721744,0.20804139,0.93238789,-0.047840204,0.0078756,-0.055740419,-0.089542028,0.080799703,0.12594586,-0.29645907,0.092949342,0.95051167,0.31591766,2.8377681,0
29,4000,2.000000,21,1.5713418,1.0695808,0.5243279,1.3936816,0.10996073,-0.064283777,0.018965851,0.072078849,-0.053026222,0.025776548,-0.95122723,-0.072133067,-0.2999393,1.8754254,-3.0659059,0
29,4000,2.000000,22,1.5713418,1.431879,0.1425288,1.2197858,0.073157002,-0.14607173,-0.20357946,-0.078379896,0.049946984,-0.01540624,0.0007537743,0.028708218,-0.99958755,3.1128706,1.544546,0
29,4000,2.000000,23,1.5713418,1.3811821,0.67414686,0.96138053,-0.029933688,0.06106006,-0.016335153,-0.024897127,0.0011548492,0.0072920745,-0.92478682,-0.37057578,0.086272353,1.4844166,-2.7604702,0
29,4000,2.000000,24,1.5713418,0.96910615,1.0174314,0.18209249,0.032641851,0.092742668,0.0018762179,-0.017119452,0.035035837,0.015252899,0.70353167,0.32197821,0.63354023,0.88467598,0.42920558,0
29,4000,2.000000,25,1.5713418,0.97020235,1.4117347,0.61354094,-0.021290083,0.021549103,0.033538532,-0.31483368,-0.14191964,-0.044436268,-0.2593273,-0.4657104,0.84608698,0.56219526,-2.0788776,0
29,4000,2.000000,26,1.5713418,1.3354351,0.98593031,0.57677457,-0.043986335,0.0033497219,-0.0030024556,0.073666983,0.17308787,0.11792928,-0.65192031,0.31169891,0.69126239,0.80756173,2.6955983,0
29,4000,2.000000,27,1.5713418,1.3872022,1.4322257,0.29588351,0.049525095,0.12124013,0.14169535,-0.013598975,-0.011287799,-0.0089470774,0.60557358,0.13766675,0.78379112,0.6700492,0.22353374,0
29,4000,2.000000,28,1.5713418,0.97361597,1.0019268,0.99896083,-0.018210859,-0.010450073,0.0099341498,0.01244363,0.12672955,0.019845018,-0.55501658,-0.83178452,0.0095449268,1.5612513,-2.1592096,0
29,4000,2.000000,29,1.5713418,1.0138055,1.4191275,1.3293858,0.041293181,-0.0088678178,-0.036890242,0.18382549,0.016290779,-0.072103581,0.6202442,0.43903675,-0.65003374,2.2784252,0.61597168,0
29,4000,2.000000,30,1.5713418,1.3248757,0.99243766,1.3849105,0.03203864,0.020891501,-0.046224141,0.074727968,-0.055575735,-0.043681071,0.2413776,-0.5290197,-0.81355701,2.5210396,-1.1427377,0
29,4000,2.000000,31,1.5713418,1.4076697,1.4189808,0.92152663,-0.0062267715,0.10558567,-0.11125371,-0.076227767,-0.078661063,-0.17692799,-0.2964808,0.17117586,-0.93957328,2.7921781,2.6179873,0
30,4100,2.050000,0,1.5713418,0.17985139,0.27656173,0.13715201,-0.056218034,0.091201594,-0.11908906,0.0094121565,0.058716097,0.037457387,-0.63182753,0.76714564,0.1108221,1.4597461,2.2597677,0
30,4100,2.050000,1,1.5713418,0.2544159,0.59339216,0.55933904,0.071990473,0.01178086,-0.035318505,0.044021839,-0.089170521,-0.14854813,0.93677289,-0.23621351,-0.25818544,1.8319398,-0.24700742,0
30,4100,2.050000,2,1.5713418,0.57396383,0.17726931,0.64823901,-0.079477863,0.030085803,0.026044391,-0.27033742,0.060693894,0.11655412,0.3273159,0.28853445,-0.89978452,2.6900717,0.722509,0
30,4100,2.050000,3,1.5713418,0.65528282,0.56532623,0.16576422,0.11367226,-0.025895607,-0.011109979,0.091660199,0.21646716,-0.18388687,0.14157886,0.74791371,-0.64852179,2.2764372,1.3837116,0
30,4100,2.050000,4,1.5713418,0.14267242,0.30929882,1.0172828,-0.0022479017,0.12561997,0.07664541,0.12123957,-0.15640707,0.023957214,0.019588359,0.54579463,-0.83768999,2.5638361,1.5349221,0
30,4100,2.050000,5,1.5713418,0.1868848,0.68462152,1.3797196,0.0095618901,0.063132585,0.034424513,-0.010519028,0.17907619,0.019774438,0.54840122,-0.83369019,-0.064936749,1.6357788,-0.98895749,0
30,4100,2.050000,6,1.5713418,0.57878528,0.21230085,1.3430466,0.0050686778,-0.010262069,0.071780644,0.13327648,0.11451445,0.122259,0.25013543,-0.76851774,-0.5889081,2.2005035,-1.2561324,0
30,4100,2.050000,7,1.5713418,0.59581387,0.61247027,0.97106548,0.012550557,-0.017347471,0.0091429207,0.09467407,-0.041192945,-0.13477025,0.18857702,-0.86056397,0.47314729,1.0779365,-1.3550742,0
30,4100,2.050000,8,1.5713418,0.18245746,0.92725442,0.1577525,-0.032456476,-0.081760629,-0.070377702,-0.085219522,0.019670322,-0.050985279,0.14625522,-0.91047498,-0.3868394,1.967998,-1.4115208,0
30,4100,2.050000,9,1.5713418,0.19351339,1.3350147,0.56699434,0.012222523,-0.095215615,-0.061252265,0.082293051,-0.20605005,0.10413057,0.68824243,0.37739012,-0.61959588,2.2390241,0.50156702,0
30,4100,2.050000,10,1.5713418,0.61651834,1.0254716,0.57003617,0.032883059,0.040246974,-0.0049469564,0.17939406,-0.044219525,-0.020471718,0.026255576,-0.45641643,-0.88937882,2.6667809,-1.5133342,0
30,4100,2.050000,11,1.5713418,0.61141604,1.41411,0.19482328,-0.014661166,0.01971708,0.018838923,0.012869229,0.09754245,0.010771442,-0.7841852,0.33508875,0.52227302,1.0212821,2.7377686,0
30,4100,2.050000,12,1.5713418,0.18502594,0.99071015,0.94399717,-0.00040206843,-7.6867822e-05,-0.016814062,-0.066929963,0.1639359,0.024572428,0.3084408,0.80511966,0.50660301,1.0395561,1.2049439,0
30,4100,2.050000,13,1.5713418,0.21843982,1.2857646,1.4088659,0.085972359,0.034225721,0.0044019279,0.45845722,0.20147871,-0.10063854,0.29842226,0.93380737,-0.19735233,1.7694527,1.2614782,0
30,4100,2.050000,14,1.5713418,0.64159671,0.92603065,1.4051215,0.009646385,-0.066345857,0.033381466,0.26219055,-0.10074787,0.16290168,-0.016325892,-0.84516896,0.53424984,1.0071762,-1.5901106,0
30,4100,2.050000,15,1.5713418,0.56081597,1.4077079,1.0087516,-0.029661164,-0.010613046,0.0050110038,0.022985624,0.013359975,0.12167451,-0.83332687,0.54925385,-0.062342121,1.6331789,2.55884,0
30,4100,2.050000,16,1.5713418,1.0338732,0.15196889,0.28497603,0.099778809,-0.059643726,0.14218128,0.03983357,0.32416481,-0.066302495,0.74830512,-0.2029523,-0.63154558,2.2543413,-0.26484484,0
30,4100,2.050000,17,1.5713418,0.96261743,0.62031148,0.59800679,-0.015964785,0.037462475,-0.012290919,-0.0048603042,-0.12913158,-0.081961249,0.78356236,-0.45588072,0.42214074,1.1349908,-0.52693359,0
30,4100,2.050000,18,1.5713418,1.4339484,0.27363455,0.62520671,0.071598955,0.096610685,0.09525146,0.1727444,-0.12279508,0.16986907,0.042507241,-0.50691592,0.8609468,0.53366835,-1.4871374,0
30,4100,2.050000,19,1.5713418,1.3343238,0.62896882,0.13353849,-0.05320136,0.0095808638,-0.034951111,0.21475316,-0.0090461257,0.042952005,0.83888738,0.53210028,0.11461784,1.455926,0.56525393,0
30,4100,2.050000,20,1.5713418,0.98485699,0.20935906,0.93858462,-0.050200656,0.0091932648,-0.049543689,-0.003194626,-0.010923633,0.13954207,-0.2944622,0.23804797,0.92554048,0.38833583,2.461741,0
30,4100,2.050000,21,1.5713418,1.0728953,0.5211448,1.3935671,0.11327523,-0.067466878,0.018851415,0.082770056,-0.050816169,-0.033076563,-0.90543368,0.08900337,-0.4150521,1.9987964,3.0436083,0
30,4100,2.050000,22,1.5713418,1.4269286,0.14451388,1.2211788,0.068206561,-0.14408665,-0.20218647,-0.11468467,0.013375636,0.044735484,-0.0023033258,-0.051843626,-0.99865256,3.0896746,-1.6151955,0
30,4100,2.050000,23,1.5713418,1.3819096,0.67052702,0.95957467,-0.029206212,0.057440222,-0.018141015,0.035694268,-0.15756889,-0.041447046,-0.93509247,-0.34509814,-0.080680559,1.6515647,-2.7880465,0
30,4100,2.050000,24,1.5713418,0.96968398,1.0219096,0.18242724,0.033219678,0.097220882,0.0022109667,0.064133225,0.14073643,-0.0092672467,0.71238401,0.27660628,0.64497906,0.86980045,0.3703645,0
30,4100,2.050000,25,1.5713418,0.95297749,1.4057335,0.61092766,-0.038514944,0.015547845,0.030925254,-0.33721682,-0.092015762,-0.084425161,-0.14397862,-0.49455594,0.85713744,0.54111005,-1.8540931,0
30,4100,2.050000,26,1.5713418,1.3405308,0.99347107,0.58074067,-0.038890629,0.010890488,0.00096365025,0.091133518,0.11017513,0.024186635,-0.68646312,0.42156593,0.59249519,0.9366436,2.5908605,0
30,4100,2.050000,27,1.5713418,1.387416,1.4303359,0.29450625,0.049738804,0.1193503,0.14031808,0.018231826,-0.033743389,-0.018367874,0.64980958,0.10487748,0.75282682,0.71845008,0.16001733,0
30,4100,2.050000,28,1.5713418,0.97362183,1.0086216,1.000107,-0.018205,-0.0037552018,0.011080331,-0.004234463,0.1404564,0.025708146,-0.47033022,-0.87892703,0.079226036,1.4914872,-2.0621425,0
30,4100,2.050000,29,1.5713418,1.0201166,1.4160727,1.3279909,0.047604204,-0.011922604,-0.038285212,0.090686649,-0.12303234,-0.0073521521,0.55054509,0.32281565,-0.76986373,2.4494239,0.53032704,0
30,4100,2.050000,30,1.5713418,1.3289611,0.99105673,1.3853814,0.036124018,0.019510567,-0.045753255,0.077905498,-0.012551639,0.035514851,0.33797054,-0.62821805,-0.70079811,2.347312,-1.0772261,0
30,4100,2.050000,31,1.5713418,1.404461,1.4162394,0.91376,-0.0094355082,0.10284426,-0.11902034,-0.088541387,-0.026114316,-0.11564027,-0.26632297,0.077858833,-0.96073413,2.8604323,2.8571713,0
31,4200,2.100000,0,1.5713418,0.18122516,0.2813139,0.13936719,-0.054844266,0.095953763,-0.11687388,0.03858304,0.1365753,0.077147024,-0.73842721,0.6730923,0.040890143,1.5298948,2.4024484,0
31,4200,2.100000,1,1.5713418,0.25772038,0.59094517,0.55234153,0.075294951,0.0093338612,-0.042316008,0.087109348,-0.02752944,-0.1350045,0.90140296,-0.29135617,-0.32028782,1.8968296,-0.31262584,0
31,4200,2.100000,2,1.5713418,0.56057711,0.18052402,0.65229234,-0.092864582,0.033340515,0.030097718,-0.28478812,0.047874471,0.063503546,0.46278477,0.23738033,-0.8540965,2.5946076,0.47394511,0
31,4200,2.100000,3,1.5713418,0.66088211,0.57362379,0.16116843,0.11927156,-0.017598044,-0.015705764,0.11695283,0.13547669,-0.0023945044,0.21144907,0.73674667,-0.64225667,2.2682351,1.2913049,0
31,4200,2.100000,4,1.5713418,0.14822004,0.30096051,1.0164295,0.0032997274,0.11728165,0.075792109,0.081354062,-0.16023957,-0.032490534,-0.22079907,0.71002502,-0.66866452,2.3032076,1.87229,0
31,4200,2.100000,5,1.5713418,0.18702565,0.69377246,1.3798309,0.0097027494,0.072283523,0.034535763,0.0071758058,0.18243061,-0.016214058,0.50044149,-0.84085708,-0.20619816,1.7784843,-1.0339459,0
31,4200,2.100000,6,1.5713418,0.58513534,0.2166083,1.3511398,0.011418731,-0.0059546177,0.079873848,0.12875003,0.10220011,0.18123542,0.24141223,-0.81910518,-0.52037182,2.1180826,-1.2841843,0
31,4200,2.100000,7,1.5713418,0.59774931,0.61106255,0.96634209,0.014486002,-0.018755196,0.0044195313,-0.031850422,-0.014898982,-0.06736483,0.21057735,-0.83189668,0.51342487,1.0316252,-1.3228747,0
31,4200,2.100000,8,1.5713418,0.18071093,0.92925593,0.15536107,-0.034203012,-0.079759111,-0.072769134,-0.016926427,0.049953948,-0.030601202,0.1359628,-0.91428695,-0.38156715,1.9622875,-1.4231691,0
31,4200,2.100000,9,1.5713418,0.19537889,1.3281564,0.57016601,0.014088028,-0.10207393,-0.058080599,-0.011598946,-0.083155963,0.016521343,0.70270306,0.2827502,-0.65288646,2.2821853,0.38255219,0
31,4200,2.100000,10,1.5713418,0.62284191,1.0213815,0.56896531,0.039206627,0.036156887,-0.0060178166,0.064237813,-0.1006738,-0.017062351,0.12737852,-0.37062029,-0.92000832,2.7388981,-1.2397538,0
31,4200,2.100000,11,1.5713418,0.61101267,1.4204198,0.19270046,-0.015064538,0.026026852,0.0167161,0.0115654,0.15242031,-0.07515621,-0.86862341,0.28189163,0.40746838,1.1511162,2.8277887,0
31,4200,2.100000,12,1.5713418,0.18311276,0.99530399,0.94690402,-0.0023152534,0.0045169737,-0.013907221,-0.0041047009,0.024784919,0.078338605,0.27478854,0.85341545,0.44291459,1.1119494,1.2592921,0
31,4200,2.100000,13,1.5713418,0.24082998,1.2958756,1.4057209,0.10836251,0.044336784,0.001256897,0.41118801,0.16201663,-0.042604445,0.34845139,0.91427633,-0.2065924,1.7788873,1.2066687,0
31,4200,2.100000,14,1.5713418,0.65338293,0.92235378,1.4130103,0.021432607,-0.070022728,0.041270233,0.22372331,-0.070136969,0.072385724,0.091620762,-0.83316971,0.54537499,0.9939599,-1.4612699,0
31,4200,2.100000,15,1.5713418,0.56291112,1.4075795,1.0140862,-0.027566009,-0.010741452,0.010345572,0.04293061,-0.063053608,0.076984055,-0.82971644,0.55794986,-0.016204289,1.5870013,2.549591,0
31,4200,2.100000,16,1.5713418,1.0385494,0.16782704,0.2815034,0.10445499,-0.043785577,0.13870866,0.10544212,0.31501564,-0.07222124,0.79072982,-0.32364714,-0.51961416,2.1171956,-0.38849936,0
31,4200,2.100000,17,1.5713418,0.96394181,0.61291759,0.59175814,-0.014640406,0.030068585,-0.018539563,0.078502945,-0.1778056,-0.15120624,0.79290137,-0.53055581,0.29969643,1.2664219,-0.58970754,0
31,4200,2.100000,18,1.5713418,1.4429992,0.26786508,0.63054011,0.080649745,0.090841212,0.10058486,0.14631997,-0.13556988,0.071973795,0.031474042,-0.63256685,0.77386598,0.6858737,-1.5210813,0
31,4200,2.100000,19,1.5713418,1.3462908,0.62824659,0.13905385,-0.041234338,0.0088586326,-0.029435756,0.23275001,-0.010015669,0.15736306,0.89697096,0.43585256,0.073997556,1.4967311,0.45231707,0
31,4200,2.100000,20,1.5713418,0.98425171,0.21061468,0.94348513,-0.050805936,0.010448889,-0.044643181,-0.015071886,0.022317036,0.089976654,-0.28857108,0.44206972,0.84929447,0.55614891,2.1491183,0
31,4200,2.100000,21,1.5713418,1.0756319,0.5187589,1.3926642,0.11601178,-0.069852781,0.017948445,0.020990093,-0.028074026,-0.0072030964,-0.82033363,0.26270415,-0.50797566,2.1036293,2.8316715,0
31,4200,2.100000,22,1.5713418,1.4233952,0.14565253,1.2268797,0.064673217,-0.142948,-0.19648556,-0.054722321,0.019337048,0.11242437,-0.0098098786,-0.12308952,-0.99234709,3.0177969,-1.6503253,0
31,4200,2.100000,23,1.5713418,1.384784,0.66105442,0.95574845,-0.026331862,0.047967618,-0.021967228,0.037387405,-0.16788702,-0.081494327,-0.93205416,-0.28816158,-0.21963137,1.7922329,-2.841746,0
31,4200,2.100000,24,1.5713418,0.97458191,1.0284295,0.18130664,0.038117609,0.10374074,0.0010903649,0.11415679,0.12510366,-0.047112956,0.67094258,0.28636875,0.68398025,0.81759141,0.40340746,0
31,4200,2.100000,25,1.5713418,0.93901785,1.4053941,0.60646228,-0.052474581,0.015208459,0.026459872,-0.2188988,0.067863854,-0.1187183,-0.021255004,-0.51172015,0.85888923,0.5376994,-1.6123088,0
31,4200,2.100000,26,1.5713418,1.3443255,0.99757204,0.57909606,-0.035095962,0.014991461,-0.00068096031,0.05738782,0.067282829,-0.068684134,-0.72427285,0.50620318,0.46817431,1.0835728,2.5315971,0
31,4200,2.100000,27,1.5713418,1.3858972,1.4296135,0.29352056,0.04822004,0.1186279,0.1393324,-0.068804437,-0.018104772,-0.061055352,0.68126416,0.081419626,0.7274957,0.75613146,0.11894838,0
31,4200,2.100000,28,1.5713418,0.9742421,1.0130662,1.0001115,-0.01758473,0.00068936032,0.011084869,0.038116099,0.027641284,-0.036182156,-0.38830246,-0.91519339,0.1078993,1.4626866,-1.9720609,0
31,4200,2.100000,29,1.5713418,1.0241552,1.410516,1.3286666,0.051642874,-0.017479268,-0.037609491,0.050577396,-0.063881628,0.058069803,0.42893903,0.21568623,-0.87720623,2.6408082,0.46591428,0
31,4200,2.100000,30,1.5713418,1.3325516,0.98905897,1.3894935,0.039714498,0.017512815,-0.041641176,0.039003565,-0.04627578,0.11220221,0.46921844,-0.67474152,-0.56969986,2.1769369,-0.9631611,0
31,4200,2.100000,31,1.5713418,1.3988476,1.416205,0.90513735,-0.01504888,0.10280986,-0.127643,-0.12016314,0.048010464,-0.21375973,-0.24231315,0.043718447,-0.96921258,2.8928088,2.9630917,0
32,4300,2.150000,0,1.5713418,0.18189714,0.28627525,0.14337856,-0.054172281,0.10091511,-0.11286251,0.024598151,0.091980321,0.073920399,-0.83640212,0.54670954,-0.039245166,1.6100516,2.5626597,0
32,4300,2.150000,1,1.5713418,0.25980367,0.59139801,0.5460114,0.077378244,0.0097867018,-0.048646142,-0.015537752,0.054813191,-0.15324486,0.90618916,-0.25180405,-0.3397292,1.9174253,-0.27103377,0
32,4300,2.150000,2,1.5713418,0.54431014,0.18204213,0.65453275,-0.10913155,0.034858623,0.032338122,-0.35719992,-0.0042419945,0.022469963,0.60521487,0.2271894,-0.76295474,2.4386679,0.35910934,0
32,4300,2.150000,3,1.5713418,0.665349,0.58042272,0.16345502,0.12373844,-0.010799112,-0.013419182,0.05102803,0.10880616,0.0088558258,0.29409579,0.84734983,-0.44216052,2.0288023,1.2367277,0
32,4300,2.150000,4,1.5713418,0.15204324,0.29402997,1.0147676,0.0071229195,0.11035112,0.074130236,0.07739124,-0.10465617,-0.010790627,-0.40712751,0.79356654,-0.45221604,2.0400447,2.0448176,0
32,4300,2.150000,5,1.5713418,0.18883842,0.70264273,1.3790069,0.011515518,0.081153794,0.033711796,0.039977405,0.17198611,-0.041407734,0.48310394,-0.80318341,-0.34857853,1.9268504,-1.0292846,0
32,4300,2.150000,6,1.5713418,0.59042133,0.22258006,1.3590202,0.016704727,1.7136539e-05,0.087754167,0.1025147,0.13613694,0.18854705,0.27044528,-0.82532403,-0.49568094,2.089415,-1.254139,0
32,4300,2.150000,7,1.5713418,0.59817485,0.60966564,0.9631633,0.014911537,-0.0201521,0.0012407375,0.027733927,0.021657392,-0.018662665,0.26762011,-0.78337023,0.56099069,0.97521427,-1.2416005,0
32,4300,2.150000,8,1.5713418,0.17938927,0.93124193,0.15675708,-0.035524668,-0.077773118,-0.071373126,-0.042711539,0.035570811,0.075095213,0.09969972,-0.90950652,-0.40355651,1.9861969,-1.4616127,0
32,4300,2.150000,9,1.5713418,0.19147609,1.3259053,0.56912089,0.010185221,-0.10432507,-0.059125711,-0.10375934,0.013961675,-0.068121804,0.74106596,0.17761803,-0.647513,2.2751127,0.23524155,0
32,4300,2.150000,10,1.5713418,0.62366412,1.0152054,0.56907211,0.040028836,0.029980713,-0.0059110183,-0.03750217,-0.14245048,0.0077769423,0.17551664,-0.24596209,-0.95325577,2.8346301,-0.95100617,0
32,4300,2.150000,11,1.5713418,0.60880601,1.4266483,0.18702432,-0.017271198,0.032255399,0.01103996,-0.081339726,0.09036572,-0.15842098,-0.94352338,0.20967412,0.25651587,1.3113806,2.9229214,0
32,4300,2.150000,12,1.5713418,0.18294791,0.99508602,0.95314909,-0.0024801047,0.0042990107,-0.0076621462,-0.0003078733,-0.022778492,0.12986745,0.26744148,0.87494869,0.40365807,1.1552847,1.2741501,0
32,4300,2.150000,13,1.5713418,0.25958681,1.303341,1.4076746,0.12711935,0.051802109,0.0032106363,0.32022568,0.13228882,0.10872764,0.37787735,0.90098255,-0.21316462,1.7856092,1.1736735,0
32,4300,2.150000,14,1.5713418,0.66441117,0.91881011,1.4122989,0.032460847,-0.073566405,0.040558778,0.21613645,-0.093130372,-0.045956237,0.2096333,-0.86491949,0.45603526,1.0972612,-1.3330086,0
32,4300,2.150000,15,1.5713418,0.56548271,1.4042424,1.0154801,-0.024994421,-0.014078552,0.011739486,0.061977429,-0.035806548,0.011889007,-0.84474552,0.53301336,-0.047976684,1.6187914,2.5787082,0
32,4300,2.150000,16,1.5713418,1.0443713,0.18161674,0.27819431,0.11027691,-0.029995884,0.13539957,0.12027375,0.22963055,-0.051677345,0.79208261,-0.44010248,-0.42298339,2.0075316,-0.50715309,0
32,4300,2.150000,17,1.5713418,0.96945879,0.60405275,0.58524668,-0.009123423,0.021203751,-0.025051023,0.11778541,-0.14150766,-0.11876702,0.81829471,-0.56044904,0.12763484,1.4428124,-0.60051885,0
32,4300,2.150000,18,1.5713418,1.442083,0.2600176,0.63369115,0.079733573,0.082993731,0.1037359,-0.16808658,-0.18212111,0.033362254,-0.032901665,-0.72876949,0.68396821,0.81760792,-1.6159126,0
32,4300,2.150000,19,1.5713418,1.3568136,0.62867278,0.14755941,-0.030711531,0.0092848235,-0.020930191,0.16984321,0.036493707,0.17527197,0.93346489,0.35864467,0.004158905,1.5666374,0.36681889,0
32,4300,2.150000,20,1.5713418,0.98317911,0.21027417,0.94634211,-0.05187854,0.010108383,-0.041786199,-0.03401884,-0.048785015,0.053110298,-0.32078676,0.62969534,0.70751652,0.78481853,2.0419608,0
32,4300,2.150000,21,1.5713418,1.0750223,0.51929264,1.3927306,0.11540226,-0.069319032,0.018014893,-0.031372315,0.05339054,0.019007248,-0.72335935,0.40910223,-0.55622532,2.160633,2.6268826,0
32,4300,2.150000,22,1.5713418,1.419575,0.14597843,1.2302442,0.060853008,-0.1426221,-0.19312104,-0.10150295,-0.025980017,0.04044471,-0.022429887,-0.18538561,-0.98240983,2.9537524,-1.6912015,0
32,4300,2.150000,23,1.5713418,1.3837245,0.65145707,0.95388699,-0.027391338,0.038370269,-0.023828689,-0.076217532,-0.21902936,-0.0061526748,-0.91995723,-0.18696713,-0.34456056,1.922567,-2.9410889,0
32,4300,2.150000,24,1.5713418,0.98255913,1.0338778,0.17557688,0.046094831,0.10918908,-0.004639399,0.237046,0.081495799,-0.12786452,0.58316988,0.28731128,0.75984546,0.70772096,0.45776778,0
32,4300,2.150000,25,1.5713418,0.92857223,1.4089816,0.5996817,-0.062920199,0.018795965,0.019679294,-0.17978016,0.098138881,-0.14621057,0.12472374,-0.50578381,0.85359635,0.54794595,-1.329025,0
32,4300,2.150000,26,1.5713418,1.3474347,0.99819437,0.57508381,-0.031986744,0.015613785,-0.0046932139,0.083834022,-0.038766513,-0.11011909,-0.77038248,0.55217334,0.31877176,1.246363,2.5197119,0
32,4300,2.150000,27,1.5713418,1.384029,1.4293015,0.29029589,0.046351861,0.11831591,0.13610772,-0.0082119908,-0.021472176,-0.071125878,0.69151782,0.03529029,0.72149685,0.76483467,0.050988854,0
32,4300,2.150000,28,1.5713418,0.9780632,1.0121631,0.9975144,-0.013763627,-0.0002137232,0.0084877243,0.10820996,-0.075114112,-0.094022346,-0.35339862,-0.92391629,0.14658818,1.423678,-1.9361267,0
32,4300,2.150000,29,1.5713418,1.0256118,1.4111495,1.334724,0.053099448,-0.016845761,-0.031552079,-0.015826151,0.096460347,0.15521048,0.31813923,0.14822595,-0.9363848,2.7829804,0.43601002,0
32,4300,2.150000,30,1.5713418,1.3345766,0.98673579,1.3934013,0.041739499,0.015189628,-0.037733378,0.054111954,-0.10573235,0.079806895,0.59895141,-0.65546802,-0.46002052,2.0488146,-0.83042171,0
32,4300,2.150000,31,1.5713418,1.3958733,1.4183115,0.89467166,-0.018023197,0.10491642,-0.13810869,0.0026600964,0.033310855,-0.1467384,-0.21859527,0.0045013959,-0.97580523,2.9211705,3.1210032,0
33,4400,2.200000,0,1.5713418,0.1845139,0.29084452,0.14418703,-0.051555518,0.10548438,-0.11205404,0.066284405,0.047562426,-0.01363039,-0.91133227,0.37752425,-0.16416129,1.735704,2.7488579,0
33,4400,2.200000,1,1.5713418,0.26044647,0.59507632,0.53991325,0.07802105,0.013465014,-0.054744288,0.028375049,0.10896302,-0.064039502,0.92146914,-0.17888579,-0.34481082,1.9228336,-0.19174604,0
33,4400,2.200000,2,1.5713418,0.5262427,0.17948954,0.65726364,-0.12719899,0.032306029,0.035069013,-0.31379215,-0.098531226,0.036602735,0.70137479,0.24117741,-0.67075097,2.3060172,0.33119786,0
33,4400,2.200000,3,1.5713418,0.66473174,0.58353562,0.16554921,0.12312119,-0.0076862131,-0.011324986,-0.050032427,0.054948887,0.053069845,0.34460159,0.92924002,-0.13327692,1.704471,1.2156757,0
33,4400,2.200000,4,1.5713418,0.158983,0.28951253,1.0137945,0.014062686,0.10583368,0.073157106,0.17024671,-0.094190428,-0.013911136,-0.49811577,0.82727333,-0.25980669,1.8336183,2.1127714,0
33,4400,2.200000,5,1.5713418,0.19153665,0.70968987,1.3776488,0.014213742,0.088200935,0.032353691,0.055297096,0.12198148,0.0030799918,0.44084616,-0.76413839,-0.47090039,2.0611075,-1.0475209,0
33,4400,2.200000,6,1.5713418,0.5949713,0.22690737,1.3702546,0.021254696,0.0043444513,0.098988555,0.12921035,0.052156262,0.25594552,0.32344535,-0.82090961,-0.4706278,2.0607985,-1.1954657,0
33,4400,2.200000,7,1.5713418,0.60039972,0.60923097,0.96335312,0.017136407,-0.020586769,0.0014305612,0.052392772,0.023220223,0.040431392,0.34027981,-0.71729368,0.60802914,0.91722056,-1.1278426,0
33,4400,2.200000,8,1.5713418,0.17826038,0.93259733,0.15880943,-0.036653554,-0.076417718,-0.069320774,-0.0025119864,0.015517871,0.032682016,0.008816707,-0.89074282,-0.45442216,2.0425197,-1.5608985,0
33,4400,2.200000,9,1.5713418,0.18557714,1.326145,0.56569857,0.0042862731,-0.10408532,-0.062548038,-0.093094498,0.0028958685,-0.070364759,0.79252263,0.003832685,-0.60983046,2.226643,0.0048360197,0
33,4400,2.200000,10,1.5713418,0.61931102,1.0088804,0.5671476,0.03567574,0.023655786,-0.0078355187,-0.12067806,-0.10576198,-0.034611537,0.22048966,-0.12815641,-0.96693342,2.883715,-0.52650778,0
33,4400,2.200000,11,1.5713418,0.60424594,1.4306669,0.17440482,-0.021831271,0.036273996,-0.0015795345,-0.091551346,0.079747967,-0.33613823,-0.97364824,0.13924643,0.18060882,1.3891909,2.9995408,0
33,4400,2.200000,12,1.5713418,0.18463675,0.99279161,0.96071165,-0.00079125855,0.0020045943,-9.9588707e-05,0.052054206,-0.074329242,0.14608949,0.27636483,0.87442281,0.39875711,1.1606352,1.2646769,0
33,4400,2.200000,13,1.5713418,0.27369862,1.3090833,1.4160467,0.14123116,0.057544422,0.011582719,0.25729789,0.10797938,0.22384279,0.41042643,0.9009287,-0.140988,1.7122556,1.1433289,0
33,4400,2.200000,14,1.5713418,0.67485624,0.9152196,1.4109259,0.04290592,-0.077156911,0.039185875,0.1947227,-0.054039528,-0.0022981785,0.32458328,-0.89291417,0.31200959,1.2534888,-1.2221369,0
33,4400,2.200000,15,1.5713418,0.57068556,1.4033258,1.015233,-0.019791575,-0.014995151,0.011492348,0.106948,0.017869086,-0.0048642974,-0.82236296,0.54920557,-0.14863514,1.7199843,2.5527793,0
33,4400,2.200000,16,1.5713418,1.0515805,0.19141992,0.27485904,0.11748609,-0.020192696,0.13206429,0.13466391,0.14995421,-0.084963575,0.81924218,-0.49516623,-0.28922769,1.8642163,-0.54366305,0
33,4400,2.200000,17,1.5713418,0.97601044,0.59858843,0.57999253,-0.0025717754,0.015739424,-0.030305176,0.12451292,-0.020955421,-0.072165609,0.82171459,-0.56161363,-0.096825979,1.6677742,-0.59954262,0
33,4400,2.200000,18,1.5713418,1.4310214,0.25142907,0.63530253,0.068671976,0.074405203,0.10534728,-0.22272161,-0.19595426,0.061324932,-0.084534273,-0.79694025,0.59811387,0.92965081,-1.6764747,0
33,4400,2.200000,19,1.5713418,1.3632933,0.62805998,0.15731488,-0.024231861,0.0086720207,-0.011174726,0.064321425,-0.02785633,0.22382509,0.95860037,0.25977427,-0.11663047,1.6876928,0.2646374,0
33,4400,2.200000,20,1.5713418,0.98185463,0.20809967,0.94781655,-0.053203018,0.0079338785,-0.040311758,0.0070146176,-0.041982521,-0.0094584483,-0.34537445,0.79135051,0.50446096,1.0420388,1.982314,0
33,4400,2.200000,21,1.5713418,1.0732481,0.52464438,1.394777,0.11362802,-0.063967291,0.020061315,-0.027673235,0.12800044,0.064730097,-0.61426066,0.52491798,-0.58919008,2.2008524,2.4344616,0
33,4400,2.200000,22,1.5713418,1.415571,0.14553949,1.2315526,0.056848981,-0.14306104,-0.19181268,-0.07731994,-0.020089049,0.038963723,-0.019348874,-0.19476911,-0.98065826,2.9445931,-1.6698141,0
33,4400,2.200000,23,1.5713418,1.3806753,0.64034267,0.95457609,-0.03044051,0.027255873,-0.023139592,-0.020313813,-0.19658813,0.037064588,-0.89468101,-0.076845623,-0.44004617,2.0264464,-3.0559113,0
33,4400,2.200000,24,1.5713418,0.99538669,1.0379429,0.17180389,0.058922387,0.11325412,-0.0084123807,0.21751411,0.1070295,0.012313881,0.51389382,0.25866337,0.81792812,0.61299585,0.46631613,0
33,4400,2.200000,25,1.5713418,0.921579,1.4144258,0.5933235,-0.069913435,0.024240185,0.013321089,-0.078718956,0.088829681,-0.10541513,0.26604356,-0.47026727,0.84146867,0.57080061,-1.0559578,0
33,4400,2.200000,26,1.5713418,1.3533484,0.99512479,0.57108749,-0.026072986,0.012544204,-0.0086895297,0.12329905,-0.10022051,-0.044714358,-0.81183617,0.52933652,0.24642419,1.3218074,2.563796,0
33,4400,2.200000,27,1.5713418,1.3833015,1.4274326,0.28574752,0.045624333,0.11644706,0.13155935,0.00021716236,-0.0053102431,-0.11245388,0.6786265,-0.019657509,0.73422044,0.7462786,-0.028958513,0
33,4400,2.200000,28,1.5713418,0.98411215,1.0050763,0.99112107,-0.0077146712,-0.0073005651,0.0020943878,0.15650824,-0.20758905,-0.15393861,-0.31063083,-0.93081368,0.19259902,1.3769863,-1.8928945,0
33,4400,2.200000,29,1.5713418,1.0256048,1.4186986,1.3455076,0.053092497,-0.0092966478,-0.020768502,-0.012800413,0.21069112,0.28717309,0.2423829,0.12535923,-0.96204761,2.8652055,0.4773088,0
33,4400,2.200000,30,1.5713418,1.3378808,0.97966477,1.3969028,0.045043723,0.0081186093,-0.03423192,0.05703459,-0.17793056,0.051852908,0.7010732,-0.60291807,-0.38077049,1.9614257,-0.710267,0
33,4400,2.200000,31,1.5713418,1.3963838,1.4210238,0.88863316,-0.01751266,0.10762873,-0.14414718,-0.0012395459,0.06079777,-0.07201475,-0.18392927,0.023701431,-0.98265369,2.9550628,3.0134372,0
34,4500,2.250000,0,1.5713418,0.1895105,0.2927823,0.14441257,-0.046558924,0.10742216,-0.11182851,0.12305251,0.023098286,0.053058118,-0.93648933,0.21885155,-0.27402871,1.8483759,2.9120191,0
34,4500,2.250000,1,1.5713418,0.26186973,0.60462276,0.53647382,0.079444308,0.023011459,-0.058183719,0.020040712,0.24695572,-0.090228922,0.92725818,-0.071638671,-0.36750532,1.9471215,-0.077105434,0
34,4500,2.250000,2,1.5713418,0.51504552,0.17447989,0.65594725,-0.13839616,0.027296378,0.033752623,-0.10449565,-0.081623388,-0.11059383,0.73845902,0.30143634,-0.6031703,2.2182662,0.38755224,0
34,4500,2.250000,3,1.5713418,0.66274469,0.5859068,0.16730592,0.12113413,-0.0053150283,-0.0095682815,-0.025464845,0.044937711,0.041457057,0.34777175,0.92289946,0.16526162,1.4047731,1.2104265,0
34,4500,2.250000,4,1.5713418,0.16799065,0.28419916,1.0151744,0.023070333,0.10052031,0.074537013,0.12724532,-0.12948371,0.046987756,-0.50821593,0.84480786,-0.16738053,1.7389684,2.1123737,0
34,4500,2.250000,5,1.5713418,0.19756798,0.71357978,1.3789133,0.02024507,0.092090845,0.033618148,0.13538361,0.044154551,0.072012581,0.38667172,-0.71639645,-0.58074186,2.190436,-1.0758602,0
34,4500,2.250000,6,1.5713418,0.59918647,0.22874519,1.3825663,0.025469864,0.0061822746,0.11130034,0.075516332,0.022779518,0.24266887,0.39890874,-0.80181653,-0.44492929,2.0318916,-1.1091457,0
34,4500,2.250000,7,1.5713418,0.60139902,0.61147207,0.96636682,0.018135707,-0.018345677,0.0044442594,-0.017498089,0.043163562,0.10406391,0.46093772,-0.60860851,0.64585765,0.86865021,-0.92259937,0
34,4500,2.250000,8,1.5713418,0.18161006,0.93305183,0.16082045,-0.033303876,-0.075963218,-0.067309759,0.11166754,0.022617691,0.01205224,-0.070382021,-0.86057971,-0.50442932,2.0995172,-1.6523991,0
34,4500,2.250000,9,1.5713418,0.17988723,1.3262382,0.56377757,-0.0014036357,-0.10399211,-0.064469031,-0.11721819,-0.025896631,-0.050213371,0.81836251,-0.19638318,-0.54010781,2.1413615,-0.23551746,0
34,4500,2.250000,10,1.5713418,0.61271433,1.0050178,0.56506824,0.029079046,0.019793191,-0.0099148835,-0.11634582,-0.07242923,-0.047957234,0.2114544,-0.035955687,-0.97672628,2.9254235,-0.16842895,0
34,4500,2.250000,11,1.5713418,0.59716247,1.432085,0.15474342,-0.028914736,0.037692071,-0.021240934,-0.15157107,-0.011303928,-0.40194083,-0.97583227,0.068396369,0.20754114,1.3617356,3.0716168,0
34,4500,2.250000,12,1.5713418,0.18700846,0.98801997,0.96602806,0.0015804495,-0.0027670436,0.0052168201,0.015595406,-0.099317566,0.031562764,0.27615671,0.88812585,0.36738257,1.1946031,1.2693304,0
34,4500,2.250000,13,1.5713418,0.28534614,1.3133238,1.4284611,0.15287868,0.061784976,0.023997143,0.20074846,0.10272562,0.27960796,0.3962267,0.9181498,-0.0023108553,1.5731072,1.1633917,0
34,4500,2.250000,14,1.5713418,0.68413958,0.9139979,1.4115259,0.052189253,-0.078378609,0.03978579,0.16124692,-0.0012361009,0.023164368,0.34139791,-0.90992691,0.23554295,1.3330191,-1.2118567,0
34,4500,2.250000,15,1.5713418,0.57601252,1.4018045,1.0134352,-0.01446461,-0.016516475,0.009694534,0.074768085,-0.061372246,-0.067609427,-0.7603916,0.57521195,-0.30155567,1.8771202,2.4939648,0
34,4500,2.250000,16,1.5713418,1.0577381,0.19457382,0.26918168,0.12364365,-0.0170388,0.12638694,0.06925062,-0.0167715,-0.11933412,0.87726793,-0.45097152,-0.16439489,1.7359408,-0.47483509,0
34,4500,2.250000,17,1.5713418,0.98464547,0.60075084,0.57607075,0.0060632535,0.017901835,-0.034226956,0.2013666,0.10582137,-0.072397488,0.83183165,-0.48919295,-0.26219528,1.8360927,-0.53161708,0
34,4500,2.250000,18,1.5713418,1.4220906,0.24051502,0.63718858,0.059741157,0.063491156,0.10723332,-0.10388578,-0.21251217,0.069130369,-0.1567321,-0.84828445,0.50581473,1.0404702,-1.7534995,0
34,4500,2.250000,19,1.5713418,1.3659335,0.62650176,0.16605272,-0.021591627,0.0071138093,-0.0024368802,0.085229767,-0.037826265,0.14736931,0.96797856,0.10746702,-0.22686636,1.7996553,0.1105693,0
34,4500,2.250000,20,1.5713418,0.9816946,0.20635248,0.94491322,-0.05336305,0.0061866921,-0.043215088,-0.024594072,-0.08539305,-0.09344097,-0.31770535,0.90678271,0.27714334,1.2899766,1.9077967,0
34,4500,2.250000,21,1.5713418,1.0718498,0.52994827,1.3965694,0.11222971,-0.05866341,0.021853691,-0.0030852005,0.084167978,0.018225751,-0.49482777,0.59042195,-0.6376107,2.2621891,2.2683363,0
34,4500,2.250000,22,1.5713418,1.4133618,0.14580948,1.2329192,0.054639789,-0.14279105,-0.19044609,-0.0037264746,0.01677758,-0.0092588403,0.018573342,-0.16872398,-0.98548833,2.9710236,-1.4611566,0
34,4500,2.250000,23,1.5713418,1.380532,0.63071696,0.95854036,-0.030583806,0.017630163,-0.019175324,0.028616488,-0.14717192,0.12595985,-0.87433517,0.05761977,-0.48189001,2.0736067,3.0757866,0
34,4500,2.250000,24,1.5713418,1.0035762,1.0438951,0.17654152,0.067111896,0.11920636,-0.0036747505,0.13797283,0.15511891,0.14547627,0.52467383,0.27739775,0.80484027,0.63539005,0.48634714,0
34,4500,2.250000,25,1.5713418,0.91884504,1.4163297,0.58977878,-0.072647387,0.026144096,0.0097763682,-0.050065953,0.025639146,-0.058926235,0.3840139,-0.41309354,0.82576453,0.59923996,-0.82186345,0
34,4500,2.250000,26,1.5713418,1.358559,0.9888193,0.56878774,-0.020862439,0.0062387175,-0.010989279,0.11699153,-0.1256593,-0.0096536456,-0.82676007,0.48750137,0.28073156,1.2862401,2.6088161,0
34,4500,2.250000,27,1.5713418,1.3806733,1.4266069,0.28099816,0.042996107,0.11562129,0.12680999,-0.10717018,0.00086825367,-0.10276683,0.66637152,-0.06910381,0.74241071,0.73413474,-0.10333227,0
34,4500,2.250000,28,1.5713418,0.99194778,0.99416271,0.98727654,0.00012095139,-0.018214118,-0.0017501408,0.1547808,-0.23642581,-0.076692177,-0.32690743,-0.92027599,0.21499681,1.3541078,-1.9121206,0
34,4500,2.250000,29,1.5713418,1.0246482,1.4291687,1.3599609,0.052135859,0.001173397,-0.0063151352,-0.0031570637,0.20804489,0.26246973,0.23288536,0.11398278,-0.9658014,2.8793129,0.45516179,0
34,4500,2.250000,30,1.5713418,1.3389469,0.97020012,1.4001803,0.046109782,-0.0013460444,-0.030954385,0.01810874,-0.20227365,0.082844115,0.78425612,-0.52120768,-0.33657821,1.914077,-0.58656256,0
34,4500,2.250000,31,1.5713418,1.398189,1.4245189,0.88673391,-0.01570751,0.11112376,-0.14604643,0.06285267,0.068435232,-0.037937725,-0.12681399,0.063549101,-0.98988874,2.9992667,2.677049,0
35,4600,2.300000,0,1.5713418,0.19321463,0.29330065,0.14799313,-0.042854795,0.10794051,-0.10824794,0.037451373,-0.0084812346,0.11784319,-0.95138133,0.12124541,-0.28314858,1.8578718,3.0148345,0
35,4600,2.300000,1,1.5713418,0.26198534,0.61801859,0.53232729,0.079559914,0.036407285,-0.062330249,-0.017471173,0.25705265,-0.043454238,0.92272521,0.033350144,-0.38401295,1.9649349,0.036127368,0
35,4600,2.300000,2,1.5713418,0.51255382,0.17032421,0.64478946,-0.14088786,0.023140705,0.02259484,0.035752243,-0.070080012,-0.34274227,0.75163337,0.44457005,-0.48724197,2.079725,0.53412527,0
35,4600,2.300000,3,1.5713418,0.66244657,0.58998878,0.16559213,0.12083602,-0.0012330577,-0.011282065,0.0069205577,0.095540344,-0.080974359,0.26318148,0.87535248,0.40557805,1.1531852,1.2787362,0
35,4600,2.300000,4,1.5713418,0.17123171,0.27950562,1.0222153,0.026311396,0.095826767,0.081577891,-0.025610964,-0.070344551,0.21934832,-0.47476581,0.86027738,-0.18579629,1.7576785,2.0750781,0
35,4600,2.300000,5,1.5713418,0.20726007,0.71620903,1.3835603,0.029937162,0.094720099,0.038265228,0.22703473,0.05014935,0.11923583,0.312514,-0.67505536,-0.66830776,2.3027279,-1.137229,0
35,4600,2.300000,6,1.5713418,0.60412975,0.22996643,1.3934886,0.030413142,0.0074035109,0.12222263,0.11887592,-0.0025283444,0.21383861,0.46671035,-0.76647481,-0.44124575,2.0277827,-1.0238547,0
35,4600,2.300000,7,1.5713418,0.59794079,0.61231429,0.97361199,0.014677476,-0.017503453,0.011689436,-0.098342555,0.013891803,0.1940211,0.62599186,-0.4532928,0.63455482,0.88336394,-0.62673069,0
35,4600,2.300000,8,1.5713418,0.18987757,0.93434091,0.16228938,-0.025036369,-0.07467414,-0.065840831,0.20115054,0.033823607,0.049294811,-0.16654271,-0.83930244,-0.51752772,2.1147554,-1.7666817,0
35,4600,2.300000,9,1.5713418,0.17741111,1.3264686,0.56407999,-0.0038797571,-0.10376175,-0.064166615,0.030818675,-0.0073955459,0.075128294,0.82502402,-0.3396156,-0.45165984,2.0394212,-0.39050323,0
35,4600,2.300000,10,1.5713418,0.60708969,1.0032673,0.5618963,0.023454408,0.018042673,-0.013086828,-0.12968561,0.011035242,-0.095906897,0.14426714,-0.0025060125,-0.9895356,2.9967983,-0.017368893,0
35,4600,2.300000,11,1.5713418,0.58657188,1.4314321,0.13628233,-0.039505323,0.037039202,-0.039702031,-0.25620556,-0.015311181,-0.30945325,-0.96963649,-0.026342968,0.24312781,1.3252072,-3.1144315,0
35,4600,2.300000,12,1.5713418,0.18518471,0.98371326,0.96712044,-0.00024329971,-0.0070737498,0.0063092064,-0.066538116,-0.074517768,-0.019369096,0.27582518,0.90033921,0.33661517,1.2274764,1.2735177,0
35,4600,2.300000,13,1.5713418,0.29389704,1.318254,1.4407597,0.16142958,0.066715163,0.036295688,0.14198692,0.084451318,0.15680795,0.37426324,0.91879707,0.12545505,1.4450098,1.183978,0
35,4600,2.300000,14,1.5713418,0.69065187,0.91534033,1.413035,0.05870155,-0.077036182,0.041294899,0.074387416,0.037579082,0.018424354,0.28463374,-0.93898734,0.19309691,1.3764788,-1.2764719,0
35,4600,2.300000,15,1.5713418,0.58004416,1.3977753,1.0107462,-0.01043297,-0.020545675,0.0070055977,0.076187746,-0.11405133,-0.066693476,-0.65179053,0.58762853,-0.47943907,2.0708117,2.4079161,0
35,4600,2.300000,16,1.5713418,1.0594803,0.19118562,0.26140033,0.1253859,-0.020426997,0.11860559,0.034251694,-0.089709085,-0.16367664,0.95198183,-0.30461006,-0.030713294,1.6015145,-0.30967995,0
35,4600,2.300000,17,1.5713418,0.99001558,0.6070212,0.57587829,0.011433364,0.024172194,-0.034419414,0.08478904,0.14370137,0.086799144,0.82781887,-0.40927718,-0.38367709,1.9645712,-0.45916101,0
35,4600,2.300000,18,1.5713418,1.419245,0.23022945,0.63886986,0.05689557,0.053205581,0.1089146,-0.0075153124,-0.21790323,0.053151033,-0.2768149,-0.87300153,0.4015493,1.1575884,-1.877852,0
35,4600,2.300000,19,1.5713418,1.3706213,0.62510916,0.17245573,-0.01690385,0.0057211999,0.0039661247,0.10459404,-0.015212199,0.076706687,0.95895992,-0.025486052,-0.28239393,1.857085,-0.026570509,0
35,4600,2.300000,20,1.5713418,0.97953654,0.2013791,0.94035361,-0.05552111,0.0012133058,-0.047774701,-0.045374554,-0.10958461,-0.073424054,-0.23141537,0.97087353,0.062060639,1.5086958,1.8047881,0
35,4600,2.300000,21,1.5713418,1.074371,0.53259831,1.395401,0.1147509,-0.05601337,0.020685308,0.093186838,0.014978387,-0.033296437,-0.3181905,0.61019532,-0.72554564,2.3826233,2.0514617,0
35,4600,2.300000,22,1.5713418,1.4115716,0.14716048,1.2343132,0.052849595,-0.14144005,-0.18905201,-0.042162123,0.056771401,0.049982029,0.097971731,-0.1371836,-0.98568869,2.972208,-0.95062676,0
35,4600,2.300000,23,1.5713418,1.3834081,0.62239054,0.96602864,-0.027707754,0.0093037425,-0.011687044,0.069200545,-0.18469268,0.13814994,-0.84043939,0.20375176,-0.50214226,2.0968705,2.9037468,0
35,4600,2.300000,24,1.5713418,1.0108104,1.0519199,0.18292736,0.074346146,0.12723115,0.0027110802,0.09468742,0.14190418,0.10918893,0.54169978,0.31405817,0.7796979,0.67661313,0.52540738,0
35,4600,2.300000,25,1.5713418,0.91661721,1.4170621,0.5877786,-0.074875223,0.026876501,0.0077761871,-0.034217971,0.014137863,-0.019648781,0.48915459,-0.37194314,0.7889145,0.66175581,-0.65011098,0
35,4600,2.300000,26,1.5713418,1.3664103,0.98128748,0.57052163,-0.013011142,-0.001293102,-0.009255396,0.193286,-0.13614339,0.04996388,-0.83678116,0.40339114,0.37023356,1.1915359,2.6923877,0
35,4600,2.300000,27,1.5713418,1.3759399,1.4284199,0.2763216,0.03826274,0.11743435,0.12213343,-0.10586786,0.1340057,-0.10269158,0.65262071,-0.11127329,0.74946946,0.72353599,-0.16887824,0
35,4600,2.300000,28,1.5713418,0.99990408,0.98548375,0.9837879,0.0080772529,-0.026893073,-0.0052387825,0.18367723,-0.11413098,-0.066475394,-0.40572573,-0.8875373,0.21832127,1.3507024,-1.9995691,0
35,4600,2.300000,29,1.5713418,1.0254316,1.4365504,1.3741985,0.052919255,0.0085550835,0.0079224468,0.011662144,0.097024096,0.2570274,0.2557222,0.12766584,-0.95828367,2.8517318,0.46303658,0
35,4600,2.300000,30,1.5713418,1.3392871,0.96116735,1.4021635,0.046449984,-0.010378808,-0.028971153,0.0080117976,-0.17043479,0.016763743,0.87778356,-0.37741731,-0.2950461,1.8703001,-0.40606958,0
35,4600,2.300000,31,1.5713418,1.3999026,1.4288456,0.88404096,-0.013993885,0.11545052,-0.14873938,0.029699614,0.096795796,-0.041689799,-0.0067598357,0.11754802,-0.99304419,3.0235767,1.6282401,0
36,4700,2.350000,0,1.5713418,0.19409351,0.29127997,0.15419089,-0.04197591,0.10591984,-0.10205018,0.023931384,-0.07835432,0.10461214,-0.96727748,0.12234149,-0.2222765,1.7949451,3.0157805,0
36,4700,2.350000,1,1.5713418,0.25967711,0.62978988,0.53349008,0.077251684,0.048178575,-0.061167466,-0.10397983,0.19521477,0.066377521,0.93286773,0.12373414,-0.33830115,1.9159073,0.13186874,0
36,4700,2.350000,2,1.5713418,0.51569264,0.16641163,0.62697841,-0.13774905,0.019228122,0.0047837903,0.11774697,-0.063479182,-0.34382591,0.73543564,0.60720232,-0.30073204,1.8762565,0.69017851,0
36,4700,2.350000,3,1.5713418,0.66399365,0.59429427,0.16085599,0.1223831,0.0030724417,-0.016018211,0.086600184,0.10801284,-0.07799401,0.14673423,0.79922978,0.58283859,0.94857872,1.3892238,0
36,4700,2.350000,4,1.5713418,0.16947519,0.27753686,1.0334131,0.024554871,0.093858005,0.092775692,-0.050076977,-0.028336182,0.22997231,-0.44752943,0.8439711,-0.29568596,1.8709698,2.0583628,0
36,4700,2.350000,5,1.5713418,0.21815893,0.71720785,1.3922702,0.040836021,0.095718918,0.04697512,0.20969528,-0.020190549,0.20244133,0.2321956,-0.65658959,-0.7176178,2.371172,-1.2308834,0
36,4700,2.350000,6,1.5713418,0.60892338,0.22906082,1.4025756,0.035206775,0.0064978962,0.13130963,0.097202695,0.0035695604,0.13355409,0.55090674,-0.7219653,-0.41865005,2.0027546,-0.91898566,0
36,4700,2.350000,7,1.5713418,0.59228686,0.61318961,0.98237475,0.0090235472,-0.016628133,0.020452195,-0.13814795,0.0038522199,0.13362365,0.74553366,-0.29632793,0.59696676,0.9310814,-0.37832421,0
36,4700,2.350000,8,1.5713418,0.2002108,0.93593374,0.16367775,-0.014703143,-0.073081307,-0.064452458,0.19532706,0.039840768,-0.015765081,-0.23881829,-0.85642065,-0.45772208,2.0462278,-1.8427442,0
36,4700,2.350000,9,1.5713418,0.17989531,1.3276115,0.56928919,-0.0013955527,-0.1026188,-0.058957416,0.062569618,0.09390845,0.1369878,0.81206805,-0.44851783,-0.37333261,1.9533951,-0.50461926,0
36,4700,2.350000,10,1.5713418,0.60334523,1.0077816,0.55701209,0.019709949,0.022556918,-0.017971031,-0.033684075,0.14711294,-0.069093112,0.055141735,-0.024287298,-0.99818311,3.0813026,-0.41488566,0
36,4700,2.350000,11,1.5713418,0.57199863,1.4304049,0.13410446,-0.054078577,0.036011986,-0.041879901,-0.30511388,-0.049888403,0.14214196,-0.99061545,-0.13042502,0.04086973,1.5299152,-3.010685,0
36,4700,2.350000,12,1.5713418,0.18009141,0.9819647,0.96435485,-0.0053365965,-0.0088223165,0.0035436119,-0.10565803,-0.0093376692,-0.095200734,0.31750134,0.89101397,0.32447959,1.2403348,1.2284872,0
36,4700,2.350000,13,1.5713418,0.30043243,1.3224502,1.4365485,0.16796496,0.070911374,0.032084521,0.10234319,0.087041356,-0.22217531,0.36092454,0.93066475,0.059971652,1.5107887,1.2008393,0
36,4700,2.350000,14,1.5713418,0.69411712,0.917735,1.4149322,0.0621668,-0.074641512,0.043192086,0.072959993,0.070156541,0.052086688,0.20505756,-0.96378723,0.17048629,1.3994732,-1.36116,0
36,4700,2.350000,15,1.5713418,0.58462412,1.3904296,1.0075209,-0.0058530064,-0.027891346,0.0037802915,0.10530351,-0.1659147,-0.069648408,-0.50309792,0.56168363,-0.6568135,2.2873814,2.3012286,0
36,4700,2.350000,16,1.5713418,1.0589615,0.1865989,0.25024479,0.1248671,-0.025013721,0.10745004,-0.035836579,-0.096185632,-0.22872652,0.98713912,-0.12195621,0.10335876,1.4672526,-0.12292223,0
36,4700,2.350000,17,1.5713418,0.99257734,0.61421485,0.5812575,0.013995128,0.031365844,-0.029040204,0.023623424,0.1435318,0.10468439,0.79546396,-0.32904352,-0.50888845,2.1046894,-0.3922178,0
36,4700,2.350000,18,1.5713418,1.4192827,0.21989312,0.64114082,0.056933299,0.042869251,0.11118557,-0.0087390994,-0.19026765,0.033448707,-0.35143665,-0.8846323,0.30646041,1.259324,-1.9489458,0
36,4700,2.350000,19,1.5713418,1.3784057,0.62433749,0.17456851,-0.0091194709,0.0049495307,0.0060789099,0.1779218,-0.02415315,-0.0062524092,0.94447105,-0.16527305,-0.28400573,1.8587656,-0.17323602,0
36,4700,2.350000,20,1.5713418,0.97720624,0.19598656,0.9367872,-0.05785141,-0.0041792291,-0.051341107,-0.080490812,-0.10218298,-0.046977029,-0.036949018,0.99124768,-0.12673909,1.6978772,1.6080543,0
36,4700,2.350000,21,1.5713418,1.077518,0.5286936,1.3917892,0.1178979,-0.05991808,0.017073482,0.02819832,-0.14723537,-0.11063072,-0.081980729,0.58935098,-0.80370677,2.5042952,1.7090128,0
36,4700,2.350000,22,1.5713418,1.4097378,0.15309309,1.2369343,0.051015804,-0.13550744,-0.18643098,0.0059916942,0.11960591,0.059722284,0.14345438,-0.10618352,-0.98394405,2.9621541,-0.63719319,0
36,4700,2.350000,23,1.5713418,1.3891718,0.6120964,0.97394275,-0.021944039,-0.00099039926,-0.0037729267,0.16869074,-0.23480532,0.16408551,-0.80854793,0.29865425,-0.50700678,2.1025049,2.787766,0
36,4700,2.350000,24,1.5713418,1.0122885,1.0584117,0.18682384,0.075824215,0.133723,0.0066075664,-0.02955468,0.12724162,0.062384479,0.54846299,0.35141341,0.75874697,0.70940901,0.56982665,0
36,4700,2.350000,25,1.5713418,0.91547387,1.4165329,0.5869405,-0.076018562,0.026347285,0.0069380934,-0.031541718,-0.035185064,-0.033305606,0.5900511,-0.33674318,0.73378725,0.74691645,-0.51859801,0
36,4700,2.350000,26,1.5713418,1.3782555,0.97673171,0.57166873,-0.0011659754,-0.0058488763,-0.0081082913,0.26087868,-0.091883289,0.015809051,-0.84964288,0.2632847,0.45693341,1.0962517,2.8410993,0
36,4700,2.350000,27,1.5713418,1.3709987,1.4338583,0.27297649,0.033321597,0.12287278,0.11878833,-0.076727086,0.081094023,-0.0042937725,0.59050219,-0.16867687,0.78921181,0.66127183,-0.2782401,0
36,4700,2.350000,28,1.5713418,1.0070871,0.98175405,0.98102692,0.015260273,-0.030622774,-0.0079997588,0.11224369,-0.022941728,-0.014016705,-0.50418477,-0.84456566,0.18029575,1.3895092,-2.1089888,0
36,4700,2.350000,29,1.5713418,1.0250349,1.4366454,1.3859002,0.052522514,0.0086501032,0.019624172,-0.04855558,-0.092305511,0.16629594,0.30694715,0.065782962,-0.94945039,2.8222768,0.21112004,0
36,4700,2.350000,30,1.5713418,1.3405894,0.95413321,1.4030582,0.047752332,-0.017412952,-0.028076529,0.039784128,-0.1071714,0.03854316,0.95311439,-0.18280936,-0.24115077,1.8143478,-0.1895007,0
36,4700,2.350000,31,1.5713418,1.4017052,1.4310642,0.88340404,-0.012191293,0.11766912,-0.1493763,0.04242779,-0.016600828,-0.010193965,0.11591737,0.18126286,-0.9765792,2.9247388,1.0018388,0
37,4800,2.400000,0,1.5713418,0.1954724,0.28584231,0.15871247,-0.040597022,0.10048217,-0.097528605,0.030914168,-0.15448994,0.048062193,-0.9722325,0.17099471,-0.15976475,1.7312487,2.9674948,0
37,4800,2.400000,1,1.5713418,0.25261356,0.63587592,0.54023219,0.070188133,0.054264612,-0.054425354,-0.16101626,0.077123156,0.23687974,0.9550467,0.17379074,-0.24017197,1.8133393,0.18000136,0
37,4800,2.400000,2,1.5713418,0.52251675,0.1675975,0.60996356,-0.13092494,0.020413991,-0.012231063,0.17507964,0.1488649,-0.32906486,0.7062436,0.69801458,-0.11830309,1.6893771,0.77953818,0
37,4800,2.400000,3,1.5713418,0.66735087,0.59813671,0.16300379,0.12574032,0.00691488,-0.013870411,0.060791293,0.034303813,0.17890862,0.045616354,0.78478888,0.61808217,0.90449561,1.512736,0
37,4800,2.400000,4,1.5713418,0.16808033,0.27604902,1.0429411,0.023160017,0.092370167,0.10230372,-0.027001123,-0.045201977,0.16651655,-0.44126681,0.77546644,-0.45159207,2.0393452,2.0881355,0
37,4800,2.400000,5,1.5713418,0.22807973,0.71482078,1.4011644,0.050756824,0.093331844,0.055869307,0.18659343,-0.082209486,0.1247433,0.16896233,-0.67923105,-0.71421069,2.3662921,-1.3269895,0
37,4800,2.400000,6,1.5713418,0.61413286,0.22972793,1.4075395,0.040416252,0.0071650144,0.1362735,0.1006538,0.0088316203,0.068616177,0.64106501,-0.66495156,-0.38324284,1.964101,-0.80368574,0
37,4800,2.400000,7,1.5713418,0.58460531,0.6123882,0.98942084,0.001341999,-0.017429546,0.027498278,-0.18666871,-0.046879665,0.12079159,0.82526897,-0.13256164,0.54896132,0.98967526,-0.15926792,0
37,4800,2.400000,8,1.5713418,0.20938279,0.94041006,0.15811664,-0.0055311496,-0.068604989,-0.070013568,0.17633568,0.11645232,-0.21093199,-0.32705526,-0.86296451,-0.38513259,1.9661478,-1.9330608,0
37,4800,2.400000,9,1.5713418,0.18352587,1.3331989,0.57621442,0.0022350087,-0.097031438,-0.052032182,0.076985787,0.15163694,0.15914882,0.76612795,-0.54885735,-0.3343704,1.9117334,-0.62165092,0
37,4800,2.400000,10,1.5713418,0.60393403,1.016425,0.55694008,0.020298742,0.031200393,-0.018043042,0.1003696,0.16150625,0.029663865,-0.039117243,-0.041740624,-0.99836244,3.0843562,-2.3237615,0
37,4800,2.400000,11,1.5713418,0.55694968,1.426644,0.1411718,-0.069127531,0.032251107,-0.034812557,-0.29373966,-0.073751094,0.1493044,-0.94292424,-0.23482712,-0.23611459,1.8091618,-2.8975165,0
37,4800,2.400000,12,1.5713418,0.17511528,0.98280724,0.96125617,-0.010312734,-0.0079797715,0.0004449375,-0.101341,0.04357811,-0.058156408,0.36697304,0.86467573,0.34302576,1.2206601,1.1694294,0
37,4800,2.400000,13,1.5713418,0.3030016,1.3263314,1.4256663,0.17053414,0.074792552,0.021202341,-0.024465255,0.046809277,-0.16941938,0.31167372,0.94456019,-0.10327408,1.6742549,1.2520785,0
37,4800,2.400000,14,1.5713418,0.69742533,0.92261661,1.4190262,0.065475008,-0.069759905,0.047286168,0.073382871,0.14944336,0.11653194,0.096072358,-0.97437208,0.2033941,1.3659731,-1.4725147,0
37,4800,2.400000,15,1.5713418,0.59018318,1.3826502,1.0029681,-0.00029395501,-0.035670727,-0.00077250268,0.18658835,-0.18091379,-0.11504811,-0.39799368,0.50040186,-0.76889467,2.4479069,2.2426943,0
37,4800,2.400000,16,1.5713418,1.0562849,0.18066559,0.23799236,0.12219047,-0.030947035,0.095197611,-0.082018002,-0.14500311,-0.26005381,0.9736723,0.10192137,0.20389773,1.3654587,0.10429745,0
37,4800,2.400000,17,1.5713418,0.99459786,0.62073014,0.58721433,0.016015652,0.03788114,-0.02308338,-0.00039046262,0.12256332,0.093191934,0.7604708,-0.23980756,-0.60347038,2.2186425,-0.30547094,0
37,4800,2.400000,18,1.5713418,1.4167728,0.20928488,0.64207008,0.054423388,0.032261016,0.11211483,-0.11192204,-0.21722168,0.024269385,-0.37049191,-0.90431314,0.21202238,1.3571524,-1.9596318,0
37,4800,2.400000,19,1.5713418,1.3867122,0.62375859,0.1731486,-0.00081291758,0.0043706398,0.0046590005,0.13697563,-0.017494655,-0.023874305,0.9281184,-0.30301385,-0.21628419,1.7888033,-0.31557164,0
37,4800,2.400000,20,1.5713418,0.97128463,0.18995605,0.93442759,-0.063773019,-0.010209737,-0.053700721,-0.11171954,-0.11256882,-0.043389634,0.21390458,0.93003262,-0.29880455,1.8742361,1.3447309,0
37,4800,2.400000,21,1.5713418,1.0770837,0.51997638,1.3859133,0.11746363,-0.068635298,0.011197636,-0.036976195,-0.21167414,-0.077138773,0.11106737,0.52736854,-0.84234581,2.5724175,1.3632231,0
37,4800,2.400000,22,1.5713418,1.4111519,0.15823187,1.2408315,0.052429897,-0.13036866,-0.18253369,0.030322986,0.081420625,0.084618024,0.19497073,-0.099020651,-0.97579779,2.9211364,-0.4699273,0
37,4800,2.400000,23,1.5713418,1.3968851,0.60302652,0.98141249,-0.014230747,-0.010060283,0.00369681,0.10604373,-0.15626941,0.088504834,-0.78891044,0.3728111,-0.48849995,2.0811661,2.7001333,0
37,4800,2.400000,24,1.5713418,1.0105593,1.0630235,0.1892992,0.07409497,0.13833476,0.0090829237,-0.020303359,0.032337991,0.05509654,0.55691001,0.34189744,0.75693948,0.71217938,0.55059099,0
37,4800,2.400000,25,1.5713418,0.91366598,1.4128442,0.58801409,-0.077826455,0.022658556,0.008011676,-0.035582814,-0.080178551,0.039152262,0.65627526,-0.3407792,0.67318075,0.83229457,-0.47893868,0
37,4800,2.400000,26,1.5713418,1.3923334,0.97512496,0.57130612,0.012911956,-0.0074556211,-0.008470907,0.29249175,0.018044987,-0.01471627,-0.84261564,0.13784005,0.52057564,1.0232713,2.979443,0
37,4800,2.400000,27,1.5713418,1.3664314,1.4340199,0.27219189,0.028754252,0.1230343,0.11800372,-0.11742902,-0.10219857,0.0037226844,0.51027793,-0.1473287,0.8472961,0.55992282,-0.28107859,0
37,4800,2.400000,28,1.5713418,1.0113787,0.98273585,0.98070443,0.019551874,-0.02964098,-0.0083222522,0.07601976,0.05497119,-0.00044798789,-0.57754248,-0.80686317,0.12416323,1.4463118,-2.1920395,0
37,4800,2.400000,29,1.5713418,1.0217894,1.4300256,1.3886368,0.049277058,0.0020302988,0.022360709,-0.10401285,-0.15522781,-0.064405337,0.37610055,-0.06032682,-0.92461292,2.7508145,-0.15904601,0
37,4800,2.400000,30,1.5713418,1.3437252,0.95068694,1.4055341,0.050888091,-0.02085922,-0.025600554,0.12898526,-0.049777698,0.048127562,0.98701248,-0.017840102,-0.15964994,1.7311324,-0.018072881,0
37,4800,2.400000,31,1.5713418,1.4021902,1.4272367,0.88406971,-0.011706256,0.11384165,-0.14871063,-0.0072665184,-0.12108093,-0.018187549,0.19263953,0.17086593,-0.96627887,2.8811608,0.72557068,0
38,4900,2.450000,0,1.5713418,0.19979215,0.27865428,0.16001569,-0.036277271,0.093294145,-0.096225379,0.1385497,-0.13857549,0.020930325,-0.9738945,0.21510497,-0.07252145,1.6433815,2.9242118,0
38,4900,2.450000,1,1.5713418,0.24446558,0.63889222,0.55261352,0.062040157,0.05728092,-0.042044019,-0.17263012,0.011754321,0.20440119,0.96773341,0.18614106,-0.16983389,1.7414574,0.19002663,0
38,4900,2.450000,2,1.5713418,0.53048402,0.17530761,0.59434647,-0.12295767,0.028124102,-0.027848157,0.1695095,0.15653341,-0.28720109,0.71611399,0.69745339,0.02719428,1.5435987,0.77219786,0
38,4900,2.450000,3,1.5713418,0.67145103,0.59844816,0.17282155,0.12984048,0.0072263254,-0.0040526534,0.10692973,-0.047209354,0.18804383,-0.057011289,0.84135808,0.53746283,1.0033708,1.6384539,0
38,4900,2.450000,4,1.5713418,0.16602896,0.2730831,1.0512416,0.021108644,0.089404247,0.11060417,-0.026840281,-0.055207615,0.16619344,-0.39756054,0.70667763,-0.58527972,2.1960213,2.0832442,0
38,4900,2.450000,5,1.5713418,0.23326293,0.70808808,1.403864,0.055940026,0.086599147,0.05856884,0.048763138,-0.14006966,-0.012528968,0.11508429,-0.78737131,-0.60564183,2.2213685,-1.4256614,0
38,4900,2.450000,6,1.5713418,0.61602264,0.23159637,1.4100744,0.042306036,0.0090334547,0.13880842,-0.03459619,0.017226281,0.033164442,0.71119769,-0.60512883,-0.35779455,1.9367014,-0.70499245,0
38,4900,2.450000,7,1.5713418,0.57851656,0.60974303,0.99360026,-0.0047467537,-0.020074715,0.031677699,-0.045923451,-0.018853597,0.0488006,0.88225,-0.014704108,0.47055151,1.0808806,-0.016665058,0
38,4900,2.450000,8,1.5713418,0.21980456,0.94625177,0.14647011,0.0048906227,-0.062763277,-0.081660094,0.22012879,0.12452798,-0.186092,-0.45202454,-0.83073016,-0.32490185,1.9017043,-2.069121,0
38,4900,2.450000,9,1.5713418,0.18812711,1.3423419,0.58483174,0.0068362465,-0.087888393,-0.04341486,0.093552333,0.20758721,0.17720547,0.7206858,-0.60104402,-0.34548236,1.9235491,-0.6951251,0
38,4900,2.450000,10,1.5713418,0.61283419,1.0245152,0.56197684,0.029198906,0.039290562,-0.013006286,0.22387042,0.11091301,0.14266472,-0.12533963,-0.024388913,-0.99181407,3.0135527,-2.9494115,0
38,4900,2.450000,11,1.5713418,0.54295637,1.4202884,0.15401726,-0.083120838,0.025895424,-0.021967098,-0.29423927,-0.15833194,0.31841622,-0.85839399,-0.33778435,-0.38608482,1.9671799,-2.7666959,0
38,4900,2.450000,12,1.5713418,0.1708231,0.98715595,0.95960033,-0.014604907,-0.0036310601,-0.0012109038,-0.086552301,0.095949502,-0.025956287,0.40464551,0.84392796,0.35220393,1.2108714,1.1237001,0
38,4900,2.450000,13,1.5713418,0.30034476,1.3292058,1.4188244,0.1678773,0.077666922,0.014360412,-0.12581178,0.071791018,-0.16010213,0.19302172,0.95013218,-0.24493152,1.8182454,1.3703714,0
38,4900,2.450000,14,1.5713418,0.70395684,0.93339588,1.4248812,0.072006519,-0.058980628,0.053141139,0.1654413,0.26871951,0.10170954,-0.022241897,-0.95662237,0.29048054,1.2760673,-1.5940426,0
38,4900,2.450000,15,1.5713418,0.59884679,1.3725879,0.99545281,0.0083696626,-0.045733054,-0.0082878169,0.1679742,-0.20264015,-0.18345493,-0.31585244,0.46135452,-0.82908941,2.5482734,2.1711253,0
38,4900,2.450000,16,1.5713418,1.0512399,0.17393987,0.22434811,0.11714545,-0.037672754,0.081553365,-0.093532755,-0.11415957,-0.26549224,0.9062169,0.33528078,0.25759995,1.3102588,0.35436102,0
38,4900,2.450000,17,1.5713418,0.99326592,0.62428455,0.59224655,0.014683712,0.041435543,-0.018051155,-0.024357187,0.036565624,0.11389023,0.72976703,-0.12905038,-0.67140605,2.3069008,-0.17502827,0
38,4900,2.450000,18,1.5713418,1.4116975,0.19830933,0.64090903,0.049348096,0.021285459,0.11095378,-0.089251353,-0.23693969,-0.08913036,-0.37291978,-0.91598822,0.1479744,1.4222765,-1.957428,0
38,4900,2.450000,19,1.5713418,1.3897315,0.62195719,0.17348933,0.0022063106,0.0025692389,0.0049997263,0.023075209,-0.059066641,-0.0047805773,0.89410997,-0.43650828,-0.10013931,1.6711038,-0.45416655,0
38,4900,2.450000,20,1.5713418,0.96350866,0.18531016,0.93288134,-0.071548986,-0.014855627,-0.055246966,-0.15601838,-0.096917084,0.0044941815,0.47997512,0.76912359,-0.42198671,2.0064319,1.0128771,0
38,4900,2.450000,21,1.5713418,1.0706095,0.50986569,1.3802662,0.11098937,-0.078745991,0.0055504869,-0.20623836,-0.18273266,-0.10112145,0.21630589,0.46594944,-0.85796438,2.6020902,1.1361752,0
38,4900,2.450000,22,1.5713418,1.4146139,0.1592632,1.2470588,0.055891883,-0.12933733,-0.17630647,0.12262166,-0.080387159,0.13430952,0.25874485,-0.13483787,-0.95648829,2.8455151,-0.4804028,0
38,4900,2.450000,23,1.5713418,1.3997339,0.59987349,0.98459241,-0.011381961,-0.013213304,0.006876734,-0.014656114,0.013583214,0.013671571,-0.77012211,0.39426232,-0.50146701,2.0960899,2.6684326,0
38,4900,2.450000,24,1.5713418,1.0079698,1.0645646,0.1904979,0.071505471,0.13987589,0.010281623,-0.11470026,0.0346381,0.040041595,0.57649609,0.27132644,0.77073615,0.6908006,0.43989109,0
38,4900,2.450000,25,1.5713418,0.91486998,1.4100956,0.59375344,-0.076622452,0.019910039,0.013751027,0.097544198,-0.054572333,0.13684596,0.69396916,-0.33365802,0.63802753,0.87886239,-0.44816721,0
38,4900,2.450000,26,1.5713418,1.401552,0.9761683,0.57059267,0.022130522,-0.0064122865,-0.0091843499,0.039911187,0.042848998,-0.017819879,-0.78038434,0.045411981,0.62364897,0.8973943,3.0834664,0
38,4900,2.450000,27,1.5713418,1.363336,1.4278602,0.27248314,0.025658819,0.11687461,0.11829498,-0.037553433,-0.09880132,0.027017871,0.40054062,-0.10158283,0.91063063,0.4259887,-0.24837745,0
38,4900,2.450000,28,1.5713418,1.0161148,0.98690191,0.98167084,0.024287974,-0.02547492,-0.0073558398,0.10427936,0.12746617,0.012830147,-0.6474019,-0.76175332,0.024549099,1.5462448,-2.275223,0
38,4900,2.450000,29,1.5713418,1.0157544,1.420588,1.383696,0.043242003,-0.0074072429,0.017419903,-0.13065052,-0.19227304,-0.11840835,0.43876534,-0.19954618,-0.87616568,2.6386452,-0.42683031,0
38,4900,2.450000,30,1.5713418,1.3510678,0.95003,1.4061986,0.058230762,-0.021516159,-0.024936082,0.17652535,0.034239449,-0.032180257,0.98766679,0.10752381,-0.11381104,1.6848545,0.10843942,0
38,4900,2.450000,31,1.5713418,1.4017316,1.4210685,0.88501323,-0.012164843,0.10767343,-0.14776711,-0.0038616462,-0.13139128,0.021681692,0.27201464,0.13565766,-0.95268307,2.8327404,0.46261874,0
39,5000,2.500000,0,1.5713418,0.20695,0.27290648,0.16251235,-0.029119421,0.08754634,-0.093728719,0.10389929,-0.08142733,0.033982215,-0.96103858,0.27114041,0.053737483,1.5170329,2.8666074,0
39,5000,2.500000,1,1.5713418,0.23598157,0.63591125,0.55991673,0.053556149,0.05429995,-0.034740812,-0.19086028,-0.11682269,0.092314481,0.96752997,0.23729822,-0.087036226,1.6579428,0.24051431,0
39,5000,2.500000,2,1.5713418,0.540708,0.18481798,0.57962175,-0.11273368,0.037634474,-0.042572871,0.22400031,0.19929039,-0.28347401,0.76605538,0.63377702,0.10717203,1.4634181,0.69118208,0
39,5000,2.500000,3,1.5713418,0.67612696,0.59711992,0.1809224,0.13451641,0.0058980888,0.0040482024,0.057567758,-0.031761723,0.14621015,-0.20103663,0.86175326,0.46579566,1.0862628,1.7999852,0
39,5000,2.500000,4,1.5713418,0.16809148,0.26922439,1.0582836,0.023171158,0.085545538,0.11764617,0.080740743,-0.1107093,0.13095648,-0.35394522,0.6194012,-0.70076025,2.3472589,2.0899445,0
39,5000,2.500000,5,1.5713418,0.23427077,0.70246554,1.4032436,0.056947865,0.080976608,0.057948488,0.00011342602,-0.10105229,0.0030601102,0.035145741,-0.88419409,-0.46579565,2.0553299,-1.5310683,0
39,5000,2.500000,6,1.5713418,0.61505465,0.23077914,1.4128076,0.041338044,0.0082162239,0.14154157,0.027168656,-0.05545746,0.052911937,0.73087056,-0.58349625,-0.35406264,1.9327079,-0.67373882,0
39,5000,2.500000,7,1.5713418,0.57782312,0.60807896,0.99577619,-0.0054401876,-0.021738783,0.03385363,0.059237451,-0.04804554,0.041447076,0.92147904,0.031833287,0.38712146,1.1732888,0.034532129,0
39,5000,2.500000,8,1.5713418,0.22882777,0.95102951,0.1415167,0.013913836,-0.057985531,-0.086613509,0.1535309,0.022877577,-0.00013610008,-0.57261741,-0.80007877,-0.17883864,1.7506023,-2.1919825,0
39,5000,2.500000,9,1.5713418,0.19259634,1.3547316,0.59304319,0.011305474,-0.075498739,-0.035203413,0.045597575,0.27056872,0.17307898,0.67322167,-0.64144396,-0.3678617,1.9475048,-0.76123117,0
39,5000,2.500000,10,1.5713418,0.62413464,1.0280426,0.56898502,0.040499355,0.04281798,-0.0059981034,0.19665537,0.049192177,0.12565771,-0.18746307,0.00053529512,-0.98227151,2.9530131,3.1387372,0
39,5000,2.500000,11,1.5713418,0.52863426,1.4128636,0.16989112,-0.097442942,0.018470661,-0.0060932406,-0.248959,-0.14881373,0.30359543,-0.77436253,-0.41288156,-0.47947001,2.070847,-2.6517477,0
39,5000,2.500000,12,1.5713418,0.16877579,0.99239789,0.96169196,-0.016652222,0.0016108757,0.0008807189,-0.018268815,0.10344108,0.058600792,0.44121514,0.83885394,0.31883109,1.2463004,1.0865863,0
39,5000,2.500000,13,1.5713418,0.29514546,1.334214,1.4139767,0.162678,0.082675109,0.0095127147,-0.10087511,0.091704107,-0.054964782,0.035668196,0.93532413,-0.35198941,1.930492,1.5326802,0
39,5000,2.500000,14,1.5713418,0.71367089,0.94679874,1.4261552,0.081720563,-0.045577776,0.054415144,0.23550519,0.27170651,-0.059437548,-0.17663758,-0.93087097,0.31980995,1.2452674,-1.758322,0
39,5000,2.500000,15,1.5713418,0.60631134,1.3637238,0.9861761,0.015834209,-0.054597152,-0.017564524,0.10647749,-0.14602577,-0.14349824,-0.31979684,0.43379562,-0.84234871,2.5724229,2.206059,0
39,5000,2.500000,16,1.5713418,1.0464101,0.16986853,0.20975033,0.11231568,-0.041744086,0.066955587,-0.072299905,-0.050980325,-0.28150549,0.78383018,0.53796088,0.3101747,1.2554195,0.60148784,0
39,5000,2.500000,17,1.5713418,0.99047919,0.62506222,0.59707555,0.011896977,0.042213215,-0.013222153,-0.074333185,-0.039802234,0.07629269,0.70313201,0.017424452,-0.71084581,2.3614963,0.024776125,0
39,5000,2.500000,18,1.5713418,1.4072103,0.18547982,0.63610692,0.044860894,0.0084559475,0.10615167,-0.05460024,-0.24528514,-0.10187823,-0.39196492,-0.91444894,0.1007305,1.4698947,-1.9757419,0
39,5000,2.500000,19,1.5713418,1.3896422,0.62079847,0.17521169,0.0021170186,0.0014105156,0.0067220827,-0.014621738,-0.0050077818,0.044815271,0.81102835,-0.58309244,0.047288798,1.5234899,-0.62333412,0
39,5000,2.500000,20,1.5713418,0.95426583,0.18083612,0.9356886,-0.080791813,-0.019329673,-0.05243971,-0.22826737,-0.084792926,0.062443578,0.70219005,0.5172046,-0.48931435,2.0820997,0.63484341,0
39,5000,2.500000,21,1.5713418,1.0578395,0.50133786,1.3750605,0.0982194,-0.087273814,0.00034480171,-0.30544739,-0.16913619,-0.083430297,0.22767422,0.37073237,-0.900401,2.6914867,1.020059,0
39,5000,2.500000,22,1.5713418,1.4198767,0.15404017,1.2526835,0.06115473,-0.13456036,-0.17068176,0.084025588,-0.10643274,0.086872287,0.28868547,-0.16219473,-0.94358549,2.8040928,-0.51188713,0
39,5000,2.500000,23,1.5713418,1.3966581,0.60273155,0.98295535,-0.014457737,-0.010355248,0.0052396712,-0.09404032,0.11413955,-0.085481263,-0.73511637,0.38048777,-0.56109979,2.1665102,2.6639735,0
39,5000,2.500000,24,1.5713418,1.0007711,1.0634625,0.1902712,0.064306778,0.13877376,0.010054925,-0.20537026,-0.085583474,0.0051502751,0.56802106,0.12878942,0.81287475,0.62172536,0.22296382,0
39,5000,2.500000,25,1.5713418,0.9201292,1.4103736,0.59901369,-0.07136323,0.020188032,0.019011276,0.16847261,0.041557196,0.078450536,0.71801037,-0.36856669,0.59044026,0.9391921,-0.4742441,0
39,5000,2.500000,26,1.5713418,1.3996143,0.9797472,0.56928908,0.020192865,-0.0028333826,-0.010487948,-0.050976533,0.072517856,-0.032716689,-0.61536283,-0.048881032,0.78672691,0.66530765,-3.0623246,0
39,5000,2.500000,27,1.5713418,1.3612733,1.4258953,0.27325144,0.023596126,0.11490971,0.11906327,-0.038066798,-0.0075131048,0.02480786,0.31698173,-0.099167927,0.9432329,0.33856304,-0.30320425,0
39,5000,2.500000,28,1.5713418,1.0206964,0.9949792,0.98472089,0.028869566,-0.01739763,-0.0043057855,0.090997991,0.21062517,0.075877408,-0.70120315,-0.71149474,-0.045709677,1.6165219,-2.3489096,0
39,5000,2.500000,29,1.5713418,1.0097516,1.4109184,1.3773712,0.037239232,-0.017076903,0.011095123,-0.092533937,-0.20460152,-0.11517853,0.48927866,-0.31147328,-0.81461082,2.5228542,-0.56689524,0
39,5000,2.500000,30,1.5713418,1.3598934,0.95105746,1.4021006,0.067056372,-0.020488697,-0.029034066,0.15116445,0.037151571,-0.13472589,0.98462167,0.16076778,-0.068365915,1.6392156,0.16185051,0
39,5000,2.500000,31,1.5713418,1.4036664,1.414786,0.88667547,-0.010230087,0.10139091,-0.14610487,0.048874505,-0.14097818,0.0033848665,0.34652106,0.11984201,-0.93035533,2.7661771,0.33296702,0
